ac_no,ac_name,total_electors,polling_station,candidate,votes,total_valid_votes,rejected_votes,nota_votes,total_votes_cast,source_pdf
34,,,1,TAPAN DEB SINGHA,267,627.0,0.0,9.0,636.0,34_Form20.pdf
34,,,1,PRAVASH SARKAR,8,627.0,0.0,9.0,636.0,34_Form20.pdf
34,,,1,SOUMEN ROY,331,627.0,0.0,9.0,636.0,34_Form20.pdf
34,,,1,GOPAL CHUNARY,2,627.0,0.0,9.0,636.0,34_Form20.pdf
34,,,1,NAMALA KANTA SARKAR,1,627.0,0.0,9.0,636.0,34_Form20.pdf
34,,,1,ALEN SARKAR,1,627.0,0.0,9.0,636.0,34_Form20.pdf
34,,,1,Dilip Chandra Ray,3,627.0,0.0,9.0,636.0,34_Form20.pdf
34,,,1,SHYAMA SARKAR,4,627.0,0.0,9.0,636.0,34_Form20.pdf
34,,,1,SUDHIR SARKAR,4,627.0,0.0,9.0,636.0,34_Form20.pdf
34,,,1,SURESH BARMAN,6,627.0,0.0,9.0,636.0,34_Form20.pdf
34,,,2,TAPAN DEB SINGHA,311,720.0,0.0,12.0,732.0,34_Form20.pdf
34,,,2,PRAVASH SARKAR,20,720.0,0.0,12.0,732.0,34_Form20.pdf
34,,,2,SOUMEN ROY,362,720.0,0.0,12.0,732.0,34_Form20.pdf
34,,,2,GOPAL CHUNARY,6,720.0,0.0,12.0,732.0,34_Form20.pdf
34,,,2,NAMALA KANTA SARKAR,2,720.0,0.0,12.0,732.0,34_Form20.pdf
34,,,2,ALEN SARKAR,1,720.0,0.0,12.0,732.0,34_Form20.pdf
34,,,2,Dilip Chandra Ray,3,720.0,0.0,12.0,732.0,34_Form20.pdf
34,,,2,SHYAMA SARKAR,0,720.0,0.0,12.0,732.0,34_Form20.pdf
34,,,2,SUDHIR SARKAR,13,720.0,0.0,12.0,732.0,34_Form20.pdf
34,,,2,SURESH BARMAN,2,720.0,0.0,12.0,732.0,34_Form20.pdf
34,,,3,TAPAN DEB SINGHA,270,600.0,0.0,9.0,609.0,34_Form20.pdf
34,,,3,PRAVASH SARKAR,10,600.0,0.0,9.0,609.0,34_Form20.pdf
34,,,3,SOUMEN ROY,309,600.0,0.0,9.0,609.0,34_Form20.pdf
34,,,3,GOPAL CHUNARY,2,600.0,0.0,9.0,609.0,34_Form20.pdf
34,,,3,NAMALA KANTA SARKAR,0,600.0,0.0,9.0,609.0,34_Form20.pdf
34,,,3,ALEN SARKAR,0,600.0,0.0,9.0,609.0,34_Form20.pdf
34,,,3,Dilip Chandra Ray,3,600.0,0.0,9.0,609.0,34_Form20.pdf
34,,,3,SHYAMA SARKAR,3,600.0,0.0,9.0,609.0,34_Form20.pdf
34,,,3,SUDHIR SARKAR,2,600.0,0.0,9.0,609.0,34_Form20.pdf
34,,,3,SURESH BARMAN,1,600.0,0.0,9.0,609.0,34_Form20.pdf
34,,,3(A),TAPAN DEB SINGHA,291,547.0,0.0,11.0,558.0,34_Form20.pdf
34,,,3(A),PRAVASH SARKAR,32,547.0,0.0,11.0,558.0,34_Form20.pdf
34,,,3(A),SOUMEN ROY,206,547.0,0.0,11.0,558.0,34_Form20.pdf
34,,,3(A),GOPAL CHUNARY,4,547.0,0.0,11.0,558.0,34_Form20.pdf
34,,,3(A),NAMALA KANTA SARKAR,1,547.0,0.0,11.0,558.0,34_Form20.pdf
34,,,3(A),ALEN SARKAR,1,547.0,0.0,11.0,558.0,34_Form20.pdf
34,,,3(A),Dilip Chandra Ray,0,547.0,0.0,11.0,558.0,34_Form20.pdf
34,,,3(A),SHYAMA SARKAR,3,547.0,0.0,11.0,558.0,34_Form20.pdf
34,,,3(A),SUDHIR SARKAR,7,547.0,0.0,11.0,558.0,34_Form20.pdf
34,,,3(A),SURESH BARMAN,2,547.0,0.0,11.0,558.0,34_Form20.pdf
34,,,4,TAPAN DEB SINGHA,227,429.0,0.0,2.0,431.0,34_Form20.pdf
34,,,4,PRAVASH SARKAR,5,429.0,0.0,2.0,431.0,34_Form20.pdf
34,,,4,SOUMEN ROY,188,429.0,0.0,2.0,431.0,34_Form20.pdf
34,,,4,GOPAL CHUNARY,2,429.0,0.0,2.0,431.0,34_Form20.pdf
34,,,4,NAMALA KANTA SARKAR,0,429.0,0.0,2.0,431.0,34_Form20.pdf
34,,,4,ALEN SARKAR,0,429.0,0.0,2.0,431.0,34_Form20.pdf
34,,,4,Dilip Chandra Ray,0,429.0,0.0,2.0,431.0,34_Form20.pdf
34,,,4,SHYAMA SARKAR,0,429.0,0.0,2.0,431.0,34_Form20.pdf
34,,,4,SUDHIR SARKAR,6,429.0,0.0,2.0,431.0,34_Form20.pdf
34,,,4,SURESH BARMAN,1,429.0,0.0,2.0,431.0,34_Form20.pdf
34,,,4(A),TAPAN DEB SINGHA,261,560.0,0.0,12.0,572.0,34_Form20.pdf
34,,,4(A),PRAVASH SARKAR,10,560.0,0.0,12.0,572.0,34_Form20.pdf
34,,,4(A),SOUMEN ROY,269,560.0,0.0,12.0,572.0,34_Form20.pdf
34,,,4(A),GOPAL CHUNARY,2,560.0,0.0,12.0,572.0,34_Form20.pdf
34,,,4(A),NAMALA KANTA SARKAR,1,560.0,0.0,12.0,572.0,34_Form20.pdf
34,,,4(A),ALEN SARKAR,1,560.0,0.0,12.0,572.0,34_Form20.pdf
34,,,4(A),Dilip Chandra Ray,2,560.0,0.0,12.0,572.0,34_Form20.pdf
34,,,4(A),SHYAMA SARKAR,3,560.0,0.0,12.0,572.0,34_Form20.pdf
34,,,4(A),SUDHIR SARKAR,6,560.0,0.0,12.0,572.0,34_Form20.pdf
34,,,4(A),SURESH BARMAN,5,560.0,0.0,12.0,572.0,34_Form20.pdf
34,,,5,TAPAN DEB SINGHA,339,837.0,0.0,9.0,846.0,34_Form20.pdf
34,,,5,PRAVASH SARKAR,19,837.0,0.0,9.0,846.0,34_Form20.pdf
34,,,5,SOUMEN ROY,457,837.0,0.0,9.0,846.0,34_Form20.pdf
34,,,5,GOPAL CHUNARY,5,837.0,0.0,9.0,846.0,34_Form20.pdf
34,,,5,NAMALA KANTA SARKAR,0,837.0,0.0,9.0,846.0,34_Form20.pdf
34,,,5,ALEN SARKAR,0,837.0,0.0,9.0,846.0,34_Form20.pdf
34,,,5,Dilip Chandra Ray,1,837.0,0.0,9.0,846.0,34_Form20.pdf
34,,,5,SHYAMA SARKAR,1,837.0,0.0,9.0,846.0,34_Form20.pdf
34,,,5,SUDHIR SARKAR,10,837.0,0.0,9.0,846.0,34_Form20.pdf
34,,,5,SURESH BARMAN,5,837.0,0.0,9.0,846.0,34_Form20.pdf
34,,,6,TAPAN DEB SINGHA,174,390.0,0.0,4.0,394.0,34_Form20.pdf
34,,,6,PRAVASH SARKAR,8,390.0,0.0,4.0,394.0,34_Form20.pdf
34,,,6,SOUMEN ROY,199,390.0,0.0,4.0,394.0,34_Form20.pdf
34,,,6,GOPAL CHUNARY,2,390.0,0.0,4.0,394.0,34_Form20.pdf
34,,,6,NAMALA KANTA SARKAR,0,390.0,0.0,4.0,394.0,34_Form20.pdf
34,,,6,ALEN SARKAR,0,390.0,0.0,4.0,394.0,34_Form20.pdf
34,,,6,Dilip Chandra Ray,1,390.0,0.0,4.0,394.0,34_Form20.pdf
34,,,6,SHYAMA SARKAR,1,390.0,0.0,4.0,394.0,34_Form20.pdf
34,,,6,SUDHIR SARKAR,4,390.0,0.0,4.0,394.0,34_Form20.pdf
34,,,6,SURESH BARMAN,1,390.0,0.0,4.0,394.0,34_Form20.pdf
34,,,7,TAPAN DEB SINGHA,272,552.0,0.0,13.0,565.0,34_Form20.pdf
34,,,7,PRAVASH SARKAR,13,552.0,0.0,13.0,565.0,34_Form20.pdf
34,,,7,SOUMEN ROY,248,552.0,0.0,13.0,565.0,34_Form20.pdf
34,,,7,GOPAL CHUNARY,3,552.0,0.0,13.0,565.0,34_Form20.pdf
34,,,7,NAMALA KANTA SARKAR,0,552.0,0.0,13.0,565.0,34_Form20.pdf
34,,,7,ALEN SARKAR,1,552.0,0.0,13.0,565.0,34_Form20.pdf
34,,,7,Dilip Chandra Ray,1,552.0,0.0,13.0,565.0,34_Form20.pdf
34,,,7,SHYAMA SARKAR,1,552.0,0.0,13.0,565.0,34_Form20.pdf
34,,,7,SUDHIR SARKAR,9,552.0,0.0,13.0,565.0,34_Form20.pdf
34,,,7,SURESH BARMAN,4,552.0,0.0,13.0,565.0,34_Form20.pdf
34,,,7(A),TAPAN DEB SINGHA,246,553.0,0.0,5.0,558.0,34_Form20.pdf
34,,,7(A),PRAVASH SARKAR,40,553.0,0.0,5.0,558.0,34_Form20.pdf
34,,,7(A),SOUMEN ROY,258,553.0,0.0,5.0,558.0,34_Form20.pdf
34,,,7(A),GOPAL CHUNARY,0,553.0,0.0,5.0,558.0,34_Form20.pdf
34,,,7(A),NAMALA KANTA SARKAR,1,553.0,0.0,5.0,558.0,34_Form20.pdf
34,,,7(A),ALEN SARKAR,0,553.0,0.0,5.0,558.0,34_Form20.pdf
34,,,7(A),Dilip Chandra Ray,1,553.0,0.0,5.0,558.0,34_Form20.pdf
34,,,7(A),SHYAMA SARKAR,2,553.0,0.0,5.0,558.0,34_Form20.pdf
34,,,7(A),SUDHIR SARKAR,5,553.0,0.0,5.0,558.0,34_Form20.pdf
34,,,7(A),SURESH BARMAN,0,553.0,0.0,5.0,558.0,34_Form20.pdf
34,,,8,TAPAN DEB SINGHA,274,572.0,0.0,10.0,582.0,34_Form20.pdf
34,,,8,PRAVASH SARKAR,3,572.0,0.0,10.0,582.0,34_Form20.pdf
34,,,8,SOUMEN ROY,276,572.0,0.0,10.0,582.0,34_Form20.pdf
34,,,8,GOPAL CHUNARY,1,572.0,0.0,10.0,582.0,34_Form20.pdf
34,,,8,NAMALA KANTA SARKAR,2,572.0,0.0,10.0,582.0,34_Form20.pdf
34,,,8,ALEN SARKAR,3,572.0,0.0,10.0,582.0,34_Form20.pdf
34,,,8,Dilip Chandra Ray,1,572.0,0.0,10.0,582.0,34_Form20.pdf
34,,,8,SHYAMA SARKAR,1,572.0,0.0,10.0,582.0,34_Form20.pdf
34,,,8,SUDHIR SARKAR,10,572.0,0.0,10.0,582.0,34_Form20.pdf
34,,,8,SURESH BARMAN,1,572.0,0.0,10.0,582.0,34_Form20.pdf
34,,,9,TAPAN DEB SINGHA,370,742.0,0.0,6.0,748.0,34_Form20.pdf
34,,,9,PRAVASH SARKAR,9,742.0,0.0,6.0,748.0,34_Form20.pdf
34,,,9,SOUMEN ROY,348,742.0,0.0,6.0,748.0,34_Form20.pdf
34,,,9,GOPAL CHUNARY,8,742.0,0.0,6.0,748.0,34_Form20.pdf
34,,,9,NAMALA KANTA SARKAR,0,742.0,0.0,6.0,748.0,34_Form20.pdf
34,,,9,ALEN SARKAR,0,742.0,0.0,6.0,748.0,34_Form20.pdf
34,,,9,Dilip Chandra Ray,1,742.0,0.0,6.0,748.0,34_Form20.pdf
34,,,9,SHYAMA SARKAR,0,742.0,0.0,6.0,748.0,34_Form20.pdf
34,,,9,SUDHIR SARKAR,6,742.0,0.0,6.0,748.0,34_Form20.pdf
34,,,9,SURESH BARMAN,0,742.0,0.0,6.0,748.0,34_Form20.pdf
34,,,10,TAPAN DEB SINGHA,321,652.0,0.0,7.0,659.0,34_Form20.pdf
34,,,10,PRAVASH SARKAR,61,652.0,0.0,7.0,659.0,34_Form20.pdf
34,,,10,SOUMEN ROY,248,652.0,0.0,7.0,659.0,34_Form20.pdf
34,,,10,GOPAL CHUNARY,3,652.0,0.0,7.0,659.0,34_Form20.pdf
34,,,10,NAMALA KANTA SARKAR,0,652.0,0.0,7.0,659.0,34_Form20.pdf
34,,,10,ALEN SARKAR,0,652.0,0.0,7.0,659.0,34_Form20.pdf
34,,,10,Dilip Chandra Ray,1,652.0,0.0,7.0,659.0,34_Form20.pdf
34,,,10,SHYAMA SARKAR,4,652.0,0.0,7.0,659.0,34_Form20.pdf
34,,,10,SUDHIR SARKAR,9,652.0,0.0,7.0,659.0,34_Form20.pdf
34,,,10,SURESH BARMAN,5,652.0,0.0,7.0,659.0,34_Form20.pdf
34,,,11,TAPAN DEB SINGHA,313,614.0,0.0,13.0,627.0,34_Form20.pdf
34,,,11,PRAVASH SARKAR,35,614.0,0.0,13.0,627.0,34_Form20.pdf
34,,,11,SOUMEN ROY,246,614.0,0.0,13.0,627.0,34_Form20.pdf
34,,,11,GOPAL CHUNARY,3,614.0,0.0,13.0,627.0,34_Form20.pdf
34,,,11,NAMALA KANTA SARKAR,4,614.0,0.0,13.0,627.0,34_Form20.pdf
34,,,11,ALEN SARKAR,1,614.0,0.0,13.0,627.0,34_Form20.pdf
34,,,11,Dilip Chandra Ray,1,614.0,0.0,13.0,627.0,34_Form20.pdf
34,,,11,SHYAMA SARKAR,0,614.0,0.0,13.0,627.0,34_Form20.pdf
34,,,11,SUDHIR SARKAR,8,614.0,0.0,13.0,627.0,34_Form20.pdf
34,,,11,SURESH BARMAN,3,614.0,0.0,13.0,627.0,34_Form20.pdf
34,,,12,TAPAN DEB SINGHA,210,674.0,0.0,3.0,677.0,34_Form20.pdf
34,,,12,PRAVASH SARKAR,118,674.0,0.0,3.0,677.0,34_Form20.pdf
34,,,12,SOUMEN ROY,301,674.0,0.0,3.0,677.0,34_Form20.pdf
34,,,12,GOPAL CHUNARY,3,674.0,0.0,3.0,677.0,34_Form20.pdf
34,,,12,NAMALA KANTA SARKAR,4,674.0,0.0,3.0,677.0,34_Form20.pdf
34,,,12,ALEN SARKAR,2,674.0,0.0,3.0,677.0,34_Form20.pdf
34,,,12,Dilip Chandra Ray,1,674.0,0.0,3.0,677.0,34_Form20.pdf
34,,,12,SHYAMA SARKAR,5,674.0,0.0,3.0,677.0,34_Form20.pdf
34,,,12,SUDHIR SARKAR,29,674.0,0.0,3.0,677.0,34_Form20.pdf
34,,,12,SURESH BARMAN,1,674.0,0.0,3.0,677.0,34_Form20.pdf
34,,,13,TAPAN DEB SINGHA,233,565.0,0.0,9.0,574.0,34_Form20.pdf
34,,,13,PRAVASH SARKAR,42,565.0,0.0,9.0,574.0,34_Form20.pdf
34,,,13,SOUMEN ROY,252,565.0,0.0,9.0,574.0,34_Form20.pdf
34,,,13,GOPAL CHUNARY,0,565.0,0.0,9.0,574.0,34_Form20.pdf
34,,,13,NAMALA KANTA SARKAR,1,565.0,0.0,9.0,574.0,34_Form20.pdf
34,,,13,ALEN SARKAR,3,565.0,0.0,9.0,574.0,34_Form20.pdf
34,,,13,Dilip Chandra Ray,2,565.0,0.0,9.0,574.0,34_Form20.pdf
34,,,13,SHYAMA SARKAR,4,565.0,0.0,9.0,574.0,34_Form20.pdf
34,,,13,SUDHIR SARKAR,21,565.0,0.0,9.0,574.0,34_Form20.pdf
34,,,13,SURESH BARMAN,7,565.0,0.0,9.0,574.0,34_Form20.pdf
34,,,13(A),TAPAN DEB SINGHA,257,566.0,0.0,10.0,576.0,34_Form20.pdf
34,,,13(A),PRAVASH SARKAR,65,566.0,0.0,10.0,576.0,34_Form20.pdf
34,,,13(A),SOUMEN ROY,206,566.0,0.0,10.0,576.0,34_Form20.pdf
34,,,13(A),GOPAL CHUNARY,3,566.0,0.0,10.0,576.0,34_Form20.pdf
34,,,13(A),NAMALA KANTA SARKAR,1,566.0,0.0,10.0,576.0,34_Form20.pdf
34,,,13(A),ALEN SARKAR,0,566.0,0.0,10.0,576.0,34_Form20.pdf
34,,,13(A),Dilip Chandra Ray,2,566.0,0.0,10.0,576.0,34_Form20.pdf
34,,,13(A),SHYAMA SARKAR,0,566.0,0.0,10.0,576.0,34_Form20.pdf
34,,,13(A),SUDHIR SARKAR,27,566.0,0.0,10.0,576.0,34_Form20.pdf
34,,,13(A),SURESH BARMAN,5,566.0,0.0,10.0,576.0,34_Form20.pdf
34,,,14,TAPAN DEB SINGHA,265,734.0,0.0,4.0,738.0,34_Form20.pdf
34,,,14,PRAVASH SARKAR,14,734.0,0.0,4.0,738.0,34_Form20.pdf
34,,,14,SOUMEN ROY,434,734.0,0.0,4.0,738.0,34_Form20.pdf
34,,,14,GOPAL CHUNARY,2,734.0,0.0,4.0,738.0,34_Form20.pdf
34,,,14,NAMALA KANTA SARKAR,2,734.0,0.0,4.0,738.0,34_Form20.pdf
34,,,14,ALEN SARKAR,0,734.0,0.0,4.0,738.0,34_Form20.pdf
34,,,14,Dilip Chandra Ray,0,734.0,0.0,4.0,738.0,34_Form20.pdf
34,,,14,SHYAMA SARKAR,3,734.0,0.0,4.0,738.0,34_Form20.pdf
34,,,14,SUDHIR SARKAR,12,734.0,0.0,4.0,738.0,34_Form20.pdf
34,,,14,SURESH BARMAN,2,734.0,0.0,4.0,738.0,34_Form20.pdf
34,,,15,TAPAN DEB SINGHA,346,569.0,0.0,8.0,577.0,34_Form20.pdf
34,,,15,PRAVASH SARKAR,15,569.0,0.0,8.0,577.0,34_Form20.pdf
34,,,15,SOUMEN ROY,193,569.0,0.0,8.0,577.0,34_Form20.pdf
34,,,15,GOPAL CHUNARY,0,569.0,0.0,8.0,577.0,34_Form20.pdf
34,,,15,NAMALA KANTA SARKAR,0,569.0,0.0,8.0,577.0,34_Form20.pdf
34,,,15,ALEN SARKAR,1,569.0,0.0,8.0,577.0,34_Form20.pdf
34,,,15,Dilip Chandra Ray,0,569.0,0.0,8.0,577.0,34_Form20.pdf
34,,,15,SHYAMA SARKAR,3,569.0,0.0,8.0,577.0,34_Form20.pdf
34,,,15,SUDHIR SARKAR,7,569.0,0.0,8.0,577.0,34_Form20.pdf
34,,,15,SURESH BARMAN,3,569.0,0.0,8.0,577.0,34_Form20.pdf
34,,,16,TAPAN DEB SINGHA,182,523.0,0.0,7.0,530.0,34_Form20.pdf
34,,,16,PRAVASH SARKAR,21,523.0,0.0,7.0,530.0,34_Form20.pdf
34,,,16,SOUMEN ROY,299,523.0,0.0,7.0,530.0,34_Form20.pdf
34,,,16,GOPAL CHUNARY,0,523.0,0.0,7.0,530.0,34_Form20.pdf
34,,,16,NAMALA KANTA SARKAR,0,523.0,0.0,7.0,530.0,34_Form20.pdf
34,,,16,ALEN SARKAR,5,523.0,0.0,7.0,530.0,34_Form20.pdf
34,,,16,Dilip Chandra Ray,4,523.0,0.0,7.0,530.0,34_Form20.pdf
34,,,16,SHYAMA SARKAR,3,523.0,0.0,7.0,530.0,34_Form20.pdf
34,,,16,SUDHIR SARKAR,6,523.0,0.0,7.0,530.0,34_Form20.pdf
34,,,16,SURESH BARMAN,3,523.0,0.0,7.0,530.0,34_Form20.pdf
34,,,16(A),TAPAN DEB SINGHA,175,458.0,0.0,4.0,462.0,34_Form20.pdf
34,,,16(A),PRAVASH SARKAR,45,458.0,0.0,4.0,462.0,34_Form20.pdf
34,,,16(A),SOUMEN ROY,226,458.0,0.0,4.0,462.0,34_Form20.pdf
34,,,16(A),GOPAL CHUNARY,2,458.0,0.0,4.0,462.0,34_Form20.pdf
34,,,16(A),NAMALA KANTA SARKAR,1,458.0,0.0,4.0,462.0,34_Form20.pdf
34,,,16(A),ALEN SARKAR,2,458.0,0.0,4.0,462.0,34_Form20.pdf
34,,,16(A),Dilip Chandra Ray,0,458.0,0.0,4.0,462.0,34_Form20.pdf
34,,,16(A),SHYAMA SARKAR,1,458.0,0.0,4.0,462.0,34_Form20.pdf
34,,,16(A),SUDHIR SARKAR,4,458.0,0.0,4.0,462.0,34_Form20.pdf
34,,,16(A),SURESH BARMAN,2,458.0,0.0,4.0,462.0,34_Form20.pdf
34,,,17,TAPAN DEB SINGHA,232,492.0,0.0,8.0,500.0,34_Form20.pdf
34,,,17,PRAVASH SARKAR,16,492.0,0.0,8.0,500.0,34_Form20.pdf
34,,,17,SOUMEN ROY,220,492.0,0.0,8.0,500.0,34_Form20.pdf
34,,,17,GOPAL CHUNARY,6,492.0,0.0,8.0,500.0,34_Form20.pdf
34,,,17,NAMALA KANTA SARKAR,0,492.0,0.0,8.0,500.0,34_Form20.pdf
34,,,17,ALEN SARKAR,1,492.0,0.0,8.0,500.0,34_Form20.pdf
34,,,17,Dilip Chandra Ray,1,492.0,0.0,8.0,500.0,34_Form20.pdf
34,,,17,SHYAMA SARKAR,2,492.0,0.0,8.0,500.0,34_Form20.pdf
34,,,17,SUDHIR SARKAR,8,492.0,0.0,8.0,500.0,34_Form20.pdf
34,,,17,SURESH BARMAN,6,492.0,0.0,8.0,500.0,34_Form20.pdf
34,,,17(A),TAPAN DEB SINGHA,258,603.0,0.0,12.0,615.0,34_Form20.pdf
34,,,17(A),PRAVASH SARKAR,42,603.0,0.0,12.0,615.0,34_Form20.pdf
34,,,17(A),SOUMEN ROY,279,603.0,0.0,12.0,615.0,34_Form20.pdf
34,,,17(A),GOPAL CHUNARY,1,603.0,0.0,12.0,615.0,34_Form20.pdf
34,,,17(A),NAMALA KANTA SARKAR,0,603.0,0.0,12.0,615.0,34_Form20.pdf
34,,,17(A),ALEN SARKAR,1,603.0,0.0,12.0,615.0,34_Form20.pdf
34,,,17(A),Dilip Chandra Ray,1,603.0,0.0,12.0,615.0,34_Form20.pdf
34,,,17(A),SHYAMA SARKAR,2,603.0,0.0,12.0,615.0,34_Form20.pdf
34,,,17(A),SUDHIR SARKAR,15,603.0,0.0,12.0,615.0,34_Form20.pdf
34,,,17(A),SURESH BARMAN,4,603.0,0.0,12.0,615.0,34_Form20.pdf
34,,,18,TAPAN DEB SINGHA,229,595.0,0.0,7.0,602.0,34_Form20.pdf
34,,,18,PRAVASH SARKAR,42,595.0,0.0,7.0,602.0,34_Form20.pdf
34,,,18,SOUMEN ROY,305,595.0,0.0,7.0,602.0,34_Form20.pdf
34,,,18,GOPAL CHUNARY,4,595.0,0.0,7.0,602.0,34_Form20.pdf
34,,,18,NAMALA KANTA SARKAR,1,595.0,0.0,7.0,602.0,34_Form20.pdf
34,,,18,ALEN SARKAR,0,595.0,0.0,7.0,602.0,34_Form20.pdf
34,,,18,Dilip Chandra Ray,4,595.0,0.0,7.0,602.0,34_Form20.pdf
34,,,18,SHYAMA SARKAR,3,595.0,0.0,7.0,602.0,34_Form20.pdf
34,,,18,SUDHIR SARKAR,3,595.0,0.0,7.0,602.0,34_Form20.pdf
34,,,18,SURESH BARMAN,4,595.0,0.0,7.0,602.0,34_Form20.pdf
34,,,18(A),TAPAN DEB SINGHA,193,614.0,0.0,8.0,622.0,34_Form20.pdf
34,,,18(A),PRAVASH SARKAR,32,614.0,0.0,8.0,622.0,34_Form20.pdf
34,,,18(A),SOUMEN ROY,368,614.0,0.0,8.0,622.0,34_Form20.pdf
34,,,18(A),GOPAL CHUNARY,3,614.0,0.0,8.0,622.0,34_Form20.pdf
34,,,18(A),NAMALA KANTA SARKAR,1,614.0,0.0,8.0,622.0,34_Form20.pdf
34,,,18(A),ALEN SARKAR,0,614.0,0.0,8.0,622.0,34_Form20.pdf
34,,,18(A),Dilip Chandra Ray,1,614.0,0.0,8.0,622.0,34_Form20.pdf
34,,,18(A),SHYAMA SARKAR,4,614.0,0.0,8.0,622.0,34_Form20.pdf
34,,,18(A),SUDHIR SARKAR,6,614.0,0.0,8.0,622.0,34_Form20.pdf
34,,,18(A),SURESH BARMAN,6,614.0,0.0,8.0,622.0,34_Form20.pdf
34,,,19,TAPAN DEB SINGHA,233,503.0,0.0,4.0,507.0,34_Form20.pdf
34,,,19,PRAVASH SARKAR,18,503.0,0.0,4.0,507.0,34_Form20.pdf
34,,,19,SOUMEN ROY,229,503.0,0.0,4.0,507.0,34_Form20.pdf
34,,,19,GOPAL CHUNARY,6,503.0,0.0,4.0,507.0,34_Form20.pdf
34,,,19,NAMALA KANTA SARKAR,1,503.0,0.0,4.0,507.0,34_Form20.pdf
34,,,19,ALEN SARKAR,0,503.0,0.0,4.0,507.0,34_Form20.pdf
34,,,19,Dilip Chandra Ray,0,503.0,0.0,4.0,507.0,34_Form20.pdf
34,,,19,SHYAMA SARKAR,2,503.0,0.0,4.0,507.0,34_Form20.pdf
34,,,19,SUDHIR SARKAR,10,503.0,0.0,4.0,507.0,34_Form20.pdf
34,,,19,SURESH BARMAN,4,503.0,0.0,4.0,507.0,34_Form20.pdf
34,,,19(A),TAPAN DEB SINGHA,239,477.0,0.0,9.0,486.0,34_Form20.pdf
34,,,19(A),PRAVASH SARKAR,10,477.0,0.0,9.0,486.0,34_Form20.pdf
34,,,19(A),SOUMEN ROY,217,477.0,0.0,9.0,486.0,34_Form20.pdf
34,,,19(A),GOPAL CHUNARY,0,477.0,0.0,9.0,486.0,34_Form20.pdf
34,,,19(A),NAMALA KANTA SARKAR,0,477.0,0.0,9.0,486.0,34_Form20.pdf
34,,,19(A),ALEN SARKAR,0,477.0,0.0,9.0,486.0,34_Form20.pdf
34,,,19(A),Dilip Chandra Ray,1,477.0,0.0,9.0,486.0,34_Form20.pdf
34,,,19(A),SHYAMA SARKAR,0,477.0,0.0,9.0,486.0,34_Form20.pdf
34,,,19(A),SUDHIR SARKAR,8,477.0,0.0,9.0,486.0,34_Form20.pdf
34,,,19(A),SURESH BARMAN,2,477.0,0.0,9.0,486.0,34_Form20.pdf
34,,,20,TAPAN DEB SINGHA,388,664.0,0.0,5.0,669.0,34_Form20.pdf
34,,,20,PRAVASH SARKAR,88,664.0,0.0,5.0,669.0,34_Form20.pdf
34,,,20,SOUMEN ROY,175,664.0,0.0,5.0,669.0,34_Form20.pdf
34,,,20,GOPAL CHUNARY,0,664.0,0.0,5.0,669.0,34_Form20.pdf
34,,,20,NAMALA KANTA SARKAR,2,664.0,0.0,5.0,669.0,34_Form20.pdf
34,,,20,ALEN SARKAR,0,664.0,0.0,5.0,669.0,34_Form20.pdf
34,,,20,Dilip Chandra Ray,0,664.0,0.0,5.0,669.0,34_Form20.pdf
34,,,20,SHYAMA SARKAR,1,664.0,0.0,5.0,669.0,34_Form20.pdf
34,,,20,SUDHIR SARKAR,8,664.0,0.0,5.0,669.0,34_Form20.pdf
34,,,20,SURESH BARMAN,2,664.0,0.0,5.0,669.0,34_Form20.pdf
34,,,21,TAPAN DEB SINGHA,216,545.0,0.0,7.0,552.0,34_Form20.pdf
34,,,21,PRAVASH SARKAR,25,545.0,0.0,7.0,552.0,34_Form20.pdf
34,,,21,SOUMEN ROY,291,545.0,0.0,7.0,552.0,34_Form20.pdf
34,,,21,GOPAL CHUNARY,1,545.0,0.0,7.0,552.0,34_Form20.pdf
34,,,21,NAMALA KANTA SARKAR,1,545.0,0.0,7.0,552.0,34_Form20.pdf
34,,,21,ALEN SARKAR,0,545.0,0.0,7.0,552.0,34_Form20.pdf
34,,,21,Dilip Chandra Ray,0,545.0,0.0,7.0,552.0,34_Form20.pdf
34,,,21,SHYAMA SARKAR,2,545.0,0.0,7.0,552.0,34_Form20.pdf
34,,,21,SUDHIR SARKAR,6,545.0,0.0,7.0,552.0,34_Form20.pdf
34,,,21,SURESH BARMAN,3,545.0,0.0,7.0,552.0,34_Form20.pdf
34,,,21(A),TAPAN DEB SINGHA,148,580.0,0.0,7.0,587.0,34_Form20.pdf
34,,,21(A),PRAVASH SARKAR,12,580.0,0.0,7.0,587.0,34_Form20.pdf
34,,,21(A),SOUMEN ROY,394,580.0,0.0,7.0,587.0,34_Form20.pdf
34,,,21(A),GOPAL CHUNARY,2,580.0,0.0,7.0,587.0,34_Form20.pdf
34,,,21(A),NAMALA KANTA SARKAR,2,580.0,0.0,7.0,587.0,34_Form20.pdf
34,,,21(A),ALEN SARKAR,2,580.0,0.0,7.0,587.0,34_Form20.pdf
34,,,21(A),Dilip Chandra Ray,1,580.0,0.0,7.0,587.0,34_Form20.pdf
34,,,21(A),SHYAMA SARKAR,5,580.0,0.0,7.0,587.0,34_Form20.pdf
34,,,21(A),SUDHIR SARKAR,9,580.0,0.0,7.0,587.0,34_Form20.pdf
34,,,21(A),SURESH BARMAN,5,580.0,0.0,7.0,587.0,34_Form20.pdf
34,,,22,TAPAN DEB SINGHA,279,481.0,0.0,5.0,486.0,34_Form20.pdf
34,,,22,PRAVASH SARKAR,16,481.0,0.0,5.0,486.0,34_Form20.pdf
34,,,22,SOUMEN ROY,164,481.0,0.0,5.0,486.0,34_Form20.pdf
34,,,22,GOPAL CHUNARY,2,481.0,0.0,5.0,486.0,34_Form20.pdf
34,,,22,NAMALA KANTA SARKAR,0,481.0,0.0,5.0,486.0,34_Form20.pdf
34,,,22,ALEN SARKAR,0,481.0,0.0,5.0,486.0,34_Form20.pdf
34,,,22,Dilip Chandra Ray,1,481.0,0.0,5.0,486.0,34_Form20.pdf
34,,,22,SHYAMA SARKAR,2,481.0,0.0,5.0,486.0,34_Form20.pdf
34,,,22,SUDHIR SARKAR,16,481.0,0.0,5.0,486.0,34_Form20.pdf
34,,,22,SURESH BARMAN,1,481.0,0.0,5.0,486.0,34_Form20.pdf
34,,,22(A),TAPAN DEB SINGHA,177,479.0,0.0,7.0,486.0,34_Form20.pdf
34,,,22(A),PRAVASH SARKAR,10,479.0,0.0,7.0,486.0,34_Form20.pdf
34,,,22(A),SOUMEN ROY,263,479.0,0.0,7.0,486.0,34_Form20.pdf
34,,,22(A),GOPAL CHUNARY,1,479.0,0.0,7.0,486.0,34_Form20.pdf
34,,,22(A),NAMALA KANTA SARKAR,1,479.0,0.0,7.0,486.0,34_Form20.pdf
34,,,22(A),ALEN SARKAR,1,479.0,0.0,7.0,486.0,34_Form20.pdf
34,,,22(A),Dilip Chandra Ray,3,479.0,0.0,7.0,486.0,34_Form20.pdf
34,,,22(A),SHYAMA SARKAR,0,479.0,0.0,7.0,486.0,34_Form20.pdf
34,,,22(A),SUDHIR SARKAR,20,479.0,0.0,7.0,486.0,34_Form20.pdf
34,,,22(A),SURESH BARMAN,3,479.0,0.0,7.0,486.0,34_Form20.pdf
34,,,23,TAPAN DEB SINGHA,285,493.0,0.0,11.0,504.0,34_Form20.pdf
34,,,23,PRAVASH SARKAR,18,493.0,0.0,11.0,504.0,34_Form20.pdf
34,,,23,SOUMEN ROY,185,493.0,0.0,11.0,504.0,34_Form20.pdf
34,,,23,GOPAL CHUNARY,2,493.0,0.0,11.0,504.0,34_Form20.pdf
34,,,23,NAMALA KANTA SARKAR,0,493.0,0.0,11.0,504.0,34_Form20.pdf
34,,,23,ALEN SARKAR,0,493.0,0.0,11.0,504.0,34_Form20.pdf
34,,,23,Dilip Chandra Ray,1,493.0,0.0,11.0,504.0,34_Form20.pdf
34,,,23,SHYAMA SARKAR,0,493.0,0.0,11.0,504.0,34_Form20.pdf
34,,,23,SUDHIR SARKAR,1,493.0,0.0,11.0,504.0,34_Form20.pdf
34,,,23,SURESH BARMAN,1,493.0,0.0,11.0,504.0,34_Form20.pdf
34,,,23(A),TAPAN DEB SINGHA,243,478.0,0.0,9.0,487.0,34_Form20.pdf
34,,,23(A),PRAVASH SARKAR,16,478.0,0.0,9.0,487.0,34_Form20.pdf
34,,,23(A),SOUMEN ROY,209,478.0,0.0,9.0,487.0,34_Form20.pdf
34,,,23(A),GOPAL CHUNARY,1,478.0,0.0,9.0,487.0,34_Form20.pdf
34,,,23(A),NAMALA KANTA SARKAR,0,478.0,0.0,9.0,487.0,34_Form20.pdf
34,,,23(A),ALEN SARKAR,0,478.0,0.0,9.0,487.0,34_Form20.pdf
34,,,23(A),Dilip Chandra Ray,1,478.0,0.0,9.0,487.0,34_Form20.pdf
34,,,23(A),SHYAMA SARKAR,2,478.0,0.0,9.0,487.0,34_Form20.pdf
34,,,23(A),SUDHIR SARKAR,4,478.0,0.0,9.0,487.0,34_Form20.pdf
34,,,23(A),SURESH BARMAN,2,478.0,0.0,9.0,487.0,34_Form20.pdf
34,,,24,TAPAN DEB SINGHA,193,544.0,0.0,6.0,550.0,34_Form20.pdf
34,,,24,PRAVASH SARKAR,27,544.0,0.0,6.0,550.0,34_Form20.pdf
34,,,24,SOUMEN ROY,306,544.0,0.0,6.0,550.0,34_Form20.pdf
34,,,24,GOPAL CHUNARY,4,544.0,0.0,6.0,550.0,34_Form20.pdf
34,,,24,NAMALA KANTA SARKAR,1,544.0,0.0,6.0,550.0,34_Form20.pdf
34,,,24,ALEN SARKAR,1,544.0,0.0,6.0,550.0,34_Form20.pdf
34,,,24,Dilip Chandra Ray,3,544.0,0.0,6.0,550.0,34_Form20.pdf
34,,,24,SHYAMA SARKAR,0,544.0,0.0,6.0,550.0,34_Form20.pdf
34,,,24,SUDHIR SARKAR,7,544.0,0.0,6.0,550.0,34_Form20.pdf
34,,,24,SURESH BARMAN,2,544.0,0.0,6.0,550.0,34_Form20.pdf
34,,,24(A),TAPAN DEB SINGHA,191,499.0,0.0,3.0,502.0,34_Form20.pdf
34,,,24(A),PRAVASH SARKAR,24,499.0,0.0,3.0,502.0,34_Form20.pdf
34,,,24(A),SOUMEN ROY,264,499.0,0.0,3.0,502.0,34_Form20.pdf
34,,,24(A),GOPAL CHUNARY,3,499.0,0.0,3.0,502.0,34_Form20.pdf
34,,,24(A),NAMALA KANTA SARKAR,1,499.0,0.0,3.0,502.0,34_Form20.pdf
34,,,24(A),ALEN SARKAR,1,499.0,0.0,3.0,502.0,34_Form20.pdf
34,,,24(A),Dilip Chandra Ray,2,499.0,0.0,3.0,502.0,34_Form20.pdf
34,,,24(A),SHYAMA SARKAR,2,499.0,0.0,3.0,502.0,34_Form20.pdf
34,,,24(A),SUDHIR SARKAR,10,499.0,0.0,3.0,502.0,34_Form20.pdf
34,,,24(A),SURESH BARMAN,1,499.0,0.0,3.0,502.0,34_Form20.pdf
34,,,25,TAPAN DEB SINGHA,130,610.0,0.0,2.0,612.0,34_Form20.pdf
34,,,25,PRAVASH SARKAR,19,610.0,0.0,2.0,612.0,34_Form20.pdf
34,,,25,SOUMEN ROY,454,610.0,0.0,2.0,612.0,34_Form20.pdf
34,,,25,GOPAL CHUNARY,1,610.0,0.0,2.0,612.0,34_Form20.pdf
34,,,25,NAMALA KANTA SARKAR,1,610.0,0.0,2.0,612.0,34_Form20.pdf
34,,,25,ALEN SARKAR,1,610.0,0.0,2.0,612.0,34_Form20.pdf
34,,,25,Dilip Chandra Ray,0,610.0,0.0,2.0,612.0,34_Form20.pdf
34,,,25,SHYAMA SARKAR,1,610.0,0.0,2.0,612.0,34_Form20.pdf
34,,,25,SUDHIR SARKAR,2,610.0,0.0,2.0,612.0,34_Form20.pdf
34,,,25,SURESH BARMAN,1,610.0,0.0,2.0,612.0,34_Form20.pdf
34,,,26,TAPAN DEB SINGHA,204,639.0,0.0,9.0,648.0,34_Form20.pdf
34,,,26,PRAVASH SARKAR,38,639.0,0.0,9.0,648.0,34_Form20.pdf
34,,,26,SOUMEN ROY,352,639.0,0.0,9.0,648.0,34_Form20.pdf
34,,,26,GOPAL CHUNARY,1,639.0,0.0,9.0,648.0,34_Form20.pdf
34,,,26,NAMALA KANTA SARKAR,4,639.0,0.0,9.0,648.0,34_Form20.pdf
34,,,26,ALEN SARKAR,0,639.0,0.0,9.0,648.0,34_Form20.pdf
34,,,26,Dilip Chandra Ray,5,639.0,0.0,9.0,648.0,34_Form20.pdf
34,,,26,SHYAMA SARKAR,1,639.0,0.0,9.0,648.0,34_Form20.pdf
34,,,26,SUDHIR SARKAR,29,639.0,0.0,9.0,648.0,34_Form20.pdf
34,,,26,SURESH BARMAN,5,639.0,0.0,9.0,648.0,34_Form20.pdf
34,,,27,TAPAN DEB SINGHA,260,806.0,0.0,14.0,820.0,34_Form20.pdf
34,,,27,PRAVASH SARKAR,42,806.0,0.0,14.0,820.0,34_Form20.pdf
34,,,27,SOUMEN ROY,465,806.0,0.0,14.0,820.0,34_Form20.pdf
34,,,27,GOPAL CHUNARY,4,806.0,0.0,14.0,820.0,34_Form20.pdf
34,,,27,NAMALA KANTA SARKAR,3,806.0,0.0,14.0,820.0,34_Form20.pdf
34,,,27,ALEN SARKAR,2,806.0,0.0,14.0,820.0,34_Form20.pdf
34,,,27,Dilip Chandra Ray,3,806.0,0.0,14.0,820.0,34_Form20.pdf
34,,,27,SHYAMA SARKAR,2,806.0,0.0,14.0,820.0,34_Form20.pdf
34,,,27,SUDHIR SARKAR,19,806.0,0.0,14.0,820.0,34_Form20.pdf
34,,,27,SURESH BARMAN,6,806.0,0.0,14.0,820.0,34_Form20.pdf
34,,,28,TAPAN DEB SINGHA,184,594.0,0.0,4.0,598.0,34_Form20.pdf
34,,,28,PRAVASH SARKAR,27,594.0,0.0,4.0,598.0,34_Form20.pdf
34,,,28,SOUMEN ROY,355,594.0,0.0,4.0,598.0,34_Form20.pdf
34,,,28,GOPAL CHUNARY,8,594.0,0.0,4.0,598.0,34_Form20.pdf
34,,,28,NAMALA KANTA SARKAR,1,594.0,0.0,4.0,598.0,34_Form20.pdf
34,,,28,ALEN SARKAR,0,594.0,0.0,4.0,598.0,34_Form20.pdf
34,,,28,Dilip Chandra Ray,1,594.0,0.0,4.0,598.0,34_Form20.pdf
34,,,28,SHYAMA SARKAR,4,594.0,0.0,4.0,598.0,34_Form20.pdf
34,,,28,SUDHIR SARKAR,11,594.0,0.0,4.0,598.0,34_Form20.pdf
34,,,28,SURESH BARMAN,3,594.0,0.0,4.0,598.0,34_Form20.pdf
34,,,29,TAPAN DEB SINGHA,124,561.0,0.0,9.0,570.0,34_Form20.pdf
34,,,29,PRAVASH SARKAR,24,561.0,0.0,9.0,570.0,34_Form20.pdf
34,,,29,SOUMEN ROY,382,561.0,0.0,9.0,570.0,34_Form20.pdf
34,,,29,GOPAL CHUNARY,5,561.0,0.0,9.0,570.0,34_Form20.pdf
34,,,29,NAMALA KANTA SARKAR,1,561.0,0.0,9.0,570.0,34_Form20.pdf
34,,,29,ALEN SARKAR,1,561.0,0.0,9.0,570.0,34_Form20.pdf
34,,,29,Dilip Chandra Ray,3,561.0,0.0,9.0,570.0,34_Form20.pdf
34,,,29,SHYAMA SARKAR,0,561.0,0.0,9.0,570.0,34_Form20.pdf
34,,,29,SUDHIR SARKAR,17,561.0,0.0,9.0,570.0,34_Form20.pdf
34,,,29,SURESH BARMAN,4,561.0,0.0,9.0,570.0,34_Form20.pdf
34,,,29(A),TAPAN DEB SINGHA,158,553.0,0.0,7.0,560.0,34_Form20.pdf
34,,,29(A),PRAVASH SARKAR,20,553.0,0.0,7.0,560.0,34_Form20.pdf
34,,,29(A),SOUMEN ROY,339,553.0,0.0,7.0,560.0,34_Form20.pdf
34,,,29(A),GOPAL CHUNARY,3,553.0,0.0,7.0,560.0,34_Form20.pdf
34,,,29(A),NAMALA KANTA SARKAR,0,553.0,0.0,7.0,560.0,34_Form20.pdf
34,,,29(A),ALEN SARKAR,1,553.0,0.0,7.0,560.0,34_Form20.pdf
34,,,29(A),Dilip Chandra Ray,0,553.0,0.0,7.0,560.0,34_Form20.pdf
34,,,29(A),SHYAMA SARKAR,2,553.0,0.0,7.0,560.0,34_Form20.pdf
34,,,29(A),SUDHIR SARKAR,29,553.0,0.0,7.0,560.0,34_Form20.pdf
34,,,29(A),SURESH BARMAN,1,553.0,0.0,7.0,560.0,34_Form20.pdf
34,,,30,TAPAN DEB SINGHA,226,844.0,0.0,12.0,856.0,34_Form20.pdf
34,,,30,PRAVASH SARKAR,36,844.0,0.0,12.0,856.0,34_Form20.pdf
34,,,30,SOUMEN ROY,531,844.0,0.0,12.0,856.0,34_Form20.pdf
34,,,30,GOPAL CHUNARY,6,844.0,0.0,12.0,856.0,34_Form20.pdf
34,,,30,NAMALA KANTA SARKAR,2,844.0,0.0,12.0,856.0,34_Form20.pdf
34,,,30,ALEN SARKAR,5,844.0,0.0,12.0,856.0,34_Form20.pdf
34,,,30,Dilip Chandra Ray,3,844.0,0.0,12.0,856.0,34_Form20.pdf
34,,,30,SHYAMA SARKAR,7,844.0,0.0,12.0,856.0,34_Form20.pdf
34,,,30,SUDHIR SARKAR,22,844.0,0.0,12.0,856.0,34_Form20.pdf
34,,,30,SURESH BARMAN,6,844.0,0.0,12.0,856.0,34_Form20.pdf
34,,,31,TAPAN DEB SINGHA,148,799.0,0.0,15.0,814.0,34_Form20.pdf
34,,,31,PRAVASH SARKAR,27,799.0,0.0,15.0,814.0,34_Form20.pdf
34,,,31,SOUMEN ROY,586,799.0,0.0,15.0,814.0,34_Form20.pdf
34,,,31,GOPAL CHUNARY,7,799.0,0.0,15.0,814.0,34_Form20.pdf
34,,,31,NAMALA KANTA SARKAR,0,799.0,0.0,15.0,814.0,34_Form20.pdf
34,,,31,ALEN SARKAR,1,799.0,0.0,15.0,814.0,34_Form20.pdf
34,,,31,Dilip Chandra Ray,1,799.0,0.0,15.0,814.0,34_Form20.pdf
34,,,31,SHYAMA SARKAR,0,799.0,0.0,15.0,814.0,34_Form20.pdf
34,,,31,SUDHIR SARKAR,26,799.0,0.0,15.0,814.0,34_Form20.pdf
34,,,31,SURESH BARMAN,3,799.0,0.0,15.0,814.0,34_Form20.pdf
34,,,32,TAPAN DEB SINGHA,192,484.0,0.0,6.0,490.0,34_Form20.pdf
34,,,32,PRAVASH SARKAR,14,484.0,0.0,6.0,490.0,34_Form20.pdf
34,,,32,SOUMEN ROY,264,484.0,0.0,6.0,490.0,34_Form20.pdf
34,,,32,GOPAL CHUNARY,1,484.0,0.0,6.0,490.0,34_Form20.pdf
34,,,32,NAMALA KANTA SARKAR,1,484.0,0.0,6.0,490.0,34_Form20.pdf
34,,,32,ALEN SARKAR,0,484.0,0.0,6.0,490.0,34_Form20.pdf
34,,,32,Dilip Chandra Ray,2,484.0,0.0,6.0,490.0,34_Form20.pdf
34,,,32,SHYAMA SARKAR,1,484.0,0.0,6.0,490.0,34_Form20.pdf
34,,,32,SUDHIR SARKAR,8,484.0,0.0,6.0,490.0,34_Form20.pdf
34,,,32,SURESH BARMAN,1,484.0,0.0,6.0,490.0,34_Form20.pdf
34,,,32(A),TAPAN DEB SINGHA,247,469.0,0.0,3.0,472.0,34_Form20.pdf
34,,,32(A),PRAVASH SARKAR,7,469.0,0.0,3.0,472.0,34_Form20.pdf
34,,,32(A),SOUMEN ROY,206,469.0,0.0,3.0,472.0,34_Form20.pdf
34,,,32(A),GOPAL CHUNARY,1,469.0,0.0,3.0,472.0,34_Form20.pdf
34,,,32(A),NAMALA KANTA SARKAR,0,469.0,0.0,3.0,472.0,34_Form20.pdf
34,,,32(A),ALEN SARKAR,1,469.0,0.0,3.0,472.0,34_Form20.pdf
34,,,32(A),Dilip Chandra Ray,0,469.0,0.0,3.0,472.0,34_Form20.pdf
34,,,32(A),SHYAMA SARKAR,2,469.0,0.0,3.0,472.0,34_Form20.pdf
34,,,32(A),SUDHIR SARKAR,5,469.0,0.0,3.0,472.0,34_Form20.pdf
34,,,32(A),SURESH BARMAN,0,469.0,0.0,3.0,472.0,34_Form20.pdf
34,,,33,TAPAN DEB SINGHA,191,858.0,0.0,5.0,863.0,34_Form20.pdf
34,,,33,PRAVASH SARKAR,30,858.0,0.0,5.0,863.0,34_Form20.pdf
34,,,33,SOUMEN ROY,611,858.0,0.0,5.0,863.0,34_Form20.pdf
34,,,33,GOPAL CHUNARY,4,858.0,0.0,5.0,863.0,34_Form20.pdf
34,,,33,NAMALA KANTA SARKAR,1,858.0,0.0,5.0,863.0,34_Form20.pdf
34,,,33,ALEN SARKAR,1,858.0,0.0,5.0,863.0,34_Form20.pdf
34,,,33,Dilip Chandra Ray,2,858.0,0.0,5.0,863.0,34_Form20.pdf
34,,,33,SHYAMA SARKAR,5,858.0,0.0,5.0,863.0,34_Form20.pdf
34,,,33,SUDHIR SARKAR,11,858.0,0.0,5.0,863.0,34_Form20.pdf
34,,,33,SURESH BARMAN,2,858.0,0.0,5.0,863.0,34_Form20.pdf
34,,,34,TAPAN DEB SINGHA,502,764.0,0.0,3.0,767.0,34_Form20.pdf
34,,,34,PRAVASH SARKAR,36,764.0,0.0,3.0,767.0,34_Form20.pdf
34,,,34,SOUMEN ROY,217,764.0,0.0,3.0,767.0,34_Form20.pdf
34,,,34,GOPAL CHUNARY,3,764.0,0.0,3.0,767.0,34_Form20.pdf
34,,,34,NAMALA KANTA SARKAR,0,764.0,0.0,3.0,767.0,34_Form20.pdf
34,,,34,ALEN SARKAR,0,764.0,0.0,3.0,767.0,34_Form20.pdf
34,,,34,Dilip Chandra Ray,0,764.0,0.0,3.0,767.0,34_Form20.pdf
34,,,34,SHYAMA SARKAR,1,764.0,0.0,3.0,767.0,34_Form20.pdf
34,,,34,SUDHIR SARKAR,5,764.0,0.0,3.0,767.0,34_Form20.pdf
34,,,34,SURESH BARMAN,0,764.0,0.0,3.0,767.0,34_Form20.pdf
34,,,35,TAPAN DEB SINGHA,304,664.0,0.0,7.0,671.0,34_Form20.pdf
34,,,35,PRAVASH SARKAR,35,664.0,0.0,7.0,671.0,34_Form20.pdf
34,,,35,SOUMEN ROY,304,664.0,0.0,7.0,671.0,34_Form20.pdf
34,,,35,GOPAL CHUNARY,4,664.0,0.0,7.0,671.0,34_Form20.pdf
34,,,35,NAMALA KANTA SARKAR,1,664.0,0.0,7.0,671.0,34_Form20.pdf
34,,,35,ALEN SARKAR,1,664.0,0.0,7.0,671.0,34_Form20.pdf
34,,,35,Dilip Chandra Ray,1,664.0,0.0,7.0,671.0,34_Form20.pdf
34,,,35,SHYAMA SARKAR,3,664.0,0.0,7.0,671.0,34_Form20.pdf
34,,,35,SUDHIR SARKAR,11,664.0,0.0,7.0,671.0,34_Form20.pdf
34,,,35,SURESH BARMAN,0,664.0,0.0,7.0,671.0,34_Form20.pdf
34,,,36,TAPAN DEB SINGHA,623,678.0,0.0,5.0,683.0,34_Form20.pdf
34,,,36,PRAVASH SARKAR,40,678.0,0.0,5.0,683.0,34_Form20.pdf
34,,,36,SOUMEN ROY,12,678.0,0.0,5.0,683.0,34_Form20.pdf
34,,,36,GOPAL CHUNARY,1,678.0,0.0,5.0,683.0,34_Form20.pdf
34,,,36,NAMALA KANTA SARKAR,0,678.0,0.0,5.0,683.0,34_Form20.pdf
34,,,36,ALEN SARKAR,0,678.0,0.0,5.0,683.0,34_Form20.pdf
34,,,36,Dilip Chandra Ray,1,678.0,0.0,5.0,683.0,34_Form20.pdf
34,,,36,SHYAMA SARKAR,1,678.0,0.0,5.0,683.0,34_Form20.pdf
34,,,36,SUDHIR SARKAR,0,678.0,0.0,5.0,683.0,34_Form20.pdf
34,,,36,SURESH BARMAN,0,678.0,0.0,5.0,683.0,34_Form20.pdf
34,,,37,TAPAN DEB SINGHA,194,616.0,0.0,7.0,623.0,34_Form20.pdf
34,,,37,PRAVASH SARKAR,19,616.0,0.0,7.0,623.0,34_Form20.pdf
34,,,37,SOUMEN ROY,392,616.0,0.0,7.0,623.0,34_Form20.pdf
34,,,37,GOPAL CHUNARY,4,616.0,0.0,7.0,623.0,34_Form20.pdf
34,,,37,NAMALA KANTA SARKAR,0,616.0,0.0,7.0,623.0,34_Form20.pdf
34,,,37,ALEN SARKAR,0,616.0,0.0,7.0,623.0,34_Form20.pdf
34,,,37,Dilip Chandra Ray,2,616.0,0.0,7.0,623.0,34_Form20.pdf
34,,,37,SHYAMA SARKAR,0,616.0,0.0,7.0,623.0,34_Form20.pdf
34,,,37,SUDHIR SARKAR,5,616.0,0.0,7.0,623.0,34_Form20.pdf
34,,,37,SURESH BARMAN,0,616.0,0.0,7.0,623.0,34_Form20.pdf
34,,,38,TAPAN DEB SINGHA,602,653.0,0.0,6.0,659.0,34_Form20.pdf
34,,,38,PRAVASH SARKAR,17,653.0,0.0,6.0,659.0,34_Form20.pdf
34,,,38,SOUMEN ROY,29,653.0,0.0,6.0,659.0,34_Form20.pdf
34,,,38,GOPAL CHUNARY,0,653.0,0.0,6.0,659.0,34_Form20.pdf
34,,,38,NAMALA KANTA SARKAR,0,653.0,0.0,6.0,659.0,34_Form20.pdf
34,,,38,ALEN SARKAR,0,653.0,0.0,6.0,659.0,34_Form20.pdf
34,,,38,Dilip Chandra Ray,0,653.0,0.0,6.0,659.0,34_Form20.pdf
34,,,38,SHYAMA SARKAR,0,653.0,0.0,6.0,659.0,34_Form20.pdf
34,,,38,SUDHIR SARKAR,4,653.0,0.0,6.0,659.0,34_Form20.pdf
34,,,38,SURESH BARMAN,1,653.0,0.0,6.0,659.0,34_Form20.pdf
34,,,39,TAPAN DEB SINGHA,139,818.0,0.0,10.0,828.0,34_Form20.pdf
34,,,39,PRAVASH SARKAR,56,818.0,0.0,10.0,828.0,34_Form20.pdf
34,,,39,SOUMEN ROY,558,818.0,0.0,10.0,828.0,34_Form20.pdf
34,,,39,GOPAL CHUNARY,6,818.0,0.0,10.0,828.0,34_Form20.pdf
34,,,39,NAMALA KANTA SARKAR,0,818.0,0.0,10.0,828.0,34_Form20.pdf
34,,,39,ALEN SARKAR,1,818.0,0.0,10.0,828.0,34_Form20.pdf
34,,,39,Dilip Chandra Ray,3,818.0,0.0,10.0,828.0,34_Form20.pdf
34,,,39,SHYAMA SARKAR,4,818.0,0.0,10.0,828.0,34_Form20.pdf
34,,,39,SUDHIR SARKAR,47,818.0,0.0,10.0,828.0,34_Form20.pdf
34,,,39,SURESH BARMAN,4,818.0,0.0,10.0,828.0,34_Form20.pdf
34,,,40,TAPAN DEB SINGHA,90,535.0,0.0,3.0,538.0,34_Form20.pdf
34,,,40,PRAVASH SARKAR,27,535.0,0.0,3.0,538.0,34_Form20.pdf
34,,,40,SOUMEN ROY,395,535.0,0.0,3.0,538.0,34_Form20.pdf
34,,,40,GOPAL CHUNARY,0,535.0,0.0,3.0,538.0,34_Form20.pdf
34,,,40,NAMALA KANTA SARKAR,1,535.0,0.0,3.0,538.0,34_Form20.pdf
34,,,40,ALEN SARKAR,2,535.0,0.0,3.0,538.0,34_Form20.pdf
34,,,40,Dilip Chandra Ray,2,535.0,0.0,3.0,538.0,34_Form20.pdf
34,,,40,SHYAMA SARKAR,0,535.0,0.0,3.0,538.0,34_Form20.pdf
34,,,40,SUDHIR SARKAR,17,535.0,0.0,3.0,538.0,34_Form20.pdf
34,,,40,SURESH BARMAN,1,535.0,0.0,3.0,538.0,34_Form20.pdf
34,,,40(A),TAPAN DEB SINGHA,78,497.0,0.0,10.0,507.0,34_Form20.pdf
34,,,40(A),PRAVASH SARKAR,29,497.0,0.0,10.0,507.0,34_Form20.pdf
34,,,40(A),SOUMEN ROY,359,497.0,0.0,10.0,507.0,34_Form20.pdf
34,,,40(A),GOPAL CHUNARY,4,497.0,0.0,10.0,507.0,34_Form20.pdf
34,,,40(A),NAMALA KANTA SARKAR,2,497.0,0.0,10.0,507.0,34_Form20.pdf
34,,,40(A),ALEN SARKAR,1,497.0,0.0,10.0,507.0,34_Form20.pdf
34,,,40(A),Dilip Chandra Ray,1,497.0,0.0,10.0,507.0,34_Form20.pdf
34,,,40(A),SHYAMA SARKAR,3,497.0,0.0,10.0,507.0,34_Form20.pdf
34,,,40(A),SUDHIR SARKAR,14,497.0,0.0,10.0,507.0,34_Form20.pdf
34,,,40(A),SURESH BARMAN,6,497.0,0.0,10.0,507.0,34_Form20.pdf
34,,,41,TAPAN DEB SINGHA,125,645.0,0.0,6.0,651.0,34_Form20.pdf
34,,,41,PRAVASH SARKAR,39,645.0,0.0,6.0,651.0,34_Form20.pdf
34,,,41,SOUMEN ROY,472,645.0,0.0,6.0,651.0,34_Form20.pdf
34,,,41,GOPAL CHUNARY,0,645.0,0.0,6.0,651.0,34_Form20.pdf
34,,,41,NAMALA KANTA SARKAR,1,645.0,0.0,6.0,651.0,34_Form20.pdf
34,,,41,ALEN SARKAR,0,645.0,0.0,6.0,651.0,34_Form20.pdf
34,,,41,Dilip Chandra Ray,0,645.0,0.0,6.0,651.0,34_Form20.pdf
34,,,41,SHYAMA SARKAR,1,645.0,0.0,6.0,651.0,34_Form20.pdf
34,,,41,SUDHIR SARKAR,5,645.0,0.0,6.0,651.0,34_Form20.pdf
34,,,41,SURESH BARMAN,2,645.0,0.0,6.0,651.0,34_Form20.pdf
34,,,42,TAPAN DEB SINGHA,128,517.0,0.0,4.0,521.0,34_Form20.pdf
34,,,42,PRAVASH SARKAR,13,517.0,0.0,4.0,521.0,34_Form20.pdf
34,,,42,SOUMEN ROY,359,517.0,0.0,4.0,521.0,34_Form20.pdf
34,,,42,GOPAL CHUNARY,3,517.0,0.0,4.0,521.0,34_Form20.pdf
34,,,42,NAMALA KANTA SARKAR,2,517.0,0.0,4.0,521.0,34_Form20.pdf
34,,,42,ALEN SARKAR,0,517.0,0.0,4.0,521.0,34_Form20.pdf
34,,,42,Dilip Chandra Ray,1,517.0,0.0,4.0,521.0,34_Form20.pdf
34,,,42,SHYAMA SARKAR,0,517.0,0.0,4.0,521.0,34_Form20.pdf
34,,,42,SUDHIR SARKAR,9,517.0,0.0,4.0,521.0,34_Form20.pdf
34,,,42,SURESH BARMAN,2,517.0,0.0,4.0,521.0,34_Form20.pdf
34,,,42(A),TAPAN DEB SINGHA,80,466.0,0.0,11.0,477.0,34_Form20.pdf
34,,,42(A),PRAVASH SARKAR,20,466.0,0.0,11.0,477.0,34_Form20.pdf
34,,,42(A),SOUMEN ROY,351,466.0,0.0,11.0,477.0,34_Form20.pdf
34,,,42(A),GOPAL CHUNARY,6,466.0,0.0,11.0,477.0,34_Form20.pdf
34,,,42(A),NAMALA KANTA SARKAR,0,466.0,0.0,11.0,477.0,34_Form20.pdf
34,,,42(A),ALEN SARKAR,1,466.0,0.0,11.0,477.0,34_Form20.pdf
34,,,42(A),Dilip Chandra Ray,0,466.0,0.0,11.0,477.0,34_Form20.pdf
34,,,42(A),SHYAMA SARKAR,0,466.0,0.0,11.0,477.0,34_Form20.pdf
34,,,42(A),SUDHIR SARKAR,8,466.0,0.0,11.0,477.0,34_Form20.pdf
34,,,42(A),SURESH BARMAN,0,466.0,0.0,11.0,477.0,34_Form20.pdf
34,,,43,TAPAN DEB SINGHA,390,461.0,0.0,5.0,466.0,34_Form20.pdf
34,,,43,PRAVASH SARKAR,14,461.0,0.0,5.0,466.0,34_Form20.pdf
34,,,43,SOUMEN ROY,54,461.0,0.0,5.0,466.0,34_Form20.pdf
34,,,43,GOPAL CHUNARY,0,461.0,0.0,5.0,466.0,34_Form20.pdf
34,,,43,NAMALA KANTA SARKAR,0,461.0,0.0,5.0,466.0,34_Form20.pdf
34,,,43,ALEN SARKAR,0,461.0,0.0,5.0,466.0,34_Form20.pdf
34,,,43,Dilip Chandra Ray,0,461.0,0.0,5.0,466.0,34_Form20.pdf
34,,,43,SHYAMA SARKAR,0,461.0,0.0,5.0,466.0,34_Form20.pdf
34,,,43,SUDHIR SARKAR,2,461.0,0.0,5.0,466.0,34_Form20.pdf
34,,,43,SURESH BARMAN,1,461.0,0.0,5.0,466.0,34_Form20.pdf
34,,,43(A),TAPAN DEB SINGHA,269,428.0,3.0,0.0,431.0,34_Form20.pdf
34,,,43(A),PRAVASH SARKAR,22,428.0,3.0,0.0,431.0,34_Form20.pdf
34,,,43(A),SOUMEN ROY,132,428.0,3.0,0.0,431.0,34_Form20.pdf
34,,,43(A),GOPAL CHUNARY,2,428.0,3.0,0.0,431.0,34_Form20.pdf
34,,,43(A),NAMALA KANTA SARKAR,2,428.0,3.0,0.0,431.0,34_Form20.pdf
34,,,43(A),ALEN SARKAR,0,428.0,3.0,0.0,431.0,34_Form20.pdf
34,,,43(A),Dilip Chandra Ray,0,428.0,3.0,0.0,431.0,34_Form20.pdf
34,,,43(A),SHYAMA SARKAR,0,428.0,3.0,0.0,431.0,34_Form20.pdf
34,,,43(A),SUDHIR SARKAR,1,428.0,3.0,0.0,431.0,34_Form20.pdf
34,,,43(A),SURESH BARMAN,0,428.0,3.0,0.0,431.0,34_Form20.pdf
34,,,44,TAPAN DEB SINGHA,264,436.0,0.0,6.0,442.0,34_Form20.pdf
34,,,44,PRAVASH SARKAR,17,436.0,0.0,6.0,442.0,34_Form20.pdf
34,,,44,SOUMEN ROY,149,436.0,0.0,6.0,442.0,34_Form20.pdf
34,,,44,GOPAL CHUNARY,0,436.0,0.0,6.0,442.0,34_Form20.pdf
34,,,44,NAMALA KANTA SARKAR,0,436.0,0.0,6.0,442.0,34_Form20.pdf
34,,,44,ALEN SARKAR,2,436.0,0.0,6.0,442.0,34_Form20.pdf
34,,,44,Dilip Chandra Ray,1,436.0,0.0,6.0,442.0,34_Form20.pdf
34,,,44,SHYAMA SARKAR,1,436.0,0.0,6.0,442.0,34_Form20.pdf
34,,,44,SUDHIR SARKAR,1,436.0,0.0,6.0,442.0,34_Form20.pdf
34,,,44,SURESH BARMAN,1,436.0,0.0,6.0,442.0,34_Form20.pdf
34,,,44(A),TAPAN DEB SINGHA,139,478.0,0.0,7.0,485.0,34_Form20.pdf
34,,,44(A),PRAVASH SARKAR,9,478.0,0.0,7.0,485.0,34_Form20.pdf
34,,,44(A),SOUMEN ROY,317,478.0,0.0,7.0,485.0,34_Form20.pdf
34,,,44(A),GOPAL CHUNARY,2,478.0,0.0,7.0,485.0,34_Form20.pdf
34,,,44(A),NAMALA KANTA SARKAR,0,478.0,0.0,7.0,485.0,34_Form20.pdf
34,,,44(A),ALEN SARKAR,0,478.0,0.0,7.0,485.0,34_Form20.pdf
34,,,44(A),Dilip Chandra Ray,0,478.0,0.0,7.0,485.0,34_Form20.pdf
34,,,44(A),SHYAMA SARKAR,2,478.0,0.0,7.0,485.0,34_Form20.pdf
34,,,44(A),SUDHIR SARKAR,7,478.0,0.0,7.0,485.0,34_Form20.pdf
34,,,44(A),SURESH BARMAN,2,478.0,0.0,7.0,485.0,34_Form20.pdf
34,,,45,TAPAN DEB SINGHA,44,390.0,0.0,6.0,396.0,34_Form20.pdf
34,,,45,PRAVASH SARKAR,7,390.0,0.0,6.0,396.0,34_Form20.pdf
34,,,45,SOUMEN ROY,322,390.0,0.0,6.0,396.0,34_Form20.pdf
34,,,45,GOPAL CHUNARY,3,390.0,0.0,6.0,396.0,34_Form20.pdf
34,,,45,NAMALA KANTA SARKAR,1,390.0,0.0,6.0,396.0,34_Form20.pdf
34,,,45,ALEN SARKAR,1,390.0,0.0,6.0,396.0,34_Form20.pdf
34,,,45,Dilip Chandra Ray,0,390.0,0.0,6.0,396.0,34_Form20.pdf
34,,,45,SHYAMA SARKAR,3,390.0,0.0,6.0,396.0,34_Form20.pdf
34,,,45,SUDHIR SARKAR,9,390.0,0.0,6.0,396.0,34_Form20.pdf
34,,,45,SURESH BARMAN,0,390.0,0.0,6.0,396.0,34_Form20.pdf
34,,,46,TAPAN DEB SINGHA,124,568.0,0.0,9.0,577.0,34_Form20.pdf
34,,,46,PRAVASH SARKAR,12,568.0,0.0,9.0,577.0,34_Form20.pdf
34,,,46,SOUMEN ROY,409,568.0,0.0,9.0,577.0,34_Form20.pdf
34,,,46,GOPAL CHUNARY,3,568.0,0.0,9.0,577.0,34_Form20.pdf
34,,,46,NAMALA KANTA SARKAR,0,568.0,0.0,9.0,577.0,34_Form20.pdf
34,,,46,ALEN SARKAR,0,568.0,0.0,9.0,577.0,34_Form20.pdf
34,,,46,Dilip Chandra Ray,0,568.0,0.0,9.0,577.0,34_Form20.pdf
34,,,46,SHYAMA SARKAR,0,568.0,0.0,9.0,577.0,34_Form20.pdf
34,,,46,SUDHIR SARKAR,16,568.0,0.0,9.0,577.0,34_Form20.pdf
34,,,46,SURESH BARMAN,4,568.0,0.0,9.0,577.0,34_Form20.pdf
34,,,46(A),TAPAN DEB SINGHA,91,567.0,0.0,9.0,576.0,34_Form20.pdf
34,,,46(A),PRAVASH SARKAR,11,567.0,0.0,9.0,576.0,34_Form20.pdf
34,,,46(A),SOUMEN ROY,443,567.0,0.0,9.0,576.0,34_Form20.pdf
34,,,46(A),GOPAL CHUNARY,2,567.0,0.0,9.0,576.0,34_Form20.pdf
34,,,46(A),NAMALA KANTA SARKAR,2,567.0,0.0,9.0,576.0,34_Form20.pdf
34,,,46(A),ALEN SARKAR,0,567.0,0.0,9.0,576.0,34_Form20.pdf
34,,,46(A),Dilip Chandra Ray,1,567.0,0.0,9.0,576.0,34_Form20.pdf
34,,,46(A),SHYAMA SARKAR,4,567.0,0.0,9.0,576.0,34_Form20.pdf
34,,,46(A),SUDHIR SARKAR,12,567.0,0.0,9.0,576.0,34_Form20.pdf
34,,,46(A),SURESH BARMAN,1,567.0,0.0,9.0,576.0,34_Form20.pdf
34,,,47,TAPAN DEB SINGHA,310,740.0,0.0,21.0,761.0,34_Form20.pdf
34,,,47,PRAVASH SARKAR,67,740.0,0.0,21.0,761.0,34_Form20.pdf
34,,,47,SOUMEN ROY,353,740.0,0.0,21.0,761.0,34_Form20.pdf
34,,,47,GOPAL CHUNARY,5,740.0,0.0,21.0,761.0,34_Form20.pdf
34,,,47,NAMALA KANTA SARKAR,1,740.0,0.0,21.0,761.0,34_Form20.pdf
34,,,47,ALEN SARKAR,1,740.0,0.0,21.0,761.0,34_Form20.pdf
34,,,47,Dilip Chandra Ray,1,740.0,0.0,21.0,761.0,34_Form20.pdf
34,,,47,SHYAMA SARKAR,0,740.0,0.0,21.0,761.0,34_Form20.pdf
34,,,47,SUDHIR SARKAR,6,740.0,0.0,21.0,761.0,34_Form20.pdf
34,,,47,SURESH BARMAN,1,740.0,0.0,21.0,761.0,34_Form20.pdf
34,,,48,TAPAN DEB SINGHA,284,754.0,0.0,8.0,762.0,34_Form20.pdf
34,,,48,PRAVASH SARKAR,59,754.0,0.0,8.0,762.0,34_Form20.pdf
34,,,48,SOUMEN ROY,388,754.0,0.0,8.0,762.0,34_Form20.pdf
34,,,48,GOPAL CHUNARY,5,754.0,0.0,8.0,762.0,34_Form20.pdf
34,,,48,NAMALA KANTA SARKAR,1,754.0,0.0,8.0,762.0,34_Form20.pdf
34,,,48,ALEN SARKAR,3,754.0,0.0,8.0,762.0,34_Form20.pdf
34,,,48,Dilip Chandra Ray,1,754.0,0.0,8.0,762.0,34_Form20.pdf
34,,,48,SHYAMA SARKAR,1,754.0,0.0,8.0,762.0,34_Form20.pdf
34,,,48,SUDHIR SARKAR,10,754.0,0.0,8.0,762.0,34_Form20.pdf
34,,,48,SURESH BARMAN,2,754.0,0.0,8.0,762.0,34_Form20.pdf
34,,,49,TAPAN DEB SINGHA,196,487.0,0.0,6.0,493.0,34_Form20.pdf
34,,,49,PRAVASH SARKAR,49,487.0,0.0,6.0,493.0,34_Form20.pdf
34,,,49,SOUMEN ROY,235,487.0,0.0,6.0,493.0,34_Form20.pdf
34,,,49,GOPAL CHUNARY,1,487.0,0.0,6.0,493.0,34_Form20.pdf
34,,,49,NAMALA KANTA SARKAR,1,487.0,0.0,6.0,493.0,34_Form20.pdf
34,,,49,ALEN SARKAR,2,487.0,0.0,6.0,493.0,34_Form20.pdf
34,,,49,Dilip Chandra Ray,0,487.0,0.0,6.0,493.0,34_Form20.pdf
34,,,49,SHYAMA SARKAR,0,487.0,0.0,6.0,493.0,34_Form20.pdf
34,,,49,SUDHIR SARKAR,3,487.0,0.0,6.0,493.0,34_Form20.pdf
34,,,49,SURESH BARMAN,0,487.0,0.0,6.0,493.0,34_Form20.pdf
34,,,50,TAPAN DEB SINGHA,305,742.0,0.0,9.0,751.0,34_Form20.pdf
34,,,50,PRAVASH SARKAR,58,742.0,0.0,9.0,751.0,34_Form20.pdf
34,,,50,SOUMEN ROY,369,742.0,0.0,9.0,751.0,34_Form20.pdf
34,,,50,GOPAL CHUNARY,6,742.0,0.0,9.0,751.0,34_Form20.pdf
34,,,50,NAMALA KANTA SARKAR,1,742.0,0.0,9.0,751.0,34_Form20.pdf
34,,,50,ALEN SARKAR,0,742.0,0.0,9.0,751.0,34_Form20.pdf
34,,,50,Dilip Chandra Ray,0,742.0,0.0,9.0,751.0,34_Form20.pdf
34,,,50,SHYAMA SARKAR,0,742.0,0.0,9.0,751.0,34_Form20.pdf
34,,,50,SUDHIR SARKAR,3,742.0,0.0,9.0,751.0,34_Form20.pdf
34,,,50,SURESH BARMAN,0,742.0,0.0,9.0,751.0,34_Form20.pdf
34,,,51,TAPAN DEB SINGHA,246,753.0,0.0,10.0,763.0,34_Form20.pdf
34,,,51,PRAVASH SARKAR,45,753.0,0.0,10.0,763.0,34_Form20.pdf
34,,,51,SOUMEN ROY,431,753.0,0.0,10.0,763.0,34_Form20.pdf
34,,,51,GOPAL CHUNARY,6,753.0,0.0,10.0,763.0,34_Form20.pdf
34,,,51,NAMALA KANTA SARKAR,2,753.0,0.0,10.0,763.0,34_Form20.pdf
34,,,51,ALEN SARKAR,2,753.0,0.0,10.0,763.0,34_Form20.pdf
34,,,51,Dilip Chandra Ray,1,753.0,0.0,10.0,763.0,34_Form20.pdf
34,,,51,SHYAMA SARKAR,7,753.0,0.0,10.0,763.0,34_Form20.pdf
34,,,51,SUDHIR SARKAR,10,753.0,0.0,10.0,763.0,34_Form20.pdf
34,,,51,SURESH BARMAN,3,753.0,0.0,10.0,763.0,34_Form20.pdf
34,,,52,TAPAN DEB SINGHA,121,463.0,0.0,3.0,466.0,34_Form20.pdf
34,,,52,PRAVASH SARKAR,45,463.0,0.0,3.0,466.0,34_Form20.pdf
34,,,52,SOUMEN ROY,287,463.0,0.0,3.0,466.0,34_Form20.pdf
34,,,52,GOPAL CHUNARY,0,463.0,0.0,3.0,466.0,34_Form20.pdf
34,,,52,NAMALA KANTA SARKAR,2,463.0,0.0,3.0,466.0,34_Form20.pdf
34,,,52,ALEN SARKAR,1,463.0,0.0,3.0,466.0,34_Form20.pdf
34,,,52,Dilip Chandra Ray,0,463.0,0.0,3.0,466.0,34_Form20.pdf
34,,,52,SHYAMA SARKAR,4,463.0,0.0,3.0,466.0,34_Form20.pdf
34,,,52,SUDHIR SARKAR,3,463.0,0.0,3.0,466.0,34_Form20.pdf
34,,,52,SURESH BARMAN,0,463.0,0.0,3.0,466.0,34_Form20.pdf
34,,,52(A),TAPAN DEB SINGHA,124,485.0,0.0,5.0,490.0,34_Form20.pdf
34,,,52(A),PRAVASH SARKAR,22,485.0,0.0,5.0,490.0,34_Form20.pdf
34,,,52(A),SOUMEN ROY,320,485.0,0.0,5.0,490.0,34_Form20.pdf
34,,,52(A),GOPAL CHUNARY,2,485.0,0.0,5.0,490.0,34_Form20.pdf
34,,,52(A),NAMALA KANTA SARKAR,1,485.0,0.0,5.0,490.0,34_Form20.pdf
34,,,52(A),ALEN SARKAR,0,485.0,0.0,5.0,490.0,34_Form20.pdf
34,,,52(A),Dilip Chandra Ray,1,485.0,0.0,5.0,490.0,34_Form20.pdf
34,,,52(A),SHYAMA SARKAR,3,485.0,0.0,5.0,490.0,34_Form20.pdf
34,,,52(A),SUDHIR SARKAR,11,485.0,0.0,5.0,490.0,34_Form20.pdf
34,,,52(A),SURESH BARMAN,1,485.0,0.0,5.0,490.0,34_Form20.pdf
34,,,53,TAPAN DEB SINGHA,135,541.0,0.0,10.0,551.0,34_Form20.pdf
34,,,53,PRAVASH SARKAR,52,541.0,0.0,10.0,551.0,34_Form20.pdf
34,,,53,SOUMEN ROY,325,541.0,0.0,10.0,551.0,34_Form20.pdf
34,,,53,GOPAL CHUNARY,7,541.0,0.0,10.0,551.0,34_Form20.pdf
34,,,53,NAMALA KANTA SARKAR,1,541.0,0.0,10.0,551.0,34_Form20.pdf
34,,,53,ALEN SARKAR,1,541.0,0.0,10.0,551.0,34_Form20.pdf
34,,,53,Dilip Chandra Ray,0,541.0,0.0,10.0,551.0,34_Form20.pdf
34,,,53,SHYAMA SARKAR,6,541.0,0.0,10.0,551.0,34_Form20.pdf
34,,,53,SUDHIR SARKAR,10,541.0,0.0,10.0,551.0,34_Form20.pdf
34,,,53,SURESH BARMAN,4,541.0,0.0,10.0,551.0,34_Form20.pdf
34,,,53(A),TAPAN DEB SINGHA,119,561.0,0.0,4.0,565.0,34_Form20.pdf
34,,,53(A),PRAVASH SARKAR,43,561.0,0.0,4.0,565.0,34_Form20.pdf
34,,,53(A),SOUMEN ROY,362,561.0,0.0,4.0,565.0,34_Form20.pdf
34,,,53(A),GOPAL CHUNARY,5,561.0,0.0,4.0,565.0,34_Form20.pdf
34,,,53(A),NAMALA KANTA SARKAR,0,561.0,0.0,4.0,565.0,34_Form20.pdf
34,,,53(A),ALEN SARKAR,0,561.0,0.0,4.0,565.0,34_Form20.pdf
34,,,53(A),Dilip Chandra Ray,2,561.0,0.0,4.0,565.0,34_Form20.pdf
34,,,53(A),SHYAMA SARKAR,2,561.0,0.0,4.0,565.0,34_Form20.pdf
34,,,53(A),SUDHIR SARKAR,25,561.0,0.0,4.0,565.0,34_Form20.pdf
34,,,53(A),SURESH BARMAN,3,561.0,0.0,4.0,565.0,34_Form20.pdf
34,,,54,TAPAN DEB SINGHA,187,627.0,0.0,9.0,636.0,34_Form20.pdf
34,,,54,PRAVASH SARKAR,108,627.0,0.0,9.0,636.0,34_Form20.pdf
34,,,54,SOUMEN ROY,308,627.0,0.0,9.0,636.0,34_Form20.pdf
34,,,54,GOPAL CHUNARY,3,627.0,0.0,9.0,636.0,34_Form20.pdf
34,,,54,NAMALA KANTA SARKAR,0,627.0,0.0,9.0,636.0,34_Form20.pdf
34,,,54,ALEN SARKAR,2,627.0,0.0,9.0,636.0,34_Form20.pdf
34,,,54,Dilip Chandra Ray,1,627.0,0.0,9.0,636.0,34_Form20.pdf
34,,,54,SHYAMA SARKAR,1,627.0,0.0,9.0,636.0,34_Form20.pdf
34,,,54,SUDHIR SARKAR,11,627.0,0.0,9.0,636.0,34_Form20.pdf
34,,,54,SURESH BARMAN,6,627.0,0.0,9.0,636.0,34_Form20.pdf
34,,,55,TAPAN DEB SINGHA,205,684.0,0.0,9.0,693.0,34_Form20.pdf
34,,,55,PRAVASH SARKAR,78,684.0,0.0,9.0,693.0,34_Form20.pdf
34,,,55,SOUMEN ROY,382,684.0,0.0,9.0,693.0,34_Form20.pdf
34,,,55,GOPAL CHUNARY,2,684.0,0.0,9.0,693.0,34_Form20.pdf
34,,,55,NAMALA KANTA SARKAR,1,684.0,0.0,9.0,693.0,34_Form20.pdf
34,,,55,ALEN SARKAR,2,684.0,0.0,9.0,693.0,34_Form20.pdf
34,,,55,Dilip Chandra Ray,0,684.0,0.0,9.0,693.0,34_Form20.pdf
34,,,55,SHYAMA SARKAR,1,684.0,0.0,9.0,693.0,34_Form20.pdf
34,,,55,SUDHIR SARKAR,11,684.0,0.0,9.0,693.0,34_Form20.pdf
34,,,55,SURESH BARMAN,2,684.0,0.0,9.0,693.0,34_Form20.pdf
34,,,56,TAPAN DEB SINGHA,124,615.0,0.0,8.0,623.0,34_Form20.pdf
34,,,56,PRAVASH SARKAR,25,615.0,0.0,8.0,623.0,34_Form20.pdf
34,,,56,SOUMEN ROY,436,615.0,0.0,8.0,623.0,34_Form20.pdf
34,,,56,GOPAL CHUNARY,6,615.0,0.0,8.0,623.0,34_Form20.pdf
34,,,56,NAMALA KANTA SARKAR,0,615.0,0.0,8.0,623.0,34_Form20.pdf
34,,,56,ALEN SARKAR,0,615.0,0.0,8.0,623.0,34_Form20.pdf
34,,,56,Dilip Chandra Ray,3,615.0,0.0,8.0,623.0,34_Form20.pdf
34,,,56,SHYAMA SARKAR,3,615.0,0.0,8.0,623.0,34_Form20.pdf
34,,,56,SUDHIR SARKAR,15,615.0,0.0,8.0,623.0,34_Form20.pdf
34,,,56,SURESH BARMAN,3,615.0,0.0,8.0,623.0,34_Form20.pdf
34,,,56(A),TAPAN DEB SINGHA,89,575.0,0.0,9.0,584.0,34_Form20.pdf
34,,,56(A),PRAVASH SARKAR,36,575.0,0.0,9.0,584.0,34_Form20.pdf
34,,,56(A),SOUMEN ROY,429,575.0,0.0,9.0,584.0,34_Form20.pdf
34,,,56(A),GOPAL CHUNARY,3,575.0,0.0,9.0,584.0,34_Form20.pdf
34,,,56(A),NAMALA KANTA SARKAR,0,575.0,0.0,9.0,584.0,34_Form20.pdf
34,,,56(A),ALEN SARKAR,0,575.0,0.0,9.0,584.0,34_Form20.pdf
34,,,56(A),Dilip Chandra Ray,3,575.0,0.0,9.0,584.0,34_Form20.pdf
34,,,56(A),SHYAMA SARKAR,5,575.0,0.0,9.0,584.0,34_Form20.pdf
34,,,56(A),SUDHIR SARKAR,6,575.0,0.0,9.0,584.0,34_Form20.pdf
34,,,56(A),SURESH BARMAN,4,575.0,0.0,9.0,584.0,34_Form20.pdf
34,,,57,TAPAN DEB SINGHA,214,838.0,0.0,17.0,855.0,34_Form20.pdf
34,,,57,PRAVASH SARKAR,95,838.0,0.0,17.0,855.0,34_Form20.pdf
34,,,57,SOUMEN ROY,493,838.0,0.0,17.0,855.0,34_Form20.pdf
34,,,57,GOPAL CHUNARY,3,838.0,0.0,17.0,855.0,34_Form20.pdf
34,,,57,NAMALA KANTA SARKAR,4,838.0,0.0,17.0,855.0,34_Form20.pdf
34,,,57,ALEN SARKAR,2,838.0,0.0,17.0,855.0,34_Form20.pdf
34,,,57,Dilip Chandra Ray,1,838.0,0.0,17.0,855.0,34_Form20.pdf
34,,,57,SHYAMA SARKAR,3,838.0,0.0,17.0,855.0,34_Form20.pdf
34,,,57,SUDHIR SARKAR,16,838.0,0.0,17.0,855.0,34_Form20.pdf
34,,,57,SURESH BARMAN,7,838.0,0.0,17.0,855.0,34_Form20.pdf
34,,,58,TAPAN DEB SINGHA,142,576.0,0.0,10.0,586.0,34_Form20.pdf
34,,,58,PRAVASH SARKAR,28,576.0,0.0,10.0,586.0,34_Form20.pdf
34,,,58,SOUMEN ROY,367,576.0,0.0,10.0,586.0,34_Form20.pdf
34,,,58,GOPAL CHUNARY,4,576.0,0.0,10.0,586.0,34_Form20.pdf
34,,,58,NAMALA KANTA SARKAR,0,576.0,0.0,10.0,586.0,34_Form20.pdf
34,,,58,ALEN SARKAR,2,576.0,0.0,10.0,586.0,34_Form20.pdf
34,,,58,Dilip Chandra Ray,1,576.0,0.0,10.0,586.0,34_Form20.pdf
34,,,58,SHYAMA SARKAR,5,576.0,0.0,10.0,586.0,34_Form20.pdf
34,,,58,SUDHIR SARKAR,24,576.0,0.0,10.0,586.0,34_Form20.pdf
34,,,58,SURESH BARMAN,3,576.0,0.0,10.0,586.0,34_Form20.pdf
34,,,58(A),TAPAN DEB SINGHA,110,573.0,0.0,9.0,582.0,34_Form20.pdf
34,,,58(A),PRAVASH SARKAR,24,573.0,0.0,9.0,582.0,34_Form20.pdf
34,,,58(A),SOUMEN ROY,393,573.0,0.0,9.0,582.0,34_Form20.pdf
34,,,58(A),GOPAL CHUNARY,5,573.0,0.0,9.0,582.0,34_Form20.pdf
34,,,58(A),NAMALA KANTA SARKAR,4,573.0,0.0,9.0,582.0,34_Form20.pdf
34,,,58(A),ALEN SARKAR,2,573.0,0.0,9.0,582.0,34_Form20.pdf
34,,,58(A),Dilip Chandra Ray,1,573.0,0.0,9.0,582.0,34_Form20.pdf
34,,,58(A),SHYAMA SARKAR,3,573.0,0.0,9.0,582.0,34_Form20.pdf
34,,,58(A),SUDHIR SARKAR,23,573.0,0.0,9.0,582.0,34_Form20.pdf
34,,,58(A),SURESH BARMAN,8,573.0,0.0,9.0,582.0,34_Form20.pdf
34,,,59,TAPAN DEB SINGHA,200,721.0,0.0,10.0,731.0,34_Form20.pdf
34,,,59,PRAVASH SARKAR,35,721.0,0.0,10.0,731.0,34_Form20.pdf
34,,,59,SOUMEN ROY,463,721.0,0.0,10.0,731.0,34_Form20.pdf
34,,,59,GOPAL CHUNARY,5,721.0,0.0,10.0,731.0,34_Form20.pdf
34,,,59,NAMALA KANTA SARKAR,0,721.0,0.0,10.0,731.0,34_Form20.pdf
34,,,59,ALEN SARKAR,1,721.0,0.0,10.0,731.0,34_Form20.pdf
34,,,59,Dilip Chandra Ray,3,721.0,0.0,10.0,731.0,34_Form20.pdf
34,,,59,SHYAMA SARKAR,2,721.0,0.0,10.0,731.0,34_Form20.pdf
34,,,59,SUDHIR SARKAR,10,721.0,0.0,10.0,731.0,34_Form20.pdf
34,,,59,SURESH BARMAN,2,721.0,0.0,10.0,731.0,34_Form20.pdf
34,,,60,TAPAN DEB SINGHA,167,797.0,0.0,7.0,804.0,34_Form20.pdf
34,,,60,PRAVASH SARKAR,26,797.0,0.0,7.0,804.0,34_Form20.pdf
34,,,60,SOUMEN ROY,576,797.0,0.0,7.0,804.0,34_Form20.pdf
34,,,60,GOPAL CHUNARY,8,797.0,0.0,7.0,804.0,34_Form20.pdf
34,,,60,NAMALA KANTA SARKAR,1,797.0,0.0,7.0,804.0,34_Form20.pdf
34,,,60,ALEN SARKAR,0,797.0,0.0,7.0,804.0,34_Form20.pdf
34,,,60,Dilip Chandra Ray,2,797.0,0.0,7.0,804.0,34_Form20.pdf
34,,,60,SHYAMA SARKAR,2,797.0,0.0,7.0,804.0,34_Form20.pdf
34,,,60,SUDHIR SARKAR,12,797.0,0.0,7.0,804.0,34_Form20.pdf
34,,,60,SURESH BARMAN,3,797.0,0.0,7.0,804.0,34_Form20.pdf
34,,,61,TAPAN DEB SINGHA,142,630.0,0.0,2.0,632.0,34_Form20.pdf
34,,,61,PRAVASH SARKAR,14,630.0,0.0,2.0,632.0,34_Form20.pdf
34,,,61,SOUMEN ROY,448,630.0,0.0,2.0,632.0,34_Form20.pdf
34,,,61,GOPAL CHUNARY,6,630.0,0.0,2.0,632.0,34_Form20.pdf
34,,,61,NAMALA KANTA SARKAR,2,630.0,0.0,2.0,632.0,34_Form20.pdf
34,,,61,ALEN SARKAR,0,630.0,0.0,2.0,632.0,34_Form20.pdf
34,,,61,Dilip Chandra Ray,2,630.0,0.0,2.0,632.0,34_Form20.pdf
34,,,61,SHYAMA SARKAR,2,630.0,0.0,2.0,632.0,34_Form20.pdf
34,,,61,SUDHIR SARKAR,9,630.0,0.0,2.0,632.0,34_Form20.pdf
34,,,61,SURESH BARMAN,5,630.0,0.0,2.0,632.0,34_Form20.pdf
34,,,62,TAPAN DEB SINGHA,141,424.0,0.0,8.0,432.0,34_Form20.pdf
34,,,62,PRAVASH SARKAR,41,424.0,0.0,8.0,432.0,34_Form20.pdf
34,,,62,SOUMEN ROY,225,424.0,0.0,8.0,432.0,34_Form20.pdf
34,,,62,GOPAL CHUNARY,2,424.0,0.0,8.0,432.0,34_Form20.pdf
34,,,62,NAMALA KANTA SARKAR,0,424.0,0.0,8.0,432.0,34_Form20.pdf
34,,,62,ALEN SARKAR,1,424.0,0.0,8.0,432.0,34_Form20.pdf
34,,,62,Dilip Chandra Ray,0,424.0,0.0,8.0,432.0,34_Form20.pdf
34,,,62,SHYAMA SARKAR,2,424.0,0.0,8.0,432.0,34_Form20.pdf
34,,,62,SUDHIR SARKAR,9,424.0,0.0,8.0,432.0,34_Form20.pdf
34,,,62,SURESH BARMAN,3,424.0,0.0,8.0,432.0,34_Form20.pdf
34,,,63,TAPAN DEB SINGHA,150,491.0,0.0,6.0,497.0,34_Form20.pdf
34,,,63,PRAVASH SARKAR,46,491.0,0.0,6.0,497.0,34_Form20.pdf
34,,,63,SOUMEN ROY,285,491.0,0.0,6.0,497.0,34_Form20.pdf
34,,,63,GOPAL CHUNARY,3,491.0,0.0,6.0,497.0,34_Form20.pdf
34,,,63,NAMALA KANTA SARKAR,0,491.0,0.0,6.0,497.0,34_Form20.pdf
34,,,63,ALEN SARKAR,0,491.0,0.0,6.0,497.0,34_Form20.pdf
34,,,63,Dilip Chandra Ray,0,491.0,0.0,6.0,497.0,34_Form20.pdf
34,,,63,SHYAMA SARKAR,0,491.0,0.0,6.0,497.0,34_Form20.pdf
34,,,63,SUDHIR SARKAR,6,491.0,0.0,6.0,497.0,34_Form20.pdf
34,,,63,SURESH BARMAN,1,491.0,0.0,6.0,497.0,34_Form20.pdf
34,,,63(A),TAPAN DEB SINGHA,109,492.0,0.0,5.0,497.0,34_Form20.pdf
34,,,63(A),PRAVASH SARKAR,24,492.0,0.0,5.0,497.0,34_Form20.pdf
34,,,63(A),SOUMEN ROY,348,492.0,0.0,5.0,497.0,34_Form20.pdf
34,,,63(A),GOPAL CHUNARY,1,492.0,0.0,5.0,497.0,34_Form20.pdf
34,,,63(A),NAMALA KANTA SARKAR,1,492.0,0.0,5.0,497.0,34_Form20.pdf
34,,,63(A),ALEN SARKAR,1,492.0,0.0,5.0,497.0,34_Form20.pdf
34,,,63(A),Dilip Chandra Ray,1,492.0,0.0,5.0,497.0,34_Form20.pdf
34,,,63(A),SHYAMA SARKAR,4,492.0,0.0,5.0,497.0,34_Form20.pdf
34,,,63(A),SUDHIR SARKAR,1,492.0,0.0,5.0,497.0,34_Form20.pdf
34,,,63(A),SURESH BARMAN,1,492.0,0.0,5.0,497.0,34_Form20.pdf
34,,,64,TAPAN DEB SINGHA,186,595.0,0.0,9.0,604.0,34_Form20.pdf
34,,,64,PRAVASH SARKAR,38,595.0,0.0,9.0,604.0,34_Form20.pdf
34,,,64,SOUMEN ROY,354,595.0,0.0,9.0,604.0,34_Form20.pdf
34,,,64,GOPAL CHUNARY,0,595.0,0.0,9.0,604.0,34_Form20.pdf
34,,,64,NAMALA KANTA SARKAR,0,595.0,0.0,9.0,604.0,34_Form20.pdf
34,,,64,ALEN SARKAR,0,595.0,0.0,9.0,604.0,34_Form20.pdf
34,,,64,Dilip Chandra Ray,0,595.0,0.0,9.0,604.0,34_Form20.pdf
34,,,64,SHYAMA SARKAR,5,595.0,0.0,9.0,604.0,34_Form20.pdf
34,,,64,SUDHIR SARKAR,10,595.0,0.0,9.0,604.0,34_Form20.pdf
34,,,64,SURESH BARMAN,2,595.0,0.0,9.0,604.0,34_Form20.pdf
34,,,64(A),TAPAN DEB SINGHA,127,567.0,0.0,12.0,579.0,34_Form20.pdf
34,,,64(A),PRAVASH SARKAR,17,567.0,0.0,12.0,579.0,34_Form20.pdf
34,,,64(A),SOUMEN ROY,394,567.0,0.0,12.0,579.0,34_Form20.pdf
34,,,64(A),GOPAL CHUNARY,6,567.0,0.0,12.0,579.0,34_Form20.pdf
34,,,64(A),NAMALA KANTA SARKAR,1,567.0,0.0,12.0,579.0,34_Form20.pdf
34,,,64(A),ALEN SARKAR,0,567.0,0.0,12.0,579.0,34_Form20.pdf
34,,,64(A),Dilip Chandra Ray,1,567.0,0.0,12.0,579.0,34_Form20.pdf
34,,,64(A),SHYAMA SARKAR,2,567.0,0.0,12.0,579.0,34_Form20.pdf
34,,,64(A),SUDHIR SARKAR,17,567.0,0.0,12.0,579.0,34_Form20.pdf
34,,,64(A),SURESH BARMAN,2,567.0,0.0,12.0,579.0,34_Form20.pdf
34,,,65,TAPAN DEB SINGHA,194,801.0,0.0,8.0,809.0,34_Form20.pdf
34,,,65,PRAVASH SARKAR,57,801.0,0.0,8.0,809.0,34_Form20.pdf
34,,,65,SOUMEN ROY,536,801.0,0.0,8.0,809.0,34_Form20.pdf
34,,,65,GOPAL CHUNARY,1,801.0,0.0,8.0,809.0,34_Form20.pdf
34,,,65,NAMALA KANTA SARKAR,0,801.0,0.0,8.0,809.0,34_Form20.pdf
34,,,65,ALEN SARKAR,0,801.0,0.0,8.0,809.0,34_Form20.pdf
34,,,65,Dilip Chandra Ray,0,801.0,0.0,8.0,809.0,34_Form20.pdf
34,,,65,SHYAMA SARKAR,3,801.0,0.0,8.0,809.0,34_Form20.pdf
34,,,65,SUDHIR SARKAR,7,801.0,0.0,8.0,809.0,34_Form20.pdf
34,,,65,SURESH BARMAN,3,801.0,0.0,8.0,809.0,34_Form20.pdf
34,,,66,TAPAN DEB SINGHA,68,529.0,0.0,6.0,535.0,34_Form20.pdf
34,,,66,PRAVASH SARKAR,12,529.0,0.0,6.0,535.0,34_Form20.pdf
34,,,66,SOUMEN ROY,407,529.0,0.0,6.0,535.0,34_Form20.pdf
34,,,66,GOPAL CHUNARY,9,529.0,0.0,6.0,535.0,34_Form20.pdf
34,,,66,NAMALA KANTA SARKAR,0,529.0,0.0,6.0,535.0,34_Form20.pdf
34,,,66,ALEN SARKAR,0,529.0,0.0,6.0,535.0,34_Form20.pdf
34,,,66,Dilip Chandra Ray,2,529.0,0.0,6.0,535.0,34_Form20.pdf
34,,,66,SHYAMA SARKAR,10,529.0,0.0,6.0,535.0,34_Form20.pdf
34,,,66,SUDHIR SARKAR,19,529.0,0.0,6.0,535.0,34_Form20.pdf
34,,,66,SURESH BARMAN,2,529.0,0.0,6.0,535.0,34_Form20.pdf
34,,,66(A),TAPAN DEB SINGHA,50,474.0,0.0,4.0,478.0,34_Form20.pdf
34,,,66(A),PRAVASH SARKAR,12,474.0,0.0,4.0,478.0,34_Form20.pdf
34,,,66(A),SOUMEN ROY,389,474.0,0.0,4.0,478.0,34_Form20.pdf
34,,,66(A),GOPAL CHUNARY,4,474.0,0.0,4.0,478.0,34_Form20.pdf
34,,,66(A),NAMALA KANTA SARKAR,1,474.0,0.0,4.0,478.0,34_Form20.pdf
34,,,66(A),ALEN SARKAR,0,474.0,0.0,4.0,478.0,34_Form20.pdf
34,,,66(A),Dilip Chandra Ray,0,474.0,0.0,4.0,478.0,34_Form20.pdf
34,,,66(A),SHYAMA SARKAR,3,474.0,0.0,4.0,478.0,34_Form20.pdf
34,,,66(A),SUDHIR SARKAR,14,474.0,0.0,4.0,478.0,34_Form20.pdf
34,,,66(A),SURESH BARMAN,1,474.0,0.0,4.0,478.0,34_Form20.pdf
34,,,67,TAPAN DEB SINGHA,86,435.0,0.0,6.0,441.0,34_Form20.pdf
34,,,67,PRAVASH SARKAR,35,435.0,0.0,6.0,441.0,34_Form20.pdf
34,,,67,SOUMEN ROY,300,435.0,0.0,6.0,441.0,34_Form20.pdf
34,,,67,GOPAL CHUNARY,2,435.0,0.0,6.0,441.0,34_Form20.pdf
34,,,67,NAMALA KANTA SARKAR,0,435.0,0.0,6.0,441.0,34_Form20.pdf
34,,,67,ALEN SARKAR,1,435.0,0.0,6.0,441.0,34_Form20.pdf
34,,,67,Dilip Chandra Ray,1,435.0,0.0,6.0,441.0,34_Form20.pdf
34,,,67,SHYAMA SARKAR,3,435.0,0.0,6.0,441.0,34_Form20.pdf
34,,,67,SUDHIR SARKAR,7,435.0,0.0,6.0,441.0,34_Form20.pdf
34,,,67,SURESH BARMAN,0,435.0,0.0,6.0,441.0,34_Form20.pdf
34,,,68,TAPAN DEB SINGHA,80,365.0,0.0,3.0,368.0,34_Form20.pdf
34,,,68,PRAVASH SARKAR,33,365.0,0.0,3.0,368.0,34_Form20.pdf
34,,,68,SOUMEN ROY,238,365.0,0.0,3.0,368.0,34_Form20.pdf
34,,,68,GOPAL CHUNARY,1,365.0,0.0,3.0,368.0,34_Form20.pdf
34,,,68,NAMALA KANTA SARKAR,1,365.0,0.0,3.0,368.0,34_Form20.pdf
34,,,68,ALEN SARKAR,3,365.0,0.0,3.0,368.0,34_Form20.pdf
34,,,68,Dilip Chandra Ray,0,365.0,0.0,3.0,368.0,34_Form20.pdf
34,,,68,SHYAMA SARKAR,1,365.0,0.0,3.0,368.0,34_Form20.pdf
34,,,68,SUDHIR SARKAR,6,365.0,0.0,3.0,368.0,34_Form20.pdf
34,,,68,SURESH BARMAN,2,365.0,0.0,3.0,368.0,34_Form20.pdf
34,,,69,TAPAN DEB SINGHA,289,535.0,0.0,8.0,543.0,34_Form20.pdf
34,,,69,PRAVASH SARKAR,26,535.0,0.0,8.0,543.0,34_Form20.pdf
34,,,69,SOUMEN ROY,209,535.0,0.0,8.0,543.0,34_Form20.pdf
34,,,69,GOPAL CHUNARY,1,535.0,0.0,8.0,543.0,34_Form20.pdf
34,,,69,NAMALA KANTA SARKAR,1,535.0,0.0,8.0,543.0,34_Form20.pdf
34,,,69,ALEN SARKAR,1,535.0,0.0,8.0,543.0,34_Form20.pdf
34,,,69,Dilip Chandra Ray,0,535.0,0.0,8.0,543.0,34_Form20.pdf
34,,,69,SHYAMA SARKAR,2,535.0,0.0,8.0,543.0,34_Form20.pdf
34,,,69,SUDHIR SARKAR,5,535.0,0.0,8.0,543.0,34_Form20.pdf
34,,,69,SURESH BARMAN,1,535.0,0.0,8.0,543.0,34_Form20.pdf
34,,,69(A),TAPAN DEB SINGHA,173,527.0,0.0,8.0,535.0,34_Form20.pdf
34,,,69(A),PRAVASH SARKAR,27,527.0,0.0,8.0,535.0,34_Form20.pdf
34,,,69(A),SOUMEN ROY,319,527.0,0.0,8.0,535.0,34_Form20.pdf
34,,,69(A),GOPAL CHUNARY,5,527.0,0.0,8.0,535.0,34_Form20.pdf
34,,,69(A),NAMALA KANTA SARKAR,1,527.0,0.0,8.0,535.0,34_Form20.pdf
34,,,69(A),ALEN SARKAR,1,527.0,0.0,8.0,535.0,34_Form20.pdf
34,,,69(A),Dilip Chandra Ray,0,527.0,0.0,8.0,535.0,34_Form20.pdf
34,,,69(A),SHYAMA SARKAR,0,527.0,0.0,8.0,535.0,34_Form20.pdf
34,,,69(A),SUDHIR SARKAR,1,527.0,0.0,8.0,535.0,34_Form20.pdf
34,,,69(A),SURESH BARMAN,1,527.0,0.0,8.0,535.0,34_Form20.pdf
34,,,70,TAPAN DEB SINGHA,158,623.0,0.0,8.0,631.0,34_Form20.pdf
34,,,70,PRAVASH SARKAR,29,623.0,0.0,8.0,631.0,34_Form20.pdf
34,,,70,SOUMEN ROY,415,623.0,0.0,8.0,631.0,34_Form20.pdf
34,,,70,GOPAL CHUNARY,2,623.0,0.0,8.0,631.0,34_Form20.pdf
34,,,70,NAMALA KANTA SARKAR,2,623.0,0.0,8.0,631.0,34_Form20.pdf
34,,,70,ALEN SARKAR,2,623.0,0.0,8.0,631.0,34_Form20.pdf
34,,,70,Dilip Chandra Ray,2,623.0,0.0,8.0,631.0,34_Form20.pdf
34,,,70,SHYAMA SARKAR,3,623.0,0.0,8.0,631.0,34_Form20.pdf
34,,,70,SUDHIR SARKAR,8,623.0,0.0,8.0,631.0,34_Form20.pdf
34,,,70,SURESH BARMAN,2,623.0,0.0,8.0,631.0,34_Form20.pdf
34,,,71,TAPAN DEB SINGHA,232,656.0,0.0,9.0,665.0,34_Form20.pdf
34,,,71,PRAVASH SARKAR,29,656.0,0.0,9.0,665.0,34_Form20.pdf
34,,,71,SOUMEN ROY,374,656.0,0.0,9.0,665.0,34_Form20.pdf
34,,,71,GOPAL CHUNARY,3,656.0,0.0,9.0,665.0,34_Form20.pdf
34,,,71,NAMALA KANTA SARKAR,1,656.0,0.0,9.0,665.0,34_Form20.pdf
34,,,71,ALEN SARKAR,1,656.0,0.0,9.0,665.0,34_Form20.pdf
34,,,71,Dilip Chandra Ray,3,656.0,0.0,9.0,665.0,34_Form20.pdf
34,,,71,SHYAMA SARKAR,2,656.0,0.0,9.0,665.0,34_Form20.pdf
34,,,71,SUDHIR SARKAR,9,656.0,0.0,9.0,665.0,34_Form20.pdf
34,,,71,SURESH BARMAN,2,656.0,0.0,9.0,665.0,34_Form20.pdf
34,,,72,TAPAN DEB SINGHA,116,488.0,0.0,8.0,496.0,34_Form20.pdf
34,,,72,PRAVASH SARKAR,42,488.0,0.0,8.0,496.0,34_Form20.pdf
34,,,72,SOUMEN ROY,308,488.0,0.0,8.0,496.0,34_Form20.pdf
34,,,72,GOPAL CHUNARY,2,488.0,0.0,8.0,496.0,34_Form20.pdf
34,,,72,NAMALA KANTA SARKAR,2,488.0,0.0,8.0,496.0,34_Form20.pdf
34,,,72,ALEN SARKAR,0,488.0,0.0,8.0,496.0,34_Form20.pdf
34,,,72,Dilip Chandra Ray,0,488.0,0.0,8.0,496.0,34_Form20.pdf
34,,,72,SHYAMA SARKAR,2,488.0,0.0,8.0,496.0,34_Form20.pdf
34,,,72,SUDHIR SARKAR,12,488.0,0.0,8.0,496.0,34_Form20.pdf
34,,,72,SURESH BARMAN,4,488.0,0.0,8.0,496.0,34_Form20.pdf
34,,,72(A),TAPAN DEB SINGHA,119,523.0,0.0,9.0,532.0,34_Form20.pdf
34,,,72(A),PRAVASH SARKAR,26,523.0,0.0,9.0,532.0,34_Form20.pdf
34,,,72(A),SOUMEN ROY,359,523.0,0.0,9.0,532.0,34_Form20.pdf
34,,,72(A),GOPAL CHUNARY,2,523.0,0.0,9.0,532.0,34_Form20.pdf
34,,,72(A),NAMALA KANTA SARKAR,0,523.0,0.0,9.0,532.0,34_Form20.pdf
34,,,72(A),ALEN SARKAR,2,523.0,0.0,9.0,532.0,34_Form20.pdf
34,,,72(A),Dilip Chandra Ray,1,523.0,0.0,9.0,532.0,34_Form20.pdf
34,,,72(A),SHYAMA SARKAR,2,523.0,0.0,9.0,532.0,34_Form20.pdf
34,,,72(A),SUDHIR SARKAR,11,523.0,0.0,9.0,532.0,34_Form20.pdf
34,,,72(A),SURESH BARMAN,1,523.0,0.0,9.0,532.0,34_Form20.pdf
34,,,73,TAPAN DEB SINGHA,130,512.0,0.0,5.0,517.0,34_Form20.pdf
34,,,73,PRAVASH SARKAR,13,512.0,0.0,5.0,517.0,34_Form20.pdf
34,,,73,SOUMEN ROY,346,512.0,0.0,5.0,517.0,34_Form20.pdf
34,,,73,GOPAL CHUNARY,1,512.0,0.0,5.0,517.0,34_Form20.pdf
34,,,73,NAMALA KANTA SARKAR,0,512.0,0.0,5.0,517.0,34_Form20.pdf
34,,,73,ALEN SARKAR,1,512.0,0.0,5.0,517.0,34_Form20.pdf
34,,,73,Dilip Chandra Ray,0,512.0,0.0,5.0,517.0,34_Form20.pdf
34,,,73,SHYAMA SARKAR,5,512.0,0.0,5.0,517.0,34_Form20.pdf
34,,,73,SUDHIR SARKAR,14,512.0,0.0,5.0,517.0,34_Form20.pdf
34,,,73,SURESH BARMAN,2,512.0,0.0,5.0,517.0,34_Form20.pdf
34,,,73(A),TAPAN DEB SINGHA,82,,,,,34_Form20.pdf
34,,,73(A),PRAVASH SARKAR,10,,,,,34_Form20.pdf
34,,,73(A),SOUMEN ROY,429,,,,,34_Form20.pdf
34,,,73(A),GOPAL CHUNARY,0,,,,,34_Form20.pdf
34,,,73(A),NAMALA KANTA SARKAR,0,,,,,34_Form20.pdf
34,,,73(A),ALEN SARKAR,0,,,,,34_Form20.pdf
34,,,73(A),Dilip Chandra Ray,0,,,,,34_Form20.pdf
34,,,73(A),SHYAMA SARKAR,7,,,,,34_Form20.pdf
34,,,73(A),SUDHIR SARKAR,1,,,,,34_Form20.pdf
34,,,73(A),SURESH BARMAN,529,,,,,34_Form20.pdf
34,,,74,TAPAN DEB SINGHA,166,542.0,0.0,4.0,546.0,34_Form20.pdf
34,,,74,PRAVASH SARKAR,20,542.0,0.0,4.0,546.0,34_Form20.pdf
34,,,74,SOUMEN ROY,343,542.0,0.0,4.0,546.0,34_Form20.pdf
34,,,74,GOPAL CHUNARY,2,542.0,0.0,4.0,546.0,34_Form20.pdf
34,,,74,NAMALA KANTA SARKAR,3,542.0,0.0,4.0,546.0,34_Form20.pdf
34,,,74,ALEN SARKAR,1,542.0,0.0,4.0,546.0,34_Form20.pdf
34,,,74,Dilip Chandra Ray,0,542.0,0.0,4.0,546.0,34_Form20.pdf
34,,,74,SHYAMA SARKAR,3,542.0,0.0,4.0,546.0,34_Form20.pdf
34,,,74,SUDHIR SARKAR,1,542.0,0.0,4.0,546.0,34_Form20.pdf
34,,,74,SURESH BARMAN,3,542.0,0.0,4.0,546.0,34_Form20.pdf
34,,,74(A),TAPAN DEB SINGHA,131,493.0,0.0,7.0,500.0,34_Form20.pdf
34,,,74(A),PRAVASH SARKAR,14,493.0,0.0,7.0,500.0,34_Form20.pdf
34,,,74(A),SOUMEN ROY,333,493.0,0.0,7.0,500.0,34_Form20.pdf
34,,,74(A),GOPAL CHUNARY,2,493.0,0.0,7.0,500.0,34_Form20.pdf
34,,,74(A),NAMALA KANTA SARKAR,0,493.0,0.0,7.0,500.0,34_Form20.pdf
34,,,74(A),ALEN SARKAR,1,493.0,0.0,7.0,500.0,34_Form20.pdf
34,,,74(A),Dilip Chandra Ray,0,493.0,0.0,7.0,500.0,34_Form20.pdf
34,,,74(A),SHYAMA SARKAR,2,493.0,0.0,7.0,500.0,34_Form20.pdf
34,,,74(A),SUDHIR SARKAR,8,493.0,0.0,7.0,500.0,34_Form20.pdf
34,,,74(A),SURESH BARMAN,2,493.0,0.0,7.0,500.0,34_Form20.pdf
34,,,75,TAPAN DEB SINGHA,174,538.0,0.0,8.0,546.0,34_Form20.pdf
34,,,75,PRAVASH SARKAR,27,538.0,0.0,8.0,546.0,34_Form20.pdf
34,,,75,SOUMEN ROY,322,538.0,0.0,8.0,546.0,34_Form20.pdf
34,,,75,GOPAL CHUNARY,2,538.0,0.0,8.0,546.0,34_Form20.pdf
34,,,75,NAMALA KANTA SARKAR,1,538.0,0.0,8.0,546.0,34_Form20.pdf
34,,,75,ALEN SARKAR,0,538.0,0.0,8.0,546.0,34_Form20.pdf
34,,,75,Dilip Chandra Ray,0,538.0,0.0,8.0,546.0,34_Form20.pdf
34,,,75,SHYAMA SARKAR,1,538.0,0.0,8.0,546.0,34_Form20.pdf
34,,,75,SUDHIR SARKAR,9,538.0,0.0,8.0,546.0,34_Form20.pdf
34,,,75,SURESH BARMAN,2,538.0,0.0,8.0,546.0,34_Form20.pdf
34,,,75(A),TAPAN DEB SINGHA,189,547.0,0.0,10.0,557.0,34_Form20.pdf
34,,,75(A),PRAVASH SARKAR,26,547.0,0.0,10.0,557.0,34_Form20.pdf
34,,,75(A),SOUMEN ROY,313,547.0,0.0,10.0,557.0,34_Form20.pdf
34,,,75(A),GOPAL CHUNARY,0,547.0,0.0,10.0,557.0,34_Form20.pdf
34,,,75(A),NAMALA KANTA SARKAR,1,547.0,0.0,10.0,557.0,34_Form20.pdf
34,,,75(A),ALEN SARKAR,0,547.0,0.0,10.0,557.0,34_Form20.pdf
34,,,75(A),Dilip Chandra Ray,0,547.0,0.0,10.0,557.0,34_Form20.pdf
34,,,75(A),SHYAMA SARKAR,0,547.0,0.0,10.0,557.0,34_Form20.pdf
34,,,75(A),SUDHIR SARKAR,13,547.0,0.0,10.0,557.0,34_Form20.pdf
34,,,75(A),SURESH BARMAN,5,547.0,0.0,10.0,557.0,34_Form20.pdf
34,,,76,TAPAN DEB SINGHA,166,787.0,0.0,12.0,799.0,34_Form20.pdf
34,,,76,PRAVASH SARKAR,29,787.0,0.0,12.0,799.0,34_Form20.pdf
34,,,76,SOUMEN ROY,565,787.0,0.0,12.0,799.0,34_Form20.pdf
34,,,76,GOPAL CHUNARY,3,787.0,0.0,12.0,799.0,34_Form20.pdf
34,,,76,NAMALA KANTA SARKAR,1,787.0,0.0,12.0,799.0,34_Form20.pdf
34,,,76,ALEN SARKAR,1,787.0,0.0,12.0,799.0,34_Form20.pdf
34,,,76,Dilip Chandra Ray,1,787.0,0.0,12.0,799.0,34_Form20.pdf
34,,,76,SHYAMA SARKAR,4,787.0,0.0,12.0,799.0,34_Form20.pdf
34,,,76,SUDHIR SARKAR,15,787.0,0.0,12.0,799.0,34_Form20.pdf
34,,,76,SURESH BARMAN,3,787.0,0.0,12.0,799.0,34_Form20.pdf
34,,,77,TAPAN DEB SINGHA,150,446.0,0.0,4.0,450.0,34_Form20.pdf
34,,,77,PRAVASH SARKAR,31,446.0,0.0,4.0,450.0,34_Form20.pdf
34,,,77,SOUMEN ROY,259,446.0,0.0,4.0,450.0,34_Form20.pdf
34,,,77,GOPAL CHUNARY,0,446.0,0.0,4.0,450.0,34_Form20.pdf
34,,,77,NAMALA KANTA SARKAR,0,446.0,0.0,4.0,450.0,34_Form20.pdf
34,,,77,ALEN SARKAR,0,446.0,0.0,4.0,450.0,34_Form20.pdf
34,,,77,Dilip Chandra Ray,1,446.0,0.0,4.0,450.0,34_Form20.pdf
34,,,77,SHYAMA SARKAR,1,446.0,0.0,4.0,450.0,34_Form20.pdf
34,,,77,SUDHIR SARKAR,2,446.0,0.0,4.0,450.0,34_Form20.pdf
34,,,77,SURESH BARMAN,2,446.0,0.0,4.0,450.0,34_Form20.pdf
34,,,77(A),TAPAN DEB SINGHA,143,453.0,0.0,3.0,456.0,34_Form20.pdf
34,,,77(A),PRAVASH SARKAR,23,453.0,0.0,3.0,456.0,34_Form20.pdf
34,,,77(A),SOUMEN ROY,273,453.0,0.0,3.0,456.0,34_Form20.pdf
34,,,77(A),GOPAL CHUNARY,2,453.0,0.0,3.0,456.0,34_Form20.pdf
34,,,77(A),NAMALA KANTA SARKAR,3,453.0,0.0,3.0,456.0,34_Form20.pdf
34,,,77(A),ALEN SARKAR,1,453.0,0.0,3.0,456.0,34_Form20.pdf
34,,,77(A),Dilip Chandra Ray,1,453.0,0.0,3.0,456.0,34_Form20.pdf
34,,,77(A),SHYAMA SARKAR,0,453.0,0.0,3.0,456.0,34_Form20.pdf
34,,,77(A),SUDHIR SARKAR,5,453.0,0.0,3.0,456.0,34_Form20.pdf
34,,,77(A),SURESH BARMAN,2,453.0,0.0,3.0,456.0,34_Form20.pdf
34,,,78,TAPAN DEB SINGHA,186,567.0,0.0,4.0,571.0,34_Form20.pdf
34,,,78,PRAVASH SARKAR,111,567.0,0.0,4.0,571.0,34_Form20.pdf
34,,,78,SOUMEN ROY,265,567.0,0.0,4.0,571.0,34_Form20.pdf
34,,,78,GOPAL CHUNARY,1,567.0,0.0,4.0,571.0,34_Form20.pdf
34,,,78,NAMALA KANTA SARKAR,0,567.0,0.0,4.0,571.0,34_Form20.pdf
34,,,78,ALEN SARKAR,1,567.0,0.0,4.0,571.0,34_Form20.pdf
34,,,78,Dilip Chandra Ray,0,567.0,0.0,4.0,571.0,34_Form20.pdf
34,,,78,SHYAMA SARKAR,0,567.0,0.0,4.0,571.0,34_Form20.pdf
34,,,78,SUDHIR SARKAR,1,567.0,0.0,4.0,571.0,34_Form20.pdf
34,,,78,SURESH BARMAN,2,567.0,0.0,4.0,571.0,34_Form20.pdf
34,,,79,TAPAN DEB SINGHA,197,719.0,0.0,7.0,726.0,34_Form20.pdf
34,,,79,PRAVASH SARKAR,127,719.0,0.0,7.0,726.0,34_Form20.pdf
34,,,79,SOUMEN ROY,383,719.0,0.0,7.0,726.0,34_Form20.pdf
34,,,79,GOPAL CHUNARY,2,719.0,0.0,7.0,726.0,34_Form20.pdf
34,,,79,NAMALA KANTA SARKAR,0,719.0,0.0,7.0,726.0,34_Form20.pdf
34,,,79,ALEN SARKAR,0,719.0,0.0,7.0,726.0,34_Form20.pdf
34,,,79,Dilip Chandra Ray,3,719.0,0.0,7.0,726.0,34_Form20.pdf
34,,,79,SHYAMA SARKAR,0,719.0,0.0,7.0,726.0,34_Form20.pdf
34,,,79,SUDHIR SARKAR,5,719.0,0.0,7.0,726.0,34_Form20.pdf
34,,,79,SURESH BARMAN,2,719.0,0.0,7.0,726.0,34_Form20.pdf
34,,,80,TAPAN DEB SINGHA,169,480.0,0.0,1.0,481.0,34_Form20.pdf
34,,,80,PRAVASH SARKAR,46,480.0,0.0,1.0,481.0,34_Form20.pdf
34,,,80,SOUMEN ROY,259,480.0,0.0,1.0,481.0,34_Form20.pdf
34,,,80,GOPAL CHUNARY,0,480.0,0.0,1.0,481.0,34_Form20.pdf
34,,,80,NAMALA KANTA SARKAR,1,480.0,0.0,1.0,481.0,34_Form20.pdf
34,,,80,ALEN SARKAR,1,480.0,0.0,1.0,481.0,34_Form20.pdf
34,,,80,Dilip Chandra Ray,0,480.0,0.0,1.0,481.0,34_Form20.pdf
34,,,80,SHYAMA SARKAR,0,480.0,0.0,1.0,481.0,34_Form20.pdf
34,,,80,SUDHIR SARKAR,4,480.0,0.0,1.0,481.0,34_Form20.pdf
34,,,80,SURESH BARMAN,0,480.0,0.0,1.0,481.0,34_Form20.pdf
34,,,80(A),TAPAN DEB SINGHA,167,467.0,0.0,10.0,477.0,34_Form20.pdf
34,,,80(A),PRAVASH SARKAR,34,467.0,0.0,10.0,477.0,34_Form20.pdf
34,,,80(A),SOUMEN ROY,254,467.0,0.0,10.0,477.0,34_Form20.pdf
34,,,80(A),GOPAL CHUNARY,3,467.0,0.0,10.0,477.0,34_Form20.pdf
34,,,80(A),NAMALA KANTA SARKAR,2,467.0,0.0,10.0,477.0,34_Form20.pdf
34,,,80(A),ALEN SARKAR,0,467.0,0.0,10.0,477.0,34_Form20.pdf
34,,,80(A),Dilip Chandra Ray,0,467.0,0.0,10.0,477.0,34_Form20.pdf
34,,,80(A),SHYAMA SARKAR,0,467.0,0.0,10.0,477.0,34_Form20.pdf
34,,,80(A),SUDHIR SARKAR,5,467.0,0.0,10.0,477.0,34_Form20.pdf
34,,,80(A),SURESH BARMAN,2,467.0,0.0,10.0,477.0,34_Form20.pdf
34,,,81,TAPAN DEB SINGHA,191,561.0,0.0,8.0,569.0,34_Form20.pdf
34,,,81,PRAVASH SARKAR,74,561.0,0.0,8.0,569.0,34_Form20.pdf
34,,,81,SOUMEN ROY,291,561.0,0.0,8.0,569.0,34_Form20.pdf
34,,,81,GOPAL CHUNARY,3,561.0,0.0,8.0,569.0,34_Form20.pdf
34,,,81,NAMALA KANTA SARKAR,0,561.0,0.0,8.0,569.0,34_Form20.pdf
34,,,81,ALEN SARKAR,0,561.0,0.0,8.0,569.0,34_Form20.pdf
34,,,81,Dilip Chandra Ray,0,561.0,0.0,8.0,569.0,34_Form20.pdf
34,,,81,SHYAMA SARKAR,0,561.0,0.0,8.0,569.0,34_Form20.pdf
34,,,81,SUDHIR SARKAR,0,561.0,0.0,8.0,569.0,34_Form20.pdf
34,,,81,SURESH BARMAN,2,561.0,0.0,8.0,569.0,34_Form20.pdf
34,,,82,TAPAN DEB SINGHA,194,760.0,0.0,8.0,768.0,34_Form20.pdf
34,,,82,PRAVASH SARKAR,55,760.0,0.0,8.0,768.0,34_Form20.pdf
34,,,82,SOUMEN ROY,503,760.0,0.0,8.0,768.0,34_Form20.pdf
34,,,82,GOPAL CHUNARY,3,760.0,0.0,8.0,768.0,34_Form20.pdf
34,,,82,NAMALA KANTA SARKAR,0,760.0,0.0,8.0,768.0,34_Form20.pdf
34,,,82,ALEN SARKAR,0,760.0,0.0,8.0,768.0,34_Form20.pdf
34,,,82,Dilip Chandra Ray,1,760.0,0.0,8.0,768.0,34_Form20.pdf
34,,,82,SHYAMA SARKAR,0,760.0,0.0,8.0,768.0,34_Form20.pdf
34,,,82,SUDHIR SARKAR,3,760.0,0.0,8.0,768.0,34_Form20.pdf
34,,,82,SURESH BARMAN,1,760.0,0.0,8.0,768.0,34_Form20.pdf
34,,,83,TAPAN DEB SINGHA,210,814.0,0.0,16.0,830.0,34_Form20.pdf
34,,,83,PRAVASH SARKAR,53,814.0,0.0,16.0,830.0,34_Form20.pdf
34,,,83,SOUMEN ROY,511,814.0,0.0,16.0,830.0,34_Form20.pdf
34,,,83,GOPAL CHUNARY,5,814.0,0.0,16.0,830.0,34_Form20.pdf
34,,,83,NAMALA KANTA SARKAR,3,814.0,0.0,16.0,830.0,34_Form20.pdf
34,,,83,ALEN SARKAR,0,814.0,0.0,16.0,830.0,34_Form20.pdf
34,,,83,Dilip Chandra Ray,2,814.0,0.0,16.0,830.0,34_Form20.pdf
34,,,83,SHYAMA SARKAR,0,814.0,0.0,16.0,830.0,34_Form20.pdf
34,,,83,SUDHIR SARKAR,29,814.0,0.0,16.0,830.0,34_Form20.pdf
34,,,83,SURESH BARMAN,1,814.0,0.0,16.0,830.0,34_Form20.pdf
34,,,84,TAPAN DEB SINGHA,147,494.0,0.0,11.0,505.0,34_Form20.pdf
34,,,84,PRAVASH SARKAR,41,494.0,0.0,11.0,505.0,34_Form20.pdf
34,,,84,SOUMEN ROY,268,494.0,0.0,11.0,505.0,34_Form20.pdf
34,,,84,GOPAL CHUNARY,3,494.0,0.0,11.0,505.0,34_Form20.pdf
34,,,84,NAMALA KANTA SARKAR,1,494.0,0.0,11.0,505.0,34_Form20.pdf
34,,,84,ALEN SARKAR,1,494.0,0.0,11.0,505.0,34_Form20.pdf
34,,,84,Dilip Chandra Ray,2,494.0,0.0,11.0,505.0,34_Form20.pdf
34,,,84,SHYAMA SARKAR,1,494.0,0.0,11.0,505.0,34_Form20.pdf
34,,,84,SUDHIR SARKAR,27,494.0,0.0,11.0,505.0,34_Form20.pdf
34,,,84,SURESH BARMAN,3,494.0,0.0,11.0,505.0,34_Form20.pdf
34,,,84(A),TAPAN DEB SINGHA,193,514.0,0.0,6.0,520.0,34_Form20.pdf
34,,,84(A),PRAVASH SARKAR,50,514.0,0.0,6.0,520.0,34_Form20.pdf
34,,,84(A),SOUMEN ROY,242,514.0,0.0,6.0,520.0,34_Form20.pdf
34,,,84(A),GOPAL CHUNARY,1,514.0,0.0,6.0,520.0,34_Form20.pdf
34,,,84(A),NAMALA KANTA SARKAR,1,514.0,0.0,6.0,520.0,34_Form20.pdf
34,,,84(A),ALEN SARKAR,1,514.0,0.0,6.0,520.0,34_Form20.pdf
34,,,84(A),Dilip Chandra Ray,0,514.0,0.0,6.0,520.0,34_Form20.pdf
34,,,84(A),SHYAMA SARKAR,2,514.0,0.0,6.0,520.0,34_Form20.pdf
34,,,84(A),SUDHIR SARKAR,22,514.0,0.0,6.0,520.0,34_Form20.pdf
34,,,84(A),SURESH BARMAN,2,514.0,0.0,6.0,520.0,34_Form20.pdf
34,,,85,TAPAN DEB SINGHA,193,591.0,0.0,7.0,598.0,34_Form20.pdf
34,,,85,PRAVASH SARKAR,57,591.0,0.0,7.0,598.0,34_Form20.pdf
34,,,85,SOUMEN ROY,294,591.0,0.0,7.0,598.0,34_Form20.pdf
34,,,85,GOPAL CHUNARY,9,591.0,0.0,7.0,598.0,34_Form20.pdf
34,,,85,NAMALA KANTA SARKAR,0,591.0,0.0,7.0,598.0,34_Form20.pdf
34,,,85,ALEN SARKAR,1,591.0,0.0,7.0,598.0,34_Form20.pdf
34,,,85,Dilip Chandra Ray,3,591.0,0.0,7.0,598.0,34_Form20.pdf
34,,,85,SHYAMA SARKAR,2,591.0,0.0,7.0,598.0,34_Form20.pdf
34,,,85,SUDHIR SARKAR,27,591.0,0.0,7.0,598.0,34_Form20.pdf
34,,,85,SURESH BARMAN,4,591.0,0.0,7.0,598.0,34_Form20.pdf
34,,,85(A),TAPAN DEB SINGHA,124,571.0,0.0,4.0,575.0,34_Form20.pdf
34,,,85(A),PRAVASH SARKAR,64,571.0,0.0,4.0,575.0,34_Form20.pdf
34,,,85(A),SOUMEN ROY,331,571.0,0.0,4.0,575.0,34_Form20.pdf
34,,,85(A),GOPAL CHUNARY,0,571.0,0.0,4.0,575.0,34_Form20.pdf
34,,,85(A),NAMALA KANTA SARKAR,1,571.0,0.0,4.0,575.0,34_Form20.pdf
34,,,85(A),ALEN SARKAR,2,571.0,0.0,4.0,575.0,34_Form20.pdf
34,,,85(A),Dilip Chandra Ray,2,571.0,0.0,4.0,575.0,34_Form20.pdf
34,,,85(A),SHYAMA SARKAR,2,571.0,0.0,4.0,575.0,34_Form20.pdf
34,,,85(A),SUDHIR SARKAR,43,571.0,0.0,4.0,575.0,34_Form20.pdf
34,,,85(A),SURESH BARMAN,2,571.0,0.0,4.0,575.0,34_Form20.pdf
34,,,86,TAPAN DEB SINGHA,99,584.0,0.0,9.0,593.0,34_Form20.pdf
34,,,86,PRAVASH SARKAR,142,584.0,0.0,9.0,593.0,34_Form20.pdf
34,,,86,SOUMEN ROY,314,584.0,0.0,9.0,593.0,34_Form20.pdf
34,,,86,GOPAL CHUNARY,1,584.0,0.0,9.0,593.0,34_Form20.pdf
34,,,86,NAMALA KANTA SARKAR,2,584.0,0.0,9.0,593.0,34_Form20.pdf
34,,,86,ALEN SARKAR,1,584.0,0.0,9.0,593.0,34_Form20.pdf
34,,,86,Dilip Chandra Ray,1,584.0,0.0,9.0,593.0,34_Form20.pdf
34,,,86,SHYAMA SARKAR,3,584.0,0.0,9.0,593.0,34_Form20.pdf
34,,,86,SUDHIR SARKAR,18,584.0,0.0,9.0,593.0,34_Form20.pdf
34,,,86,SURESH BARMAN,3,584.0,0.0,9.0,593.0,34_Form20.pdf
34,,,86(A),TAPAN DEB SINGHA,93,570.0,0.0,11.0,581.0,34_Form20.pdf
34,,,86(A),PRAVASH SARKAR,122,570.0,0.0,11.0,581.0,34_Form20.pdf
34,,,86(A),SOUMEN ROY,326,570.0,0.0,11.0,581.0,34_Form20.pdf
34,,,86(A),GOPAL CHUNARY,8,570.0,0.0,11.0,581.0,34_Form20.pdf
34,,,86(A),NAMALA KANTA SARKAR,0,570.0,0.0,11.0,581.0,34_Form20.pdf
34,,,86(A),ALEN SARKAR,1,570.0,0.0,11.0,581.0,34_Form20.pdf
34,,,86(A),Dilip Chandra Ray,2,570.0,0.0,11.0,581.0,34_Form20.pdf
34,,,86(A),SHYAMA SARKAR,2,570.0,0.0,11.0,581.0,34_Form20.pdf
34,,,86(A),SUDHIR SARKAR,15,570.0,0.0,11.0,581.0,34_Form20.pdf
34,,,86(A),SURESH BARMAN,1,570.0,0.0,11.0,581.0,34_Form20.pdf
34,,,87,TAPAN DEB SINGHA,256,554.0,0.0,2.0,556.0,34_Form20.pdf
34,,,87,PRAVASH SARKAR,150,554.0,0.0,2.0,556.0,34_Form20.pdf
34,,,87,SOUMEN ROY,133,554.0,0.0,2.0,556.0,34_Form20.pdf
34,,,87,GOPAL CHUNARY,0,554.0,0.0,2.0,556.0,34_Form20.pdf
34,,,87,NAMALA KANTA SARKAR,1,554.0,0.0,2.0,556.0,34_Form20.pdf
34,,,87,ALEN SARKAR,0,554.0,0.0,2.0,556.0,34_Form20.pdf
34,,,87,Dilip Chandra Ray,0,554.0,0.0,2.0,556.0,34_Form20.pdf
34,,,87,SHYAMA SARKAR,3,554.0,0.0,2.0,556.0,34_Form20.pdf
34,,,87,SUDHIR SARKAR,7,554.0,0.0,2.0,556.0,34_Form20.pdf
34,,,87,SURESH BARMAN,4,554.0,0.0,2.0,556.0,34_Form20.pdf
34,,,87(A),TAPAN DEB SINGHA,199,529.0,0.0,4.0,533.0,34_Form20.pdf
34,,,87(A),PRAVASH SARKAR,185,529.0,0.0,4.0,533.0,34_Form20.pdf
34,,,87(A),SOUMEN ROY,135,529.0,0.0,4.0,533.0,34_Form20.pdf
34,,,87(A),GOPAL CHUNARY,0,529.0,0.0,4.0,533.0,34_Form20.pdf
34,,,87(A),NAMALA KANTA SARKAR,1,529.0,0.0,4.0,533.0,34_Form20.pdf
34,,,87(A),ALEN SARKAR,0,529.0,0.0,4.0,533.0,34_Form20.pdf
34,,,87(A),Dilip Chandra Ray,0,529.0,0.0,4.0,533.0,34_Form20.pdf
34,,,87(A),SHYAMA SARKAR,3,529.0,0.0,4.0,533.0,34_Form20.pdf
34,,,87(A),SUDHIR SARKAR,5,529.0,0.0,4.0,533.0,34_Form20.pdf
34,,,87(A),SURESH BARMAN,1,529.0,0.0,4.0,533.0,34_Form20.pdf
34,,,88,TAPAN DEB SINGHA,207,602.0,0.0,8.0,610.0,34_Form20.pdf
34,,,88,PRAVASH SARKAR,25,602.0,0.0,8.0,610.0,34_Form20.pdf
34,,,88,SOUMEN ROY,358,602.0,0.0,8.0,610.0,34_Form20.pdf
34,,,88,GOPAL CHUNARY,2,602.0,0.0,8.0,610.0,34_Form20.pdf
34,,,88,NAMALA KANTA SARKAR,0,602.0,0.0,8.0,610.0,34_Form20.pdf
34,,,88,ALEN SARKAR,1,602.0,0.0,8.0,610.0,34_Form20.pdf
34,,,88,Dilip Chandra Ray,0,602.0,0.0,8.0,610.0,34_Form20.pdf
34,,,88,SHYAMA SARKAR,1,602.0,0.0,8.0,610.0,34_Form20.pdf
34,,,88,SUDHIR SARKAR,6,602.0,0.0,8.0,610.0,34_Form20.pdf
34,,,88,SURESH BARMAN,2,602.0,0.0,8.0,610.0,34_Form20.pdf
34,,,89,TAPAN DEB SINGHA,194,607.0,0.0,8.0,615.0,34_Form20.pdf
34,,,89,PRAVASH SARKAR,15,607.0,0.0,8.0,615.0,34_Form20.pdf
34,,,89,SOUMEN ROY,368,607.0,0.0,8.0,615.0,34_Form20.pdf
34,,,89,GOPAL CHUNARY,0,607.0,0.0,8.0,615.0,34_Form20.pdf
34,,,89,NAMALA KANTA SARKAR,1,607.0,0.0,8.0,615.0,34_Form20.pdf
34,,,89,ALEN SARKAR,1,607.0,0.0,8.0,615.0,34_Form20.pdf
34,,,89,Dilip Chandra Ray,3,607.0,0.0,8.0,615.0,34_Form20.pdf
34,,,89,SHYAMA SARKAR,4,607.0,0.0,8.0,615.0,34_Form20.pdf
34,,,89,SUDHIR SARKAR,19,607.0,0.0,8.0,615.0,34_Form20.pdf
34,,,89,SURESH BARMAN,2,607.0,0.0,8.0,615.0,34_Form20.pdf
34,,,90,TAPAN DEB SINGHA,256,433.0,0.0,11.0,444.0,34_Form20.pdf
34,,,90,PRAVASH SARKAR,17,433.0,0.0,11.0,444.0,34_Form20.pdf
34,,,90,SOUMEN ROY,153,433.0,0.0,11.0,444.0,34_Form20.pdf
34,,,90,GOPAL CHUNARY,2,433.0,0.0,11.0,444.0,34_Form20.pdf
34,,,90,NAMALA KANTA SARKAR,0,433.0,0.0,11.0,444.0,34_Form20.pdf
34,,,90,ALEN SARKAR,1,433.0,0.0,11.0,444.0,34_Form20.pdf
34,,,90,Dilip Chandra Ray,1,433.0,0.0,11.0,444.0,34_Form20.pdf
34,,,90,SHYAMA SARKAR,2,433.0,0.0,11.0,444.0,34_Form20.pdf
34,,,90,SUDHIR SARKAR,2,433.0,0.0,11.0,444.0,34_Form20.pdf
34,,,90,SURESH BARMAN,0,433.0,0.0,11.0,444.0,34_Form20.pdf
34,,,90(A),TAPAN DEB SINGHA,155,456.0,0.0,6.0,462.0,34_Form20.pdf
34,,,90(A),PRAVASH SARKAR,13,456.0,0.0,6.0,462.0,34_Form20.pdf
34,,,90(A),SOUMEN ROY,271,456.0,0.0,6.0,462.0,34_Form20.pdf
34,,,90(A),GOPAL CHUNARY,4,456.0,0.0,6.0,462.0,34_Form20.pdf
34,,,90(A),NAMALA KANTA SARKAR,1,456.0,0.0,6.0,462.0,34_Form20.pdf
34,,,90(A),ALEN SARKAR,1,456.0,0.0,6.0,462.0,34_Form20.pdf
34,,,90(A),Dilip Chandra Ray,2,456.0,0.0,6.0,462.0,34_Form20.pdf
34,,,90(A),SHYAMA SARKAR,2,456.0,0.0,6.0,462.0,34_Form20.pdf
34,,,90(A),SUDHIR SARKAR,7,456.0,0.0,6.0,462.0,34_Form20.pdf
34,,,90(A),SURESH BARMAN,0,456.0,0.0,6.0,462.0,34_Form20.pdf
34,,,91,TAPAN DEB SINGHA,182,545.0,0.0,12.0,557.0,34_Form20.pdf
34,,,91,PRAVASH SARKAR,78,545.0,0.0,12.0,557.0,34_Form20.pdf
34,,,91,SOUMEN ROY,254,545.0,0.0,12.0,557.0,34_Form20.pdf
34,,,91,GOPAL CHUNARY,2,545.0,0.0,12.0,557.0,34_Form20.pdf
34,,,91,NAMALA KANTA SARKAR,1,545.0,0.0,12.0,557.0,34_Form20.pdf
34,,,91,ALEN SARKAR,1,545.0,0.0,12.0,557.0,34_Form20.pdf
34,,,91,Dilip Chandra Ray,0,545.0,0.0,12.0,557.0,34_Form20.pdf
34,,,91,SHYAMA SARKAR,4,545.0,0.0,12.0,557.0,34_Form20.pdf
34,,,91,SUDHIR SARKAR,18,545.0,0.0,12.0,557.0,34_Form20.pdf
34,,,91,SURESH BARMAN,5,545.0,0.0,12.0,557.0,34_Form20.pdf
34,,,91(A),TAPAN DEB SINGHA,154,532.0,0.0,8.0,540.0,34_Form20.pdf
34,,,91(A),PRAVASH SARKAR,42,532.0,0.0,8.0,540.0,34_Form20.pdf
34,,,91(A),SOUMEN ROY,301,532.0,0.0,8.0,540.0,34_Form20.pdf
34,,,91(A),GOPAL CHUNARY,2,532.0,0.0,8.0,540.0,34_Form20.pdf
34,,,91(A),NAMALA KANTA SARKAR,3,532.0,0.0,8.0,540.0,34_Form20.pdf
34,,,91(A),ALEN SARKAR,1,532.0,0.0,8.0,540.0,34_Form20.pdf
34,,,91(A),Dilip Chandra Ray,1,532.0,0.0,8.0,540.0,34_Form20.pdf
34,,,91(A),SHYAMA SARKAR,3,532.0,0.0,8.0,540.0,34_Form20.pdf
34,,,91(A),SUDHIR SARKAR,22,532.0,0.0,8.0,540.0,34_Form20.pdf
34,,,91(A),SURESH BARMAN,3,532.0,0.0,8.0,540.0,34_Form20.pdf
34,,,92,TAPAN DEB SINGHA,335,578.0,0.0,2.0,580.0,34_Form20.pdf
34,,,92,PRAVASH SARKAR,27,578.0,0.0,2.0,580.0,34_Form20.pdf
34,,,92,SOUMEN ROY,193,578.0,0.0,2.0,580.0,34_Form20.pdf
34,,,92,GOPAL CHUNARY,4,578.0,0.0,2.0,580.0,34_Form20.pdf
34,,,92,NAMALA KANTA SARKAR,0,578.0,0.0,2.0,580.0,34_Form20.pdf
34,,,92,ALEN SARKAR,0,578.0,0.0,2.0,580.0,34_Form20.pdf
34,,,92,Dilip Chandra Ray,2,578.0,0.0,2.0,580.0,34_Form20.pdf
34,,,92,SHYAMA SARKAR,1,578.0,0.0,2.0,580.0,34_Form20.pdf
34,,,92,SUDHIR SARKAR,15,578.0,0.0,2.0,580.0,34_Form20.pdf
34,,,92,SURESH BARMAN,1,578.0,0.0,2.0,580.0,34_Form20.pdf
34,,,92(A),TAPAN DEB SINGHA,175,556.0,0.0,6.0,562.0,34_Form20.pdf
34,,,92(A),PRAVASH SARKAR,36,556.0,0.0,6.0,562.0,34_Form20.pdf
34,,,92(A),SOUMEN ROY,310,556.0,0.0,6.0,562.0,34_Form20.pdf
34,,,92(A),GOPAL CHUNARY,5,556.0,0.0,6.0,562.0,34_Form20.pdf
34,,,92(A),NAMALA KANTA SARKAR,2,556.0,0.0,6.0,562.0,34_Form20.pdf
34,,,92(A),ALEN SARKAR,2,556.0,0.0,6.0,562.0,34_Form20.pdf
34,,,92(A),Dilip Chandra Ray,1,556.0,0.0,6.0,562.0,34_Form20.pdf
34,,,92(A),SHYAMA SARKAR,3,556.0,0.0,6.0,562.0,34_Form20.pdf
34,,,92(A),SUDHIR SARKAR,16,556.0,0.0,6.0,562.0,34_Form20.pdf
34,,,92(A),SURESH BARMAN,6,556.0,0.0,6.0,562.0,34_Form20.pdf
34,,,93,TAPAN DEB SINGHA,282,636.0,0.0,8.0,644.0,34_Form20.pdf
34,,,93,PRAVASH SARKAR,23,636.0,0.0,8.0,644.0,34_Form20.pdf
34,,,93,SOUMEN ROY,306,636.0,0.0,8.0,644.0,34_Form20.pdf
34,,,93,GOPAL CHUNARY,2,636.0,0.0,8.0,644.0,34_Form20.pdf
34,,,93,NAMALA KANTA SARKAR,1,636.0,0.0,8.0,644.0,34_Form20.pdf
34,,,93,ALEN SARKAR,0,636.0,0.0,8.0,644.0,34_Form20.pdf
34,,,93,Dilip Chandra Ray,1,636.0,0.0,8.0,644.0,34_Form20.pdf
34,,,93,SHYAMA SARKAR,1,636.0,0.0,8.0,644.0,34_Form20.pdf
34,,,93,SUDHIR SARKAR,20,636.0,0.0,8.0,644.0,34_Form20.pdf
34,,,93,SURESH BARMAN,0,636.0,0.0,8.0,644.0,34_Form20.pdf
34,,,94,TAPAN DEB SINGHA,502,890.0,0.0,12.0,902.0,34_Form20.pdf
34,,,94,PRAVASH SARKAR,20,890.0,0.0,12.0,902.0,34_Form20.pdf
34,,,94,SOUMEN ROY,341,890.0,0.0,12.0,902.0,34_Form20.pdf
34,,,94,GOPAL CHUNARY,4,890.0,0.0,12.0,902.0,34_Form20.pdf
34,,,94,NAMALA KANTA SARKAR,2,890.0,0.0,12.0,902.0,34_Form20.pdf
34,,,94,ALEN SARKAR,1,890.0,0.0,12.0,902.0,34_Form20.pdf
34,,,94,Dilip Chandra Ray,1,890.0,0.0,12.0,902.0,34_Form20.pdf
34,,,94,SHYAMA SARKAR,2,890.0,0.0,12.0,902.0,34_Form20.pdf
34,,,94,SUDHIR SARKAR,13,890.0,0.0,12.0,902.0,34_Form20.pdf
34,,,94,SURESH BARMAN,4,890.0,0.0,12.0,902.0,34_Form20.pdf
34,,,95,TAPAN DEB SINGHA,284,490.0,0.0,6.0,496.0,34_Form20.pdf
34,,,95,PRAVASH SARKAR,30,490.0,0.0,6.0,496.0,34_Form20.pdf
34,,,95,SOUMEN ROY,166,490.0,0.0,6.0,496.0,34_Form20.pdf
34,,,95,GOPAL CHUNARY,1,490.0,0.0,6.0,496.0,34_Form20.pdf
34,,,95,NAMALA KANTA SARKAR,0,490.0,0.0,6.0,496.0,34_Form20.pdf
34,,,95,ALEN SARKAR,1,490.0,0.0,6.0,496.0,34_Form20.pdf
34,,,95,Dilip Chandra Ray,0,490.0,0.0,6.0,496.0,34_Form20.pdf
34,,,95,SHYAMA SARKAR,1,490.0,0.0,6.0,496.0,34_Form20.pdf
34,,,95,SUDHIR SARKAR,4,490.0,0.0,6.0,496.0,34_Form20.pdf
34,,,95,SURESH BARMAN,3,490.0,0.0,6.0,496.0,34_Form20.pdf
34,,,95(A),TAPAN DEB SINGHA,211,508.0,0.0,6.0,514.0,34_Form20.pdf
34,,,95(A),PRAVASH SARKAR,25,508.0,0.0,6.0,514.0,34_Form20.pdf
34,,,95(A),SOUMEN ROY,249,508.0,0.0,6.0,514.0,34_Form20.pdf
34,,,95(A),GOPAL CHUNARY,4,508.0,0.0,6.0,514.0,34_Form20.pdf
34,,,95(A),NAMALA KANTA SARKAR,2,508.0,0.0,6.0,514.0,34_Form20.pdf
34,,,95(A),ALEN SARKAR,0,508.0,0.0,6.0,514.0,34_Form20.pdf
34,,,95(A),Dilip Chandra Ray,0,508.0,0.0,6.0,514.0,34_Form20.pdf
34,,,95(A),SHYAMA SARKAR,2,508.0,0.0,6.0,514.0,34_Form20.pdf
34,,,95(A),SUDHIR SARKAR,10,508.0,0.0,6.0,514.0,34_Form20.pdf
34,,,95(A),SURESH BARMAN,5,508.0,0.0,6.0,514.0,34_Form20.pdf
34,,,96,TAPAN DEB SINGHA,210,516.0,0.0,10.0,526.0,34_Form20.pdf
34,,,96,PRAVASH SARKAR,31,516.0,0.0,10.0,526.0,34_Form20.pdf
34,,,96,SOUMEN ROY,249,516.0,0.0,10.0,526.0,34_Form20.pdf
34,,,96,GOPAL CHUNARY,1,516.0,0.0,10.0,526.0,34_Form20.pdf
34,,,96,NAMALA KANTA SARKAR,1,516.0,0.0,10.0,526.0,34_Form20.pdf
34,,,96,ALEN SARKAR,1,516.0,0.0,10.0,526.0,34_Form20.pdf
34,,,96,Dilip Chandra Ray,2,516.0,0.0,10.0,526.0,34_Form20.pdf
34,,,96,SHYAMA SARKAR,3,516.0,0.0,10.0,526.0,34_Form20.pdf
34,,,96,SUDHIR SARKAR,14,516.0,0.0,10.0,526.0,34_Form20.pdf
34,,,96,SURESH BARMAN,4,516.0,0.0,10.0,526.0,34_Form20.pdf
34,,,97,TAPAN DEB SINGHA,255,829.0,0.0,12.0,841.0,34_Form20.pdf
34,,,97,PRAVASH SARKAR,27,829.0,0.0,12.0,841.0,34_Form20.pdf
34,,,97,SOUMEN ROY,512,829.0,0.0,12.0,841.0,34_Form20.pdf
34,,,97,GOPAL CHUNARY,4,829.0,0.0,12.0,841.0,34_Form20.pdf
34,,,97,NAMALA KANTA SARKAR,2,829.0,0.0,12.0,841.0,34_Form20.pdf
34,,,97,ALEN SARKAR,2,829.0,0.0,12.0,841.0,34_Form20.pdf
34,,,97,Dilip Chandra Ray,2,829.0,0.0,12.0,841.0,34_Form20.pdf
34,,,97,SHYAMA SARKAR,1,829.0,0.0,12.0,841.0,34_Form20.pdf
34,,,97,SUDHIR SARKAR,22,829.0,0.0,12.0,841.0,34_Form20.pdf
34,,,97,SURESH BARMAN,2,829.0,0.0,12.0,841.0,34_Form20.pdf
34,,,98,TAPAN DEB SINGHA,67,534.0,0.0,7.0,541.0,34_Form20.pdf
34,,,98,PRAVASH SARKAR,28,534.0,0.0,7.0,541.0,34_Form20.pdf
34,,,98,SOUMEN ROY,398,534.0,0.0,7.0,541.0,34_Form20.pdf
34,,,98,GOPAL CHUNARY,3,534.0,0.0,7.0,541.0,34_Form20.pdf
34,,,98,NAMALA KANTA SARKAR,4,534.0,0.0,7.0,541.0,34_Form20.pdf
34,,,98,ALEN SARKAR,1,534.0,0.0,7.0,541.0,34_Form20.pdf
34,,,98,Dilip Chandra Ray,0,534.0,0.0,7.0,541.0,34_Form20.pdf
34,,,98,SHYAMA SARKAR,7,534.0,0.0,7.0,541.0,34_Form20.pdf
34,,,98,SUDHIR SARKAR,22,534.0,0.0,7.0,541.0,34_Form20.pdf
34,,,98,SURESH BARMAN,4,534.0,0.0,7.0,541.0,34_Form20.pdf
34,,,98(A),TAPAN DEB SINGHA,121,536.0,0.0,7.0,543.0,34_Form20.pdf
34,,,98(A),PRAVASH SARKAR,22,536.0,0.0,7.0,543.0,34_Form20.pdf
34,,,98(A),SOUMEN ROY,361,536.0,0.0,7.0,543.0,34_Form20.pdf
34,,,98(A),GOPAL CHUNARY,8,536.0,0.0,7.0,543.0,34_Form20.pdf
34,,,98(A),NAMALA KANTA SARKAR,1,536.0,0.0,7.0,543.0,34_Form20.pdf
34,,,98(A),ALEN SARKAR,1,536.0,0.0,7.0,543.0,34_Form20.pdf
34,,,98(A),Dilip Chandra Ray,1,536.0,0.0,7.0,543.0,34_Form20.pdf
34,,,98(A),SHYAMA SARKAR,7,536.0,0.0,7.0,543.0,34_Form20.pdf
34,,,98(A),SUDHIR SARKAR,11,536.0,0.0,7.0,543.0,34_Form20.pdf
34,,,98(A),SURESH BARMAN,3,536.0,0.0,7.0,543.0,34_Form20.pdf
34,,,99,TAPAN DEB SINGHA,290,886.0,0.0,10.0,896.0,34_Form20.pdf
34,,,99,PRAVASH SARKAR,51,886.0,0.0,10.0,896.0,34_Form20.pdf
34,,,99,SOUMEN ROY,516,886.0,0.0,10.0,896.0,34_Form20.pdf
34,,,99,GOPAL CHUNARY,4,886.0,0.0,10.0,896.0,34_Form20.pdf
34,,,99,NAMALA KANTA SARKAR,0,886.0,0.0,10.0,896.0,34_Form20.pdf
34,,,99,ALEN SARKAR,1,886.0,0.0,10.0,896.0,34_Form20.pdf
34,,,99,Dilip Chandra Ray,5,886.0,0.0,10.0,896.0,34_Form20.pdf
34,,,99,SHYAMA SARKAR,4,886.0,0.0,10.0,896.0,34_Form20.pdf
34,,,99,SUDHIR SARKAR,11,886.0,0.0,10.0,896.0,34_Form20.pdf
34,,,99,SURESH BARMAN,4,886.0,0.0,10.0,896.0,34_Form20.pdf
34,,,100,TAPAN DEB SINGHA,164,564.0,0.0,14.0,578.0,34_Form20.pdf
34,,,100,PRAVASH SARKAR,16,564.0,0.0,14.0,578.0,34_Form20.pdf
34,,,100,SOUMEN ROY,343,564.0,0.0,14.0,578.0,34_Form20.pdf
34,,,100,GOPAL CHUNARY,5,564.0,0.0,14.0,578.0,34_Form20.pdf
34,,,100,NAMALA KANTA SARKAR,2,564.0,0.0,14.0,578.0,34_Form20.pdf
34,,,100,ALEN SARKAR,2,564.0,0.0,14.0,578.0,34_Form20.pdf
34,,,100,Dilip Chandra Ray,4,564.0,0.0,14.0,578.0,34_Form20.pdf
34,,,100,SHYAMA SARKAR,3,564.0,0.0,14.0,578.0,34_Form20.pdf
34,,,100,SUDHIR SARKAR,22,564.0,0.0,14.0,578.0,34_Form20.pdf
34,,,100,SURESH BARMAN,2,564.0,0.0,14.0,578.0,34_Form20.pdf
34,,,100(A),TAPAN DEB SINGHA,124,543.0,0.0,7.0,550.0,34_Form20.pdf
34,,,100(A),PRAVASH SARKAR,31,543.0,0.0,7.0,550.0,34_Form20.pdf
34,,,100(A),SOUMEN ROY,366,543.0,0.0,7.0,550.0,34_Form20.pdf
34,,,100(A),GOPAL CHUNARY,5,543.0,0.0,7.0,550.0,34_Form20.pdf
34,,,100(A),NAMALA KANTA SARKAR,2,543.0,0.0,7.0,550.0,34_Form20.pdf
34,,,100(A),ALEN SARKAR,1,543.0,0.0,7.0,550.0,34_Form20.pdf
34,,,100(A),Dilip Chandra Ray,2,543.0,0.0,7.0,550.0,34_Form20.pdf
34,,,100(A),SHYAMA SARKAR,1,543.0,0.0,7.0,550.0,34_Form20.pdf
34,,,100(A),SUDHIR SARKAR,8,543.0,0.0,7.0,550.0,34_Form20.pdf
34,,,100(A),SURESH BARMAN,3,543.0,0.0,7.0,550.0,34_Form20.pdf
34,,,101,TAPAN DEB SINGHA,213,882.0,0.0,15.0,897.0,34_Form20.pdf
34,,,101,PRAVASH SARKAR,97,882.0,0.0,15.0,897.0,34_Form20.pdf
34,,,101,SOUMEN ROY,536,882.0,0.0,15.0,897.0,34_Form20.pdf
34,,,101,GOPAL CHUNARY,4,882.0,0.0,15.0,897.0,34_Form20.pdf
34,,,101,NAMALA KANTA SARKAR,2,882.0,0.0,15.0,897.0,34_Form20.pdf
34,,,101,ALEN SARKAR,2,882.0,0.0,15.0,897.0,34_Form20.pdf
34,,,101,Dilip Chandra Ray,6,882.0,0.0,15.0,897.0,34_Form20.pdf
34,,,101,SHYAMA SARKAR,7,882.0,0.0,15.0,897.0,34_Form20.pdf
34,,,101,SUDHIR SARKAR,11,882.0,0.0,15.0,897.0,34_Form20.pdf
34,,,101,SURESH BARMAN,4,882.0,0.0,15.0,897.0,34_Form20.pdf
34,,,102,TAPAN DEB SINGHA,139,638.0,0.0,6.0,644.0,34_Form20.pdf
34,,,102,PRAVASH SARKAR,145,638.0,0.0,6.0,644.0,34_Form20.pdf
34,,,102,SOUMEN ROY,305,638.0,0.0,6.0,644.0,34_Form20.pdf
34,,,102,GOPAL CHUNARY,3,638.0,0.0,6.0,644.0,34_Form20.pdf
34,,,102,NAMALA KANTA SARKAR,3,638.0,0.0,6.0,644.0,34_Form20.pdf
34,,,102,ALEN SARKAR,2,638.0,0.0,6.0,644.0,34_Form20.pdf
34,,,102,Dilip Chandra Ray,2,638.0,0.0,6.0,644.0,34_Form20.pdf
34,,,102,SHYAMA SARKAR,3,638.0,0.0,6.0,644.0,34_Form20.pdf
34,,,102,SUDHIR SARKAR,33,638.0,0.0,6.0,644.0,34_Form20.pdf
34,,,102,SURESH BARMAN,1,638.0,0.0,6.0,644.0,34_Form20.pdf
34,,,103,TAPAN DEB SINGHA,202,777.0,0.0,4.0,781.0,34_Form20.pdf
34,,,103,PRAVASH SARKAR,88,777.0,0.0,4.0,781.0,34_Form20.pdf
34,,,103,SOUMEN ROY,452,777.0,0.0,4.0,781.0,34_Form20.pdf
34,,,103,GOPAL CHUNARY,5,777.0,0.0,4.0,781.0,34_Form20.pdf
34,,,103,NAMALA KANTA SARKAR,2,777.0,0.0,4.0,781.0,34_Form20.pdf
34,,,103,ALEN SARKAR,2,777.0,0.0,4.0,781.0,34_Form20.pdf
34,,,103,Dilip Chandra Ray,3,777.0,0.0,4.0,781.0,34_Form20.pdf
34,,,103,SHYAMA SARKAR,3,777.0,0.0,4.0,781.0,34_Form20.pdf
34,,,103,SUDHIR SARKAR,17,777.0,0.0,4.0,781.0,34_Form20.pdf
34,,,103,SURESH BARMAN,5,777.0,0.0,4.0,781.0,34_Form20.pdf
34,,,104,TAPAN DEB SINGHA,444,740.0,0.0,11.0,751.0,34_Form20.pdf
34,,,104,PRAVASH SARKAR,107,740.0,0.0,11.0,751.0,34_Form20.pdf
34,,,104,SOUMEN ROY,175,740.0,0.0,11.0,751.0,34_Form20.pdf
34,,,104,GOPAL CHUNARY,1,740.0,0.0,11.0,751.0,34_Form20.pdf
34,,,104,NAMALA KANTA SARKAR,1,740.0,0.0,11.0,751.0,34_Form20.pdf
34,,,104,ALEN SARKAR,3,740.0,0.0,11.0,751.0,34_Form20.pdf
34,,,104,Dilip Chandra Ray,3,740.0,0.0,11.0,751.0,34_Form20.pdf
34,,,104,SHYAMA SARKAR,1,740.0,0.0,11.0,751.0,34_Form20.pdf
34,,,104,SUDHIR SARKAR,5,740.0,0.0,11.0,751.0,34_Form20.pdf
34,,,104,SURESH BARMAN,0,740.0,0.0,11.0,751.0,34_Form20.pdf
34,,,105,TAPAN DEB SINGHA,185,555.0,0.0,2.0,557.0,34_Form20.pdf
34,,,105,PRAVASH SARKAR,163,555.0,0.0,2.0,557.0,34_Form20.pdf
34,,,105,SOUMEN ROY,182,555.0,0.0,2.0,557.0,34_Form20.pdf
34,,,105,GOPAL CHUNARY,5,555.0,0.0,2.0,557.0,34_Form20.pdf
34,,,105,NAMALA KANTA SARKAR,1,555.0,0.0,2.0,557.0,34_Form20.pdf
34,,,105,ALEN SARKAR,1,555.0,0.0,2.0,557.0,34_Form20.pdf
34,,,105,Dilip Chandra Ray,1,555.0,0.0,2.0,557.0,34_Form20.pdf
34,,,105,SHYAMA SARKAR,1,555.0,0.0,2.0,557.0,34_Form20.pdf
34,,,105,SUDHIR SARKAR,10,555.0,0.0,2.0,557.0,34_Form20.pdf
34,,,105,SURESH BARMAN,6,555.0,0.0,2.0,557.0,34_Form20.pdf
34,,,105(A),TAPAN DEB SINGHA,84,518.0,0.0,4.0,522.0,34_Form20.pdf
34,,,105(A),PRAVASH SARKAR,132,518.0,0.0,4.0,522.0,34_Form20.pdf
34,,,105(A),SOUMEN ROY,284,518.0,0.0,4.0,522.0,34_Form20.pdf
34,,,105(A),GOPAL CHUNARY,1,518.0,0.0,4.0,522.0,34_Form20.pdf
34,,,105(A),NAMALA KANTA SARKAR,1,518.0,0.0,4.0,522.0,34_Form20.pdf
34,,,105(A),ALEN SARKAR,2,518.0,0.0,4.0,522.0,34_Form20.pdf
34,,,105(A),Dilip Chandra Ray,1,518.0,0.0,4.0,522.0,34_Form20.pdf
34,,,105(A),SHYAMA SARKAR,0,518.0,0.0,4.0,522.0,34_Form20.pdf
34,,,105(A),SUDHIR SARKAR,10,518.0,0.0,4.0,522.0,34_Form20.pdf
34,,,105(A),SURESH BARMAN,3,518.0,0.0,4.0,522.0,34_Form20.pdf
34,,,106,TAPAN DEB SINGHA,192,544.0,0.0,8.0,552.0,34_Form20.pdf
34,,,106,PRAVASH SARKAR,116,544.0,0.0,8.0,552.0,34_Form20.pdf
34,,,106,SOUMEN ROY,209,544.0,0.0,8.0,552.0,34_Form20.pdf
34,,,106,GOPAL CHUNARY,0,544.0,0.0,8.0,552.0,34_Form20.pdf
34,,,106,NAMALA KANTA SARKAR,1,544.0,0.0,8.0,552.0,34_Form20.pdf
34,,,106,ALEN SARKAR,13,544.0,0.0,8.0,552.0,34_Form20.pdf
34,,,106,Dilip Chandra Ray,2,544.0,0.0,8.0,552.0,34_Form20.pdf
34,,,106,SHYAMA SARKAR,0,544.0,0.0,8.0,552.0,34_Form20.pdf
34,,,106,SUDHIR SARKAR,10,544.0,0.0,8.0,552.0,34_Form20.pdf
34,,,106,SURESH BARMAN,1,544.0,0.0,8.0,552.0,34_Form20.pdf
34,,,106(A),TAPAN DEB SINGHA,249,536.0,0.0,4.0,540.0,34_Form20.pdf
34,,,106(A),PRAVASH SARKAR,104,536.0,0.0,4.0,540.0,34_Form20.pdf
34,,,106(A),SOUMEN ROY,174,536.0,0.0,4.0,540.0,34_Form20.pdf
34,,,106(A),GOPAL CHUNARY,2,536.0,0.0,4.0,540.0,34_Form20.pdf
34,,,106(A),NAMALA KANTA SARKAR,1,536.0,0.0,4.0,540.0,34_Form20.pdf
34,,,106(A),ALEN SARKAR,2,536.0,0.0,4.0,540.0,34_Form20.pdf
34,,,106(A),Dilip Chandra Ray,1,536.0,0.0,4.0,540.0,34_Form20.pdf
34,,,106(A),SHYAMA SARKAR,1,536.0,0.0,4.0,540.0,34_Form20.pdf
34,,,106(A),SUDHIR SARKAR,2,536.0,0.0,4.0,540.0,34_Form20.pdf
34,,,106(A),SURESH BARMAN,0,536.0,0.0,4.0,540.0,34_Form20.pdf
34,,,107,TAPAN DEB SINGHA,396,878.0,0.0,6.0,884.0,34_Form20.pdf
34,,,107,PRAVASH SARKAR,46,878.0,0.0,6.0,884.0,34_Form20.pdf
34,,,107,SOUMEN ROY,411,878.0,0.0,6.0,884.0,34_Form20.pdf
34,,,107,GOPAL CHUNARY,9,878.0,0.0,6.0,884.0,34_Form20.pdf
34,,,107,NAMALA KANTA SARKAR,0,878.0,0.0,6.0,884.0,34_Form20.pdf
34,,,107,ALEN SARKAR,2,878.0,0.0,6.0,884.0,34_Form20.pdf
34,,,107,Dilip Chandra Ray,4,878.0,0.0,6.0,884.0,34_Form20.pdf
34,,,107,SHYAMA SARKAR,1,878.0,0.0,6.0,884.0,34_Form20.pdf
34,,,107,SUDHIR SARKAR,8,878.0,0.0,6.0,884.0,34_Form20.pdf
34,,,107,SURESH BARMAN,1,878.0,0.0,6.0,884.0,34_Form20.pdf
34,,,108,TAPAN DEB SINGHA,157,490.0,0.0,9.0,499.0,34_Form20.pdf
34,,,108,PRAVASH SARKAR,97,490.0,0.0,9.0,499.0,34_Form20.pdf
34,,,108,SOUMEN ROY,221,490.0,0.0,9.0,499.0,34_Form20.pdf
34,,,108,GOPAL CHUNARY,3,490.0,0.0,9.0,499.0,34_Form20.pdf
34,,,108,NAMALA KANTA SARKAR,2,490.0,0.0,9.0,499.0,34_Form20.pdf
34,,,108,ALEN SARKAR,0,490.0,0.0,9.0,499.0,34_Form20.pdf
34,,,108,Dilip Chandra Ray,0,490.0,0.0,9.0,499.0,34_Form20.pdf
34,,,108,SHYAMA SARKAR,0,490.0,0.0,9.0,499.0,34_Form20.pdf
34,,,108,SUDHIR SARKAR,6,490.0,0.0,9.0,499.0,34_Form20.pdf
34,,,108,SURESH BARMAN,4,490.0,0.0,9.0,499.0,34_Form20.pdf
34,,,109,TAPAN DEB SINGHA,180,631.0,0.0,4.0,635.0,34_Form20.pdf
34,,,109,PRAVASH SARKAR,128,631.0,0.0,4.0,635.0,34_Form20.pdf
34,,,109,SOUMEN ROY,298,631.0,0.0,4.0,635.0,34_Form20.pdf
34,,,109,GOPAL CHUNARY,5,631.0,0.0,4.0,635.0,34_Form20.pdf
34,,,109,NAMALA KANTA SARKAR,0,631.0,0.0,4.0,635.0,34_Form20.pdf
34,,,109,ALEN SARKAR,1,631.0,0.0,4.0,635.0,34_Form20.pdf
34,,,109,Dilip Chandra Ray,2,631.0,0.0,4.0,635.0,34_Form20.pdf
34,,,109,SHYAMA SARKAR,5,631.0,0.0,4.0,635.0,34_Form20.pdf
34,,,109,SUDHIR SARKAR,7,631.0,0.0,4.0,635.0,34_Form20.pdf
34,,,109,SURESH BARMAN,5,631.0,0.0,4.0,635.0,34_Form20.pdf
34,,,110,TAPAN DEB SINGHA,495,681.0,0.0,8.0,689.0,34_Form20.pdf
34,,,110,PRAVASH SARKAR,28,681.0,0.0,8.0,689.0,34_Form20.pdf
34,,,110,SOUMEN ROY,149,681.0,0.0,8.0,689.0,34_Form20.pdf
34,,,110,GOPAL CHUNARY,4,681.0,0.0,8.0,689.0,34_Form20.pdf
34,,,110,NAMALA KANTA SARKAR,0,681.0,0.0,8.0,689.0,34_Form20.pdf
34,,,110,ALEN SARKAR,2,681.0,0.0,8.0,689.0,34_Form20.pdf
34,,,110,Dilip Chandra Ray,0,681.0,0.0,8.0,689.0,34_Form20.pdf
34,,,110,SHYAMA SARKAR,1,681.0,0.0,8.0,689.0,34_Form20.pdf
34,,,110,SUDHIR SARKAR,2,681.0,0.0,8.0,689.0,34_Form20.pdf
34,,,110,SURESH BARMAN,0,681.0,0.0,8.0,689.0,34_Form20.pdf
34,,,111,TAPAN DEB SINGHA,369,726.0,0.0,9.0,735.0,34_Form20.pdf
34,,,111,PRAVASH SARKAR,35,726.0,0.0,9.0,735.0,34_Form20.pdf
34,,,111,SOUMEN ROY,303,726.0,0.0,9.0,735.0,34_Form20.pdf
34,,,111,GOPAL CHUNARY,1,726.0,0.0,9.0,735.0,34_Form20.pdf
34,,,111,NAMALA KANTA SARKAR,0,726.0,0.0,9.0,735.0,34_Form20.pdf
34,,,111,ALEN SARKAR,3,726.0,0.0,9.0,735.0,34_Form20.pdf
34,,,111,Dilip Chandra Ray,2,726.0,0.0,9.0,735.0,34_Form20.pdf
34,,,111,SHYAMA SARKAR,1,726.0,0.0,9.0,735.0,34_Form20.pdf
34,,,111,SUDHIR SARKAR,9,726.0,0.0,9.0,735.0,34_Form20.pdf
34,,,111,SURESH BARMAN,3,726.0,0.0,9.0,735.0,34_Form20.pdf
34,,,112,TAPAN DEB SINGHA,147,852.0,0.0,9.0,861.0,34_Form20.pdf
34,,,112,PRAVASH SARKAR,42,852.0,0.0,9.0,861.0,34_Form20.pdf
34,,,112,SOUMEN ROY,636,852.0,0.0,9.0,861.0,34_Form20.pdf
34,,,112,GOPAL CHUNARY,2,852.0,0.0,9.0,861.0,34_Form20.pdf
34,,,112,NAMALA KANTA SARKAR,0,852.0,0.0,9.0,861.0,34_Form20.pdf
34,,,112,ALEN SARKAR,4,852.0,0.0,9.0,861.0,34_Form20.pdf
34,,,112,Dilip Chandra Ray,2,852.0,0.0,9.0,861.0,34_Form20.pdf
34,,,112,SHYAMA SARKAR,8,852.0,0.0,9.0,861.0,34_Form20.pdf
34,,,112,SUDHIR SARKAR,6,852.0,0.0,9.0,861.0,34_Form20.pdf
34,,,112,SURESH BARMAN,5,852.0,0.0,9.0,861.0,34_Form20.pdf
34,,,113,TAPAN DEB SINGHA,397,534.0,0.0,2.0,536.0,34_Form20.pdf
34,,,113,PRAVASH SARKAR,13,534.0,0.0,2.0,536.0,34_Form20.pdf
34,,,113,SOUMEN ROY,120,534.0,0.0,2.0,536.0,34_Form20.pdf
34,,,113,GOPAL CHUNARY,0,534.0,0.0,2.0,536.0,34_Form20.pdf
34,,,113,NAMALA KANTA SARKAR,0,534.0,0.0,2.0,536.0,34_Form20.pdf
34,,,113,ALEN SARKAR,0,534.0,0.0,2.0,536.0,34_Form20.pdf
34,,,113,Dilip Chandra Ray,1,534.0,0.0,2.0,536.0,34_Form20.pdf
34,,,113,SHYAMA SARKAR,0,534.0,0.0,2.0,536.0,34_Form20.pdf
34,,,113,SUDHIR SARKAR,2,534.0,0.0,2.0,536.0,34_Form20.pdf
34,,,113,SURESH BARMAN,1,534.0,0.0,2.0,536.0,34_Form20.pdf
34,,,113(A),TAPAN DEB SINGHA,151,545.0,0.0,7.0,552.0,34_Form20.pdf
34,,,113(A),PRAVASH SARKAR,10,545.0,0.0,7.0,552.0,34_Form20.pdf
34,,,113(A),SOUMEN ROY,354,545.0,0.0,7.0,552.0,34_Form20.pdf
34,,,113(A),GOPAL CHUNARY,5,545.0,0.0,7.0,552.0,34_Form20.pdf
34,,,113(A),NAMALA KANTA SARKAR,2,545.0,0.0,7.0,552.0,34_Form20.pdf
34,,,113(A),ALEN SARKAR,3,545.0,0.0,7.0,552.0,34_Form20.pdf
34,,,113(A),Dilip Chandra Ray,4,545.0,0.0,7.0,552.0,34_Form20.pdf
34,,,113(A),SHYAMA SARKAR,5,545.0,0.0,7.0,552.0,34_Form20.pdf
34,,,113(A),SUDHIR SARKAR,9,545.0,0.0,7.0,552.0,34_Form20.pdf
34,,,113(A),SURESH BARMAN,2,545.0,0.0,7.0,552.0,34_Form20.pdf
34,,,114,TAPAN DEB SINGHA,367,556.0,0.0,6.0,562.0,34_Form20.pdf
34,,,114,PRAVASH SARKAR,26,556.0,0.0,6.0,562.0,34_Form20.pdf
34,,,114,SOUMEN ROY,156,556.0,0.0,6.0,562.0,34_Form20.pdf
34,,,114,GOPAL CHUNARY,0,556.0,0.0,6.0,562.0,34_Form20.pdf
34,,,114,NAMALA KANTA SARKAR,2,556.0,0.0,6.0,562.0,34_Form20.pdf
34,,,114,ALEN SARKAR,0,556.0,0.0,6.0,562.0,34_Form20.pdf
34,,,114,Dilip Chandra Ray,0,556.0,0.0,6.0,562.0,34_Form20.pdf
34,,,114,SHYAMA SARKAR,0,556.0,0.0,6.0,562.0,34_Form20.pdf
34,,,114,SUDHIR SARKAR,5,556.0,0.0,6.0,562.0,34_Form20.pdf
34,,,114,SURESH BARMAN,0,556.0,0.0,6.0,562.0,34_Form20.pdf
34,,,114(A),TAPAN DEB SINGHA,415,587.0,0.0,4.0,591.0,34_Form20.pdf
34,,,114(A),PRAVASH SARKAR,58,587.0,0.0,4.0,591.0,34_Form20.pdf
34,,,114(A),SOUMEN ROY,96,587.0,0.0,4.0,591.0,34_Form20.pdf
34,,,114(A),GOPAL CHUNARY,1,587.0,0.0,4.0,591.0,34_Form20.pdf
34,,,114(A),NAMALA KANTA SARKAR,2,587.0,0.0,4.0,591.0,34_Form20.pdf
34,,,114(A),ALEN SARKAR,1,587.0,0.0,4.0,591.0,34_Form20.pdf
34,,,114(A),Dilip Chandra Ray,3,587.0,0.0,4.0,591.0,34_Form20.pdf
34,,,114(A),SHYAMA SARKAR,2,587.0,0.0,4.0,591.0,34_Form20.pdf
34,,,114(A),SUDHIR SARKAR,7,587.0,0.0,4.0,591.0,34_Form20.pdf
34,,,114(A),SURESH BARMAN,2,587.0,0.0,4.0,591.0,34_Form20.pdf
34,,,115,TAPAN DEB SINGHA,524,752.0,0.0,8.0,760.0,34_Form20.pdf
34,,,115,PRAVASH SARKAR,49,752.0,0.0,8.0,760.0,34_Form20.pdf
34,,,115,SOUMEN ROY,171,752.0,0.0,8.0,760.0,34_Form20.pdf
34,,,115,GOPAL CHUNARY,3,752.0,0.0,8.0,760.0,34_Form20.pdf
34,,,115,NAMALA KANTA SARKAR,0,752.0,0.0,8.0,760.0,34_Form20.pdf
34,,,115,ALEN SARKAR,0,752.0,0.0,8.0,760.0,34_Form20.pdf
34,,,115,Dilip Chandra Ray,1,752.0,0.0,8.0,760.0,34_Form20.pdf
34,,,115,SHYAMA SARKAR,1,752.0,0.0,8.0,760.0,34_Form20.pdf
34,,,115,SUDHIR SARKAR,2,752.0,0.0,8.0,760.0,34_Form20.pdf
34,,,115,SURESH BARMAN,2,752.0,0.0,8.0,760.0,34_Form20.pdf
34,,,116,TAPAN DEB SINGHA,169,451.0,0.0,3.0,454.0,34_Form20.pdf
34,,,116,PRAVASH SARKAR,49,451.0,0.0,3.0,454.0,34_Form20.pdf
34,,,116,SOUMEN ROY,219,451.0,0.0,3.0,454.0,34_Form20.pdf
34,,,116,GOPAL CHUNARY,0,451.0,0.0,3.0,454.0,34_Form20.pdf
34,,,116,NAMALA KANTA SARKAR,0,451.0,0.0,3.0,454.0,34_Form20.pdf
34,,,116,ALEN SARKAR,0,451.0,0.0,3.0,454.0,34_Form20.pdf
34,,,116,Dilip Chandra Ray,2,451.0,0.0,3.0,454.0,34_Form20.pdf
34,,,116,SHYAMA SARKAR,0,451.0,0.0,3.0,454.0,34_Form20.pdf
34,,,116,SUDHIR SARKAR,12,451.0,0.0,3.0,454.0,34_Form20.pdf
34,,,116,SURESH BARMAN,0,451.0,0.0,3.0,454.0,34_Form20.pdf
34,,,117,TAPAN DEB SINGHA,225,529.0,0.0,6.0,535.0,34_Form20.pdf
34,,,117,PRAVASH SARKAR,19,529.0,0.0,6.0,535.0,34_Form20.pdf
34,,,117,SOUMEN ROY,264,529.0,0.0,6.0,535.0,34_Form20.pdf
34,,,117,GOPAL CHUNARY,2,529.0,0.0,6.0,535.0,34_Form20.pdf
34,,,117,NAMALA KANTA SARKAR,1,529.0,0.0,6.0,535.0,34_Form20.pdf
34,,,117,ALEN SARKAR,3,529.0,0.0,6.0,535.0,34_Form20.pdf
34,,,117,Dilip Chandra Ray,3,529.0,0.0,6.0,535.0,34_Form20.pdf
34,,,117,SHYAMA SARKAR,0,529.0,0.0,6.0,535.0,34_Form20.pdf
34,,,117,SUDHIR SARKAR,10,529.0,0.0,6.0,535.0,34_Form20.pdf
34,,,117,SURESH BARMAN,2,529.0,0.0,6.0,535.0,34_Form20.pdf
34,,,117(A),TAPAN DEB SINGHA,191,519.0,0.0,5.0,524.0,34_Form20.pdf
34,,,117(A),PRAVASH SARKAR,17,519.0,0.0,5.0,524.0,34_Form20.pdf
34,,,117(A),SOUMEN ROY,287,519.0,0.0,5.0,524.0,34_Form20.pdf
34,,,117(A),GOPAL CHUNARY,5,519.0,0.0,5.0,524.0,34_Form20.pdf
34,,,117(A),NAMALA KANTA SARKAR,2,519.0,0.0,5.0,524.0,34_Form20.pdf
34,,,117(A),ALEN SARKAR,2,519.0,0.0,5.0,524.0,34_Form20.pdf
34,,,117(A),Dilip Chandra Ray,1,519.0,0.0,5.0,524.0,34_Form20.pdf
34,,,117(A),SHYAMA SARKAR,2,519.0,0.0,5.0,524.0,34_Form20.pdf
34,,,117(A),SUDHIR SARKAR,9,519.0,0.0,5.0,524.0,34_Form20.pdf
34,,,117(A),SURESH BARMAN,3,519.0,0.0,5.0,524.0,34_Form20.pdf
34,,,118,TAPAN DEB SINGHA,258,739.0,0.0,9.0,748.0,34_Form20.pdf
34,,,118,PRAVASH SARKAR,10,739.0,0.0,9.0,748.0,34_Form20.pdf
34,,,118,SOUMEN ROY,452,739.0,0.0,9.0,748.0,34_Form20.pdf
34,,,118,GOPAL CHUNARY,1,739.0,0.0,9.0,748.0,34_Form20.pdf
34,,,118,NAMALA KANTA SARKAR,0,739.0,0.0,9.0,748.0,34_Form20.pdf
34,,,118,ALEN SARKAR,0,739.0,0.0,9.0,748.0,34_Form20.pdf
34,,,118,Dilip Chandra Ray,3,739.0,0.0,9.0,748.0,34_Form20.pdf
34,,,118,SHYAMA SARKAR,3,739.0,0.0,9.0,748.0,34_Form20.pdf
34,,,118,SUDHIR SARKAR,8,739.0,0.0,9.0,748.0,34_Form20.pdf
34,,,118,SURESH BARMAN,4,739.0,0.0,9.0,748.0,34_Form20.pdf
34,,,119,TAPAN DEB SINGHA,77,339.0,0.0,6.0,345.0,34_Form20.pdf
34,,,119,PRAVASH SARKAR,15,339.0,0.0,6.0,345.0,34_Form20.pdf
34,,,119,SOUMEN ROY,233,339.0,0.0,6.0,345.0,34_Form20.pdf
34,,,119,GOPAL CHUNARY,3,339.0,0.0,6.0,345.0,34_Form20.pdf
34,,,119,NAMALA KANTA SARKAR,2,339.0,0.0,6.0,345.0,34_Form20.pdf
34,,,119,ALEN SARKAR,0,339.0,0.0,6.0,345.0,34_Form20.pdf
34,,,119,Dilip Chandra Ray,1,339.0,0.0,6.0,345.0,34_Form20.pdf
34,,,119,SHYAMA SARKAR,1,339.0,0.0,6.0,345.0,34_Form20.pdf
34,,,119,SUDHIR SARKAR,5,339.0,0.0,6.0,345.0,34_Form20.pdf
34,,,119,SURESH BARMAN,2,339.0,0.0,6.0,345.0,34_Form20.pdf
34,,,120,TAPAN DEB SINGHA,334,839.0,0.0,14.0,853.0,34_Form20.pdf
34,,,120,PRAVASH SARKAR,62,839.0,0.0,14.0,853.0,34_Form20.pdf
34,,,120,SOUMEN ROY,413,839.0,0.0,14.0,853.0,34_Form20.pdf
34,,,120,GOPAL CHUNARY,2,839.0,0.0,14.0,853.0,34_Form20.pdf
34,,,120,NAMALA KANTA SARKAR,1,839.0,0.0,14.0,853.0,34_Form20.pdf
34,,,120,ALEN SARKAR,4,839.0,0.0,14.0,853.0,34_Form20.pdf
34,,,120,Dilip Chandra Ray,0,839.0,0.0,14.0,853.0,34_Form20.pdf
34,,,120,SHYAMA SARKAR,5,839.0,0.0,14.0,853.0,34_Form20.pdf
34,,,120,SUDHIR SARKAR,14,839.0,0.0,14.0,853.0,34_Form20.pdf
34,,,120,SURESH BARMAN,4,839.0,0.0,14.0,853.0,34_Form20.pdf
34,,,121,TAPAN DEB SINGHA,343,799.0,0.0,14.0,813.0,34_Form20.pdf
34,,,121,PRAVASH SARKAR,61,799.0,0.0,14.0,813.0,34_Form20.pdf
34,,,121,SOUMEN ROY,351,799.0,0.0,14.0,813.0,34_Form20.pdf
34,,,121,GOPAL CHUNARY,4,799.0,0.0,14.0,813.0,34_Form20.pdf
34,,,121,NAMALA KANTA SARKAR,6,799.0,0.0,14.0,813.0,34_Form20.pdf
34,,,121,ALEN SARKAR,2,799.0,0.0,14.0,813.0,34_Form20.pdf
34,,,121,Dilip Chandra Ray,1,799.0,0.0,14.0,813.0,34_Form20.pdf
34,,,121,SHYAMA SARKAR,5,799.0,0.0,14.0,813.0,34_Form20.pdf
34,,,121,SUDHIR SARKAR,15,799.0,0.0,14.0,813.0,34_Form20.pdf
34,,,121,SURESH BARMAN,11,799.0,0.0,14.0,813.0,34_Form20.pdf
34,,,122,TAPAN DEB SINGHA,481,765.0,0.0,3.0,768.0,34_Form20.pdf
34,,,122,PRAVASH SARKAR,68,765.0,0.0,3.0,768.0,34_Form20.pdf
34,,,122,SOUMEN ROY,205,765.0,0.0,3.0,768.0,34_Form20.pdf
34,,,122,GOPAL CHUNARY,4,765.0,0.0,3.0,768.0,34_Form20.pdf
34,,,122,NAMALA KANTA SARKAR,0,765.0,0.0,3.0,768.0,34_Form20.pdf
34,,,122,ALEN SARKAR,0,765.0,0.0,3.0,768.0,34_Form20.pdf
34,,,122,Dilip Chandra Ray,3,765.0,0.0,3.0,768.0,34_Form20.pdf
34,,,122,SHYAMA SARKAR,1,765.0,0.0,3.0,768.0,34_Form20.pdf
34,,,122,SUDHIR SARKAR,1,765.0,0.0,3.0,768.0,34_Form20.pdf
34,,,122,SURESH BARMAN,2,765.0,0.0,3.0,768.0,34_Form20.pdf
34,,,123,TAPAN DEB SINGHA,169,504.0,0.0,3.0,507.0,34_Form20.pdf
34,,,123,PRAVASH SARKAR,17,504.0,0.0,3.0,507.0,34_Form20.pdf
34,,,123,SOUMEN ROY,310,504.0,0.0,3.0,507.0,34_Form20.pdf
34,,,123,GOPAL CHUNARY,0,504.0,0.0,3.0,507.0,34_Form20.pdf
34,,,123,NAMALA KANTA SARKAR,0,504.0,0.0,3.0,507.0,34_Form20.pdf
34,,,123,ALEN SARKAR,0,504.0,0.0,3.0,507.0,34_Form20.pdf
34,,,123,Dilip Chandra Ray,1,504.0,0.0,3.0,507.0,34_Form20.pdf
34,,,123,SHYAMA SARKAR,0,504.0,0.0,3.0,507.0,34_Form20.pdf
34,,,123,SUDHIR SARKAR,5,504.0,0.0,3.0,507.0,34_Form20.pdf
34,,,123,SURESH BARMAN,0,504.0,0.0,3.0,507.0,34_Form20.pdf
34,,,123(A),TAPAN DEB SINGHA,202,593.0,0.0,1.0,594.0,34_Form20.pdf
34,,,123(A),PRAVASH SARKAR,11,593.0,0.0,1.0,594.0,34_Form20.pdf
34,,,123(A),SOUMEN ROY,360,593.0,0.0,1.0,594.0,34_Form20.pdf
34,,,123(A),GOPAL CHUNARY,4,593.0,0.0,1.0,594.0,34_Form20.pdf
34,,,123(A),NAMALA KANTA SARKAR,0,593.0,0.0,1.0,594.0,34_Form20.pdf
34,,,123(A),ALEN SARKAR,2,593.0,0.0,1.0,594.0,34_Form20.pdf
34,,,123(A),Dilip Chandra Ray,4,593.0,0.0,1.0,594.0,34_Form20.pdf
34,,,123(A),SHYAMA SARKAR,0,593.0,0.0,1.0,594.0,34_Form20.pdf
34,,,123(A),SUDHIR SARKAR,9,593.0,0.0,1.0,594.0,34_Form20.pdf
34,,,123(A),SURESH BARMAN,1,593.0,0.0,1.0,594.0,34_Form20.pdf
34,,,124,TAPAN DEB SINGHA,498,528.0,0.0,6.0,534.0,34_Form20.pdf
34,,,124,PRAVASH SARKAR,25,528.0,0.0,6.0,534.0,34_Form20.pdf
34,,,124,SOUMEN ROY,4,528.0,0.0,6.0,534.0,34_Form20.pdf
34,,,124,GOPAL CHUNARY,1,528.0,0.0,6.0,534.0,34_Form20.pdf
34,,,124,NAMALA KANTA SARKAR,0,528.0,0.0,6.0,534.0,34_Form20.pdf
34,,,124,ALEN SARKAR,0,528.0,0.0,6.0,534.0,34_Form20.pdf
34,,,124,Dilip Chandra Ray,0,528.0,0.0,6.0,534.0,34_Form20.pdf
34,,,124,SHYAMA SARKAR,0,528.0,0.0,6.0,534.0,34_Form20.pdf
34,,,124,SUDHIR SARKAR,0,528.0,0.0,6.0,534.0,34_Form20.pdf
34,,,124,SURESH BARMAN,0,528.0,0.0,6.0,534.0,34_Form20.pdf
34,,,124(A),TAPAN DEB SINGHA,459,539.0,0.0,6.0,545.0,34_Form20.pdf
34,,,124(A),PRAVASH SARKAR,36,539.0,0.0,6.0,545.0,34_Form20.pdf
34,,,124(A),SOUMEN ROY,36,539.0,0.0,6.0,545.0,34_Form20.pdf
34,,,124(A),GOPAL CHUNARY,3,539.0,0.0,6.0,545.0,34_Form20.pdf
34,,,124(A),NAMALA KANTA SARKAR,1,539.0,0.0,6.0,545.0,34_Form20.pdf
34,,,124(A),ALEN SARKAR,0,539.0,0.0,6.0,545.0,34_Form20.pdf
34,,,124(A),Dilip Chandra Ray,0,539.0,0.0,6.0,545.0,34_Form20.pdf
34,,,124(A),SHYAMA SARKAR,1,539.0,0.0,6.0,545.0,34_Form20.pdf
34,,,124(A),SUDHIR SARKAR,1,539.0,0.0,6.0,545.0,34_Form20.pdf
34,,,124(A),SURESH BARMAN,2,539.0,0.0,6.0,545.0,34_Form20.pdf
34,,,125,TAPAN DEB SINGHA,179,465.0,0.0,8.0,473.0,34_Form20.pdf
34,,,125,PRAVASH SARKAR,13,465.0,0.0,8.0,473.0,34_Form20.pdf
34,,,125,SOUMEN ROY,265,465.0,0.0,8.0,473.0,34_Form20.pdf
34,,,125,GOPAL CHUNARY,2,465.0,0.0,8.0,473.0,34_Form20.pdf
34,,,125,NAMALA KANTA SARKAR,0,465.0,0.0,8.0,473.0,34_Form20.pdf
34,,,125,ALEN SARKAR,0,465.0,0.0,8.0,473.0,34_Form20.pdf
34,,,125,Dilip Chandra Ray,1,465.0,0.0,8.0,473.0,34_Form20.pdf
34,,,125,SHYAMA SARKAR,0,465.0,0.0,8.0,473.0,34_Form20.pdf
34,,,125,SUDHIR SARKAR,5,465.0,0.0,8.0,473.0,34_Form20.pdf
34,,,125,SURESH BARMAN,0,465.0,0.0,8.0,473.0,34_Form20.pdf
34,,,126,TAPAN DEB SINGHA,342,914.0,0.0,4.0,918.0,34_Form20.pdf
34,,,126,PRAVASH SARKAR,5,914.0,0.0,4.0,918.0,34_Form20.pdf
34,,,126,SOUMEN ROY,540,914.0,0.0,4.0,918.0,34_Form20.pdf
34,,,126,GOPAL CHUNARY,2,914.0,0.0,4.0,918.0,34_Form20.pdf
34,,,126,NAMALA KANTA SARKAR,0,914.0,0.0,4.0,918.0,34_Form20.pdf
34,,,126,ALEN SARKAR,2,914.0,0.0,4.0,918.0,34_Form20.pdf
34,,,126,Dilip Chandra Ray,2,914.0,0.0,4.0,918.0,34_Form20.pdf
34,,,126,SHYAMA SARKAR,4,914.0,0.0,4.0,918.0,34_Form20.pdf
34,,,126,SUDHIR SARKAR,14,914.0,0.0,4.0,918.0,34_Form20.pdf
34,,,126,SURESH BARMAN,3,914.0,0.0,4.0,918.0,34_Form20.pdf
34,,,127,TAPAN DEB SINGHA,195,529.0,0.0,11.0,540.0,34_Form20.pdf
34,,,127,PRAVASH SARKAR,34,529.0,0.0,11.0,540.0,34_Form20.pdf
34,,,127,SOUMEN ROY,281,529.0,0.0,11.0,540.0,34_Form20.pdf
34,,,127,GOPAL CHUNARY,2,529.0,0.0,11.0,540.0,34_Form20.pdf
34,,,127,NAMALA KANTA SARKAR,1,529.0,0.0,11.0,540.0,34_Form20.pdf
34,,,127,ALEN SARKAR,1,529.0,0.0,11.0,540.0,34_Form20.pdf
34,,,127,Dilip Chandra Ray,1,529.0,0.0,11.0,540.0,34_Form20.pdf
34,,,127,SHYAMA SARKAR,2,529.0,0.0,11.0,540.0,34_Form20.pdf
34,,,127,SUDHIR SARKAR,8,529.0,0.0,11.0,540.0,34_Form20.pdf
34,,,127,SURESH BARMAN,4,529.0,0.0,11.0,540.0,34_Form20.pdf
34,,,127(A),TAPAN DEB SINGHA,163,532.0,0.0,4.0,536.0,34_Form20.pdf
34,,,127(A),PRAVASH SARKAR,60,532.0,0.0,4.0,536.0,34_Form20.pdf
34,,,127(A),SOUMEN ROY,288,532.0,0.0,4.0,536.0,34_Form20.pdf
34,,,127(A),GOPAL CHUNARY,2,532.0,0.0,4.0,536.0,34_Form20.pdf
34,,,127(A),NAMALA KANTA SARKAR,0,532.0,0.0,4.0,536.0,34_Form20.pdf
34,,,127(A),ALEN SARKAR,10,532.0,0.0,4.0,536.0,34_Form20.pdf
34,,,127(A),Dilip Chandra Ray,2,532.0,0.0,4.0,536.0,34_Form20.pdf
34,,,127(A),SHYAMA SARKAR,2,532.0,0.0,4.0,536.0,34_Form20.pdf
34,,,127(A),SUDHIR SARKAR,3,532.0,0.0,4.0,536.0,34_Form20.pdf
34,,,127(A),SURESH BARMAN,2,532.0,0.0,4.0,536.0,34_Form20.pdf
34,,,128,TAPAN DEB SINGHA,319,469.0,0.0,5.0,474.0,34_Form20.pdf
34,,,128,PRAVASH SARKAR,43,469.0,0.0,5.0,474.0,34_Form20.pdf
34,,,128,SOUMEN ROY,99,469.0,0.0,5.0,474.0,34_Form20.pdf
34,,,128,GOPAL CHUNARY,1,469.0,0.0,5.0,474.0,34_Form20.pdf
34,,,128,NAMALA KANTA SARKAR,0,469.0,0.0,5.0,474.0,34_Form20.pdf
34,,,128,ALEN SARKAR,0,469.0,0.0,5.0,474.0,34_Form20.pdf
34,,,128,Dilip Chandra Ray,0,469.0,0.0,5.0,474.0,34_Form20.pdf
34,,,128,SHYAMA SARKAR,1,469.0,0.0,5.0,474.0,34_Form20.pdf
34,,,128,SUDHIR SARKAR,6,469.0,0.0,5.0,474.0,34_Form20.pdf
34,,,128,SURESH BARMAN,0,469.0,0.0,5.0,474.0,34_Form20.pdf
34,,,128(A),TAPAN DEB SINGHA,183,465.0,0.0,10.0,475.0,34_Form20.pdf
34,,,128(A),PRAVASH SARKAR,29,465.0,0.0,10.0,475.0,34_Form20.pdf
34,,,128(A),SOUMEN ROY,239,465.0,0.0,10.0,475.0,34_Form20.pdf
34,,,128(A),GOPAL CHUNARY,2,465.0,0.0,10.0,475.0,34_Form20.pdf
34,,,128(A),NAMALA KANTA SARKAR,1,465.0,0.0,10.0,475.0,34_Form20.pdf
34,,,128(A),ALEN SARKAR,0,465.0,0.0,10.0,475.0,34_Form20.pdf
34,,,128(A),Dilip Chandra Ray,0,465.0,0.0,10.0,475.0,34_Form20.pdf
34,,,128(A),SHYAMA SARKAR,0,465.0,0.0,10.0,475.0,34_Form20.pdf
34,,,128(A),SUDHIR SARKAR,7,465.0,0.0,10.0,475.0,34_Form20.pdf
34,,,128(A),SURESH BARMAN,4,465.0,0.0,10.0,475.0,34_Form20.pdf
34,,,129,TAPAN DEB SINGHA,274,545.0,0.0,4.0,549.0,34_Form20.pdf
34,,,129,PRAVASH SARKAR,11,545.0,0.0,4.0,549.0,34_Form20.pdf
34,,,129,SOUMEN ROY,246,545.0,0.0,4.0,549.0,34_Form20.pdf
34,,,129,GOPAL CHUNARY,2,545.0,0.0,4.0,549.0,34_Form20.pdf
34,,,129,NAMALA KANTA SARKAR,0,545.0,0.0,4.0,549.0,34_Form20.pdf
34,,,129,ALEN SARKAR,0,545.0,0.0,4.0,549.0,34_Form20.pdf
34,,,129,Dilip Chandra Ray,2,545.0,0.0,4.0,549.0,34_Form20.pdf
34,,,129,SHYAMA SARKAR,0,545.0,0.0,4.0,549.0,34_Form20.pdf
34,,,129,SUDHIR SARKAR,9,545.0,0.0,4.0,549.0,34_Form20.pdf
34,,,129,SURESH BARMAN,1,545.0,0.0,4.0,549.0,34_Form20.pdf
34,,,129(A),TAPAN DEB SINGHA,239,512.0,0.0,8.0,520.0,34_Form20.pdf
34,,,129(A),PRAVASH SARKAR,21,512.0,0.0,8.0,520.0,34_Form20.pdf
34,,,129(A),SOUMEN ROY,235,512.0,0.0,8.0,520.0,34_Form20.pdf
34,,,129(A),GOPAL CHUNARY,0,512.0,0.0,8.0,520.0,34_Form20.pdf
34,,,129(A),NAMALA KANTA SARKAR,1,512.0,0.0,8.0,520.0,34_Form20.pdf
34,,,129(A),ALEN SARKAR,1,512.0,0.0,8.0,520.0,34_Form20.pdf
34,,,129(A),Dilip Chandra Ray,0,512.0,0.0,8.0,520.0,34_Form20.pdf
34,,,129(A),SHYAMA SARKAR,3,512.0,0.0,8.0,520.0,34_Form20.pdf
34,,,129(A),SUDHIR SARKAR,10,512.0,0.0,8.0,520.0,34_Form20.pdf
34,,,129(A),SURESH BARMAN,2,512.0,0.0,8.0,520.0,34_Form20.pdf
34,,,130,TAPAN DEB SINGHA,233,523.0,0.0,6.0,529.0,34_Form20.pdf
34,,,130,PRAVASH SARKAR,123,523.0,0.0,6.0,529.0,34_Form20.pdf
34,,,130,SOUMEN ROY,147,523.0,0.0,6.0,529.0,34_Form20.pdf
34,,,130,GOPAL CHUNARY,4,523.0,0.0,6.0,529.0,34_Form20.pdf
34,,,130,NAMALA KANTA SARKAR,2,523.0,0.0,6.0,529.0,34_Form20.pdf
34,,,130,ALEN SARKAR,1,523.0,0.0,6.0,529.0,34_Form20.pdf
34,,,130,Dilip Chandra Ray,4,523.0,0.0,6.0,529.0,34_Form20.pdf
34,,,130,SHYAMA SARKAR,0,523.0,0.0,6.0,529.0,34_Form20.pdf
34,,,130,SUDHIR SARKAR,5,523.0,0.0,6.0,529.0,34_Form20.pdf
34,,,130,SURESH BARMAN,4,523.0,0.0,6.0,529.0,34_Form20.pdf
34,,,130(A),TAPAN DEB SINGHA,132,536.0,0.0,8.0,544.0,34_Form20.pdf
34,,,130(A),PRAVASH SARKAR,49,536.0,0.0,8.0,544.0,34_Form20.pdf
34,,,130(A),SOUMEN ROY,328,536.0,0.0,8.0,544.0,34_Form20.pdf
34,,,130(A),GOPAL CHUNARY,3,536.0,0.0,8.0,544.0,34_Form20.pdf
34,,,130(A),NAMALA KANTA SARKAR,3,536.0,0.0,8.0,544.0,34_Form20.pdf
34,,,130(A),ALEN SARKAR,0,536.0,0.0,8.0,544.0,34_Form20.pdf
34,,,130(A),Dilip Chandra Ray,3,536.0,0.0,8.0,544.0,34_Form20.pdf
34,,,130(A),SHYAMA SARKAR,3,536.0,0.0,8.0,544.0,34_Form20.pdf
34,,,130(A),SUDHIR SARKAR,10,536.0,0.0,8.0,544.0,34_Form20.pdf
34,,,130(A),SURESH BARMAN,5,536.0,0.0,8.0,544.0,34_Form20.pdf
34,,,131,TAPAN DEB SINGHA,85,603.0,0.0,12.0,615.0,34_Form20.pdf
34,,,131,PRAVASH SARKAR,152,603.0,0.0,12.0,615.0,34_Form20.pdf
34,,,131,SOUMEN ROY,334,603.0,0.0,12.0,615.0,34_Form20.pdf
34,,,131,GOPAL CHUNARY,2,603.0,0.0,12.0,615.0,34_Form20.pdf
34,,,131,NAMALA KANTA SARKAR,0,603.0,0.0,12.0,615.0,34_Form20.pdf
34,,,131,ALEN SARKAR,2,603.0,0.0,12.0,615.0,34_Form20.pdf
34,,,131,Dilip Chandra Ray,3,603.0,0.0,12.0,615.0,34_Form20.pdf
34,,,131,SHYAMA SARKAR,4,603.0,0.0,12.0,615.0,34_Form20.pdf
34,,,131,SUDHIR SARKAR,13,603.0,0.0,12.0,615.0,34_Form20.pdf
34,,,131,SURESH BARMAN,8,603.0,0.0,12.0,615.0,34_Form20.pdf
34,,,131(A),TAPAN DEB SINGHA,135,609.0,0.0,7.0,616.0,34_Form20.pdf
34,,,131(A),PRAVASH SARKAR,204,609.0,0.0,7.0,616.0,34_Form20.pdf
34,,,131(A),SOUMEN ROY,240,609.0,0.0,7.0,616.0,34_Form20.pdf
34,,,131(A),GOPAL CHUNARY,5,609.0,0.0,7.0,616.0,34_Form20.pdf
34,,,131(A),NAMALA KANTA SARKAR,0,609.0,0.0,7.0,616.0,34_Form20.pdf
34,,,131(A),ALEN SARKAR,2,609.0,0.0,7.0,616.0,34_Form20.pdf
34,,,131(A),Dilip Chandra Ray,7,609.0,0.0,7.0,616.0,34_Form20.pdf
34,,,131(A),SHYAMA SARKAR,0,609.0,0.0,7.0,616.0,34_Form20.pdf
34,,,131(A),SUDHIR SARKAR,13,609.0,0.0,7.0,616.0,34_Form20.pdf
34,,,131(A),SURESH BARMAN,3,609.0,0.0,7.0,616.0,34_Form20.pdf
34,,,132,TAPAN DEB SINGHA,147,527.0,0.0,8.0,535.0,34_Form20.pdf
34,,,132,PRAVASH SARKAR,35,527.0,0.0,8.0,535.0,34_Form20.pdf
34,,,132,SOUMEN ROY,313,527.0,0.0,8.0,535.0,34_Form20.pdf
34,,,132,GOPAL CHUNARY,7,527.0,0.0,8.0,535.0,34_Form20.pdf
34,,,132,NAMALA KANTA SARKAR,0,527.0,0.0,8.0,535.0,34_Form20.pdf
34,,,132,ALEN SARKAR,2,527.0,0.0,8.0,535.0,34_Form20.pdf
34,,,132,Dilip Chandra Ray,1,527.0,0.0,8.0,535.0,34_Form20.pdf
34,,,132,SHYAMA SARKAR,3,527.0,0.0,8.0,535.0,34_Form20.pdf
34,,,132,SUDHIR SARKAR,17,527.0,0.0,8.0,535.0,34_Form20.pdf
34,,,132,SURESH BARMAN,2,527.0,0.0,8.0,535.0,34_Form20.pdf
34,,,132(A),TAPAN DEB SINGHA,292,538.0,0.0,16.0,554.0,34_Form20.pdf
34,,,132(A),PRAVASH SARKAR,44,538.0,0.0,16.0,554.0,34_Form20.pdf
34,,,132(A),SOUMEN ROY,181,538.0,0.0,16.0,554.0,34_Form20.pdf
34,,,132(A),GOPAL CHUNARY,3,538.0,0.0,16.0,554.0,34_Form20.pdf
34,,,132(A),NAMALA KANTA SARKAR,0,538.0,0.0,16.0,554.0,34_Form20.pdf
34,,,132(A),ALEN SARKAR,3,538.0,0.0,16.0,554.0,34_Form20.pdf
34,,,132(A),Dilip Chandra Ray,3,538.0,0.0,16.0,554.0,34_Form20.pdf
34,,,132(A),SHYAMA SARKAR,2,538.0,0.0,16.0,554.0,34_Form20.pdf
34,,,132(A),SUDHIR SARKAR,6,538.0,0.0,16.0,554.0,34_Form20.pdf
34,,,132(A),SURESH BARMAN,4,538.0,0.0,16.0,554.0,34_Form20.pdf
34,,,133,TAPAN DEB SINGHA,298,654.0,0.0,10.0,664.0,34_Form20.pdf
34,,,133,PRAVASH SARKAR,82,654.0,0.0,10.0,664.0,34_Form20.pdf
34,,,133,SOUMEN ROY,245,654.0,0.0,10.0,664.0,34_Form20.pdf
34,,,133,GOPAL CHUNARY,7,654.0,0.0,10.0,664.0,34_Form20.pdf
34,,,133,NAMALA KANTA SARKAR,1,654.0,0.0,10.0,664.0,34_Form20.pdf
34,,,133,ALEN SARKAR,5,654.0,0.0,10.0,664.0,34_Form20.pdf
34,,,133,Dilip Chandra Ray,3,654.0,0.0,10.0,664.0,34_Form20.pdf
34,,,133,SHYAMA SARKAR,3,654.0,0.0,10.0,664.0,34_Form20.pdf
34,,,133,SUDHIR SARKAR,8,654.0,0.0,10.0,664.0,34_Form20.pdf
34,,,133,SURESH BARMAN,4,654.0,0.0,10.0,664.0,34_Form20.pdf
34,,,134,TAPAN DEB SINGHA,186,456.0,0.0,4.0,460.0,34_Form20.pdf
34,,,134,PRAVASH SARKAR,39,456.0,0.0,4.0,460.0,34_Form20.pdf
34,,,134,SOUMEN ROY,216,456.0,0.0,4.0,460.0,34_Form20.pdf
34,,,134,GOPAL CHUNARY,1,456.0,0.0,4.0,460.0,34_Form20.pdf
34,,,134,NAMALA KANTA SARKAR,0,456.0,0.0,4.0,460.0,34_Form20.pdf
34,,,134,ALEN SARKAR,0,456.0,0.0,4.0,460.0,34_Form20.pdf
34,,,134,Dilip Chandra Ray,1,456.0,0.0,4.0,460.0,34_Form20.pdf
34,,,134,SHYAMA SARKAR,1,456.0,0.0,4.0,460.0,34_Form20.pdf
34,,,134,SUDHIR SARKAR,12,456.0,0.0,4.0,460.0,34_Form20.pdf
34,,,134,SURESH BARMAN,0,456.0,0.0,4.0,460.0,34_Form20.pdf
34,,,134(A),TAPAN DEB SINGHA,193,454.0,0.0,10.0,464.0,34_Form20.pdf
34,,,134(A),PRAVASH SARKAR,36,454.0,0.0,10.0,464.0,34_Form20.pdf
34,,,134(A),SOUMEN ROY,206,454.0,0.0,10.0,464.0,34_Form20.pdf
34,,,134(A),GOPAL CHUNARY,0,454.0,0.0,10.0,464.0,34_Form20.pdf
34,,,134(A),NAMALA KANTA SARKAR,0,454.0,0.0,10.0,464.0,34_Form20.pdf
34,,,134(A),ALEN SARKAR,0,454.0,0.0,10.0,464.0,34_Form20.pdf
34,,,134(A),Dilip Chandra Ray,1,454.0,0.0,10.0,464.0,34_Form20.pdf
34,,,134(A),SHYAMA SARKAR,3,454.0,0.0,10.0,464.0,34_Form20.pdf
34,,,134(A),SUDHIR SARKAR,14,454.0,0.0,10.0,464.0,34_Form20.pdf
34,,,134(A),SURESH BARMAN,1,454.0,0.0,10.0,464.0,34_Form20.pdf
34,,,135,TAPAN DEB SINGHA,382,474.0,0.0,7.0,481.0,34_Form20.pdf
34,,,135,PRAVASH SARKAR,31,474.0,0.0,7.0,481.0,34_Form20.pdf
34,,,135,SOUMEN ROY,52,474.0,0.0,7.0,481.0,34_Form20.pdf
34,,,135,GOPAL CHUNARY,0,474.0,0.0,7.0,481.0,34_Form20.pdf
34,,,135,NAMALA KANTA SARKAR,0,474.0,0.0,7.0,481.0,34_Form20.pdf
34,,,135,ALEN SARKAR,1,474.0,0.0,7.0,481.0,34_Form20.pdf
34,,,135,Dilip Chandra Ray,2,474.0,0.0,7.0,481.0,34_Form20.pdf
34,,,135,SHYAMA SARKAR,1,474.0,0.0,7.0,481.0,34_Form20.pdf
34,,,135,SUDHIR SARKAR,4,474.0,0.0,7.0,481.0,34_Form20.pdf
34,,,135,SURESH BARMAN,1,474.0,0.0,7.0,481.0,34_Form20.pdf
34,,,135(A),TAPAN DEB SINGHA,253,472.0,0.0,5.0,477.0,34_Form20.pdf
34,,,135(A),PRAVASH SARKAR,63,472.0,0.0,5.0,477.0,34_Form20.pdf
34,,,135(A),SOUMEN ROY,146,472.0,0.0,5.0,477.0,34_Form20.pdf
34,,,135(A),GOPAL CHUNARY,2,472.0,0.0,5.0,477.0,34_Form20.pdf
34,,,135(A),NAMALA KANTA SARKAR,0,472.0,0.0,5.0,477.0,34_Form20.pdf
34,,,135(A),ALEN SARKAR,1,472.0,0.0,5.0,477.0,34_Form20.pdf
34,,,135(A),Dilip Chandra Ray,0,472.0,0.0,5.0,477.0,34_Form20.pdf
34,,,135(A),SHYAMA SARKAR,0,472.0,0.0,5.0,477.0,34_Form20.pdf
34,,,135(A),SUDHIR SARKAR,5,472.0,0.0,5.0,477.0,34_Form20.pdf
34,,,135(A),SURESH BARMAN,2,472.0,0.0,5.0,477.0,34_Form20.pdf
34,,,136,TAPAN DEB SINGHA,304,701.0,0.0,12.0,713.0,34_Form20.pdf
34,,,136,PRAVASH SARKAR,40,701.0,0.0,12.0,713.0,34_Form20.pdf
34,,,136,SOUMEN ROY,300,701.0,0.0,12.0,713.0,34_Form20.pdf
34,,,136,GOPAL CHUNARY,2,701.0,0.0,12.0,713.0,34_Form20.pdf
34,,,136,NAMALA KANTA SARKAR,0,701.0,0.0,12.0,713.0,34_Form20.pdf
34,,,136,ALEN SARKAR,2,701.0,0.0,12.0,713.0,34_Form20.pdf
34,,,136,Dilip Chandra Ray,6,701.0,0.0,12.0,713.0,34_Form20.pdf
34,,,136,SHYAMA SARKAR,1,701.0,0.0,12.0,713.0,34_Form20.pdf
34,,,136,SUDHIR SARKAR,45,701.0,0.0,12.0,713.0,34_Form20.pdf
34,,,136,SURESH BARMAN,1,701.0,0.0,12.0,713.0,34_Form20.pdf
34,,,137,TAPAN DEB SINGHA,348,645.0,0.0,11.0,656.0,34_Form20.pdf
34,,,137,PRAVASH SARKAR,46,645.0,0.0,11.0,656.0,34_Form20.pdf
34,,,137,SOUMEN ROY,229,645.0,0.0,11.0,656.0,34_Form20.pdf
34,,,137,GOPAL CHUNARY,3,645.0,0.0,11.0,656.0,34_Form20.pdf
34,,,137,NAMALA KANTA SARKAR,0,645.0,0.0,11.0,656.0,34_Form20.pdf
34,,,137,ALEN SARKAR,0,645.0,0.0,11.0,656.0,34_Form20.pdf
34,,,137,Dilip Chandra Ray,3,645.0,0.0,11.0,656.0,34_Form20.pdf
34,,,137,SHYAMA SARKAR,0,645.0,0.0,11.0,656.0,34_Form20.pdf
34,,,137,SUDHIR SARKAR,16,645.0,0.0,11.0,656.0,34_Form20.pdf
34,,,137,SURESH BARMAN,0,645.0,0.0,11.0,656.0,34_Form20.pdf
34,,,138,TAPAN DEB SINGHA,398,678.0,0.0,11.0,689.0,34_Form20.pdf
34,,,138,PRAVASH SARKAR,85,678.0,0.0,11.0,689.0,34_Form20.pdf
34,,,138,SOUMEN ROY,174,678.0,0.0,11.0,689.0,34_Form20.pdf
34,,,138,GOPAL CHUNARY,2,678.0,0.0,11.0,689.0,34_Form20.pdf
34,,,138,NAMALA KANTA SARKAR,2,678.0,0.0,11.0,689.0,34_Form20.pdf
34,,,138,ALEN SARKAR,0,678.0,0.0,11.0,689.0,34_Form20.pdf
34,,,138,Dilip Chandra Ray,4,678.0,0.0,11.0,689.0,34_Form20.pdf
34,,,138,SHYAMA SARKAR,2,678.0,0.0,11.0,689.0,34_Form20.pdf
34,,,138,SUDHIR SARKAR,6,678.0,0.0,11.0,689.0,34_Form20.pdf
34,,,138,SURESH BARMAN,5,678.0,0.0,11.0,689.0,34_Form20.pdf
34,,,139,TAPAN DEB SINGHA,357,473.0,0.0,3.0,476.0,34_Form20.pdf
34,,,139,PRAVASH SARKAR,67,473.0,0.0,3.0,476.0,34_Form20.pdf
34,,,139,SOUMEN ROY,37,473.0,0.0,3.0,476.0,34_Form20.pdf
34,,,139,GOPAL CHUNARY,2,473.0,0.0,3.0,476.0,34_Form20.pdf
34,,,139,NAMALA KANTA SARKAR,0,473.0,0.0,3.0,476.0,34_Form20.pdf
34,,,139,ALEN SARKAR,0,473.0,0.0,3.0,476.0,34_Form20.pdf
34,,,139,Dilip Chandra Ray,0,473.0,0.0,3.0,476.0,34_Form20.pdf
34,,,139,SHYAMA SARKAR,1,473.0,0.0,3.0,476.0,34_Form20.pdf
34,,,139,SUDHIR SARKAR,6,473.0,0.0,3.0,476.0,34_Form20.pdf
34,,,139,SURESH BARMAN,3,473.0,0.0,3.0,476.0,34_Form20.pdf
34,,,139(A),TAPAN DEB SINGHA,276,466.0,0.0,3.0,469.0,34_Form20.pdf
34,,,139(A),PRAVASH SARKAR,76,466.0,0.0,3.0,469.0,34_Form20.pdf
34,,,139(A),SOUMEN ROY,85,466.0,0.0,3.0,469.0,34_Form20.pdf
34,,,139(A),GOPAL CHUNARY,2,466.0,0.0,3.0,469.0,34_Form20.pdf
34,,,139(A),NAMALA KANTA SARKAR,0,466.0,0.0,3.0,469.0,34_Form20.pdf
34,,,139(A),ALEN SARKAR,0,466.0,0.0,3.0,469.0,34_Form20.pdf
34,,,139(A),Dilip Chandra Ray,1,466.0,0.0,3.0,469.0,34_Form20.pdf
34,,,139(A),SHYAMA SARKAR,1,466.0,0.0,3.0,469.0,34_Form20.pdf
34,,,139(A),SUDHIR SARKAR,21,466.0,0.0,3.0,469.0,34_Form20.pdf
34,,,139(A),SURESH BARMAN,4,466.0,0.0,3.0,469.0,34_Form20.pdf
34,,,140,TAPAN DEB SINGHA,161,557.0,0.0,11.0,568.0,34_Form20.pdf
34,,,140,PRAVASH SARKAR,94,557.0,0.0,11.0,568.0,34_Form20.pdf
34,,,140,SOUMEN ROY,266,557.0,0.0,11.0,568.0,34_Form20.pdf
34,,,140,GOPAL CHUNARY,2,557.0,0.0,11.0,568.0,34_Form20.pdf
34,,,140,NAMALA KANTA SARKAR,6,557.0,0.0,11.0,568.0,34_Form20.pdf
34,,,140,ALEN SARKAR,2,557.0,0.0,11.0,568.0,34_Form20.pdf
34,,,140,Dilip Chandra Ray,3,557.0,0.0,11.0,568.0,34_Form20.pdf
34,,,140,SHYAMA SARKAR,1,557.0,0.0,11.0,568.0,34_Form20.pdf
34,,,140,SUDHIR SARKAR,16,557.0,0.0,11.0,568.0,34_Form20.pdf
34,,,140,SURESH BARMAN,6,557.0,0.0,11.0,568.0,34_Form20.pdf
34,,,140(A),TAPAN DEB SINGHA,199,558.0,0.0,7.0,565.0,34_Form20.pdf
34,,,140(A),PRAVASH SARKAR,101,558.0,0.0,7.0,565.0,34_Form20.pdf
34,,,140(A),SOUMEN ROY,235,558.0,0.0,7.0,565.0,34_Form20.pdf
34,,,140(A),GOPAL CHUNARY,3,558.0,0.0,7.0,565.0,34_Form20.pdf
34,,,140(A),NAMALA KANTA SARKAR,4,558.0,0.0,7.0,565.0,34_Form20.pdf
34,,,140(A),ALEN SARKAR,1,558.0,0.0,7.0,565.0,34_Form20.pdf
34,,,140(A),Dilip Chandra Ray,2,558.0,0.0,7.0,565.0,34_Form20.pdf
34,,,140(A),SHYAMA SARKAR,0,558.0,0.0,7.0,565.0,34_Form20.pdf
34,,,140(A),SUDHIR SARKAR,10,558.0,0.0,7.0,565.0,34_Form20.pdf
34,,,140(A),SURESH BARMAN,3,558.0,0.0,7.0,565.0,34_Form20.pdf
34,,,141,TAPAN DEB SINGHA,207,506.0,0.0,9.0,515.0,34_Form20.pdf
34,,,141,PRAVASH SARKAR,25,506.0,0.0,9.0,515.0,34_Form20.pdf
34,,,141,SOUMEN ROY,236,506.0,0.0,9.0,515.0,34_Form20.pdf
34,,,141,GOPAL CHUNARY,1,506.0,0.0,9.0,515.0,34_Form20.pdf
34,,,141,NAMALA KANTA SARKAR,4,506.0,0.0,9.0,515.0,34_Form20.pdf
34,,,141,ALEN SARKAR,0,506.0,0.0,9.0,515.0,34_Form20.pdf
34,,,141,Dilip Chandra Ray,2,506.0,0.0,9.0,515.0,34_Form20.pdf
34,,,141,SHYAMA SARKAR,1,506.0,0.0,9.0,515.0,34_Form20.pdf
34,,,141,SUDHIR SARKAR,27,506.0,0.0,9.0,515.0,34_Form20.pdf
34,,,141,SURESH BARMAN,3,506.0,0.0,9.0,515.0,34_Form20.pdf
34,,,142,TAPAN DEB SINGHA,438,822.0,0.0,13.0,835.0,34_Form20.pdf
34,,,142,PRAVASH SARKAR,41,822.0,0.0,13.0,835.0,34_Form20.pdf
34,,,142,SOUMEN ROY,316,822.0,0.0,13.0,835.0,34_Form20.pdf
34,,,142,GOPAL CHUNARY,5,822.0,0.0,13.0,835.0,34_Form20.pdf
34,,,142,NAMALA KANTA SARKAR,0,822.0,0.0,13.0,835.0,34_Form20.pdf
34,,,142,ALEN SARKAR,1,822.0,0.0,13.0,835.0,34_Form20.pdf
34,,,142,Dilip Chandra Ray,4,822.0,0.0,13.0,835.0,34_Form20.pdf
34,,,142,SHYAMA SARKAR,4,822.0,0.0,13.0,835.0,34_Form20.pdf
34,,,142,SUDHIR SARKAR,12,822.0,0.0,13.0,835.0,34_Form20.pdf
34,,,142,SURESH BARMAN,1,822.0,0.0,13.0,835.0,34_Form20.pdf
34,,,143,TAPAN DEB SINGHA,201,439.0,0.0,12.0,451.0,34_Form20.pdf
34,,,143,PRAVASH SARKAR,22,439.0,0.0,12.0,451.0,34_Form20.pdf
34,,,143,SOUMEN ROY,198,439.0,0.0,12.0,451.0,34_Form20.pdf
34,,,143,GOPAL CHUNARY,3,439.0,0.0,12.0,451.0,34_Form20.pdf
34,,,143,NAMALA KANTA SARKAR,1,439.0,0.0,12.0,451.0,34_Form20.pdf
34,,,143,ALEN SARKAR,0,439.0,0.0,12.0,451.0,34_Form20.pdf
34,,,143,Dilip Chandra Ray,1,439.0,0.0,12.0,451.0,34_Form20.pdf
34,,,143,SHYAMA SARKAR,3,439.0,0.0,12.0,451.0,34_Form20.pdf
34,,,143,SUDHIR SARKAR,5,439.0,0.0,12.0,451.0,34_Form20.pdf
34,,,143,SURESH BARMAN,5,439.0,0.0,12.0,451.0,34_Form20.pdf
34,,,144,TAPAN DEB SINGHA,234,485.0,0.0,10.0,495.0,34_Form20.pdf
34,,,144,PRAVASH SARKAR,38,485.0,0.0,10.0,495.0,34_Form20.pdf
34,,,144,SOUMEN ROY,197,485.0,0.0,10.0,495.0,34_Form20.pdf
34,,,144,GOPAL CHUNARY,2,485.0,0.0,10.0,495.0,34_Form20.pdf
34,,,144,NAMALA KANTA SARKAR,1,485.0,0.0,10.0,495.0,34_Form20.pdf
34,,,144,ALEN SARKAR,2,485.0,0.0,10.0,495.0,34_Form20.pdf
34,,,144,Dilip Chandra Ray,2,485.0,0.0,10.0,495.0,34_Form20.pdf
34,,,144,SHYAMA SARKAR,5,485.0,0.0,10.0,495.0,34_Form20.pdf
34,,,144,SUDHIR SARKAR,3,485.0,0.0,10.0,495.0,34_Form20.pdf
34,,,144,SURESH BARMAN,1,485.0,0.0,10.0,495.0,34_Form20.pdf
34,,,144(A),TAPAN DEB SINGHA,170,482.0,0.0,9.0,491.0,34_Form20.pdf
34,,,144(A),PRAVASH SARKAR,50,482.0,0.0,9.0,491.0,34_Form20.pdf
34,,,144(A),SOUMEN ROY,239,482.0,0.0,9.0,491.0,34_Form20.pdf
34,,,144(A),GOPAL CHUNARY,2,482.0,0.0,9.0,491.0,34_Form20.pdf
34,,,144(A),NAMALA KANTA SARKAR,6,482.0,0.0,9.0,491.0,34_Form20.pdf
34,,,144(A),ALEN SARKAR,0,482.0,0.0,9.0,491.0,34_Form20.pdf
34,,,144(A),Dilip Chandra Ray,1,482.0,0.0,9.0,491.0,34_Form20.pdf
34,,,144(A),SHYAMA SARKAR,2,482.0,0.0,9.0,491.0,34_Form20.pdf
34,,,144(A),SUDHIR SARKAR,8,482.0,0.0,9.0,491.0,34_Form20.pdf
34,,,144(A),SURESH BARMAN,4,482.0,0.0,9.0,491.0,34_Form20.pdf
34,,,145,TAPAN DEB SINGHA,139,504.0,0.0,9.0,513.0,34_Form20.pdf
34,,,145,PRAVASH SARKAR,22,504.0,0.0,9.0,513.0,34_Form20.pdf
34,,,145,SOUMEN ROY,309,504.0,0.0,9.0,513.0,34_Form20.pdf
34,,,145,GOPAL CHUNARY,3,504.0,0.0,9.0,513.0,34_Form20.pdf
34,,,145,NAMALA KANTA SARKAR,4,504.0,0.0,9.0,513.0,34_Form20.pdf
34,,,145,ALEN SARKAR,1,504.0,0.0,9.0,513.0,34_Form20.pdf
34,,,145,Dilip Chandra Ray,0,504.0,0.0,9.0,513.0,34_Form20.pdf
34,,,145,SHYAMA SARKAR,0,504.0,0.0,9.0,513.0,34_Form20.pdf
34,,,145,SUDHIR SARKAR,22,504.0,0.0,9.0,513.0,34_Form20.pdf
34,,,145,SURESH BARMAN,3,504.0,0.0,9.0,513.0,34_Form20.pdf
34,,,145(A),TAPAN DEB SINGHA,155,511.0,0.0,8.0,519.0,34_Form20.pdf
34,,,145(A),PRAVASH SARKAR,27,511.0,0.0,8.0,519.0,34_Form20.pdf
34,,,145(A),SOUMEN ROY,306,511.0,0.0,8.0,519.0,34_Form20.pdf
34,,,145(A),GOPAL CHUNARY,3,511.0,0.0,8.0,519.0,34_Form20.pdf
34,,,145(A),NAMALA KANTA SARKAR,2,511.0,0.0,8.0,519.0,34_Form20.pdf
34,,,145(A),ALEN SARKAR,2,511.0,0.0,8.0,519.0,34_Form20.pdf
34,,,145(A),Dilip Chandra Ray,0,511.0,0.0,8.0,519.0,34_Form20.pdf
34,,,145(A),SHYAMA SARKAR,1,511.0,0.0,8.0,519.0,34_Form20.pdf
34,,,145(A),SUDHIR SARKAR,14,511.0,0.0,8.0,519.0,34_Form20.pdf
34,,,145(A),SURESH BARMAN,1,511.0,0.0,8.0,519.0,34_Form20.pdf
34,,,146,TAPAN DEB SINGHA,228,554.0,0.0,6.0,560.0,34_Form20.pdf
34,,,146,PRAVASH SARKAR,83,554.0,0.0,6.0,560.0,34_Form20.pdf
34,,,146,SOUMEN ROY,211,554.0,0.0,6.0,560.0,34_Form20.pdf
34,,,146,GOPAL CHUNARY,1,554.0,0.0,6.0,560.0,34_Form20.pdf
34,,,146,NAMALA KANTA SARKAR,2,554.0,0.0,6.0,560.0,34_Form20.pdf
34,,,146,ALEN SARKAR,14,554.0,0.0,6.0,560.0,34_Form20.pdf
34,,,146,Dilip Chandra Ray,0,554.0,0.0,6.0,560.0,34_Form20.pdf
34,,,146,SHYAMA SARKAR,3,554.0,0.0,6.0,560.0,34_Form20.pdf
34,,,146,SUDHIR SARKAR,5,554.0,0.0,6.0,560.0,34_Form20.pdf
34,,,146,SURESH BARMAN,7,554.0,0.0,6.0,560.0,34_Form20.pdf
34,,,146(A),TAPAN DEB SINGHA,189,521.0,0.0,12.0,533.0,34_Form20.pdf
34,,,146(A),PRAVASH SARKAR,92,521.0,0.0,12.0,533.0,34_Form20.pdf
34,,,146(A),SOUMEN ROY,197,521.0,0.0,12.0,533.0,34_Form20.pdf
34,,,146(A),GOPAL CHUNARY,4,521.0,0.0,12.0,533.0,34_Form20.pdf
34,,,146(A),NAMALA KANTA SARKAR,4,521.0,0.0,12.0,533.0,34_Form20.pdf
34,,,146(A),ALEN SARKAR,9,521.0,0.0,12.0,533.0,34_Form20.pdf
34,,,146(A),Dilip Chandra Ray,0,521.0,0.0,12.0,533.0,34_Form20.pdf
34,,,146(A),SHYAMA SARKAR,6,521.0,0.0,12.0,533.0,34_Form20.pdf
34,,,146(A),SUDHIR SARKAR,10,521.0,0.0,12.0,533.0,34_Form20.pdf
34,,,146(A),SURESH BARMAN,10,521.0,0.0,12.0,533.0,34_Form20.pdf
34,,,147,TAPAN DEB SINGHA,190,458.0,0.0,7.0,465.0,34_Form20.pdf
34,,,147,PRAVASH SARKAR,14,458.0,0.0,7.0,465.0,34_Form20.pdf
34,,,147,SOUMEN ROY,223,458.0,0.0,7.0,465.0,34_Form20.pdf
34,,,147,GOPAL CHUNARY,4,458.0,0.0,7.0,465.0,34_Form20.pdf
34,,,147,NAMALA KANTA SARKAR,0,458.0,0.0,7.0,465.0,34_Form20.pdf
34,,,147,ALEN SARKAR,1,458.0,0.0,7.0,465.0,34_Form20.pdf
34,,,147,Dilip Chandra Ray,3,458.0,0.0,7.0,465.0,34_Form20.pdf
34,,,147,SHYAMA SARKAR,1,458.0,0.0,7.0,465.0,34_Form20.pdf
34,,,147,SUDHIR SARKAR,20,458.0,0.0,7.0,465.0,34_Form20.pdf
34,,,147,SURESH BARMAN,2,458.0,0.0,7.0,465.0,34_Form20.pdf
34,,,147(A),TAPAN DEB SINGHA,307,479.0,0.0,3.0,482.0,34_Form20.pdf
34,,,147(A),PRAVASH SARKAR,7,479.0,0.0,3.0,482.0,34_Form20.pdf
34,,,147(A),SOUMEN ROY,156,479.0,0.0,3.0,482.0,34_Form20.pdf
34,,,147(A),GOPAL CHUNARY,1,479.0,0.0,3.0,482.0,34_Form20.pdf
34,,,147(A),NAMALA KANTA SARKAR,0,479.0,0.0,3.0,482.0,34_Form20.pdf
34,,,147(A),ALEN SARKAR,2,479.0,0.0,3.0,482.0,34_Form20.pdf
34,,,147(A),Dilip Chandra Ray,2,479.0,0.0,3.0,482.0,34_Form20.pdf
34,,,147(A),SHYAMA SARKAR,0,479.0,0.0,3.0,482.0,34_Form20.pdf
34,,,147(A),SUDHIR SARKAR,4,479.0,0.0,3.0,482.0,34_Form20.pdf
34,,,147(A),SURESH BARMAN,0,479.0,0.0,3.0,482.0,34_Form20.pdf
34,,,148,TAPAN DEB SINGHA,261,557.0,0.0,5.0,562.0,34_Form20.pdf
34,,,148,PRAVASH SARKAR,34,557.0,0.0,5.0,562.0,34_Form20.pdf
34,,,148,SOUMEN ROY,241,557.0,0.0,5.0,562.0,34_Form20.pdf
34,,,148,GOPAL CHUNARY,3,557.0,0.0,5.0,562.0,34_Form20.pdf
34,,,148,NAMALA KANTA SARKAR,1,557.0,0.0,5.0,562.0,34_Form20.pdf
34,,,148,ALEN SARKAR,0,557.0,0.0,5.0,562.0,34_Form20.pdf
34,,,148,Dilip Chandra Ray,2,557.0,0.0,5.0,562.0,34_Form20.pdf
34,,,148,SHYAMA SARKAR,3,557.0,0.0,5.0,562.0,34_Form20.pdf
34,,,148,SUDHIR SARKAR,9,557.0,0.0,5.0,562.0,34_Form20.pdf
34,,,148,SURESH BARMAN,3,557.0,0.0,5.0,562.0,34_Form20.pdf
34,,,149,TAPAN DEB SINGHA,218,513.0,0.0,12.0,525.0,34_Form20.pdf
34,,,149,PRAVASH SARKAR,97,513.0,0.0,12.0,525.0,34_Form20.pdf
34,,,149,SOUMEN ROY,163,513.0,0.0,12.0,525.0,34_Form20.pdf
34,,,149,GOPAL CHUNARY,2,513.0,0.0,12.0,525.0,34_Form20.pdf
34,,,149,NAMALA KANTA SARKAR,0,513.0,0.0,12.0,525.0,34_Form20.pdf
34,,,149,ALEN SARKAR,3,513.0,0.0,12.0,525.0,34_Form20.pdf
34,,,149,Dilip Chandra Ray,3,513.0,0.0,12.0,525.0,34_Form20.pdf
34,,,149,SHYAMA SARKAR,1,513.0,0.0,12.0,525.0,34_Form20.pdf
34,,,149,SUDHIR SARKAR,20,513.0,0.0,12.0,525.0,34_Form20.pdf
34,,,149,SURESH BARMAN,6,513.0,0.0,12.0,525.0,34_Form20.pdf
34,,,149(A),TAPAN DEB SINGHA,252,503.0,0.0,3.0,506.0,34_Form20.pdf
34,,,149(A),PRAVASH SARKAR,73,503.0,0.0,3.0,506.0,34_Form20.pdf
34,,,149(A),SOUMEN ROY,154,503.0,0.0,3.0,506.0,34_Form20.pdf
34,,,149(A),GOPAL CHUNARY,2,503.0,0.0,3.0,506.0,34_Form20.pdf
34,,,149(A),NAMALA KANTA SARKAR,0,503.0,0.0,3.0,506.0,34_Form20.pdf
34,,,149(A),ALEN SARKAR,0,503.0,0.0,3.0,506.0,34_Form20.pdf
34,,,149(A),Dilip Chandra Ray,2,503.0,0.0,3.0,506.0,34_Form20.pdf
34,,,149(A),SHYAMA SARKAR,2,503.0,0.0,3.0,506.0,34_Form20.pdf
34,,,149(A),SUDHIR SARKAR,15,503.0,0.0,3.0,506.0,34_Form20.pdf
34,,,149(A),SURESH BARMAN,3,503.0,0.0,3.0,506.0,34_Form20.pdf
34,,,150,TAPAN DEB SINGHA,213,563.0,0.0,2.0,565.0,34_Form20.pdf
34,,,150,PRAVASH SARKAR,27,563.0,0.0,2.0,565.0,34_Form20.pdf
34,,,150,SOUMEN ROY,266,563.0,0.0,2.0,565.0,34_Form20.pdf
34,,,150,GOPAL CHUNARY,1,563.0,0.0,2.0,565.0,34_Form20.pdf
34,,,150,NAMALA KANTA SARKAR,0,563.0,0.0,2.0,565.0,34_Form20.pdf
34,,,150,ALEN SARKAR,0,563.0,0.0,2.0,565.0,34_Form20.pdf
34,,,150,Dilip Chandra Ray,0,563.0,0.0,2.0,565.0,34_Form20.pdf
34,,,150,SHYAMA SARKAR,1,563.0,0.0,2.0,565.0,34_Form20.pdf
34,,,150,SUDHIR SARKAR,52,563.0,0.0,2.0,565.0,34_Form20.pdf
34,,,150,SURESH BARMAN,3,563.0,0.0,2.0,565.0,34_Form20.pdf
34,,,151,TAPAN DEB SINGHA,174,518.0,0.0,9.0,527.0,34_Form20.pdf
34,,,151,PRAVASH SARKAR,25,518.0,0.0,9.0,527.0,34_Form20.pdf
34,,,151,SOUMEN ROY,280,518.0,0.0,9.0,527.0,34_Form20.pdf
34,,,151,GOPAL CHUNARY,4,518.0,0.0,9.0,527.0,34_Form20.pdf
34,,,151,NAMALA KANTA SARKAR,0,518.0,0.0,9.0,527.0,34_Form20.pdf
34,,,151,ALEN SARKAR,2,518.0,0.0,9.0,527.0,34_Form20.pdf
34,,,151,Dilip Chandra Ray,2,518.0,0.0,9.0,527.0,34_Form20.pdf
34,,,151,SHYAMA SARKAR,4,518.0,0.0,9.0,527.0,34_Form20.pdf
34,,,151,SUDHIR SARKAR,22,518.0,0.0,9.0,527.0,34_Form20.pdf
34,,,151,SURESH BARMAN,5,518.0,0.0,9.0,527.0,34_Form20.pdf
34,,,152,TAPAN DEB SINGHA,216,560.0,0.0,7.0,567.0,34_Form20.pdf
34,,,152,PRAVASH SARKAR,45,560.0,0.0,7.0,567.0,34_Form20.pdf
34,,,152,SOUMEN ROY,248,560.0,0.0,7.0,567.0,34_Form20.pdf
34,,,152,GOPAL CHUNARY,2,560.0,0.0,7.0,567.0,34_Form20.pdf
34,,,152,NAMALA KANTA SARKAR,2,560.0,0.0,7.0,567.0,34_Form20.pdf
34,,,152,ALEN SARKAR,0,560.0,0.0,7.0,567.0,34_Form20.pdf
34,,,152,Dilip Chandra Ray,2,560.0,0.0,7.0,567.0,34_Form20.pdf
34,,,152,SHYAMA SARKAR,3,560.0,0.0,7.0,567.0,34_Form20.pdf
34,,,152,SUDHIR SARKAR,37,560.0,0.0,7.0,567.0,34_Form20.pdf
34,,,152,SURESH BARMAN,5,560.0,0.0,7.0,567.0,34_Form20.pdf
34,,,152(A),TAPAN DEB SINGHA,177,489.0,0.0,7.0,496.0,34_Form20.pdf
34,,,152(A),PRAVASH SARKAR,29,489.0,0.0,7.0,496.0,34_Form20.pdf
34,,,152(A),SOUMEN ROY,247,489.0,0.0,7.0,496.0,34_Form20.pdf
34,,,152(A),GOPAL CHUNARY,1,489.0,0.0,7.0,496.0,34_Form20.pdf
34,,,152(A),NAMALA KANTA SARKAR,0,489.0,0.0,7.0,496.0,34_Form20.pdf
34,,,152(A),ALEN SARKAR,3,489.0,0.0,7.0,496.0,34_Form20.pdf
34,,,152(A),Dilip Chandra Ray,3,489.0,0.0,7.0,496.0,34_Form20.pdf
34,,,152(A),SHYAMA SARKAR,2,489.0,0.0,7.0,496.0,34_Form20.pdf
34,,,152(A),SUDHIR SARKAR,23,489.0,0.0,7.0,496.0,34_Form20.pdf
34,,,152(A),SURESH BARMAN,4,489.0,0.0,7.0,496.0,34_Form20.pdf
34,,,153,TAPAN DEB SINGHA,375,538.0,0.0,1.0,539.0,34_Form20.pdf
34,,,153,PRAVASH SARKAR,103,538.0,0.0,1.0,539.0,34_Form20.pdf
34,,,153,SOUMEN ROY,56,538.0,0.0,1.0,539.0,34_Form20.pdf
34,,,153,GOPAL CHUNARY,0,538.0,0.0,1.0,539.0,34_Form20.pdf
34,,,153,NAMALA KANTA SARKAR,0,538.0,0.0,1.0,539.0,34_Form20.pdf
34,,,153,ALEN SARKAR,0,538.0,0.0,1.0,539.0,34_Form20.pdf
34,,,153,Dilip Chandra Ray,0,538.0,0.0,1.0,539.0,34_Form20.pdf
34,,,153,SHYAMA SARKAR,1,538.0,0.0,1.0,539.0,34_Form20.pdf
34,,,153,SUDHIR SARKAR,1,538.0,0.0,1.0,539.0,34_Form20.pdf
34,,,153,SURESH BARMAN,2,538.0,0.0,1.0,539.0,34_Form20.pdf
34,,,153(A),TAPAN DEB SINGHA,444,543.0,0.0,7.0,550.0,34_Form20.pdf
34,,,153(A),PRAVASH SARKAR,78,543.0,0.0,7.0,550.0,34_Form20.pdf
34,,,153(A),SOUMEN ROY,13,543.0,0.0,7.0,550.0,34_Form20.pdf
34,,,153(A),GOPAL CHUNARY,0,543.0,0.0,7.0,550.0,34_Form20.pdf
34,,,153(A),NAMALA KANTA SARKAR,0,543.0,0.0,7.0,550.0,34_Form20.pdf
34,,,153(A),ALEN SARKAR,1,543.0,0.0,7.0,550.0,34_Form20.pdf
34,,,153(A),Dilip Chandra Ray,1,543.0,0.0,7.0,550.0,34_Form20.pdf
34,,,153(A),SHYAMA SARKAR,1,543.0,0.0,7.0,550.0,34_Form20.pdf
34,,,153(A),SUDHIR SARKAR,4,543.0,0.0,7.0,550.0,34_Form20.pdf
34,,,153(A),SURESH BARMAN,1,543.0,0.0,7.0,550.0,34_Form20.pdf
34,,,154,TAPAN DEB SINGHA,176,485.0,0.0,1.0,486.0,34_Form20.pdf
34,,,154,PRAVASH SARKAR,5,485.0,0.0,1.0,486.0,34_Form20.pdf
34,,,154,SOUMEN ROY,295,485.0,0.0,1.0,486.0,34_Form20.pdf
34,,,154,GOPAL CHUNARY,0,485.0,0.0,1.0,486.0,34_Form20.pdf
34,,,154,NAMALA KANTA SARKAR,0,485.0,0.0,1.0,486.0,34_Form20.pdf
34,,,154,ALEN SARKAR,0,485.0,0.0,1.0,486.0,34_Form20.pdf
34,,,154,Dilip Chandra Ray,0,485.0,0.0,1.0,486.0,34_Form20.pdf
34,,,154,SHYAMA SARKAR,2,485.0,0.0,1.0,486.0,34_Form20.pdf
34,,,154,SUDHIR SARKAR,5,485.0,0.0,1.0,486.0,34_Form20.pdf
34,,,154,SURESH BARMAN,1,485.0,0.0,1.0,486.0,34_Form20.pdf
34,,,154(A),TAPAN DEB SINGHA,291,450.0,0.0,3.0,453.0,34_Form20.pdf
34,,,154(A),PRAVASH SARKAR,22,450.0,0.0,3.0,453.0,34_Form20.pdf
34,,,154(A),SOUMEN ROY,130,450.0,0.0,3.0,453.0,34_Form20.pdf
34,,,154(A),GOPAL CHUNARY,1,450.0,0.0,3.0,453.0,34_Form20.pdf
34,,,154(A),NAMALA KANTA SARKAR,0,450.0,0.0,3.0,453.0,34_Form20.pdf
34,,,154(A),ALEN SARKAR,0,450.0,0.0,3.0,453.0,34_Form20.pdf
34,,,154(A),Dilip Chandra Ray,0,450.0,0.0,3.0,453.0,34_Form20.pdf
34,,,154(A),SHYAMA SARKAR,1,450.0,0.0,3.0,453.0,34_Form20.pdf
34,,,154(A),SUDHIR SARKAR,5,450.0,0.0,3.0,453.0,34_Form20.pdf
34,,,154(A),SURESH BARMAN,0,450.0,0.0,3.0,453.0,34_Form20.pdf
34,,,155,TAPAN DEB SINGHA,575,740.0,0.0,13.0,753.0,34_Form20.pdf
34,,,155,PRAVASH SARKAR,89,740.0,0.0,13.0,753.0,34_Form20.pdf
34,,,155,SOUMEN ROY,74,740.0,0.0,13.0,753.0,34_Form20.pdf
34,,,155,GOPAL CHUNARY,0,740.0,0.0,13.0,753.0,34_Form20.pdf
34,,,155,NAMALA KANTA SARKAR,1,740.0,0.0,13.0,753.0,34_Form20.pdf
34,,,155,ALEN SARKAR,0,740.0,0.0,13.0,753.0,34_Form20.pdf
34,,,155,Dilip Chandra Ray,0,740.0,0.0,13.0,753.0,34_Form20.pdf
34,,,155,SHYAMA SARKAR,1,740.0,0.0,13.0,753.0,34_Form20.pdf
34,,,155,SUDHIR SARKAR,0,740.0,0.0,13.0,753.0,34_Form20.pdf
34,,,155,SURESH BARMAN,0,740.0,0.0,13.0,753.0,34_Form20.pdf
34,,,156,TAPAN DEB SINGHA,411,513.0,0.0,8.0,521.0,34_Form20.pdf
34,,,156,PRAVASH SARKAR,58,513.0,0.0,8.0,521.0,34_Form20.pdf
34,,,156,SOUMEN ROY,37,513.0,0.0,8.0,521.0,34_Form20.pdf
34,,,156,GOPAL CHUNARY,0,513.0,0.0,8.0,521.0,34_Form20.pdf
34,,,156,NAMALA KANTA SARKAR,1,513.0,0.0,8.0,521.0,34_Form20.pdf
34,,,156,ALEN SARKAR,0,513.0,0.0,8.0,521.0,34_Form20.pdf
34,,,156,Dilip Chandra Ray,0,513.0,0.0,8.0,521.0,34_Form20.pdf
34,,,156,SHYAMA SARKAR,0,513.0,0.0,8.0,521.0,34_Form20.pdf
34,,,156,SUDHIR SARKAR,2,513.0,0.0,8.0,521.0,34_Form20.pdf
34,,,156,SURESH BARMAN,3,513.0,0.0,8.0,521.0,34_Form20.pdf
34,,,156(A),TAPAN DEB SINGHA,344,501.0,0.0,5.0,506.0,34_Form20.pdf
34,,,156(A),PRAVASH SARKAR,30,501.0,0.0,5.0,506.0,34_Form20.pdf
34,,,156(A),SOUMEN ROY,120,501.0,0.0,5.0,506.0,34_Form20.pdf
34,,,156(A),GOPAL CHUNARY,0,501.0,0.0,5.0,506.0,34_Form20.pdf
34,,,156(A),NAMALA KANTA SARKAR,0,501.0,0.0,5.0,506.0,34_Form20.pdf
34,,,156(A),ALEN SARKAR,3,501.0,0.0,5.0,506.0,34_Form20.pdf
34,,,156(A),Dilip Chandra Ray,0,501.0,0.0,5.0,506.0,34_Form20.pdf
34,,,156(A),SHYAMA SARKAR,1,501.0,0.0,5.0,506.0,34_Form20.pdf
34,,,156(A),SUDHIR SARKAR,3,501.0,0.0,5.0,506.0,34_Form20.pdf
34,,,156(A),SURESH BARMAN,0,501.0,0.0,5.0,506.0,34_Form20.pdf
34,,,157,TAPAN DEB SINGHA,347,435.0,0.0,4.0,439.0,34_Form20.pdf
34,,,157,PRAVASH SARKAR,78,435.0,0.0,4.0,439.0,34_Form20.pdf
34,,,157,SOUMEN ROY,4,435.0,0.0,4.0,439.0,34_Form20.pdf
34,,,157,GOPAL CHUNARY,0,435.0,0.0,4.0,439.0,34_Form20.pdf
34,,,157,NAMALA KANTA SARKAR,0,435.0,0.0,4.0,439.0,34_Form20.pdf
34,,,157,ALEN SARKAR,0,435.0,0.0,4.0,439.0,34_Form20.pdf
34,,,157,Dilip Chandra Ray,1,435.0,0.0,4.0,439.0,34_Form20.pdf
34,,,157,SHYAMA SARKAR,1,435.0,0.0,4.0,439.0,34_Form20.pdf
34,,,157,SUDHIR SARKAR,3,435.0,0.0,4.0,439.0,34_Form20.pdf
34,,,157,SURESH BARMAN,1,435.0,0.0,4.0,439.0,34_Form20.pdf
34,,,157(A),TAPAN DEB SINGHA,344,412.0,0.0,3.0,415.0,34_Form20.pdf
34,,,157(A),PRAVASH SARKAR,62,412.0,0.0,3.0,415.0,34_Form20.pdf
34,,,157(A),SOUMEN ROY,4,412.0,0.0,3.0,415.0,34_Form20.pdf
34,,,157(A),GOPAL CHUNARY,0,412.0,0.0,3.0,415.0,34_Form20.pdf
34,,,157(A),NAMALA KANTA SARKAR,0,412.0,0.0,3.0,415.0,34_Form20.pdf
34,,,157(A),ALEN SARKAR,0,412.0,0.0,3.0,415.0,34_Form20.pdf
34,,,157(A),Dilip Chandra Ray,0,412.0,0.0,3.0,415.0,34_Form20.pdf
34,,,157(A),SHYAMA SARKAR,0,412.0,0.0,3.0,415.0,34_Form20.pdf
34,,,157(A),SUDHIR SARKAR,1,412.0,0.0,3.0,415.0,34_Form20.pdf
34,,,157(A),SURESH BARMAN,1,412.0,0.0,3.0,415.0,34_Form20.pdf
34,,,158,TAPAN DEB SINGHA,599,669.0,0.0,7.0,676.0,34_Form20.pdf
34,,,158,PRAVASH SARKAR,59,669.0,0.0,7.0,676.0,34_Form20.pdf
34,,,158,SOUMEN ROY,5,669.0,0.0,7.0,676.0,34_Form20.pdf
34,,,158,GOPAL CHUNARY,0,669.0,0.0,7.0,676.0,34_Form20.pdf
34,,,158,NAMALA KANTA SARKAR,1,669.0,0.0,7.0,676.0,34_Form20.pdf
34,,,158,ALEN SARKAR,1,669.0,0.0,7.0,676.0,34_Form20.pdf
34,,,158,Dilip Chandra Ray,1,669.0,0.0,7.0,676.0,34_Form20.pdf
34,,,158,SHYAMA SARKAR,1,669.0,0.0,7.0,676.0,34_Form20.pdf
34,,,158,SUDHIR SARKAR,1,669.0,0.0,7.0,676.0,34_Form20.pdf
34,,,158,SURESH BARMAN,1,669.0,0.0,7.0,676.0,34_Form20.pdf
34,,,159,TAPAN DEB SINGHA,248,510.0,0.0,3.0,513.0,34_Form20.pdf
34,,,159,PRAVASH SARKAR,12,510.0,0.0,3.0,513.0,34_Form20.pdf
34,,,159,SOUMEN ROY,234,510.0,0.0,3.0,513.0,34_Form20.pdf
34,,,159,GOPAL CHUNARY,3,510.0,0.0,3.0,513.0,34_Form20.pdf
34,,,159,NAMALA KANTA SARKAR,1,510.0,0.0,3.0,513.0,34_Form20.pdf
34,,,159,ALEN SARKAR,0,510.0,0.0,3.0,513.0,34_Form20.pdf
34,,,159,Dilip Chandra Ray,3,510.0,0.0,3.0,513.0,34_Form20.pdf
34,,,159,SHYAMA SARKAR,2,510.0,0.0,3.0,513.0,34_Form20.pdf
34,,,159,SUDHIR SARKAR,5,510.0,0.0,3.0,513.0,34_Form20.pdf
34,,,159,SURESH BARMAN,2,510.0,0.0,3.0,513.0,34_Form20.pdf
34,,,159(A),TAPAN DEB SINGHA,187,515.0,0.0,4.0,519.0,34_Form20.pdf
34,,,159(A),PRAVASH SARKAR,22,515.0,0.0,4.0,519.0,34_Form20.pdf
34,,,159(A),SOUMEN ROY,289,515.0,0.0,4.0,519.0,34_Form20.pdf
34,,,159(A),GOPAL CHUNARY,5,515.0,0.0,4.0,519.0,34_Form20.pdf
34,,,159(A),NAMALA KANTA SARKAR,0,515.0,0.0,4.0,519.0,34_Form20.pdf
34,,,159(A),ALEN SARKAR,0,515.0,0.0,4.0,519.0,34_Form20.pdf
34,,,159(A),Dilip Chandra Ray,1,515.0,0.0,4.0,519.0,34_Form20.pdf
34,,,159(A),SHYAMA SARKAR,2,515.0,0.0,4.0,519.0,34_Form20.pdf
34,,,159(A),SUDHIR SARKAR,7,515.0,0.0,4.0,519.0,34_Form20.pdf
34,,,159(A),SURESH BARMAN,2,515.0,0.0,4.0,519.0,34_Form20.pdf
34,,,160,TAPAN DEB SINGHA,197,580.0,0.0,12.0,592.0,34_Form20.pdf
34,,,160,PRAVASH SARKAR,47,580.0,0.0,12.0,592.0,34_Form20.pdf
34,,,160,SOUMEN ROY,307,580.0,0.0,12.0,592.0,34_Form20.pdf
34,,,160,GOPAL CHUNARY,4,580.0,0.0,12.0,592.0,34_Form20.pdf
34,,,160,NAMALA KANTA SARKAR,3,580.0,0.0,12.0,592.0,34_Form20.pdf
34,,,160,ALEN SARKAR,2,580.0,0.0,12.0,592.0,34_Form20.pdf
34,,,160,Dilip Chandra Ray,3,580.0,0.0,12.0,592.0,34_Form20.pdf
34,,,160,SHYAMA SARKAR,4,580.0,0.0,12.0,592.0,34_Form20.pdf
34,,,160,SUDHIR SARKAR,10,580.0,0.0,12.0,592.0,34_Form20.pdf
34,,,160,SURESH BARMAN,3,580.0,0.0,12.0,592.0,34_Form20.pdf
34,,,160(A),TAPAN DEB SINGHA,195,596.0,0.0,8.0,604.0,34_Form20.pdf
34,,,160(A),PRAVASH SARKAR,56,596.0,0.0,8.0,604.0,34_Form20.pdf
34,,,160(A),SOUMEN ROY,301,596.0,0.0,8.0,604.0,34_Form20.pdf
34,,,160(A),GOPAL CHUNARY,1,596.0,0.0,8.0,604.0,34_Form20.pdf
34,,,160(A),NAMALA KANTA SARKAR,2,596.0,0.0,8.0,604.0,34_Form20.pdf
34,,,160(A),ALEN SARKAR,2,596.0,0.0,8.0,604.0,34_Form20.pdf
34,,,160(A),Dilip Chandra Ray,3,596.0,0.0,8.0,604.0,34_Form20.pdf
34,,,160(A),SHYAMA SARKAR,1,596.0,0.0,8.0,604.0,34_Form20.pdf
34,,,160(A),SUDHIR SARKAR,31,596.0,0.0,8.0,604.0,34_Form20.pdf
34,,,160(A),SURESH BARMAN,4,596.0,0.0,8.0,604.0,34_Form20.pdf
34,,,161,TAPAN DEB SINGHA,185,502.0,0.0,6.0,508.0,34_Form20.pdf
34,,,161,PRAVASH SARKAR,7,502.0,0.0,6.0,508.0,34_Form20.pdf
34,,,161,SOUMEN ROY,286,502.0,0.0,6.0,508.0,34_Form20.pdf
34,,,161,GOPAL CHUNARY,3,502.0,0.0,6.0,508.0,34_Form20.pdf
34,,,161,NAMALA KANTA SARKAR,0,502.0,0.0,6.0,508.0,34_Form20.pdf
34,,,161,ALEN SARKAR,0,502.0,0.0,6.0,508.0,34_Form20.pdf
34,,,161,Dilip Chandra Ray,1,502.0,0.0,6.0,508.0,34_Form20.pdf
34,,,161,SHYAMA SARKAR,3,502.0,0.0,6.0,508.0,34_Form20.pdf
34,,,161,SUDHIR SARKAR,13,502.0,0.0,6.0,508.0,34_Form20.pdf
34,,,161,SURESH BARMAN,4,502.0,0.0,6.0,508.0,34_Form20.pdf
34,,,161(A),TAPAN DEB SINGHA,188,478.0,0.0,12.0,490.0,34_Form20.pdf
34,,,161(A),PRAVASH SARKAR,12,478.0,0.0,12.0,490.0,34_Form20.pdf
34,,,161(A),SOUMEN ROY,234,478.0,0.0,12.0,490.0,34_Form20.pdf
34,,,161(A),GOPAL CHUNARY,5,478.0,0.0,12.0,490.0,34_Form20.pdf
34,,,161(A),NAMALA KANTA SARKAR,1,478.0,0.0,12.0,490.0,34_Form20.pdf
34,,,161(A),ALEN SARKAR,1,478.0,0.0,12.0,490.0,34_Form20.pdf
34,,,161(A),Dilip Chandra Ray,0,478.0,0.0,12.0,490.0,34_Form20.pdf
34,,,161(A),SHYAMA SARKAR,2,478.0,0.0,12.0,490.0,34_Form20.pdf
34,,,161(A),SUDHIR SARKAR,33,478.0,0.0,12.0,490.0,34_Form20.pdf
34,,,161(A),SURESH BARMAN,2,478.0,0.0,12.0,490.0,34_Form20.pdf
34,,,162,TAPAN DEB SINGHA,154,550.0,0.0,4.0,554.0,34_Form20.pdf
34,,,162,PRAVASH SARKAR,18,550.0,0.0,4.0,554.0,34_Form20.pdf
34,,,162,SOUMEN ROY,337,550.0,0.0,4.0,554.0,34_Form20.pdf
34,,,162,GOPAL CHUNARY,1,550.0,0.0,4.0,554.0,34_Form20.pdf
34,,,162,NAMALA KANTA SARKAR,1,550.0,0.0,4.0,554.0,34_Form20.pdf
34,,,162,ALEN SARKAR,2,550.0,0.0,4.0,554.0,34_Form20.pdf
34,,,162,Dilip Chandra Ray,2,550.0,0.0,4.0,554.0,34_Form20.pdf
34,,,162,SHYAMA SARKAR,2,550.0,0.0,4.0,554.0,34_Form20.pdf
34,,,162,SUDHIR SARKAR,33,550.0,0.0,4.0,554.0,34_Form20.pdf
34,,,162,SURESH BARMAN,0,550.0,0.0,4.0,554.0,34_Form20.pdf
34,,,163,TAPAN DEB SINGHA,231,476.0,0.0,2.0,478.0,34_Form20.pdf
34,,,163,PRAVASH SARKAR,13,476.0,0.0,2.0,478.0,34_Form20.pdf
34,,,163,SOUMEN ROY,220,476.0,0.0,2.0,478.0,34_Form20.pdf
34,,,163,GOPAL CHUNARY,2,476.0,0.0,2.0,478.0,34_Form20.pdf
34,,,163,NAMALA KANTA SARKAR,0,476.0,0.0,2.0,478.0,34_Form20.pdf
34,,,163,ALEN SARKAR,0,476.0,0.0,2.0,478.0,34_Form20.pdf
34,,,163,Dilip Chandra Ray,0,476.0,0.0,2.0,478.0,34_Form20.pdf
34,,,163,SHYAMA SARKAR,0,476.0,0.0,2.0,478.0,34_Form20.pdf
34,,,163,SUDHIR SARKAR,8,476.0,0.0,2.0,478.0,34_Form20.pdf
34,,,163,SURESH BARMAN,1,476.0,0.0,2.0,478.0,34_Form20.pdf
34,,,163(A),TAPAN DEB SINGHA,210,490.0,0.0,7.0,497.0,34_Form20.pdf
34,,,163(A),PRAVASH SARKAR,12,490.0,0.0,7.0,497.0,34_Form20.pdf
34,,,163(A),SOUMEN ROY,254,490.0,0.0,7.0,497.0,34_Form20.pdf
34,,,163(A),GOPAL CHUNARY,2,490.0,0.0,7.0,497.0,34_Form20.pdf
34,,,163(A),NAMALA KANTA SARKAR,1,490.0,0.0,7.0,497.0,34_Form20.pdf
34,,,163(A),ALEN SARKAR,1,490.0,0.0,7.0,497.0,34_Form20.pdf
34,,,163(A),Dilip Chandra Ray,0,490.0,0.0,7.0,497.0,34_Form20.pdf
34,,,163(A),SHYAMA SARKAR,1,490.0,0.0,7.0,497.0,34_Form20.pdf
34,,,163(A),SUDHIR SARKAR,8,490.0,0.0,7.0,497.0,34_Form20.pdf
34,,,163(A),SURESH BARMAN,2,490.0,0.0,7.0,497.0,34_Form20.pdf
34,,,164,TAPAN DEB SINGHA,111,545.0,0.0,5.0,550.0,34_Form20.pdf
34,,,164,PRAVASH SARKAR,97,545.0,0.0,5.0,550.0,34_Form20.pdf
34,,,164,SOUMEN ROY,314,545.0,0.0,5.0,550.0,34_Form20.pdf
34,,,164,GOPAL CHUNARY,4,545.0,0.0,5.0,550.0,34_Form20.pdf
34,,,164,NAMALA KANTA SARKAR,1,545.0,0.0,5.0,550.0,34_Form20.pdf
34,,,164,ALEN SARKAR,1,545.0,0.0,5.0,550.0,34_Form20.pdf
34,,,164,Dilip Chandra Ray,0,545.0,0.0,5.0,550.0,34_Form20.pdf
34,,,164,SHYAMA SARKAR,1,545.0,0.0,5.0,550.0,34_Form20.pdf
34,,,164,SUDHIR SARKAR,12,545.0,0.0,5.0,550.0,34_Form20.pdf
34,,,164,SURESH BARMAN,4,545.0,0.0,5.0,550.0,34_Form20.pdf
34,,,164(A),TAPAN DEB SINGHA,222,613.0,0.0,8.0,621.0,34_Form20.pdf
34,,,164(A),PRAVASH SARKAR,27,613.0,0.0,8.0,621.0,34_Form20.pdf
34,,,164(A),SOUMEN ROY,337,613.0,0.0,8.0,621.0,34_Form20.pdf
34,,,164(A),GOPAL CHUNARY,3,613.0,0.0,8.0,621.0,34_Form20.pdf
34,,,164(A),NAMALA KANTA SARKAR,1,613.0,0.0,8.0,621.0,34_Form20.pdf
34,,,164(A),ALEN SARKAR,2,613.0,0.0,8.0,621.0,34_Form20.pdf
34,,,164(A),Dilip Chandra Ray,3,613.0,0.0,8.0,621.0,34_Form20.pdf
34,,,164(A),SHYAMA SARKAR,3,613.0,0.0,8.0,621.0,34_Form20.pdf
34,,,164(A),SUDHIR SARKAR,7,613.0,0.0,8.0,621.0,34_Form20.pdf
34,,,164(A),SURESH BARMAN,8,613.0,0.0,8.0,621.0,34_Form20.pdf
34,,,165,TAPAN DEB SINGHA,81,513.0,0.0,4.0,517.0,34_Form20.pdf
34,,,165,PRAVASH SARKAR,118,513.0,0.0,4.0,517.0,34_Form20.pdf
34,,,165,SOUMEN ROY,294,513.0,0.0,4.0,517.0,34_Form20.pdf
34,,,165,GOPAL CHUNARY,3,513.0,0.0,4.0,517.0,34_Form20.pdf
34,,,165,NAMALA KANTA SARKAR,1,513.0,0.0,4.0,517.0,34_Form20.pdf
34,,,165,ALEN SARKAR,1,513.0,0.0,4.0,517.0,34_Form20.pdf
34,,,165,Dilip Chandra Ray,0,513.0,0.0,4.0,517.0,34_Form20.pdf
34,,,165,SHYAMA SARKAR,1,513.0,0.0,4.0,517.0,34_Form20.pdf
34,,,165,SUDHIR SARKAR,11,513.0,0.0,4.0,517.0,34_Form20.pdf
34,,,165,SURESH BARMAN,3,513.0,0.0,4.0,517.0,34_Form20.pdf
34,,,165(A),TAPAN DEB SINGHA,105,522.0,0.0,4.0,526.0,34_Form20.pdf
34,,,165(A),PRAVASH SARKAR,229,522.0,0.0,4.0,526.0,34_Form20.pdf
34,,,165(A),SOUMEN ROY,179,522.0,0.0,4.0,526.0,34_Form20.pdf
34,,,165(A),GOPAL CHUNARY,3,522.0,0.0,4.0,526.0,34_Form20.pdf
34,,,165(A),NAMALA KANTA SARKAR,0,522.0,0.0,4.0,526.0,34_Form20.pdf
34,,,165(A),ALEN SARKAR,1,522.0,0.0,4.0,526.0,34_Form20.pdf
34,,,165(A),Dilip Chandra Ray,0,522.0,0.0,4.0,526.0,34_Form20.pdf
34,,,165(A),SHYAMA SARKAR,2,522.0,0.0,4.0,526.0,34_Form20.pdf
34,,,165(A),SUDHIR SARKAR,3,522.0,0.0,4.0,526.0,34_Form20.pdf
34,,,165(A),SURESH BARMAN,0,522.0,0.0,4.0,526.0,34_Form20.pdf
34,,,166,TAPAN DEB SINGHA,207,521.0,0.0,7.0,528.0,34_Form20.pdf
34,,,166,PRAVASH SARKAR,13,521.0,0.0,7.0,528.0,34_Form20.pdf
34,,,166,SOUMEN ROY,289,521.0,0.0,7.0,528.0,34_Form20.pdf
34,,,166,GOPAL CHUNARY,1,521.0,0.0,7.0,528.0,34_Form20.pdf
34,,,166,NAMALA KANTA SARKAR,0,521.0,0.0,7.0,528.0,34_Form20.pdf
34,,,166,ALEN SARKAR,1,521.0,0.0,7.0,528.0,34_Form20.pdf
34,,,166,Dilip Chandra Ray,0,521.0,0.0,7.0,528.0,34_Form20.pdf
34,,,166,SHYAMA SARKAR,2,521.0,0.0,7.0,528.0,34_Form20.pdf
34,,,166,SUDHIR SARKAR,7,521.0,0.0,7.0,528.0,34_Form20.pdf
34,,,166,SURESH BARMAN,1,521.0,0.0,7.0,528.0,34_Form20.pdf
34,,,166(A),TAPAN DEB SINGHA,185,506.0,0.0,9.0,515.0,34_Form20.pdf
34,,,166(A),PRAVASH SARKAR,20,506.0,0.0,9.0,515.0,34_Form20.pdf
34,,,166(A),SOUMEN ROY,278,506.0,0.0,9.0,515.0,34_Form20.pdf
34,,,166(A),GOPAL CHUNARY,5,506.0,0.0,9.0,515.0,34_Form20.pdf
34,,,166(A),NAMALA KANTA SARKAR,1,506.0,0.0,9.0,515.0,34_Form20.pdf
34,,,166(A),ALEN SARKAR,0,506.0,0.0,9.0,515.0,34_Form20.pdf
34,,,166(A),Dilip Chandra Ray,1,506.0,0.0,9.0,515.0,34_Form20.pdf
34,,,166(A),SHYAMA SARKAR,2,506.0,0.0,9.0,515.0,34_Form20.pdf
34,,,166(A),SUDHIR SARKAR,14,506.0,0.0,9.0,515.0,34_Form20.pdf
34,,,166(A),SURESH BARMAN,0,506.0,0.0,9.0,515.0,34_Form20.pdf
34,,,167,TAPAN DEB SINGHA,232,648.0,0.0,3.0,651.0,34_Form20.pdf
34,,,167,PRAVASH SARKAR,124,648.0,0.0,3.0,651.0,34_Form20.pdf
34,,,167,SOUMEN ROY,261,648.0,0.0,3.0,651.0,34_Form20.pdf
34,,,167,GOPAL CHUNARY,0,648.0,0.0,3.0,651.0,34_Form20.pdf
34,,,167,NAMALA KANTA SARKAR,1,648.0,0.0,3.0,651.0,34_Form20.pdf
34,,,167,ALEN SARKAR,0,648.0,0.0,3.0,651.0,34_Form20.pdf
34,,,167,Dilip Chandra Ray,1,648.0,0.0,3.0,651.0,34_Form20.pdf
34,,,167,SHYAMA SARKAR,4,648.0,0.0,3.0,651.0,34_Form20.pdf
34,,,167,SUDHIR SARKAR,19,648.0,0.0,3.0,651.0,34_Form20.pdf
34,,,167,SURESH BARMAN,6,648.0,0.0,3.0,651.0,34_Form20.pdf
34,,,168,TAPAN DEB SINGHA,432,814.0,0.0,10.0,824.0,34_Form20.pdf
34,,,168,PRAVASH SARKAR,154,814.0,0.0,10.0,824.0,34_Form20.pdf
34,,,168,SOUMEN ROY,204,814.0,0.0,10.0,824.0,34_Form20.pdf
34,,,168,GOPAL CHUNARY,1,814.0,0.0,10.0,824.0,34_Form20.pdf
34,,,168,NAMALA KANTA SARKAR,0,814.0,0.0,10.0,824.0,34_Form20.pdf
34,,,168,ALEN SARKAR,3,814.0,0.0,10.0,824.0,34_Form20.pdf
34,,,168,Dilip Chandra Ray,3,814.0,0.0,10.0,824.0,34_Form20.pdf
34,,,168,SHYAMA SARKAR,4,814.0,0.0,10.0,824.0,34_Form20.pdf
34,,,168,SUDHIR SARKAR,5,814.0,0.0,10.0,824.0,34_Form20.pdf
34,,,168,SURESH BARMAN,8,814.0,0.0,10.0,824.0,34_Form20.pdf
34,,,169,TAPAN DEB SINGHA,144,686.0,0.0,8.0,694.0,34_Form20.pdf
34,,,169,PRAVASH SARKAR,19,686.0,0.0,8.0,694.0,34_Form20.pdf
34,,,169,SOUMEN ROY,497,686.0,0.0,8.0,694.0,34_Form20.pdf
34,,,169,GOPAL CHUNARY,4,686.0,0.0,8.0,694.0,34_Form20.pdf
34,,,169,NAMALA KANTA SARKAR,1,686.0,0.0,8.0,694.0,34_Form20.pdf
34,,,169,ALEN SARKAR,2,686.0,0.0,8.0,694.0,34_Form20.pdf
34,,,169,Dilip Chandra Ray,0,686.0,0.0,8.0,694.0,34_Form20.pdf
34,,,169,SHYAMA SARKAR,4,686.0,0.0,8.0,694.0,34_Form20.pdf
34,,,169,SUDHIR SARKAR,10,686.0,0.0,8.0,694.0,34_Form20.pdf
34,,,169,SURESH BARMAN,5,686.0,0.0,8.0,694.0,34_Form20.pdf
34,,,170,TAPAN DEB SINGHA,152,582.0,0.0,8.0,590.0,34_Form20.pdf
34,,,170,PRAVASH SARKAR,19,582.0,0.0,8.0,590.0,34_Form20.pdf
34,,,170,SOUMEN ROY,400,582.0,0.0,8.0,590.0,34_Form20.pdf
34,,,170,GOPAL CHUNARY,4,582.0,0.0,8.0,590.0,34_Form20.pdf
34,,,170,NAMALA KANTA SARKAR,0,582.0,0.0,8.0,590.0,34_Form20.pdf
34,,,170,ALEN SARKAR,0,582.0,0.0,8.0,590.0,34_Form20.pdf
34,,,170,Dilip Chandra Ray,2,582.0,0.0,8.0,590.0,34_Form20.pdf
34,,,170,SHYAMA SARKAR,1,582.0,0.0,8.0,590.0,34_Form20.pdf
34,,,170,SUDHIR SARKAR,3,582.0,0.0,8.0,590.0,34_Form20.pdf
34,,,170,SURESH BARMAN,1,582.0,0.0,8.0,590.0,34_Form20.pdf
34,,,170(A),TAPAN DEB SINGHA,139,577.0,0.0,7.0,584.0,34_Form20.pdf
34,,,170(A),PRAVASH SARKAR,13,577.0,0.0,7.0,584.0,34_Form20.pdf
34,,,170(A),SOUMEN ROY,408,577.0,0.0,7.0,584.0,34_Form20.pdf
34,,,170(A),GOPAL CHUNARY,2,577.0,0.0,7.0,584.0,34_Form20.pdf
34,,,170(A),NAMALA KANTA SARKAR,1,577.0,0.0,7.0,584.0,34_Form20.pdf
34,,,170(A),ALEN SARKAR,0,577.0,0.0,7.0,584.0,34_Form20.pdf
34,,,170(A),Dilip Chandra Ray,0,577.0,0.0,7.0,584.0,34_Form20.pdf
34,,,170(A),SHYAMA SARKAR,3,577.0,0.0,7.0,584.0,34_Form20.pdf
34,,,170(A),SUDHIR SARKAR,6,577.0,0.0,7.0,584.0,34_Form20.pdf
34,,,170(A),SURESH BARMAN,2,577.0,0.0,7.0,584.0,34_Form20.pdf
34,,,171,TAPAN DEB SINGHA,370,556.0,0.0,10.0,566.0,34_Form20.pdf
34,,,171,PRAVASH SARKAR,6,556.0,0.0,10.0,566.0,34_Form20.pdf
34,,,171,SOUMEN ROY,171,556.0,0.0,10.0,566.0,34_Form20.pdf
34,,,171,GOPAL CHUNARY,2,556.0,0.0,10.0,566.0,34_Form20.pdf
34,,,171,NAMALA KANTA SARKAR,0,556.0,0.0,10.0,566.0,34_Form20.pdf
34,,,171,ALEN SARKAR,1,556.0,0.0,10.0,566.0,34_Form20.pdf
34,,,171,Dilip Chandra Ray,0,556.0,0.0,10.0,566.0,34_Form20.pdf
34,,,171,SHYAMA SARKAR,0,556.0,0.0,10.0,566.0,34_Form20.pdf
34,,,171,SUDHIR SARKAR,3,556.0,0.0,10.0,566.0,34_Form20.pdf
34,,,171,SURESH BARMAN,3,556.0,0.0,10.0,566.0,34_Form20.pdf
34,,,171(A),TAPAN DEB SINGHA,214,530.0,0.0,7.0,537.0,34_Form20.pdf
34,,,171(A),PRAVASH SARKAR,17,530.0,0.0,7.0,537.0,34_Form20.pdf
34,,,171(A),SOUMEN ROY,285,530.0,0.0,7.0,537.0,34_Form20.pdf
34,,,171(A),GOPAL CHUNARY,2,530.0,0.0,7.0,537.0,34_Form20.pdf
34,,,171(A),NAMALA KANTA SARKAR,0,530.0,0.0,7.0,537.0,34_Form20.pdf
34,,,171(A),ALEN SARKAR,0,530.0,0.0,7.0,537.0,34_Form20.pdf
34,,,171(A),Dilip Chandra Ray,2,530.0,0.0,7.0,537.0,34_Form20.pdf
34,,,171(A),SHYAMA SARKAR,1,530.0,0.0,7.0,537.0,34_Form20.pdf
34,,,171(A),SUDHIR SARKAR,7,530.0,0.0,7.0,537.0,34_Form20.pdf
34,,,171(A),SURESH BARMAN,2,530.0,0.0,7.0,537.0,34_Form20.pdf
34,,,172,TAPAN DEB SINGHA,308,652.0,0.0,7.0,659.0,34_Form20.pdf
34,,,172,PRAVASH SARKAR,10,652.0,0.0,7.0,659.0,34_Form20.pdf
34,,,172,SOUMEN ROY,316,652.0,0.0,7.0,659.0,34_Form20.pdf
34,,,172,GOPAL CHUNARY,3,652.0,0.0,7.0,659.0,34_Form20.pdf
34,,,172,NAMALA KANTA SARKAR,0,652.0,0.0,7.0,659.0,34_Form20.pdf
34,,,172,ALEN SARKAR,1,652.0,0.0,7.0,659.0,34_Form20.pdf
34,,,172,Dilip Chandra Ray,1,652.0,0.0,7.0,659.0,34_Form20.pdf
34,,,172,SHYAMA SARKAR,1,652.0,0.0,7.0,659.0,34_Form20.pdf
34,,,172,SUDHIR SARKAR,9,652.0,0.0,7.0,659.0,34_Form20.pdf
34,,,172,SURESH BARMAN,3,652.0,0.0,7.0,659.0,34_Form20.pdf
34,,,173,TAPAN DEB SINGHA,189,607.0,0.0,11.0,618.0,34_Form20.pdf
34,,,173,PRAVASH SARKAR,38,607.0,0.0,11.0,618.0,34_Form20.pdf
34,,,173,SOUMEN ROY,349,607.0,0.0,11.0,618.0,34_Form20.pdf
34,,,173,GOPAL CHUNARY,8,607.0,0.0,11.0,618.0,34_Form20.pdf
34,,,173,NAMALA KANTA SARKAR,2,607.0,0.0,11.0,618.0,34_Form20.pdf
34,,,173,ALEN SARKAR,1,607.0,0.0,11.0,618.0,34_Form20.pdf
34,,,173,Dilip Chandra Ray,5,607.0,0.0,11.0,618.0,34_Form20.pdf
34,,,173,SHYAMA SARKAR,4,607.0,0.0,11.0,618.0,34_Form20.pdf
34,,,173,SUDHIR SARKAR,6,607.0,0.0,11.0,618.0,34_Form20.pdf
34,,,173,SURESH BARMAN,5,607.0,0.0,11.0,618.0,34_Form20.pdf
34,,,174,TAPAN DEB SINGHA,204,921.0,0.0,6.0,927.0,34_Form20.pdf
34,,,174,PRAVASH SARKAR,88,921.0,0.0,6.0,927.0,34_Form20.pdf
34,,,174,SOUMEN ROY,600,921.0,0.0,6.0,927.0,34_Form20.pdf
34,,,174,GOPAL CHUNARY,6,921.0,0.0,6.0,927.0,34_Form20.pdf
34,,,174,NAMALA KANTA SARKAR,0,921.0,0.0,6.0,927.0,34_Form20.pdf
34,,,174,ALEN SARKAR,0,921.0,0.0,6.0,927.0,34_Form20.pdf
34,,,174,Dilip Chandra Ray,2,921.0,0.0,6.0,927.0,34_Form20.pdf
34,,,174,SHYAMA SARKAR,3,921.0,0.0,6.0,927.0,34_Form20.pdf
34,,,174,SUDHIR SARKAR,10,921.0,0.0,6.0,927.0,34_Form20.pdf
34,,,174,SURESH BARMAN,8,921.0,0.0,6.0,927.0,34_Form20.pdf
34,,,175,TAPAN DEB SINGHA,525,544.0,0.0,8.0,552.0,34_Form20.pdf
34,,,175,PRAVASH SARKAR,13,544.0,0.0,8.0,552.0,34_Form20.pdf
34,,,175,SOUMEN ROY,2,544.0,0.0,8.0,552.0,34_Form20.pdf
34,,,175,GOPAL CHUNARY,0,544.0,0.0,8.0,552.0,34_Form20.pdf
34,,,175,NAMALA KANTA SARKAR,0,544.0,0.0,8.0,552.0,34_Form20.pdf
34,,,175,ALEN SARKAR,0,544.0,0.0,8.0,552.0,34_Form20.pdf
34,,,175,Dilip Chandra Ray,1,544.0,0.0,8.0,552.0,34_Form20.pdf
34,,,175,SHYAMA SARKAR,1,544.0,0.0,8.0,552.0,34_Form20.pdf
34,,,175,SUDHIR SARKAR,2,544.0,0.0,8.0,552.0,34_Form20.pdf
34,,,175,SURESH BARMAN,0,544.0,0.0,8.0,552.0,34_Form20.pdf
34,,,175(A),TAPAN DEB SINGHA,499,531.0,5.0,0.0,536.0,34_Form20.pdf
34,,,175(A),PRAVASH SARKAR,26,531.0,5.0,0.0,536.0,34_Form20.pdf
34,,,175(A),SOUMEN ROY,3,531.0,5.0,0.0,536.0,34_Form20.pdf
34,,,175(A),GOPAL CHUNARY,0,531.0,5.0,0.0,536.0,34_Form20.pdf
34,,,175(A),NAMALA KANTA SARKAR,0,531.0,5.0,0.0,536.0,34_Form20.pdf
34,,,175(A),ALEN SARKAR,0,531.0,5.0,0.0,536.0,34_Form20.pdf
34,,,175(A),Dilip Chandra Ray,1,531.0,5.0,0.0,536.0,34_Form20.pdf
34,,,175(A),SHYAMA SARKAR,0,531.0,5.0,0.0,536.0,34_Form20.pdf
34,,,175(A),SUDHIR SARKAR,0,531.0,5.0,0.0,536.0,34_Form20.pdf
34,,,175(A),SURESH BARMAN,2,531.0,5.0,0.0,536.0,34_Form20.pdf
34,,,176,TAPAN DEB SINGHA,613,679.0,0.0,4.0,683.0,34_Form20.pdf
34,,,176,PRAVASH SARKAR,59,679.0,0.0,4.0,683.0,34_Form20.pdf
34,,,176,SOUMEN ROY,5,679.0,0.0,4.0,683.0,34_Form20.pdf
34,,,176,GOPAL CHUNARY,0,679.0,0.0,4.0,683.0,34_Form20.pdf
34,,,176,NAMALA KANTA SARKAR,0,679.0,0.0,4.0,683.0,34_Form20.pdf
34,,,176,ALEN SARKAR,0,679.0,0.0,4.0,683.0,34_Form20.pdf
34,,,176,Dilip Chandra Ray,0,679.0,0.0,4.0,683.0,34_Form20.pdf
34,,,176,SHYAMA SARKAR,1,679.0,0.0,4.0,683.0,34_Form20.pdf
34,,,176,SUDHIR SARKAR,0,679.0,0.0,4.0,683.0,34_Form20.pdf
34,,,176,SURESH BARMAN,1,679.0,0.0,4.0,683.0,34_Form20.pdf
34,,,177,TAPAN DEB SINGHA,528,605.0,0.0,10.0,615.0,34_Form20.pdf
34,,,177,PRAVASH SARKAR,30,605.0,0.0,10.0,615.0,34_Form20.pdf
34,,,177,SOUMEN ROY,32,605.0,0.0,10.0,615.0,34_Form20.pdf
34,,,177,GOPAL CHUNARY,1,605.0,0.0,10.0,615.0,34_Form20.pdf
34,,,177,NAMALA KANTA SARKAR,0,605.0,0.0,10.0,615.0,34_Form20.pdf
34,,,177,ALEN SARKAR,1,605.0,0.0,10.0,615.0,34_Form20.pdf
34,,,177,Dilip Chandra Ray,4,605.0,0.0,10.0,615.0,34_Form20.pdf
34,,,177,SHYAMA SARKAR,2,605.0,0.0,10.0,615.0,34_Form20.pdf
34,,,177,SUDHIR SARKAR,3,605.0,0.0,10.0,615.0,34_Form20.pdf
34,,,177,SURESH BARMAN,4,605.0,0.0,10.0,615.0,34_Form20.pdf
34,,,178,TAPAN DEB SINGHA,621,702.0,0.0,4.0,706.0,34_Form20.pdf
34,,,178,PRAVASH SARKAR,42,702.0,0.0,4.0,706.0,34_Form20.pdf
34,,,178,SOUMEN ROY,33,702.0,0.0,4.0,706.0,34_Form20.pdf
34,,,178,GOPAL CHUNARY,1,702.0,0.0,4.0,706.0,34_Form20.pdf
34,,,178,NAMALA KANTA SARKAR,0,702.0,0.0,4.0,706.0,34_Form20.pdf
34,,,178,ALEN SARKAR,0,702.0,0.0,4.0,706.0,34_Form20.pdf
34,,,178,Dilip Chandra Ray,0,702.0,0.0,4.0,706.0,34_Form20.pdf
34,,,178,SHYAMA SARKAR,1,702.0,0.0,4.0,706.0,34_Form20.pdf
34,,,178,SUDHIR SARKAR,0,702.0,0.0,4.0,706.0,34_Form20.pdf
34,,,178,SURESH BARMAN,4,702.0,0.0,4.0,706.0,34_Form20.pdf
34,,,179,TAPAN DEB SINGHA,600,785.0,0.0,9.0,794.0,34_Form20.pdf
34,,,179,PRAVASH SARKAR,47,785.0,0.0,9.0,794.0,34_Form20.pdf
34,,,179,SOUMEN ROY,126,785.0,0.0,9.0,794.0,34_Form20.pdf
34,,,179,GOPAL CHUNARY,1,785.0,0.0,9.0,794.0,34_Form20.pdf
34,,,179,NAMALA KANTA SARKAR,0,785.0,0.0,9.0,794.0,34_Form20.pdf
34,,,179,ALEN SARKAR,2,785.0,0.0,9.0,794.0,34_Form20.pdf
34,,,179,Dilip Chandra Ray,2,785.0,0.0,9.0,794.0,34_Form20.pdf
34,,,179,SHYAMA SARKAR,3,785.0,0.0,9.0,794.0,34_Form20.pdf
34,,,179,SUDHIR SARKAR,4,785.0,0.0,9.0,794.0,34_Form20.pdf
34,,,179,SURESH BARMAN,2,785.0,0.0,9.0,794.0,34_Form20.pdf
34,,,180,TAPAN DEB SINGHA,129,488.0,0.0,5.0,493.0,34_Form20.pdf
34,,,180,PRAVASH SARKAR,15,488.0,0.0,5.0,493.0,34_Form20.pdf
34,,,180,SOUMEN ROY,330,488.0,0.0,5.0,493.0,34_Form20.pdf
34,,,180,GOPAL CHUNARY,2,488.0,0.0,5.0,493.0,34_Form20.pdf
34,,,180,NAMALA KANTA SARKAR,1,488.0,0.0,5.0,493.0,34_Form20.pdf
34,,,180,ALEN SARKAR,0,488.0,0.0,5.0,493.0,34_Form20.pdf
34,,,180,Dilip Chandra Ray,2,488.0,0.0,5.0,493.0,34_Form20.pdf
34,,,180,SHYAMA SARKAR,2,488.0,0.0,5.0,493.0,34_Form20.pdf
34,,,180,SUDHIR SARKAR,5,488.0,0.0,5.0,493.0,34_Form20.pdf
34,,,180,SURESH BARMAN,2,488.0,0.0,5.0,493.0,34_Form20.pdf
34,,,180(A),TAPAN DEB SINGHA,216,509.0,0.0,2.0,511.0,34_Form20.pdf
34,,,180(A),PRAVASH SARKAR,17,509.0,0.0,2.0,511.0,34_Form20.pdf
34,,,180(A),SOUMEN ROY,266,509.0,0.0,2.0,511.0,34_Form20.pdf
34,,,180(A),GOPAL CHUNARY,3,509.0,0.0,2.0,511.0,34_Form20.pdf
34,,,180(A),NAMALA KANTA SARKAR,3,509.0,0.0,2.0,511.0,34_Form20.pdf
34,,,180(A),ALEN SARKAR,2,509.0,0.0,2.0,511.0,34_Form20.pdf
34,,,180(A),Dilip Chandra Ray,1,509.0,0.0,2.0,511.0,34_Form20.pdf
34,,,180(A),SHYAMA SARKAR,1,509.0,0.0,2.0,511.0,34_Form20.pdf
34,,,180(A),SUDHIR SARKAR,0,509.0,0.0,2.0,511.0,34_Form20.pdf
34,,,180(A),SURESH BARMAN,0,509.0,0.0,2.0,511.0,34_Form20.pdf
34,,,181,TAPAN DEB SINGHA,131,784.0,0.0,8.0,792.0,34_Form20.pdf
34,,,181,PRAVASH SARKAR,169,784.0,0.0,8.0,792.0,34_Form20.pdf
34,,,181,SOUMEN ROY,455,784.0,0.0,8.0,792.0,34_Form20.pdf
34,,,181,GOPAL CHUNARY,5,784.0,0.0,8.0,792.0,34_Form20.pdf
34,,,181,NAMALA KANTA SARKAR,3,784.0,0.0,8.0,792.0,34_Form20.pdf
34,,,181,ALEN SARKAR,2,784.0,0.0,8.0,792.0,34_Form20.pdf
34,,,181,Dilip Chandra Ray,3,784.0,0.0,8.0,792.0,34_Form20.pdf
34,,,181,SHYAMA SARKAR,2,784.0,0.0,8.0,792.0,34_Form20.pdf
34,,,181,SUDHIR SARKAR,9,784.0,0.0,8.0,792.0,34_Form20.pdf
34,,,181,SURESH BARMAN,5,784.0,0.0,8.0,792.0,34_Form20.pdf
34,,,182,TAPAN DEB SINGHA,595,623.0,0.0,13.0,636.0,34_Form20.pdf
34,,,182,PRAVASH SARKAR,15,623.0,0.0,13.0,636.0,34_Form20.pdf
34,,,182,SOUMEN ROY,7,623.0,0.0,13.0,636.0,34_Form20.pdf
34,,,182,GOPAL CHUNARY,1,623.0,0.0,13.0,636.0,34_Form20.pdf
34,,,182,NAMALA KANTA SARKAR,0,623.0,0.0,13.0,636.0,34_Form20.pdf
34,,,182,ALEN SARKAR,1,623.0,0.0,13.0,636.0,34_Form20.pdf
34,,,182,Dilip Chandra Ray,1,623.0,0.0,13.0,636.0,34_Form20.pdf
34,,,182,SHYAMA SARKAR,0,623.0,0.0,13.0,636.0,34_Form20.pdf
34,,,182,SUDHIR SARKAR,1,623.0,0.0,13.0,636.0,34_Form20.pdf
34,,,182,SURESH BARMAN,2,623.0,0.0,13.0,636.0,34_Form20.pdf
34,,,182(A),TAPAN DEB SINGHA,556,597.0,0.0,3.0,600.0,34_Form20.pdf
34,,,182(A),PRAVASH SARKAR,14,597.0,0.0,3.0,600.0,34_Form20.pdf
34,,,182(A),SOUMEN ROY,18,597.0,0.0,3.0,600.0,34_Form20.pdf
34,,,182(A),GOPAL CHUNARY,0,597.0,0.0,3.0,600.0,34_Form20.pdf
34,,,182(A),NAMALA KANTA SARKAR,2,597.0,0.0,3.0,600.0,34_Form20.pdf
34,,,182(A),ALEN SARKAR,0,597.0,0.0,3.0,600.0,34_Form20.pdf
34,,,182(A),Dilip Chandra Ray,1,597.0,0.0,3.0,600.0,34_Form20.pdf
34,,,182(A),SHYAMA SARKAR,0,597.0,0.0,3.0,600.0,34_Form20.pdf
34,,,182(A),SUDHIR SARKAR,4,597.0,0.0,3.0,600.0,34_Form20.pdf
34,,,182(A),SURESH BARMAN,2,597.0,0.0,3.0,600.0,34_Form20.pdf
34,,,183,TAPAN DEB SINGHA,163,474.0,0.0,2.0,476.0,34_Form20.pdf
34,,,183,PRAVASH SARKAR,31,474.0,0.0,2.0,476.0,34_Form20.pdf
34,,,183,SOUMEN ROY,272,474.0,0.0,2.0,476.0,34_Form20.pdf
34,,,183,GOPAL CHUNARY,2,474.0,0.0,2.0,476.0,34_Form20.pdf
34,,,183,NAMALA KANTA SARKAR,0,474.0,0.0,2.0,476.0,34_Form20.pdf
34,,,183,ALEN SARKAR,0,474.0,0.0,2.0,476.0,34_Form20.pdf
34,,,183,Dilip Chandra Ray,0,474.0,0.0,2.0,476.0,34_Form20.pdf
34,,,183,SHYAMA SARKAR,0,474.0,0.0,2.0,476.0,34_Form20.pdf
34,,,183,SUDHIR SARKAR,5,474.0,0.0,2.0,476.0,34_Form20.pdf
34,,,183,SURESH BARMAN,1,474.0,0.0,2.0,476.0,34_Form20.pdf
34,,,183(A),TAPAN DEB SINGHA,87,471.0,0.0,6.0,477.0,34_Form20.pdf
34,,,183(A),PRAVASH SARKAR,22,471.0,0.0,6.0,477.0,34_Form20.pdf
34,,,183(A),SOUMEN ROY,343,471.0,0.0,6.0,477.0,34_Form20.pdf
34,,,183(A),GOPAL CHUNARY,5,471.0,0.0,6.0,477.0,34_Form20.pdf
34,,,183(A),NAMALA KANTA SARKAR,1,471.0,0.0,6.0,477.0,34_Form20.pdf
34,,,183(A),ALEN SARKAR,0,471.0,0.0,6.0,477.0,34_Form20.pdf
34,,,183(A),Dilip Chandra Ray,1,471.0,0.0,6.0,477.0,34_Form20.pdf
34,,,183(A),SHYAMA SARKAR,2,471.0,0.0,6.0,477.0,34_Form20.pdf
34,,,183(A),SUDHIR SARKAR,6,471.0,0.0,6.0,477.0,34_Form20.pdf
34,,,183(A),SURESH BARMAN,4,471.0,0.0,6.0,477.0,34_Form20.pdf
34,,,184,TAPAN DEB SINGHA,452,538.0,0.0,6.0,544.0,34_Form20.pdf
34,,,184,PRAVASH SARKAR,59,538.0,0.0,6.0,544.0,34_Form20.pdf
34,,,184,SOUMEN ROY,24,538.0,0.0,6.0,544.0,34_Form20.pdf
34,,,184,GOPAL CHUNARY,0,538.0,0.0,6.0,544.0,34_Form20.pdf
34,,,184,NAMALA KANTA SARKAR,0,538.0,0.0,6.0,544.0,34_Form20.pdf
34,,,184,ALEN SARKAR,0,538.0,0.0,6.0,544.0,34_Form20.pdf
34,,,184,Dilip Chandra Ray,0,538.0,0.0,6.0,544.0,34_Form20.pdf
34,,,184,SHYAMA SARKAR,0,538.0,0.0,6.0,544.0,34_Form20.pdf
34,,,184,SUDHIR SARKAR,2,538.0,0.0,6.0,544.0,34_Form20.pdf
34,,,184,SURESH BARMAN,1,538.0,0.0,6.0,544.0,34_Form20.pdf
34,,,184(A),TAPAN DEB SINGHA,429,513.0,0.0,4.0,517.0,34_Form20.pdf
34,,,184(A),PRAVASH SARKAR,67,513.0,0.0,4.0,517.0,34_Form20.pdf
34,,,184(A),SOUMEN ROY,9,513.0,0.0,4.0,517.0,34_Form20.pdf
34,,,184(A),GOPAL CHUNARY,1,513.0,0.0,4.0,517.0,34_Form20.pdf
34,,,184(A),NAMALA KANTA SARKAR,0,513.0,0.0,4.0,517.0,34_Form20.pdf
34,,,184(A),ALEN SARKAR,1,513.0,0.0,4.0,517.0,34_Form20.pdf
34,,,184(A),Dilip Chandra Ray,1,513.0,0.0,4.0,517.0,34_Form20.pdf
34,,,184(A),SHYAMA SARKAR,0,513.0,0.0,4.0,517.0,34_Form20.pdf
34,,,184(A),SUDHIR SARKAR,2,513.0,0.0,4.0,517.0,34_Form20.pdf
34,,,184(A),SURESH BARMAN,3,513.0,0.0,4.0,517.0,34_Form20.pdf
34,,,185,TAPAN DEB SINGHA,422,463.0,0.0,8.0,471.0,34_Form20.pdf
34,,,185,PRAVASH SARKAR,26,463.0,0.0,8.0,471.0,34_Form20.pdf
34,,,185,SOUMEN ROY,4,463.0,0.0,8.0,471.0,34_Form20.pdf
34,,,185,GOPAL CHUNARY,0,463.0,0.0,8.0,471.0,34_Form20.pdf
34,,,185,NAMALA KANTA SARKAR,0,463.0,0.0,8.0,471.0,34_Form20.pdf
34,,,185,ALEN SARKAR,1,463.0,0.0,8.0,471.0,34_Form20.pdf
34,,,185,Dilip Chandra Ray,4,463.0,0.0,8.0,471.0,34_Form20.pdf
34,,,185,SHYAMA SARKAR,1,463.0,0.0,8.0,471.0,34_Form20.pdf
34,,,185,SUDHIR SARKAR,2,463.0,0.0,8.0,471.0,34_Form20.pdf
34,,,185,SURESH BARMAN,3,463.0,0.0,8.0,471.0,34_Form20.pdf
34,,,185(A),TAPAN DEB SINGHA,418,449.0,0.0,1.0,450.0,34_Form20.pdf
34,,,185(A),PRAVASH SARKAR,23,449.0,0.0,1.0,450.0,34_Form20.pdf
34,,,185(A),SOUMEN ROY,4,449.0,0.0,1.0,450.0,34_Form20.pdf
34,,,185(A),GOPAL CHUNARY,0,449.0,0.0,1.0,450.0,34_Form20.pdf
34,,,185(A),NAMALA KANTA SARKAR,0,449.0,0.0,1.0,450.0,34_Form20.pdf
34,,,185(A),ALEN SARKAR,0,449.0,0.0,1.0,450.0,34_Form20.pdf
34,,,185(A),Dilip Chandra Ray,1,449.0,0.0,1.0,450.0,34_Form20.pdf
34,,,185(A),SHYAMA SARKAR,1,449.0,0.0,1.0,450.0,34_Form20.pdf
34,,,185(A),SUDHIR SARKAR,1,449.0,0.0,1.0,450.0,34_Form20.pdf
34,,,185(A),SURESH BARMAN,1,449.0,0.0,1.0,450.0,34_Form20.pdf
34,,,186,TAPAN DEB SINGHA,264,597.0,0.0,7.0,604.0,34_Form20.pdf
34,,,186,PRAVASH SARKAR,36,597.0,0.0,7.0,604.0,34_Form20.pdf
34,,,186,SOUMEN ROY,285,597.0,0.0,7.0,604.0,34_Form20.pdf
34,,,186,GOPAL CHUNARY,2,597.0,0.0,7.0,604.0,34_Form20.pdf
34,,,186,NAMALA KANTA SARKAR,1,597.0,0.0,7.0,604.0,34_Form20.pdf
34,,,186,ALEN SARKAR,1,597.0,0.0,7.0,604.0,34_Form20.pdf
34,,,186,Dilip Chandra Ray,0,597.0,0.0,7.0,604.0,34_Form20.pdf
34,,,186,SHYAMA SARKAR,0,597.0,0.0,7.0,604.0,34_Form20.pdf
34,,,186,SUDHIR SARKAR,6,597.0,0.0,7.0,604.0,34_Form20.pdf
34,,,186,SURESH BARMAN,2,597.0,0.0,7.0,604.0,34_Form20.pdf
34,,,186(A),TAPAN DEB SINGHA,292,608.0,0.0,10.0,618.0,34_Form20.pdf
34,,,186(A),PRAVASH SARKAR,21,608.0,0.0,10.0,618.0,34_Form20.pdf
34,,,186(A),SOUMEN ROY,272,608.0,0.0,10.0,618.0,34_Form20.pdf
34,,,186(A),GOPAL CHUNARY,2,608.0,0.0,10.0,618.0,34_Form20.pdf
34,,,186(A),NAMALA KANTA SARKAR,2,608.0,0.0,10.0,618.0,34_Form20.pdf
34,,,186(A),ALEN SARKAR,1,608.0,0.0,10.0,618.0,34_Form20.pdf
34,,,186(A),Dilip Chandra Ray,1,608.0,0.0,10.0,618.0,34_Form20.pdf
34,,,186(A),SHYAMA SARKAR,4,608.0,0.0,10.0,618.0,34_Form20.pdf
34,,,186(A),SUDHIR SARKAR,11,608.0,0.0,10.0,618.0,34_Form20.pdf
34,,,186(A),SURESH BARMAN,2,608.0,0.0,10.0,618.0,34_Form20.pdf
34,,,187,TAPAN DEB SINGHA,241,543.0,0.0,10.0,553.0,34_Form20.pdf
34,,,187,PRAVASH SARKAR,34,543.0,0.0,10.0,553.0,34_Form20.pdf
34,,,187,SOUMEN ROY,251,543.0,0.0,10.0,553.0,34_Form20.pdf
34,,,187,GOPAL CHUNARY,1,543.0,0.0,10.0,553.0,34_Form20.pdf
34,,,187,NAMALA KANTA SARKAR,0,543.0,0.0,10.0,553.0,34_Form20.pdf
34,,,187,ALEN SARKAR,0,543.0,0.0,10.0,553.0,34_Form20.pdf
34,,,187,Dilip Chandra Ray,2,543.0,0.0,10.0,553.0,34_Form20.pdf
34,,,187,SHYAMA SARKAR,2,543.0,0.0,10.0,553.0,34_Form20.pdf
34,,,187,SUDHIR SARKAR,10,543.0,0.0,10.0,553.0,34_Form20.pdf
34,,,187,SURESH BARMAN,2,543.0,0.0,10.0,553.0,34_Form20.pdf
34,,,188,TAPAN DEB SINGHA,312,801.0,0.0,13.0,814.0,34_Form20.pdf
34,,,188,PRAVASH SARKAR,57,801.0,0.0,13.0,814.0,34_Form20.pdf
34,,,188,SOUMEN ROY,397,801.0,0.0,13.0,814.0,34_Form20.pdf
34,,,188,GOPAL CHUNARY,2,801.0,0.0,13.0,814.0,34_Form20.pdf
34,,,188,NAMALA KANTA SARKAR,1,801.0,0.0,13.0,814.0,34_Form20.pdf
34,,,188,ALEN SARKAR,0,801.0,0.0,13.0,814.0,34_Form20.pdf
34,,,188,Dilip Chandra Ray,2,801.0,0.0,13.0,814.0,34_Form20.pdf
34,,,188,SHYAMA SARKAR,3,801.0,0.0,13.0,814.0,34_Form20.pdf
34,,,188,SUDHIR SARKAR,22,801.0,0.0,13.0,814.0,34_Form20.pdf
34,,,188,SURESH BARMAN,5,801.0,0.0,13.0,814.0,34_Form20.pdf
34,,,189,TAPAN DEB SINGHA,277,539.0,0.0,9.0,548.0,34_Form20.pdf
34,,,189,PRAVASH SARKAR,40,539.0,0.0,9.0,548.0,34_Form20.pdf
34,,,189,SOUMEN ROY,209,539.0,0.0,9.0,548.0,34_Form20.pdf
34,,,189,GOPAL CHUNARY,4,539.0,0.0,9.0,548.0,34_Form20.pdf
34,,,189,NAMALA KANTA SARKAR,0,539.0,0.0,9.0,548.0,34_Form20.pdf
34,,,189,ALEN SARKAR,0,539.0,0.0,9.0,548.0,34_Form20.pdf
34,,,189,Dilip Chandra Ray,0,539.0,0.0,9.0,548.0,34_Form20.pdf
34,,,189,SHYAMA SARKAR,1,539.0,0.0,9.0,548.0,34_Form20.pdf
34,,,189,SUDHIR SARKAR,6,539.0,0.0,9.0,548.0,34_Form20.pdf
34,,,189,SURESH BARMAN,2,539.0,0.0,9.0,548.0,34_Form20.pdf
34,,,190,TAPAN DEB SINGHA,227,497.0,0.0,9.0,506.0,34_Form20.pdf
34,,,190,PRAVASH SARKAR,20,497.0,0.0,9.0,506.0,34_Form20.pdf
34,,,190,SOUMEN ROY,239,497.0,0.0,9.0,506.0,34_Form20.pdf
34,,,190,GOPAL CHUNARY,0,497.0,0.0,9.0,506.0,34_Form20.pdf
34,,,190,NAMALA KANTA SARKAR,2,497.0,0.0,9.0,506.0,34_Form20.pdf
34,,,190,ALEN SARKAR,0,497.0,0.0,9.0,506.0,34_Form20.pdf
34,,,190,Dilip Chandra Ray,0,497.0,0.0,9.0,506.0,34_Form20.pdf
34,,,190,SHYAMA SARKAR,2,497.0,0.0,9.0,506.0,34_Form20.pdf
34,,,190,SUDHIR SARKAR,3,497.0,0.0,9.0,506.0,34_Form20.pdf
34,,,190,SURESH BARMAN,4,497.0,0.0,9.0,506.0,34_Form20.pdf
34,,,190(A),TAPAN DEB SINGHA,160,438.0,0.0,3.0,441.0,34_Form20.pdf
34,,,190(A),PRAVASH SARKAR,9,438.0,0.0,3.0,441.0,34_Form20.pdf
34,,,190(A),SOUMEN ROY,257,438.0,0.0,3.0,441.0,34_Form20.pdf
34,,,190(A),GOPAL CHUNARY,3,438.0,0.0,3.0,441.0,34_Form20.pdf
34,,,190(A),NAMALA KANTA SARKAR,1,438.0,0.0,3.0,441.0,34_Form20.pdf
34,,,190(A),ALEN SARKAR,1,438.0,0.0,3.0,441.0,34_Form20.pdf
34,,,190(A),Dilip Chandra Ray,0,438.0,0.0,3.0,441.0,34_Form20.pdf
34,,,190(A),SHYAMA SARKAR,2,438.0,0.0,3.0,441.0,34_Form20.pdf
34,,,190(A),SUDHIR SARKAR,5,438.0,0.0,3.0,441.0,34_Form20.pdf
34,,,190(A),SURESH BARMAN,0,438.0,0.0,3.0,441.0,34_Form20.pdf
34,,,191,TAPAN DEB SINGHA,432,512.0,0.0,10.0,522.0,34_Form20.pdf
34,,,191,PRAVASH SARKAR,41,512.0,0.0,10.0,522.0,34_Form20.pdf
34,,,191,SOUMEN ROY,31,512.0,0.0,10.0,522.0,34_Form20.pdf
34,,,191,GOPAL CHUNARY,0,512.0,0.0,10.0,522.0,34_Form20.pdf
34,,,191,NAMALA KANTA SARKAR,2,512.0,0.0,10.0,522.0,34_Form20.pdf
34,,,191,ALEN SARKAR,0,512.0,0.0,10.0,522.0,34_Form20.pdf
34,,,191,Dilip Chandra Ray,2,512.0,0.0,10.0,522.0,34_Form20.pdf
34,,,191,SHYAMA SARKAR,1,512.0,0.0,10.0,522.0,34_Form20.pdf
34,,,191,SUDHIR SARKAR,1,512.0,0.0,10.0,522.0,34_Form20.pdf
34,,,191,SURESH BARMAN,2,512.0,0.0,10.0,522.0,34_Form20.pdf
34,,,191(A),TAPAN DEB SINGHA,216,444.0,0.0,7.0,451.0,34_Form20.pdf
34,,,191(A),PRAVASH SARKAR,30,444.0,0.0,7.0,451.0,34_Form20.pdf
34,,,191(A),SOUMEN ROY,179,444.0,0.0,7.0,451.0,34_Form20.pdf
34,,,191(A),GOPAL CHUNARY,2,444.0,0.0,7.0,451.0,34_Form20.pdf
34,,,191(A),NAMALA KANTA SARKAR,1,444.0,0.0,7.0,451.0,34_Form20.pdf
34,,,191(A),ALEN SARKAR,1,444.0,0.0,7.0,451.0,34_Form20.pdf
34,,,191(A),Dilip Chandra Ray,3,444.0,0.0,7.0,451.0,34_Form20.pdf
34,,,191(A),SHYAMA SARKAR,2,444.0,0.0,7.0,451.0,34_Form20.pdf
34,,,191(A),SUDHIR SARKAR,9,444.0,0.0,7.0,451.0,34_Form20.pdf
34,,,191(A),SURESH BARMAN,1,444.0,0.0,7.0,451.0,34_Form20.pdf
34,,,192,TAPAN DEB SINGHA,161,546.0,0.0,8.0,554.0,34_Form20.pdf
34,,,192,PRAVASH SARKAR,10,546.0,0.0,8.0,554.0,34_Form20.pdf
34,,,192,SOUMEN ROY,357,546.0,0.0,8.0,554.0,34_Form20.pdf
34,,,192,GOPAL CHUNARY,4,546.0,0.0,8.0,554.0,34_Form20.pdf
34,,,192,NAMALA KANTA SARKAR,0,546.0,0.0,8.0,554.0,34_Form20.pdf
34,,,192,ALEN SARKAR,4,546.0,0.0,8.0,554.0,34_Form20.pdf
34,,,192,Dilip Chandra Ray,3,546.0,0.0,8.0,554.0,34_Form20.pdf
34,,,192,SHYAMA SARKAR,0,546.0,0.0,8.0,554.0,34_Form20.pdf
34,,,192,SUDHIR SARKAR,6,546.0,0.0,8.0,554.0,34_Form20.pdf
34,,,192,SURESH BARMAN,1,546.0,0.0,8.0,554.0,34_Form20.pdf
34,,,192(A),TAPAN DEB SINGHA,106,525.0,0.0,1.0,526.0,34_Form20.pdf
34,,,192(A),PRAVASH SARKAR,16,525.0,0.0,1.0,526.0,34_Form20.pdf
34,,,192(A),SOUMEN ROY,389,525.0,0.0,1.0,526.0,34_Form20.pdf
34,,,192(A),GOPAL CHUNARY,0,525.0,0.0,1.0,526.0,34_Form20.pdf
34,,,192(A),NAMALA KANTA SARKAR,0,525.0,0.0,1.0,526.0,34_Form20.pdf
34,,,192(A),ALEN SARKAR,2,525.0,0.0,1.0,526.0,34_Form20.pdf
34,,,192(A),Dilip Chandra Ray,0,525.0,0.0,1.0,526.0,34_Form20.pdf
34,,,192(A),SHYAMA SARKAR,1,525.0,0.0,1.0,526.0,34_Form20.pdf
34,,,192(A),SUDHIR SARKAR,9,525.0,0.0,1.0,526.0,34_Form20.pdf
34,,,192(A),SURESH BARMAN,2,525.0,0.0,1.0,526.0,34_Form20.pdf
34,,,193,TAPAN DEB SINGHA,173,486.0,0.0,3.0,489.0,34_Form20.pdf
34,,,193,PRAVASH SARKAR,19,486.0,0.0,3.0,489.0,34_Form20.pdf
34,,,193,SOUMEN ROY,280,486.0,0.0,3.0,489.0,34_Form20.pdf
34,,,193,GOPAL CHUNARY,2,486.0,0.0,3.0,489.0,34_Form20.pdf
34,,,193,NAMALA KANTA SARKAR,0,486.0,0.0,3.0,489.0,34_Form20.pdf
34,,,193,ALEN SARKAR,0,486.0,0.0,3.0,489.0,34_Form20.pdf
34,,,193,Dilip Chandra Ray,1,486.0,0.0,3.0,489.0,34_Form20.pdf
34,,,193,SHYAMA SARKAR,1,486.0,0.0,3.0,489.0,34_Form20.pdf
34,,,193,SUDHIR SARKAR,7,486.0,0.0,3.0,489.0,34_Form20.pdf
34,,,193,SURESH BARMAN,3,486.0,0.0,3.0,489.0,34_Form20.pdf
34,,,193(A),TAPAN DEB SINGHA,182,417.0,0.0,2.0,419.0,34_Form20.pdf
34,,,193(A),PRAVASH SARKAR,2,417.0,0.0,2.0,419.0,34_Form20.pdf
34,,,193(A),SOUMEN ROY,227,417.0,0.0,2.0,419.0,34_Form20.pdf
34,,,193(A),GOPAL CHUNARY,0,417.0,0.0,2.0,419.0,34_Form20.pdf
34,,,193(A),NAMALA KANTA SARKAR,1,417.0,0.0,2.0,419.0,34_Form20.pdf
34,,,193(A),ALEN SARKAR,0,417.0,0.0,2.0,419.0,34_Form20.pdf
34,,,193(A),Dilip Chandra Ray,0,417.0,0.0,2.0,419.0,34_Form20.pdf
34,,,193(A),SHYAMA SARKAR,1,417.0,0.0,2.0,419.0,34_Form20.pdf
34,,,193(A),SUDHIR SARKAR,4,417.0,0.0,2.0,419.0,34_Form20.pdf
34,,,193(A),SURESH BARMAN,0,417.0,0.0,2.0,419.0,34_Form20.pdf
34,,,194,TAPAN DEB SINGHA,268,560.0,0.0,16.0,576.0,34_Form20.pdf
34,,,194,PRAVASH SARKAR,45,560.0,0.0,16.0,576.0,34_Form20.pdf
34,,,194,SOUMEN ROY,234,560.0,0.0,16.0,576.0,34_Form20.pdf
34,,,194,GOPAL CHUNARY,1,560.0,0.0,16.0,576.0,34_Form20.pdf
34,,,194,NAMALA KANTA SARKAR,3,560.0,0.0,16.0,576.0,34_Form20.pdf
34,,,194,ALEN SARKAR,0,560.0,0.0,16.0,576.0,34_Form20.pdf
34,,,194,Dilip Chandra Ray,2,560.0,0.0,16.0,576.0,34_Form20.pdf
34,,,194,SHYAMA SARKAR,0,560.0,0.0,16.0,576.0,34_Form20.pdf
34,,,194,SUDHIR SARKAR,5,560.0,0.0,16.0,576.0,34_Form20.pdf
34,,,194,SURESH BARMAN,2,560.0,0.0,16.0,576.0,34_Form20.pdf
34,,,194(A),TAPAN DEB SINGHA,147,536.0,0.0,5.0,541.0,34_Form20.pdf
34,,,194(A),PRAVASH SARKAR,21,536.0,0.0,5.0,541.0,34_Form20.pdf
34,,,194(A),SOUMEN ROY,364,536.0,0.0,5.0,541.0,34_Form20.pdf
34,,,194(A),GOPAL CHUNARY,1,536.0,0.0,5.0,541.0,34_Form20.pdf
34,,,194(A),NAMALA KANTA SARKAR,1,536.0,0.0,5.0,541.0,34_Form20.pdf
34,,,194(A),ALEN SARKAR,0,536.0,0.0,5.0,541.0,34_Form20.pdf
34,,,194(A),Dilip Chandra Ray,0,536.0,0.0,5.0,541.0,34_Form20.pdf
34,,,194(A),SHYAMA SARKAR,0,536.0,0.0,5.0,541.0,34_Form20.pdf
34,,,194(A),SUDHIR SARKAR,2,536.0,0.0,5.0,541.0,34_Form20.pdf
34,,,194(A),SURESH BARMAN,0,536.0,0.0,5.0,541.0,34_Form20.pdf
34,,,195,TAPAN DEB SINGHA,220,564.0,0.0,7.0,571.0,34_Form20.pdf
34,,,195,PRAVASH SARKAR,13,564.0,0.0,7.0,571.0,34_Form20.pdf
34,,,195,SOUMEN ROY,318,564.0,0.0,7.0,571.0,34_Form20.pdf
34,,,195,GOPAL CHUNARY,1,564.0,0.0,7.0,571.0,34_Form20.pdf
34,,,195,NAMALA KANTA SARKAR,1,564.0,0.0,7.0,571.0,34_Form20.pdf
34,,,195,ALEN SARKAR,0,564.0,0.0,7.0,571.0,34_Form20.pdf
34,,,195,Dilip Chandra Ray,1,564.0,0.0,7.0,571.0,34_Form20.pdf
34,,,195,SHYAMA SARKAR,2,564.0,0.0,7.0,571.0,34_Form20.pdf
34,,,195,SUDHIR SARKAR,5,564.0,0.0,7.0,571.0,34_Form20.pdf
34,,,195,SURESH BARMAN,3,564.0,0.0,7.0,571.0,34_Form20.pdf
34,,,196,TAPAN DEB SINGHA,281,420.0,0.0,5.0,425.0,34_Form20.pdf
34,,,196,PRAVASH SARKAR,13,420.0,0.0,5.0,425.0,34_Form20.pdf
34,,,196,SOUMEN ROY,116,420.0,0.0,5.0,425.0,34_Form20.pdf
34,,,196,GOPAL CHUNARY,1,420.0,0.0,5.0,425.0,34_Form20.pdf
34,,,196,NAMALA KANTA SARKAR,0,420.0,0.0,5.0,425.0,34_Form20.pdf
34,,,196,ALEN SARKAR,2,420.0,0.0,5.0,425.0,34_Form20.pdf
34,,,196,Dilip Chandra Ray,0,420.0,0.0,5.0,425.0,34_Form20.pdf
34,,,196,SHYAMA SARKAR,1,420.0,0.0,5.0,425.0,34_Form20.pdf
34,,,196,SUDHIR SARKAR,5,420.0,0.0,5.0,425.0,34_Form20.pdf
34,,,196,SURESH BARMAN,1,420.0,0.0,5.0,425.0,34_Form20.pdf
34,,,196(A),TAPAN DEB SINGHA,71,395.0,0.0,2.0,397.0,34_Form20.pdf
34,,,196(A),PRAVASH SARKAR,4,395.0,0.0,2.0,397.0,34_Form20.pdf
34,,,196(A),SOUMEN ROY,313,395.0,0.0,2.0,397.0,34_Form20.pdf
34,,,196(A),GOPAL CHUNARY,1,395.0,0.0,2.0,397.0,34_Form20.pdf
34,,,196(A),NAMALA KANTA SARKAR,1,395.0,0.0,2.0,397.0,34_Form20.pdf
34,,,196(A),ALEN SARKAR,0,395.0,0.0,2.0,397.0,34_Form20.pdf
34,,,196(A),Dilip Chandra Ray,0,395.0,0.0,2.0,397.0,34_Form20.pdf
34,,,196(A),SHYAMA SARKAR,1,395.0,0.0,2.0,397.0,34_Form20.pdf
34,,,196(A),SUDHIR SARKAR,3,395.0,0.0,2.0,397.0,34_Form20.pdf
34,,,196(A),SURESH BARMAN,1,395.0,0.0,2.0,397.0,34_Form20.pdf
34,,,197,TAPAN DEB SINGHA,613,900.0,0.0,9.0,909.0,34_Form20.pdf
34,,,197,PRAVASH SARKAR,34,900.0,0.0,9.0,909.0,34_Form20.pdf
34,,,197,SOUMEN ROY,239,900.0,0.0,9.0,909.0,34_Form20.pdf
34,,,197,GOPAL CHUNARY,1,900.0,0.0,9.0,909.0,34_Form20.pdf
34,,,197,NAMALA KANTA SARKAR,1,900.0,0.0,9.0,909.0,34_Form20.pdf
34,,,197,ALEN SARKAR,1,900.0,0.0,9.0,909.0,34_Form20.pdf
34,,,197,Dilip Chandra Ray,1,900.0,0.0,9.0,909.0,34_Form20.pdf
34,,,197,SHYAMA SARKAR,1,900.0,0.0,9.0,909.0,34_Form20.pdf
34,,,197,SUDHIR SARKAR,7,900.0,0.0,9.0,909.0,34_Form20.pdf
34,,,197,SURESH BARMAN,2,900.0,0.0,9.0,909.0,34_Form20.pdf
34,,,198,TAPAN DEB SINGHA,219,535.0,0.0,5.0,540.0,34_Form20.pdf
34,,,198,PRAVASH SARKAR,160,535.0,0.0,5.0,540.0,34_Form20.pdf
34,,,198,SOUMEN ROY,131,535.0,0.0,5.0,540.0,34_Form20.pdf
34,,,198,GOPAL CHUNARY,2,535.0,0.0,5.0,540.0,34_Form20.pdf
34,,,198,NAMALA KANTA SARKAR,1,535.0,0.0,5.0,540.0,34_Form20.pdf
34,,,198,ALEN SARKAR,1,535.0,0.0,5.0,540.0,34_Form20.pdf
34,,,198,Dilip Chandra Ray,1,535.0,0.0,5.0,540.0,34_Form20.pdf
34,,,198,SHYAMA SARKAR,2,535.0,0.0,5.0,540.0,34_Form20.pdf
34,,,198,SUDHIR SARKAR,16,535.0,0.0,5.0,540.0,34_Form20.pdf
34,,,198,SURESH BARMAN,2,535.0,0.0,5.0,540.0,34_Form20.pdf
34,,,198(A),TAPAN DEB SINGHA,161,526.0,0.0,9.0,535.0,34_Form20.pdf
34,,,198(A),PRAVASH SARKAR,150,526.0,0.0,9.0,535.0,34_Form20.pdf
34,,,198(A),SOUMEN ROY,194,526.0,0.0,9.0,535.0,34_Form20.pdf
34,,,198(A),GOPAL CHUNARY,2,526.0,0.0,9.0,535.0,34_Form20.pdf
34,,,198(A),NAMALA KANTA SARKAR,0,526.0,0.0,9.0,535.0,34_Form20.pdf
34,,,198(A),ALEN SARKAR,0,526.0,0.0,9.0,535.0,34_Form20.pdf
34,,,198(A),Dilip Chandra Ray,1,526.0,0.0,9.0,535.0,34_Form20.pdf
34,,,198(A),SHYAMA SARKAR,3,526.0,0.0,9.0,535.0,34_Form20.pdf
34,,,198(A),SUDHIR SARKAR,10,526.0,0.0,9.0,535.0,34_Form20.pdf
34,,,198(A),SURESH BARMAN,5,526.0,0.0,9.0,535.0,34_Form20.pdf
34,,,199,TAPAN DEB SINGHA,166,581.0,0.0,17.0,598.0,34_Form20.pdf
34,,,199,PRAVASH SARKAR,71,581.0,0.0,17.0,598.0,34_Form20.pdf
34,,,199,SOUMEN ROY,285,581.0,0.0,17.0,598.0,34_Form20.pdf
34,,,199,GOPAL CHUNARY,3,581.0,0.0,17.0,598.0,34_Form20.pdf
34,,,199,NAMALA KANTA SARKAR,1,581.0,0.0,17.0,598.0,34_Form20.pdf
34,,,199,ALEN SARKAR,0,581.0,0.0,17.0,598.0,34_Form20.pdf
34,,,199,Dilip Chandra Ray,3,581.0,0.0,17.0,598.0,34_Form20.pdf
34,,,199,SHYAMA SARKAR,4,581.0,0.0,17.0,598.0,34_Form20.pdf
34,,,199,SUDHIR SARKAR,44,581.0,0.0,17.0,598.0,34_Form20.pdf
34,,,199,SURESH BARMAN,4,581.0,0.0,17.0,598.0,34_Form20.pdf
34,,,199(A),TAPAN DEB SINGHA,279,603.0,0.0,7.0,610.0,34_Form20.pdf
34,,,199(A),PRAVASH SARKAR,46,603.0,0.0,7.0,610.0,34_Form20.pdf
34,,,199(A),SOUMEN ROY,239,603.0,0.0,7.0,610.0,34_Form20.pdf
34,,,199(A),GOPAL CHUNARY,4,603.0,0.0,7.0,610.0,34_Form20.pdf
34,,,199(A),NAMALA KANTA SARKAR,0,603.0,0.0,7.0,610.0,34_Form20.pdf
34,,,199(A),ALEN SARKAR,1,603.0,0.0,7.0,610.0,34_Form20.pdf
34,,,199(A),Dilip Chandra Ray,2,603.0,0.0,7.0,610.0,34_Form20.pdf
34,,,199(A),SHYAMA SARKAR,4,603.0,0.0,7.0,610.0,34_Form20.pdf
34,,,199(A),SUDHIR SARKAR,27,603.0,0.0,7.0,610.0,34_Form20.pdf
34,,,199(A),SURESH BARMAN,1,603.0,0.0,7.0,610.0,34_Form20.pdf
34,,,200,TAPAN DEB SINGHA,188,565.0,0.0,3.0,568.0,34_Form20.pdf
34,,,200,PRAVASH SARKAR,125,565.0,0.0,3.0,568.0,34_Form20.pdf
34,,,200,SOUMEN ROY,210,565.0,0.0,3.0,568.0,34_Form20.pdf
34,,,200,GOPAL CHUNARY,1,565.0,0.0,3.0,568.0,34_Form20.pdf
34,,,200,NAMALA KANTA SARKAR,3,565.0,0.0,3.0,568.0,34_Form20.pdf
34,,,200,ALEN SARKAR,0,565.0,0.0,3.0,568.0,34_Form20.pdf
34,,,200,Dilip Chandra Ray,2,565.0,0.0,3.0,568.0,34_Form20.pdf
34,,,200,SHYAMA SARKAR,3,565.0,0.0,3.0,568.0,34_Form20.pdf
34,,,200,SUDHIR SARKAR,28,565.0,0.0,3.0,568.0,34_Form20.pdf
34,,,200,SURESH BARMAN,5,565.0,0.0,3.0,568.0,34_Form20.pdf
34,,,200(A),TAPAN DEB SINGHA,169,544.0,0.0,4.0,548.0,34_Form20.pdf
34,,,200(A),PRAVASH SARKAR,133,544.0,0.0,4.0,548.0,34_Form20.pdf
34,,,200(A),SOUMEN ROY,218,544.0,0.0,4.0,548.0,34_Form20.pdf
34,,,200(A),GOPAL CHUNARY,2,544.0,0.0,4.0,548.0,34_Form20.pdf
34,,,200(A),NAMALA KANTA SARKAR,3,544.0,0.0,4.0,548.0,34_Form20.pdf
34,,,200(A),ALEN SARKAR,1,544.0,0.0,4.0,548.0,34_Form20.pdf
34,,,200(A),Dilip Chandra Ray,2,544.0,0.0,4.0,548.0,34_Form20.pdf
34,,,200(A),SHYAMA SARKAR,2,544.0,0.0,4.0,548.0,34_Form20.pdf
34,,,200(A),SUDHIR SARKAR,10,544.0,0.0,4.0,548.0,34_Form20.pdf
34,,,200(A),SURESH BARMAN,3,544.0,0.0,4.0,548.0,34_Form20.pdf
34,,,201,TAPAN DEB SINGHA,161,574.0,0.0,4.0,578.0,34_Form20.pdf
34,,,201,PRAVASH SARKAR,73,574.0,0.0,4.0,578.0,34_Form20.pdf
34,,,201,SOUMEN ROY,314,574.0,0.0,4.0,578.0,34_Form20.pdf
34,,,201,GOPAL CHUNARY,2,574.0,0.0,4.0,578.0,34_Form20.pdf
34,,,201,NAMALA KANTA SARKAR,0,574.0,0.0,4.0,578.0,34_Form20.pdf
34,,,201,ALEN SARKAR,3,574.0,0.0,4.0,578.0,34_Form20.pdf
34,,,201,Dilip Chandra Ray,5,574.0,0.0,4.0,578.0,34_Form20.pdf
34,,,201,SHYAMA SARKAR,4,574.0,0.0,4.0,578.0,34_Form20.pdf
34,,,201,SUDHIR SARKAR,6,574.0,0.0,4.0,578.0,34_Form20.pdf
34,,,201,SURESH BARMAN,6,574.0,0.0,4.0,578.0,34_Form20.pdf
34,,,201(A),TAPAN DEB SINGHA,161,553.0,0.0,10.0,563.0,34_Form20.pdf
34,,,201(A),PRAVASH SARKAR,74,553.0,0.0,10.0,563.0,34_Form20.pdf
34,,,201(A),SOUMEN ROY,301,553.0,0.0,10.0,563.0,34_Form20.pdf
34,,,201(A),GOPAL CHUNARY,4,553.0,0.0,10.0,563.0,34_Form20.pdf
34,,,201(A),NAMALA KANTA SARKAR,0,553.0,0.0,10.0,563.0,34_Form20.pdf
34,,,201(A),ALEN SARKAR,0,553.0,0.0,10.0,563.0,34_Form20.pdf
34,,,201(A),Dilip Chandra Ray,0,553.0,0.0,10.0,563.0,34_Form20.pdf
34,,,201(A),SHYAMA SARKAR,4,553.0,0.0,10.0,563.0,34_Form20.pdf
34,,,201(A),SUDHIR SARKAR,4,553.0,0.0,10.0,563.0,34_Form20.pdf
34,,,201(A),SURESH BARMAN,5,553.0,0.0,10.0,563.0,34_Form20.pdf
34,,,202,TAPAN DEB SINGHA,261,529.0,0.0,9.0,538.0,34_Form20.pdf
34,,,202,PRAVASH SARKAR,39,529.0,0.0,9.0,538.0,34_Form20.pdf
34,,,202,SOUMEN ROY,209,529.0,0.0,9.0,538.0,34_Form20.pdf
34,,,202,GOPAL CHUNARY,3,529.0,0.0,9.0,538.0,34_Form20.pdf
34,,,202,NAMALA KANTA SARKAR,0,529.0,0.0,9.0,538.0,34_Form20.pdf
34,,,202,ALEN SARKAR,2,529.0,0.0,9.0,538.0,34_Form20.pdf
34,,,202,Dilip Chandra Ray,4,529.0,0.0,9.0,538.0,34_Form20.pdf
34,,,202,SHYAMA SARKAR,1,529.0,0.0,9.0,538.0,34_Form20.pdf
34,,,202,SUDHIR SARKAR,8,529.0,0.0,9.0,538.0,34_Form20.pdf
34,,,202,SURESH BARMAN,2,529.0,0.0,9.0,538.0,34_Form20.pdf
34,,,202(A),TAPAN DEB SINGHA,204,524.0,0.0,9.0,533.0,34_Form20.pdf
34,,,202(A),PRAVASH SARKAR,46,524.0,0.0,9.0,533.0,34_Form20.pdf
34,,,202(A),SOUMEN ROY,251,524.0,0.0,9.0,533.0,34_Form20.pdf
34,,,202(A),GOPAL CHUNARY,7,524.0,0.0,9.0,533.0,34_Form20.pdf
34,,,202(A),NAMALA KANTA SARKAR,0,524.0,0.0,9.0,533.0,34_Form20.pdf
34,,,202(A),ALEN SARKAR,0,524.0,0.0,9.0,533.0,34_Form20.pdf
34,,,202(A),Dilip Chandra Ray,2,524.0,0.0,9.0,533.0,34_Form20.pdf
34,,,202(A),SHYAMA SARKAR,3,524.0,0.0,9.0,533.0,34_Form20.pdf
34,,,202(A),SUDHIR SARKAR,8,524.0,0.0,9.0,533.0,34_Form20.pdf
34,,,202(A),SURESH BARMAN,3,524.0,0.0,9.0,533.0,34_Form20.pdf
34,,,203,TAPAN DEB SINGHA,273,623.0,0.0,14.0,637.0,34_Form20.pdf
34,,,203,PRAVASH SARKAR,65,623.0,0.0,14.0,637.0,34_Form20.pdf
34,,,203,SOUMEN ROY,261,623.0,0.0,14.0,637.0,34_Form20.pdf
34,,,203,GOPAL CHUNARY,5,623.0,0.0,14.0,637.0,34_Form20.pdf
34,,,203,NAMALA KANTA SARKAR,1,623.0,0.0,14.0,637.0,34_Form20.pdf
34,,,203,ALEN SARKAR,1,623.0,0.0,14.0,637.0,34_Form20.pdf
34,,,203,Dilip Chandra Ray,2,623.0,0.0,14.0,637.0,34_Form20.pdf
34,,,203,SHYAMA SARKAR,0,623.0,0.0,14.0,637.0,34_Form20.pdf
34,,,203,SUDHIR SARKAR,10,623.0,0.0,14.0,637.0,34_Form20.pdf
34,,,203,SURESH BARMAN,5,623.0,0.0,14.0,637.0,34_Form20.pdf
34,,,203(A),TAPAN DEB SINGHA,239,590.0,0.0,7.0,597.0,34_Form20.pdf
34,,,203(A),PRAVASH SARKAR,32,590.0,0.0,7.0,597.0,34_Form20.pdf
34,,,203(A),SOUMEN ROY,300,590.0,0.0,7.0,597.0,34_Form20.pdf
34,,,203(A),GOPAL CHUNARY,1,590.0,0.0,7.0,597.0,34_Form20.pdf
34,,,203(A),NAMALA KANTA SARKAR,0,590.0,0.0,7.0,597.0,34_Form20.pdf
34,,,203(A),ALEN SARKAR,2,590.0,0.0,7.0,597.0,34_Form20.pdf
34,,,203(A),Dilip Chandra Ray,0,590.0,0.0,7.0,597.0,34_Form20.pdf
34,,,203(A),SHYAMA SARKAR,3,590.0,0.0,7.0,597.0,34_Form20.pdf
34,,,203(A),SUDHIR SARKAR,10,590.0,0.0,7.0,597.0,34_Form20.pdf
34,,,203(A),SURESH BARMAN,3,590.0,0.0,7.0,597.0,34_Form20.pdf
34,,,204,TAPAN DEB SINGHA,176,492.0,0.0,8.0,500.0,34_Form20.pdf
34,,,204,PRAVASH SARKAR,94,492.0,0.0,8.0,500.0,34_Form20.pdf
34,,,204,SOUMEN ROY,206,492.0,0.0,8.0,500.0,34_Form20.pdf
34,,,204,GOPAL CHUNARY,2,492.0,0.0,8.0,500.0,34_Form20.pdf
34,,,204,NAMALA KANTA SARKAR,0,492.0,0.0,8.0,500.0,34_Form20.pdf
34,,,204,ALEN SARKAR,2,492.0,0.0,8.0,500.0,34_Form20.pdf
34,,,204,Dilip Chandra Ray,1,492.0,0.0,8.0,500.0,34_Form20.pdf
34,,,204,SHYAMA SARKAR,0,492.0,0.0,8.0,500.0,34_Form20.pdf
34,,,204,SUDHIR SARKAR,8,492.0,0.0,8.0,500.0,34_Form20.pdf
34,,,204,SURESH BARMAN,3,492.0,0.0,8.0,500.0,34_Form20.pdf
34,,,205,TAPAN DEB SINGHA,329,685.0,0.0,15.0,700.0,34_Form20.pdf
34,,,205,PRAVASH SARKAR,64,685.0,0.0,15.0,700.0,34_Form20.pdf
34,,,205,SOUMEN ROY,262,685.0,0.0,15.0,700.0,34_Form20.pdf
34,,,205,GOPAL CHUNARY,3,685.0,0.0,15.0,700.0,34_Form20.pdf
34,,,205,NAMALA KANTA SARKAR,3,685.0,0.0,15.0,700.0,34_Form20.pdf
34,,,205,ALEN SARKAR,2,685.0,0.0,15.0,700.0,34_Form20.pdf
34,,,205,Dilip Chandra Ray,1,685.0,0.0,15.0,700.0,34_Form20.pdf
34,,,205,SHYAMA SARKAR,3,685.0,0.0,15.0,700.0,34_Form20.pdf
34,,,205,SUDHIR SARKAR,15,685.0,0.0,15.0,700.0,34_Form20.pdf
34,,,205,SURESH BARMAN,3,685.0,0.0,15.0,700.0,34_Form20.pdf
34,,,206,TAPAN DEB SINGHA,283,538.0,0.0,3.0,541.0,34_Form20.pdf
34,,,206,PRAVASH SARKAR,49,538.0,0.0,3.0,541.0,34_Form20.pdf
34,,,206,SOUMEN ROY,193,538.0,0.0,3.0,541.0,34_Form20.pdf
34,,,206,GOPAL CHUNARY,0,538.0,0.0,3.0,541.0,34_Form20.pdf
34,,,206,NAMALA KANTA SARKAR,1,538.0,0.0,3.0,541.0,34_Form20.pdf
34,,,206,ALEN SARKAR,0,538.0,0.0,3.0,541.0,34_Form20.pdf
34,,,206,Dilip Chandra Ray,2,538.0,0.0,3.0,541.0,34_Form20.pdf
34,,,206,SHYAMA SARKAR,1,538.0,0.0,3.0,541.0,34_Form20.pdf
34,,,206,SUDHIR SARKAR,5,538.0,0.0,3.0,541.0,34_Form20.pdf
34,,,206,SURESH BARMAN,4,538.0,0.0,3.0,541.0,34_Form20.pdf
34,,,207,TAPAN DEB SINGHA,281,688.0,0.0,6.0,694.0,34_Form20.pdf
34,,,207,PRAVASH SARKAR,45,688.0,0.0,6.0,694.0,34_Form20.pdf
34,,,207,SOUMEN ROY,345,688.0,0.0,6.0,694.0,34_Form20.pdf
34,,,207,GOPAL CHUNARY,2,688.0,0.0,6.0,694.0,34_Form20.pdf
34,,,207,NAMALA KANTA SARKAR,1,688.0,0.0,6.0,694.0,34_Form20.pdf
34,,,207,ALEN SARKAR,1,688.0,0.0,6.0,694.0,34_Form20.pdf
34,,,207,Dilip Chandra Ray,0,688.0,0.0,6.0,694.0,34_Form20.pdf
34,,,207,SHYAMA SARKAR,2,688.0,0.0,6.0,694.0,34_Form20.pdf
34,,,207,SUDHIR SARKAR,8,688.0,0.0,6.0,694.0,34_Form20.pdf
34,,,207,SURESH BARMAN,3,688.0,0.0,6.0,694.0,34_Form20.pdf
34,,,208,TAPAN DEB SINGHA,296,712.0,0.0,11.0,723.0,34_Form20.pdf
34,,,208,PRAVASH SARKAR,60,712.0,0.0,11.0,723.0,34_Form20.pdf
34,,,208,SOUMEN ROY,306,712.0,0.0,11.0,723.0,34_Form20.pdf
34,,,208,GOPAL CHUNARY,4,712.0,0.0,11.0,723.0,34_Form20.pdf
34,,,208,NAMALA KANTA SARKAR,3,712.0,0.0,11.0,723.0,34_Form20.pdf
34,,,208,ALEN SARKAR,6,712.0,0.0,11.0,723.0,34_Form20.pdf
34,,,208,Dilip Chandra Ray,0,712.0,0.0,11.0,723.0,34_Form20.pdf
34,,,208,SHYAMA SARKAR,3,712.0,0.0,11.0,723.0,34_Form20.pdf
34,,,208,SUDHIR SARKAR,28,712.0,0.0,11.0,723.0,34_Form20.pdf
34,,,208,SURESH BARMAN,6,712.0,0.0,11.0,723.0,34_Form20.pdf
34,,,209,TAPAN DEB SINGHA,309,850.0,0.0,9.0,859.0,34_Form20.pdf
34,,,209,PRAVASH SARKAR,299,850.0,0.0,9.0,859.0,34_Form20.pdf
34,,,209,SOUMEN ROY,258,850.0,0.0,9.0,859.0,34_Form20.pdf
34,,,209,GOPAL CHUNARY,3,850.0,0.0,9.0,859.0,34_Form20.pdf
34,,,209,NAMALA KANTA SARKAR,0,850.0,0.0,9.0,859.0,34_Form20.pdf
34,,,209,ALEN SARKAR,2,850.0,0.0,9.0,859.0,34_Form20.pdf
34,,,209,Dilip Chandra Ray,1,850.0,0.0,9.0,859.0,34_Form20.pdf
34,,,209,SHYAMA SARKAR,2,850.0,0.0,9.0,859.0,34_Form20.pdf
34,,,209,SUDHIR SARKAR,16,850.0,0.0,9.0,859.0,34_Form20.pdf
34,,,209,SURESH BARMAN,3,850.0,0.0,9.0,859.0,34_Form20.pdf
34,,,210,TAPAN DEB SINGHA,211,,,,,34_Form20.pdf
34,,,210,PRAVASH SARKAR,55,,,,,34_Form20.pdf
34,,,210,SOUMEN ROY,556,,,,,34_Form20.pdf
34,,,210,GOPAL CHUNARY,4,,,,,34_Form20.pdf
34,,,210,NAMALA KANTA SARKAR,0,,,,,34_Form20.pdf
34,,,210,ALEN SARKAR,0,,,,,34_Form20.pdf
34,,,210,Dilip Chandra Ray,0,,,,,34_Form20.pdf
34,,,210,SHYAMA SARKAR,1,,,,,34_Form20.pdf
34,,,210,SUDHIR SARKAR,0,,,,,34_Form20.pdf
34,,,210,SURESH BARMAN,4,,,,,34_Form20.pdf
34,,,211,TAPAN DEB SINGHA,387,543.0,0.0,5.0,548.0,34_Form20.pdf
34,,,211,PRAVASH SARKAR,116,543.0,0.0,5.0,548.0,34_Form20.pdf
34,,,211,SOUMEN ROY,16,543.0,0.0,5.0,548.0,34_Form20.pdf
34,,,211,GOPAL CHUNARY,1,543.0,0.0,5.0,548.0,34_Form20.pdf
34,,,211,NAMALA KANTA SARKAR,0,543.0,0.0,5.0,548.0,34_Form20.pdf
34,,,211,ALEN SARKAR,0,543.0,0.0,5.0,548.0,34_Form20.pdf
34,,,211,Dilip Chandra Ray,0,543.0,0.0,5.0,548.0,34_Form20.pdf
34,,,211,SHYAMA SARKAR,2,543.0,0.0,5.0,548.0,34_Form20.pdf
34,,,211,SUDHIR SARKAR,10,543.0,0.0,5.0,548.0,34_Form20.pdf
34,,,211,SURESH BARMAN,3,543.0,0.0,5.0,548.0,34_Form20.pdf
34,,,211(A),TAPAN DEB SINGHA,284,512.0,0.0,8.0,520.0,34_Form20.pdf
34,,,211(A),PRAVASH SARKAR,53,512.0,0.0,8.0,520.0,34_Form20.pdf
34,,,211(A),SOUMEN ROY,187,512.0,0.0,8.0,520.0,34_Form20.pdf
34,,,211(A),GOPAL CHUNARY,2,512.0,0.0,8.0,520.0,34_Form20.pdf
34,,,211(A),NAMALA KANTA SARKAR,1,512.0,0.0,8.0,520.0,34_Form20.pdf
34,,,211(A),ALEN SARKAR,0,512.0,0.0,8.0,520.0,34_Form20.pdf
34,,,211(A),Dilip Chandra Ray,1,512.0,0.0,8.0,520.0,34_Form20.pdf
34,,,211(A),SHYAMA SARKAR,1,512.0,0.0,8.0,520.0,34_Form20.pdf
34,,,211(A),SUDHIR SARKAR,10,512.0,0.0,8.0,520.0,34_Form20.pdf
34,,,211(A),SURESH BARMAN,3,512.0,0.0,8.0,520.0,34_Form20.pdf
34,,,212,TAPAN DEB SINGHA,168,455.0,0.0,9.0,464.0,34_Form20.pdf
34,,,212,PRAVASH SARKAR,28,455.0,0.0,9.0,464.0,34_Form20.pdf
34,,,212,SOUMEN ROY,294,455.0,0.0,9.0,464.0,34_Form20.pdf
34,,,212,GOPAL CHUNARY,5,455.0,0.0,9.0,464.0,34_Form20.pdf
34,,,212,NAMALA KANTA SARKAR,0,455.0,0.0,9.0,464.0,34_Form20.pdf
34,,,212,ALEN SARKAR,2,455.0,0.0,9.0,464.0,34_Form20.pdf
34,,,212,Dilip Chandra Ray,0,455.0,0.0,9.0,464.0,34_Form20.pdf
34,,,212,SHYAMA SARKAR,0,455.0,0.0,9.0,464.0,34_Form20.pdf
34,,,212,SUDHIR SARKAR,5,455.0,0.0,9.0,464.0,34_Form20.pdf
34,,,212,SURESH BARMAN,3,455.0,0.0,9.0,464.0,34_Form20.pdf
34,,,212(A),TAPAN DEB SINGHA,174,616.0,0.0,10.0,626.0,34_Form20.pdf
34,,,212(A),PRAVASH SARKAR,36,616.0,0.0,10.0,626.0,34_Form20.pdf
34,,,212(A),SOUMEN ROY,234,616.0,0.0,10.0,626.0,34_Form20.pdf
34,,,212(A),GOPAL CHUNARY,1,616.0,0.0,10.0,626.0,34_Form20.pdf
34,,,212(A),NAMALA KANTA SARKAR,2,616.0,0.0,10.0,626.0,34_Form20.pdf
34,,,212(A),ALEN SARKAR,0,616.0,0.0,10.0,626.0,34_Form20.pdf
34,,,212(A),Dilip Chandra Ray,0,616.0,0.0,10.0,626.0,34_Form20.pdf
34,,,212(A),SHYAMA SARKAR,1,616.0,0.0,10.0,626.0,34_Form20.pdf
34,,,212(A),SUDHIR SARKAR,6,616.0,0.0,10.0,626.0,34_Form20.pdf
34,,,212(A),SURESH BARMAN,2,616.0,0.0,10.0,626.0,34_Form20.pdf
34,,,213,TAPAN DEB SINGHA,306,616.0,0.0,10.0,626.0,34_Form20.pdf
34,,,213,PRAVASH SARKAR,61,616.0,0.0,10.0,626.0,34_Form20.pdf
34,,,213,SOUMEN ROY,233,616.0,0.0,10.0,626.0,34_Form20.pdf
34,,,213,GOPAL CHUNARY,5,616.0,0.0,10.0,626.0,34_Form20.pdf
34,,,213,NAMALA KANTA SARKAR,2,616.0,0.0,10.0,626.0,34_Form20.pdf
34,,,213,ALEN SARKAR,0,616.0,0.0,10.0,626.0,34_Form20.pdf
34,,,213,Dilip Chandra Ray,0,616.0,0.0,10.0,626.0,34_Form20.pdf
34,,,213,SHYAMA SARKAR,1,616.0,0.0,10.0,626.0,34_Form20.pdf
34,,,213,SUDHIR SARKAR,2,616.0,0.0,10.0,626.0,34_Form20.pdf
34,,,213,SURESH BARMAN,2,616.0,0.0,10.0,626.0,34_Form20.pdf
34,,,214,TAPAN DEB SINGHA,186,482.0,0.0,2.0,484.0,34_Form20.pdf
34,,,214,PRAVASH SARKAR,17,482.0,0.0,2.0,484.0,34_Form20.pdf
34,,,214,SOUMEN ROY,267,482.0,0.0,2.0,484.0,34_Form20.pdf
34,,,214,GOPAL CHUNARY,1,482.0,0.0,2.0,484.0,34_Form20.pdf
34,,,214,NAMALA KANTA SARKAR,2,482.0,0.0,2.0,484.0,34_Form20.pdf
34,,,214,ALEN SARKAR,1,482.0,0.0,2.0,484.0,34_Form20.pdf
34,,,214,Dilip Chandra Ray,1,482.0,0.0,2.0,484.0,34_Form20.pdf
34,,,214,SHYAMA SARKAR,3,482.0,0.0,2.0,484.0,34_Form20.pdf
34,,,214,SUDHIR SARKAR,2,482.0,0.0,2.0,484.0,34_Form20.pdf
34,,,214,SURESH BARMAN,2,482.0,0.0,2.0,484.0,34_Form20.pdf
34,,,214(A),TAPAN DEB SINGHA,231,510.0,0.0,9.0,519.0,34_Form20.pdf
34,,,214(A),PRAVASH SARKAR,34,510.0,0.0,9.0,519.0,34_Form20.pdf
34,,,214(A),SOUMEN ROY,227,510.0,0.0,9.0,519.0,34_Form20.pdf
34,,,214(A),GOPAL CHUNARY,5,510.0,0.0,9.0,519.0,34_Form20.pdf
34,,,214(A),NAMALA KANTA SARKAR,2,510.0,0.0,9.0,519.0,34_Form20.pdf
34,,,214(A),ALEN SARKAR,4,510.0,0.0,9.0,519.0,34_Form20.pdf
34,,,214(A),Dilip Chandra Ray,1,510.0,0.0,9.0,519.0,34_Form20.pdf
34,,,214(A),SHYAMA SARKAR,1,510.0,0.0,9.0,519.0,34_Form20.pdf
34,,,214(A),SUDHIR SARKAR,3,510.0,0.0,9.0,519.0,34_Form20.pdf
34,,,214(A),SURESH BARMAN,2,510.0,0.0,9.0,519.0,34_Form20.pdf
34,,,215,TAPAN DEB SINGHA,184,461.0,0.0,8.0,469.0,34_Form20.pdf
34,,,215,PRAVASH SARKAR,38,461.0,0.0,8.0,469.0,34_Form20.pdf
34,,,215,SOUMEN ROY,227,461.0,0.0,8.0,469.0,34_Form20.pdf
34,,,215,GOPAL CHUNARY,5,461.0,0.0,8.0,469.0,34_Form20.pdf
34,,,215,NAMALA KANTA SARKAR,1,461.0,0.0,8.0,469.0,34_Form20.pdf
34,,,215,ALEN SARKAR,0,461.0,0.0,8.0,469.0,34_Form20.pdf
34,,,215,Dilip Chandra Ray,0,461.0,0.0,8.0,469.0,34_Form20.pdf
34,,,215,SHYAMA SARKAR,2,461.0,0.0,8.0,469.0,34_Form20.pdf
34,,,215,SUDHIR SARKAR,3,461.0,0.0,8.0,469.0,34_Form20.pdf
34,,,215,SURESH BARMAN,1,461.0,0.0,8.0,469.0,34_Form20.pdf
34,,,215(A),TAPAN DEB SINGHA,168,423.0,0.0,11.0,434.0,34_Form20.pdf
34,,,215(A),PRAVASH SARKAR,23,423.0,0.0,11.0,434.0,34_Form20.pdf
34,,,215(A),SOUMEN ROY,219,423.0,0.0,11.0,434.0,34_Form20.pdf
34,,,215(A),GOPAL CHUNARY,1,423.0,0.0,11.0,434.0,34_Form20.pdf
34,,,215(A),NAMALA KANTA SARKAR,0,423.0,0.0,11.0,434.0,34_Form20.pdf
34,,,215(A),ALEN SARKAR,1,423.0,0.0,11.0,434.0,34_Form20.pdf
34,,,215(A),Dilip Chandra Ray,0,423.0,0.0,11.0,434.0,34_Form20.pdf
34,,,215(A),SHYAMA SARKAR,1,423.0,0.0,11.0,434.0,34_Form20.pdf
34,,,215(A),SUDHIR SARKAR,9,423.0,0.0,11.0,434.0,34_Form20.pdf
34,,,215(A),SURESH BARMAN,1,423.0,0.0,11.0,434.0,34_Form20.pdf
34,,,216,TAPAN DEB SINGHA,115,561.0,0.0,5.0,566.0,34_Form20.pdf
34,,,216,PRAVASH SARKAR,22,561.0,0.0,5.0,566.0,34_Form20.pdf
34,,,216,SOUMEN ROY,406,561.0,0.0,5.0,566.0,34_Form20.pdf
34,,,216,GOPAL CHUNARY,3,561.0,0.0,5.0,566.0,34_Form20.pdf
34,,,216,NAMALA KANTA SARKAR,4,561.0,0.0,5.0,566.0,34_Form20.pdf
34,,,216,ALEN SARKAR,0,561.0,0.0,5.0,566.0,34_Form20.pdf
34,,,216,Dilip Chandra Ray,1,561.0,0.0,5.0,566.0,34_Form20.pdf
34,,,216,SHYAMA SARKAR,3,561.0,0.0,5.0,566.0,34_Form20.pdf
34,,,216,SUDHIR SARKAR,5,561.0,0.0,5.0,566.0,34_Form20.pdf
34,,,216,SURESH BARMAN,2,561.0,0.0,5.0,566.0,34_Form20.pdf
34,,,216(A),TAPAN DEB SINGHA,160,617.0,0.0,8.0,625.0,34_Form20.pdf
34,,,216(A),PRAVASH SARKAR,24,617.0,0.0,8.0,625.0,34_Form20.pdf
34,,,216(A),SOUMEN ROY,407,617.0,0.0,8.0,625.0,34_Form20.pdf
34,,,216(A),GOPAL CHUNARY,5,617.0,0.0,8.0,625.0,34_Form20.pdf
34,,,216(A),NAMALA KANTA SARKAR,2,617.0,0.0,8.0,625.0,34_Form20.pdf
34,,,216(A),ALEN SARKAR,0,617.0,0.0,8.0,625.0,34_Form20.pdf
34,,,216(A),Dilip Chandra Ray,2,617.0,0.0,8.0,625.0,34_Form20.pdf
34,,,216(A),SHYAMA SARKAR,4,617.0,0.0,8.0,625.0,34_Form20.pdf
34,,,216(A),SUDHIR SARKAR,10,617.0,0.0,8.0,625.0,34_Form20.pdf
34,,,216(A),SURESH BARMAN,2,617.0,0.0,8.0,625.0,34_Form20.pdf
34,,,217,TAPAN DEB SINGHA,159,756.0,0.0,9.0,765.0,34_Form20.pdf
34,,,217,PRAVASH SARKAR,16,756.0,0.0,9.0,765.0,34_Form20.pdf
34,,,217,SOUMEN ROY,554,756.0,0.0,9.0,765.0,34_Form20.pdf
34,,,217,GOPAL CHUNARY,7,756.0,0.0,9.0,765.0,34_Form20.pdf
34,,,217,NAMALA KANTA SARKAR,1,756.0,0.0,9.0,765.0,34_Form20.pdf
34,,,217,ALEN SARKAR,1,756.0,0.0,9.0,765.0,34_Form20.pdf
34,,,217,Dilip Chandra Ray,0,756.0,0.0,9.0,765.0,34_Form20.pdf
34,,,217,SHYAMA SARKAR,2,756.0,0.0,9.0,765.0,34_Form20.pdf
34,,,217,SUDHIR SARKAR,12,756.0,0.0,9.0,765.0,34_Form20.pdf
34,,,217,SURESH BARMAN,5,756.0,0.0,9.0,765.0,34_Form20.pdf
34,,,218,TAPAN DEB SINGHA,315,500.0,0.0,11.0,511.0,34_Form20.pdf
34,,,218,PRAVASH SARKAR,20,500.0,0.0,11.0,511.0,34_Form20.pdf
34,,,218,SOUMEN ROY,159,500.0,0.0,11.0,511.0,34_Form20.pdf
34,,,218,GOPAL CHUNARY,0,500.0,0.0,11.0,511.0,34_Form20.pdf
34,,,218,NAMALA KANTA SARKAR,0,500.0,0.0,11.0,511.0,34_Form20.pdf
34,,,218,ALEN SARKAR,0,500.0,0.0,11.0,511.0,34_Form20.pdf
34,,,218,Dilip Chandra Ray,1,500.0,0.0,11.0,511.0,34_Form20.pdf
34,,,218,SHYAMA SARKAR,0,500.0,0.0,11.0,511.0,34_Form20.pdf
34,,,218,SUDHIR SARKAR,1,500.0,0.0,11.0,511.0,34_Form20.pdf
34,,,218,SURESH BARMAN,1,500.0,0.0,11.0,511.0,34_Form20.pdf
34,,,218(A),TAPAN DEB SINGHA,177,515.0,0.0,3.0,518.0,34_Form20.pdf
34,,,218(A),PRAVASH SARKAR,20,515.0,0.0,3.0,518.0,34_Form20.pdf
34,,,218(A),SOUMEN ROY,308,515.0,0.0,3.0,518.0,34_Form20.pdf
34,,,218(A),GOPAL CHUNARY,3,515.0,0.0,3.0,518.0,34_Form20.pdf
34,,,218(A),NAMALA KANTA SARKAR,2,515.0,0.0,3.0,518.0,34_Form20.pdf
34,,,218(A),ALEN SARKAR,0,515.0,0.0,3.0,518.0,34_Form20.pdf
34,,,218(A),Dilip Chandra Ray,1,515.0,0.0,3.0,518.0,34_Form20.pdf
34,,,218(A),SHYAMA SARKAR,0,515.0,0.0,3.0,518.0,34_Form20.pdf
34,,,218(A),SUDHIR SARKAR,3,515.0,0.0,3.0,518.0,34_Form20.pdf
34,,,218(A),SURESH BARMAN,1,515.0,0.0,3.0,518.0,34_Form20.pdf
34,,,219,TAPAN DEB SINGHA,206,893.0,0.0,15.0,908.0,34_Form20.pdf
34,,,219,PRAVASH SARKAR,40,893.0,0.0,15.0,908.0,34_Form20.pdf
34,,,219,SOUMEN ROY,600,893.0,0.0,15.0,908.0,34_Form20.pdf
34,,,219,GOPAL CHUNARY,5,893.0,0.0,15.0,908.0,34_Form20.pdf
34,,,219,NAMALA KANTA SARKAR,3,893.0,0.0,15.0,908.0,34_Form20.pdf
34,,,219,ALEN SARKAR,2,893.0,0.0,15.0,908.0,34_Form20.pdf
34,,,219,Dilip Chandra Ray,2,893.0,0.0,15.0,908.0,34_Form20.pdf
34,,,219,SHYAMA SARKAR,4,893.0,0.0,15.0,908.0,34_Form20.pdf
34,,,219,SUDHIR SARKAR,25,893.0,0.0,15.0,908.0,34_Form20.pdf
34,,,219,SURESH BARMAN,6,893.0,0.0,15.0,908.0,34_Form20.pdf
34,,,220,TAPAN DEB SINGHA,92,489.0,0.0,8.0,497.0,34_Form20.pdf
34,,,220,PRAVASH SARKAR,28,489.0,0.0,8.0,497.0,34_Form20.pdf
34,,,220,SOUMEN ROY,358,489.0,0.0,8.0,497.0,34_Form20.pdf
34,,,220,GOPAL CHUNARY,3,489.0,0.0,8.0,497.0,34_Form20.pdf
34,,,220,NAMALA KANTA SARKAR,2,489.0,0.0,8.0,497.0,34_Form20.pdf
34,,,220,ALEN SARKAR,0,489.0,0.0,8.0,497.0,34_Form20.pdf
34,,,220,Dilip Chandra Ray,0,489.0,0.0,8.0,497.0,34_Form20.pdf
34,,,220,SHYAMA SARKAR,1,489.0,0.0,8.0,497.0,34_Form20.pdf
34,,,220,SUDHIR SARKAR,5,489.0,0.0,8.0,497.0,34_Form20.pdf
34,,,220,SURESH BARMAN,0,489.0,0.0,8.0,497.0,34_Form20.pdf
34,,,220(A),TAPAN DEB SINGHA,62,582.0,0.0,7.0,589.0,34_Form20.pdf
34,,,220(A),PRAVASH SARKAR,44,582.0,0.0,7.0,589.0,34_Form20.pdf
34,,,220(A),SOUMEN ROY,465,582.0,0.0,7.0,589.0,34_Form20.pdf
34,,,220(A),GOPAL CHUNARY,2,582.0,0.0,7.0,589.0,34_Form20.pdf
34,,,220(A),NAMALA KANTA SARKAR,0,582.0,0.0,7.0,589.0,34_Form20.pdf
34,,,220(A),ALEN SARKAR,0,582.0,0.0,7.0,589.0,34_Form20.pdf
34,,,220(A),Dilip Chandra Ray,0,582.0,0.0,7.0,589.0,34_Form20.pdf
34,,,220(A),SHYAMA SARKAR,1,582.0,0.0,7.0,589.0,34_Form20.pdf
34,,,220(A),SUDHIR SARKAR,7,582.0,0.0,7.0,589.0,34_Form20.pdf
34,,,220(A),SURESH BARMAN,1,582.0,0.0,7.0,589.0,34_Form20.pdf
34,,,221,TAPAN DEB SINGHA,380,783.0,0.0,14.0,797.0,34_Form20.pdf
34,,,221,PRAVASH SARKAR,18,783.0,0.0,14.0,797.0,34_Form20.pdf
34,,,221,SOUMEN ROY,364,783.0,0.0,14.0,797.0,34_Form20.pdf
34,,,221,GOPAL CHUNARY,5,783.0,0.0,14.0,797.0,34_Form20.pdf
34,,,221,NAMALA KANTA SARKAR,2,783.0,0.0,14.0,797.0,34_Form20.pdf
34,,,221,ALEN SARKAR,0,783.0,0.0,14.0,797.0,34_Form20.pdf
34,,,221,Dilip Chandra Ray,0,783.0,0.0,14.0,797.0,34_Form20.pdf
34,,,221,SHYAMA SARKAR,5,783.0,0.0,14.0,797.0,34_Form20.pdf
34,,,221,SUDHIR SARKAR,7,783.0,0.0,14.0,797.0,34_Form20.pdf
34,,,221,SURESH BARMAN,2,783.0,0.0,14.0,797.0,34_Form20.pdf
34,,,222,TAPAN DEB SINGHA,92,565.0,0.0,7.0,572.0,34_Form20.pdf
34,,,222,PRAVASH SARKAR,37,565.0,0.0,7.0,572.0,34_Form20.pdf
34,,,222,SOUMEN ROY,415,565.0,0.0,7.0,572.0,34_Form20.pdf
34,,,222,GOPAL CHUNARY,3,565.0,0.0,7.0,572.0,34_Form20.pdf
34,,,222,NAMALA KANTA SARKAR,0,565.0,0.0,7.0,572.0,34_Form20.pdf
34,,,222,ALEN SARKAR,3,565.0,0.0,7.0,572.0,34_Form20.pdf
34,,,222,Dilip Chandra Ray,0,565.0,0.0,7.0,572.0,34_Form20.pdf
34,,,222,SHYAMA SARKAR,4,565.0,0.0,7.0,572.0,34_Form20.pdf
34,,,222,SUDHIR SARKAR,10,565.0,0.0,7.0,572.0,34_Form20.pdf
34,,,222,SURESH BARMAN,1,565.0,0.0,7.0,572.0,34_Form20.pdf
34,,,222(A),TAPAN DEB SINGHA,51,553.0,0.0,5.0,558.0,34_Form20.pdf
34,,,222(A),PRAVASH SARKAR,35,553.0,0.0,5.0,558.0,34_Form20.pdf
34,,,222(A),SOUMEN ROY,450,553.0,0.0,5.0,558.0,34_Form20.pdf
34,,,222(A),GOPAL CHUNARY,3,553.0,0.0,5.0,558.0,34_Form20.pdf
34,,,222(A),NAMALA KANTA SARKAR,1,553.0,0.0,5.0,558.0,34_Form20.pdf
34,,,222(A),ALEN SARKAR,1,553.0,0.0,5.0,558.0,34_Form20.pdf
34,,,222(A),Dilip Chandra Ray,2,553.0,0.0,5.0,558.0,34_Form20.pdf
34,,,222(A),SHYAMA SARKAR,3,553.0,0.0,5.0,558.0,34_Form20.pdf
34,,,222(A),SUDHIR SARKAR,4,553.0,0.0,5.0,558.0,34_Form20.pdf
34,,,222(A),SURESH BARMAN,3,553.0,0.0,5.0,558.0,34_Form20.pdf
34,,,223,TAPAN DEB SINGHA,112,461.0,0.0,3.0,464.0,34_Form20.pdf
34,,,223,PRAVASH SARKAR,18,461.0,0.0,3.0,464.0,34_Form20.pdf
34,,,223,SOUMEN ROY,318,461.0,0.0,3.0,464.0,34_Form20.pdf
34,,,223,GOPAL CHUNARY,4,461.0,0.0,3.0,464.0,34_Form20.pdf
34,,,223,NAMALA KANTA SARKAR,1,461.0,0.0,3.0,464.0,34_Form20.pdf
34,,,223,ALEN SARKAR,0,461.0,0.0,3.0,464.0,34_Form20.pdf
34,,,223,Dilip Chandra Ray,2,461.0,0.0,3.0,464.0,34_Form20.pdf
34,,,223,SHYAMA SARKAR,2,461.0,0.0,3.0,464.0,34_Form20.pdf
34,,,223,SUDHIR SARKAR,3,461.0,0.0,3.0,464.0,34_Form20.pdf
34,,,223,SURESH BARMAN,1,461.0,0.0,3.0,464.0,34_Form20.pdf
34,,,223(A),TAPAN DEB SINGHA,64,471.0,0.0,8.0,479.0,34_Form20.pdf
34,,,223(A),PRAVASH SARKAR,14,471.0,0.0,8.0,479.0,34_Form20.pdf
34,,,223(A),SOUMEN ROY,370,471.0,0.0,8.0,479.0,34_Form20.pdf
34,,,223(A),GOPAL CHUNARY,4,471.0,0.0,8.0,479.0,34_Form20.pdf
34,,,223(A),NAMALA KANTA SARKAR,1,471.0,0.0,8.0,479.0,34_Form20.pdf
34,,,223(A),ALEN SARKAR,0,471.0,0.0,8.0,479.0,34_Form20.pdf
34,,,223(A),Dilip Chandra Ray,0,471.0,0.0,8.0,479.0,34_Form20.pdf
34,,,223(A),SHYAMA SARKAR,2,471.0,0.0,8.0,479.0,34_Form20.pdf
34,,,223(A),SUDHIR SARKAR,13,471.0,0.0,8.0,479.0,34_Form20.pdf
34,,,223(A),SURESH BARMAN,3,471.0,0.0,8.0,479.0,34_Form20.pdf
34,,,224,TAPAN DEB SINGHA,94,524.0,0.0,9.0,533.0,34_Form20.pdf
34,,,224,PRAVASH SARKAR,28,524.0,0.0,9.0,533.0,34_Form20.pdf
34,,,224,SOUMEN ROY,386,524.0,0.0,9.0,533.0,34_Form20.pdf
34,,,224,GOPAL CHUNARY,3,524.0,0.0,9.0,533.0,34_Form20.pdf
34,,,224,NAMALA KANTA SARKAR,0,524.0,0.0,9.0,533.0,34_Form20.pdf
34,,,224,ALEN SARKAR,1,524.0,0.0,9.0,533.0,34_Form20.pdf
34,,,224,Dilip Chandra Ray,2,524.0,0.0,9.0,533.0,34_Form20.pdf
34,,,224,SHYAMA SARKAR,1,524.0,0.0,9.0,533.0,34_Form20.pdf
34,,,224,SUDHIR SARKAR,6,524.0,0.0,9.0,533.0,34_Form20.pdf
34,,,224,SURESH BARMAN,3,524.0,0.0,9.0,533.0,34_Form20.pdf
34,,,225,TAPAN DEB SINGHA,225,730.0,0.0,5.0,735.0,34_Form20.pdf
34,,,225,PRAVASH SARKAR,14,730.0,0.0,5.0,735.0,34_Form20.pdf
34,,,225,SOUMEN ROY,476,730.0,0.0,5.0,735.0,34_Form20.pdf
34,,,225,GOPAL CHUNARY,3,730.0,0.0,5.0,735.0,34_Form20.pdf
34,,,225,NAMALA KANTA SARKAR,0,730.0,0.0,5.0,735.0,34_Form20.pdf
34,,,225,ALEN SARKAR,0,730.0,0.0,5.0,735.0,34_Form20.pdf
34,,,225,Dilip Chandra Ray,3,730.0,0.0,5.0,735.0,34_Form20.pdf
34,,,225,SHYAMA SARKAR,1,730.0,0.0,5.0,735.0,34_Form20.pdf
34,,,225,SUDHIR SARKAR,3,730.0,0.0,5.0,735.0,34_Form20.pdf
34,,,225,SURESH BARMAN,4,730.0,0.0,5.0,735.0,34_Form20.pdf
34,,,226,TAPAN DEB SINGHA,586,612.0,0.0,4.0,616.0,34_Form20.pdf
34,,,226,PRAVASH SARKAR,24,612.0,0.0,4.0,616.0,34_Form20.pdf
34,,,226,SOUMEN ROY,1,612.0,0.0,4.0,616.0,34_Form20.pdf
34,,,226,GOPAL CHUNARY,0,612.0,0.0,4.0,616.0,34_Form20.pdf
34,,,226,NAMALA KANTA SARKAR,0,612.0,0.0,4.0,616.0,34_Form20.pdf
34,,,226,ALEN SARKAR,0,612.0,0.0,4.0,616.0,34_Form20.pdf
34,,,226,Dilip Chandra Ray,0,612.0,0.0,4.0,616.0,34_Form20.pdf
34,,,226,SHYAMA SARKAR,1,612.0,0.0,4.0,616.0,34_Form20.pdf
34,,,226,SUDHIR SARKAR,0,612.0,0.0,4.0,616.0,34_Form20.pdf
34,,,226,SURESH BARMAN,0,612.0,0.0,4.0,616.0,34_Form20.pdf
34,,,227,TAPAN DEB SINGHA,155,538.0,0.0,7.0,545.0,34_Form20.pdf
34,,,227,PRAVASH SARKAR,15,538.0,0.0,7.0,545.0,34_Form20.pdf
34,,,227,SOUMEN ROY,350,538.0,0.0,7.0,545.0,34_Form20.pdf
34,,,227,GOPAL CHUNARY,5,538.0,0.0,7.0,545.0,34_Form20.pdf
34,,,227,NAMALA KANTA SARKAR,0,538.0,0.0,7.0,545.0,34_Form20.pdf
34,,,227,ALEN SARKAR,1,538.0,0.0,7.0,545.0,34_Form20.pdf
34,,,227,Dilip Chandra Ray,4,538.0,0.0,7.0,545.0,34_Form20.pdf
34,,,227,SHYAMA SARKAR,2,538.0,0.0,7.0,545.0,34_Form20.pdf
34,,,227,SUDHIR SARKAR,6,538.0,0.0,7.0,545.0,34_Form20.pdf
34,,,227,SURESH BARMAN,0,538.0,0.0,7.0,545.0,34_Form20.pdf
34,,,227(A),TAPAN DEB SINGHA,75,513.0,0.0,4.0,517.0,34_Form20.pdf
34,,,227(A),PRAVASH SARKAR,9,513.0,0.0,4.0,517.0,34_Form20.pdf
34,,,227(A),SOUMEN ROY,416,513.0,0.0,4.0,517.0,34_Form20.pdf
34,,,227(A),GOPAL CHUNARY,4,513.0,0.0,4.0,517.0,34_Form20.pdf
34,,,227(A),NAMALA KANTA SARKAR,1,513.0,0.0,4.0,517.0,34_Form20.pdf
34,,,227(A),ALEN SARKAR,1,513.0,0.0,4.0,517.0,34_Form20.pdf
34,,,227(A),Dilip Chandra Ray,1,513.0,0.0,4.0,517.0,34_Form20.pdf
34,,,227(A),SHYAMA SARKAR,2,513.0,0.0,4.0,517.0,34_Form20.pdf
34,,,227(A),SUDHIR SARKAR,3,513.0,0.0,4.0,517.0,34_Form20.pdf
34,,,227(A),SURESH BARMAN,1,513.0,0.0,4.0,517.0,34_Form20.pdf
34,,,228,TAPAN DEB SINGHA,540,643.0,0.0,13.0,656.0,34_Form20.pdf
34,,,228,PRAVASH SARKAR,36,643.0,0.0,13.0,656.0,34_Form20.pdf
34,,,228,SOUMEN ROY,59,643.0,0.0,13.0,656.0,34_Form20.pdf
34,,,228,GOPAL CHUNARY,0,643.0,0.0,13.0,656.0,34_Form20.pdf
34,,,228,NAMALA KANTA SARKAR,0,643.0,0.0,13.0,656.0,34_Form20.pdf
34,,,228,ALEN SARKAR,1,643.0,0.0,13.0,656.0,34_Form20.pdf
34,,,228,Dilip Chandra Ray,1,643.0,0.0,13.0,656.0,34_Form20.pdf
34,,,228,SHYAMA SARKAR,1,643.0,0.0,13.0,656.0,34_Form20.pdf
34,,,228,SUDHIR SARKAR,3,643.0,0.0,13.0,656.0,34_Form20.pdf
34,,,228,SURESH BARMAN,2,643.0,0.0,13.0,656.0,34_Form20.pdf
34,,,229,TAPAN DEB SINGHA,288,,,,,34_Form20.pdf
34,,,229,PRAVASH SARKAR,33,,,,,34_Form20.pdf
34,,,229,SOUMEN ROY,464,,,,,34_Form20.pdf
34,,,229,GOPAL CHUNARY,5,,,,,34_Form20.pdf
34,,,229,NAMALA KANTA SARKAR,1,,,,,34_Form20.pdf
34,,,229,ALEN SARKAR,1,,,,,34_Form20.pdf
34,,,229,Dilip Chandra Ray,0,,,,,34_Form20.pdf
34,,,229,SHYAMA SARKAR,2,,,,,34_Form20.pdf
34,,,229,SUDHIR SARKAR,1,,,,,34_Form20.pdf
34,,,229,SURESH BARMAN,8,,,,,34_Form20.pdf
34,,,230,TAPAN DEB SINGHA,413,955.0,0.0,7.0,962.0,34_Form20.pdf
34,,,230,PRAVASH SARKAR,55,955.0,0.0,7.0,962.0,34_Form20.pdf
34,,,230,SOUMEN ROY,468,955.0,0.0,7.0,962.0,34_Form20.pdf
34,,,230,GOPAL CHUNARY,4,955.0,0.0,7.0,962.0,34_Form20.pdf
34,,,230,NAMALA KANTA SARKAR,0,955.0,0.0,7.0,962.0,34_Form20.pdf
34,,,230,ALEN SARKAR,4,955.0,0.0,7.0,962.0,34_Form20.pdf
34,,,230,Dilip Chandra Ray,2,955.0,0.0,7.0,962.0,34_Form20.pdf
34,,,230,SHYAMA SARKAR,0,955.0,0.0,7.0,962.0,34_Form20.pdf
34,,,230,SUDHIR SARKAR,8,955.0,0.0,7.0,962.0,34_Form20.pdf
34,,,230,SURESH BARMAN,1,955.0,0.0,7.0,962.0,34_Form20.pdf
34,,,231,TAPAN DEB SINGHA,243,470.0,0.0,10.0,480.0,34_Form20.pdf
34,,,231,PRAVASH SARKAR,10,470.0,0.0,10.0,480.0,34_Form20.pdf
34,,,231,SOUMEN ROY,207,470.0,0.0,10.0,480.0,34_Form20.pdf
34,,,231,GOPAL CHUNARY,3,470.0,0.0,10.0,480.0,34_Form20.pdf
34,,,231,NAMALA KANTA SARKAR,1,470.0,0.0,10.0,480.0,34_Form20.pdf
34,,,231,ALEN SARKAR,1,470.0,0.0,10.0,480.0,34_Form20.pdf
34,,,231,Dilip Chandra Ray,1,470.0,0.0,10.0,480.0,34_Form20.pdf
34,,,231,SHYAMA SARKAR,1,470.0,0.0,10.0,480.0,34_Form20.pdf
34,,,231,SUDHIR SARKAR,3,470.0,0.0,10.0,480.0,34_Form20.pdf
34,,,231,SURESH BARMAN,0,470.0,0.0,10.0,480.0,34_Form20.pdf
34,,,231(A),TAPAN DEB SINGHA,116,492.0,0.0,9.0,501.0,34_Form20.pdf
34,,,231(A),PRAVASH SARKAR,14,492.0,0.0,9.0,501.0,34_Form20.pdf
34,,,231(A),SOUMEN ROY,334,492.0,0.0,9.0,501.0,34_Form20.pdf
34,,,231(A),GOPAL CHUNARY,3,492.0,0.0,9.0,501.0,34_Form20.pdf
34,,,231(A),NAMALA KANTA SARKAR,2,492.0,0.0,9.0,501.0,34_Form20.pdf
34,,,231(A),ALEN SARKAR,6,492.0,0.0,9.0,501.0,34_Form20.pdf
34,,,231(A),Dilip Chandra Ray,4,492.0,0.0,9.0,501.0,34_Form20.pdf
34,,,231(A),SHYAMA SARKAR,2,492.0,0.0,9.0,501.0,34_Form20.pdf
34,,,231(A),SUDHIR SARKAR,9,492.0,0.0,9.0,501.0,34_Form20.pdf
34,,,231(A),SURESH BARMAN,2,492.0,0.0,9.0,501.0,34_Form20.pdf
34,,,232,TAPAN DEB SINGHA,341,832.0,0.0,9.0,841.0,34_Form20.pdf
34,,,232,PRAVASH SARKAR,51,832.0,0.0,9.0,841.0,34_Form20.pdf
34,,,232,SOUMEN ROY,413,832.0,0.0,9.0,841.0,34_Form20.pdf
34,,,232,GOPAL CHUNARY,0,832.0,0.0,9.0,841.0,34_Form20.pdf
34,,,232,NAMALA KANTA SARKAR,1,832.0,0.0,9.0,841.0,34_Form20.pdf
34,,,232,ALEN SARKAR,1,832.0,0.0,9.0,841.0,34_Form20.pdf
34,,,232,Dilip Chandra Ray,2,832.0,0.0,9.0,841.0,34_Form20.pdf
34,,,232,SHYAMA SARKAR,6,832.0,0.0,9.0,841.0,34_Form20.pdf
34,,,232,SUDHIR SARKAR,12,832.0,0.0,9.0,841.0,34_Form20.pdf
34,,,232,SURESH BARMAN,5,832.0,0.0,9.0,841.0,34_Form20.pdf
34,,,233,TAPAN DEB SINGHA,207,826.0,0.0,23.0,849.0,34_Form20.pdf
34,,,233,PRAVASH SARKAR,35,826.0,0.0,23.0,849.0,34_Form20.pdf
34,,,233,SOUMEN ROY,527,826.0,0.0,23.0,849.0,34_Form20.pdf
34,,,233,GOPAL CHUNARY,10,826.0,0.0,23.0,849.0,34_Form20.pdf
34,,,233,NAMALA KANTA SARKAR,1,826.0,0.0,23.0,849.0,34_Form20.pdf
34,,,233,ALEN SARKAR,2,826.0,0.0,23.0,849.0,34_Form20.pdf
34,,,233,Dilip Chandra Ray,6,826.0,0.0,23.0,849.0,34_Form20.pdf
34,,,233,SHYAMA SARKAR,3,826.0,0.0,23.0,849.0,34_Form20.pdf
34,,,233,SUDHIR SARKAR,27,826.0,0.0,23.0,849.0,34_Form20.pdf
34,,,233,SURESH BARMAN,8,826.0,0.0,23.0,849.0,34_Form20.pdf
34,,,234,TAPAN DEB SINGHA,79,526.0,0.0,3.0,529.0,34_Form20.pdf
34,,,234,PRAVASH SARKAR,5,526.0,0.0,3.0,529.0,34_Form20.pdf
34,,,234,SOUMEN ROY,415,526.0,0.0,3.0,529.0,34_Form20.pdf
34,,,234,GOPAL CHUNARY,2,526.0,0.0,3.0,529.0,34_Form20.pdf
34,,,234,NAMALA KANTA SARKAR,0,526.0,0.0,3.0,529.0,34_Form20.pdf
34,,,234,ALEN SARKAR,1,526.0,0.0,3.0,529.0,34_Form20.pdf
34,,,234,Dilip Chandra Ray,2,526.0,0.0,3.0,529.0,34_Form20.pdf
34,,,234,SHYAMA SARKAR,2,526.0,0.0,3.0,529.0,34_Form20.pdf
34,,,234,SUDHIR SARKAR,15,526.0,0.0,3.0,529.0,34_Form20.pdf
34,,,234,SURESH BARMAN,5,526.0,0.0,3.0,529.0,34_Form20.pdf
34,,,234(A),TAPAN DEB SINGHA,154,550.0,0.0,10.0,560.0,34_Form20.pdf
34,,,234(A),PRAVASH SARKAR,7,550.0,0.0,10.0,560.0,34_Form20.pdf
34,,,234(A),SOUMEN ROY,362,550.0,0.0,10.0,560.0,34_Form20.pdf
34,,,234(A),GOPAL CHUNARY,5,550.0,0.0,10.0,560.0,34_Form20.pdf
34,,,234(A),NAMALA KANTA SARKAR,1,550.0,0.0,10.0,560.0,34_Form20.pdf
34,,,234(A),ALEN SARKAR,2,550.0,0.0,10.0,560.0,34_Form20.pdf
34,,,234(A),Dilip Chandra Ray,4,550.0,0.0,10.0,560.0,34_Form20.pdf
34,,,234(A),SHYAMA SARKAR,3,550.0,0.0,10.0,560.0,34_Form20.pdf
34,,,234(A),SUDHIR SARKAR,10,550.0,0.0,10.0,560.0,34_Form20.pdf
34,,,234(A),SURESH BARMAN,2,550.0,0.0,10.0,560.0,34_Form20.pdf
34,,,235,TAPAN DEB SINGHA,128,534.0,0.0,10.0,544.0,34_Form20.pdf
34,,,235,PRAVASH SARKAR,16,534.0,0.0,10.0,544.0,34_Form20.pdf
34,,,235,SOUMEN ROY,355,534.0,0.0,10.0,544.0,34_Form20.pdf
34,,,235,GOPAL CHUNARY,6,534.0,0.0,10.0,544.0,34_Form20.pdf
34,,,235,NAMALA KANTA SARKAR,0,534.0,0.0,10.0,544.0,34_Form20.pdf
34,,,235,ALEN SARKAR,0,534.0,0.0,10.0,544.0,34_Form20.pdf
34,,,235,Dilip Chandra Ray,1,534.0,0.0,10.0,544.0,34_Form20.pdf
34,,,235,SHYAMA SARKAR,1,534.0,0.0,10.0,544.0,34_Form20.pdf
34,,,235,SUDHIR SARKAR,27,534.0,0.0,10.0,544.0,34_Form20.pdf
34,,,235,SURESH BARMAN,0,534.0,0.0,10.0,544.0,34_Form20.pdf
34,,,236,TAPAN DEB SINGHA,345,556.0,0.0,6.0,562.0,34_Form20.pdf
34,,,236,PRAVASH SARKAR,9,556.0,0.0,6.0,562.0,34_Form20.pdf
34,,,236,SOUMEN ROY,191,556.0,0.0,6.0,562.0,34_Form20.pdf
34,,,236,GOPAL CHUNARY,4,556.0,0.0,6.0,562.0,34_Form20.pdf
34,,,236,NAMALA KANTA SARKAR,0,556.0,0.0,6.0,562.0,34_Form20.pdf
34,,,236,ALEN SARKAR,0,556.0,0.0,6.0,562.0,34_Form20.pdf
34,,,236,Dilip Chandra Ray,2,556.0,0.0,6.0,562.0,34_Form20.pdf
34,,,236,SHYAMA SARKAR,0,556.0,0.0,6.0,562.0,34_Form20.pdf
34,,,236,SUDHIR SARKAR,5,556.0,0.0,6.0,562.0,34_Form20.pdf
34,,,236,SURESH BARMAN,0,556.0,0.0,6.0,562.0,34_Form20.pdf
34,,,236(A),TAPAN DEB SINGHA,196,512.0,0.0,7.0,519.0,34_Form20.pdf
34,,,236(A),PRAVASH SARKAR,5,512.0,0.0,7.0,519.0,34_Form20.pdf
34,,,236(A),SOUMEN ROY,303,512.0,0.0,7.0,519.0,34_Form20.pdf
34,,,236(A),GOPAL CHUNARY,1,512.0,0.0,7.0,519.0,34_Form20.pdf
34,,,236(A),NAMALA KANTA SARKAR,0,512.0,0.0,7.0,519.0,34_Form20.pdf
34,,,236(A),ALEN SARKAR,0,512.0,0.0,7.0,519.0,34_Form20.pdf
34,,,236(A),Dilip Chandra Ray,1,512.0,0.0,7.0,519.0,34_Form20.pdf
34,,,236(A),SHYAMA SARKAR,1,512.0,0.0,7.0,519.0,34_Form20.pdf
34,,,236(A),SUDHIR SARKAR,3,512.0,0.0,7.0,519.0,34_Form20.pdf
34,,,236(A),SURESH BARMAN,2,512.0,0.0,7.0,519.0,34_Form20.pdf
34,,,237,TAPAN DEB SINGHA,320,676.0,0.0,8.0,684.0,34_Form20.pdf
34,,,237,PRAVASH SARKAR,15,676.0,0.0,8.0,684.0,34_Form20.pdf
34,,,237,SOUMEN ROY,322,676.0,0.0,8.0,684.0,34_Form20.pdf
34,,,237,GOPAL CHUNARY,2,676.0,0.0,8.0,684.0,34_Form20.pdf
34,,,237,NAMALA KANTA SARKAR,1,676.0,0.0,8.0,684.0,34_Form20.pdf
34,,,237,ALEN SARKAR,0,676.0,0.0,8.0,684.0,34_Form20.pdf
34,,,237,Dilip Chandra Ray,3,676.0,0.0,8.0,684.0,34_Form20.pdf
34,,,237,SHYAMA SARKAR,5,676.0,0.0,8.0,684.0,34_Form20.pdf
34,,,237,SUDHIR SARKAR,7,676.0,0.0,8.0,684.0,34_Form20.pdf
34,,,237,SURESH BARMAN,1,676.0,0.0,8.0,684.0,34_Form20.pdf
34,,,238,TAPAN DEB SINGHA,161,617.0,0.0,9.0,626.0,34_Form20.pdf
34,,,238,PRAVASH SARKAR,36,617.0,0.0,9.0,626.0,34_Form20.pdf
34,,,238,SOUMEN ROY,397,617.0,0.0,9.0,626.0,34_Form20.pdf
34,,,238,GOPAL CHUNARY,4,617.0,0.0,9.0,626.0,34_Form20.pdf
34,,,238,NAMALA KANTA SARKAR,2,617.0,0.0,9.0,626.0,34_Form20.pdf
34,,,238,ALEN SARKAR,1,617.0,0.0,9.0,626.0,34_Form20.pdf
34,,,238,Dilip Chandra Ray,2,617.0,0.0,9.0,626.0,34_Form20.pdf
34,,,238,SHYAMA SARKAR,1,617.0,0.0,9.0,626.0,34_Form20.pdf
34,,,238,SUDHIR SARKAR,11,617.0,0.0,9.0,626.0,34_Form20.pdf
34,,,238,SURESH BARMAN,2,617.0,0.0,9.0,626.0,34_Form20.pdf
34,,,239,TAPAN DEB SINGHA,196,529.0,0.0,14.0,543.0,34_Form20.pdf
34,,,239,PRAVASH SARKAR,11,529.0,0.0,14.0,543.0,34_Form20.pdf
34,,,239,SOUMEN ROY,258,529.0,0.0,14.0,543.0,34_Form20.pdf
34,,,239,GOPAL CHUNARY,7,529.0,0.0,14.0,543.0,34_Form20.pdf
34,,,239,NAMALA KANTA SARKAR,1,529.0,0.0,14.0,543.0,34_Form20.pdf
34,,,239,ALEN SARKAR,1,529.0,0.0,14.0,543.0,34_Form20.pdf
34,,,239,Dilip Chandra Ray,3,529.0,0.0,14.0,543.0,34_Form20.pdf
34,,,239,SHYAMA SARKAR,1,529.0,0.0,14.0,543.0,34_Form20.pdf
34,,,239,SUDHIR SARKAR,47,529.0,0.0,14.0,543.0,34_Form20.pdf
34,,,239,SURESH BARMAN,4,529.0,0.0,14.0,543.0,34_Form20.pdf
34,,,239(A),TAPAN DEB SINGHA,171,557.0,0.0,6.0,563.0,34_Form20.pdf
34,,,239(A),PRAVASH SARKAR,31,557.0,0.0,6.0,563.0,34_Form20.pdf
34,,,239(A),SOUMEN ROY,311,557.0,0.0,6.0,563.0,34_Form20.pdf
34,,,239(A),GOPAL CHUNARY,3,557.0,0.0,6.0,563.0,34_Form20.pdf
34,,,239(A),NAMALA KANTA SARKAR,1,557.0,0.0,6.0,563.0,34_Form20.pdf
34,,,239(A),ALEN SARKAR,0,557.0,0.0,6.0,563.0,34_Form20.pdf
34,,,239(A),Dilip Chandra Ray,2,557.0,0.0,6.0,563.0,34_Form20.pdf
34,,,239(A),SHYAMA SARKAR,4,557.0,0.0,6.0,563.0,34_Form20.pdf
34,,,239(A),SUDHIR SARKAR,28,557.0,0.0,6.0,563.0,34_Form20.pdf
34,,,239(A),SURESH BARMAN,6,557.0,0.0,6.0,563.0,34_Form20.pdf
34,,,240,TAPAN DEB SINGHA,569,599.0,0.0,3.0,602.0,34_Form20.pdf
34,,,240,PRAVASH SARKAR,20,599.0,0.0,3.0,602.0,34_Form20.pdf
34,,,240,SOUMEN ROY,7,599.0,0.0,3.0,602.0,34_Form20.pdf
34,,,240,GOPAL CHUNARY,2,599.0,0.0,3.0,602.0,34_Form20.pdf
34,,,240,NAMALA KANTA SARKAR,0,599.0,0.0,3.0,602.0,34_Form20.pdf
34,,,240,ALEN SARKAR,0,599.0,0.0,3.0,602.0,34_Form20.pdf
34,,,240,Dilip Chandra Ray,0,599.0,0.0,3.0,602.0,34_Form20.pdf
34,,,240,SHYAMA SARKAR,0,599.0,0.0,3.0,602.0,34_Form20.pdf
34,,,240,SUDHIR SARKAR,0,599.0,0.0,3.0,602.0,34_Form20.pdf
34,,,240,SURESH BARMAN,1,599.0,0.0,3.0,602.0,34_Form20.pdf
34,,,240(A),TAPAN DEB SINGHA,489,519.0,0.0,10.0,529.0,34_Form20.pdf
34,,,240(A),PRAVASH SARKAR,14,519.0,0.0,10.0,529.0,34_Form20.pdf
34,,,240(A),SOUMEN ROY,12,519.0,0.0,10.0,529.0,34_Form20.pdf
34,,,240(A),GOPAL CHUNARY,0,519.0,0.0,10.0,529.0,34_Form20.pdf
34,,,240(A),NAMALA KANTA SARKAR,1,519.0,0.0,10.0,529.0,34_Form20.pdf
34,,,240(A),ALEN SARKAR,0,519.0,0.0,10.0,529.0,34_Form20.pdf
34,,,240(A),Dilip Chandra Ray,0,519.0,0.0,10.0,529.0,34_Form20.pdf
34,,,240(A),SHYAMA SARKAR,1,519.0,0.0,10.0,529.0,34_Form20.pdf
34,,,240(A),SUDHIR SARKAR,1,519.0,0.0,10.0,529.0,34_Form20.pdf
34,,,240(A),SURESH BARMAN,1,519.0,0.0,10.0,529.0,34_Form20.pdf
34,,,241,TAPAN DEB SINGHA,156,484.0,0.0,4.0,488.0,34_Form20.pdf
34,,,241,PRAVASH SARKAR,12,484.0,0.0,4.0,488.0,34_Form20.pdf
34,,,241,SOUMEN ROY,299,484.0,0.0,4.0,488.0,34_Form20.pdf
34,,,241,GOPAL CHUNARY,1,484.0,0.0,4.0,488.0,34_Form20.pdf
34,,,241,NAMALA KANTA SARKAR,0,484.0,0.0,4.0,488.0,34_Form20.pdf
34,,,241,ALEN SARKAR,0,484.0,0.0,4.0,488.0,34_Form20.pdf
34,,,241,Dilip Chandra Ray,1,484.0,0.0,4.0,488.0,34_Form20.pdf
34,,,241,SHYAMA SARKAR,1,484.0,0.0,4.0,488.0,34_Form20.pdf
34,,,241,SUDHIR SARKAR,13,484.0,0.0,4.0,488.0,34_Form20.pdf
34,,,241,SURESH BARMAN,1,484.0,0.0,4.0,488.0,34_Form20.pdf
34,,,242,TAPAN DEB SINGHA,171,699.0,0.0,5.0,704.0,34_Form20.pdf
34,,,242,PRAVASH SARKAR,56,699.0,0.0,5.0,704.0,34_Form20.pdf
34,,,242,SOUMEN ROY,427,699.0,0.0,5.0,704.0,34_Form20.pdf
34,,,242,GOPAL CHUNARY,3,699.0,0.0,5.0,704.0,34_Form20.pdf
34,,,242,NAMALA KANTA SARKAR,3,699.0,0.0,5.0,704.0,34_Form20.pdf
34,,,242,ALEN SARKAR,3,699.0,0.0,5.0,704.0,34_Form20.pdf
34,,,242,Dilip Chandra Ray,1,699.0,0.0,5.0,704.0,34_Form20.pdf
34,,,242,SHYAMA SARKAR,3,699.0,0.0,5.0,704.0,34_Form20.pdf
34,,,242,SUDHIR SARKAR,28,699.0,0.0,5.0,704.0,34_Form20.pdf
34,,,242,SURESH BARMAN,4,699.0,0.0,5.0,704.0,34_Form20.pdf
34,,,243,TAPAN DEB SINGHA,121,704.0,0.0,9.0,713.0,34_Form20.pdf
34,,,243,PRAVASH SARKAR,20,704.0,0.0,9.0,713.0,34_Form20.pdf
34,,,243,SOUMEN ROY,540,704.0,0.0,9.0,713.0,34_Form20.pdf
34,,,243,GOPAL CHUNARY,2,704.0,0.0,9.0,713.0,34_Form20.pdf
34,,,243,NAMALA KANTA SARKAR,1,704.0,0.0,9.0,713.0,34_Form20.pdf
34,,,243,ALEN SARKAR,3,704.0,0.0,9.0,713.0,34_Form20.pdf
34,,,243,Dilip Chandra Ray,1,704.0,0.0,9.0,713.0,34_Form20.pdf
34,,,243,SHYAMA SARKAR,3,704.0,0.0,9.0,713.0,34_Form20.pdf
34,,,243,SUDHIR SARKAR,10,704.0,0.0,9.0,713.0,34_Form20.pdf
34,,,243,SURESH BARMAN,3,704.0,0.0,9.0,713.0,34_Form20.pdf
34,,,244,TAPAN DEB SINGHA,70,619.0,0.0,7.0,626.0,34_Form20.pdf
34,,,244,PRAVASH SARKAR,16,619.0,0.0,7.0,626.0,34_Form20.pdf
34,,,244,SOUMEN ROY,505,619.0,0.0,7.0,626.0,34_Form20.pdf
34,,,244,GOPAL CHUNARY,3,619.0,0.0,7.0,626.0,34_Form20.pdf
34,,,244,NAMALA KANTA SARKAR,2,619.0,0.0,7.0,626.0,34_Form20.pdf
34,,,244,ALEN SARKAR,4,619.0,0.0,7.0,626.0,34_Form20.pdf
34,,,244,Dilip Chandra Ray,1,619.0,0.0,7.0,626.0,34_Form20.pdf
34,,,244,SHYAMA SARKAR,1,619.0,0.0,7.0,626.0,34_Form20.pdf
34,,,244,SUDHIR SARKAR,13,619.0,0.0,7.0,626.0,34_Form20.pdf
34,,,244,SURESH BARMAN,4,619.0,0.0,7.0,626.0,34_Form20.pdf
34,,,244(A),TAPAN DEB SINGHA,49,658.0,0.0,6.0,664.0,34_Form20.pdf
34,,,244(A),PRAVASH SARKAR,12,658.0,0.0,6.0,664.0,34_Form20.pdf
34,,,244(A),SOUMEN ROY,572,658.0,0.0,6.0,664.0,34_Form20.pdf
34,,,244(A),GOPAL CHUNARY,5,658.0,0.0,6.0,664.0,34_Form20.pdf
34,,,244(A),NAMALA KANTA SARKAR,1,658.0,0.0,6.0,664.0,34_Form20.pdf
34,,,244(A),ALEN SARKAR,1,658.0,0.0,6.0,664.0,34_Form20.pdf
34,,,244(A),Dilip Chandra Ray,0,658.0,0.0,6.0,664.0,34_Form20.pdf
34,,,244(A),SHYAMA SARKAR,3,658.0,0.0,6.0,664.0,34_Form20.pdf
34,,,244(A),SUDHIR SARKAR,10,658.0,0.0,6.0,664.0,34_Form20.pdf
34,,,244(A),SURESH BARMAN,5,658.0,0.0,6.0,664.0,34_Form20.pdf
34,,,245,TAPAN DEB SINGHA,59,665.0,0.0,10.0,675.0,34_Form20.pdf
34,,,245,PRAVASH SARKAR,34,665.0,0.0,10.0,675.0,34_Form20.pdf
34,,,245,SOUMEN ROY,526,665.0,0.0,10.0,675.0,34_Form20.pdf
34,,,245,GOPAL CHUNARY,3,665.0,0.0,10.0,675.0,34_Form20.pdf
34,,,245,NAMALA KANTA SARKAR,2,665.0,0.0,10.0,675.0,34_Form20.pdf
34,,,245,ALEN SARKAR,4,665.0,0.0,10.0,675.0,34_Form20.pdf
34,,,245,Dilip Chandra Ray,2,665.0,0.0,10.0,675.0,34_Form20.pdf
34,,,245,SHYAMA SARKAR,11,665.0,0.0,10.0,675.0,34_Form20.pdf
34,,,245,SUDHIR SARKAR,20,665.0,0.0,10.0,675.0,34_Form20.pdf
34,,,245,SURESH BARMAN,4,665.0,0.0,10.0,675.0,34_Form20.pdf
34,,,245(A),TAPAN DEB SINGHA,63,521.0,0.0,14.0,535.0,34_Form20.pdf
34,,,245(A),PRAVASH SARKAR,41,521.0,0.0,14.0,535.0,34_Form20.pdf
34,,,245(A),SOUMEN ROY,376,521.0,0.0,14.0,535.0,34_Form20.pdf
34,,,245(A),GOPAL CHUNARY,3,521.0,0.0,14.0,535.0,34_Form20.pdf
34,,,245(A),NAMALA KANTA SARKAR,1,521.0,0.0,14.0,535.0,34_Form20.pdf
34,,,245(A),ALEN SARKAR,1,521.0,0.0,14.0,535.0,34_Form20.pdf
34,,,245(A),Dilip Chandra Ray,1,521.0,0.0,14.0,535.0,34_Form20.pdf
34,,,245(A),SHYAMA SARKAR,6,521.0,0.0,14.0,535.0,34_Form20.pdf
34,,,245(A),SUDHIR SARKAR,21,521.0,0.0,14.0,535.0,34_Form20.pdf
34,,,245(A),SURESH BARMAN,8,521.0,0.0,14.0,535.0,34_Form20.pdf
34,,,246,TAPAN DEB SINGHA,89,441.0,0.0,6.0,447.0,34_Form20.pdf
34,,,246,PRAVASH SARKAR,10,441.0,0.0,6.0,447.0,34_Form20.pdf
34,,,246,SOUMEN ROY,330,441.0,0.0,6.0,447.0,34_Form20.pdf
34,,,246,GOPAL CHUNARY,1,441.0,0.0,6.0,447.0,34_Form20.pdf
34,,,246,NAMALA KANTA SARKAR,1,441.0,0.0,6.0,447.0,34_Form20.pdf
34,,,246,ALEN SARKAR,1,441.0,0.0,6.0,447.0,34_Form20.pdf
34,,,246,Dilip Chandra Ray,1,441.0,0.0,6.0,447.0,34_Form20.pdf
34,,,246,SHYAMA SARKAR,1,441.0,0.0,6.0,447.0,34_Form20.pdf
34,,,246,SUDHIR SARKAR,4,441.0,0.0,6.0,447.0,34_Form20.pdf
34,,,246,SURESH BARMAN,3,441.0,0.0,6.0,447.0,34_Form20.pdf
34,,,246(A),TAPAN DEB SINGHA,56,512.0,0.0,2.0,514.0,34_Form20.pdf
34,,,246(A),PRAVASH SARKAR,11,512.0,0.0,2.0,514.0,34_Form20.pdf
34,,,246(A),SOUMEN ROY,427,512.0,0.0,2.0,514.0,34_Form20.pdf
34,,,246(A),GOPAL CHUNARY,4,512.0,0.0,2.0,514.0,34_Form20.pdf
34,,,246(A),NAMALA KANTA SARKAR,3,512.0,0.0,2.0,514.0,34_Form20.pdf
34,,,246(A),ALEN SARKAR,0,512.0,0.0,2.0,514.0,34_Form20.pdf
34,,,246(A),Dilip Chandra Ray,1,512.0,0.0,2.0,514.0,34_Form20.pdf
34,,,246(A),SHYAMA SARKAR,2,512.0,0.0,2.0,514.0,34_Form20.pdf
34,,,246(A),SUDHIR SARKAR,7,512.0,0.0,2.0,514.0,34_Form20.pdf
34,,,246(A),SURESH BARMAN,3,512.0,0.0,2.0,514.0,34_Form20.pdf
34,,,247,TAPAN DEB SINGHA,78,601.0,0.0,7.0,608.0,34_Form20.pdf
34,,,247,PRAVASH SARKAR,53,601.0,0.0,7.0,608.0,34_Form20.pdf
34,,,247,SOUMEN ROY,446,601.0,0.0,7.0,608.0,34_Form20.pdf
34,,,247,GOPAL CHUNARY,3,601.0,0.0,7.0,608.0,34_Form20.pdf
34,,,247,NAMALA KANTA SARKAR,1,601.0,0.0,7.0,608.0,34_Form20.pdf
34,,,247,ALEN SARKAR,2,601.0,0.0,7.0,608.0,34_Form20.pdf
34,,,247,Dilip Chandra Ray,3,601.0,0.0,7.0,608.0,34_Form20.pdf
34,,,247,SHYAMA SARKAR,1,601.0,0.0,7.0,608.0,34_Form20.pdf
34,,,247,SUDHIR SARKAR,10,601.0,0.0,7.0,608.0,34_Form20.pdf
34,,,247,SURESH BARMAN,2,601.0,0.0,7.0,608.0,34_Form20.pdf
34,,,247(A),TAPAN DEB SINGHA,230,601.0,0.0,5.0,606.0,34_Form20.pdf
34,,,247(A),PRAVASH SARKAR,17,601.0,0.0,5.0,606.0,34_Form20.pdf
34,,,247(A),SOUMEN ROY,338,601.0,0.0,5.0,606.0,34_Form20.pdf
34,,,247(A),GOPAL CHUNARY,0,601.0,0.0,5.0,606.0,34_Form20.pdf
34,,,247(A),NAMALA KANTA SARKAR,1,601.0,0.0,5.0,606.0,34_Form20.pdf
34,,,247(A),ALEN SARKAR,0,601.0,0.0,5.0,606.0,34_Form20.pdf
34,,,247(A),Dilip Chandra Ray,2,601.0,0.0,5.0,606.0,34_Form20.pdf
34,,,247(A),SHYAMA SARKAR,3,601.0,0.0,5.0,606.0,34_Form20.pdf
34,,,247(A),SUDHIR SARKAR,9,601.0,0.0,5.0,606.0,34_Form20.pdf
34,,,247(A),SURESH BARMAN,1,601.0,0.0,5.0,606.0,34_Form20.pdf
34,,,248,TAPAN DEB SINGHA,88,637.0,0.0,7.0,644.0,34_Form20.pdf
34,,,248,PRAVASH SARKAR,36,637.0,0.0,7.0,644.0,34_Form20.pdf
34,,,248,SOUMEN ROY,484,637.0,0.0,7.0,644.0,34_Form20.pdf
34,,,248,GOPAL CHUNARY,4,637.0,0.0,7.0,644.0,34_Form20.pdf
34,,,248,NAMALA KANTA SARKAR,1,637.0,0.0,7.0,644.0,34_Form20.pdf
34,,,248,ALEN SARKAR,2,637.0,0.0,7.0,644.0,34_Form20.pdf
34,,,248,Dilip Chandra Ray,0,637.0,0.0,7.0,644.0,34_Form20.pdf
34,,,248,SHYAMA SARKAR,4,637.0,0.0,7.0,644.0,34_Form20.pdf
34,,,248,SUDHIR SARKAR,15,637.0,0.0,7.0,644.0,34_Form20.pdf
34,,,248,SURESH BARMAN,3,637.0,0.0,7.0,644.0,34_Form20.pdf
34,,,249,TAPAN DEB SINGHA,279,588.0,0.0,6.0,594.0,34_Form20.pdf
34,,,249,PRAVASH SARKAR,30,588.0,0.0,6.0,594.0,34_Form20.pdf
34,,,249,SOUMEN ROY,260,588.0,0.0,6.0,594.0,34_Form20.pdf
34,,,249,GOPAL CHUNARY,5,588.0,0.0,6.0,594.0,34_Form20.pdf
34,,,249,NAMALA KANTA SARKAR,0,588.0,0.0,6.0,594.0,34_Form20.pdf
34,,,249,ALEN SARKAR,1,588.0,0.0,6.0,594.0,34_Form20.pdf
34,,,249,Dilip Chandra Ray,3,588.0,0.0,6.0,594.0,34_Form20.pdf
34,,,249,SHYAMA SARKAR,4,588.0,0.0,6.0,594.0,34_Form20.pdf
34,,,249,SUDHIR SARKAR,4,588.0,0.0,6.0,594.0,34_Form20.pdf
34,,,249,SURESH BARMAN,2,588.0,0.0,6.0,594.0,34_Form20.pdf
34,,,249(A),TAPAN DEB SINGHA,192,609.0,0.0,8.0,617.0,34_Form20.pdf
34,,,249(A),PRAVASH SARKAR,22,609.0,0.0,8.0,617.0,34_Form20.pdf
34,,,249(A),SOUMEN ROY,369,609.0,0.0,8.0,617.0,34_Form20.pdf
34,,,249(A),GOPAL CHUNARY,7,609.0,0.0,8.0,617.0,34_Form20.pdf
34,,,249(A),NAMALA KANTA SARKAR,0,609.0,0.0,8.0,617.0,34_Form20.pdf
34,,,249(A),ALEN SARKAR,2,609.0,0.0,8.0,617.0,34_Form20.pdf
34,,,249(A),Dilip Chandra Ray,1,609.0,0.0,8.0,617.0,34_Form20.pdf
34,,,249(A),SHYAMA SARKAR,6,609.0,0.0,8.0,617.0,34_Form20.pdf
34,,,249(A),SUDHIR SARKAR,9,609.0,0.0,8.0,617.0,34_Form20.pdf
34,,,249(A),SURESH BARMAN,1,609.0,0.0,8.0,617.0,34_Form20.pdf
34,,,250,TAPAN DEB SINGHA,245,782.0,0.0,10.0,792.0,34_Form20.pdf
34,,,250,PRAVASH SARKAR,4,782.0,0.0,10.0,792.0,34_Form20.pdf
34,,,250,SOUMEN ROY,514,782.0,0.0,10.0,792.0,34_Form20.pdf
34,,,250,GOPAL CHUNARY,5,782.0,0.0,10.0,792.0,34_Form20.pdf
34,,,250,NAMALA KANTA SARKAR,0,782.0,0.0,10.0,792.0,34_Form20.pdf
34,,,250,ALEN SARKAR,0,782.0,0.0,10.0,792.0,34_Form20.pdf
34,,,250,Dilip Chandra Ray,3,782.0,0.0,10.0,792.0,34_Form20.pdf
34,,,250,SHYAMA SARKAR,3,782.0,0.0,10.0,792.0,34_Form20.pdf
34,,,250,SUDHIR SARKAR,7,782.0,0.0,10.0,792.0,34_Form20.pdf
34,,,250,SURESH BARMAN,1,782.0,0.0,10.0,792.0,34_Form20.pdf
34,,,251,TAPAN DEB SINGHA,740,823.0,0.0,10.0,833.0,34_Form20.pdf
34,,,251,PRAVASH SARKAR,15,823.0,0.0,10.0,833.0,34_Form20.pdf
34,,,251,SOUMEN ROY,61,823.0,0.0,10.0,833.0,34_Form20.pdf
34,,,251,GOPAL CHUNARY,1,823.0,0.0,10.0,833.0,34_Form20.pdf
34,,,251,NAMALA KANTA SARKAR,2,823.0,0.0,10.0,833.0,34_Form20.pdf
34,,,251,ALEN SARKAR,0,823.0,0.0,10.0,833.0,34_Form20.pdf
34,,,251,Dilip Chandra Ray,0,823.0,0.0,10.0,833.0,34_Form20.pdf
34,,,251,SHYAMA SARKAR,0,823.0,0.0,10.0,833.0,34_Form20.pdf
34,,,251,SUDHIR SARKAR,2,823.0,0.0,10.0,833.0,34_Form20.pdf
34,,,251,SURESH BARMAN,2,823.0,0.0,10.0,833.0,34_Form20.pdf
34,,,252,TAPAN DEB SINGHA,395,497.0,0.0,14.0,511.0,34_Form20.pdf
34,,,252,PRAVASH SARKAR,17,497.0,0.0,14.0,511.0,34_Form20.pdf
34,,,252,SOUMEN ROY,83,497.0,0.0,14.0,511.0,34_Form20.pdf
34,,,252,GOPAL CHUNARY,0,497.0,0.0,14.0,511.0,34_Form20.pdf
34,,,252,NAMALA KANTA SARKAR,0,497.0,0.0,14.0,511.0,34_Form20.pdf
34,,,252,ALEN SARKAR,0,497.0,0.0,14.0,511.0,34_Form20.pdf
34,,,252,Dilip Chandra Ray,0,497.0,0.0,14.0,511.0,34_Form20.pdf
34,,,252,SHYAMA SARKAR,0,497.0,0.0,14.0,511.0,34_Form20.pdf
34,,,252,SUDHIR SARKAR,0,497.0,0.0,14.0,511.0,34_Form20.pdf
34,,,252,SURESH BARMAN,2,497.0,0.0,14.0,511.0,34_Form20.pdf
34,,,252(A),TAPAN DEB SINGHA,367,543.0,0.0,8.0,551.0,34_Form20.pdf
34,,,252(A),PRAVASH SARKAR,25,543.0,0.0,8.0,551.0,34_Form20.pdf
34,,,252(A),SOUMEN ROY,133,543.0,0.0,8.0,551.0,34_Form20.pdf
34,,,252(A),GOPAL CHUNARY,4,543.0,0.0,8.0,551.0,34_Form20.pdf
34,,,252(A),NAMALA KANTA SARKAR,1,543.0,0.0,8.0,551.0,34_Form20.pdf
34,,,252(A),ALEN SARKAR,0,543.0,0.0,8.0,551.0,34_Form20.pdf
34,,,252(A),Dilip Chandra Ray,3,543.0,0.0,8.0,551.0,34_Form20.pdf
34,,,252(A),SHYAMA SARKAR,4,543.0,0.0,8.0,551.0,34_Form20.pdf
34,,,252(A),SUDHIR SARKAR,2,543.0,0.0,8.0,551.0,34_Form20.pdf
34,,,252(A),SURESH BARMAN,4,543.0,0.0,8.0,551.0,34_Form20.pdf
34,,,253,TAPAN DEB SINGHA,642,873.0,0.0,21.0,894.0,34_Form20.pdf
34,,,253,PRAVASH SARKAR,55,873.0,0.0,21.0,894.0,34_Form20.pdf
34,,,253,SOUMEN ROY,164,873.0,0.0,21.0,894.0,34_Form20.pdf
34,,,253,GOPAL CHUNARY,3,873.0,0.0,21.0,894.0,34_Form20.pdf
34,,,253,NAMALA KANTA SARKAR,0,873.0,0.0,21.0,894.0,34_Form20.pdf
34,,,253,ALEN SARKAR,1,873.0,0.0,21.0,894.0,34_Form20.pdf
34,,,253,Dilip Chandra Ray,0,873.0,0.0,21.0,894.0,34_Form20.pdf
34,,,253,SHYAMA SARKAR,4,873.0,0.0,21.0,894.0,34_Form20.pdf
34,,,253,SUDHIR SARKAR,3,873.0,0.0,21.0,894.0,34_Form20.pdf
34,,,253,SURESH BARMAN,1,873.0,0.0,21.0,894.0,34_Form20.pdf
34,,,254,TAPAN DEB SINGHA,70,594.0,0.0,5.0,599.0,34_Form20.pdf
34,,,254,PRAVASH SARKAR,15,594.0,0.0,5.0,599.0,34_Form20.pdf
34,,,254,SOUMEN ROY,492,594.0,0.0,5.0,599.0,34_Form20.pdf
34,,,254,GOPAL CHUNARY,3,594.0,0.0,5.0,599.0,34_Form20.pdf
34,,,254,NAMALA KANTA SARKAR,0,594.0,0.0,5.0,599.0,34_Form20.pdf
34,,,254,ALEN SARKAR,1,594.0,0.0,5.0,599.0,34_Form20.pdf
34,,,254,Dilip Chandra Ray,0,594.0,0.0,5.0,599.0,34_Form20.pdf
34,,,254,SHYAMA SARKAR,2,594.0,0.0,5.0,599.0,34_Form20.pdf
34,,,254,SUDHIR SARKAR,6,594.0,0.0,5.0,599.0,34_Form20.pdf
34,,,254,SURESH BARMAN,5,594.0,0.0,5.0,599.0,34_Form20.pdf
34,,,254(A),TAPAN DEB SINGHA,266,574.0,0.0,6.0,580.0,34_Form20.pdf
34,,,254(A),PRAVASH SARKAR,4,574.0,0.0,6.0,580.0,34_Form20.pdf
34,,,254(A),SOUMEN ROY,293,574.0,0.0,6.0,580.0,34_Form20.pdf
34,,,254(A),GOPAL CHUNARY,3,574.0,0.0,6.0,580.0,34_Form20.pdf
34,,,254(A),NAMALA KANTA SARKAR,1,574.0,0.0,6.0,580.0,34_Form20.pdf
34,,,254(A),ALEN SARKAR,0,574.0,0.0,6.0,580.0,34_Form20.pdf
34,,,254(A),Dilip Chandra Ray,1,574.0,0.0,6.0,580.0,34_Form20.pdf
34,,,254(A),SHYAMA SARKAR,1,574.0,0.0,6.0,580.0,34_Form20.pdf
34,,,254(A),SUDHIR SARKAR,4,574.0,0.0,6.0,580.0,34_Form20.pdf
34,,,254(A),SURESH BARMAN,1,574.0,0.0,6.0,580.0,34_Form20.pdf
34,,,255,TAPAN DEB SINGHA,513,816.0,0.0,9.0,825.0,34_Form20.pdf
34,,,255,PRAVASH SARKAR,36,816.0,0.0,9.0,825.0,34_Form20.pdf
34,,,255,SOUMEN ROY,246,816.0,0.0,9.0,825.0,34_Form20.pdf
34,,,255,GOPAL CHUNARY,2,816.0,0.0,9.0,825.0,34_Form20.pdf
34,,,255,NAMALA KANTA SARKAR,3,816.0,0.0,9.0,825.0,34_Form20.pdf
34,,,255,ALEN SARKAR,2,816.0,0.0,9.0,825.0,34_Form20.pdf
34,,,255,Dilip Chandra Ray,2,816.0,0.0,9.0,825.0,34_Form20.pdf
34,,,255,SHYAMA SARKAR,4,816.0,0.0,9.0,825.0,34_Form20.pdf
34,,,255,SUDHIR SARKAR,6,816.0,0.0,9.0,825.0,34_Form20.pdf
34,,,255,SURESH BARMAN,2,816.0,0.0,9.0,825.0,34_Form20.pdf
34,,,256,TAPAN DEB SINGHA,140,567.0,0.0,8.0,575.0,34_Form20.pdf
34,,,256,PRAVASH SARKAR,58,567.0,0.0,8.0,575.0,34_Form20.pdf
34,,,256,SOUMEN ROY,356,567.0,0.0,8.0,575.0,34_Form20.pdf
34,,,256,GOPAL CHUNARY,2,567.0,0.0,8.0,575.0,34_Form20.pdf
34,,,256,NAMALA KANTA SARKAR,1,567.0,0.0,8.0,575.0,34_Form20.pdf
34,,,256,ALEN SARKAR,0,567.0,0.0,8.0,575.0,34_Form20.pdf
34,,,256,Dilip Chandra Ray,1,567.0,0.0,8.0,575.0,34_Form20.pdf
34,,,256,SHYAMA SARKAR,2,567.0,0.0,8.0,575.0,34_Form20.pdf
34,,,256,SUDHIR SARKAR,7,567.0,0.0,8.0,575.0,34_Form20.pdf
34,,,256,SURESH BARMAN,0,567.0,0.0,8.0,575.0,34_Form20.pdf
34,,,256(A),TAPAN DEB SINGHA,260,555.0,0.0,6.0,561.0,34_Form20.pdf
34,,,256(A),PRAVASH SARKAR,14,555.0,0.0,6.0,561.0,34_Form20.pdf
34,,,256(A),SOUMEN ROY,271,555.0,0.0,6.0,561.0,34_Form20.pdf
34,,,256(A),GOPAL CHUNARY,3,555.0,0.0,6.0,561.0,34_Form20.pdf
34,,,256(A),NAMALA KANTA SARKAR,1,555.0,0.0,6.0,561.0,34_Form20.pdf
34,,,256(A),ALEN SARKAR,0,555.0,0.0,6.0,561.0,34_Form20.pdf
34,,,256(A),Dilip Chandra Ray,0,555.0,0.0,6.0,561.0,34_Form20.pdf
34,,,256(A),SHYAMA SARKAR,0,555.0,0.0,6.0,561.0,34_Form20.pdf
34,,,256(A),SUDHIR SARKAR,5,555.0,0.0,6.0,561.0,34_Form20.pdf
34,,,256(A),SURESH BARMAN,1,555.0,0.0,6.0,561.0,34_Form20.pdf
34,,,257,TAPAN DEB SINGHA,362,832.0,0.0,3.0,835.0,34_Form20.pdf
34,,,257,PRAVASH SARKAR,11,832.0,0.0,3.0,835.0,34_Form20.pdf
34,,,257,SOUMEN ROY,447,832.0,0.0,3.0,835.0,34_Form20.pdf
34,,,257,GOPAL CHUNARY,2,832.0,0.0,3.0,835.0,34_Form20.pdf
34,,,257,NAMALA KANTA SARKAR,1,832.0,0.0,3.0,835.0,34_Form20.pdf
34,,,257,ALEN SARKAR,1,832.0,0.0,3.0,835.0,34_Form20.pdf
34,,,257,Dilip Chandra Ray,0,832.0,0.0,3.0,835.0,34_Form20.pdf
34,,,257,SHYAMA SARKAR,1,832.0,0.0,3.0,835.0,34_Form20.pdf
34,,,257,SUDHIR SARKAR,6,832.0,0.0,3.0,835.0,34_Form20.pdf
34,,,257,SURESH BARMAN,1,832.0,0.0,3.0,835.0,34_Form20.pdf
34,,,258,TAPAN DEB SINGHA,312,641.0,0.0,4.0,645.0,34_Form20.pdf
34,,,258,PRAVASH SARKAR,12,641.0,0.0,4.0,645.0,34_Form20.pdf
34,,,258,SOUMEN ROY,301,641.0,0.0,4.0,645.0,34_Form20.pdf
34,,,258,GOPAL CHUNARY,4,641.0,0.0,4.0,645.0,34_Form20.pdf
34,,,258,NAMALA KANTA SARKAR,0,641.0,0.0,4.0,645.0,34_Form20.pdf
34,,,258,ALEN SARKAR,0,641.0,0.0,4.0,645.0,34_Form20.pdf
34,,,258,Dilip Chandra Ray,1,641.0,0.0,4.0,645.0,34_Form20.pdf
34,,,258,SHYAMA SARKAR,2,641.0,0.0,4.0,645.0,34_Form20.pdf
34,,,258,SUDHIR SARKAR,6,641.0,0.0,4.0,645.0,34_Form20.pdf
34,,,258,SURESH BARMAN,3,641.0,0.0,4.0,645.0,34_Form20.pdf
34,,,258(A),TAPAN DEB SINGHA,185,584.0,0.0,8.0,592.0,34_Form20.pdf
34,,,258(A),PRAVASH SARKAR,14,584.0,0.0,8.0,592.0,34_Form20.pdf
34,,,258(A),SOUMEN ROY,366,584.0,0.0,8.0,592.0,34_Form20.pdf
34,,,258(A),GOPAL CHUNARY,6,584.0,0.0,8.0,592.0,34_Form20.pdf
34,,,258(A),NAMALA KANTA SARKAR,2,584.0,0.0,8.0,592.0,34_Form20.pdf
34,,,258(A),ALEN SARKAR,0,584.0,0.0,8.0,592.0,34_Form20.pdf
34,,,258(A),Dilip Chandra Ray,0,584.0,0.0,8.0,592.0,34_Form20.pdf
34,,,258(A),SHYAMA SARKAR,2,584.0,0.0,8.0,592.0,34_Form20.pdf
34,,,258(A),SUDHIR SARKAR,8,584.0,0.0,8.0,592.0,34_Form20.pdf
34,,,258(A),SURESH BARMAN,1,584.0,0.0,8.0,592.0,34_Form20.pdf
34,,,259,TAPAN DEB SINGHA,344,607.0,0.0,2.0,609.0,34_Form20.pdf
34,,,259,PRAVASH SARKAR,5,607.0,0.0,2.0,609.0,34_Form20.pdf
34,,,259,SOUMEN ROY,245,607.0,0.0,2.0,609.0,34_Form20.pdf
34,,,259,GOPAL CHUNARY,0,607.0,0.0,2.0,609.0,34_Form20.pdf
34,,,259,NAMALA KANTA SARKAR,0,607.0,0.0,2.0,609.0,34_Form20.pdf
34,,,259,ALEN SARKAR,1,607.0,0.0,2.0,609.0,34_Form20.pdf
34,,,259,Dilip Chandra Ray,4,607.0,0.0,2.0,609.0,34_Form20.pdf
34,,,259,SHYAMA SARKAR,1,607.0,0.0,2.0,609.0,34_Form20.pdf
34,,,259,SUDHIR SARKAR,4,607.0,0.0,2.0,609.0,34_Form20.pdf
34,,,259,SURESH BARMAN,3,607.0,0.0,2.0,609.0,34_Form20.pdf
34,,,259(A),TAPAN DEB SINGHA,133,550.0,0.0,6.0,556.0,34_Form20.pdf
34,,,259(A),PRAVASH SARKAR,12,550.0,0.0,6.0,556.0,34_Form20.pdf
34,,,259(A),SOUMEN ROY,389,550.0,0.0,6.0,556.0,34_Form20.pdf
34,,,259(A),GOPAL CHUNARY,4,550.0,0.0,6.0,556.0,34_Form20.pdf
34,,,259(A),NAMALA KANTA SARKAR,2,550.0,0.0,6.0,556.0,34_Form20.pdf
34,,,259(A),ALEN SARKAR,0,550.0,0.0,6.0,556.0,34_Form20.pdf
34,,,259(A),Dilip Chandra Ray,1,550.0,0.0,6.0,556.0,34_Form20.pdf
34,,,259(A),SHYAMA SARKAR,6,550.0,0.0,6.0,556.0,34_Form20.pdf
34,,,259(A),SUDHIR SARKAR,6,550.0,0.0,6.0,556.0,34_Form20.pdf
34,,,259(A),SURESH BARMAN,2,550.0,0.0,6.0,556.0,34_Form20.pdf
34,,,260,TAPAN DEB SINGHA,88,475.0,0.0,6.0,481.0,34_Form20.pdf
34,,,260,PRAVASH SARKAR,24,475.0,0.0,6.0,481.0,34_Form20.pdf
34,,,260,SOUMEN ROY,352,475.0,0.0,6.0,481.0,34_Form20.pdf
34,,,260,GOPAL CHUNARY,2,475.0,0.0,6.0,481.0,34_Form20.pdf
34,,,260,NAMALA KANTA SARKAR,3,475.0,0.0,6.0,481.0,34_Form20.pdf
34,,,260,ALEN SARKAR,0,475.0,0.0,6.0,481.0,34_Form20.pdf
34,,,260,Dilip Chandra Ray,1,475.0,0.0,6.0,481.0,34_Form20.pdf
34,,,260,SHYAMA SARKAR,1,475.0,0.0,6.0,481.0,34_Form20.pdf
34,,,260,SUDHIR SARKAR,4,475.0,0.0,6.0,481.0,34_Form20.pdf
34,,,260,SURESH BARMAN,0,475.0,0.0,6.0,481.0,34_Form20.pdf
34,,,260(A),TAPAN DEB SINGHA,71,539.0,0.0,4.0,543.0,34_Form20.pdf
34,,,260(A),PRAVASH SARKAR,39,539.0,0.0,4.0,543.0,34_Form20.pdf
34,,,260(A),SOUMEN ROY,408,539.0,0.0,4.0,543.0,34_Form20.pdf
34,,,260(A),GOPAL CHUNARY,5,539.0,0.0,4.0,543.0,34_Form20.pdf
34,,,260(A),NAMALA KANTA SARKAR,4,539.0,0.0,4.0,543.0,34_Form20.pdf
34,,,260(A),ALEN SARKAR,0,539.0,0.0,4.0,543.0,34_Form20.pdf
34,,,260(A),Dilip Chandra Ray,1,539.0,0.0,4.0,543.0,34_Form20.pdf
34,,,260(A),SHYAMA SARKAR,0,539.0,0.0,4.0,543.0,34_Form20.pdf
34,,,260(A),SUDHIR SARKAR,7,539.0,0.0,4.0,543.0,34_Form20.pdf
34,,,260(A),SURESH BARMAN,4,539.0,0.0,4.0,543.0,34_Form20.pdf
34,,,261,TAPAN DEB SINGHA,76,452.0,0.0,11.0,463.0,34_Form20.pdf
34,,,261,PRAVASH SARKAR,23,452.0,0.0,11.0,463.0,34_Form20.pdf
34,,,261,SOUMEN ROY,327,452.0,0.0,11.0,463.0,34_Form20.pdf
34,,,261,GOPAL CHUNARY,0,452.0,0.0,11.0,463.0,34_Form20.pdf
34,,,261,NAMALA KANTA SARKAR,1,452.0,0.0,11.0,463.0,34_Form20.pdf
34,,,261,ALEN SARKAR,2,452.0,0.0,11.0,463.0,34_Form20.pdf
34,,,261,Dilip Chandra Ray,2,452.0,0.0,11.0,463.0,34_Form20.pdf
34,,,261,SHYAMA SARKAR,3,452.0,0.0,11.0,463.0,34_Form20.pdf
34,,,261,SUDHIR SARKAR,13,452.0,0.0,11.0,463.0,34_Form20.pdf
34,,,261,SURESH BARMAN,5,452.0,0.0,11.0,463.0,34_Form20.pdf
34,,,261(A),TAPAN DEB SINGHA,123,569.0,0.0,15.0,584.0,34_Form20.pdf
34,,,261(A),PRAVASH SARKAR,21,569.0,0.0,15.0,584.0,34_Form20.pdf
34,,,261(A),SOUMEN ROY,403,569.0,0.0,15.0,584.0,34_Form20.pdf
34,,,261(A),GOPAL CHUNARY,7,569.0,0.0,15.0,584.0,34_Form20.pdf
34,,,261(A),NAMALA KANTA SARKAR,0,569.0,0.0,15.0,584.0,34_Form20.pdf
34,,,261(A),ALEN SARKAR,1,569.0,0.0,15.0,584.0,34_Form20.pdf
34,,,261(A),Dilip Chandra Ray,1,569.0,0.0,15.0,584.0,34_Form20.pdf
34,,,261(A),SHYAMA SARKAR,1,569.0,0.0,15.0,584.0,34_Form20.pdf
34,,,261(A),SUDHIR SARKAR,8,569.0,0.0,15.0,584.0,34_Form20.pdf
34,,,261(A),SURESH BARMAN,4,569.0,0.0,15.0,584.0,34_Form20.pdf
34,,,262,TAPAN DEB SINGHA,85,633.0,0.0,7.0,640.0,34_Form20.pdf
34,,,262,PRAVASH SARKAR,16,633.0,0.0,7.0,640.0,34_Form20.pdf
34,,,262,SOUMEN ROY,499,633.0,0.0,7.0,640.0,34_Form20.pdf
34,,,262,GOPAL CHUNARY,6,633.0,0.0,7.0,640.0,34_Form20.pdf
34,,,262,NAMALA KANTA SARKAR,8,633.0,0.0,7.0,640.0,34_Form20.pdf
34,,,262,ALEN SARKAR,2,633.0,0.0,7.0,640.0,34_Form20.pdf
34,,,262,Dilip Chandra Ray,0,633.0,0.0,7.0,640.0,34_Form20.pdf
34,,,262,SHYAMA SARKAR,5,633.0,0.0,7.0,640.0,34_Form20.pdf
34,,,262,SUDHIR SARKAR,10,633.0,0.0,7.0,640.0,34_Form20.pdf
34,,,262,SURESH BARMAN,2,633.0,0.0,7.0,640.0,34_Form20.pdf
34,,,262(A),TAPAN DEB SINGHA,83,548.0,0.0,4.0,552.0,34_Form20.pdf
34,,,262(A),PRAVASH SARKAR,26,548.0,0.0,4.0,552.0,34_Form20.pdf
34,,,262(A),SOUMEN ROY,425,548.0,0.0,4.0,552.0,34_Form20.pdf
34,,,262(A),GOPAL CHUNARY,7,548.0,0.0,4.0,552.0,34_Form20.pdf
34,,,262(A),NAMALA KANTA SARKAR,1,548.0,0.0,4.0,552.0,34_Form20.pdf
34,,,262(A),ALEN SARKAR,0,548.0,0.0,4.0,552.0,34_Form20.pdf
34,,,262(A),Dilip Chandra Ray,1,548.0,0.0,4.0,552.0,34_Form20.pdf
34,,,262(A),SHYAMA SARKAR,2,548.0,0.0,4.0,552.0,34_Form20.pdf
34,,,262(A),SUDHIR SARKAR,2,548.0,0.0,4.0,552.0,34_Form20.pdf
34,,,262(A),SURESH BARMAN,3,548.0,0.0,4.0,552.0,34_Form20.pdf
34,,,263,TAPAN DEB SINGHA,139,801.0,0.0,7.0,808.0,34_Form20.pdf
34,,,263,PRAVASH SARKAR,114,801.0,0.0,7.0,808.0,34_Form20.pdf
34,,,263,SOUMEN ROY,527,801.0,0.0,7.0,808.0,34_Form20.pdf
34,,,263,GOPAL CHUNARY,1,801.0,0.0,7.0,808.0,34_Form20.pdf
34,,,263,NAMALA KANTA SARKAR,3,801.0,0.0,7.0,808.0,34_Form20.pdf
34,,,263,ALEN SARKAR,1,801.0,0.0,7.0,808.0,34_Form20.pdf
34,,,263,Dilip Chandra Ray,3,801.0,0.0,7.0,808.0,34_Form20.pdf
34,,,263,SHYAMA SARKAR,2,801.0,0.0,7.0,808.0,34_Form20.pdf
34,,,263,SUDHIR SARKAR,3,801.0,0.0,7.0,808.0,34_Form20.pdf
34,,,263,SURESH BARMAN,8,801.0,0.0,7.0,808.0,34_Form20.pdf
34,,,264,TAPAN DEB SINGHA,728,781.0,0.0,15.0,796.0,34_Form20.pdf
34,,,264,PRAVASH SARKAR,17,781.0,0.0,15.0,796.0,34_Form20.pdf
34,,,264,SOUMEN ROY,23,781.0,0.0,15.0,796.0,34_Form20.pdf
34,,,264,GOPAL CHUNARY,3,781.0,0.0,15.0,796.0,34_Form20.pdf
34,,,264,NAMALA KANTA SARKAR,1,781.0,0.0,15.0,796.0,34_Form20.pdf
34,,,264,ALEN SARKAR,1,781.0,0.0,15.0,796.0,34_Form20.pdf
34,,,264,Dilip Chandra Ray,1,781.0,0.0,15.0,796.0,34_Form20.pdf
34,,,264,SHYAMA SARKAR,1,781.0,0.0,15.0,796.0,34_Form20.pdf
34,,,264,SUDHIR SARKAR,2,781.0,0.0,15.0,796.0,34_Form20.pdf
34,,,264,SURESH BARMAN,4,781.0,0.0,15.0,796.0,34_Form20.pdf
34,,,265,TAPAN DEB SINGHA,145,488.0,0.0,3.0,491.0,34_Form20.pdf
34,,,265,PRAVASH SARKAR,5,488.0,0.0,3.0,491.0,34_Form20.pdf
34,,,265,SOUMEN ROY,322,488.0,0.0,3.0,491.0,34_Form20.pdf
34,,,265,GOPAL CHUNARY,4,488.0,0.0,3.0,491.0,34_Form20.pdf
34,,,265,NAMALA KANTA SARKAR,0,488.0,0.0,3.0,491.0,34_Form20.pdf
34,,,265,ALEN SARKAR,1,488.0,0.0,3.0,491.0,34_Form20.pdf
34,,,265,Dilip Chandra Ray,1,488.0,0.0,3.0,491.0,34_Form20.pdf
34,,,265,SHYAMA SARKAR,0,488.0,0.0,3.0,491.0,34_Form20.pdf
34,,,265,SUDHIR SARKAR,9,488.0,0.0,3.0,491.0,34_Form20.pdf
34,,,265,SURESH BARMAN,1,488.0,0.0,3.0,491.0,34_Form20.pdf
34,,,265(A),TAPAN DEB SINGHA,327,473.0,0.0,4.0,477.0,34_Form20.pdf
34,,,265(A),PRAVASH SARKAR,0,473.0,0.0,4.0,477.0,34_Form20.pdf
34,,,265(A),SOUMEN ROY,139,473.0,0.0,4.0,477.0,34_Form20.pdf
34,,,265(A),GOPAL CHUNARY,1,473.0,0.0,4.0,477.0,34_Form20.pdf
34,,,265(A),NAMALA KANTA SARKAR,0,473.0,0.0,4.0,477.0,34_Form20.pdf
34,,,265(A),ALEN SARKAR,1,473.0,0.0,4.0,477.0,34_Form20.pdf
34,,,265(A),Dilip Chandra Ray,2,473.0,0.0,4.0,477.0,34_Form20.pdf
34,,,265(A),SHYAMA SARKAR,1,473.0,0.0,4.0,477.0,34_Form20.pdf
34,,,265(A),SUDHIR SARKAR,2,473.0,0.0,4.0,477.0,34_Form20.pdf
34,,,265(A),SURESH BARMAN,0,473.0,0.0,4.0,477.0,34_Form20.pdf
34,,,266,TAPAN DEB SINGHA,239,464.0,0.0,9.0,473.0,34_Form20.pdf
34,,,266,PRAVASH SARKAR,21,464.0,0.0,9.0,473.0,34_Form20.pdf
34,,,266,SOUMEN ROY,187,464.0,0.0,9.0,473.0,34_Form20.pdf
34,,,266,GOPAL CHUNARY,3,464.0,0.0,9.0,473.0,34_Form20.pdf
34,,,266,NAMALA KANTA SARKAR,1,464.0,0.0,9.0,473.0,34_Form20.pdf
34,,,266,ALEN SARKAR,1,464.0,0.0,9.0,473.0,34_Form20.pdf
34,,,266,Dilip Chandra Ray,2,464.0,0.0,9.0,473.0,34_Form20.pdf
34,,,266,SHYAMA SARKAR,2,464.0,0.0,9.0,473.0,34_Form20.pdf
34,,,266,SUDHIR SARKAR,7,464.0,0.0,9.0,473.0,34_Form20.pdf
34,,,266,SURESH BARMAN,0,464.0,0.0,9.0,473.0,34_Form20.pdf
34,,,266(A),TAPAN DEB SINGHA,64,493.0,0.0,2.0,495.0,34_Form20.pdf
34,,,266(A),PRAVASH SARKAR,22,493.0,0.0,2.0,495.0,34_Form20.pdf
34,,,266(A),SOUMEN ROY,385,493.0,0.0,2.0,495.0,34_Form20.pdf
34,,,266(A),GOPAL CHUNARY,2,493.0,0.0,2.0,495.0,34_Form20.pdf
34,,,266(A),NAMALA KANTA SARKAR,2,493.0,0.0,2.0,495.0,34_Form20.pdf
34,,,266(A),ALEN SARKAR,1,493.0,0.0,2.0,495.0,34_Form20.pdf
34,,,266(A),Dilip Chandra Ray,0,493.0,0.0,2.0,495.0,34_Form20.pdf
34,,,266(A),SHYAMA SARKAR,1,493.0,0.0,2.0,495.0,34_Form20.pdf
34,,,266(A),SUDHIR SARKAR,12,493.0,0.0,2.0,495.0,34_Form20.pdf
34,,,266(A),SURESH BARMAN,4,493.0,0.0,2.0,495.0,34_Form20.pdf
34,,,267,TAPAN DEB SINGHA,386,438.0,0.0,11.0,449.0,34_Form20.pdf
34,,,267,PRAVASH SARKAR,41,438.0,0.0,11.0,449.0,34_Form20.pdf
34,,,267,SOUMEN ROY,6,438.0,0.0,11.0,449.0,34_Form20.pdf
34,,,267,GOPAL CHUNARY,0,438.0,0.0,11.0,449.0,34_Form20.pdf
34,,,267,NAMALA KANTA SARKAR,1,438.0,0.0,11.0,449.0,34_Form20.pdf
34,,,267,ALEN SARKAR,0,438.0,0.0,11.0,449.0,34_Form20.pdf
34,,,267,Dilip Chandra Ray,0,438.0,0.0,11.0,449.0,34_Form20.pdf
34,,,267,SHYAMA SARKAR,1,438.0,0.0,11.0,449.0,34_Form20.pdf
34,,,267,SUDHIR SARKAR,2,438.0,0.0,11.0,449.0,34_Form20.pdf
34,,,267,SURESH BARMAN,1,438.0,0.0,11.0,449.0,34_Form20.pdf
34,,,267(A),TAPAN DEB SINGHA,370,485.0,0.0,7.0,492.0,34_Form20.pdf
34,,,267(A),PRAVASH SARKAR,21,485.0,0.0,7.0,492.0,34_Form20.pdf
34,,,267(A),SOUMEN ROY,88,485.0,0.0,7.0,492.0,34_Form20.pdf
34,,,267(A),GOPAL CHUNARY,0,485.0,0.0,7.0,492.0,34_Form20.pdf
34,,,267(A),NAMALA KANTA SARKAR,0,485.0,0.0,7.0,492.0,34_Form20.pdf
34,,,267(A),ALEN SARKAR,1,485.0,0.0,7.0,492.0,34_Form20.pdf
34,,,267(A),Dilip Chandra Ray,0,485.0,0.0,7.0,492.0,34_Form20.pdf
34,,,267(A),SHYAMA SARKAR,0,485.0,0.0,7.0,492.0,34_Form20.pdf
34,,,267(A),SUDHIR SARKAR,2,485.0,0.0,7.0,492.0,34_Form20.pdf
34,,,267(A),SURESH BARMAN,3,485.0,0.0,7.0,492.0,34_Form20.pdf
34,,,268,TAPAN DEB SINGHA,84,431.0,0.0,5.0,436.0,34_Form20.pdf
34,,,268,PRAVASH SARKAR,37,431.0,0.0,5.0,436.0,34_Form20.pdf
34,,,268,SOUMEN ROY,303,431.0,0.0,5.0,436.0,34_Form20.pdf
34,,,268,GOPAL CHUNARY,1,431.0,0.0,5.0,436.0,34_Form20.pdf
34,,,268,NAMALA KANTA SARKAR,0,431.0,0.0,5.0,436.0,34_Form20.pdf
34,,,268,ALEN SARKAR,1,431.0,0.0,5.0,436.0,34_Form20.pdf
34,,,268,Dilip Chandra Ray,0,431.0,0.0,5.0,436.0,34_Form20.pdf
34,,,268,SHYAMA SARKAR,0,431.0,0.0,5.0,436.0,34_Form20.pdf
34,,,268,SUDHIR SARKAR,4,431.0,0.0,5.0,436.0,34_Form20.pdf
34,,,268,SURESH BARMAN,1,431.0,0.0,5.0,436.0,34_Form20.pdf
34,,,268(A),TAPAN DEB SINGHA,104,494.0,0.0,10.0,504.0,34_Form20.pdf
34,,,268(A),PRAVASH SARKAR,35,494.0,0.0,10.0,504.0,34_Form20.pdf
34,,,268(A),SOUMEN ROY,339,494.0,0.0,10.0,504.0,34_Form20.pdf
34,,,268(A),GOPAL CHUNARY,4,494.0,0.0,10.0,504.0,34_Form20.pdf
34,,,268(A),NAMALA KANTA SARKAR,1,494.0,0.0,10.0,504.0,34_Form20.pdf
34,,,268(A),ALEN SARKAR,1,494.0,0.0,10.0,504.0,34_Form20.pdf
34,,,268(A),Dilip Chandra Ray,1,494.0,0.0,10.0,504.0,34_Form20.pdf
34,,,268(A),SHYAMA SARKAR,2,494.0,0.0,10.0,504.0,34_Form20.pdf
34,,,268(A),SUDHIR SARKAR,7,494.0,0.0,10.0,504.0,34_Form20.pdf
34,,,268(A),SURESH BARMAN,0,494.0,0.0,10.0,504.0,34_Form20.pdf
34,,,269,TAPAN DEB SINGHA,204,670.0,0.0,13.0,683.0,34_Form20.pdf
34,,,269,PRAVASH SARKAR,19,670.0,0.0,13.0,683.0,34_Form20.pdf
34,,,269,SOUMEN ROY,427,670.0,0.0,13.0,683.0,34_Form20.pdf
34,,,269,GOPAL CHUNARY,3,670.0,0.0,13.0,683.0,34_Form20.pdf
34,,,269,NAMALA KANTA SARKAR,1,670.0,0.0,13.0,683.0,34_Form20.pdf
34,,,269,ALEN SARKAR,0,670.0,0.0,13.0,683.0,34_Form20.pdf
34,,,269,Dilip Chandra Ray,3,670.0,0.0,13.0,683.0,34_Form20.pdf
34,,,269,SHYAMA SARKAR,1,670.0,0.0,13.0,683.0,34_Form20.pdf
34,,,269,SUDHIR SARKAR,10,670.0,0.0,13.0,683.0,34_Form20.pdf
34,,,269,SURESH BARMAN,2,670.0,0.0,13.0,683.0,34_Form20.pdf
34,,,270,TAPAN DEB SINGHA,193,822.0,0.0,9.0,831.0,34_Form20.pdf
34,,,270,PRAVASH SARKAR,46,822.0,0.0,9.0,831.0,34_Form20.pdf
34,,,270,SOUMEN ROY,549,822.0,0.0,9.0,831.0,34_Form20.pdf
34,,,270,GOPAL CHUNARY,3,822.0,0.0,9.0,831.0,34_Form20.pdf
34,,,270,NAMALA KANTA SARKAR,2,822.0,0.0,9.0,831.0,34_Form20.pdf
34,,,270,ALEN SARKAR,0,822.0,0.0,9.0,831.0,34_Form20.pdf
34,,,270,Dilip Chandra Ray,5,822.0,0.0,9.0,831.0,34_Form20.pdf
34,,,270,SHYAMA SARKAR,6,822.0,0.0,9.0,831.0,34_Form20.pdf
34,,,270,SUDHIR SARKAR,14,822.0,0.0,9.0,831.0,34_Form20.pdf
34,,,270,SURESH BARMAN,4,822.0,0.0,9.0,831.0,34_Form20.pdf
34,,,271,TAPAN DEB SINGHA,164,451.0,0.0,11.0,462.0,34_Form20.pdf
34,,,271,PRAVASH SARKAR,27,451.0,0.0,11.0,462.0,34_Form20.pdf
34,,,271,SOUMEN ROY,254,451.0,0.0,11.0,462.0,34_Form20.pdf
34,,,271,GOPAL CHUNARY,1,451.0,0.0,11.0,462.0,34_Form20.pdf
34,,,271,NAMALA KANTA SARKAR,0,451.0,0.0,11.0,462.0,34_Form20.pdf
34,,,271,ALEN SARKAR,0,451.0,0.0,11.0,462.0,34_Form20.pdf
34,,,271,Dilip Chandra Ray,2,451.0,0.0,11.0,462.0,34_Form20.pdf
34,,,271,SHYAMA SARKAR,1,451.0,0.0,11.0,462.0,34_Form20.pdf
34,,,271,SUDHIR SARKAR,1,451.0,0.0,11.0,462.0,34_Form20.pdf
34,,,271,SURESH BARMAN,1,451.0,0.0,11.0,462.0,34_Form20.pdf
34,,,271(A),TAPAN DEB SINGHA,95,528.0,0.0,5.0,533.0,34_Form20.pdf
34,,,271(A),PRAVASH SARKAR,32,528.0,0.0,5.0,533.0,34_Form20.pdf
34,,,271(A),SOUMEN ROY,375,528.0,0.0,5.0,533.0,34_Form20.pdf
34,,,271(A),GOPAL CHUNARY,0,528.0,0.0,5.0,533.0,34_Form20.pdf
34,,,271(A),NAMALA KANTA SARKAR,2,528.0,0.0,5.0,533.0,34_Form20.pdf
34,,,271(A),ALEN SARKAR,0,528.0,0.0,5.0,533.0,34_Form20.pdf
34,,,271(A),Dilip Chandra Ray,1,528.0,0.0,5.0,533.0,34_Form20.pdf
34,,,271(A),SHYAMA SARKAR,4,528.0,0.0,5.0,533.0,34_Form20.pdf
34,,,271(A),SUDHIR SARKAR,12,528.0,0.0,5.0,533.0,34_Form20.pdf
34,,,271(A),SURESH BARMAN,7,528.0,0.0,5.0,533.0,34_Form20.pdf
43,,,1,JOYEL MURMU,244,414.0,0.0,6.0,420.0,43_Form20.pdf
43,,,1,THAKUR TUDU,139,414.0,0.0,6.0,420.0,43_Form20.pdf
43,,,1,PRODIP BASKEY,14,414.0,0.0,6.0,420.0,43_Form20.pdf
43,,,1,KISKU,3,414.0,0.0,6.0,420.0,43_Form20.pdf
43,,,1,NIRMAL KISKU,2,414.0,0.0,6.0,420.0,43_Form20.pdf
43,,,1,BABURAM BISWANATH,0,414.0,0.0,6.0,420.0,43_Form20.pdf
43,,,1,MARDI,0,414.0,0.0,6.0,420.0,43_Form20.pdf
43,,,1,NUMAL PROVATH KISKU,1,414.0,0.0,6.0,420.0,43_Form20.pdf
43,,,1,SOREN,0,414.0,0.0,6.0,420.0,43_Form20.pdf
43,,,1(A),JOYEL MURMU,239,419.0,0.0,3.0,422.0,43_Form20.pdf
43,,,1(A),THAKUR TUDU,108,419.0,0.0,3.0,422.0,43_Form20.pdf
43,,,1(A),PRODIP BASKEY,28,419.0,0.0,3.0,422.0,43_Form20.pdf
43,,,1(A),KISKU,1,419.0,0.0,3.0,422.0,43_Form20.pdf
43,,,1(A),NIRMAL KISKU,1,419.0,0.0,3.0,422.0,43_Form20.pdf
43,,,1(A),BABURAM BISWANATH,2,419.0,0.0,3.0,422.0,43_Form20.pdf
43,,,1(A),MARDI,0,419.0,0.0,3.0,422.0,43_Form20.pdf
43,,,1(A),NUMAL PROVATH KISKU,2,419.0,0.0,3.0,422.0,43_Form20.pdf
43,,,1(A),SOREN,1,419.0,0.0,3.0,422.0,43_Form20.pdf
43,,,2,JOYEL MURMU,493,764.0,0.0,7.0,771.0,43_Form20.pdf
43,,,2,THAKUR TUDU,208,764.0,0.0,7.0,771.0,43_Form20.pdf
43,,,2,PRODIP BASKEY,40,764.0,0.0,7.0,771.0,43_Form20.pdf
43,,,2,KISKU,3,764.0,0.0,7.0,771.0,43_Form20.pdf
43,,,2,NIRMAL KISKU,5,764.0,0.0,7.0,771.0,43_Form20.pdf
43,,,2,BABURAM BISWANATH,0,764.0,0.0,7.0,771.0,43_Form20.pdf
43,,,2,MARDI,2,764.0,0.0,7.0,771.0,43_Form20.pdf
43,,,2,NUMAL PROVATH KISKU,3,764.0,0.0,7.0,771.0,43_Form20.pdf
43,,,2,SOREN,0,764.0,0.0,7.0,771.0,43_Form20.pdf
43,,,3,JOYEL MURMU,293,482.0,0.0,3.0,485.0,43_Form20.pdf
43,,,3,THAKUR TUDU,147,482.0,0.0,3.0,485.0,43_Form20.pdf
43,,,3,PRODIP BASKEY,21,482.0,0.0,3.0,485.0,43_Form20.pdf
43,,,3,KISKU,6,482.0,0.0,3.0,485.0,43_Form20.pdf
43,,,3,NIRMAL KISKU,4,482.0,0.0,3.0,485.0,43_Form20.pdf
43,,,3,BABURAM BISWANATH,1,482.0,0.0,3.0,485.0,43_Form20.pdf
43,,,3,MARDI,0,482.0,0.0,3.0,485.0,43_Form20.pdf
43,,,3,NUMAL PROVATH KISKU,6,482.0,0.0,3.0,485.0,43_Form20.pdf
43,,,3,SOREN,0,482.0,0.0,3.0,485.0,43_Form20.pdf
43,,,4,JOYEL MURMU,296,461.0,0.0,1.0,462.0,43_Form20.pdf
43,,,4,THAKUR TUDU,135,461.0,0.0,1.0,462.0,43_Form20.pdf
43,,,4,PRODIP BASKEY,40,461.0,0.0,1.0,462.0,43_Form20.pdf
43,,,4,KISKU,4,461.0,0.0,1.0,462.0,43_Form20.pdf
43,,,4,NIRMAL KISKU,4,461.0,0.0,1.0,462.0,43_Form20.pdf
43,,,4,BABURAM BISWANATH,4,461.0,0.0,1.0,462.0,43_Form20.pdf
43,,,4,MARDI,1,461.0,0.0,1.0,462.0,43_Form20.pdf
43,,,4,NUMAL PROVATH KISKU,3,461.0,0.0,1.0,462.0,43_Form20.pdf
43,,,4,SOREN,1,461.0,0.0,1.0,462.0,43_Form20.pdf
43,,,4(A),JOYEL MURMU,147,436.0,1.0,5.0,442.0,43_Form20.pdf
43,,,4(A),THAKUR TUDU,18,436.0,1.0,5.0,442.0,43_Form20.pdf
43,,,4(A),PRODIP BASKEY,296,436.0,1.0,5.0,442.0,43_Form20.pdf
43,,,4(A),KISKU,3,436.0,1.0,5.0,442.0,43_Form20.pdf
43,,,4(A),NIRMAL KISKU,8,436.0,1.0,5.0,442.0,43_Form20.pdf
43,,,4(A),BABURAM BISWANATH,2,436.0,1.0,5.0,442.0,43_Form20.pdf
43,,,4(A),MARDI,0,436.0,1.0,5.0,442.0,43_Form20.pdf
43,,,4(A),NUMAL PROVATH KISKU,4,436.0,1.0,5.0,442.0,43_Form20.pdf
43,,,4(A),SOREN,1,436.0,1.0,5.0,442.0,43_Form20.pdf
43,,,5,JOYEL MURMU,270,529.0,0.0,5.0,534.0,43_Form20.pdf
43,,,5,THAKUR TUDU,15,529.0,0.0,5.0,534.0,43_Form20.pdf
43,,,5,PRODIP BASKEY,232,529.0,0.0,5.0,534.0,43_Form20.pdf
43,,,5,KISKU,4,529.0,0.0,5.0,534.0,43_Form20.pdf
43,,,5,NIRMAL KISKU,1,529.0,0.0,5.0,534.0,43_Form20.pdf
43,,,5,BABURAM BISWANATH,0,529.0,0.0,5.0,534.0,43_Form20.pdf
43,,,5,MARDI,4,529.0,0.0,5.0,534.0,43_Form20.pdf
43,,,5,NUMAL PROVATH KISKU,1,529.0,0.0,5.0,534.0,43_Form20.pdf
43,,,5,SOREN,1,529.0,0.0,5.0,534.0,43_Form20.pdf
43,,,5(A),JOYEL MURMU,0,,,,,43_Form20.pdf
43,,,5(A),THAKUR TUDU,0,,,,,43_Form20.pdf
43,,,5(A),PRODIP BASKEY,0,,,,,43_Form20.pdf
43,,,5(A),KISKU,10,,,,,43_Form20.pdf
43,,,5(A),NIRMAL KISKU,0,,,,,43_Form20.pdf
43,,,5(A),BABURAM BISWANATH,0,,,,,43_Form20.pdf
43,,,5(A),MARDI,0,,,,,43_Form20.pdf
43,,,5(A),NUMAL PROVATH KISKU,0,,,,,43_Form20.pdf
43,,,5(A),SOREN,0,,,,,43_Form20.pdf
43,,,6,JOYEL MURMU,159,552.0,1.0,0.0,553.0,43_Form20.pdf
43,,,6,THAKUR TUDU,29,552.0,1.0,0.0,553.0,43_Form20.pdf
43,,,6,PRODIP BASKEY,221,552.0,1.0,0.0,553.0,43_Form20.pdf
43,,,6,KISKU,2,552.0,1.0,0.0,553.0,43_Form20.pdf
43,,,6,NIRMAL KISKU,10,552.0,1.0,0.0,553.0,43_Form20.pdf
43,,,6,BABURAM BISWANATH,0,552.0,1.0,0.0,553.0,43_Form20.pdf
43,,,6,MARDI,0,552.0,1.0,0.0,553.0,43_Form20.pdf
43,,,6,NUMAL PROVATH KISKU,2,552.0,1.0,0.0,553.0,43_Form20.pdf
43,,,6,SOREN,4,552.0,1.0,0.0,553.0,43_Form20.pdf
43,,,7,JOYEL MURMU,312,,,,,43_Form20.pdf
43,,,7,THAKUR TUDU,8,,,,,43_Form20.pdf
43,,,7,PRODIP BASKEY,241,,,,,43_Form20.pdf
43,,,7,KISKU,3,,,,,43_Form20.pdf
43,,,7,NIRMAL KISKU,6,,,,,43_Form20.pdf
43,,,7,BABURAM BISWANATH,27,,,,,43_Form20.pdf
43,,,7,MARDI,1,,,,,43_Form20.pdf
43,,,7,NUMAL PROVATH KISKU,1,,,,,43_Form20.pdf
43,,,7,SOREN,2,,,,,43_Form20.pdf
43,,,7(A),JOYEL MURMU,8,,,,,43_Form20.pdf
43,,,7(A),THAKUR TUDU,15,,,,,43_Form20.pdf
43,,,7(A),PRODIP BASKEY,92,,,,,43_Form20.pdf
43,,,7(A),KISKU,4,,,,,43_Form20.pdf
43,,,7(A),NIRMAL KISKU,3,,,,,43_Form20.pdf
43,,,7(A),BABURAM BISWANATH,0,,,,,43_Form20.pdf
43,,,7(A),MARDI,3,,,,,43_Form20.pdf
43,,,7(A),NUMAL PROVATH KISKU,2,,,,,43_Form20.pdf
43,,,7(A),SOREN,6,,,,,43_Form20.pdf
43,,,8,JOYEL MURMU,613,713.0,3.0,0.0,716.0,43_Form20.pdf
43,,,8,THAKUR TUDU,7,713.0,3.0,0.0,716.0,43_Form20.pdf
43,,,8,PRODIP BASKEY,135,713.0,3.0,0.0,716.0,43_Form20.pdf
43,,,8,KISKU,5,713.0,3.0,0.0,716.0,43_Form20.pdf
43,,,8,NIRMAL KISKU,4,713.0,3.0,0.0,716.0,43_Form20.pdf
43,,,8,BABURAM BISWANATH,3,713.0,3.0,0.0,716.0,43_Form20.pdf
43,,,8,MARDI,0,713.0,3.0,0.0,716.0,43_Form20.pdf
43,,,8,NUMAL PROVATH KISKU,1,713.0,3.0,0.0,716.0,43_Form20.pdf
43,,,8,SOREN,2,713.0,3.0,0.0,716.0,43_Form20.pdf
43,,,9,JOYEL MURMU,599,732.0,0.0,6.0,738.0,43_Form20.pdf
43,,,9,THAKUR TUDU,15,732.0,0.0,6.0,738.0,43_Form20.pdf
43,,,9,PRODIP BASKEY,54,732.0,0.0,6.0,738.0,43_Form20.pdf
43,,,9,KISKU,3,732.0,0.0,6.0,738.0,43_Form20.pdf
43,,,9,NIRMAL KISKU,5,732.0,0.0,6.0,738.0,43_Form20.pdf
43,,,9,BABURAM BISWANATH,0,732.0,0.0,6.0,738.0,43_Form20.pdf
43,,,9,MARDI,1,732.0,0.0,6.0,738.0,43_Form20.pdf
43,,,9,NUMAL PROVATH KISKU,1,732.0,0.0,6.0,738.0,43_Form20.pdf
43,,,9,SOREN,3,732.0,0.0,6.0,738.0,43_Form20.pdf
43,,,10,JOYEL MURMU,297,484.0,3.0,0.0,487.0,43_Form20.pdf
43,,,10,THAKUR TUDU,7,484.0,3.0,0.0,487.0,43_Form20.pdf
43,,,10,PRODIP BASKEY,404,484.0,3.0,0.0,487.0,43_Form20.pdf
43,,,10,KISKU,3,484.0,3.0,0.0,487.0,43_Form20.pdf
43,,,10,NIRMAL KISKU,7,484.0,3.0,0.0,487.0,43_Form20.pdf
43,,,10,BABURAM BISWANATH,0,484.0,3.0,0.0,487.0,43_Form20.pdf
43,,,10,MARDI,0,484.0,3.0,0.0,487.0,43_Form20.pdf
43,,,10,NUMAL PROVATH KISKU,4,484.0,3.0,0.0,487.0,43_Form20.pdf
43,,,10,SOREN,1,484.0,3.0,0.0,487.0,43_Form20.pdf
43,,,11,JOYEL MURMU,493,,,,,43_Form20.pdf
43,,,11,THAKUR TUDU,16,,,,,43_Form20.pdf
43,,,11,PRODIP BASKEY,145,,,,,43_Form20.pdf
43,,,11,KISKU,5,,,,,43_Form20.pdf
43,,,11,NIRMAL KISKU,3,,,,,43_Form20.pdf
43,,,11,BABURAM BISWANATH,0,,,,,43_Form20.pdf
43,,,11,MARDI,3,,,,,43_Form20.pdf
43,,,11,NUMAL PROVATH KISKU,0,,,,,43_Form20.pdf
43,,,11,SOREN,3,,,,,43_Form20.pdf
43,,,12,JOYEL MURMU,232,353.0,3.0,0.0,356.0,43_Form20.pdf
43,,,12,THAKUR TUDU,101,353.0,3.0,0.0,356.0,43_Form20.pdf
43,,,12,PRODIP BASKEY,104,353.0,3.0,0.0,356.0,43_Form20.pdf
43,,,12,KISKU,3,353.0,3.0,0.0,356.0,43_Form20.pdf
43,,,12,NIRMAL KISKU,2,353.0,3.0,0.0,356.0,43_Form20.pdf
43,,,12,BABURAM BISWANATH,0,353.0,3.0,0.0,356.0,43_Form20.pdf
43,,,12,MARDI,0,353.0,3.0,0.0,356.0,43_Form20.pdf
43,,,12,NUMAL PROVATH KISKU,5,353.0,3.0,0.0,356.0,43_Form20.pdf
43,,,12,SOREN,1,353.0,3.0,0.0,356.0,43_Form20.pdf
43,,,13,JOYEL MURMU,353,481.0,4.0,0.0,485.0,43_Form20.pdf
43,,,13,THAKUR TUDU,11,481.0,4.0,0.0,485.0,43_Form20.pdf
43,,,13,PRODIP BASKEY,158,481.0,4.0,0.0,485.0,43_Form20.pdf
43,,,13,KISKU,3,481.0,4.0,0.0,485.0,43_Form20.pdf
43,,,13,NIRMAL KISKU,7,481.0,4.0,0.0,485.0,43_Form20.pdf
43,,,13,BABURAM BISWANATH,0,481.0,4.0,0.0,485.0,43_Form20.pdf
43,,,13,MARDI,1,481.0,4.0,0.0,485.0,43_Form20.pdf
43,,,13,NUMAL PROVATH KISKU,1,481.0,4.0,0.0,485.0,43_Form20.pdf
43,,,13,SOREN,1,481.0,4.0,0.0,485.0,43_Form20.pdf
43,,,13(A),JOYEL MURMU,676,,,,,43_Form20.pdf
43,,,13(A),THAKUR TUDU,273,,,,,43_Form20.pdf
43,,,13(A),PRODIP BASKEY,24,,,,,43_Form20.pdf
43,,,13(A),KISKU,5,,,,,43_Form20.pdf
43,,,13(A),NIRMAL KISKU,5,,,,,43_Form20.pdf
43,,,13(A),BABURAM BISWANATH,0,,,,,43_Form20.pdf
43,,,13(A),MARDI,0,,,,,43_Form20.pdf
43,,,13(A),NUMAL PROVATH KISKU,4,,,,,43_Form20.pdf
43,,,13(A),SOREN,5,,,,,43_Form20.pdf
43,,,14,JOYEL MURMU,155,878.0,0.0,6.0,884.0,43_Form20.pdf
43,,,14,THAKUR TUDU,5,878.0,0.0,6.0,884.0,43_Form20.pdf
43,,,14,PRODIP BASKEY,273,878.0,0.0,6.0,884.0,43_Form20.pdf
43,,,14,KISKU,4,878.0,0.0,6.0,884.0,43_Form20.pdf
43,,,14,NIRMAL KISKU,1,878.0,0.0,6.0,884.0,43_Form20.pdf
43,,,14,BABURAM BISWANATH,0,878.0,0.0,6.0,884.0,43_Form20.pdf
43,,,14,MARDI,1,878.0,0.0,6.0,884.0,43_Form20.pdf
43,,,14,NUMAL PROVATH KISKU,5,878.0,0.0,6.0,884.0,43_Form20.pdf
43,,,14,SOREN,4,878.0,0.0,6.0,884.0,43_Form20.pdf
43,,,15,JOYEL MURMU,343,600.0,0.0,5.0,605.0,43_Form20.pdf
43,,,15,THAKUR TUDU,41,600.0,0.0,5.0,605.0,43_Form20.pdf
43,,,15,PRODIP BASKEY,205,600.0,0.0,5.0,605.0,43_Form20.pdf
43,,,15,KISKU,2,600.0,0.0,5.0,605.0,43_Form20.pdf
43,,,15,NIRMAL KISKU,4,600.0,0.0,5.0,605.0,43_Form20.pdf
43,,,15,BABURAM BISWANATH,0,600.0,0.0,5.0,605.0,43_Form20.pdf
43,,,15,MARDI,0,600.0,0.0,5.0,605.0,43_Form20.pdf
43,,,15,NUMAL PROVATH KISKU,2,600.0,0.0,5.0,605.0,43_Form20.pdf
43,,,15,SOREN,5,600.0,0.0,5.0,605.0,43_Form20.pdf
43,,,15(A),JOYEL MURMU,228,546.0,0.0,5.0,551.0,43_Form20.pdf
43,,,15(A),THAKUR TUDU,80,546.0,0.0,5.0,551.0,43_Form20.pdf
43,,,15(A),PRODIP BASKEY,221,546.0,0.0,5.0,551.0,43_Form20.pdf
43,,,15(A),KISKU,2,546.0,0.0,5.0,551.0,43_Form20.pdf
43,,,15(A),NIRMAL KISKU,8,546.0,0.0,5.0,551.0,43_Form20.pdf
43,,,15(A),BABURAM BISWANATH,1,546.0,0.0,5.0,551.0,43_Form20.pdf
43,,,15(A),MARDI,0,546.0,0.0,5.0,551.0,43_Form20.pdf
43,,,15(A),NUMAL PROVATH KISKU,1,546.0,0.0,5.0,551.0,43_Form20.pdf
43,,,15(A),SOREN,2,546.0,0.0,5.0,551.0,43_Form20.pdf
43,,,16,JOYEL MURMU,422,540.0,0.0,9.0,549.0,43_Form20.pdf
43,,,16,THAKUR TUDU,20,540.0,0.0,9.0,549.0,43_Form20.pdf
43,,,16,PRODIP BASKEY,86,540.0,0.0,9.0,549.0,43_Form20.pdf
43,,,16,KISKU,3,540.0,0.0,9.0,549.0,43_Form20.pdf
43,,,16,NIRMAL KISKU,6,540.0,0.0,9.0,549.0,43_Form20.pdf
43,,,16,BABURAM BISWANATH,0,540.0,0.0,9.0,549.0,43_Form20.pdf
43,,,16,MARDI,0,540.0,0.0,9.0,549.0,43_Form20.pdf
43,,,16,NUMAL PROVATH KISKU,1,540.0,0.0,9.0,549.0,43_Form20.pdf
43,,,16,SOREN,4,540.0,0.0,9.0,549.0,43_Form20.pdf
43,,,16(A),JOYEL MURMU,440,469.0,0.0,7.0,476.0,43_Form20.pdf
43,,,16(A),THAKUR TUDU,17,469.0,0.0,7.0,476.0,43_Form20.pdf
43,,,16(A),PRODIP BASKEY,64,469.0,0.0,7.0,476.0,43_Form20.pdf
43,,,16(A),KISKU,2,469.0,0.0,7.0,476.0,43_Form20.pdf
43,,,16(A),NIRMAL KISKU,4,469.0,0.0,7.0,476.0,43_Form20.pdf
43,,,16(A),BABURAM BISWANATH,0,469.0,0.0,7.0,476.0,43_Form20.pdf
43,,,16(A),MARDI,0,469.0,0.0,7.0,476.0,43_Form20.pdf
43,,,16(A),NUMAL PROVATH KISKU,0,469.0,0.0,7.0,476.0,43_Form20.pdf
43,,,16(A),SOREN,1,469.0,0.0,7.0,476.0,43_Form20.pdf
43,,,17,JOYEL MURMU,221,495.0,0.0,6.0,501.0,43_Form20.pdf
43,,,17,THAKUR TUDU,11,495.0,0.0,6.0,501.0,43_Form20.pdf
43,,,17,PRODIP BASKEY,221,495.0,0.0,6.0,501.0,43_Form20.pdf
43,,,17,KISKU,3,495.0,0.0,6.0,501.0,43_Form20.pdf
43,,,17,NIRMAL KISKU,3,495.0,0.0,6.0,501.0,43_Form20.pdf
43,,,17,BABURAM BISWANATH,0,495.0,0.0,6.0,501.0,43_Form20.pdf
43,,,17,MARDI,0,495.0,0.0,6.0,501.0,43_Form20.pdf
43,,,17,NUMAL PROVATH KISKU,2,495.0,0.0,6.0,501.0,43_Form20.pdf
43,,,17,SOREN,0,495.0,0.0,6.0,501.0,43_Form20.pdf
43,,,17(A),JOYEL MURMU,300,783.0,0.0,5.0,788.0,43_Form20.pdf
43,,,17(A),THAKUR TUDU,37,783.0,0.0,5.0,788.0,43_Form20.pdf
43,,,17(A),PRODIP BASKEY,394,783.0,0.0,5.0,788.0,43_Form20.pdf
43,,,17(A),KISKU,3,783.0,0.0,5.0,788.0,43_Form20.pdf
43,,,17(A),NIRMAL KISKU,5,783.0,0.0,5.0,788.0,43_Form20.pdf
43,,,17(A),BABURAM BISWANATH,0,783.0,0.0,5.0,788.0,43_Form20.pdf
43,,,17(A),MARDI,0,783.0,0.0,5.0,788.0,43_Form20.pdf
43,,,17(A),NUMAL PROVATH KISKU,2,783.0,0.0,5.0,788.0,43_Form20.pdf
43,,,17(A),SOREN,3,783.0,0.0,5.0,788.0,43_Form20.pdf
43,,,18,JOYEL MURMU,379,,,,,43_Form20.pdf
43,,,18,THAKUR TUDU,33,,,,,43_Form20.pdf
43,,,18,PRODIP BASKEY,784,,,,,43_Form20.pdf
43,,,18,KISKU,2,,,,,43_Form20.pdf
43,,,18,NIRMAL KISKU,12,,,,,43_Form20.pdf
43,,,18,BABURAM BISWANATH,5,,,,,43_Form20.pdf
43,,,18,MARDI,0,,,,,43_Form20.pdf
43,,,18,NUMAL PROVATH KISKU,0,,,,,43_Form20.pdf
43,,,18,SOREN,16,,,,,43_Form20.pdf
43,,,28,JOYEL MURMU,4,533.0,0.0,1.0,534.0,43_Form20.pdf
43,,,28,THAKUR TUDU,34,533.0,0.0,1.0,534.0,43_Form20.pdf
43,,,28,PRODIP BASKEY,199,533.0,0.0,1.0,534.0,43_Form20.pdf
43,,,28,KISKU,2,533.0,0.0,1.0,534.0,43_Form20.pdf
43,,,28,NIRMAL KISKU,4,533.0,0.0,1.0,534.0,43_Form20.pdf
43,,,28,BABURAM BISWANATH,0,533.0,0.0,1.0,534.0,43_Form20.pdf
43,,,28,MARDI,1,533.0,0.0,1.0,534.0,43_Form20.pdf
43,,,28,NUMAL PROVATH KISKU,0,533.0,0.0,1.0,534.0,43_Form20.pdf
43,,,29,JOYEL MURMU,2,550.0,0.0,3.0,553.0,43_Form20.pdf
43,,,29,THAKUR TUDU,14,550.0,0.0,3.0,553.0,43_Form20.pdf
43,,,29,PRODIP BASKEY,159,550.0,0.0,3.0,553.0,43_Form20.pdf
43,,,29,KISKU,0,550.0,0.0,3.0,553.0,43_Form20.pdf
43,,,29,NIRMAL KISKU,2,550.0,0.0,3.0,553.0,43_Form20.pdf
43,,,29,BABURAM BISWANATH,0,550.0,0.0,3.0,553.0,43_Form20.pdf
43,,,29,MARDI,0,550.0,0.0,3.0,553.0,43_Form20.pdf
43,,,29,NUMAL PROVATH KISKU,2,550.0,0.0,3.0,553.0,43_Form20.pdf
43,,,30,JOYEL MURMU,3,451.0,0.0,2.0,453.0,43_Form20.pdf
43,,,30,THAKUR TUDU,15,451.0,0.0,2.0,453.0,43_Form20.pdf
43,,,30,PRODIP BASKEY,144,451.0,0.0,2.0,453.0,43_Form20.pdf
43,,,30,KISKU,0,451.0,0.0,2.0,453.0,43_Form20.pdf
43,,,30,NIRMAL KISKU,2,451.0,0.0,2.0,453.0,43_Form20.pdf
43,,,30,BABURAM BISWANATH,0,451.0,0.0,2.0,453.0,43_Form20.pdf
43,,,30,MARDI,2,451.0,0.0,2.0,453.0,43_Form20.pdf
43,,,30,NUMAL PROVATH KISKU,1,451.0,0.0,2.0,453.0,43_Form20.pdf
43,,,31,JOYEL MURMU,2,458.0,0.0,9.0,467.0,43_Form20.pdf
43,,,31,THAKUR TUDU,14,458.0,0.0,9.0,467.0,43_Form20.pdf
43,,,31,PRODIP BASKEY,155,458.0,0.0,9.0,467.0,43_Form20.pdf
43,,,31,KISKU,2,458.0,0.0,9.0,467.0,43_Form20.pdf
43,,,31,NIRMAL KISKU,7,458.0,0.0,9.0,467.0,43_Form20.pdf
43,,,31,BABURAM BISWANATH,0,458.0,0.0,9.0,467.0,43_Form20.pdf
43,,,31,MARDI,2,458.0,0.0,9.0,467.0,43_Form20.pdf
43,,,31,NUMAL PROVATH KISKU,10,458.0,0.0,9.0,467.0,43_Form20.pdf
43,,,32,JOYEL MURMU,1,533.0,0.0,2.0,535.0,43_Form20.pdf
43,,,32,THAKUR TUDU,13,533.0,0.0,2.0,535.0,43_Form20.pdf
43,,,32,PRODIP BASKEY,144,533.0,0.0,2.0,535.0,43_Form20.pdf
43,,,32,KISKU,1,533.0,0.0,2.0,535.0,43_Form20.pdf
43,,,32,NIRMAL KISKU,2,533.0,0.0,2.0,535.0,43_Form20.pdf
43,,,32,BABURAM BISWANATH,0,533.0,0.0,2.0,535.0,43_Form20.pdf
43,,,32,MARDI,1,533.0,0.0,2.0,535.0,43_Form20.pdf
43,,,32,NUMAL PROVATH KISKU,5,533.0,0.0,2.0,535.0,43_Form20.pdf
43,,,33,JOYEL MURMU,7,622.0,0.0,6.0,628.0,43_Form20.pdf
43,,,33,THAKUR TUDU,9,622.0,0.0,6.0,628.0,43_Form20.pdf
43,,,33,PRODIP BASKEY,211,622.0,0.0,6.0,628.0,43_Form20.pdf
43,,,33,KISKU,4,622.0,0.0,6.0,628.0,43_Form20.pdf
43,,,33,NIRMAL KISKU,4,622.0,0.0,6.0,628.0,43_Form20.pdf
43,,,33,BABURAM BISWANATH,1,622.0,0.0,6.0,628.0,43_Form20.pdf
43,,,33,MARDI,3,622.0,0.0,6.0,628.0,43_Form20.pdf
43,,,33,NUMAL PROVATH KISKU,1,622.0,0.0,6.0,628.0,43_Form20.pdf
43,,,34,JOYEL MURMU,5,826.0,0.0,3.0,829.0,43_Form20.pdf
43,,,34,THAKUR TUDU,83,826.0,0.0,3.0,829.0,43_Form20.pdf
43,,,34,PRODIP BASKEY,252,826.0,0.0,3.0,829.0,43_Form20.pdf
43,,,34,KISKU,3,826.0,0.0,3.0,829.0,43_Form20.pdf
43,,,34,NIRMAL KISKU,3,826.0,0.0,3.0,829.0,43_Form20.pdf
43,,,34,BABURAM BISWANATH,2,826.0,0.0,3.0,829.0,43_Form20.pdf
43,,,34,MARDI,7,826.0,0.0,3.0,829.0,43_Form20.pdf
43,,,34,NUMAL PROVATH KISKU,2,826.0,0.0,3.0,829.0,43_Form20.pdf
43,,,35,JOYEL MURMU,2,630.0,0.0,7.0,637.0,43_Form20.pdf
43,,,35,THAKUR TUDU,298,630.0,0.0,7.0,637.0,43_Form20.pdf
43,,,35,PRODIP BASKEY,296,630.0,0.0,7.0,637.0,43_Form20.pdf
43,,,35,KISKU,4,630.0,0.0,7.0,637.0,43_Form20.pdf
43,,,35,NIRMAL KISKU,5,630.0,0.0,7.0,637.0,43_Form20.pdf
43,,,35,BABURAM BISWANATH,1,630.0,0.0,7.0,637.0,43_Form20.pdf
43,,,35,MARDI,1,630.0,0.0,7.0,637.0,43_Form20.pdf
43,,,35,NUMAL PROVATH KISKU,2,630.0,0.0,7.0,637.0,43_Form20.pdf
43,,,36,JOYEL MURMU,5,443.0,0.0,3.0,446.0,43_Form20.pdf
43,,,36,THAKUR TUDU,317,443.0,0.0,3.0,446.0,43_Form20.pdf
43,,,36,PRODIP BASKEY,333,443.0,0.0,3.0,446.0,43_Form20.pdf
43,,,36,KISKU,5,443.0,0.0,3.0,446.0,43_Form20.pdf
43,,,36,NIRMAL KISKU,4,443.0,0.0,3.0,446.0,43_Form20.pdf
43,,,36,BABURAM BISWANATH,2,443.0,0.0,3.0,446.0,43_Form20.pdf
43,,,36,MARDI,0,443.0,0.0,3.0,446.0,43_Form20.pdf
43,,,36,NUMAL PROVATH KISKU,2,443.0,0.0,3.0,446.0,43_Form20.pdf
43,,,37,JOYEL MURMU,1,433.0,0.0,3.0,436.0,43_Form20.pdf
43,,,37,THAKUR TUDU,268,433.0,0.0,3.0,436.0,43_Form20.pdf
43,,,37,PRODIP BASKEY,238,433.0,0.0,3.0,436.0,43_Form20.pdf
43,,,37,KISKU,1,433.0,0.0,3.0,436.0,43_Form20.pdf
43,,,37,NIRMAL KISKU,1,433.0,0.0,3.0,436.0,43_Form20.pdf
43,,,37,BABURAM BISWANATH,1,433.0,0.0,3.0,436.0,43_Form20.pdf
43,,,37,MARDI,0,433.0,0.0,3.0,436.0,43_Form20.pdf
43,,,37,NUMAL PROVATH KISKU,2,433.0,0.0,3.0,436.0,43_Form20.pdf
43,,,38,JOYEL MURMU,0,803.0,0.0,10.0,813.0,43_Form20.pdf
43,,,38,THAKUR TUDU,247,803.0,0.0,10.0,813.0,43_Form20.pdf
43,,,38,PRODIP BASKEY,165,803.0,0.0,10.0,813.0,43_Form20.pdf
43,,,38,KISKU,0,803.0,0.0,10.0,813.0,43_Form20.pdf
43,,,38,NIRMAL KISKU,2,803.0,0.0,10.0,813.0,43_Form20.pdf
43,,,38,BABURAM BISWANATH,0,803.0,0.0,10.0,813.0,43_Form20.pdf
43,,,38,MARDI,1,803.0,0.0,10.0,813.0,43_Form20.pdf
43,,,38,NUMAL PROVATH KISKU,1,803.0,0.0,10.0,813.0,43_Form20.pdf
43,,,39,JOYEL MURMU,4,672.0,0.0,6.0,678.0,43_Form20.pdf
43,,,39,THAKUR TUDU,500,672.0,0.0,6.0,678.0,43_Form20.pdf
43,,,39,PRODIP BASKEY,28,672.0,0.0,6.0,678.0,43_Form20.pdf
43,,,39,KISKU,2,672.0,0.0,6.0,678.0,43_Form20.pdf
43,,,39,NIRMAL KISKU,4,672.0,0.0,6.0,678.0,43_Form20.pdf
43,,,39,BABURAM BISWANATH,2,672.0,0.0,6.0,678.0,43_Form20.pdf
43,,,39,MARDI,2,672.0,0.0,6.0,678.0,43_Form20.pdf
43,,,39,NUMAL PROVATH KISKU,4,672.0,0.0,6.0,678.0,43_Form20.pdf
43,,,40,JOYEL MURMU,2,740.0,0.0,10.0,750.0,43_Form20.pdf
43,,,40,THAKUR TUDU,426,740.0,0.0,10.0,750.0,43_Form20.pdf
43,,,40,PRODIP BASKEY,377,740.0,0.0,10.0,750.0,43_Form20.pdf
43,,,40,KISKU,2,740.0,0.0,10.0,750.0,43_Form20.pdf
43,,,40,NIRMAL KISKU,6,740.0,0.0,10.0,750.0,43_Form20.pdf
43,,,40,BABURAM BISWANATH,0,740.0,0.0,10.0,750.0,43_Form20.pdf
43,,,40,MARDI,3,740.0,0.0,10.0,750.0,43_Form20.pdf
43,,,40,NUMAL PROVATH KISKU,1,740.0,0.0,10.0,750.0,43_Form20.pdf
43,,,41,JOYEL MURMU,2,556.0,0.0,5.0,556.0,43_Form20.pdf
43,,,41,THAKUR TUDU,363,556.0,0.0,5.0,556.0,43_Form20.pdf
43,,,41,PRODIP BASKEY,343,556.0,0.0,5.0,556.0,43_Form20.pdf
43,,,41,KISKU,1,556.0,0.0,5.0,556.0,43_Form20.pdf
43,,,41,NIRMAL KISKU,4,556.0,0.0,5.0,556.0,43_Form20.pdf
43,,,41,BABURAM BISWANATH,1,556.0,0.0,5.0,556.0,43_Form20.pdf
43,,,41,MARDI,0,556.0,0.0,5.0,556.0,43_Form20.pdf
43,,,41,NUMAL PROVATH KISKU,0,556.0,0.0,5.0,556.0,43_Form20.pdf
43,,,42,JOYEL MURMU,4,834.0,0.0,9.0,839.0,43_Form20.pdf
43,,,42,THAKUR TUDU,260,834.0,0.0,9.0,839.0,43_Form20.pdf
43,,,42,PRODIP BASKEY,201,834.0,0.0,9.0,839.0,43_Form20.pdf
43,,,42,KISKU,2,834.0,0.0,9.0,839.0,43_Form20.pdf
43,,,42,NIRMAL KISKU,7,834.0,0.0,9.0,839.0,43_Form20.pdf
43,,,42,BABURAM BISWANATH,1,834.0,0.0,9.0,839.0,43_Form20.pdf
43,,,42,MARDI,2,834.0,0.0,9.0,839.0,43_Form20.pdf
43,,,42,NUMAL PROVATH KISKU,1,834.0,0.0,9.0,839.0,43_Form20.pdf
43,,,43,JOYEL MURMU,4,839.0,0.0,10.0,839.0,43_Form20.pdf
43,,,43,THAKUR TUDU,377,839.0,0.0,10.0,839.0,43_Form20.pdf
43,,,43,PRODIP BASKEY,247,839.0,0.0,10.0,839.0,43_Form20.pdf
43,,,43,KISKU,4,839.0,0.0,10.0,839.0,43_Form20.pdf
43,,,43,NIRMAL KISKU,4,839.0,0.0,10.0,839.0,43_Form20.pdf
43,,,43,BABURAM BISWANATH,0,839.0,0.0,10.0,839.0,43_Form20.pdf
43,,,43,MARDI,3,839.0,0.0,10.0,839.0,43_Form20.pdf
43,,,43,NUMAL PROVATH KISKU,2,839.0,0.0,10.0,839.0,43_Form20.pdf
43,,,44,JOYEL MURMU,3,689.0,0.0,10.0,699.0,43_Form20.pdf
43,,,44,THAKUR TUDU,343,689.0,0.0,10.0,699.0,43_Form20.pdf
43,,,44,PRODIP BASKEY,415,689.0,0.0,10.0,699.0,43_Form20.pdf
43,,,44,KISKU,4,689.0,0.0,10.0,699.0,43_Form20.pdf
43,,,44,NIRMAL KISKU,6,689.0,0.0,10.0,699.0,43_Form20.pdf
43,,,44,BABURAM BISWANATH,0,689.0,0.0,10.0,699.0,43_Form20.pdf
43,,,44,MARDI,2,689.0,0.0,10.0,699.0,43_Form20.pdf
43,,,44,NUMAL PROVATH KISKU,2,689.0,0.0,10.0,699.0,43_Form20.pdf
43,,,45,JOYEL MURMU,5,847.0,0.0,9.0,856.0,43_Form20.pdf
43,,,45,THAKUR TUDU,252,847.0,0.0,9.0,856.0,43_Form20.pdf
43,,,45,PRODIP BASKEY,45,847.0,0.0,9.0,856.0,43_Form20.pdf
43,,,45,KISKU,5,847.0,0.0,9.0,856.0,43_Form20.pdf
43,,,45,NIRMAL KISKU,9,847.0,0.0,9.0,856.0,43_Form20.pdf
43,,,45,BABURAM BISWANATH,0,847.0,0.0,9.0,856.0,43_Form20.pdf
43,,,45,MARDI,2,847.0,0.0,9.0,856.0,43_Form20.pdf
43,,,45,NUMAL PROVATH KISKU,3,847.0,0.0,9.0,856.0,43_Form20.pdf
43,,,46,JOYEL MURMU,5,490.0,0.0,14.0,504.0,43_Form20.pdf
43,,,46,THAKUR TUDU,298,490.0,0.0,14.0,504.0,43_Form20.pdf
43,,,46,PRODIP BASKEY,427,490.0,0.0,14.0,504.0,43_Form20.pdf
43,,,46,KISKU,4,490.0,0.0,14.0,504.0,43_Form20.pdf
43,,,46,NIRMAL KISKU,4,490.0,0.0,14.0,504.0,43_Form20.pdf
43,,,46,BABURAM BISWANATH,0,490.0,0.0,14.0,504.0,43_Form20.pdf
43,,,46,MARDI,1,490.0,0.0,14.0,504.0,43_Form20.pdf
43,,,46,NUMAL PROVATH KISKU,13,490.0,0.0,14.0,504.0,43_Form20.pdf
43,,,47,JOYEL MURMU,0,403.0,0.0,3.0,405.0,43_Form20.pdf
43,,,47,THAKUR TUDU,137,403.0,0.0,3.0,405.0,43_Form20.pdf
43,,,47,PRODIP BASKEY,237,403.0,0.0,3.0,405.0,43_Form20.pdf
43,,,47,KISKU,3,403.0,0.0,3.0,405.0,43_Form20.pdf
43,,,47,NIRMAL KISKU,8,403.0,0.0,3.0,405.0,43_Form20.pdf
43,,,47,BABURAM BISWANATH,0,403.0,0.0,3.0,405.0,43_Form20.pdf
43,,,47,MARDI,10,403.0,0.0,3.0,405.0,43_Form20.pdf
43,,,47,NUMAL PROVATH KISKU,4,403.0,0.0,3.0,405.0,43_Form20.pdf
43,,,48,JOYEL MURMU,1,424.0,0.0,2.0,429.0,43_Form20.pdf
43,,,48,THAKUR TUDU,25,424.0,0.0,2.0,429.0,43_Form20.pdf
43,,,48,PRODIP BASKEY,174,424.0,0.0,2.0,429.0,43_Form20.pdf
43,,,48,KISKU,1,424.0,0.0,2.0,429.0,43_Form20.pdf
43,,,48,NIRMAL KISKU,9,424.0,0.0,2.0,429.0,43_Form20.pdf
43,,,48,BABURAM BISWANATH,0,424.0,0.0,2.0,429.0,43_Form20.pdf
43,,,48,MARDI,1,424.0,0.0,2.0,429.0,43_Form20.pdf
43,,,48,NUMAL PROVATH KISKU,3,424.0,0.0,2.0,429.0,43_Form20.pdf
43,,,49,JOYEL MURMU,1,529.0,0.0,4.0,533.0,43_Form20.pdf
43,,,49,THAKUR TUDU,19,529.0,0.0,4.0,533.0,43_Form20.pdf
43,,,49,PRODIP BASKEY,131,529.0,0.0,4.0,533.0,43_Form20.pdf
43,,,49,KISKU,1,529.0,0.0,4.0,533.0,43_Form20.pdf
43,,,49,NIRMAL KISKU,5,529.0,0.0,4.0,533.0,43_Form20.pdf
43,,,49,BABURAM BISWANATH,1,529.0,0.0,4.0,533.0,43_Form20.pdf
43,,,49,MARDI,1,529.0,0.0,4.0,533.0,43_Form20.pdf
43,,,49,NUMAL PROVATH KISKU,1,529.0,0.0,4.0,533.0,43_Form20.pdf
43,,,50,JOYEL MURMU,0,664.0,0.0,10.0,674.0,43_Form20.pdf
43,,,50,THAKUR TUDU,219,664.0,0.0,10.0,674.0,43_Form20.pdf
43,,,50,PRODIP BASKEY,198,664.0,0.0,10.0,674.0,43_Form20.pdf
43,,,50,KISKU,0,664.0,0.0,10.0,674.0,43_Form20.pdf
43,,,50,NIRMAL KISKU,1,664.0,0.0,10.0,674.0,43_Form20.pdf
43,,,50,BABURAM BISWANATH,0,664.0,0.0,10.0,674.0,43_Form20.pdf
43,,,50,MARDI,2,664.0,0.0,10.0,674.0,43_Form20.pdf
43,,,50,NUMAL PROVATH KISKU,5,664.0,0.0,10.0,674.0,43_Form20.pdf
43,,,51,JOYEL MURMU,1,712.0,0.0,4.0,716.0,43_Form20.pdf
43,,,51,THAKUR TUDU,263,712.0,0.0,4.0,716.0,43_Form20.pdf
43,,,51,PRODIP BASKEY,217,712.0,0.0,4.0,716.0,43_Form20.pdf
43,,,51,KISKU,1,712.0,0.0,4.0,716.0,43_Form20.pdf
43,,,51,NIRMAL KISKU,4,712.0,0.0,4.0,716.0,43_Form20.pdf
43,,,51,BABURAM BISWANATH,1,712.0,0.0,4.0,716.0,43_Form20.pdf
43,,,51,MARDI,1,712.0,0.0,4.0,716.0,43_Form20.pdf
43,,,51,NUMAL PROVATH KISKU,4,712.0,0.0,4.0,716.0,43_Form20.pdf
43,,,52,JOYEL MURMU,2,448.0,0.0,3.0,451.0,43_Form20.pdf
43,,,52,THAKUR TUDU,64,448.0,0.0,3.0,451.0,43_Form20.pdf
43,,,52,PRODIP BASKEY,352,448.0,0.0,3.0,451.0,43_Form20.pdf
43,,,52,KISKU,2,448.0,0.0,3.0,451.0,43_Form20.pdf
43,,,52,NIRMAL KISKU,6,448.0,0.0,3.0,451.0,43_Form20.pdf
43,,,52,BABURAM BISWANATH,0,448.0,0.0,3.0,451.0,43_Form20.pdf
43,,,52,MARDI,0,448.0,0.0,3.0,451.0,43_Form20.pdf
43,,,52,NUMAL PROVATH KISKU,2,448.0,0.0,3.0,451.0,43_Form20.pdf
43,,,53,JOYEL MURMU,1,706.0,0.0,5.0,711.0,43_Form20.pdf
43,,,53,THAKUR TUDU,424,706.0,0.0,5.0,711.0,43_Form20.pdf
43,,,53,PRODIP BASKEY,248,706.0,0.0,5.0,711.0,43_Form20.pdf
43,,,53,KISKU,5,706.0,0.0,5.0,711.0,43_Form20.pdf
43,,,53,NIRMAL KISKU,3,706.0,0.0,5.0,711.0,43_Form20.pdf
43,,,53,BABURAM BISWANATH,0,706.0,0.0,5.0,711.0,43_Form20.pdf
43,,,53,MARDI,1,706.0,0.0,5.0,711.0,43_Form20.pdf
43,,,53,NUMAL PROVATH KISKU,5,706.0,0.0,5.0,711.0,43_Form20.pdf
43,,,54,JOYEL MURMU,1,503.0,0.0,6.0,509.0,43_Form20.pdf
43,,,54,THAKUR TUDU,29,503.0,0.0,6.0,509.0,43_Form20.pdf
43,,,54,PRODIP BASKEY,149,503.0,0.0,6.0,509.0,43_Form20.pdf
43,,,54,KISKU,2,503.0,0.0,6.0,509.0,43_Form20.pdf
43,,,54,NIRMAL KISKU,2,503.0,0.0,6.0,509.0,43_Form20.pdf
43,,,54,BABURAM BISWANATH,1,503.0,0.0,6.0,509.0,43_Form20.pdf
43,,,54,MARDI,1,503.0,0.0,6.0,509.0,43_Form20.pdf
43,,,54,NUMAL PROVATH KISKU,1,503.0,0.0,6.0,509.0,43_Form20.pdf
43,,,55,JOYEL MURMU,0,535.0,0.0,0.0,535.0,43_Form20.pdf
43,,,55,THAKUR TUDU,27,535.0,0.0,0.0,535.0,43_Form20.pdf
43,,,55,PRODIP BASKEY,230,535.0,0.0,0.0,535.0,43_Form20.pdf
43,,,55,KISKU,2,535.0,0.0,0.0,535.0,43_Form20.pdf
43,,,55,NIRMAL KISKU,6,535.0,0.0,0.0,535.0,43_Form20.pdf
43,,,55,BABURAM BISWANATH,1,535.0,0.0,0.0,535.0,43_Form20.pdf
43,,,55,MARDI,1,535.0,0.0,0.0,535.0,43_Form20.pdf
43,,,55,NUMAL PROVATH KISKU,2,535.0,0.0,0.0,535.0,43_Form20.pdf
43,,,55,THAKUR TUDU,236,529.0,0.0,5.0,534.0,43_Form20.pdf
43,,,55,PRODIP BASKEY,9,529.0,0.0,5.0,534.0,43_Form20.pdf
43,,,55,KISKU,368,529.0,0.0,5.0,534.0,43_Form20.pdf
43,,,55,NIRMAL KISKU,14,529.0,0.0,5.0,534.0,43_Form20.pdf
43,,,55,BABURAM BISWANATH,6,529.0,0.0,5.0,534.0,43_Form20.pdf
43,,,55,MARDI,4,529.0,0.0,5.0,534.0,43_Form20.pdf
43,,,55,NUMAL PROVATH KISKU,3,529.0,0.0,5.0,534.0,43_Form20.pdf
43,,,55,SOREN,2,529.0,0.0,5.0,534.0,43_Form20.pdf
43,,,56,JOYEL MURMU,43,549.0,0.0,12.0,561.0,43_Form20.pdf
43,,,56,THAKUR TUDU,361,549.0,0.0,12.0,561.0,43_Form20.pdf
43,,,56,PRODIP BASKEY,10,549.0,0.0,12.0,561.0,43_Form20.pdf
43,,,56,KISKU,382,549.0,0.0,12.0,561.0,43_Form20.pdf
43,,,56,NIRMAL KISKU,10,549.0,0.0,12.0,561.0,43_Form20.pdf
43,,,56,BABURAM BISWANATH,7,549.0,0.0,12.0,561.0,43_Form20.pdf
43,,,56,MARDI,3,549.0,0.0,12.0,561.0,43_Form20.pdf
43,,,56,NUMAL PROVATH KISKU,2,549.0,0.0,12.0,561.0,43_Form20.pdf
43,,,56,SOREN,4,549.0,0.0,12.0,561.0,43_Form20.pdf
43,,,57,THAKUR TUDU,192,569.0,0.0,7.0,576.0,43_Form20.pdf
43,,,57,PRODIP BASKEY,36,569.0,0.0,7.0,576.0,43_Form20.pdf
43,,,57,KISKU,506,569.0,0.0,7.0,576.0,43_Form20.pdf
43,,,57,NIRMAL KISKU,36,569.0,0.0,7.0,576.0,43_Form20.pdf
43,,,57,BABURAM BISWANATH,1,569.0,0.0,7.0,576.0,43_Form20.pdf
43,,,57,MARDI,0,569.0,0.0,7.0,576.0,43_Form20.pdf
43,,,57,NUMAL PROVATH KISKU,1,569.0,0.0,7.0,576.0,43_Form20.pdf
43,,,57,SOREN,2,569.0,0.0,7.0,576.0,43_Form20.pdf
43,,,58,JOYEL MURMU,44,790.0,0.0,9.0,799.0,43_Form20.pdf
43,,,58,THAKUR TUDU,219,790.0,0.0,9.0,799.0,43_Form20.pdf
43,,,58,PRODIP BASKEY,29,790.0,0.0,9.0,799.0,43_Form20.pdf
43,,,58,KISKU,457,790.0,0.0,9.0,799.0,43_Form20.pdf
43,,,58,NIRMAL KISKU,36,790.0,0.0,9.0,799.0,43_Form20.pdf
43,,,58,BABURAM BISWANATH,0,790.0,0.0,9.0,799.0,43_Form20.pdf
43,,,58,MARDI,1,790.0,0.0,9.0,799.0,43_Form20.pdf
43,,,58,NUMAL PROVATH KISKU,5,790.0,0.0,9.0,799.0,43_Form20.pdf
43,,,58,SOREN,0,790.0,0.0,9.0,799.0,43_Form20.pdf
43,,,59,JOYEL MURMU,45,428.0,0.0,4.0,432.0,43_Form20.pdf
43,,,59,THAKUR TUDU,346,428.0,0.0,4.0,432.0,43_Form20.pdf
43,,,59,PRODIP BASKEY,27,428.0,0.0,4.0,432.0,43_Form20.pdf
43,,,59,KISKU,428,428.0,0.0,4.0,432.0,43_Form20.pdf
43,,,59,NIRMAL KISKU,29,428.0,0.0,4.0,432.0,43_Form20.pdf
43,,,59,BABURAM BISWANATH,0,428.0,0.0,4.0,432.0,43_Form20.pdf
43,,,59,MARDI,0,428.0,0.0,4.0,432.0,43_Form20.pdf
43,,,59,NUMAL PROVATH KISKU,2,428.0,0.0,4.0,432.0,43_Form20.pdf
43,,,59,SOREN,0,428.0,0.0,4.0,432.0,43_Form20.pdf
43,,,60,JOYEL MURMU,46,465.0,0.0,9.0,474.0,43_Form20.pdf
43,,,60,THAKUR TUDU,206,465.0,0.0,9.0,474.0,43_Form20.pdf
43,,,60,PRODIP BASKEY,30,465.0,0.0,9.0,474.0,43_Form20.pdf
43,,,60,KISKU,465,465.0,0.0,9.0,474.0,43_Form20.pdf
43,,,60,NIRMAL KISKU,27,465.0,0.0,9.0,474.0,43_Form20.pdf
43,,,60,BABURAM BISWANATH,1,465.0,0.0,9.0,474.0,43_Form20.pdf
43,,,60,MARDI,0,465.0,0.0,9.0,474.0,43_Form20.pdf
43,,,60,NUMAL PROVATH KISKU,1,465.0,0.0,9.0,474.0,43_Form20.pdf
43,,,60,SOREN,0,465.0,0.0,9.0,474.0,43_Form20.pdf
43,,,61,THAKUR TUDU,213,807.0,0.0,4.0,811.0,43_Form20.pdf
43,,,61,PRODIP BASKEY,40,807.0,0.0,4.0,811.0,43_Form20.pdf
43,,,61,KISKU,807,807.0,0.0,4.0,811.0,43_Form20.pdf
43,,,61,NIRMAL KISKU,30,807.0,0.0,4.0,811.0,43_Form20.pdf
43,,,61,BABURAM BISWANATH,0,807.0,0.0,4.0,811.0,43_Form20.pdf
43,,,61,MARDI,0,807.0,0.0,4.0,811.0,43_Form20.pdf
43,,,61,NUMAL PROVATH KISKU,2,807.0,0.0,4.0,811.0,43_Form20.pdf
43,,,61,SOREN,0,807.0,0.0,4.0,811.0,43_Form20.pdf
43,,,62,JOYEL MURMU,47,,,,,43_Form20.pdf
43,,,62,THAKUR TUDU,510,,,,,43_Form20.pdf
43,,,62,PRODIP BASKEY,29,,,,,43_Form20.pdf
43,,,62,KISKU,487,,,,,43_Form20.pdf
43,,,62,NIRMAL KISKU,40,,,,,43_Form20.pdf
43,,,62,BABURAM BISWANATH,0,,,,,43_Form20.pdf
43,,,62,MARDI,0,,,,,43_Form20.pdf
43,,,62,NUMAL PROVATH KISKU,2,,,,,43_Form20.pdf
43,,,62,SOREN,0,,,,,43_Form20.pdf
43,,,63,JOYEL MURMU,48,518.0,0.0,4.0,522.0,43_Form20.pdf
43,,,63,THAKUR TUDU,224,518.0,0.0,4.0,522.0,43_Form20.pdf
43,,,63,PRODIP BASKEY,27,518.0,0.0,4.0,522.0,43_Form20.pdf
43,,,63,KISKU,518,518.0,0.0,4.0,522.0,43_Form20.pdf
43,,,63,NIRMAL KISKU,29,518.0,0.0,4.0,522.0,43_Form20.pdf
43,,,63,BABURAM BISWANATH,0,518.0,0.0,4.0,522.0,43_Form20.pdf
43,,,63,MARDI,0,518.0,0.0,4.0,522.0,43_Form20.pdf
43,,,63,NUMAL PROVATH KISKU,2,518.0,0.0,4.0,522.0,43_Form20.pdf
43,,,63,SOREN,0,518.0,0.0,4.0,522.0,43_Form20.pdf
43,,,64,THAKUR TUDU,46,822.0,0.0,11.0,833.0,43_Form20.pdf
43,,,64,PRODIP BASKEY,219,822.0,0.0,11.0,833.0,43_Form20.pdf
43,,,64,KISKU,822,822.0,0.0,11.0,833.0,43_Form20.pdf
43,,,64,NIRMAL KISKU,27,822.0,0.0,11.0,833.0,43_Form20.pdf
43,,,64,BABURAM BISWANATH,0,822.0,0.0,11.0,833.0,43_Form20.pdf
43,,,64,MARDI,0,822.0,0.0,11.0,833.0,43_Form20.pdf
43,,,64,NUMAL PROVATH KISKU,2,822.0,0.0,11.0,833.0,43_Form20.pdf
43,,,64,SOREN,0,822.0,0.0,11.0,833.0,43_Form20.pdf
43,,,65,JOYEL MURMU,49,469.0,0.0,2.0,471.0,43_Form20.pdf
43,,,65,THAKUR TUDU,384,469.0,0.0,2.0,471.0,43_Form20.pdf
43,,,65,PRODIP BASKEY,121,469.0,0.0,2.0,471.0,43_Form20.pdf
43,,,65,KISKU,469,469.0,0.0,2.0,471.0,43_Form20.pdf
43,,,65,NIRMAL KISKU,219,469.0,0.0,2.0,471.0,43_Form20.pdf
43,,,65,BABURAM BISWANATH,0,469.0,0.0,2.0,471.0,43_Form20.pdf
43,,,65,MARDI,0,469.0,0.0,2.0,471.0,43_Form20.pdf
43,,,65,NUMAL PROVATH KISKU,0,469.0,0.0,2.0,471.0,43_Form20.pdf
43,,,65,SOREN,0,469.0,0.0,2.0,471.0,43_Form20.pdf
43,,,66,JOYEL MURMU,50,457.0,0.0,1.0,458.0,43_Form20.pdf
43,,,66,THAKUR TUDU,162,457.0,0.0,1.0,458.0,43_Form20.pdf
43,,,66,PRODIP BASKEY,15,457.0,0.0,1.0,458.0,43_Form20.pdf
43,,,66,KISKU,457,457.0,0.0,1.0,458.0,43_Form20.pdf
43,,,66,NIRMAL KISKU,121,457.0,0.0,1.0,458.0,43_Form20.pdf
43,,,66,BABURAM BISWANATH,0,457.0,0.0,1.0,458.0,43_Form20.pdf
43,,,66,MARDI,0,457.0,0.0,1.0,458.0,43_Form20.pdf
43,,,66,NUMAL PROVATH KISKU,0,457.0,0.0,1.0,458.0,43_Form20.pdf
43,,,66,SOREN,0,457.0,0.0,1.0,458.0,43_Form20.pdf
43,,,67,THAKUR TUDU,75,685.0,0.0,4.0,689.0,43_Form20.pdf
43,,,67,PRODIP BASKEY,24,685.0,0.0,4.0,689.0,43_Form20.pdf
43,,,67,KISKU,685,685.0,0.0,4.0,689.0,43_Form20.pdf
43,,,67,NIRMAL KISKU,15,685.0,0.0,4.0,689.0,43_Form20.pdf
43,,,67,BABURAM BISWANATH,0,685.0,0.0,4.0,689.0,43_Form20.pdf
43,,,67,MARDI,0,685.0,0.0,4.0,689.0,43_Form20.pdf
43,,,67,NUMAL PROVATH KISKU,0,685.0,0.0,4.0,689.0,43_Form20.pdf
43,,,67,SOREN,0,685.0,0.0,4.0,689.0,43_Form20.pdf
43,,,68,JOYEL MURMU,51,711.0,0.0,7.0,718.0,43_Form20.pdf
43,,,68,THAKUR TUDU,417,711.0,0.0,7.0,718.0,43_Form20.pdf
43,,,68,PRODIP BASKEY,13,711.0,0.0,7.0,718.0,43_Form20.pdf
43,,,68,KISKU,711,711.0,0.0,7.0,718.0,43_Form20.pdf
43,,,68,NIRMAL KISKU,24,711.0,0.0,7.0,718.0,43_Form20.pdf
43,,,68,BABURAM BISWANATH,0,711.0,0.0,7.0,718.0,43_Form20.pdf
43,,,68,MARDI,0,711.0,0.0,7.0,718.0,43_Form20.pdf
43,,,68,NUMAL PROVATH KISKU,0,711.0,0.0,7.0,718.0,43_Form20.pdf
43,,,68,SOREN,0,711.0,0.0,7.0,718.0,43_Form20.pdf
43,,,69,JOYEL MURMU,52,502.0,0.0,0.0,502.0,43_Form20.pdf
43,,,69,THAKUR TUDU,382,502.0,0.0,0.0,502.0,43_Form20.pdf
43,,,69,PRODIP BASKEY,10,502.0,0.0,0.0,502.0,43_Form20.pdf
43,,,69,KISKU,502,502.0,0.0,0.0,502.0,43_Form20.pdf
43,,,69,NIRMAL KISKU,13,502.0,0.0,0.0,502.0,43_Form20.pdf
43,,,69,BABURAM BISWANATH,0,502.0,0.0,0.0,502.0,43_Form20.pdf
43,,,69,MARDI,0,502.0,0.0,0.0,502.0,43_Form20.pdf
43,,,69,NUMAL PROVATH KISKU,0,502.0,0.0,0.0,502.0,43_Form20.pdf
43,,,69,SOREN,0,502.0,0.0,0.0,502.0,43_Form20.pdf
43,,,70,JOYEL MURMU,53,553.0,0.0,7.0,560.0,43_Form20.pdf
43,,,70,THAKUR TUDU,302,553.0,0.0,7.0,560.0,43_Form20.pdf
43,,,70,PRODIP BASKEY,14,553.0,0.0,7.0,560.0,43_Form20.pdf
43,,,70,KISKU,553,553.0,0.0,7.0,560.0,43_Form20.pdf
43,,,70,NIRMAL KISKU,10,553.0,0.0,7.0,560.0,43_Form20.pdf
43,,,70,BABURAM BISWANATH,0,553.0,0.0,7.0,560.0,43_Form20.pdf
43,,,70,MARDI,0,553.0,0.0,7.0,560.0,43_Form20.pdf
43,,,70,NUMAL PROVATH KISKU,0,553.0,0.0,7.0,560.0,43_Form20.pdf
43,,,70,SOREN,0,553.0,0.0,7.0,560.0,43_Form20.pdf
43,,,71,THAKUR TUDU,219,459.0,0.0,8.0,467.0,43_Form20.pdf
43,,,71,PRODIP BASKEY,26,459.0,0.0,8.0,467.0,43_Form20.pdf
43,,,71,KISKU,459,459.0,0.0,8.0,467.0,43_Form20.pdf
43,,,71,NIRMAL KISKU,14,459.0,0.0,8.0,467.0,43_Form20.pdf
43,,,71,BABURAM BISWANATH,0,459.0,0.0,8.0,467.0,43_Form20.pdf
43,,,71,MARDI,0,459.0,0.0,8.0,467.0,43_Form20.pdf
43,,,71,NUMAL PROVATH KISKU,0,459.0,0.0,8.0,467.0,43_Form20.pdf
43,,,71,SOREN,0,459.0,0.0,8.0,467.0,43_Form20.pdf
43,,,72,JOYEL MURMU,54,811.0,0.0,0.0,811.0,43_Form20.pdf
43,,,72,THAKUR TUDU,236,811.0,0.0,0.0,811.0,43_Form20.pdf
43,,,72,PRODIP BASKEY,32,811.0,0.0,0.0,811.0,43_Form20.pdf
43,,,72,KISKU,811,811.0,0.0,0.0,811.0,43_Form20.pdf
43,,,72,NIRMAL KISKU,26,811.0,0.0,0.0,811.0,43_Form20.pdf
43,,,72,BABURAM BISWANATH,0,811.0,0.0,0.0,811.0,43_Form20.pdf
43,,,72,MARDI,0,811.0,0.0,0.0,811.0,43_Form20.pdf
43,,,72,NUMAL PROVATH KISKU,0,811.0,0.0,0.0,811.0,43_Form20.pdf
43,,,72,SOREN,0,811.0,0.0,0.0,811.0,43_Form20.pdf
43,,,73,THAKUR TUDU,270,499.0,0.0,4.0,503.0,43_Form20.pdf
43,,,73,PRODIP BASKEY,17,499.0,0.0,4.0,503.0,43_Form20.pdf
43,,,73,KISKU,499,499.0,0.0,4.0,503.0,43_Form20.pdf
43,,,73,NIRMAL KISKU,32,499.0,0.0,4.0,503.0,43_Form20.pdf
43,,,73,BABURAM BISWANATH,0,499.0,0.0,4.0,503.0,43_Form20.pdf
43,,,73,MARDI,0,499.0,0.0,4.0,503.0,43_Form20.pdf
43,,,73,NUMAL PROVATH KISKU,0,499.0,0.0,4.0,503.0,43_Form20.pdf
43,,,73,SOREN,0,499.0,0.0,4.0,503.0,43_Form20.pdf
43,,,74,JOYEL MURMU,55,522.0,0.0,0.0,522.0,43_Form20.pdf
43,,,74,THAKUR TUDU,183,522.0,0.0,0.0,522.0,43_Form20.pdf
43,,,74,PRODIP BASKEY,9,522.0,0.0,0.0,522.0,43_Form20.pdf
43,,,74,KISKU,522,522.0,0.0,0.0,522.0,43_Form20.pdf
43,,,74,NIRMAL KISKU,17,522.0,0.0,0.0,522.0,43_Form20.pdf
43,,,74,BABURAM BISWANATH,0,522.0,0.0,0.0,522.0,43_Form20.pdf
43,,,74,MARDI,0,522.0,0.0,0.0,522.0,43_Form20.pdf
43,,,74,NUMAL PROVATH KISKU,0,522.0,0.0,0.0,522.0,43_Form20.pdf
43,,,74,SOREN,0,522.0,0.0,0.0,522.0,43_Form20.pdf
43,,,75,JOYEL MURMU,56,444.0,0.0,4.0,448.0,43_Form20.pdf
43,,,75,THAKUR TUDU,92,444.0,0.0,4.0,448.0,43_Form20.pdf
43,,,75,PRODIP BASKEY,12,444.0,0.0,4.0,448.0,43_Form20.pdf
43,,,75,KISKU,444,444.0,0.0,4.0,448.0,43_Form20.pdf
43,,,75,NIRMAL KISKU,9,444.0,0.0,4.0,448.0,43_Form20.pdf
43,,,75,BABURAM BISWANATH,0,444.0,0.0,4.0,448.0,43_Form20.pdf
43,,,75,MARDI,0,444.0,0.0,4.0,448.0,43_Form20.pdf
43,,,75,NUMAL PROVATH KISKU,0,444.0,0.0,4.0,448.0,43_Form20.pdf
43,,,75,SOREN,0,444.0,0.0,4.0,448.0,43_Form20.pdf
43,,,76,THAKUR TUDU,122,461.0,0.0,11.0,472.0,43_Form20.pdf
43,,,76,PRODIP BASKEY,23,461.0,0.0,11.0,472.0,43_Form20.pdf
43,,,76,KISKU,461,461.0,0.0,11.0,472.0,43_Form20.pdf
43,,,76,NIRMAL KISKU,12,461.0,0.0,11.0,472.0,43_Form20.pdf
43,,,76,BABURAM BISWANATH,0,461.0,0.0,11.0,472.0,43_Form20.pdf
43,,,76,MARDI,0,461.0,0.0,11.0,472.0,43_Form20.pdf
43,,,76,NUMAL PROVATH KISKU,0,461.0,0.0,11.0,472.0,43_Form20.pdf
43,,,76,SOREN,0,461.0,0.0,11.0,472.0,43_Form20.pdf
43,,,77,JOYEL MURMU,57,718.0,0.0,7.0,725.0,43_Form20.pdf
43,,,77,THAKUR TUDU,141,718.0,0.0,7.0,725.0,43_Form20.pdf
43,,,77,PRODIP BASKEY,415,718.0,0.0,7.0,725.0,43_Form20.pdf
43,,,77,KISKU,718,718.0,0.0,7.0,725.0,43_Form20.pdf
43,,,77,NIRMAL KISKU,23,718.0,0.0,7.0,725.0,43_Form20.pdf
43,,,77,BABURAM BISWANATH,0,718.0,0.0,7.0,725.0,43_Form20.pdf
43,,,77,MARDI,0,718.0,0.0,7.0,725.0,43_Form20.pdf
43,,,77,NUMAL PROVATH KISKU,0,718.0,0.0,7.0,725.0,43_Form20.pdf
43,,,77,SOREN,0,718.0,0.0,7.0,725.0,43_Form20.pdf
43,,,78,THAKUR TUDU,168,548.0,0.0,7.0,555.0,43_Form20.pdf
43,,,78,PRODIP BASKEY,287,548.0,0.0,7.0,555.0,43_Form20.pdf
43,,,78,KISKU,548,548.0,0.0,7.0,555.0,43_Form20.pdf
43,,,78,NIRMAL KISKU,415,548.0,0.0,7.0,555.0,43_Form20.pdf
43,,,78,BABURAM BISWANATH,0,548.0,0.0,7.0,555.0,43_Form20.pdf
43,,,78,MARDI,0,548.0,0.0,7.0,555.0,43_Form20.pdf
43,,,78,NUMAL PROVATH KISKU,0,548.0,0.0,7.0,555.0,43_Form20.pdf
43,,,78,SOREN,0,548.0,0.0,7.0,555.0,43_Form20.pdf
43,,,79,JOYEL MURMU,58,502.0,0.0,0.0,502.0,43_Form20.pdf
43,,,79,THAKUR TUDU,51,502.0,0.0,0.0,502.0,43_Form20.pdf
43,,,79,PRODIP BASKEY,277,502.0,0.0,0.0,502.0,43_Form20.pdf
43,,,79,KISKU,502,502.0,0.0,0.0,502.0,43_Form20.pdf
43,,,79,NIRMAL KISKU,287,502.0,0.0,0.0,502.0,43_Form20.pdf
43,,,79,BABURAM BISWANATH,0,502.0,0.0,0.0,502.0,43_Form20.pdf
43,,,79,MARDI,0,502.0,0.0,0.0,502.0,43_Form20.pdf
43,,,79,NUMAL PROVATH KISKU,0,502.0,0.0,0.0,502.0,43_Form20.pdf
43,,,79,SOREN,0,502.0,0.0,0.0,502.0,43_Form20.pdf
43,,,80,THAKUR TUDU,11,560.0,0.0,9.0,569.0,43_Form20.pdf
43,,,80,PRODIP BASKEY,152,560.0,0.0,9.0,569.0,43_Form20.pdf
43,,,80,KISKU,560,560.0,0.0,9.0,569.0,43_Form20.pdf
43,,,80,NIRMAL KISKU,277,560.0,0.0,9.0,569.0,43_Form20.pdf
43,,,80,BABURAM BISWANATH,0,560.0,0.0,9.0,569.0,43_Form20.pdf
43,,,80,MARDI,0,560.0,0.0,9.0,569.0,43_Form20.pdf
43,,,80,NUMAL PROVATH KISKU,0,560.0,0.0,9.0,569.0,43_Form20.pdf
43,,,80,SOREN,0,560.0,0.0,9.0,569.0,43_Form20.pdf
43,,,81,JOYEL MURMU,59,698.0,0.0,7.0,705.0,43_Form20.pdf
43,,,81,THAKUR TUDU,29,698.0,0.0,7.0,705.0,43_Form20.pdf
43,,,81,PRODIP BASKEY,159,698.0,0.0,7.0,705.0,43_Form20.pdf
43,,,81,KISKU,698,698.0,0.0,7.0,705.0,43_Form20.pdf
43,,,81,NIRMAL KISKU,152,698.0,0.0,7.0,705.0,43_Form20.pdf
43,,,81,BABURAM BISWANATH,0,698.0,0.0,7.0,705.0,43_Form20.pdf
43,,,81,MARDI,0,698.0,0.0,7.0,705.0,43_Form20.pdf
43,,,81,NUMAL PROVATH KISKU,0,698.0,0.0,7.0,705.0,43_Form20.pdf
43,,,81,SOREN,0,698.0,0.0,7.0,705.0,43_Form20.pdf
43,,,82,JOYEL MURMU,60,497.0,6.0,503.0,1006.0,43_Form20.pdf
43,,,82,THAKUR TUDU,186,497.0,6.0,503.0,1006.0,43_Form20.pdf
43,,,82,PRODIP BASKEY,142,497.0,6.0,503.0,1006.0,43_Form20.pdf
43,,,82,KISKU,4,497.0,6.0,503.0,1006.0,43_Form20.pdf
43,,,82,NIRMAL KISKU,7,497.0,6.0,503.0,1006.0,43_Form20.pdf
43,,,82,BABURAM BISWANATH,6,497.0,6.0,503.0,1006.0,43_Form20.pdf
43,,,82,MARDI,4,497.0,6.0,503.0,1006.0,43_Form20.pdf
43,,,83,JOYEL MURMU,61,521.0,11.0,532.0,1064.0,43_Form20.pdf
43,,,83,THAKUR TUDU,164,521.0,11.0,532.0,1064.0,43_Form20.pdf
43,,,83,PRODIP BASKEY,132,521.0,11.0,532.0,1064.0,43_Form20.pdf
43,,,83,KISKU,2,521.0,11.0,532.0,1064.0,43_Form20.pdf
43,,,83,NIRMAL KISKU,6,521.0,11.0,532.0,1064.0,43_Form20.pdf
43,,,83,BABURAM BISWANATH,2,521.0,11.0,532.0,1064.0,43_Form20.pdf
43,,,83,MARDI,2,521.0,11.0,532.0,1064.0,43_Form20.pdf
43,,,84,JOYEL MURMU,62,690.0,2.0,692.0,1384.0,43_Form20.pdf
43,,,84,THAKUR TUDU,261,690.0,2.0,692.0,1384.0,43_Form20.pdf
43,,,84,PRODIP BASKEY,142,690.0,2.0,692.0,1384.0,43_Form20.pdf
43,,,84,KISKU,6,690.0,2.0,692.0,1384.0,43_Form20.pdf
43,,,84,NIRMAL KISKU,11,690.0,2.0,692.0,1384.0,43_Form20.pdf
43,,,84,BABURAM BISWANATH,1,690.0,2.0,692.0,1384.0,43_Form20.pdf
43,,,84,MARDI,1,690.0,2.0,692.0,1384.0,43_Form20.pdf
43,,,85,JOYEL MURMU,63,772.0,2.0,774.0,1548.0,43_Form20.pdf
43,,,85,THAKUR TUDU,242,772.0,2.0,774.0,1548.0,43_Form20.pdf
43,,,85,PRODIP BASKEY,25,772.0,2.0,774.0,1548.0,43_Form20.pdf
43,,,85,KISKU,5,772.0,2.0,774.0,1548.0,43_Form20.pdf
43,,,85,NIRMAL KISKU,0,772.0,2.0,774.0,1548.0,43_Form20.pdf
43,,,85,BABURAM BISWANATH,0,772.0,2.0,774.0,1548.0,43_Form20.pdf
43,,,85,MARDI,0,772.0,2.0,774.0,1548.0,43_Form20.pdf
43,,,86,JOYEL MURMU,64,585.0,4.0,589.0,1178.0,43_Form20.pdf
43,,,86,THAKUR TUDU,355,585.0,4.0,589.0,1178.0,43_Form20.pdf
43,,,86,PRODIP BASKEY,79,585.0,4.0,589.0,1178.0,43_Form20.pdf
43,,,86,KISKU,3,585.0,4.0,589.0,1178.0,43_Form20.pdf
43,,,86,NIRMAL KISKU,2,585.0,4.0,589.0,1178.0,43_Form20.pdf
43,,,86,BABURAM BISWANATH,0,585.0,4.0,589.0,1178.0,43_Form20.pdf
43,,,86,MARDI,0,585.0,4.0,589.0,1178.0,43_Form20.pdf
43,,,87,JOYEL MURMU,65,,,,,43_Form20.pdf
43,,,87,THAKUR TUDU,387,,,,,43_Form20.pdf
43,,,87,PRODIP BASKEY,8,,,,,43_Form20.pdf
43,,,87,KISKU,2,,,,,43_Form20.pdf
43,,,87,NIRMAL KISKU,0,,,,,43_Form20.pdf
43,,,87,BABURAM BISWANATH,3,,,,,43_Form20.pdf
43,,,87,MARDI,0,,,,,43_Form20.pdf
43,,,88,THAKUR TUDU,187,585.0,6.0,591.0,1182.0,43_Form20.pdf
43,,,88,PRODIP BASKEY,24,585.0,6.0,591.0,1182.0,43_Form20.pdf
43,,,88,KISKU,1,585.0,6.0,591.0,1182.0,43_Form20.pdf
43,,,88,NIRMAL KISKU,1,585.0,6.0,591.0,1182.0,43_Form20.pdf
43,,,88,BABURAM BISWANATH,0,585.0,6.0,591.0,1182.0,43_Form20.pdf
43,,,88,MARDI,0,585.0,6.0,591.0,1182.0,43_Form20.pdf
43,,,89,JOYEL MURMU,65,535.0,4.0,539.0,1078.0,43_Form20.pdf
43,,,89,THAKUR TUDU,356,535.0,4.0,539.0,1078.0,43_Form20.pdf
43,,,89,PRODIP BASKEY,42,535.0,4.0,539.0,1078.0,43_Form20.pdf
43,,,89,KISKU,0,535.0,4.0,539.0,1078.0,43_Form20.pdf
43,,,89,NIRMAL KISKU,6,535.0,4.0,539.0,1078.0,43_Form20.pdf
43,,,89,BABURAM BISWANATH,1,535.0,4.0,539.0,1078.0,43_Form20.pdf
43,,,89,MARDI,0,535.0,4.0,539.0,1078.0,43_Form20.pdf
43,,,90,JOYEL MURMU,66,485.0,9.0,494.0,988.0,43_Form20.pdf
43,,,90,THAKUR TUDU,122,485.0,9.0,494.0,988.0,43_Form20.pdf
43,,,90,PRODIP BASKEY,0,485.0,9.0,494.0,988.0,43_Form20.pdf
43,,,90,KISKU,9,485.0,9.0,494.0,988.0,43_Form20.pdf
43,,,90,NIRMAL KISKU,0,485.0,9.0,494.0,988.0,43_Form20.pdf
43,,,90,BABURAM BISWANATH,0,485.0,9.0,494.0,988.0,43_Form20.pdf
43,,,90,MARDI,0,485.0,9.0,494.0,988.0,43_Form20.pdf
43,,,91,THAKUR TUDU,160,807.0,5.0,812.0,1624.0,43_Form20.pdf
43,,,91,PRODIP BASKEY,0,807.0,5.0,812.0,1624.0,43_Form20.pdf
43,,,91,KISKU,0,807.0,5.0,812.0,1624.0,43_Form20.pdf
43,,,91,NIRMAL KISKU,0,807.0,5.0,812.0,1624.0,43_Form20.pdf
43,,,91,BABURAM BISWANATH,0,807.0,5.0,812.0,1624.0,43_Form20.pdf
43,,,91,MARDI,0,807.0,5.0,812.0,1624.0,43_Form20.pdf
43,,,92,JOYEL MURMU,67,445.0,1.0,446.0,892.0,43_Form20.pdf
43,,,92,THAKUR TUDU,247,445.0,1.0,446.0,892.0,43_Form20.pdf
43,,,92,PRODIP BASKEY,0,445.0,1.0,446.0,892.0,43_Form20.pdf
43,,,92,KISKU,4,445.0,1.0,446.0,892.0,43_Form20.pdf
43,,,92,NIRMAL KISKU,0,445.0,1.0,446.0,892.0,43_Form20.pdf
43,,,92,BABURAM BISWANATH,0,445.0,1.0,446.0,892.0,43_Form20.pdf
43,,,92,MARDI,0,445.0,1.0,446.0,892.0,43_Form20.pdf
43,,,93,JOYEL MURMU,68,449.0,0.0,449.0,898.0,43_Form20.pdf
43,,,93,THAKUR TUDU,95,449.0,0.0,449.0,898.0,43_Form20.pdf
43,,,93,PRODIP BASKEY,0,449.0,0.0,449.0,898.0,43_Form20.pdf
43,,,93,KISKU,2,449.0,0.0,449.0,898.0,43_Form20.pdf
43,,,93,NIRMAL KISKU,0,449.0,0.0,449.0,898.0,43_Form20.pdf
43,,,93,BABURAM BISWANATH,0,449.0,0.0,449.0,898.0,43_Form20.pdf
43,,,93,MARDI,0,449.0,0.0,449.0,898.0,43_Form20.pdf
43,,,94,JOYEL MURMU,69,568.0,5.0,573.0,1146.0,43_Form20.pdf
43,,,94,THAKUR TUDU,221,568.0,5.0,573.0,1146.0,43_Form20.pdf
43,,,94,PRODIP BASKEY,5,568.0,5.0,573.0,1146.0,43_Form20.pdf
43,,,94,KISKU,2,568.0,5.0,573.0,1146.0,43_Form20.pdf
43,,,94,NIRMAL KISKU,0,568.0,5.0,573.0,1146.0,43_Form20.pdf
43,,,94,BABURAM BISWANATH,0,568.0,5.0,573.0,1146.0,43_Form20.pdf
43,,,94,MARDI,0,568.0,5.0,573.0,1146.0,43_Form20.pdf
43,,,95,JOYEL MURMU,70,656.0,8.0,664.0,1328.0,43_Form20.pdf
43,,,95,THAKUR TUDU,242,656.0,8.0,664.0,1328.0,43_Form20.pdf
43,,,95,PRODIP BASKEY,3,656.0,8.0,664.0,1328.0,43_Form20.pdf
43,,,95,KISKU,1,656.0,8.0,664.0,1328.0,43_Form20.pdf
43,,,95,NIRMAL KISKU,0,656.0,8.0,664.0,1328.0,43_Form20.pdf
43,,,95,BABURAM BISWANATH,2,656.0,8.0,664.0,1328.0,43_Form20.pdf
43,,,95,MARDI,0,656.0,8.0,664.0,1328.0,43_Form20.pdf
43,,,96,JOYEL MURMU,71,494.0,7.0,501.0,1002.0,43_Form20.pdf
43,,,96,THAKUR TUDU,305,494.0,7.0,501.0,1002.0,43_Form20.pdf
43,,,96,PRODIP BASKEY,3,494.0,7.0,501.0,1002.0,43_Form20.pdf
43,,,96,KISKU,2,494.0,7.0,501.0,1002.0,43_Form20.pdf
43,,,96,NIRMAL KISKU,1,494.0,7.0,501.0,1002.0,43_Form20.pdf
43,,,96,BABURAM BISWANATH,0,494.0,7.0,501.0,1002.0,43_Form20.pdf
43,,,96,MARDI,0,494.0,7.0,501.0,1002.0,43_Form20.pdf
43,,,97,JOYEL MURMU,72,485.0,3.0,488.0,976.0,43_Form20.pdf
43,,,97,THAKUR TUDU,236,485.0,3.0,488.0,976.0,43_Form20.pdf
43,,,97,PRODIP BASKEY,17,485.0,3.0,488.0,976.0,43_Form20.pdf
43,,,97,KISKU,8,485.0,3.0,488.0,976.0,43_Form20.pdf
43,,,97,NIRMAL KISKU,4,485.0,3.0,488.0,976.0,43_Form20.pdf
43,,,97,BABURAM BISWANATH,0,485.0,3.0,488.0,976.0,43_Form20.pdf
43,,,97,MARDI,0,485.0,3.0,488.0,976.0,43_Form20.pdf
43,,,98,JOYEL MURMU,73,856.0,13.0,869.0,1738.0,43_Form20.pdf
43,,,98,THAKUR TUDU,258,856.0,13.0,869.0,1738.0,43_Form20.pdf
43,,,98,PRODIP BASKEY,11,856.0,13.0,869.0,1738.0,43_Form20.pdf
43,,,98,KISKU,4,856.0,13.0,869.0,1738.0,43_Form20.pdf
43,,,98,NIRMAL KISKU,0,856.0,13.0,869.0,1738.0,43_Form20.pdf
43,,,98,BABURAM BISWANATH,0,856.0,13.0,869.0,1738.0,43_Form20.pdf
43,,,98,MARDI,0,856.0,13.0,869.0,1738.0,43_Form20.pdf
43,,,99,THAKUR TUDU,182,650.0,11.0,661.0,1322.0,43_Form20.pdf
43,,,99,PRODIP BASKEY,171,650.0,11.0,661.0,1322.0,43_Form20.pdf
43,,,99,KISKU,8,650.0,11.0,661.0,1322.0,43_Form20.pdf
43,,,99,NIRMAL KISKU,3,650.0,11.0,661.0,1322.0,43_Form20.pdf
43,,,99,BABURAM BISWANATH,0,650.0,11.0,661.0,1322.0,43_Form20.pdf
43,,,99,MARDI,0,650.0,11.0,661.0,1322.0,43_Form20.pdf
43,,,100,JOYEL MURMU,74,573.0,8.0,581.0,1162.0,43_Form20.pdf
43,,,100,THAKUR TUDU,408,573.0,8.0,581.0,1162.0,43_Form20.pdf
43,,,100,PRODIP BASKEY,16,573.0,8.0,581.0,1162.0,43_Form20.pdf
43,,,100,KISKU,4,573.0,8.0,581.0,1162.0,43_Form20.pdf
43,,,100,NIRMAL KISKU,1,573.0,8.0,581.0,1162.0,43_Form20.pdf
43,,,100,BABURAM BISWANATH,1,573.0,8.0,581.0,1162.0,43_Form20.pdf
43,,,100,MARDI,0,573.0,8.0,581.0,1162.0,43_Form20.pdf
43,,,101,JOYEL MURMU,75,564.0,7.0,571.0,1142.0,43_Form20.pdf
43,,,101,THAKUR TUDU,458,564.0,7.0,571.0,1142.0,43_Form20.pdf
43,,,101,PRODIP BASKEY,128,564.0,7.0,571.0,1142.0,43_Form20.pdf
43,,,101,KISKU,5,564.0,7.0,571.0,1142.0,43_Form20.pdf
43,,,101,NIRMAL KISKU,2,564.0,7.0,571.0,1142.0,43_Form20.pdf
43,,,101,BABURAM BISWANATH,2,564.0,7.0,571.0,1142.0,43_Form20.pdf
43,,,101,MARDI,0,564.0,7.0,571.0,1142.0,43_Form20.pdf
43,,,102,JOYEL MURMU,76,486.0,3.0,489.0,978.0,43_Form20.pdf
43,,,102,THAKUR TUDU,227,486.0,3.0,489.0,978.0,43_Form20.pdf
43,,,102,PRODIP BASKEY,24,486.0,3.0,489.0,978.0,43_Form20.pdf
43,,,102,KISKU,2,486.0,3.0,489.0,978.0,43_Form20.pdf
43,,,102,NIRMAL KISKU,3,486.0,3.0,489.0,978.0,43_Form20.pdf
43,,,102,BABURAM BISWANATH,0,486.0,3.0,489.0,978.0,43_Form20.pdf
43,,,102,MARDI,0,486.0,3.0,489.0,978.0,43_Form20.pdf
43,,,103,THAKUR TUDU,90,494.0,11.0,505.0,1010.0,43_Form20.pdf
43,,,103,PRODIP BASKEY,159,494.0,11.0,505.0,1010.0,43_Form20.pdf
43,,,103,KISKU,2,494.0,11.0,505.0,1010.0,43_Form20.pdf
43,,,103,NIRMAL KISKU,4,494.0,11.0,505.0,1010.0,43_Form20.pdf
43,,,103,BABURAM BISWANATH,0,494.0,11.0,505.0,1010.0,43_Form20.pdf
43,,,103,MARDI,0,494.0,11.0,505.0,1010.0,43_Form20.pdf
43,,,104,JOYEL MURMU,77,653.0,8.0,661.0,1322.0,43_Form20.pdf
43,,,104,THAKUR TUDU,317,653.0,8.0,661.0,1322.0,43_Form20.pdf
43,,,104,PRODIP BASKEY,178,653.0,8.0,661.0,1322.0,43_Form20.pdf
43,,,104,KISKU,3,653.0,8.0,661.0,1322.0,43_Form20.pdf
43,,,104,NIRMAL KISKU,4,653.0,8.0,661.0,1322.0,43_Form20.pdf
43,,,104,BABURAM BISWANATH,0,653.0,8.0,661.0,1322.0,43_Form20.pdf
43,,,104,MARDI,0,653.0,8.0,661.0,1322.0,43_Form20.pdf
43,,,105,JOYEL MURMU,78,493.0,2.0,495.0,990.0,43_Form20.pdf
43,,,105,THAKUR TUDU,344,493.0,2.0,495.0,990.0,43_Form20.pdf
43,,,105,PRODIP BASKEY,359,493.0,2.0,495.0,990.0,43_Form20.pdf
43,,,105,KISKU,3,493.0,2.0,495.0,990.0,43_Form20.pdf
43,,,105,NIRMAL KISKU,0,493.0,2.0,495.0,990.0,43_Form20.pdf
43,,,105,BABURAM BISWANATH,1,493.0,2.0,495.0,990.0,43_Form20.pdf
43,,,105,MARDI,0,493.0,2.0,495.0,990.0,43_Form20.pdf
43,,,106,JOYEL MURMU,79,448.0,0.0,448.0,896.0,43_Form20.pdf
43,,,106,THAKUR TUDU,233,448.0,0.0,448.0,896.0,43_Form20.pdf
43,,,106,PRODIP BASKEY,317,448.0,0.0,448.0,896.0,43_Form20.pdf
43,,,106,KISKU,4,448.0,0.0,448.0,896.0,43_Form20.pdf
43,,,106,NIRMAL KISKU,0,448.0,0.0,448.0,896.0,43_Form20.pdf
43,,,106,BABURAM BISWANATH,0,448.0,0.0,448.0,896.0,43_Form20.pdf
43,,,106,MARDI,0,448.0,0.0,448.0,896.0,43_Form20.pdf
43,,,107,JOYEL MURMU,80,680.0,3.0,683.0,1366.0,43_Form20.pdf
43,,,107,THAKUR TUDU,197,680.0,3.0,683.0,1366.0,43_Form20.pdf
43,,,107,PRODIP BASKEY,337,680.0,3.0,683.0,1366.0,43_Form20.pdf
43,,,107,KISKU,4,680.0,3.0,683.0,1366.0,43_Form20.pdf
43,,,107,NIRMAL KISKU,0,680.0,3.0,683.0,1366.0,43_Form20.pdf
43,,,107,BABURAM BISWANATH,0,680.0,3.0,683.0,1366.0,43_Form20.pdf
43,,,107,MARDI,0,680.0,3.0,683.0,1366.0,43_Form20.pdf
43,,,108,JOYEL MURMU,81,,,,,43_Form20.pdf
43,,,108,THAKUR TUDU,176,,,,,43_Form20.pdf
43,,,108,PRODIP BASKEY,443,,,,,43_Form20.pdf
43,,,108,KISKU,0,,,,,43_Form20.pdf
43,,,108,NIRMAL KISKU,0,,,,,43_Form20.pdf
43,,,108,BABURAM BISWANATH,1,,,,,43_Form20.pdf
43,,,108,MARDI,0,,,,,43_Form20.pdf
43,,,82,JOYEL MURMU,242,761.0,0.0,12.0,773.0,43_Form20.pdf
43,,,82,THAKUR TUDU,3,761.0,0.0,12.0,773.0,43_Form20.pdf
43,,,82,PRODIP BASKEY,4,761.0,0.0,12.0,773.0,43_Form20.pdf
43,,,82,KISKU,0,761.0,0.0,12.0,773.0,43_Form20.pdf
43,,,82,NIRMAL KISKU,0,761.0,0.0,12.0,773.0,43_Form20.pdf
43,,,82,BABURAM BISWANATH,2,761.0,0.0,12.0,773.0,43_Form20.pdf
43,,,82,MARDI,0,761.0,0.0,12.0,773.0,43_Form20.pdf
43,,,82,NUMAL PROVATH KISKU,9,761.0,0.0,12.0,773.0,43_Form20.pdf
43,,,83,JOYEL MURMU,217,793.0,0.0,2.0,795.0,43_Form20.pdf
43,,,83,THAKUR TUDU,10,793.0,0.0,2.0,795.0,43_Form20.pdf
43,,,83,PRODIP BASKEY,7,793.0,0.0,2.0,795.0,43_Form20.pdf
43,,,83,KISKU,2,793.0,0.0,2.0,795.0,43_Form20.pdf
43,,,83,NIRMAL KISKU,0,793.0,0.0,2.0,795.0,43_Form20.pdf
43,,,83,BABURAM BISWANATH,0,793.0,0.0,2.0,795.0,43_Form20.pdf
43,,,83,MARDI,4,793.0,0.0,2.0,795.0,43_Form20.pdf
43,,,83,NUMAL PROVATH KISKU,0,793.0,0.0,2.0,795.0,43_Form20.pdf
43,,,84,JOYEL MURMU,267,747.0,0.0,0.0,747.0,43_Form20.pdf
43,,,84,THAKUR TUDU,3,747.0,0.0,0.0,747.0,43_Form20.pdf
43,,,84,PRODIP BASKEY,4,747.0,0.0,0.0,747.0,43_Form20.pdf
43,,,84,KISKU,0,747.0,0.0,0.0,747.0,43_Form20.pdf
43,,,84,NIRMAL KISKU,0,747.0,0.0,0.0,747.0,43_Form20.pdf
43,,,84,BABURAM BISWANATH,2,747.0,0.0,0.0,747.0,43_Form20.pdf
43,,,84,MARDI,0,747.0,0.0,0.0,747.0,43_Form20.pdf
43,,,84,NUMAL PROVATH KISKU,0,747.0,0.0,0.0,747.0,43_Form20.pdf
43,,,85,JOYEL MURMU,211,801.0,0.0,8.0,809.0,43_Form20.pdf
43,,,85,THAKUR TUDU,4,801.0,0.0,8.0,809.0,43_Form20.pdf
43,,,85,PRODIP BASKEY,5,801.0,0.0,8.0,809.0,43_Form20.pdf
43,,,85,KISKU,0,801.0,0.0,8.0,809.0,43_Form20.pdf
43,,,85,NIRMAL KISKU,0,801.0,0.0,8.0,809.0,43_Form20.pdf
43,,,85,BABURAM BISWANATH,2,801.0,0.0,8.0,809.0,43_Form20.pdf
43,,,85,MARDI,0,801.0,0.0,8.0,809.0,43_Form20.pdf
43,,,85,NUMAL PROVATH KISKU,0,801.0,0.0,8.0,809.0,43_Form20.pdf
43,,,86,JOYEL MURMU,208,491.0,0.0,3.0,494.0,43_Form20.pdf
43,,,86,THAKUR TUDU,3,491.0,0.0,3.0,494.0,43_Form20.pdf
43,,,86,PRODIP BASKEY,1,491.0,0.0,3.0,494.0,43_Form20.pdf
43,,,86,KISKU,0,491.0,0.0,3.0,494.0,43_Form20.pdf
43,,,86,NIRMAL KISKU,0,491.0,0.0,3.0,494.0,43_Form20.pdf
43,,,86,BABURAM BISWANATH,2,491.0,0.0,3.0,494.0,43_Form20.pdf
43,,,86,MARDI,0,491.0,0.0,3.0,494.0,43_Form20.pdf
43,,,86,NUMAL PROVATH KISKU,0,491.0,0.0,3.0,494.0,43_Form20.pdf
43,,,86(A),JOYEL MURMU,231,452.0,0.0,6.0,458.0,43_Form20.pdf
43,,,86(A),THAKUR TUDU,3,452.0,0.0,6.0,458.0,43_Form20.pdf
43,,,86(A),PRODIP BASKEY,5,452.0,0.0,6.0,458.0,43_Form20.pdf
43,,,86(A),KISKU,0,452.0,0.0,6.0,458.0,43_Form20.pdf
43,,,86(A),NIRMAL KISKU,0,452.0,0.0,6.0,458.0,43_Form20.pdf
43,,,86(A),BABURAM BISWANATH,2,452.0,0.0,6.0,458.0,43_Form20.pdf
43,,,86(A),MARDI,0,452.0,0.0,6.0,458.0,43_Form20.pdf
43,,,86(A),NUMAL PROVATH KISKU,0,452.0,0.0,6.0,458.0,43_Form20.pdf
43,,,87,JOYEL MURMU,181,453.0,0.0,7.0,460.0,43_Form20.pdf
43,,,87,THAKUR TUDU,1,453.0,0.0,7.0,460.0,43_Form20.pdf
43,,,87,PRODIP BASKEY,1,453.0,0.0,7.0,460.0,43_Form20.pdf
43,,,87,KISKU,0,453.0,0.0,7.0,460.0,43_Form20.pdf
43,,,87,NIRMAL KISKU,0,453.0,0.0,7.0,460.0,43_Form20.pdf
43,,,87,BABURAM BISWANATH,2,453.0,0.0,7.0,460.0,43_Form20.pdf
43,,,87,MARDI,0,453.0,0.0,7.0,460.0,43_Form20.pdf
43,,,87,NUMAL PROVATH KISKU,0,453.0,0.0,7.0,460.0,43_Form20.pdf
43,,,87(A),JOYEL MURMU,202,702.0,0.0,13.0,715.0,43_Form20.pdf
43,,,87(A),THAKUR TUDU,4,702.0,0.0,13.0,715.0,43_Form20.pdf
43,,,87(A),PRODIP BASKEY,6,702.0,0.0,13.0,715.0,43_Form20.pdf
43,,,87(A),KISKU,0,702.0,0.0,13.0,715.0,43_Form20.pdf
43,,,87(A),NIRMAL KISKU,0,702.0,0.0,13.0,715.0,43_Form20.pdf
43,,,87(A),BABURAM BISWANATH,2,702.0,0.0,13.0,715.0,43_Form20.pdf
43,,,87(A),MARDI,0,702.0,0.0,13.0,715.0,43_Form20.pdf
43,,,87(A),NUMAL PROVATH KISKU,0,702.0,0.0,13.0,715.0,43_Form20.pdf
43,,,88,JOYEL MURMU,336,514.0,0.0,5.0,519.0,43_Form20.pdf
43,,,88,THAKUR TUDU,7,514.0,0.0,5.0,519.0,43_Form20.pdf
43,,,88,PRODIP BASKEY,9,514.0,0.0,5.0,519.0,43_Form20.pdf
43,,,88,KISKU,3,514.0,0.0,5.0,519.0,43_Form20.pdf
43,,,88,NIRMAL KISKU,3,514.0,0.0,5.0,519.0,43_Form20.pdf
43,,,88,BABURAM BISWANATH,1,514.0,0.0,5.0,519.0,43_Form20.pdf
43,,,88,MARDI,2,514.0,0.0,5.0,519.0,43_Form20.pdf
43,,,88,NUMAL PROVATH KISKU,0,514.0,0.0,5.0,519.0,43_Form20.pdf
43,,,89,JOYEL MURMU,338,707.0,0.0,0.0,707.0,43_Form20.pdf
43,,,89,THAKUR TUDU,4,707.0,0.0,0.0,707.0,43_Form20.pdf
43,,,89,PRODIP BASKEY,2,707.0,0.0,0.0,707.0,43_Form20.pdf
43,,,89,KISKU,3,707.0,0.0,0.0,707.0,43_Form20.pdf
43,,,89,NIRMAL KISKU,2,707.0,0.0,0.0,707.0,43_Form20.pdf
43,,,89,BABURAM BISWANATH,0,707.0,0.0,0.0,707.0,43_Form20.pdf
43,,,89,MARDI,0,707.0,0.0,0.0,707.0,43_Form20.pdf
43,,,89,NUMAL PROVATH KISKU,2,707.0,0.0,0.0,707.0,43_Form20.pdf
43,,,90,JOYEL MURMU,325,514.0,0.0,5.0,519.0,43_Form20.pdf
43,,,90,THAKUR TUDU,12,514.0,0.0,5.0,519.0,43_Form20.pdf
43,,,90,PRODIP BASKEY,1,514.0,0.0,5.0,519.0,43_Form20.pdf
43,,,90,KISKU,0,514.0,0.0,5.0,519.0,43_Form20.pdf
43,,,90,NIRMAL KISKU,0,514.0,0.0,5.0,519.0,43_Form20.pdf
43,,,90,BABURAM BISWANATH,0,514.0,0.0,5.0,519.0,43_Form20.pdf
43,,,90,MARDI,0,514.0,0.0,5.0,519.0,43_Form20.pdf
43,,,90,NUMAL PROVATH KISKU,0,514.0,0.0,5.0,519.0,43_Form20.pdf
43,,,91,JOYEL MURMU,453,662.0,0.0,8.0,670.0,43_Form20.pdf
43,,,91,THAKUR TUDU,2,662.0,0.0,8.0,670.0,43_Form20.pdf
43,,,91,PRODIP BASKEY,2,662.0,0.0,8.0,670.0,43_Form20.pdf
43,,,91,KISKU,0,662.0,0.0,8.0,670.0,43_Form20.pdf
43,,,91,NIRMAL KISKU,0,662.0,0.0,8.0,670.0,43_Form20.pdf
43,,,91,BABURAM BISWANATH,0,662.0,0.0,8.0,670.0,43_Form20.pdf
43,,,91,MARDI,0,662.0,0.0,8.0,670.0,43_Form20.pdf
43,,,91,NUMAL PROVATH KISKU,0,662.0,0.0,8.0,670.0,43_Form20.pdf
43,,,92,JOYEL MURMU,331,454.0,0.0,2.0,456.0,43_Form20.pdf
43,,,92,THAKUR TUDU,1,454.0,0.0,2.0,456.0,43_Form20.pdf
43,,,92,PRODIP BASKEY,1,454.0,0.0,2.0,456.0,43_Form20.pdf
43,,,92,KISKU,0,454.0,0.0,2.0,456.0,43_Form20.pdf
43,,,92,NIRMAL KISKU,0,454.0,0.0,2.0,456.0,43_Form20.pdf
43,,,92,BABURAM BISWANATH,0,454.0,0.0,2.0,456.0,43_Form20.pdf
43,,,92,MARDI,0,454.0,0.0,2.0,456.0,43_Form20.pdf
43,,,92,NUMAL PROVATH KISKU,0,454.0,0.0,2.0,456.0,43_Form20.pdf
43,,,92(A),JOYEL MURMU,308,436.0,0.0,0.0,436.0,43_Form20.pdf
43,,,92(A),THAKUR TUDU,0,436.0,0.0,0.0,436.0,43_Form20.pdf
43,,,92(A),PRODIP BASKEY,1,436.0,0.0,0.0,436.0,43_Form20.pdf
43,,,92(A),KISKU,0,436.0,0.0,0.0,436.0,43_Form20.pdf
43,,,92(A),NIRMAL KISKU,0,436.0,0.0,0.0,436.0,43_Form20.pdf
43,,,92(A),BABURAM BISWANATH,0,436.0,0.0,0.0,436.0,43_Form20.pdf
43,,,92(A),MARDI,0,436.0,0.0,0.0,436.0,43_Form20.pdf
43,,,92(A),NUMAL PROVATH KISKU,0,436.0,0.0,0.0,436.0,43_Form20.pdf
43,,,93,JOYEL MURMU,307,472.0,0.0,1.0,473.0,43_Form20.pdf
43,,,93,THAKUR TUDU,2,472.0,0.0,1.0,473.0,43_Form20.pdf
43,,,93,PRODIP BASKEY,2,472.0,0.0,1.0,473.0,43_Form20.pdf
43,,,93,KISKU,0,472.0,0.0,1.0,473.0,43_Form20.pdf
43,,,93,NIRMAL KISKU,0,472.0,0.0,1.0,473.0,43_Form20.pdf
43,,,93,BABURAM BISWANATH,0,472.0,0.0,1.0,473.0,43_Form20.pdf
43,,,93,MARDI,0,472.0,0.0,1.0,473.0,43_Form20.pdf
43,,,93,NUMAL PROVATH KISKU,0,472.0,0.0,1.0,473.0,43_Form20.pdf
43,,,93(A),JOYEL MURMU,107,476.0,0.0,0.0,476.0,43_Form20.pdf
43,,,93(A),THAKUR TUDU,1,476.0,0.0,0.0,476.0,43_Form20.pdf
43,,,93(A),PRODIP BASKEY,1,476.0,0.0,0.0,476.0,43_Form20.pdf
43,,,93(A),KISKU,0,476.0,0.0,0.0,476.0,43_Form20.pdf
43,,,93(A),NIRMAL KISKU,0,476.0,0.0,0.0,476.0,43_Form20.pdf
43,,,93(A),BABURAM BISWANATH,0,476.0,0.0,0.0,476.0,43_Form20.pdf
43,,,93(A),MARDI,0,476.0,0.0,0.0,476.0,43_Form20.pdf
43,,,93(A),NUMAL PROVATH KISKU,0,476.0,0.0,0.0,476.0,43_Form20.pdf
43,,,94,JOYEL MURMU,334,439.0,0.0,1.0,440.0,43_Form20.pdf
43,,,94,THAKUR TUDU,1,439.0,0.0,1.0,440.0,43_Form20.pdf
43,,,94,PRODIP BASKEY,2,439.0,0.0,1.0,440.0,43_Form20.pdf
43,,,94,KISKU,0,439.0,0.0,1.0,440.0,43_Form20.pdf
43,,,94,NIRMAL KISKU,0,439.0,0.0,1.0,440.0,43_Form20.pdf
43,,,94,BABURAM BISWANATH,0,439.0,0.0,1.0,440.0,43_Form20.pdf
43,,,94,MARDI,0,439.0,0.0,1.0,440.0,43_Form20.pdf
43,,,94,NUMAL PROVATH KISKU,0,439.0,0.0,1.0,440.0,43_Form20.pdf
43,,,94(A),JOYEL MURMU,278,462.0,0.0,4.0,466.0,43_Form20.pdf
43,,,94(A),THAKUR TUDU,1,462.0,0.0,4.0,466.0,43_Form20.pdf
43,,,94(A),PRODIP BASKEY,4,462.0,0.0,4.0,466.0,43_Form20.pdf
43,,,94(A),KISKU,0,462.0,0.0,4.0,466.0,43_Form20.pdf
43,,,94(A),NIRMAL KISKU,0,462.0,0.0,4.0,466.0,43_Form20.pdf
43,,,94(A),BABURAM BISWANATH,0,462.0,0.0,4.0,466.0,43_Form20.pdf
43,,,94(A),MARDI,0,462.0,0.0,4.0,466.0,43_Form20.pdf
43,,,94(A),NUMAL PROVATH KISKU,0,462.0,0.0,4.0,466.0,43_Form20.pdf
43,,,95,JOYEL MURMU,269,712.0,0.0,7.0,719.0,43_Form20.pdf
43,,,95,THAKUR TUDU,1,712.0,0.0,7.0,719.0,43_Form20.pdf
43,,,95,PRODIP BASKEY,4,712.0,0.0,7.0,719.0,43_Form20.pdf
43,,,95,KISKU,0,712.0,0.0,7.0,719.0,43_Form20.pdf
43,,,95,NIRMAL KISKU,0,712.0,0.0,7.0,719.0,43_Form20.pdf
43,,,95,BABURAM BISWANATH,0,712.0,0.0,7.0,719.0,43_Form20.pdf
43,,,95,MARDI,0,712.0,0.0,7.0,719.0,43_Form20.pdf
43,,,95,NUMAL PROVATH KISKU,0,712.0,0.0,7.0,719.0,43_Form20.pdf
43,,,96,JOYEL MURMU,353,618.0,0.0,7.0,625.0,43_Form20.pdf
43,,,96,THAKUR TUDU,4,618.0,0.0,7.0,625.0,43_Form20.pdf
43,,,96,PRODIP BASKEY,3,618.0,0.0,7.0,625.0,43_Form20.pdf
43,,,96,KISKU,3,618.0,0.0,7.0,625.0,43_Form20.pdf
43,,,96,NIRMAL KISKU,1,618.0,0.0,7.0,625.0,43_Form20.pdf
43,,,96,BABURAM BISWANATH,4,618.0,0.0,7.0,625.0,43_Form20.pdf
43,,,96,MARDI,2,618.0,0.0,7.0,625.0,43_Form20.pdf
43,,,96,NUMAL PROVATH KISKU,0,618.0,0.0,7.0,625.0,43_Form20.pdf
43,,,97,JOYEL MURMU,292,741.0,0.0,5.0,746.0,43_Form20.pdf
43,,,97,THAKUR TUDU,3,741.0,0.0,5.0,746.0,43_Form20.pdf
43,,,97,PRODIP BASKEY,8,741.0,0.0,5.0,746.0,43_Form20.pdf
43,,,97,KISKU,2,741.0,0.0,5.0,746.0,43_Form20.pdf
43,,,97,NIRMAL KISKU,4,741.0,0.0,5.0,746.0,43_Form20.pdf
43,,,97,BABURAM BISWANATH,4,741.0,0.0,5.0,746.0,43_Form20.pdf
43,,,97,MARDI,3,741.0,0.0,5.0,746.0,43_Form20.pdf
43,,,97,NUMAL PROVATH KISKU,0,741.0,0.0,5.0,746.0,43_Form20.pdf
43,,,98,JOYEL MURMU,319,770.0,0.0,4.0,774.0,43_Form20.pdf
43,,,98,THAKUR TUDU,5,770.0,0.0,4.0,774.0,43_Form20.pdf
43,,,98,PRODIP BASKEY,10,770.0,0.0,4.0,774.0,43_Form20.pdf
43,,,98,KISKU,2,770.0,0.0,4.0,774.0,43_Form20.pdf
43,,,98,NIRMAL KISKU,5,770.0,0.0,4.0,774.0,43_Form20.pdf
43,,,98,BABURAM BISWANATH,4,770.0,0.0,4.0,774.0,43_Form20.pdf
43,,,98,MARDI,2,770.0,0.0,4.0,774.0,43_Form20.pdf
43,,,98,NUMAL PROVATH KISKU,0,770.0,0.0,4.0,774.0,43_Form20.pdf
43,,,99,JOYEL MURMU,361,469.0,0.0,10.0,479.0,43_Form20.pdf
43,,,99,THAKUR TUDU,4,469.0,0.0,10.0,479.0,43_Form20.pdf
43,,,99,PRODIP BASKEY,4,469.0,0.0,10.0,479.0,43_Form20.pdf
43,,,99,KISKU,0,469.0,0.0,10.0,479.0,43_Form20.pdf
43,,,99,NIRMAL KISKU,0,469.0,0.0,10.0,479.0,43_Form20.pdf
43,,,99,BABURAM BISWANATH,2,469.0,0.0,10.0,479.0,43_Form20.pdf
43,,,99,MARDI,6,469.0,0.0,10.0,479.0,43_Form20.pdf
43,,,99,NUMAL PROVATH KISKU,0,469.0,0.0,10.0,479.0,43_Form20.pdf
43,,,100,JOYEL MURMU,188,555.0,0.0,5.0,560.0,43_Form20.pdf
43,,,100,THAKUR TUDU,0,555.0,0.0,5.0,560.0,43_Form20.pdf
43,,,100,PRODIP BASKEY,5,555.0,0.0,5.0,560.0,43_Form20.pdf
43,,,100,KISKU,2,555.0,0.0,5.0,560.0,43_Form20.pdf
43,,,100,NIRMAL KISKU,2,555.0,0.0,5.0,560.0,43_Form20.pdf
43,,,100,BABURAM BISWANATH,2,555.0,0.0,5.0,560.0,43_Form20.pdf
43,,,100,MARDI,2,555.0,0.0,5.0,560.0,43_Form20.pdf
43,,,100,NUMAL PROVATH KISKU,0,555.0,0.0,5.0,560.0,43_Form20.pdf
43,,,101,JOYEL MURMU,200,425.0,0.0,4.0,429.0,43_Form20.pdf
43,,,101,THAKUR TUDU,8,425.0,0.0,4.0,429.0,43_Form20.pdf
43,,,101,PRODIP BASKEY,6,425.0,0.0,4.0,429.0,43_Form20.pdf
43,,,101,KISKU,0,425.0,0.0,4.0,429.0,43_Form20.pdf
43,,,101,NIRMAL KISKU,0,425.0,0.0,4.0,429.0,43_Form20.pdf
43,,,101,BABURAM BISWANATH,4,425.0,0.0,4.0,429.0,43_Form20.pdf
43,,,101,MARDI,3,425.0,0.0,4.0,429.0,43_Form20.pdf
43,,,101,NUMAL PROVATH KISKU,0,425.0,0.0,4.0,429.0,43_Form20.pdf
43,,,101(A),JOYEL MURMU,296,467.0,0.0,5.0,472.0,43_Form20.pdf
43,,,101(A),THAKUR TUDU,12,467.0,0.0,5.0,472.0,43_Form20.pdf
43,,,101(A),PRODIP BASKEY,3,467.0,0.0,5.0,472.0,43_Form20.pdf
43,,,101(A),KISKU,0,467.0,0.0,5.0,472.0,43_Form20.pdf
43,,,101(A),NIRMAL KISKU,0,467.0,0.0,5.0,472.0,43_Form20.pdf
43,,,101(A),BABURAM BISWANATH,4,467.0,0.0,5.0,472.0,43_Form20.pdf
43,,,101(A),MARDI,5,467.0,0.0,5.0,472.0,43_Form20.pdf
43,,,101(A),NUMAL PROVATH KISKU,0,467.0,0.0,5.0,472.0,43_Form20.pdf
43,,,103,JOYEL MURMU,23,,,,,43_Form20.pdf
43,,,103,THAKUR TUDU,6,,,,,43_Form20.pdf
43,,,103,PRODIP BASKEY,0,,,,,43_Form20.pdf
43,,,103,KISKU,0,,,,,43_Form20.pdf
43,,,103,NIRMAL KISKU,0,,,,,43_Form20.pdf
43,,,103,BABURAM BISWANATH,2,,,,,43_Form20.pdf
43,,,103,MARDI,0,,,,,43_Form20.pdf
43,,,103,NUMAL PROVATH KISKU,0,,,,,43_Form20.pdf
43,,,102,JOYEL MURMU,263,492.0,0.0,7.0,499.0,43_Form20.pdf
43,,,102,THAKUR TUDU,3,492.0,0.0,7.0,499.0,43_Form20.pdf
43,,,102,PRODIP BASKEY,174,492.0,0.0,7.0,499.0,43_Form20.pdf
43,,,102,KISKU,5,492.0,0.0,7.0,499.0,43_Form20.pdf
43,,,102,NIRMAL KISKU,4,492.0,0.0,7.0,499.0,43_Form20.pdf
43,,,102,BABURAM BISWANATH,2,492.0,0.0,7.0,499.0,43_Form20.pdf
43,,,102,MARDI,8,492.0,0.0,7.0,499.0,43_Form20.pdf
43,,,103,JOYEL MURMU,339,631.0,0.0,5.0,636.0,43_Form20.pdf
43,,,103,THAKUR TUDU,10,631.0,0.0,5.0,636.0,43_Form20.pdf
43,,,103,PRODIP BASKEY,165,631.0,0.0,5.0,636.0,43_Form20.pdf
43,,,103,KISKU,4,631.0,0.0,5.0,636.0,43_Form20.pdf
43,,,103,NIRMAL KISKU,8,631.0,0.0,5.0,636.0,43_Form20.pdf
43,,,103,BABURAM BISWANATH,8,631.0,0.0,5.0,636.0,43_Form20.pdf
43,,,103,MARDI,3,631.0,0.0,5.0,636.0,43_Form20.pdf
43,,,104,JOYEL MURMU,223,866.0,0.0,4.0,870.0,43_Form20.pdf
43,,,104,THAKUR TUDU,4,866.0,0.0,4.0,870.0,43_Form20.pdf
43,,,104,PRODIP BASKEY,460,866.0,0.0,4.0,870.0,43_Form20.pdf
43,,,104,KISKU,9,866.0,0.0,4.0,870.0,43_Form20.pdf
43,,,104,NIRMAL KISKU,2,866.0,0.0,4.0,870.0,43_Form20.pdf
43,,,104,BABURAM BISWANATH,1,866.0,0.0,4.0,870.0,43_Form20.pdf
43,,,104,MARDI,2,866.0,0.0,4.0,870.0,43_Form20.pdf
43,,,105,JOYEL MURMU,76,465.0,0.0,1.0,466.0,43_Form20.pdf
43,,,105,THAKUR TUDU,25,465.0,0.0,1.0,466.0,43_Form20.pdf
43,,,105,PRODIP BASKEY,220,465.0,0.0,1.0,466.0,43_Form20.pdf
43,,,105,KISKU,3,465.0,0.0,1.0,466.0,43_Form20.pdf
43,,,105,NIRMAL KISKU,1,465.0,0.0,1.0,466.0,43_Form20.pdf
43,,,105,BABURAM BISWANATH,2,465.0,0.0,1.0,466.0,43_Form20.pdf
43,,,105,MARDI,0,465.0,0.0,1.0,466.0,43_Form20.pdf
43,,,105(A),JOYEL MURMU,122,438.0,0.0,1.0,439.0,43_Form20.pdf
43,,,105(A),THAKUR TUDU,9,438.0,0.0,1.0,439.0,43_Form20.pdf
43,,,105(A),PRODIP BASKEY,264,438.0,0.0,1.0,439.0,43_Form20.pdf
43,,,105(A),KISKU,3,438.0,0.0,1.0,439.0,43_Form20.pdf
43,,,105(A),NIRMAL KISKU,0,438.0,0.0,1.0,439.0,43_Form20.pdf
43,,,105(A),BABURAM BISWANATH,3,438.0,0.0,1.0,439.0,43_Form20.pdf
43,,,105(A),MARDI,3,438.0,0.0,1.0,439.0,43_Form20.pdf
43,,,106,JOYEL MURMU,195,451.0,0.0,0.0,451.0,43_Form20.pdf
43,,,106,THAKUR TUDU,11,451.0,0.0,0.0,451.0,43_Form20.pdf
43,,,106,PRODIP BASKEY,276,451.0,0.0,0.0,451.0,43_Form20.pdf
43,,,106,KISKU,7,451.0,0.0,0.0,451.0,43_Form20.pdf
43,,,106,NIRMAL KISKU,1,451.0,0.0,0.0,451.0,43_Form20.pdf
43,,,106,BABURAM BISWANATH,1,451.0,0.0,0.0,451.0,43_Form20.pdf
43,,,106,MARDI,4,451.0,0.0,0.0,451.0,43_Form20.pdf
43,,,106(A),JOYEL MURMU,208,433.0,0.0,4.0,437.0,43_Form20.pdf
43,,,106(A),THAKUR TUDU,18,433.0,0.0,4.0,437.0,43_Form20.pdf
43,,,106(A),PRODIP BASKEY,208,433.0,0.0,4.0,437.0,43_Form20.pdf
43,,,106(A),KISKU,5,433.0,0.0,4.0,437.0,43_Form20.pdf
43,,,106(A),NIRMAL KISKU,0,433.0,0.0,4.0,437.0,43_Form20.pdf
43,,,106(A),BABURAM BISWANATH,4,433.0,0.0,4.0,437.0,43_Form20.pdf
43,,,106(A),MARDI,1,433.0,0.0,4.0,437.0,43_Form20.pdf
43,,,107,JOYEL MURMU,138,508.0,0.0,2.0,510.0,43_Form20.pdf
43,,,107,THAKUR TUDU,32,508.0,0.0,2.0,510.0,43_Form20.pdf
43,,,107,PRODIP BASKEY,317,508.0,0.0,2.0,510.0,43_Form20.pdf
43,,,107,KISKU,4,508.0,0.0,2.0,510.0,43_Form20.pdf
43,,,107,NIRMAL KISKU,0,508.0,0.0,2.0,510.0,43_Form20.pdf
43,,,107,BABURAM BISWANATH,5,508.0,0.0,2.0,510.0,43_Form20.pdf
43,,,107,MARDI,0,508.0,0.0,2.0,510.0,43_Form20.pdf
43,,,107(A),JOYEL MURMU,213,535.0,0.0,2.0,537.0,43_Form20.pdf
43,,,107(A),THAKUR TUDU,13,535.0,0.0,2.0,537.0,43_Form20.pdf
43,,,107(A),PRODIP BASKEY,270,535.0,0.0,2.0,537.0,43_Form20.pdf
43,,,107(A),KISKU,6,535.0,0.0,2.0,537.0,43_Form20.pdf
43,,,107(A),NIRMAL KISKU,10,535.0,0.0,2.0,537.0,43_Form20.pdf
43,,,107(A),BABURAM BISWANATH,6,535.0,0.0,2.0,537.0,43_Form20.pdf
43,,,107(A),MARDI,1,535.0,0.0,2.0,537.0,43_Form20.pdf
43,,,108,JOYEL MURMU,129,445.0,0.0,0.0,445.0,43_Form20.pdf
43,,,108,THAKUR TUDU,11,445.0,0.0,0.0,445.0,43_Form20.pdf
43,,,108,PRODIP BASKEY,286,445.0,0.0,0.0,445.0,43_Form20.pdf
43,,,108,KISKU,3,445.0,0.0,0.0,445.0,43_Form20.pdf
43,,,108,NIRMAL KISKU,5,445.0,0.0,0.0,445.0,43_Form20.pdf
43,,,108,BABURAM BISWANATH,2,445.0,0.0,0.0,445.0,43_Form20.pdf
43,,,108,MARDI,0,445.0,0.0,0.0,445.0,43_Form20.pdf
43,,,108(A),JOYEL MURMU,103,470.0,0.0,5.0,475.0,43_Form20.pdf
43,,,108(A),THAKUR TUDU,11,470.0,0.0,5.0,475.0,43_Form20.pdf
43,,,108(A),PRODIP BASKEY,321,470.0,0.0,5.0,475.0,43_Form20.pdf
43,,,108(A),KISKU,2,470.0,0.0,5.0,475.0,43_Form20.pdf
43,,,108(A),NIRMAL KISKU,2,470.0,0.0,5.0,475.0,43_Form20.pdf
43,,,108(A),BABURAM BISWANATH,4,470.0,0.0,5.0,475.0,43_Form20.pdf
43,,,108(A),MARDI,5,470.0,0.0,5.0,475.0,43_Form20.pdf
43,,,109,JOYEL MURMU,348,832.0,0.0,16.0,848.0,43_Form20.pdf
43,,,109,THAKUR TUDU,9,832.0,0.0,16.0,848.0,43_Form20.pdf
43,,,109,PRODIP BASKEY,385,832.0,0.0,16.0,848.0,43_Form20.pdf
43,,,109,KISKU,8,832.0,0.0,16.0,848.0,43_Form20.pdf
43,,,109,NIRMAL KISKU,61,832.0,0.0,16.0,848.0,43_Form20.pdf
43,,,109,BABURAM BISWANATH,3,832.0,0.0,16.0,848.0,43_Form20.pdf
43,,,109,MARDI,13,832.0,0.0,16.0,848.0,43_Form20.pdf
43,,,110,JOYEL MURMU,196,508.0,0.0,9.0,517.0,43_Form20.pdf
43,,,110,THAKUR TUDU,10,508.0,0.0,9.0,517.0,43_Form20.pdf
43,,,110,PRODIP BASKEY,178,508.0,0.0,9.0,517.0,43_Form20.pdf
43,,,110,KISKU,3,508.0,0.0,9.0,517.0,43_Form20.pdf
43,,,110,NIRMAL KISKU,11,508.0,0.0,9.0,517.0,43_Form20.pdf
43,,,110,BABURAM BISWANATH,2,508.0,0.0,9.0,517.0,43_Form20.pdf
43,,,110,MARDI,2,508.0,0.0,9.0,517.0,43_Form20.pdf
43,,,110(A),JOYEL MURMU,354,787.0,0.0,4.0,791.0,43_Form20.pdf
43,,,110(A),THAKUR TUDU,51,787.0,0.0,4.0,791.0,43_Form20.pdf
43,,,110(A),PRODIP BASKEY,354,787.0,0.0,4.0,791.0,43_Form20.pdf
43,,,110(A),KISKU,6,787.0,0.0,4.0,791.0,43_Form20.pdf
43,,,110(A),NIRMAL KISKU,2,787.0,0.0,4.0,791.0,43_Form20.pdf
43,,,110(A),BABURAM BISWANATH,0,787.0,0.0,4.0,791.0,43_Form20.pdf
43,,,110(A),MARDI,4,787.0,0.0,4.0,791.0,43_Form20.pdf
43,,,111,JOYEL MURMU,376,676.0,0.0,1.0,677.0,43_Form20.pdf
43,,,111,THAKUR TUDU,56,676.0,0.0,1.0,677.0,43_Form20.pdf
43,,,111,PRODIP BASKEY,274,676.0,0.0,1.0,677.0,43_Form20.pdf
43,,,111,KISKU,4,676.0,0.0,1.0,677.0,43_Form20.pdf
43,,,111,NIRMAL KISKU,4,676.0,0.0,1.0,677.0,43_Form20.pdf
43,,,111,BABURAM BISWANATH,2,676.0,0.0,1.0,677.0,43_Form20.pdf
43,,,111,MARDI,2,676.0,0.0,1.0,677.0,43_Form20.pdf
43,,,112,JOYEL MURMU,301,466.0,0.0,1.0,467.0,43_Form20.pdf
43,,,112,THAKUR TUDU,6,466.0,0.0,1.0,467.0,43_Form20.pdf
43,,,112,PRODIP BASKEY,232,466.0,0.0,1.0,467.0,43_Form20.pdf
43,,,112,KISKU,2,466.0,0.0,1.0,467.0,43_Form20.pdf
43,,,112,NIRMAL KISKU,4,466.0,0.0,1.0,467.0,43_Form20.pdf
43,,,112,BABURAM BISWANATH,1,466.0,0.0,1.0,467.0,43_Form20.pdf
43,,,112,MARDI,1,466.0,0.0,1.0,467.0,43_Form20.pdf
43,,,113,JOYEL MURMU,252,456.0,0.0,0.0,456.0,43_Form20.pdf
43,,,113,THAKUR TUDU,37,456.0,0.0,0.0,456.0,43_Form20.pdf
43,,,113,PRODIP BASKEY,146,456.0,0.0,0.0,456.0,43_Form20.pdf
43,,,113,KISKU,0,456.0,0.0,0.0,456.0,43_Form20.pdf
43,,,113,NIRMAL KISKU,6,456.0,0.0,0.0,456.0,43_Form20.pdf
43,,,113,BABURAM BISWANATH,0,456.0,0.0,0.0,456.0,43_Form20.pdf
43,,,113,MARDI,6,456.0,0.0,0.0,456.0,43_Form20.pdf
43,,,114,JOYEL MURMU,376,736.0,0.0,0.0,736.0,43_Form20.pdf
43,,,114,THAKUR TUDU,276,736.0,0.0,0.0,736.0,43_Form20.pdf
43,,,114,PRODIP BASKEY,4,736.0,0.0,0.0,736.0,43_Form20.pdf
43,,,114,KISKU,2,736.0,0.0,0.0,736.0,43_Form20.pdf
43,,,114,NIRMAL KISKU,6,736.0,0.0,0.0,736.0,43_Form20.pdf
43,,,114,BABURAM BISWANATH,2,736.0,0.0,0.0,736.0,43_Form20.pdf
43,,,114,MARDI,2,736.0,0.0,0.0,736.0,43_Form20.pdf
43,,,115,JOYEL MURMU,308,563.0,0.0,0.0,563.0,43_Form20.pdf
43,,,115,THAKUR TUDU,14,563.0,0.0,0.0,563.0,43_Form20.pdf
43,,,115,PRODIP BASKEY,276,563.0,0.0,0.0,563.0,43_Form20.pdf
43,,,115,KISKU,2,563.0,0.0,0.0,563.0,43_Form20.pdf
43,,,115,NIRMAL KISKU,3,563.0,0.0,0.0,563.0,43_Form20.pdf
43,,,115,BABURAM BISWANATH,1,563.0,0.0,0.0,563.0,43_Form20.pdf
43,,,115,MARDI,1,563.0,0.0,0.0,563.0,43_Form20.pdf
43,,,116,JOYEL MURMU,253,733.0,0.0,1.0,734.0,43_Form20.pdf
43,,,116,THAKUR TUDU,399,733.0,0.0,1.0,734.0,43_Form20.pdf
43,,,116,PRODIP BASKEY,2,733.0,0.0,1.0,734.0,43_Form20.pdf
43,,,116,KISKU,0,733.0,0.0,1.0,734.0,43_Form20.pdf
43,,,116,NIRMAL KISKU,6,733.0,0.0,1.0,734.0,43_Form20.pdf
43,,,116,BABURAM BISWANATH,1,733.0,0.0,1.0,734.0,43_Form20.pdf
43,,,116,MARDI,1,733.0,0.0,1.0,734.0,43_Form20.pdf
43,,,117,JOYEL MURMU,324,551.0,0.0,0.0,551.0,43_Form20.pdf
43,,,117,THAKUR TUDU,15,551.0,0.0,0.0,551.0,43_Form20.pdf
43,,,117,PRODIP BASKEY,261,551.0,0.0,0.0,551.0,43_Form20.pdf
43,,,117,KISKU,9,551.0,0.0,0.0,551.0,43_Form20.pdf
43,,,117,NIRMAL KISKU,8,551.0,0.0,0.0,551.0,43_Form20.pdf
43,,,117,BABURAM BISWANATH,0,551.0,0.0,0.0,551.0,43_Form20.pdf
43,,,117,MARDI,0,551.0,0.0,0.0,551.0,43_Form20.pdf
43,,,118,JOYEL MURMU,439,632.0,0.0,9.0,641.0,43_Form20.pdf
43,,,118,THAKUR TUDU,17,632.0,0.0,9.0,641.0,43_Form20.pdf
43,,,118,PRODIP BASKEY,259,632.0,0.0,9.0,641.0,43_Form20.pdf
43,,,118,KISKU,4,632.0,0.0,9.0,641.0,43_Form20.pdf
43,,,118,NIRMAL KISKU,6,632.0,0.0,9.0,641.0,43_Form20.pdf
43,,,118,BABURAM BISWANATH,5,632.0,0.0,9.0,641.0,43_Form20.pdf
43,,,118,MARDI,0,632.0,0.0,9.0,641.0,43_Form20.pdf
43,,,119,JOYEL MURMU,289,898.0,0.0,10.0,908.0,43_Form20.pdf
43,,,119,THAKUR TUDU,19,898.0,0.0,10.0,908.0,43_Form20.pdf
43,,,119,PRODIP BASKEY,396,898.0,0.0,10.0,908.0,43_Form20.pdf
43,,,119,KISKU,5,898.0,0.0,10.0,908.0,43_Form20.pdf
43,,,119,NIRMAL KISKU,9,898.0,0.0,10.0,908.0,43_Form20.pdf
43,,,119,BABURAM BISWANATH,3,898.0,0.0,10.0,908.0,43_Form20.pdf
43,,,119,MARDI,1,898.0,0.0,10.0,908.0,43_Form20.pdf
43,,,120,JOYEL MURMU,273,557.0,0.0,7.0,564.0,43_Form20.pdf
43,,,120,THAKUR TUDU,5,557.0,0.0,7.0,564.0,43_Form20.pdf
43,,,120,PRODIP BASKEY,236,557.0,0.0,7.0,564.0,43_Form20.pdf
43,,,120,KISKU,6,557.0,0.0,7.0,564.0,43_Form20.pdf
43,,,120,NIRMAL KISKU,6,557.0,0.0,7.0,564.0,43_Form20.pdf
43,,,120,BABURAM BISWANATH,1,557.0,0.0,7.0,564.0,43_Form20.pdf
43,,,120,MARDI,2,557.0,0.0,7.0,564.0,43_Form20.pdf
43,,,121,JOYEL MURMU,337,530.0,0.0,1.0,531.0,43_Form20.pdf
43,,,121,THAKUR TUDU,38,530.0,0.0,1.0,531.0,43_Form20.pdf
43,,,121,PRODIP BASKEY,242,530.0,0.0,1.0,531.0,43_Form20.pdf
43,,,121,KISKU,7,530.0,0.0,1.0,531.0,43_Form20.pdf
43,,,121,NIRMAL KISKU,7,530.0,0.0,1.0,531.0,43_Form20.pdf
43,,,121,BABURAM BISWANATH,3,530.0,0.0,1.0,531.0,43_Form20.pdf
43,,,121,MARDI,3,530.0,0.0,1.0,531.0,43_Form20.pdf
43,,,122,JOYEL MURMU,292,564.0,0.0,12.0,576.0,43_Form20.pdf
43,,,122,THAKUR TUDU,18,564.0,0.0,12.0,576.0,43_Form20.pdf
43,,,122,PRODIP BASKEY,184,564.0,0.0,12.0,576.0,43_Form20.pdf
43,,,122,KISKU,4,564.0,0.0,12.0,576.0,43_Form20.pdf
43,,,122,NIRMAL KISKU,4,564.0,0.0,12.0,576.0,43_Form20.pdf
43,,,122,BABURAM BISWANATH,0,564.0,0.0,12.0,576.0,43_Form20.pdf
43,,,122,MARDI,2,564.0,0.0,12.0,576.0,43_Form20.pdf
43,,,122(A),JOYEL MURMU,186,554.0,0.0,4.0,558.0,43_Form20.pdf
43,,,122(A),THAKUR TUDU,14,554.0,0.0,4.0,558.0,43_Form20.pdf
43,,,122(A),PRODIP BASKEY,106,554.0,0.0,4.0,558.0,43_Form20.pdf
43,,,122(A),KISKU,2,554.0,0.0,4.0,558.0,43_Form20.pdf
43,,,122(A),NIRMAL KISKU,7,554.0,0.0,4.0,558.0,43_Form20.pdf
43,,,122(A),BABURAM BISWANATH,5,554.0,0.0,4.0,558.0,43_Form20.pdf
43,,,122(A),MARDI,4,554.0,0.0,4.0,558.0,43_Form20.pdf
43,,,163,JOYEL MURMU,123,699.0,0.0,15.0,714.0,43_Form20.pdf
43,,,163,THAKUR TUDU,276,699.0,0.0,15.0,714.0,43_Form20.pdf
43,,,163,PRODIP BASKEY,342,699.0,0.0,15.0,714.0,43_Form20.pdf
43,,,163,KISKU,15,699.0,0.0,15.0,714.0,43_Form20.pdf
43,,,163,NIRMAL KISKU,10,699.0,0.0,15.0,714.0,43_Form20.pdf
43,,,163,BABURAM BISWANATH,7,699.0,0.0,15.0,714.0,43_Form20.pdf
43,,,163,MARDI,1,699.0,0.0,15.0,714.0,43_Form20.pdf
43,,,164,JOYEL MURMU,124,510.0,0.0,5.0,515.0,43_Form20.pdf
43,,,164,THAKUR TUDU,264,510.0,0.0,5.0,515.0,43_Form20.pdf
43,,,164,PRODIP BASKEY,190,510.0,0.0,5.0,515.0,43_Form20.pdf
43,,,164,KISKU,2,510.0,0.0,5.0,515.0,43_Form20.pdf
43,,,164,NIRMAL KISKU,9,510.0,0.0,5.0,515.0,43_Form20.pdf
43,,,164,BABURAM BISWANATH,4,510.0,0.0,5.0,515.0,43_Form20.pdf
43,,,164,MARDI,7,510.0,0.0,5.0,515.0,43_Form20.pdf
43,,,168,JOYEL MURMU,267,481.0,0.0,9.0,490.0,43_Form20.pdf
43,,,168,THAKUR TUDU,162,481.0,0.0,9.0,490.0,43_Form20.pdf
43,,,168,PRODIP BASKEY,5,481.0,0.0,9.0,490.0,43_Form20.pdf
43,,,168,KISKU,24,481.0,0.0,9.0,490.0,43_Form20.pdf
43,,,168,NIRMAL KISKU,8,481.0,0.0,9.0,490.0,43_Form20.pdf
43,,,168,BABURAM BISWANATH,4,481.0,0.0,9.0,490.0,43_Form20.pdf
43,,,168,MARDI,1,481.0,0.0,9.0,490.0,43_Form20.pdf
43,,,170,JOYEL MURMU,127,515.0,0.0,4.0,519.0,43_Form20.pdf
43,,,170,THAKUR TUDU,180,515.0,0.0,4.0,519.0,43_Form20.pdf
43,,,170,PRODIP BASKEY,220,515.0,0.0,4.0,519.0,43_Form20.pdf
43,,,170,KISKU,2,515.0,0.0,4.0,519.0,43_Form20.pdf
43,,,170,NIRMAL KISKU,9,515.0,0.0,4.0,519.0,43_Form20.pdf
43,,,170,BABURAM BISWANATH,4,515.0,0.0,4.0,519.0,43_Form20.pdf
43,,,170,MARDI,2,515.0,0.0,4.0,519.0,43_Form20.pdf
43,,,172,JOYEL MURMU,128,844.0,0.0,1.0,845.0,43_Form20.pdf
43,,,172,THAKUR TUDU,128,844.0,0.0,1.0,845.0,43_Form20.pdf
43,,,172,PRODIP BASKEY,180,844.0,0.0,1.0,845.0,43_Form20.pdf
43,,,172,KISKU,12,844.0,0.0,1.0,845.0,43_Form20.pdf
43,,,172,NIRMAL KISKU,77,844.0,0.0,1.0,845.0,43_Form20.pdf
43,,,172,BABURAM BISWANATH,93,844.0,0.0,1.0,845.0,43_Form20.pdf
43,,,172,MARDI,4,844.0,0.0,1.0,845.0,43_Form20.pdf
43,,,173,JOYEL MURMU,129,423.0,0.0,4.0,427.0,43_Form20.pdf
43,,,173,THAKUR TUDU,169,423.0,0.0,4.0,427.0,43_Form20.pdf
43,,,173,PRODIP BASKEY,315,423.0,0.0,4.0,427.0,43_Form20.pdf
43,,,173,KISKU,5,423.0,0.0,4.0,427.0,43_Form20.pdf
43,,,173,NIRMAL KISKU,12,423.0,0.0,4.0,427.0,43_Form20.pdf
43,,,173,BABURAM BISWANATH,77,423.0,0.0,4.0,427.0,43_Form20.pdf
43,,,173,MARDI,1,423.0,0.0,4.0,427.0,43_Form20.pdf
43,,,175,JOYEL MURMU,130,420.0,0.0,5.0,425.0,43_Form20.pdf
43,,,175,THAKUR TUDU,250,420.0,0.0,5.0,425.0,43_Form20.pdf
43,,,175,PRODIP BASKEY,161,420.0,0.0,5.0,425.0,43_Form20.pdf
43,,,175,KISKU,18,420.0,0.0,5.0,425.0,43_Form20.pdf
43,,,175,NIRMAL KISKU,18,420.0,0.0,5.0,425.0,43_Form20.pdf
43,,,175,BABURAM BISWANATH,21,420.0,0.0,5.0,425.0,43_Form20.pdf
43,,,175,MARDI,2,420.0,0.0,5.0,425.0,43_Form20.pdf
43,,,176,JOYEL MURMU,131,427.0,0.0,0.0,427.0,43_Form20.pdf
43,,,176,THAKUR TUDU,241,427.0,0.0,0.0,427.0,43_Form20.pdf
43,,,176,PRODIP BASKEY,72,427.0,0.0,0.0,427.0,43_Form20.pdf
43,,,176,KISKU,17,427.0,0.0,0.0,427.0,43_Form20.pdf
43,,,176,NIRMAL KISKU,22,427.0,0.0,0.0,427.0,43_Form20.pdf
43,,,176,BABURAM BISWANATH,59,427.0,0.0,0.0,427.0,43_Form20.pdf
43,,,176,MARDI,1,427.0,0.0,0.0,427.0,43_Form20.pdf
43,,,177,JOYEL MURMU,132,717.0,0.0,13.0,730.0,43_Form20.pdf
43,,,177,THAKUR TUDU,185,717.0,0.0,13.0,730.0,43_Form20.pdf
43,,,177,PRODIP BASKEY,106,717.0,0.0,13.0,730.0,43_Form20.pdf
43,,,177,KISKU,15,717.0,0.0,13.0,730.0,43_Form20.pdf
43,,,177,NIRMAL KISKU,35,717.0,0.0,13.0,730.0,43_Form20.pdf
43,,,177,BABURAM BISWANATH,35,717.0,0.0,13.0,730.0,43_Form20.pdf
43,,,177,MARDI,7,717.0,0.0,13.0,730.0,43_Form20.pdf
43,,,179,JOYEL MURMU,133,490.0,0.0,12.0,502.0,43_Form20.pdf
43,,,179,THAKUR TUDU,238,490.0,0.0,12.0,502.0,43_Form20.pdf
43,,,179,PRODIP BASKEY,69,490.0,0.0,12.0,502.0,43_Form20.pdf
43,,,179,KISKU,6,490.0,0.0,12.0,502.0,43_Form20.pdf
43,,,179,NIRMAL KISKU,3,490.0,0.0,12.0,502.0,43_Form20.pdf
43,,,179,BABURAM BISWANATH,19,490.0,0.0,12.0,502.0,43_Form20.pdf
43,,,179,MARDI,1,490.0,0.0,12.0,502.0,43_Form20.pdf
43,,,180,JOYEL MURMU,134,557.0,0.0,8.0,565.0,43_Form20.pdf
43,,,180,THAKUR TUDU,387,557.0,0.0,8.0,565.0,43_Form20.pdf
43,,,180,PRODIP BASKEY,79,557.0,0.0,8.0,565.0,43_Form20.pdf
43,,,180,KISKU,31,557.0,0.0,8.0,565.0,43_Form20.pdf
43,,,180,NIRMAL KISKU,1,557.0,0.0,8.0,565.0,43_Form20.pdf
43,,,180,BABURAM BISWANATH,238,557.0,0.0,8.0,565.0,43_Form20.pdf
43,,,180,MARDI,3,557.0,0.0,8.0,565.0,43_Form20.pdf
43,,,181,JOYEL MURMU,135,650.0,0.0,1.0,651.0,43_Form20.pdf
43,,,181,THAKUR TUDU,234,650.0,0.0,1.0,651.0,43_Form20.pdf
43,,,181,PRODIP BASKEY,332,650.0,0.0,1.0,651.0,43_Form20.pdf
43,,,181,KISKU,11,650.0,0.0,1.0,651.0,43_Form20.pdf
43,,,181,NIRMAL KISKU,10,650.0,0.0,1.0,651.0,43_Form20.pdf
43,,,181,BABURAM BISWANATH,0,650.0,0.0,1.0,651.0,43_Form20.pdf
43,,,181,MARDI,4,650.0,0.0,1.0,651.0,43_Form20.pdf
43,,,182,JOYEL MURMU,136,709.0,0.0,7.0,716.0,43_Form20.pdf
43,,,182,THAKUR TUDU,409,709.0,0.0,7.0,716.0,43_Form20.pdf
43,,,182,PRODIP BASKEY,205,709.0,0.0,7.0,716.0,43_Form20.pdf
43,,,182,KISKU,24,709.0,0.0,7.0,716.0,43_Form20.pdf
43,,,182,NIRMAL KISKU,6,709.0,0.0,7.0,716.0,43_Form20.pdf
43,,,182,BABURAM BISWANATH,0,709.0,0.0,7.0,716.0,43_Form20.pdf
43,,,182,MARDI,2,709.0,0.0,7.0,716.0,43_Form20.pdf
43,,,183,JOYEL MURMU,137,700.0,0.0,9.0,709.0,43_Form20.pdf
43,,,183,THAKUR TUDU,291,700.0,0.0,9.0,709.0,43_Form20.pdf
43,,,183,PRODIP BASKEY,180,700.0,0.0,9.0,709.0,43_Form20.pdf
43,,,183,KISKU,5,700.0,0.0,9.0,709.0,43_Form20.pdf
43,,,183,NIRMAL KISKU,5,700.0,0.0,9.0,709.0,43_Form20.pdf
43,,,183,BABURAM BISWANATH,0,700.0,0.0,9.0,709.0,43_Form20.pdf
43,,,183,MARDI,1,700.0,0.0,9.0,709.0,43_Form20.pdf
43,,,185,JOYEL MURMU,138,529.0,0.0,3.0,532.0,43_Form20.pdf
43,,,185,THAKUR TUDU,298,529.0,0.0,3.0,532.0,43_Form20.pdf
43,,,185,PRODIP BASKEY,250,529.0,0.0,3.0,532.0,43_Form20.pdf
43,,,185,KISKU,4,529.0,0.0,3.0,532.0,43_Form20.pdf
43,,,185,NIRMAL KISKU,4,529.0,0.0,3.0,532.0,43_Form20.pdf
43,,,185,BABURAM BISWANATH,1,529.0,0.0,3.0,532.0,43_Form20.pdf
43,,,185,MARDI,3,529.0,0.0,3.0,532.0,43_Form20.pdf
43,,,186,JOYEL MURMU,139,496.0,0.0,6.0,502.0,43_Form20.pdf
43,,,186,THAKUR TUDU,209,496.0,0.0,6.0,502.0,43_Form20.pdf
43,,,186,PRODIP BASKEY,271,496.0,0.0,6.0,502.0,43_Form20.pdf
43,,,186,KISKU,11,496.0,0.0,6.0,502.0,43_Form20.pdf
43,,,186,NIRMAL KISKU,21,496.0,0.0,6.0,502.0,43_Form20.pdf
43,,,186,BABURAM BISWANATH,2,496.0,0.0,6.0,502.0,43_Form20.pdf
43,,,186,MARDI,6,496.0,0.0,6.0,502.0,43_Form20.pdf
43,,,187,JOYEL MURMU,140,618.0,0.0,18.0,636.0,43_Form20.pdf
43,,,187,THAKUR TUDU,85,618.0,0.0,18.0,636.0,43_Form20.pdf
43,,,187,PRODIP BASKEY,177,618.0,0.0,18.0,636.0,43_Form20.pdf
43,,,187,KISKU,12,618.0,0.0,18.0,636.0,43_Form20.pdf
43,,,187,NIRMAL KISKU,16,618.0,0.0,18.0,636.0,43_Form20.pdf
43,,,187,BABURAM BISWANATH,4,618.0,0.0,18.0,636.0,43_Form20.pdf
43,,,187,MARDI,5,618.0,0.0,18.0,636.0,43_Form20.pdf
43,,,189,JOYEL MURMU,141,,,,,43_Form20.pdf
43,,,189,THAKUR TUDU,204,,,,,43_Form20.pdf
43,,,189,PRODIP BASKEY,438,,,,,43_Form20.pdf
43,,,189,KISKU,5,,,,,43_Form20.pdf
43,,,189,NIRMAL KISKU,2,,,,,43_Form20.pdf
43,,,189,BABURAM BISWANATH,3,,,,,43_Form20.pdf
43,,,189,MARDI,2,,,,,43_Form20.pdf
43,,,141(A),JOYEL MURMU,90,456.0,0.0,3.0,459.0,43_Form20.pdf
43,,,141(A),THAKUR TUDU,167,456.0,0.0,3.0,459.0,43_Form20.pdf
43,,,141(A),PRODIP BASKEY,22,456.0,0.0,3.0,459.0,43_Form20.pdf
43,,,141(A),KISKU,1,456.0,0.0,3.0,459.0,43_Form20.pdf
43,,,141(A),NIRMAL KISKU,3,456.0,0.0,3.0,459.0,43_Form20.pdf
43,,,141(A),BABURAM BISWANATH,1,456.0,0.0,3.0,459.0,43_Form20.pdf
43,,,141(A),MARDI,0,456.0,0.0,3.0,459.0,43_Form20.pdf
43,,,141(A),NUMAL PROVATH KISKU,1,456.0,0.0,3.0,459.0,43_Form20.pdf
43,,,142,JOYEL MURMU,176,509.0,0.0,1.0,510.0,43_Form20.pdf
43,,,142,THAKUR TUDU,165,509.0,0.0,1.0,510.0,43_Form20.pdf
43,,,142,PRODIP BASKEY,38,509.0,0.0,1.0,510.0,43_Form20.pdf
43,,,142,KISKU,8,509.0,0.0,1.0,510.0,43_Form20.pdf
43,,,142,NIRMAL KISKU,2,509.0,0.0,1.0,510.0,43_Form20.pdf
43,,,142,BABURAM BISWANATH,7,509.0,0.0,1.0,510.0,43_Form20.pdf
43,,,142,MARDI,3,509.0,0.0,1.0,510.0,43_Form20.pdf
43,,,142,NUMAL PROVATH KISKU,1,509.0,0.0,1.0,510.0,43_Form20.pdf
43,,,143,JOYEL MURMU,249,450.0,0.0,0.0,450.0,43_Form20.pdf
43,,,143,THAKUR TUDU,183,450.0,0.0,0.0,450.0,43_Form20.pdf
43,,,143,PRODIP BASKEY,19,450.0,0.0,0.0,450.0,43_Form20.pdf
43,,,143,KISKU,2,450.0,0.0,0.0,450.0,43_Form20.pdf
43,,,143,NIRMAL KISKU,9,450.0,0.0,0.0,450.0,43_Form20.pdf
43,,,143,BABURAM BISWANATH,5,450.0,0.0,0.0,450.0,43_Form20.pdf
43,,,143,MARDI,1,450.0,0.0,0.0,450.0,43_Form20.pdf
43,,,143,NUMAL PROVATH KISKU,0,450.0,0.0,0.0,450.0,43_Form20.pdf
43,,,143(A),JOYEL MURMU,275,674.0,0.0,0.0,674.0,43_Form20.pdf
43,,,143(A),THAKUR TUDU,133,674.0,0.0,0.0,674.0,43_Form20.pdf
43,,,143(A),PRODIP BASKEY,26,674.0,0.0,0.0,674.0,43_Form20.pdf
43,,,143(A),KISKU,0,674.0,0.0,0.0,674.0,43_Form20.pdf
43,,,143(A),NIRMAL KISKU,2,674.0,0.0,0.0,674.0,43_Form20.pdf
43,,,143(A),BABURAM BISWANATH,13,674.0,0.0,0.0,674.0,43_Form20.pdf
43,,,143(A),MARDI,0,674.0,0.0,0.0,674.0,43_Form20.pdf
43,,,143(A),NUMAL PROVATH KISKU,0,674.0,0.0,0.0,674.0,43_Form20.pdf
43,,,144,JOYEL MURMU,196,537.0,0.0,6.0,543.0,43_Form20.pdf
43,,,144,THAKUR TUDU,10,537.0,0.0,6.0,543.0,43_Form20.pdf
43,,,144,PRODIP BASKEY,29,537.0,0.0,6.0,543.0,43_Form20.pdf
43,,,144,KISKU,1,537.0,0.0,6.0,543.0,43_Form20.pdf
43,,,144,NIRMAL KISKU,0,537.0,0.0,6.0,543.0,43_Form20.pdf
43,,,144,BABURAM BISWANATH,29,537.0,0.0,6.0,543.0,43_Form20.pdf
43,,,144,MARDI,1,537.0,0.0,6.0,543.0,43_Form20.pdf
43,,,144,NUMAL PROVATH KISKU,0,537.0,0.0,6.0,543.0,43_Form20.pdf
43,,,145,JOYEL MURMU,287,383.0,0.0,1.0,384.0,43_Form20.pdf
43,,,145,THAKUR TUDU,1,383.0,0.0,1.0,384.0,43_Form20.pdf
43,,,145,PRODIP BASKEY,79,383.0,0.0,1.0,384.0,43_Form20.pdf
43,,,145,KISKU,3,383.0,0.0,1.0,384.0,43_Form20.pdf
43,,,145,NIRMAL KISKU,1,383.0,0.0,1.0,384.0,43_Form20.pdf
43,,,145,BABURAM BISWANATH,3,383.0,0.0,1.0,384.0,43_Form20.pdf
43,,,145,MARDI,0,383.0,0.0,1.0,384.0,43_Form20.pdf
43,,,145,NUMAL PROVATH KISKU,1,383.0,0.0,1.0,384.0,43_Form20.pdf
43,,,146,JOYEL MURMU,202,811.0,0.0,0.0,811.0,43_Form20.pdf
43,,,146,THAKUR TUDU,2,811.0,0.0,0.0,811.0,43_Form20.pdf
43,,,146,PRODIP BASKEY,3,811.0,0.0,0.0,811.0,43_Form20.pdf
43,,,146,KISKU,2,811.0,0.0,0.0,811.0,43_Form20.pdf
43,,,146,NIRMAL KISKU,3,811.0,0.0,0.0,811.0,43_Form20.pdf
43,,,146,BABURAM BISWANATH,1,811.0,0.0,0.0,811.0,43_Form20.pdf
43,,,146,MARDI,1,811.0,0.0,0.0,811.0,43_Form20.pdf
43,,,146,NUMAL PROVATH KISKU,1,811.0,0.0,0.0,811.0,43_Form20.pdf
43,,,147,JOYEL MURMU,256,543.0,0.0,11.0,554.0,43_Form20.pdf
43,,,147,THAKUR TUDU,3,543.0,0.0,11.0,554.0,43_Form20.pdf
43,,,147,PRODIP BASKEY,0,543.0,0.0,11.0,554.0,43_Form20.pdf
43,,,147,KISKU,2,543.0,0.0,11.0,554.0,43_Form20.pdf
43,,,147,NIRMAL KISKU,0,543.0,0.0,11.0,554.0,43_Form20.pdf
43,,,147,BABURAM BISWANATH,0,543.0,0.0,11.0,554.0,43_Form20.pdf
43,,,147,MARDI,2,543.0,0.0,11.0,554.0,43_Form20.pdf
43,,,147,NUMAL PROVATH KISKU,0,543.0,0.0,11.0,554.0,43_Form20.pdf
43,,,148,JOYEL MURMU,453,822.0,0.0,5.0,827.0,43_Form20.pdf
43,,,148,THAKUR TUDU,17,822.0,0.0,5.0,827.0,43_Form20.pdf
43,,,148,PRODIP BASKEY,8,822.0,0.0,5.0,827.0,43_Form20.pdf
43,,,148,KISKU,8,822.0,0.0,5.0,827.0,43_Form20.pdf
43,,,148,NIRMAL KISKU,5,822.0,0.0,5.0,827.0,43_Form20.pdf
43,,,148,BABURAM BISWANATH,8,822.0,0.0,5.0,827.0,43_Form20.pdf
43,,,148,MARDI,2,822.0,0.0,5.0,827.0,43_Form20.pdf
43,,,148,NUMAL PROVATH KISKU,2,822.0,0.0,5.0,827.0,43_Form20.pdf
43,,,149,JOYEL MURMU,110,456.0,0.0,6.0,462.0,43_Form20.pdf
43,,,149,THAKUR TUDU,6,456.0,0.0,6.0,462.0,43_Form20.pdf
43,,,149,PRODIP BASKEY,35,456.0,0.0,6.0,462.0,43_Form20.pdf
43,,,149,KISKU,5,456.0,0.0,6.0,462.0,43_Form20.pdf
43,,,149,NIRMAL KISKU,3,456.0,0.0,6.0,462.0,43_Form20.pdf
43,,,149,BABURAM BISWANATH,35,456.0,0.0,6.0,462.0,43_Form20.pdf
43,,,149,MARDI,0,456.0,0.0,6.0,462.0,43_Form20.pdf
43,,,149,NUMAL PROVATH KISKU,0,456.0,0.0,6.0,462.0,43_Form20.pdf
43,,,149(A),JOYEL MURMU,172,593.0,0.0,10.0,603.0,43_Form20.pdf
43,,,149(A),THAKUR TUDU,24,593.0,0.0,10.0,603.0,43_Form20.pdf
43,,,149(A),PRODIP BASKEY,5,593.0,0.0,10.0,603.0,43_Form20.pdf
43,,,149(A),KISKU,5,593.0,0.0,10.0,603.0,43_Form20.pdf
43,,,149(A),NIRMAL KISKU,3,593.0,0.0,10.0,603.0,43_Form20.pdf
43,,,149(A),BABURAM BISWANATH,5,593.0,0.0,10.0,603.0,43_Form20.pdf
43,,,149(A),MARDI,0,593.0,0.0,10.0,603.0,43_Form20.pdf
43,,,149(A),NUMAL PROVATH KISKU,0,593.0,0.0,10.0,603.0,43_Form20.pdf
43,,,150,JOYEL MURMU,328,811.0,0.0,0.0,811.0,43_Form20.pdf
43,,,150,THAKUR TUDU,22,811.0,0.0,0.0,811.0,43_Form20.pdf
43,,,150,PRODIP BASKEY,3,811.0,0.0,0.0,811.0,43_Form20.pdf
43,,,150,KISKU,3,811.0,0.0,0.0,811.0,43_Form20.pdf
43,,,150,NIRMAL KISKU,3,811.0,0.0,0.0,811.0,43_Form20.pdf
43,,,150,BABURAM BISWANATH,3,811.0,0.0,0.0,811.0,43_Form20.pdf
43,,,150,MARDI,0,811.0,0.0,0.0,811.0,43_Form20.pdf
43,,,150,NUMAL PROVATH KISKU,0,811.0,0.0,0.0,811.0,43_Form20.pdf
43,,,151,JOYEL MURMU,412,595.0,0.0,11.0,606.0,43_Form20.pdf
43,,,151,THAKUR TUDU,23,595.0,0.0,11.0,606.0,43_Form20.pdf
43,,,151,PRODIP BASKEY,4,595.0,0.0,11.0,606.0,43_Form20.pdf
43,,,151,KISKU,3,595.0,0.0,11.0,606.0,43_Form20.pdf
43,,,151,NIRMAL KISKU,3,595.0,0.0,11.0,606.0,43_Form20.pdf
43,,,151,BABURAM BISWANATH,3,595.0,0.0,11.0,606.0,43_Form20.pdf
43,,,151,MARDI,0,595.0,0.0,11.0,606.0,43_Form20.pdf
43,,,151,NUMAL PROVATH KISKU,0,595.0,0.0,11.0,606.0,43_Form20.pdf
43,,,152,JOYEL MURMU,393,548.0,0.0,5.0,553.0,43_Form20.pdf
43,,,152,THAKUR TUDU,18,548.0,0.0,5.0,553.0,43_Form20.pdf
43,,,152,PRODIP BASKEY,1,548.0,0.0,5.0,553.0,43_Form20.pdf
43,,,152,KISKU,3,548.0,0.0,5.0,553.0,43_Form20.pdf
43,,,152,NIRMAL KISKU,3,548.0,0.0,5.0,553.0,43_Form20.pdf
43,,,152,BABURAM BISWANATH,1,548.0,0.0,5.0,553.0,43_Form20.pdf
43,,,152,MARDI,0,548.0,0.0,5.0,553.0,43_Form20.pdf
43,,,152,NUMAL PROVATH KISKU,0,548.0,0.0,5.0,553.0,43_Form20.pdf
43,,,152(A),JOYEL MURMU,272,456.0,0.0,6.0,462.0,43_Form20.pdf
43,,,152(A),THAKUR TUDU,65,456.0,0.0,6.0,462.0,43_Form20.pdf
43,,,152(A),PRODIP BASKEY,4,456.0,0.0,6.0,462.0,43_Form20.pdf
43,,,152(A),KISKU,3,456.0,0.0,6.0,462.0,43_Form20.pdf
43,,,152(A),NIRMAL KISKU,3,456.0,0.0,6.0,462.0,43_Form20.pdf
43,,,152(A),BABURAM BISWANATH,4,456.0,0.0,6.0,462.0,43_Form20.pdf
43,,,152(A),MARDI,0,456.0,0.0,6.0,462.0,43_Form20.pdf
43,,,152(A),NUMAL PROVATH KISKU,0,456.0,0.0,6.0,462.0,43_Form20.pdf
43,,,153,JOYEL MURMU,209,510.0,0.0,13.0,523.0,43_Form20.pdf
43,,,153,THAKUR TUDU,44,510.0,0.0,13.0,523.0,43_Form20.pdf
43,,,153,PRODIP BASKEY,5,510.0,0.0,13.0,523.0,43_Form20.pdf
43,,,153,KISKU,7,510.0,0.0,13.0,523.0,43_Form20.pdf
43,,,153,NIRMAL KISKU,3,510.0,0.0,13.0,523.0,43_Form20.pdf
43,,,153,BABURAM BISWANATH,7,510.0,0.0,13.0,523.0,43_Form20.pdf
43,,,153,MARDI,0,510.0,0.0,13.0,523.0,43_Form20.pdf
43,,,153,NUMAL PROVATH KISKU,0,510.0,0.0,13.0,523.0,43_Form20.pdf
43,,,153(A),JOYEL MURMU,263,540.0,0.0,6.0,546.0,43_Form20.pdf
43,,,153(A),THAKUR TUDU,36,540.0,0.0,6.0,546.0,43_Form20.pdf
43,,,153(A),PRODIP BASKEY,8,540.0,0.0,6.0,546.0,43_Form20.pdf
43,,,153(A),KISKU,1,540.0,0.0,6.0,546.0,43_Form20.pdf
43,,,153(A),NIRMAL KISKU,0,540.0,0.0,6.0,546.0,43_Form20.pdf
43,,,153(A),BABURAM BISWANATH,8,540.0,0.0,6.0,546.0,43_Form20.pdf
43,,,153(A),MARDI,0,540.0,0.0,6.0,546.0,43_Form20.pdf
43,,,153(A),NUMAL PROVATH KISKU,0,540.0,0.0,6.0,546.0,43_Form20.pdf
43,,,154,JOYEL MURMU,285,416.0,0.0,11.0,427.0,43_Form20.pdf
43,,,154,THAKUR TUDU,11,416.0,0.0,11.0,427.0,43_Form20.pdf
43,,,154,PRODIP BASKEY,10,416.0,0.0,11.0,427.0,43_Form20.pdf
43,,,154,KISKU,4,416.0,0.0,11.0,427.0,43_Form20.pdf
43,,,154,NIRMAL KISKU,1,416.0,0.0,11.0,427.0,43_Form20.pdf
43,,,154,BABURAM BISWANATH,10,416.0,0.0,11.0,427.0,43_Form20.pdf
43,,,154,MARDI,0,416.0,0.0,11.0,427.0,43_Form20.pdf
43,,,154,NUMAL PROVATH KISKU,0,416.0,0.0,11.0,427.0,43_Form20.pdf
43,,,155,JOYEL MURMU,296,677.0,0.0,0.0,677.0,43_Form20.pdf
43,,,155,THAKUR TUDU,9,677.0,0.0,0.0,677.0,43_Form20.pdf
43,,,155,PRODIP BASKEY,7,677.0,0.0,0.0,677.0,43_Form20.pdf
43,,,155,KISKU,0,677.0,0.0,0.0,677.0,43_Form20.pdf
43,,,155,NIRMAL KISKU,0,677.0,0.0,0.0,677.0,43_Form20.pdf
43,,,155,BABURAM BISWANATH,7,677.0,0.0,0.0,677.0,43_Form20.pdf
43,,,155,MARDI,0,677.0,0.0,0.0,677.0,43_Form20.pdf
43,,,155,NUMAL PROVATH KISKU,0,677.0,0.0,0.0,677.0,43_Form20.pdf
43,,,155(A),JOYEL MURMU,243,543.0,0.0,0.0,543.0,43_Form20.pdf
43,,,155(A),THAKUR TUDU,123,543.0,0.0,0.0,543.0,43_Form20.pdf
43,,,155(A),PRODIP BASKEY,1,543.0,0.0,0.0,543.0,43_Form20.pdf
43,,,155(A),KISKU,0,543.0,0.0,0.0,543.0,43_Form20.pdf
43,,,155(A),NIRMAL KISKU,0,543.0,0.0,0.0,543.0,43_Form20.pdf
43,,,155(A),BABURAM BISWANATH,1,543.0,0.0,0.0,543.0,43_Form20.pdf
43,,,155(A),MARDI,0,543.0,0.0,0.0,543.0,43_Form20.pdf
43,,,155(A),NUMAL PROVATH KISKU,0,543.0,0.0,0.0,543.0,43_Form20.pdf
43,,,156,JOYEL MURMU,388,393.0,0.0,5.0,398.0,43_Form20.pdf
43,,,156,THAKUR TUDU,3,393.0,0.0,5.0,398.0,43_Form20.pdf
43,,,156,PRODIP BASKEY,4,393.0,0.0,5.0,398.0,43_Form20.pdf
43,,,156,KISKU,0,393.0,0.0,5.0,398.0,43_Form20.pdf
43,,,156,NIRMAL KISKU,0,393.0,0.0,5.0,398.0,43_Form20.pdf
43,,,156,BABURAM BISWANATH,4,393.0,0.0,5.0,398.0,43_Form20.pdf
43,,,156,MARDI,0,393.0,0.0,5.0,398.0,43_Form20.pdf
43,,,156,NUMAL PROVATH KISKU,0,393.0,0.0,5.0,398.0,43_Form20.pdf
43,,,157,JOYEL MURMU,360,376.0,0.0,1.0,377.0,43_Form20.pdf
43,,,157,THAKUR TUDU,101,376.0,0.0,1.0,377.0,43_Form20.pdf
43,,,157,PRODIP BASKEY,3,376.0,0.0,1.0,377.0,43_Form20.pdf
43,,,157,KISKU,1,376.0,0.0,1.0,377.0,43_Form20.pdf
43,,,157,NIRMAL KISKU,0,376.0,0.0,1.0,377.0,43_Form20.pdf
43,,,157,BABURAM BISWANATH,1,376.0,0.0,1.0,377.0,43_Form20.pdf
43,,,157,MARDI,0,376.0,0.0,1.0,377.0,43_Form20.pdf
43,,,157,NUMAL PROVATH KISKU,0,376.0,0.0,1.0,377.0,43_Form20.pdf
43,,,157(A),JOYEL MURMU,332,507.0,0.0,0.0,507.0,43_Form20.pdf
43,,,157(A),THAKUR TUDU,110,507.0,0.0,0.0,507.0,43_Form20.pdf
43,,,157(A),PRODIP BASKEY,2,507.0,0.0,0.0,507.0,43_Form20.pdf
43,,,157(A),KISKU,0,507.0,0.0,0.0,507.0,43_Form20.pdf
43,,,157(A),NIRMAL KISKU,0,507.0,0.0,0.0,507.0,43_Form20.pdf
43,,,157(A),BABURAM BISWANATH,2,507.0,0.0,0.0,507.0,43_Form20.pdf
43,,,157(A),MARDI,0,507.0,0.0,0.0,507.0,43_Form20.pdf
43,,,157(A),NUMAL PROVATH KISKU,0,507.0,0.0,0.0,507.0,43_Form20.pdf
43,,,158,JOYEL MURMU,429,485.0,0.0,3.0,488.0,43_Form20.pdf
43,,,158,THAKUR TUDU,50,485.0,0.0,3.0,488.0,43_Form20.pdf
43,,,158,PRODIP BASKEY,2,485.0,0.0,3.0,488.0,43_Form20.pdf
43,,,158,KISKU,0,485.0,0.0,3.0,488.0,43_Form20.pdf
43,,,158,NIRMAL KISKU,0,485.0,0.0,3.0,488.0,43_Form20.pdf
43,,,158,BABURAM BISWANATH,2,485.0,0.0,3.0,488.0,43_Form20.pdf
43,,,158,MARDI,0,485.0,0.0,3.0,488.0,43_Form20.pdf
43,,,158,NUMAL PROVATH KISKU,0,485.0,0.0,3.0,488.0,43_Form20.pdf
43,,,158(A),JOYEL MURMU,278,412.0,0.0,6.0,418.0,43_Form20.pdf
43,,,158(A),THAKUR TUDU,68,412.0,0.0,6.0,418.0,43_Form20.pdf
43,,,158(A),PRODIP BASKEY,5,412.0,0.0,6.0,418.0,43_Form20.pdf
43,,,158(A),KISKU,0,412.0,0.0,6.0,418.0,43_Form20.pdf
43,,,158(A),NIRMAL KISKU,0,412.0,0.0,6.0,418.0,43_Form20.pdf
43,,,158(A),BABURAM BISWANATH,5,412.0,0.0,6.0,418.0,43_Form20.pdf
43,,,158(A),MARDI,0,412.0,0.0,6.0,418.0,43_Form20.pdf
43,,,158(A),NUMAL PROVATH KISKU,0,412.0,0.0,6.0,418.0,43_Form20.pdf
43,,,159,JOYEL MURMU,215,400.0,0.0,1.0,401.0,43_Form20.pdf
43,,,159,THAKUR TUDU,8,400.0,0.0,1.0,401.0,43_Form20.pdf
43,,,159,PRODIP BASKEY,1,400.0,0.0,1.0,401.0,43_Form20.pdf
43,,,159,KISKU,2,400.0,0.0,1.0,401.0,43_Form20.pdf
43,,,159,NIRMAL KISKU,2,400.0,0.0,1.0,401.0,43_Form20.pdf
43,,,159,BABURAM BISWANATH,2,400.0,0.0,1.0,401.0,43_Form20.pdf
43,,,159,MARDI,0,400.0,0.0,1.0,401.0,43_Form20.pdf
43,,,159,NUMAL PROVATH KISKU,0,400.0,0.0,1.0,401.0,43_Form20.pdf
43,,,159(A),JOYEL MURMU,176,547.0,0.0,0.0,547.0,43_Form20.pdf
43,,,159(A),THAKUR TUDU,90,547.0,0.0,0.0,547.0,43_Form20.pdf
43,,,159(A),PRODIP BASKEY,2,547.0,0.0,0.0,547.0,43_Form20.pdf
43,,,159(A),KISKU,0,547.0,0.0,0.0,547.0,43_Form20.pdf
43,,,159(A),NIRMAL KISKU,0,547.0,0.0,0.0,547.0,43_Form20.pdf
43,,,159(A),BABURAM BISWANATH,2,547.0,0.0,0.0,547.0,43_Form20.pdf
43,,,159(A),MARDI,0,547.0,0.0,0.0,547.0,43_Form20.pdf
43,,,159(A),NUMAL PROVATH KISKU,0,547.0,0.0,0.0,547.0,43_Form20.pdf
43,,,160,JOYEL MURMU,254,466.0,0.0,0.0,466.0,43_Form20.pdf
43,,,160,THAKUR TUDU,5,466.0,0.0,0.0,466.0,43_Form20.pdf
43,,,160,PRODIP BASKEY,5,466.0,0.0,0.0,466.0,43_Form20.pdf
43,,,160,KISKU,0,466.0,0.0,0.0,466.0,43_Form20.pdf
43,,,160,NIRMAL KISKU,0,466.0,0.0,0.0,466.0,43_Form20.pdf
43,,,160,BABURAM BISWANATH,5,466.0,0.0,0.0,466.0,43_Form20.pdf
43,,,160,MARDI,0,466.0,0.0,0.0,466.0,43_Form20.pdf
43,,,160,NUMAL PROVATH KISKU,0,466.0,0.0,0.0,466.0,43_Form20.pdf
43,,,217,JOYEL MURMU,160,373.0,0.0,4.0,377.0,43_Form20.pdf
43,,,217,THAKUR TUDU,259,373.0,0.0,4.0,377.0,43_Form20.pdf
43,,,217,PRODIP BASKEY,9,373.0,0.0,4.0,377.0,43_Form20.pdf
43,,,217,KISKU,4,373.0,0.0,4.0,377.0,43_Form20.pdf
43,,,217,NIRMAL KISKU,0,373.0,0.0,4.0,377.0,43_Form20.pdf
43,,,217,BABURAM BISWANATH,0,373.0,0.0,4.0,377.0,43_Form20.pdf
43,,,217,MARDI,0,373.0,0.0,4.0,377.0,43_Form20.pdf
43,,,218,THAKUR TUDU,246,351.0,0.0,3.0,354.0,43_Form20.pdf
43,,,218,PRODIP BASKEY,2,351.0,0.0,3.0,354.0,43_Form20.pdf
43,,,218,KISKU,1,351.0,0.0,3.0,354.0,43_Form20.pdf
43,,,218,NIRMAL KISKU,0,351.0,0.0,3.0,354.0,43_Form20.pdf
43,,,218,BABURAM BISWANATH,1,351.0,0.0,3.0,354.0,43_Form20.pdf
43,,,218,MARDI,1,351.0,0.0,3.0,354.0,43_Form20.pdf
43,,,219,JOYEL MURMU,161,386.0,0.0,3.0,389.0,43_Form20.pdf
43,,,219,THAKUR TUDU,277,386.0,0.0,3.0,389.0,43_Form20.pdf
43,,,219,PRODIP BASKEY,12,386.0,0.0,3.0,389.0,43_Form20.pdf
43,,,219,KISKU,8,386.0,0.0,3.0,389.0,43_Form20.pdf
43,,,219,NIRMAL KISKU,0,386.0,0.0,3.0,389.0,43_Form20.pdf
43,,,219,BABURAM BISWANATH,0,386.0,0.0,3.0,389.0,43_Form20.pdf
43,,,219,MARDI,1,386.0,0.0,3.0,389.0,43_Form20.pdf
43,,,220,THAKUR TUDU,243,367.0,0.0,3.0,370.0,43_Form20.pdf
43,,,220,PRODIP BASKEY,12,367.0,0.0,3.0,370.0,43_Form20.pdf
43,,,220,KISKU,6,367.0,0.0,3.0,370.0,43_Form20.pdf
43,,,220,NIRMAL KISKU,0,367.0,0.0,3.0,370.0,43_Form20.pdf
43,,,220,BABURAM BISWANATH,1,367.0,0.0,3.0,370.0,43_Form20.pdf
43,,,220,MARDI,0,367.0,0.0,3.0,370.0,43_Form20.pdf
43,,,221,JOYEL MURMU,162,422.0,0.0,5.0,427.0,43_Form20.pdf
43,,,221,THAKUR TUDU,265,422.0,0.0,5.0,427.0,43_Form20.pdf
43,,,221,PRODIP BASKEY,7,422.0,0.0,5.0,427.0,43_Form20.pdf
43,,,221,KISKU,4,422.0,0.0,5.0,427.0,43_Form20.pdf
43,,,221,NIRMAL KISKU,1,422.0,0.0,5.0,427.0,43_Form20.pdf
43,,,221,BABURAM BISWANATH,0,422.0,0.0,5.0,427.0,43_Form20.pdf
43,,,221,MARDI,1,422.0,0.0,5.0,427.0,43_Form20.pdf
43,,,222,JOYEL MURMU,163,445.0,0.0,1.0,446.0,43_Form20.pdf
43,,,222,THAKUR TUDU,323,445.0,0.0,1.0,446.0,43_Form20.pdf
43,,,222,PRODIP BASKEY,14,445.0,0.0,1.0,446.0,43_Form20.pdf
43,,,222,KISKU,5,445.0,0.0,1.0,446.0,43_Form20.pdf
43,,,222,NIRMAL KISKU,2,445.0,0.0,1.0,446.0,43_Form20.pdf
43,,,222,BABURAM BISWANATH,1,445.0,0.0,1.0,446.0,43_Form20.pdf
43,,,222,MARDI,1,445.0,0.0,1.0,446.0,43_Form20.pdf
43,,,223,THAKUR TUDU,316,394.0,0.0,0.0,394.0,43_Form20.pdf
43,,,223,PRODIP BASKEY,1,394.0,0.0,0.0,394.0,43_Form20.pdf
43,,,223,KISKU,2,394.0,0.0,0.0,394.0,43_Form20.pdf
43,,,223,NIRMAL KISKU,0,394.0,0.0,0.0,394.0,43_Form20.pdf
43,,,223,BABURAM BISWANATH,3,394.0,0.0,0.0,394.0,43_Form20.pdf
43,,,223,MARDI,1,394.0,0.0,0.0,394.0,43_Form20.pdf
43,,,224,JOYEL MURMU,164,640.0,0.0,5.0,645.0,43_Form20.pdf
43,,,224,THAKUR TUDU,230,640.0,0.0,5.0,645.0,43_Form20.pdf
43,,,224,PRODIP BASKEY,5,640.0,0.0,5.0,645.0,43_Form20.pdf
43,,,224,KISKU,1,640.0,0.0,5.0,645.0,43_Form20.pdf
43,,,224,NIRMAL KISKU,0,640.0,0.0,5.0,645.0,43_Form20.pdf
43,,,224,BABURAM BISWANATH,1,640.0,0.0,5.0,645.0,43_Form20.pdf
43,,,224,MARDI,0,640.0,0.0,5.0,645.0,43_Form20.pdf
43,,,225,JOYEL MURMU,165,459.0,0.0,4.0,463.0,43_Form20.pdf
43,,,225,THAKUR TUDU,268,459.0,0.0,4.0,463.0,43_Form20.pdf
43,,,225,PRODIP BASKEY,31,459.0,0.0,4.0,463.0,43_Form20.pdf
43,,,225,KISKU,4,459.0,0.0,4.0,463.0,43_Form20.pdf
43,,,225,NIRMAL KISKU,0,459.0,0.0,4.0,463.0,43_Form20.pdf
43,,,225,BABURAM BISWANATH,1,459.0,0.0,4.0,463.0,43_Form20.pdf
43,,,225,MARDI,3,459.0,0.0,4.0,463.0,43_Form20.pdf
43,,,226,THAKUR TUDU,172,457.0,0.0,0.0,457.0,43_Form20.pdf
43,,,226,PRODIP BASKEY,3,457.0,0.0,0.0,457.0,43_Form20.pdf
43,,,226,KISKU,4,457.0,0.0,0.0,457.0,43_Form20.pdf
43,,,226,NIRMAL KISKU,0,457.0,0.0,0.0,457.0,43_Form20.pdf
43,,,226,BABURAM BISWANATH,0,457.0,0.0,0.0,457.0,43_Form20.pdf
43,,,226,MARDI,2,457.0,0.0,0.0,457.0,43_Form20.pdf
43,,,227,THAKUR TUDU,125,462.0,0.0,0.0,462.0,43_Form20.pdf
43,,,227,PRODIP BASKEY,11,462.0,0.0,0.0,462.0,43_Form20.pdf
43,,,227,KISKU,5,462.0,0.0,0.0,462.0,43_Form20.pdf
43,,,227,NIRMAL KISKU,0,462.0,0.0,0.0,462.0,43_Form20.pdf
43,,,227,BABURAM BISWANATH,0,462.0,0.0,0.0,462.0,43_Form20.pdf
43,,,227,MARDI,1,462.0,0.0,0.0,462.0,43_Form20.pdf
43,,,228,JOYEL MURMU,166,688.0,0.0,10.0,698.0,43_Form20.pdf
43,,,228,THAKUR TUDU,165,688.0,0.0,10.0,698.0,43_Form20.pdf
43,,,228,PRODIP BASKEY,19,688.0,0.0,10.0,698.0,43_Form20.pdf
43,,,228,KISKU,2,688.0,0.0,10.0,698.0,43_Form20.pdf
43,,,228,NIRMAL KISKU,0,688.0,0.0,10.0,698.0,43_Form20.pdf
43,,,228,BABURAM BISWANATH,2,688.0,0.0,10.0,698.0,43_Form20.pdf
43,,,228,MARDI,1,688.0,0.0,10.0,698.0,43_Form20.pdf
43,,,229,JOYEL MURMU,167,735.0,0.0,10.0,745.0,43_Form20.pdf
43,,,229,THAKUR TUDU,250,735.0,0.0,10.0,745.0,43_Form20.pdf
43,,,229,PRODIP BASKEY,14,735.0,0.0,10.0,745.0,43_Form20.pdf
43,,,229,KISKU,4,735.0,0.0,10.0,745.0,43_Form20.pdf
43,,,229,NIRMAL KISKU,1,735.0,0.0,10.0,745.0,43_Form20.pdf
43,,,229,BABURAM BISWANATH,4,735.0,0.0,10.0,745.0,43_Form20.pdf
43,,,229,MARDI,0,735.0,0.0,10.0,745.0,43_Form20.pdf
43,,,230,JOYEL MURMU,168,372.0,0.0,0.0,372.0,43_Form20.pdf
43,,,230,THAKUR TUDU,142,372.0,0.0,0.0,372.0,43_Form20.pdf
43,,,230,PRODIP BASKEY,10,372.0,0.0,0.0,372.0,43_Form20.pdf
43,,,230,KISKU,3,372.0,0.0,0.0,372.0,43_Form20.pdf
43,,,230,NIRMAL KISKU,1,372.0,0.0,0.0,372.0,43_Form20.pdf
43,,,230,BABURAM BISWANATH,1,372.0,0.0,0.0,372.0,43_Form20.pdf
43,,,230,MARDI,1,372.0,0.0,0.0,372.0,43_Form20.pdf
43,,,231,THAKUR TUDU,107,361.0,0.0,1.0,362.0,43_Form20.pdf
43,,,231,PRODIP BASKEY,16,361.0,0.0,1.0,362.0,43_Form20.pdf
43,,,231,KISKU,5,361.0,0.0,1.0,362.0,43_Form20.pdf
43,,,231,NIRMAL KISKU,1,361.0,0.0,1.0,362.0,43_Form20.pdf
43,,,231,BABURAM BISWANATH,4,361.0,0.0,1.0,362.0,43_Form20.pdf
43,,,231,MARDI,1,361.0,0.0,1.0,362.0,43_Form20.pdf
43,,,232,JOYEL MURMU,169,426.0,0.0,0.0,426.0,43_Form20.pdf
43,,,232,THAKUR TUDU,56,426.0,0.0,0.0,426.0,43_Form20.pdf
43,,,232,PRODIP BASKEY,23,426.0,0.0,0.0,426.0,43_Form20.pdf
43,,,232,KISKU,4,426.0,0.0,0.0,426.0,43_Form20.pdf
43,,,232,NIRMAL KISKU,1,426.0,0.0,0.0,426.0,43_Form20.pdf
43,,,232,BABURAM BISWANATH,0,426.0,0.0,0.0,426.0,43_Form20.pdf
43,,,232,MARDI,2,426.0,0.0,0.0,426.0,43_Form20.pdf
43,,,233,THAKUR TUDU,74,407.0,0.0,1.0,408.0,43_Form20.pdf
43,,,233,PRODIP BASKEY,34,407.0,0.0,1.0,408.0,43_Form20.pdf
43,,,233,KISKU,5,407.0,0.0,1.0,408.0,43_Form20.pdf
43,,,233,NIRMAL KISKU,1,407.0,0.0,1.0,408.0,43_Form20.pdf
43,,,233,BABURAM BISWANATH,0,407.0,0.0,1.0,408.0,43_Form20.pdf
43,,,233,MARDI,0,407.0,0.0,1.0,408.0,43_Form20.pdf
43,,,234,JOYEL MURMU,170,547.0,0.0,0.0,547.0,43_Form20.pdf
43,,,234,THAKUR TUDU,277,547.0,0.0,0.0,547.0,43_Form20.pdf
43,,,234,PRODIP BASKEY,34,547.0,0.0,0.0,547.0,43_Form20.pdf
43,,,234,KISKU,4,547.0,0.0,0.0,547.0,43_Form20.pdf
43,,,234,NIRMAL KISKU,1,547.0,0.0,0.0,547.0,43_Form20.pdf
43,,,234,BABURAM BISWANATH,0,547.0,0.0,0.0,547.0,43_Form20.pdf
43,,,234,MARDI,0,547.0,0.0,0.0,547.0,43_Form20.pdf
43,,,235,THAKUR TUDU,234,426.0,0.0,0.0,426.0,43_Form20.pdf
43,,,235,PRODIP BASKEY,54,426.0,0.0,0.0,426.0,43_Form20.pdf
43,,,235,KISKU,3,426.0,0.0,0.0,426.0,43_Form20.pdf
43,,,235,NIRMAL KISKU,2,426.0,0.0,0.0,426.0,43_Form20.pdf
43,,,235,BABURAM BISWANATH,0,426.0,0.0,0.0,426.0,43_Form20.pdf
43,,,235,MARDI,0,426.0,0.0,0.0,426.0,43_Form20.pdf
43,,,236,JOYEL MURMU,171,477.0,0.0,11.0,488.0,43_Form20.pdf
43,,,236,THAKUR TUDU,170,477.0,0.0,11.0,488.0,43_Form20.pdf
43,,,236,PRODIP BASKEY,40,477.0,0.0,11.0,488.0,43_Form20.pdf
43,,,236,KISKU,8,477.0,0.0,11.0,488.0,43_Form20.pdf
43,,,236,NIRMAL KISKU,2,477.0,0.0,11.0,488.0,43_Form20.pdf
43,,,236,BABURAM BISWANATH,1,477.0,0.0,11.0,488.0,43_Form20.pdf
43,,,236,MARDI,0,477.0,0.0,11.0,488.0,43_Form20.pdf
43,,,237,THAKUR TUDU,213,465.0,0.0,0.0,465.0,43_Form20.pdf
43,,,237,PRODIP BASKEY,181,465.0,0.0,0.0,465.0,43_Form20.pdf
43,,,237,KISKU,9,465.0,0.0,0.0,465.0,43_Form20.pdf
43,,,237,NIRMAL KISKU,4,465.0,0.0,0.0,465.0,43_Form20.pdf
43,,,237,BABURAM BISWANATH,2,465.0,0.0,0.0,465.0,43_Form20.pdf
43,,,237,MARDI,0,465.0,0.0,0.0,465.0,43_Form20.pdf
43,,,238,JOYEL MURMU,172,466.0,0.0,9.0,475.0,43_Form20.pdf
43,,,238,THAKUR TUDU,203,466.0,0.0,9.0,475.0,43_Form20.pdf
43,,,238,PRODIP BASKEY,200,466.0,0.0,9.0,475.0,43_Form20.pdf
43,,,238,KISKU,6,466.0,0.0,9.0,475.0,43_Form20.pdf
43,,,238,NIRMAL KISKU,1,466.0,0.0,9.0,475.0,43_Form20.pdf
43,,,238,BABURAM BISWANATH,0,466.0,0.0,9.0,475.0,43_Form20.pdf
43,,,238,MARDI,2,466.0,0.0,9.0,475.0,43_Form20.pdf
43,,,239,THAKUR TUDU,235,483.0,0.0,0.0,483.0,43_Form20.pdf
43,,,239,PRODIP BASKEY,10,483.0,0.0,0.0,483.0,43_Form20.pdf
43,,,239,KISKU,4,483.0,0.0,0.0,483.0,43_Form20.pdf
43,,,239,NIRMAL KISKU,1,483.0,0.0,0.0,483.0,43_Form20.pdf
43,,,239,BABURAM BISWANATH,0,483.0,0.0,0.0,483.0,43_Form20.pdf
43,,,239,MARDI,0,483.0,0.0,0.0,483.0,43_Form20.pdf
43,,,240,JOYEL MURMU,173,490.0,0.0,7.0,497.0,43_Form20.pdf
43,,,240,THAKUR TUDU,175,490.0,0.0,7.0,497.0,43_Form20.pdf
43,,,240,PRODIP BASKEY,7,490.0,0.0,7.0,497.0,43_Form20.pdf
43,,,240,KISKU,2,490.0,0.0,7.0,497.0,43_Form20.pdf
43,,,240,NIRMAL KISKU,2,490.0,0.0,7.0,497.0,43_Form20.pdf
43,,,240,BABURAM BISWANATH,0,490.0,0.0,7.0,497.0,43_Form20.pdf
43,,,240,MARDI,2,490.0,0.0,7.0,497.0,43_Form20.pdf
43,,,241,THAKUR TUDU,255,461.0,0.0,4.0,465.0,43_Form20.pdf
43,,,241,PRODIP BASKEY,30,461.0,0.0,4.0,465.0,43_Form20.pdf
43,,,241,KISKU,8,461.0,0.0,4.0,465.0,43_Form20.pdf
43,,,241,NIRMAL KISKU,2,461.0,0.0,4.0,465.0,43_Form20.pdf
43,,,241,BABURAM BISWANATH,0,461.0,0.0,4.0,465.0,43_Form20.pdf
43,,,241,MARDI,4,461.0,0.0,4.0,465.0,43_Form20.pdf
43,,,242,JOYEL MURMU,174,473.0,0.0,8.0,481.0,43_Form20.pdf
43,,,242,THAKUR TUDU,81,473.0,0.0,8.0,481.0,43_Form20.pdf
43,,,242,PRODIP BASKEY,3,473.0,0.0,8.0,481.0,43_Form20.pdf
43,,,242,KISKU,1,473.0,0.0,8.0,481.0,43_Form20.pdf
43,,,242,NIRMAL KISKU,1,473.0,0.0,8.0,481.0,43_Form20.pdf
43,,,242,BABURAM BISWANATH,0,473.0,0.0,8.0,481.0,43_Form20.pdf
43,,,242,MARDI,0,473.0,0.0,8.0,481.0,43_Form20.pdf
43,,,243,THAKUR TUDU,148,,,,,43_Form20.pdf
43,,,243,PRODIP BASKEY,251,,,,,43_Form20.pdf
43,,,243,KISKU,24,,,,,43_Form20.pdf
43,,,243,NIRMAL KISKU,5,,,,,43_Form20.pdf
43,,,243,BABURAM BISWANATH,3,,,,,43_Form20.pdf
43,,,243,MARDI,0,,,,,43_Form20.pdf
43,,,244,JOYEL MURMU,175,463.0,0.0,1.0,464.0,43_Form20.pdf
43,,,244,THAKUR TUDU,3,463.0,0.0,1.0,464.0,43_Form20.pdf
43,,,244,PRODIP BASKEY,1,463.0,0.0,1.0,464.0,43_Form20.pdf
43,,,244,KISKU,1,463.0,0.0,1.0,464.0,43_Form20.pdf
43,,,244,NIRMAL KISKU,0,463.0,0.0,1.0,464.0,43_Form20.pdf
43,,,244,BABURAM BISWANATH,1,463.0,0.0,1.0,464.0,43_Form20.pdf
43,,,244,MARDI,1,463.0,0.0,1.0,464.0,43_Form20.pdf
43,,,245,THAKUR TUDU,1,,,,,43_Form20.pdf
43,,,245,PRODIP BASKEY,0,,,,,43_Form20.pdf
43,,,245,KISKU,2,,,,,43_Form20.pdf
43,,,245,NIRMAL KISKU,0,,,,,43_Form20.pdf
43,,,245,BABURAM BISWANATH,16,,,,,43_Form20.pdf
43,,,245,MARDI,0,,,,,43_Form20.pdf
43,,,246,JOYEL MURMU,176,,,,,43_Form20.pdf
43,,,246,THAKUR TUDU,4,,,,,43_Form20.pdf
43,,,246,PRODIP BASKEY,1,,,,,43_Form20.pdf
43,,,246,KISKU,3,,,,,43_Form20.pdf
43,,,246,NIRMAL KISKU,1,,,,,43_Form20.pdf
43,,,246,BABURAM BISWANATH,22,,,,,43_Form20.pdf
43,,,246,MARDI,1,,,,,43_Form20.pdf
43,,,247,THAKUR TUDU,3,,,,,43_Form20.pdf
43,,,247,PRODIP BASKEY,1,,,,,43_Form20.pdf
43,,,247,KISKU,0,,,,,43_Form20.pdf
43,,,247,NIRMAL KISKU,0,,,,,43_Form20.pdf
43,,,247,BABURAM BISWANATH,3,,,,,43_Form20.pdf
43,,,247,MARDI,1,,,,,43_Form20.pdf
43,,,248,JOYEL MURMU,177,,,,,43_Form20.pdf
43,,,248,THAKUR TUDU,3,,,,,43_Form20.pdf
43,,,248,PRODIP BASKEY,2,,,,,43_Form20.pdf
43,,,248,KISKU,0,,,,,43_Form20.pdf
43,,,248,NIRMAL KISKU,0,,,,,43_Form20.pdf
43,,,248,BABURAM BISWANATH,7,,,,,43_Form20.pdf
43,,,248,MARDI,0,,,,,43_Form20.pdf
43,,,249,THAKUR TUDU,5,,,,,43_Form20.pdf
43,,,249,PRODIP BASKEY,0,,,,,43_Form20.pdf
43,,,249,KISKU,2,,,,,43_Form20.pdf
43,,,249,NIRMAL KISKU,0,,,,,43_Form20.pdf
43,,,249,BABURAM BISWANATH,10,,,,,43_Form20.pdf
43,,,249,MARDI,6,,,,,43_Form20.pdf
43,,,250,JOYEL MURMU,178,,,,,43_Form20.pdf
43,,,250,THAKUR TUDU,7,,,,,43_Form20.pdf
43,,,250,PRODIP BASKEY,4,,,,,43_Form20.pdf
43,,,250,KISKU,0,,,,,43_Form20.pdf
43,,,250,NIRMAL KISKU,0,,,,,43_Form20.pdf
43,,,250,BABURAM BISWANATH,68,,,,,43_Form20.pdf
43,,,250,MARDI,2,,,,,43_Form20.pdf
43,,,251,THAKUR TUDU,2,,,,,43_Form20.pdf
43,,,251,PRODIP BASKEY,2,,,,,43_Form20.pdf
43,,,251,KISKU,2,,,,,43_Form20.pdf
43,,,251,NIRMAL KISKU,0,,,,,43_Form20.pdf
43,,,251,BABURAM BISWANATH,25,,,,,43_Form20.pdf
43,,,251,MARDI,2,,,,,43_Form20.pdf
43,,,252,JOYEL MURMU,179,,,,,43_Form20.pdf
43,,,252,THAKUR TUDU,4,,,,,43_Form20.pdf
43,,,252,PRODIP BASKEY,0,,,,,43_Form20.pdf
43,,,252,KISKU,0,,,,,43_Form20.pdf
43,,,252,NIRMAL KISKU,0,,,,,43_Form20.pdf
43,,,252,BABURAM BISWANATH,4,,,,,43_Form20.pdf
43,,,252,MARDI,1,,,,,43_Form20.pdf
43,,,253,THAKUR TUDU,1,,,,,43_Form20.pdf
43,,,253,PRODIP BASKEY,2,,,,,43_Form20.pdf
43,,,253,KISKU,3,,,,,43_Form20.pdf
43,,,253,NIRMAL KISKU,0,,,,,43_Form20.pdf
43,,,253,BABURAM BISWANATH,20,,,,,43_Form20.pdf
43,,,253,MARDI,3,,,,,43_Form20.pdf
43,,,254,JOYEL MURMU,180,,,,,43_Form20.pdf
43,,,254,THAKUR TUDU,3,,,,,43_Form20.pdf
43,,,254,PRODIP BASKEY,1,,,,,43_Form20.pdf
43,,,254,KISKU,1,,,,,43_Form20.pdf
43,,,254,NIRMAL KISKU,0,,,,,43_Form20.pdf
43,,,254,BABURAM BISWANATH,15,,,,,43_Form20.pdf
43,,,254,MARDI,2,,,,,43_Form20.pdf
43,,,255,THAKUR TUDU,2,,,,,43_Form20.pdf
43,,,255,PRODIP BASKEY,4,,,,,43_Form20.pdf
43,,,255,KISKU,3,,,,,43_Form20.pdf
43,,,255,NIRMAL KISKU,0,,,,,43_Form20.pdf
43,,,255,BABURAM BISWANATH,5,,,,,43_Form20.pdf
43,,,255,MARDI,3,,,,,43_Form20.pdf
43,,,256,JOYEL MURMU,181,,,,,43_Form20.pdf
43,,,256,THAKUR TUDU,2,,,,,43_Form20.pdf
43,,,256,PRODIP BASKEY,1,,,,,43_Form20.pdf
43,,,256,KISKU,0,,,,,43_Form20.pdf
43,,,256,NIRMAL KISKU,0,,,,,43_Form20.pdf
43,,,256,BABURAM BISWANATH,7,,,,,43_Form20.pdf
43,,,256,MARDI,1,,,,,43_Form20.pdf
43,,,257,THAKUR TUDU,0,,,,,43_Form20.pdf
43,,,257,PRODIP BASKEY,1,,,,,43_Form20.pdf
43,,,257,KISKU,1,,,,,43_Form20.pdf
43,,,257,NIRMAL KISKU,0,,,,,43_Form20.pdf
43,,,257,BABURAM BISWANATH,7,,,,,43_Form20.pdf
43,,,257,MARDI,1,,,,,43_Form20.pdf
43,,,258,JOYEL MURMU,182,,,,,43_Form20.pdf
43,,,258,THAKUR TUDU,3,,,,,43_Form20.pdf
43,,,258,PRODIP BASKEY,2,,,,,43_Form20.pdf
43,,,258,KISKU,2,,,,,43_Form20.pdf
43,,,258,NIRMAL KISKU,0,,,,,43_Form20.pdf
43,,,258,BABURAM BISWANATH,9,,,,,43_Form20.pdf
43,,,258,MARDI,3,,,,,43_Form20.pdf
43,,,259,THAKUR TUDU,0,,,,,43_Form20.pdf
43,,,259,PRODIP BASKEY,1,,,,,43_Form20.pdf
43,,,259,KISKU,0,,,,,43_Form20.pdf
43,,,259,NIRMAL KISKU,0,,,,,43_Form20.pdf
43,,,259,BABURAM BISWANATH,2,,,,,43_Form20.pdf
43,,,259,MARDI,0,,,,,43_Form20.pdf
43,,,260,JOYEL MURMU,183,,,,,43_Form20.pdf
43,,,260,THAKUR TUDU,0,,,,,43_Form20.pdf
43,,,260,PRODIP BASKEY,3,,,,,43_Form20.pdf
43,,,260,KISKU,0,,,,,43_Form20.pdf
43,,,260,NIRMAL KISKU,0,,,,,43_Form20.pdf
43,,,260,BABURAM BISWANATH,27,,,,,43_Form20.pdf
43,,,260,MARDI,5,,,,,43_Form20.pdf
43,,,261,THAKUR TUDU,0,,,,,43_Form20.pdf
43,,,261,PRODIP BASKEY,0,,,,,43_Form20.pdf
43,,,261,KISKU,0,,,,,43_Form20.pdf
43,,,261,NIRMAL KISKU,0,,,,,43_Form20.pdf
43,,,261,BABURAM BISWANATH,12,,,,,43_Form20.pdf
43,,,261,MARDI,4,,,,,43_Form20.pdf
43,,,262,JOYEL MURMU,184,,,,,43_Form20.pdf
43,,,262,THAKUR TUDU,1,,,,,43_Form20.pdf
43,,,262,PRODIP BASKEY,0,,,,,43_Form20.pdf
43,,,262,KISKU,1,,,,,43_Form20.pdf
43,,,262,NIRMAL KISKU,0,,,,,43_Form20.pdf
43,,,262,BABURAM BISWANATH,0,,,,,43_Form20.pdf
43,,,262,MARDI,0,,,,,43_Form20.pdf
43,,,263,THAKUR TUDU,1,,,,,43_Form20.pdf
43,,,263,PRODIP BASKEY,1,,,,,43_Form20.pdf
43,,,263,KISKU,0,,,,,43_Form20.pdf
43,,,263,NIRMAL KISKU,0,,,,,43_Form20.pdf
43,,,263,BABURAM BISWANATH,1,,,,,43_Form20.pdf
43,,,263,MARDI,0,,,,,43_Form20.pdf
43,,,264,JOYEL MURMU,185,,,,,43_Form20.pdf
43,,,264,THAKUR TUDU,2,,,,,43_Form20.pdf
43,,,264,PRODIP BASKEY,0,,,,,43_Form20.pdf
43,,,264,KISKU,0,,,,,43_Form20.pdf
43,,,264,NIRMAL KISKU,0,,,,,43_Form20.pdf
43,,,264,BABURAM BISWANATH,6,,,,,43_Form20.pdf
43,,,264,MARDI,1,,,,,43_Form20.pdf
43,,,265,THAKUR TUDU,2,,,,,43_Form20.pdf
43,,,265,PRODIP BASKEY,1,,,,,43_Form20.pdf
43,,,265,KISKU,0,,,,,43_Form20.pdf
43,,,265,NIRMAL KISKU,0,,,,,43_Form20.pdf
43,,,265,BABURAM BISWANATH,9,,,,,43_Form20.pdf
43,,,265,MARDI,3,,,,,43_Form20.pdf
43,,,266,JOYEL MURMU,186,,,,,43_Form20.pdf
43,,,266,THAKUR TUDU,3,,,,,43_Form20.pdf
43,,,266,PRODIP BASKEY,1,,,,,43_Form20.pdf
43,,,266,KISKU,0,,,,,43_Form20.pdf
43,,,266,NIRMAL KISKU,0,,,,,43_Form20.pdf
43,,,266,BABURAM BISWANATH,4,,,,,43_Form20.pdf
43,,,266,MARDI,4,,,,,43_Form20.pdf
43,,,267,THAKUR TUDU,4,,,,,43_Form20.pdf
43,,,267,PRODIP BASKEY,0,,,,,43_Form20.pdf
43,,,267,KISKU,0,,,,,43_Form20.pdf
43,,,267,NIRMAL KISKU,0,,,,,43_Form20.pdf
43,,,267,BABURAM BISWANATH,6,,,,,43_Form20.pdf
43,,,267,MARDI,4,,,,,43_Form20.pdf
43,,,271,JOYEL MURMU,190,,,,,43_Form20.pdf
43,,,271,THAKUR TUDU,11,,,,,43_Form20.pdf
43,,,271,PRODIP BASKEY,4,,,,,43_Form20.pdf
43,,,271,KISKU,154,,,,,43_Form20.pdf
43,,,271,NIRMAL KISKU,91,,,,,43_Form20.pdf
43,,,271,BABURAM BISWANATH,13,,,,,43_Form20.pdf
43,,,271,MARDI,24,,,,,43_Form20.pdf
43,,,272,THAKUR TUDU,3,,,,,43_Form20.pdf
43,,,272,PRODIP BASKEY,109,,,,,43_Form20.pdf
43,,,272,KISKU,10,,,,,43_Form20.pdf
43,,,272,NIRMAL KISKU,2,,,,,43_Form20.pdf
43,,,272,BABURAM BISWANATH,6,,,,,43_Form20.pdf
43,,,272,MARDI,108,,,,,43_Form20.pdf
43,,,273,JOYEL MURMU,191,,,,,43_Form20.pdf
43,,,273,THAKUR TUDU,2,,,,,43_Form20.pdf
43,,,273,PRODIP BASKEY,85,,,,,43_Form20.pdf
43,,,273,KISKU,2,,,,,43_Form20.pdf
43,,,273,NIRMAL KISKU,1,,,,,43_Form20.pdf
43,,,273,BABURAM BISWANATH,6,,,,,43_Form20.pdf
43,,,273,MARDI,46,,,,,43_Form20.pdf
43,,,274,THAKUR TUDU,7,,,,,43_Form20.pdf
43,,,274,PRODIP BASKEY,251,,,,,43_Form20.pdf
43,,,274,KISKU,7,,,,,43_Form20.pdf
43,,,274,NIRMAL KISKU,0,,,,,43_Form20.pdf
43,,,274,BABURAM BISWANATH,3,,,,,43_Form20.pdf
43,,,274,MARDI,97,,,,,43_Form20.pdf
43,,,275,JOYEL MURMU,192,,,,,43_Form20.pdf
43,,,275,THAKUR TUDU,5,,,,,43_Form20.pdf
43,,,275,PRODIP BASKEY,218,,,,,43_Form20.pdf
43,,,275,KISKU,5,,,,,43_Form20.pdf
43,,,275,NIRMAL KISKU,1,,,,,43_Form20.pdf
43,,,275,BABURAM BISWANATH,6,,,,,43_Form20.pdf
43,,,275,MARDI,576,,,,,43_Form20.pdf
43,,,276,JOYEL MURMU,193,,,,,43_Form20.pdf
43,,,276,THAKUR TUDU,15,,,,,43_Form20.pdf
43,,,276,PRODIP BASKEY,143,,,,,43_Form20.pdf
43,,,276,KISKU,15,,,,,43_Form20.pdf
43,,,276,NIRMAL KISKU,4,,,,,43_Form20.pdf
43,,,276,BABURAM BISWANATH,13,,,,,43_Form20.pdf
43,,,276,MARDI,20,,,,,43_Form20.pdf
43,,,277,THAKUR TUDU,15,,,,,43_Form20.pdf
43,,,277,PRODIP BASKEY,336,,,,,43_Form20.pdf
43,,,277,KISKU,15,,,,,43_Form20.pdf
43,,,277,NIRMAL KISKU,2,,,,,43_Form20.pdf
43,,,277,BABURAM BISWANATH,4,,,,,43_Form20.pdf
43,,,277,MARDI,12,,,,,43_Form20.pdf
43,,,278,JOYEL MURMU,194,,,,,43_Form20.pdf
43,,,278,THAKUR TUDU,2,,,,,43_Form20.pdf
43,,,278,PRODIP BASKEY,169,,,,,43_Form20.pdf
43,,,278,KISKU,2,,,,,43_Form20.pdf
43,,,278,NIRMAL KISKU,7,,,,,43_Form20.pdf
43,,,278,BABURAM BISWANATH,7,,,,,43_Form20.pdf
43,,,278,MARDI,13,,,,,43_Form20.pdf
43,,,279,THAKUR TUDU,5,,,,,43_Form20.pdf
43,,,279,PRODIP BASKEY,186,,,,,43_Form20.pdf
43,,,279,KISKU,5,,,,,43_Form20.pdf
43,,,279,NIRMAL KISKU,1,,,,,43_Form20.pdf
43,,,279,BABURAM BISWANATH,4,,,,,43_Form20.pdf
43,,,279,MARDI,20,,,,,43_Form20.pdf
43,,,280,JOYEL MURMU,195,,,,,43_Form20.pdf
43,,,280,THAKUR TUDU,0,,,,,43_Form20.pdf
43,,,280,PRODIP BASKEY,107,,,,,43_Form20.pdf
43,,,280,KISKU,0,,,,,43_Form20.pdf
43,,,280,NIRMAL KISKU,1,,,,,43_Form20.pdf
43,,,280,BABURAM BISWANATH,4,,,,,43_Form20.pdf
43,,,280,MARDI,94,,,,,43_Form20.pdf
43,,,281,JOYEL MURMU,197,,,,,43_Form20.pdf
43,,,281,THAKUR TUDU,1,,,,,43_Form20.pdf
43,,,281,PRODIP BASKEY,105,,,,,43_Form20.pdf
43,,,281,KISKU,1,,,,,43_Form20.pdf
43,,,281,NIRMAL KISKU,0,,,,,43_Form20.pdf
43,,,281,BABURAM BISWANATH,2,,,,,43_Form20.pdf
43,,,281,MARDI,4,,,,,43_Form20.pdf
43,,,282,JOYEL MURMU,198,,,,,43_Form20.pdf
43,,,282,THAKUR TUDU,4,,,,,43_Form20.pdf
43,,,282,PRODIP BASKEY,365,,,,,43_Form20.pdf
43,,,282,KISKU,4,,,,,43_Form20.pdf
43,,,282,NIRMAL KISKU,0,,,,,43_Form20.pdf
43,,,282,BABURAM BISWANATH,7,,,,,43_Form20.pdf
43,,,282,MARDI,97,,,,,43_Form20.pdf
43,,,283,JOYEL MURMU,199,,,,,43_Form20.pdf
43,,,283,THAKUR TUDU,2,,,,,43_Form20.pdf
43,,,283,PRODIP BASKEY,301,,,,,43_Form20.pdf
43,,,283,KISKU,2,,,,,43_Form20.pdf
43,,,283,NIRMAL KISKU,2,,,,,43_Form20.pdf
43,,,283,BABURAM BISWANATH,11,,,,,43_Form20.pdf
43,,,283,MARDI,6,,,,,43_Form20.pdf
43,,,284,JOYEL MURMU,200,,,,,43_Form20.pdf
43,,,284,THAKUR TUDU,1,,,,,43_Form20.pdf
43,,,284,PRODIP BASKEY,141,,,,,43_Form20.pdf
43,,,284,KISKU,1,,,,,43_Form20.pdf
43,,,284,NIRMAL KISKU,0,,,,,43_Form20.pdf
43,,,284,BABURAM BISWANATH,6,,,,,43_Form20.pdf
43,,,284,MARDI,709,,,,,43_Form20.pdf
43,,,285,JOYEL MURMU,201,,,,,43_Form20.pdf
43,,,285,THAKUR TUDU,3,,,,,43_Form20.pdf
43,,,285,PRODIP BASKEY,141,,,,,43_Form20.pdf
43,,,285,KISKU,3,,,,,43_Form20.pdf
43,,,285,NIRMAL KISKU,1,,,,,43_Form20.pdf
43,,,285,BABURAM BISWANATH,4,,,,,43_Form20.pdf
43,,,285,MARDI,723,,,,,43_Form20.pdf
43,,,286,JOYEL MURMU,202,,,,,43_Form20.pdf
43,,,286,THAKUR TUDU,0,,,,,43_Form20.pdf
43,,,286,PRODIP BASKEY,410,,,,,43_Form20.pdf
43,,,286,KISKU,0,,,,,43_Form20.pdf
43,,,286,NIRMAL KISKU,4,,,,,43_Form20.pdf
43,,,286,BABURAM BISWANATH,9,,,,,43_Form20.pdf
43,,,286,MARDI,714,,,,,43_Form20.pdf
43,,,287,THAKUR TUDU,2,,,,,43_Form20.pdf
43,,,287,PRODIP BASKEY,248,,,,,43_Form20.pdf
43,,,287,KISKU,2,,,,,43_Form20.pdf
43,,,287,NIRMAL KISKU,0,,,,,43_Form20.pdf
43,,,287,BABURAM BISWANATH,2,,,,,43_Form20.pdf
43,,,287,MARDI,844,,,,,43_Form20.pdf
43,,,288,JOYEL MURMU,203,,,,,43_Form20.pdf
43,,,288,THAKUR TUDU,2,,,,,43_Form20.pdf
43,,,288,PRODIP BASKEY,153,,,,,43_Form20.pdf
43,,,288,KISKU,2,,,,,43_Form20.pdf
43,,,288,NIRMAL KISKU,1,,,,,43_Form20.pdf
43,,,288,BABURAM BISWANATH,1,,,,,43_Form20.pdf
43,,,288,MARDI,520,,,,,43_Form20.pdf
43,,,289,JOYEL MURMU,204,,,,,43_Form20.pdf
43,,,289,THAKUR TUDU,3,,,,,43_Form20.pdf
43,,,289,PRODIP BASKEY,212,,,,,43_Form20.pdf
43,,,289,KISKU,3,,,,,43_Form20.pdf
43,,,289,NIRMAL KISKU,3,,,,,43_Form20.pdf
43,,,289,BABURAM BISWANATH,4,,,,,43_Form20.pdf
43,,,289,MARDI,547,,,,,43_Form20.pdf
43,,,290,THAKUR TUDU,1,,,,,43_Form20.pdf
43,,,290,PRODIP BASKEY,196,,,,,43_Form20.pdf
43,,,290,KISKU,1,,,,,43_Form20.pdf
43,,,290,NIRMAL KISKU,2,,,,,43_Form20.pdf
43,,,290,BABURAM BISWANATH,6,,,,,43_Form20.pdf
43,,,290,MARDI,438,,,,,43_Form20.pdf
43,,,291,JOYEL MURMU,205,,,,,43_Form20.pdf
43,,,291,THAKUR TUDU,1,,,,,43_Form20.pdf
43,,,291,PRODIP BASKEY,141,,,,,43_Form20.pdf
43,,,291,KISKU,1,,,,,43_Form20.pdf
43,,,291,NIRMAL KISKU,0,,,,,43_Form20.pdf
43,,,291,BABURAM BISWANATH,4,,,,,43_Form20.pdf
43,,,291,MARDI,804,,,,,43_Form20.pdf
43,,,292,JOYEL MURMU,206,,,,,43_Form20.pdf
43,,,292,THAKUR TUDU,1,,,,,43_Form20.pdf
43,,,292,PRODIP BASKEY,89,,,,,43_Form20.pdf
43,,,292,KISKU,1,,,,,43_Form20.pdf
43,,,292,NIRMAL KISKU,0,,,,,43_Form20.pdf
43,,,292,BABURAM BISWANATH,2,,,,,43_Form20.pdf
43,,,292,MARDI,567,,,,,43_Form20.pdf
43,,,293,JOYEL MURMU,207,,,,,43_Form20.pdf
43,,,293,THAKUR TUDU,0,,,,,43_Form20.pdf
43,,,293,PRODIP BASKEY,34,,,,,43_Form20.pdf
43,,,293,KISKU,0,,,,,43_Form20.pdf
43,,,293,NIRMAL KISKU,1,,,,,43_Form20.pdf
43,,,293,BABURAM BISWANATH,1,,,,,43_Form20.pdf
43,,,293,MARDI,535,,,,,43_Form20.pdf
43,,,294,THAKUR TUDU,4,,,,,43_Form20.pdf
43,,,294,PRODIP BASKEY,32,,,,,43_Form20.pdf
43,,,294,KISKU,4,,,,,43_Form20.pdf
43,,,294,NIRMAL KISKU,4,,,,,43_Form20.pdf
43,,,294,BABURAM BISWANATH,3,,,,,43_Form20.pdf
43,,,294,MARDI,487,,,,,43_Form20.pdf
43,,,295,JOYEL MURMU,209,,,,,43_Form20.pdf
43,,,295,THAKUR TUDU,1,,,,,43_Form20.pdf
43,,,295,PRODIP BASKEY,131,,,,,43_Form20.pdf
43,,,295,KISKU,1,,,,,43_Form20.pdf
43,,,295,NIRMAL KISKU,2,,,,,43_Form20.pdf
43,,,295,BABURAM BISWANATH,4,,,,,43_Form20.pdf
43,,,295,MARDI,474,,,,,43_Form20.pdf
43,,,296,THAKUR TUDU,6,,,,,43_Form20.pdf
43,,,296,PRODIP BASKEY,172,,,,,43_Form20.pdf
43,,,296,KISKU,6,,,,,43_Form20.pdf
43,,,296,NIRMAL KISKU,1,,,,,43_Form20.pdf
43,,,296,BABURAM BISWANATH,1,,,,,43_Form20.pdf
43,,,296,MARDI,540,,,,,43_Form20.pdf
43,,,297,JOYEL MURMU,201,,,,,43_Form20.pdf
43,,,297,THAKUR TUDU,3,,,,,43_Form20.pdf
43,,,297,PRODIP BASKEY,376,,,,,43_Form20.pdf
43,,,297,KISKU,3,,,,,43_Form20.pdf
43,,,297,NIRMAL KISKU,3,,,,,43_Form20.pdf
43,,,297,BABURAM BISWANATH,4,,,,,43_Form20.pdf
43,,,297,MARDI,533,,,,,43_Form20.pdf
43,,,298,THAKUR TUDU,6,,,,,43_Form20.pdf
43,,,298,PRODIP BASKEY,52,,,,,43_Form20.pdf
43,,,298,KISKU,6,,,,,43_Form20.pdf
43,,,298,NIRMAL KISKU,3,,,,,43_Form20.pdf
43,,,298,BABURAM BISWANATH,6,,,,,43_Form20.pdf
43,,,298,MARDI,659,,,,,43_Form20.pdf
43,,,298,JOYEL MURMU,377,644.0,0.0,10.0,654.0,43_Form20.pdf
43,,,298,THAKUR TUDU,21,644.0,0.0,10.0,654.0,43_Form20.pdf
43,,,298,PRODIP BASKEY,212,644.0,0.0,10.0,654.0,43_Form20.pdf
43,,,298,KISKU,13,644.0,0.0,10.0,654.0,43_Form20.pdf
43,,,298,NIRMAL KISKU,3,644.0,0.0,10.0,654.0,43_Form20.pdf
43,,,299,JOYEL MURMU,333,556.0,0.0,9.0,565.0,43_Form20.pdf
43,,,299,THAKUR TUDU,19,556.0,0.0,9.0,565.0,43_Form20.pdf
43,,,299,PRODIP BASKEY,172,556.0,0.0,9.0,565.0,43_Form20.pdf
43,,,299,KISKU,16,556.0,0.0,9.0,565.0,43_Form20.pdf
43,,,299,NIRMAL KISKU,5,556.0,0.0,9.0,565.0,43_Form20.pdf
43,,,300,JOYEL MURMU,251,808.0,0.0,9.0,817.0,43_Form20.pdf
43,,,300,THAKUR TUDU,131,808.0,0.0,9.0,817.0,43_Form20.pdf
43,,,300,PRODIP BASKEY,315,808.0,0.0,9.0,817.0,43_Form20.pdf
43,,,300,KISKU,57,808.0,0.0,9.0,817.0,43_Form20.pdf
43,,,300,NIRMAL KISKU,8,808.0,0.0,9.0,817.0,43_Form20.pdf
43,,,301,JOYEL MURMU,219,476.0,0.0,6.0,482.0,43_Form20.pdf
43,,,301,THAKUR TUDU,58,476.0,0.0,6.0,482.0,43_Form20.pdf
43,,,301,PRODIP BASKEY,165,476.0,0.0,6.0,482.0,43_Form20.pdf
43,,,301,KISKU,2,476.0,0.0,6.0,482.0,43_Form20.pdf
43,,,301,NIRMAL KISKU,1,476.0,0.0,6.0,482.0,43_Form20.pdf
43,,,302,JOYEL MURMU,153,426.0,0.0,0.0,426.0,43_Form20.pdf
43,,,302,THAKUR TUDU,61,426.0,0.0,0.0,426.0,43_Form20.pdf
43,,,302,PRODIP BASKEY,174,426.0,0.0,0.0,426.0,43_Form20.pdf
43,,,302,KISKU,17,426.0,0.0,0.0,426.0,43_Form20.pdf
43,,,302,NIRMAL KISKU,2,426.0,0.0,0.0,426.0,43_Form20.pdf
43,,,303,JOYEL MURMU,83,395.0,0.0,4.0,399.0,43_Form20.pdf
43,,,303,THAKUR TUDU,62,395.0,0.0,4.0,399.0,43_Form20.pdf
43,,,303,PRODIP BASKEY,137,395.0,0.0,4.0,399.0,43_Form20.pdf
43,,,303,KISKU,9,395.0,0.0,4.0,399.0,43_Form20.pdf
43,,,303,NIRMAL KISKU,5,395.0,0.0,4.0,399.0,43_Form20.pdf
43,,,304,JOYEL MURMU,86,502.0,0.0,7.0,509.0,43_Form20.pdf
43,,,304,THAKUR TUDU,104,502.0,0.0,7.0,509.0,43_Form20.pdf
43,,,304,PRODIP BASKEY,117,502.0,0.0,7.0,509.0,43_Form20.pdf
43,,,304,KISKU,100,502.0,0.0,7.0,509.0,43_Form20.pdf
43,,,304,NIRMAL KISKU,3,502.0,0.0,7.0,509.0,43_Form20.pdf
43,,,305,JOYEL MURMU,266,514.0,0.0,8.0,522.0,43_Form20.pdf
43,,,305,THAKUR TUDU,38,514.0,0.0,8.0,522.0,43_Form20.pdf
43,,,305,PRODIP BASKEY,162,514.0,0.0,8.0,522.0,43_Form20.pdf
43,,,305,KISKU,4,514.0,0.0,8.0,522.0,43_Form20.pdf
43,,,305,NIRMAL KISKU,4,514.0,0.0,8.0,522.0,43_Form20.pdf
43,,,306,JOYEL MURMU,343,622.0,0.0,9.0,631.0,43_Form20.pdf
43,,,306,THAKUR TUDU,93,622.0,0.0,9.0,631.0,43_Form20.pdf
43,,,306,PRODIP BASKEY,143,622.0,0.0,9.0,631.0,43_Form20.pdf
43,,,306,KISKU,4,622.0,0.0,9.0,631.0,43_Form20.pdf
43,,,306,NIRMAL KISKU,4,622.0,0.0,9.0,631.0,43_Form20.pdf
43,,,307,JOYEL MURMU,354,581.0,0.0,4.0,585.0,43_Form20.pdf
43,,,307,THAKUR TUDU,55,581.0,0.0,4.0,585.0,43_Form20.pdf
43,,,307,PRODIP BASKEY,116,581.0,0.0,4.0,585.0,43_Form20.pdf
43,,,307,KISKU,3,581.0,0.0,4.0,585.0,43_Form20.pdf
43,,,307,NIRMAL KISKU,1,581.0,0.0,4.0,585.0,43_Form20.pdf
43,,,308,JOYEL MURMU,209,494.0,0.0,1.0,495.0,43_Form20.pdf
43,,,308,THAKUR TUDU,8,494.0,0.0,1.0,495.0,43_Form20.pdf
43,,,308,PRODIP BASKEY,79,494.0,0.0,1.0,495.0,43_Form20.pdf
43,,,308,KISKU,5,494.0,0.0,1.0,495.0,43_Form20.pdf
43,,,308,NIRMAL KISKU,3,494.0,0.0,1.0,495.0,43_Form20.pdf
43,,,309,JOYEL MURMU,155,470.0,0.0,3.0,473.0,43_Form20.pdf
43,,,309,THAKUR TUDU,5,470.0,0.0,3.0,473.0,43_Form20.pdf
43,,,309,PRODIP BASKEY,179,470.0,0.0,3.0,473.0,43_Form20.pdf
43,,,309,KISKU,2,470.0,0.0,3.0,473.0,43_Form20.pdf
43,,,309,NIRMAL KISKU,1,470.0,0.0,3.0,473.0,43_Form20.pdf
43,,,310,JOYEL MURMU,332,575.0,0.0,0.0,575.0,43_Form20.pdf
43,,,310,THAKUR TUDU,8,575.0,0.0,0.0,575.0,43_Form20.pdf
43,,,310,PRODIP BASKEY,118,575.0,0.0,0.0,575.0,43_Form20.pdf
43,,,310,KISKU,14,575.0,0.0,0.0,575.0,43_Form20.pdf
43,,,310,NIRMAL KISKU,4,575.0,0.0,0.0,575.0,43_Form20.pdf
43,,,311,JOYEL MURMU,256,575.0,0.0,11.0,586.0,43_Form20.pdf
43,,,311,THAKUR TUDU,4,575.0,0.0,11.0,586.0,43_Form20.pdf
43,,,311,PRODIP BASKEY,209,575.0,0.0,11.0,586.0,43_Form20.pdf
43,,,311,KISKU,4,575.0,0.0,11.0,586.0,43_Form20.pdf
43,,,311,NIRMAL KISKU,4,575.0,0.0,11.0,586.0,43_Form20.pdf
43,,,312,JOYEL MURMU,291,590.0,0.0,15.0,605.0,43_Form20.pdf
43,,,312,THAKUR TUDU,21,590.0,0.0,15.0,605.0,43_Form20.pdf
43,,,312,PRODIP BASKEY,280,590.0,0.0,15.0,605.0,43_Form20.pdf
43,,,312,KISKU,1,590.0,0.0,15.0,605.0,43_Form20.pdf
43,,,312,NIRMAL KISKU,3,590.0,0.0,15.0,605.0,43_Form20.pdf
43,,,313,JOYEL MURMU,304,637.0,0.0,5.0,642.0,43_Form20.pdf
43,,,313,THAKUR TUDU,30,637.0,0.0,5.0,642.0,43_Form20.pdf
43,,,313,PRODIP BASKEY,272,637.0,0.0,5.0,642.0,43_Form20.pdf
43,,,313,KISKU,8,637.0,0.0,5.0,642.0,43_Form20.pdf
43,,,313,NIRMAL KISKU,2,637.0,0.0,5.0,642.0,43_Form20.pdf
43,,,314,JOYEL MURMU,286,624.0,0.0,9.0,633.0,43_Form20.pdf
43,,,314,THAKUR TUDU,29,624.0,0.0,9.0,633.0,43_Form20.pdf
43,,,314,PRODIP BASKEY,246,624.0,0.0,9.0,633.0,43_Form20.pdf
43,,,314,KISKU,4,624.0,0.0,9.0,633.0,43_Form20.pdf
43,,,314,NIRMAL KISKU,1,624.0,0.0,9.0,633.0,43_Form20.pdf
43,,,315,JOYEL MURMU,274,572.0,0.0,4.0,576.0,43_Form20.pdf
43,,,315,THAKUR TUDU,12,572.0,0.0,4.0,576.0,43_Form20.pdf
43,,,315,PRODIP BASKEY,286,572.0,0.0,4.0,576.0,43_Form20.pdf
43,,,315,KISKU,3,572.0,0.0,4.0,576.0,43_Form20.pdf
43,,,315,NIRMAL KISKU,2,572.0,0.0,4.0,576.0,43_Form20.pdf
43,,,316,JOYEL MURMU,219,575.0,0.0,4.0,579.0,43_Form20.pdf
43,,,316,THAKUR TUDU,27,575.0,0.0,4.0,579.0,43_Form20.pdf
43,,,316,PRODIP BASKEY,134,575.0,0.0,4.0,579.0,43_Form20.pdf
43,,,316,KISKU,17,575.0,0.0,4.0,579.0,43_Form20.pdf
43,,,316,NIRMAL KISKU,2,575.0,0.0,4.0,579.0,43_Form20.pdf
43,,,317,JOYEL MURMU,208,425.0,0.0,0.0,425.0,43_Form20.pdf
43,,,317,THAKUR TUDU,18,425.0,0.0,0.0,425.0,43_Form20.pdf
43,,,317,PRODIP BASKEY,229,425.0,0.0,0.0,425.0,43_Form20.pdf
43,,,317,KISKU,4,425.0,0.0,0.0,425.0,43_Form20.pdf
43,,,317,NIRMAL KISKU,0,425.0,0.0,0.0,425.0,43_Form20.pdf
43,,,318,JOYEL MURMU,295,593.0,0.0,0.0,593.0,43_Form20.pdf
43,,,318,THAKUR TUDU,11,593.0,0.0,0.0,593.0,43_Form20.pdf
43,,,318,PRODIP BASKEY,190,593.0,0.0,0.0,593.0,43_Form20.pdf
43,,,318,KISKU,5,593.0,0.0,0.0,593.0,43_Form20.pdf
43,,,318,NIRMAL KISKU,1,593.0,0.0,0.0,593.0,43_Form20.pdf
43,,,319,JOYEL MURMU,389,514.0,0.0,0.0,514.0,43_Form20.pdf
43,,,319,THAKUR TUDU,20,514.0,0.0,0.0,514.0,43_Form20.pdf
43,,,319,PRODIP BASKEY,349,514.0,0.0,0.0,514.0,43_Form20.pdf
43,,,319,KISKU,1,514.0,0.0,0.0,514.0,43_Form20.pdf
43,,,319,NIRMAL KISKU,1,514.0,0.0,0.0,514.0,43_Form20.pdf
43,,,320,JOYEL MURMU,221,522.0,0.0,0.0,522.0,43_Form20.pdf
43,,,320,THAKUR TUDU,45,522.0,0.0,0.0,522.0,43_Form20.pdf
43,,,320,PRODIP BASKEY,265,522.0,0.0,0.0,522.0,43_Form20.pdf
43,,,320,KISKU,0,522.0,0.0,0.0,522.0,43_Form20.pdf
43,,,320,NIRMAL KISKU,3,522.0,0.0,0.0,522.0,43_Form20.pdf
43,,,321,JOYEL MURMU,477,,,,,43_Form20.pdf
43,,,321,THAKUR TUDU,24,,,,,43_Form20.pdf
43,,,321,PRODIP BASKEY,810,,,,,43_Form20.pdf
43,,,321,KISKU,4,,,,,43_Form20.pdf
43,,,321,NIRMAL KISKU,4,,,,,43_Form20.pdf
43,,,322,JOYEL MURMU,302,837.0,0.0,4.0,841.0,43_Form20.pdf
43,,,322,THAKUR TUDU,272,837.0,0.0,4.0,841.0,43_Form20.pdf
43,,,322,PRODIP BASKEY,837,837.0,0.0,4.0,841.0,43_Form20.pdf
43,,,322,KISKU,3,837.0,0.0,4.0,841.0,43_Form20.pdf
43,,,322,NIRMAL KISKU,2,837.0,0.0,4.0,841.0,43_Form20.pdf
43,,,323,JOYEL MURMU,209,,,,,43_Form20.pdf
43,,,323,THAKUR TUDU,210,,,,,43_Form20.pdf
43,,,323,PRODIP BASKEY,791,,,,,43_Form20.pdf
43,,,323,KISKU,4,,,,,43_Form20.pdf
43,,,323,NIRMAL KISKU,5,,,,,43_Form20.pdf
43,,,324,JOYEL MURMU,208,575.0,0.0,9.0,584.0,43_Form20.pdf
43,,,324,THAKUR TUDU,208,575.0,0.0,9.0,584.0,43_Form20.pdf
43,,,324,PRODIP BASKEY,536,575.0,0.0,9.0,584.0,43_Form20.pdf
43,,,324,KISKU,0,575.0,0.0,9.0,584.0,43_Form20.pdf
43,,,324,NIRMAL KISKU,3,575.0,0.0,9.0,584.0,43_Form20.pdf
43,,,325,JOYEL MURMU,210,,,,,43_Form20.pdf
43,,,325,THAKUR TUDU,210,,,,,43_Form20.pdf
43,,,325,PRODIP BASKEY,583,,,,,43_Form20.pdf
43,,,325,KISKU,0,,,,,43_Form20.pdf
43,,,325,NIRMAL KISKU,4,,,,,43_Form20.pdf
43,,,326,JOYEL MURMU,210,525.0,0.0,0.0,525.0,43_Form20.pdf
43,,,326,THAKUR TUDU,225,525.0,0.0,0.0,525.0,43_Form20.pdf
43,,,326,PRODIP BASKEY,521,525.0,0.0,0.0,525.0,43_Form20.pdf
43,,,326,KISKU,0,525.0,0.0,0.0,525.0,43_Form20.pdf
43,,,326,NIRMAL KISKU,4,525.0,0.0,0.0,525.0,43_Form20.pdf
43,,,225(A),JOYEL MURMU,20,508.0,0.0,0.0,508.0,43_Form20.pdf
43,,,225(A),THAKUR TUDU,222,508.0,0.0,0.0,508.0,43_Form20.pdf
43,,,225(A),PRODIP BASKEY,265,508.0,0.0,0.0,508.0,43_Form20.pdf
43,,,225(A),KISKU,31,508.0,0.0,0.0,508.0,43_Form20.pdf
43,,,225(A),NIRMAL KISKU,167,508.0,0.0,0.0,508.0,43_Form20.pdf
43,,,225(A),BABURAM BISWANATH,215,508.0,0.0,0.0,508.0,43_Form20.pdf
43,,,225(A),MARDI,3,508.0,0.0,0.0,508.0,43_Form20.pdf
43,,,225(A),NUMAL PROVATH KISKU,2,508.0,0.0,0.0,508.0,43_Form20.pdf
43,,,225(A),SOREN,1,508.0,0.0,0.0,508.0,43_Form20.pdf
43,,,225(A),MARDI,0,508.0,0.0,0.0,508.0,43_Form20.pdf
43,,,225(A),JOY,2,508.0,0.0,0.0,508.0,43_Form20.pdf
43,,,226,JOYEL MURMU,31,519.0,0.0,3.0,522.0,43_Form20.pdf
43,,,226,THAKUR TUDU,208,519.0,0.0,3.0,522.0,43_Form20.pdf
43,,,226,PRODIP BASKEY,265,519.0,0.0,3.0,522.0,43_Form20.pdf
43,,,226,KISKU,26,519.0,0.0,3.0,522.0,43_Form20.pdf
43,,,226,NIRMAL KISKU,167,519.0,0.0,3.0,522.0,43_Form20.pdf
43,,,226,BABURAM BISWANATH,215,519.0,0.0,3.0,522.0,43_Form20.pdf
43,,,226,MARDI,5,519.0,0.0,3.0,522.0,43_Form20.pdf
43,,,226,NUMAL PROVATH KISKU,1,519.0,0.0,3.0,522.0,43_Form20.pdf
43,,,226,SOREN,0,519.0,0.0,3.0,522.0,43_Form20.pdf
43,,,226,MARDI,1,519.0,0.0,3.0,522.0,43_Form20.pdf
43,,,226,JOY,1,519.0,0.0,3.0,522.0,43_Form20.pdf
43,,,227,JOYEL MURMU,26,420.0,0.0,5.0,425.0,43_Form20.pdf
43,,,227,THAKUR TUDU,241,420.0,0.0,5.0,425.0,43_Form20.pdf
43,,,227,PRODIP BASKEY,265,420.0,0.0,5.0,425.0,43_Form20.pdf
43,,,227,KISKU,26,420.0,0.0,5.0,425.0,43_Form20.pdf
43,,,227,NIRMAL KISKU,216,420.0,0.0,5.0,425.0,43_Form20.pdf
43,,,227,BABURAM BISWANATH,4,420.0,0.0,5.0,425.0,43_Form20.pdf
43,,,227,MARDI,0,420.0,0.0,5.0,425.0,43_Form20.pdf
43,,,227,NUMAL PROVATH KISKU,1,420.0,0.0,5.0,425.0,43_Form20.pdf
43,,,227,SOREN,2,420.0,0.0,5.0,425.0,43_Form20.pdf
43,,,227,MARDI,0,420.0,0.0,5.0,425.0,43_Form20.pdf
43,,,227,JOY,0,420.0,0.0,5.0,425.0,43_Form20.pdf
43,,,227(A),JOYEL MURMU,15,490.0,0.0,8.0,498.0,43_Form20.pdf
43,,,227(A),THAKUR TUDU,241,490.0,0.0,8.0,498.0,43_Form20.pdf
43,,,227(A),PRODIP BASKEY,265,490.0,0.0,8.0,498.0,43_Form20.pdf
43,,,227(A),KISKU,15,490.0,0.0,8.0,498.0,43_Form20.pdf
43,,,227(A),NIRMAL KISKU,167,490.0,0.0,8.0,498.0,43_Form20.pdf
43,,,227(A),BABURAM BISWANATH,220,490.0,0.0,8.0,498.0,43_Form20.pdf
43,,,227(A),MARDI,1,490.0,0.0,8.0,498.0,43_Form20.pdf
43,,,227(A),NUMAL PROVATH KISKU,1,490.0,0.0,8.0,498.0,43_Form20.pdf
43,,,227(A),SOREN,3,490.0,0.0,8.0,498.0,43_Form20.pdf
43,,,227(A),MARDI,0,490.0,0.0,8.0,498.0,43_Form20.pdf
43,,,227(A),JOY,0,490.0,0.0,8.0,498.0,43_Form20.pdf
43,,,228,JOYEL MURMU,12,577.0,0.0,7.0,584.0,43_Form20.pdf
43,,,228,THAKUR TUDU,329,577.0,0.0,7.0,584.0,43_Form20.pdf
43,,,228,PRODIP BASKEY,265,577.0,0.0,7.0,584.0,43_Form20.pdf
43,,,228,KISKU,12,577.0,0.0,7.0,584.0,43_Form20.pdf
43,,,228,NIRMAL KISKU,220,577.0,0.0,7.0,584.0,43_Form20.pdf
43,,,228,BABURAM BISWANATH,577,577.0,0.0,7.0,584.0,43_Form20.pdf
43,,,228,MARDI,1,577.0,0.0,7.0,584.0,43_Form20.pdf
43,,,228,NUMAL PROVATH KISKU,1,577.0,0.0,7.0,584.0,43_Form20.pdf
43,,,228,SOREN,1,577.0,0.0,7.0,584.0,43_Form20.pdf
43,,,228,MARDI,2,577.0,0.0,7.0,584.0,43_Form20.pdf
43,,,228,JOY,0,577.0,0.0,7.0,584.0,43_Form20.pdf
43,,,229,JOYEL MURMU,18,719.0,0.0,0.0,719.0,43_Form20.pdf
43,,,229,THAKUR TUDU,229,719.0,0.0,0.0,719.0,43_Form20.pdf
43,,,229,PRODIP BASKEY,329,719.0,0.0,0.0,719.0,43_Form20.pdf
43,,,229,KISKU,22,719.0,0.0,0.0,719.0,43_Form20.pdf
43,,,229,NIRMAL KISKU,220,719.0,0.0,0.0,719.0,43_Form20.pdf
43,,,229,BABURAM BISWANATH,13,719.0,0.0,0.0,719.0,43_Form20.pdf
43,,,229,MARDI,334,719.0,0.0,0.0,719.0,43_Form20.pdf
43,,,229,NUMAL PROVATH KISKU,0,719.0,0.0,0.0,719.0,43_Form20.pdf
43,,,229,SOREN,4,719.0,0.0,0.0,719.0,43_Form20.pdf
43,,,229,MARDI,1,719.0,0.0,0.0,719.0,43_Form20.pdf
43,,,229,JOY,2,719.0,0.0,0.0,719.0,43_Form20.pdf
43,,,230,JOYEL MURMU,22,,,,,43_Form20.pdf
43,,,230,THAKUR TUDU,350,,,,,43_Form20.pdf
43,,,230,PRODIP BASKEY,329,,,,,43_Form20.pdf
43,,,230,KISKU,22,,,,,43_Form20.pdf
43,,,230,NIRMAL KISKU,168,,,,,43_Form20.pdf
43,,,230,BABURAM BISWANATH,6,,,,,43_Form20.pdf
43,,,230,MARDI,487,,,,,43_Form20.pdf
43,,,230,NUMAL PROVATH KISKU,13,,,,,43_Form20.pdf
43,,,230,SOREN,3,,,,,43_Form20.pdf
43,,,230,MARDI,1,,,,,43_Form20.pdf
43,,,230,JOY,1,,,,,43_Form20.pdf
43,,,231,JOYEL MURMU,27,434.0,0.0,1.0,435.0,43_Form20.pdf
43,,,231,THAKUR TUDU,313,434.0,0.0,1.0,435.0,43_Form20.pdf
43,,,231,PRODIP BASKEY,329,434.0,0.0,1.0,435.0,43_Form20.pdf
43,,,231,KISKU,27,434.0,0.0,1.0,435.0,43_Form20.pdf
43,,,231,NIRMAL KISKU,215,434.0,0.0,1.0,435.0,43_Form20.pdf
43,,,231,BABURAM BISWANATH,12,434.0,0.0,1.0,435.0,43_Form20.pdf
43,,,231,MARDI,13,434.0,0.0,1.0,435.0,43_Form20.pdf
43,,,231,NUMAL PROVATH KISKU,2,434.0,0.0,1.0,435.0,43_Form20.pdf
43,,,231,SOREN,3,434.0,0.0,1.0,435.0,43_Form20.pdf
43,,,231,MARDI,1,434.0,0.0,1.0,435.0,43_Form20.pdf
43,,,231,JOY,0,434.0,0.0,1.0,435.0,43_Form20.pdf
43,,,231(A),JOYEL MURMU,33,794.0,0.0,7.0,801.0,43_Form20.pdf
43,,,231(A),THAKUR TUDU,334,794.0,0.0,7.0,801.0,43_Form20.pdf
43,,,231(A),PRODIP BASKEY,329,794.0,0.0,7.0,801.0,43_Form20.pdf
43,,,231(A),KISKU,33,794.0,0.0,7.0,801.0,43_Form20.pdf
43,,,231(A),NIRMAL KISKU,216,794.0,0.0,7.0,801.0,43_Form20.pdf
43,,,231(A),BABURAM BISWANATH,19,794.0,0.0,7.0,801.0,43_Form20.pdf
43,,,231(A),MARDI,3,794.0,0.0,7.0,801.0,43_Form20.pdf
43,,,231(A),NUMAL PROVATH KISKU,3,794.0,0.0,7.0,801.0,43_Form20.pdf
43,,,231(A),SOREN,1,794.0,0.0,7.0,801.0,43_Form20.pdf
43,,,231(A),MARDI,1,794.0,0.0,7.0,801.0,43_Form20.pdf
43,,,231(A),JOY,0,794.0,0.0,7.0,801.0,43_Form20.pdf
43,,,232,JOYEL MURMU,33,,,,,43_Form20.pdf
43,,,232,THAKUR TUDU,272,,,,,43_Form20.pdf
43,,,232,PRODIP BASKEY,329,,,,,43_Form20.pdf
43,,,232,KISKU,33,,,,,43_Form20.pdf
43,,,232,NIRMAL KISKU,167,,,,,43_Form20.pdf
43,,,232,BABURAM BISWANATH,5,,,,,43_Form20.pdf
43,,,232,MARDI,505,,,,,43_Form20.pdf
43,,,232,NUMAL PROVATH KISKU,5,,,,,43_Form20.pdf
43,,,232,SOREN,2,,,,,43_Form20.pdf
43,,,232,MARDI,4,,,,,43_Form20.pdf
43,,,232,JOY,2,,,,,43_Form20.pdf
43,,,233,JOYEL MURMU,465,,,,,43_Form20.pdf
43,,,233,THAKUR TUDU,329,,,,,43_Form20.pdf
43,,,233,PRODIP BASKEY,465,,,,,43_Form20.pdf
43,,,233,KISKU,46,,,,,43_Form20.pdf
43,,,233,NIRMAL KISKU,215,,,,,43_Form20.pdf
43,,,233,BABURAM BISWANATH,9,,,,,43_Form20.pdf
43,,,233,MARDI,44,,,,,43_Form20.pdf
43,,,233,NUMAL PROVATH KISKU,0,,,,,43_Form20.pdf
43,,,233,SOREN,5,,,,,43_Form20.pdf
43,,,233,MARDI,2,,,,,43_Form20.pdf
43,,,233,JOY,3,,,,,43_Form20.pdf
43,,,234,JOYEL MURMU,459,,,,,43_Form20.pdf
43,,,234,THAKUR TUDU,257,,,,,43_Form20.pdf
43,,,234,PRODIP BASKEY,459,,,,,43_Form20.pdf
43,,,234,KISKU,45,,,,,43_Form20.pdf
43,,,234,NIRMAL KISKU,167,,,,,43_Form20.pdf
43,,,234,BABURAM BISWANATH,4,,,,,43_Form20.pdf
43,,,234,MARDI,30,,,,,43_Form20.pdf
43,,,234,NUMAL PROVATH KISKU,4,,,,,43_Form20.pdf
43,,,234,SOREN,4,,,,,43_Form20.pdf
43,,,234,MARDI,2,,,,,43_Form20.pdf
43,,,234,JOY,3,,,,,43_Form20.pdf
43,,,235,JOYEL MURMU,257,,,,,43_Form20.pdf
43,,,235,THAKUR TUDU,221,,,,,43_Form20.pdf
43,,,235,PRODIP BASKEY,257,,,,,43_Form20.pdf
43,,,235,KISKU,25,,,,,43_Form20.pdf
43,,,235,NIRMAL KISKU,215,,,,,43_Form20.pdf
43,,,235,BABURAM BISWANATH,8,,,,,43_Form20.pdf
43,,,235,MARDI,165,,,,,43_Form20.pdf
43,,,235,NUMAL PROVATH KISKU,81,,,,,43_Form20.pdf
43,,,235,SOREN,9,,,,,43_Form20.pdf
43,,,235,MARDI,3,,,,,43_Form20.pdf
43,,,235,JOY,4,,,,,43_Form20.pdf
43,,,236,JOYEL MURMU,182,,,,,43_Form20.pdf
43,,,236,THAKUR TUDU,266,,,,,43_Form20.pdf
43,,,236,PRODIP BASKEY,182,,,,,43_Form20.pdf
43,,,236,KISKU,26,,,,,43_Form20.pdf
43,,,236,NIRMAL KISKU,167,,,,,43_Form20.pdf
43,,,236,BABURAM BISWANATH,15,,,,,43_Form20.pdf
43,,,236,MARDI,87,,,,,43_Form20.pdf
43,,,236,NUMAL PROVATH KISKU,3,,,,,43_Form20.pdf
43,,,236,SOREN,3,,,,,43_Form20.pdf
43,,,236,MARDI,3,,,,,43_Form20.pdf
43,,,236,JOY,4,,,,,43_Form20.pdf
43,,,237,JOYEL MURMU,119,,,,,43_Form20.pdf
43,,,237,THAKUR TUDU,235,,,,,43_Form20.pdf
43,,,237,PRODIP BASKEY,119,,,,,43_Form20.pdf
43,,,237,KISKU,23,,,,,43_Form20.pdf
43,,,237,NIRMAL KISKU,216,,,,,43_Form20.pdf
43,,,237,BABURAM BISWANATH,4,,,,,43_Form20.pdf
43,,,237,MARDI,13,,,,,43_Form20.pdf
43,,,237,NUMAL PROVATH KISKU,165,,,,,43_Form20.pdf
43,,,237,SOREN,87,,,,,43_Form20.pdf
43,,,237,MARDI,4,,,,,43_Form20.pdf
43,,,237,JOY,5,,,,,43_Form20.pdf
43,,,238,JOYEL MURMU,49,,,,,43_Form20.pdf
43,,,238,THAKUR TUDU,235,,,,,43_Form20.pdf
43,,,238,PRODIP BASKEY,49,,,,,43_Form20.pdf
43,,,238,KISKU,24,,,,,43_Form20.pdf
43,,,238,NIRMAL KISKU,167,,,,,43_Form20.pdf
43,,,238,BABURAM BISWANATH,5,,,,,43_Form20.pdf
43,,,238,MARDI,44,,,,,43_Form20.pdf
43,,,238,NUMAL PROVATH KISKU,13,,,,,43_Form20.pdf
43,,,238,SOREN,22,,,,,43_Form20.pdf
43,,,238,MARDI,10,,,,,43_Form20.pdf
43,,,238,JOY,4,,,,,43_Form20.pdf
43,,,238(A),JOYEL MURMU,24,,,,,43_Form20.pdf
43,,,238(A),THAKUR TUDU,241,,,,,43_Form20.pdf
43,,,238(A),PRODIP BASKEY,324,,,,,43_Form20.pdf
43,,,238(A),KISKU,24,,,,,43_Form20.pdf
43,,,238(A),NIRMAL KISKU,216,,,,,43_Form20.pdf
43,,,238(A),BABURAM BISWANATH,29,,,,,43_Form20.pdf
43,,,238(A),MARDI,134,,,,,43_Form20.pdf
43,,,238(A),NUMAL PROVATH KISKU,5,,,,,43_Form20.pdf
43,,,238(A),SOREN,5,,,,,43_Form20.pdf
43,,,238(A),MARDI,4,,,,,43_Form20.pdf
43,,,238(A),JOY,2,,,,,43_Form20.pdf
43,,,239,JOYEL MURMU,29,,,,,43_Form20.pdf
43,,,239,THAKUR TUDU,315,,,,,43_Form20.pdf
43,,,239,PRODIP BASKEY,29,,,,,43_Form20.pdf
43,,,239,KISKU,29,,,,,43_Form20.pdf
43,,,239,NIRMAL KISKU,167,,,,,43_Form20.pdf
43,,,239,BABURAM BISWANATH,2,,,,,43_Form20.pdf
43,,,239,MARDI,141,,,,,43_Form20.pdf
43,,,239,NUMAL PROVATH KISKU,3,,,,,43_Form20.pdf
43,,,239,SOREN,19,,,,,43_Form20.pdf
43,,,239,MARDI,1,,,,,43_Form20.pdf
43,,,239,JOY,1,,,,,43_Form20.pdf
43,,,240,JOYEL MURMU,208,,,,,43_Form20.pdf
43,,,240,THAKUR TUDU,334,,,,,43_Form20.pdf
43,,,240,PRODIP BASKEY,208,,,,,43_Form20.pdf
43,,,240,KISKU,20,,,,,43_Form20.pdf
43,,,240,NIRMAL KISKU,216,,,,,43_Form20.pdf
43,,,240,BABURAM BISWANATH,29,,,,,43_Form20.pdf
43,,,240,MARDI,235,,,,,43_Form20.pdf
43,,,240,NUMAL PROVATH KISKU,13,,,,,43_Form20.pdf
43,,,240,SOREN,6,,,,,43_Form20.pdf
43,,,240,MARDI,2,,,,,43_Form20.pdf
43,,,240,JOY,2,,,,,43_Form20.pdf
43,,,241,JOYEL MURMU,165,,,,,43_Form20.pdf
43,,,241,THAKUR TUDU,330,,,,,43_Form20.pdf
43,,,241,PRODIP BASKEY,165,,,,,43_Form20.pdf
43,,,241,KISKU,16,,,,,43_Form20.pdf
43,,,241,NIRMAL KISKU,167,,,,,43_Form20.pdf
43,,,241,BABURAM BISWANATH,134,,,,,43_Form20.pdf
43,,,241,MARDI,247,,,,,43_Form20.pdf
43,,,241,NUMAL PROVATH KISKU,34,,,,,43_Form20.pdf
43,,,241,SOREN,26,,,,,43_Form20.pdf
43,,,241,MARDI,1,,,,,43_Form20.pdf
43,,,241,JOY,1,,,,,43_Form20.pdf
43,,,242,JOYEL MURMU,174,,,,,43_Form20.pdf
43,,,242,THAKUR TUDU,230,,,,,43_Form20.pdf
43,,,242,PRODIP BASKEY,174,,,,,43_Form20.pdf
43,,,242,KISKU,17,,,,,43_Form20.pdf
43,,,242,NIRMAL KISKU,215,,,,,43_Form20.pdf
43,,,242,BABURAM BISWANATH,162,,,,,43_Form20.pdf
43,,,242,MARDI,240,,,,,43_Form20.pdf
43,,,242,NUMAL PROVATH KISKU,30,,,,,43_Form20.pdf
43,,,242,SOREN,2,,,,,43_Form20.pdf
43,,,242,MARDI,3,,,,,43_Form20.pdf
43,,,242,JOY,1,,,,,43_Form20.pdf
43,,,242(A),JOYEL MURMU,86,,,,,43_Form20.pdf
43,,,242(A),THAKUR TUDU,279,,,,,43_Form20.pdf
43,,,242(A),PRODIP BASKEY,78,,,,,43_Form20.pdf
43,,,242(A),KISKU,8,,,,,43_Form20.pdf
43,,,242(A),NIRMAL KISKU,167,,,,,43_Form20.pdf
43,,,242(A),BABURAM BISWANATH,165,,,,,43_Form20.pdf
43,,,242(A),MARDI,343,,,,,43_Form20.pdf
43,,,242(A),NUMAL PROVATH KISKU,3,,,,,43_Form20.pdf
43,,,242(A),SOREN,15,,,,,43_Form20.pdf
43,,,242(A),MARDI,4,,,,,43_Form20.pdf
43,,,242(A),JOY,4,,,,,43_Form20.pdf
43,,,243,JOYEL MURMU,75,,,,,43_Form20.pdf
43,,,243,THAKUR TUDU,223,,,,,43_Form20.pdf
43,,,243,PRODIP BASKEY,75,,,,,43_Form20.pdf
43,,,243,KISKU,7,,,,,43_Form20.pdf
43,,,243,NIRMAL KISKU,216,,,,,43_Form20.pdf
43,,,243,BABURAM BISWANATH,235,,,,,43_Form20.pdf
43,,,243,MARDI,230,,,,,43_Form20.pdf
43,,,243,NUMAL PROVATH KISKU,0,,,,,43_Form20.pdf
43,,,243,SOREN,7,,,,,43_Form20.pdf
43,,,243,MARDI,5,,,,,43_Form20.pdf
43,,,243,JOY,3,,,,,43_Form20.pdf
43,,,244,JOYEL MURMU,51,,,,,43_Form20.pdf
43,,,244,THAKUR TUDU,106,,,,,43_Form20.pdf
43,,,244,PRODIP BASKEY,51,,,,,43_Form20.pdf
43,,,244,KISKU,5,,,,,43_Form20.pdf
43,,,244,NIRMAL KISKU,167,,,,,43_Form20.pdf
43,,,244,BABURAM BISWANATH,29,,,,,43_Form20.pdf
43,,,244,MARDI,174,,,,,43_Form20.pdf
43,,,244,NUMAL PROVATH KISKU,4,,,,,43_Form20.pdf
43,,,244,SOREN,8,,,,,43_Form20.pdf
43,,,244,MARDI,5,,,,,43_Form20.pdf
43,,,244,JOY,4,,,,,43_Form20.pdf
43,,,244(A),JOYEL MURMU,11,,,,,43_Form20.pdf
43,,,244(A),THAKUR TUDU,51,,,,,43_Form20.pdf
43,,,244(A),PRODIP BASKEY,171,,,,,43_Form20.pdf
43,,,244(A),KISKU,1,,,,,43_Form20.pdf
43,,,244(A),NIRMAL KISKU,216,,,,,43_Form20.pdf
43,,,244(A),BABURAM BISWANATH,315,,,,,43_Form20.pdf
43,,,244(A),MARDI,82,,,,,43_Form20.pdf
43,,,244(A),NUMAL PROVATH KISKU,4,,,,,43_Form20.pdf
43,,,244(A),SOREN,5,,,,,43_Form20.pdf
43,,,244(A),MARDI,2,,,,,43_Form20.pdf
43,,,244(A),JOY,2,,,,,43_Form20.pdf
43,,,245,JOYEL MURMU,9,,,,,43_Form20.pdf
43,,,245,THAKUR TUDU,4,,,,,43_Form20.pdf
43,,,245,PRODIP BASKEY,197,,,,,43_Form20.pdf
43,,,245,KISKU,9,,,,,43_Form20.pdf
43,,,245,NIRMAL KISKU,167,,,,,43_Form20.pdf
43,,,245,BABURAM BISWANATH,134,,,,,43_Form20.pdf
43,,,245,MARDI,106,,,,,43_Form20.pdf
43,,,245,NUMAL PROVATH KISKU,51,,,,,43_Form20.pdf
43,,,245,SOREN,4,,,,,43_Form20.pdf
43,,,245,MARDI,4,,,,,43_Form20.pdf
43,,,245,JOY,1,,,,,43_Form20.pdf
43,,,246,JOYEL MURMU,18,,,,,43_Form20.pdf
43,,,246,THAKUR TUDU,7,,,,,43_Form20.pdf
43,,,246,PRODIP BASKEY,18,,,,,43_Form20.pdf
43,,,246,KISKU,1,,,,,43_Form20.pdf
43,,,246,NIRMAL KISKU,216,,,,,43_Form20.pdf
43,,,246,BABURAM BISWANATH,29,,,,,43_Form20.pdf
43,,,246,MARDI,51,,,,,43_Form20.pdf
43,,,246,NUMAL PROVATH KISKU,18,,,,,43_Form20.pdf
43,,,246,SOREN,2,,,,,43_Form20.pdf
43,,,246,MARDI,2,,,,,43_Form20.pdf
43,,,246,JOY,0,,,,,43_Form20.pdf
43,,,246(A),JOYEL MURMU,284,485.0,0.0,7.0,492.0,43_Form20.pdf
43,,,246(A),THAKUR TUDU,28,485.0,0.0,7.0,492.0,43_Form20.pdf
43,,,246(A),PRODIP BASKEY,161,485.0,0.0,7.0,492.0,43_Form20.pdf
43,,,246(A),KISKU,3,485.0,0.0,7.0,492.0,43_Form20.pdf
43,,,246(A),NIRMAL KISKU,3,485.0,0.0,7.0,492.0,43_Form20.pdf
43,,,246(A),BABURAM BISWANATH,1,485.0,0.0,7.0,492.0,43_Form20.pdf
43,,,246(A),MARDI,4,485.0,0.0,7.0,492.0,43_Form20.pdf
43,,,246(A),NUMAL PROVATH KISKU,0,485.0,0.0,7.0,492.0,43_Form20.pdf
43,,,246(A),SOREN,1,485.0,0.0,7.0,492.0,43_Form20.pdf
43,,,247,JOYEL MURMU,82,471.0,0.0,4.0,475.0,43_Form20.pdf
43,,,247,THAKUR TUDU,123,471.0,0.0,4.0,475.0,43_Form20.pdf
43,,,247,PRODIP BASKEY,140,471.0,0.0,4.0,475.0,43_Form20.pdf
43,,,247,KISKU,7,471.0,0.0,4.0,475.0,43_Form20.pdf
43,,,247,NIRMAL KISKU,3,471.0,0.0,4.0,475.0,43_Form20.pdf
43,,,247,BABURAM BISWANATH,103,471.0,0.0,4.0,475.0,43_Form20.pdf
43,,,247,MARDI,4,471.0,0.0,4.0,475.0,43_Form20.pdf
43,,,247,NUMAL PROVATH KISKU,4,471.0,0.0,4.0,475.0,43_Form20.pdf
43,,,247,SOREN,4,471.0,0.0,4.0,475.0,43_Form20.pdf
43,,,247(A),JOYEL MURMU,31,402.0,0.0,6.0,408.0,43_Form20.pdf
43,,,247(A),THAKUR TUDU,52,402.0,0.0,6.0,408.0,43_Form20.pdf
43,,,247(A),PRODIP BASKEY,81,402.0,0.0,6.0,408.0,43_Form20.pdf
43,,,247(A),KISKU,2,402.0,0.0,6.0,408.0,43_Form20.pdf
43,,,247(A),NIRMAL KISKU,1,402.0,0.0,6.0,408.0,43_Form20.pdf
43,,,247(A),BABURAM BISWANATH,228,402.0,0.0,6.0,408.0,43_Form20.pdf
43,,,247(A),MARDI,1,402.0,0.0,6.0,408.0,43_Form20.pdf
43,,,247(A),NUMAL PROVATH KISKU,2,402.0,0.0,6.0,408.0,43_Form20.pdf
43,,,247(A),SOREN,2,402.0,0.0,6.0,408.0,43_Form20.pdf
