ac_no,ac_name,polling_station,BJP,INC,OTHER,TMC,total_votes,bjp_share,tmc_share,other_share
1,,10,0,0,246,0,246,0.0,0.0,1.0
1,,10(A),0,0,317,0,317,0.0,0.0,1.0
1,,11,0,0,447,0,447,0.0,0.0,1.0
1,,12,0,0,152,0,152,0.0,0.0,1.0
1,,12(A),0,0,275,0,275,0.0,0.0,1.0
1,,13,0,0,225,0,225,0.0,0.0,1.0
1,,13(A),0,0,219,0,219,0.0,0.0,1.0
1,,14,0,0,459,0,459,0.0,0.0,1.0
1,,15,0,0,482,0,482,0.0,0.0,1.0
1,,16,0,0,337,0,337,0.0,0.0,1.0
1,,17,0,0,182,0,182,0.0,0.0,1.0
1,,17(A),0,0,215,0,215,0.0,0.0,1.0
1,,18,0,0,396,0,396,0.0,0.0,1.0
1,,188,0,0,15,0,15,0.0,0.0,1.0
1,,19,0,0,304,0,304,0.0,0.0,1.0
1,,227,0,0,363,0,363,0.0,0.0,1.0
1,,228,0,0,346,0,346,0.0,0.0,1.0
1,,229,0,0,405,0,405,0.0,0.0,1.0
1,,230,0,0,406,0,406,0.0,0.0,1.0
1,,231,0,0,266,0,266,0.0,0.0,1.0
1,,232,0,0,336,0,336,0.0,0.0,1.0
1,,232(A),0,0,218,0,218,0.0,0.0,1.0
1,,233,0,0,383,0,383,0.0,0.0,1.0
1,,234,0,0,206,0,206,0.0,0.0,1.0
1,,235,0,0,226,0,226,0.0,0.0,1.0
1,,252,0,0,189,0,189,0.0,0.0,1.0
1,,253,0,0,190,0,190,0.0,0.0,1.0
1,,254,0,0,191,0,191,0.0,0.0,1.0
1,,255,0,0,192,0,192,0.0,0.0,1.0
1,,256,0,0,193,0,193,0.0,0.0,1.0
1,,257,0,0,194,0,194,0.0,0.0,1.0
1,,258,0,0,195,0,195,0.0,0.0,1.0
1,,259,0,0,196,0,196,0.0,0.0,1.0
1,,260,0,0,197,0,197,0.0,0.0,1.0
1,,261,0,0,198,0,198,0.0,0.0,1.0
1,,262,0,0,199,0,199,0.0,0.0,1.0
1,,263,0,0,200,0,200,0.0,0.0,1.0
1,,264,0,0,201,0,201,0.0,0.0,1.0
1,,265,0,0,202,0,202,0.0,0.0,1.0
1,,266,0,0,203,0,203,0.0,0.0,1.0
1,,267,0,0,204,0,204,0.0,0.0,1.0
1,,268,0,0,205,0,205,0.0,0.0,1.0
1,,269,0,0,206,0,206,0.0,0.0,1.0
1,,270,0,0,207,0,207,0.0,0.0,1.0
1,,3,0,0,318,0,318,0.0,0.0,1.0
1,,4,0,0,305,0,305,0.0,0.0,1.0
1,,470,0,0,6,0,6,0.0,0.0,1.0
1,,5,0,0,262,0,262,0.0,0.0,1.0
1,,5(A),0,0,248,0,248,0.0,0.0,1.0
1,,6,0,0,267,0,267,0.0,0.0,1.0
1,,7,0,0,338,0,338,0.0,0.0,1.0
1,,7(A),0,0,245,0,245,0.0,0.0,1.0
1,,8,0,0,350,0,350,0.0,0.0,1.0
1,,82(A),0,0,320,0,320,0.0,0.0,1.0
1,,9,0,0,359,0,359,0.0,0.0,1.0
1,,93,0,0,304,0,304,0.0,0.0,1.0
2,Mathabhanga (SC),0,0,0,0,0,0,,,
2,Mathabhanga (SC),10,8,0,319,518,845,0.009467455621301775,0.6130177514792899,0.37751479289940826
2,Mathabhanga (SC),100,0,0,388,0,388,0.0,0.0,1.0
2,Mathabhanga (SC),100A,0,0,410,0,410,0.0,0.0,1.0
2,Mathabhanga (SC),101,0,0,445,0,445,0.0,0.0,1.0
2,Mathabhanga (SC),101A,1,0,485,267,753,0.0013280212483399733,0.3545816733067729,0.6440903054448871
2,Mathabhanga (SC),102,6,0,986,48,1040,0.0057692307692307696,0.046153846153846156,0.948076923076923
2,Mathabhanga (SC),103,3,0,813,441,1257,0.002386634844868735,0.35083532219570407,0.6467780429594272
2,Mathabhanga (SC),104,3,0,769,405,1177,0.002548853016142736,0.3440951571792693,0.653355989804588
2,Mathabhanga (SC),105,2,0,734,336,1072,0.0018656716417910447,0.31343283582089554,0.6847014925373134
2,Mathabhanga (SC),106,6,0,788,444,1238,0.004846526655896607,0.35864297253634897,0.6365105008077544
2,Mathabhanga (SC),107,1,0,767,446,1214,0.0008237232289950577,0.3673805601317957,0.6317957166392092
2,Mathabhanga (SC),108,2,0,665,385,1052,0.0019011406844106464,0.3659695817490494,0.6321292775665399
2,Mathabhanga (SC),109,8,0,549,296,853,0.009378663540445486,0.347010550996483,0.6436107854630715
2,Mathabhanga (SC),109A,1,0,591,394,986,0.0010141987829614604,0.3995943204868154,0.5993914807302231
2,Mathabhanga (SC),11,8,0,577,997,1582,0.0050568900126422255,0.6302149178255373,0.3647281921618205
2,Mathabhanga (SC),110,5,0,544,300,849,0.005889281507656066,0.35335689045936397,0.64075382803298
2,Mathabhanga (SC),110A,3,0,547,316,866,0.003464203233256351,0.3648960739030023,0.6316397228637414
2,Mathabhanga (SC),111,1,0,628,391,1020,0.000980392156862745,0.38333333333333336,0.615686274509804
2,Mathabhanga (SC),111A,6,0,643,504,1153,0.005203816131830009,0.4371205550737207,0.5576756287944492
2,Mathabhanga (SC),112,7,0,674,375,1056,0.006628787878787879,0.35511363636363635,0.6382575757575758
2,Mathabhanga (SC),113,4,0,619,359,982,0.004073319755600814,0.3655804480651731,0.630346232179226
2,Mathabhanga (SC),114,2,0,885,529,1416,0.0014124293785310734,0.3735875706214689,0.625
2,Mathabhanga (SC),115,2,0,541,143,686,0.0029154518950437317,0.20845481049562684,0.7886297376093294
2,Mathabhanga (SC),115A,2,0,567,287,856,0.002336448598130841,0.3352803738317757,0.6623831775700935
2,Mathabhanga (SC),116,6,0,536,303,845,0.007100591715976331,0.3585798816568047,0.6343195266272189
2,Mathabhanga (SC),118,573,0,23,55,651,0.880184331797235,0.08448540706605223,0.03533026113671275
2,Mathabhanga (SC),119,307,0,11,94,412,0.7451456310679612,0.22815533980582525,0.02669902912621359
2,Mathabhanga (SC),12,9,0,511,772,1292,0.00696594427244582,0.5975232198142415,0.3955108359133127
2,Mathabhanga (SC),120,538,0,14,47,599,0.8981636060100167,0.07846410684474124,0.02337228714524207
2,Mathabhanga (SC),122,306,0,17,285,608,0.5032894736842105,0.46875,0.027960526315789474
2,Mathabhanga (SC),123,479,0,33,133,645,0.7426356589147287,0.2062015503875969,0.05116279069767442
2,Mathabhanga (SC),124,351,0,23,293,667,0.5262368815592204,0.43928035982008995,0.034482758620689655
2,Mathabhanga (SC),125,382,0,35,257,674,0.5667655786350149,0.38130563798219586,0.05192878338278932
2,Mathabhanga (SC),126,538,0,32,317,887,0.6065388951521984,0.3573844419391206,0.036076662908680945
2,Mathabhanga (SC),127,224,0,28,184,436,0.5137614678899083,0.42201834862385323,0.06422018348623854
2,Mathabhanga (SC),127A,210,0,26,197,433,0.48498845265588914,0.45496535796766746,0.06004618937644342
2,Mathabhanga (SC),128,362,0,35,153,550,0.6581818181818182,0.2781818181818182,0.06363636363636363
2,Mathabhanga (SC),129,444,0,22,209,675,0.6577777777777778,0.30962962962962964,0.03259259259259259
2,Mathabhanga (SC),13,8,0,224,242,474,0.016877637130801686,0.510548523206751,0.47257383966244726
2,Mathabhanga (SC),130,549,0,34,119,702,0.782051282051282,0.16951566951566951,0.04843304843304843
2,Mathabhanga (SC),132,358,0,28,300,686,0.521865889212828,0.43731778425655976,0.04081632653061224
2,Mathabhanga (SC),133,284,0,26,333,643,0.4416796267496112,0.5178849144634525,0.04043545878693624
2,Mathabhanga (SC),134,161,0,19,258,438,0.3675799086757991,0.589041095890411,0.04337899543378995
2,Mathabhanga (SC),134A,0,0,413,47,460,0.0,0.10217391304347827,0.8978260869565218
2,Mathabhanga (SC),135,0,0,236,208,444,0.0,0.46846846846846846,0.5315315315315315
2,Mathabhanga (SC),135A,0,0,398,74,472,0.0,0.15677966101694915,0.8432203389830508
2,Mathabhanga (SC),136,0,0,361,415,776,0.0,0.5347938144329897,0.4652061855670103
2,Mathabhanga (SC),137,0,0,291,515,806,0.0,0.6389578163771712,0.3610421836228288
2,Mathabhanga (SC),138,0,0,346,204,550,0.0,0.3709090909090909,0.6290909090909091
2,Mathabhanga (SC),138A,0,0,253,320,573,0.0,0.5584642233856894,0.44153577661431065
2,Mathabhanga (SC),139,0,0,374,297,671,0.0,0.4426229508196721,0.5573770491803278
2,Mathabhanga (SC),14,4,0,271,304,579,0.0069084628670120895,0.5250431778929189,0.4680483592400691
2,Mathabhanga (SC),140,0,0,244,379,623,0.0,0.608346709470305,0.391653290529695
2,Mathabhanga (SC),141,0,0,482,7,489,0.0,0.014314928425357873,0.9856850715746421
2,Mathabhanga (SC),141A,0,0,497,11,508,0.0,0.021653543307086614,0.9783464566929134
2,Mathabhanga (SC),142,0,0,437,280,717,0.0,0.3905160390516039,0.6094839609483961
2,Mathabhanga (SC),143,0,0,237,276,513,0.0,0.5380116959064327,0.4619883040935672
2,Mathabhanga (SC),144,0,0,221,341,562,0.0,0.6067615658362989,0.3932384341637011
2,Mathabhanga (SC),144A,0,0,297,255,552,0.0,0.46195652173913043,0.5380434782608695
2,Mathabhanga (SC),145,0,0,199,228,427,0.0,0.5339578454332553,0.46604215456674475
2,Mathabhanga (SC),146,0,0,255,376,631,0.0,0.595879556259905,0.4041204437400951
2,Mathabhanga (SC),147,0,0,332,445,777,0.0,0.5727155727155727,0.4272844272844273
2,Mathabhanga (SC),148,0,0,189,227,416,0.0,0.5456730769230769,0.4543269230769231
2,Mathabhanga (SC),149,0,0,187,212,399,0.0,0.531328320802005,0.46867167919799496
2,Mathabhanga (SC),15,1,0,296,358,655,0.0015267175572519084,0.5465648854961832,0.45190839694656487
2,Mathabhanga (SC),150,0,0,294,356,650,0.0,0.5476923076923077,0.4523076923076923
2,Mathabhanga (SC),151,0,0,299,367,666,0.0,0.551051051051051,0.44894894894894893
2,Mathabhanga (SC),152,0,0,227,459,686,0.0,0.6690962099125365,0.33090379008746357
2,Mathabhanga (SC),153,0,0,145,402,547,0.0,0.7349177330895795,0.26508226691042047
2,Mathabhanga (SC),153A,0,0,281,273,554,0.0,0.4927797833935018,0.5072202166064982
2,Mathabhanga (SC),154,0,0,462,325,787,0.0,0.41296060991105465,0.5870393900889453
2,Mathabhanga (SC),155,0,0,273,276,549,0.0,0.5027322404371585,0.4972677595628415
2,Mathabhanga (SC),156,0,0,130,354,484,0.0,0.731404958677686,0.26859504132231404
2,Mathabhanga (SC),157,0,0,589,224,813,0.0,0.27552275522755226,0.7244772447724477
2,Mathabhanga (SC),158,0,0,207,361,568,0.0,0.6355633802816901,0.3644366197183099
2,Mathabhanga (SC),159,0,0,189,373,562,0.0,0.6637010676156584,0.33629893238434166
2,Mathabhanga (SC),16,11,0,357,827,1195,0.009205020920502092,0.6920502092050209,0.298744769874477
2,Mathabhanga (SC),160,0,0,321,376,697,0.0,0.539454806312769,0.460545193687231
2,Mathabhanga (SC),161,0,0,210,222,432,0.0,0.5138888888888888,0.4861111111111111
2,Mathabhanga (SC),161A,0,0,205,267,472,0.0,0.565677966101695,0.4343220338983051
2,Mathabhanga (SC),162,0,0,220,334,554,0.0,0.6028880866425993,0.3971119133574007
2,Mathabhanga (SC),163,0,0,280,210,490,0.0,0.42857142857142855,0.5714285714285714
2,Mathabhanga (SC),163A,0,0,353,127,480,0.0,0.26458333333333334,0.7354166666666667
2,Mathabhanga (SC),164,0,0,433,170,603,0.0,0.28192371475953565,0.7180762852404643
2,Mathabhanga (SC),165,0,0,256,188,444,0.0,0.42342342342342343,0.5765765765765766
2,Mathabhanga (SC),166,0,0,382,179,561,0.0,0.31907308377896615,0.6809269162210339
2,Mathabhanga (SC),16A,1,0,192,277,470,0.002127659574468085,0.5893617021276596,0.4085106382978723
2,Mathabhanga (SC),17,8,0,349,547,904,0.008849557522123894,0.6050884955752213,0.3860619469026549
2,Mathabhanga (SC),18,9,0,514,602,1125,0.008,0.5351111111111111,0.4568888888888889
2,Mathabhanga (SC),18A,0,0,465,0,465,0.0,0.0,1.0
2,Mathabhanga (SC),19,0,0,580,0,580,0.0,0.0,1.0
2,Mathabhanga (SC),19A,0,0,645,0,645,0.0,0.0,1.0
2,Mathabhanga (SC),20,0,0,729,0,729,0.0,0.0,1.0
2,Mathabhanga (SC),201,315,0,36,289,640,0.4921875,0.4515625,0.05625
2,Mathabhanga (SC),202,417,0,43,202,662,0.6299093655589124,0.30513595166163143,0.0649546827794562
2,Mathabhanga (SC),203,226,0,13,370,609,0.37110016420361247,0.6075533661740559,0.021346469622331693
2,Mathabhanga (SC),203A,295,0,32,270,597,0.49413735343383586,0.45226130653266333,0.05360134003350084
2,Mathabhanga (SC),204,443,0,61,328,832,0.5324519230769231,0.3942307692307692,0.0733173076923077
2,Mathabhanga (SC),206,187,0,48,284,519,0.3603082851637765,0.5472061657032755,0.09248554913294797
2,Mathabhanga (SC),206A,196,0,22,324,542,0.36162361623616235,0.5977859778597786,0.04059040590405904
2,Mathabhanga (SC),207,168,0,36,424,628,0.267515923566879,0.6751592356687898,0.05732484076433121
2,Mathabhanga (SC),208,225,0,38,370,633,0.35545023696682465,0.584518167456556,0.06003159557661927
2,Mathabhanga (SC),209,192,0,21,209,422,0.4549763033175355,0.495260663507109,0.04976303317535545
2,Mathabhanga (SC),209A,145,0,19,280,444,0.32657657657657657,0.6306306306306306,0.04279279279279279
2,Mathabhanga (SC),21,0,0,665,0,665,0.0,0.0,1.0
2,Mathabhanga (SC),210,0,0,46,266,312,0.0,0.8525641025641025,0.14743589743589744
2,Mathabhanga (SC),211,406,0,19,141,566,0.7173144876325088,0.24911660777385158,0.03356890459363958
2,Mathabhanga (SC),212,462,0,21,298,781,0.5915492957746479,0.38156209987195905,0.026888604353393086
2,Mathabhanga (SC),213,186,0,30,225,441,0.4217687074829932,0.5102040816326531,0.06802721088435375
2,Mathabhanga (SC),213A,270,0,10,188,468,0.5769230769230769,0.4017094017094017,0.021367521367521368
2,Mathabhanga (SC),214,156,0,20,293,469,0.3326226012793177,0.6247334754797441,0.042643923240938165
2,Mathabhanga (SC),214A,196,0,12,246,454,0.43171806167400884,0.5418502202643172,0.02643171806167401
2,Mathabhanga (SC),215,293,0,59,129,481,0.6091476091476091,0.2681912681912682,0.12266112266112267
2,Mathabhanga (SC),215A,325,0,24,147,496,0.655241935483871,0.2963709677419355,0.04838709677419355
2,Mathabhanga (SC),216,557,0,20,263,840,0.6630952380952381,0.3130952380952381,0.023809523809523808
2,Mathabhanga (SC),217,240,0,25,219,484,0.49586776859504134,0.4524793388429752,0.05165289256198347
2,Mathabhanga (SC),217A,217,0,33,240,490,0.44285714285714284,0.4897959183673469,0.0673469387755102
2,Mathabhanga (SC),218,311,0,13,282,606,0.5132013201320133,0.46534653465346537,0.02145214521452145
2,Mathabhanga (SC),219,391,0,37,445,873,0.44788087056128295,0.5097365406643757,0.042382588774341354
2,Mathabhanga (SC),22,0,0,771,0,771,0.0,0.0,1.0
2,Mathabhanga (SC),220,389,0,51,416,856,0.4544392523364486,0.48598130841121495,0.05957943925233645
2,Mathabhanga (SC),221,507,0,74,303,884,0.5735294117647058,0.3427601809954751,0.083710407239819
2,Mathabhanga (SC),222,432,0,71,350,853,0.5064478311840562,0.41031652989449,0.08323563892145369
2,Mathabhanga (SC),223,351,0,31,236,618,0.5679611650485437,0.3818770226537217,0.05016181229773463
2,Mathabhanga (SC),224,488,0,26,249,763,0.6395806028833552,0.32634338138925295,0.03407601572739188
2,Mathabhanga (SC),225,310,0,22,154,486,0.6378600823045267,0.3168724279835391,0.04526748971193416
2,Mathabhanga (SC),225A,324,0,37,163,524,0.6183206106870229,0.3110687022900763,0.07061068702290077
2,Mathabhanga (SC),226,136,0,19,510,665,0.20451127819548873,0.7669172932330827,0.02857142857142857
2,Mathabhanga (SC),227,52,0,38,452,542,0.0959409594095941,0.8339483394833949,0.07011070110701106
2,Mathabhanga (SC),227A,126,0,25,436,587,0.21465076660988075,0.7427597955706985,0.04258943781942078
2,Mathabhanga (SC),228,409,0,27,354,790,0.5177215189873418,0.4481012658227848,0.03417721518987342
2,Mathabhanga (SC),229,153,0,30,530,713,0.21458625525946703,0.7433380084151473,0.04207573632538569
2,Mathabhanga (SC),23,5,0,730,524,1259,0.003971405877680699,0.41620333598093723,0.5798252581413821
2,Mathabhanga (SC),230,413,0,22,123,558,0.7401433691756273,0.22043010752688172,0.03942652329749104
2,Mathabhanga (SC),230A,394,0,25,149,568,0.6936619718309859,0.2623239436619718,0.04401408450704225
2,Mathabhanga (SC),231,413,0,42,106,561,0.7361853832442068,0.1889483065953654,0.0748663101604278
2,Mathabhanga (SC),231A,316,0,36,236,588,0.5374149659863946,0.4013605442176871,0.061224489795918366
2,Mathabhanga (SC),232,277,0,49,158,484,0.5723140495867769,0.32644628099173556,0.1012396694214876
2,Mathabhanga (SC),232A,224,0,37,250,511,0.4383561643835616,0.4892367906066536,0.07240704500978473
2,Mathabhanga (SC),233,541,0,52,257,850,0.6364705882352941,0.3023529411764706,0.0611764705882353
2,Mathabhanga (SC),235,356,0,42,129,527,0.6755218216318786,0.24478178368121442,0.07969639468690702
2,Mathabhanga (SC),236,291,0,40,580,911,0.3194291986827662,0.6366630076838639,0.043907793633369926
2,Mathabhanga (SC),238,190,0,51,623,864,0.2199074074074074,0.7210648148148148,0.059027777777777776
2,Mathabhanga (SC),239A,387,0,42,116,545,0.710091743119266,0.21284403669724772,0.07706422018348624
2,Mathabhanga (SC),24,0,0,473,0,473,0.0,0.0,1.0
2,Mathabhanga (SC),240,607,0,49,171,827,0.7339782345828295,0.2067714631197098,0.0592503022974607
2,Mathabhanga (SC),241,351,0,38,302,691,0.507959479015919,0.4370477568740955,0.05499276410998553
2,Mathabhanga (SC),242,376,0,47,364,787,0.4777636594663278,0.4625158831003812,0.05972045743329098
2,Mathabhanga (SC),243,476,0,22,172,670,0.7104477611940299,0.25671641791044775,0.03283582089552239
2,Mathabhanga (SC),245,357,0,49,425,831,0.4296028880866426,0.5114320096269555,0.05896510228640193
2,Mathabhanga (SC),24A,0,0,493,0,493,0.0,0.0,1.0
2,Mathabhanga (SC),25,0,0,746,0,746,0.0,0.0,1.0
2,Mathabhanga (SC),26,5,0,819,325,1149,0.004351610095735422,0.2828546562228024,0.7127937336814621
2,Mathabhanga (SC),262,523,0,33,265,821,0.6370280146163215,0.3227771010962241,0.040194884287454324
2,Mathabhanga (SC),263,333,0,17,202,552,0.6032608695652174,0.36594202898550726,0.030797101449275364
2,Mathabhanga (SC),263A,266,0,22,278,566,0.46996466431095407,0.4911660777385159,0.038869257950530034
2,Mathabhanga (SC),264,478,0,40,249,767,0.6232073011734028,0.3246414602346806,0.05215123859191656
2,Mathabhanga (SC),265,387,0,44,356,787,0.49174078780177893,0.45235069885641677,0.05590851334180432
2,Mathabhanga (SC),266,304,0,72,79,455,0.6681318681318681,0.17362637362637362,0.15824175824175823
2,Mathabhanga (SC),266A,351,0,27,134,512,0.685546875,0.26171875,0.052734375
2,Mathabhanga (SC),267,345,0,26,100,471,0.732484076433121,0.21231422505307856,0.055201698513800426
2,Mathabhanga (SC),267A,380,0,30,74,484,0.7851239669421488,0.15289256198347106,0.06198347107438017
2,Mathabhanga (SC),268,644,0,65,173,882,0.7301587301587301,0.1961451247165533,0.07369614512471655
2,Mathabhanga (SC),269,497,0,61,204,762,0.652230971128609,0.2677165354330709,0.08005249343832022
2,Mathabhanga (SC),27,0,0,674,0,674,0.0,0.0,1.0
2,Mathabhanga (SC),270,398,0,39,213,650,0.6123076923076923,0.32769230769230767,0.06
2,Mathabhanga (SC),28,0,0,777,0,777,0.0,0.0,1.0
2,Mathabhanga (SC),29,0,0,452,0,452,0.0,0.0,1.0
2,Mathabhanga (SC),30,0,0,698,0,698,0.0,0.0,1.0
2,Mathabhanga (SC),31,0,0,822,0,822,0.0,0.0,1.0
2,Mathabhanga (SC),32,0,0,610,0,610,0.0,0.0,1.0
2,Mathabhanga (SC),33,0,0,608,0,608,0.0,0.0,1.0
2,Mathabhanga (SC),34,0,0,808,0,808,0.0,0.0,1.0
2,Mathabhanga (SC),35,0,0,534,0,534,0.0,0.0,1.0
2,Mathabhanga (SC),35A,325,0,17,202,544,0.5974264705882353,0.3713235294117647,0.03125
2,Mathabhanga (SC),36,291,0,48,432,771,0.377431906614786,0.5603112840466926,0.0622568093385214
2,Mathabhanga (SC),37,288,0,272,917,1477,0.1949898442789438,0.6208530805687204,0.18415707515233581
2,Mathabhanga (SC),38,463,0,39,407,909,0.5093509350935094,0.44774477447744776,0.0429042904290429
2,Mathabhanga (SC),39,341,0,71,257,669,0.5097159940209267,0.3841554559043348,0.10612855007473841
2,Mathabhanga (SC),40,346,0,39,263,648,0.5339506172839507,0.4058641975308642,0.06018518518518518
2,Mathabhanga (SC),41,260,0,34,218,512,0.5078125,0.42578125,0.06640625
2,Mathabhanga (SC),41A,274,0,15,240,529,0.5179584120982986,0.45368620037807184,0.02835538752362949
2,Mathabhanga (SC),42,404,0,75,268,747,0.5408299866131191,0.35876840696117807,0.10040160642570281
2,Mathabhanga (SC),43,345,0,27,193,565,0.6106194690265486,0.3415929203539823,0.047787610619469026
2,Mathabhanga (SC),44,358,0,54,378,790,0.4531645569620253,0.47848101265822784,0.06835443037974684
2,Mathabhanga (SC),45,371,0,30,218,619,0.5993537964458805,0.35218093699515346,0.048465266558966075
2,Mathabhanga (SC),46,209,0,39,419,667,0.31334332833583206,0.6281859070464768,0.05847076461769116
2,Mathabhanga (SC),47,248,0,46,240,534,0.46441947565543074,0.449438202247191,0.08614232209737828
2,Mathabhanga (SC),48,265,0,42,240,547,0.4844606946983547,0.43875685557586835,0.07678244972577697
2,Mathabhanga (SC),48A,272,0,20,259,551,0.49364791288566245,0.47005444646098005,0.036297640653357534
2,Mathabhanga (SC),49,319,0,34,228,581,0.5490533562822719,0.3924268502581756,0.058519793459552494
2,Mathabhanga (SC),49A,270,0,32,304,606,0.44554455445544555,0.5016501650165016,0.052805280528052806
2,Mathabhanga (SC),50,441,0,39,390,870,0.506896551724138,0.4482758620689655,0.04482758620689655
2,Mathabhanga (SC),51,486,0,20,342,848,0.5731132075471698,0.4033018867924528,0.02358490566037736
2,Mathabhanga (SC),86,270,0,37,204,511,0.5283757338551859,0.39921722113502933,0.07240704500978473
2,Mathabhanga (SC),87A,0,0,414,0,414,0.0,0.0,1.0
2,Mathabhanga (SC),88,0,0,736,0,736,0.0,0.0,1.0
2,Mathabhanga (SC),89,0,0,632,0,632,0.0,0.0,1.0
2,Mathabhanga (SC),8A,5,0,170,387,562,0.008896797153024912,0.6886120996441281,0.302491103202847
2,Mathabhanga (SC),9,5,0,422,742,1169,0.00427715996578272,0.6347305389221557,0.3609923011120616
2,Mathabhanga (SC),90,0,0,488,0,488,0.0,0.0,1.0
2,Mathabhanga (SC),90A,0,0,495,0,495,0.0,0.0,1.0
2,Mathabhanga (SC),91,0,0,518,0,518,0.0,0.0,1.0
2,Mathabhanga (SC),91A,0,0,485,0,485,0.0,0.0,1.0
2,Mathabhanga (SC),92,0,0,519,0,519,0.0,0.0,1.0
2,Mathabhanga (SC),93,0,0,843,0,843,0.0,0.0,1.0
2,Mathabhanga (SC),94,0,0,793,0,793,0.0,0.0,1.0
2,Mathabhanga (SC),95,0,0,721,0,721,0.0,0.0,1.0
2,Mathabhanga (SC),96,0,0,770,0,770,0.0,0.0,1.0
2,Mathabhanga (SC),97,0,0,549,0,549,0.0,0.0,1.0
2,Mathabhanga (SC),98,0,0,623,0,623,0.0,0.0,1.0
2,Mathabhanga (SC),99,0,0,461,0,461,0.0,0.0,1.0
2,Mathabhanga (SC),99A,0,0,506,0,506,0.0,0.0,1.0
3,,1,0,0,564,0,564,0.0,0.0,1.0
3,,10,0,0,821,0,821,0.0,0.0,1.0
3,,11,0,0,874,0,874,0.0,0.0,1.0
3,,12,0,0,412,0,412,0.0,0.0,1.0
3,,12A,0,0,449,0,449,0.0,0.0,1.0
3,,13,0,0,1055,0,1055,0.0,0.0,1.0
3,,13A,0,0,533,0,533,0.0,0.0,1.0
3,,14,0,0,1448,0,1448,0.0,0.0,1.0
3,,14A,0,0,516,0,516,0.0,0.0,1.0
3,,15,0,0,11,0,11,0.0,0.0,1.0
3,,16,0,0,504,0,504,0.0,0.0,1.0
3,,19,0,0,460,0,460,0.0,0.0,1.0
3,,1A,0,0,515,0,515,0.0,0.0,1.0
3,,2,0,0,716,0,716,0.0,0.0,1.0
3,,20,0,0,527,0,527,0.0,0.0,1.0
3,,208,0,0,327,0,327,0.0,0.0,1.0
3,,21,0,0,365,0,365,0.0,0.0,1.0
3,,23,0,0,452,0,452,0.0,0.0,1.0
3,,24,0,0,1376,0,1376,0.0,0.0,1.0
3,,243A,0,0,220,0,220,0.0,0.0,1.0
3,,244,0,0,367,0,367,0.0,0.0,1.0
3,,245,0,0,276,0,276,0.0,0.0,1.0
3,,246,0,0,265,0,265,0.0,0.0,1.0
3,,248,0,0,455,0,455,0.0,0.0,1.0
3,,249,0,0,239,0,239,0.0,0.0,1.0
3,,27,0,0,538,0,538,0.0,0.0,1.0
3,,29,0,0,671,0,671,0.0,0.0,1.0
3,,3,0,0,740,0,740,0.0,0.0,1.0
3,,317,0,0,496,0,496,0.0,0.0,1.0
3,,32,0,0,817,0,817,0.0,0.0,1.0
3,,33,0,0,833,0,833,0.0,0.0,1.0
3,,337,0,0,1037,0,1037,0.0,0.0,1.0
3,,338,0,0,844,0,844,0.0,0.0,1.0
3,,339,0,0,1005,0,1005,0.0,0.0,1.0
3,,34,0,0,4,0,4,0.0,0.0,1.0
3,,340,0,0,988,0,988,0.0,0.0,1.0
3,,341,0,0,680,0,680,0.0,0.0,1.0
3,,342,0,0,881,0,881,0.0,0.0,1.0
3,,343,0,0,516,0,516,0.0,0.0,1.0
3,,344,0,0,827,0,827,0.0,0.0,1.0
3,,345,0,0,938,0,938,0.0,0.0,1.0
3,,346,0,0,975,0,975,0.0,0.0,1.0
3,,347,0,0,933,0,933,0.0,0.0,1.0
3,,348,0,0,1042,0,1042,0.0,0.0,1.0
3,,349,0,0,751,0,751,0.0,0.0,1.0
3,,350,0,0,757,0,757,0.0,0.0,1.0
3,,351,0,0,591,0,591,0.0,0.0,1.0
3,,352,0,0,915,0,915,0.0,0.0,1.0
3,,353,0,0,960,0,960,0.0,0.0,1.0
3,,354,0,0,844,0,844,0.0,0.0,1.0
3,,355,0,0,542,0,542,0.0,0.0,1.0
3,,356,0,0,1031,0,1031,0.0,0.0,1.0
3,,36,0,0,825,0,825,0.0,0.0,1.0
3,,37,0,0,835,0,835,0.0,0.0,1.0
3,,38,0,0,439,0,439,0.0,0.0,1.0
3,,39,0,0,790,0,790,0.0,0.0,1.0
3,,3A,0,0,527,0,527,0.0,0.0,1.0
3,,4,0,0,773,0,773,0.0,0.0,1.0
3,,47,0,0,426,0,426,0.0,0.0,1.0
3,,49,0,0,525,0,525,0.0,0.0,1.0
3,,5,0,0,617,0,617,0.0,0.0,1.0
3,,50,0,0,7,0,7,0.0,0.0,1.0
3,,51,0,0,638,0,638,0.0,0.0,1.0
3,,53,0,0,689,0,689,0.0,0.0,1.0
3,,59,0,0,749,0,749,0.0,0.0,1.0
3,,5A,0,0,614,0,614,0.0,0.0,1.0
3,,6,0,0,691,0,691,0.0,0.0,1.0
3,,67,0,0,652,0,652,0.0,0.0,1.0
3,,7,0,0,265,0,265,0.0,0.0,1.0
3,,72,0,0,771,0,771,0.0,0.0,1.0
3,,8,0,0,953,0,953,0.0,0.0,1.0
3,,88,0,0,651,0,651,0.0,0.0,1.0
3,,9,0,0,1467,0,1467,0.0,0.0,1.0
4,,10,0,0,957,0,957,0.0,0.0,1.0
4,,100,0,0,35,0,35,0.0,0.0,1.0
4,,101,0,0,19,0,19,0.0,0.0,1.0
4,,101(A),0,0,22,0,22,0.0,0.0,1.0
4,,102,0,0,27,0,27,0.0,0.0,1.0
4,,103,0,0,39,0,39,0.0,0.0,1.0
4,,104,0,0,17,0,17,0.0,0.0,1.0
4,,105,0,0,18,0,18,0.0,0.0,1.0
4,,106,0,0,29,0,29,0.0,0.0,1.0
4,,107,0,0,15,0,15,0.0,0.0,1.0
4,,108,0,0,21,0,21,0.0,0.0,1.0
4,,109,0,0,36,0,36,0.0,0.0,1.0
4,,11,0,0,919,0,919,0.0,0.0,1.0
4,,110,0,0,30,0,30,0.0,0.0,1.0
4,,12,0,0,1085,0,1085,0.0,0.0,1.0
4,,13,0,0,1132,0,1132,0.0,0.0,1.0
4,,13(A),0,0,592,0,592,0.0,0.0,1.0
4,,14,0,0,701,0,701,0.0,0.0,1.0
4,,14(A),0,0,486,0,486,0.0,0.0,1.0
4,,15,0,0,1307,0,1307,0.0,0.0,1.0
4,,16,0,0,898,0,898,0.0,0.0,1.0
4,,164,0,0,522,455,977,0.0,0.4657113613101331,0.534288638689867
4,,166,0,0,178,252,430,0.0,0.586046511627907,0.413953488372093
4,,167,0,0,106,759,865,0.0,0.8774566473988439,0.12254335260115606
4,,168,0,0,288,393,681,0.0,0.5770925110132159,0.42290748898678415
4,,169,0,0,556,177,733,0.0,0.24147339699863574,0.7585266030013642
4,,17,0,0,482,0,482,0.0,0.0,1.0
4,,17(A),0,0,179,0,179,0.0,0.0,1.0
4,,170,0,0,333,337,670,0.0,0.5029850746268657,0.49701492537313435
4,,171,0,0,420,91,511,0.0,0.1780821917808219,0.821917808219178
4,,171(A),0,0,345,188,533,0.0,0.3527204502814259,0.6472795497185742
4,,172,0,0,356,551,907,0.0,0.607497243660419,0.39250275633958104
4,,173,0,0,375,258,633,0.0,0.4075829383886256,0.5924170616113744
4,,173(A),0,0,144,484,628,0.0,0.7707006369426752,0.22929936305732485
4,,174,0,0,287,70,357,0.0,0.19607843137254902,0.803921568627451
4,,175,0,0,445,183,628,0.0,0.2914012738853503,0.7085987261146497
4,,176,0,0,339,72,411,0.0,0.17518248175182483,0.8248175182481752
4,,177,0,0,542,265,807,0.0,0.32837670384138784,0.6716232961586122
4,,178,0,0,502,201,703,0.0,0.28591749644381226,0.7140825035561877
4,,179,0,0,312,121,433,0.0,0.279445727482679,0.7205542725173211
4,,18,0,0,1416,0,1416,0.0,0.0,1.0
4,,180,0,0,323,163,486,0.0,0.33539094650205764,0.6646090534979424
4,,181,0,0,398,115,513,0.0,0.22417153996101363,0.7758284600389863
4,,182,0,0,188,132,320,0.0,0.4125,0.5875
4,,183,0,0,507,187,694,0.0,0.26945244956772335,0.7305475504322767
4,,184,0,0,543,173,716,0.0,0.24162011173184358,0.7583798882681564
4,,186,0,0,254,111,365,0.0,0.3041095890410959,0.6958904109589041
4,,187,0,0,420,135,555,0.0,0.24324324324324326,0.7567567567567568
4,,188,0,0,286,112,398,0.0,0.2814070351758794,0.7185929648241206
4,,188(A),0,0,324,96,420,0.0,0.22857142857142856,0.7714285714285715
4,,189,0,0,251,105,356,0.0,0.2949438202247191,0.7050561797752809
4,,189(A),0,0,279,99,378,0.0,0.2619047619047619,0.7380952380952381
4,,19,0,0,113,0,113,0.0,0.0,1.0
4,,190,0,0,430,171,601,0.0,0.28452579034941766,0.7154742096505824
4,,191,0,0,361,140,501,0.0,0.27944111776447106,0.720558882235529
4,,192,0,0,289,80,369,0.0,0.21680216802168023,0.7831978319783198
4,,192(A),0,0,289,123,412,0.0,0.29854368932038833,0.7014563106796117
4,,193,0,0,396,115,511,0.0,0.22504892367906065,0.7749510763209393
4,,194,0,0,552,197,749,0.0,0.2630173564753004,0.7369826435246996
4,,195,0,0,589,193,782,0.0,0.24680306905370844,0.7531969309462916
4,,196,0,0,431,198,629,0.0,0.314785373608903,0.685214626391097
4,,197,0,0,345,162,507,0.0,0.31952662721893493,0.6804733727810651
4,,198,0,0,620,173,793,0.0,0.21815889029003782,0.7818411097099621
4,,199,0,0,283,244,527,0.0,0.4629981024667932,0.5370018975332068
4,,20,0,0,1060,0,1060,0.0,0.0,1.0
4,,200,0,0,234,178,412,0.0,0.4320388349514563,0.5679611650485437
4,,201,0,0,340,116,456,0.0,0.2543859649122807,0.7456140350877193
4,,201(A),0,0,377,87,464,0.0,0.1875,0.8125
4,,202,0,0,276,133,409,0.0,0.3251833740831296,0.6748166259168704
4,,202(A),0,0,278,121,399,0.0,0.3032581453634085,0.6967418546365914
4,,203,0,0,392,149,541,0.0,0.2754158964879852,0.7245841035120147
4,,204,0,0,290,151,441,0.0,0.3424036281179138,0.6575963718820862
4,,205,0,0,416,175,591,0.0,0.2961082910321489,0.7038917089678511
4,,206,0,0,306,100,406,0.0,0.24630541871921183,0.7536945812807881
4,,207,0,0,322,125,447,0.0,0.2796420581655481,0.7203579418344519
4,,208,0,0,577,175,752,0.0,0.2327127659574468,0.7672872340425532
4,,209,0,0,269,90,359,0.0,0.25069637883008355,0.7493036211699164
4,,21,0,0,227,0,227,0.0,0.0,1.0
4,,210,0,0,229,164,393,0.0,0.4173027989821883,0.5826972010178118
4,,210(A),0,0,237,146,383,0.0,0.381201044386423,0.618798955613577
4,,211,0,0,349,115,464,0.0,0.2478448275862069,0.7521551724137931
4,,212,0,0,342,109,451,0.0,0.24168514412416853,0.7583148558758315
4,,213,0,0,312,97,409,0.0,0.2371638141809291,0.7628361858190709
4,,214,0,0,562,184,746,0.0,0.24664879356568364,0.7533512064343163
4,,215,0,0,328,78,406,0.0,0.1921182266009852,0.8078817733990148
4,,215(A),0,0,326,85,411,0.0,0.20681265206812652,0.7931873479318735
4,,216,0,0,381,119,500,0.0,0.238,0.762
4,,217,0,0,339,101,440,0.0,0.22954545454545455,0.7704545454545455
4,,218,0,0,336,95,431,0.0,0.22041763341067286,0.7795823665893271
4,,219,0,0,428,180,608,0.0,0.29605263157894735,0.7039473684210527
4,,22,0,0,147,0,147,0.0,0.0,1.0
4,,220,0,0,289,98,387,0.0,0.2532299741602067,0.7467700258397932
4,,221,0,0,581,160,741,0.0,0.21592442645074225,0.7840755735492577
4,,222,0,0,585,223,808,0.0,0.275990099009901,0.724009900990099
4,,223,0,0,611,175,786,0.0,0.22264631043256997,0.77735368956743
4,,224,0,0,520,173,693,0.0,0.24963924963924963,0.7503607503607503
4,,225,0,0,282,332,614,0.0,0.5407166123778502,0.4592833876221498
4,,227,0,0,388,1,389,0.0,0.002570694087403599,0.9974293059125964
4,,228,0,0,483,2,485,0.0,0.004123711340206186,0.9958762886597938
4,,229,0,0,500,0,500,0.0,0.0,1.0
4,,23,0,0,688,0,688,0.0,0.0,1.0
4,,230,0,0,698,4,702,0.0,0.005698005698005698,0.9943019943019943
4,,231,0,0,644,1,645,0.0,0.0015503875968992248,0.9984496124031008
4,,232,0,0,715,3,718,0.0,0.004178272980501393,0.9958217270194986
4,,233,0,0,514,0,514,0.0,0.0,1.0
4,,234,0,0,799,4,803,0.0,0.0049813200498132005,0.9950186799501868
4,,235,0,0,710,1,711,0.0,0.0014064697609001407,0.9985935302390999
4,,236,0,0,689,2,691,0.0,0.002894356005788712,0.9971056439942113
4,,239,0,0,574,1,575,0.0,0.0017391304347826088,0.9982608695652174
4,,24,0,0,255,0,255,0.0,0.0,1.0
4,,243,0,0,482,1,483,0.0,0.002070393374741201,0.9979296066252588
4,,247,0,0,804,1,805,0.0,0.0012422360248447205,0.9987577639751553
4,,26,0,0,534,0,534,0.0,0.0,1.0
4,,27,0,0,675,0,675,0.0,0.0,1.0
4,,28,0,0,278,0,278,0.0,0.0,1.0
4,,29,0,0,1077,0,1077,0.0,0.0,1.0
4,,299,0,0,447,1,448,0.0,0.002232142857142857,0.9977678571428571
4,,2a,0,0,204,419,623,0.0,0.6725521669341894,0.3274478330658106
4,,3,0,0,804,0,804,0.0,0.0,1.0
4,,30,0,0,647,0,647,0.0,0.0,1.0
4,,300,0,0,302,0,302,0.0,0.0,1.0
4,,302,0,0,499,1,500,0.0,0.002,0.998
4,,303,0,0,557,2,559,0.0,0.0035778175313059034,0.9964221824686941
4,,304,0,0,415,1,416,0.0,0.002403846153846154,0.9975961538461539
4,,306,0,0,522,0,522,0.0,0.0,1.0
4,,307,0,0,523,1,524,0.0,0.0019083969465648854,0.9980916030534351
4,,308,0,0,596,2,598,0.0,0.0033444816053511705,0.9966555183946488
4,,31,0,0,521,0,521,0.0,0.0,1.0
4,,310,0,0,469,2,471,0.0,0.004246284501061571,0.9957537154989384
4,,311,0,0,376,1,377,0.0,0.002652519893899204,0.9973474801061007
4,,313,0,0,481,0,481,0.0,0.0,1.0
4,,314,0,0,453,0,453,0.0,0.0,1.0
4,,315,0,0,395,0,395,0.0,0.0,1.0
4,,316,0,0,455,0,455,0.0,0.0,1.0
4,,317,0,0,394,0,394,0.0,0.0,1.0
4,,32,0,0,555,0,555,0.0,0.0,1.0
4,,33,0,0,373,0,373,0.0,0.0,1.0
4,,34,0,0,215,0,215,0.0,0.0,1.0
4,,35,0,0,834,0,834,0.0,0.0,1.0
4,,36,0,0,417,0,417,0.0,0.0,1.0
4,,37,0,0,1817,0,1817,0.0,0.0,1.0
4,,38,0,0,403,0,403,0.0,0.0,1.0
4,,39,0,0,577,0,577,0.0,0.0,1.0
4,,4,0,0,514,0,514,0.0,0.0,1.0
4,,40,0,0,381,0,381,0.0,0.0,1.0
4,,41,0,0,274,0,274,0.0,0.0,1.0
4,,42,0,0,801,0,801,0.0,0.0,1.0
4,,43,0,0,1801,0,1801,0.0,0.0,1.0
4,,44,0,0,252,0,252,0.0,0.0,1.0
4,,45,0,0,197,0,197,0.0,0.0,1.0
4,,46,0,0,335,0,335,0.0,0.0,1.0
4,,47,0,0,213,0,213,0.0,0.0,1.0
4,,50,0,0,620,0,620,0.0,0.0,1.0
4,,51,0,0,514,0,514,0.0,0.0,1.0
4,,55,0,0,477,0,477,0.0,0.0,1.0
4,,58,0,0,650,0,650,0.0,0.0,1.0
4,,6,0,0,340,0,340,0.0,0.0,1.0
4,,67,0,0,309,0,309,0.0,0.0,1.0
4,,7,0,0,214,0,214,0.0,0.0,1.0
4,,70,0,0,927,1,928,0.0,0.0010775862068965517,0.9989224137931034
4,,72,0,0,462,0,462,0.0,0.0,1.0
4,,73,0,0,594,0,594,0.0,0.0,1.0
4,,74,0,0,528,0,528,0.0,0.0,1.0
4,,75,0,0,431,0,431,0.0,0.0,1.0
4,,76,0,0,253,0,253,0.0,0.0,1.0
4,,77,0,0,276,0,276,0.0,0.0,1.0
4,,78,0,0,361,0,361,0.0,0.0,1.0
4,,79,0,0,667,0,667,0.0,0.0,1.0
4,,8,0,0,461,0,461,0.0,0.0,1.0
4,,80,0,0,429,0,429,0.0,0.0,1.0
4,,81,0,0,404,0,404,0.0,0.0,1.0
4,,82,0,0,450,0,450,0.0,0.0,1.0
4,,83,0,0,222,0,222,0.0,0.0,1.0
4,,84,0,0,106,0,106,0.0,0.0,1.0
4,,85,0,0,413,0,413,0.0,0.0,1.0
4,,86,0,0,223,0,223,0.0,0.0,1.0
4,,87,0,0,539,0,539,0.0,0.0,1.0
4,,88,0,0,332,0,332,0.0,0.0,1.0
4,,89,0,0,321,0,321,0.0,0.0,1.0
4,,90,0,0,358,0,358,0.0,0.0,1.0
4,,91,0,0,421,0,421,0.0,0.0,1.0
4,,92,0,0,360,0,360,0.0,0.0,1.0
4,,93,0,0,471,0,471,0.0,0.0,1.0
4,,94,0,0,476,0,476,0.0,0.0,1.0
4,,95,0,0,367,0,367,0.0,0.0,1.0
4,,95(A),0,0,11,0,11,0.0,0.0,1.0
4,,96,0,0,49,0,49,0.0,0.0,1.0
4,,97,0,0,39,0,39,0.0,0.0,1.0
4,,98,0,0,16,0,16,0.0,0.0,1.0
4,,99,0,0,11,0,11,0.0,0.0,1.0
4,,99(A),0,0,24,0,24,0.0,0.0,1.0
5,,146(A),379,0,6,102,487,0.7782340862422998,0.20944558521560575,0.012320328542094456
5,,147,494,0,10,371,875,0.5645714285714286,0.424,0.011428571428571429
5,,148,44,0,19,649,712,0.06179775280898876,0.9115168539325843,0.026685393258426966
5,,149,293,0,4,303,600,0.48833333333333334,0.505,0.006666666666666667
5,,150,391,0,5,216,612,0.6388888888888888,0.35294117647058826,0.008169934640522876
5,,151,379,0,9,141,529,0.7164461247637051,0.2665406427221172,0.017013232514177693
5,,152,431,0,14,64,509,0.8467583497053045,0.12573673870333987,0.0275049115913556
5,,152(A),381,0,10,134,525,0.7257142857142858,0.25523809523809526,0.01904761904761905
5,,153,206,0,10,107,323,0.6377708978328174,0.33126934984520123,0.030959752321981424
5,,154,434,0,8,104,546,0.7948717948717948,0.19047619047619047,0.014652014652014652
5,,155,379,0,11,99,489,0.7750511247443763,0.20245398773006135,0.022494887525562373
5,,155(A),326,0,9,116,451,0.7228381374722838,0.2572062084257206,0.019955654101995565
5,,156,299,0,16,168,483,0.6190476190476191,0.34782608695652173,0.033126293995859216
5,,157,453,0,19,171,643,0.7045101088646968,0.26594090202177295,0.029548989113530325
5,,158,304,0,6,337,647,0.46986089644513135,0.5208655332302936,0.00927357032457496
5,,159,230,0,44,319,593,0.38785834738617203,0.5379426644182125,0.07419898819561552
5,,160,146,0,9,269,424,0.3443396226415094,0.6344339622641509,0.02122641509433962
5,,160(A),32,0,13,394,439,0.07289293849658314,0.89749430523918,0.029612756264236904
5,,161,169,0,34,494,697,0.242467718794835,0.7087517934002869,0.04878048780487805
5,,162,272,0,8,161,441,0.6167800453514739,0.36507936507936506,0.018140589569160998
5,,162(A),322,0,14,145,481,0.6694386694386695,0.30145530145530147,0.029106029106029108
5,,71,0,0,896,0,896,0.0,0.0,1.0
5,,72,0,0,912,0,912,0.0,0.0,1.0
5,,73,0,0,934,0,934,0.0,0.0,1.0
5,,74,0,0,535,0,535,0.0,0.0,1.0
5,,74(A),0,0,546,0,546,0.0,0.0,1.0
5,,75,0,0,522,0,522,0.0,0.0,1.0
5,,76,0,0,567,0,567,0.0,0.0,1.0
5,,78,0,0,567,0,567,0.0,0.0,1.0
5,,79,0,0,642,0,642,0.0,0.0,1.0
5,,80,0,0,706,0,706,0.0,0.0,1.0
5,,81,0,0,643,0,643,0.0,0.0,1.0
5,,82,0,0,616,0,616,0.0,0.0,1.0
5,,83,0,0,709,0,709,0.0,0.0,1.0
5,,84,0,0,824,0,824,0.0,0.0,1.0
5,,85,0,0,718,0,718,0.0,0.0,1.0
5,,86,0,0,716,0,716,0.0,0.0,1.0
5,,87,0,0,760,0,760,0.0,0.0,1.0
5,,88,0,0,632,0,632,0.0,0.0,1.0
5,,89,0,0,658,0,658,0.0,0.0,1.0
5,,90,0,0,770,0,770,0.0,0.0,1.0
5,,91,0,0,541,0,541,0.0,0.0,1.0
6,,1,0,0,306,0,306,0.0,0.0,1.0
6,,1(A),0,0,5,0,5,0.0,0.0,1.0
6,,10,0,0,1745,0,1745,0.0,0.0,1.0
6,,11,0,0,1367,0,1367,0.0,0.0,1.0
6,,12,0,0,2004,0,2004,0.0,0.0,1.0
6,,13,0,0,4,0,4,0.0,0.0,1.0
6,,14,0,0,543,0,543,0.0,0.0,1.0
6,,15,0,0,256,0,256,0.0,0.0,1.0
6,,156,0,0,610,0,610,0.0,0.0,1.0
6,,157,0,0,661,0,661,0.0,0.0,1.0
6,,158,0,0,731,0,731,0.0,0.0,1.0
6,,159,0,0,855,0,855,0.0,0.0,1.0
6,,16,0,0,418,0,418,0.0,0.0,1.0
6,,16(A),0,0,2,0,2,0.0,0.0,1.0
6,,160,0,0,520,0,520,0.0,0.0,1.0
6,,160(A),0,0,525,0,525,0.0,0.0,1.0
6,,161,0,0,508,0,508,0.0,0.0,1.0
6,,161(A),0,0,469,0,469,0.0,0.0,1.0
6,,162,0,0,719,0,719,0.0,0.0,1.0
6,,163,0,0,763,0,763,0.0,0.0,1.0
6,,164,0,0,432,0,432,0.0,0.0,1.0
6,,164(A),0,0,436,0,436,0.0,0.0,1.0
6,,165,0,0,444,0,444,0.0,0.0,1.0
6,,165(A),0,0,449,0,449,0.0,0.0,1.0
6,,166,0,0,750,0,750,0.0,0.0,1.0
6,,167,0,0,586,0,586,0.0,0.0,1.0
6,,168,0,0,779,0,779,0.0,0.0,1.0
6,,169,0,0,798,0,798,0.0,0.0,1.0
6,,17,0,0,2,0,2,0.0,0.0,1.0
6,,170,0,0,793,0,793,0.0,0.0,1.0
6,,171,0,0,532,0,532,0.0,0.0,1.0
6,,171(A),0,0,537,0,537,0.0,0.0,1.0
6,,172,0,0,653,0,653,0.0,0.0,1.0
6,,173,0,0,477,0,477,0.0,0.0,1.0
6,,173(A),0,0,521,0,521,0.0,0.0,1.0
6,,174,349,0,96,0,445,0.7842696629213484,0.0,0.2157303370786517
6,,174(A),193,0,276,0,469,0.4115138592750533,0.0,0.5884861407249466
6,,175(A),161,0,259,0,420,0.38333333333333336,0.0,0.6166666666666667
6,,176,354,0,121,0,475,0.7452631578947368,0.0,0.25473684210526315
6,,176(A),69,0,371,0,440,0.15681818181818183,0.0,0.8431818181818181
6,,177,342,0,471,0,813,0.42066420664206644,0.0,0.5793357933579336
6,,178,387,0,92,0,479,0.8079331941544885,0.0,0.19206680584551147
6,,178(A),252,0,287,0,539,0.4675324675324675,0.0,0.5324675324675324
6,,179,493,0,119,0,612,0.8055555555555556,0.0,0.19444444444444445
6,,179(A),337,0,225,0,562,0.599644128113879,0.0,0.400355871886121
6,,18,0,0,294,0,294,0.0,0.0,1.0
6,,18(A),0,0,10,0,10,0.0,0.0,1.0
6,,180,0,0,329,0,329,0.0,0.0,1.0
6,,181,528,0,125,0,653,0.8085758039816233,0.0,0.19142419601837674
6,,182,139,0,327,0,466,0.2982832618025751,0.0,0.7017167381974249
6,,183,380,0,50,0,430,0.8837209302325582,0.0,0.11627906976744186
6,,184,594,0,212,0,806,0.7369727047146402,0.0,0.2630272952853598
6,,185,640,0,67,0,707,0.9052333804809052,0.0,0.09476661951909476
6,,186,239,0,335,0,574,0.4163763066202091,0.0,0.5836236933797909
6,,186(A),93,0,481,0,574,0.16202090592334495,0.0,0.837979094076655
6,,187,576,0,283,0,859,0.670547147846333,0.0,0.32945285215366704
6,,188,472,0,324,0,796,0.592964824120603,0.0,0.40703517587939697
6,,189,326,0,435,0,761,0.4283837056504599,0.0,0.5716162943495401
6,,19,0,0,128,0,128,0.0,0.0,1.0
6,,190,33,0,411,0,444,0.07432432432432433,0.0,0.9256756756756757
6,,190(A),96,0,338,0,434,0.22119815668202766,0.0,0.7788018433179723
6,,191,197,0,321,0,518,0.3803088803088803,0.0,0.6196911196911197
6,,2,0,0,586,0,586,0.0,0.0,1.0
6,,2(A),0,0,3,0,3,0.0,0.0,1.0
6,,20,0,0,314,0,314,0.0,0.0,1.0
6,,23,0,0,455,0,455,0.0,0.0,1.0
6,,27,0,0,1510,0,1510,0.0,0.0,1.0
6,,2820(A),0,0,1602,0,1602,0.0,0.0,1.0
6,,29,0,0,1028,0,1028,0.0,0.0,1.0
6,,3,0,0,1840,0,1840,0.0,0.0,1.0
6,,3(A),0,0,12,0,12,0.0,0.0,1.0
6,,3021(A),0,0,1432,0,1432,0.0,0.0,1.0
6,,31,0,0,1797,0,1797,0.0,0.0,1.0
6,,32,0,0,1512,0,1512,0.0,0.0,1.0
6,,33,0,0,1430,0,1430,0.0,0.0,1.0
6,,34,0,0,1264,0,1264,0.0,0.0,1.0
6,,35,0,0,1830,0,1830,0.0,0.0,1.0
6,,3626(A),0,0,1674,0,1674,0.0,0.0,1.0
6,,37,0,0,1713,0,1713,0.0,0.0,1.0
6,,3827(A),0,0,1659,0,1659,0.0,0.0,1.0
6,,391,0,0,650,0,650,0.0,0.0,1.0
6,,392,0,0,1789,0,1789,0.0,0.0,1.0
6,,396,0,0,768,0,768,0.0,0.0,1.0
6,,398,0,0,698,0,698,0.0,0.0,1.0
6,,4,0,0,2159,0,2159,0.0,0.0,1.0
6,,40,0,0,971,0,971,0.0,0.0,1.0
6,,400,0,0,854,0,854,0.0,0.0,1.0
6,,401,0,0,725,0,725,0.0,0.0,1.0
6,,403,0,0,783,0,783,0.0,0.0,1.0
6,,405,0,0,694,0,694,0.0,0.0,1.0
6,,407,0,0,918,0,918,0.0,0.0,1.0
6,,408,0,0,736,0,736,0.0,0.0,1.0
6,,409,0,0,887,0,887,0.0,0.0,1.0
6,,41,0,0,945,0,945,0.0,0.0,1.0
6,,410,0,0,977,0,977,0.0,0.0,1.0
6,,411,0,0,820,0,820,0.0,0.0,1.0
6,,413,0,0,821,0,821,0.0,0.0,1.0
6,,4230(A),0,0,2065,0,2065,0.0,0.0,1.0
6,,43,0,0,1610,0,1610,0.0,0.0,1.0
6,,44,0,0,993,0,993,0.0,0.0,1.0
6,,45,0,0,2604,0,2604,0.0,0.0,1.0
6,,46,0,0,1599,0,1599,0.0,0.0,1.0
6,,5,0,0,1316,0,1316,0.0,0.0,1.0
6,,50,0,0,1466,0,1466,0.0,0.0,1.0
6,,51,0,0,1081,0,1081,0.0,0.0,1.0
6,,56,0,0,336,0,336,0.0,0.0,1.0
6,,57,0,0,5,0,5,0.0,0.0,1.0
6,,57(A),0,0,7,0,7,0.0,0.0,1.0
6,,58,0,0,6,0,6,0.0,0.0,1.0
6,,58(A),0,0,2,0,2,0.0,0.0,1.0
6,,59,0,0,9,0,9,0.0,0.0,1.0
6,,6,0,0,1275,0,1275,0.0,0.0,1.0
6,,60,0,0,5,0,5,0.0,0.0,1.0
6,,60(A),0,0,2,0,2,0.0,0.0,1.0
6,,61,0,0,1,0,1,0.0,0.0,1.0
6,,61(A),0,0,5,0,5,0.0,0.0,1.0
6,,62,0,0,16,0,16,0.0,0.0,1.0
6,,63,0,0,8,0,8,0.0,0.0,1.0
6,,63(A),0,0,6,0,6,0.0,0.0,1.0
6,,64,0,0,10,0,10,0.0,0.0,1.0
6,,65,0,0,10,0,10,0.0,0.0,1.0
6,,65(A),0,0,2,0,2,0.0,0.0,1.0
6,,66,0,0,7,0,7,0.0,0.0,1.0
6,,67,0,0,12,0,12,0.0,0.0,1.0
6,,68,0,0,6,0,6,0.0,0.0,1.0
6,,69,0,0,3,0,3,0.0,0.0,1.0
6,,7,0,0,746,0,746,0.0,0.0,1.0
6,,7(A),0,0,11,0,11,0.0,0.0,1.0
6,,70,0,0,2,0,2,0.0,0.0,1.0
6,,70(A),0,0,10,0,10,0.0,0.0,1.0
6,,71,0,0,5,0,5,0.0,0.0,1.0
6,,72,0,0,0,0,0,,,
6,,73,0,0,7,0,7,0.0,0.0,1.0
6,,74,0,0,23,0,23,0.0,0.0,1.0
6,,75,0,0,4,0,4,0.0,0.0,1.0
6,,8,0,0,945,0,945,0.0,0.0,1.0
6,,8(A),0,0,19,0,19,0.0,0.0,1.0
6,,9,0,0,495,0,495,0.0,0.0,1.0
7,,1,0,0,531,0,531,0.0,0.0,1.0
7,,1(A),0,0,523,0,523,0.0,0.0,1.0
7,,10,0,0,593,0,593,0.0,0.0,1.0
7,,11,0,0,567,0,567,0.0,0.0,1.0
7,,12,0,0,866,0,866,0.0,0.0,1.0
7,,120,0,0,867,0,867,0.0,0.0,1.0
7,,127(A),182,0,25,246,453,0.40176600441501104,0.543046357615894,0.05518763796909492
7,,128,266,0,7,409,682,0.39002932551319647,0.5997067448680352,0.010263929618768328
7,,129,80,0,16,633,729,0.10973936899862825,0.8683127572016461,0.02194787379972565
7,,13,0,0,487,0,487,0.0,0.0,1.0
7,,13(A),0,0,440,0,440,0.0,0.0,1.0
7,,130,297,0,28,307,632,0.4699367088607595,0.48575949367088606,0.04430379746835443
7,,131,288,0,29,301,618,0.46601941747572817,0.48705501618122976,0.04692556634304207
7,,132,246,0,17,93,356,0.6910112359550562,0.2612359550561798,0.047752808988764044
7,,132(A),248,0,23,317,588,0.4217687074829932,0.5391156462585034,0.0391156462585034
7,,133,448,0,22,244,714,0.6274509803921569,0.34173669467787116,0.03081232492997199
7,,134,359,0,11,312,682,0.5263929618768328,0.4574780058651026,0.016129032258064516
7,,135,241,0,18,214,473,0.5095137420718816,0.452431289640592,0.03805496828752643
7,,136,523,0,25,257,805,0.6496894409937888,0.31925465838509315,0.031055900621118012
7,,137,196,0,5,100,301,0.6511627906976745,0.33222591362126247,0.016611295681063124
7,,138,275,0,13,387,675,0.4074074074074074,0.5733333333333334,0.01925925925925926
7,,139,328,0,19,420,767,0.4276401564537158,0.5475880052151239,0.024771838331160364
7,,14,0,0,495,0,495,0.0,0.0,1.0
7,,14(A),0,0,541,0,541,0.0,0.0,1.0
7,,140,372,0,16,251,639,0.5821596244131455,0.39280125195618154,0.025039123630672927
7,,141,431,0,19,230,680,0.6338235294117647,0.3382352941176471,0.027941176470588237
7,,142,348,0,13,148,509,0.6836935166994106,0.2907662082514735,0.025540275049115914
7,,142(A),298,0,6,151,455,0.654945054945055,0.33186813186813185,0.013186813186813187
7,,143,300,0,13,157,470,0.6382978723404256,0.33404255319148934,0.027659574468085105
7,,143(A),265,0,5,139,409,0.6479217603911981,0.33985330073349634,0.012224938875305624
7,,144,246,0,9,286,541,0.45471349353049906,0.5286506469500925,0.0166358595194085
7,,144(A),140,0,10,351,501,0.27944111776447106,0.7005988023952096,0.01996007984031936
7,,145,327,0,10,310,647,0.5054095826893354,0.47913446676970634,0.015455950540958269
7,,146,421,0,25,256,702,0.5997150997150997,0.3646723646723647,0.03561253561253561
7,,15,0,0,664,0,664,0.0,0.0,1.0
7,,16,0,0,544,0,544,0.0,0.0,1.0
7,,17,0,0,696,0,696,0.0,0.0,1.0
7,,18,0,0,797,0,797,0.0,0.0,1.0
7,,2,0,0,473,0,473,0.0,0.0,1.0
7,,25,249,0,37,282,568,0.43838028169014087,0.4964788732394366,0.06514084507042253
7,,26,264,0,18,233,515,0.512621359223301,0.4524271844660194,0.03495145631067961
7,,27,260,0,47,261,568,0.45774647887323944,0.4595070422535211,0.08274647887323944
7,,28,166,0,27,333,526,0.3155893536121673,0.6330798479087453,0.051330798479087454
7,,29,302,0,35,194,531,0.568738229755179,0.3653483992467043,0.06591337099811675
7,,3,0,0,551,0,551,0.0,0.0,1.0
7,,30,193,0,14,272,479,0.40292275574112735,0.5678496868475992,0.029227557411273485
7,,31,391,0,49,182,622,0.6286173633440515,0.29260450160771706,0.07877813504823152
7,,311,0,0,808,0,808,0.0,0.0,1.0
7,,312,0,0,646,0,646,0.0,0.0,1.0
7,,313,0,0,540,0,540,0.0,0.0,1.0
7,,313(A),0,0,577,0,577,0.0,0.0,1.0
7,,314,0,0,251,0,251,0.0,0.0,1.0
7,,315,0,0,815,0,815,0.0,0.0,1.0
7,,316,0,0,1347,0,1347,0.0,0.0,1.0
7,,32,49,0,11,276,336,0.14583333333333334,0.8214285714285714,0.03273809523809524
7,,33,284,0,39,296,619,0.4588045234248788,0.4781906300484653,0.0630048465266559
7,,337,0,0,793,0,793,0.0,0.0,1.0
7,,338,0,0,536,0,536,0.0,0.0,1.0
7,,339,0,0,745,0,745,0.0,0.0,1.0
7,,34,186,0,89,490,765,0.24313725490196078,0.6405228758169934,0.11633986928104575
7,,340,0,0,489,0,489,0.0,0.0,1.0
7,,341,0,0,776,0,776,0.0,0.0,1.0
7,,342,0,0,530,0,530,0.0,0.0,1.0
7,,343,0,0,989,0,989,0.0,0.0,1.0
7,,344,0,0,813,0,813,0.0,0.0,1.0
7,,345,0,0,592,0,592,0.0,0.0,1.0
7,,346,0,0,782,0,782,0.0,0.0,1.0
7,,347,0,0,487,0,487,0.0,0.0,1.0
7,,348,0,0,991,0,991,0.0,0.0,1.0
7,,349,0,0,1019,0,1019,0.0,0.0,1.0
7,,35,227,0,77,348,652,0.348159509202454,0.5337423312883436,0.11809815950920245
7,,350,0,0,937,0,937,0.0,0.0,1.0
7,,351,0,0,1123,0,1123,0.0,0.0,1.0
7,,352,0,0,818,0,818,0.0,0.0,1.0
7,,353,0,0,1024,0,1024,0.0,0.0,1.0
7,,354,0,0,801,0,801,0.0,0.0,1.0
7,,355,0,0,827,0,827,0.0,0.0,1.0
7,,356,0,0,544,0,544,0.0,0.0,1.0
7,,357,0,0,900,0,900,0.0,0.0,1.0
7,,358,0,0,834,0,834,0.0,0.0,1.0
7,,359,0,0,789,0,789,0.0,0.0,1.0
7,,36,42,0,51,486,579,0.07253886010362694,0.8393782383419689,0.08808290155440414
7,,361,608,0,318,192,1118,0.5438282647584973,0.17173524150268335,0.2844364937388193
7,,362,538,0,299,195,1032,0.5213178294573644,0.18895348837209303,0.28972868217054265
7,,363,526,0,290,207,1023,0.5141739980449658,0.20234604105571846,0.28347996089931576
7,,364,436,0,295,258,989,0.4408493427704752,0.2608695652173913,0.2982810920121335
7,,365,251,0,299,176,726,0.34573002754820936,0.24242424242424243,0.4118457300275482
7,,366,245,0,13,168,426,0.5751173708920188,0.39436619718309857,0.03051643192488263
7,,367,492,0,304,150,946,0.5200845665961945,0.15856236786469344,0.321353065539112
7,,368,396,0,286,141,823,0.48116646415552855,0.17132442284325639,0.34750911300121506
7,,369,162,0,13,278,453,0.3576158940397351,0.6136865342163356,0.02869757174392936
7,,37,115,0,21,204,340,0.3382352941176471,0.6,0.061764705882352944
7,,370,182,0,298,633,1113,0.16352201257861634,0.568733153638814,0.26774483378256964
7,,371,267,0,314,218,799,0.3341677096370463,0.27284105131414266,0.392991239048811
7,,372,220,0,41,298,559,0.3935599284436494,0.5330948121645797,0.07334525939177101
7,,373,284,0,308,117,709,0.4005641748942172,0.16502115655853314,0.43441466854724964
7,,374,336,0,342,146,824,0.4077669902912621,0.17718446601941748,0.41504854368932037
7,,375,247,0,319,114,680,0.36323529411764705,0.1676470588235294,0.46911764705882353
7,,376,283,0,30,127,440,0.6431818181818182,0.28863636363636364,0.06818181818181818
7,,377,269,0,329,129,727,0.3700137551581843,0.17744154057771663,0.45254470426409904
7,,378,258,0,43,135,436,0.591743119266055,0.30963302752293576,0.09862385321100918
7,,379,374,0,303,190,867,0.43137254901960786,0.21914648212226068,0.3494809688581315
7,,38,431,0,53,86,570,0.756140350877193,0.15087719298245614,0.09298245614035087
7,,380,424,0,314,120,858,0.49417249417249415,0.13986013986013987,0.36596736596736595
7,,381,371,0,307,160,838,0.44272076372315033,0.1909307875894988,0.36634844868735084
7,,382,353,0,307,123,783,0.4508301404853129,0.15708812260536398,0.39208173690932313
7,,383,411,0,314,185,910,0.45164835164835165,0.2032967032967033,0.34505494505494505
7,,385,0,0,695,0,695,0.0,0.0,1.0
7,,386,0,0,786,0,786,0.0,0.0,1.0
7,,387,0,0,510,0,510,0.0,0.0,1.0
7,,388,0,0,830,0,830,0.0,0.0,1.0
7,,389,0,0,895,0,895,0.0,0.0,1.0
7,,39,386,0,22,122,530,0.7283018867924528,0.23018867924528302,0.04150943396226415
7,,390,0,0,981,0,981,0.0,0.0,1.0
7,,391,0,0,780,0,780,0.0,0.0,1.0
7,,392,0,0,511,0,511,0.0,0.0,1.0
7,,393,0,0,971,0,971,0.0,0.0,1.0
7,,394,0,0,837,0,837,0.0,0.0,1.0
7,,395,0,0,758,0,758,0.0,0.0,1.0
7,,396,0,0,445,0,445,0.0,0.0,1.0
7,,397,0,0,500,0,500,0.0,0.0,1.0
7,,398,0,0,746,0,746,0.0,0.0,1.0
7,,399,0,0,415,0,415,0.0,0.0,1.0
7,,4,0,0,715,0,715,0.0,0.0,1.0
7,,40,386,0,48,47,481,0.8024948024948025,0.09771309771309772,0.0997920997920998
7,,400,0,0,895,0,895,0.0,0.0,1.0
7,,401,0,0,917,0,917,0.0,0.0,1.0
7,,402,0,0,1185,0,1185,0.0,0.0,1.0
7,,403,0,0,1119,0,1119,0.0,0.0,1.0
7,,404,0,0,942,0,942,0.0,0.0,1.0
7,,405,0,0,703,0,703,0.0,0.0,1.0
7,,406,0,0,780,0,780,0.0,0.0,1.0
7,,407,0,0,504,0,504,0.0,0.0,1.0
7,,41,290,0,17,226,533,0.5440900562851783,0.42401500938086306,0.03189493433395872
7,,42,495,0,60,193,748,0.6617647058823529,0.2580213903743315,0.08021390374331551
7,,43,352,0,46,101,499,0.7054108216432866,0.20240480961923848,0.09218436873747494
7,,44,144,0,47,226,417,0.34532374100719426,0.5419664268585132,0.11270983213429256
7,,45,429,0,42,192,663,0.6470588235294118,0.2895927601809955,0.06334841628959276
7,,46,348,0,64,166,578,0.6020761245674741,0.28719723183391005,0.11072664359861592
7,,47,313,0,52,75,440,0.7113636363636363,0.17045454545454544,0.11818181818181818
7,,5,0,0,493,0,493,0.0,0.0,1.0
7,,5(A),0,0,452,0,452,0.0,0.0,1.0
7,,6,0,0,447,0,447,0.0,0.0,1.0
7,,7,0,0,728,0,728,0.0,0.0,1.0
7,,71,0,0,562,0,562,0.0,0.0,1.0
7,,72,0,0,772,0,772,0.0,0.0,1.0
7,,73,0,0,406,0,406,0.0,0.0,1.0
7,,73(A),0,0,463,0,463,0.0,0.0,1.0
7,,74,0,0,541,0,541,0.0,0.0,1.0
7,,74(A),0,0,516,0,516,0.0,0.0,1.0
7,,75,0,0,694,0,694,0.0,0.0,1.0
7,,76,0,0,462,0,462,0.0,0.0,1.0
7,,77,0,0,394,0,394,0.0,0.0,1.0
7,,77(A),0,0,422,0,422,0.0,0.0,1.0
7,,78,0,0,543,0,543,0.0,0.0,1.0
7,,79,0,0,579,0,579,0.0,0.0,1.0
7,,8,0,0,453,0,453,0.0,0.0,1.0
7,,8(A),0,0,437,0,437,0.0,0.0,1.0
7,,80,0,0,681,0,681,0.0,0.0,1.0
7,,81,0,0,725,0,725,0.0,0.0,1.0
7,,82,0,0,666,0,666,0.0,0.0,1.0
7,,83,0,0,413,0,413,0.0,0.0,1.0
7,,84,0,0,720,0,720,0.0,0.0,1.0
7,,85,0,0,589,0,589,0.0,0.0,1.0
7,,86,0,0,612,0,612,0.0,0.0,1.0
7,,87,0,0,684,0,684,0.0,0.0,1.0
7,,88,0,0,699,0,699,0.0,0.0,1.0
7,,89,0,0,475,0,475,0.0,0.0,1.0
7,,89(A),0,0,448,0,448,0.0,0.0,1.0
7,,9,0,0,410,0,410,0.0,0.0,1.0
8,of 13,1,0,0,761,0,761,0.0,0.0,1.0
8,of 13,10,0,0,551,0,551,0.0,0.0,1.0
8,of 13,100,335,0,32,144,511,0.6555772994129159,0.28180039138943247,0.06262230919765166
8,of 13,100A,319,0,38,198,555,0.5747747747747748,0.3567567567567568,0.06846846846846846
8,of 13,101,103,0,120,580,803,0.12826899128268993,0.7222914072229141,0.149439601494396
8,of 13,102,396,0,32,141,569,0.6959578207381371,0.2478031634446397,0.056239015817223195
8,of 13,103,441,0,30,234,705,0.625531914893617,0.33191489361702126,0.0425531914893617
8,of 13,104,468,0,74,402,944,0.4957627118644068,0.4258474576271186,0.07838983050847458
8,of 13,105,553,0,48,156,757,0.7305151915455746,0.20607661822985468,0.06340819022457067
8,of 13,106,260,0,20,247,527,0.49335863377609107,0.4686907020872865,0.03795066413662239
8,of 13,11,0,0,331,0,331,0.0,0.0,1.0
8,of 13,12,0,0,434,0,434,0.0,0.0,1.0
8,of 13,13,0,0,345,0,345,0.0,0.0,1.0
8,of 13,130A,0,0,500,0,500,0.0,0.0,1.0
8,of 13,131,0,0,580,0,580,0.0,0.0,1.0
8,of 13,132,0,0,587,0,587,0.0,0.0,1.0
8,of 13,133,0,0,717,0,717,0.0,0.0,1.0
8,of 13,134,0,0,628,0,628,0.0,0.0,1.0
8,of 13,135,0,0,743,0,743,0.0,0.0,1.0
8,of 13,136,0,0,646,0,646,0.0,0.0,1.0
8,of 13,137,0,0,800,0,800,0.0,0.0,1.0
8,of 13,138,0,0,491,0,491,0.0,0.0,1.0
8,of 13,138A,0,0,586,0,586,0.0,0.0,1.0
8,of 13,139,0,0,466,0,466,0.0,0.0,1.0
8,of 13,13A,0,0,380,0,380,0.0,0.0,1.0
8,of 13,14,0,0,736,0,736,0.0,0.0,1.0
8,of 13,140,0,0,817,0,817,0.0,0.0,1.0
8,of 13,141,0,0,401,0,401,0.0,0.0,1.0
8,of 13,142,0,0,523,0,523,0.0,0.0,1.0
8,of 13,143,0,0,809,0,809,0.0,0.0,1.0
8,of 13,144,0,0,796,0,796,0.0,0.0,1.0
8,of 13,145,0,0,478,0,478,0.0,0.0,1.0
8,of 13,146,0,0,609,0,609,0.0,0.0,1.0
8,of 13,146A,0,0,636,0,636,0.0,0.0,1.0
8,of 13,147,0,0,503,0,503,0.0,0.0,1.0
8,of 13,147A,0,0,465,0,465,0.0,0.0,1.0
8,of 13,148,0,0,647,0,647,0.0,0.0,1.0
8,of 13,149,0,0,450,0,450,0.0,0.0,1.0
8,of 13,15,0,0,7,0,7,0.0,0.0,1.0
8,of 13,150,0,0,699,0,699,0.0,0.0,1.0
8,of 13,151,0,0,641,0,641,0.0,0.0,1.0
8,of 13,152,0,0,842,0,842,0.0,0.0,1.0
8,of 13,153,0,0,531,0,531,0.0,0.0,1.0
8,of 13,16,0,0,24,0,24,0.0,0.0,1.0
8,of 13,17,0,0,16,0,16,0.0,0.0,1.0
8,of 13,18,0,0,35,0,35,0.0,0.0,1.0
8,of 13,182,0,0,758,0,758,0.0,0.0,1.0
8,of 13,183,0,0,978,0,978,0.0,0.0,1.0
8,of 13,184,0,0,676,0,676,0.0,0.0,1.0
8,of 13,185,0,0,558,0,558,0.0,0.0,1.0
8,of 13,186,0,0,787,0,787,0.0,0.0,1.0
8,of 13,187,0,0,992,0,992,0.0,0.0,1.0
8,of 13,188,0,0,632,0,632,0.0,0.0,1.0
8,of 13,189,0,0,600,0,600,0.0,0.0,1.0
8,of 13,19,0,0,10,0,10,0.0,0.0,1.0
8,of 13,190,0,0,947,0,947,0.0,0.0,1.0
8,of 13,191,0,0,887,0,887,0.0,0.0,1.0
8,of 13,192,0,0,820,0,820,0.0,0.0,1.0
8,of 13,193,0,0,894,0,894,0.0,0.0,1.0
8,of 13,194,0,0,740,0,740,0.0,0.0,1.0
8,of 13,195,0,0,541,0,541,0.0,0.0,1.0
8,of 13,196,0,0,686,0,686,0.0,0.0,1.0
8,of 13,197,0,0,443,0,443,0.0,0.0,1.0
8,of 13,198,0,0,937,0,937,0.0,0.0,1.0
8,of 13,199,0,0,739,0,739,0.0,0.0,1.0
8,of 13,19A,0,0,9,0,9,0.0,0.0,1.0
8,of 13,2,0,0,256,0,256,0.0,0.0,1.0
8,of 13,20,0,0,10,0,10,0.0,0.0,1.0
8,of 13,200,0,0,763,0,763,0.0,0.0,1.0
8,of 13,201,0,0,937,0,937,0.0,0.0,1.0
8,of 13,202,0,0,974,0,974,0.0,0.0,1.0
8,of 13,203,0,0,884,0,884,0.0,0.0,1.0
8,of 13,203A,0,0,330,0,330,0.0,0.0,1.0
8,of 13,204,0,0,832,0,832,0.0,0.0,1.0
8,of 13,204A,0,0,352,0,352,0.0,0.0,1.0
8,of 13,205,0,0,1312,0,1312,0.0,0.0,1.0
8,of 13,206,0,0,1231,0,1231,0.0,0.0,1.0
8,of 13,207,0,0,1096,0,1096,0.0,0.0,1.0
8,of 13,208,0,0,925,0,925,0.0,0.0,1.0
8,of 13,209,0,0,401,0,401,0.0,0.0,1.0
8,of 13,21,0,0,24,0,24,0.0,0.0,1.0
8,of 13,210,0,0,554,0,554,0.0,0.0,1.0
8,of 13,211,0,0,244,0,244,0.0,0.0,1.0
8,of 13,212,0,0,197,0,197,0.0,0.0,1.0
8,of 13,213,0,0,357,0,357,0.0,0.0,1.0
8,of 13,213A,0,0,284,0,284,0.0,0.0,1.0
8,of 13,214,0,0,314,0,314,0.0,0.0,1.0
8,of 13,214A,0,0,305,0,305,0.0,0.0,1.0
8,of 13,215,0,0,560,0,560,0.0,0.0,1.0
8,of 13,216,0,0,642,0,642,0.0,0.0,1.0
8,of 13,217,0,0,638,0,638,0.0,0.0,1.0
8,of 13,218,0,0,460,0,460,0.0,0.0,1.0
8,of 13,219,213,0,420,0,633,0.33649289099526064,0.0,0.6635071090047393
8,of 13,22,0,0,26,0,26,0.0,0.0,1.0
8,of 13,220,336,0,231,0,567,0.5925925925925926,0.0,0.4074074074074074
8,of 13,221,382,0,375,0,757,0.5046235138705416,0.0,0.4953764861294584
8,of 13,222,261,0,232,0,493,0.5294117647058824,0.0,0.47058823529411764
8,of 13,222A,269,0,234,0,503,0.5347912524850894,0.0,0.46520874751491054
8,of 13,223,135,0,394,0,529,0.2551984877126654,0.0,0.7448015122873346
8,of 13,223A,161,0,308,0,469,0.34328358208955223,0.0,0.6567164179104478
8,of 13,224,261,0,257,0,518,0.5038610038610039,0.0,0.49613899613899615
8,of 13,224A,382,0,179,0,561,0.6809269162210339,0.0,0.31907308377896615
8,of 13,225,306,0,210,0,516,0.5930232558139535,0.0,0.4069767441860465
8,of 13,225A,217,0,246,0,463,0.468682505399568,0.0,0.531317494600432
8,of 13,226,473,0,323,0,796,0.5942211055276382,0.0,0.4057788944723618
8,of 13,227,455,0,311,0,766,0.5939947780678851,0.0,0.40600522193211486
8,of 13,228,431,0,269,0,700,0.6157142857142858,0.0,0.3842857142857143
8,of 13,229,503,0,278,0,781,0.6440460947503202,0.0,0.3559539052496799
8,of 13,23,0,0,19,0,19,0.0,0.0,1.0
8,of 13,230,357,0,92,0,449,0.7951002227171492,0.0,0.20489977728285078
8,of 13,230A,353,0,94,0,447,0.7897091722595079,0.0,0.21029082774049218
8,of 13,231,450,0,156,0,606,0.7425742574257426,0.0,0.25742574257425743
8,of 13,232,352,0,170,0,522,0.6743295019157088,0.0,0.32567049808429116
8,of 13,232A,395,0,174,0,569,0.6942003514938488,0.0,0.30579964850615116
8,of 13,233,436,0,390,0,826,0.5278450363196125,0.0,0.4721549636803874
8,of 13,234,491,0,375,0,866,0.5669745958429562,0.0,0.4330254041570439
8,of 13,235,203,0,290,0,493,0.4117647058823529,0.0,0.5882352941176471
8,of 13,235A,341,0,204,0,545,0.6256880733944954,0.0,0.3743119266055046
8,of 13,236,292,0,537,0,829,0.35223160434258144,0.0,0.6477683956574186
8,of 13,237,411,0,268,0,679,0.605301914580265,0.0,0.3946980854197349
8,of 13,238,379,0,184,0,563,0.6731793960923623,0.0,0.3268206039076377
8,of 13,239,0,0,610,0,610,0.0,0.0,1.0
8,of 13,24,0,0,24,0,24,0.0,0.0,1.0
8,of 13,240,0,0,767,0,767,0.0,0.0,1.0
8,of 13,241,0,0,715,0,715,0.0,0.0,1.0
8,of 13,242,0,0,718,0,718,0.0,0.0,1.0
8,of 13,243,0,0,780,0,780,0.0,0.0,1.0
8,of 13,244,0,0,640,0,640,0.0,0.0,1.0
8,of 13,245,0,0,657,0,657,0.0,0.0,1.0
8,of 13,246,0,0,522,0,522,0.0,0.0,1.0
8,of 13,246A,0,0,464,0,464,0.0,0.0,1.0
8,of 13,247,0,0,934,0,934,0.0,0.0,1.0
8,of 13,248,0,0,855,0,855,0.0,0.0,1.0
8,of 13,249,0,0,663,0,663,0.0,0.0,1.0
8,of 13,25,0,0,16,0,16,0.0,0.0,1.0
8,of 13,250,0,0,750,0,750,0.0,0.0,1.0
8,of 13,251,0,0,731,0,731,0.0,0.0,1.0
8,of 13,252,0,0,537,0,537,0.0,0.0,1.0
8,of 13,253,0,0,840,0,840,0.0,0.0,1.0
8,of 13,254,0,0,630,0,630,0.0,0.0,1.0
8,of 13,255,0,0,517,0,517,0.0,0.0,1.0
8,of 13,255A,0,0,534,0,534,0.0,0.0,1.0
8,of 13,256,0,0,546,0,546,0.0,0.0,1.0
8,of 13,256A,0,0,489,0,489,0.0,0.0,1.0
8,of 13,257,0,0,832,0,832,0.0,0.0,1.0
8,of 13,258,0,0,565,0,565,0.0,0.0,1.0
8,of 13,259,0,0,507,0,507,0.0,0.0,1.0
8,of 13,259A,0,0,445,0,445,0.0,0.0,1.0
8,of 13,26,0,0,21,0,21,0.0,0.0,1.0
8,of 13,260,0,0,912,0,912,0.0,0.0,1.0
8,of 13,261,0,0,688,0,688,0.0,0.0,1.0
8,of 13,27,0,0,18,0,18,0.0,0.0,1.0
8,of 13,28,0,0,18,0,18,0.0,0.0,1.0
8,of 13,29,0,0,53,0,53,0.0,0.0,1.0
8,of 13,3,0,0,387,0,387,0.0,0.0,1.0
8,of 13,30,0,0,11,0,11,0.0,0.0,1.0
8,of 13,31,0,0,10,0,10,0.0,0.0,1.0
8,of 13,31A,0,0,32,0,32,0.0,0.0,1.0
8,of 13,32,0,0,24,0,24,0.0,0.0,1.0
8,of 13,33,0,0,12,0,12,0.0,0.0,1.0
8,of 13,34,0,0,23,0,23,0.0,0.0,1.0
8,of 13,35,0,0,28,0,28,0.0,0.0,1.0
8,of 13,35A,0,0,26,0,26,0.0,0.0,1.0
8,of 13,36,0,0,16,0,16,0.0,0.0,1.0
8,of 13,37,0,0,19,0,19,0.0,0.0,1.0
8,of 13,38,0,0,14,0,14,0.0,0.0,1.0
8,of 13,39,0,0,527,0,527,0.0,0.0,1.0
8,of 13,3A,0,0,339,0,339,0.0,0.0,1.0
8,of 13,4,0,0,242,0,242,0.0,0.0,1.0
8,of 13,40,0,0,746,0,746,0.0,0.0,1.0
8,of 13,41,0,0,633,0,633,0.0,0.0,1.0
8,of 13,42,0,0,665,0,665,0.0,0.0,1.0
8,of 13,43,0,0,705,0,705,0.0,0.0,1.0
8,of 13,44,0,0,659,0,659,0.0,0.0,1.0
8,of 13,45,0,0,657,0,657,0.0,0.0,1.0
8,of 13,45A,0,0,582,0,582,0.0,0.0,1.0
8,of 13,46,0,0,705,0,705,0.0,0.0,1.0
8,of 13,47,0,0,592,0,592,0.0,0.0,1.0
8,of 13,48,0,0,612,0,612,0.0,0.0,1.0
8,of 13,48A,0,0,484,0,484,0.0,0.0,1.0
8,of 13,49,0,0,515,0,515,0.0,0.0,1.0
8,of 13,49A,0,0,467,0,467,0.0,0.0,1.0
8,of 13,4A,0,0,240,0,240,0.0,0.0,1.0
8,of 13,5,0,0,331,0,331,0.0,0.0,1.0
8,of 13,50,0,0,634,0,634,0.0,0.0,1.0
8,of 13,50A,0,0,562,0,562,0.0,0.0,1.0
8,of 13,51,0,0,841,0,841,0.0,0.0,1.0
8,of 13,52,0,0,803,0,803,0.0,0.0,1.0
8,of 13,53,0,0,666,0,666,0.0,0.0,1.0
8,of 13,54,0,0,667,0,667,0.0,0.0,1.0
8,of 13,55,0,0,527,0,527,0.0,0.0,1.0
8,of 13,55A,0,0,463,0,463,0.0,0.0,1.0
8,of 13,56,0,0,965,0,965,0.0,0.0,1.0
8,of 13,57,0,0,735,0,735,0.0,0.0,1.0
8,of 13,58,0,0,461,0,461,0.0,0.0,1.0
8,of 13,59,0,0,634,0,634,0.0,0.0,1.0
8,of 13,6,0,0,316,0,316,0.0,0.0,1.0
8,of 13,60,0,0,511,0,511,0.0,0.0,1.0
8,of 13,7,0,0,554,0,554,0.0,0.0,1.0
8,of 13,8,0,0,410,0,410,0.0,0.0,1.0
8,of 13,83,587,0,19,132,738,0.7953929539295393,0.17886178861788618,0.025745257452574527
8,of 13,84,296,0,28,394,718,0.41225626740947074,0.5487465181058496,0.03899721448467967
8,of 13,85,249,0,13,153,415,0.6,0.3686746987951807,0.03132530120481928
8,of 13,86,174,0,71,263,508,0.3425196850393701,0.5177165354330708,0.13976377952755906
8,of 13,87,48,0,68,438,554,0.08664259927797834,0.7906137184115524,0.12274368231046931
8,of 13,88,338,0,20,233,591,0.571912013536379,0.3942470389170897,0.0338409475465313
8,of 13,89,312,0,30,262,604,0.5165562913907285,0.4337748344370861,0.04966887417218543
8,of 13,8A,0,0,396,0,396,0.0,0.0,1.0
8,of 13,9,0,0,273,0,273,0.0,0.0,1.0
8,of 13,90,383,0,54,302,739,0.5182679296346414,0.40866035182679294,0.07307171853856563
8,of 13,91,410,0,49,347,806,0.5086848635235732,0.4305210918114144,0.060794044665012405
8,of 13,92,454,0,72,358,884,0.5135746606334841,0.40497737556561086,0.08144796380090498
8,of 13,93,279,0,38,210,527,0.5294117647058824,0.3984819734345351,0.07210626185958255
8,of 13,93A,282,0,48,177,507,0.5562130177514792,0.34911242603550297,0.09467455621301775
8,of 13,94,386,0,43,247,676,0.5710059171597633,0.36538461538461536,0.06360946745562131
8,of 13,95,181,0,35,317,533,0.3395872420262664,0.5947467166979362,0.06566604127579738
8,of 13,95A,325,0,18,178,521,0.6238003838771593,0.3416506717850288,0.0345489443378119
8,of 13,96,233,0,85,522,840,0.2773809523809524,0.6214285714285714,0.10119047619047619
8,of 13,97,379,0,11,110,500,0.758,0.22,0.022
8,of 13,98,487,0,37,294,818,0.5953545232273839,0.3594132029339853,0.04523227383863081
8,of 13,99,522,0,85,256,863,0.6048667439165701,0.2966396292004635,0.0984936268829664
8,of 13,9A,0,0,570,0,570,0.0,0.0,1.0
9,,10,309,0,18,163,490,0.6306122448979592,0.3326530612244898,0.036734693877551024
9,,104,0,0,907,0,907,0.0,0.0,1.0
9,,11,216,0,16,173,405,0.5333333333333333,0.4271604938271605,0.03950617283950617
9,,114(A),0,0,450,0,450,0.0,0.0,1.0
9,,12,448,0,33,336,817,0.5483476132190942,0.4112607099143207,0.04039167686658507
9,,122,0,0,891,0,891,0.0,0.0,1.0
9,,123,0,0,821,0,821,0.0,0.0,1.0
9,,124,0,0,746,0,746,0.0,0.0,1.0
9,,125,0,0,576,0,576,0.0,0.0,1.0
9,,126,0,0,593,0,593,0.0,0.0,1.0
9,,127,0,0,629,0,629,0.0,0.0,1.0
9,,128,0,0,470,0,470,0.0,0.0,1.0
9,,129,0,0,966,0,966,0.0,0.0,1.0
9,,13,332,0,19,102,453,0.7328918322295805,0.2251655629139073,0.04194260485651214
9,,130,0,0,957,0,957,0.0,0.0,1.0
9,,131,0,0,907,0,907,0.0,0.0,1.0
9,,132,0,0,872,0,872,0.0,0.0,1.0
9,,133,0,0,716,0,716,0.0,0.0,1.0
9,,134,0,0,622,0,622,0.0,0.0,1.0
9,,135,0,0,479,0,479,0.0,0.0,1.0
9,,136,0,0,749,0,749,0.0,0.0,1.0
9,,137,0,0,613,0,613,0.0,0.0,1.0
9,,138,0,0,981,0,981,0.0,0.0,1.0
9,,139,0,0,780,0,780,0.0,0.0,1.0
9,,14,395,0,22,107,524,0.7538167938931297,0.20419847328244276,0.04198473282442748
9,,140,0,0,697,0,697,0.0,0.0,1.0
9,,141,0,0,571,0,571,0.0,0.0,1.0
9,,142,0,0,960,0,960,0.0,0.0,1.0
9,,143,0,0,654,0,654,0.0,0.0,1.0
9,,145,2,0,293,0,295,0.006779661016949152,0.0,0.9932203389830508
9,,146,1,0,471,0,472,0.00211864406779661,0.0,0.9978813559322034
9,,147,6,0,820,0,826,0.007263922518159807,0.0,0.9927360774818402
9,,148,3,0,654,0,657,0.0045662100456621,0.0,0.9954337899543378
9,,15,462,0,25,222,709,0.6516220028208745,0.3131170662905501,0.03526093088857546
9,,150,6,0,809,0,815,0.007361963190184049,0.0,0.992638036809816
9,,151,7,0,983,0,990,0.007070707070707071,0.0,0.9929292929292929
9,,152,2,0,690,0,692,0.002890173410404624,0.0,0.9971098265895953
9,,153,4,0,481,0,485,0.008247422680412371,0.0,0.9917525773195877
9,,154,7,0,640,0,647,0.010819165378670788,0.0,0.9891808346213292
9,,155,8,0,500,0,508,0.015748031496062992,0.0,0.984251968503937
9,,156,7,0,868,0,875,0.008,0.0,0.992
9,,157,7,0,797,0,804,0.008706467661691543,0.0,0.9912935323383084
9,,158,8,0,972,0,980,0.00816326530612245,0.0,0.9918367346938776
9,,159,1,0,559,0,560,0.0017857142857142857,0.0,0.9982142857142857
9,,16,412,0,17,209,638,0.64576802507837,0.3275862068965517,0.02664576802507837
9,,160,9,0,661,0,670,0.013432835820895522,0.0,0.9865671641791045
9,,161,3,0,465,0,468,0.00641025641025641,0.0,0.9935897435897436
9,,162,3,0,686,0,689,0.0043541364296081275,0.0,0.9956458635703919
9,,163,0,0,817,0,817,0.0,0.0,1.0
9,,164,7,0,836,0,843,0.00830367734282325,0.0,0.9916963226571768
9,,165,1,0,757,0,758,0.0013192612137203166,0.0,0.9986807387862797
9,,166,4,0,745,0,749,0.0053404539385847796,0.0,0.9946595460614153
9,,167,8,0,872,0,880,0.00909090909090909,0.0,0.990909090909091
9,,168,1,0,673,0,674,0.001483679525222552,0.0,0.9985163204747775
9,,17,370,0,21,291,682,0.5425219941348973,0.42668621700879766,0.030791788856304986
9,,18,338,0,25,287,650,0.52,0.44153846153846155,0.038461538461538464
9,,19,319,0,21,169,509,0.6267190569744597,0.3320235756385069,0.0412573673870334
9,,193,0,0,703,0,703,0.0,0.0,1.0
9,,194,0,0,593,0,593,0.0,0.0,1.0
9,,195,0,0,521,0,521,0.0,0.0,1.0
9,,196,0,0,536,0,536,0.0,0.0,1.0
9,,197,0,0,483,0,483,0.0,0.0,1.0
9,,198,0,0,508,0,508,0.0,0.0,1.0
9,,199,0,0,741,0,741,0.0,0.0,1.0
9,,2,145,0,44,252,441,0.3287981859410431,0.5714285714285714,0.09977324263038549
9,,20,341,0,15,194,550,0.62,0.3527272727272727,0.02727272727272727
9,,200,0,0,582,0,582,0.0,0.0,1.0
9,,201,0,0,627,0,627,0.0,0.0,1.0
9,,202,0,0,635,0,635,0.0,0.0,1.0
9,,203,0,0,591,0,591,0.0,0.0,1.0
9,,204,0,0,734,0,734,0.0,0.0,1.0
9,,205,0,0,663,0,663,0.0,0.0,1.0
9,,206,0,0,642,0,642,0.0,0.0,1.0
9,,207,0,0,691,0,691,0.0,0.0,1.0
9,,208,0,0,609,0,609,0.0,0.0,1.0
9,,209,0,0,683,0,683,0.0,0.0,1.0
9,,21,274,0,9,211,494,0.5546558704453441,0.4271255060728745,0.018218623481781375
9,,210,0,0,890,0,890,0.0,0.0,1.0
9,,211,0,0,568,0,568,0.0,0.0,1.0
9,,212,0,0,444,0,444,0.0,0.0,1.0
9,,213,0,0,490,0,490,0.0,0.0,1.0
9,,214,0,0,446,0,446,0.0,0.0,1.0
9,,215,0,0,547,0,547,0.0,0.0,1.0
9,,217,0,0,685,0,685,0.0,0.0,1.0
9,,218,21,0,663,334,1018,0.0206286836935167,0.3280943025540275,0.6512770137524558
9,,219,9,0,609,328,946,0.009513742071881607,0.346723044397463,0.6437632135306554
9,,22,209,0,11,369,589,0.3548387096774194,0.6264855687606112,0.01867572156196944
9,,220,16,0,151,281,448,0.03571428571428571,0.6272321428571429,0.33705357142857145
9,,221,49,0,153,290,492,0.09959349593495935,0.5894308943089431,0.31097560975609756
9,,222,22,0,184,237,443,0.04966139954853273,0.5349887133182845,0.4153498871331828
9,,223,28,0,184,460,672,0.041666666666666664,0.6845238095238095,0.27380952380952384
9,,224,45,0,210,389,644,0.06987577639751552,0.6040372670807453,0.32608695652173914
9,,225,12,0,142,373,527,0.022770398481973434,0.7077798861480076,0.269449715370019
9,,226,8,0,135,321,464,0.017241379310344827,0.6918103448275862,0.29094827586206895
9,,227,30,0,324,343,697,0.043041606886657105,0.4921090387374462,0.4648493543758967
9,,228,26,0,201,438,665,0.039097744360902256,0.6586466165413534,0.3022556390977444
9,,229,23,0,146,314,483,0.047619047619047616,0.650103519668737,0.3022774327122153
9,,23,229,0,3,268,500,0.458,0.536,0.006
9,,230,30,0,152,292,474,0.06329113924050633,0.6160337552742616,0.3206751054852321
9,,231,33,0,228,367,628,0.052547770700636945,0.5843949044585988,0.3630573248407643
9,,232,17,0,106,391,514,0.033073929961089495,0.7607003891050583,0.20622568093385213
9,,233,6,0,127,482,615,0.00975609756097561,0.7837398373983739,0.20650406504065041
9,,234,3,0,243,192,438,0.00684931506849315,0.4383561643835616,0.5547945205479452
9,,235,11,0,82,540,633,0.017377567140600316,0.8530805687203792,0.12954186413902052
9,,236,16,0,127,481,624,0.02564102564102564,0.7708333333333334,0.20352564102564102
9,,237,40,0,162,658,860,0.046511627906976744,0.7651162790697674,0.1883720930232558
9,,238,35,0,162,777,974,0.03593429158110883,0.797741273100616,0.16632443531827515
9,,239,9,0,184,538,731,0.012311901504787962,0.7359781121751026,0.25170998632010944
9,,24,230,0,11,203,444,0.5180180180180181,0.4572072072072072,0.024774774774774775
9,,241,10,0,150,491,651,0.015360983102918587,0.7542242703533026,0.2304147465437788
9,,242,11,0,152,643,806,0.013647642679900745,0.7977667493796526,0.18858560794044665
9,,243,14,0,197,426,637,0.02197802197802198,0.6687598116169545,0.3092621664050236
9,,244,17,0,211,434,662,0.0256797583081571,0.6555891238670695,0.3187311178247734
9,,245,14,0,327,441,782,0.017902813299232736,0.5639386189258312,0.41815856777493604
9,,246,5,0,300,223,528,0.00946969696969697,0.42234848484848486,0.5681818181818182
9,,247,10,0,203,262,475,0.021052631578947368,0.5515789473684211,0.42736842105263156
9,,248,3,0,240,426,669,0.004484304932735426,0.6367713004484304,0.35874439461883406
9,,249,8,0,207,557,772,0.010362694300518135,0.7215025906735751,0.26813471502590674
9,,25,0,0,528,19,547,0.0,0.03473491773308958,0.9652650822669104
9,,250,13,0,327,586,926,0.014038876889848811,0.6328293736501079,0.3531317494600432
9,,251,2,0,148,343,493,0.004056795131845842,0.6957403651115619,0.3002028397565923
9,,252,6,0,120,333,459,0.013071895424836602,0.7254901960784313,0.26143790849673204
9,,253,17,0,327,443,787,0.021601016518424398,0.5628970775095299,0.4155019059720457
9,,254,9,0,129,438,576,0.015625,0.7604166666666666,0.22395833333333334
9,,255,13,0,387,426,826,0.015738498789346248,0.5157384987893463,0.4685230024213075
9,,256,97,0,281,169,547,0.1773308957952468,0.30895795246800734,0.5137111517367459
9,,257,9,0,126,373,508,0.017716535433070866,0.734251968503937,0.24803149606299213
9,,258,14,0,111,424,549,0.025500910746812388,0.7723132969034608,0.20218579234972678
9,,259,22,0,182,258,462,0.047619047619047616,0.5584415584415584,0.3939393939393939
9,,26,0,0,510,0,510,0.0,0.0,1.0
9,,260,4,0,143,406,553,0.007233273056057866,0.7341772151898734,0.2585895117540687
9,,261,12,0,203,428,643,0.01866251944012442,0.6656298600311042,0.3157076205287714
9,,262,57,0,533,291,881,0.06469920544835414,0.33030646992054485,0.604994324631101
9,,27,0,0,757,20,777,0.0,0.02574002574002574,0.9742599742599742
9,,28,0,0,695,21,716,0.0,0.029329608938547486,0.9706703910614525
9,,289,0,0,1113,0,1113,0.0,0.0,1.0
9,,29,0,0,664,0,664,0.0,0.0,1.0
9,,290,0,0,1161,844,2005,0.0,0.42094763092269327,0.5790523690773067
9,,291,0,0,1687,0,1687,0.0,0.0,1.0
9,,292,0,0,857,11,868,0.0,0.012672811059907835,0.9873271889400922
9,,293,0,0,928,653,1581,0.0,0.41302972802024035,0.5869702719797596
9,,294,0,0,886,0,886,0.0,0.0,1.0
9,,295,0,0,663,0,663,0.0,0.0,1.0
9,,296,0,0,1086,11,1097,0.0,0.010027347310847767,0.9899726526891522
9,,297,0,0,1099,3,1102,0.0,0.0027223230490018148,0.9972776769509982
9,,298,0,0,907,4,911,0.0,0.0043907793633369925,0.995609220636663
9,,299,0,0,1000,3,1003,0.0,0.0029910269192422734,0.9970089730807578
9,,3,197,0,28,385,610,0.32295081967213113,0.6311475409836066,0.04590163934426229
9,,30,0,0,488,23,511,0.0,0.04500978473581213,0.9549902152641878
9,,300,0,0,790,6,796,0.0,0.007537688442211055,0.992462311557789
9,,301,0,0,548,6,554,0.0,0.010830324909747292,0.9891696750902527
9,,302,0,0,762,2,764,0.0,0.002617801047120419,0.9973821989528796
9,,303,0,0,593,1,594,0.0,0.0016835016835016834,0.9983164983164983
9,,304,0,0,783,5,788,0.0,0.006345177664974619,0.9936548223350253
9,,305,0,0,448,5,453,0.0,0.011037527593818985,0.9889624724061811
9,,306,0,0,904,0,904,0.0,0.0,1.0
9,,307,0,0,647,0,647,0.0,0.0,1.0
9,,308,0,0,767,0,767,0.0,0.0,1.0
9,,309,0,0,555,1,556,0.0,0.0017985611510791368,0.9982014388489209
9,,31,0,0,903,24,927,0.0,0.025889967637540454,0.9741100323624595
9,,310,0,0,925,3,928,0.0,0.003232758620689655,0.9967672413793104
9,,311,0,0,956,1,957,0.0,0.0010449320794148381,0.9989550679205852
9,,32,0,0,894,25,919,0.0,0.02720348204570185,0.9727965179542981
9,,33,0,0,727,26,753,0.0,0.034528552456839307,0.9654714475431607
9,,34,0,0,860,27,887,0.0,0.030439684329199548,0.9695603156708005
9,,35,0,0,717,28,745,0.0,0.03758389261744966,0.9624161073825503
9,,36,0,0,515,29,544,0.0,0.05330882352941176,0.9466911764705882
9,,37,0,0,647,0,647,0.0,0.0,1.0
9,,38,0,0,1725,30,1755,0.0,0.017094017094017096,0.9829059829059829
9,,39,0,0,1805,31,1836,0.0,0.016884531590413945,0.9831154684095861
9,,4,324,0,17,427,768,0.421875,0.5559895833333334,0.022135416666666668
9,,40,0,0,1047,32,1079,0.0,0.029657089898053754,0.9703429101019463
9,,40(A),0,0,423,0,423,0.0,0.0,1.0
9,,41,0,0,1355,0,1355,0.0,0.0,1.0
9,,42,0,0,1512,33,1545,0.0,0.021359223300970873,0.9786407766990292
9,,43,0,0,1284,34,1318,0.0,0.025796661608497723,0.9742033383915023
9,,44,0,0,1469,0,1469,0.0,0.0,1.0
9,,45,0,0,1259,35,1294,0.0,0.02704791344667697,0.972952086553323
9,,46,0,0,969,0,969,0.0,0.0,1.0
9,,46(A),0,0,435,0,435,0.0,0.0,1.0
9,,47,0,0,1140,36,1176,0.0,0.030612244897959183,0.9693877551020408
9,,47(A),0,0,442,0,442,0.0,0.0,1.0
9,,48,0,0,1391,37,1428,0.0,0.025910364145658265,0.9740896358543417
9,,49,0,0,670,0,670,0.0,0.0,1.0
9,,5,199,0,43,317,559,0.3559928443649374,0.5670840787119857,0.07692307692307693
9,,50,0,0,500,0,500,0.0,0.0,1.0
9,,50(A),0,0,457,0,457,0.0,0.0,1.0
9,,51,0,0,767,0,767,0.0,0.0,1.0
9,,52,0,0,794,0,794,0.0,0.0,1.0
9,,53,0,0,724,0,724,0.0,0.0,1.0
9,,54,0,0,745,0,745,0.0,0.0,1.0
9,,55,0,0,891,0,891,0.0,0.0,1.0
9,,56,0,0,508,0,508,0.0,0.0,1.0
9,,56(A),0,0,436,0,436,0.0,0.0,1.0
9,,6,154,0,35,336,525,0.29333333333333333,0.64,0.06666666666666667
9,,7,184,0,41,310,535,0.34392523364485983,0.5794392523364486,0.07663551401869159
9,,73,297,0,497,57,851,0.3490011750881316,0.06698002350176263,0.5840188014101058
9,,74,238,0,273,58,569,0.4182776801405975,0.10193321616871705,0.4797891036906854
9,,76,263,0,293,59,615,0.4276422764227642,0.0959349593495935,0.4764227642276423
9,,77,283,0,329,60,672,0.4211309523809524,0.08928571428571429,0.4895833333333333
9,,78,321,0,565,61,947,0.33896515311510034,0.06441393875395987,0.5966209081309398
9,,79,429,0,303,62,794,0.5403022670025189,0.07808564231738035,0.38161209068010077
9,,8,342,0,20,222,584,0.5856164383561644,0.3801369863013699,0.03424657534246575
9,,80,401,0,375,63,839,0.47794994040524436,0.07508939213349225,0.4469606674612634
9,,81,343,0,524,64,931,0.3684210526315789,0.06874328678839957,0.5628356605800214
9,,82,420,0,453,65,938,0.44776119402985076,0.06929637526652452,0.48294243070362475
9,,83,358,0,247,66,671,0.533532041728763,0.09836065573770492,0.368107302533532
9,,84,275,0,618,67,960,0.2864583333333333,0.06979166666666667,0.64375
9,,85,203,0,462,68,733,0.27694406548431105,0.0927694406548431,0.6302864938608458
9,,87,335,0,485,70,890,0.37640449438202245,0.07865168539325842,0.5449438202247191
9,,88,306,0,356,71,733,0.417462482946794,0.09686221009549795,0.48567530695770805
9,,89,149,0,319,72,540,0.2759259259259259,0.13333333333333333,0.5907407407407408
9,,9,449,0,40,281,770,0.5831168831168831,0.36493506493506495,0.05194805194805195
9,,95,317,0,406,75,798,0.39724310776942356,0.09398496240601503,0.5087719298245614
10,,121,0,0,547,0,547,0.0,0.0,1.0
10,,122,0,0,396,0,396,0.0,0.0,1.0
10,,123,0,0,413,0,413,0.0,0.0,1.0
10,,124,0,0,421,0,421,0.0,0.0,1.0
10,,125,0,0,424,0,424,0.0,0.0,1.0
10,,126,0,0,518,0,518,0.0,0.0,1.0
10,,127,0,0,320,0,320,0.0,0.0,1.0
10,,128,0,0,307,0,307,0.0,0.0,1.0
10,,129,0,0,532,0,532,0.0,0.0,1.0
10,,13,0,0,751,0,751,0.0,0.0,1.0
10,,130,0,0,243,0,243,0.0,0.0,1.0
10,,131,0,0,229,0,229,0.0,0.0,1.0
10,,132,0,0,404,0,404,0.0,0.0,1.0
10,,133,0,0,324,0,324,0.0,0.0,1.0
10,,134,0,0,330,0,330,0.0,0.0,1.0
10,,135,0,0,478,0,478,0.0,0.0,1.0
10,,136,0,0,349,0,349,0.0,0.0,1.0
10,,137,0,0,326,0,326,0.0,0.0,1.0
10,,138,0,0,324,0,324,0.0,0.0,1.0
10,,139,0,0,246,0,246,0.0,0.0,1.0
10,,140,0,0,276,0,276,0.0,0.0,1.0
10,,141,0,0,396,0,396,0.0,0.0,1.0
10,,142,0,0,378,0,378,0.0,0.0,1.0
10,,143,0,0,217,0,217,0.0,0.0,1.0
10,,146,0,0,718,16,734,0.0,0.021798365122615803,0.9782016348773842
10,,147,0,0,646,236,882,0.0,0.2675736961451247,0.7324263038548753
10,,148,0,0,545,125,670,0.0,0.1865671641791045,0.8134328358208955
10,,149,0,0,582,0,582,0.0,0.0,1.0
10,,150,0,0,651,307,958,0.0,0.32045929018789143,0.6795407098121086
10,,151,0,0,751,127,878,0.0,0.14464692482915717,0.8553530751708428
10,,152,0,0,497,302,799,0.0,0.37797246558197745,0.6220275344180225
10,,153,0,0,817,129,946,0.0,0.13636363636363635,0.8636363636363636
10,,154,0,0,811,130,941,0.0,0.1381509032943677,0.8618490967056323
10,,155,0,0,444,131,575,0.0,0.22782608695652173,0.7721739130434783
10,,156,0,0,473,0,473,0.0,0.0,1.0
10,,157,0,0,424,132,556,0.0,0.23741007194244604,0.762589928057554
10,,158,0,0,748,133,881,0.0,0.15096481271282633,0.8490351872871736
10,,159,0,0,391,316,707,0.0,0.44695898161244696,0.553041018387553
10,,160,0,0,878,135,1013,0.0,0.1332675222112537,0.8667324777887463
10,,161,0,0,483,136,619,0.0,0.2197092084006462,0.7802907915993538
10,,162,0,0,466,0,466,0.0,0.0,1.0
10,,163,0,0,915,137,1052,0.0,0.13022813688212928,0.8697718631178707
10,,164,0,0,670,295,965,0.0,0.30569948186528495,0.694300518134715
10,,165,0,0,772,139,911,0.0,0.1525795828759605,0.8474204171240395
10,,166,0,0,905,140,1045,0.0,0.1339712918660287,0.8660287081339713
10,,167,0,0,688,141,829,0.0,0.1700844390832328,0.8299155609167672
10,,169,0,0,928,0,928,0.0,0.0,1.0
10,,17,0,0,845,0,845,0.0,0.0,1.0
10,,170,0,0,796,0,796,0.0,0.0,1.0
10,,171,0,0,631,0,631,0.0,0.0,1.0
10,,172,0,0,519,0,519,0.0,0.0,1.0
10,,173,0,0,599,0,599,0.0,0.0,1.0
10,,174,0,0,480,0,480,0.0,0.0,1.0
10,,175,0,0,646,0,646,0.0,0.0,1.0
10,,176,0,0,482,0,482,0.0,0.0,1.0
10,,177,0,0,961,0,961,0.0,0.0,1.0
10,,178,0,0,937,0,937,0.0,0.0,1.0
10,,179,0,0,953,0,953,0.0,0.0,1.0
10,,180,0,0,839,0,839,0.0,0.0,1.0
10,,181,0,0,722,0,722,0.0,0.0,1.0
10,,182,0,0,879,0,879,0.0,0.0,1.0
10,,183,0,0,885,0,885,0.0,0.0,1.0
10,,184,0,0,1077,0,1077,0.0,0.0,1.0
10,,185,0,0,619,0,619,0.0,0.0,1.0
10,,186,0,0,490,0,490,0.0,0.0,1.0
10,,187,0,0,604,0,604,0.0,0.0,1.0
10,,188,0,0,492,0,492,0.0,0.0,1.0
10,,189,0,0,995,0,995,0.0,0.0,1.0
10,,190,0,0,808,0,808,0.0,0.0,1.0
10,,191,0,0,636,0,636,0.0,0.0,1.0
10,,193,50,0,375,447,872,0.05733944954128441,0.5126146788990825,0.43004587155963303
10,,194,21,0,413,269,703,0.029871977240398292,0.38264580369843526,0.5874822190611664
10,,195,20,0,263,286,569,0.0351493848857645,0.5026362038664324,0.46221441124780316
10,,196,55,0,452,416,923,0.059588299024918745,0.4507042253521127,0.48970747562296857
10,,197,60,0,472,516,1048,0.05725190839694656,0.49236641221374045,0.45038167938931295
10,,198,43,0,541,281,865,0.04971098265895954,0.3248554913294798,0.6254335260115607
10,,199,52,0,488,342,882,0.05895691609977324,0.3877551020408163,0.5532879818594104
10,,2,0,0,430,0,430,0.0,0.0,1.0
10,,200,25,0,467,253,745,0.03355704697986577,0.3395973154362416,0.6268456375838927
10,,201,23,0,492,338,853,0.026963657678780773,0.3962485345838218,0.5767878077373975
10,,201(A),166,0,80,310,556,0.29856115107913667,0.5575539568345323,0.14388489208633093
10,,202,68,0,444,317,829,0.08202653799758745,0.3823884197828709,0.5355850422195416
10,,203,34,0,469,300,803,0.04234122042341221,0.37359900373599003,0.5840597758405978
10,,204,34,0,437,274,745,0.04563758389261745,0.36778523489932885,0.5865771812080537
10,,205,101,0,445,476,1022,0.09882583170254403,0.4657534246575342,0.4354207436399217
10,,206,40,0,468,600,1108,0.036101083032490974,0.5415162454873647,0.4223826714801444
10,,207,39,0,426,376,841,0.04637336504161712,0.4470868014268728,0.5065398335315101
10,,208,37,0,611,280,928,0.03987068965517242,0.3017241379310345,0.6584051724137931
10,,209,23,0,574,439,1036,0.0222007722007722,0.42374517374517373,0.5540540540540541
10,,210,68,0,491,407,966,0.07039337474120083,0.42132505175983437,0.5082815734989649
10,,211,53,0,545,358,956,0.05543933054393305,0.37447698744769875,0.5700836820083682
10,,212,46,0,563,333,942,0.04883227176220807,0.3535031847133758,0.5976645435244161
10,,213,38,0,449,223,710,0.05352112676056338,0.31408450704225355,0.6323943661971831
10,,214,10,0,478,333,821,0.012180267965895249,0.4056029232643118,0.582216808769793
10,,215,46,0,476,412,934,0.04925053533190578,0.4411134903640257,0.5096359743040685
10,,217,18,0,183,0,201,0.08955223880597014,0.0,0.9104477611940298
10,,218,15,0,525,92,632,0.023734177215189875,0.14556962025316456,0.8306962025316456
10,,219,13,0,179,332,524,0.02480916030534351,0.6335877862595419,0.3416030534351145
10,,220,16,0,386,158,560,0.02857142857142857,0.28214285714285714,0.6892857142857143
10,,221,10,0,512,222,744,0.013440860215053764,0.29838709677419356,0.6881720430107527
10,,222,12,0,646,355,1013,0.011846001974333662,0.3504442250740375,0.6377097729516288
10,,223,15,0,446,233,694,0.021613832853025938,0.3357348703170029,0.6426512968299711
10,,224,132,0,535,296,963,0.13707165109034267,0.3073727933541018,0.5555555555555556
10,,225,181,0,460,303,944,0.1917372881355932,0.3209745762711864,0.4872881355932203
10,,226,8,0,450,438,896,0.008928571428571428,0.4888392857142857,0.5022321428571429
10,,227,3,0,379,210,592,0.005067567567567568,0.3547297297297297,0.6402027027027027
10,,228,9,0,243,189,441,0.02040816326530612,0.42857142857142855,0.5510204081632653
10,,229,7,0,450,423,880,0.007954545454545454,0.48068181818181815,0.5113636363636364
10,,230,12,0,522,138,672,0.017857142857142856,0.20535714285714285,0.7767857142857143
10,,231,8,0,634,396,1038,0.007707129094412331,0.3815028901734104,0.6107899807321773
10,,232,15,0,532,212,759,0.019762845849802372,0.27931488801054016,0.7009222661396575
10,,233,53,0,563,103,719,0.0737134909596662,0.14325452016689846,0.7830319888734353
10,,234,66,0,395,98,559,0.11806797853309481,0.17531305903398928,0.7066189624329159
10,,235,9,0,535,79,623,0.014446227929373997,0.12680577849117175,0.8587479935794543
10,,236,15,0,369,142,526,0.028517110266159697,0.26996197718631176,0.7015209125475285
10,,237,28,0,743,123,894,0.03131991051454139,0.13758389261744966,0.831096196868009
10,,238,20,0,668,139,827,0.02418379685610641,0.16807738814993953,0.8077388149939541
10,,239,38,0,581,154,773,0.04915912031047866,0.19922380336351875,0.7516170763260026
10,,241,0,0,717,0,717,0.0,0.0,1.0
10,,242,0,0,723,0,723,0.0,0.0,1.0
10,,243,0,0,458,0,458,0.0,0.0,1.0
10,,244,0,0,468,0,468,0.0,0.0,1.0
10,,245,0,0,464,0,464,0.0,0.0,1.0
10,,246,0,0,468,0,468,0.0,0.0,1.0
10,,247,0,0,578,0,578,0.0,0.0,1.0
10,,248,0,0,669,0,669,0.0,0.0,1.0
10,,249,0,0,758,0,758,0.0,0.0,1.0
10,,250,0,0,427,0,427,0.0,0.0,1.0
10,,251,0,0,486,0,486,0.0,0.0,1.0
10,,252,0,0,476,0,476,0.0,0.0,1.0
10,,253,0,0,497,0,497,0.0,0.0,1.0
10,,254,0,0,724,0,724,0.0,0.0,1.0
10,,255,0,0,497,0,497,0.0,0.0,1.0
10,,256,0,0,539,0,539,0.0,0.0,1.0
10,,257,0,0,473,0,473,0.0,0.0,1.0
10,,258,0,0,497,0,497,0.0,0.0,1.0
10,,259,0,0,563,0,563,0.0,0.0,1.0
10,,260,0,0,531,0,531,0.0,0.0,1.0
10,,261,0,0,514,0,514,0.0,0.0,1.0
10,,262,0,0,476,0,476,0.0,0.0,1.0
10,,263,0,0,675,0,675,0.0,0.0,1.0
10,,289,79,0,0,0,79,1.0,0.0,0.0
10,,290,70,0,301,255,626,0.11182108626198083,0.4073482428115016,0.48083067092651754
10,,291,27,0,321,161,509,0.05304518664047151,0.3163064833005894,0.630648330058939
10,,292,7,0,380,128,515,0.013592233009708738,0.24854368932038834,0.7378640776699029
10,,293,6,0,267,212,485,0.012371134020618556,0.43711340206185567,0.5505154639175258
10,,294,12,0,186,293,491,0.024439918533604887,0.5967413441955194,0.3788187372708758
10,,295,10,0,204,364,578,0.01730103806228374,0.629757785467128,0.35294117647058826
10,,296,23,0,376,372,771,0.029831387808041506,0.48249027237354086,0.4876783398184176
10,,297,11,0,255,178,444,0.024774774774774775,0.4009009009009009,0.5743243243243243
10,,298,17,0,234,265,516,0.03294573643410853,0.5135658914728682,0.45348837209302323
10,,299,37,0,286,241,564,0.06560283687943262,0.42730496453900707,0.5070921985815603
10,,300,17,0,274,209,500,0.034,0.418,0.548
10,,301,24,0,206,312,542,0.04428044280442804,0.5756457564575646,0.3800738007380074
10,,302,19,0,347,160,526,0.03612167300380228,0.3041825095057034,0.6596958174904943
10,,303,24,0,344,121,489,0.049079754601226995,0.2474437627811861,0.7034764826175869
10,,304,15,0,162,326,503,0.02982107355864811,0.6481113320079522,0.3220675944333996
10,,305,12,0,270,300,582,0.020618556701030927,0.5154639175257731,0.4639175257731959
10,,306,14,0,487,365,866,0.016166281755196306,0.4214780600461894,0.5623556581986143
10,,307,21,0,187,322,530,0.03962264150943396,0.6075471698113207,0.35283018867924526
10,,308,6,0,449,381,836,0.007177033492822967,0.4557416267942584,0.5370813397129187
10,,309,7,0,312,435,754,0.009283819628647215,0.5769230769230769,0.41379310344827586
10,,310,23,0,482,434,939,0.024494142705005325,0.46219382321618746,0.5133120340788072
10,,311,17,0,462,189,668,0.025449101796407185,0.28293413173652693,0.6916167664670658
10,,314,0,0,482,7,489,0.0,0.014314928425357873,0.9856850715746421
10,,315,0,0,696,5,701,0.0,0.007132667617689016,0.992867332382311
10,,316,0,0,1074,37,1111,0.0,0.0333033303330333,0.9666966696669667
10,,317,0,0,649,11,660,0.0,0.016666666666666666,0.9833333333333333
10,,318,0,0,535,5,540,0.0,0.009259259259259259,0.9907407407407407
10,,319,0,0,1056,48,1104,0.0,0.043478260869565216,0.9565217391304348
10,,320,0,0,636,13,649,0.0,0.020030816640986132,0.9799691833590138
10,,321,0,0,684,22,706,0.0,0.031161473087818695,0.9688385269121813
10,,322,0,0,529,24,553,0.0,0.0433996383363472,0.9566003616636528
10,,323,0,0,986,16,1002,0.0,0.015968063872255488,0.9840319361277445
10,,324,0,0,788,10,798,0.0,0.012531328320802004,0.9874686716791979
10,,325,0,0,990,18,1008,0.0,0.017857142857142856,0.9821428571428571
10,,326,0,0,1008,135,1143,0.0,0.11811023622047244,0.8818897637795275
10,,327,0,0,983,22,1005,0.0,0.021890547263681594,0.9781094527363184
10,,328,0,0,814,30,844,0.0,0.035545023696682464,0.9644549763033176
10,,329,0,0,970,47,1017,0.0,0.046214355948869225,0.9537856440511308
10,,330,0,0,944,43,987,0.0,0.04356636271529889,0.9564336372847011
10,,331,0,0,775,65,840,0.0,0.07738095238095238,0.9226190476190477
10,,332,0,0,832,5,837,0.0,0.005973715651135006,0.994026284348865
10,,333,0,0,548,14,562,0.0,0.02491103202846975,0.9750889679715302
10,,334,0,0,936,13,949,0.0,0.0136986301369863,0.9863013698630136
10,,335,0,0,1002,10,1012,0.0,0.009881422924901186,0.9901185770750988
10,,338,51,0,723,378,1152,0.044270833333333336,0.328125,0.6276041666666666
10,,339,66,0,250,203,519,0.12716763005780346,0.3911368015414258,0.4816955684007707
10,,34(A),0,0,525,0,525,0.0,0.0,1.0
10,,340,56,0,486,297,839,0.066746126340882,0.3539928486293206,0.5792610250297974
10,,341,26,0,657,423,1106,0.023508137432188065,0.38245931283905965,0.5940325497287523
10,,342,10,0,544,398,952,0.01050420168067227,0.4180672268907563,0.5714285714285714
10,,343,51,0,535,228,814,0.06265356265356266,0.2800982800982801,0.6572481572481572
10,,344,21,0,326,141,488,0.0430327868852459,0.2889344262295082,0.6680327868852459
10,,345,33,0,567,245,845,0.03905325443786982,0.28994082840236685,0.6710059171597633
10,,346,36,0,283,253,572,0.06293706293706294,0.4423076923076923,0.49475524475524474
10,,347,9,0,536,286,831,0.010830324909747292,0.34416365824308065,0.6450060168471721
10,,348,12,0,749,339,1100,0.01090909090909091,0.30818181818181817,0.6809090909090909
10,,349,21,0,679,300,1000,0.021,0.3,0.679
10,,35,0,0,537,0,537,0.0,0.0,1.0
10,,350,22,0,346,151,519,0.04238921001926782,0.2909441233140655,0.6666666666666666
10,,351,26,0,583,258,867,0.029988465974625143,0.2975778546712803,0.6724336793540946
10,,352,17,0,346,133,496,0.034274193548387094,0.26814516129032256,0.6975806451612904
10,,353,31,0,815,367,1213,0.025556471558120363,0.302555647155812,0.6718878812860676
10,,354,40,0,621,409,1070,0.037383177570093455,0.3822429906542056,0.5803738317757009
10,,355,50,0,659,248,957,0.0522466039707419,0.25914315569487983,0.6886102403343782
10,,356,57,0,626,349,1032,0.055232558139534885,0.3381782945736434,0.6065891472868217
10,,357,32,0,506,312,850,0.03764705882352941,0.36705882352941177,0.5952941176470589
10,,358,28,0,196,380,604,0.046357615894039736,0.6291390728476821,0.32450331125827814
10,,359,73,0,659,324,1056,0.06912878787878787,0.3068181818181818,0.6240530303030303
10,,36,0,0,794,0,794,0.0,0.0,1.0
10,,362,0,0,887,10,897,0.0,0.011148272017837236,0.9888517279821628
10,,363,0,0,876,17,893,0.0,0.019036954087346025,0.9809630459126539
10,,364,0,0,796,32,828,0.0,0.03864734299516908,0.961352657004831
10,,365,0,0,492,20,512,0.0,0.0390625,0.9609375
10,,366,0,0,800,7,807,0.0,0.008674101610904586,0.9913258983890955
10,,367,0,0,607,10,617,0.0,0.01620745542949757,0.9837925445705025
10,,368,0,0,1025,15,1040,0.0,0.014423076923076924,0.9855769230769231
10,,37,0,0,406,0,406,0.0,0.0,1.0
10,,37(A),0,0,435,0,435,0.0,0.0,1.0
10,,38,0,0,256,0,256,0.0,0.0,1.0
10,,39,0,0,427,0,427,0.0,0.0,1.0
10,,39(A),0,0,416,0,416,0.0,0.0,1.0
10,,40,0,0,379,0,379,0.0,0.0,1.0
10,,40(A),0,0,401,0,401,0.0,0.0,1.0
10,,41,0,0,452,0,452,0.0,0.0,1.0
11,,10,0,0,770,0,770,0.0,0.0,1.0
11,,11,0,0,1867,0,1867,0.0,0.0,1.0
11,,15,0,0,573,0,573,0.0,0.0,1.0
11,,178,0,0,1083,0,1083,0.0,0.0,1.0
11,,178(A),0,0,544,0,544,0.0,0.0,1.0
11,,179,0,0,777,0,777,0.0,0.0,1.0
11,,180,0,0,641,0,641,0.0,0.0,1.0
11,,181,0,0,840,0,840,0.0,0.0,1.0
11,,182,0,0,484,0,484,0.0,0.0,1.0
11,,182(A),0,0,660,0,660,0.0,0.0,1.0
11,,183,0,0,1443,0,1443,0.0,0.0,1.0
11,,184,0,0,705,0,705,0.0,0.0,1.0
11,,185,0,0,388,0,388,0.0,0.0,1.0
11,,186(A),0,0,469,0,469,0.0,0.0,1.0
11,,187,0,0,540,0,540,0.0,0.0,1.0
11,,188,0,0,483,0,483,0.0,0.0,1.0
11,,188(A),0,0,512,0,512,0.0,0.0,1.0
11,,189,0,0,503,0,503,0.0,0.0,1.0
11,,19,0,0,530,0,530,0.0,0.0,1.0
11,,190,0,0,671,0,671,0.0,0.0,1.0
11,,191,0,0,761,0,761,0.0,0.0,1.0
11,,192,0,0,756,0,756,0.0,0.0,1.0
11,,193,0,0,745,0,745,0.0,0.0,1.0
11,,194,0,0,448,0,448,0.0,0.0,1.0
11,,194(A),0,0,467,0,467,0.0,0.0,1.0
11,,195,0,0,459,0,459,0.0,0.0,1.0
11,,195(A),0,0,473,0,473,0.0,0.0,1.0
11,,196,0,0,812,0,812,0.0,0.0,1.0
11,,197,0,0,831,0,831,0.0,0.0,1.0
11,,199,0,0,631,0,631,0.0,0.0,1.0
11,,21,0,0,383,0,383,0.0,0.0,1.0
11,,24,0,0,365,0,365,0.0,0.0,1.0
11,,243,0,0,429,0,429,0.0,0.0,1.0
11,,247,0,0,414,0,414,0.0,0.0,1.0
11,,25,0,0,564,0,564,0.0,0.0,1.0
11,,250,0,0,603,0,603,0.0,0.0,1.0
11,,251,0,0,563,0,563,0.0,0.0,1.0
11,,252,0,0,506,0,506,0.0,0.0,1.0
11,,253,0,0,427,0,427,0.0,0.0,1.0
11,,254,0,0,553,0,553,0.0,0.0,1.0
11,,255,0,0,539,0,539,0.0,0.0,1.0
11,,256,0,0,728,0,728,0.0,0.0,1.0
11,,257,0,0,563,0,563,0.0,0.0,1.0
11,,259,0,0,746,0,746,0.0,0.0,1.0
11,,261,0,0,588,0,588,0.0,0.0,1.0
11,,29,0,0,472,0,472,0.0,0.0,1.0
11,,3,0,0,607,0,607,0.0,0.0,1.0
11,,42,0,0,457,0,457,0.0,0.0,1.0
11,,53,0,0,399,0,399,0.0,0.0,1.0
11,,6,0,0,780,0,780,0.0,0.0,1.0
11,,9,0,0,1246,0,1246,0.0,0.0,1.0
12,,1(A),0,0,171,271,442,0.0,0.6131221719457014,0.38687782805429866
12,,10,0,0,1931,528,2459,0.0,0.21472143147620984,0.7852785685237902
12,,101,0,0,766,0,766,0.0,0.0,1.0
12,,104,0,0,718,0,718,0.0,0.0,1.0
12,,105,0,0,496,0,496,0.0,0.0,1.0
12,,109,0,0,654,0,654,0.0,0.0,1.0
12,,11,0,0,1938,396,2334,0.0,0.16966580976863754,0.8303341902313625
12,,12,0,0,1654,380,2034,0.0,0.18682399213372664,0.8131760078662733
12,,121,0,0,592,0,592,0.0,0.0,1.0
12,,13,0,0,323,506,829,0.0,0.6103739445114595,0.3896260554885404
12,,130,0,0,343,0,343,0.0,0.0,1.0
12,,132,0,0,452,0,452,0.0,0.0,1.0
12,,133,0,0,769,0,769,0.0,0.0,1.0
12,,134,0,0,566,0,566,0.0,0.0,1.0
12,,135,0,0,672,0,672,0.0,0.0,1.0
12,,136,0,0,742,0,742,0.0,0.0,1.0
12,,137,0,0,273,0,273,0.0,0.0,1.0
12,,138,0,0,509,0,509,0.0,0.0,1.0
12,,138(A),0,0,562,0,562,0.0,0.0,1.0
12,,139,0,0,687,0,687,0.0,0.0,1.0
12,,14,0,0,2064,458,2522,0.0,0.18160190325138778,0.8183980967486122
12,,140,0,0,1132,0,1132,0.0,0.0,1.0
12,,141,0,0,493,0,493,0.0,0.0,1.0
12,,141(A),0,0,475,0,475,0.0,0.0,1.0
12,,142,0,0,707,0,707,0.0,0.0,1.0
12,,143,0,0,831,0,831,0.0,0.0,1.0
12,,144,0,0,879,0,879,0.0,0.0,1.0
12,,145,0,0,795,0,795,0.0,0.0,1.0
12,,146,0,0,393,0,393,0.0,0.0,1.0
12,,147,0,0,615,0,615,0.0,0.0,1.0
12,,148,0,0,615,0,615,0.0,0.0,1.0
12,,149,0,0,791,0,791,0.0,0.0,1.0
12,,15,0,0,1260,314,1574,0.0,0.19949174078780177,0.8005082592121983
12,,150,0,0,389,0,389,0.0,0.0,1.0
12,,150(A),0,0,435,0,435,0.0,0.0,1.0
12,,151,0,0,655,0,655,0.0,0.0,1.0
12,,157,0,0,321,0,321,0.0,0.0,1.0
12,,159,0,0,654,0,654,0.0,0.0,1.0
12,,16,0,0,1589,318,1907,0.0,0.16675406397482959,0.8332459360251704
12,,168,0,0,361,0,361,0.0,0.0,1.0
12,,17,0,0,800,375,1175,0.0,0.3191489361702128,0.6808510638297872
12,,18,0,0,1413,369,1782,0.0,0.20707070707070707,0.7929292929292929
12,,186,0,0,208,0,208,0.0,0.0,1.0
12,,19,0,0,463,308,771,0.0,0.39948119325551235,0.6005188067444877
12,,190,0,0,58,0,58,0.0,0.0,1.0
12,,191,0,0,49,0,49,0.0,0.0,1.0
12,,192,0,0,48,0,48,0.0,0.0,1.0
12,,193,0,0,65,0,65,0.0,0.0,1.0
12,,194,0,0,117,0,117,0.0,0.0,1.0
12,,195,0,0,102,0,102,0.0,0.0,1.0
12,,196,0,0,908,69,977,0.0,0.07062436028659161,0.9293756397134084
12,,196(A),0,0,67,0,67,0.0,0.0,1.0
12,,197,0,0,825,78,903,0.0,0.08637873754152824,0.9136212624584718
12,,197(A),0,0,76,0,76,0.0,0.0,1.0
12,,198,0,0,1100,58,1158,0.0,0.05008635578583765,0.9499136442141624
12,,199,0,0,751,74,825,0.0,0.08969696969696969,0.9103030303030303
12,,2,0,0,223,38,261,0.0,0.14559386973180077,0.8544061302681992
12,,2(A),0,0,539,109,648,0.0,0.16820987654320987,0.8317901234567902
12,,20,0,0,1462,465,1927,0.0,0.24130773222625843,0.7586922677737415
12,,200,0,0,880,67,947,0.0,0.07074973600844774,0.9292502639915523
12,,201,0,0,621,53,674,0.0,0.07863501483679525,0.9213649851632048
12,,201(A),0,0,64,0,64,0.0,0.0,1.0
12,,202,0,0,353,177,530,0.0,0.3339622641509434,0.6660377358490566
12,,202(A),0,0,34,0,34,0.0,0.0,1.0
12,,203,0,0,618,79,697,0.0,0.1133428981348637,0.8866571018651362
12,,204,0,0,47,0,47,0.0,0.0,1.0
12,,204(A),0,0,53,0,53,0.0,0.0,1.0
12,,205,0,0,843,35,878,0.0,0.03986332574031891,0.9601366742596811
12,,206,0,0,592,0,592,0.0,0.0,1.0
12,,207,0,0,734,16,750,0.0,0.021333333333333333,0.9786666666666667
12,,208,0,0,26,0,26,0.0,0.0,1.0
12,,209,0,0,606,32,638,0.0,0.050156739811912224,0.9498432601880877
12,,21,0,0,1028,0,1028,0.0,0.0,1.0
12,,211,0,0,642,29,671,0.0,0.043219076005961254,0.9567809239940388
12,,213,0,0,515,68,583,0.0,0.11663807890222985,0.8833619210977701
12,,215,0,0,400,20,420,0.0,0.047619047619047616,0.9523809523809523
12,,22,0,0,2257,0,2257,0.0,0.0,1.0
12,,23,0,0,2007,0,2007,0.0,0.0,1.0
12,,24,0,0,1854,0,1854,0.0,0.0,1.0
12,,240,0,0,384,0,384,0.0,0.0,1.0
12,,241,0,0,306,0,306,0.0,0.0,1.0
12,,245,0,0,800,0,800,0.0,0.0,1.0
12,,246,0,0,744,0,744,0.0,0.0,1.0
12,,247,0,0,887,0,887,0.0,0.0,1.0
12,,248,0,0,841,0,841,0.0,0.0,1.0
12,,249,0,0,829,0,829,0.0,0.0,1.0
12,,25,0,0,1116,0,1116,0.0,0.0,1.0
12,,250,0,0,1076,0,1076,0.0,0.0,1.0
12,,251,0,0,517,0,517,0.0,0.0,1.0
12,,251(A),0,0,561,0,561,0.0,0.0,1.0
12,,252,0,0,573,0,573,0.0,0.0,1.0
12,,252(A),0,0,506,0,506,0.0,0.0,1.0
12,,253,0,0,499,0,499,0.0,0.0,1.0
12,,254,0,0,669,0,669,0.0,0.0,1.0
12,,255,0,0,864,0,864,0.0,0.0,1.0
12,,256,0,0,894,0,894,0.0,0.0,1.0
12,,257,0,0,916,0,916,0.0,0.0,1.0
12,,258,0,0,505,0,505,0.0,0.0,1.0
12,,258(A),0,0,579,0,579,0.0,0.0,1.0
12,,259,0,0,920,0,920,0.0,0.0,1.0
12,,26,0,0,1501,0,1501,0.0,0.0,1.0
12,,260,0,0,815,0,815,0.0,0.0,1.0
12,,261,0,0,435,0,435,0.0,0.0,1.0
12,,261(A),0,0,615,0,615,0.0,0.0,1.0
12,,262,0,0,604,0,604,0.0,0.0,1.0
12,,262(A),0,0,581,0,581,0.0,0.0,1.0
12,,263,0,0,567,0,567,0.0,0.0,1.0
12,,27,0,0,205,0,205,0.0,0.0,1.0
12,,272,0,0,299,0,299,0.0,0.0,1.0
12,,277,0,0,275,0,275,0.0,0.0,1.0
12,,28,0,0,990,0,990,0.0,0.0,1.0
12,,29,0,0,436,0,436,0.0,0.0,1.0
12,,3,0,0,22,264,286,0.0,0.9230769230769231,0.07692307692307693
12,,30,0,0,459,0,459,0.0,0.0,1.0
12,,31,0,0,988,0,988,0.0,0.0,1.0
12,,32,0,0,481,0,481,0.0,0.0,1.0
12,,326,0,0,189,0,189,0.0,0.0,1.0
12,,33,0,0,1060,0,1060,0.0,0.0,1.0
12,,34,0,0,971,0,971,0.0,0.0,1.0
12,,347,0,0,244,0,244,0.0,0.0,1.0
12,,352,0,0,253,0,253,0.0,0.0,1.0
12,,37,0,0,556,0,556,0.0,0.0,1.0
12,,38,0,0,460,0,460,0.0,0.0,1.0
12,,39,0,0,694,0,694,0.0,0.0,1.0
12,,391,0,0,835,0,835,0.0,0.0,1.0
12,,4,0,0,635,820,1455,0.0,0.563573883161512,0.436426116838488
12,,40,0,0,1684,0,1684,0.0,0.0,1.0
12,,400,0,0,136,0,136,0.0,0.0,1.0
12,,405,0,0,204,0,204,0.0,0.0,1.0
12,,409,0,0,314,0,314,0.0,0.0,1.0
12,,41,0,0,1135,0,1135,0.0,0.0,1.0
12,,42,0,0,1053,0,1053,0.0,0.0,1.0
12,,43,0,0,1502,0,1502,0.0,0.0,1.0
12,,44,0,0,1151,0,1151,0.0,0.0,1.0
12,,441,0,0,217,0,217,0.0,0.0,1.0
12,,45,0,0,1273,0,1273,0.0,0.0,1.0
12,,451,0,0,342,0,342,0.0,0.0,1.0
12,,46,0,0,590,0,590,0.0,0.0,1.0
12,,47,0,0,701,0,701,0.0,0.0,1.0
12,,48,0,0,1962,0,1962,0.0,0.0,1.0
12,,51,0,0,1246,0,1246,0.0,0.0,1.0
12,,53,0,0,493,0,493,0.0,0.0,1.0
12,,54,0,0,1442,0,1442,0.0,0.0,1.0
12,,55,0,0,783,0,783,0.0,0.0,1.0
12,,56,0,0,532,0,532,0.0,0.0,1.0
12,,58(A),0,0,739,310,1049,0.0,0.29551954242135364,0.7044804575786463
12,,59,0,0,777,276,1053,0.0,0.2621082621082621,0.7378917378917379
12,,6,0,0,393,335,728,0.0,0.46016483516483514,0.5398351648351648
12,,60,0,0,2669,346,3015,0.0,0.11475953565505805,0.885240464344942
12,,61,0,0,931,265,1196,0.0,0.22157190635451504,0.7784280936454849
12,,62,0,0,1031,231,1262,0.0,0.18304278922345482,0.8169572107765452
12,,63,0,0,2123,402,2525,0.0,0.1592079207920792,0.8407920792079208
12,,63(A),0,0,729,356,1085,0.0,0.328110599078341,0.6718894009216589
12,,64,0,0,744,148,892,0.0,0.16591928251121077,0.8340807174887892
12,,64(A),0,0,662,153,815,0.0,0.18773006134969325,0.8122699386503067
12,,65,0,0,779,221,1000,0.0,0.221,0.779
12,,65(A),0,0,186,205,391,0.0,0.5242966751918159,0.47570332480818417
12,,66,0,0,677,288,965,0.0,0.29844559585492225,0.7015544041450777
12,,67,0,0,673,295,968,0.0,0.3047520661157025,0.6952479338842975
12,,68,0,0,764,263,1027,0.0,0.2560856864654333,0.7439143135345667
12,,69,0,0,216,388,604,0.0,0.6423841059602649,0.3576158940397351
12,,7,0,0,1154,0,1154,0.0,0.0,1.0
12,,70,0,0,935,280,1215,0.0,0.23045267489711935,0.7695473251028807
12,,70(A),0,0,291,246,537,0.0,0.4581005586592179,0.5418994413407822
12,,71,0,0,312,181,493,0.0,0.3671399594320487,0.6328600405679513
12,,71(A),0,0,231,203,434,0.0,0.46774193548387094,0.532258064516129
12,,72,0,0,702,98,800,0.0,0.1225,0.8775
12,,73,0,0,1142,365,1507,0.0,0.24220305242203052,0.7577969475779694
12,,7357(A),0,0,900,53,953,0.0,0.055613850996852045,0.944386149003148
12,,74,0,0,819,370,1189,0.0,0.31118587047939444,0.6888141295206055
12,,75,0,0,734,0,734,0.0,0.0,1.0
12,,76,0,0,513,0,513,0.0,0.0,1.0
12,,77,0,0,504,0,504,0.0,0.0,1.0
12,,78,0,0,399,0,399,0.0,0.0,1.0
12,,8,0,0,283,446,729,0.0,0.6117969821673526,0.38820301783264743
12,,80,0,0,411,0,411,0.0,0.0,1.0
12,,82,0,0,402,0,402,0.0,0.0,1.0
12,,82(A),0,0,566,0,566,0.0,0.0,1.0
12,,83,0,0,1025,0,1025,0.0,0.0,1.0
12,,83(A),0,0,534,0,534,0.0,0.0,1.0
12,,84,0,0,406,0,406,0.0,0.0,1.0
12,,84(A),0,0,581,0,581,0.0,0.0,1.0
12,,85(A),0,0,542,0,542,0.0,0.0,1.0
12,,86(A),0,0,482,0,482,0.0,0.0,1.0
12,,88,0,0,719,0,719,0.0,0.0,1.0
12,,88(A),0,0,604,0,604,0.0,0.0,1.0
12,,89,0,0,588,0,588,0.0,0.0,1.0
12,,9,0,0,634,300,934,0.0,0.32119914346895073,0.6788008565310493
12,,9(A),0,0,170,271,441,0.0,0.6145124716553289,0.3854875283446712
12,,95,0,0,533,0,533,0.0,0.0,1.0
12,,97,0,0,393,0,393,0.0,0.0,1.0
12,,99,0,0,802,0,802,0.0,0.0,1.0
13,Falakata(SC),1,130,0,380,0,510,0.2549019607843137,0.0,0.7450980392156863
13,Falakata(SC),10,346,0,488,0,834,0.4148681055155875,0.0,0.5851318944844125
13,Falakata(SC),100,0,0,476,0,476,0.0,0.0,1.0
13,Falakata(SC),100A,0,0,459,0,459,0.0,0.0,1.0
13,Falakata(SC),101,0,0,803,0,803,0.0,0.0,1.0
13,Falakata(SC),102,0,0,880,0,880,0.0,0.0,1.0
13,Falakata(SC),103,0,0,583,0,583,0.0,0.0,1.0
13,Falakata(SC),104,0,0,755,0,755,0.0,0.0,1.0
13,Falakata(SC),105,0,0,808,0,808,0.0,0.0,1.0
13,Falakata(SC),106,0,0,529,0,529,0.0,0.0,1.0
13,Falakata(SC),107,0,0,688,0,688,0.0,0.0,1.0
13,Falakata(SC),108,0,0,623,0,623,0.0,0.0,1.0
13,Falakata(SC),109,0,0,684,0,684,0.0,0.0,1.0
13,Falakata(SC),11,271,0,316,0,587,0.4616695059625213,0.0,0.5383304940374787
13,Falakata(SC),110,0,0,805,0,805,0.0,0.0,1.0
13,Falakata(SC),111,0,0,836,0,836,0.0,0.0,1.0
13,Falakata(SC),112,0,0,481,0,481,0.0,0.0,1.0
13,Falakata(SC),112A,0,0,526,0,526,0.0,0.0,1.0
13,Falakata(SC),113,0,0,544,0,544,0.0,0.0,1.0
13,Falakata(SC),113A,0,0,548,0,548,0.0,0.0,1.0
13,Falakata(SC),114,0,0,602,0,602,0.0,0.0,1.0
13,Falakata(SC),114A,0,0,578,0,578,0.0,0.0,1.0
13,Falakata(SC),115,0,0,485,0,485,0.0,0.0,1.0
13,Falakata(SC),115A,0,0,474,0,474,0.0,0.0,1.0
13,Falakata(SC),116,0,0,792,0,792,0.0,0.0,1.0
13,Falakata(SC),117,0,0,750,0,750,0.0,0.0,1.0
13,Falakata(SC),118,0,0,875,0,875,0.0,0.0,1.0
13,Falakata(SC),119,0,0,782,0,782,0.0,0.0,1.0
13,Falakata(SC),12,352,0,152,0,504,0.6984126984126984,0.0,0.30158730158730157
13,Falakata(SC),120,0,0,909,0,909,0.0,0.0,1.0
13,Falakata(SC),121,0,0,773,0,773,0.0,0.0,1.0
13,Falakata(SC),122,0,0,599,0,599,0.0,0.0,1.0
13,Falakata(SC),123,0,0,860,0,860,0.0,0.0,1.0
13,Falakata(SC),124,0,0,772,0,772,0.0,0.0,1.0
13,Falakata(SC),125,0,0,853,0,853,0.0,0.0,1.0
13,Falakata(SC),126,0,0,722,182,904,0.0,0.2013274336283186,0.7986725663716814
13,Falakata(SC),127,0,0,529,199,728,0.0,0.2733516483516483,0.7266483516483516
13,Falakata(SC),128,0,0,407,302,709,0.0,0.42595204513399154,0.5740479548660085
13,Falakata(SC),129,0,0,544,303,847,0.0,0.3577331759149941,0.6422668240850059
13,Falakata(SC),12A,0,0,526,0,526,0.0,0.0,1.0
13,Falakata(SC),13,0,0,473,0,473,0.0,0.0,1.0
13,Falakata(SC),130,0,0,359,323,682,0.0,0.4736070381231672,0.5263929618768328
13,Falakata(SC),131,0,0,458,272,730,0.0,0.3726027397260274,0.6273972602739726
13,Falakata(SC),132,0,0,406,198,604,0.0,0.32781456953642385,0.6721854304635762
13,Falakata(SC),132A,0,0,420,190,610,0.0,0.3114754098360656,0.6885245901639344
13,Falakata(SC),133,0,0,452,335,787,0.0,0.4256670902160102,0.5743329097839899
13,Falakata(SC),134,0,0,404,388,792,0.0,0.4898989898989899,0.51010101010101
13,Falakata(SC),135,0,0,591,213,804,0.0,0.26492537313432835,0.7350746268656716
13,Falakata(SC),136,0,0,459,210,669,0.0,0.31390134529147984,0.6860986547085202
13,Falakata(SC),137,0,0,380,344,724,0.0,0.47513812154696133,0.5248618784530387
13,Falakata(SC),138,0,0,306,358,664,0.0,0.5391566265060241,0.4608433734939759
13,Falakata(SC),139,0,0,353,200,553,0.0,0.3616636528028933,0.6383363471971067
13,Falakata(SC),13A,0,0,470,0,470,0.0,0.0,1.0
13,Falakata(SC),14,0,0,525,0,525,0.0,0.0,1.0
13,Falakata(SC),140,0,0,227,314,541,0.0,0.5804066543438078,0.4195933456561922
13,Falakata(SC),141,0,0,481,328,809,0.0,0.4054388133498146,0.5945611866501854
13,Falakata(SC),142,0,0,425,187,612,0.0,0.3055555555555556,0.6944444444444444
13,Falakata(SC),143,0,0,377,235,612,0.0,0.3839869281045752,0.6160130718954249
13,Falakata(SC),144,0,0,337,288,625,0.0,0.4608,0.5392
13,Falakata(SC),145,0,0,405,185,590,0.0,0.3135593220338983,0.6864406779661016
13,Falakata(SC),146,0,0,426,297,723,0.0,0.4107883817427386,0.5892116182572614
13,Falakata(SC),147,0,0,433,469,902,0.0,0.5199556541019955,0.48004434589800443
13,Falakata(SC),148,0,0,189,267,456,0.0,0.5855263157894737,0.4144736842105263
13,Falakata(SC),149,0,0,1504,0,1504,0.0,0.0,1.0
13,Falakata(SC),14A,0,0,538,0,538,0.0,0.0,1.0
13,Falakata(SC),15,0,0,489,0,489,0.0,0.0,1.0
13,Falakata(SC),150,0,0,1447,0,1447,0.0,0.0,1.0
13,Falakata(SC),151,0,0,1515,0,1515,0.0,0.0,1.0
13,Falakata(SC),152,0,0,1091,0,1091,0.0,0.0,1.0
13,Falakata(SC),153,0,0,913,0,913,0.0,0.0,1.0
13,Falakata(SC),153A,0,0,874,0,874,0.0,0.0,1.0
13,Falakata(SC),154,0,0,1723,0,1723,0.0,0.0,1.0
13,Falakata(SC),155,0,0,1717,0,1717,0.0,0.0,1.0
13,Falakata(SC),156,0,0,1711,0,1711,0.0,0.0,1.0
13,Falakata(SC),157,0,0,947,0,947,0.0,0.0,1.0
13,Falakata(SC),157A,0,0,962,0,962,0.0,0.0,1.0
13,Falakata(SC),158,0,0,1509,0,1509,0.0,0.0,1.0
13,Falakata(SC),159,0,0,991,0,991,0.0,0.0,1.0
13,Falakata(SC),159A,0,0,961,0,961,0.0,0.0,1.0
13,Falakata(SC),15A,0,0,498,0,498,0.0,0.0,1.0
13,Falakata(SC),16,0,0,705,0,705,0.0,0.0,1.0
13,Falakata(SC),160,0,0,1056,0,1056,0.0,0.0,1.0
13,Falakata(SC),160A,0,0,1123,0,1123,0.0,0.0,1.0
13,Falakata(SC),161,0,0,993,0,993,0.0,0.0,1.0
13,Falakata(SC),161A,0,0,1003,0,1003,0.0,0.0,1.0
13,Falakata(SC),162,0,0,1610,0,1610,0.0,0.0,1.0
13,Falakata(SC),163,0,0,1592,0,1592,0.0,0.0,1.0
13,Falakata(SC),164,0,0,1702,0,1702,0.0,0.0,1.0
13,Falakata(SC),165,0,0,918,0,918,0.0,0.0,1.0
13,Falakata(SC),165A,0,0,953,0,953,0.0,0.0,1.0
13,Falakata(SC),166,0,0,1054,0,1054,0.0,0.0,1.0
13,Falakata(SC),166A,15,0,497,0,512,0.029296875,0.0,0.970703125
13,Falakata(SC),167,0,0,813,0,813,0.0,0.0,1.0
13,Falakata(SC),168,0,0,723,0,723,0.0,0.0,1.0
13,Falakata(SC),169,0,0,598,0,598,0.0,0.0,1.0
13,Falakata(SC),169A,0,0,596,0,596,0.0,0.0,1.0
13,Falakata(SC),17,0,0,507,0,507,0.0,0.0,1.0
13,Falakata(SC),170,0,0,532,0,532,0.0,0.0,1.0
13,Falakata(SC),170A,0,0,532,0,532,0.0,0.0,1.0
13,Falakata(SC),171,0,0,479,0,479,0.0,0.0,1.0
13,Falakata(SC),171A,0,0,475,0,475,0.0,0.0,1.0
13,Falakata(SC),172,0,0,718,0,718,0.0,0.0,1.0
13,Falakata(SC),173,13,0,411,0,424,0.030660377358490566,0.0,0.9693396226415094
13,Falakata(SC),174,6,0,852,0,858,0.006993006993006993,0.0,0.993006993006993
13,Falakata(SC),175,13,0,605,0,618,0.021035598705501618,0.0,0.9789644012944984
13,Falakata(SC),176,21,0,562,0,583,0.036020583190394515,0.0,0.9639794168096055
13,Falakata(SC),176A,19,0,586,0,605,0.03140495867768595,0.0,0.968595041322314
13,Falakata(SC),177,10,0,504,0,514,0.019455252918287938,0.0,0.980544747081712
13,Falakata(SC),178,0,0,477,0,477,0.0,0.0,1.0
13,Falakata(SC),178A,4,0,490,0,494,0.008097165991902834,0.0,0.9919028340080972
13,Falakata(SC),179,19,0,688,0,707,0.026874115983026876,0.0,0.9731258840169731
13,Falakata(SC),18,0,0,577,0,577,0.0,0.0,1.0
13,Falakata(SC),180,19,0,620,0,639,0.0297339593114241,0.0,0.9702660406885759
13,Falakata(SC),181,46,0,548,0,594,0.07744107744107744,0.0,0.9225589225589226
13,Falakata(SC),181A,0,0,609,0,609,0.0,0.0,1.0
13,Falakata(SC),182,44,0,589,0,633,0.06951026856240126,0.0,0.9304897314375987
13,Falakata(SC),183,39,0,580,0,619,0.0630048465266559,0.0,0.9369951534733441
13,Falakata(SC),184,0,0,485,0,485,0.0,0.0,1.0
13,Falakata(SC),184A,0,0,393,0,393,0.0,0.0,1.0
13,Falakata(SC),185,0,0,466,0,466,0.0,0.0,1.0
13,Falakata(SC),185A,0,0,508,0,508,0.0,0.0,1.0
13,Falakata(SC),186,0,0,493,0,493,0.0,0.0,1.0
13,Falakata(SC),186A,0,0,501,0,501,0.0,0.0,1.0
13,Falakata(SC),187,0,0,815,0,815,0.0,0.0,1.0
13,Falakata(SC),188,0,0,570,0,570,0.0,0.0,1.0
13,Falakata(SC),189,0,0,806,0,806,0.0,0.0,1.0
13,Falakata(SC),18A,0,0,552,0,552,0.0,0.0,1.0
13,Falakata(SC),19,0,0,871,0,871,0.0,0.0,1.0
13,Falakata(SC),190,0,0,708,0,708,0.0,0.0,1.0
13,Falakata(SC),191,0,0,611,0,611,0.0,0.0,1.0
13,Falakata(SC),192,0,0,663,0,663,0.0,0.0,1.0
13,Falakata(SC),193,0,0,549,0,549,0.0,0.0,1.0
13,Falakata(SC),193A,0,0,453,0,453,0.0,0.0,1.0
13,Falakata(SC),194,0,0,681,0,681,0.0,0.0,1.0
13,Falakata(SC),195,0,0,571,0,571,0.0,0.0,1.0
13,Falakata(SC),195A,0,0,504,0,504,0.0,0.0,1.0
13,Falakata(SC),196,0,0,652,0,652,0.0,0.0,1.0
13,Falakata(SC),197,0,0,675,0,675,0.0,0.0,1.0
13,Falakata(SC),198,0,0,461,0,461,0.0,0.0,1.0
13,Falakata(SC),199,0,0,834,0,834,0.0,0.0,1.0
13,Falakata(SC),1A,162,0,371,0,533,0.30393996247654786,0.0,0.6960600375234521
13,Falakata(SC),2,325,0,292,0,617,0.526742301458671,0.0,0.473257698541329
13,Falakata(SC),20,0,0,568,0,568,0.0,0.0,1.0
13,Falakata(SC),200,0,0,592,0,592,0.0,0.0,1.0
13,Falakata(SC),201,0,0,607,0,607,0.0,0.0,1.0
13,Falakata(SC),202,0,0,485,0,485,0.0,0.0,1.0
13,Falakata(SC),202A,207,0,275,1,483,0.42857142857142855,0.002070393374741201,0.5693581780538303
13,Falakata(SC),203,244,0,266,1,511,0.4774951076320939,0.0019569471624266144,0.5205479452054794
13,Falakata(SC),203A,212,0,276,4,492,0.43089430894308944,0.008130081300813009,0.5609756097560976
13,Falakata(SC),204,504,0,415,6,925,0.5448648648648649,0.006486486486486486,0.4486486486486487
13,Falakata(SC),205,409,0,377,3,789,0.5183776932826363,0.0038022813688212928,0.47782002534854245
13,Falakata(SC),206,197,0,230,0,427,0.4613583138173302,0.0,0.5386416861826698
13,Falakata(SC),207,336,0,487,3,826,0.4067796610169492,0.0036319612590799033,0.589588377723971
13,Falakata(SC),208,179,0,436,1,616,0.2905844155844156,0.0016233766233766235,0.7077922077922078
13,Falakata(SC),209,158,0,305,0,463,0.3412526997840173,0.0,0.6587473002159827
13,Falakata(SC),21,0,0,493,0,493,0.0,0.0,1.0
13,Falakata(SC),210,340,0,382,1,723,0.4702627939142462,0.0013831258644536654,0.5283540802213001
13,Falakata(SC),211,220,0,368,2,590,0.3728813559322034,0.003389830508474576,0.6237288135593221
13,Falakata(SC),212,313,0,392,2,707,0.44271570014144274,0.002828854314002829,0.5544554455445545
13,Falakata(SC),213,497,0,394,4,895,0.5553072625698324,0.004469273743016759,0.4402234636871508
13,Falakata(SC),214,258,0,382,2,642,0.40186915887850466,0.003115264797507788,0.5950155763239875
13,Falakata(SC),215,263,0,367,3,633,0.4154818325434439,0.004739336492890996,0.5797788309636651
13,Falakata(SC),216,166,0,270,3,439,0.37813211845102507,0.00683371298405467,0.6150341685649203
13,Falakata(SC),217,261,0,449,4,714,0.36554621848739494,0.0056022408963585435,0.6288515406162465
13,Falakata(SC),218,204,0,326,7,537,0.37988826815642457,0.01303538175046555,0.6070763500931099
13,Falakata(SC),218A,190,0,310,1,501,0.37924151696606784,0.001996007984031936,0.6187624750499002
13,Falakata(SC),219,411,0,394,6,811,0.5067817509247842,0.007398273736128237,0.48581997533908755
13,Falakata(SC),21A,0,0,525,0,525,0.0,0.0,1.0
13,Falakata(SC),22,0,0,473,0,473,0.0,0.0,1.0
13,Falakata(SC),220,157,0,330,1,488,0.32172131147540983,0.0020491803278688526,0.6762295081967213
13,Falakata(SC),220A,188,0,296,0,484,0.3884297520661157,0.0,0.6115702479338843
13,Falakata(SC),221,270,0,230,2,502,0.5378486055776892,0.00398406374501992,0.4581673306772908
13,Falakata(SC),22A,0,0,467,0,467,0.0,0.0,1.0
13,Falakata(SC),23,0,0,567,0,567,0.0,0.0,1.0
13,Falakata(SC),237,233,0,107,460,800,0.29125,0.575,0.13375
13,Falakata(SC),238,304,0,59,220,583,0.5214408233276158,0.37735849056603776,0.10120068610634649
13,Falakata(SC),238A,260,0,66,215,541,0.4805914972273567,0.3974121996303142,0.12199630314232902
13,Falakata(SC),239,302,0,42,171,515,0.5864077669902913,0.3320388349514563,0.08155339805825243
13,Falakata(SC),23A,0,0,586,0,586,0.0,0.0,1.0
13,Falakata(SC),24,0,0,491,0,491,0.0,0.0,1.0
13,Falakata(SC),240,352,0,48,219,619,0.568659127625202,0.35379644588045234,0.07754442649434572
13,Falakata(SC),241,15,0,74,424,513,0.029239766081871343,0.8265107212475633,0.1442495126705653
13,Falakata(SC),241A,230,0,35,241,506,0.45454545454545453,0.4762845849802372,0.0691699604743083
13,Falakata(SC),242,427,0,55,230,712,0.5997191011235955,0.32303370786516855,0.07724719101123595
13,Falakata(SC),243,467,0,47,370,884,0.5282805429864253,0.41855203619909503,0.053167420814479636
13,Falakata(SC),244,271,0,60,323,654,0.41437308868501527,0.4938837920489297,0.09174311926605505
13,Falakata(SC),245,331,0,47,186,564,0.5868794326241135,0.32978723404255317,0.08333333333333333
13,Falakata(SC),245A,303,0,42,193,538,0.5631970260223048,0.3587360594795539,0.07806691449814127
13,Falakata(SC),246,451,0,54,205,710,0.6352112676056338,0.2887323943661972,0.07605633802816901
13,Falakata(SC),247,236,0,38,173,447,0.5279642058165548,0.3870246085011186,0.08501118568232663
13,Falakata(SC),247A,217,0,42,189,448,0.484375,0.421875,0.09375
13,Falakata(SC),248,301,0,65,206,572,0.5262237762237763,0.36013986013986016,0.11363636363636363
13,Falakata(SC),249,343,0,61,196,600,0.5716666666666667,0.32666666666666666,0.10166666666666667
13,Falakata(SC),24A,0,0,505,0,505,0.0,0.0,1.0
13,Falakata(SC),25,0,0,779,0,779,0.0,0.0,1.0
13,Falakata(SC),250,367,0,36,154,557,0.6588868940754039,0.2764811490125673,0.06463195691202872
13,Falakata(SC),250A,361,0,44,143,548,0.6587591240875912,0.26094890510948904,0.08029197080291971
13,Falakata(SC),251,276,0,38,196,510,0.5411764705882353,0.3843137254901961,0.07450980392156863
13,Falakata(SC),251A,280,0,32,189,501,0.5588822355289421,0.3772455089820359,0.06387225548902195
13,Falakata(SC),252,260,0,23,189,472,0.5508474576271186,0.4004237288135593,0.048728813559322036
13,Falakata(SC),252A,274,0,26,152,452,0.6061946902654868,0.336283185840708,0.05752212389380531
13,Falakata(SC),253,352,0,70,187,609,0.5779967159277504,0.3070607553366174,0.11494252873563218
13,Falakata(SC),254,471,0,50,260,781,0.6030729833546735,0.33290653008962867,0.06402048655569782
13,Falakata(SC),255,266,0,10,258,534,0.49812734082397003,0.48314606741573035,0.018726591760299626
13,Falakata(SC),256,286,0,23,215,524,0.5458015267175572,0.41030534351145037,0.04389312977099236
13,Falakata(SC),256A,311,0,20,161,492,0.6321138211382114,0.32723577235772355,0.04065040650406504
13,Falakata(SC),257,436,0,91,175,702,0.6210826210826211,0.2492877492877493,0.12962962962962962
13,Falakata(SC),258,409,0,91,174,674,0.6068249258160238,0.258160237388724,0.13501483679525222
13,Falakata(SC),259,471,0,125,145,741,0.6356275303643725,0.19568151147098514,0.16869095816464239
13,Falakata(SC),26,0,0,560,0,560,0.0,0.0,1.0
13,Falakata(SC),260,307,0,263,71,641,0.4789391575663027,0.11076443057722309,0.41029641185647425
13,Falakata(SC),261,369,0,47,242,658,0.560790273556231,0.3677811550151976,0.07142857142857142
13,Falakata(SC),262,403,0,28,206,637,0.6326530612244898,0.32339089481946626,0.04395604395604396
13,Falakata(SC),263,474,0,56,322,852,0.5563380281690141,0.3779342723004695,0.06572769953051644
13,Falakata(SC),264,464,0,63,283,810,0.5728395061728395,0.3493827160493827,0.07777777777777778
13,Falakata(SC),265,46,0,43,574,663,0.0693815987933635,0.8657616892911011,0.06485671191553545
13,Falakata(SC),265A,170,0,46,330,546,0.31135531135531136,0.6043956043956044,0.08424908424908426
13,Falakata(SC),266,505,0,35,273,813,0.6211562115621156,0.33579335793357934,0.04305043050430504
13,Falakata(SC),27,0,0,721,0,721,0.0,0.0,1.0
13,Falakata(SC),28,0,0,648,0,648,0.0,0.0,1.0
13,Falakata(SC),282,0,0,535,0,535,0.0,0.0,1.0
13,Falakata(SC),283,0,0,491,0,491,0.0,0.0,1.0
13,Falakata(SC),284,0,0,607,0,607,0.0,0.0,1.0
13,Falakata(SC),285,0,0,514,0,514,0.0,0.0,1.0
13,Falakata(SC),286,0,0,829,0,829,0.0,0.0,1.0
13,Falakata(SC),287,0,0,880,0,880,0.0,0.0,1.0
13,Falakata(SC),288,0,0,560,0,560,0.0,0.0,1.0
13,Falakata(SC),289,0,0,452,0,452,0.0,0.0,1.0
13,Falakata(SC),29,0,0,688,0,688,0.0,0.0,1.0
13,Falakata(SC),290,0,0,496,0,496,0.0,0.0,1.0
13,Falakata(SC),291,0,0,451,0,451,0.0,0.0,1.0
13,Falakata(SC),292,0,0,544,0,544,0.0,0.0,1.0
13,Falakata(SC),293,0,0,504,0,504,0.0,0.0,1.0
13,Falakata(SC),294,0,0,552,0,552,0.0,0.0,1.0
13,Falakata(SC),295,0,0,508,0,508,0.0,0.0,1.0
13,Falakata(SC),296,0,0,669,0,669,0.0,0.0,1.0
13,Falakata(SC),297,0,0,593,0,593,0.0,0.0,1.0
13,Falakata(SC),298,0,0,548,0,548,0.0,0.0,1.0
13,Falakata(SC),299,0,0,526,0,526,0.0,0.0,1.0
13,Falakata(SC),2A,118,0,371,0,489,0.24130879345603273,0.0,0.7586912065439673
13,Falakata(SC),3,437,0,280,0,717,0.6094839609483961,0.0,0.3905160390516039
13,Falakata(SC),30,0,0,697,0,697,0.0,0.0,1.0
13,Falakata(SC),300,0,0,556,0,556,0.0,0.0,1.0
13,Falakata(SC),301,0,0,755,0,755,0.0,0.0,1.0
13,Falakata(SC),302,0,0,801,0,801,0.0,0.0,1.0
13,Falakata(SC),303,0,0,644,0,644,0.0,0.0,1.0
13,Falakata(SC),304,0,0,542,0,542,0.0,0.0,1.0
13,Falakata(SC),305,0,0,512,0,512,0.0,0.0,1.0
13,Falakata(SC),31,0,0,666,0,666,0.0,0.0,1.0
13,Falakata(SC),32,0,0,609,0,609,0.0,0.0,1.0
13,Falakata(SC),33,0,0,676,0,676,0.0,0.0,1.0
13,Falakata(SC),34,0,0,638,0,638,0.0,0.0,1.0
13,Falakata(SC),35,0,0,444,0,444,0.0,0.0,1.0
13,Falakata(SC),35A,0,0,439,0,439,0.0,0.0,1.0
13,Falakata(SC),36,0,0,815,0,815,0.0,0.0,1.0
13,Falakata(SC),37,0,0,554,0,554,0.0,0.0,1.0
13,Falakata(SC),37A,0,0,466,0,466,0.0,0.0,1.0
13,Falakata(SC),38,0,0,711,0,711,0.0,0.0,1.0
13,Falakata(SC),39,0,0,881,0,881,0.0,0.0,1.0
13,Falakata(SC),4,223,0,348,0,571,0.3905429071803853,0.0,0.6094570928196147
13,Falakata(SC),40,0,0,424,0,424,0.0,0.0,1.0
13,Falakata(SC),40A,0,0,440,0,440,0.0,0.0,1.0
13,Falakata(SC),41,0,0,774,0,774,0.0,0.0,1.0
13,Falakata(SC),42,0,0,895,0,895,0.0,0.0,1.0
13,Falakata(SC),43,0,0,534,0,534,0.0,0.0,1.0
13,Falakata(SC),43A,0,0,476,0,476,0.0,0.0,1.0
13,Falakata(SC),44,0,0,768,0,768,0.0,0.0,1.0
13,Falakata(SC),48,0,0,845,0,845,0.0,0.0,1.0
13,Falakata(SC),49,0,0,460,0,460,0.0,0.0,1.0
13,Falakata(SC),49A,0,0,473,0,473,0.0,0.0,1.0
13,Falakata(SC),4A,183,0,377,0,560,0.3267857142857143,0.0,0.6732142857142858
13,Falakata(SC),5,229,0,306,0,535,0.4280373831775701,0.0,0.5719626168224299
13,Falakata(SC),50,0,0,800,0,800,0.0,0.0,1.0
13,Falakata(SC),51,0,0,845,0,845,0.0,0.0,1.0
13,Falakata(SC),52,0,0,741,0,741,0.0,0.0,1.0
13,Falakata(SC),53,0,0,600,0,600,0.0,0.0,1.0
13,Falakata(SC),54,0,0,560,0,560,0.0,0.0,1.0
13,Falakata(SC),54A,0,0,570,0,570,0.0,0.0,1.0
13,Falakata(SC),55,0,0,560,0,560,0.0,0.0,1.0
13,Falakata(SC),56,0,0,657,0,657,0.0,0.0,1.0
13,Falakata(SC),57,0,0,712,0,712,0.0,0.0,1.0
13,Falakata(SC),58,0,0,759,0,759,0.0,0.0,1.0
13,Falakata(SC),59,0,0,882,0,882,0.0,0.0,1.0
13,Falakata(SC),5A,160,0,355,0,515,0.3106796116504854,0.0,0.6893203883495146
13,Falakata(SC),6,395,0,506,0,901,0.4384017758046615,0.0,0.5615982241953386
13,Falakata(SC),60,0,0,637,0,637,0.0,0.0,1.0
13,Falakata(SC),61,0,0,633,0,633,0.0,0.0,1.0
13,Falakata(SC),62,0,0,723,0,723,0.0,0.0,1.0
13,Falakata(SC),63,0,0,657,0,657,0.0,0.0,1.0
13,Falakata(SC),64,0,0,665,0,665,0.0,0.0,1.0
13,Falakata(SC),65,0,0,825,0,825,0.0,0.0,1.0
13,Falakata(SC),66,0,0,643,0,643,0.0,0.0,1.0
13,Falakata(SC),67,0,0,485,0,485,0.0,0.0,1.0
13,Falakata(SC),67A,0,0,467,0,467,0.0,0.0,1.0
13,Falakata(SC),68,0,0,569,0,569,0.0,0.0,1.0
13,Falakata(SC),7,382,0,388,0,770,0.4961038961038961,0.0,0.5038961038961038
13,Falakata(SC),71,0,0,613,0,613,0.0,0.0,1.0
13,Falakata(SC),71A,0,0,611,0,611,0.0,0.0,1.0
13,Falakata(SC),72,0,0,555,0,555,0.0,0.0,1.0
13,Falakata(SC),72A,0,0,551,0,551,0.0,0.0,1.0
13,Falakata(SC),73,0,0,483,0,483,0.0,0.0,1.0
13,Falakata(SC),73A,0,0,501,0,501,0.0,0.0,1.0
13,Falakata(SC),74,0,0,616,0,616,0.0,0.0,1.0
13,Falakata(SC),75,0,0,706,0,706,0.0,0.0,1.0
13,Falakata(SC),76,0,0,481,0,481,0.0,0.0,1.0
13,Falakata(SC),76A,0,0,461,0,461,0.0,0.0,1.0
13,Falakata(SC),77,0,0,873,0,873,0.0,0.0,1.0
13,Falakata(SC),78,0,0,668,0,668,0.0,0.0,1.0
13,Falakata(SC),79,0,0,614,0,614,0.0,0.0,1.0
13,Falakata(SC),8,175,0,422,0,597,0.2931323283082077,0.0,0.7068676716917923
13,Falakata(SC),80,0,0,633,0,633,0.0,0.0,1.0
13,Falakata(SC),81,0,0,523,0,523,0.0,0.0,1.0
13,Falakata(SC),81A,0,0,556,0,556,0.0,0.0,1.0
13,Falakata(SC),82,0,0,576,0,576,0.0,0.0,1.0
13,Falakata(SC),82A,0,0,549,0,549,0.0,0.0,1.0
13,Falakata(SC),83,0,0,776,0,776,0.0,0.0,1.0
13,Falakata(SC),84,0,0,560,0,560,0.0,0.0,1.0
13,Falakata(SC),85,0,0,807,0,807,0.0,0.0,1.0
13,Falakata(SC),86,0,0,519,0,519,0.0,0.0,1.0
13,Falakata(SC),87,0,0,792,0,792,0.0,0.0,1.0
13,Falakata(SC),88,0,0,789,0,789,0.0,0.0,1.0
13,Falakata(SC),89,0,0,809,0,809,0.0,0.0,1.0
13,Falakata(SC),8A,177,0,419,0,596,0.29697986577181207,0.0,0.7030201342281879
13,Falakata(SC),9,220,0,635,0,855,0.2573099415204678,0.0,0.7426900584795322
13,Falakata(SC),90,0,0,608,0,608,0.0,0.0,1.0
13,Falakata(SC),90A,0,0,631,0,631,0.0,0.0,1.0
13,Falakata(SC),91,0,0,470,0,470,0.0,0.0,1.0
13,Falakata(SC),91A,0,0,499,0,499,0.0,0.0,1.0
13,Falakata(SC),92,0,0,908,0,908,0.0,0.0,1.0
13,Falakata(SC),93,0,0,739,0,739,0.0,0.0,1.0
13,Falakata(SC),94,0,0,918,0,918,0.0,0.0,1.0
13,Falakata(SC),95,0,0,828,0,828,0.0,0.0,1.0
13,Falakata(SC),96,0,0,710,0,710,0.0,0.0,1.0
13,Falakata(SC),97,0,0,435,0,435,0.0,0.0,1.0
13,Falakata(SC),97A,0,0,477,0,477,0.0,0.0,1.0
13,Falakata(SC),98,0,0,446,0,446,0.0,0.0,1.0
13,Falakata(SC),98A,0,0,465,0,465,0.0,0.0,1.0
13,Falakata(SC),99,0,0,709,0,709,0.0,0.0,1.0
14,,10,0,0,490,0,490,0.0,0.0,1.0
14,,100,0,0,9,0,9,0.0,0.0,1.0
14,,101,0,0,85,0,85,0.0,0.0,1.0
14,,102,0,0,89,0,89,0.0,0.0,1.0
14,,103,0,0,88,0,88,0.0,0.0,1.0
14,,104,0,0,89,0,89,0.0,0.0,1.0
14,,105,0,0,101,0,101,0.0,0.0,1.0
14,,106,0,0,94,0,94,0.0,0.0,1.0
14,,107,0,0,92,0,92,0.0,0.0,1.0
14,,108,0,0,96,0,96,0.0,0.0,1.0
14,,109,0,0,8,0,8,0.0,0.0,1.0
14,,11,0,0,691,0,691,0.0,0.0,1.0
14,,110,0,0,112,0,112,0.0,0.0,1.0
14,,111,0,0,93,0,93,0.0,0.0,1.0
14,,112,0,0,95,0,95,0.0,0.0,1.0
14,,113,0,0,1,0,1,0.0,0.0,1.0
14,,114,0,0,108,0,108,0.0,0.0,1.0
14,,115,0,0,98,0,98,0.0,0.0,1.0
14,,116,0,0,102,0,102,0.0,0.0,1.0
14,,117,0,0,8,0,8,0.0,0.0,1.0
14,,118,0,0,99,0,99,0.0,0.0,1.0
14,,119,0,0,98,0,98,0.0,0.0,1.0
14,,12,0,0,776,0,776,0.0,0.0,1.0
14,,13,0,0,452,0,452,0.0,0.0,1.0
14,,13(A),0,0,432,0,432,0.0,0.0,1.0
14,,14,0,0,355,0,355,0.0,0.0,1.0
14,,14(A),0,0,374,0,374,0.0,0.0,1.0
14,,145,0,0,656,0,656,0.0,0.0,1.0
14,,146,0,0,526,0,526,0.0,0.0,1.0
14,,147,0,0,848,0,848,0.0,0.0,1.0
14,,148,0,0,680,0,680,0.0,0.0,1.0
14,,149,0,0,825,0,825,0.0,0.0,1.0
14,,15,0,0,452,0,452,0.0,0.0,1.0
14,,15(A),0,0,455,0,455,0.0,0.0,1.0
14,,150,0,0,497,0,497,0.0,0.0,1.0
14,,151,0,0,508,0,508,0.0,0.0,1.0
14,,152,0,0,692,0,692,0.0,0.0,1.0
14,,153,0,0,511,0,511,0.0,0.0,1.0
14,,154,0,0,790,0,790,0.0,0.0,1.0
14,,155,0,0,529,0,529,0.0,0.0,1.0
14,,156,0,0,330,0,330,0.0,0.0,1.0
14,,157,0,0,499,0,499,0.0,0.0,1.0
14,,158,0,0,606,0,606,0.0,0.0,1.0
14,,159,0,0,491,0,491,0.0,0.0,1.0
14,,16,0,0,698,0,698,0.0,0.0,1.0
14,,160,0,0,620,0,620,0.0,0.0,1.0
14,,161,0,0,648,0,648,0.0,0.0,1.0
14,,162,0,0,783,0,783,0.0,0.0,1.0
14,,163,0,0,656,0,656,0.0,0.0,1.0
14,,164,0,0,682,0,682,0.0,0.0,1.0
14,,165,0,0,693,0,693,0.0,0.0,1.0
14,,166,0,0,619,0,619,0.0,0.0,1.0
14,,167,0,0,688,0,688,0.0,0.0,1.0
14,,17,0,0,444,0,444,0.0,0.0,1.0
14,,17(A),0,0,445,0,445,0.0,0.0,1.0
14,,18,0,0,785,0,785,0.0,0.0,1.0
14,,193,0,0,617,0,617,0.0,0.0,1.0
14,,194,0,0,369,0,369,0.0,0.0,1.0
14,,195,0,0,735,0,735,0.0,0.0,1.0
14,,196,0,0,557,0,557,0.0,0.0,1.0
14,,197,0,0,823,0,823,0.0,0.0,1.0
14,,198,0,0,740,0,740,0.0,0.0,1.0
14,,199,0,0,846,0,846,0.0,0.0,1.0
14,,2,0,0,535,0,535,0.0,0.0,1.0
14,,2(A),0,0,1098,0,1098,0.0,0.0,1.0
14,,200,0,0,814,0,814,0.0,0.0,1.0
14,,201,0,0,651,0,651,0.0,0.0,1.0
14,,202,0,0,514,0,514,0.0,0.0,1.0
14,,203,0,0,925,0,925,0.0,0.0,1.0
14,,204,0,0,588,0,588,0.0,0.0,1.0
14,,205,0,0,696,0,696,0.0,0.0,1.0
14,,206,0,0,774,0,774,0.0,0.0,1.0
14,,207,0,0,439,0,439,0.0,0.0,1.0
14,,208,0,0,612,0,612,0.0,0.0,1.0
14,,209,0,0,921,0,921,0.0,0.0,1.0
14,,210,0,0,536,0,536,0.0,0.0,1.0
14,,211,0,0,639,0,639,0.0,0.0,1.0
14,,212,0,0,842,0,842,0.0,0.0,1.0
14,,213,0,0,785,0,785,0.0,0.0,1.0
14,,214,0,0,923,0,923,0.0,0.0,1.0
14,,215,0,0,633,0,633,0.0,0.0,1.0
14,,241,0,0,444,0,444,0.0,0.0,1.0
14,,242,0,0,493,0,493,0.0,0.0,1.0
14,,243,0,0,341,0,341,0.0,0.0,1.0
14,,244,0,0,416,0,416,0.0,0.0,1.0
14,,245,0,0,431,0,431,0.0,0.0,1.0
14,,246,0,0,429,0,429,0.0,0.0,1.0
14,,247,0,0,705,0,705,0.0,0.0,1.0
14,,248,0,0,474,0,474,0.0,0.0,1.0
14,,249,0,0,629,0,629,0.0,0.0,1.0
14,,250,0,0,597,0,597,0.0,0.0,1.0
14,,251,0,0,675,0,675,0.0,0.0,1.0
14,,252,0,0,596,0,596,0.0,0.0,1.0
14,,253,0,0,447,0,447,0.0,0.0,1.0
14,,254,0,0,561,0,561,0.0,0.0,1.0
14,,255,0,0,515,0,515,0.0,0.0,1.0
14,,256,0,0,501,0,501,0.0,0.0,1.0
14,,257,0,0,519,0,519,0.0,0.0,1.0
14,,258,0,0,561,0,561,0.0,0.0,1.0
14,,259,0,0,655,0,655,0.0,0.0,1.0
14,,260,0,0,507,0,507,0.0,0.0,1.0
14,,261,0,0,518,0,518,0.0,0.0,1.0
14,,262,0,0,550,0,550,0.0,0.0,1.0
14,,263,0,0,440,0,440,0.0,0.0,1.0
14,,292,0,0,268,0,268,0.0,0.0,1.0
14,,293,0,0,331,0,331,0.0,0.0,1.0
14,,294,0,0,215,0,215,0.0,0.0,1.0
14,,295,0,0,405,0,405,0.0,0.0,1.0
14,,296,0,0,285,0,285,0.0,0.0,1.0
14,,297,0,0,484,0,484,0.0,0.0,1.0
14,,298,0,0,307,0,307,0.0,0.0,1.0
14,,3,0,0,590,0,590,0.0,0.0,1.0
14,,4,0,0,431,0,431,0.0,0.0,1.0
14,,4(A),0,0,449,0,449,0.0,0.0,1.0
14,,5,0,0,628,0,628,0.0,0.0,1.0
14,,6,0,0,340,0,340,0.0,0.0,1.0
14,,7,0,0,736,0,736,0.0,0.0,1.0
14,,73,0,0,398,0,398,0.0,0.0,1.0
14,,74,0,0,296,0,296,0.0,0.0,1.0
14,,75,0,0,253,0,253,0.0,0.0,1.0
14,,76,0,0,258,0,258,0.0,0.0,1.0
14,,77,0,0,237,0,237,0.0,0.0,1.0
14,,78,0,0,270,0,270,0.0,0.0,1.0
14,,79,0,0,204,0,204,0.0,0.0,1.0
14,,8,0,0,685,0,685,0.0,0.0,1.0
14,,80,0,0,380,0,380,0.0,0.0,1.0
14,,81,0,0,263,0,263,0.0,0.0,1.0
14,,82,0,0,276,0,276,0.0,0.0,1.0
14,,83,0,0,290,0,290,0.0,0.0,1.0
14,,84,0,0,268,0,268,0.0,0.0,1.0
14,,85,0,0,363,0,363,0.0,0.0,1.0
14,,86,0,0,267,0,267,0.0,0.0,1.0
14,,87,0,0,658,0,658,0.0,0.0,1.0
14,,88,0,0,540,0,540,0.0,0.0,1.0
14,,89,0,0,360,0,360,0.0,0.0,1.0
14,,9,0,0,729,0,729,0.0,0.0,1.0
14,,90,0,0,458,0,458,0.0,0.0,1.0
14,,91,0,0,236,0,236,0.0,0.0,1.0
14,,92,0,0,539,0,539,0.0,0.0,1.0
14,,93,0,0,537,0,537,0.0,0.0,1.0
14,,94,0,0,555,0,555,0.0,0.0,1.0
14,,95,0,0,528,0,528,0.0,0.0,1.0
14,,97,0,0,87,0,87,0.0,0.0,1.0
14,,98,0,0,82,0,82,0.0,0.0,1.0
14,,99,0,0,88,0,88,0.0,0.0,1.0
15,,1,0,0,414,83,497,0.0,0.16700201207243462,0.8329979879275654
15,,10,0,0,432,124,556,0.0,0.22302158273381295,0.7769784172661871
15,,10A,0,0,366,160,526,0.0,0.3041825095057034,0.6958174904942965
15,,11,0,0,321,114,435,0.0,0.2620689655172414,0.7379310344827587
15,,11A,0,0,258,81,339,0.0,0.23893805309734514,0.7610619469026548
15,,12,0,0,255,159,414,0.0,0.38405797101449274,0.6159420289855072
15,,127A,0,0,783,4,787,0.0,0.005082592121982211,0.9949174078780177
15,,128,0,0,722,3,725,0.0,0.004137931034482759,0.9958620689655172
15,,129,0,0,527,3,530,0.0,0.005660377358490566,0.9943396226415094
15,,12A,0,0,259,266,525,0.0,0.5066666666666667,0.49333333333333335
15,,13,0,0,317,138,455,0.0,0.3032967032967033,0.6967032967032967
15,,130,0,0,624,1,625,0.0,0.0016,0.9984
15,,130A,0,0,558,1,559,0.0,0.0017889087656529517,0.998211091234347
15,,131,0,0,682,2,684,0.0,0.0029239766081871343,0.9970760233918129
15,,131A,0,0,704,5,709,0.0,0.007052186177715092,0.9929478138222849
15,,132,0,0,901,3,904,0.0,0.00331858407079646,0.9966814159292036
15,,133,0,0,559,2,561,0.0,0.0035650623885918,0.9964349376114082
15,,134,0,0,463,2,465,0.0,0.004301075268817204,0.9956989247311828
15,,134A,0,0,258,4,262,0.0,0.015267175572519083,0.9847328244274809
15,,135,0,0,649,1,650,0.0,0.0015384615384615385,0.9984615384615385
15,,136,0,0,785,2,787,0.0,0.0025412960609911056,0.9974587039390089
15,,137,0,0,671,3,674,0.0,0.004451038575667656,0.9955489614243324
15,,137A,0,0,365,2,367,0.0,0.005449591280653951,0.9945504087193461
15,,138,0,0,635,3,638,0.0,0.004702194357366771,0.9952978056426333
15,,138A,0,0,449,0,449,0.0,0.0,1.0
15,,139,0,0,522,2,524,0.0,0.003816793893129771,0.9961832061068703
15,,139A,0,0,540,0,540,0.0,0.0,1.0
15,,13A,0,0,258,104,362,0.0,0.287292817679558,0.712707182320442
15,,14,0,0,303,199,502,0.0,0.39641434262948205,0.603585657370518
15,,140,0,0,712,7,719,0.0,0.009735744089012517,0.9902642559109874
15,,141,0,0,552,2,554,0.0,0.0036101083032490976,0.9963898916967509
15,,141A,0,0,478,4,482,0.0,0.008298755186721992,0.991701244813278
15,,142,0,0,550,1,551,0.0,0.0018148820326678765,0.9981851179673321
15,,142A,0,0,588,2,590,0.0,0.003389830508474576,0.9966101694915255
15,,143,0,0,533,3,536,0.0,0.005597014925373134,0.9944029850746269
15,,144,0,0,998,6,1004,0.0,0.00597609561752988,0.9940239043824701
15,,145,0,0,580,5,585,0.0,0.008547008547008548,0.9914529914529915
15,,14A,0,0,181,138,319,0.0,0.43260188087774293,0.567398119122257
15,,183A,0,0,353,0,353,0.0,0.0,1.0
15,,184,0,0,830,0,830,0.0,0.0,1.0
15,,185,0,0,532,0,532,0.0,0.0,1.0
15,,186,0,0,888,0,888,0.0,0.0,1.0
15,,187,0,0,858,0,858,0.0,0.0,1.0
15,,188,0,0,671,0,671,0.0,0.0,1.0
15,,188A,0,0,613,0,613,0.0,0.0,1.0
15,,189,0,0,610,0,610,0.0,0.0,1.0
15,,189A,0,0,529,0,529,0.0,0.0,1.0
15,,190,0,0,453,0,453,0.0,0.0,1.0
15,,191,0,0,850,0,850,0.0,0.0,1.0
15,,192,0,0,641,0,641,0.0,0.0,1.0
15,,192A,0,0,293,0,293,0.0,0.0,1.0
15,,193,0,0,510,0,510,0.0,0.0,1.0
15,,193A,0,0,435,0,435,0.0,0.0,1.0
15,,194,0,0,524,0,524,0.0,0.0,1.0
15,,194A,0,0,436,0,436,0.0,0.0,1.0
15,,195,0,0,638,0,638,0.0,0.0,1.0
15,,196,0,0,388,0,388,0.0,0.0,1.0
15,,197,0,0,838,0,838,0.0,0.0,1.0
15,,198,0,0,760,0,760,0.0,0.0,1.0
15,,199,0,0,873,0,873,0.0,0.0,1.0
15,,1A,0,0,310,179,489,0.0,0.3660531697341513,0.6339468302658486
15,,2,0,0,562,136,698,0.0,0.19484240687679083,0.8051575931232091
15,,200,0,0,522,0,522,0.0,0.0,1.0
15,,200A,0,0,451,0,451,0.0,0.0,1.0
15,,201,0,0,573,0,573,0.0,0.0,1.0
15,,202,0,0,585,0,585,0.0,0.0,1.0
15,,237,0,0,460,3,463,0.0,0.0064794816414686825,0.9935205183585313
15,,238,0,0,632,2,634,0.0,0.0031545741324921135,0.9968454258675079
15,,239,0,0,528,11,539,0.0,0.02040816326530612,0.9795918367346939
15,,240,0,0,973,3,976,0.0,0.0030737704918032786,0.9969262295081968
15,,241,0,0,862,4,866,0.0,0.004618937644341801,0.9953810623556582
15,,242,0,0,763,3,766,0.0,0.0039164490861618795,0.9960835509138382
15,,243,0,0,377,11,388,0.0,0.028350515463917526,0.9716494845360825
15,,244,0,0,660,7,667,0.0,0.010494752623688156,0.9895052473763118
15,,245,0,0,581,4,585,0.0,0.006837606837606838,0.9931623931623932
15,,246,0,0,876,19,895,0.0,0.021229050279329607,0.9787709497206704
15,,247,0,0,1035,13,1048,0.0,0.012404580152671756,0.9875954198473282
15,,248,0,0,1078,7,1085,0.0,0.0064516129032258064,0.9935483870967742
15,,249,0,0,736,7,743,0.0,0.009421265141318977,0.990578734858681
15,,250,0,0,547,9,556,0.0,0.01618705035971223,0.9838129496402878
15,,251,0,0,1032,10,1042,0.0,0.009596928982725527,0.9904030710172744
15,,252,0,0,597,3,600,0.0,0.005,0.995
15,,253,0,0,475,6,481,0.0,0.012474012474012475,0.9875259875259875
15,,254,0,0,851,3,854,0.0,0.00351288056206089,0.9964871194379391
15,,255,0,0,896,3,899,0.0,0.0033370411568409346,0.996662958843159
15,,256,0,0,686,6,692,0.0,0.008670520231213872,0.9913294797687862
15,,257,0,0,440,2,442,0.0,0.004524886877828055,0.995475113122172
15,,258,0,0,871,5,876,0.0,0.005707762557077625,0.9942922374429224
15,,259,0,0,820,7,827,0.0,0.008464328899637243,0.9915356711003628
15,,260,0,0,939,10,949,0.0,0.01053740779768177,0.9894625922023182
15,,261,0,0,651,5,656,0.0,0.007621951219512195,0.9923780487804879
15,,262,0,0,370,0,370,0.0,0.0,1.0
15,,263,0,0,982,6,988,0.0,0.006072874493927126,0.9939271255060729
15,,3,0,0,421,216,637,0.0,0.3390894819466248,0.6609105180533752
15,,318,0,0,1944,12,1956,0.0,0.006134969325153374,0.9938650306748467
15,,319,0,0,1882,1,1883,0.0,0.0005310674455655868,0.9994689325544344
15,,320,0,0,1526,1,1527,0.0,0.0006548788474132286,0.9993451211525868
15,,321,0,0,1888,4,1892,0.0,0.0021141649048625794,0.9978858350951374
15,,322,0,0,1696,3,1699,0.0,0.0017657445556209534,0.998234255444379
15,,323,0,0,1883,2,1885,0.0,0.0010610079575596816,0.9989389920424403
15,,324,0,0,1537,1,1538,0.0,0.0006501950585175553,0.9993498049414824
15,,325,0,0,1643,5,1648,0.0,0.003033980582524272,0.9969660194174758
15,,326,0,0,1611,3,1614,0.0,0.0018587360594795538,0.9981412639405205
15,,327,0,0,1413,5,1418,0.0,0.003526093088857546,0.9964739069111425
15,,328,0,0,1864,3,1867,0.0,0.0016068559185859668,0.998393144081414
15,,329,0,0,1710,1,1711,0.0,0.0005844535359438924,0.9994155464640561
15,,330,0,0,1873,0,1873,0.0,0.0,1.0
15,,331,0,0,1860,1,1861,0.0,0.0005373455131649651,0.999462654486835
15,,332,0,0,1865,7,1872,0.0,0.0037393162393162395,0.9962606837606838
15,,333,0,0,1158,7,1165,0.0,0.006008583690987125,0.9939914163090129
15,,334,0,0,1400,1,1401,0.0,0.0007137758743754461,0.9992862241256245
15,,335,0,0,1487,4,1491,0.0,0.0026827632461435278,0.9973172367538564
15,,336,0,0,1688,4,1692,0.0,0.002364066193853428,0.9976359338061466
15,,337,0,0,1357,5,1362,0.0,0.003671071953010279,0.9963289280469897
15,,338,0,0,1095,2,1097,0.0,0.0018231540565177757,0.9981768459434822
15,,339,0,0,1335,3,1338,0.0,0.002242152466367713,0.9977578475336323
15,,340,0,0,1117,1,1118,0.0,0.0008944543828264759,0.9991055456171736
15,,341,0,0,1328,3,1331,0.0,0.002253944402704733,0.9977460555972952
15,,342,0,0,1144,6,1150,0.0,0.0052173913043478265,0.9947826086956522
15,,343,0,0,1386,3,1389,0.0,0.0021598272138228943,0.9978401727861771
15,,345,0,0,464,305,769,0.0,0.3966189856957087,0.6033810143042913
15,,346,0,0,218,289,507,0.0,0.5700197238658777,0.42998027613412226
15,,347,0,0,445,327,772,0.0,0.42357512953367876,0.5764248704663213
15,,348,0,0,309,300,609,0.0,0.49261083743842365,0.5073891625615764
15,,349,0,0,535,331,866,0.0,0.38221709006928406,0.6177829099307159
15,,350,0,0,532,234,766,0.0,0.30548302872062666,0.6945169712793734
15,,351,0,0,477,257,734,0.0,0.35013623978201636,0.6498637602179836
15,,352,0,0,451,379,830,0.0,0.4566265060240964,0.5433734939759036
15,,353,0,0,611,203,814,0.0,0.2493857493857494,0.7506142506142506
15,,354,0,0,651,488,1139,0.0,0.42844600526777876,0.5715539947322212
15,,355,0,0,505,243,748,0.0,0.32486631016042783,0.6751336898395722
15,,356,0,0,430,311,741,0.0,0.41970310391363025,0.5802968960863698
15,,357,0,0,317,367,684,0.0,0.5365497076023392,0.46345029239766083
15,,358,0,0,532,309,841,0.0,0.36741973840665876,0.6325802615933412
15,,359,0,0,571,141,712,0.0,0.19803370786516855,0.8019662921348315
15,,360,0,0,204,375,579,0.0,0.6476683937823834,0.35233160621761656
15,,361,0,0,520,281,801,0.0,0.35081148564294634,0.6491885143570537
15,,362,0,0,363,194,557,0.0,0.348294434470377,0.651705565529623
15,,363,0,0,449,195,644,0.0,0.3027950310559006,0.6972049689440993
15,,364,0,0,314,500,814,0.0,0.6142506142506142,0.3857493857493858
15,,365,0,0,457,270,727,0.0,0.3713892709766162,0.6286107290233838
15,,366,0,0,393,244,637,0.0,0.38304552590266877,0.6169544740973313
15,,367,0,0,324,8,332,0.0,0.024096385542168676,0.9759036144578314
15,,368,0,0,679,345,1024,0.0,0.3369140625,0.6630859375
15,,369,0,0,549,148,697,0.0,0.21233859397417504,0.787661406025825
15,,4,0,0,505,164,669,0.0,0.24514200298953662,0.7548579970104634
15,,48,31,0,547,8,586,0.052901023890784986,0.013651877133105802,0.9334470989761092
15,,49,16,0,394,10,420,0.0380952380952381,0.023809523809523808,0.9380952380952381
15,,5,0,0,490,136,626,0.0,0.21725239616613418,0.7827476038338658
15,,50,11,0,458,8,477,0.023060796645702306,0.016771488469601678,0.960167714884696
15,,51,6,0,435,3,444,0.013513513513513514,0.006756756756756757,0.9797297297297297
15,,52,12,0,684,3,699,0.017167381974248927,0.004291845493562232,0.9785407725321889
15,,53,9,0,496,3,508,0.017716535433070866,0.005905511811023622,0.9763779527559056
15,,54,16,0,477,8,501,0.031936127744510975,0.015968063872255488,0.9520958083832335
15,,55,14,0,492,2,508,0.027559055118110236,0.003937007874015748,0.968503937007874
15,,56,8,0,440,3,451,0.017738359201773836,0.0066518847006651885,0.975609756097561
15,,57,27,0,812,2,841,0.03210463733650416,0.0023781212841854932,0.9655172413793104
15,,58,80,0,444,5,529,0.15122873345935728,0.00945179584120983,0.8393194706994329
15,,59,58,0,373,5,436,0.13302752293577982,0.011467889908256881,0.8555045871559633
15,,6,0,0,354,153,507,0.0,0.30177514792899407,0.6982248520710059
15,,60,25,0,694,1,720,0.034722222222222224,0.001388888888888889,0.9638888888888889
15,,61,29,0,624,13,666,0.04354354354354354,0.01951951951951952,0.9369369369369369
15,,62,13,0,656,15,684,0.019005847953216373,0.021929824561403508,0.9590643274853801
15,,63,0,0,747,5,752,0.0,0.006648936170212766,0.9933510638297872
15,,64,8,0,579,10,597,0.01340033500837521,0.01675041876046901,0.9698492462311558
15,,65,5,0,559,3,567,0.008818342151675485,0.005291005291005291,0.9858906525573192
15,,66,1,0,515,7,523,0.0019120458891013384,0.01338432122370937,0.9847036328871893
15,,67,5,0,344,5,354,0.014124293785310734,0.014124293785310734,0.9717514124293786
15,,68,15,0,700,7,722,0.02077562326869806,0.009695290858725761,0.9695290858725761
15,,69,8,0,668,5,681,0.011747430249632892,0.007342143906020558,0.9809104258443465
15,,7,0,0,405,373,778,0.0,0.4794344473007712,0.5205655526992288
15,,70,15,0,526,4,545,0.027522935779816515,0.007339449541284404,0.9651376146788991
15,,71,27,0,572,8,607,0.044481054365733116,0.013179571663920923,0.942339373970346
15,,72,26,0,515,2,543,0.04788213627992634,0.003683241252302026,0.9484346224677717
15,,73,45,0,852,5,902,0.04988913525498891,0.005543237250554324,0.9445676274944568
15,,75,0,0,652,2,654,0.0,0.0030581039755351682,0.9969418960244648
15,,76,0,0,689,17,706,0.0,0.024079320113314446,0.9759206798866855
15,,77,0,0,582,4,586,0.0,0.006825938566552901,0.9931740614334471
15,,78,0,0,575,6,581,0.0,0.010327022375215147,0.9896729776247849
15,,79,0,0,570,8,578,0.0,0.01384083044982699,0.986159169550173
15,,8,0,0,514,224,738,0.0,0.3035230352303523,0.6964769647696477
15,,80,0,0,692,0,692,0.0,0.0,1.0
15,,81,0,0,752,5,757,0.0,0.0066050198150594455,0.9933949801849405
15,,82,0,0,747,6,753,0.0,0.00796812749003984,0.9920318725099602
15,,83,0,0,472,4,476,0.0,0.008403361344537815,0.9915966386554622
15,,84,0,0,510,4,514,0.0,0.007782101167315175,0.9922178988326849
15,,85,0,0,561,2,563,0.0,0.003552397868561279,0.9964476021314387
15,,86,0,0,618,2,620,0.0,0.0032258064516129032,0.9967741935483871
15,,87,0,0,614,3,617,0.0,0.004862236628849271,0.9951377633711507
15,,88,0,0,554,2,556,0.0,0.0035971223021582736,0.9964028776978417
15,,89,0,0,595,5,600,0.0,0.008333333333333333,0.9916666666666667
15,,9,0,0,361,459,820,0.0,0.5597560975609757,0.4402439024390244
15,,90,0,0,453,3,456,0.0,0.006578947368421052,0.993421052631579
15,,91,0,0,522,5,527,0.0,0.009487666034155597,0.9905123339658444
15,,92,0,0,557,3,560,0.0,0.005357142857142857,0.9946428571428572
15,,93,0,0,862,9,871,0.0,0.010332950631458095,0.9896670493685419
15,,94,0,0,886,9,895,0.0,0.01005586592178771,0.9899441340782122
15,,95,0,0,743,10,753,0.0,0.013280212483399735,0.9867197875166003
15,,96,0,0,609,6,615,0.0,0.00975609756097561,0.9902439024390244
15,,97,0,0,554,9,563,0.0,0.015985790408525755,0.9840142095914742
15,,98,0,0,687,2,689,0.0,0.002902757619738752,0.9970972423802612
15,,99,0,0,766,4,770,0.0,0.005194805194805195,0.9948051948051948
16,,100,0,0,829,0,829,0.0,0.0,1.0
16,,101,0,0,688,0,688,0.0,0.0,1.0
16,,102,0,0,473,0,473,0.0,0.0,1.0
16,,103,0,0,470,0,470,0.0,0.0,1.0
16,,103A,0,0,482,0,482,0.0,0.0,1.0
16,,104,0,0,664,0,664,0.0,0.0,1.0
16,,104A,0,0,488,0,488,0.0,0.0,1.0
16,,105,0,0,619,0,619,0.0,0.0,1.0
16,,105A,0,0,568,0,568,0.0,0.0,1.0
16,,106,0,0,851,0,851,0.0,0.0,1.0
16,,107,0,0,826,0,826,0.0,0.0,1.0
16,,108,0,0,566,0,566,0.0,0.0,1.0
16,,109,0,0,810,0,810,0.0,0.0,1.0
16,,110,0,0,526,0,526,0.0,0.0,1.0
16,,110A,0,0,485,0,485,0.0,0.0,1.0
16,,111,2,0,1454,0,1456,0.0013736263736263737,0.0,0.9986263736263736
16,,13,531,0,225,0,756,0.7023809523809523,0.0,0.2976190476190476
16,,132,382,0,14,504,900,0.42444444444444446,0.56,0.015555555555555555
16,,133,243,0,24,327,594,0.4090909090909091,0.5505050505050505,0.04040404040404041
16,,133A,171,0,15,238,424,0.4033018867924528,0.5613207547169812,0.03537735849056604
16,,134,359,0,23,228,610,0.5885245901639344,0.3737704918032787,0.03770491803278689
16,,134A,314,0,13,247,574,0.5470383275261324,0.43031358885017423,0.02264808362369338
16,,135,468,0,33,285,786,0.5954198473282443,0.36259541984732824,0.04198473282442748
16,,136,320,0,106,235,661,0.48411497730711045,0.3555219364599092,0.16036308623298035
16,,137,378,0,73,242,693,0.5454545454545454,0.3492063492063492,0.10533910533910534
16,,138,251,0,25,233,509,0.4931237721021611,0.4577603143418468,0.04911591355599214
16,,138A,327,0,16,162,505,0.6475247524752475,0.3207920792079208,0.031683168316831684
16,,139,388,0,37,360,785,0.4942675159235669,0.4585987261146497,0.04713375796178344
16,,14,394,0,329,0,723,0.5449515905947441,0.0,0.45504840940525587
16,,140,305,0,41,383,729,0.41838134430727025,0.5253772290809328,0.056241426611796985
16,,141,249,0,480,191,920,0.27065217391304347,0.2076086956521739,0.5217391304347826
16,,141A,282,0,27,179,488,0.5778688524590164,0.3668032786885246,0.055327868852459015
16,,142,256,0,31,197,484,0.5289256198347108,0.40702479338842973,0.0640495867768595
16,,143A,215,0,27,217,459,0.4684095860566449,0.47276688453159044,0.058823529411764705
16,,144,207,0,45,205,457,0.45295404814004375,0.4485776805251641,0.09846827133479212
16,,145,239,0,18,285,542,0.44095940959409596,0.525830258302583,0.033210332103321034
16,,145A,269,0,6,140,415,0.6481927710843374,0.3373493975903614,0.014457831325301205
16,,146,296,0,20,260,576,0.5138888888888888,0.4513888888888889,0.034722222222222224
16,,147,537,0,31,320,888,0.6047297297297297,0.36036036036036034,0.03490990990990991
16,,148,130,0,25,389,544,0.23897058823529413,0.7150735294117647,0.04595588235294118
16,,148A,306,0,12,276,594,0.5151515151515151,0.46464646464646464,0.020202020202020204
16,,149,441,0,43,376,860,0.5127906976744186,0.4372093023255814,0.05
16,,15,271,0,293,0,564,0.4804964539007092,0.0,0.5195035460992907
16,,150,362,0,62,176,600,0.6033333333333334,0.29333333333333333,0.10333333333333333
16,,151,20,0,78,244,342,0.05847953216374269,0.7134502923976608,0.22807017543859648
16,,152,215,0,35,156,406,0.5295566502463054,0.3842364532019704,0.08620689655172414
16,,152A,278,0,40,231,549,0.5063752276867031,0.4207650273224044,0.07285974499089254
16,,153,269,0,29,207,505,0.5326732673267327,0.4099009900990099,0.05742574257425743
16,,154,445,0,982,264,1691,0.2631578947368421,0.15612063867534004,0.5807214665878179
16,,155,246,0,30,263,539,0.45640074211502785,0.48794063079777367,0.055658627087198514
16,,156,224,0,58,235,517,0.4332688588007737,0.45454545454545453,0.11218568665377177
16,,156A,286,0,44,191,521,0.5489443378119002,0.3666026871401152,0.08445297504798464
16,,157,251,0,410,279,940,0.2670212765957447,0.2968085106382979,0.43617021276595747
16,,157A,283,0,23,205,511,0.5538160469667319,0.40117416829745595,0.04500978473581213
16,,158,290,0,27,206,523,0.5544933078393881,0.3938814531548757,0.05162523900573614
16,,158A,291,0,35,183,509,0.5717092337917485,0.35952848722986247,0.068762278978389
16,,159,533,0,51,289,873,0.6105383734249714,0.33104238258877433,0.058419243986254296
16,,15A,237,0,164,0,401,0.5910224438902744,0.0,0.4089775561097257
16,,16,290,0,207,0,497,0.5835010060362174,0.0,0.4164989939637827
16,,160,206,0,25,170,401,0.513715710723192,0.4239401496259352,0.06234413965087282
16,,160A,472,0,54,214,740,0.6378378378378379,0.2891891891891892,0.07297297297297298
16,,161A,268,0,21,207,496,0.5403225806451613,0.4173387096774194,0.04233870967741935
16,,162,234,0,31,367,632,0.370253164556962,0.5806962025316456,0.0490506329113924
16,,162A,249,0,31,281,561,0.44385026737967914,0.5008912655971479,0.05525846702317291
16,,163,337,0,57,160,554,0.6083032490974729,0.2888086642599278,0.10288808664259928
16,,163A,263,0,85,231,579,0.4542314335060449,0.39896373056994816,0.14680483592400692
16,,164,279,0,40,185,504,0.5535714285714286,0.36706349206349204,0.07936507936507936
16,,164A,254,0,32,207,493,0.5152129817444219,0.4198782961460446,0.06490872210953347
16,,165,261,0,43,222,526,0.49619771863117873,0.4220532319391635,0.0817490494296578
16,,165A,269,0,29,171,469,0.5735607675906184,0.3646055437100213,0.06183368869936034
16,,166,563,0,62,287,912,0.6173245614035088,0.31469298245614036,0.06798245614035088
16,,167,0,0,667,0,667,0.0,0.0,1.0
16,,168,0,0,655,2,657,0.0,0.0030441400304414,0.9969558599695586
16,,169,0,0,569,3,572,0.0,0.005244755244755245,0.9947552447552448
16,,169A,0,0,537,2,539,0.0,0.0037105751391465678,0.9962894248608535
16,,16A,362,0,266,0,628,0.5764331210191083,0.0,0.42356687898089174
16,,17,477,0,271,0,748,0.6377005347593583,0.0,0.3622994652406417
16,,170,0,0,338,24,362,0.0,0.06629834254143646,0.9337016574585635
16,,170A,0,0,560,3,563,0.0,0.0053285968028419185,0.9946714031971581
16,,171,0,0,624,14,638,0.0,0.0219435736677116,0.9780564263322884
16,,172,0,0,500,1,501,0.0,0.001996007984031936,0.998003992015968
16,,172A,0,0,554,7,561,0.0,0.012477718360071301,0.9875222816399287
16,,173,0,0,709,5,714,0.0,0.0070028011204481795,0.9929971988795518
16,,173A,0,0,542,4,546,0.0,0.007326007326007326,0.9926739926739927
16,,174,0,0,671,2,673,0.0,0.0029717682020802376,0.9970282317979198
16,,174A,0,0,420,1,421,0.0,0.0023752969121140144,0.997624703087886
16,,175,1,0,1436,2,1439,0.0006949270326615705,0.001389854065323141,0.9979152189020153
16,,175A,0,0,478,4,482,0.0,0.008298755186721992,0.991701244813278
16,,176,0,0,641,2,643,0.0,0.003110419906687403,0.9968895800933126
16,,177,0,0,611,6,617,0.0,0.009724473257698542,0.9902755267423015
16,,178,1,0,1239,4,1244,0.0008038585209003215,0.003215434083601286,0.9959807073954984
16,,178A,0,0,514,6,520,0.0,0.011538461538461539,0.9884615384615385
16,,179,0,0,528,4,532,0.0,0.007518796992481203,0.9924812030075187
16,,179A,0,0,434,3,437,0.0,0.006864988558352402,0.9931350114416476
16,,18,223,0,225,0,448,0.49776785714285715,0.0,0.5022321428571429
16,,180,0,0,471,6,477,0.0,0.012578616352201259,0.9874213836477987
16,,180A,0,0,509,2,511,0.0,0.003913894324853229,0.9960861056751468
16,,181,0,0,891,6,897,0.0,0.006688963210702341,0.9933110367892977
16,,182,0,0,889,10,899,0.0,0.011123470522803115,0.9888765294771968
16,,183,0,0,534,5,539,0.0,0.00927643784786642,0.9907235621521335
16,,18A,207,0,243,0,450,0.46,0.0,0.54
16,,19,231,0,182,0,413,0.559322033898305,0.0,0.4406779661016949
16,,2,33,0,1242,0,1275,0.02588235294117647,0.0,0.9741176470588235
16,,20,361,0,450,0,811,0.44512946979038226,0.0,0.5548705302096177
16,,204,303,0,284,0,587,0.5161839863713799,0.0,0.4838160136286201
16,,205,249,0,371,0,620,0.40161290322580645,0.0,0.5983870967741935
16,,205A,341,0,221,0,562,0.6067615658362989,0.0,0.3932384341637011
16,,206,132,0,10,0,142,0.9295774647887324,0.0,0.07042253521126761
16,,206A,137,0,340,0,477,0.28721174004192873,0.0,0.7127882599580713
16,,207,109,0,526,0,635,0.17165354330708663,0.0,0.8283464566929134
16,,208,384,0,324,0,708,0.5423728813559322,0.0,0.4576271186440678
16,,208A,293,0,184,0,477,0.6142557651991615,0.0,0.3857442348008386
16,,209,316,0,420,0,736,0.42934782608695654,0.0,0.5706521739130435
16,,21,268,0,208,0,476,0.5630252100840336,0.0,0.4369747899159664
16,,210,336,0,279,0,615,0.5463414634146342,0.0,0.45365853658536587
16,,210A,350,0,275,0,625,0.56,0.0,0.44
16,,211,344,0,276,0,620,0.5548387096774193,0.0,0.44516129032258067
16,,211A,286,0,286,0,572,0.5,0.0,0.5
16,,212,310,0,440,0,750,0.41333333333333333,0.0,0.5866666666666667
16,,213,338,0,314,0,652,0.5184049079754601,0.0,0.4815950920245399
16,,214,446,0,344,0,790,0.5645569620253165,0.0,0.43544303797468353
16,,215,323,0,252,0,575,0.5617391304347826,0.0,0.43826086956521737
16,,216,162,0,427,0,589,0.27504244482173174,0.0,0.7249575551782682
16,,217,231,0,219,0,450,0.5133333333333333,0.0,0.4866666666666667
16,,217A,326,0,170,0,496,0.657258064516129,0.0,0.34274193548387094
16,,218,192,0,657,0,849,0.22614840989399293,0.0,0.773851590106007
16,,218A,180,0,373,0,553,0.325497287522604,0.0,0.674502712477396
16,,219,443,0,234,0,677,0.654357459379616,0.0,0.345642540620384
16,,21A,252,0,201,0,453,0.5562913907284768,0.0,0.44370860927152317
16,,22,334,0,218,0,552,0.605072463768116,0.0,0.39492753623188404
16,,220,209,0,1738,0,1947,0.10734463276836158,0.0,0.8926553672316384
16,,221,319,0,520,0,839,0.3802145411203814,0.0,0.6197854588796186
16,,222,438,0,310,0,748,0.5855614973262032,0.0,0.4144385026737968
16,,227,2,0,258,0,260,0.007692307692307693,0.0,0.9923076923076923
16,,229,0,0,470,0,470,0.0,0.0,1.0
16,,22A,172,0,134,0,306,0.5620915032679739,0.0,0.43790849673202614
16,,23,378,0,6,0,384,0.984375,0.0,0.015625
16,,230,0,0,487,0,487,0.0,0.0,1.0
16,,232,3,0,581,0,584,0.005136986301369863,0.0,0.9948630136986302
16,,233,11,0,815,0,826,0.013317191283292978,0.0,0.986682808716707
16,,234,0,0,506,0,506,0.0,0.0,1.0
16,,235,0,0,430,0,430,0.0,0.0,1.0
16,,236,0,0,275,0,275,0.0,0.0,1.0
16,,237,5,0,1288,0,1293,0.0038669760247486465,0.0,0.9961330239752514
16,,238,0,0,310,0,310,0.0,0.0,1.0
16,,239,0,0,490,0,490,0.0,0.0,1.0
16,,23A,250,0,153,0,403,0.6203473945409429,0.0,0.37965260545905705
16,,24,480,0,400,0,880,0.5454545454545454,0.0,0.45454545454545453
16,,240,0,0,190,0,190,0.0,0.0,1.0
16,,241,0,0,403,0,403,0.0,0.0,1.0
16,,242A,0,0,640,1,641,0.0,0.0015600624024961,0.9984399375975039
16,,243,0,0,1287,0,1287,0.0,0.0,1.0
16,,244,0,0,1065,2,1067,0.0,0.0018744142455482662,0.9981255857544518
16,,244A,0,0,447,2,449,0.0,0.004454342984409799,0.9955456570155902
16,,245,0,0,1247,1,1248,0.0,0.0008012820512820513,0.999198717948718
16,,246,3,0,1036,1,1040,0.0028846153846153848,0.0009615384615384616,0.9961538461538462
16,,246A,0,0,621,1,622,0.0,0.001607717041800643,0.9983922829581994
16,,247,0,0,1292,3,1295,0.0,0.0023166023166023165,0.9976833976833976
16,,248,0,0,1037,2,1039,0.0,0.0019249278152069298,0.9980750721847931
16,,249,0,0,943,1,944,0.0,0.001059322033898305,0.9989406779661016
16,,249A,0,0,637,2,639,0.0,0.003129890453834116,0.9968701095461658
16,,25,210,0,296,0,506,0.4150197628458498,0.0,0.5849802371541502
16,,250,0,0,689,1,690,0.0,0.0014492753623188406,0.9985507246376811
16,,250A,0,0,427,0,427,0.0,0.0,1.0
16,,251,0,0,1545,2,1547,0.0,0.001292824822236587,0.9987071751777634
16,,252,0,0,1422,4,1426,0.0,0.002805049088359046,0.9971949509116409
16,,253,0,0,1142,3,1145,0.0,0.0026200873362445414,0.9973799126637555
16,,254,0,0,1220,11,1231,0.0,0.008935824532900082,0.9910641754670999
16,,255,184,0,1419,10,1613,0.11407315561066336,0.006199628022318661,0.879727216367018
16,,256,185,0,968,6,1159,0.15962036238136323,0.005176876617773943,0.8352027610008628
16,,257,0,0,1028,5,1033,0.0,0.00484027105517909,0.995159728944821
16,,257A,0,0,529,0,529,0.0,0.0,1.0
16,,258,186,0,1563,12,1761,0.10562180579216354,0.0068143100511073255,0.8875638841567292
16,,259,187,0,1276,4,1467,0.1274710293115201,0.0027266530334014998,0.8698023176550784
16,,25A,205,0,287,0,492,0.4166666666666667,0.0,0.5833333333333334
16,,26,470,0,369,0,839,0.5601907032181168,0.0,0.4398092967818832
16,,260,188,0,1429,8,1625,0.11569230769230769,0.004923076923076923,0.8793846153846154
16,,261,189,0,1209,5,1403,0.1347113328581611,0.003563791874554526,0.8617248752672844
16,,262,190,0,1562,16,1768,0.1074660633484163,0.00904977375565611,0.8834841628959276
16,,263,196,0,1117,16,1329,0.1474793077501881,0.012039127163280662,0.8404815650865313
16,,264,192,0,914,12,1118,0.17173524150268335,0.01073345259391771,0.817531305903399
16,,265,193,0,506,9,708,0.2725988700564972,0.012711864406779662,0.7146892655367232
16,,266,0,0,412,3,415,0.0,0.007228915662650603,0.9927710843373494
16,,267,194,0,920,4,1118,0.1735241502683363,0.0035778175313059034,0.8228980322003577
16,,268,195,0,548,6,749,0.260347129506008,0.00801068090787717,0.7316421895861148
16,,269,196,0,656,26,878,0.22323462414578588,0.029612756264236904,0.7471526195899773
16,,27,375,0,335,0,710,0.528169014084507,0.0,0.47183098591549294
16,,270,0,0,564,10,574,0.0,0.017421602787456445,0.9825783972125436
16,,271,197,0,650,8,855,0.2304093567251462,0.00935672514619883,0.7602339181286549
16,,272,0,0,491,13,504,0.0,0.025793650793650792,0.9742063492063492
16,,273,202,0,1604,3,1809,0.11166390270867883,0.001658374792703151,0.886677722498618
16,,274,199,0,817,4,1020,0.19509803921568628,0.00392156862745098,0.8009803921568628
16,,275,200,0,849,9,1058,0.1890359168241966,0.008506616257088847,0.8024574669187146
16,,276,201,0,725,7,933,0.21543408360128619,0.007502679528403001,0.7770632368703109
16,,277,202,0,573,6,781,0.2586427656850192,0.0076824583866837385,0.7336747759282971
16,,278,0,0,598,3,601,0.0,0.004991680532445923,0.9950083194675541
16,,279,203,0,670,30,903,0.2248062015503876,0.03322259136212625,0.7419712070874862
16,,28,226,0,306,0,532,0.424812030075188,0.0,0.575187969924812
16,,289,9,0,861,0,870,0.010344827586206896,0.0,0.9896551724137931
16,,28A,208,0,20,0,228,0.9122807017543859,0.0,0.08771929824561403
16,,29,200,0,146,0,346,0.5780346820809249,0.0,0.42196531791907516
16,,292,6,0,259,0,265,0.022641509433962263,0.0,0.9773584905660377
16,,30,240,0,329,0,569,0.421792618629174,0.0,0.5782073813708261
16,,303,6,0,1244,0,1250,0.0048,0.0,0.9952
16,,306,6,0,853,0,859,0.006984866123399301,0.0,0.9930151338766007
16,,309,8,0,616,0,624,0.01282051282051282,0.0,0.9871794871794872
16,,313,5,0,820,0,825,0.006060606060606061,0.0,0.9939393939393939
16,,327,1,0,1007,0,1008,0.000992063492063492,0.0,0.9990079365079365
16,,332,4,0,372,0,376,0.010638297872340425,0.0,0.9893617021276596
16,,333,4,0,496,0,500,0.008,0.0,0.992
16,,334,1,0,285,0,286,0.0034965034965034965,0.0,0.9965034965034965
16,,335,7,0,1977,0,1984,0.003528225806451613,0.0,0.9964717741935484
16,,341,4,0,276,0,280,0.014285714285714285,0.0,0.9857142857142858
16,,345,21,0,1782,0,1803,0.011647254575707155,0.0,0.9883527454242929
16,,362,4,0,487,0,491,0.008146639511201629,0.0,0.9918533604887984
16,,368,4,0,205,0,209,0.019138755980861243,0.0,0.9808612440191388
16,,378,4,0,184,0,188,0.02127659574468085,0.0,0.9787234042553191
16,,387,3,0,155,0,158,0.0189873417721519,0.0,0.9810126582278481
16,,389,6,0,921,0,927,0.006472491909385114,0.0,0.9935275080906149
16,,39,0,0,459,0,459,0.0,0.0,1.0
16,,390,3,0,1287,0,1290,0.002325581395348837,0.0,0.9976744186046511
16,,399,10,0,742,0,752,0.013297872340425532,0.0,0.9867021276595744
16,,411,2,0,1228,0,1230,0.0016260162601626016,0.0,0.9983739837398374
16,,417,7,0,377,0,384,0.018229166666666668,0.0,0.9817708333333334
16,,428,13,0,412,0,425,0.03058823529411765,0.0,0.9694117647058823
16,,43,255,0,52,250,557,0.4578096947935368,0.4488330341113106,0.0933572710951526
16,,431,5,0,504,0,509,0.009823182711198428,0.0,0.9901768172888016
16,,61,259,0,20,254,533,0.48592870544090055,0.47654784240150094,0.0375234521575985
16,,93,0,0,623,0,623,0.0,0.0,1.0
16,,93A,0,0,393,0,393,0.0,0.0,1.0
16,,94,0,0,862,0,862,0.0,0.0,1.0
16,,95,0,0,842,0,842,0.0,0.0,1.0
16,,96,0,0,682,0,682,0.0,0.0,1.0
16,,97,0,0,716,0,716,0.0,0.0,1.0
16,,98,0,0,449,0,449,0.0,0.0,1.0
16,,98A,0,0,464,0,464,0.0,0.0,1.0
17,,0,0,0,479,275,754,0.0,0.3647214854111406,0.6352785145888594
17,,100,0,0,394,270,664,0.0,0.4066265060240964,0.5933734939759037
17,,101,0,0,451,242,693,0.0,0.3492063492063492,0.6507936507936508
17,,102,0,0,289,240,529,0.0,0.45368620037807184,0.5463137996219282
17,,103,0,0,198,150,348,0.0,0.43103448275862066,0.5689655172413793
17,,104,0,0,265,211,476,0.0,0.4432773109243697,0.5567226890756303
17,,105,0,0,125,183,308,0.0,0.5941558441558441,0.40584415584415584
17,,105(A),0,0,343,235,578,0.0,0.40657439446366783,0.5934256055363322
17,,106,0,0,335,317,652,0.0,0.48619631901840493,0.5138036809815951
17,,107,0,0,310,265,575,0.0,0.4608695652173913,0.5391304347826087
17,,108,0,0,203,197,400,0.0,0.4925,0.5075
17,,109,0,0,175,166,341,0.0,0.4868035190615836,0.5131964809384164
17,,110,0,0,403,186,589,0.0,0.3157894736842105,0.6842105263157895
17,,111,0,0,527,261,788,0.0,0.33121827411167515,0.6687817258883249
17,,112,0,0,374,424,798,0.0,0.531328320802005,0.46867167919799496
17,,113,0,0,514,176,690,0.0,0.25507246376811593,0.744927536231884
17,,114,0,0,224,96,320,0.0,0.3,0.7
17,,114(A),0,0,321,95,416,0.0,0.2283653846153846,0.7716346153846154
17,,115,0,0,359,161,520,0.0,0.3096153846153846,0.6903846153846154
17,,1151(A),0,0,327,0,327,0.0,0.0,1.0
17,,116,0,0,510,221,731,0.0,0.3023255813953488,0.6976744186046512
17,,117,0,0,484,197,681,0.0,0.28928046989721,0.71071953010279
17,,118,0,0,238,293,531,0.0,0.551789077212806,0.448210922787194
17,,119,0,0,235,231,466,0.0,0.4957081545064378,0.5042918454935622
17,,120,0,0,226,219,445,0.0,0.49213483146067416,0.5078651685393258
17,,128,0,0,686,0,686,0.0,0.0,1.0
17,,147,0,0,1000,0,1000,0.0,0.0,1.0
17,,148,0,0,484,0,484,0.0,0.0,1.0
17,,149,0,0,416,0,416,0.0,0.0,1.0
17,,150,0,0,451,0,451,0.0,0.0,1.0
17,,151,0,0,333,0,333,0.0,0.0,1.0
17,,152,0,0,484,0,484,0.0,0.0,1.0
17,,153,0,0,417,0,417,0.0,0.0,1.0
17,,154,0,0,466,0,466,0.0,0.0,1.0
17,,155,0,0,431,0,431,0.0,0.0,1.0
17,,156,0,0,1027,0,1027,0.0,0.0,1.0
17,,156(A),0,0,274,0,274,0.0,0.0,1.0
17,,157,0,0,257,0,257,0.0,0.0,1.0
17,,158,0,0,562,0,562,0.0,0.0,1.0
17,,159,0,0,457,0,457,0.0,0.0,1.0
17,,160(A),0,0,219,0,219,0.0,0.0,1.0
17,,161,0,0,406,0,406,0.0,0.0,1.0
17,,162,0,0,354,0,354,0.0,0.0,1.0
17,,163(A),0,0,298,0,298,0.0,0.0,1.0
17,,164,0,0,283,0,283,0.0,0.0,1.0
17,,164(A),0,0,342,0,342,0.0,0.0,1.0
17,,165,0,0,291,0,291,0.0,0.0,1.0
17,,166,0,0,450,0,450,0.0,0.0,1.0
17,,167,0,0,197,0,197,0.0,0.0,1.0
17,,167(A),0,0,112,0,112,0.0,0.0,1.0
17,,168,0,0,307,0,307,0.0,0.0,1.0
17,,169,0,0,241,0,241,0.0,0.0,1.0
17,,169(A),0,0,225,0,225,0.0,0.0,1.0
17,,170,0,0,360,0,360,0.0,0.0,1.0
17,,170(A),0,0,266,0,266,0.0,0.0,1.0
17,,171,0,0,374,0,374,0.0,0.0,1.0
17,,172,0,0,199,0,199,0.0,0.0,1.0
17,,172(A),0,0,224,0,224,0.0,0.0,1.0
17,,173,0,0,334,0,334,0.0,0.0,1.0
17,,173(A),0,0,252,0,252,0.0,0.0,1.0
17,,174,0,0,316,0,316,0.0,0.0,1.0
17,,174(A),0,0,240,0,240,0.0,0.0,1.0
17,,175,0,0,286,0,286,0.0,0.0,1.0
17,,175(A),0,0,278,0,278,0.0,0.0,1.0
17,,176,0,0,827,0,827,0.0,0.0,1.0
17,,177,0,0,417,0,417,0.0,0.0,1.0
17,,178,0,0,752,0,752,0.0,0.0,1.0
17,,183,0,0,693,0,693,0.0,0.0,1.0
17,,194,0,0,1439,61,1500,0.0,0.04066666666666666,0.9593333333333334
17,,197,0,0,766,0,766,0.0,0.0,1.0
17,,198,0,0,491,0,491,0.0,0.0,1.0
17,,198(A),0,0,880,0,880,0.0,0.0,1.0
17,,199,0,0,612,0,612,0.0,0.0,1.0
17,,200,0,0,879,0,879,0.0,0.0,1.0
17,,201,0,0,489,0,489,0.0,0.0,1.0
17,,202,0,0,410,0,410,0.0,0.0,1.0
17,,203,0,0,655,0,655,0.0,0.0,1.0
17,,203(A),0,0,432,0,432,0.0,0.0,1.0
17,,204,0,0,947,0,947,0.0,0.0,1.0
17,,205,0,0,560,0,560,0.0,0.0,1.0
17,,205(A),0,0,634,0,634,0.0,0.0,1.0
17,,206,0,0,911,0,911,0.0,0.0,1.0
17,,207,0,0,771,0,771,0.0,0.0,1.0
17,,208,0,0,629,0,629,0.0,0.0,1.0
17,,208(A),0,0,535,0,535,0.0,0.0,1.0
17,,209,0,0,765,0,765,0.0,0.0,1.0
17,,211,0,0,667,0,667,0.0,0.0,1.0
17,,212,0,0,562,0,562,0.0,0.0,1.0
17,,213,0,0,629,0,629,0.0,0.0,1.0
17,,214,0,0,728,0,728,0.0,0.0,1.0
17,,215,0,0,557,0,557,0.0,0.0,1.0
17,,215(A),0,0,484,0,484,0.0,0.0,1.0
17,,216,0,0,544,0,544,0.0,0.0,1.0
17,,216(A),0,0,436,0,436,0.0,0.0,1.0
17,,230,0,0,870,0,870,0.0,0.0,1.0
17,,235,0,0,655,180,835,0.0,0.2155688622754491,0.7844311377245509
17,,237,0,0,494,339,833,0.0,0.4069627851140456,0.5930372148859544
17,,239,0,0,504,373,877,0.0,0.42531356898517675,0.5746864310148233
17,,240,0,0,485,536,1021,0.0,0.524975514201763,0.47502448579823703
17,,241,0,0,574,300,874,0.0,0.34324942791762014,0.6567505720823799
17,,243,0,0,593,26,619,0.0,0.0420032310177706,0.9579967689822294
17,,245,0,0,313,390,703,0.0,0.5547652916073968,0.44523470839260315
17,,247,0,0,563,201,764,0.0,0.2630890052356021,0.7369109947643979
17,,281,0,0,596,0,596,0.0,0.0,1.0
17,,282,0,0,403,0,403,0.0,0.0,1.0
17,,282(A),0,0,422,0,422,0.0,0.0,1.0
17,,307,0,0,699,0,699,0.0,0.0,1.0
17,,313,0,0,1111,0,1111,0.0,0.0,1.0
17,,314,0,0,704,0,704,0.0,0.0,1.0
17,,315,0,0,473,0,473,0.0,0.0,1.0
17,,316,0,0,818,0,818,0.0,0.0,1.0
17,,317,0,0,368,0,368,0.0,0.0,1.0
17,,318,0,0,992,0,992,0.0,0.0,1.0
17,,319,0,0,778,0,778,0.0,0.0,1.0
17,,320,0,0,988,0,988,0.0,0.0,1.0
17,,321,0,0,1075,0,1075,0.0,0.0,1.0
17,,322,0,0,719,0,719,0.0,0.0,1.0
17,,323,0,0,467,0,467,0.0,0.0,1.0
17,,324,0,0,1089,0,1089,0.0,0.0,1.0
17,,325,0,0,823,0,823,0.0,0.0,1.0
17,,326,0,0,1125,0,1125,0.0,0.0,1.0
17,,327,0,0,695,0,695,0.0,0.0,1.0
17,,328,0,0,1057,0,1057,0.0,0.0,1.0
17,,329,0,0,674,0,674,0.0,0.0,1.0
17,,330,0,0,616,0,616,0.0,0.0,1.0
17,,331,0,0,932,0,932,0.0,0.0,1.0
17,,332,0,0,1272,0,1272,0.0,0.0,1.0
17,,333,0,0,1091,0,1091,0.0,0.0,1.0
17,,334,0,0,423,0,423,0.0,0.0,1.0
17,,335,0,0,726,0,726,0.0,0.0,1.0
17,,336,0,0,714,0,714,0.0,0.0,1.0
17,,337,0,0,487,0,487,0.0,0.0,1.0
17,,338,0,0,737,0,737,0.0,0.0,1.0
17,,53,0,0,599,0,599,0.0,0.0,1.0
17,,54,0,0,445,0,445,0.0,0.0,1.0
17,,56,0,0,658,0,658,0.0,0.0,1.0
17,,57,0,0,658,0,658,0.0,0.0,1.0
17,,58,0,0,703,0,703,0.0,0.0,1.0
17,,59,0,0,639,0,639,0.0,0.0,1.0
17,,60,0,0,568,0,568,0.0,0.0,1.0
17,,61,0,0,510,0,510,0.0,0.0,1.0
17,,62,0,0,207,0,207,0.0,0.0,1.0
17,,63,0,0,587,0,587,0.0,0.0,1.0
17,,64,0,0,438,0,438,0.0,0.0,1.0
17,,65,0,0,549,0,549,0.0,0.0,1.0
17,,66,0,0,511,0,511,0.0,0.0,1.0
17,,67,0,0,468,0,468,0.0,0.0,1.0
17,,68,0,0,694,0,694,0.0,0.0,1.0
17,,69,0,0,647,0,647,0.0,0.0,1.0
17,,70,0,0,730,0,730,0.0,0.0,1.0
17,,71,0,0,461,0,461,0.0,0.0,1.0
17,,72,0,0,462,0,462,0.0,0.0,1.0
17,,73,0,0,745,0,745,0.0,0.0,1.0
17,,74,0,0,725,0,725,0.0,0.0,1.0
17,,75,0,0,774,0,774,0.0,0.0,1.0
17,,76,0,0,696,0,696,0.0,0.0,1.0
17,,77,0,0,633,0,633,0.0,0.0,1.0
17,,78,0,0,694,0,694,0.0,0.0,1.0
17,,79,0,0,1076,0,1076,0.0,0.0,1.0
17,,99,0,0,356,234,590,0.0,0.39661016949152544,0.6033898305084746
18,,124,0,0,425,0,425,0.0,0.0,1.0
18,,136,0,0,716,0,716,0.0,0.0,1.0
18,,145,0,0,411,0,411,0.0,0.0,1.0
18,,147,0,0,227,0,227,0.0,0.0,1.0
18,,184,0,0,278,0,278,0.0,0.0,1.0
18,,189,0,0,498,0,498,0.0,0.0,1.0
18,,198,0,0,353,0,353,0.0,0.0,1.0
18,,201,0,0,295,0,295,0.0,0.0,1.0
18,,205,0,0,318,0,318,0.0,0.0,1.0
18,,206,0,0,210,0,210,0.0,0.0,1.0
18,,207,0,0,445,0,445,0.0,0.0,1.0
18,,217,0,0,399,0,399,0.0,0.0,1.0
18,,217A,1,0,32,177,210,0.004761904761904762,0.8428571428571429,0.1523809523809524
18,,218,220,0,55,382,657,0.334855403348554,0.5814307458143074,0.0837138508371385
18,,218A,187,0,26,238,451,0.4146341463414634,0.5277161862527716,0.057649667405764965
18,,219,297,0,78,383,758,0.391820580474934,0.5052770448548812,0.10290237467018469
18,,220,213,0,24,324,561,0.37967914438502676,0.5775401069518716,0.0427807486631016
18,,221,73,0,63,558,694,0.10518731988472622,0.8040345821325648,0.09077809798270893
18,,222,192,0,124,581,897,0.2140468227424749,0.6477146042363434,0.13823857302118173
18,,223,40,0,41,370,451,0.08869179600886919,0.8203991130820399,0.09090909090909091
18,,223A,60,0,38,357,455,0.13186813186813187,0.7846153846153846,0.08351648351648351
18,,224,20,0,26,457,503,0.039761431411530816,0.9085487077534792,0.05168986083499006
18,,225,457,0,366,381,1204,0.3795681063122924,0.3164451827242525,0.30398671096345514
18,,226,172,0,365,396,933,0.18435155412647375,0.42443729903536975,0.3912111468381565
18,,226A,142,0,19,204,365,0.38904109589041097,0.5589041095890411,0.052054794520547946
18,,227,337,0,63,465,865,0.3895953757225434,0.5375722543352601,0.07283236994219654
18,,228,293,0,29,199,521,0.5623800383877159,0.381957773512476,0.05566218809980806
18,,228A,194,0,13,312,519,0.3737957610789981,0.6011560693641619,0.025048169556840076
18,,229,431,0,44,353,828,0.5205314009661836,0.42632850241545894,0.05314009661835749
18,,230,182,0,16,396,594,0.3063973063973064,0.6666666666666666,0.026936026936026935
18,,230A,197,0,8,267,472,0.4173728813559322,0.565677966101695,0.01694915254237288
18,,231,372,0,29,249,650,0.5723076923076923,0.3830769230769231,0.04461538461538461
18,,231A,181,0,24,145,350,0.5171428571428571,0.4142857142857143,0.06857142857142857
18,,232,168,0,84,245,497,0.3380281690140845,0.49295774647887325,0.16901408450704225
18,,232A,302,0,28,194,524,0.5763358778625954,0.3702290076335878,0.05343511450381679
18,,233,245,0,43,344,632,0.3876582278481013,0.5443037974683544,0.0680379746835443
18,,234,234,0,13,277,524,0.44656488549618323,0.5286259541984732,0.02480916030534351
18,,234A,245,0,37,282,564,0.43439716312056736,0.5,0.06560283687943262
18,,241,0,0,280,0,280,0.0,0.0,1.0
18,,249,0,0,185,0,185,0.0,0.0,1.0
18,,258,0,0,258,0,258,0.0,0.0,1.0
18,,279,0,0,211,0,211,0.0,0.0,1.0
18,,31,0,0,5,235,240,0.0,0.9791666666666666,0.020833333333333332
18,,33,0,0,300,0,300,0.0,0.0,1.0
18,,34,0,0,295,0,295,0.0,0.0,1.0
18,,35,0,0,84,0,84,0.0,0.0,1.0
18,,35A,0,0,151,0,151,0.0,0.0,1.0
18,,36,0,0,191,0,191,0.0,0.0,1.0
18,,36A,0,0,236,0,236,0.0,0.0,1.0
18,,37,0,0,127,0,127,0.0,0.0,1.0
18,,375,0,0,394,0,394,0.0,0.0,1.0
19,,138,0,0,9,0,9,0.0,0.0,1.0
19,,150,0,0,8,0,8,0.0,0.0,1.0
19,,154,0,0,16,0,16,0.0,0.0,1.0
19,,155,0,0,30,0,30,0.0,0.0,1.0
19,,157,0,0,254,0,254,0.0,0.0,1.0
19,,158,0,0,204,0,204,0.0,0.0,1.0
19,,159,0,0,254,0,254,0.0,0.0,1.0
19,,159A,0,0,140,0,140,0.0,0.0,1.0
19,,160,0,0,287,0,287,0.0,0.0,1.0
19,,161,0,0,161,0,161,0.0,0.0,1.0
19,,162,0,0,122,0,122,0.0,0.0,1.0
19,,163,0,0,72,0,72,0.0,0.0,1.0
19,,163A,0,0,60,0,60,0.0,0.0,1.0
19,,164,0,0,339,0,339,0.0,0.0,1.0
19,,165,0,0,194,0,194,0.0,0.0,1.0
19,,166,0,0,258,0,258,0.0,0.0,1.0
19,,166A,0,0,193,0,193,0.0,0.0,1.0
19,,167,0,0,233,0,233,0.0,0.0,1.0
19,,167A,0,0,225,0,225,0.0,0.0,1.0
19,,168,0,0,319,0,319,0.0,0.0,1.0
19,,169,0,0,192,0,192,0.0,0.0,1.0
19,,17,0,0,514,0,514,0.0,0.0,1.0
19,,170,0,0,278,0,278,0.0,0.0,1.0
19,,171,0,0,350,0,350,0.0,0.0,1.0
19,,172,0,0,298,0,298,0.0,0.0,1.0
19,,173,0,0,187,0,187,0.0,0.0,1.0
19,,173A,0,0,171,0,171,0.0,0.0,1.0
19,,174,0,0,290,0,290,0.0,0.0,1.0
19,,175,0,0,345,0,345,0.0,0.0,1.0
19,,176,0,0,302,0,302,0.0,0.0,1.0
19,,177,0,0,225,0,225,0.0,0.0,1.0
19,,177A,0,0,220,0,220,0.0,0.0,1.0
19,,178,0,0,24,0,24,0.0,0.0,1.0
19,,17A,0,0,604,0,604,0.0,0.0,1.0
19,,18,0,0,620,0,620,0.0,0.0,1.0
19,,180,0,0,22,0,22,0.0,0.0,1.0
19,,183,0,0,12,0,12,0.0,0.0,1.0
19,,184,0,0,575,0,575,0.0,0.0,1.0
19,,187,0,0,10,0,10,0.0,0.0,1.0
19,,18A,0,0,549,0,549,0.0,0.0,1.0
19,,19,0,0,906,0,906,0.0,0.0,1.0
19,,190,0,0,21,0,21,0.0,0.0,1.0
19,,193,0,0,7,0,7,0.0,0.0,1.0
19,,194,0,0,31,0,31,0.0,0.0,1.0
19,,196,0,0,43,0,43,0.0,0.0,1.0
19,,198,0,0,641,0,641,0.0,0.0,1.0
19,,20,0,0,572,0,572,0.0,0.0,1.0
19,,209,0,0,52,0,52,0.0,0.0,1.0
19,,20A,0,0,655,0,655,0.0,0.0,1.0
19,,21,0,0,799,0,799,0.0,0.0,1.0
19,,223,0,0,48,0,48,0.0,0.0,1.0
19,,22A,0,0,472,0,472,0.0,0.0,1.0
19,,23,0,0,793,0,793,0.0,0.0,1.0
19,,230,0,0,48,0,48,0.0,0.0,1.0
19,,233,0,0,31,0,31,0.0,0.0,1.0
19,,237,0,0,15,0,15,0.0,0.0,1.0
19,,238,0,0,33,0,33,0.0,0.0,1.0
19,,24,0,0,874,0,874,0.0,0.0,1.0
19,,244,0,0,43,0,43,0.0,0.0,1.0
19,,25,0,0,880,0,880,0.0,0.0,1.0
19,,256,0,0,43,0,43,0.0,0.0,1.0
19,,26,0,0,684,0,684,0.0,0.0,1.0
19,,263,0,0,59,0,59,0.0,0.0,1.0
19,,27,0,0,507,0,507,0.0,0.0,1.0
19,,274,0,0,92,0,92,0.0,0.0,1.0
19,,278,0,0,58,0,58,0.0,0.0,1.0
19,,27A,0,0,565,0,565,0.0,0.0,1.0
19,,28,0,0,479,0,479,0.0,0.0,1.0
19,,288,0,0,11,0,11,0.0,0.0,1.0
19,,28A,0,0,442,0,442,0.0,0.0,1.0
19,,29,0,0,579,0,579,0.0,0.0,1.0
19,,29A,0,0,574,0,574,0.0,0.0,1.0
19,,30,0,0,462,0,462,0.0,0.0,1.0
19,,30A,0,0,478,0,478,0.0,0.0,1.0
19,,31,0,0,737,0,737,0.0,0.0,1.0
19,,32,0,0,535,0,535,0.0,0.0,1.0
19,,325,0,0,31,0,31,0.0,0.0,1.0
19,,32A,0,0,488,0,488,0.0,0.0,1.0
19,,33,0,0,790,0,790,0.0,0.0,1.0
19,,34,0,0,636,0,636,0.0,0.0,1.0
19,,342,0,0,13,0,13,0.0,0.0,1.0
19,,353,0,0,26,0,26,0.0,0.0,1.0
19,,400,0,0,17,0,17,0.0,0.0,1.0
19,,407,0,0,43,0,43,0.0,0.0,1.0
20,,1,62,0,6013,64,6139,0.01009936471738068,0.010425150676005863,0.9794754846066135
20,,10,878,0,1819,183,2880,0.30486111111111114,0.06354166666666666,0.6315972222222223
20,,100,444,0,615,0,1059,0.4192634560906516,0.0,0.5807365439093485
20,,102,400,0,79,156,635,0.6299212598425197,0.24566929133858267,0.12440944881889764
20,,103,16,0,488,158,662,0.02416918429003021,0.23867069486404835,0.7371601208459214
20,,104,15,0,435,0,450,0.03333333333333333,0.0,0.9666666666666667
20,,105,21,0,849,160,1030,0.020388349514563107,0.1553398058252427,0.8242718446601942
20,,106,9,0,455,162,626,0.01437699680511182,0.25878594249201275,0.7268370607028753
20,,107,12,0,476,0,488,0.02459016393442623,0.0,0.9754098360655737
20,,108,4,0,346,164,514,0.007782101167315175,0.31906614785992216,0.6731517509727627
20,,109,17,0,766,166,949,0.01791359325605901,0.1749209694415174,0.8071654373024236
20,,11,1160,0,1536,374,3070,0.3778501628664495,0.12182410423452769,0.5003257328990228
20,,110,23,0,743,168,934,0.02462526766595289,0.17987152034261242,0.7955032119914347
20,,111,16,0,481,170,667,0.0239880059970015,0.25487256371814093,0.7211394302848576
20,,112,9,0,778,0,787,0.011435832274459974,0.0,0.98856416772554
20,,113,22,0,647,0,669,0.03288490284005979,0.0,0.9671150971599403
20,,114,12,0,372,0,384,0.03125,0.0,0.96875
20,,115,9,0,351,0,360,0.025,0.0,0.975
20,,116,23,0,543,0,566,0.04063604240282685,0.0,0.9593639575971732
20,,117,11,0,496,1788,2295,0.004793028322440087,0.7790849673202614,0.21612200435729848
20,,118,30,0,604,0,634,0.0473186119873817,0.0,0.9526813880126183
20,,119,24,0,695,182,901,0.026637069922308545,0.20199778024417314,0.7713651498335183
20,,11A,16,0,1745,44,1805,0.00886426592797784,0.02437673130193906,0.9667590027700831
20,,12,12,0,1717,50,1779,0.006745362563237774,0.028105677346824058,0.9651489600899381
20,,120,24,0,3554,188,3766,0.006372809346787042,0.04992033988316516,0.9437068507700478
20,,121,12,0,294,186,492,0.024390243902439025,0.3780487804878049,0.5975609756097561
20,,122,6,0,565,188,759,0.007905138339920948,0.24769433465085638,0.7444005270092227
20,,123,5,0,740,190,935,0.0053475935828877,0.20320855614973263,0.7914438502673797
20,,124,3,0,545,192,740,0.004054054054054054,0.2594594594594595,0.7364864864864865
20,,125,15,0,777,194,986,0.015212981744421906,0.19675456389452334,0.7880324543610547
20,,126,18,0,580,196,794,0.022670025188916875,0.24685138539042822,0.7304785894206549
20,,127,22,0,640,198,860,0.02558139534883721,0.2302325581395349,0.7441860465116279
20,,128,30,0,515,200,745,0.040268456375838924,0.2684563758389262,0.6912751677852349
20,,12A,14,0,1479,28,1521,0.009204470742932281,0.018408941485864562,0.9723865877712031
20,,13,2794,0,1745,477,5016,0.5570175438596491,0.0950956937799043,0.3478867623604466
20,,13A,10,0,2595,64,2669,0.003746721618583739,0.02397901835893593,0.9722742600224803
20,,14,1494,0,2184,354,4032,0.3705357142857143,0.08779761904761904,0.5416666666666666
20,,15,2356,0,2819,698,5873,0.40115784096713775,0.11884896986208071,0.47999318917078154
20,,153,0,0,0,246,246,0.0,1.0,0.0
20,,158,0,0,0,70,70,0.0,1.0,0.0
20,,16,1518,0,76,285,1879,0.8078765300691857,0.15167642362959022,0.04044704630122405
20,,164,442,0,35,472,949,0.4657534246575342,0.49736564805057953,0.0368809272918862
20,,164A,344,0,16,532,892,0.38565022421524664,0.5964125560538116,0.017937219730941704
20,,165,664,0,28,606,1298,0.5115562403697997,0.46687211093990755,0.02157164869029276
20,,166,728,0,59,934,1721,0.42300987797791983,0.5427077280650784,0.03428239395700174
20,,167,358,0,51,532,941,0.3804463336875664,0.565356004250797,0.05419766206163656
20,,167A,494,0,34,348,876,0.5639269406392694,0.3972602739726027,0.03881278538812785
20,,168,184,0,6,750,940,0.19574468085106383,0.7978723404255319,0.006382978723404255
20,,168A,296,0,65,0,361,0.8199445983379502,0.0,0.18005540166204986
20,,169,692,0,37,348,1077,0.6425255338904364,0.3231197771587744,0.034354688950789226
20,,17,2662,0,258,531,3451,0.7713706172124022,0.15386844392929586,0.07476093885830194
20,,170,832,0,65,0,897,0.927536231884058,0.0,0.07246376811594203
20,,171,594,0,62,806,1462,0.4062927496580027,0.5512995896032832,0.04240766073871409
20,,172,390,0,48,654,1092,0.35714285714285715,0.5989010989010989,0.04395604395604396
20,,173,0,0,85,820,905,0.0,0.9060773480662984,0.09392265193370165
20,,173A,98,0,49,876,1023,0.09579667644183773,0.8563049853372434,0.047898338220918865
20,,174,120,0,154,568,842,0.14251781472684086,0.6745843230403801,0.1828978622327791
20,,175,246,0,67,1202,1515,0.16237623762376238,0.7933993399339934,0.04422442244224423
20,,176,394,0,75,612,1081,0.364477335800185,0.5661424606845513,0.06938020351526364
20,,177,794,0,85,474,1353,0.5868440502586844,0.35033259423503327,0.06282335550628233
20,,178,522,0,81,828,1431,0.36477987421383645,0.5786163522012578,0.05660377358490566
20,,178A,344,0,62,570,976,0.3524590163934426,0.5840163934426229,0.06352459016393443
20,,179,974,0,33,444,1451,0.6712611991729841,0.3059958649207443,0.022742935906271536
20,,180,928,0,67,708,1703,0.544920728126835,0.4157369348209043,0.039342337052260715
20,,181,916,0,129,608,1653,0.5541439806412584,0.367816091954023,0.0780399274047187
20,,182,318,0,45,350,713,0.44600280504908835,0.4908835904628331,0.06311360448807854
20,,182A,380,0,52,458,890,0.42696629213483145,0.5146067415730337,0.058426966292134834
20,,183,906,0,154,348,1408,0.6434659090909091,0.2471590909090909,0.109375
20,,184,564,0,79,258,901,0.6259711431742508,0.28634850166481685,0.0876803551609323
20,,186,0,0,0,28,28,0.0,1.0,0.0
20,,19,2394,0,95,577,3066,0.7808219178082192,0.18819308545335942,0.030984996738421394
20,,199,0,0,0,82,82,0.0,1.0,0.0
20,,2,12,0,2838,136,2986,0.004018754186202277,0.04554588077695914,0.9504353650368386
20,,206,0,0,684,0,684,0.0,0.0,1.0
20,,21,1544,0,42,228,1814,0.8511576626240352,0.1256890848952591,0.023153252480705624
20,,210,0,0,0,94,94,0.0,1.0,0.0
20,,223,0,0,0,40,40,0.0,1.0,0.0
20,,23,1518,0,19,219,1756,0.8644646924829157,0.12471526195899772,0.01082004555808656
20,,248,0,0,247,0,247,0.0,0.0,1.0
20,,248A,0,0,383,0,383,0.0,0.0,1.0
20,,249,0,0,379,0,379,0.0,0.0,1.0
20,,249A,0,0,207,0,207,0.0,0.0,1.0
20,,250,0,0,348,0,348,0.0,0.0,1.0
20,,251,0,0,460,0,460,0.0,0.0,1.0
20,,252,0,0,264,0,264,0.0,0.0,1.0
20,,253,0,0,486,0,486,0.0,0.0,1.0
20,,254,0,0,353,0,353,0.0,0.0,1.0
20,,255,0,0,525,0,525,0.0,0.0,1.0
20,,256,0,0,167,0,167,0.0,0.0,1.0
20,,257,0,0,155,0,155,0.0,0.0,1.0
20,,258A,0,0,157,0,157,0.0,0.0,1.0
20,,259,0,0,282,0,282,0.0,0.0,1.0
20,,25B,0,0,126,0,126,0.0,0.0,1.0
20,,260,0,0,226,0,226,0.0,0.0,1.0
20,,260A,0,0,213,0,213,0.0,0.0,1.0
20,,261,0,0,281,0,281,0.0,0.0,1.0
20,,262,0,0,351,0,351,0.0,0.0,1.0
20,,263,0,0,211,0,211,0.0,0.0,1.0
20,,264,0,0,193,0,193,0.0,0.0,1.0
20,,264A,0,0,251,0,251,0.0,0.0,1.0
20,,265,0,0,517,0,517,0.0,0.0,1.0
20,,265A,0,0,263,0,263,0.0,0.0,1.0
20,,267,0,0,469,38,507,0.0,0.07495069033530571,0.9250493096646942
20,,268,0,0,273,0,273,0.0,0.0,1.0
20,,268A,0,0,12,438,450,0.0,0.9733333333333334,0.02666666666666667
20,,28,1202,0,16,29,1247,0.9639133921411387,0.023255813953488372,0.012830793905372895
20,,3,16,0,2277,46,2339,0.006840530141085934,0.01966652415562206,0.973492945703292
20,,309,0,0,0,66,66,0.0,1.0,0.0
20,,314,0,0,0,202,202,0.0,1.0,0.0
20,,321,0,0,0,38,38,0.0,1.0,0.0
20,,327,0,0,0,78,78,0.0,1.0,0.0
20,,329,0,0,0,32,32,0.0,1.0,0.0
20,,330,0,0,0,14,14,0.0,1.0,0.0
20,,339,0,0,0,54,54,0.0,1.0,0.0
20,,369,0,0,0,10,10,0.0,1.0,0.0
20,,379,0,0,0,124,124,0.0,1.0,0.0
20,,4,26,0,1883,40,1949,0.013340174448435094,0.02052334530528476,0.9661364802462802
20,,459,0,0,3068,0,3068,0.0,0.0,1.0
20,,460,0,0,0,60,60,0.0,1.0,0.0
20,,5,42,0,2990,90,3122,0.013452914798206279,0.028827674567584883,0.9577194106342088
20,,50,1364,0,49,113,1526,0.8938401048492791,0.07404980340760157,0.03211009174311927
20,,51,938,0,7,111,1056,0.8882575757575758,0.10511363636363637,0.006628787878787879
20,,53,1156,0,24,26,1206,0.9585406301824212,0.02155887230514096,0.01990049751243781
20,,6,1026,0,2392,440,3858,0.26594090202177295,0.11404872991187144,0.6200103680663557
20,,7,2746,0,2993,606,6345,0.4327817178881009,0.09550827423167849,0.47171000788022066
20,,75,864,0,1179,0,2043,0.42290748898678415,0.0,0.5770925110132159
20,,76,958,0,832,0,1790,0.535195530726257,0.0,0.464804469273743
20,,77,612,0,698,0,1310,0.467175572519084,0.0,0.5328244274809161
20,,78,488,0,820,0,1308,0.3730886850152905,0.0,0.6269113149847095
20,,79,650,0,652,0,1302,0.49923195084485406,0.0,0.500768049155146
20,,8,856,0,1784,250,2890,0.29619377162629756,0.08650519031141868,0.6173010380622838
20,,80,376,0,689,0,1065,0.3530516431924883,0.0,0.6469483568075117
20,,81,794,0,1160,0,1954,0.406345957011259,0.0,0.593654042988741
20,,82,586,0,649,0,1235,0.4744939271255061,0.0,0.5255060728744939
20,,83,444,0,572,0,1016,0.43700787401574803,0.0,0.562992125984252
20,,84,362,0,1200,0,1562,0.23175416133162613,0.0,0.7682458386683739
20,,85,688,0,1022,0,1710,0.4023391812865497,0.0,0.5976608187134503
20,,86,678,0,518,0,1196,0.5668896321070234,0.0,0.4331103678929766
20,,87,866,0,901,0,1767,0.490096208262592,0.0,0.5099037917374081
20,,88,594,0,1348,0,1942,0.305870236869207,0.0,0.694129763130793
20,,89,302,0,1482,0,1784,0.16928251121076232,0.0,0.8307174887892377
20,,9,2214,0,1494,412,4120,0.5373786407766991,0.1,0.36262135922330097
20,,90,1022,0,712,0,1734,0.5893886966551326,0.0,0.41061130334486734
20,,91,574,0,806,0,1380,0.41594202898550725,0.0,0.5840579710144927
20,,92,376,0,668,0,1044,0.36015325670498083,0.0,0.6398467432950191
20,,93,594,0,1373,0,1967,0.3019827147941027,0.0,0.6980172852058973
20,,94,436,0,870,0,1306,0.333843797856049,0.0,0.666156202143951
20,,95,424,0,568,0,992,0.4274193548387097,0.0,0.5725806451612904
20,,96,346,0,780,0,1126,0.30728241563055064,0.0,0.6927175843694494
20,,97,488,0,331,0,819,0.5958485958485958,0.0,0.40415140415140416
20,,98,398,0,727,0,1125,0.3537777777777778,0.0,0.6462222222222223
20,,99,454,0,561,0,1015,0.44729064039408867,0.0,0.5527093596059113
20,,9A,28,0,2247,30,2305,0.012147505422993492,0.013015184381778741,0.9748373101952278
21,,00,0,0,399,0,399,0.0,0.0,1.0
21,,127,0,0,1980,0,1980,0.0,0.0,1.0
21,,128,0,0,1900,0,1900,0.0,0.0,1.0
21,,129,0,0,1991,0,1991,0.0,0.0,1.0
21,,130,0,0,1862,0,1862,0.0,0.0,1.0
21,,132,0,0,2051,0,2051,0.0,0.0,1.0
21,,133,0,0,1340,0,1340,0.0,0.0,1.0
21,,133A,0,0,1472,0,1472,0.0,0.0,1.0
21,,134,0,0,1670,0,1670,0.0,0.0,1.0
21,,134A,0,0,1193,0,1193,0.0,0.0,1.0
21,,135,0,0,1968,0,1968,0.0,0.0,1.0
21,,136,0,0,1520,0,1520,0.0,0.0,1.0
21,,136A,0,0,1153,0,1153,0.0,0.0,1.0
21,,137,0,0,2412,0,2412,0.0,0.0,1.0
21,,138,0,0,2175,0,2175,0.0,0.0,1.0
21,,139,0,0,2702,0,2702,0.0,0.0,1.0
21,,140,0,0,1439,0,1439,0.0,0.0,1.0
21,,140A,0,0,983,0,983,0.0,0.0,1.0
21,,141,0,0,1450,0,1450,0.0,0.0,1.0
21,,143,0,0,1455,0,1455,0.0,0.0,1.0
21,,144,0,0,2210,0,2210,0.0,0.0,1.0
21,,145,0,0,1316,0,1316,0.0,0.0,1.0
21,,145A,0,0,1340,0,1340,0.0,0.0,1.0
21,,146,0,0,1365,0,1365,0.0,0.0,1.0
21,,147,0,0,2440,0,2440,0.0,0.0,1.0
21,,208,0,0,972,0,972,0.0,0.0,1.0
21,,209,0,0,1356,0,1356,0.0,0.0,1.0
21,,209A,0,0,677,0,677,0.0,0.0,1.0
21,,210,0,0,1456,0,1456,0.0,0.0,1.0
21,,211A,0,0,952,0,952,0.0,0.0,1.0
21,,212,0,0,1434,0,1434,0.0,0.0,1.0
21,,213,0,0,1288,0,1288,0.0,0.0,1.0
21,,214,0,0,1008,0,1008,0.0,0.0,1.0
21,,215,0,0,1146,0,1146,0.0,0.0,1.0
21,,216,0,0,990,0,990,0.0,0.0,1.0
21,,217,0,0,1472,0,1472,0.0,0.0,1.0
21,,218,0,0,1416,0,1416,0.0,0.0,1.0
21,,219,0,0,1190,0,1190,0.0,0.0,1.0
21,,220,0,0,1120,0,1120,0.0,0.0,1.0
21,,221,0,0,1198,0,1198,0.0,0.0,1.0
21,,222,0,0,1246,0,1246,0.0,0.0,1.0
21,,223,0,0,1152,0,1152,0.0,0.0,1.0
21,,223A,0,0,752,0,752,0.0,0.0,1.0
21,,224,0,0,1230,0,1230,0.0,0.0,1.0
21,,224A,0,0,586,0,586,0.0,0.0,1.0
21,,225,0,0,1322,0,1322,0.0,0.0,1.0
21,,226,0,0,1058,0,1058,0.0,0.0,1.0
21,,226A,0,0,842,0,842,0.0,0.0,1.0
21,,227,0,0,1084,0,1084,0.0,0.0,1.0
21,,227A,0,0,774,0,774,0.0,0.0,1.0
21,,254,0,0,490,0,490,0.0,0.0,1.0
21,,265,0,0,1563,0,1563,0.0,0.0,1.0
21,,60A,0,0,428,0,428,0.0,0.0,1.0
21,,61,0,0,755,0,755,0.0,0.0,1.0
21,,62,0,0,374,0,374,0.0,0.0,1.0
21,,63,0,0,414,0,414,0.0,0.0,1.0
21,,63A,0,0,469,0,469,0.0,0.0,1.0
21,,64,0,0,781,0,781,0.0,0.0,1.0
21,,65,0,0,605,0,605,0.0,0.0,1.0
21,,66,0,0,837,0,837,0.0,0.0,1.0
21,,67,0,0,698,0,698,0.0,0.0,1.0
21,,68,0,0,536,0,536,0.0,0.0,1.0
21,,68A,0,0,473,0,473,0.0,0.0,1.0
21,,69,0,0,840,0,840,0.0,0.0,1.0
21,,70,0,0,768,0,768,0.0,0.0,1.0
21,,71,0,0,793,0,793,0.0,0.0,1.0
21,,72,0,0,619,0,619,0.0,0.0,1.0
21,,73,0,0,495,0,495,0.0,0.0,1.0
21,,74,0,0,707,0,707,0.0,0.0,1.0
21,,75,0,0,932,0,932,0.0,0.0,1.0
21,,76,0,0,734,0,734,0.0,0.0,1.0
21,,77,0,0,697,0,697,0.0,0.0,1.0
21,,77A,0,0,586,0,586,0.0,0.0,1.0
21,,78,0,0,780,0,780,0.0,0.0,1.0
21,,79,0,0,508,0,508,0.0,0.0,1.0
21,,79A,0,0,462,0,462,0.0,0.0,1.0
21,,81,0,0,612,0,612,0.0,0.0,1.0
22,Kalimpong (in the case of election from a Parliamentary Constituency),1,12,0,73,0,85,0.1411764705882353,0.0,0.8588235294117647
22,Kalimpong (in the case of election from a Parliamentary Constituency),10,0,0,8,0,8,0.0,0.0,1.0
22,Kalimpong (in the case of election from a Parliamentary Constituency),100,9,0,1201,0,1210,0.00743801652892562,0.0,0.9925619834710744
22,Kalimpong (in the case of election from a Parliamentary Constituency),101,8,0,984,0,992,0.008064516129032258,0.0,0.9919354838709677
22,Kalimpong (in the case of election from a Parliamentary Constituency),102,3,0,352,0,355,0.008450704225352112,0.0,0.9915492957746479
22,Kalimpong (in the case of election from a Parliamentary Constituency),103,20,0,325,0,345,0.057971014492753624,0.0,0.9420289855072463
22,Kalimpong (in the case of election from a Parliamentary Constituency),104,7,0,372,0,379,0.018469656992084433,0.0,0.9815303430079155
22,Kalimpong (in the case of election from a Parliamentary Constituency),106,13,0,1117,0,1130,0.011504424778761062,0.0,0.988495575221239
22,Kalimpong (in the case of election from a Parliamentary Constituency),107,12,0,671,0,683,0.017569546120058566,0.0,0.9824304538799414
22,Kalimpong (in the case of election from a Parliamentary Constituency),108,3,0,690,0,693,0.004329004329004329,0.0,0.9956709956709957
22,Kalimpong (in the case of election from a Parliamentary Constituency),109,6,0,452,0,458,0.013100436681222707,0.0,0.9868995633187773
22,Kalimpong (in the case of election from a Parliamentary Constituency),11,0,0,16,0,16,0.0,0.0,1.0
22,Kalimpong (in the case of election from a Parliamentary Constituency),110,1,0,402,0,403,0.0024813895781637717,0.0,0.9975186104218362
22,Kalimpong (in the case of election from a Parliamentary Constituency),111,1,0,605,0,606,0.0016501650165016502,0.0,0.9983498349834984
22,Kalimpong (in the case of election from a Parliamentary Constituency),112,13,0,710,0,723,0.017980636237897647,0.0,0.9820193637621023
22,Kalimpong (in the case of election from a Parliamentary Constituency),113,7,0,463,0,470,0.014893617021276596,0.0,0.9851063829787234
22,Kalimpong (in the case of election from a Parliamentary Constituency),114,3,0,776,0,779,0.0038510911424903724,0.0,0.9961489088575096
22,Kalimpong (in the case of election from a Parliamentary Constituency),115,11,0,791,0,802,0.01371571072319202,0.0,0.986284289276808
22,Kalimpong (in the case of election from a Parliamentary Constituency),116,2,0,789,0,791,0.0025284450063211127,0.0,0.9974715549936789
22,Kalimpong (in the case of election from a Parliamentary Constituency),117,1,0,562,0,563,0.0017761989342806395,0.0,0.9982238010657194
22,Kalimpong (in the case of election from a Parliamentary Constituency),118,2,0,345,0,347,0.005763688760806916,0.0,0.9942363112391931
22,Kalimpong (in the case of election from a Parliamentary Constituency),119,2,0,780,0,782,0.0025575447570332483,0.0,0.9974424552429667
22,Kalimpong (in the case of election from a Parliamentary Constituency),12,0,0,18,0,18,0.0,0.0,1.0
22,Kalimpong (in the case of election from a Parliamentary Constituency),120,2,0,654,0,656,0.003048780487804878,0.0,0.9969512195121951
22,Kalimpong (in the case of election from a Parliamentary Constituency),121,6,0,457,0,463,0.012958963282937365,0.0,0.9870410367170627
22,Kalimpong (in the case of election from a Parliamentary Constituency),122,7,0,630,0,637,0.01098901098901099,0.0,0.989010989010989
22,Kalimpong (in the case of election from a Parliamentary Constituency),123,12,0,645,0,657,0.0182648401826484,0.0,0.9817351598173516
22,Kalimpong (in the case of election from a Parliamentary Constituency),124,4,0,503,0,507,0.007889546351084813,0.0,0.9921104536489151
22,Kalimpong (in the case of election from a Parliamentary Constituency),125,2,0,474,0,476,0.004201680672268907,0.0,0.9957983193277311
22,Kalimpong (in the case of election from a Parliamentary Constituency),126,16,0,635,0,651,0.02457757296466974,0.0,0.9754224270353302
22,Kalimpong (in the case of election from a Parliamentary Constituency),127,5,0,511,0,516,0.009689922480620155,0.0,0.9903100775193798
22,Kalimpong (in the case of election from a Parliamentary Constituency),128,26,0,685,0,711,0.03656821378340366,0.0,0.9634317862165963
22,Kalimpong (in the case of election from a Parliamentary Constituency),129,7,0,425,0,432,0.016203703703703703,0.0,0.9837962962962963
22,Kalimpong (in the case of election from a Parliamentary Constituency),13,0,0,14,0,14,0.0,0.0,1.0
22,Kalimpong (in the case of election from a Parliamentary Constituency),130,6,0,353,0,359,0.016713091922005572,0.0,0.9832869080779945
22,Kalimpong (in the case of election from a Parliamentary Constituency),131,3,0,446,0,449,0.0066815144766146995,0.0,0.9933184855233853
22,Kalimpong (in the case of election from a Parliamentary Constituency),14,0,0,12,0,12,0.0,0.0,1.0
22,Kalimpong (in the case of election from a Parliamentary Constituency),15,0,0,11,0,11,0.0,0.0,1.0
22,Kalimpong (in the case of election from a Parliamentary Constituency),16,0,0,10,0,10,0.0,0.0,1.0
22,Kalimpong (in the case of election from a Parliamentary Constituency),17,0,0,557,0,557,0.0,0.0,1.0
22,Kalimpong (in the case of election from a Parliamentary Constituency),171,0,0,493,0,493,0.0,0.0,1.0
22,Kalimpong (in the case of election from a Parliamentary Constituency),17S,0,0,761,0,761,0.0,0.0,1.0
22,Kalimpong (in the case of election from a Parliamentary Constituency),186,0,0,494,0,494,0.0,0.0,1.0
22,Kalimpong (in the case of election from a Parliamentary Constituency),187,0,0,475,0,475,0.0,0.0,1.0
22,Kalimpong (in the case of election from a Parliamentary Constituency),196,0,0,955,0,955,0.0,0.0,1.0
22,Kalimpong (in the case of election from a Parliamentary Constituency),2,0,0,31,0,31,0.0,0.0,1.0
22,Kalimpong (in the case of election from a Parliamentary Constituency),201,0,0,679,0,679,0.0,0.0,1.0
22,Kalimpong (in the case of election from a Parliamentary Constituency),3,0,0,468,0,468,0.0,0.0,1.0
22,Kalimpong (in the case of election from a Parliamentary Constituency),300,0,0,332,0,332,0.0,0.0,1.0
22,Kalimpong (in the case of election from a Parliamentary Constituency),33,6,0,478,0,484,0.012396694214876033,0.0,0.987603305785124
22,Kalimpong (in the case of election from a Parliamentary Constituency),4,0,0,18,0,18,0.0,0.0,1.0
22,Kalimpong (in the case of election from a Parliamentary Constituency),5,0,0,13,0,13,0.0,0.0,1.0
22,Kalimpong (in the case of election from a Parliamentary Constituency),6,4,0,447,0,451,0.008869179600886918,0.0,0.991130820399113
22,Kalimpong (in the case of election from a Parliamentary Constituency),65,5,0,230,0,235,0.02127659574468085,0.0,0.9787234042553191
22,Kalimpong (in the case of election from a Parliamentary Constituency),66,7,0,380,0,387,0.01808785529715762,0.0,0.9819121447028424
22,Kalimpong (in the case of election from a Parliamentary Constituency),67,3,0,734,0,737,0.004070556309362279,0.0,0.9959294436906377
22,Kalimpong (in the case of election from a Parliamentary Constituency),68,7,0,251,0,258,0.027131782945736434,0.0,0.9728682170542635
22,Kalimpong (in the case of election from a Parliamentary Constituency),69,1,0,144,0,145,0.006896551724137931,0.0,0.993103448275862
22,Kalimpong (in the case of election from a Parliamentary Constituency),7,0,0,20,0,20,0.0,0.0,1.0
22,Kalimpong (in the case of election from a Parliamentary Constituency),70,224,0,50,0,274,0.8175182481751825,0.0,0.18248175182481752
22,Kalimpong (in the case of election from a Parliamentary Constituency),71,200,0,20,0,220,0.9090909090909091,0.0,0.09090909090909091
22,Kalimpong (in the case of election from a Parliamentary Constituency),72,340,0,26,0,366,0.9289617486338798,0.0,0.07103825136612021
22,Kalimpong (in the case of election from a Parliamentary Constituency),74,98,0,8,0,106,0.9245283018867925,0.0,0.07547169811320754
22,Kalimpong (in the case of election from a Parliamentary Constituency),75,296,0,15,0,311,0.9517684887459807,0.0,0.04823151125401929
22,Kalimpong (in the case of election from a Parliamentary Constituency),76,322,0,24,0,346,0.930635838150289,0.0,0.06936416184971098
22,Kalimpong (in the case of election from a Parliamentary Constituency),77,5,0,337,0,342,0.014619883040935672,0.0,0.9853801169590644
22,Kalimpong (in the case of election from a Parliamentary Constituency),78,1,0,263,0,264,0.003787878787878788,0.0,0.9962121212121212
22,Kalimpong (in the case of election from a Parliamentary Constituency),79,8,0,365,0,373,0.021447721179624665,0.0,0.9785522788203753
22,Kalimpong (in the case of election from a Parliamentary Constituency),8,0,0,11,0,11,0.0,0.0,1.0
22,Kalimpong (in the case of election from a Parliamentary Constituency),80,2,0,286,0,288,0.006944444444444444,0.0,0.9930555555555556
22,Kalimpong (in the case of election from a Parliamentary Constituency),9,0,0,20,0,20,0.0,0.0,1.0
23,,1,0,0,590,0,590,0.0,0.0,1.0
23,,10,0,0,627,0,627,0.0,0.0,1.0
23,,106,0,0,402,0,402,0.0,0.0,1.0
23,,107,0,0,734,0,734,0.0,0.0,1.0
23,,108,0,0,545,0,545,0.0,0.0,1.0
23,,109,0,0,487,0,487,0.0,0.0,1.0
23,,11,0,0,587,0,587,0.0,0.0,1.0
23,,110,0,0,637,0,637,0.0,0.0,1.0
23,,111,0,0,517,0,517,0.0,0.0,1.0
23,,112,0,0,672,0,672,0.0,0.0,1.0
23,,113,0,0,602,0,602,0.0,0.0,1.0
23,,114,0,0,445,0,445,0.0,0.0,1.0
23,,115,0,0,645,0,645,0.0,0.0,1.0
23,,116,0,0,686,0,686,0.0,0.0,1.0
23,,117,0,0,610,0,610,0.0,0.0,1.0
23,,118,0,0,453,0,453,0.0,0.0,1.0
23,,119,0,0,539,0,539,0.0,0.0,1.0
23,,120,0,0,350,0,350,0.0,0.0,1.0
23,,121,0,0,742,0,742,0.0,0.0,1.0
23,,122,0,0,729,0,729,0.0,0.0,1.0
23,,123,0,0,617,0,617,0.0,0.0,1.0
23,,124,0,0,812,0,812,0.0,0.0,1.0
23,,125,0,0,949,0,949,0.0,0.0,1.0
23,,126,0,0,966,0,966,0.0,0.0,1.0
23,,127,0,0,651,0,651,0.0,0.0,1.0
23,,128,0,0,449,0,449,0.0,0.0,1.0
23,,129,0,0,409,0,409,0.0,0.0,1.0
23,,13,0,0,438,0,438,0.0,0.0,1.0
23,,130,0,0,651,0,651,0.0,0.0,1.0
23,,131,0,0,668,0,668,0.0,0.0,1.0
23,,132,0,0,1020,0,1020,0.0,0.0,1.0
23,,133,0,0,626,0,626,0.0,0.0,1.0
23,,134,0,0,585,0,585,0.0,0.0,1.0
23,,135,0,0,843,0,843,0.0,0.0,1.0
23,,136,0,0,845,0,845,0.0,0.0,1.0
23,,137,0,0,863,0,863,0.0,0.0,1.0
23,,138,0,0,717,0,717,0.0,0.0,1.0
23,,139,0,0,826,0,826,0.0,0.0,1.0
23,,14,0,0,474,0,474,0.0,0.0,1.0
23,,140,0,0,887,0,887,0.0,0.0,1.0
23,,141,0,0,766,0,766,0.0,0.0,1.0
23,,142,0,0,808,0,808,0.0,0.0,1.0
23,,143,0,0,681,0,681,0.0,0.0,1.0
23,,144,0,0,1113,0,1113,0.0,0.0,1.0
23,,145,0,0,590,0,590,0.0,0.0,1.0
23,,146,0,0,849,0,849,0.0,0.0,1.0
23,,147,0,0,680,0,680,0.0,0.0,1.0
23,,148,0,0,964,0,964,0.0,0.0,1.0
23,,149,0,0,745,0,745,0.0,0.0,1.0
23,,15,0,0,221,0,221,0.0,0.0,1.0
23,,150,0,0,672,0,672,0.0,0.0,1.0
23,,151,0,0,883,0,883,0.0,0.0,1.0
23,,152,0,0,811,0,811,0.0,0.0,1.0
23,,153,0,0,763,0,763,0.0,0.0,1.0
23,,154,0,0,753,0,753,0.0,0.0,1.0
23,,155,0,0,559,0,559,0.0,0.0,1.0
23,,156,0,0,822,0,822,0.0,0.0,1.0
23,,157,0,0,655,0,655,0.0,0.0,1.0
23,,158,0,0,830,0,830,0.0,0.0,1.0
23,,159,0,0,980,0,980,0.0,0.0,1.0
23,,16,0,0,476,0,476,0.0,0.0,1.0
23,,160,0,0,1276,0,1276,0.0,0.0,1.0
23,,161,0,0,677,0,677,0.0,0.0,1.0
23,,162,0,0,822,0,822,0.0,0.0,1.0
23,,163,0,0,1224,0,1224,0.0,0.0,1.0
23,,164,0,0,656,0,656,0.0,0.0,1.0
23,,165,0,0,498,0,498,0.0,0.0,1.0
23,,166,0,0,1022,0,1022,0.0,0.0,1.0
23,,167,0,0,683,0,683,0.0,0.0,1.0
23,,168,0,0,422,0,422,0.0,0.0,1.0
23,,169,0,0,1038,0,1038,0.0,0.0,1.0
23,,17,0,0,564,0,564,0.0,0.0,1.0
23,,170,0,0,1257,0,1257,0.0,0.0,1.0
23,,171,0,0,696,0,696,0.0,0.0,1.0
23,,172,0,0,1393,0,1393,0.0,0.0,1.0
23,,173,0,0,1460,0,1460,0.0,0.0,1.0
23,,174,0,0,1038,0,1038,0.0,0.0,1.0
23,,175,0,0,1450,0,1450,0.0,0.0,1.0
23,,176,0,0,1023,0,1023,0.0,0.0,1.0
23,,177,0,0,707,0,707,0.0,0.0,1.0
23,,178,0,0,1231,0,1231,0.0,0.0,1.0
23,,179,0,0,851,0,851,0.0,0.0,1.0
23,,18,0,0,675,0,675,0.0,0.0,1.0
23,,180,0,0,841,0,841,0.0,0.0,1.0
23,,181,0,0,1003,0,1003,0.0,0.0,1.0
23,,182,0,0,1489,0,1489,0.0,0.0,1.0
23,,183,0,0,1274,0,1274,0.0,0.0,1.0
23,,184,0,0,861,0,861,0.0,0.0,1.0
23,,185,0,0,880,0,880,0.0,0.0,1.0
23,,186,0,0,1275,0,1275,0.0,0.0,1.0
23,,187,0,0,1087,0,1087,0.0,0.0,1.0
23,,188,0,0,1075,0,1075,0.0,0.0,1.0
23,,189,0,0,1452,0,1452,0.0,0.0,1.0
23,,19,0,0,463,0,463,0.0,0.0,1.0
23,,190,0,0,806,0,806,0.0,0.0,1.0
23,,191,0,0,768,0,768,0.0,0.0,1.0
23,,192,0,0,995,0,995,0.0,0.0,1.0
23,,193,0,0,828,0,828,0.0,0.0,1.0
23,,194,0,0,1512,0,1512,0.0,0.0,1.0
23,,195,0,0,1331,0,1331,0.0,0.0,1.0
23,,196,0,0,1246,0,1246,0.0,0.0,1.0
23,,197,0,0,1167,0,1167,0.0,0.0,1.0
23,,198,0,0,1390,0,1390,0.0,0.0,1.0
23,,199,0,0,929,0,929,0.0,0.0,1.0
23,,199A,0,0,356,0,356,0.0,0.0,1.0
23,,2,0,0,666,0,666,0.0,0.0,1.0
23,,200,0,0,1442,0,1442,0.0,0.0,1.0
23,,201,0,0,1226,0,1226,0.0,0.0,1.0
23,,202,0,0,1290,0,1290,0.0,0.0,1.0
23,,203,0,0,1355,0,1355,0.0,0.0,1.0
23,,204,0,0,1367,0,1367,0.0,0.0,1.0
23,,205,0,0,1089,0,1089,0.0,0.0,1.0
23,,206,0,0,1115,0,1115,0.0,0.0,1.0
23,,207,0,0,1663,0,1663,0.0,0.0,1.0
23,,208,0,0,1309,0,1309,0.0,0.0,1.0
23,,209,0,0,974,0,974,0.0,0.0,1.0
23,,209A,0,0,314,0,314,0.0,0.0,1.0
23,,210,0,0,940,0,940,0.0,0.0,1.0
23,,211,0,0,478,0,478,0.0,0.0,1.0
23,,212,0,0,238,0,238,0.0,0.0,1.0
23,,22,0,0,334,0,334,0.0,0.0,1.0
23,,23,0,0,656,0,656,0.0,0.0,1.0
23,,24,0,0,500,0,500,0.0,0.0,1.0
23,,25,0,0,506,0,506,0.0,0.0,1.0
23,,253,0,0,575,0,575,0.0,0.0,1.0
23,,254,0,0,684,0,684,0.0,0.0,1.0
23,,255,0,0,1250,0,1250,0.0,0.0,1.0
23,,256,0,0,571,0,571,0.0,0.0,1.0
23,,257,0,0,1002,0,1002,0.0,0.0,1.0
23,,258,0,0,1035,0,1035,0.0,0.0,1.0
23,,259,0,0,808,0,808,0.0,0.0,1.0
23,,26,0,0,593,0,593,0.0,0.0,1.0
23,,260,0,0,1164,0,1164,0.0,0.0,1.0
23,,261,0,0,962,0,962,0.0,0.0,1.0
23,,262,0,0,900,0,900,0.0,0.0,1.0
23,,263,0,0,884,0,884,0.0,0.0,1.0
23,,264,0,0,1163,0,1163,0.0,0.0,1.0
23,,265,0,0,922,0,922,0.0,0.0,1.0
23,,266,0,0,995,0,995,0.0,0.0,1.0
23,,267,0,0,1011,0,1011,0.0,0.0,1.0
23,,268,0,0,1110,0,1110,0.0,0.0,1.0
23,,269,0,0,767,0,767,0.0,0.0,1.0
23,,27,0,0,650,0,650,0.0,0.0,1.0
23,,270,0,0,507,0,507,0.0,0.0,1.0
23,,271,0,0,742,0,742,0.0,0.0,1.0
23,,272,0,0,791,0,791,0.0,0.0,1.0
23,,273,0,0,692,0,692,0.0,0.0,1.0
23,,274,0,0,513,0,513,0.0,0.0,1.0
23,,275,0,0,622,0,622,0.0,0.0,1.0
23,,276,0,0,802,0,802,0.0,0.0,1.0
23,,277,0,0,666,0,666,0.0,0.0,1.0
23,,278,0,0,730,0,730,0.0,0.0,1.0
23,,279,0,0,646,0,646,0.0,0.0,1.0
23,,28,0,0,332,0,332,0.0,0.0,1.0
23,,280,0,0,606,0,606,0.0,0.0,1.0
23,,281,0,0,649,0,649,0.0,0.0,1.0
23,,282,0,0,834,0,834,0.0,0.0,1.0
23,,283,0,0,753,0,753,0.0,0.0,1.0
23,,284,0,0,670,0,670,0.0,0.0,1.0
23,,285,0,0,663,0,663,0.0,0.0,1.0
23,,286,0,0,721,0,721,0.0,0.0,1.0
23,,287,0,0,748,0,748,0.0,0.0,1.0
23,,288,0,0,596,0,596,0.0,0.0,1.0
23,,289,0,0,376,0,376,0.0,0.0,1.0
23,,29,0,0,679,0,679,0.0,0.0,1.0
23,,290,0,0,509,0,509,0.0,0.0,1.0
23,,291,0,0,633,0,633,0.0,0.0,1.0
23,,292,0,0,679,0,679,0.0,0.0,1.0
23,,293,0,0,570,0,570,0.0,0.0,1.0
23,,294,0,0,722,0,722,0.0,0.0,1.0
23,,296,0,0,1448,0,1448,0.0,0.0,1.0
23,,297,0,0,1536,0,1536,0.0,0.0,1.0
23,,298,0,0,1540,0,1540,0.0,0.0,1.0
23,,299,0,0,1578,0,1578,0.0,0.0,1.0
23,,3,0,0,255,0,255,0.0,0.0,1.0
23,,30,0,0,390,0,390,0.0,0.0,1.0
23,,300,0,0,1078,0,1078,0.0,0.0,1.0
23,,301,0,0,933,0,933,0.0,0.0,1.0
23,,302,0,0,1707,0,1707,0.0,0.0,1.0
23,,303,0,0,1677,0,1677,0.0,0.0,1.0
23,,304,0,0,1393,0,1393,0.0,0.0,1.0
23,,305,0,0,1549,0,1549,0.0,0.0,1.0
23,,306,0,0,1353,0,1353,0.0,0.0,1.0
23,,307,0,0,1432,0,1432,0.0,0.0,1.0
23,,308,0,0,1050,0,1050,0.0,0.0,1.0
23,,309,0,0,857,0,857,0.0,0.0,1.0
23,,31,0,0,485,0,485,0.0,0.0,1.0
23,,310,0,0,1334,0,1334,0.0,0.0,1.0
23,,311,0,0,1300,0,1300,0.0,0.0,1.0
23,,312,0,0,1218,0,1218,0.0,0.0,1.0
23,,313,0,0,1410,0,1410,0.0,0.0,1.0
23,,314,0,0,1817,0,1817,0.0,0.0,1.0
23,,315,0,0,1627,0,1627,0.0,0.0,1.0
23,,318,4,0,911,0,915,0.004371584699453552,0.0,0.9956284153005465
23,,319,5,0,338,0,343,0.014577259475218658,0.0,0.9854227405247813
23,,32,0,0,550,0,550,0.0,0.0,1.0
23,,320,6,0,753,0,759,0.007905138339920948,0.0,0.9920948616600791
23,,321,5,0,821,0,826,0.006053268765133172,0.0,0.9939467312348669
23,,322,7,0,1033,0,1040,0.006730769230769231,0.0,0.9932692307692308
23,,323,7,0,659,0,666,0.010510510510510511,0.0,0.9894894894894894
23,,324,7,0,698,0,705,0.009929078014184398,0.0,0.9900709219858156
23,,325,3,0,398,0,401,0.007481296758104738,0.0,0.9925187032418953
23,,326,1,0,682,0,683,0.0014641288433382138,0.0,0.9985358711566618
23,,327,4,0,416,0,420,0.009523809523809525,0.0,0.9904761904761905
23,,328,10,0,818,0,828,0.012077294685990338,0.0,0.9879227053140096
23,,329,8,0,912,0,920,0.008695652173913044,0.0,0.991304347826087
23,,33,0,0,437,0,437,0.0,0.0,1.0
23,,330,6,0,677,0,683,0.008784773060029283,0.0,0.9912152269399708
23,,331,1,0,785,0,786,0.001272264631043257,0.0,0.9987277353689568
23,,332,1,0,788,0,789,0.0012674271229404308,0.0,0.9987325728770595
23,,333,7,0,767,0,774,0.00904392764857881,0.0,0.9909560723514211
23,,334,3,0,367,0,370,0.008108108108108109,0.0,0.9918918918918919
23,,335,4,0,690,0,694,0.005763688760806916,0.0,0.9942363112391931
23,,336,2,0,845,0,847,0.0023612750885478157,0.0,0.9976387249114522
23,,337,0,0,1701,0,1701,0.0,0.0,1.0
23,,338,0,0,1131,0,1131,0.0,0.0,1.0
23,,339,0,0,1538,0,1538,0.0,0.0,1.0
23,,34,0,0,469,0,469,0.0,0.0,1.0
23,,340,0,0,1524,0,1524,0.0,0.0,1.0
23,,341,0,0,1521,0,1521,0.0,0.0,1.0
23,,342,0,0,1185,0,1185,0.0,0.0,1.0
23,,343,0,0,710,0,710,0.0,0.0,1.0
23,,344,0,0,1728,0,1728,0.0,0.0,1.0
23,,345,0,0,1303,0,1303,0.0,0.0,1.0
23,,346,0,0,1090,0,1090,0.0,0.0,1.0
23,,347,0,0,1221,0,1221,0.0,0.0,1.0
23,,348,0,0,1227,0,1227,0.0,0.0,1.0
23,,349,0,0,1620,0,1620,0.0,0.0,1.0
23,,35,0,0,713,0,713,0.0,0.0,1.0
23,,36,0,0,452,0,452,0.0,0.0,1.0
23,,37,0,0,480,0,480,0.0,0.0,1.0
23,,38,0,0,622,0,622,0.0,0.0,1.0
23,,39,0,0,613,0,613,0.0,0.0,1.0
23,,4,0,0,475,0,475,0.0,0.0,1.0
23,,40,0,0,750,0,750,0.0,0.0,1.0
23,,41,0,0,585,0,585,0.0,0.0,1.0
23,,42,0,0,366,0,366,0.0,0.0,1.0
23,,43,0,0,57,0,57,0.0,0.0,1.0
23,,44,0,0,51,0,51,0.0,0.0,1.0
23,,45,0,0,48,0,48,0.0,0.0,1.0
23,,46,0,0,50,0,50,0.0,0.0,1.0
23,,47,0,0,48,0,48,0.0,0.0,1.0
23,,48,0,0,6,0,6,0.0,0.0,1.0
23,,49,0,0,52,0,52,0.0,0.0,1.0
23,,5,0,0,401,0,401,0.0,0.0,1.0
23,,50,0,0,53,0,53,0.0,0.0,1.0
23,,51,0,0,49,0,49,0.0,0.0,1.0
23,,52,0,0,61,0,61,0.0,0.0,1.0
23,,53,0,0,59,0,59,0.0,0.0,1.0
23,,54,0,0,53,0,53,0.0,0.0,1.0
23,,55,0,0,63,0,63,0.0,0.0,1.0
23,,56,0,0,7,0,7,0.0,0.0,1.0
23,,57,0,0,64,0,64,0.0,0.0,1.0
23,,58,0,0,57,0,57,0.0,0.0,1.0
23,,59,0,0,64,0,64,0.0,0.0,1.0
23,,5A,0,0,329,0,329,0.0,0.0,1.0
23,,6,0,0,567,0,567,0.0,0.0,1.0
23,,60,0,0,65,0,65,0.0,0.0,1.0
23,,61,0,0,91,0,91,0.0,0.0,1.0
23,,62,0,0,10,0,10,0.0,0.0,1.0
23,,63,0,0,71,0,71,0.0,0.0,1.0
23,,64,0,0,662,0,662,0.0,0.0,1.0
23,,65,0,0,884,0,884,0.0,0.0,1.0
23,,66,0,0,1380,0,1380,0.0,0.0,1.0
23,,67,0,0,1556,0,1556,0.0,0.0,1.0
23,,68,0,0,1287,0,1287,0.0,0.0,1.0
23,,69,0,0,1256,0,1256,0.0,0.0,1.0
23,,7,0,0,395,0,395,0.0,0.0,1.0
23,,70,0,0,1500,0,1500,0.0,0.0,1.0
23,,71,0,0,1078,0,1078,0.0,0.0,1.0
23,,72,0,0,1374,0,1374,0.0,0.0,1.0
23,,73,0,0,695,0,695,0.0,0.0,1.0
23,,74,0,0,860,0,860,0.0,0.0,1.0
23,,75,0,0,1099,0,1099,0.0,0.0,1.0
23,,76,0,0,1031,0,1031,0.0,0.0,1.0
23,,77,0,0,951,0,951,0.0,0.0,1.0
23,,78,0,0,768,0,768,0.0,0.0,1.0
23,,79,0,0,556,0,556,0.0,0.0,1.0
23,,7A,0,0,422,0,422,0.0,0.0,1.0
23,,8,0,0,397,0,397,0.0,0.0,1.0
23,,80,0,0,583,0,583,0.0,0.0,1.0
23,,81,0,0,1012,0,1012,0.0,0.0,1.0
23,,82,0,0,934,0,934,0.0,0.0,1.0
23,,83,0,0,1076,0,1076,0.0,0.0,1.0
23,,84,0,0,934,0,934,0.0,0.0,1.0
24,,1,0,0,648,0,648,0.0,0.0,1.0
24,,1(l,0,0,307,0,307,0.0,0.0,1.0
24,,10,0,0,655,0,655,0.0,0.0,1.0
24,,101,0,0,94,0,94,0.0,0.0,1.0
24,,102,0,0,95,0,95,0.0,0.0,1.0
24,,103,0,0,96,0,96,0.0,0.0,1.0
24,,104,0,0,97,0,97,0.0,0.0,1.0
24,,105,0,0,98,0,98,0.0,0.0,1.0
24,,106,0,0,99,0,99,0.0,0.0,1.0
24,,107,0,0,100,0,100,0.0,0.0,1.0
24,,108,0,0,101,0,101,0.0,0.0,1.0
24,,109,0,0,102,0,102,0.0,0.0,1.0
24,,11,0,0,574,0,574,0.0,0.0,1.0
24,,110,0,0,103,0,103,0.0,0.0,1.0
24,,12,0,0,590,0,590,0.0,0.0,1.0
24,,13,0,0,668,0,668,0.0,0.0,1.0
24,,14,0,0,425,0,425,0.0,0.0,1.0
24,,15,0,0,714,0,714,0.0,0.0,1.0
24,,155,0,0,122,0,122,0.0,0.0,1.0
24,,156,0,0,351,0,351,0.0,0.0,1.0
24,,157,0,0,185,0,185,0.0,0.0,1.0
24,,158,0,0,168,0,168,0.0,0.0,1.0
24,,159,0,0,6,0,6,0.0,0.0,1.0
24,,16,0,0,362,0,362,0.0,0.0,1.0
24,,160,0,0,132,0,132,0.0,0.0,1.0
24,,161,0,0,245,0,245,0.0,0.0,1.0
24,,163,0,0,325,0,325,0.0,0.0,1.0
24,,164,0,0,177,0,177,0.0,0.0,1.0
24,,165,0,0,236,0,236,0.0,0.0,1.0
24,,166,0,0,302,0,302,0.0,0.0,1.0
24,,167,0,0,299,0,299,0.0,0.0,1.0
24,,168,0,0,140,0,140,0.0,0.0,1.0
24,,169,0,0,290,0,290,0.0,0.0,1.0
24,,17,0,0,430,0,430,0.0,0.0,1.0
24,,170,0,0,381,0,381,0.0,0.0,1.0
24,,171,0,0,385,0,385,0.0,0.0,1.0
24,,172,0,0,356,0,356,0.0,0.0,1.0
24,,173,0,0,420,0,420,0.0,0.0,1.0
24,,174,0,0,418,0,418,0.0,0.0,1.0
24,,175,0,0,221,0,221,0.0,0.0,1.0
24,,176,0,0,205,0,205,0.0,0.0,1.0
24,,178,0,0,219,0,219,0.0,0.0,1.0
24,,179,0,0,333,0,333,0.0,0.0,1.0
24,,18,0,0,451,0,451,0.0,0.0,1.0
24,,180,0,0,452,0,452,0.0,0.0,1.0
24,,181,0,0,373,0,373,0.0,0.0,1.0
24,,182,0,0,196,0,196,0.0,0.0,1.0
24,,183,0,0,368,0,368,0.0,0.0,1.0
24,,184,0,0,252,0,252,0.0,0.0,1.0
24,,185,0,0,110,0,110,0.0,0.0,1.0
24,,186,0,0,311,0,311,0.0,0.0,1.0
24,,187,0,0,160,0,160,0.0,0.0,1.0
24,,188,0,0,474,0,474,0.0,0.0,1.0
24,,189,0,0,203,0,203,0.0,0.0,1.0
24,,19,0,0,721,0,721,0.0,0.0,1.0
24,,190,0,0,415,0,415,0.0,0.0,1.0
24,,191,0,0,417,0,417,0.0,0.0,1.0
24,,193,0,0,404,0,404,0.0,0.0,1.0
24,,194,0,0,390,0,390,0.0,0.0,1.0
24,,195,0,0,419,0,419,0.0,0.0,1.0
24,,196,0,0,376,0,376,0.0,0.0,1.0
24,,197,0,0,320,0,320,0.0,0.0,1.0
24,,198,0,0,319,0,319,0.0,0.0,1.0
24,,199,5,0,127,0,132,0.03787878787878788,0.0,0.9621212121212122
24,,20,0,0,378,0,378,0.0,0.0,1.0
24,,200,3,0,654,0,657,0.0045662100456621,0.0,0.9954337899543378
24,,201,2,0,880,0,882,0.0022675736961451248,0.0,0.9977324263038548
24,,202,9,0,927,0,936,0.009615384615384616,0.0,0.9903846153846154
24,,203,2,0,507,0,509,0.003929273084479371,0.0,0.9960707269155207
24,,204,6,0,617,0,623,0.009630818619582664,0.0,0.9903691813804173
24,,205,2,0,558,0,560,0.0035714285714285713,0.0,0.9964285714285714
24,,206,6,0,400,0,406,0.014778325123152709,0.0,0.9852216748768473
24,,207,4,0,724,0,728,0.005494505494505495,0.0,0.9945054945054945
24,,208,8,0,635,0,643,0.012441679626749611,0.0,0.9875583203732504
24,,209,5,0,579,0,584,0.008561643835616438,0.0,0.9914383561643836
24,,210,4,0,553,0,557,0.00718132854578097,0.0,0.992818671454219
24,,211,1,0,343,0,344,0.0029069767441860465,0.0,0.997093023255814
24,,212,4,0,733,0,737,0.005427408412483039,0.0,0.994572591587517
24,,213,7,0,442,0,449,0.015590200445434299,0.0,0.9844097995545658
24,,214,1,0,777,0,778,0.0012853470437017994,0.0,0.9987146529562982
24,,215,0,0,464,0,464,0.0,0.0,1.0
24,,216,9,0,774,0,783,0.011494252873563218,0.0,0.9885057471264368
24,,217,11,0,634,0,645,0.017054263565891473,0.0,0.9829457364341085
24,,218,3,0,416,0,419,0.007159904534606206,0.0,0.9928400954653938
24,,219,5,0,723,0,728,0.006868131868131868,0.0,0.9931318681318682
24,,220,1,0,828,0,829,0.0012062726176115801,0.0,0.9987937273823885
24,,223,0,0,200,0,200,0.0,0.0,1.0
24,,224,0,0,201,0,201,0.0,0.0,1.0
24,,225,0,0,202,0,202,0.0,0.0,1.0
24,,226,0,0,203,0,203,0.0,0.0,1.0
24,,227,0,0,204,0,204,0.0,0.0,1.0
24,,228,0,0,205,0,205,0.0,0.0,1.0
24,,230,0,0,206,0,206,0.0,0.0,1.0
24,,231,0,0,207,0,207,0.0,0.0,1.0
24,,232,0,0,208,0,208,0.0,0.0,1.0
24,,233,0,0,209,0,209,0.0,0.0,1.0
24,,235,0,0,210,0,210,0.0,0.0,1.0
24,,236,0,0,211,0,211,0.0,0.0,1.0
24,,237,0,0,212,0,212,0.0,0.0,1.0
24,,238,0,0,213,0,213,0.0,0.0,1.0
24,,240,0,0,214,0,214,0.0,0.0,1.0
24,,241,0,0,275,0,275,0.0,0.0,1.0
24,,253,0,0,741,0,741,0.0,0.0,1.0
24,,265,0,0,50,0,50,0.0,0.0,1.0
24,,266,0,0,922,0,922,0.0,0.0,1.0
24,,267,0,0,894,0,894,0.0,0.0,1.0
24,,268,0,0,631,0,631,0.0,0.0,1.0
24,,269,0,0,408,0,408,0.0,0.0,1.0
24,,270,0,0,832,0,832,0.0,0.0,1.0
24,,271,0,0,928,0,928,0.0,0.0,1.0
24,,272,0,0,1590,0,1590,0.0,0.0,1.0
24,,273,0,0,856,0,856,0.0,0.0,1.0
24,,274,0,0,924,0,924,0.0,0.0,1.0
24,,275,0,0,1023,0,1023,0.0,0.0,1.0
24,,276,0,0,674,0,674,0.0,0.0,1.0
24,,277,0,0,421,0,421,0.0,0.0,1.0
24,,278,0,0,838,0,838,0.0,0.0,1.0
24,,279,0,0,804,0,804,0.0,0.0,1.0
24,,280,0,0,811,0,811,0.0,0.0,1.0
24,,281,0,0,813,0,813,0.0,0.0,1.0
24,,282,0,0,613,0,613,0.0,0.0,1.0
24,,283,0,0,508,0,508,0.0,0.0,1.0
24,,285,0,0,637,0,637,0.0,0.0,1.0
24,,286,0,0,399,0,399,0.0,0.0,1.0
24,,288,0,0,366,0,366,0.0,0.0,1.0
24,,289,0,0,599,0,599,0.0,0.0,1.0
24,,290,0,0,646,0,646,0.0,0.0,1.0
24,,291,0,0,402,0,402,0.0,0.0,1.0
24,,292,0,0,370,0,370,0.0,0.0,1.0
24,,293,0,0,510,0,510,0.0,0.0,1.0
24,,294,0,0,877,0,877,0.0,0.0,1.0
24,,295,0,0,796,0,796,0.0,0.0,1.0
24,,296,0,0,950,0,950,0.0,0.0,1.0
24,,297,0,0,857,0,857,0.0,0.0,1.0
24,,298,0,0,516,0,516,0.0,0.0,1.0
24,,299,0,0,672,0,672,0.0,0.0,1.0
24,,3,0,0,523,0,523,0.0,0.0,1.0
24,,300,0,0,362,0,362,0.0,0.0,1.0
24,,301,0,0,674,0,674,0.0,0.0,1.0
24,,302,0,0,384,0,384,0.0,0.0,1.0
24,,303,0,0,573,0,573,0.0,0.0,1.0
24,,304,0,0,425,0,425,0.0,0.0,1.0
24,,305,0,0,615,0,615,0.0,0.0,1.0
24,,306,0,0,453,0,453,0.0,0.0,1.0
24,,307,0,0,630,0,630,0.0,0.0,1.0
24,,308,0,0,505,0,505,0.0,0.0,1.0
24,,309,0,0,269,0,269,0.0,0.0,1.0
24,,310,0,0,270,0,270,0.0,0.0,1.0
24,,311,0,0,271,0,271,0.0,0.0,1.0
24,,312,0,0,272,0,272,0.0,0.0,1.0
24,,313,0,0,273,0,273,0.0,0.0,1.0
24,,314,0,0,274,0,274,0.0,0.0,1.0
24,,315,0,0,275,0,275,0.0,0.0,1.0
24,,316,0,0,276,0,276,0.0,0.0,1.0
24,,317,0,0,277,0,277,0.0,0.0,1.0
24,,318,0,0,278,0,278,0.0,0.0,1.0
24,,319,0,0,279,0,279,0.0,0.0,1.0
24,,320,0,0,280,0,280,0.0,0.0,1.0
24,,321,0,0,281,0,281,0.0,0.0,1.0
24,,322,0,0,282,0,282,0.0,0.0,1.0
24,,323,0,0,283,0,283,0.0,0.0,1.0
24,,324,0,0,284,0,284,0.0,0.0,1.0
24,,325,0,0,285,0,285,0.0,0.0,1.0
24,,326,0,0,286,0,286,0.0,0.0,1.0
24,,328,0,0,287,0,287,0.0,0.0,1.0
24,,329,0,0,290,0,290,0.0,0.0,1.0
24,,331,0,0,45289,0,45289,0.0,0.0,1.0
24,,332,58,0,98,0,156,0.3717948717948718,0.0,0.6282051282051282
24,,4,0,0,459,0,459,0.0,0.0,1.0
24,,46,0,0,421,0,421,0.0,0.0,1.0
24,,47,0,0,434,0,434,0.0,0.0,1.0
24,,48,0,0,691,0,691,0.0,0.0,1.0
24,,49,0,0,382,0,382,0.0,0.0,1.0
24,,50,0,0,648,0,648,0.0,0.0,1.0
24,,52,0,0,332,0,332,0.0,0.0,1.0
24,,53,0,0,573,0,573,0.0,0.0,1.0
24,,54,0,0,180,0,180,0.0,0.0,1.0
24,,55,0,0,322,0,322,0.0,0.0,1.0
24,,57,0,0,464,0,464,0.0,0.0,1.0
24,,58,0,0,96,0,96,0.0,0.0,1.0
24,,59,0,0,263,0,263,0.0,0.0,1.0
24,,6,0,0,550,0,550,0.0,0.0,1.0
24,,60,0,0,319,0,319,0.0,0.0,1.0
24,,61,0,0,500,0,500,0.0,0.0,1.0
24,,62,0,0,496,0,496,0.0,0.0,1.0
24,,63,0,0,312,0,312,0.0,0.0,1.0
24,,64,0,0,650,0,650,0.0,0.0,1.0
24,,65,0,0,320,0,320,0.0,0.0,1.0
24,,66,0,0,242,0,242,0.0,0.0,1.0
24,,67,0,0,150,0,150,0.0,0.0,1.0
24,,68,0,0,647,0,647,0.0,0.0,1.0
24,,7,0,0,334,0,334,0.0,0.0,1.0
24,,70,0,0,337,0,337,0.0,0.0,1.0
24,,71,0,0,682,0,682,0.0,0.0,1.0
24,,72,0,0,624,0,624,0.0,0.0,1.0
24,,73,0,0,576,0,576,0.0,0.0,1.0
24,,74,0,0,566,0,566,0.0,0.0,1.0
24,,75,0,0,383,0,383,0.0,0.0,1.0
24,,76,0,0,816,0,816,0.0,0.0,1.0
24,,77,0,0,255,0,255,0.0,0.0,1.0
24,,78,0,0,573,0,573,0.0,0.0,1.0
24,,79,0,0,549,0,549,0.0,0.0,1.0
24,,80,0,0,613,0,613,0.0,0.0,1.0
24,,81,0,0,432,0,432,0.0,0.0,1.0
24,,82,0,0,440,0,440,0.0,0.0,1.0
24,,83,0,0,373,0,373,0.0,0.0,1.0
24,,84,0,0,584,0,584,0.0,0.0,1.0
24,,85,0,0,611,0,611,0.0,0.0,1.0
24,,86,0,0,703,0,703,0.0,0.0,1.0
24,,87,0,0,709,0,709,0.0,0.0,1.0
24,,88,0,0,649,0,649,0.0,0.0,1.0
24,,89,0,0,240,0,240,0.0,0.0,1.0
24,,90,0,0,84,0,84,0.0,0.0,1.0
24,,91,0,0,85,0,85,0.0,0.0,1.0
24,,92,0,0,86,0,86,0.0,0.0,1.0
24,,93,0,0,0,0,0,,,
24,,94,0,0,88,0,88,0.0,0.0,1.0
24,,96,0,0,89,0,89,0.0,0.0,1.0
24,,97,0,0,90,0,90,0.0,0.0,1.0
24,,98,0,0,91,0,91,0.0,0.0,1.0
24,,99,0,0,0,0,0,,,
25,,1,0,0,273,0,273,0.0,0.0,1.0
25,,10,0,0,319,0,319,0.0,0.0,1.0
25,,100,0,0,722,0,722,0.0,0.0,1.0
25,,102,0,0,856,0,856,0.0,0.0,1.0
25,,103,0,0,421,0,421,0.0,0.0,1.0
25,,104,0,0,216,0,216,0.0,0.0,1.0
25,,105,0,0,426,0,426,0.0,0.0,1.0
25,,105A,0,0,462,0,462,0.0,0.0,1.0
25,,106,0,0,601,0,601,0.0,0.0,1.0
25,,106A,0,0,639,0,639,0.0,0.0,1.0
25,,107,0,0,666,0,666,0.0,0.0,1.0
25,,108,0,0,646,0,646,0.0,0.0,1.0
25,,109,0,0,535,0,535,0.0,0.0,1.0
25,,11,0,0,218,0,218,0.0,0.0,1.0
25,,110,0,0,615,0,615,0.0,0.0,1.0
25,,111,0,0,498,0,498,0.0,0.0,1.0
25,,111A,0,0,524,0,524,0.0,0.0,1.0
25,,112,0,0,897,0,897,0.0,0.0,1.0
25,,113,0,0,522,0,522,0.0,0.0,1.0
25,,114,0,0,461,0,461,0.0,0.0,1.0
25,,115,0,0,684,0,684,0.0,0.0,1.0
25,,116,0,0,524,0,524,0.0,0.0,1.0
25,,117,0,0,513,0,513,0.0,0.0,1.0
25,,117A,0,0,528,0,528,0.0,0.0,1.0
25,,118,0,0,678,0,678,0.0,0.0,1.0
25,,119,0,0,487,0,487,0.0,0.0,1.0
25,,12,0,0,75,0,75,0.0,0.0,1.0
25,,120,0,0,744,0,744,0.0,0.0,1.0
25,,121,0,0,822,0,822,0.0,0.0,1.0
25,,122,0,0,704,0,704,0.0,0.0,1.0
25,,123,0,0,686,0,686,0.0,0.0,1.0
25,,124,0,0,581,0,581,0.0,0.0,1.0
25,,125,0,0,775,0,775,0.0,0.0,1.0
25,,126,0,0,604,0,604,0.0,0.0,1.0
25,,127,0,0,748,0,748,0.0,0.0,1.0
25,,128,0,0,490,0,490,0.0,0.0,1.0
25,,128A,0,0,483,0,483,0.0,0.0,1.0
25,,129,0,0,620,0,620,0.0,0.0,1.0
25,,13,0,0,103,0,103,0.0,0.0,1.0
25,,130,0,0,932,0,932,0.0,0.0,1.0
25,,131,0,0,691,0,691,0.0,0.0,1.0
25,,132,0,0,704,0,704,0.0,0.0,1.0
25,,133,0,0,774,0,774,0.0,0.0,1.0
25,,134,0,0,523,0,523,0.0,0.0,1.0
25,,134A,0,0,560,0,560,0.0,0.0,1.0
25,,135,0,0,572,0,572,0.0,0.0,1.0
25,,136,0,0,877,0,877,0.0,0.0,1.0
25,,137,0,0,16,0,16,0.0,0.0,1.0
25,,138,0,0,552,0,552,0.0,0.0,1.0
25,,139,0,0,452,0,452,0.0,0.0,1.0
25,,14,0,0,203,0,203,0.0,0.0,1.0
25,,140,0,0,601,0,601,0.0,0.0,1.0
25,,141,0,0,888,0,888,0.0,0.0,1.0
25,,142,0,0,671,0,671,0.0,0.0,1.0
25,,143,0,0,794,0,794,0.0,0.0,1.0
25,,144,0,0,630,0,630,0.0,0.0,1.0
25,,145,0,0,678,0,678,0.0,0.0,1.0
25,,146,0,0,733,0,733,0.0,0.0,1.0
25,,147,0,0,695,0,695,0.0,0.0,1.0
25,,148,0,0,604,0,604,0.0,0.0,1.0
25,,149,0,0,243,0,243,0.0,0.0,1.0
25,,149A,0,0,408,0,408,0.0,0.0,1.0
25,,14A,0,0,246,0,246,0.0,0.0,1.0
25,,15,0,0,510,0,510,0.0,0.0,1.0
25,,150,0,0,497,0,497,0.0,0.0,1.0
25,,150A,0,0,521,0,521,0.0,0.0,1.0
25,,151,0,0,628,0,628,0.0,0.0,1.0
25,,153,0,0,732,0,732,0.0,0.0,1.0
25,,154,0,0,107,0,107,0.0,0.0,1.0
25,,155,0,0,494,0,494,0.0,0.0,1.0
25,,155A,0,0,472,0,472,0.0,0.0,1.0
25,,156,0,0,721,0,721,0.0,0.0,1.0
25,,157,0,0,598,0,598,0.0,0.0,1.0
25,,157A,0,0,617,0,617,0.0,0.0,1.0
25,,159,0,0,765,0,765,0.0,0.0,1.0
25,,16,0,0,361,0,361,0.0,0.0,1.0
25,,160,0,0,770,0,770,0.0,0.0,1.0
25,,161,0,0,619,0,619,0.0,0.0,1.0
25,,162,0,0,494,0,494,0.0,0.0,1.0
25,,163,0,0,668,0,668,0.0,0.0,1.0
25,,164,0,0,525,0,525,0.0,0.0,1.0
25,,164A,0,0,422,0,422,0.0,0.0,1.0
25,,165,0,0,503,0,503,0.0,0.0,1.0
25,,165A,0,0,491,0,491,0.0,0.0,1.0
25,,166,0,0,469,0,469,0.0,0.0,1.0
25,,167,0,0,1317,0,1317,0.0,0.0,1.0
25,,168,0,0,609,0,609,0.0,0.0,1.0
25,,169,0,0,1223,0,1223,0.0,0.0,1.0
25,,17,0,0,257,0,257,0.0,0.0,1.0
25,,170,0,0,1580,0,1580,0.0,0.0,1.0
25,,171,0,0,1234,0,1234,0.0,0.0,1.0
25,,172,0,0,1797,0,1797,0.0,0.0,1.0
25,,173,0,0,1253,0,1253,0.0,0.0,1.0
25,,174,0,0,1221,0,1221,0.0,0.0,1.0
25,,175,0,0,887,0,887,0.0,0.0,1.0
25,,176,0,0,1560,0,1560,0.0,0.0,1.0
25,,177,0,0,1639,0,1639,0.0,0.0,1.0
25,,178,0,0,1222,0,1222,0.0,0.0,1.0
25,,178A,0,0,1357,0,1357,0.0,0.0,1.0
25,,179,0,0,1190,0,1190,0.0,0.0,1.0
25,,179A,0,0,1203,0,1203,0.0,0.0,1.0
25,,17A,0,0,224,0,224,0.0,0.0,1.0
25,,18,0,0,430,0,430,0.0,0.0,1.0
25,,180,0,0,1496,0,1496,0.0,0.0,1.0
25,,181,0,0,1183,0,1183,0.0,0.0,1.0
25,,181A,0,0,1055,0,1055,0.0,0.0,1.0
25,,182,0,0,1744,0,1744,0.0,0.0,1.0
25,,183,0,0,977,0,977,0.0,0.0,1.0
25,,183A,0,0,862,0,862,0.0,0.0,1.0
25,,184,0,0,1339,0,1339,0.0,0.0,1.0
25,,185,0,0,581,0,581,0.0,0.0,1.0
25,,185A,0,0,808,0,808,0.0,0.0,1.0
25,,186,0,0,1277,0,1277,0.0,0.0,1.0
25,,187,0,0,1381,0,1381,0.0,0.0,1.0
25,,188,0,0,1463,0,1463,0.0,0.0,1.0
25,,189,0,0,1538,0,1538,0.0,0.0,1.0
25,,19,0,0,455,0,455,0.0,0.0,1.0
25,,190,0,0,1066,0,1066,0.0,0.0,1.0
25,,190A,0,0,975,0,975,0.0,0.0,1.0
25,,191,0,0,1082,0,1082,0.0,0.0,1.0
25,,191A,0,0,1093,0,1093,0.0,0.0,1.0
25,,192,0,0,776,0,776,0.0,0.0,1.0
25,,193,0,0,944,0,944,0.0,0.0,1.0
25,,193A,0,0,437,0,437,0.0,0.0,1.0
25,,194,0,0,847,0,847,0.0,0.0,1.0
25,,196,0,0,564,0,564,0.0,0.0,1.0
25,,196A,0,0,494,0,494,0.0,0.0,1.0
25,,197,0,0,654,0,654,0.0,0.0,1.0
25,,197A,0,0,635,0,635,0.0,0.0,1.0
25,,198,0,0,659,0,659,0.0,0.0,1.0
25,,198A,0,0,639,0,639,0.0,0.0,1.0
25,,199,0,0,541,0,541,0.0,0.0,1.0
25,,2,0,0,300,0,300,0.0,0.0,1.0
25,,200,0,0,630,0,630,0.0,0.0,1.0
25,,201,0,0,597,0,597,0.0,0.0,1.0
25,,202,0,0,582,0,582,0.0,0.0,1.0
25,,203,0,0,422,0,422,0.0,0.0,1.0
25,,203A,0,0,488,0,488,0.0,0.0,1.0
25,,204,0,0,742,0,742,0.0,0.0,1.0
25,,205,0,0,456,0,456,0.0,0.0,1.0
25,,206,0,0,626,0,626,0.0,0.0,1.0
25,,207,0,0,909,0,909,0.0,0.0,1.0
25,,208,0,0,541,0,541,0.0,0.0,1.0
25,,210,0,0,786,0,786,0.0,0.0,1.0
25,,211,0,0,651,0,651,0.0,0.0,1.0
25,,212,0,0,516,0,516,0.0,0.0,1.0
25,,212A,0,0,483,0,483,0.0,0.0,1.0
25,,213,0,0,493,0,493,0.0,0.0,1.0
25,,213A,0,0,474,0,474,0.0,0.0,1.0
25,,214,0,0,835,0,835,0.0,0.0,1.0
25,,215,0,0,765,0,765,0.0,0.0,1.0
25,,216,0,0,508,0,508,0.0,0.0,1.0
25,,216A,0,0,479,0,479,0.0,0.0,1.0
25,,217,0,0,829,0,829,0.0,0.0,1.0
25,,218,0,0,490,0,490,0.0,0.0,1.0
25,,219,0,0,797,0,797,0.0,0.0,1.0
25,,220,0,0,322,0,322,0.0,0.0,1.0
25,,221,0,0,860,0,860,0.0,0.0,1.0
25,,222,0,0,739,0,739,0.0,0.0,1.0
25,,223,0,0,843,0,843,0.0,0.0,1.0
25,,224,0,0,973,0,973,0.0,0.0,1.0
25,,225,0,0,1625,0,1625,0.0,0.0,1.0
25,,226,0,0,554,0,554,0.0,0.0,1.0
25,,226A,0,0,474,0,474,0.0,0.0,1.0
25,,227,0,0,487,0,487,0.0,0.0,1.0
25,,227A,0,0,389,0,389,0.0,0.0,1.0
25,,228,0,0,800,0,800,0.0,0.0,1.0
25,,229,0,0,740,0,740,0.0,0.0,1.0
25,,230,0,0,613,0,613,0.0,0.0,1.0
25,,230A,0,0,612,0,612,0.0,0.0,1.0
25,,231,0,0,564,0,564,0.0,0.0,1.0
25,,231A,0,0,620,0,620,0.0,0.0,1.0
25,,232,0,0,462,0,462,0.0,0.0,1.0
25,,232A,0,0,427,0,427,0.0,0.0,1.0
25,,233,0,0,870,0,870,0.0,0.0,1.0
25,,234,0,0,740,0,740,0.0,0.0,1.0
25,,235,0,0,523,0,523,0.0,0.0,1.0
25,,235A,0,0,517,0,517,0.0,0.0,1.0
25,,236,0,0,587,0,587,0.0,0.0,1.0
25,,236A,0,0,520,0,520,0.0,0.0,1.0
25,,237,0,0,552,0,552,0.0,0.0,1.0
25,,238,0,0,563,0,563,0.0,0.0,1.0
25,,239,0,0,470,0,470,0.0,0.0,1.0
25,,239A,0,0,395,0,395,0.0,0.0,1.0
25,,240,0,0,465,0,465,0.0,0.0,1.0
25,,240A,0,0,461,0,461,0.0,0.0,1.0
25,,241,0,0,206,0,206,0.0,0.0,1.0
25,,242,0,0,325,0,325,0.0,0.0,1.0
25,,243,0,0,711,0,711,0.0,0.0,1.0
25,,244,0,0,566,0,566,0.0,0.0,1.0
25,,245,0,0,632,0,632,0.0,0.0,1.0
25,,246,0,0,839,0,839,0.0,0.0,1.0
25,,247,0,0,423,0,423,0.0,0.0,1.0
25,,247A,0,0,411,0,411,0.0,0.0,1.0
25,,248,0,0,526,0,526,0.0,0.0,1.0
25,,248A,0,0,219,0,219,0.0,0.0,1.0
25,,249,0,0,139,0,139,0.0,0.0,1.0
25,,249A,0,0,138,0,138,0.0,0.0,1.0
25,,250,0,0,109,0,109,0.0,0.0,1.0
25,,251,0,0,268,0,268,0.0,0.0,1.0
25,,252,0,0,249,0,249,0.0,0.0,1.0
25,,253,0,0,178,0,178,0.0,0.0,1.0
25,,254,0,0,196,0,196,0.0,0.0,1.0
25,,254A,0,0,133,0,133,0.0,0.0,1.0
25,,255,0,0,253,0,253,0.0,0.0,1.0
25,,256,0,0,280,0,280,0.0,0.0,1.0
25,,256A,0,0,199,0,199,0.0,0.0,1.0
25,,257,0,0,177,0,177,0.0,0.0,1.0
25,,257A,0,0,196,0,196,0.0,0.0,1.0
25,,258,0,0,180,0,180,0.0,0.0,1.0
25,,259,0,0,166,0,166,0.0,0.0,1.0
25,,259A,0,0,93,0,93,0.0,0.0,1.0
25,,260,0,0,495,0,495,0.0,0.0,1.0
25,,261,0,0,299,0,299,0.0,0.0,1.0
25,,262,0,0,168,0,168,0.0,0.0,1.0
25,,263,0,0,101,0,101,0.0,0.0,1.0
25,,263A,0,0,80,0,80,0.0,0.0,1.0
25,,264,0,0,199,0,199,0.0,0.0,1.0
25,,265,0,0,391,0,391,0.0,0.0,1.0
25,,266,0,0,256,0,256,0.0,0.0,1.0
25,,267,0,0,206,0,206,0.0,0.0,1.0
25,,269,0,0,244,0,244,0.0,0.0,1.0
25,,269A,0,0,165,0,165,0.0,0.0,1.0
25,,270,0,0,204,0,204,0.0,0.0,1.0
25,,270A,0,0,143,0,143,0.0,0.0,1.0
25,,271,0,0,213,0,213,0.0,0.0,1.0
25,,272,0,0,143,0,143,0.0,0.0,1.0
25,,273,0,0,208,0,208,0.0,0.0,1.0
25,,274,0,0,350,0,350,0.0,0.0,1.0
25,,275,0,0,166,0,166,0.0,0.0,1.0
25,,275A,0,0,365,125,490,0.0,0.25510204081632654,0.7448979591836735
25,,276,0,0,445,260,705,0.0,0.36879432624113473,0.6312056737588653
25,,277,0,0,374,233,607,0.0,0.38385502471169686,0.6161449752883031
25,,278,0,0,424,182,606,0.0,0.30033003300330036,0.6996699669966997
25,,279,0,0,416,198,614,0.0,0.32247557003257327,0.6775244299674267
25,,280,0,0,445,150,595,0.0,0.25210084033613445,0.7478991596638656
25,,281,0,0,363,134,497,0.0,0.26961770623742454,0.7303822937625755
25,,281A,0,0,372,118,490,0.0,0.24081632653061225,0.7591836734693878
25,,282,0,0,534,291,825,0.0,0.3527272727272727,0.6472727272727272
25,,283,0,0,504,157,661,0.0,0.23751891074130105,0.762481089258699
25,,284,0,0,632,243,875,0.0,0.2777142857142857,0.7222857142857143
25,,285,0,0,488,150,638,0.0,0.23510971786833856,0.7648902821316614
25,,285A,0,0,508,139,647,0.0,0.21483771251931993,0.7851622874806801
25,,286,0,0,411,114,525,0.0,0.21714285714285714,0.7828571428571428
25,,286A,0,0,411,95,506,0.0,0.18774703557312253,0.8122529644268774
25,,287,0,0,557,225,782,0.0,0.2877237851662404,0.7122762148337596
25,,288,0,0,548,173,721,0.0,0.23994452149791956,0.7600554785020804
25,,289,0,0,476,89,565,0.0,0.15752212389380532,0.8424778761061947
25,,289A,0,0,431,93,524,0.0,0.17748091603053434,0.8225190839694656
25,,290,0,0,596,220,816,0.0,0.2696078431372549,0.7303921568627451
25,,291,0,0,306,123,429,0.0,0.2867132867132867,0.7132867132867133
25,,291A,0,0,349,82,431,0.0,0.1902552204176334,0.8097447795823666
25,,292,0,0,374,148,522,0.0,0.2835249042145594,0.7164750957854407
25,,292A,0,0,442,148,590,0.0,0.25084745762711863,0.7491525423728813
25,,293,0,0,489,162,651,0.0,0.2488479262672811,0.7511520737327189
25,,294,0,0,379,115,494,0.0,0.23279352226720648,0.7672064777327935
25,,295,0,0,454,198,652,0.0,0.30368098159509205,0.696319018404908
25,,296,0,0,665,196,861,0.0,0.22764227642276422,0.7723577235772358
25,,297,0,0,326,383,709,0.0,0.5401974612129761,0.459802538787024
25,,298,0,0,495,172,667,0.0,0.25787106446776614,0.7421289355322339
25,,299,0,0,518,136,654,0.0,0.20795107033639143,0.7920489296636085
25,,299A,0,0,511,158,669,0.0,0.23617339312406577,0.7638266068759342
25,,3,0,0,569,0,569,0.0,0.0,1.0
25,,300,0,0,622,236,858,0.0,0.27505827505827507,0.7249417249417249
25,,301,0,0,679,197,876,0.0,0.22488584474885845,0.7751141552511416
25,,302,0,0,237,169,406,0.0,0.41625615763546797,0.583743842364532
25,,303,0,0,406,156,562,0.0,0.2775800711743772,0.7224199288256228
25,,303A,0,0,750,0,750,0.0,0.0,1.0
25,,304,0,0,595,0,595,0.0,0.0,1.0
25,,305,0,0,539,0,539,0.0,0.0,1.0
25,,306,0,0,505,0,505,0.0,0.0,1.0
25,,306A,0,0,857,0,857,0.0,0.0,1.0
25,,4,0,0,380,0,380,0.0,0.0,1.0
25,,476,0,0,299,0,299,0.0,0.0,1.0
25,,5,0,0,311,0,311,0.0,0.0,1.0
25,,6,0,0,295,0,295,0.0,0.0,1.0
25,,76,0,0,301,0,301,0.0,0.0,1.0
25,,76A,0,0,487,0,487,0.0,0.0,1.0
25,,78,0,0,551,0,551,0.0,0.0,1.0
25,,79,0,0,711,0,711,0.0,0.0,1.0
25,,7A,0,0,345,0,345,0.0,0.0,1.0
25,,8,0,0,353,0,353,0.0,0.0,1.0
25,,80,0,0,682,0,682,0.0,0.0,1.0
25,,80A,0,0,531,0,531,0.0,0.0,1.0
25,,81,0,0,664,0,664,0.0,0.0,1.0
25,,82,0,0,847,0,847,0.0,0.0,1.0
25,,83,0,0,683,0,683,0.0,0.0,1.0
25,,84,0,0,429,0,429,0.0,0.0,1.0
25,,84A,0,0,442,0,442,0.0,0.0,1.0
25,,85,0,0,300,0,300,0.0,0.0,1.0
25,,86,0,0,661,0,661,0.0,0.0,1.0
25,,87,0,0,778,0,778,0.0,0.0,1.0
25,,88,0,0,770,0,770,0.0,0.0,1.0
25,,89,0,0,506,0,506,0.0,0.0,1.0
25,,8A,0,0,394,0,394,0.0,0.0,1.0
25,,9,0,0,612,0,612,0.0,0.0,1.0
25,,90,0,0,593,0,593,0.0,0.0,1.0
25,,91,0,0,497,0,497,0.0,0.0,1.0
25,,91A,0,0,275,0,275,0.0,0.0,1.0
25,,92,0,0,466,0,466,0.0,0.0,1.0
25,,93,0,0,575,0,575,0.0,0.0,1.0
25,,94,0,0,624,0,624,0.0,0.0,1.0
25,,95,0,0,586,0,586,0.0,0.0,1.0
25,,96,0,0,620,0,620,0.0,0.0,1.0
25,,97,0,0,680,0,680,0.0,0.0,1.0
25,,98,0,0,441,0,441,0.0,0.0,1.0
25,,99,0,0,451,0,451,0.0,0.0,1.0
26,,224,0,0,168,0,168,0.0,0.0,1.0
26,,225,0,0,164,0,164,0.0,0.0,1.0
26,,226,1,0,668,0,669,0.0014947683109118087,0.0,0.9985052316890882
26,,227,3,0,525,0,528,0.005681818181818182,0.0,0.9943181818181818
26,,228,1,0,429,0,430,0.002325581395348837,0.0,0.9976744186046511
26,,228A,0,0,461,0,461,0.0,0.0,1.0
26,,229,0,0,428,0,428,0.0,0.0,1.0
26,,229A,1,0,501,0,502,0.00199203187250996,0.0,0.99800796812749
26,,230,3,0,372,0,375,0.008,0.0,0.992
26,,231,1,0,619,0,620,0.0016129032258064516,0.0,0.9983870967741936
26,,232,1,0,605,0,606,0.0016501650165016502,0.0,0.9983498349834984
26,,233,1,0,758,0,759,0.0013175230566534915,0.0,0.9986824769433466
26,,234,2,0,687,0,689,0.002902757619738752,0.0,0.9970972423802612
26,,235,0,0,518,0,518,0.0,0.0,1.0
26,,236,2,0,595,0,597,0.0033500837520938024,0.0,0.9966499162479062
26,,237,1,0,547,0,548,0.0018248175182481751,0.0,0.9981751824817519
26,,238,2,0,686,0,688,0.0029069767441860465,0.0,0.997093023255814
26,,239,0,0,622,0,622,0.0,0.0,1.0
26,,240,1,0,656,0,657,0.0015220700152207,0.0,0.9984779299847792
26,,241,0,0,600,0,600,0.0,0.0,1.0
26,,241A,0,0,501,0,501,0.0,0.0,1.0
26,,242,1,0,435,0,436,0.0022935779816513763,0.0,0.9977064220183486
26,,243,3,0,721,0,724,0.004143646408839779,0.0,0.9958563535911602
26,,244,1,0,623,0,624,0.0016025641025641025,0.0,0.9983974358974359
26,,245,1,0,706,0,707,0.0014144271570014145,0.0,0.9985855728429985
27,,144A,0,0,137,0,137,0.0,0.0,1.0
27,,145,0,0,6,0,6,0.0,0.0,1.0
27,,145A,0,0,53,0,53,0.0,0.0,1.0
27,,146,0,0,163,0,163,0.0,0.0,1.0
27,,147,0,0,108,0,108,0.0,0.0,1.0
27,,148,0,0,84,0,84,0.0,0.0,1.0
27,,149,0,0,102,0,102,0.0,0.0,1.0
27,,149A,0,0,254,0,254,0.0,0.0,1.0
27,,150,0,0,204,0,204,0.0,0.0,1.0
27,,151,0,0,166,0,166,0.0,0.0,1.0
27,,152,0,0,201,0,201,0.0,0.0,1.0
27,,153,0,0,131,0,131,0.0,0.0,1.0
27,,153A,0,0,143,0,143,0.0,0.0,1.0
27,,154,0,0,196,0,196,0.0,0.0,1.0
27,,154A,0,0,177,0,177,0.0,0.0,1.0
27,,155,0,0,307,0,307,0.0,0.0,1.0
27,,156,0,0,485,0,485,0.0,0.0,1.0
27,,156A,0,0,597,0,597,0.0,0.0,1.0
27,,157,0,0,421,0,421,0.0,0.0,1.0
27,,157A,0,0,285,0,285,0.0,0.0,1.0
27,,158,0,0,589,0,589,0.0,0.0,1.0
27,,159,0,0,267,0,267,0.0,0.0,1.0
27,,160,0,0,174,0,174,0.0,0.0,1.0
27,,161A,0,0,166,0,166,0.0,0.0,1.0
27,,162,0,0,318,0,318,0.0,0.0,1.0
28,Chopra,1,0,0,482,0,482,0.0,0.0,1.0
28,Chopra,10,0,0,245,400,645,0.0,0.6201550387596899,0.3798449612403101
28,Chopra,100,0,0,141,722,863,0.0,0.8366164542294322,0.1633835457705678
28,Chopra,101,0,0,246,145,391,0.0,0.37084398976982097,0.629156010230179
28,Chopra,102,0,0,502,70,572,0.0,0.12237762237762238,0.8776223776223776
28,Chopra,103,0,0,434,276,710,0.0,0.38873239436619716,0.6112676056338028
28,Chopra,104,0,0,362,244,606,0.0,0.40264026402640263,0.5973597359735974
28,Chopra,105,0,0,305,88,393,0.0,0.22391857506361323,0.7760814249363868
28,Chopra,106,0,0,236,183,419,0.0,0.43675417661097854,0.5632458233890215
28,Chopra,107,0,0,315,230,545,0.0,0.42201834862385323,0.5779816513761468
28,Chopra,108,0,0,228,203,431,0.0,0.4709976798143852,0.5290023201856149
28,Chopra,109,0,0,289,107,396,0.0,0.2702020202020202,0.7297979797979798
28,Chopra,11,0,0,204,404,608,0.0,0.6644736842105263,0.3355263157894737
28,Chopra,110,0,0,316,160,476,0.0,0.33613445378151263,0.6638655462184874
28,Chopra,111,0,0,284,242,526,0.0,0.4600760456273764,0.5399239543726235
28,Chopra,112,0,0,638,156,794,0.0,0.1964735516372796,0.8035264483627204
28,Chopra,114,0,0,308,122,430,0.0,0.2837209302325581,0.7162790697674418
28,Chopra,115,0,0,401,75,476,0.0,0.15756302521008403,0.842436974789916
28,Chopra,116,0,0,337,92,429,0.0,0.21445221445221446,0.7855477855477856
28,Chopra,117,0,0,335,1,336,0.0,0.002976190476190476,0.9970238095238095
28,Chopra,118,0,0,457,197,654,0.0,0.3012232415902141,0.6987767584097859
28,Chopra,119,0,0,440,185,625,0.0,0.296,0.704
28,Chopra,12,0,0,528,210,738,0.0,0.2845528455284553,0.7154471544715447
28,Chopra,120,0,0,145,462,607,0.0,0.7611202635914333,0.23887973640856672
28,Chopra,121,0,0,323,260,583,0.0,0.44596912521440824,0.5540308747855918
28,Chopra,122,0,0,289,456,745,0.0,0.6120805369127517,0.38791946308724834
28,Chopra,123,0,0,585,48,633,0.0,0.07582938388625593,0.9241706161137441
28,Chopra,124,0,0,426,66,492,0.0,0.13414634146341464,0.8658536585365854
28,Chopra,125,0,0,487,72,559,0.0,0.12880143112701253,0.8711985688729875
28,Chopra,126,0,0,523,98,621,0.0,0.15780998389694043,0.8421900161030595
28,Chopra,127,0,0,653,54,707,0.0,0.07637906647807638,0.9236209335219236
28,Chopra,128,0,0,595,32,627,0.0,0.051036682615629984,0.94896331738437
28,Chopra,129,0,0,796,109,905,0.0,0.12044198895027625,0.8795580110497238
28,Chopra,13,0,0,452,38,490,0.0,0.07755102040816327,0.9224489795918367
28,Chopra,130,0,0,542,9,551,0.0,0.016333938294010888,0.9836660617059891
28,Chopra,131,0,0,529,15,544,0.0,0.027573529411764705,0.9724264705882353
28,Chopra,132,0,0,459,149,608,0.0,0.2450657894736842,0.7549342105263158
28,Chopra,133,0,0,417,225,642,0.0,0.35046728971962615,0.6495327102803738
28,Chopra,134,0,0,614,82,696,0.0,0.11781609195402298,0.882183908045977
28,Chopra,135,0,0,494,149,643,0.0,0.2317262830482115,0.7682737169517885
28,Chopra,136,0,0,562,100,662,0.0,0.1510574018126888,0.8489425981873112
28,Chopra,137,0,0,463,72,535,0.0,0.13457943925233645,0.8654205607476636
28,Chopra,138,0,0,783,49,832,0.0,0.05889423076923077,0.9411057692307693
28,Chopra,139,0,0,465,29,494,0.0,0.058704453441295545,0.9412955465587044
28,Chopra,14,0,0,422,33,455,0.0,0.07252747252747253,0.9274725274725275
28,Chopra,140,0,0,574,22,596,0.0,0.03691275167785235,0.9630872483221476
28,Chopra,141,0,0,670,43,713,0.0,0.06030855539971949,0.9396914446002805
28,Chopra,142,0,0,602,39,641,0.0,0.060842433697347896,0.9391575663026521
28,Chopra,143,0,0,612,82,694,0.0,0.11815561959654179,0.8818443804034583
28,Chopra,144,0,0,705,52,757,0.0,0.06869220607661823,0.9313077939233818
28,Chopra,145,0,0,462,28,490,0.0,0.05714285714285714,0.9428571428571428
28,Chopra,146,0,0,593,68,661,0.0,0.10287443267776097,0.897125567322239
28,Chopra,147,0,0,549,28,577,0.0,0.04852686308492201,0.951473136915078
28,Chopra,148,0,0,665,70,735,0.0,0.09523809523809523,0.9047619047619048
28,Chopra,149,0,0,455,30,485,0.0,0.061855670103092786,0.9381443298969072
28,Chopra,15,0,0,555,234,789,0.0,0.2965779467680608,0.7034220532319392
28,Chopra,150,0,0,579,113,692,0.0,0.16329479768786126,0.8367052023121387
28,Chopra,151,0,0,372,263,635,0.0,0.4141732283464567,0.5858267716535434
28,Chopra,152,0,0,334,391,725,0.0,0.5393103448275862,0.4606896551724138
28,Chopra,153,0,0,624,47,671,0.0,0.07004470938897168,0.9299552906110283
28,Chopra,154,0,0,211,191,402,0.0,0.47512437810945274,0.5248756218905473
28,Chopra,155,0,0,550,129,679,0.0,0.18998527245949925,0.8100147275405007
28,Chopra,156,0,0,205,584,789,0.0,0.7401774397972116,0.2598225602027883
28,Chopra,157,0,0,630,68,698,0.0,0.09742120343839542,0.9025787965616046
28,Chopra,158,0,0,451,95,546,0.0,0.17399267399267399,0.826007326007326
28,Chopra,159,0,0,195,652,847,0.0,0.7697756788665879,0.23022432113341204
28,Chopra,16,0,0,867,14,881,0.0,0.015891032917139614,0.9841089670828603
28,Chopra,160,0,0,279,620,899,0.0,0.6896551724137931,0.3103448275862069
28,Chopra,161,0,0,729,66,795,0.0,0.0830188679245283,0.9169811320754717
28,Chopra,162,0,0,542,55,597,0.0,0.09212730318257957,0.9078726968174204
28,Chopra,164,0,0,515,26,541,0.0,0.04805914972273567,0.9519408502772643
28,Chopra,165,32,0,223,358,613,0.052202283849918436,0.5840130505709625,0.3637846655791191
28,Chopra,166,60,0,469,21,550,0.10909090909090909,0.038181818181818185,0.8527272727272728
28,Chopra,167,45,0,389,67,501,0.08982035928143713,0.13373253493013973,0.7764471057884231
28,Chopra,168,124,0,408,47,579,0.2141623488773748,0.08117443868739206,0.7046632124352331
28,Chopra,169,99,0,658,41,798,0.12406015037593984,0.05137844611528822,0.8245614035087719
28,Chopra,17,0,0,601,17,618,0.0,0.02750809061488673,0.9724919093851133
28,Chopra,170,36,0,444,7,487,0.07392197125256673,0.014373716632443531,0.9117043121149897
28,Chopra,171,76,0,604,45,725,0.10482758620689656,0.06206896551724138,0.833103448275862
28,Chopra,172,125,0,480,11,616,0.20292207792207792,0.017857142857142856,0.7792207792207793
28,Chopra,173,112,0,345,10,467,0.2398286937901499,0.021413276231263382,0.7387580299785867
28,Chopra,174,62,0,517,214,793,0.07818411097099622,0.2698612862547289,0.6519546027742749
28,Chopra,175,29,0,514,183,726,0.03994490358126722,0.25206611570247933,0.7079889807162535
28,Chopra,176,24,0,509,123,656,0.036585365853658534,0.1875,0.7759146341463414
28,Chopra,177,79,0,505,32,616,0.12824675324675325,0.05194805194805195,0.8198051948051948
28,Chopra,178,83,0,559,31,673,0.12332838038632987,0.04606240713224369,0.8306092124814265
28,Chopra,179,64,0,656,90,810,0.07901234567901234,0.1111111111111111,0.8098765432098766
28,Chopra,180,48,0,281,56,385,0.12467532467532468,0.14545454545454545,0.7298701298701299
28,Chopra,181,169,0,317,94,580,0.2913793103448276,0.16206896551724137,0.5465517241379311
28,Chopra,182,84,0,502,73,659,0.1274658573596358,0.11077389984825493,0.7617602427921093
28,Chopra,183,132,0,387,110,629,0.20985691573926868,0.17488076311605724,0.615262321144674
28,Chopra,184,58,0,532,37,627,0.09250398724082935,0.05901116427432217,0.8484848484848485
28,Chopra,185,82,0,291,32,405,0.20246913580246914,0.07901234567901234,0.7185185185185186
28,Chopra,186,66,0,668,21,755,0.08741721854304636,0.02781456953642384,0.8847682119205298
28,Chopra,187,56,0,373,18,447,0.12527964205816555,0.040268456375838924,0.8344519015659956
28,Chopra,188,132,0,683,99,914,0.14442013129102846,0.10831509846827134,0.7472647702407003
28,Chopra,189,98,0,501,28,627,0.15629984051036683,0.044657097288676235,0.7990430622009569
28,Chopra,19,0,0,376,49,425,0.0,0.11529411764705882,0.8847058823529412
28,Chopra,190,74,0,423,39,536,0.13805970149253732,0.07276119402985075,0.789179104477612
28,Chopra,191,79,0,473,41,593,0.13322091062394603,0.06913996627318718,0.7976391231028668
28,Chopra,192,51,0,480,40,571,0.0893169877408056,0.07005253940455342,0.840630472854641
28,Chopra,193,33,0,613,94,740,0.0445945945945946,0.12702702702702703,0.8283783783783784
28,Chopra,194,65,0,405,15,485,0.13402061855670103,0.030927835051546393,0.8350515463917526
28,Chopra,195,25,0,523,48,596,0.04194630872483222,0.08053691275167785,0.87751677852349
28,Chopra,196,58,0,391,44,493,0.11764705882352941,0.08924949290060852,0.7931034482758621
28,Chopra,197,19,0,375,57,451,0.04212860310421286,0.12638580931263857,0.8314855875831486
28,Chopra,198,40,0,279,326,645,0.06201550387596899,0.5054263565891473,0.4325581395348837
28,Chopra,199,16,0,531,51,598,0.026755852842809364,0.08528428093645485,0.8879598662207357
28,Chopra,2,0,0,470,44,514,0.0,0.08560311284046693,0.914396887159533
28,Chopra,20,0,0,486,37,523,0.0,0.07074569789674952,0.9292543021032504
28,Chopra,200,8,0,135,370,513,0.015594541910331383,0.7212475633528265,0.2631578947368421
28,Chopra,201,33,0,571,158,762,0.04330708661417323,0.2073490813648294,0.7493438320209974
28,Chopra,202,10,0,467,81,558,0.017921146953405017,0.14516129032258066,0.8369175627240143
28,Chopra,203,41,0,616,117,774,0.05297157622739018,0.1511627906976744,0.7958656330749354
28,Chopra,204,74,0,333,73,480,0.15416666666666667,0.15208333333333332,0.69375
28,Chopra,205,13,0,483,41,537,0.024208566108007448,0.07635009310986965,0.8994413407821229
28,Chopra,206,14,0,395,56,465,0.030107526881720432,0.12043010752688173,0.8494623655913979
28,Chopra,207,30,0,544,102,676,0.04437869822485207,0.15088757396449703,0.8047337278106509
28,Chopra,208,23,0,25,341,389,0.05912596401028278,0.8766066838046273,0.06426735218508997
28,Chopra,209,133,0,14,342,489,0.2719836400817996,0.6993865030674846,0.028629856850715747
28,Chopra,21,0,0,433,111,544,0.0,0.20404411764705882,0.7959558823529411
28,Chopra,210,69,0,36,496,601,0.11480865224625623,0.8252911813643927,0.059900166389351084
28,Chopra,211,63,0,41,376,480,0.13125,0.7833333333333333,0.08541666666666667
28,Chopra,212,325,0,17,242,584,0.5565068493150684,0.4143835616438356,0.02910958904109589
28,Chopra,213,91,0,928,1162,2181,0.041723979825768,0.5327831270059605,0.42549289316827144
28,Chopra,214,109,0,587,943,1639,0.06650396583282489,0.5753508236729713,0.3581452104942038
28,Chopra,214 A,62,0,504,396,962,0.06444906444906445,0.41164241164241167,0.5239085239085239
28,Chopra,215,101,0,536,815,1452,0.06955922865013774,0.5612947658402204,0.3691460055096419
28,Chopra,215 A,26,0,509,451,986,0.02636916835699797,0.45740365111561865,0.5162271805273834
28,Chopra,216,274,0,732,1128,2134,0.12839737582005623,0.528584817244611,0.3430178069353327
28,Chopra,217,134,0,797,928,1859,0.0720817643894567,0.49919311457772997,0.42872512103281335
28,Chopra,218,62,0,628,861,1551,0.039974210186976146,0.5551257253384912,0.4049000644745326
28,Chopra,219,167,0,643,976,1786,0.093505039193729,0.5464725643896976,0.36002239641657335
28,Chopra,22,0,0,246,289,535,0.0,0.5401869158878505,0.45981308411214955
28,Chopra,220,152,0,721,1045,1918,0.07924921793534932,0.5448383733055265,0.3759124087591241
28,Chopra,221,270,0,726,1049,2045,0.13202933985330073,0.5129584352078239,0.3550122249388753
28,Chopra,222,206,0,770,894,1870,0.11016042780748662,0.47807486631016044,0.4117647058823529
28,Chopra,223,158,0,651,794,1603,0.09856519026824703,0.495321272613849,0.40611353711790393
28,Chopra,224,138,0,789,915,1842,0.0749185667752443,0.496742671009772,0.42833876221498374
28,Chopra,225,183,0,833,908,1924,0.09511434511434512,0.47193347193347196,0.43295218295218296
28,Chopra,226,212,0,54,557,823,0.25759416767922233,0.6767922235722965,0.06561360874848117
28,Chopra,227,20,0,25,416,461,0.04338394793926247,0.9023861171366594,0.05422993492407809
28,Chopra,228,21,0,14,602,637,0.03296703296703297,0.945054945054945,0.02197802197802198
28,Chopra,229,124,0,49,464,637,0.1946624803767661,0.728414442700157,0.07692307692307693
28,Chopra,23,0,0,448,118,566,0.0,0.20848056537102475,0.7915194346289752
28,Chopra,230,25,0,28,480,533,0.04690431519699812,0.900562851782364,0.0525328330206379
28,Chopra,231,106,0,17,471,594,0.17845117845117844,0.7929292929292929,0.02861952861952862
28,Chopra,232,176,0,20,299,495,0.35555555555555557,0.604040404040404,0.04040404040404041
28,Chopra,233,143,0,41,267,451,0.3170731707317073,0.5920177383592018,0.09090909090909091
28,Chopra,234,205,0,26,390,621,0.33011272141706927,0.6280193236714976,0.04186795491143317
28,Chopra,235,21,0,34,544,599,0.035058430717863104,0.9081803005008348,0.05676126878130217
28,Chopra,236,340,0,13,230,583,0.5831903945111492,0.39451114922813035,0.022298456260720412
28,Chopra,237,140,0,17,538,695,0.2014388489208633,0.7741007194244605,0.02446043165467626
28,Chopra,238,71,0,38,523,632,0.11234177215189874,0.8275316455696202,0.060126582278481014
28,Chopra,239,26,0,54,453,533,0.04878048780487805,0.849906191369606,0.10131332082551595
28,Chopra,240,63,0,28,492,583,0.10806174957118353,0.8439108061749572,0.048027444253859346
28,Chopra,241,315,0,21,275,611,0.5155482815057283,0.4500818330605565,0.03436988543371522
28,Chopra,242,123,0,18,453,594,0.20707070707070707,0.7626262626262627,0.030303030303030304
28,Chopra,243,3,0,20,853,876,0.003424657534246575,0.973744292237443,0.0228310502283105
28,Chopra,244,11,0,14,519,544,0.02022058823529412,0.9540441176470589,0.025735294117647058
28,Chopra,245,27,0,30,547,604,0.04470198675496689,0.9056291390728477,0.04966887417218543
28,Chopra,247,48,0,37,487,572,0.08391608391608392,0.8513986013986014,0.06468531468531469
28,Chopra,248,13,0,23,800,836,0.01555023923444976,0.9569377990430622,0.02751196172248804
28,Chopra,249,17,0,32,502,551,0.030852994555353903,0.911070780399274,0.05807622504537205
28,Chopra,25,0,0,208,288,496,0.0,0.5806451612903226,0.41935483870967744
28,Chopra,250,16,0,23,600,639,0.025039123630672927,0.9389671361502347,0.03599374021909233
28,Chopra,26,30,0,468,554,1052,0.028517110266159697,0.526615969581749,0.4448669201520912
28,Chopra,26A,134,0,27,346,507,0.26429980276134124,0.6824457593688363,0.05325443786982249
28,Chopra,27,325,0,237,353,915,0.3551912568306011,0.38579234972677595,0.25901639344262295
28,Chopra,28,426,0,554,335,1315,0.3239543726235741,0.25475285171102663,0.42129277566539924
28,Chopra,29,159,0,608,358,1125,0.14133333333333334,0.31822222222222224,0.5404444444444444
28,Chopra,294,12,0,639,38,689,0.01741654571843251,0.055152394775036286,0.9274310595065312
28,Chopra,295,17,0,251,562,830,0.020481927710843374,0.6771084337349398,0.3024096385542169
28,Chopra,296,10,0,535,404,949,0.01053740779768177,0.42571127502634354,0.5637513171759747
28,Chopra,297,5,0,560,29,594,0.008417508417508417,0.04882154882154882,0.9427609427609428
28,Chopra,298,7,0,729,48,784,0.008928571428571428,0.061224489795918366,0.9298469387755102
28,Chopra,299,21,0,872,6,899,0.02335928809788654,0.006674082313681869,0.9699666295884316
28,Chopra,29A,119,0,17,306,442,0.2692307692307692,0.6923076923076923,0.038461538461538464
28,Chopra,3,0,0,698,22,720,0.0,0.030555555555555555,0.9694444444444444
28,Chopra,30,647,0,215,580,1442,0.4486823855755895,0.40221914008321774,0.14909847434119278
28,Chopra,300,64,0,583,7,654,0.09785932721712538,0.010703363914373088,0.8914373088685015
28,Chopra,301,20,0,494,105,619,0.03231017770597738,0.16962843295638125,0.7980613893376414
28,Chopra,302,20,0,683,20,723,0.027662517289073305,0.027662517289073305,0.9446749654218534
28,Chopra,303,6,0,381,82,469,0.01279317697228145,0.17484008528784648,0.8123667377398721
28,Chopra,304,3,0,757,30,790,0.0037974683544303796,0.0379746835443038,0.9582278481012658
28,Chopra,305,6,0,476,114,596,0.010067114093959731,0.1912751677852349,0.7986577181208053
28,Chopra,306,9,0,609,6,624,0.014423076923076924,0.009615384615384616,0.9759615384615384
28,Chopra,307,3,0,425,11,439,0.00683371298405467,0.025056947608200455,0.9681093394077449
28,Chopra,308,35,0,692,11,738,0.04742547425474255,0.014905149051490514,0.9376693766937669
28,Chopra,309,9,0,408,5,422,0.02132701421800948,0.011848341232227487,0.966824644549763
28,Chopra,31,388,0,286,524,1198,0.32387312186978295,0.4373956594323873,0.2387312186978297
28,Chopra,310,7,0,611,13,631,0.011093502377179081,0.020602218700475437,0.9683042789223455
28,Chopra,311,13,0,779,32,824,0.015776699029126214,0.038834951456310676,0.9453883495145631
28,Chopra,312,9,0,567,5,581,0.01549053356282272,0.008605851979345954,0.9759036144578314
28,Chopra,313,7,0,48,10,65,0.1076923076923077,0.15384615384615385,0.7384615384615385
28,Chopra,314,7,0,403,234,644,0.010869565217391304,0.36335403726708076,0.6257763975155279
28,Chopra,315,4,0,194,294,492,0.008130081300813009,0.5975609756097561,0.3943089430894309
28,Chopra,316,13,0,669,12,694,0.018731988472622477,0.01729106628242075,0.9639769452449568
28,Chopra,317,5,0,326,120,451,0.011086474501108648,0.2660753880266075,0.7228381374722838
28,Chopra,318,3,0,785,12,800,0.00375,0.015,0.98125
28,Chopra,319,10,0,933,16,959,0.010427528675703858,0.016684045881126174,0.97288842544317
28,Chopra,31A,451,0,25,46,522,0.8639846743295019,0.08812260536398467,0.04789272030651341
28,Chopra,32,378,0,144,538,1060,0.35660377358490564,0.5075471698113208,0.13584905660377358
28,Chopra,320,3,0,643,6,652,0.004601226993865031,0.009202453987730062,0.9861963190184049
28,Chopra,321,5,0,466,3,474,0.010548523206751054,0.006329113924050633,0.9831223628691983
28,Chopra,322,12,0,704,21,737,0.016282225237449117,0.028493894165535955,0.9552238805970149
28,Chopra,323,6,0,468,20,494,0.012145748987854251,0.04048582995951417,0.9473684210526315
28,Chopra,324,8,0,594,36,638,0.012539184952978056,0.05642633228840126,0.9310344827586207
28,Chopra,325,6,0,371,13,390,0.015384615384615385,0.03333333333333333,0.9512820512820512
28,Chopra,326,11,0,828,22,861,0.012775842044134728,0.025551684088269456,0.9616724738675958
28,Chopra,327,8,0,597,32,637,0.012558869701726845,0.05023547880690738,0.9372056514913658
28,Chopra,328,1,0,691,11,703,0.001422475106685633,0.015647226173541962,0.9829302987197724
28,Chopra,329,0,0,457,14,471,0.0,0.029723991507430998,0.970276008492569
28,Chopra,32A,393,0,8,61,462,0.8506493506493507,0.13203463203463203,0.017316017316017316
28,Chopra,33,41,0,120,917,1078,0.038033395176252316,0.8506493506493507,0.11131725417439703
28,Chopra,330,7,0,967,46,1020,0.006862745098039216,0.045098039215686274,0.9480392156862745
28,Chopra,331,20,0,954,50,1024,0.01953125,0.048828125,0.931640625
28,Chopra,332,9,0,656,11,676,0.013313609467455622,0.016272189349112426,0.9704142011834319
28,Chopra,333,11,0,511,83,605,0.01818181818181818,0.1371900826446281,0.8446280991735537
28,Chopra,334,17,0,529,37,583,0.029159519725557463,0.0634648370497427,0.9073756432246999
28,Chopra,335,3,0,1075,10,1088,0.0027573529411764708,0.009191176470588236,0.9880514705882353
28,Chopra,336,13,0,987,22,1022,0.012720156555772993,0.021526418786692758,0.9657534246575342
28,Chopra,33A,337,0,16,175,528,0.6382575757575758,0.3314393939393939,0.030303030303030304
28,Chopra,34,132,0,179,811,1122,0.11764705882352941,0.7228163992869875,0.15953654188948307
28,Chopra,34A,126,0,7,100,233,0.5407725321888412,0.4291845493562232,0.030042918454935622
28,Chopra,35,19,0,259,817,1095,0.017351598173515982,0.7461187214611872,0.2365296803652968
28,Chopra,35A,20,0,21,241,282,0.07092198581560284,0.8546099290780141,0.07446808510638298
28,Chopra,36,438,0,8,187,633,0.6919431279620853,0.29541864139020535,0.01263823064770932
28,Chopra,37A,538,0,16,41,595,0.9042016806722689,0.06890756302521009,0.02689075630252101
28,Chopra,38,251,0,18,413,682,0.3680351906158358,0.6055718475073314,0.026392961876832845
28,Chopra,38A,257,0,43,120,420,0.611904761904762,0.2857142857142857,0.10238095238095238
28,Chopra,39,18,0,37,595,650,0.027692307692307693,0.9153846153846154,0.05692307692307692
28,Chopra,39A,286,0,25,297,608,0.47039473684210525,0.48848684210526316,0.04111842105263158
28,Chopra,40,214,0,26,348,588,0.36394557823129253,0.5918367346938775,0.04421768707482993
28,Chopra,40A,445,0,13,131,589,0.7555178268251274,0.22241086587436332,0.022071307300509338
28,Chopra,41,31,0,80,254,365,0.08493150684931507,0.6958904109589041,0.2191780821917808
28,Chopra,41A,30,0,26,327,383,0.0783289817232376,0.8537859007832899,0.06788511749347259
28,Chopra,42,552,0,14,102,668,0.8263473053892215,0.15269461077844312,0.020958083832335328
28,Chopra,42A,389,0,9,61,459,0.8474945533769063,0.1328976034858388,0.0196078431372549
28,Chopra,43,488,0,19,72,579,0.842832469775475,0.12435233160621761,0.03281519861830743
28,Chopra,43A,421,0,6,67,494,0.8522267206477733,0.13562753036437247,0.012145748987854251
28,Chopra,44,398,0,5,127,530,0.7509433962264151,0.23962264150943396,0.009433962264150943
28,Chopra,44A,454,0,18,13,485,0.9360824742268041,0.026804123711340205,0.03711340206185567
28,Chopra,45,426,0,12,102,540,0.7888888888888889,0.18888888888888888,0.022222222222222223
28,Chopra,45A,293,0,7,36,336,0.8720238095238095,0.10714285714285714,0.020833333333333332
28,Chopra,46,654,0,70,84,808,0.8094059405940595,0.10396039603960396,0.08663366336633663
28,Chopra,47,414,0,35,75,524,0.7900763358778626,0.1431297709923664,0.06679389312977099
28,Chopra,48,239,0,15,304,558,0.4283154121863799,0.5448028673835126,0.026881720430107527
28,Chopra,48A,411,0,11,44,466,0.8819742489270386,0.0944206008583691,0.023605150214592276
28,Chopra,49,24,0,29,797,850,0.02823529411764706,0.9376470588235294,0.03411764705882353
28,Chopra,50,93,0,36,353,482,0.19294605809128632,0.7323651452282157,0.07468879668049792
28,Chopra,50A,37,0,25,422,484,0.07644628099173553,0.871900826446281,0.05165289256198347
28,Chopra,51,284,0,20,192,496,0.5725806451612904,0.3870967741935484,0.04032258064516129
28,Chopra,6,0,0,807,34,841,0.0,0.04042806183115339,0.9595719381688466
28,Chopra,7,0,0,642,36,678,0.0,0.05309734513274336,0.9469026548672567
28,Chopra,79,0,0,195,546,741,0.0,0.7368421052631579,0.2631578947368421
28,Chopra,8,0,0,355,161,516,0.0,0.312015503875969,0.687984496124031
28,Chopra,80,0,0,102,480,582,0.0,0.8247422680412371,0.17525773195876287
28,Chopra,81,0,0,392,597,989,0.0,0.6036400404448938,0.39635995955510617
28,Chopra,82,0,0,300,242,542,0.0,0.44649446494464945,0.5535055350553506
28,Chopra,83,0,0,229,686,915,0.0,0.7497267759562841,0.2502732240437158
28,Chopra,86,0,0,42,443,485,0.0,0.9134020618556701,0.0865979381443299
28,Chopra,87,0,0,423,111,534,0.0,0.20786516853932585,0.7921348314606742
28,Chopra,88,0,0,492,158,650,0.0,0.24307692307692308,0.7569230769230769
28,Chopra,89,0,0,489,125,614,0.0,0.20358306188925082,0.7964169381107492
28,Chopra,9,0,0,713,58,771,0.0,0.07522697795071336,0.9247730220492867
28,Chopra,90,0,0,245,442,687,0.0,0.6433770014556041,0.35662299854439594
28,Chopra,91,0,0,477,122,599,0.0,0.2036727879799666,0.7963272120200334
28,Chopra,92,0,0,457,93,550,0.0,0.1690909090909091,0.8309090909090909
28,Chopra,93,0,0,334,133,467,0.0,0.284796573875803,0.715203426124197
28,Chopra,94,0,0,335,133,468,0.0,0.2841880341880342,0.7158119658119658
28,Chopra,95,0,0,456,364,820,0.0,0.44390243902439025,0.5560975609756098
28,Chopra,96,0,0,353,54,407,0.0,0.13267813267813267,0.8673218673218673
28,Chopra,97,0,0,448,66,514,0.0,0.12840466926070038,0.8715953307392996
28,Chopra,98,0,0,434,140,574,0.0,0.24390243902439024,0.7560975609756098
28,Chopra,99,0,0,410,116,526,0.0,0.22053231939163498,0.779467680608365
29,Islampur,1,0,0,547,45,592,0.0,0.07601351351351351,0.9239864864864865
29,Islampur,10,0,0,19,401,420,0.0,0.9547619047619048,0.04523809523809524
29,Islampur,11,0,0,35,489,524,0.0,0.933206106870229,0.06679389312977099
29,Islampur,12,0,0,210,273,483,0.0,0.5652173913043478,0.43478260869565216
29,Islampur,13,0,0,715,139,854,0.0,0.16276346604215455,0.8372365339578455
29,Islampur,14,0,0,70,503,573,0.0,0.8778359511343804,0.12216404886561955
29,Islampur,15,0,0,112,320,432,0.0,0.7407407407407407,0.25925925925925924
29,Islampur,16,0,0,59,229,288,0.0,0.7951388888888888,0.2048611111111111
29,Islampur,17,0,0,527,23,550,0.0,0.04181818181818182,0.9581818181818181
29,Islampur,18,0,0,68,821,889,0.0,0.9235095613048369,0.0764904386951631
29,Islampur,19,0,0,17,485,502,0.0,0.9661354581673307,0.03386454183266932
29,Islampur,2,0,0,334,97,431,0.0,0.22505800464037123,0.7749419953596288
29,Islampur,20,0,0,73,606,679,0.0,0.8924889543446245,0.10751104565537556
29,Islampur,21,0,0,516,28,544,0.0,0.051470588235294115,0.9485294117647058
29,Islampur,22,0,0,349,152,501,0.0,0.3033932135728543,0.6966067864271457
29,Islampur,23,0,0,47,380,427,0.0,0.8899297423887588,0.11007025761124122
29,Islampur,24,0,0,248,231,479,0.0,0.4822546972860125,0.5177453027139874
29,Islampur,25,0,0,40,446,486,0.0,0.9176954732510288,0.0823045267489712
29,Islampur,26,0,0,201,362,563,0.0,0.6429840142095915,0.35701598579040855
29,Islampur,27,0,0,39,446,485,0.0,0.9195876288659793,0.08041237113402062
29,Islampur,28,0,0,34,464,498,0.0,0.9317269076305221,0.06827309236947791
29,Islampur,29,0,0,40,451,491,0.0,0.9185336048879837,0.0814663951120163
29,Islampur,3,0,0,31,591,622,0.0,0.9501607717041801,0.04983922829581994
29,Islampur,30,0,0,20,473,493,0.0,0.9594320486815415,0.04056795131845842
29,Islampur,31,0,0,22,433,455,0.0,0.9516483516483516,0.04835164835164835
29,Islampur,32,0,0,51,422,473,0.0,0.8921775898520085,0.10782241014799154
29,Islampur,33,0,0,513,218,731,0.0,0.2982216142270862,0.7017783857729138
29,Islampur,34,0,0,472,96,568,0.0,0.16901408450704225,0.8309859154929577
29,Islampur,35,0,0,636,109,745,0.0,0.14630872483221477,0.8536912751677852
29,Islampur,4,0,0,185,173,358,0.0,0.48324022346368717,0.5167597765363129
29,Islampur,5,0,0,84,340,424,0.0,0.8018867924528302,0.19811320754716982
29,Islampur,6,0,0,24,374,398,0.0,0.9396984924623115,0.06030150753768844
29,Islampur,7,0,0,18,484,502,0.0,0.9641434262948207,0.035856573705179286
29,Islampur,8,0,0,14,450,464,0.0,0.9698275862068966,0.03017241379310345
29,Islampur,9,0,0,498,244,742,0.0,0.3288409703504043,0.6711590296495957
30,Goalpokhar,1,0,0,143,128,271,0.0,0.47232472324723246,0.5276752767527675
30,Goalpokhar,10,0,0,165,0,165,0.0,0.0,1.0
30,Goalpokhar,108,0,0,94,0,94,0.0,0.0,1.0
30,Goalpokhar,108A,0,0,449,0,449,0.0,0.0,1.0
30,Goalpokhar,109,0,0,362,0,362,0.0,0.0,1.0
30,Goalpokhar,109A,0,0,365,0,365,0.0,0.0,1.0
30,Goalpokhar,11,0,0,647,1,648,0.0,0.0015432098765432098,0.9984567901234568
30,Goalpokhar,110,0,0,194,0,194,0.0,0.0,1.0
30,Goalpokhar,112,0,0,109,0,109,0.0,0.0,1.0
30,Goalpokhar,113,0,0,384,0,384,0.0,0.0,1.0
30,Goalpokhar,116,0,0,659,0,659,0.0,0.0,1.0
30,Goalpokhar,118,0,0,126,0,126,0.0,0.0,1.0
30,Goalpokhar,119,0,0,329,0,329,0.0,0.0,1.0
30,Goalpokhar,12,0,0,31,189,220,0.0,0.8590909090909091,0.1409090909090909
30,Goalpokhar,122,0,0,302,0,302,0.0,0.0,1.0
30,Goalpokhar,123,0,0,548,0,548,0.0,0.0,1.0
30,Goalpokhar,124,0,0,2,0,2,0.0,0.0,1.0
30,Goalpokhar,126,0,0,591,0,591,0.0,0.0,1.0
30,Goalpokhar,127,0,0,393,0,393,0.0,0.0,1.0
30,Goalpokhar,13,0,0,585,2,587,0.0,0.0034071550255536627,0.9965928449744463
30,Goalpokhar,130,0,0,157,0,157,0.0,0.0,1.0
30,Goalpokhar,131,0,0,44,0,44,0.0,0.0,1.0
30,Goalpokhar,133,0,0,581,0,581,0.0,0.0,1.0
30,Goalpokhar,14,0,0,9,148,157,0.0,0.9426751592356688,0.05732484076433121
30,Goalpokhar,15,0,0,62,131,193,0.0,0.6787564766839378,0.32124352331606215
30,Goalpokhar,16,0,0,115,4,119,0.0,0.03361344537815126,0.9663865546218487
30,Goalpokhar,17,0,0,32,202,234,0.0,0.8632478632478633,0.13675213675213677
30,Goalpokhar,18,0,0,70,81,151,0.0,0.5364238410596026,0.46357615894039733
30,Goalpokhar,19,0,0,21,17,38,0.0,0.4473684210526316,0.5526315789473685
30,Goalpokhar,191,0,0,142,135,277,0.0,0.48736462093862815,0.5126353790613718
30,Goalpokhar,193,0,0,226,1344,1570,0.0,0.8560509554140128,0.14394904458598726
30,Goalpokhar,195,0,0,576,136,712,0.0,0.19101123595505617,0.8089887640449438
30,Goalpokhar,196,0,0,541,131,672,0.0,0.1949404761904762,0.8050595238095238
30,Goalpokhar,197,0,0,558,138,696,0.0,0.19827586206896552,0.8017241379310345
30,Goalpokhar,198,0,0,552,139,691,0.0,0.2011577424023155,0.7988422575976846
30,Goalpokhar,199,0,0,562,140,702,0.0,0.19943019943019943,0.8005698005698005
30,Goalpokhar,20,0,0,74,242,316,0.0,0.7658227848101266,0.23417721518987342
30,Goalpokhar,200,0,0,497,141,638,0.0,0.22100313479623823,0.7789968652037618
30,Goalpokhar,201,0,0,364,142,506,0.0,0.28063241106719367,0.7193675889328063
30,Goalpokhar,202,0,0,340,0,340,0.0,0.0,1.0
30,Goalpokhar,203,0,0,291,143,434,0.0,0.3294930875576037,0.6705069124423964
30,Goalpokhar,204,0,0,314,0,314,0.0,0.0,1.0
30,Goalpokhar,205,0,0,404,144,548,0.0,0.26277372262773724,0.7372262773722628
30,Goalpokhar,206,0,0,329,0,329,0.0,0.0,1.0
30,Goalpokhar,207,0,0,559,145,704,0.0,0.2059659090909091,0.7940340909090909
30,Goalpokhar,208,0,0,594,146,740,0.0,0.1972972972972973,0.8027027027027027
30,Goalpokhar,209,0,0,363,147,510,0.0,0.28823529411764703,0.711764705882353
30,Goalpokhar,21,0,0,136,65,201,0.0,0.32338308457711445,0.6766169154228856
30,Goalpokhar,210,0,0,582,148,730,0.0,0.20273972602739726,0.7972602739726027
30,Goalpokhar,211,0,0,597,149,746,0.0,0.19973190348525469,0.8002680965147453
30,Goalpokhar,212,0,0,695,150,845,0.0,0.17751479289940827,0.8224852071005917
30,Goalpokhar,213,0,0,399,151,550,0.0,0.27454545454545454,0.7254545454545455
30,Goalpokhar,214,0,0,307,0,307,0.0,0.0,1.0
30,Goalpokhar,215,0,0,376,152,528,0.0,0.2878787878787879,0.7121212121212122
30,Goalpokhar,216,0,0,365,0,365,0.0,0.0,1.0
30,Goalpokhar,217,0,0,695,153,848,0.0,0.1804245283018868,0.8195754716981132
30,Goalpokhar,218,0,0,648,154,802,0.0,0.19201995012468828,0.8079800498753117
30,Goalpokhar,219,0,0,466,155,621,0.0,0.249597423510467,0.750402576489533
30,Goalpokhar,22,0,0,13,25,38,0.0,0.6578947368421053,0.34210526315789475
30,Goalpokhar,220,0,0,362,156,518,0.0,0.30115830115830117,0.6988416988416989
30,Goalpokhar,221,0,0,375,151,526,0.0,0.2870722433460076,0.7129277566539924
30,Goalpokhar,222,0,0,415,0,415,0.0,0.0,1.0
30,Goalpokhar,223,0,0,383,158,541,0.0,0.2920517560073937,0.7079482439926063
30,Goalpokhar,224,0,0,89,0,89,0.0,0.0,1.0
30,Goalpokhar,225,0,0,576,159,735,0.0,0.2163265306122449,0.7836734693877551
30,Goalpokhar,226,0,0,546,160,706,0.0,0.22662889518413598,0.773371104815864
30,Goalpokhar,227,0,0,348,161,509,0.0,0.3163064833005894,0.6836935166994106
30,Goalpokhar,228,0,0,415,0,415,0.0,0.0,1.0
30,Goalpokhar,229,0,0,366,162,528,0.0,0.3068181818181818,0.6931818181818182
30,Goalpokhar,23,0,0,3,18,21,0.0,0.8571428571428571,0.14285714285714285
30,Goalpokhar,230,0,0,383,0,383,0.0,0.0,1.0
30,Goalpokhar,231,0,0,1211,163,1374,0.0,0.11863173216885008,0.88136826783115
30,Goalpokhar,232,0,0,348,164,512,0.0,0.3203125,0.6796875
30,Goalpokhar,24,0,0,165,111,276,0.0,0.40217391304347827,0.5978260869565217
30,Goalpokhar,25,0,0,25,36,61,0.0,0.5901639344262295,0.4098360655737705
30,Goalpokhar,26,0,0,106,40,146,0.0,0.273972602739726,0.726027397260274
30,Goalpokhar,27,0,0,2,48,50,0.0,0.96,0.04
30,Goalpokhar,28,0,0,194,46,240,0.0,0.19166666666666668,0.8083333333333333
30,Goalpokhar,29,0,0,324,0,324,0.0,0.0,1.0
30,Goalpokhar,3,0,0,166,121,287,0.0,0.42160278745644597,0.578397212543554
30,Goalpokhar,30,0,0,310,25,335,0.0,0.07462686567164178,0.9253731343283582
30,Goalpokhar,31,0,0,32,50,82,0.0,0.6097560975609756,0.3902439024390244
30,Goalpokhar,313,0,0,351,223,574,0.0,0.3885017421602787,0.6114982578397212
30,Goalpokhar,314,0,0,333,223,556,0.0,0.4010791366906475,0.5989208633093526
30,Goalpokhar,315,0,0,15,0,15,0.0,0.0,1.0
30,Goalpokhar,316,0,0,311,224,535,0.0,0.41869158878504675,0.5813084112149532
30,Goalpokhar,32,0,0,323,111,434,0.0,0.2557603686635945,0.7442396313364056
30,Goalpokhar,4,0,0,88,151,239,0.0,0.6317991631799164,0.3682008368200837
30,Goalpokhar,5,0,0,100,200,300,0.0,0.6666666666666666,0.3333333333333333
30,Goalpokhar,6,0,0,495,35,530,0.0,0.0660377358490566,0.9339622641509434
30,Goalpokhar,7,0,0,7,18,25,0.0,0.72,0.28
30,Goalpokhar,8,0,0,334,16,350,0.0,0.045714285714285714,0.9542857142857143
30,Goalpokhar,9,0,0,206,21,227,0.0,0.09251101321585903,0.9074889867841409
31,Chakulia,1,0,0,872,0,872,0.0,0.0,1.0
31,Chakulia,10,0,0,941,0,941,0.0,0.0,1.0
31,Chakulia,100,0,0,7,0,7,0.0,0.0,1.0
31,Chakulia,101,0,0,639,0,639,0.0,0.0,1.0
31,Chakulia,102,0,0,235,0,235,0.0,0.0,1.0
31,Chakulia,103,0,0,458,0,458,0.0,0.0,1.0
31,Chakulia,104,0,0,447,0,447,0.0,0.0,1.0
31,Chakulia,105,0,0,704,0,704,0.0,0.0,1.0
31,Chakulia,107,0,0,465,0,465,0.0,0.0,1.0
31,Chakulia,108,0,0,331,0,331,0.0,0.0,1.0
31,Chakulia,109,0,0,233,0,233,0.0,0.0,1.0
31,Chakulia,10A,0,0,385,0,385,0.0,0.0,1.0
31,Chakulia,11,0,0,824,0,824,0.0,0.0,1.0
31,Chakulia,110,0,0,465,0,465,0.0,0.0,1.0
31,Chakulia,111,0,0,272,0,272,0.0,0.0,1.0
31,Chakulia,112,0,0,197,0,197,0.0,0.0,1.0
31,Chakulia,113,0,0,354,0,354,0.0,0.0,1.0
31,Chakulia,12,0,0,1159,0,1159,0.0,0.0,1.0
31,Chakulia,13,0,0,967,0,967,0.0,0.0,1.0
31,Chakulia,14,0,0,1102,0,1102,0.0,0.0,1.0
31,Chakulia,15,0,0,1034,0,1034,0.0,0.0,1.0
31,Chakulia,16,0,0,744,0,744,0.0,0.0,1.0
31,Chakulia,16A,0,0,1632,0,1632,0.0,0.0,1.0
31,Chakulia,17,0,0,2497,0,2497,0.0,0.0,1.0
31,Chakulia,18,0,0,1084,0,1084,0.0,0.0,1.0
31,Chakulia,19,0,0,889,0,889,0.0,0.0,1.0
31,Chakulia,1A,0,0,911,0,911,0.0,0.0,1.0
31,Chakulia,2,0,0,705,0,705,0.0,0.0,1.0
31,Chakulia,20,0,0,1369,0,1369,0.0,0.0,1.0
31,Chakulia,21,0,0,953,0,953,0.0,0.0,1.0
31,Chakulia,21A,0,0,902,0,902,0.0,0.0,1.0
31,Chakulia,22,0,0,997,0,997,0.0,0.0,1.0
31,Chakulia,22A,0,0,1006,0,1006,0.0,0.0,1.0
31,Chakulia,23,0,0,1024,0,1024,0.0,0.0,1.0
31,Chakulia,2A,0,0,853,0,853,0.0,0.0,1.0
31,Chakulia,3,0,0,1083,0,1083,0.0,0.0,1.0
31,Chakulia,4,0,0,1093,0,1093,0.0,0.0,1.0
31,Chakulia,4A,0,0,999,0,999,0.0,0.0,1.0
31,Chakulia,5,0,0,852,0,852,0.0,0.0,1.0
31,Chakulia,5A,0,0,862,0,862,0.0,0.0,1.0
31,Chakulia,6,0,0,1205,0,1205,0.0,0.0,1.0
31,Chakulia,7,0,0,1065,0,1065,0.0,0.0,1.0
31,Chakulia,77,0,0,355,0,355,0.0,0.0,1.0
31,Chakulia,78,0,0,398,0,398,0.0,0.0,1.0
31,Chakulia,79,0,0,455,0,455,0.0,0.0,1.0
31,Chakulia,7A,0,0,833,0,833,0.0,0.0,1.0
31,Chakulia,8,0,0,1408,0,1408,0.0,0.0,1.0
31,Chakulia,80,0,0,509,0,509,0.0,0.0,1.0
31,Chakulia,81,0,0,463,0,463,0.0,0.0,1.0
31,Chakulia,83,0,0,741,0,741,0.0,0.0,1.0
31,Chakulia,84,0,0,1435,0,1435,0.0,0.0,1.0
31,Chakulia,85,0,0,421,0,421,0.0,0.0,1.0
31,Chakulia,86,0,0,402,0,402,0.0,0.0,1.0
31,Chakulia,87,0,0,333,0,333,0.0,0.0,1.0
31,Chakulia,88,0,0,359,0,359,0.0,0.0,1.0
31,Chakulia,89,0,0,451,0,451,0.0,0.0,1.0
31,Chakulia,9,0,0,1262,0,1262,0.0,0.0,1.0
31,Chakulia,90,0,0,469,0,469,0.0,0.0,1.0
31,Chakulia,92,0,0,251,0,251,0.0,0.0,1.0
31,Chakulia,94,0,0,274,0,274,0.0,0.0,1.0
31,Chakulia,95,0,0,93,0,93,0.0,0.0,1.0
31,Chakulia,96,0,0,164,0,164,0.0,0.0,1.0
31,Chakulia,97,0,0,755,0,755,0.0,0.0,1.0
31,Chakulia,98,0,0,633,0,633,0.0,0.0,1.0
31,Chakulia,99,0,0,565,0,565,0.0,0.0,1.0
32,,02(A),0,0,521,0,521,0.0,0.0,1.0
32,,1,0,0,498,0,498,0.0,0.0,1.0
32,,1(A),0,0,493,0,493,0.0,0.0,1.0
32,,10,0,0,516,0,516,0.0,0.0,1.0
32,,10(A),0,0,472,0,472,0.0,0.0,1.0
32,,100,0,0,735,0,735,0.0,0.0,1.0
32,,101,0,0,619,0,619,0.0,0.0,1.0
32,,102,0,0,512,0,512,0.0,0.0,1.0
32,,103,0,0,517,0,517,0.0,0.0,1.0
32,,104,0,0,571,0,571,0.0,0.0,1.0
32,,105,0,0,456,0,456,0.0,0.0,1.0
32,,105(A),0,0,465,0,465,0.0,0.0,1.0
32,,106,0,0,826,0,826,0.0,0.0,1.0
32,,106(A),0,0,457,0,457,0.0,0.0,1.0
32,,107,0,0,450,0,450,0.0,0.0,1.0
32,,107(A),0,0,438,0,438,0.0,0.0,1.0
32,,108,0,0,629,0,629,0.0,0.0,1.0
32,,109,0,0,708,0,708,0.0,0.0,1.0
32,,11,0,0,611,0,611,0.0,0.0,1.0
32,,11(A),0,0,549,0,549,0.0,0.0,1.0
32,,110,0,0,541,0,541,0.0,0.0,1.0
32,,110(A),0,0,22,0,22,0.0,0.0,1.0
32,,111,0,0,445,0,445,0.0,0.0,1.0
32,,111(A),0,0,415,0,415,0.0,0.0,1.0
32,,112,0,0,1536,0,1536,0.0,0.0,1.0
32,,113,0,0,723,0,723,0.0,0.0,1.0
32,,1134(A),0,0,472,0,472,0.0,0.0,1.0
32,,1135(A),0,0,446,0,446,0.0,0.0,1.0
32,,117,0,0,908,0,908,0.0,0.0,1.0
32,,117(A),0,0,443,0,443,0.0,0.0,1.0
32,,118,0,0,993,0,993,0.0,0.0,1.0
32,,119,0,0,521,0,521,0.0,0.0,1.0
32,,119(A),0,0,529,0,529,0.0,0.0,1.0
32,,12,0,0,603,0,603,0.0,0.0,1.0
32,,120,0,0,386,0,386,0.0,0.0,1.0
32,,120(A),0,0,445,0,445,0.0,0.0,1.0
32,,121,0,0,474,0,474,0.0,0.0,1.0
32,,121(A),0,0,620,0,620,0.0,0.0,1.0
32,,122,0,0,837,0,837,0.0,0.0,1.0
32,,122(A),0,0,425,0,425,0.0,0.0,1.0
32,,123,0,0,794,0,794,0.0,0.0,1.0
32,,123(A),0,0,474,0,474,0.0,0.0,1.0
32,,124,0,0,470,0,470,0.0,0.0,1.0
32,,124(A),0,0,502,0,502,0.0,0.0,1.0
32,,125,0,0,534,0,534,0.0,0.0,1.0
32,,125(A),0,0,520,0,520,0.0,0.0,1.0
32,,126,0,0,594,0,594,0.0,0.0,1.0
32,,127,0,0,527,0,527,0.0,0.0,1.0
32,,128,0,0,747,0,747,0.0,0.0,1.0
32,,129,0,0,894,0,894,0.0,0.0,1.0
32,,13,0,0,486,0,486,0.0,0.0,1.0
32,,130,0,0,512,0,512,0.0,0.0,1.0
32,,130(A),0,0,535,0,535,0.0,0.0,1.0
32,,131,0,0,458,0,458,0.0,0.0,1.0
32,,132,0,0,688,0,688,0.0,0.0,1.0
32,,133,0,0,713,0,713,0.0,0.0,1.0
32,,135,0,0,807,0,807,0.0,0.0,1.0
32,,136,0,0,306,0,306,0.0,0.0,1.0
32,,136(A),0,0,364,0,364,0.0,0.0,1.0
32,,137,0,0,440,0,440,0.0,0.0,1.0
32,,137(A),0,0,431,0,431,0.0,0.0,1.0
32,,138,0,0,1757,0,1757,0.0,0.0,1.0
32,,138(A),0,0,607,0,607,0.0,0.0,1.0
32,,139,0,0,495,0,495,0.0,0.0,1.0
32,,139(A),0,0,482,0,482,0.0,0.0,1.0
32,,14,0,0,584,0,584,0.0,0.0,1.0
32,,14(A),0,0,633,0,633,0.0,0.0,1.0
32,,140,0,0,820,0,820,0.0,0.0,1.0
32,,141,0,0,556,0,556,0.0,0.0,1.0
32,,141(A),0,0,550,0,550,0.0,0.0,1.0
32,,142,0,0,485,0,485,0.0,0.0,1.0
32,,142(A),0,0,450,0,450,0.0,0.0,1.0
32,,143,0,0,799,0,799,0.0,0.0,1.0
32,,144,0,0,527,0,527,0.0,0.0,1.0
32,,144(A),0,0,577,0,577,0.0,0.0,1.0
32,,145,0,0,457,0,457,0.0,0.0,1.0
32,,145(A),0,0,431,0,431,0.0,0.0,1.0
32,,146,0,0,548,0,548,0.0,0.0,1.0
32,,146(A),0,0,458,0,458,0.0,0.0,1.0
32,,147,0,0,574,0,574,0.0,0.0,1.0
32,,148,0,0,650,0,650,0.0,0.0,1.0
32,,149,0,0,380,0,380,0.0,0.0,1.0
32,,15,0,0,437,0,437,0.0,0.0,1.0
32,,15(A),0,0,503,0,503,0.0,0.0,1.0
32,,151,0,0,622,0,622,0.0,0.0,1.0
32,,152,0,0,19,0,19,0.0,0.0,1.0
32,,156,0,0,341,0,341,0.0,0.0,1.0
32,,16,0,0,583,0,583,0.0,0.0,1.0
32,,168,0,0,3,0,3,0.0,0.0,1.0
32,,17,0,0,622,0,622,0.0,0.0,1.0
32,,173,0,0,11,0,11,0.0,0.0,1.0
32,,176,0,0,9,0,9,0.0,0.0,1.0
32,,177,0,0,1,0,1,0.0,0.0,1.0
32,,186,0,0,56,0,56,0.0,0.0,1.0
32,,188,0,0,576,0,576,0.0,0.0,1.0
32,,19,0,0,621,0,621,0.0,0.0,1.0
32,,191,0,0,312,0,312,0.0,0.0,1.0
32,,193,0,0,644,0,644,0.0,0.0,1.0
32,,195,0,0,6,0,6,0.0,0.0,1.0
32,,198,0,0,22,0,22,0.0,0.0,1.0
32,,2,0,0,1034,0,1034,0.0,0.0,1.0
32,,202,0,0,484,0,484,0.0,0.0,1.0
32,,202(A),0,0,551,0,551,0.0,0.0,1.0
32,,203(A),0,0,454,0,454,0.0,0.0,1.0
32,,204,0,0,837,0,837,0.0,0.0,1.0
32,,205,0,0,425,0,425,0.0,0.0,1.0
32,,205(A),0,0,415,0,415,0.0,0.0,1.0
32,,206,0,0,439,0,439,0.0,0.0,1.0
32,,206(A),0,0,501,0,501,0.0,0.0,1.0
32,,207,0,0,532,0,532,0.0,0.0,1.0
32,,208,0,0,843,0,843,0.0,0.0,1.0
32,,209,0,0,730,0,730,0.0,0.0,1.0
32,,21,0,0,641,0,641,0.0,0.0,1.0
32,,210,0,0,498,0,498,0.0,0.0,1.0
32,,210(A),0,0,469,0,469,0.0,0.0,1.0
32,,211,0,0,473,0,473,0.0,0.0,1.0
32,,211(A),0,0,553,0,553,0.0,0.0,1.0
32,,212(A),0,0,604,0,604,0.0,0.0,1.0
32,,213(A),0,0,578,0,578,0.0,0.0,1.0
32,,214,0,0,812,0,812,0.0,0.0,1.0
32,,215,0,0,744,0,744,0.0,0.0,1.0
32,,217,0,0,497,0,497,0.0,0.0,1.0
32,,217(A),0,0,485,0,485,0.0,0.0,1.0
32,,219,0,0,457,0,457,0.0,0.0,1.0
32,,22,0,0,620,0,620,0.0,0.0,1.0
32,,220,0,0,336,0,336,0.0,0.0,1.0
32,,228,0,0,2,0,2,0.0,0.0,1.0
32,,229,0,0,561,0,561,0.0,0.0,1.0
32,,23,0,0,600,0,600,0.0,0.0,1.0
32,,23(A),0,0,556,0,556,0.0,0.0,1.0
32,,238,0,0,4,0,4,0.0,0.0,1.0
32,,24,0,0,480,0,480,0.0,0.0,1.0
32,,24(A),0,0,548,0,548,0.0,0.0,1.0
32,,248,0,0,251,0,251,0.0,0.0,1.0
32,,25,0,0,859,0,859,0.0,0.0,1.0
32,,25(A),0,0,477,0,477,0.0,0.0,1.0
32,,250,0,0,293,0,293,0.0,0.0,1.0
32,,26,0,0,413,0,413,0.0,0.0,1.0
32,,26(A),0,0,401,0,401,0.0,0.0,1.0
32,,27,0,0,546,0,546,0.0,0.0,1.0
32,,27(A),0,0,517,0,517,0.0,0.0,1.0
32,,28,0,0,422,0,422,0.0,0.0,1.0
32,,28(A),0,0,433,0,433,0.0,0.0,1.0
32,,29,0,0,537,0,537,0.0,0.0,1.0
32,,292,0,0,351,0,351,0.0,0.0,1.0
32,,296,0,0,3,0,3,0.0,0.0,1.0
32,,297,0,0,304,0,304,0.0,0.0,1.0
32,,3,0,0,472,0,472,0.0,0.0,1.0
32,,3(A),0,0,464,0,464,0.0,0.0,1.0
32,,30,0,0,463,0,463,0.0,0.0,1.0
32,,30(A),0,0,411,0,411,0.0,0.0,1.0
32,,301,0,0,218,0,218,0.0,0.0,1.0
32,,302,0,0,17,0,17,0.0,0.0,1.0
32,,307,0,0,305,0,305,0.0,0.0,1.0
32,,31,0,0,437,0,437,0.0,0.0,1.0
32,,31(A),0,0,485,0,485,0.0,0.0,1.0
32,,318,0,0,296,0,296,0.0,0.0,1.0
32,,32,0,0,555,0,555,0.0,0.0,1.0
32,,328,0,0,236,0,236,0.0,0.0,1.0
32,,33,0,0,525,0,525,0.0,0.0,1.0
32,,34,0,0,501,0,501,0.0,0.0,1.0
32,,345,0,0,8,0,8,0.0,0.0,1.0
32,,35,0,0,562,0,562,0.0,0.0,1.0
32,,35(A),0,0,535,0,535,0.0,0.0,1.0
32,,36,0,0,859,0,859,0.0,0.0,1.0
32,,366,0,0,6,0,6,0.0,0.0,1.0
32,,370,0,0,9,0,9,0.0,0.0,1.0
32,,383,0,0,312,0,312,0.0,0.0,1.0
32,,387,0,0,8,0,8,0.0,0.0,1.0
32,,389,0,0,183,0,183,0.0,0.0,1.0
32,,39,0,0,707,0,707,0.0,0.0,1.0
32,,396,0,0,166,0,166,0.0,0.0,1.0
32,,4,0,0,387,0,387,0.0,0.0,1.0
32,,4(A),0,0,397,0,397,0.0,0.0,1.0
32,,40,0,0,718,0,718,0.0,0.0,1.0
32,,41,0,0,508,0,508,0.0,0.0,1.0
32,,416,0,0,152,0,152,0.0,0.0,1.0
32,,42,0,0,450,0,450,0.0,0.0,1.0
32,,42(A),0,0,411,0,411,0.0,0.0,1.0
32,,422,0,0,338,0,338,0.0,0.0,1.0
32,,43,0,0,527,0,527,0.0,0.0,1.0
32,,43(A),0,0,526,0,526,0.0,0.0,1.0
32,,434,0,0,390,0,390,0.0,0.0,1.0
32,,44,0,0,727,0,727,0.0,0.0,1.0
32,,449,0,0,101,0,101,0.0,0.0,1.0
32,,45,0,0,945,0,945,0.0,0.0,1.0
32,,45(A),0,0,472,0,472,0.0,0.0,1.0
32,,456,0,0,29,0,29,0.0,0.0,1.0
32,,46,0,0,683,0,683,0.0,0.0,1.0
32,,464,0,0,32,0,32,0.0,0.0,1.0
32,,47,0,0,986,0,986,0.0,0.0,1.0
32,,477,0,0,74,0,74,0.0,0.0,1.0
32,,479,0,0,59,0,59,0.0,0.0,1.0
32,,48,0,0,939,0,939,0.0,0.0,1.0
32,,48(A),0,0,604,0,604,0.0,0.0,1.0
32,,49,0,0,1128,0,1128,0.0,0.0,1.0
32,,5,0,0,347,0,347,0.0,0.0,1.0
32,,5(A),0,0,350,0,350,0.0,0.0,1.0
32,,50,0,0,461,0,461,0.0,0.0,1.0
32,,505,0,0,120,0,120,0.0,0.0,1.0
32,,51,0,0,848,0,848,0.0,0.0,1.0
32,,517,0,0,86,0,86,0.0,0.0,1.0
32,,52,0,0,627,0,627,0.0,0.0,1.0
32,,523,0,0,67,0,67,0.0,0.0,1.0
32,,524,0,0,37,0,37,0.0,0.0,1.0
32,,53,0,0,817,0,817,0.0,0.0,1.0
32,,54,0,0,503,0,503,0.0,0.0,1.0
32,,54(A),0,0,525,0,525,0.0,0.0,1.0
32,,540,0,0,112,0,112,0.0,0.0,1.0
32,,55,0,0,452,0,452,0.0,0.0,1.0
32,,55(A),0,0,488,0,488,0.0,0.0,1.0
32,,56,0,0,450,0,450,0.0,0.0,1.0
32,,57,0,0,564,0,564,0.0,0.0,1.0
32,,577,0,0,67,0,67,0.0,0.0,1.0
32,,58,0,0,502,0,502,0.0,0.0,1.0
32,,58(A),0,0,467,0,467,0.0,0.0,1.0
32,,5837(A),0,0,279,0,279,0.0,0.0,1.0
32,,59,0,0,524,0,524,0.0,0.0,1.0
32,,59(A),0,0,525,0,525,0.0,0.0,1.0
32,,6,0,0,402,0,402,0.0,0.0,1.0
32,,6(A),0,0,439,0,439,0.0,0.0,1.0
32,,60,0,0,669,0,669,0.0,0.0,1.0
32,,61,0,0,456,0,456,0.0,0.0,1.0
32,,61(A),0,0,428,0,428,0.0,0.0,1.0
32,,610,0,0,36,0,36,0.0,0.0,1.0
32,,62,0,0,461,0,461,0.0,0.0,1.0
32,,62(A),0,0,421,0,421,0.0,0.0,1.0
32,,6241(A),0,0,479,0,479,0.0,0.0,1.0
32,,63,0,0,660,0,660,0.0,0.0,1.0
32,,63(A),0,0,158,0,158,0.0,0.0,1.0
32,,631,0,0,27,0,27,0.0,0.0,1.0
32,,64,0,0,559,0,559,0.0,0.0,1.0
32,,64(A),0,0,498,0,498,0.0,0.0,1.0
32,,65,0,0,631,0,631,0.0,0.0,1.0
32,,65(A),0,0,615,0,615,0.0,0.0,1.0
32,,650,0,0,146,0,146,0.0,0.0,1.0
32,,66,0,0,208,0,208,0.0,0.0,1.0
32,,67,0,0,850,0,850,0.0,0.0,1.0
32,,68,0,0,1201,0,1201,0.0,0.0,1.0
32,,683,0,0,61,0,61,0.0,0.0,1.0
32,,69,0,0,11,0,11,0.0,0.0,1.0
32,,7,0,0,746,0,746,0.0,0.0,1.0
32,,70,0,0,868,0,868,0.0,0.0,1.0
32,,70(A),0,0,420,0,420,0.0,0.0,1.0
32,,71,0,0,507,0,507,0.0,0.0,1.0
32,,71(A),0,0,543,0,543,0.0,0.0,1.0
32,,72,0,0,449,0,449,0.0,0.0,1.0
32,,72(A),0,0,423,0,423,0.0,0.0,1.0
32,,74,0,0,793,0,793,0.0,0.0,1.0
32,,76,0,0,678,0,678,0.0,0.0,1.0
32,,77,0,0,685,0,685,0.0,0.0,1.0
32,,78,0,0,1137,0,1137,0.0,0.0,1.0
32,,78(A),0,0,1097,0,1097,0.0,0.0,1.0
32,,79,0,0,1145,0,1145,0.0,0.0,1.0
32,,8,0,0,866,0,866,0.0,0.0,1.0
32,,80,0,0,1025,0,1025,0.0,0.0,1.0
32,,81,0,0,914,0,914,0.0,0.0,1.0
32,,82,0,0,1246,0,1246,0.0,0.0,1.0
32,,83,0,0,874,0,874,0.0,0.0,1.0
32,,84,0,0,1191,0,1191,0.0,0.0,1.0
32,,85,0,0,1021,0,1021,0.0,0.0,1.0
32,,86,0,0,790,0,790,0.0,0.0,1.0
32,,86(A),0,0,851,0,851,0.0,0.0,1.0
32,,87,0,0,1293,0,1293,0.0,0.0,1.0
32,,88,0,0,937,0,937,0.0,0.0,1.0
32,,89,0,0,677,0,677,0.0,0.0,1.0
32,,9,0,0,625,0,625,0.0,0.0,1.0
32,,9(A),0,0,600,0,600,0.0,0.0,1.0
32,,90,0,0,1241,0,1241,0.0,0.0,1.0
32,,91,0,0,1260,0,1260,0.0,0.0,1.0
32,,92,0,0,443,0,443,0.0,0.0,1.0
32,,93,0,0,655,0,655,0.0,0.0,1.0
32,,95,0,0,515,0,515,0.0,0.0,1.0
32,,95(A),0,0,614,0,614,0.0,0.0,1.0
32,,96,0,0,528,0,528,0.0,0.0,1.0
32,,97,0,0,662,0,662,0.0,0.0,1.0
32,,98,0,0,727,0,727,0.0,0.0,1.0
32,,99,0,0,52,0,52,0.0,0.0,1.0
32,,99(A),0,0,421,0,421,0.0,0.0,1.0
33,,1,0,0,10,0,10,0.0,0.0,1.0
33,,10,0,0,203,0,203,0.0,0.0,1.0
33,,100,0,0,169,0,169,0.0,0.0,1.0
33,,101,0,0,66,0,66,0.0,0.0,1.0
33,,102,0,0,370,0,370,0.0,0.0,1.0
33,,103,0,0,172,0,172,0.0,0.0,1.0
33,,104,0,0,111,0,111,0.0,0.0,1.0
33,,105,0,0,194,0,194,0.0,0.0,1.0
33,,106,0,0,657,0,657,0.0,0.0,1.0
33,,107,0,0,583,0,583,0.0,0.0,1.0
33,,108,0,0,98,0,98,0.0,0.0,1.0
33,,109,0,0,62,0,62,0.0,0.0,1.0
33,,11,0,0,596,0,596,0.0,0.0,1.0
33,,110,0,0,251,0,251,0.0,0.0,1.0
33,,111,0,0,163,0,163,0.0,0.0,1.0
33,,112,0,0,132,0,132,0.0,0.0,1.0
33,,113,0,0,105,0,105,0.0,0.0,1.0
33,,114,0,0,54,0,54,0.0,0.0,1.0
33,,115,0,0,562,0,562,0.0,0.0,1.0
33,,116,0,0,456,0,456,0.0,0.0,1.0
33,,117,0,0,307,0,307,0.0,0.0,1.0
33,,118,0,0,136,0,136,0.0,0.0,1.0
33,,119,0,0,89,0,89,0.0,0.0,1.0
33,,12,0,0,429,0,429,0.0,0.0,1.0
33,,120,0,0,94,0,94,0.0,0.0,1.0
33,,13,0,0,125,0,125,0.0,0.0,1.0
33,,14,0,0,27,0,27,0.0,0.0,1.0
33,,145,0,0,488,0,488,0.0,0.0,1.0
33,,146,0,0,386,0,386,0.0,0.0,1.0
33,,147,0,0,427,0,427,0.0,0.0,1.0
33,,148,0,0,369,0,369,0.0,0.0,1.0
33,,149,0,0,322,0,322,0.0,0.0,1.0
33,,15,0,0,35,0,35,0.0,0.0,1.0
33,,150,0,0,345,0,345,0.0,0.0,1.0
33,,151,0,0,245,0,245,0.0,0.0,1.0
33,,152,0,0,120,0,120,0.0,0.0,1.0
33,,153,0,0,657,0,657,0.0,0.0,1.0
33,,154,0,0,515,0,515,0.0,0.0,1.0
33,,155,0,0,422,0,422,0.0,0.0,1.0
33,,156,0,0,319,0,319,0.0,0.0,1.0
33,,157,0,0,461,0,461,0.0,0.0,1.0
33,,158,0,0,512,0,512,0.0,0.0,1.0
33,,159,0,0,379,0,379,0.0,0.0,1.0
33,,16,0,0,213,0,213,0.0,0.0,1.0
33,,160,0,0,558,0,558,0.0,0.0,1.0
33,,161,0,0,451,0,451,0.0,0.0,1.0
33,,162,0,0,161,0,161,0.0,0.0,1.0
33,,163,0,0,194,0,194,0.0,0.0,1.0
33,,164,0,0,331,0,331,0.0,0.0,1.0
33,,165,0,0,447,0,447,0.0,0.0,1.0
33,,166,0,0,332,0,332,0.0,0.0,1.0
33,,167,0,0,404,0,404,0.0,0.0,1.0
33,,168,0,0,318,0,318,0.0,0.0,1.0
33,,17,0,0,19,0,19,0.0,0.0,1.0
33,,18,0,0,142,0,142,0.0,0.0,1.0
33,,19,0,0,39,0,39,0.0,0.0,1.0
33,,2,0,0,57,0,57,0.0,0.0,1.0
33,,20,0,0,16,0,16,0.0,0.0,1.0
33,,21,0,0,20,0,20,0.0,0.0,1.0
33,,217,0,0,422,0,422,0.0,0.0,1.0
33,,218,0,0,360,0,360,0.0,0.0,1.0
33,,219,0,0,416,0,416,0.0,0.0,1.0
33,,22,0,0,48,0,48,0.0,0.0,1.0
33,,220,0,0,213,0,213,0.0,0.0,1.0
33,,221,0,0,287,0,287,0.0,0.0,1.0
33,,222,0,0,264,0,264,0.0,0.0,1.0
33,,223,0,0,251,0,251,0.0,0.0,1.0
33,,224,0,0,326,0,326,0.0,0.0,1.0
33,,225,0,0,646,0,646,0.0,0.0,1.0
33,,226,0,0,672,0,672,0.0,0.0,1.0
33,,227,0,0,178,0,178,0.0,0.0,1.0
33,,228,0,0,44,0,44,0.0,0.0,1.0
33,,229,0,0,798,0,798,0.0,0.0,1.0
33,,23,0,0,377,0,377,0.0,0.0,1.0
33,,230,0,0,387,0,387,0.0,0.0,1.0
33,,231,0,0,143,0,143,0.0,0.0,1.0
33,,232,0,0,514,0,514,0.0,0.0,1.0
33,,233,0,0,374,0,374,0.0,0.0,1.0
33,,234,0,0,375,0,375,0.0,0.0,1.0
33,,235,0,0,405,0,405,0.0,0.0,1.0
33,,236,0,0,677,0,677,0.0,0.0,1.0
33,,237,0,0,476,0,476,0.0,0.0,1.0
33,,238,0,0,203,0,203,0.0,0.0,1.0
33,,239,0,0,638,0,638,0.0,0.0,1.0
33,,24,0,0,130,0,130,0.0,0.0,1.0
33,,240,0,0,500,0,500,0.0,0.0,1.0
33,,241,0,0,308,0,308,0.0,0.0,1.0
33,,242,0,0,237,0,237,0.0,0.0,1.0
33,,243,0,0,235,0,235,0.0,0.0,1.0
33,,244,0,0,397,0,397,0.0,0.0,1.0
33,,245,0,0,603,0,603,0.0,0.0,1.0
33,,246,0,0,405,0,405,0.0,0.0,1.0
33,,247,0,0,617,0,617,0.0,0.0,1.0
33,,248,0,0,176,0,176,0.0,0.0,1.0
33,,249,0,0,55,0,55,0.0,0.0,1.0
33,,25,0,0,818,0,818,0.0,0.0,1.0
33,,250,0,0,274,0,274,0.0,0.0,1.0
33,,251,0,0,323,0,323,0.0,0.0,1.0
33,,252,0,0,234,0,234,0.0,0.0,1.0
33,,253,0,0,222,0,222,0.0,0.0,1.0
33,,254,0,0,616,0,616,0.0,0.0,1.0
33,,255,0,0,283,0,283,0.0,0.0,1.0
33,,256,0,0,558,0,558,0.0,0.0,1.0
33,,257,0,0,102,0,102,0.0,0.0,1.0
33,,258,0,0,340,0,340,0.0,0.0,1.0
33,,259,0,0,261,0,261,0.0,0.0,1.0
33,,26,0,0,456,0,456,0.0,0.0,1.0
33,,260,0,0,542,0,542,0.0,0.0,1.0
33,,261,0,0,547,0,547,0.0,0.0,1.0
33,,262,0,0,706,0,706,0.0,0.0,1.0
33,,263,0,0,617,0,617,0.0,0.0,1.0
33,,264,0,0,348,0,348,0.0,0.0,1.0
33,,265,0,0,181,0,181,0.0,0.0,1.0
33,,266,0,0,216,0,216,0.0,0.0,1.0
33,,267,0,0,226,0,226,0.0,0.0,1.0
33,,268,0,0,117,0,117,0.0,0.0,1.0
33,,269,0,0,236,0,236,0.0,0.0,1.0
33,,27,0,0,461,0,461,0.0,0.0,1.0
33,,270,0,0,32,0,32,0.0,0.0,1.0
33,,271,0,0,606,0,606,0.0,0.0,1.0
33,,272,0,0,153,0,153,0.0,0.0,1.0
33,,273,0,0,222,0,222,0.0,0.0,1.0
33,,274,0,0,387,0,387,0.0,0.0,1.0
33,,275,0,0,302,0,302,0.0,0.0,1.0
33,,276,0,0,469,0,469,0.0,0.0,1.0
33,,277,0,0,588,0,588,0.0,0.0,1.0
33,,278,0,0,334,0,334,0.0,0.0,1.0
33,,279,0,0,416,0,416,0.0,0.0,1.0
33,,28,0,0,817,0,817,0.0,0.0,1.0
33,,280,0,0,224,0,224,0.0,0.0,1.0
33,,281,0,0,552,0,552,0.0,0.0,1.0
33,,282,0,0,352,0,352,0.0,0.0,1.0
33,,283,0,0,538,0,538,0.0,0.0,1.0
33,,284,0,0,361,0,361,0.0,0.0,1.0
33,,285,0,0,522,0,522,0.0,0.0,1.0
33,,286,0,0,321,0,321,0.0,0.0,1.0
33,,287,0,0,504,0,504,0.0,0.0,1.0
33,,288,0,0,293,0,293,0.0,0.0,1.0
33,,29,0,0,671,0,671,0.0,0.0,1.0
33,,3,0,0,253,0,253,0.0,0.0,1.0
33,,30,0,0,467,0,467,0.0,0.0,1.0
33,,31,0,0,467,0,467,0.0,0.0,1.0
33,,313,0,0,10,0,10,0.0,0.0,1.0
33,,314,0,0,13,0,13,0.0,0.0,1.0
33,,315,0,0,49,0,49,0.0,0.0,1.0
33,,316,0,0,333,0,333,0.0,0.0,1.0
33,,317,0,0,406,0,406,0.0,0.0,1.0
33,,318,0,0,527,0,527,0.0,0.0,1.0
33,,319,0,0,158,0,158,0.0,0.0,1.0
33,,32,0,0,585,0,585,0.0,0.0,1.0
33,,320,0,0,5,0,5,0.0,0.0,1.0
33,,321,0,0,160,0,160,0.0,0.0,1.0
33,,322,0,0,149,0,149,0.0,0.0,1.0
33,,323,0,0,215,0,215,0.0,0.0,1.0
33,,324,0,0,67,0,67,0.0,0.0,1.0
33,,325,0,0,291,0,291,0.0,0.0,1.0
33,,326,0,0,329,0,329,0.0,0.0,1.0
33,,327,0,0,190,0,190,0.0,0.0,1.0
33,,328,0,0,458,0,458,0.0,0.0,1.0
33,,329,0,0,440,0,440,0.0,0.0,1.0
33,,33,0,0,578,0,578,0.0,0.0,1.0
33,,330,0,0,12,0,12,0.0,0.0,1.0
33,,331,0,0,202,0,202,0.0,0.0,1.0
33,,332,0,0,492,0,492,0.0,0.0,1.0
33,,333,0,0,58,0,58,0.0,0.0,1.0
33,,334,0,0,141,0,141,0.0,0.0,1.0
33,,335,0,0,263,0,263,0.0,0.0,1.0
33,,336,0,0,354,0,354,0.0,0.0,1.0
33,,34,0,0,555,0,555,0.0,0.0,1.0
33,,35,0,0,493,0,493,0.0,0.0,1.0
33,,36,0,0,881,0,881,0.0,0.0,1.0
33,,37,0,0,500,0,500,0.0,0.0,1.0
33,,38,0,0,479,0,479,0.0,0.0,1.0
33,,39,0,0,847,0,847,0.0,0.0,1.0
33,,4,0,0,176,0,176,0.0,0.0,1.0
33,,40,0,0,563,0,563,0.0,0.0,1.0
33,,41,0,0,520,0,520,0.0,0.0,1.0
33,,42,0,0,589,0,589,0.0,0.0,1.0
33,,43,0,0,521,0,521,0.0,0.0,1.0
33,,44,0,0,855,0,855,0.0,0.0,1.0
33,,45,0,0,438,0,438,0.0,0.0,1.0
33,,46,0,0,489,0,489,0.0,0.0,1.0
33,,47,0,0,482,0,482,0.0,0.0,1.0
33,,48,0,0,458,0,458,0.0,0.0,1.0
33,,49,0,0,470,0,470,0.0,0.0,1.0
33,,5,0,0,60,0,60,0.0,0.0,1.0
33,,50,0,0,402,0,402,0.0,0.0,1.0
33,,51,0,0,727,0,727,0.0,0.0,1.0
33,,52,0,0,847,0,847,0.0,0.0,1.0
33,,53,0,0,568,0,568,0.0,0.0,1.0
33,,54,0,0,536,0,536,0.0,0.0,1.0
33,,55,0,0,611,0,611,0.0,0.0,1.0
33,,56,0,0,593,0,593,0.0,0.0,1.0
33,,57,0,0,896,0,896,0.0,0.0,1.0
33,,58,0,0,483,0,483,0.0,0.0,1.0
33,,59,0,0,474,0,474,0.0,0.0,1.0
33,,6,0,0,39,0,39,0.0,0.0,1.0
33,,60,0,0,500,0,500,0.0,0.0,1.0
33,,61,0,0,552,0,552,0.0,0.0,1.0
33,,62,0,0,588,0,588,0.0,0.0,1.0
33,,63,0,0,573,0,573,0.0,0.0,1.0
33,,64,0,0,601,0,601,0.0,0.0,1.0
33,,65,0,0,610,0,610,0.0,0.0,1.0
33,,66,0,0,516,0,516,0.0,0.0,1.0
33,,67,0,0,420,0,420,0.0,0.0,1.0
33,,68,0,0,661,0,661,0.0,0.0,1.0
33,,69,0,0,618,0,618,0.0,0.0,1.0
33,,7,0,0,14,0,14,0.0,0.0,1.0
33,,70,0,0,571,0,571,0.0,0.0,1.0
33,,71,0,0,698,0,698,0.0,0.0,1.0
33,,72,0,0,571,0,571,0.0,0.0,1.0
33,,8,0,0,134,0,134,0.0,0.0,1.0
33,,9,0,0,44,0,44,0.0,0.0,1.0
33,,97,0,0,800,0,800,0.0,0.0,1.0
33,,98,0,0,244,0,244,0.0,0.0,1.0
33,,99,0,0,286,0,286,0.0,0.0,1.0
34,,124,0,0,38,0,38,0.0,0.0,1.0
34,,130,0,0,45,0,45,0.0,0.0,1.0
34,,148,0,0,525,0,525,0.0,0.0,1.0
34,,158,0,0,48,0,48,0.0,0.0,1.0
34,,177,0,0,499,0,499,0.0,0.0,1.0
34,,184,0,0,34,0,34,0.0,0.0,1.0
34,,19,0,0,244,0,244,0.0,0.0,1.0
34,,191,0,0,31,0,31,0.0,0.0,1.0
34,,192,0,0,478,0,478,0.0,0.0,1.0
34,,193,0,0,18,0,18,0.0,0.0,1.0
34,,204,0,0,39,0,39,0.0,0.0,1.0
34,,216,0,0,21,0,21,0.0,0.0,1.0
34,,226,0,0,830,0,830,0.0,0.0,1.0
34,,239,0,0,676,0,676,0.0,0.0,1.0
34,,247,0,0,22,0,22,0.0,0.0,1.0
34,,260,0,0,614,0,614,0.0,0.0,1.0
34,,279,0,0,28,0,28,0.0,0.0,1.0
34,,285,0,0,5,0,5,0.0,0.0,1.0
34,,304,0,0,7,0,7,0.0,0.0,1.0
34,,388,0,0,13,0,13,0.0,0.0,1.0
34,,454,0,0,615,0,615,0.0,0.0,1.0
34,,502,0,0,19,0,19,0.0,0.0,1.0
35,,107,0,0,971,0,971,0.0,0.0,1.0
35,,110,0,0,1212,0,1212,0.0,0.0,1.0
35,,112,0,0,179,0,179,0.0,0.0,1.0
35,,113,0,0,918,0,918,0.0,0.0,1.0
35,,113(A),0,0,305,0,305,0.0,0.0,1.0
35,,114,0,0,311,0,311,0.0,0.0,1.0
35,,114(A),0,0,292,0,292,0.0,0.0,1.0
35,,115,0,0,294,0,294,0.0,0.0,1.0
35,,115(A),0,0,271,0,271,0.0,0.0,1.0
35,,116,0,0,232,0,232,0.0,0.0,1.0
35,,117,0,0,236,0,236,0.0,0.0,1.0
35,,117(A),0,0,190,0,190,0.0,0.0,1.0
35,,118,0,0,274,0,274,0.0,0.0,1.0
35,,119,0,0,992,0,992,0.0,0.0,1.0
35,,120,0,0,436,0,436,0.0,0.0,1.0
35,,121,0,0,258,0,258,0.0,0.0,1.0
35,,121(A),0,0,272,0,272,0.0,0.0,1.0
35,,122,0,0,253,0,253,0.0,0.0,1.0
35,,123,0,0,390,0,390,0.0,0.0,1.0
35,,124(A),0,0,360,0,360,0.0,0.0,1.0
35,,125,0,0,440,0,440,0.0,0.0,1.0
35,,126,0,0,401,0,401,0.0,0.0,1.0
35,,127,0,0,459,0,459,0.0,0.0,1.0
35,,128,0,0,371,0,371,0.0,0.0,1.0
35,,129,0,0,1231,0,1231,0.0,0.0,1.0
35,,130,0,0,492,0,492,0.0,0.0,1.0
35,,131,0,0,445,0,445,0.0,0.0,1.0
35,,132,0,0,305,0,305,0.0,0.0,1.0
35,,132(A),0,0,285,0,285,0.0,0.0,1.0
35,,133,0,0,496,0,496,0.0,0.0,1.0
35,,134,0,0,1024,0,1024,0.0,0.0,1.0
35,,135,0,0,368,0,368,0.0,0.0,1.0
35,,136,0,0,291,0,291,0.0,0.0,1.0
35,,143,0,0,723,0,723,0.0,0.0,1.0
35,,153,0,0,511,0,511,0.0,0.0,1.0
35,,159,0,0,777,0,777,0.0,0.0,1.0
35,,171,0,0,2112,0,2112,0.0,0.0,1.0
35,,176,0,0,728,0,728,0.0,0.0,1.0
35,,177,0,0,833,0,833,0.0,0.0,1.0
35,,181,0,0,633,0,633,0.0,0.0,1.0
35,,183,0,0,1101,0,1101,0.0,0.0,1.0
35,,191,0,0,909,0,909,0.0,0.0,1.0
35,,204,0,0,1153,0,1153,0.0,0.0,1.0
35,,208,0,0,788,0,788,0.0,0.0,1.0
35,,227,0,0,831,0,831,0.0,0.0,1.0
35,,246,0,0,1142,0,1142,0.0,0.0,1.0
35,,255,0,0,1209,0,1209,0.0,0.0,1.0
35,,299,0,0,1081,0,1081,0.0,0.0,1.0
35,,376,0,0,1012,0,1012,0.0,0.0,1.0
35,,40,0,0,1050,0,1050,0.0,0.0,1.0
35,,427,0,0,1237,0,1237,0.0,0.0,1.0
35,,49,0,0,941,0,941,0.0,0.0,1.0
35,,52,0,0,760,0,760,0.0,0.0,1.0
35,,55,0,0,551,0,551,0.0,0.0,1.0
35,,92,0,0,918,0,918,0.0,0.0,1.0
35,,95,0,0,366,0,366,0.0,0.0,1.0
36,ITAHAR,100,0,0,482,0,482,0.0,0.0,1.0
36,ITAHAR,101,0,0,437,0,437,0.0,0.0,1.0
36,ITAHAR,102,0,0,408,0,408,0.0,0.0,1.0
36,ITAHAR,103,0,0,423,0,423,0.0,0.0,1.0
36,ITAHAR,104,0,0,366,0,366,0.0,0.0,1.0
36,ITAHAR,105,0,0,416,0,416,0.0,0.0,1.0
36,ITAHAR,106,0,0,651,0,651,0.0,0.0,1.0
36,ITAHAR,107,0,0,613,0,613,0.0,0.0,1.0
36,ITAHAR,108,0,0,867,0,867,0.0,0.0,1.0
36,ITAHAR,109,0,0,561,0,561,0.0,0.0,1.0
36,ITAHAR,110,0,0,644,0,644,0.0,0.0,1.0
36,ITAHAR,111,0,0,604,0,604,0.0,0.0,1.0
36,ITAHAR,112,0,0,543,0,543,0.0,0.0,1.0
36,ITAHAR,113,0,0,517,0,517,0.0,0.0,1.0
36,ITAHAR,114,0,0,799,0,799,0.0,0.0,1.0
36,ITAHAR,115,0,0,566,0,566,0.0,0.0,1.0
36,ITAHAR,122,0,0,590,0,590,0.0,0.0,1.0
36,ITAHAR,122A,0,0,537,0,537,0.0,0.0,1.0
36,ITAHAR,123,0,0,646,0,646,0.0,0.0,1.0
36,ITAHAR,124,0,0,829,0,829,0.0,0.0,1.0
36,ITAHAR,125,0,0,827,0,827,0.0,0.0,1.0
36,ITAHAR,126,0,0,755,0,755,0.0,0.0,1.0
36,ITAHAR,127,0,0,949,0,949,0.0,0.0,1.0
36,ITAHAR,128,0,0,484,0,484,0.0,0.0,1.0
36,ITAHAR,129,0,0,488,0,488,0.0,0.0,1.0
36,ITAHAR,129A,0,0,465,0,465,0.0,0.0,1.0
36,ITAHAR,130,0,0,712,0,712,0.0,0.0,1.0
36,ITAHAR,131,0,0,836,0,836,0.0,0.0,1.0
36,ITAHAR,132,0,0,689,0,689,0.0,0.0,1.0
36,ITAHAR,133,0,0,438,0,438,0.0,0.0,1.0
36,ITAHAR,133A,0,0,477,0,477,0.0,0.0,1.0
36,ITAHAR,134,0,0,461,0,461,0.0,0.0,1.0
36,ITAHAR,134A,0,0,405,0,405,0.0,0.0,1.0
36,ITAHAR,135,0,0,841,0,841,0.0,0.0,1.0
36,ITAHAR,136,0,0,591,0,591,0.0,0.0,1.0
36,ITAHAR,137,0,0,494,0,494,0.0,0.0,1.0
36,ITAHAR,137A,0,0,432,0,432,0.0,0.0,1.0
36,ITAHAR,138,0,0,450,0,450,0.0,0.0,1.0
36,ITAHAR,138A,0,0,476,0,476,0.0,0.0,1.0
36,ITAHAR,139,0,0,453,0,453,0.0,0.0,1.0
36,ITAHAR,139A,0,0,470,0,470,0.0,0.0,1.0
36,ITAHAR,140,0,0,547,0,547,0.0,0.0,1.0
36,ITAHAR,140A,0,0,558,0,558,0.0,0.0,1.0
36,ITAHAR,141,0,0,557,0,557,0.0,0.0,1.0
36,ITAHAR,141A,0,0,582,0,582,0.0,0.0,1.0
36,ITAHAR,142,0,0,497,0,497,0.0,0.0,1.0
36,ITAHAR,142A,0,0,461,0,461,0.0,0.0,1.0
36,ITAHAR,210,0,0,444,0,444,0.0,0.0,1.0
36,ITAHAR,211,0,0,419,0,419,0.0,0.0,1.0
36,ITAHAR,212,0,0,817,0,817,0.0,0.0,1.0
36,ITAHAR,213,0,0,498,0,498,0.0,0.0,1.0
36,ITAHAR,214,0,0,504,0,504,0.0,0.0,1.0
36,ITAHAR,215,0,0,535,0,535,0.0,0.0,1.0
36,ITAHAR,216,0,0,509,0,509,0.0,0.0,1.0
36,ITAHAR,217,0,0,623,0,623,0.0,0.0,1.0
36,ITAHAR,218,0,0,639,0,639,0.0,0.0,1.0
36,ITAHAR,219,0,0,455,0,455,0.0,0.0,1.0
36,ITAHAR,220,0,0,408,0,408,0.0,0.0,1.0
36,ITAHAR,221,0,0,432,0,432,0.0,0.0,1.0
36,ITAHAR,222,0,0,492,0,492,0.0,0.0,1.0
36,ITAHAR,223,0,0,501,0,501,0.0,0.0,1.0
36,ITAHAR,224,0,0,472,0,472,0.0,0.0,1.0
36,ITAHAR,225,0,0,817,0,817,0.0,0.0,1.0
36,ITAHAR,226,0,0,608,0,608,0.0,0.0,1.0
36,ITAHAR,227,0,0,699,0,699,0.0,0.0,1.0
36,ITAHAR,228,0,0,753,0,753,0.0,0.0,1.0
36,ITAHAR,229,0,0,853,0,853,0.0,0.0,1.0
36,ITAHAR,230,0,0,558,0,558,0.0,0.0,1.0
36,ITAHAR,231,0,0,513,0,513,0.0,0.0,1.0
36,ITAHAR,232,0,0,501,0,501,0.0,0.0,1.0
36,ITAHAR,233,0,0,520,0,520,0.0,0.0,1.0
36,ITAHAR,234,0,0,478,0,478,0.0,0.0,1.0
36,ITAHAR,235,0,0,437,0,437,0.0,0.0,1.0
36,ITAHAR,236,0,0,833,0,833,0.0,0.0,1.0
36,ITAHAR,237,0,0,731,0,731,0.0,0.0,1.0
36,ITAHAR,238,0,0,767,0,767,0.0,0.0,1.0
36,ITAHAR,239,0,0,500,0,500,0.0,0.0,1.0
36,ITAHAR,86,0,0,483,0,483,0.0,0.0,1.0
36,ITAHAR,87,0,0,582,0,582,0.0,0.0,1.0
36,ITAHAR,88,0,0,603,0,603,0.0,0.0,1.0
36,ITAHAR,89,0,0,651,0,651,0.0,0.0,1.0
36,ITAHAR,90,0,0,472,0,472,0.0,0.0,1.0
36,ITAHAR,91,0,0,503,0,503,0.0,0.0,1.0
36,ITAHAR,92,0,0,473,0,473,0.0,0.0,1.0
36,ITAHAR,93,0,0,321,0,321,0.0,0.0,1.0
36,ITAHAR,94,0,0,455,0,455,0.0,0.0,1.0
36,ITAHAR,95,0,0,481,0,481,0.0,0.0,1.0
36,ITAHAR,96,0,0,606,0,606,0.0,0.0,1.0
36,ITAHAR,97,0,0,598,0,598,0.0,0.0,1.0
36,ITAHAR,98,0,0,463,0,463,0.0,0.0,1.0
36,ITAHAR,99,0,0,454,0,454,0.0,0.0,1.0
37,Kushmandi (SC) AC,1,0,0,45,0,45,0.0,0.0,1.0
37,Kushmandi (SC) AC,10,0,0,22,0,22,0.0,0.0,1.0
37,Kushmandi (SC) AC,103,0,0,46,0,46,0.0,0.0,1.0
37,Kushmandi (SC) AC,104,0,0,26,0,26,0.0,0.0,1.0
37,Kushmandi (SC) AC,105,0,0,52,0,52,0.0,0.0,1.0
37,Kushmandi (SC) AC,106,0,0,77,0,77,0.0,0.0,1.0
37,Kushmandi (SC) AC,108,0,0,115,0,115,0.0,0.0,1.0
37,Kushmandi (SC) AC,109,0,0,237,0,237,0.0,0.0,1.0
37,Kushmandi (SC) AC,10A,0,0,23,0,23,0.0,0.0,1.0
37,Kushmandi (SC) AC,11,0,0,34,0,34,0.0,0.0,1.0
37,Kushmandi (SC) AC,110,0,0,102,0,102,0.0,0.0,1.0
37,Kushmandi (SC) AC,111,0,0,62,0,62,0.0,0.0,1.0
37,Kushmandi (SC) AC,112,0,0,87,0,87,0.0,0.0,1.0
37,Kushmandi (SC) AC,113,0,0,154,0,154,0.0,0.0,1.0
37,Kushmandi (SC) AC,113A,0,0,314,0,314,0.0,0.0,1.0
37,Kushmandi (SC) AC,114,295,0,398,0,693,0.42568542568542567,0.0,0.5743145743145743
37,Kushmandi (SC) AC,115,7,0,549,0,556,0.012589928057553957,0.0,0.987410071942446
37,Kushmandi (SC) AC,116,424,0,445,0,869,0.48791714614499426,0.0,0.5120828538550057
37,Kushmandi (SC) AC,117,264,0,274,0,538,0.49070631970260226,0.0,0.5092936802973977
37,Kushmandi (SC) AC,118,254,0,337,0,591,0.42978003384094754,0.0,0.5702199661590525
37,Kushmandi (SC) AC,118A,268,0,237,0,505,0.5306930693069307,0.0,0.4693069306930693
37,Kushmandi (SC) AC,119,468,0,713,0,1181,0.39627434377646065,0.0,0.6037256562235394
37,Kushmandi (SC) AC,11A,0,0,19,0,19,0.0,0.0,1.0
37,Kushmandi (SC) AC,12,0,0,18,0,18,0.0,0.0,1.0
37,Kushmandi (SC) AC,120,186,0,177,0,363,0.512396694214876,0.0,0.48760330578512395
37,Kushmandi (SC) AC,121,300,0,123,0,423,0.7092198581560284,0.0,0.2907801418439716
37,Kushmandi (SC) AC,122,101,0,396,0,497,0.20321931589537223,0.0,0.7967806841046278
37,Kushmandi (SC) AC,1224,376,0,187,0,563,0.6678507992895204,0.0,0.3321492007104796
37,Kushmandi (SC) AC,123,260,0,604,0,864,0.30092592592592593,0.0,0.6990740740740741
37,Kushmandi (SC) AC,124,507,0,504,0,1011,0.5014836795252225,0.0,0.49851632047477745
37,Kushmandi (SC) AC,125,770,0,419,0,1189,0.6476030277544155,0.0,0.3523969722455845
37,Kushmandi (SC) AC,125A,235,0,298,0,533,0.44090056285178236,0.0,0.5590994371482176
37,Kushmandi (SC) AC,126,177,0,626,0,803,0.22042341220423411,0.0,0.7795765877957659
37,Kushmandi (SC) AC,127,345,0,577,0,922,0.37418655097613884,0.0,0.6258134490238612
37,Kushmandi (SC) AC,128,92,0,450,0,542,0.16974169741697417,0.0,0.8302583025830258
37,Kushmandi (SC) AC,128A,329,0,223,0,552,0.5960144927536232,0.0,0.40398550724637683
37,Kushmandi (SC) AC,129,227,0,566,0,793,0.2862547288776797,0.0,0.7137452711223203
37,Kushmandi (SC) AC,13,0,0,28,0,28,0.0,0.0,1.0
37,Kushmandi (SC) AC,130,160,0,486,0,646,0.2476780185758514,0.0,0.7523219814241486
37,Kushmandi (SC) AC,131,340,0,455,0,795,0.4276729559748428,0.0,0.5723270440251572
37,Kushmandi (SC) AC,132,238,0,198,0,436,0.5458715596330275,0.0,0.4541284403669725
37,Kushmandi (SC) AC,133,150,0,434,0,584,0.2568493150684932,0.0,0.7431506849315068
37,Kushmandi (SC) AC,134,136,0,778,0,914,0.1487964989059081,0.0,0.8512035010940919
37,Kushmandi (SC) AC,135,84,0,447,0,531,0.15819209039548024,0.0,0.8418079096045198
37,Kushmandi (SC) AC,136,272,0,395,0,667,0.4077961019490255,0.0,0.5922038980509745
37,Kushmandi (SC) AC,137,7,0,550,0,557,0.012567324955116697,0.0,0.9874326750448833
37,Kushmandi (SC) AC,138,23,0,568,0,591,0.038917089678511,0.0,0.961082910321489
37,Kushmandi (SC) AC,139,299,0,393,0,692,0.4320809248554913,0.0,0.5679190751445087
37,Kushmandi (SC) AC,14,0,0,27,0,27,0.0,0.0,1.0
37,Kushmandi (SC) AC,140,398,0,433,0,831,0.4789410348977136,0.0,0.5210589651022864
37,Kushmandi (SC) AC,141,324,0,182,0,506,0.6403162055335968,0.0,0.35968379446640314
37,Kushmandi (SC) AC,141A,328,0,148,0,476,0.6890756302521008,0.0,0.31092436974789917
37,Kushmandi (SC) AC,142,372,0,221,0,593,0.627318718381113,0.0,0.37268128161888703
37,Kushmandi (SC) AC,143,332,0,273,0,605,0.5487603305785124,0.0,0.4512396694214876
37,Kushmandi (SC) AC,144,353,0,319,0,672,0.5252976190476191,0.0,0.47470238095238093
37,Kushmandi (SC) AC,145,406,0,288,0,694,0.5850144092219021,0.0,0.414985590778098
37,Kushmandi (SC) AC,145A,388,0,174,0,562,0.6903914590747331,0.0,0.3096085409252669
37,Kushmandi (SC) AC,146,380,0,892,0,1272,0.29874213836477986,0.0,0.7012578616352201
37,Kushmandi (SC) AC,146A,387,0,785,0,1172,0.3302047781569966,0.0,0.6697952218430034
37,Kushmandi (SC) AC,147,16,0,431,0,447,0.035794183445190156,0.0,0.9642058165548099
37,Kushmandi (SC) AC,148,23,0,477,0,500,0.046,0.0,0.954
37,Kushmandi (SC) AC,149,13,0,694,0,707,0.018387553041018388,0.0,0.9816124469589816
37,Kushmandi (SC) AC,15,0,0,35,0,35,0.0,0.0,1.0
37,Kushmandi (SC) AC,150,105,0,696,0,801,0.13108614232209737,0.0,0.8689138576779026
37,Kushmandi (SC) AC,151,136,0,869,0,1005,0.13532338308457711,0.0,0.8646766169154229
37,Kushmandi (SC) AC,152,359,0,736,0,1095,0.3278538812785388,0.0,0.6721461187214612
37,Kushmandi (SC) AC,153,25,0,525,0,550,0.045454545454545456,0.0,0.9545454545454546
37,Kushmandi (SC) AC,153A,0,0,1065,0,1065,0.0,0.0,1.0
37,Kushmandi (SC) AC,154,22,0,1021,0,1043,0.02109300095877277,0.0,0.9789069990412272
37,Kushmandi (SC) AC,155,737,0,700,0,1437,0.5128740431454419,0.0,0.4871259568545581
37,Kushmandi (SC) AC,155A,0,0,442,0,442,0.0,0.0,1.0
37,Kushmandi (SC) AC,156,0,0,451,0,451,0.0,0.0,1.0
37,Kushmandi (SC) AC,156A,0,0,529,0,529,0.0,0.0,1.0
37,Kushmandi (SC) AC,157,0,0,606,0,606,0.0,0.0,1.0
37,Kushmandi (SC) AC,158,0,0,638,0,638,0.0,0.0,1.0
37,Kushmandi (SC) AC,158A,0,0,444,0,444,0.0,0.0,1.0
37,Kushmandi (SC) AC,159,0,0,461,0,461,0.0,0.0,1.0
37,Kushmandi (SC) AC,159A,0,0,484,0,484,0.0,0.0,1.0
37,Kushmandi (SC) AC,16,0,0,52,0,52,0.0,0.0,1.0
37,Kushmandi (SC) AC,160,0,0,533,0,533,0.0,0.0,1.0
37,Kushmandi (SC) AC,160A,0,0,561,0,561,0.0,0.0,1.0
37,Kushmandi (SC) AC,161,0,0,2093,0,2093,0.0,0.0,1.0
37,Kushmandi (SC) AC,162,0,0,1553,0,1553,0.0,0.0,1.0
37,Kushmandi (SC) AC,163,0,0,640,0,640,0.0,0.0,1.0
37,Kushmandi (SC) AC,165,0,0,549,0,549,0.0,0.0,1.0
37,Kushmandi (SC) AC,165A,0,0,531,0,531,0.0,0.0,1.0
37,Kushmandi (SC) AC,166,0,0,459,0,459,0.0,0.0,1.0
37,Kushmandi (SC) AC,168,0,0,1392,0,1392,0.0,0.0,1.0
37,Kushmandi (SC) AC,169,0,0,803,0,803,0.0,0.0,1.0
37,Kushmandi (SC) AC,16A,0,0,26,0,26,0.0,0.0,1.0
37,Kushmandi (SC) AC,17,0,0,55,0,55,0.0,0.0,1.0
37,Kushmandi (SC) AC,170,0,0,1065,0,1065,0.0,0.0,1.0
37,Kushmandi (SC) AC,171,0,0,732,0,732,0.0,0.0,1.0
37,Kushmandi (SC) AC,172,0,0,703,0,703,0.0,0.0,1.0
37,Kushmandi (SC) AC,172A,0,0,483,0,483,0.0,0.0,1.0
37,Kushmandi (SC) AC,173,0,0,527,0,527,0.0,0.0,1.0
37,Kushmandi (SC) AC,174,0,0,527,0,527,0.0,0.0,1.0
37,Kushmandi (SC) AC,174A,0,0,392,0,392,0.0,0.0,1.0
37,Kushmandi (SC) AC,175,0,0,458,0,458,0.0,0.0,1.0
37,Kushmandi (SC) AC,175A,0,0,591,0,591,0.0,0.0,1.0
37,Kushmandi (SC) AC,176,0,0,1191,0,1191,0.0,0.0,1.0
37,Kushmandi (SC) AC,176A,0,0,552,0,552,0.0,0.0,1.0
37,Kushmandi (SC) AC,177,0,0,542,0,542,0.0,0.0,1.0
37,Kushmandi (SC) AC,177A,0,0,1009,0,1009,0.0,0.0,1.0
37,Kushmandi (SC) AC,178,0,0,1064,0,1064,0.0,0.0,1.0
37,Kushmandi (SC) AC,179,0,0,533,0,533,0.0,0.0,1.0
37,Kushmandi (SC) AC,18,0,0,77,0,77,0.0,0.0,1.0
37,Kushmandi (SC) AC,180,0,0,968,0,968,0.0,0.0,1.0
37,Kushmandi (SC) AC,181,0,0,978,0,978,0.0,0.0,1.0
37,Kushmandi (SC) AC,181A,0,0,554,0,554,0.0,0.0,1.0
37,Kushmandi (SC) AC,182,0,0,710,0,710,0.0,0.0,1.0
37,Kushmandi (SC) AC,182A,0,0,546,0,546,0.0,0.0,1.0
37,Kushmandi (SC) AC,183,0,0,519,0,519,0.0,0.0,1.0
37,Kushmandi (SC) AC,184,0,0,536,0,536,0.0,0.0,1.0
37,Kushmandi (SC) AC,185,0,0,377,0,377,0.0,0.0,1.0
37,Kushmandi (SC) AC,185A,0,0,555,0,555,0.0,0.0,1.0
37,Kushmandi (SC) AC,186,0,0,1202,0,1202,0.0,0.0,1.0
37,Kushmandi (SC) AC,187,0,0,915,0,915,0.0,0.0,1.0
37,Kushmandi (SC) AC,187A,0,0,469,0,469,0.0,0.0,1.0
37,Kushmandi (SC) AC,18A,0,0,62,0,62,0.0,0.0,1.0
37,Kushmandi (SC) AC,19,0,0,42,0,42,0.0,0.0,1.0
37,Kushmandi (SC) AC,19A,0,0,46,0,46,0.0,0.0,1.0
37,Kushmandi (SC) AC,1A,0,0,42,0,42,0.0,0.0,1.0
37,Kushmandi (SC) AC,2,0,0,37,0,37,0.0,0.0,1.0
37,Kushmandi (SC) AC,20,0,0,27,0,27,0.0,0.0,1.0
37,Kushmandi (SC) AC,20A,0,0,21,0,21,0.0,0.0,1.0
37,Kushmandi (SC) AC,21,0,0,56,0,56,0.0,0.0,1.0
37,Kushmandi (SC) AC,22,0,0,41,0,41,0.0,0.0,1.0
37,Kushmandi (SC) AC,222,0,0,620,0,620,0.0,0.0,1.0
37,Kushmandi (SC) AC,223,0,0,789,0,789,0.0,0.0,1.0
37,Kushmandi (SC) AC,22A,0,0,47,0,47,0.0,0.0,1.0
37,Kushmandi (SC) AC,22t,0,0,1341,0,1341,0.0,0.0,1.0
37,Kushmandi (SC) AC,23,0,0,118,0,118,0.0,0.0,1.0
37,Kushmandi (SC) AC,23A,0,0,149,0,149,0.0,0.0,1.0
37,Kushmandi (SC) AC,24,0,0,26,0,26,0.0,0.0,1.0
37,Kushmandi (SC) AC,25,0,0,75,0,75,0.0,0.0,1.0
37,Kushmandi (SC) AC,254,0,0,106,0,106,0.0,0.0,1.0
37,Kushmandi (SC) AC,26,0,0,110,0,110,0.0,0.0,1.0
37,Kushmandi (SC) AC,27,0,0,87,0,87,0.0,0.0,1.0
37,Kushmandi (SC) AC,28,0,0,29,0,29,0.0,0.0,1.0
37,Kushmandi (SC) AC,28A,0,0,32,0,32,0.0,0.0,1.0
37,Kushmandi (SC) AC,29,0,0,62,0,62,0.0,0.0,1.0
37,Kushmandi (SC) AC,2A,0,0,54,0,54,0.0,0.0,1.0
37,Kushmandi (SC) AC,3,0,0,22,0,22,0.0,0.0,1.0
37,Kushmandi (SC) AC,30,0,0,216,0,216,0.0,0.0,1.0
37,Kushmandi (SC) AC,31,0,0,119,0,119,0.0,0.0,1.0
37,Kushmandi (SC) AC,33,0,0,112,0,112,0.0,0.0,1.0
37,Kushmandi (SC) AC,34,0,0,53,0,53,0.0,0.0,1.0
37,Kushmandi (SC) AC,3A,0,0,38,0,38,0.0,0.0,1.0
37,Kushmandi (SC) AC,4,0,0,106,0,106,0.0,0.0,1.0
37,Kushmandi (SC) AC,4A,0,0,727,0,727,0.0,0.0,1.0
37,Kushmandi (SC) AC,5,0,0,260,0,260,0.0,0.0,1.0
37,Kushmandi (SC) AC,6,0,0,39,0,39,0.0,0.0,1.0
37,Kushmandi (SC) AC,7,0,0,17,0,17,0.0,0.0,1.0
37,Kushmandi (SC) AC,701,0,0,73,0,73,0.0,0.0,1.0
37,Kushmandi (SC) AC,711,0,0,59,0,59,0.0,0.0,1.0
37,Kushmandi (SC) AC,72,0,0,9,0,9,0.0,0.0,1.0
37,Kushmandi (SC) AC,722,0,0,119,0,119,0.0,0.0,1.0
37,Kushmandi (SC) AC,727,0,0,115,0,115,0.0,0.0,1.0
37,Kushmandi (SC) AC,729,0,0,113,0,113,0.0,0.0,1.0
37,Kushmandi (SC) AC,731,0,0,25,0,25,0.0,0.0,1.0
37,Kushmandi (SC) AC,742,0,0,10,0,10,0.0,0.0,1.0
37,Kushmandi (SC) AC,743,0,0,180,0,180,0.0,0.0,1.0
37,Kushmandi (SC) AC,7A,0,0,17,0,17,0.0,0.0,1.0
37,Kushmandi (SC) AC,8,0,0,31,0,31,0.0,0.0,1.0
37,Kushmandi (SC) AC,9,0,0,34,0,34,0.0,0.0,1.0
37,Kushmandi (SC) AC,9A,0,0,14,0,14,0.0,0.0,1.0
38,Kumarganj AC,107,0,0,542,0,542,0.0,0.0,1.0
38,Kumarganj AC,108,0,0,494,0,494,0.0,0.0,1.0
38,Kumarganj AC,109,0,0,560,0,560,0.0,0.0,1.0
38,Kumarganj AC,110,0,0,469,0,469,0.0,0.0,1.0
38,Kumarganj AC,111,0,0,681,0,681,0.0,0.0,1.0
38,Kumarganj AC,112,0,0,872,0,872,0.0,0.0,1.0
38,Kumarganj AC,113,0,0,747,0,747,0.0,0.0,1.0
38,Kumarganj AC,114,0,0,738,0,738,0.0,0.0,1.0
38,Kumarganj AC,115,0,0,884,0,884,0.0,0.0,1.0
38,Kumarganj AC,116,0,0,710,0,710,0.0,0.0,1.0
38,Kumarganj AC,117,0,0,999,0,999,0.0,0.0,1.0
38,Kumarganj AC,118,0,0,842,0,842,0.0,0.0,1.0
38,Kumarganj AC,119,0,0,603,0,603,0.0,0.0,1.0
38,Kumarganj AC,120,0,0,1063,0,1063,0.0,0.0,1.0
38,Kumarganj AC,121,0,0,869,0,869,0.0,0.0,1.0
38,Kumarganj AC,122,0,0,857,0,857,0.0,0.0,1.0
38,Kumarganj AC,123,0,0,744,0,744,0.0,0.0,1.0
38,Kumarganj AC,124,0,0,695,0,695,0.0,0.0,1.0
38,Kumarganj AC,125,0,0,610,0,610,0.0,0.0,1.0
38,Kumarganj AC,126,0,0,536,0,536,0.0,0.0,1.0
38,Kumarganj AC,127,0,0,875,0,875,0.0,0.0,1.0
38,Kumarganj AC,128,0,0,582,0,582,0.0,0.0,1.0
38,Kumarganj AC,129,0,0,1076,0,1076,0.0,0.0,1.0
38,Kumarganj AC,130,0,0,719,0,719,0.0,0.0,1.0
38,Kumarganj AC,131,0,0,1248,0,1248,0.0,0.0,1.0
38,Kumarganj AC,132,0,0,596,0,596,0.0,0.0,1.0
38,Kumarganj AC,133,0,0,1094,0,1094,0.0,0.0,1.0
38,Kumarganj AC,134,0,0,688,0,688,0.0,0.0,1.0
38,Kumarganj AC,135,0,0,535,0,535,0.0,0.0,1.0
38,Kumarganj AC,136,0,0,964,0,964,0.0,0.0,1.0
38,Kumarganj AC,137,0,0,581,0,581,0.0,0.0,1.0
38,Kumarganj AC,138,0,0,433,0,433,0.0,0.0,1.0
38,Kumarganj AC,139,0,0,899,0,899,0.0,0.0,1.0
38,Kumarganj AC,140,0,0,492,0,492,0.0,0.0,1.0
38,Kumarganj AC,141,0,0,726,0,726,0.0,0.0,1.0
38,Kumarganj AC,142,0,0,853,0,853,0.0,0.0,1.0
38,Kumarganj AC,143,0,0,720,0,720,0.0,0.0,1.0
38,Kumarganj AC,144,0,0,621,0,621,0.0,0.0,1.0
38,Kumarganj AC,145,0,0,572,0,572,0.0,0.0,1.0
38,Kumarganj AC,146,0,0,580,0,580,0.0,0.0,1.0
38,Kumarganj AC,147,0,0,593,0,593,0.0,0.0,1.0
38,Kumarganj AC,148,0,0,635,0,635,0.0,0.0,1.0
38,Kumarganj AC,149,0,0,573,0,573,0.0,0.0,1.0
38,Kumarganj AC,150,0,0,707,0,707,0.0,0.0,1.0
38,Kumarganj AC,151,0,0,663,0,663,0.0,0.0,1.0
38,Kumarganj AC,152,0,0,801,0,801,0.0,0.0,1.0
38,Kumarganj AC,153,0,0,972,0,972,0.0,0.0,1.0
38,Kumarganj AC,154,0,0,628,0,628,0.0,0.0,1.0
38,Kumarganj AC,155,0,0,516,0,516,0.0,0.0,1.0
38,Kumarganj AC,156,0,0,1249,0,1249,0.0,0.0,1.0
38,Kumarganj AC,157,0,0,715,0,715,0.0,0.0,1.0
38,Kumarganj AC,158,0,0,707,0,707,0.0,0.0,1.0
38,Kumarganj AC,159,0,0,654,0,654,0.0,0.0,1.0
38,Kumarganj AC,160A,0,0,32,0,32,0.0,0.0,1.0
38,Kumarganj AC,161,0,0,60,0,60,0.0,0.0,1.0
38,Kumarganj AC,162,0,0,24,0,24,0.0,0.0,1.0
38,Kumarganj AC,162A,0,0,16,0,16,0.0,0.0,1.0
38,Kumarganj AC,163,0,0,16,0,16,0.0,0.0,1.0
38,Kumarganj AC,164,0,0,29,0,29,0.0,0.0,1.0
38,Kumarganj AC,165,0,0,10,0,10,0.0,0.0,1.0
38,Kumarganj AC,165A,0,0,26,0,26,0.0,0.0,1.0
38,Kumarganj AC,166,0,0,16,0,16,0.0,0.0,1.0
38,Kumarganj AC,166A,0,0,23,0,23,0.0,0.0,1.0
38,Kumarganj AC,167,0,0,10,0,10,0.0,0.0,1.0
38,Kumarganj AC,168,0,0,27,0,27,0.0,0.0,1.0
38,Kumarganj AC,169,0,0,51,0,51,0.0,0.0,1.0
38,Kumarganj AC,169A,0,0,24,0,24,0.0,0.0,1.0
38,Kumarganj AC,1700,0,0,51,0,51,0.0,0.0,1.0
38,Kumarganj AC,171,0,0,18,0,18,0.0,0.0,1.0
38,Kumarganj AC,171A,0,0,21,0,21,0.0,0.0,1.0
38,Kumarganj AC,172,0,0,24,0,24,0.0,0.0,1.0
38,Kumarganj AC,172A,0,0,16,0,16,0.0,0.0,1.0
38,Kumarganj AC,173,0,0,63,0,63,0.0,0.0,1.0
38,Kumarganj AC,174,0,0,52,0,52,0.0,0.0,1.0
38,Kumarganj AC,175,0,0,48,0,48,0.0,0.0,1.0
38,Kumarganj AC,175A,0,0,53,0,53,0.0,0.0,1.0
38,Kumarganj AC,176,0,0,237,0,237,0.0,0.0,1.0
38,Kumarganj AC,177A,0,0,37,0,37,0.0,0.0,1.0
38,Kumarganj AC,178,0,0,28,0,28,0.0,0.0,1.0
38,Kumarganj AC,179,0,0,67,0,67,0.0,0.0,1.0
38,Kumarganj AC,180,0,0,21,0,21,0.0,0.0,1.0
38,Kumarganj AC,180A,0,0,30,0,30,0.0,0.0,1.0
38,Kumarganj AC,181,0,0,63,0,63,0.0,0.0,1.0
38,Kumarganj AC,181A,0,0,43,0,43,0.0,0.0,1.0
38,Kumarganj AC,182,0,0,52,0,52,0.0,0.0,1.0
38,Kumarganj AC,182A,0,0,66,0,66,0.0,0.0,1.0
38,Kumarganj AC,183,0,0,51,0,51,0.0,0.0,1.0
38,Kumarganj AC,183A,0,0,34,0,34,0.0,0.0,1.0
38,Kumarganj AC,184,0,0,24,0,24,0.0,0.0,1.0
38,Kumarganj AC,184A,0,0,25,0,25,0.0,0.0,1.0
38,Kumarganj AC,185,0,0,114,0,114,0.0,0.0,1.0
38,Kumarganj AC,186,0,0,90,0,90,0.0,0.0,1.0
38,Kumarganj AC,187,0,0,27,0,27,0.0,0.0,1.0
38,Kumarganj AC,188,0,0,43,0,43,0.0,0.0,1.0
38,Kumarganj AC,189,0,0,18,0,18,0.0,0.0,1.0
38,Kumarganj AC,189A,0,0,25,0,25,0.0,0.0,1.0
38,Kumarganj AC,190,0,0,56,0,56,0.0,0.0,1.0
38,Kumarganj AC,191,0,0,90,0,90,0.0,0.0,1.0
38,Kumarganj AC,192,0,0,78,0,78,0.0,0.0,1.0
38,Kumarganj AC,193,0,0,42,0,42,0.0,0.0,1.0
38,Kumarganj AC,193A,0,0,45,0,45,0.0,0.0,1.0
38,Kumarganj AC,194,0,0,49,0,49,0.0,0.0,1.0
38,Kumarganj AC,195,0,0,9,0,9,0.0,0.0,1.0
38,Kumarganj AC,196,0,0,108,0,108,0.0,0.0,1.0
38,Kumarganj AC,197,0,0,14,0,14,0.0,0.0,1.0
38,Kumarganj AC,198,0,0,323,0,323,0.0,0.0,1.0
38,Kumarganj AC,199,0,0,360,0,360,0.0,0.0,1.0
38,Kumarganj AC,200,0,0,337,0,337,0.0,0.0,1.0
38,Kumarganj AC,200A,0,0,186,0,186,0.0,0.0,1.0
38,Kumarganj AC,201A,0,0,282,0,282,0.0,0.0,1.0
38,Kumarganj AC,202,0,0,294,0,294,0.0,0.0,1.0
38,Kumarganj AC,202A,0,0,226,0,226,0.0,0.0,1.0
38,Kumarganj AC,203,0,0,226,0,226,0.0,0.0,1.0
38,Kumarganj AC,203A,0,0,420,0,420,0.0,0.0,1.0
38,Kumarganj AC,204,0,0,300,0,300,0.0,0.0,1.0
38,Kumarganj AC,205,0,0,194,0,194,0.0,0.0,1.0
38,Kumarganj AC,205A,0,0,345,0,345,0.0,0.0,1.0
38,Kumarganj AC,206,0,0,315,0,315,0.0,0.0,1.0
38,Kumarganj AC,207,0,0,406,0,406,0.0,0.0,1.0
38,Kumarganj AC,52,0,0,736,0,736,0.0,0.0,1.0
39,BALURGHAT,1,0,0,573,0,573,0.0,0.0,1.0
39,BALURGHAT,10,0,0,437,0,437,0.0,0.0,1.0
39,BALURGHAT,100,0,0,602,0,602,0.0,0.0,1.0
39,BALURGHAT,100A,0,0,629,0,629,0.0,0.0,1.0
39,BALURGHAT,101,0,0,503,0,503,0.0,0.0,1.0
39,BALURGHAT,101A,0,0,558,0,558,0.0,0.0,1.0
39,BALURGHAT,102,0,0,923,0,923,0.0,0.0,1.0
39,BALURGHAT,103,0,0,547,0,547,0.0,0.0,1.0
39,BALURGHAT,103A,0,0,537,0,537,0.0,0.0,1.0
39,BALURGHAT,104,0,0,768,0,768,0.0,0.0,1.0
39,BALURGHAT,105,0,0,650,0,650,0.0,0.0,1.0
39,BALURGHAT,106,0,0,561,0,561,0.0,0.0,1.0
39,BALURGHAT,107,0,0,717,0,717,0.0,0.0,1.0
39,BALURGHAT,108,0,0,817,0,817,0.0,0.0,1.0
39,BALURGHAT,109,0,0,706,0,706,0.0,0.0,1.0
39,BALURGHAT,11,0,0,614,0,614,0.0,0.0,1.0
39,BALURGHAT,110,0,0,733,0,733,0.0,0.0,1.0
39,BALURGHAT,111,0,0,527,0,527,0.0,0.0,1.0
39,BALURGHAT,112,0,0,707,0,707,0.0,0.0,1.0
39,BALURGHAT,12,0,0,544,0,544,0.0,0.0,1.0
39,BALURGHAT,13,0,0,651,0,651,0.0,0.0,1.0
39,BALURGHAT,14,0,0,428,0,428,0.0,0.0,1.0
39,BALURGHAT,14A,0,0,483,0,483,0.0,0.0,1.0
39,BALURGHAT,15,0,0,488,0,488,0.0,0.0,1.0
39,BALURGHAT,17,0,0,428,0,428,0.0,0.0,1.0
39,BALURGHAT,173,0,0,536,0,536,0.0,0.0,1.0
39,BALURGHAT,174,0,0,551,0,551,0.0,0.0,1.0
39,BALURGHAT,175,0,0,569,0,569,0.0,0.0,1.0
39,BALURGHAT,176,0,0,550,0,550,0.0,0.0,1.0
39,BALURGHAT,177,0,0,588,0,588,0.0,0.0,1.0
39,BALURGHAT,178,0,0,446,0,446,0.0,0.0,1.0
39,BALURGHAT,179,0,0,550,0,550,0.0,0.0,1.0
39,BALURGHAT,17A,0,0,425,0,425,0.0,0.0,1.0
39,BALURGHAT,180,0,0,430,0,430,0.0,0.0,1.0
39,BALURGHAT,181,0,0,660,0,660,0.0,0.0,1.0
39,BALURGHAT,182,0,0,729,0,729,0.0,0.0,1.0
39,BALURGHAT,183,0,0,510,0,510,0.0,0.0,1.0
39,BALURGHAT,184,0,0,676,0,676,0.0,0.0,1.0
39,BALURGHAT,185,0,0,872,0,872,0.0,0.0,1.0
39,BALURGHAT,186,0,0,548,0,548,0.0,0.0,1.0
39,BALURGHAT,186A,0,0,546,0,546,0.0,0.0,1.0
39,BALURGHAT,187,0,0,726,0,726,0.0,0.0,1.0
39,BALURGHAT,188,0,0,507,0,507,0.0,0.0,1.0
39,BALURGHAT,188A,0,0,471,0,471,0.0,0.0,1.0
39,BALURGHAT,189,0,0,622,0,622,0.0,0.0,1.0
39,BALURGHAT,19,0,0,409,0,409,0.0,0.0,1.0
39,BALURGHAT,190,0,0,647,0,647,0.0,0.0,1.0
39,BALURGHAT,191,0,0,462,0,462,0.0,0.0,1.0
39,BALURGHAT,191A,0,0,490,0,490,0.0,0.0,1.0
39,BALURGHAT,192,0,0,930,0,930,0.0,0.0,1.0
39,BALURGHAT,193,0,0,436,0,436,0.0,0.0,1.0
39,BALURGHAT,194,0,0,516,0,516,0.0,0.0,1.0
39,BALURGHAT,194A,0,0,555,0,555,0.0,0.0,1.0
39,BALURGHAT,195,0,0,761,0,761,0.0,0.0,1.0
39,BALURGHAT,19A,0,0,430,0,430,0.0,0.0,1.0
39,BALURGHAT,2,0,0,644,0,644,0.0,0.0,1.0
39,BALURGHAT,20,0,0,655,0,655,0.0,0.0,1.0
39,BALURGHAT,21,0,0,361,0,361,0.0,0.0,1.0
39,BALURGHAT,21A,0,0,381,0,381,0.0,0.0,1.0
39,BALURGHAT,22,0,0,473,0,473,0.0,0.0,1.0
39,BALURGHAT,23,0,0,590,0,590,0.0,0.0,1.0
39,BALURGHAT,24,0,0,615,0,615,0.0,0.0,1.0
39,BALURGHAT,24A,0,0,583,0,583,0.0,0.0,1.0
39,BALURGHAT,25,0,0,683,0,683,0.0,0.0,1.0
39,BALURGHAT,26,0,0,661,0,661,0.0,0.0,1.0
39,BALURGHAT,27,0,0,711,0,711,0.0,0.0,1.0
39,BALURGHAT,28,0,0,785,0,785,0.0,0.0,1.0
39,BALURGHAT,29,0,0,724,0,724,0.0,0.0,1.0
39,BALURGHAT,3,0,0,599,0,599,0.0,0.0,1.0
39,BALURGHAT,30,0,0,504,0,504,0.0,0.0,1.0
39,BALURGHAT,31,0,0,446,0,446,0.0,0.0,1.0
39,BALURGHAT,31A,0,0,457,0,457,0.0,0.0,1.0
39,BALURGHAT,32,0,0,833,0,833,0.0,0.0,1.0
39,BALURGHAT,33,0,0,518,0,518,0.0,0.0,1.0
39,BALURGHAT,34,0,0,479,0,479,0.0,0.0,1.0
39,BALURGHAT,35,0,0,427,0,427,0.0,0.0,1.0
39,BALURGHAT,36,0,0,460,0,460,0.0,0.0,1.0
39,BALURGHAT,36A,0,0,438,0,438,0.0,0.0,1.0
39,BALURGHAT,37,0,0,774,0,774,0.0,0.0,1.0
39,BALURGHAT,38,0,0,391,0,391,0.0,0.0,1.0
39,BALURGHAT,38A,0,0,414,0,414,0.0,0.0,1.0
39,BALURGHAT,39,0,0,441,0,441,0.0,0.0,1.0
39,BALURGHAT,39A,0,0,433,0,433,0.0,0.0,1.0
39,BALURGHAT,4,0,0,442,0,442,0.0,0.0,1.0
39,BALURGHAT,40,0,0,636,0,636,0.0,0.0,1.0
39,BALURGHAT,41,0,0,356,0,356,0.0,0.0,1.0
39,BALURGHAT,42,0,0,637,0,637,0.0,0.0,1.0
39,BALURGHAT,43,0,0,488,0,488,0.0,0.0,1.0
39,BALURGHAT,44,0,0,690,0,690,0.0,0.0,1.0
39,BALURGHAT,45,0,0,558,0,558,0.0,0.0,1.0
39,BALURGHAT,46,0,0,399,0,399,0.0,0.0,1.0
39,BALURGHAT,46A,0,0,428,0,428,0.0,0.0,1.0
39,BALURGHAT,47,0,0,600,0,600,0.0,0.0,1.0
39,BALURGHAT,48,0,0,558,0,558,0.0,0.0,1.0
39,BALURGHAT,49,0,0,483,0,483,0.0,0.0,1.0
39,BALURGHAT,4A,0,0,476,0,476,0.0,0.0,1.0
39,BALURGHAT,5,0,0,1428,0,1428,0.0,0.0,1.0
39,BALURGHAT,50,0,0,672,0,672,0.0,0.0,1.0
39,BALURGHAT,51,0,0,517,0,517,0.0,0.0,1.0
39,BALURGHAT,52,0,0,549,0,549,0.0,0.0,1.0
39,BALURGHAT,53,0,0,740,0,740,0.0,0.0,1.0
39,BALURGHAT,54,0,0,614,0,614,0.0,0.0,1.0
39,BALURGHAT,55,0,0,600,0,600,0.0,0.0,1.0
39,BALURGHAT,56,0,0,664,0,664,0.0,0.0,1.0
39,BALURGHAT,57,0,0,507,0,507,0.0,0.0,1.0
39,BALURGHAT,58,0,0,448,0,448,0.0,0.0,1.0
39,BALURGHAT,58A,0,0,457,0,457,0.0,0.0,1.0
39,BALURGHAT,59,0,0,656,0,656,0.0,0.0,1.0
39,BALURGHAT,60,0,0,503,0,503,0.0,0.0,1.0
39,BALURGHAT,61,0,0,438,0,438,0.0,0.0,1.0
39,BALURGHAT,61A,0,0,463,0,463,0.0,0.0,1.0
39,BALURGHAT,62,0,0,421,0,421,0.0,0.0,1.0
39,BALURGHAT,63,0,0,640,0,640,0.0,0.0,1.0
39,BALURGHAT,63A,0,0,622,0,622,0.0,0.0,1.0
39,BALURGHAT,64,0,0,814,0,814,0.0,0.0,1.0
39,BALURGHAT,65,0,0,604,0,604,0.0,0.0,1.0
39,BALURGHAT,66,0,0,822,0,822,0.0,0.0,1.0
39,BALURGHAT,67,0,0,396,0,396,0.0,0.0,1.0
39,BALURGHAT,68,0,0,602,0,602,0.0,0.0,1.0
39,BALURGHAT,68A,0,0,614,0,614,0.0,0.0,1.0
39,BALURGHAT,69,0,0,703,0,703,0.0,0.0,1.0
39,BALURGHAT,7,0,0,645,0,645,0.0,0.0,1.0
39,BALURGHAT,70,0,0,698,0,698,0.0,0.0,1.0
39,BALURGHAT,71,0,0,840,0,840,0.0,0.0,1.0
39,BALURGHAT,72,0,0,830,0,830,0.0,0.0,1.0
39,BALURGHAT,73,0,0,502,0,502,0.0,0.0,1.0
39,BALURGHAT,75,0,0,513,0,513,0.0,0.0,1.0
39,BALURGHAT,75A,0,0,544,0,544,0.0,0.0,1.0
39,BALURGHAT,76,0,0,523,0,523,0.0,0.0,1.0
39,BALURGHAT,76A,0,0,531,0,531,0.0,0.0,1.0
39,BALURGHAT,77,0,0,718,0,718,0.0,0.0,1.0
39,BALURGHAT,78,0,0,777,0,777,0.0,0.0,1.0
39,BALURGHAT,79,0,0,829,0,829,0.0,0.0,1.0
39,BALURGHAT,80,0,0,589,0,589,0.0,0.0,1.0
39,BALURGHAT,81,0,0,587,0,587,0.0,0.0,1.0
39,BALURGHAT,81A,0,0,633,0,633,0.0,0.0,1.0
39,BALURGHAT,82,0,0,530,0,530,0.0,0.0,1.0
39,BALURGHAT,82A,0,0,525,0,525,0.0,0.0,1.0
39,BALURGHAT,83,0,0,734,0,734,0.0,0.0,1.0
39,BALURGHAT,84,0,0,665,0,665,0.0,0.0,1.0
39,BALURGHAT,85,0,0,453,0,453,0.0,0.0,1.0
39,BALURGHAT,85A,0,0,481,0,481,0.0,0.0,1.0
39,BALURGHAT,86,0,0,483,0,483,0.0,0.0,1.0
39,BALURGHAT,86A,0,0,544,0,544,0.0,0.0,1.0
39,BALURGHAT,87,0,0,546,0,546,0.0,0.0,1.0
39,BALURGHAT,88,0,0,854,0,854,0.0,0.0,1.0
39,BALURGHAT,89,0,0,657,0,657,0.0,0.0,1.0
39,BALURGHAT,9,0,0,397,0,397,0.0,0.0,1.0
39,BALURGHAT,90,0,0,761,0,761,0.0,0.0,1.0
39,BALURGHAT,91,0,0,497,0,497,0.0,0.0,1.0
39,BALURGHAT,92,0,0,566,0,566,0.0,0.0,1.0
39,BALURGHAT,92A,0,0,567,0,567,0.0,0.0,1.0
39,BALURGHAT,93,0,0,488,0,488,0.0,0.0,1.0
39,BALURGHAT,93A,0,0,505,0,505,0.0,0.0,1.0
39,BALURGHAT,94,0,0,906,0,906,0.0,0.0,1.0
39,BALURGHAT,95,0,0,471,0,471,0.0,0.0,1.0
39,BALURGHAT,95A,0,0,461,0,461,0.0,0.0,1.0
39,BALURGHAT,96,0,0,903,0,903,0.0,0.0,1.0
39,BALURGHAT,97,0,0,860,0,860,0.0,0.0,1.0
39,BALURGHAT,98,0,0,519,0,519,0.0,0.0,1.0
39,BALURGHAT,99,0,0,625,0,625,0.0,0.0,1.0
39,BALURGHAT,9A,0,0,395,0,395,0.0,0.0,1.0
40,Tapan (ST),100,0,0,439,0,439,0.0,0.0,1.0
40,Tapan (ST),101,0,0,376,0,376,0.0,0.0,1.0
40,Tapan (ST),102,0,0,234,0,234,0.0,0.0,1.0
40,Tapan (ST),103,0,0,395,0,395,0.0,0.0,1.0
40,Tapan (ST),104,0,0,333,0,333,0.0,0.0,1.0
40,Tapan (ST),105,0,0,328,0,328,0.0,0.0,1.0
40,Tapan (ST),106,0,0,335,0,335,0.0,0.0,1.0
40,Tapan (ST),107,0,0,374,0,374,0.0,0.0,1.0
40,Tapan (ST),108,0,0,158,0,158,0.0,0.0,1.0
40,Tapan (ST),108A,0,0,178,0,178,0.0,0.0,1.0
40,Tapan (ST),109,0,0,193,0,193,0.0,0.0,1.0
40,Tapan (ST),109A,0,0,192,0,192,0.0,0.0,1.0
40,Tapan (ST),110,0,0,230,0,230,0.0,0.0,1.0
40,Tapan (ST),110A,0,0,219,0,219,0.0,0.0,1.0
40,Tapan (ST),111,0,0,539,0,539,0.0,0.0,1.0
40,Tapan (ST),112,0,0,255,0,255,0.0,0.0,1.0
40,Tapan (ST),112A,0,0,379,0,379,0.0,0.0,1.0
40,Tapan (ST),113,0,0,212,0,212,0.0,0.0,1.0
40,Tapan (ST),114,0,0,216,0,216,0.0,0.0,1.0
40,Tapan (ST),115,0,0,251,0,251,0.0,0.0,1.0
40,Tapan (ST),116,0,0,376,0,376,0.0,0.0,1.0
40,Tapan (ST),117,0,0,423,0,423,0.0,0.0,1.0
40,Tapan (ST),118,0,0,162,0,162,0.0,0.0,1.0
40,Tapan (ST),118A,0,0,247,0,247,0.0,0.0,1.0
40,Tapan (ST),119,0,0,349,0,349,0.0,0.0,1.0
40,Tapan (ST),120,0,0,269,0,269,0.0,0.0,1.0
40,Tapan (ST),121,0,0,624,0,624,0.0,0.0,1.0
40,Tapan (ST),122,0,0,384,0,384,0.0,0.0,1.0
40,Tapan (ST),123,0,0,194,0,194,0.0,0.0,1.0
40,Tapan (ST),123A,0,0,248,0,248,0.0,0.0,1.0
40,Tapan (ST),124,0,0,310,0,310,0.0,0.0,1.0
40,Tapan (ST),124A,0,0,237,0,237,0.0,0.0,1.0
40,Tapan (ST),125,0,0,190,0,190,0.0,0.0,1.0
40,Tapan (ST),125A,0,0,197,0,197,0.0,0.0,1.0
40,Tapan (ST),126,0,0,351,0,351,0.0,0.0,1.0
40,Tapan (ST),126A,0,0,407,0,407,0.0,0.0,1.0
40,Tapan (ST),127,0,0,365,0,365,0.0,0.0,1.0
40,Tapan (ST),128,0,0,407,0,407,0.0,0.0,1.0
40,Tapan (ST),129,0,0,167,0,167,0.0,0.0,1.0
40,Tapan (ST),129A,0,0,211,0,211,0.0,0.0,1.0
40,Tapan (ST),130,0,0,287,0,287,0.0,0.0,1.0
40,Tapan (ST),130A,0,0,323,0,323,0.0,0.0,1.0
40,Tapan (ST),131,0,0,397,0,397,0.0,0.0,1.0
40,Tapan (ST),132,0,0,406,0,406,0.0,0.0,1.0
40,Tapan (ST),133,0,0,221,0,221,0.0,0.0,1.0
40,Tapan (ST),134,0,0,249,0,249,0.0,0.0,1.0
40,Tapan (ST),134A,0,0,226,0,226,0.0,0.0,1.0
40,Tapan (ST),135,0,0,408,0,408,0.0,0.0,1.0
40,Tapan (ST),136,0,0,366,0,366,0.0,0.0,1.0
40,Tapan (ST),137,0,0,203,0,203,0.0,0.0,1.0
40,Tapan (ST),137A,0,0,206,0,206,0.0,0.0,1.0
40,Tapan (ST),138,0,0,463,0,463,0.0,0.0,1.0
40,Tapan (ST),138A,0,0,374,0,374,0.0,0.0,1.0
40,Tapan (ST),1400,0,0,320,0,320,0.0,0.0,1.0
40,Tapan (ST),144,0,0,781,0,781,0.0,0.0,1.0
40,Tapan (ST),145,0,0,495,0,495,0.0,0.0,1.0
40,Tapan (ST),145A,0,0,500,0,500,0.0,0.0,1.0
40,Tapan (ST),146,0,0,459,0,459,0.0,0.0,1.0
40,Tapan (ST),146A,0,0,433,0,433,0.0,0.0,1.0
40,Tapan (ST),147,0,0,725,0,725,0.0,0.0,1.0
40,Tapan (ST),148,0,0,856,0,856,0.0,0.0,1.0
40,Tapan (ST),149,0,0,468,0,468,0.0,0.0,1.0
40,Tapan (ST),149A,0,0,463,0,463,0.0,0.0,1.0
40,Tapan (ST),150,0,0,808,0,808,0.0,0.0,1.0
40,Tapan (ST),151,0,0,620,0,620,0.0,0.0,1.0
40,Tapan (ST),152,0,0,642,0,642,0.0,0.0,1.0
40,Tapan (ST),153,0,0,677,0,677,0.0,0.0,1.0
40,Tapan (ST),154,0,0,476,0,476,0.0,0.0,1.0
40,Tapan (ST),154A,0,0,430,0,430,0.0,0.0,1.0
40,Tapan (ST),155,0,0,623,0,623,0.0,0.0,1.0
40,Tapan (ST),156,0,0,673,0,673,0.0,0.0,1.0
40,Tapan (ST),157,0,0,432,0,432,0.0,0.0,1.0
40,Tapan (ST),157A,0,0,436,0,436,0.0,0.0,1.0
40,Tapan (ST),158,0,0,2307,0,2307,0.0,0.0,1.0
40,Tapan (ST),159,0,0,632,0,632,0.0,0.0,1.0
40,Tapan (ST),160,0,0,603,0,603,0.0,0.0,1.0
40,Tapan (ST),161,0,0,568,0,568,0.0,0.0,1.0
40,Tapan (ST),162,0,0,640,0,640,0.0,0.0,1.0
40,Tapan (ST),162A,0,0,511,0,511,0.0,0.0,1.0
40,Tapan (ST),163,0,0,526,0,526,0.0,0.0,1.0
40,Tapan (ST),163A,0,0,616,0,616,0.0,0.0,1.0
40,Tapan (ST),164,0,0,623,0,623,0.0,0.0,1.0
40,Tapan (ST),164A,0,0,636,0,636,0.0,0.0,1.0
40,Tapan (ST),165,0,0,2819,0,2819,0.0,0.0,1.0
40,Tapan (ST),166,0,0,428,0,428,0.0,0.0,1.0
40,Tapan (ST),166A,0,0,486,0,486,0.0,0.0,1.0
40,Tapan (ST),167,0,0,609,0,609,0.0,0.0,1.0
40,Tapan (ST),168,0,0,1214,0,1214,0.0,0.0,1.0
40,Tapan (ST),169,0,0,1106,0,1106,0.0,0.0,1.0
40,Tapan (ST),169A,0,0,493,0,493,0.0,0.0,1.0
40,Tapan (ST),170,0,0,530,0,530,0.0,0.0,1.0
40,Tapan (ST),170A,0,0,553,0,553,0.0,0.0,1.0
40,Tapan (ST),171,0,0,272,0,272,0.0,0.0,1.0
40,Tapan (ST),172,0,0,610,0,610,0.0,0.0,1.0
40,Tapan (ST),173,0,0,620,0,620,0.0,0.0,1.0
40,Tapan (ST),173A,0,0,617,0,617,0.0,0.0,1.0
40,Tapan (ST),174,0,0,715,0,715,0.0,0.0,1.0
40,Tapan (ST),175,0,0,602,0,602,0.0,0.0,1.0
40,Tapan (ST),176,0,0,750,0,750,0.0,0.0,1.0
40,Tapan (ST),177,0,0,277,0,277,0.0,0.0,1.0
40,Tapan (ST),178,0,0,872,0,872,0.0,0.0,1.0
40,Tapan (ST),179,0,0,406,0,406,0.0,0.0,1.0
40,Tapan (ST),179A,0,0,525,0,525,0.0,0.0,1.0
40,Tapan (ST),180,0,0,509,0,509,0.0,0.0,1.0
40,Tapan (ST),181,0,0,748,0,748,0.0,0.0,1.0
40,Tapan (ST),182,0,0,400,0,400,0.0,0.0,1.0
40,Tapan (ST),182A,0,0,583,0,583,0.0,0.0,1.0
40,Tapan (ST),183,0,0,375,0,375,0.0,0.0,1.0
40,Tapan (ST),184,0,0,597,0,597,0.0,0.0,1.0
40,Tapan (ST),184A,0,0,425,0,425,0.0,0.0,1.0
40,Tapan (ST),186,0,0,756,0,756,0.0,0.0,1.0
40,Tapan (ST),187A,0,0,492,0,492,0.0,0.0,1.0
40,Tapan (ST),188,0,0,3089,0,3089,0.0,0.0,1.0
40,Tapan (ST),189,0,0,589,0,589,0.0,0.0,1.0
40,Tapan (ST),190,0,0,752,0,752,0.0,0.0,1.0
40,Tapan (ST),191,0,0,680,0,680,0.0,0.0,1.0
40,Tapan (ST),192,0,0,430,0,430,0.0,0.0,1.0
40,Tapan (ST),193,0,0,704,0,704,0.0,0.0,1.0
40,Tapan (ST),194,0,0,853,0,853,0.0,0.0,1.0
40,Tapan (ST),195,0,0,655,0,655,0.0,0.0,1.0
40,Tapan (ST),196,0,0,484,0,484,0.0,0.0,1.0
40,Tapan (ST),197,0,0,624,0,624,0.0,0.0,1.0
40,Tapan (ST),198,0,0,681,0,681,0.0,0.0,1.0
40,Tapan (ST),199,0,0,601,0,601,0.0,0.0,1.0
40,Tapan (ST),199A,0,0,421,0,421,0.0,0.0,1.0
40,Tapan (ST),200,0,0,391,0,391,0.0,0.0,1.0
40,Tapan (ST),200A,0,0,457,0,457,0.0,0.0,1.0
40,Tapan (ST),201,0,0,540,0,540,0.0,0.0,1.0
40,Tapan (ST),202,0,0,643,0,643,0.0,0.0,1.0
40,Tapan (ST),203,0,0,615,0,615,0.0,0.0,1.0
40,Tapan (ST),204,0,0,722,0,722,0.0,0.0,1.0
40,Tapan (ST),205,0,0,578,0,578,0.0,0.0,1.0
40,Tapan (ST),206,0,0,582,0,582,0.0,0.0,1.0
40,Tapan (ST),207,0,0,442,0,442,0.0,0.0,1.0
40,Tapan (ST),208,0,0,1080,0,1080,0.0,0.0,1.0
40,Tapan (ST),208A,0,0,602,0,602,0.0,0.0,1.0
40,Tapan (ST),209,0,0,566,0,566,0.0,0.0,1.0
40,Tapan (ST),210,0,0,836,0,836,0.0,0.0,1.0
40,Tapan (ST),212,0,0,620,0,620,0.0,0.0,1.0
40,Tapan (ST),213,0,0,772,0,772,0.0,0.0,1.0
40,Tapan (ST),214,0,0,627,0,627,0.0,0.0,1.0
40,Tapan (ST),215,0,0,1080,0,1080,0.0,0.0,1.0
40,Tapan (ST),216,0,0,945,0,945,0.0,0.0,1.0
40,Tapan (ST),216A,0,0,253,0,253,0.0,0.0,1.0
40,Tapan (ST),217,0,0,497,0,497,0.0,0.0,1.0
40,Tapan (ST),217A,0,0,957,0,957,0.0,0.0,1.0
40,Tapan (ST),218,0,0,587,0,587,0.0,0.0,1.0
40,Tapan (ST),219,0,0,953,0,953,0.0,0.0,1.0
40,Tapan (ST),220,0,0,672,0,672,0.0,0.0,1.0
40,Tapan (ST),221,0,0,268,0,268,0.0,0.0,1.0
40,Tapan (ST),2211A,0,0,480,0,480,0.0,0.0,1.0
40,Tapan (ST),2215A,0,0,469,0,469,0.0,0.0,1.0
40,Tapan (ST),222,0,0,954,0,954,0.0,0.0,1.0
40,Tapan (ST),307,0,0,287,0,287,0.0,0.0,1.0
40,Tapan (ST),355,0,0,12,0,12,0.0,0.0,1.0
40,Tapan (ST),37,0,0,514,0,514,0.0,0.0,1.0
40,Tapan (ST),383,0,0,249,0,249,0.0,0.0,1.0
40,Tapan (ST),81,0,0,1696,0,1696,0.0,0.0,1.0
40,Tapan (ST),95A,0,0,302,0,302,0.0,0.0,1.0
40,Tapan (ST),96,0,0,298,0,298,0.0,0.0,1.0
40,Tapan (ST),97,0,0,215,0,215,0.0,0.0,1.0
40,Tapan (ST),97A,0,0,210,0,210,0.0,0.0,1.0
40,Tapan (ST),98,0,0,198,0,198,0.0,0.0,1.0
40,Tapan (ST),98A,0,0,180,0,180,0.0,0.0,1.0
40,Tapan (ST),99,0,0,260,0,260,0.0,0.0,1.0
40,Tapan (ST),999A,0,0,300,0,300,0.0,0.0,1.0
41,Gangarampur (SC),0,0,0,1342,0,1342,0.0,0.0,1.0
41,Gangarampur (SC),1,0,0,1481,0,1481,0.0,0.0,1.0
41,Gangarampur (SC),100,0,0,677,0,677,0.0,0.0,1.0
41,Gangarampur (SC),11,0,0,796,0,796,0.0,0.0,1.0
41,Gangarampur (SC),112A,0,0,494,0,494,0.0,0.0,1.0
41,Gangarampur (SC),127,0,0,772,0,772,0.0,0.0,1.0
41,Gangarampur (SC),14,0,0,295,0,295,0.0,0.0,1.0
41,Gangarampur (SC),19,0,0,537,0,537,0.0,0.0,1.0
41,Gangarampur (SC),191,0,0,4,0,4,0.0,0.0,1.0
41,Gangarampur (SC),191A,0,0,4,0,4,0.0,0.0,1.0
41,Gangarampur (SC),192,0,0,5,0,5,0.0,0.0,1.0
41,Gangarampur (SC),192A,0,0,4,0,4,0.0,0.0,1.0
41,Gangarampur (SC),193,0,0,5,0,5,0.0,0.0,1.0
41,Gangarampur (SC),194,0,0,1,0,1,0.0,0.0,1.0
41,Gangarampur (SC),195,0,0,3,0,3,0.0,0.0,1.0
41,Gangarampur (SC),196,0,0,12,0,12,0.0,0.0,1.0
41,Gangarampur (SC),197,0,0,2,0,2,0.0,0.0,1.0
41,Gangarampur (SC),197A,0,0,4,0,4,0.0,0.0,1.0
41,Gangarampur (SC),198,0,0,4,0,4,0.0,0.0,1.0
41,Gangarampur (SC),199,0,0,4,0,4,0.0,0.0,1.0
41,Gangarampur (SC),199A,0,0,3,0,3,0.0,0.0,1.0
41,Gangarampur (SC),2,0,0,2308,0,2308,0.0,0.0,1.0
41,Gangarampur (SC),20,0,0,621,0,621,0.0,0.0,1.0
41,Gangarampur (SC),200,0,0,7,0,7,0.0,0.0,1.0
41,Gangarampur (SC),201,0,0,1,0,1,0.0,0.0,1.0
41,Gangarampur (SC),2010,0,0,4,0,4,0.0,0.0,1.0
41,Gangarampur (SC),201A,0,0,6,0,6,0.0,0.0,1.0
41,Gangarampur (SC),202,0,0,6,0,6,0.0,0.0,1.0
41,Gangarampur (SC),203,0,0,5,0,5,0.0,0.0,1.0
41,Gangarampur (SC),204,0,0,3,0,3,0.0,0.0,1.0
41,Gangarampur (SC),204A,0,0,3,0,3,0.0,0.0,1.0
41,Gangarampur (SC),205,0,0,3,0,3,0.0,0.0,1.0
41,Gangarampur (SC),206,0,0,8,0,8,0.0,0.0,1.0
41,Gangarampur (SC),207,0,0,2,0,2,0.0,0.0,1.0
41,Gangarampur (SC),207A,0,0,8,0,8,0.0,0.0,1.0
41,Gangarampur (SC),208A,0,0,3,0,3,0.0,0.0,1.0
41,Gangarampur (SC),209,0,0,3,0,3,0.0,0.0,1.0
41,Gangarampur (SC),20A,0,0,290,0,290,0.0,0.0,1.0
41,Gangarampur (SC),210,0,0,3,0,3,0.0,0.0,1.0
41,Gangarampur (SC),211,0,0,1,0,1,0.0,0.0,1.0
41,Gangarampur (SC),212,0,0,2,0,2,0.0,0.0,1.0
41,Gangarampur (SC),212A,0,0,1,0,1,0.0,0.0,1.0
41,Gangarampur (SC),213,0,0,3,0,3,0.0,0.0,1.0
41,Gangarampur (SC),214,0,0,0,0,0,,,
41,Gangarampur (SC),214A,0,0,3,0,3,0.0,0.0,1.0
41,Gangarampur (SC),215,0,0,5,0,5,0.0,0.0,1.0
41,Gangarampur (SC),216,0,0,1,0,1,0.0,0.0,1.0
41,Gangarampur (SC),217,0,0,8,0,8,0.0,0.0,1.0
41,Gangarampur (SC),218,0,0,7,0,7,0.0,0.0,1.0
41,Gangarampur (SC),219,0,0,9,0,9,0.0,0.0,1.0
41,Gangarampur (SC),220,0,0,448,0,448,0.0,0.0,1.0
41,Gangarampur (SC),221,0,0,315,0,315,0.0,0.0,1.0
41,Gangarampur (SC),222,0,0,338,0,338,0.0,0.0,1.0
41,Gangarampur (SC),223,0,0,362,0,362,0.0,0.0,1.0
41,Gangarampur (SC),224,0,0,241,0,241,0.0,0.0,1.0
41,Gangarampur (SC),224A,0,0,201,0,201,0.0,0.0,1.0
41,Gangarampur (SC),225,0,0,260,0,260,0.0,0.0,1.0
41,Gangarampur (SC),225A,0,0,245,0,245,0.0,0.0,1.0
41,Gangarampur (SC),226,0,0,298,0,298,0.0,0.0,1.0
41,Gangarampur (SC),227,0,0,243,0,243,0.0,0.0,1.0
41,Gangarampur (SC),228,0,0,154,0,154,0.0,0.0,1.0
41,Gangarampur (SC),229,0,0,148,0,148,0.0,0.0,1.0
41,Gangarampur (SC),23,0,0,902,0,902,0.0,0.0,1.0
41,Gangarampur (SC),230,0,0,324,0,324,0.0,0.0,1.0
41,Gangarampur (SC),231,0,0,119,0,119,0.0,0.0,1.0
41,Gangarampur (SC),231A,0,0,108,0,108,0.0,0.0,1.0
41,Gangarampur (SC),232,0,0,217,0,217,0.0,0.0,1.0
41,Gangarampur (SC),233,0,0,464,0,464,0.0,0.0,1.0
41,Gangarampur (SC),234,0,0,244,0,244,0.0,0.0,1.0
41,Gangarampur (SC),235,0,0,212,0,212,0.0,0.0,1.0
41,Gangarampur (SC),236,0,0,273,0,273,0.0,0.0,1.0
41,Gangarampur (SC),237,0,0,363,0,363,0.0,0.0,1.0
41,Gangarampur (SC),24,0,0,716,0,716,0.0,0.0,1.0
41,Gangarampur (SC),26A,0,0,533,0,533,0.0,0.0,1.0
41,Gangarampur (SC),29,0,0,344,0,344,0.0,0.0,1.0
41,Gangarampur (SC),294,0,0,279,0,279,0.0,0.0,1.0
41,Gangarampur (SC),297,0,0,186,0,186,0.0,0.0,1.0
41,Gangarampur (SC),2l,0,0,804,0,804,0.0,0.0,1.0
41,Gangarampur (SC),2t,0,0,251,0,251,0.0,0.0,1.0
41,Gangarampur (SC),3,0,0,3419,0,3419,0.0,0.0,1.0
41,Gangarampur (SC),30,0,0,636,0,636,0.0,0.0,1.0
41,Gangarampur (SC),32,0,0,217,0,217,0.0,0.0,1.0
41,Gangarampur (SC),34,0,0,182,0,182,0.0,0.0,1.0
41,Gangarampur (SC),37,0,0,490,0,490,0.0,0.0,1.0
41,Gangarampur (SC),37A,0,0,440,0,440,0.0,0.0,1.0
41,Gangarampur (SC),38,0,0,587,0,587,0.0,0.0,1.0
41,Gangarampur (SC),38A,0,0,557,0,557,0.0,0.0,1.0
41,Gangarampur (SC),39,0,0,700,0,700,0.0,0.0,1.0
41,Gangarampur (SC),3A,0,0,470,0,470,0.0,0.0,1.0
41,Gangarampur (SC),4,0,0,3811,0,3811,0.0,0.0,1.0
41,Gangarampur (SC),40,0,0,1241,0,1241,0.0,0.0,1.0
41,Gangarampur (SC),40A,0,0,553,0,553,0.0,0.0,1.0
41,Gangarampur (SC),41,0,0,1410,0,1410,0.0,0.0,1.0
41,Gangarampur (SC),41A,0,0,524,0,524,0.0,0.0,1.0
41,Gangarampur (SC),44,0,0,663,0,663,0.0,0.0,1.0
41,Gangarampur (SC),45,0,0,546,0,546,0.0,0.0,1.0
41,Gangarampur (SC),46,0,0,690,0,690,0.0,0.0,1.0
41,Gangarampur (SC),47,0,0,769,0,769,0.0,0.0,1.0
41,Gangarampur (SC),48,0,0,519,0,519,0.0,0.0,1.0
41,Gangarampur (SC),48A,0,0,481,0,481,0.0,0.0,1.0
41,Gangarampur (SC),49,0,0,376,0,376,0.0,0.0,1.0
41,Gangarampur (SC),5,0,0,2673,0,2673,0.0,0.0,1.0
41,Gangarampur (SC),50,0,0,782,0,782,0.0,0.0,1.0
41,Gangarampur (SC),51,0,0,568,0,568,0.0,0.0,1.0
41,Gangarampur (SC),51A,0,0,521,0,521,0.0,0.0,1.0
41,Gangarampur (SC),52,0,0,729,0,729,0.0,0.0,1.0
41,Gangarampur (SC),53,0,0,885,0,885,0.0,0.0,1.0
41,Gangarampur (SC),54,0,0,610,0,610,0.0,0.0,1.0
41,Gangarampur (SC),54A,0,0,571,0,571,0.0,0.0,1.0
41,Gangarampur (SC),55,0,0,487,0,487,0.0,0.0,1.0
41,Gangarampur (SC),55A,0,0,442,0,442,0.0,0.0,1.0
41,Gangarampur (SC),56,0,0,533,0,533,0.0,0.0,1.0
41,Gangarampur (SC),57,0,0,542,0,542,0.0,0.0,1.0
41,Gangarampur (SC),58,0,0,687,0,687,0.0,0.0,1.0
41,Gangarampur (SC),59,0,0,515,0,515,0.0,0.0,1.0
41,Gangarampur (SC),59A,0,0,490,0,490,0.0,0.0,1.0
41,Gangarampur (SC),6,0,0,2635,0,2635,0.0,0.0,1.0
41,Gangarampur (SC),60,0,0,780,0,780,0.0,0.0,1.0
41,Gangarampur (SC),61,0,0,598,0,598,0.0,0.0,1.0
41,Gangarampur (SC),62,0,0,729,0,729,0.0,0.0,1.0
41,Gangarampur (SC),63,0,0,1177,0,1177,0.0,0.0,1.0
41,Gangarampur (SC),64,0,0,1239,0,1239,0.0,0.0,1.0
41,Gangarampur (SC),65,0,0,539,0,539,0.0,0.0,1.0
41,Gangarampur (SC),66,0,0,446,0,446,0.0,0.0,1.0
41,Gangarampur (SC),67,0,0,756,0,756,0.0,0.0,1.0
41,Gangarampur (SC),68,0,0,531,0,531,0.0,0.0,1.0
41,Gangarampur (SC),68A,0,0,493,0,493,0.0,0.0,1.0
41,Gangarampur (SC),69,0,0,802,0,802,0.0,0.0,1.0
41,Gangarampur (SC),7,0,0,1105,0,1105,0.0,0.0,1.0
41,Gangarampur (SC),70,0,0,523,0,523,0.0,0.0,1.0
41,Gangarampur (SC),71,0,0,717,0,717,0.0,0.0,1.0
41,Gangarampur (SC),72,0,0,696,0,696,0.0,0.0,1.0
41,Gangarampur (SC),73,0,0,631,0,631,0.0,0.0,1.0
41,Gangarampur (SC),74,0,0,736,0,736,0.0,0.0,1.0
41,Gangarampur (SC),75,0,0,1225,0,1225,0.0,0.0,1.0
41,Gangarampur (SC),75A,0,0,1090,0,1090,0.0,0.0,1.0
41,Gangarampur (SC),76,0,0,695,0,695,0.0,0.0,1.0
41,Gangarampur (SC),77,0,0,721,0,721,0.0,0.0,1.0
41,Gangarampur (SC),78,0,0,524,0,524,0.0,0.0,1.0
41,Gangarampur (SC),79A,0,0,533,0,533,0.0,0.0,1.0
41,Gangarampur (SC),8,0,0,3098,0,3098,0.0,0.0,1.0
41,Gangarampur (SC),80,0,0,553,0,553,0.0,0.0,1.0
41,Gangarampur (SC),81,0,0,625,0,625,0.0,0.0,1.0
41,Gangarampur (SC),81A,0,0,546,0,546,0.0,0.0,1.0
41,Gangarampur (SC),82,0,0,547,0,547,0.0,0.0,1.0
41,Gangarampur (SC),83,0,0,569,0,569,0.0,0.0,1.0
41,Gangarampur (SC),84,0,0,633,0,633,0.0,0.0,1.0
41,Gangarampur (SC),85,0,0,875,0,875,0.0,0.0,1.0
41,Gangarampur (SC),86,0,0,722,0,722,0.0,0.0,1.0
41,Gangarampur (SC),87,0,0,624,0,624,0.0,0.0,1.0
41,Gangarampur (SC),88,0,0,474,0,474,0.0,0.0,1.0
41,Gangarampur (SC),88A,0,0,468,0,468,0.0,0.0,1.0
41,Gangarampur (SC),89,0,0,497,0,497,0.0,0.0,1.0
41,Gangarampur (SC),9,0,0,631,0,631,0.0,0.0,1.0
41,Gangarampur (SC),90,0,0,519,0,519,0.0,0.0,1.0
41,Gangarampur (SC),90A,0,0,452,0,452,0.0,0.0,1.0
41,Gangarampur (SC),91,0,0,1181,0,1181,0.0,0.0,1.0
41,Gangarampur (SC),92,0,0,735,0,735,0.0,0.0,1.0
41,Gangarampur (SC),93,0,0,440,0,440,0.0,0.0,1.0
41,Gangarampur (SC),94,0,0,562,0,562,0.0,0.0,1.0
41,Gangarampur (SC),95,0,0,1223,0,1223,0.0,0.0,1.0
41,Gangarampur (SC),96,0,0,447,0,447,0.0,0.0,1.0
41,Gangarampur (SC),96A,0,0,430,0,430,0.0,0.0,1.0
41,Gangarampur (SC),97,0,0,816,0,816,0.0,0.0,1.0
41,Gangarampur (SC),98,0,0,466,0,466,0.0,0.0,1.0
41,Gangarampur (SC),98A,0,0,441,0,441,0.0,0.0,1.0
41,Gangarampur (SC),99,0,0,512,0,512,0.0,0.0,1.0
42,Harihampur Assembly,0,0,0,889,1,890,0.0,0.0011235955056179776,0.998876404494382
42,Harihampur Assembly,1,0,0,948,0,948,0.0,0.0,1.0
42,Harihampur Assembly,100,0,0,1336,69,1405,0.0,0.04911032028469751,0.9508896797153025
42,Harihampur Assembly,101,0,0,720,24,744,0.0,0.03225806451612903,0.967741935483871
42,Harihampur Assembly,102,0,0,1378,23,1401,0.0,0.01641684511063526,0.9835831548893648
42,Harihampur Assembly,103,0,0,711,27,738,0.0,0.036585365853658534,0.9634146341463414
42,Harihampur Assembly,104,0,0,1115,14,1129,0.0,0.012400354295837024,0.9875996457041629
42,Harihampur Assembly,105,0,0,883,43,926,0.0,0.04643628509719223,0.9535637149028078
42,Harihampur Assembly,106,281,0,1397,112,1790,0.1569832402234637,0.06256983240223464,0.7804469273743017
42,Harihampur Assembly,107,165,0,1462,162,1789,0.092230296254891,0.09055338177752935,0.8172163219675797
42,Harihampur Assembly,108,139,0,1301,77,1517,0.09162821357943308,0.05075807514831905,0.8576137112722478
42,Harihampur Assembly,108A,118,0,1135,21,1274,0.09262166405023547,0.016483516483516484,0.890894819466248
42,Harihampur Assembly,109,375,0,1476,115,1966,0.19074262461851474,0.05849440488301119,0.7507629704984741
42,Harihampur Assembly,109A,512,0,55,24,591,0.8663282571912013,0.04060913705583756,0.09306260575296109
42,Harihampur Assembly,110,316,0,417,22,755,0.4185430463576159,0.02913907284768212,0.552317880794702
42,Harihampur Assembly,110A,219,0,557,39,815,0.2687116564417178,0.04785276073619632,0.6834355828220859
42,Harihampur Assembly,111,539,0,717,35,1291,0.41750580945003873,0.027110766847405113,0.5553834237025561
42,Harihampur Assembly,112,555,0,499,24,1078,0.5148423005565863,0.022263450834879406,0.46289424860853434
42,Harihampur Assembly,113,731,0,77,23,831,0.8796630565583634,0.027677496991576414,0.09265944645006016
42,Harihampur Assembly,114,586,0,259,72,917,0.6390403489640131,0.07851690294438386,0.2824427480916031
42,Harihampur Assembly,115,353,0,454,26,833,0.4237695078031212,0.031212484993997598,0.5450180072028812
42,Harihampur Assembly,116,238,0,619,26,883,0.2695356738391846,0.02944507361268403,0.7010192525481314
42,Harihampur Assembly,116A,258,0,581,26,865,0.29826589595375724,0.03005780346820809,0.6716763005780347
42,Harihampur Assembly,117,300,0,769,29,1098,0.273224043715847,0.026411657559198543,0.7003642987249544
42,Harihampur Assembly,118,290,0,1072,26,1388,0.20893371757925072,0.018731988472622477,0.7723342939481268
42,Harihampur Assembly,119,63,0,787,2,852,0.07394366197183098,0.002347417840375587,0.9237089201877934
42,Harihampur Assembly,119A,231,0,706,39,976,0.23668032786885246,0.039959016393442626,0.7233606557377049
42,Harihampur Assembly,120,79,0,455,16,550,0.14363636363636365,0.02909090909090909,0.8272727272727273
42,Harihampur Assembly,121A,91,0,1170,39,1300,0.07,0.03,0.9
42,Harihampur Assembly,1222,182,0,597,32,811,0.22441430332922319,0.03945745992601726,0.7361282367447596
42,Harihampur Assembly,122A,146,0,641,34,821,0.17783191230207065,0.04141291108404385,0.7807551766138855
42,Harihampur Assembly,123,118,0,831,84,1033,0.11423039690222653,0.08131655372700872,0.8044530493707648
42,Harihampur Assembly,123A,116,0,771,58,945,0.12275132275132275,0.061375661375661375,0.8158730158730159
42,Harihampur Assembly,124,255,0,672,51,978,0.2607361963190184,0.05214723926380368,0.6871165644171779
42,Harihampur Assembly,125,470,0,26,112,608,0.7730263157894737,0.18421052631578946,0.04276315789473684
42,Harihampur Assembly,125A,390,0,701,1,1092,0.35714285714285715,0.0009157509157509158,0.641941391941392
42,Harihampur Assembly,126,217,0,536,81,834,0.26019184652278177,0.09712230215827339,0.6426858513189448
42,Harihampur Assembly,126A,195,0,535,21,751,0.2596537949400799,0.02796271637816245,0.7123834886817576
42,Harihampur Assembly,127,137,0,463,24,624,0.21955128205128205,0.038461538461538464,0.7419871794871795
42,Harihampur Assembly,127A,265,0,266,104,635,0.41732283464566927,0.16377952755905512,0.4188976377952756
42,Harihampur Assembly,128,249,0,1060,77,1386,0.17965367965367965,0.05555555555555555,0.7647907647907648
42,Harihampur Assembly,129,556,0,335,51,942,0.5902335456475584,0.054140127388535034,0.35562632696390656
42,Harihampur Assembly,13,0,0,1020,0,1020,0.0,0.0,1.0
42,Harihampur Assembly,130,566,0,328,78,972,0.5823045267489712,0.08024691358024691,0.3374485596707819
42,Harihampur Assembly,131,163,0,563,82,808,0.20173267326732675,0.10148514851485149,0.6967821782178217
42,Harihampur Assembly,132,68,0,867,5,940,0.07234042553191489,0.005319148936170213,0.9223404255319149
42,Harihampur Assembly,133,157,0,819,2,978,0.1605316973415133,0.002044989775051125,0.8374233128834356
42,Harihampur Assembly,134,116,0,1240,1,1357,0.08548268238761975,0.0007369196757553427,0.9137803979366249
42,Harihampur Assembly,135,422,0,462,76,960,0.4395833333333333,0.07916666666666666,0.48125
42,Harihampur Assembly,135A,393,0,944,58,1395,0.2817204301075269,0.04157706093189964,0.6767025089605735
42,Harihampur Assembly,136,358,0,1288,62,1708,0.20960187353629978,0.03629976580796253,0.7540983606557377
42,Harihampur Assembly,137,387,0,866,45,1298,0.2981510015408321,0.03466872110939907,0.6671802773497689
42,Harihampur Assembly,137A,377,0,79,65,521,0.7236084452975048,0.12476007677543186,0.15163147792706333
42,Harihampur Assembly,139,676,0,983,152,1811,0.3732744340143567,0.08393152954168967,0.5427940364439536
42,Harihampur Assembly,13A,156,0,425,67,648,0.24074074074074073,0.10339506172839506,0.6558641975308642
42,Harihampur Assembly,140,404,0,1047,65,1516,0.26649076517150394,0.04287598944591029,0.6906332453825857
42,Harihampur Assembly,140A,445,0,639,86,1170,0.3803418803418803,0.0735042735042735,0.5461538461538461
42,Harihampur Assembly,141,365,0,765,88,1218,0.2996715927750411,0.0722495894909688,0.6280788177339901
42,Harihampur Assembly,141A,308,0,821,88,1217,0.2530813475760066,0.07230895645028759,0.6746096959737058
42,Harihampur Assembly,142,449,0,985,82,1516,0.29617414248021107,0.05408970976253298,0.649736147757256
42,Harihampur Assembly,143,362,0,1549,30,1941,0.18650180319422976,0.015455950540958269,0.7980422462648119
42,Harihampur Assembly,144,294,0,956,84,1334,0.22038980509745126,0.06296851574212893,0.7166416791604198
42,Harihampur Assembly,145,504,0,855,64,1423,0.354181307097681,0.044975404075895994,0.600843288826423
42,Harihampur Assembly,146,444,0,1013,64,1521,0.29191321499013806,0.042077580539119,0.666009204470743
42,Harihampur Assembly,148,263,0,1139,74,1476,0.17818428184281843,0.05013550135501355,0.771680216802168
42,Harihampur Assembly,149,140,0,493,27,660,0.21212121212121213,0.04090909090909091,0.746969696969697
42,Harihampur Assembly,150,592,0,1143,155,1890,0.31322751322751324,0.082010582010582,0.6047619047619047
42,Harihampur Assembly,150A,317,0,1134,69,1520,0.20855263157894738,0.045394736842105265,0.7460526315789474
42,Harihampur Assembly,151,192,0,819,60,1071,0.1792717086834734,0.056022408963585436,0.7647058823529411
42,Harihampur Assembly,151A,317,0,604,32,953,0.33263378803777544,0.033578174186778595,0.633788037775446
42,Harihampur Assembly,152,365,0,1046,46,1457,0.25051475634866166,0.031571722717913524,0.7179135209334249
42,Harihampur Assembly,152A,162,0,976,8,1146,0.14136125654450263,0.006980802792321117,0.8516579406631762
42,Harihampur Assembly,153,153,0,829,11,993,0.1540785498489426,0.011077542799597181,0.8348439073514602
42,Harihampur Assembly,154,207,0,933,17,1157,0.17891097666378566,0.014693171996542784,0.8063958513396715
42,Harihampur Assembly,155,195,0,1073,68,1336,0.14595808383233533,0.05089820359281437,0.8031437125748503
42,Harihampur Assembly,155A,148,0,1136,38,1322,0.11195158850226929,0.028744326777609682,0.859304084720121
42,Harihampur Assembly,156,274,0,1144,13,1431,0.1914744933612858,0.009084556254367574,0.7994409503843466
42,Harihampur Assembly,156A,286,0,992,4,1282,0.22308892355694226,0.0031201248049922,0.7737909516380655
42,Harihampur Assembly,157,595,0,1317,41,1953,0.3046594982078853,0.020993343573988736,0.674347158218126
42,Harihampur Assembly,158,150,0,936,9,1095,0.136986301369863,0.00821917808219178,0.8547945205479452
42,Harihampur Assembly,159,183,0,1239,22,1444,0.12673130193905818,0.015235457063711912,0.8580332409972299
42,Harihampur Assembly,16,0,0,826,0,826,0.0,0.0,1.0
42,Harihampur Assembly,160,356,0,1274,52,1682,0.2116527942925089,0.030915576694411414,0.7574316290130797
42,Harihampur Assembly,161,176,0,1369,17,1562,0.11267605633802817,0.01088348271446863,0.8764404609475032
42,Harihampur Assembly,161A,109,0,1606,12,1727,0.06311522872032427,0.006948465547191662,0.9299363057324841
42,Harihampur Assembly,162,234,0,1358,22,1614,0.1449814126394052,0.013630731102850062,0.8413878562577447
42,Harihampur Assembly,162A,164,0,1414,6,1584,0.10353535353535354,0.003787878787878788,0.8926767676767676
42,Harihampur Assembly,163,243,0,1895,16,2154,0.11281337047353761,0.007428040854224698,0.8797585886722377
42,Harihampur Assembly,164,147,0,1307,6,1460,0.10068493150684932,0.00410958904109589,0.8952054794520548
42,Harihampur Assembly,164A,452,0,802,12,1266,0.3570300157977883,0.009478672985781991,0.6334913112164297
42,Harihampur Assembly,165,671,0,1214,63,1948,0.3444558521560575,0.03234086242299795,0.6232032854209446
42,Harihampur Assembly,166,204,0,945,13,1162,0.17555938037865748,0.011187607573149742,0.8132530120481928
42,Harihampur Assembly,166A,159,0,1026,14,1199,0.13261050875729774,0.011676396997497914,0.8557130942452044
42,Harihampur Assembly,167A,166,0,869,41,1076,0.15427509293680297,0.03810408921933085,0.8076208178438662
42,Harihampur Assembly,169A,234,0,1255,18,1507,0.1552753815527538,0.011944260119442602,0.8327803583278036
42,Harihampur Assembly,17,0,0,1301,0,1301,0.0,0.0,1.0
42,Harihampur Assembly,170,217,0,1377,7,1601,0.13554028732042472,0.004372267332916927,0.8600874453466584
42,Harihampur Assembly,170A,155,0,1445,6,1606,0.09651307596513076,0.0037359900373599006,0.8997509339975094
42,Harihampur Assembly,171,86,0,1264,26,1376,0.0625,0.0188953488372093,0.9186046511627907
42,Harihampur Assembly,186,0,0,526,0,526,0.0,0.0,1.0
42,Harihampur Assembly,19,0,0,1489,0,1489,0.0,0.0,1.0
42,Harihampur Assembly,206,0,0,758,0,758,0.0,0.0,1.0
42,Harihampur Assembly,208,0,0,943,0,943,0.0,0.0,1.0
42,Harihampur Assembly,209,0,0,394,0,394,0.0,0.0,1.0
42,Harihampur Assembly,209A,0,0,144,0,144,0.0,0.0,1.0
42,Harihampur Assembly,210,0,0,204,0,204,0.0,0.0,1.0
42,Harihampur Assembly,210A,0,0,340,0,340,0.0,0.0,1.0
42,Harihampur Assembly,211,0,0,644,0,644,0.0,0.0,1.0
42,Harihampur Assembly,212,0,0,654,0,654,0.0,0.0,1.0
42,Harihampur Assembly,213,0,0,480,0,480,0.0,0.0,1.0
42,Harihampur Assembly,213A,0,0,414,0,414,0.0,0.0,1.0
42,Harihampur Assembly,214,0,0,250,0,250,0.0,0.0,1.0
42,Harihampur Assembly,214A,0,0,346,0,346,0.0,0.0,1.0
42,Harihampur Assembly,215,0,0,550,0,550,0.0,0.0,1.0
42,Harihampur Assembly,216,0,0,758,0,758,0.0,0.0,1.0
42,Harihampur Assembly,217,0,0,824,0,824,0.0,0.0,1.0
42,Harihampur Assembly,218,0,0,532,0,532,0.0,0.0,1.0
42,Harihampur Assembly,219,0,0,38,0,38,0.0,0.0,1.0
42,Harihampur Assembly,219A,0,0,342,0,342,0.0,0.0,1.0
42,Harihampur Assembly,220,0,0,392,0,392,0.0,0.0,1.0
42,Harihampur Assembly,220A,0,0,456,0,456,0.0,0.0,1.0
42,Harihampur Assembly,221,0,0,24,0,24,0.0,0.0,1.0
42,Harihampur Assembly,221A,0,0,82,0,82,0.0,0.0,1.0
42,Harihampur Assembly,222,0,0,866,0,866,0.0,0.0,1.0
42,Harihampur Assembly,227,0,0,702,0,702,0.0,0.0,1.0
42,Harihampur Assembly,23,0,0,788,0,788,0.0,0.0,1.0
42,Harihampur Assembly,235,0,0,423,0,423,0.0,0.0,1.0
42,Harihampur Assembly,241,0,0,172,212,384,0.0,0.5520833333333334,0.4479166666666667
42,Harihampur Assembly,244,0,0,1307,225,1532,0.0,0.1468668407310705,0.8531331592689295
42,Harihampur Assembly,246,0,0,348,324,672,0.0,0.48214285714285715,0.5178571428571429
42,Harihampur Assembly,249,0,0,388,489,877,0.0,0.5575826681870011,0.44241733181299886
42,Harihampur Assembly,254,0,0,1924,362,2286,0.0,0.15835520559930008,0.8416447944007
42,Harihampur Assembly,255,0,0,477,355,832,0.0,0.4266826923076923,0.5733173076923077
42,Harihampur Assembly,256,0,0,536,214,750,0.0,0.2853333333333333,0.7146666666666667
42,Harihampur Assembly,258,0,0,477,311,788,0.0,0.3946700507614213,0.6053299492385786
42,Harihampur Assembly,259,0,0,312,303,615,0.0,0.4926829268292683,0.5073170731707317
42,Harihampur Assembly,260,0,0,533,445,978,0.0,0.4550102249488753,0.5449897750511248
42,Harihampur Assembly,261,0,0,337,400,737,0.0,0.5427408412483039,0.45725915875169604
42,Harihampur Assembly,262,0,0,195,352,547,0.0,0.643510054844607,0.35648994515539306
42,Harihampur Assembly,263,0,0,392,335,727,0.0,0.4607977991746905,0.5392022008253095
42,Harihampur Assembly,264,0,0,152,349,501,0.0,0.6966067864271457,0.3033932135728543
42,Harihampur Assembly,265,0,0,940,224,1164,0.0,0.19243986254295534,0.8075601374570447
42,Harihampur Assembly,266,0,0,561,252,813,0.0,0.30996309963099633,0.6900369003690037
42,Harihampur Assembly,267,0,0,323,401,724,0.0,0.5538674033149171,0.44613259668508287
42,Harihampur Assembly,268,0,0,28,446,474,0.0,0.9409282700421941,0.05907172995780591
42,Harihampur Assembly,269,0,0,376,394,770,0.0,0.5116883116883116,0.4883116883116883
42,Harihampur Assembly,270,0,0,725,167,892,0.0,0.18721973094170405,0.8127802690582959
42,Harihampur Assembly,271,0,0,666,299,965,0.0,0.30984455958549223,0.6901554404145078
42,Harihampur Assembly,272,0,0,431,334,765,0.0,0.4366013071895425,0.5633986928104575
42,Harihampur Assembly,273,0,0,315,216,531,0.0,0.4067796610169492,0.5932203389830508
42,Harihampur Assembly,274,0,0,584,110,694,0.0,0.1585014409221902,0.8414985590778098
42,Harihampur Assembly,275,0,0,456,68,524,0.0,0.1297709923664122,0.8702290076335878
42,Harihampur Assembly,276,0,0,700,294,994,0.0,0.29577464788732394,0.704225352112676
42,Harihampur Assembly,277,0,0,679,236,915,0.0,0.25792349726775954,0.7420765027322405
42,Harihampur Assembly,278,0,0,466,294,760,0.0,0.3868421052631579,0.6131578947368421
42,Harihampur Assembly,279,0,0,368,337,705,0.0,0.47801418439716314,0.5219858156028369
42,Harihampur Assembly,280,0,0,148,389,537,0.0,0.7243947858472998,0.2756052141527002
42,Harihampur Assembly,281,0,0,755,1,756,0.0,0.0013227513227513227,0.9986772486772487
42,Harihampur Assembly,282,0,0,482,275,757,0.0,0.3632760898282695,0.6367239101717305
42,Harihampur Assembly,283,0,0,490,47,537,0.0,0.08752327746741155,0.9124767225325885
42,Harihampur Assembly,284,0,0,462,296,758,0.0,0.39050131926121373,0.6094986807387863
42,Harihampur Assembly,285,0,0,529,297,826,0.0,0.3595641646489104,0.6404358353510896
42,Harihampur Assembly,286,0,0,797,314,1111,0.0,0.2826282628262826,0.7173717371737174
42,Harihampur Assembly,287,0,0,674,99,773,0.0,0.12807244501940493,0.871927554980595
42,Harihampur Assembly,288,0,0,355,219,574,0.0,0.38153310104529614,0.6184668989547039
42,Harihampur Assembly,289,0,0,557,301,858,0.0,0.3508158508158508,0.6491841491841492
42,Harihampur Assembly,290,41,0,1722,315,2078,0.01973051010587103,0.15158806544754572,0.8286814244465832
42,Harihampur Assembly,291,0,0,430,420,850,0.0,0.49411764705882355,0.5058823529411764
42,Harihampur Assembly,292,0,0,538,215,753,0.0,0.2855245683930943,0.7144754316069057
42,Harihampur Assembly,293,0,0,698,379,1077,0.0,0.3519034354688951,0.6480965645311049
42,Harihampur Assembly,294,0,0,508,143,651,0.0,0.2196620583717358,0.7803379416282642
42,Harihampur Assembly,296,0,0,1705,0,1705,0.0,0.0,1.0
42,Harihampur Assembly,303,0,0,306,0,306,0.0,0.0,1.0
42,Harihampur Assembly,31,0,0,1356,0,1356,0.0,0.0,1.0
42,Harihampur Assembly,320,0,0,301,0,301,0.0,0.0,1.0
42,Harihampur Assembly,357,0,0,1459,0,1459,0.0,0.0,1.0
42,Harihampur Assembly,370,0,0,519,0,519,0.0,0.0,1.0
42,Harihampur Assembly,371,0,0,551,0,551,0.0,0.0,1.0
42,Harihampur Assembly,381,0,0,764,0,764,0.0,0.0,1.0
42,Harihampur Assembly,382,0,0,501,0,501,0.0,0.0,1.0
42,Harihampur Assembly,40,0,0,968,0,968,0.0,0.0,1.0
42,Harihampur Assembly,444,0,0,588,0,588,0.0,0.0,1.0
42,Harihampur Assembly,448,0,0,171,0,171,0.0,0.0,1.0
42,Harihampur Assembly,449,0,0,1003,0,1003,0.0,0.0,1.0
42,Harihampur Assembly,460,0,0,626,0,626,0.0,0.0,1.0
42,Harihampur Assembly,506,0,0,389,0,389,0.0,0.0,1.0
42,Harihampur Assembly,51,0,0,609,0,609,0.0,0.0,1.0
42,Harihampur Assembly,55,0,0,2007,0,2007,0.0,0.0,1.0
42,Harihampur Assembly,56,0,0,594,0,594,0.0,0.0,1.0
42,Harihampur Assembly,57,0,0,558,0,558,0.0,0.0,1.0
42,Harihampur Assembly,58,0,0,500,0,500,0.0,0.0,1.0
42,Harihampur Assembly,59,0,0,864,0,864,0.0,0.0,1.0
42,Harihampur Assembly,6,0,0,63,0,63,0.0,0.0,1.0
42,Harihampur Assembly,60,0,0,392,0,392,0.0,0.0,1.0
42,Harihampur Assembly,61,0,0,858,0,858,0.0,0.0,1.0
42,Harihampur Assembly,62,0,0,570,0,570,0.0,0.0,1.0
42,Harihampur Assembly,63,0,0,184,0,184,0.0,0.0,1.0
42,Harihampur Assembly,64,0,0,154,0,154,0.0,0.0,1.0
42,Harihampur Assembly,65,0,0,554,0,554,0.0,0.0,1.0
42,Harihampur Assembly,66,0,0,236,0,236,0.0,0.0,1.0
42,Harihampur Assembly,660,0,0,261,0,261,0.0,0.0,1.0
42,Harihampur Assembly,67,0,0,414,0,414,0.0,0.0,1.0
42,Harihampur Assembly,68,0,0,202,0,202,0.0,0.0,1.0
42,Harihampur Assembly,69,0,0,404,0,404,0.0,0.0,1.0
42,Harihampur Assembly,70,0,0,1411,14,1425,0.0,0.009824561403508772,0.9901754385964913
42,Harihampur Assembly,71,0,0,1116,44,1160,0.0,0.03793103448275862,0.9620689655172414
42,Harihampur Assembly,72,0,0,1207,38,1245,0.0,0.030522088353413655,0.9694779116465864
42,Harihampur Assembly,73,0,0,1281,17,1298,0.0,0.013097072419106317,0.9869029275808937
42,Harihampur Assembly,74,0,0,248,1,249,0.0,0.004016064257028112,0.9959839357429718
42,Harihampur Assembly,74A,0,0,776,1,777,0.0,0.001287001287001287,0.9987129987129987
42,Harihampur Assembly,75,0,0,749,27,776,0.0,0.03479381443298969,0.9652061855670103
42,Harihampur Assembly,75A,0,0,826,16,842,0.0,0.019002375296912115,0.9809976247030879
42,Harihampur Assembly,76,0,0,1560,35,1595,0.0,0.0219435736677116,0.9780564263322884
42,Harihampur Assembly,76A,0,0,673,32,705,0.0,0.04539007092198582,0.9546099290780142
42,Harihampur Assembly,77,0,0,1021,37,1058,0.0,0.03497164461247637,0.9650283553875236
42,Harihampur Assembly,775,0,0,569,0,569,0.0,0.0,1.0
42,Harihampur Assembly,779,0,0,647,0,647,0.0,0.0,1.0
42,Harihampur Assembly,78,0,0,1274,47,1321,0.0,0.03557910673732021,0.9644208932626798
42,Harihampur Assembly,79,0,0,1157,26,1183,0.0,0.02197802197802198,0.978021978021978
42,Harihampur Assembly,79A,0,0,567,10,577,0.0,0.01733102253032929,0.9826689774696707
42,Harihampur Assembly,8,0,0,937,0,937,0.0,0.0,1.0
42,Harihampur Assembly,80,0,0,1160,29,1189,0.0,0.024390243902439025,0.975609756097561
42,Harihampur Assembly,81,0,0,638,224,862,0.0,0.25986078886310904,0.740139211136891
42,Harihampur Assembly,82,0,0,866,23,889,0.0,0.025871766029246346,0.9741282339707537
42,Harihampur Assembly,83,0,0,1180,15,1195,0.0,0.012552301255230125,0.9874476987447699
42,Harihampur Assembly,84,0,0,1382,36,1418,0.0,0.02538787023977433,0.9746121297602257
42,Harihampur Assembly,85,0,0,1431,50,1481,0.0,0.0337609723160027,0.9662390276839973
42,Harihampur Assembly,86,0,0,2250,29,2279,0.0,0.012724879333040808,0.9872751206669592
42,Harihampur Assembly,87,0,0,1218,14,1232,0.0,0.011363636363636364,0.9886363636363636
42,Harihampur Assembly,88,0,0,1506,51,1557,0.0,0.03275529865125241,0.9672447013487476
42,Harihampur Assembly,89,0,0,1043,26,1069,0.0,0.02432179607109448,0.9756782039289055
42,Harihampur Assembly,90,0,0,1706,74,1780,0.0,0.04157303370786517,0.9584269662921349
42,Harihampur Assembly,91,0,0,1269,18,1287,0.0,0.013986013986013986,0.986013986013986
42,Harihampur Assembly,92,0,0,1812,11,1823,0.0,0.006034009873834339,0.9939659901261657
42,Harihampur Assembly,93,0,0,1839,13,1852,0.0,0.007019438444924406,0.9929805615550756
42,Harihampur Assembly,94,0,0,1383,46,1429,0.0,0.03219034289713086,0.9678096571028691
42,Harihampur Assembly,95,0,0,872,40,912,0.0,0.043859649122807015,0.956140350877193
42,Harihampur Assembly,95A,0,0,735,31,766,0.0,0.04046997389033943,0.9595300261096605
42,Harihampur Assembly,96,0,0,904,81,985,0.0,0.08223350253807106,0.917766497461929
42,Harihampur Assembly,97,0,0,985,145,1130,0.0,0.12831858407079647,0.8716814159292036
42,Harihampur Assembly,98,0,0,1056,160,1216,0.0,0.13157894736842105,0.868421052631579
42,Harihampur Assembly,99,0,0,716,51,767,0.0,0.06649282920469361,0.9335071707953064
42,Harihampur Assembly,99A,0,0,636,35,671,0.0,0.05216095380029806,0.9478390461997019
43,,10,0,0,559,0,559,0.0,0.0,1.0
43,,119,0,0,246,0,246,0.0,0.0,1.0
43,,127,0,0,513,0,513,0.0,0.0,1.0
43,,128,0,0,301,0,301,0.0,0.0,1.0
43,,137,0,0,269,0,269,0.0,0.0,1.0
43,,139,0,0,234,0,234,0.0,0.0,1.0
43,,142,0,0,290,0,290,0.0,0.0,1.0
43,,152,0,0,469,0,469,0.0,0.0,1.0
43,,160,0,0,605,0,605,0.0,0.0,1.0
43,,160(A),0,0,350,0,350,0.0,0.0,1.0
43,,161,0,0,562,0,562,0.0,0.0,1.0
43,,161(A),0,0,356,0,356,0.0,0.0,1.0
43,,162,0,0,433,0,433,0.0,0.0,1.0
43,,162(A),0,0,398,0,398,0.0,0.0,1.0
43,,163,0,0,435,0,435,0.0,0.0,1.0
43,,163(A),0,0,388,0,388,0.0,0.0,1.0
43,,164,0,0,601,0,601,0.0,0.0,1.0
43,,165,0,0,741,0,741,0.0,0.0,1.0
43,,165(A),0,0,440,0,440,0.0,0.0,1.0
43,,166,0,0,443,0,443,0.0,0.0,1.0
43,,167,0,0,608,0,608,0.0,0.0,1.0
43,,168,0,0,332,0,332,0.0,0.0,1.0
43,,168(A),0,0,345,0,345,0.0,0.0,1.0
43,,169,0,0,657,0,657,0.0,0.0,1.0
43,,169(A),0,0,365,0,365,0.0,0.0,1.0
43,,170,0,0,965,0,965,0.0,0.0,1.0
43,,170(A),0,0,451,0,451,0.0,0.0,1.0
43,,171,0,0,409,0,409,0.0,0.0,1.0
43,,171(A),0,0,434,0,434,0.0,0.0,1.0
43,,172,0,0,429,0,429,0.0,0.0,1.0
43,,172(A),0,0,443,0,443,0.0,0.0,1.0
43,,173,0,0,437,0,437,0.0,0.0,1.0
43,,173(A),0,0,419,0,419,0.0,0.0,1.0
43,,174(A),0,0,174,0,174,0.0,0.0,1.0
43,,175,0,0,454,0,454,0.0,0.0,1.0
43,,175(A),0,0,406,0,406,0.0,0.0,1.0
43,,176,0,0,435,0,435,0.0,0.0,1.0
43,,177,0,0,604,0,604,0.0,0.0,1.0
43,,177(A),0,0,409,0,409,0.0,0.0,1.0
43,,180,0,0,210,0,210,0.0,0.0,1.0
43,,190,0,0,973,0,973,0.0,0.0,1.0
43,,191,0,0,1016,0,1016,0.0,0.0,1.0
43,,192,0,0,993,0,993,0.0,0.0,1.0
43,,193,0,0,834,0,834,0.0,0.0,1.0
43,,194,0,0,638,0,638,0.0,0.0,1.0
43,,195,0,0,970,0,970,0.0,0.0,1.0
43,,196,0,0,595,0,595,0.0,0.0,1.0
43,,197,0,0,665,0,665,0.0,0.0,1.0
43,,198,0,0,682,0,682,0.0,0.0,1.0
43,,199,0,0,1016,0,1016,0.0,0.0,1.0
43,,200,0,0,787,0,787,0.0,0.0,1.0
43,,201,0,0,749,0,749,0.0,0.0,1.0
43,,202,0,0,857,0,857,0.0,0.0,1.0
43,,203,0,0,745,0,745,0.0,0.0,1.0
43,,204,0,0,926,0,926,0.0,0.0,1.0
43,,205,0,0,771,0,771,0.0,0.0,1.0
43,,206,0,0,487,0,487,0.0,0.0,1.0
43,,207,0,0,214,0,214,0.0,0.0,1.0
43,,209,0,0,331,0,331,0.0,0.0,1.0
43,,213,0,0,143,0,143,0.0,0.0,1.0
43,,214,0,0,155,0,155,0.0,0.0,1.0
43,,215,0,0,239,0,239,0.0,0.0,1.0
43,,220,0,0,248,0,248,0.0,0.0,1.0
43,,221,0,0,180,0,180,0.0,0.0,1.0
43,,230,0,0,260,0,260,0.0,0.0,1.0
43,,234,0,0,443,0,443,0.0,0.0,1.0
43,,238,0,0,426,0,426,0.0,0.0,1.0
43,,242,0,0,441,0,441,0.0,0.0,1.0
43,,247,0,0,154,0,154,0.0,0.0,1.0
43,,249,0,0,176,0,176,0.0,0.0,1.0
43,,260,0,0,222,0,222,0.0,0.0,1.0
43,,263,0,0,387,0,387,0.0,0.0,1.0
43,,264,0,0,210,0,210,0.0,0.0,1.0
43,,268,0,0,168,0,168,0.0,0.0,1.0
43,,270,0,0,243,0,243,0.0,0.0,1.0
43,,276,0,0,742,0,742,0.0,0.0,1.0
43,,279,0,0,235,0,235,0.0,0.0,1.0
43,,282,0,0,160,0,160,0.0,0.0,1.0
43,,284,0,0,347,0,347,0.0,0.0,1.0
43,,290,0,0,237,0,237,0.0,0.0,1.0
43,,291,0,0,568,0,568,0.0,0.0,1.0
43,,296,0,0,231,0,231,0.0,0.0,1.0
43,,298,0,0,790,0,790,0.0,0.0,1.0
43,,299,0,0,182,0,182,0.0,0.0,1.0
43,,31,0,0,133,0,133,0.0,0.0,1.0
43,,317,0,0,269,0,269,0.0,0.0,1.0
43,,327,0,0,154,0,154,0.0,0.0,1.0
43,,328,0,0,331,0,331,0.0,0.0,1.0
43,,332,0,0,260,0,260,0.0,0.0,1.0
43,,333,0,0,212,0,212,0.0,0.0,1.0
43,,335,0,0,207,0,207,0.0,0.0,1.0
43,,339,0,0,264,0,264,0.0,0.0,1.0
43,,343,0,0,324,0,324,0.0,0.0,1.0
43,,345,0,0,381,0,381,0.0,0.0,1.0
43,,376,0,0,232,0,232,0.0,0.0,1.0
43,,377,0,0,443,0,443,0.0,0.0,1.0
43,,409,0,0,239,0,239,0.0,0.0,1.0
43,,424,0,0,265,0,265,0.0,0.0,1.0
43,,426,0,0,239,0,239,0.0,0.0,1.0
43,,445,0,0,379,0,379,0.0,0.0,1.0
43,,500,0,0,279,0,279,0.0,0.0,1.0
43,,82,0,0,263,0,263,0.0,0.0,1.0
43,,85,0,0,100,0,100,0.0,0.0,1.0
44,,0,5,0,8,0,13,0.38461538461538464,0.0,0.6153846153846154
44,,1,0,0,1,0,1,0.0,0.0,1.0
44,,10,0,0,60,0,60,0.0,0.0,1.0
44,,10A,0,0,32,0,32,0.0,0.0,1.0
44,,11,0,0,60,0,60,0.0,0.0,1.0
44,,12,0,0,15,0,15,0.0,0.0,1.0
44,,125A,228,0,172,0,400,0.57,0.0,0.43
44,,126,435,0,131,0,566,0.7685512367491166,0.0,0.2314487632508834
44,,126A,494,0,83,0,577,0.8561525129982669,0.0,0.1438474870017331
44,,127,279,0,525,0,804,0.34701492537313433,0.0,0.6529850746268657
44,,128,356,0,150,0,506,0.7035573122529645,0.0,0.2964426877470356
44,,128A,322,0,141,0,463,0.6954643628509719,0.0,0.3045356371490281
44,,129,474,0,349,0,823,0.5759416767922235,0.0,0.4240583232077764
44,,13,104,0,296,0,400,0.26,0.0,0.74
44,,130,366,0,191,0,557,0.6570915619389587,0.0,0.34290843806104127
44,,130A,356,0,165,0,521,0.6833013435700576,0.0,0.31669865642994244
44,,131,259,0,152,0,411,0.6301703163017032,0.0,0.36982968369829683
44,,131A,242,0,156,0,398,0.6080402010050251,0.0,0.39195979899497485
44,,132,455,0,183,0,638,0.713166144200627,0.0,0.28683385579937304
44,,133,573,0,152,0,725,0.7903448275862069,0.0,0.2096551724137931
44,,134,424,0,206,0,630,0.6730158730158731,0.0,0.326984126984127
44,,134A,397,0,121,0,518,0.7664092664092664,0.0,0.2335907335907336
44,,135,586,0,419,0,1005,0.5830845771144278,0.0,0.41691542288557215
44,,136,503,0,498,0,1001,0.5024975024975025,0.0,0.4975024975024975
44,,137,400,0,161,0,561,0.7130124777183601,0.0,0.28698752228163993
44,,137A,340,0,151,0,491,0.6924643584521385,0.0,0.3075356415478615
44,,138,426,0,229,0,655,0.650381679389313,0.0,0.34961832061068704
44,,139,431,0,150,0,581,0.7418244406196214,0.0,0.25817555938037867
44,,14,341,0,2665,0,3006,0.1134397870924817,0.0,0.8865602129075183
44,,140,208,0,258,0,466,0.44635193133047213,0.0,0.5536480686695279
44,,140A,294,0,157,0,451,0.6518847006651884,0.0,0.34811529933481156
44,,141,319,0,202,0,521,0.6122840690978887,0.0,0.3877159309021113
44,,141A,324,0,187,0,511,0.6340508806262231,0.0,0.3659491193737769
44,,142,460,0,171,0,631,0.7290015847860539,0.0,0.27099841521394613
44,,142A,357,0,156,0,513,0.695906432748538,0.0,0.30409356725146197
44,,143,426,0,285,0,711,0.5991561181434599,0.0,0.4008438818565401
44,,144,242,0,262,0,504,0.4801587301587302,0.0,0.5198412698412699
44,,145,381,0,235,0,616,0.6185064935064936,0.0,0.3814935064935065
44,,145A,359,0,174,0,533,0.6735459662288931,0.0,0.32645403377110693
44,,146,343,0,331,0,674,0.5089020771513353,0.0,0.4910979228486647
44,,147,350,0,224,0,574,0.6097560975609756,0.0,0.3902439024390244
44,,147A,237,0,272,0,509,0.4656188605108055,0.0,0.5343811394891945
44,,148,245,0,220,0,465,0.5268817204301075,0.0,0.4731182795698925
44,,148A,218,0,203,0,421,0.517814726840855,0.0,0.4821852731591449
44,,149,303,0,279,0,582,0.520618556701031,0.0,0.4793814432989691
44,,149A,292,0,188,0,480,0.6083333333333333,0.0,0.39166666666666666
44,,15,0,0,37,0,37,0.0,0.0,1.0
44,,150,321,0,418,0,739,0.43437077131258456,0.0,0.5656292286874154
44,,151,215,0,287,0,502,0.42828685258964144,0.0,0.5717131474103586
44,,151A,0,0,569,0,569,0.0,0.0,1.0
44,,152,0,0,477,0,477,0.0,0.0,1.0
44,,152A,0,0,463,0,463,0.0,0.0,1.0
44,,153,0,0,486,0,486,0.0,0.0,1.0
44,,153A,0,0,473,0,473,0.0,0.0,1.0
44,,154,0,0,465,0,465,0.0,0.0,1.0
44,,154A,0,0,490,0,490,0.0,0.0,1.0
44,,155,129,0,902,0,1031,0.1251212415130941,0.0,0.8748787584869059
44,,156,0,0,637,0,637,0.0,0.0,1.0
44,,157,0,0,572,0,572,0.0,0.0,1.0
44,,157A,0,0,579,0,579,0.0,0.0,1.0
44,,158,0,0,893,0,893,0.0,0.0,1.0
44,,159,0,0,601,0,601,0.0,0.0,1.0
44,,159A,0,0,575,0,575,0.0,0.0,1.0
44,,16,0,0,7,0,7,0.0,0.0,1.0
44,,160,0,0,565,0,565,0.0,0.0,1.0
44,,160A,0,0,527,0,527,0.0,0.0,1.0
44,,161,0,0,594,0,594,0.0,0.0,1.0
44,,161A,0,0,570,0,570,0.0,0.0,1.0
44,,162,0,0,614,0,614,0.0,0.0,1.0
44,,162A,0,0,512,0,512,0.0,0.0,1.0
44,,163,0,0,811,0,811,0.0,0.0,1.0
44,,164,0,0,603,0,603,0.0,0.0,1.0
44,,164A,0,0,544,0,544,0.0,0.0,1.0
44,,165,0,0,540,0,540,0.0,0.0,1.0
44,,165A,0,0,644,0,644,0.0,0.0,1.0
44,,166,214,0,740,0,954,0.22431865828092243,0.0,0.7756813417190775
44,,167,0,0,629,0,629,0.0,0.0,1.0
44,,168,0,0,494,0,494,0.0,0.0,1.0
44,,168A,0,0,467,0,467,0.0,0.0,1.0
44,,169,0,0,529,0,529,0.0,0.0,1.0
44,,17,0,0,58,0,58,0.0,0.0,1.0
44,,170,0,0,600,0,600,0.0,0.0,1.0
44,,170A,0,0,483,0,483,0.0,0.0,1.0
44,,171,0,0,551,0,551,0.0,0.0,1.0
44,,171A,0,0,455,0,455,0.0,0.0,1.0
44,,172,0,0,724,0,724,0.0,0.0,1.0
44,,173,0,0,634,0,634,0.0,0.0,1.0
44,,174,0,0,510,0,510,0.0,0.0,1.0
44,,174A,0,0,519,0,519,0.0,0.0,1.0
44,,175,0,0,433,0,433,0.0,0.0,1.0
44,,175A,0,0,411,0,411,0.0,0.0,1.0
44,,176,0,0,466,0,466,0.0,0.0,1.0
44,,176A,0,0,442,0,442,0.0,0.0,1.0
44,,178,133,0,216,0,349,0.38108882521489973,0.0,0.6189111747851003
44,,179,150,0,378,0,528,0.2840909090909091,0.0,0.7159090909090909
44,,17A,0,0,33,0,33,0.0,0.0,1.0
44,,18,623,0,430,0,1053,0.5916429249762583,0.0,0.4083570750237417
44,,180,408,0,296,0,704,0.5795454545454546,0.0,0.42045454545454547
44,,181,236,0,332,0,568,0.4154929577464789,0.0,0.5845070422535211
44,,183,409,0,143,0,552,0.7409420289855072,0.0,0.25905797101449274
44,,183A,440,0,145,0,585,0.7521367521367521,0.0,0.24786324786324787
44,,184,302,0,267,0,569,0.5307557117750439,0.0,0.46924428822495606
44,,184A,255,0,8,0,263,0.9695817490494296,0.0,0.030418250950570342
44,,185,5,0,282,0,287,0.017421602787456445,0.0,0.9825783972125436
44,,186,176,0,18,0,194,0.9072164948453608,0.0,0.09278350515463918
44,,187,388,0,353,0,741,0.5236167341430499,0.0,0.47638326585695007
44,,187A,227,0,214,0,441,0.5147392290249433,0.0,0.4852607709750567
44,,1888,193,0,251,0,444,0.4346846846846847,0.0,0.5653153153153153
44,,189,371,0,465,0,836,0.4437799043062201,0.0,0.55622009569378
44,,189A,289,0,315,0,604,0.478476821192053,0.0,0.5215231788079471
44,,18A,0,0,1,0,1,0.0,0.0,1.0
44,,19,0,0,20,0,20,0.0,0.0,1.0
44,,190,157,0,280,0,437,0.35926773455377575,0.0,0.6407322654462243
44,,190A,368,0,285,0,653,0.5635528330781011,0.0,0.43644716692189894
44,,191A,313,0,227,0,540,0.5796296296296296,0.0,0.4203703703703704
44,,192,235,0,219,0,454,0.5176211453744494,0.0,0.48237885462555063
44,,192A,491,0,102,0,593,0.8279932546374368,0.0,0.17200674536256325
44,,193,330,0,42,0,372,0.8870967741935484,0.0,0.11290322580645161
44,,194,312,0,118,0,430,0.7255813953488373,0.0,0.2744186046511628
44,,195,594,0,101,0,695,0.8546762589928057,0.0,0.14532374100719425
44,,196,713,0,209,0,922,0.7733188720173536,0.0,0.22668112798264642
44,,197,221,0,353,0,574,0.38501742160278746,0.0,0.6149825783972126
44,,198,313,0,479,0,792,0.3952020202020202,0.0,0.6047979797979798
44,,198A,390,0,169,0,559,0.6976744186046512,0.0,0.3023255813953488
44,,199,2285,0,194,0,2479,0.9217426381605486,0.0,0.0782573618394514
44,,1A,0,0,11,0,11,0.0,0.0,1.0
44,,2,0,0,74,0,74,0.0,0.0,1.0
44,,20,227,0,438,0,665,0.34135338345864663,0.0,0.6586466165413534
44,,200,415,0,489,0,904,0.459070796460177,0.0,0.540929203539823
44,,201,71,0,416,0,487,0.1457905544147844,0.0,0.8542094455852156
44,,202,181,0,382,0,563,0.32149200710479575,0.0,0.6785079928952042
44,,203,19,0,636,0,655,0.02900763358778626,0.0,0.9709923664122138
44,,203A,508,0,100,0,608,0.8355263157894737,0.0,0.16447368421052633
44,,204,424,0,89,0,513,0.8265107212475633,0.0,0.17348927875243664
44,,205,627,0,248,0,875,0.7165714285714285,0.0,0.2834285714285714
44,,207,440,0,129,0,569,0.773286467486819,0.0,0.22671353251318102
44,,208,666,0,120,0,786,0.8473282442748091,0.0,0.15267175572519084
44,,208A,351,0,75,0,426,0.823943661971831,0.0,0.176056338028169
44,,209,353,0,109,0,462,0.7640692640692641,0.0,0.23593073593073594
44,,20A,24,0,563,0,587,0.04088586030664395,0.0,0.959114139693356
44,,21,0,0,11,0,11,0.0,0.0,1.0
44,,210,219,0,38,0,257,0.8521400778210116,0.0,0.14785992217898833
44,,21A,0,0,9,0,9,0.0,0.0,1.0
44,,22A,8,0,85,0,93,0.08602150537634409,0.0,0.9139784946236559
44,,23,408,0,812,0,1220,0.3344262295081967,0.0,0.6655737704918033
44,,24,16,0,92,0,108,0.14814814814814814,0.0,0.8518518518518519
44,,24A,12,0,84,0,96,0.125,0.0,0.875
44,,25,260,0,66,0,326,0.7975460122699386,0.0,0.20245398773006135
44,,26,5155,0,974,0,6129,0.8410833741230217,0.0,0.1589166258769783
44,,26A,224,0,42,0,266,0.8421052631578947,0.0,0.15789473684210525
44,,27,509,0,9,0,518,0.9826254826254827,0.0,0.017374517374517374
44,,28,101,0,313,0,414,0.24396135265700483,0.0,0.7560386473429952
44,,29,711,0,764,0,1475,0.48203389830508475,0.0,0.5179661016949153
44,,295,3,0,686,0,689,0.0043541364296081275,0.0,0.9956458635703919
44,,29A,51,0,28,0,79,0.6455696202531646,0.0,0.35443037974683544
44,,2A,0,0,28,0,28,0.0,0.0,1.0
44,,3,0,0,24,0,24,0.0,0.0,1.0
44,,30,221,0,21,0,242,0.9132231404958677,0.0,0.08677685950413223
44,,301,3,0,107,0,110,0.02727272727272727,0.0,0.9727272727272728
44,,30A,176,0,21,0,197,0.8934010152284264,0.0,0.1065989847715736
44,,31,688,0,450,0,1138,0.6045694200351494,0.0,0.3954305799648506
44,,31A,316,0,67,0,383,0.825065274151436,0.0,0.17493472584856398
44,,32,44,0,127,0,171,0.2573099415204678,0.0,0.7426900584795322
44,,33,343,0,340,0,683,0.5021961932650073,0.0,0.4978038067349927
44,,33A,75,0,51,0,126,0.5952380952380952,0.0,0.40476190476190477
44,,34,355,0,11,0,366,0.9699453551912568,0.0,0.030054644808743168
44,,34A,261,0,25,0,286,0.9125874125874126,0.0,0.08741258741258741
44,,35,436,0,383,0,819,0.5323565323565324,0.0,0.46764346764346765
44,,36,260,0,692,0,952,0.27310924369747897,0.0,0.726890756302521
44,,36A,328,0,19,0,347,0.9452449567723343,0.0,0.05475504322766571
44,,37,499,0,449,0,948,0.5263713080168776,0.0,0.47362869198312235
44,,38,370,0,29,0,399,0.9273182957393483,0.0,0.07268170426065163
44,,38A,157,0,20,0,177,0.8870056497175142,0.0,0.11299435028248588
44,,39,62,0,28,0,90,0.6888888888888889,0.0,0.3111111111111111
44,,39A,121,0,13,0,134,0.9029850746268657,0.0,0.09701492537313433
44,,3A,0,0,16,0,16,0.0,0.0,1.0
44,,4,548,0,31,0,579,0.9464594127806563,0.0,0.0535405872193437
44,,40,400,0,290,0,690,0.5797101449275363,0.0,0.42028985507246375
44,,40A,315,0,57,0,372,0.8467741935483871,0.0,0.1532258064516129
44,,41,219,0,22,0,241,0.9087136929460581,0.0,0.0912863070539419
44,,412,2,0,93,0,95,0.021052631578947368,0.0,0.9789473684210527
44,,41A,97,0,17,0,114,0.8508771929824561,0.0,0.14912280701754385
44,,42,552,0,261,0,813,0.6789667896678967,0.0,0.3210332103321033
44,,422,5,0,1172,0,1177,0.004248088360237893,0.0,0.9957519116397621
44,,428,4,0,709,0,713,0.005610098176718092,0.0,0.9943899018232819
44,,42A,308,0,10,0,318,0.9685534591194969,0.0,0.031446540880503145
44,,43,3439,0,660,0,4099,0.8389851183215419,0.0,0.16101488167845815
44,,436,9,0,735,0,744,0.012096774193548387,0.0,0.9879032258064516
44,,43A,270,0,5,0,275,0.9818181818181818,0.0,0.01818181818181818
44,,44,468,0,611,0,1079,0.43373493975903615,0.0,0.5662650602409639
44,,45,408,0,525,0,933,0.43729903536977494,0.0,0.5627009646302251
44,,46,346,0,34,0,380,0.9105263157894737,0.0,0.08947368421052632
44,,47A,125,0,28,0,153,0.8169934640522876,0.0,0.1830065359477124
44,,48,110,0,280,0,390,0.28205128205128205,0.0,0.717948717948718
44,,48A,157,0,9,0,166,0.9457831325301205,0.0,0.05421686746987952
44,,49,469,0,23,0,492,0.9532520325203252,0.0,0.046747967479674794
44,,4A,0,0,11,0,11,0.0,0.0,1.0
44,,5,0,0,21,0,21,0.0,0.0,1.0
44,,50,28,0,46,0,74,0.3783783783783784,0.0,0.6216216216216216
44,,51,492,0,256,0,748,0.6577540106951871,0.0,0.3422459893048128
44,,51A,162,0,22,0,184,0.8804347826086957,0.0,0.11956521739130435
44,,52,165,0,10,0,175,0.9428571428571428,0.0,0.05714285714285714
44,,52A,211,0,8,0,219,0.9634703196347032,0.0,0.0365296803652968
44,,53,85,0,38,0,123,0.6910569105691057,0.0,0.3089430894308943
44,,54,360,0,16,0,376,0.9574468085106383,0.0,0.0425531914893617
44,,55,15,0,11,0,26,0.5769230769230769,0.0,0.4230769230769231
44,,55A,170,0,9,0,179,0.9497206703910615,0.0,0.05027932960893855
44,,56,607,0,770,0,1377,0.4408133623819898,0.0,0.5591866376180101
44,,56A,110,0,48,0,158,0.6962025316455697,0.0,0.3037974683544304
44,,57,33,0,38,0,71,0.4647887323943662,0.0,0.5352112676056338
44,,57A,55,0,33,0,88,0.625,0.0,0.375
44,,58,27,0,136,0,163,0.1656441717791411,0.0,0.8343558282208589
44,,59,328,0,458,0,786,0.4173027989821883,0.0,0.5826972010178118
44,,59A,88,0,105,0,193,0.45595854922279794,0.0,0.5440414507772021
44,,5A,0,0,18,0,18,0.0,0.0,1.0
44,,6,0,0,23,0,23,0.0,0.0,1.0
44,,60,593,0,540,0,1133,0.5233892321270962,0.0,0.4766107678729038
44,,61,239,0,27,0,266,0.8984962406015038,0.0,0.10150375939849623
44,,62,75,0,25,0,100,0.75,0.0,0.25
44,,62A,50,0,21,0,71,0.704225352112676,0.0,0.29577464788732394
44,,63,17,0,33,0,50,0.34,0.0,0.66
44,,64,200,0,10,0,210,0.9523809523809523,0.0,0.047619047619047616
44,,65,1379,0,196,0,1575,0.8755555555555555,0.0,0.12444444444444444
44,,65A,209,0,17,0,226,0.9247787610619469,0.0,0.0752212389380531
44,,66,2500,0,45,0,2545,0.9823182711198428,0.0,0.01768172888015717
44,,66A,66,0,48,0,114,0.5789473684210527,0.0,0.42105263157894735
44,,67,316,0,4,0,320,0.9875,0.0,0.0125
44,,67A,203,0,16,0,219,0.9269406392694064,0.0,0.0730593607305936
44,,68,327,0,2353,0,2680,0.12201492537313433,0.0,0.8779850746268657
44,,68A,363,0,18,0,381,0.952755905511811,0.0,0.047244094488188976
44,,69,354,0,30,0,384,0.921875,0.0,0.078125
44,,6A,0,0,10,0,10,0.0,0.0,1.0
44,,7,0,0,28,0,28,0.0,0.0,1.0
44,,70,1263,0,968,0,2231,0.5661138502913492,0.0,0.4338861497086508
44,,71,561,0,36,0,597,0.9396984924623115,0.0,0.06030150753768844
44,,72,305,0,14,0,319,0.9561128526645768,0.0,0.0438871473354232
44,,72A,257,0,29,0,286,0.8986013986013986,0.0,0.10139860139860139
44,,73,255,0,277,0,532,0.4793233082706767,0.0,0.5206766917293233
44,,73A,219,0,258,0,477,0.4591194968553459,0.0,0.5408805031446541
44,,74,443,0,757,0,1200,0.36916666666666664,0.0,0.6308333333333334
44,,75,485,0,350,0,835,0.5808383233532934,0.0,0.41916167664670656
44,,75A,313,0,603,0,916,0.34170305676855894,0.0,0.6582969432314411
44,,76,384,0,177,0,561,0.6844919786096256,0.0,0.3155080213903743
44,,76A,412,0,109,0,521,0.7907869481765835,0.0,0.2092130518234165
44,,77,261,0,535,0,796,0.3278894472361809,0.0,0.6721105527638191
44,,77A,257,0,202,0,459,0.5599128540305011,0.0,0.4400871459694989
44,,78,225,0,744,0,969,0.23219814241486067,0.0,0.7678018575851393
44,,78A,375,0,16,0,391,0.959079283887468,0.0,0.04092071611253197
44,,79,30,0,571,0,601,0.04991680532445923,0.0,0.9500831946755408
44,,7A,0,0,8,0,8,0.0,0.0,1.0
44,,8,0,0,20,0,20,0.0,0.0,1.0
44,,80,118,0,587,0,705,0.1673758865248227,0.0,0.8326241134751773
44,,81,505,0,894,0,1399,0.36097212294496067,0.0,0.6390278770550393
44,,82,294,0,972,0,1266,0.23222748815165878,0.0,0.7677725118483413
44,,82A,139,0,392,0,531,0.2617702448210923,0.0,0.7382297551789078
44,,83,77,0,364,0,441,0.1746031746031746,0.0,0.8253968253968254
44,,83A,302,0,246,0,548,0.551094890510949,0.0,0.4489051094890511
44,,84,360,0,119,0,479,0.7515657620041754,0.0,0.24843423799582465
44,,85,599,0,229,0,828,0.7234299516908212,0.0,0.27657004830917875
44,,85A,375,0,136,0,511,0.7338551859099804,0.0,0.26614481409001955
44,,86,380,0,149,0,529,0.718336483931947,0.0,0.28166351606805295
44,,87,475,0,489,0,964,0.4927385892116183,0.0,0.5072614107883817
44,,88,167,0,420,0,587,0.28449744463373083,0.0,0.7155025553662692
44,,89A,312,0,519,0,831,0.37545126353790614,0.0,0.6245487364620939
44,,8A,0,0,10,0,10,0.0,0.0,1.0
44,,9,0,0,98,0,98,0.0,0.0,1.0
44,,90,371,0,174,0,545,0.6807339449541284,0.0,0.3192660550458716
44,,91,264,0,303,0,567,0.4656084656084656,0.0,0.5343915343915344
44,,91A,309,0,242,0,551,0.5607985480943739,0.0,0.43920145190562615
44,,92,330,0,173,0,503,0.6560636182902585,0.0,0.34393638170974156
44,,93,404,0,349,0,753,0.5365205843293492,0.0,0.4634794156706507
44,,94,254,0,798,0,1052,0.2414448669201521,0.0,0.7585551330798479
44,,94A,295,0,204,0,499,0.591182364729459,0.0,0.4088176352705411
44,,95,286,0,102,0,388,0.7371134020618557,0.0,0.26288659793814434
44,,95A,170,0,412,0,582,0.2920962199312715,0.0,0.7079037800687286
44,,96,233,0,773,0,1006,0.23161033797216699,0.0,0.768389662027833
44,,96A,248,0,300,0,548,0.45255474452554745,0.0,0.5474452554744526
44,,97,304,0,735,0,1039,0.2925890279114533,0.0,0.7074109720885466
44,,97A,320,0,215,0,535,0.5981308411214953,0.0,0.40186915887850466
44,,98,266,0,376,0,642,0.4143302180685358,0.0,0.5856697819314641
44,,9A,0,0,93,0,93,0.0,0.0,1.0
45,,10,0,0,651,0,651,0.0,0.0,1.0
45,,11,0,0,592,0,592,0.0,0.0,1.0
45,,12,0,0,450,0,450,0.0,0.0,1.0
45,,121,0,0,151,0,151,0.0,0.0,1.0
45,,122,0,0,485,0,485,0.0,0.0,1.0
45,,123,0,0,708,0,708,0.0,0.0,1.0
45,,124,0,0,527,0,527,0.0,0.0,1.0
45,,125,0,0,808,0,808,0.0,0.0,1.0
45,,126,0,0,799,0,799,0.0,0.0,1.0
45,,127,0,0,542,0,542,0.0,0.0,1.0
45,,128,0,0,570,0,570,0.0,0.0,1.0
45,,129,0,0,865,0,865,0.0,0.0,1.0
45,,13,0,0,363,0,363,0.0,0.0,1.0
45,,130,0,0,811,0,811,0.0,0.0,1.0
45,,131,0,0,641,0,641,0.0,0.0,1.0
45,,132,0,0,562,0,562,0.0,0.0,1.0
45,,133,0,0,823,0,823,0.0,0.0,1.0
45,,134,0,0,542,0,542,0.0,0.0,1.0
45,,135,0,0,435,0,435,0.0,0.0,1.0
45,,136,0,0,807,0,807,0.0,0.0,1.0
45,,137,0,0,955,0,955,0.0,0.0,1.0
45,,138,0,0,603,0,603,0.0,0.0,1.0
45,,139,0,0,456,0,456,0.0,0.0,1.0
45,,14,0,0,552,0,552,0.0,0.0,1.0
45,,140,0,0,899,0,899,0.0,0.0,1.0
45,,141,0,0,849,0,849,0.0,0.0,1.0
45,,142,0,0,831,0,831,0.0,0.0,1.0
45,,143,0,0,730,0,730,0.0,0.0,1.0
45,,15,0,0,550,0,550,0.0,0.0,1.0
45,,16,0,0,768,0,768,0.0,0.0,1.0
45,,17,0,0,537,0,537,0.0,0.0,1.0
45,,18,0,0,442,0,442,0.0,0.0,1.0
45,,19,0,0,536,0,536,0.0,0.0,1.0
45,,193,0,0,649,0,649,0.0,0.0,1.0
45,,194,4,0,981,0,985,0.0040609137055837565,0.0,0.9959390862944163
45,,195,5,0,962,0,967,0.005170630816959669,0.0,0.9948293691830403
45,,196,0,0,568,0,568,0.0,0.0,1.0
45,,197,6,0,430,0,436,0.013761467889908258,0.0,0.9862385321100917
45,,198,3,0,790,0,793,0.0037831021437578815,0.0,0.9962168978562421
45,,199,2,0,623,0,625,0.0032,0.0,0.9968
45,,20,0,0,450,0,450,0.0,0.0,1.0
45,,200,4,0,543,0,547,0.007312614259597806,0.0,0.9926873857404022
45,,201,3,0,662,0,665,0.004511278195488722,0.0,0.9954887218045113
45,,202,1,0,442,0,443,0.002257336343115124,0.0,0.9977426636568849
45,,203,1,0,639,0,640,0.0015625,0.0,0.9984375
45,,204,4,0,890,0,894,0.0044742729306487695,0.0,0.9955257270693513
45,,205,3,0,724,0,727,0.0041265474552957355,0.0,0.9958734525447043
45,,206,2,0,601,0,603,0.003316749585406302,0.0,0.9966832504145937
45,,207,0,0,869,0,869,0.0,0.0,1.0
45,,208,3,0,608,0,611,0.004909983633387889,0.0,0.9950900163666121
45,,209,1,0,418,0,419,0.002386634844868735,0.0,0.9976133651551312
45,,21,0,0,512,0,512,0.0,0.0,1.0
45,,210,2,0,1018,0,1020,0.00196078431372549,0.0,0.9980392156862745
45,,211,4,0,727,0,731,0.005471956224350205,0.0,0.9945280437756497
45,,212,1,0,596,0,597,0.0016750418760469012,0.0,0.998324958123953
45,,213,1,0,587,0,588,0.0017006802721088435,0.0,0.9982993197278912
45,,214,5,0,702,0,707,0.007072135785007072,0.0,0.9929278642149929
45,,215,2,0,617,0,619,0.0032310177705977385,0.0,0.9967689822294022
45,,218,0,0,70,0,70,0.0,0.0,1.0
45,,219,0,0,251,0,251,0.0,0.0,1.0
45,,22,0,0,456,0,456,0.0,0.0,1.0
45,,220,0,0,112,0,112,0.0,0.0,1.0
45,,221,0,0,190,0,190,0.0,0.0,1.0
45,,222,0,0,44,0,44,0.0,0.0,1.0
45,,223,0,0,225,0,225,0.0,0.0,1.0
45,,224,0,0,37,0,37,0.0,0.0,1.0
45,,225,0,0,444,0,444,0.0,0.0,1.0
45,,226,0,0,500,0,500,0.0,0.0,1.0
45,,227,0,0,233,0,233,0.0,0.0,1.0
45,,228,0,0,405,0,405,0.0,0.0,1.0
45,,229,0,0,256,0,256,0.0,0.0,1.0
45,,23,0,0,581,0,581,0.0,0.0,1.0
45,,230,0,0,81,0,81,0.0,0.0,1.0
45,,231,0,0,287,0,287,0.0,0.0,1.0
45,,232,0,0,268,0,268,0.0,0.0,1.0
45,,233,0,0,5,0,5,0.0,0.0,1.0
45,,234,0,0,209,0,209,0.0,0.0,1.0
45,,235,0,0,243,0,243,0.0,0.0,1.0
45,,236,0,0,274,0,274,0.0,0.0,1.0
45,,237,0,0,46,0,46,0.0,0.0,1.0
45,,238,0,0,200,0,200,0.0,0.0,1.0
45,,239,0,0,218,0,218,0.0,0.0,1.0
45,,24,0,0,528,0,528,0.0,0.0,1.0
45,,240,0,0,214,0,214,0.0,0.0,1.0
45,,241,1,0,377,0,378,0.0026455026455026454,0.0,0.9973544973544973
45,,242,2,0,362,0,364,0.005494505494505495,0.0,0.9945054945054945
45,,243,0,0,365,0,365,0.0,0.0,1.0
45,,244,0,0,255,0,255,0.0,0.0,1.0
45,,245,0,0,481,0,481,0.0,0.0,1.0
45,,246,5,0,318,0,323,0.015479876160990712,0.0,0.9845201238390093
45,,247,4,0,421,0,425,0.009411764705882352,0.0,0.9905882352941177
45,,248,3,0,276,0,279,0.010752688172043012,0.0,0.989247311827957
45,,249,4,0,507,0,511,0.007827788649706457,0.0,0.9921722113502935
45,,25,0,0,74,0,74,0.0,0.0,1.0
45,,250,3,0,310,0,313,0.009584664536741214,0.0,0.9904153354632588
45,,251,1,0,372,0,373,0.002680965147453083,0.0,0.9973190348525469
45,,252,6,0,128,0,134,0.04477611940298507,0.0,0.9552238805970149
45,,253,1,0,473,0,474,0.002109704641350211,0.0,0.9978902953586498
45,,254,4,0,585,0,589,0.006791171477079796,0.0,0.9932088285229203
45,,255,4,0,401,0,405,0.009876543209876543,0.0,0.9901234567901235
45,,256,1,0,439,0,440,0.0022727272727272726,0.0,0.9977272727272727
45,,257,2,0,308,0,310,0.0064516129032258064,0.0,0.9935483870967742
45,,258,0,0,357,0,357,0.0,0.0,1.0
45,,259,3,0,432,0,435,0.006896551724137931,0.0,0.993103448275862
45,,26,0,0,72,0,72,0.0,0.0,1.0
45,,260,2,0,206,0,208,0.009615384615384616,0.0,0.9903846153846154
45,,261,8,0,209,0,217,0.03686635944700461,0.0,0.9631336405529954
45,,262,3,0,179,0,182,0.016483516483516484,0.0,0.9835164835164835
45,,263,0,0,72,0,72,0.0,0.0,1.0
45,,27,0,0,38,0,38,0.0,0.0,1.0
45,,28,0,0,20,0,20,0.0,0.0,1.0
45,,29,0,0,22,0,22,0.0,0.0,1.0
45,,290,0,0,163,0,163,0.0,0.0,1.0
45,,291,0,0,369,0,369,0.0,0.0,1.0
45,,292,0,0,166,0,166,0.0,0.0,1.0
45,,293,0,0,283,0,283,0.0,0.0,1.0
45,,294,0,0,860,0,860,0.0,0.0,1.0
45,,295,0,0,220,0,220,0.0,0.0,1.0
45,,296,0,0,267,0,267,0.0,0.0,1.0
45,,297,0,0,137,0,137,0.0,0.0,1.0
45,,298,0,0,148,0,148,0.0,0.0,1.0
45,,299,0,0,246,0,246,0.0,0.0,1.0
45,,30,0,0,38,0,38,0.0,0.0,1.0
45,,300,0,0,561,0,561,0.0,0.0,1.0
45,,301,0,0,438,0,438,0.0,0.0,1.0
45,,302,0,0,458,0,458,0.0,0.0,1.0
45,,303,0,0,267,0,267,0.0,0.0,1.0
45,,304,0,0,945,0,945,0.0,0.0,1.0
45,,305,0,0,635,0,635,0.0,0.0,1.0
45,,307,0,0,324,0,324,0.0,0.0,1.0
45,,308,0,0,224,0,224,0.0,0.0,1.0
45,,309,0,0,57,0,57,0.0,0.0,1.0
45,,31,0,0,19,0,19,0.0,0.0,1.0
45,,310,0,0,387,0,387,0.0,0.0,1.0
45,,311,0,0,398,0,398,0.0,0.0,1.0
45,,313,0,0,2,0,2,0.0,0.0,1.0
45,,314,0,0,1,0,1,0.0,0.0,1.0
45,,315,0,0,1,0,1,0.0,0.0,1.0
45,,316,0,0,4,0,4,0.0,0.0,1.0
45,,317,0,0,1,0,1,0.0,0.0,1.0
45,,318,0,0,5,0,5,0.0,0.0,1.0
45,,319,0,0,1,0,1,0.0,0.0,1.0
45,,32,0,0,14,0,14,0.0,0.0,1.0
45,,320,0,0,2,0,2,0.0,0.0,1.0
45,,321,0,0,8,0,8,0.0,0.0,1.0
45,,322,0,0,0,0,0,,,
45,,323,0,0,1,0,1,0.0,0.0,1.0
45,,324,0,0,1,0,1,0.0,0.0,1.0
45,,325,0,0,2,0,2,0.0,0.0,1.0
45,,326,0,0,3,0,3,0.0,0.0,1.0
45,,327,0,0,2,0,2,0.0,0.0,1.0
45,,328,0,0,0,0,0,,,
45,,329,0,0,1,0,1,0.0,0.0,1.0
45,,33,0,0,12,0,12,0.0,0.0,1.0
45,,330,0,0,5,0,5,0.0,0.0,1.0
45,,331,0,0,4,0,4,0.0,0.0,1.0
45,,332,0,0,3,0,3,0.0,0.0,1.0
45,,333,0,0,0,0,0,,,
45,,334,0,0,35,0,35,0.0,0.0,1.0
45,,335,0,0,1,0,1,0.0,0.0,1.0
45,,34,0,0,36,0,36,0.0,0.0,1.0
45,,35,0,0,50,0,50,0.0,0.0,1.0
45,,36,0,0,48,0,48,0.0,0.0,1.0
45,,37,0,0,55,0,55,0.0,0.0,1.0
45,,38,0,0,8,0,8,0.0,0.0,1.0
45,,39,0,0,17,0,17,0.0,0.0,1.0
45,,40,0,0,96,0,96,0.0,0.0,1.0
45,,41,0,0,38,0,38,0.0,0.0,1.0
45,,42,0,0,29,0,29,0.0,0.0,1.0
45,,43,0,0,57,0,57,0.0,0.0,1.0
45,,44,0,0,23,0,23,0.0,0.0,1.0
45,,45,0,0,21,0,21,0.0,0.0,1.0
45,,46,0,0,5,0,5,0.0,0.0,1.0
45,,47,0,0,67,0,67,0.0,0.0,1.0
45,,50,0,0,601,0,601,0.0,0.0,1.0
45,,51,0,0,726,0,726,0.0,0.0,1.0
45,,52,0,0,230,0,230,0.0,0.0,1.0
45,,53,0,0,475,0,475,0.0,0.0,1.0
45,,54,0,0,482,0,482,0.0,0.0,1.0
45,,55,0,0,506,0,506,0.0,0.0,1.0
45,,56,0,0,538,0,538,0.0,0.0,1.0
45,,57,0,0,239,0,239,0.0,0.0,1.0
45,,58,0,0,395,0,395,0.0,0.0,1.0
45,,59,0,0,515,0,515,0.0,0.0,1.0
45,,60,0,0,574,0,574,0.0,0.0,1.0
45,,61,0,0,275,0,275,0.0,0.0,1.0
45,,62,0,0,406,0,406,0.0,0.0,1.0
45,,63,0,0,357,0,357,0.0,0.0,1.0
45,,64,0,0,564,0,564,0.0,0.0,1.0
45,,65,0,0,681,0,681,0.0,0.0,1.0
45,,66,0,0,261,0,261,0.0,0.0,1.0
45,,67,0,0,403,0,403,0.0,0.0,1.0
45,,68,0,0,208,0,208,0.0,0.0,1.0
45,,69,0,0,621,0,621,0.0,0.0,1.0
45,,7,0,0,572,0,572,0.0,0.0,1.0
45,,70,0,0,502,0,502,0.0,0.0,1.0
45,,71,0,0,428,0,428,0.0,0.0,1.0
45,,73,0,0,457,0,457,0.0,0.0,1.0
45,,74,0,0,883,0,883,0.0,0.0,1.0
45,,75,0,0,563,0,563,0.0,0.0,1.0
45,,76,0,0,642,0,642,0.0,0.0,1.0
45,,77,0,0,652,0,652,0.0,0.0,1.0
45,,78,0,0,510,0,510,0.0,0.0,1.0
45,,79,0,0,780,0,780,0.0,0.0,1.0
45,,80,0,0,650,0,650,0.0,0.0,1.0
45,,81,0,0,558,0,558,0.0,0.0,1.0
45,,82,0,0,480,0,480,0.0,0.0,1.0
45,,83,0,0,574,0,574,0.0,0.0,1.0
45,,84,0,0,495,0,495,0.0,0.0,1.0
45,,85,0,0,623,0,623,0.0,0.0,1.0
45,,86,0,0,481,0,481,0.0,0.0,1.0
45,,87,0,0,816,0,816,0.0,0.0,1.0
45,,89,0,0,586,0,586,0.0,0.0,1.0
45,,9,0,0,802,0,802,0.0,0.0,1.0
45,,90,0,0,850,0,850,0.0,0.0,1.0
45,,91,0,0,503,0,503,0.0,0.0,1.0
45,,92,0,0,724,0,724,0.0,0.0,1.0
45,,93,0,0,552,0,552,0.0,0.0,1.0
45,,94,0,0,454,0,454,0.0,0.0,1.0
45,,95,0,0,532,0,532,0.0,0.0,1.0
45,,96,0,0,491,0,491,0.0,0.0,1.0
46,,100(A),0,0,726,0,726,0.0,0.0,1.0
46,,102(A),0,0,232,0,232,0.0,0.0,1.0
46,,103(A),0,0,551,0,551,0.0,0.0,1.0
46,,145,0,0,426,0,426,0.0,0.0,1.0
46,,146,0,0,386,0,386,0.0,0.0,1.0
46,,148,0,0,363,0,363,0.0,0.0,1.0
46,,149,0,0,630,0,630,0.0,0.0,1.0
46,,151,0,0,371,0,371,0.0,0.0,1.0
46,,152,0,0,446,0,446,0.0,0.0,1.0
46,,153,0,0,581,0,581,0.0,0.0,1.0
46,,154,0,0,76,0,76,0.0,0.0,1.0
46,,155,0,0,493,0,493,0.0,0.0,1.0
46,,156,0,0,567,0,567,0.0,0.0,1.0
46,,157,0,0,439,0,439,0.0,0.0,1.0
46,,158,0,0,508,0,508,0.0,0.0,1.0
46,,159,0,0,520,0,520,0.0,0.0,1.0
46,,160,0,0,488,0,488,0.0,0.0,1.0
46,,161,0,0,606,0,606,0.0,0.0,1.0
46,,162,0,0,575,0,575,0.0,0.0,1.0
46,,163,0,0,714,0,714,0.0,0.0,1.0
46,,164,0,0,551,0,551,0.0,0.0,1.0
46,,165,0,0,528,0,528,0.0,0.0,1.0
46,,166,0,0,465,0,465,0.0,0.0,1.0
46,,167,0,0,458,0,458,0.0,0.0,1.0
46,,28,0,0,20,0,20,0.0,0.0,1.0
46,,29,0,0,21,0,21,0.0,0.0,1.0
46,,30,0,0,22,0,22,0.0,0.0,1.0
46,,31,0,0,23,0,23,0.0,0.0,1.0
46,,33,0,0,24,0,24,0.0,0.0,1.0
46,,34,0,0,25,0,25,0.0,0.0,1.0
46,,35,0,0,58,0,58,0.0,0.0,1.0
46,,35(A),0,0,15,0,15,0.0,0.0,1.0
46,,36,0,0,159,0,159,0.0,0.0,1.0
46,,36(A),0,0,265,0,265,0.0,0.0,1.0
46,,37,0,0,327,0,327,0.0,0.0,1.0
46,,37(A),0,0,335,0,335,0.0,0.0,1.0
46,,38,0,0,309,0,309,0.0,0.0,1.0
46,,39,0,0,187,0,187,0.0,0.0,1.0
46,,40,0,0,210,0,210,0.0,0.0,1.0
46,,41,0,0,90,0,90,0.0,0.0,1.0
46,,41(A),0,0,79,0,79,0.0,0.0,1.0
46,,42,0,0,65,0,65,0.0,0.0,1.0
46,,42(A),0,0,95,0,95,0.0,0.0,1.0
46,,43,0,0,120,0,120,0.0,0.0,1.0
46,,43(A),0,0,263,0,263,0.0,0.0,1.0
46,,44,0,0,459,0,459,0.0,0.0,1.0
46,,45,0,0,186,0,186,0.0,0.0,1.0
46,,45(A),0,0,147,0,147,0.0,0.0,1.0
46,,46,0,0,415,0,415,0.0,0.0,1.0
46,,46(A),0,0,343,0,343,0.0,0.0,1.0
46,,47,0,0,85,0,85,0.0,0.0,1.0
46,,47(A),0,0,279,0,279,0.0,0.0,1.0
46,,48,0,0,177,0,177,0.0,0.0,1.0
46,,48(A),0,0,78,0,78,0.0,0.0,1.0
46,,814,0,0,372,0,372,0.0,0.0,1.0
46,,99(A),0,0,400,0,400,0.0,0.0,1.0
47,MALATIPUR,1,0,0,606,0,606,0.0,0.0,1.0
47,MALATIPUR,10,97,0,486,0,583,0.16638078902229847,0.0,0.8336192109777015
47,MALATIPUR,100,3,0,502,0,505,0.005940594059405941,0.0,0.994059405940594
47,MALATIPUR,101,9,0,809,0,818,0.011002444987775062,0.0,0.988997555012225
47,MALATIPUR,102,8,0,821,0,829,0.009650180940892641,0.0,0.9903498190591074
47,MALATIPUR,103,11,0,487,0,498,0.02208835341365462,0.0,0.9779116465863453
47,MALATIPUR,103A,4,0,452,0,456,0.008771929824561403,0.0,0.9912280701754386
47,MALATIPUR,104,150,0,222,0,372,0.4032258064516129,0.0,0.5967741935483871
47,MALATIPUR,105,4,0,521,0,525,0.007619047619047619,0.0,0.9923809523809524
47,MALATIPUR,106,10,0,763,0,773,0.0129366106080207,0.0,0.9870633893919794
47,MALATIPUR,107,15,0,719,0,734,0.020435967302452316,0.0,0.9795640326975477
47,MALATIPUR,108,369,0,269,0,638,0.5783699059561128,0.0,0.4216300940438871
47,MALATIPUR,109,1,0,571,0,572,0.0017482517482517483,0.0,0.9982517482517482
47,MALATIPUR,10A,14,0,536,0,550,0.025454545454545455,0.0,0.9745454545454545
47,MALATIPUR,11,13,0,534,0,547,0.02376599634369287,0.0,0.9762340036563071
47,MALATIPUR,110,4,0,517,0,521,0.007677543186180422,0.0,0.9923224568138196
47,MALATIPUR,110A,7,0,528,0,535,0.013084112149532711,0.0,0.9869158878504672
47,MALATIPUR,111,97,0,736,0,833,0.11644657863145258,0.0,0.8835534213685474
47,MALATIPUR,11A,10,0,542,0,552,0.018115942028985508,0.0,0.9818840579710145
47,MALATIPUR,12,178,0,366,0,544,0.3272058823529412,0.0,0.6727941176470589
47,MALATIPUR,12A,26,0,566,0,592,0.04391891891891892,0.0,0.956081081081081
47,MALATIPUR,13,11,0,490,0,501,0.021956087824351298,0.0,0.9780439121756487
47,MALATIPUR,13A,152,0,387,0,539,0.2820037105751391,0.0,0.7179962894248608
47,MALATIPUR,14,7,0,513,0,520,0.013461538461538462,0.0,0.9865384615384616
47,MALATIPUR,14A,30,0,484,0,514,0.058365758754863814,0.0,0.9416342412451362
47,MALATIPUR,15,583,0,111,0,694,0.840057636887608,0.0,0.15994236311239193
47,MALATIPUR,16,410,0,102,0,512,0.80078125,0.0,0.19921875
47,MALATIPUR,16A,374,0,74,0,448,0.8348214285714286,0.0,0.16517857142857142
47,MALATIPUR,17,5,0,456,0,461,0.010845986984815618,0.0,0.9891540130151844
47,MALATIPUR,17A,6,0,412,0,418,0.014354066985645933,0.0,0.9856459330143541
47,MALATIPUR,18,224,0,242,0,466,0.48068669527896996,0.0,0.51931330472103
47,MALATIPUR,186,33,0,640,139,812,0.04064039408866995,0.17118226600985223,0.7881773399014779
47,MALATIPUR,187,9,0,758,140,907,0.009922822491730982,0.1543550165380375,0.8357221609702316
47,MALATIPUR,187A,128,0,279,0,407,0.3144963144963145,0.0,0.6855036855036855
47,MALATIPUR,188,85,0,746,141,972,0.0874485596707819,0.14506172839506173,0.7674897119341564
47,MALATIPUR,189,139,0,898,0,1037,0.13404050144648022,0.0,0.8659594985535197
47,MALATIPUR,19,416,0,146,0,562,0.7402135231316725,0.0,0.2597864768683274
47,MALATIPUR,190,45,0,1251,142,1438,0.03129346314325452,0.09874826147426982,0.8699582753824756
47,MALATIPUR,191,41,0,838,143,1022,0.040117416829745595,0.13992172211350293,0.8199608610567515
47,MALATIPUR,192,54,0,965,0,1019,0.05299313052011776,0.0,0.9470068694798822
47,MALATIPUR,193,25,0,913,144,1082,0.02310536044362292,0.133086876155268,0.8438077634011091
47,MALATIPUR,193A,5,0,554,0,559,0.008944543828264758,0.0,0.9910554561717353
47,MALATIPUR,194,14,0,1132,0,1146,0.012216404886561954,0.0,0.987783595113438
47,MALATIPUR,195,9,0,947,145,1101,0.008174386920980926,0.13169845594913715,0.860127157129882
47,MALATIPUR,195A,7,0,509,0,516,0.013565891472868217,0.0,0.9864341085271318
47,MALATIPUR,196,16,0,1058,0,1074,0.0148975791433892,0.0,0.9851024208566108
47,MALATIPUR,197,51,0,1243,146,1440,0.035416666666666666,0.10138888888888889,0.8631944444444445
47,MALATIPUR,198,27,0,1319,147,1493,0.01808439383791025,0.09845947756195579,0.883456128600134
47,MALATIPUR,198A,5,0,472,0,477,0.010482180293501049,0.0,0.989517819706499
47,MALATIPUR,199,56,0,929,148,1133,0.04942630185348632,0.13062665489849956,0.8199470432480142
47,MALATIPUR,1A,67,0,388,0,455,0.14725274725274726,0.0,0.8527472527472527
47,MALATIPUR,2,501,0,122,0,623,0.8041733547351525,0.0,0.1958266452648475
47,MALATIPUR,20,48,0,378,0,426,0.11267605633802817,0.0,0.8873239436619719
47,MALATIPUR,200,38,0,1101,0,1139,0.033362598770851626,0.0,0.9666374012291484
47,MALATIPUR,201,96,0,1091,149,1336,0.0718562874251497,0.11152694610778444,0.8166167664670658
47,MALATIPUR,202,59,0,817,0,876,0.06735159817351598,0.0,0.932648401826484
47,MALATIPUR,202A,10,0,493,0,503,0.019880715705765408,0.0,0.9801192842942346
47,MALATIPUR,203,16,0,1025,150,1191,0.01343408900083963,0.12594458438287154,0.8606213266162889
47,MALATIPUR,204,35,0,1156,0,1191,0.02938706968933669,0.0,0.9706129303106633
47,MALATIPUR,205,18,0,1389,151,1558,0.011553273427471117,0.09691912708600771,0.8915275994865212
47,MALATIPUR,206,14,0,931,152,1097,0.01276207839562443,0.13855970829535097,0.8486782133090246
47,MALATIPUR,207,14,0,963,0,977,0.014329580348004094,0.0,0.9856704196519959
47,MALATIPUR,207A,6,0,439,0,445,0.01348314606741573,0.0,0.9865168539325843
47,MALATIPUR,208,21,0,1134,153,1308,0.016055045871559634,0.11697247706422019,0.8669724770642202
47,MALATIPUR,209,28,0,875,0,903,0.031007751937984496,0.0,0.9689922480620154
47,MALATIPUR,209A,19,0,354,0,373,0.05093833780160858,0.0,0.9490616621983914
47,MALATIPUR,20A,257,0,127,0,384,0.6692708333333334,0.0,0.3307291666666667
47,MALATIPUR,21,369,0,406,0,775,0.4761290322580645,0.0,0.5238709677419355
47,MALATIPUR,210,32,0,951,154,1137,0.028144239226033423,0.13544415127528583,0.8364116094986808
47,MALATIPUR,210A,6,0,552,0,558,0.010752688172043012,0.0,0.989247311827957
47,MALATIPUR,211,17,0,1061,0,1078,0.015769944341372914,0.0,0.9842300556586271
47,MALATIPUR,212,278,0,867,155,1300,0.21384615384615385,0.11923076923076924,0.666923076923077
47,MALATIPUR,213,225,0,1402,156,1783,0.1261918115535614,0.08749298934380258,0.786315199102636
47,MALATIPUR,214,420,0,866,157,1443,0.2910602910602911,0.1088011088011088,0.6001386001386001
47,MALATIPUR,215,336,0,879,0,1215,0.2765432098765432,0.0,0.7234567901234568
47,MALATIPUR,216,68,0,947,158,1173,0.057971014492753624,0.13469735720375106,0.8073316283034954
47,MALATIPUR,217,19,0,395,0,414,0.04589371980676329,0.0,0.9541062801932367
47,MALATIPUR,218,63,0,336,159,558,0.11290322580645161,0.2849462365591398,0.6021505376344086
47,MALATIPUR,219,53,0,375,0,428,0.12383177570093458,0.0,0.8761682242990654
47,MALATIPUR,22,462,0,154,0,616,0.75,0.0,0.25
47,MALATIPUR,220,194,0,476,160,830,0.23373493975903614,0.1927710843373494,0.5734939759036145
47,MALATIPUR,221,118,0,328,161,607,0.19439868204283361,0.2652388797364086,0.5403624382207578
47,MALATIPUR,222,108,0,455,0,563,0.19182948490230906,0.0,0.8081705150976909
47,MALATIPUR,223,139,0,450,162,751,0.18508655126498003,0.21571238348868177,0.5992010652463382
47,MALATIPUR,3,37,0,626,0,663,0.05580693815987934,0.0,0.9441930618401206
47,MALATIPUR,300,11,0,129,412,552,0.019927536231884056,0.7463768115942029,0.23369565217391305
47,MALATIPUR,301,14,0,121,460,595,0.023529411764705882,0.773109243697479,0.20336134453781513
47,MALATIPUR,302,265,0,117,335,717,0.3695955369595537,0.46722454672245467,0.16317991631799164
47,MALATIPUR,303,2,0,72,482,556,0.0035971223021582736,0.8669064748201439,0.12949640287769784
47,MALATIPUR,304,10,0,84,481,575,0.017391304347826087,0.8365217391304348,0.14608695652173914
47,MALATIPUR,305,7,0,99,331,437,0.016018306636155607,0.7574370709382151,0.22654462242562928
47,MALATIPUR,306,5,0,83,381,469,0.010660980810234541,0.8123667377398721,0.17697228144989338
47,MALATIPUR,307,13,0,209,623,845,0.015384615384615385,0.7372781065088757,0.24733727810650888
47,MALATIPUR,308,3,0,121,253,377,0.007957559681697613,0.6710875331564987,0.3209549071618037
47,MALATIPUR,309,8,0,75,409,492,0.016260162601626018,0.8313008130081301,0.1524390243902439
47,MALATIPUR,310,4,0,73,410,487,0.008213552361396304,0.8418891170431212,0.14989733059548255
47,MALATIPUR,311,5,0,125,415,545,0.009174311926605505,0.7614678899082569,0.22935779816513763
47,MALATIPUR,312,2,0,118,453,573,0.0034904013961605585,0.7905759162303665,0.20593368237347295
47,MALATIPUR,313,409,0,37,70,516,0.7926356589147286,0.13565891472868216,0.07170542635658915
47,MALATIPUR,314,398,0,47,68,513,0.7758284600389863,0.13255360623781676,0.09161793372319688
47,MALATIPUR,315,284,0,31,137,452,0.6283185840707964,0.3030973451327434,0.06858407079646017
47,MALATIPUR,316,151,0,74,289,514,0.29377431906614787,0.5622568093385214,0.14396887159533073
47,MALATIPUR,317,575,0,33,70,678,0.8480825958702065,0.10324483775811209,0.048672566371681415
47,MALATIPUR,318,11,0,104,543,658,0.016717325227963525,0.8252279635258358,0.1580547112462006
47,MALATIPUR,319,5,0,89,746,840,0.005952380952380952,0.888095238095238,0.10595238095238095
47,MALATIPUR,320,8,0,148,457,613,0.013050570962479609,0.7455138662316476,0.24143556280587275
47,MALATIPUR,321,9,0,102,384,495,0.01818181818181818,0.7757575757575758,0.20606060606060606
47,MALATIPUR,322,384,0,35,175,594,0.6464646464646465,0.2946127946127946,0.058922558922558925
47,MALATIPUR,4,6,0,585,0,591,0.01015228426395939,0.0,0.9898477157360406
47,MALATIPUR,5,31,0,462,0,493,0.06288032454361055,0.0,0.9371196754563894
47,MALATIPUR,52,2,0,549,0,551,0.003629764065335753,0.0,0.9963702359346642
47,MALATIPUR,52A,4,0,434,0,438,0.0091324200913242,0.0,0.9908675799086758
47,MALATIPUR,53,2,0,491,0,493,0.004056795131845842,0.0,0.9959432048681541
47,MALATIPUR,53A,2,0,489,0,491,0.004073319755600814,0.0,0.9959266802443992
47,MALATIPUR,54,2,0,517,0,519,0.0038535645472061657,0.0,0.9961464354527938
47,MALATIPUR,54A,1,0,553,0,554,0.0018050541516245488,0.0,0.9981949458483754
47,MALATIPUR,55,3,0,441,0,444,0.006756756756756757,0.0,0.9932432432432432
47,MALATIPUR,56,2,0,729,0,731,0.0027359781121751026,0.0,0.9972640218878249
47,MALATIPUR,57,2,0,799,0,801,0.0024968789013732834,0.0,0.9975031210986267
47,MALATIPUR,58,2,0,620,0,622,0.003215434083601286,0.0,0.9967845659163987
47,MALATIPUR,59,0,0,946,0,946,0.0,0.0,1.0
47,MALATIPUR,5A,200,0,241,0,441,0.45351473922902497,0.0,0.546485260770975
47,MALATIPUR,6,49,0,816,0,865,0.056647398843930635,0.0,0.9433526011560693
47,MALATIPUR,60,2,0,610,0,612,0.0032679738562091504,0.0,0.9967320261437909
47,MALATIPUR,61,1,0,767,0,768,0.0013020833333333333,0.0,0.9986979166666666
47,MALATIPUR,62,0,0,326,0,326,0.0,0.0,1.0
47,MALATIPUR,63,0,0,532,0,532,0.0,0.0,1.0
47,MALATIPUR,63A,0,0,412,0,412,0.0,0.0,1.0
47,MALATIPUR,64,1,0,517,0,518,0.0019305019305019305,0.0,0.9980694980694981
47,MALATIPUR,65,1,0,695,0,696,0.0014367816091954023,0.0,0.9985632183908046
47,MALATIPUR,66,1,0,908,0,909,0.0011001100110011,0.0,0.9988998899889989
47,MALATIPUR,67,0,0,650,0,650,0.0,0.0,1.0
47,MALATIPUR,68,0,0,507,0,507,0.0,0.0,1.0
47,MALATIPUR,68A,1,0,366,0,367,0.0027247956403269754,0.0,0.997275204359673
47,MALATIPUR,69,0,0,522,0,522,0.0,0.0,1.0
47,MALATIPUR,69A,0,0,515,0,515,0.0,0.0,1.0
47,MALATIPUR,7,26,0,551,0,577,0.045060658578856154,0.0,0.9549393414211439
47,MALATIPUR,70,1,0,493,0,494,0.0020242914979757085,0.0,0.9979757085020243
47,MALATIPUR,71,1,0,474,0,475,0.002105263157894737,0.0,0.9978947368421053
47,MALATIPUR,71A,1,0,433,0,434,0.002304147465437788,0.0,0.9976958525345622
47,MALATIPUR,72,1,0,846,0,847,0.0011806375442739079,0.0,0.9988193624557261
47,MALATIPUR,73,1,0,569,0,570,0.0017543859649122807,0.0,0.9982456140350877
47,MALATIPUR,74,1,0,521,0,522,0.0019157088122605363,0.0,0.9980842911877394
47,MALATIPUR,74A,1,0,555,0,556,0.0017985611510791368,0.0,0.9982014388489209
47,MALATIPUR,75,1,0,752,0,753,0.0013280212483399733,0.0,0.99867197875166
47,MALATIPUR,76,2,0,603,0,605,0.003305785123966942,0.0,0.996694214876033
47,MALATIPUR,77,0,0,557,0,557,0.0,0.0,1.0
47,MALATIPUR,78,1,0,724,0,725,0.001379310344827586,0.0,0.9986206896551724
47,MALATIPUR,79,1,0,742,0,743,0.0013458950201884253,0.0,0.9986541049798116
47,MALATIPUR,7A,198,0,392,0,590,0.33559322033898303,0.0,0.6644067796610169
47,MALATIPUR,8,173,0,296,0,469,0.36886993603411516,0.0,0.6311300639658849
47,MALATIPUR,80,1,0,863,0,864,0.0011574074074074073,0.0,0.9988425925925926
47,MALATIPUR,81,2,0,504,0,506,0.003952569169960474,0.0,0.9960474308300395
47,MALATIPUR,81A,8,0,479,0,487,0.01642710472279261,0.0,0.9835728952772074
47,MALATIPUR,82,2,0,534,0,536,0.0037313432835820895,0.0,0.996268656716418
47,MALATIPUR,82A,1,0,545,0,546,0.0018315018315018315,0.0,0.9981684981684982
47,MALATIPUR,83,3,0,447,0,450,0.006666666666666667,0.0,0.9933333333333333
47,MALATIPUR,84,5,0,466,0,471,0.010615711252653927,0.0,0.9893842887473461
47,MALATIPUR,84A,9,0,489,0,498,0.018072289156626505,0.0,0.9819277108433735
47,MALATIPUR,85,8,0,442,0,450,0.017777777777777778,0.0,0.9822222222222222
47,MALATIPUR,86,12,0,742,0,754,0.015915119363395226,0.0,0.9840848806366048
47,MALATIPUR,87,133,0,466,0,599,0.22203672787979967,0.0,0.7779632721202003
47,MALATIPUR,88,7,0,548,0,555,0.012612612612612612,0.0,0.9873873873873874
47,MALATIPUR,88A,7,0,558,0,565,0.012389380530973451,0.0,0.9876106194690265
47,MALATIPUR,89,179,0,401,0,580,0.3086206896551724,0.0,0.6913793103448276
47,MALATIPUR,9,28,0,764,0,792,0.03535353535353535,0.0,0.9646464646464646
47,MALATIPUR,90,19,0,850,0,869,0.02186421173762946,0.0,0.9781357882623706
47,MALATIPUR,91,403,0,374,0,777,0.5186615186615187,0.0,0.48133848133848134
47,MALATIPUR,92,25,0,446,0,471,0.05307855626326964,0.0,0.9469214437367304
47,MALATIPUR,92A,87,0,353,0,440,0.19772727272727272,0.0,0.8022727272727272
47,MALATIPUR,93,8,0,511,0,519,0.015414258188824663,0.0,0.9845857418111753
47,MALATIPUR,93A,6,0,466,0,472,0.012711864406779662,0.0,0.9872881355932204
47,MALATIPUR,94,15,0,730,0,745,0.020134228187919462,0.0,0.9798657718120806
47,MALATIPUR,95,461,0,359,0,820,0.5621951219512196,0.0,0.4378048780487805
47,MALATIPUR,96,12,0,767,0,779,0.01540436456996149,0.0,0.9845956354300385
47,MALATIPUR,97,175,0,519,0,694,0.2521613832853026,0.0,0.7478386167146974
47,MALATIPUR,98,20,0,597,0,617,0.03241491085899514,0.0,0.9675850891410048
47,MALATIPUR,99,247,0,177,0,424,0.5825471698113207,0.0,0.41745283018867924
48,,1,0,0,324,0,324,0.0,0.0,1.0
48,,10,0,0,420,0,420,0.0,0.0,1.0
48,,100,0,0,439,3,442,0.0,0.006787330316742082,0.9932126696832579
48,,101,72,0,456,3,531,0.13559322033898305,0.005649717514124294,0.8587570621468926
48,,102,0,0,386,4,390,0.0,0.010256410256410256,0.9897435897435898
48,,103,73,0,457,3,533,0.13696060037523453,0.005628517823639775,0.8574108818011257
48,,104,0,0,417,1,418,0.0,0.0023923444976076554,0.9976076555023924
48,,105,74,0,467,8,549,0.13479052823315119,0.014571948998178506,0.8506375227686703
48,,106,0,0,366,3,369,0.0,0.008130081300813009,0.991869918699187
48,,107,75,0,253,7,335,0.22388059701492538,0.020895522388059702,0.755223880597015
48,,108,0,0,395,6,401,0.0,0.014962593516209476,0.9850374064837906
48,,108A,0,0,501,0,501,0.0,0.0,1.0
48,,109,76,0,1152,15,1243,0.061142397425583264,0.012067578439259855,0.9267900241351569
48,,109A,0,0,417,0,417,0.0,0.0,1.0
48,,11,0,0,520,0,520,0.0,0.0,1.0
48,,110,77,0,901,1,979,0.07865168539325842,0.0010214504596527069,0.9203268641470889
48,,110A,0,0,410,0,410,0.0,0.0,1.0
48,,111,0,0,1035,6,1041,0.0,0.005763688760806916,0.9942363112391931
48,,112,78,0,874,2,954,0.08176100628930817,0.0020964360587002098,0.9161425576519916
48,,112A,0,0,425,0,425,0.0,0.0,1.0
48,,113,0,0,883,1,884,0.0,0.0011312217194570137,0.998868778280543
48,,113A,0,0,417,0,417,0.0,0.0,1.0
48,,114,79,0,1085,6,1170,0.06752136752136752,0.005128205128205128,0.9273504273504274
48,,114A,0,0,556,0,556,0.0,0.0,1.0
48,,115,0,0,425,5,430,0.0,0.011627906976744186,0.9883720930232558
48,,115A,0,0,556,0,556,0.0,0.0,1.0
48,,116,1,0,902,1,904,0.0011061946902654867,0.0011061946902654867,0.9977876106194691
48,,116A,0,0,595,0,595,0.0,0.0,1.0
48,,117,81,0,1018,4,1103,0.07343608340888486,0.003626473254759746,0.9229374433363554
48,,117A,0,0,786,0,786,0.0,0.0,1.0
48,,118,0,0,552,0,552,0.0,0.0,1.0
48,,118A,0,0,595,0,595,0.0,0.0,1.0
48,,119,83,0,1085,5,1173,0.07075873827791987,0.004262574595055414,0.9249786871270247
48,,12,0,0,465,0,465,0.0,0.0,1.0
48,,120,84,0,1155,2,1241,0.06768734891216761,0.0016116035455278,0.9307010475423045
48,,121,0,0,956,5,961,0.0,0.005202913631633715,0.9947970863683663
48,,122,85,0,55992,2,56079,0.0015157188965566433,3.56639740366269e-05,0.9984486171294067
48,,123,0,0,980,5,985,0.0,0.005076142131979695,0.9949238578680203
48,,123A,0,0,545,0,545,0.0,0.0,1.0
48,,124,86,0,1047,1,1134,0.07583774250440917,0.0008818342151675485,0.9232804232804233
48,,124A,0,0,364,0,364,0.0,0.0,1.0
48,,125,87,0,1237,3,1327,0.06556141672946496,0.002260738507912585,0.9321778447626224
48,,126,0,0,1125,4,1129,0.0,0.00354295837023915,0.9964570416297609
48,,127,88,0,567,494,1149,0.07658833768494343,0.4299390774586597,0.4934725848563969
48,,127A,0,0,467,0,467,0.0,0.0,1.0
48,,128,89,0,953,13,1055,0.08436018957345971,0.012322274881516588,0.9033175355450237
48,,128A,0,0,448,0,448,0.0,0.0,1.0
48,,129,90,0,2007,2,2099,0.04287756074321105,0.0009528346831824678,0.9561696045736064
48,,13,0,0,515,0,515,0.0,0.0,1.0
48,,130,0,0,833,2,835,0.0,0.0023952095808383233,0.9976047904191617
48,,130A,0,0,401,0,401,0.0,0.0,1.0
48,,131,91,0,1082,11,1184,0.07685810810810811,0.009290540540540541,0.9138513513513513
48,,132,92,0,651,8,751,0.12250332889480692,0.010652463382157125,0.8668442077230359
48,,132A,0,0,413,0,413,0.0,0.0,1.0
48,,133,93,0,896,7,996,0.09337349397590361,0.007028112449799197,0.8995983935742972
48,,134,0,0,486,4,490,0.0,0.00816326530612245,0.9918367346938776
48,,135,0,0,470,6,476,0.0,0.012605042016806723,0.9873949579831933
48,,136,0,0,26,18,44,0.0,0.4090909090909091,0.5909090909090909
48,,137,95,0,450,4,549,0.17304189435336975,0.007285974499089253,0.819672131147541
48,,138,96,0,437,1,534,0.1797752808988764,0.0018726591760299626,0.8183520599250936
48,,139,0,0,422,2,424,0.0,0.0047169811320754715,0.9952830188679245
48,,14,0,0,593,0,593,0.0,0.0,1.0
48,,140,97,0,566,5,668,0.14520958083832336,0.0074850299401197605,0.8473053892215568
48,,141,0,0,447,3,450,0.0,0.006666666666666667,0.9933333333333333
48,,142,98,0,529,4,631,0.15530903328050713,0.006339144215530904,0.838351822503962
48,,143,99,0,110,9,218,0.4541284403669725,0.04128440366972477,0.5045871559633027
48,,144,100,0,496,4,600,0.16666666666666666,0.006666666666666667,0.8266666666666667
48,,145,0,0,482,1,483,0.0,0.002070393374741201,0.9979296066252588
48,,146,101,0,482,3,586,0.17235494880546076,0.005119453924914676,0.8225255972696246
48,,147,0,0,454,5,459,0.0,0.010893246187363835,0.9891067538126361
48,,148,102,0,557,2,661,0.15431164901664146,0.0030257186081694403,0.8426626323751891
48,,149,0,0,576,4,580,0.0,0.006896551724137931,0.993103448275862
48,,15,0,0,2466,0,2466,0.0,0.0,1.0
48,,150,10,0,168,7,185,0.05405405405405406,0.03783783783783784,0.9081081081081082
48,,151,104,0,595,5,704,0.14772727272727273,0.007102272727272727,0.8451704545454546
48,,152,0,0,534,2,536,0.0,0.0037313432835820895,0.996268656716418
48,,153,105,0,432,0,537,0.19553072625698323,0.0,0.8044692737430168
48,,154,0,0,398,2,400,0.0,0.005,0.995
48,,155,106,0,545,1,652,0.16257668711656442,0.0015337423312883436,0.8358895705521472
48,,156,0,0,439,3,442,0.0,0.006787330316742082,0.9932126696832579
48,,157,107,0,391,1,499,0.21442885771543085,0.002004008016032064,0.7835671342685371
48,,158,0,0,392,3,395,0.0,0.007594936708860759,0.9924050632911392
48,,159,108,0,504,2,614,0.1758957654723127,0.003257328990228013,0.8208469055374593
48,,16,0,0,489,0,489,0.0,0.0,1.0
48,,17,0,0,509,0,509,0.0,0.0,1.0
48,,18,0,0,416,0,416,0.0,0.0,1.0
48,,19,0,0,716,0,716,0.0,0.0,1.0
48,,2,0,0,379,0,379,0.0,0.0,1.0
48,,20,0,0,1370,0,1370,0.0,0.0,1.0
48,,201,134,0,715,5,854,0.15690866510538642,0.00585480093676815,0.8372365339578455
48,,202,135,0,486,5,626,0.21565495207667731,0.007987220447284345,0.7763578274760383
48,,203,136,0,545,4,685,0.19854014598540146,0.00583941605839416,0.7956204379562044
48,,204,0,0,498,5,503,0.0,0.009940357852882704,0.9900596421471173
48,,205,137,0,665,3,805,0.1701863354037267,0.0037267080745341614,0.8260869565217391
48,,206,138,0,545,5,688,0.2005813953488372,0.007267441860465116,0.7921511627906976
48,,207,139,0,85,2,226,0.6150442477876106,0.008849557522123894,0.37610619469026546
48,,208,140,0,588,4,732,0.1912568306010929,0.00546448087431694,0.8032786885245902
48,,209,0,0,498,4,502,0.0,0.00796812749003984,0.9920318725099602
48,,21,0,0,688,0,688,0.0,0.0,1.0
48,,210,141,0,446,3,590,0.23898305084745763,0.005084745762711864,0.7559322033898305
48,,211,0,0,335,0,335,0.0,0.0,1.0
48,,212,142,0,509,2,653,0.21745788667687596,0.0030627871362940277,0.77947932618683
48,,213,0,0,415,0,415,0.0,0.0,1.0
48,,214,143,0,467,1,611,0.23404255319148937,0.0016366612111292963,0.7643207855973814
48,,215,0,0,402,2,404,0.0,0.0049504950495049506,0.995049504950495
48,,216,144,0,682,1,827,0.17412333736396615,0.0012091898428053204,0.8246674727932285
48,,217,145,0,505,5,655,0.22137404580152673,0.007633587786259542,0.7709923664122137
48,,218,0,0,475,1,476,0.0,0.0021008403361344537,0.9978991596638656
48,,219,146,0,509,3,658,0.22188449848024316,0.004559270516717325,0.7735562310030395
48,,22,0,0,382,0,382,0.0,0.0,1.0
48,,220,0,0,460,2,462,0.0,0.004329004329004329,0.9956709956709957
48,,221,147,0,662,3,812,0.1810344827586207,0.003694581280788177,0.8152709359605911
48,,222,148,0,523,1,672,0.22023809523809523,0.001488095238095238,0.7782738095238095
48,,223,149,0,794,3,946,0.15750528541226216,0.003171247357293869,0.8393234672304439
48,,224,150,0,548,2,700,0.21428571428571427,0.002857142857142857,0.7828571428571428
48,,225,0,0,547,1,548,0.0,0.0018248175182481751,0.9981751824817519
48,,226,151,0,682,4,837,0.18040621266427717,0.0047789725209080045,0.8148148148148148
48,,227,152,0,505,2,659,0.2306525037936267,0.0030349013657056147,0.7663125948406677
48,,228,0,0,3850,7,3857,0.0,0.0018148820326678765,0.9981851179673321
48,,229,153,0,595,6,754,0.20291777188328913,0.007957559681697613,0.7891246684350133
48,,23,0,0,327,0,327,0.0,0.0,1.0
48,,230,0,0,556,5,561,0.0,0.008912655971479501,0.9910873440285205
48,,231,154,0,433,6,593,0.2596964586846543,0.01011804384485666,0.730185497470489
48,,232,0,0,449,3,452,0.0,0.00663716814159292,0.9933628318584071
48,,233,155,0,536,3,694,0.22334293948126802,0.004322766570605188,0.7723342939481268
48,,234,0,0,507,2,509,0.0,0.003929273084479371,0.9960707269155207
48,,235,156,0,615,2,773,0.2018111254851229,0.00258732212160414,0.795601552393273
48,,236,0,0,548,1,549,0.0,0.0018214936247723133,0.9981785063752276
48,,237,157,0,659,2,818,0.19193154034229828,0.0024449877750611247,0.8056234718826406
48,,238,158,0,542,3,703,0.22475106685633,0.004267425320056899,0.7709815078236131
48,,239,159,0,630,5,794,0.20025188916876574,0.006297229219143577,0.7934508816120907
48,,24,0,0,537,0,537,0.0,0.0,1.0
48,,240,0,0,513,12,525,0.0,0.022857142857142857,0.9771428571428571
48,,241,160,0,5539,9,5708,0.02803083391730904,0.0015767344078486335,0.9703924316748423
48,,242,0,0,481,2,483,0.0,0.004140786749482402,0.9958592132505176
48,,243,161,0,534,3,698,0.23065902578796563,0.004297994269340974,0.7650429799426934
48,,244,0,0,454,6,460,0.0,0.013043478260869565,0.9869565217391304
48,,245,162,0,450,5,617,0.2625607779578606,0.008103727714748784,0.7293354943273906
48,,246,0,0,460,2,462,0.0,0.004329004329004329,0.9956709956709957
48,,247,163,0,312,3,478,0.3410041841004184,0.006276150627615063,0.6527196652719666
48,,248,0,0,419,1,420,0.0,0.002380952380952381,0.9976190476190476
48,,249,164,0,681,13,858,0.19114219114219114,0.015151515151515152,0.7937062937062938
48,,25,0,0,555,0,555,0.0,0.0,1.0
48,,250,165,0,753,7,925,0.1783783783783784,0.0075675675675675675,0.8140540540540541
48,,251,166,0,555,4,725,0.2289655172413793,0.005517241379310344,0.7655172413793103
48,,252,167,0,557,4,728,0.22939560439560439,0.005494505494505495,0.7651098901098901
48,,253,168,0,504,13,685,0.24525547445255474,0.01897810218978102,0.7357664233576642
48,,254,169,0,466,5,640,0.2640625,0.0078125,0.728125
48,,255,0,0,1848,4,1852,0.0,0.0021598272138228943,0.9978401727861771
48,,256,170,0,451,3,624,0.2724358974358974,0.004807692307692308,0.7227564102564102
48,,257,0,0,408,3,411,0.0,0.0072992700729927005,0.9927007299270073
48,,258,171,0,508,6,685,0.24963503649635035,0.008759124087591242,0.7416058394160584
48,,259,0,0,559,2,561,0.0,0.0035650623885918,0.9964349376114082
48,,26,0,0,574,0,574,0.0,0.0,1.0
48,,260,172,0,564,2,738,0.23306233062330622,0.0027100271002710027,0.7642276422764228
48,,261,173,0,517,8,698,0.24785100286532952,0.011461318051575931,0.7406876790830945
48,,262,174,0,495,7,676,0.257396449704142,0.010355029585798817,0.7322485207100592
48,,263,175,0,602,6,783,0.22349936143039592,0.007662835249042145,0.768837803320562
48,,264,176,0,384,4,564,0.3120567375886525,0.0070921985815602835,0.6808510638297872
48,,265,177,0,469,4,650,0.2723076923076923,0.006153846153846154,0.7215384615384616
48,,266,0,0,428,4,432,0.0,0.009259259259259259,0.9907407407407407
48,,267,178,0,720,2,900,0.19777777777777777,0.0022222222222222222,0.8
48,,268,179,0,657,2,838,0.21360381861575178,0.002386634844868735,0.7840095465393795
48,,269,180,0,429,5,614,0.2931596091205212,0.008143322475570033,0.6986970684039088
48,,27,0,0,503,0,503,0.0,0.0,1.0
48,,270,0,0,464,3,467,0.0,0.006423982869379015,0.9935760171306209
48,,271,181,0,765,4,950,0.19052631578947368,0.004210526315789474,0.8052631578947368
48,,272,182,0,639,0,821,0.22168087697929353,0.0,0.7783191230207065
48,,273,183,0,421,1,605,0.30247933884297523,0.001652892561983471,0.6958677685950413
48,,274,0,0,451,3,454,0.0,0.006607929515418502,0.9933920704845814
48,,275,184,0,589,2,775,0.23741935483870968,0.0025806451612903226,0.76
48,,276,185,0,683,9,877,0.21094640820980615,0.010262257696693273,0.7787913340935005
48,,277,186,0,599,8,793,0.23455233291298866,0.01008827238335435,0.755359394703657
48,,278,187,0,530,4,721,0.2593619972260749,0.005547850208044383,0.7350901525658807
48,,279,0,0,444,6,450,0.0,0.013333333333333334,0.9866666666666667
48,,28,0,0,450,0,450,0.0,0.0,1.0
48,,280,188,0,1139,5,1332,0.14114114114114115,0.0037537537537537537,0.8551051051051051
48,,281,189,0,394,8,591,0.3197969543147208,0.01353637901861252,0.6666666666666666
48,,282,0,0,345,5,350,0.0,0.014285714285714285,0.9857142857142858
48,,283,190,0,499,2,691,0.27496382054992763,0.002894356005788712,0.7221418234442837
48,,284,0,0,485,2,487,0.0,0.004106776180698152,0.9958932238193019
48,,285,191,0,556,4,751,0.25432756324900135,0.005326231691078562,0.7403462050599201
48,,286,192,0,543,0,735,0.2612244897959184,0.0,0.7387755102040816
48,,29,0,0,849,0,849,0.0,0.0,1.0
48,,3,0,0,431,0,431,0.0,0.0,1.0
48,,30,0,0,353,0,353,0.0,0.0,1.0
48,,30A,0,0,470,0,470,0.0,0.0,1.0
48,,31,0,0,785,0,785,0.0,0.0,1.0
48,,32,0,0,881,0,881,0.0,0.0,1.0
48,,33,0,0,427,0,427,0.0,0.0,1.0
48,,332,0,0,610,0,610,0.0,0.0,1.0
48,,333,0,0,390,0,390,0.0,0.0,1.0
48,,334,0,0,802,0,802,0.0,0.0,1.0
48,,335,0,0,510,0,510,0.0,0.0,1.0
48,,336,0,0,625,0,625,0.0,0.0,1.0
48,,337,0,0,434,0,434,0.0,0.0,1.0
48,,338,0,0,643,0,643,0.0,0.0,1.0
48,,339,0,0,961,0,961,0.0,0.0,1.0
48,,34,0,0,852,0,852,0.0,0.0,1.0
48,,340,0,0,747,0,747,0.0,0.0,1.0
48,,341,0,0,527,0,527,0.0,0.0,1.0
48,,342,0,0,852,0,852,0.0,0.0,1.0
48,,343,0,0,1292,0,1292,0.0,0.0,1.0
48,,344,0,0,694,0,694,0.0,0.0,1.0
48,,345,0,0,436,0,436,0.0,0.0,1.0
48,,346,0,0,556,0,556,0.0,0.0,1.0
48,,347,0,0,711,0,711,0.0,0.0,1.0
48,,348,0,0,458,0,458,0.0,0.0,1.0
48,,349,0,0,729,0,729,0.0,0.0,1.0
48,,35,0,0,466,0,466,0.0,0.0,1.0
48,,350,0,0,502,0,502,0.0,0.0,1.0
48,,351,0,0,736,0,736,0.0,0.0,1.0
48,,352,0,0,501,0,501,0.0,0.0,1.0
48,,353,0,0,1005,0,1005,0.0,0.0,1.0
48,,354,0,0,774,0,774,0.0,0.0,1.0
48,,355,0,0,5972,0,5972,0.0,0.0,1.0
48,,356,0,0,773,0,773,0.0,0.0,1.0
48,,357,0,0,1076,0,1076,0.0,0.0,1.0
48,,358,0,0,706,0,706,0.0,0.0,1.0
48,,359,0,0,485,0,485,0.0,0.0,1.0
48,,36,0,0,426,0,426,0.0,0.0,1.0
48,,360,0,0,961,0,961,0.0,0.0,1.0
48,,361,0,0,936,0,936,0.0,0.0,1.0
48,,362,0,0,674,0,674,0.0,0.0,1.0
48,,363,0,0,433,0,433,0.0,0.0,1.0
48,,364,0,0,924,0,924,0.0,0.0,1.0
48,,365,0,0,747,0,747,0.0,0.0,1.0
48,,366,0,0,739,0,739,0.0,0.0,1.0
48,,367,0,0,459,0,459,0.0,0.0,1.0
48,,368,0,0,802,0,802,0.0,0.0,1.0
48,,369,0,0,1019,0,1019,0.0,0.0,1.0
48,,37,0,0,598,0,598,0.0,0.0,1.0
48,,370,0,0,842,0,842,0.0,0.0,1.0
48,,371,0,0,513,0,513,0.0,0.0,1.0
48,,372,0,0,437,0,437,0.0,0.0,1.0
48,,373,0,0,723,0,723,0.0,0.0,1.0
48,,374,0,0,458,0,458,0.0,0.0,1.0
48,,375,0,0,569,0,569,0.0,0.0,1.0
48,,376,0,0,757,0,757,0.0,0.0,1.0
48,,38,0,0,580,0,580,0.0,0.0,1.0
48,,39,0,0,5169,0,5169,0.0,0.0,1.0
48,,4,0,0,461,0,461,0.0,0.0,1.0
48,,40,0,0,352,0,352,0.0,0.0,1.0
48,,41,0,0,492,0,492,0.0,0.0,1.0
48,,42,0,0,509,0,509,0.0,0.0,1.0
48,,43,0,0,6774,0,6774,0.0,0.0,1.0
48,,44,0,0,522,0,522,0.0,0.0,1.0
48,,45,0,0,427,0,427,0.0,0.0,1.0
48,,46,0,0,708,0,708,0.0,0.0,1.0
48,,47,0,0,467,0,467,0.0,0.0,1.0
48,,48,0,0,920,0,920,0.0,0.0,1.0
48,,49,0,0,75,0,75,0.0,0.0,1.0
48,,5,0,0,372,0,372,0.0,0.0,1.0
48,,50,0,0,717,0,717,0.0,0.0,1.0
48,,51,0,0,655,0,655,0.0,0.0,1.0
48,,52,0,0,603,0,603,0.0,0.0,1.0
48,,53,0,0,593,0,593,0.0,0.0,1.0
48,,54,0,0,512,0,512,0.0,0.0,1.0
48,,55,0,0,577,0,577,0.0,0.0,1.0
48,,56,0,0,530,0,530,0.0,0.0,1.0
48,,57,0,0,715,0,715,0.0,0.0,1.0
48,,58,0,0,584,0,584,0.0,0.0,1.0
48,,59,0,0,585,0,585,0.0,0.0,1.0
48,,6,0,0,781,0,781,0.0,0.0,1.0
48,,60,0,0,456,0,456,0.0,0.0,1.0
48,,61,0,0,527,0,527,0.0,0.0,1.0
48,,62,0,0,534,0,534,0.0,0.0,1.0
48,,63,0,0,102,0,102,0.0,0.0,1.0
48,,64,0,0,534,0,534,0.0,0.0,1.0
48,,65,0,0,583,0,583,0.0,0.0,1.0
48,,66,0,0,671,0,671,0.0,0.0,1.0
48,,67,0,0,485,0,485,0.0,0.0,1.0
48,,68,0,0,344,0,344,0.0,0.0,1.0
48,,69,0,0,571,0,571,0.0,0.0,1.0
48,,7,0,0,548,0,548,0.0,0.0,1.0
48,,70,0,0,394,0,394,0.0,0.0,1.0
48,,71,0,0,531,0,531,0.0,0.0,1.0
48,,72,0,0,680,0,680,0.0,0.0,1.0
48,,73,0,0,546,0,546,0.0,0.0,1.0
48,,74,0,0,426,0,426,0.0,0.0,1.0
48,,75,0,0,505,0,505,0.0,0.0,1.0
48,,76,0,0,438,0,438,0.0,0.0,1.0
48,,78,57,0,449,2,508,0.11220472440944881,0.003937007874015748,0.8838582677165354
48,,79,58,0,430,4,492,0.11788617886178862,0.008130081300813009,0.8739837398373984
48,,8,0,0,419,0,419,0.0,0.0,1.0
48,,80,0,0,393,4,397,0.0,0.010075566750629723,0.9899244332493703
48,,81,59,0,432,5,496,0.11895161290322581,0.010080645161290322,0.8709677419354839
48,,82,0,0,498,4,502,0.0,0.00796812749003984,0.9920318725099602
48,,83,60,0,583,2,645,0.09302325581395349,0.0031007751937984496,0.9038759689922481
48,,84,61,0,370,2,433,0.14087759815242495,0.004618937644341801,0.8545034642032333
48,,85,0,0,342,2,344,0.0,0.005813953488372093,0.9941860465116279
48,,86,62,0,755,2,819,0.0757020757020757,0.002442002442002442,0.9218559218559218
48,,87,63,0,423,1,487,0.1293634496919918,0.002053388090349076,0.8685831622176592
48,,88,0,0,439,6,445,0.0,0.01348314606741573,0.9865168539325843
48,,89,64,0,443,2,509,0.12573673870333987,0.003929273084479371,0.8703339882121808
48,,9,0,0,651,0,651,0.0,0.0,1.0
48,,90,0,0,369,11,380,0.0,0.02894736842105263,0.9710526315789474
48,,91,65,0,482,5,552,0.11775362318840579,0.009057971014492754,0.8731884057971014
48,,92,0,0,296,3,299,0.0,0.010033444816053512,0.9899665551839465
48,,93,66,0,491,6,563,0.1172291296625222,0.010657193605683837,0.872113676731794
48,,94,0,0,488,4,492,0.0,0.008130081300813009,0.991869918699187
48,,95,67,0,515,2,584,0.11472602739726027,0.003424657534246575,0.8818493150684932
48,,96,68,0,558,6,632,0.10759493670886076,0.00949367088607595,0.8829113924050633
48,,97,69,0,600,11,680,0.10147058823529412,0.016176470588235296,0.8823529411764706
48,,98,70,0,536,1,607,0.11532125205930807,0.0016474464579901153,0.8830313014827018
48,,99,71,0,476,1,548,0.12956204379562045,0.0018248175182481751,0.8686131386861314
49,MANIKCHAK,1,0,0,1,0,1,0.0,0.0,1.0
49,MANIKCHAK,10,0,0,8,0,8,0.0,0.0,1.0
49,MANIKCHAK,100,0,0,754,3,757,0.0,0.003963011889035667,0.9960369881109643
49,MANIKCHAK,101,0,0,821,4,825,0.0,0.0048484848484848485,0.9951515151515151
49,MANIKCHAK,102,0,0,781,5,786,0.0,0.006361323155216285,0.9936386768447837
49,MANIKCHAK,103,0,0,701,2,703,0.0,0.002844950213371266,0.9971550497866287
49,MANIKCHAK,104,0,0,774,4,778,0.0,0.005141388174807198,0.9948586118251928
49,MANIKCHAK,105,0,0,437,6,443,0.0,0.013544018058690745,0.9864559819413092
49,MANIKCHAK,105A,0,0,366,4,370,0.0,0.010810810810810811,0.9891891891891892
49,MANIKCHAK,106,0,0,791,3,794,0.0,0.003778337531486146,0.9962216624685138
49,MANIKCHAK,107,0,0,585,3,588,0.0,0.00510204081632653,0.9948979591836735
49,MANIKCHAK,107A,0,0,585,4,589,0.0,0.006791171477079796,0.9932088285229203
49,MANIKCHAK,108,0,0,720,2,722,0.0,0.002770083102493075,0.997229916897507
49,MANIKCHAK,109,0,0,558,0,558,0.0,0.0,1.0
49,MANIKCHAK,109A,0,0,489,4,493,0.0,0.008113590263691683,0.9918864097363083
49,MANIKCHAK,11,0,0,9,0,9,0.0,0.0,1.0
49,MANIKCHAK,110,0,0,615,4,619,0.0,0.006462035541195477,0.9935379644588045
49,MANIKCHAK,110A,0,0,532,1,533,0.0,0.001876172607879925,0.99812382739212
49,MANIKCHAK,111,0,0,578,6,584,0.0,0.010273972602739725,0.9897260273972602
49,MANIKCHAK,111A,0,0,548,2,550,0.0,0.0036363636363636364,0.9963636363636363
49,MANIKCHAK,112,0,0,669,1,670,0.0,0.0014925373134328358,0.9985074626865672
49,MANIKCHAK,113,0,0,570,2,572,0.0,0.0034965034965034965,0.9965034965034965
49,MANIKCHAK,114,0,0,569,2,571,0.0,0.0035026269702276708,0.9964973730297724
49,MANIKCHAK,114A,0,0,498,2,500,0.0,0.004,0.996
49,MANIKCHAK,115,0,0,508,1,509,0.0,0.0019646365422396855,0.9980353634577603
49,MANIKCHAK,115A,0,0,427,1,428,0.0,0.002336448598130841,0.9976635514018691
49,MANIKCHAK,116,0,0,557,2,559,0.0,0.0035778175313059034,0.9964221824686941
49,MANIKCHAK,117,0,0,744,6,750,0.0,0.008,0.992
49,MANIKCHAK,118,0,0,497,5,502,0.0,0.0099601593625498,0.9900398406374502
49,MANIKCHAK,118A,0,0,424,2,426,0.0,0.004694835680751174,0.9953051643192489
49,MANIKCHAK,119,0,0,813,0,813,0.0,0.0,1.0
49,MANIKCHAK,12,0,0,10,0,10,0.0,0.0,1.0
49,MANIKCHAK,120,0,0,671,1,672,0.0,0.001488095238095238,0.9985119047619048
49,MANIKCHAK,121,0,0,551,5,556,0.0,0.008992805755395683,0.9910071942446043
49,MANIKCHAK,121A,0,0,519,3,522,0.0,0.005747126436781609,0.9942528735632183
49,MANIKCHAK,122,0,0,530,5,535,0.0,0.009345794392523364,0.9906542056074766
49,MANIKCHAK,122A,0,0,445,2,447,0.0,0.0044742729306487695,0.9955257270693513
49,MANIKCHAK,123,0,0,435,8,443,0.0,0.01805869074492099,0.981941309255079
49,MANIKCHAK,123A,0,0,425,4,429,0.0,0.009324009324009324,0.9906759906759907
49,MANIKCHAK,124,0,0,480,0,480,0.0,0.0,1.0
49,MANIKCHAK,124A,0,0,463,0,463,0.0,0.0,1.0
49,MANIKCHAK,125,0,0,516,0,516,0.0,0.0,1.0
49,MANIKCHAK,125A,0,0,540,0,540,0.0,0.0,1.0
49,MANIKCHAK,126,0,0,856,0,856,0.0,0.0,1.0
49,MANIKCHAK,127,0,0,541,0,541,0.0,0.0,1.0
49,MANIKCHAK,127A,0,0,528,0,528,0.0,0.0,1.0
49,MANIKCHAK,128,0,0,714,0,714,0.0,0.0,1.0
49,MANIKCHAK,129,0,0,806,0,806,0.0,0.0,1.0
49,MANIKCHAK,130,0,0,591,0,591,0.0,0.0,1.0
49,MANIKCHAK,130A,0,0,549,0,549,0.0,0.0,1.0
49,MANIKCHAK,131,0,0,436,0,436,0.0,0.0,1.0
49,MANIKCHAK,131A,0,0,446,0,446,0.0,0.0,1.0
49,MANIKCHAK,132,0,0,797,0,797,0.0,0.0,1.0
49,MANIKCHAK,133,0,0,751,0,751,0.0,0.0,1.0
49,MANIKCHAK,134,0,0,458,0,458,0.0,0.0,1.0
49,MANIKCHAK,134A,0,0,425,0,425,0.0,0.0,1.0
49,MANIKCHAK,135,0,0,531,0,531,0.0,0.0,1.0
49,MANIKCHAK,135A,0,0,483,0,483,0.0,0.0,1.0
49,MANIKCHAK,136,0,0,621,0,621,0.0,0.0,1.0
49,MANIKCHAK,137,0,0,526,0,526,0.0,0.0,1.0
49,MANIKCHAK,138,0,0,515,0,515,0.0,0.0,1.0
49,MANIKCHAK,138A,0,0,432,0,432,0.0,0.0,1.0
49,MANIKCHAK,139,0,0,468,0,468,0.0,0.0,1.0
49,MANIKCHAK,139A,0,0,453,0,453,0.0,0.0,1.0
49,MANIKCHAK,14,0,0,11,0,11,0.0,0.0,1.0
49,MANIKCHAK,140,0,0,491,0,491,0.0,0.0,1.0
49,MANIKCHAK,140A,0,0,508,0,508,0.0,0.0,1.0
49,MANIKCHAK,141,0,0,775,0,775,0.0,0.0,1.0
49,MANIKCHAK,142,0,0,479,0,479,0.0,0.0,1.0
49,MANIKCHAK,142A,0,0,454,0,454,0.0,0.0,1.0
49,MANIKCHAK,143,0,0,810,0,810,0.0,0.0,1.0
49,MANIKCHAK,144,0,0,728,0,728,0.0,0.0,1.0
49,MANIKCHAK,145,0,0,656,0,656,0.0,0.0,1.0
49,MANIKCHAK,146,0,0,573,0,573,0.0,0.0,1.0
49,MANIKCHAK,147,0,0,510,0,510,0.0,0.0,1.0
49,MANIKCHAK,147A,0,0,442,0,442,0.0,0.0,1.0
49,MANIKCHAK,148,0,0,527,0,527,0.0,0.0,1.0
49,MANIKCHAK,148A,0,0,327,0,327,0.0,0.0,1.0
49,MANIKCHAK,149,0,0,564,0,564,0.0,0.0,1.0
49,MANIKCHAK,149A,0,0,459,462,921,0.0,0.501628664495114,0.498371335504886
49,MANIKCHAK,150,0,0,769,8,777,0.0,0.010296010296010296,0.9897039897039897
49,MANIKCHAK,151,0,0,689,3,692,0.0,0.004335260115606936,0.9956647398843931
49,MANIKCHAK,152,0,0,772,5,777,0.0,0.006435006435006435,0.9935649935649936
49,MANIKCHAK,153A,0,0,527,1,528,0.0,0.001893939393939394,0.9981060606060606
49,MANIKCHAK,154,0,0,652,1,653,0.0,0.0015313935681470138,0.998468606431853
49,MANIKCHAK,154A,0,0,640,4,644,0.0,0.006211180124223602,0.9937888198757764
49,MANIKCHAK,155,0,0,528,0,528,0.0,0.0,1.0
49,MANIKCHAK,156,0,0,498,1,499,0.0,0.002004008016032064,0.9979959919839679
49,MANIKCHAK,156A,0,0,440,4,444,0.0,0.009009009009009009,0.990990990990991
49,MANIKCHAK,157,0,0,453,1,454,0.0,0.0022026431718061676,0.9977973568281938
49,MANIKCHAK,158,0,0,829,3,832,0.0,0.003605769230769231,0.9963942307692307
49,MANIKCHAK,159,0,0,539,4,543,0.0,0.007366482504604052,0.992633517495396
49,MANIKCHAK,159A,0,0,508,2,510,0.0,0.00392156862745098,0.996078431372549
49,MANIKCHAK,16,0,0,12,0,12,0.0,0.0,1.0
49,MANIKCHAK,160,0,0,529,1,530,0.0,0.0018867924528301887,0.9981132075471698
49,MANIKCHAK,160A,0,0,478,1,479,0.0,0.0020876826722338203,0.9979123173277662
49,MANIKCHAK,161,0,0,597,2,599,0.0,0.00333889816360601,0.996661101836394
49,MANIKCHAK,161A,0,0,610,0,610,0.0,0.0,1.0
49,MANIKCHAK,162,0,0,578,4,582,0.0,0.006872852233676976,0.993127147766323
49,MANIKCHAK,163,0,0,384,3,387,0.0,0.007751937984496124,0.9922480620155039
49,MANIKCHAK,164,0,0,559,1,560,0.0,0.0017857142857142857,0.9982142857142857
49,MANIKCHAK,164A,0,0,485,0,485,0.0,0.0,1.0
49,MANIKCHAK,165,0,0,225,0,225,0.0,0.0,1.0
49,MANIKCHAK,166,0,0,527,7,534,0.0,0.013108614232209739,0.9868913857677902
49,MANIKCHAK,166A,0,0,528,8,536,0.0,0.014925373134328358,0.9850746268656716
49,MANIKCHAK,167,0,0,705,2,707,0.0,0.002828854314002829,0.9971711456859972
49,MANIKCHAK,168,0,0,812,1,813,0.0,0.0012300123001230013,0.998769987699877
49,MANIKCHAK,169,0,0,444,0,444,0.0,0.0,1.0
49,MANIKCHAK,170,0,0,478,3,481,0.0,0.006237006237006237,0.9937629937629938
49,MANIKCHAK,170A,0,0,491,4,495,0.0,0.00808080808080808,0.9919191919191919
49,MANIKCHAK,171,0,0,568,3,571,0.0,0.005253940455341506,0.9947460595446584
49,MANIKCHAK,171A,0,0,473,2,475,0.0,0.004210526315789474,0.9957894736842106
49,MANIKCHAK,172,0,0,673,3,676,0.0,0.004437869822485207,0.9955621301775148
49,MANIKCHAK,173,0,0,443,4,447,0.0,0.008948545861297539,0.9910514541387024
49,MANIKCHAK,173A,0,0,434,4,438,0.0,0.0091324200913242,0.9908675799086758
49,MANIKCHAK,174,0,0,641,1,642,0.0,0.001557632398753894,0.9984423676012462
49,MANIKCHAK,174A,0,0,594,1,595,0.0,0.0016806722689075631,0.9983193277310924
49,MANIKCHAK,175,0,0,730,8,738,0.0,0.01084010840108401,0.989159891598916
49,MANIKCHAK,176,0,0,682,7,689,0.0,0.010159651669085631,0.9898403483309144
49,MANIKCHAK,177,0,0,566,3,569,0.0,0.005272407732864675,0.9947275922671354
49,MANIKCHAK,178,0,0,488,5,493,0.0,0.010141987829614604,0.9898580121703854
49,MANIKCHAK,178A,0,0,512,9,521,0.0,0.01727447216890595,0.982725527831094
49,MANIKCHAK,179,0,0,613,6,619,0.0,0.009693053311793215,0.9903069466882067
49,MANIKCHAK,179A,0,0,543,4,547,0.0,0.007312614259597806,0.9926873857404022
49,MANIKCHAK,18,0,0,13,0,13,0.0,0.0,1.0
49,MANIKCHAK,180,0,0,785,12,797,0.0,0.015056461731493099,0.9849435382685069
49,MANIKCHAK,181,0,0,673,9,682,0.0,0.013196480938416423,0.9868035190615836
49,MANIKCHAK,182,0,0,819,7,826,0.0,0.00847457627118644,0.9915254237288136
49,MANIKCHAK,183,0,0,540,8,548,0.0,0.014598540145985401,0.9854014598540146
49,MANIKCHAK,183A,0,0,443,8,451,0.0,0.017738359201773836,0.9822616407982262
49,MANIKCHAK,184,0,0,581,5,586,0.0,0.008532423208191127,0.9914675767918089
49,MANIKCHAK,185,0,0,571,8,579,0.0,0.013816925734024179,0.9861830742659758
49,MANIKCHAK,186,0,0,586,7,593,0.0,0.011804384485666104,0.9881956155143339
49,MANIKCHAK,186A,0,0,546,8,554,0.0,0.01444043321299639,0.9855595667870036
49,MANIKCHAK,187,0,0,496,11,507,0.0,0.021696252465483234,0.9783037475345168
49,MANIKCHAK,187A,0,0,431,8,439,0.0,0.018223234624145785,0.9817767653758542
49,MANIKCHAK,188,0,0,528,8,536,0.0,0.014925373134328358,0.9850746268656716
49,MANIKCHAK,188A,0,0,514,2,516,0.0,0.003875968992248062,0.9961240310077519
49,MANIKCHAK,189,0,0,409,2,411,0.0,0.004866180048661801,0.9951338199513382
49,MANIKCHAK,189A,0,0,439,11,450,0.0,0.024444444444444446,0.9755555555555555
49,MANIKCHAK,19,0,0,14,0,14,0.0,0.0,1.0
49,MANIKCHAK,190,0,0,777,12,789,0.0,0.015209125475285171,0.9847908745247148
49,MANIKCHAK,191,0,0,788,21,809,0.0,0.02595797280593325,0.9740420271940667
49,MANIKCHAK,192,0,0,347,1,348,0.0,0.0028735632183908046,0.9971264367816092
49,MANIKCHAK,192A,0,0,387,2,389,0.0,0.005141388174807198,0.9948586118251928
49,MANIKCHAK,193,0,0,445,1,446,0.0,0.002242152466367713,0.9977578475336323
49,MANIKCHAK,194,0,0,575,4,579,0.0,0.0069084628670120895,0.9930915371329879
49,MANIKCHAK,195,0,0,716,6,722,0.0,0.008310249307479225,0.9916897506925207
49,MANIKCHAK,196,0,0,811,11,822,0.0,0.01338199513381995,0.98661800486618
49,MANIKCHAK,197,0,0,701,8,709,0.0,0.011283497884344146,0.9887165021156559
49,MANIKCHAK,198,0,0,513,2,515,0.0,0.003883495145631068,0.996116504854369
49,MANIKCHAK,199,0,0,842,19,861,0.0,0.022067363530778164,0.9779326364692218
49,MANIKCHAK,2,0,0,2,0,2,0.0,0.0,1.0
49,MANIKCHAK,20,0,0,15,0,15,0.0,0.0,1.0
49,MANIKCHAK,200,0,0,346,1,347,0.0,0.002881844380403458,0.9971181556195965
49,MANIKCHAK,201,0,0,521,7,528,0.0,0.013257575757575758,0.9867424242424242
49,MANIKCHAK,201A,0,0,479,5,484,0.0,0.010330578512396695,0.9896694214876033
49,MANIKCHAK,202,0,0,802,10,812,0.0,0.012315270935960592,0.9876847290640394
49,MANIKCHAK,203,0,0,697,12,709,0.0,0.01692524682651622,0.9830747531734838
49,MANIKCHAK,204A,0,0,777,0,777,0.0,0.0,1.0
49,MANIKCHAK,22,0,0,16,0,16,0.0,0.0,1.0
49,MANIKCHAK,23,0,0,17,0,17,0.0,0.0,1.0
49,MANIKCHAK,24,0,0,585,0,585,0.0,0.0,1.0
49,MANIKCHAK,24A,0,0,551,0,551,0.0,0.0,1.0
49,MANIKCHAK,25,0,0,700,0,700,0.0,0.0,1.0
49,MANIKCHAK,25A,0,0,671,0,671,0.0,0.0,1.0
49,MANIKCHAK,26,0,0,558,0,558,0.0,0.0,1.0
49,MANIKCHAK,26A,0,0,500,0,500,0.0,0.0,1.0
49,MANIKCHAK,27,0,0,590,0,590,0.0,0.0,1.0
49,MANIKCHAK,27A,0,0,526,0,526,0.0,0.0,1.0
49,MANIKCHAK,28,0,0,541,0,541,0.0,0.0,1.0
49,MANIKCHAK,28A,0,0,463,0,463,0.0,0.0,1.0
49,MANIKCHAK,29,0,0,596,0,596,0.0,0.0,1.0
49,MANIKCHAK,29A,0,0,499,0,499,0.0,0.0,1.0
49,MANIKCHAK,3,0,0,3,0,3,0.0,0.0,1.0
49,MANIKCHAK,30,0,0,453,0,453,0.0,0.0,1.0
49,MANIKCHAK,301,0,0,1120,2,1122,0.0,0.0017825311942959,0.9982174688057041
49,MANIKCHAK,302,0,0,733,8,741,0.0,0.010796221322537112,0.9892037786774629
49,MANIKCHAK,303,0,0,517,3,520,0.0,0.0057692307692307696,0.9942307692307693
49,MANIKCHAK,304,0,0,923,7,930,0.0,0.007526881720430108,0.9924731182795699
49,MANIKCHAK,305,0,0,726,6,732,0.0,0.00819672131147541,0.9918032786885246
49,MANIKCHAK,306,0,0,777,1,778,0.0,0.0012853470437017994,0.9987146529562982
49,MANIKCHAK,307,0,0,469,3,472,0.0,0.006355932203389831,0.9936440677966102
49,MANIKCHAK,308,0,0,749,4,753,0.0,0.005312084993359893,0.9946879150066401
49,MANIKCHAK,309,0,0,442,7,449,0.0,0.015590200445434299,0.9844097995545658
49,MANIKCHAK,30A,0,0,428,0,428,0.0,0.0,1.0
49,MANIKCHAK,31,0,0,544,0,544,0.0,0.0,1.0
49,MANIKCHAK,310,0,0,965,6,971,0.0,0.006179196704428424,0.9938208032955715
49,MANIKCHAK,311,0,0,888,11,899,0.0,0.012235817575083427,0.9877641824249166
49,MANIKCHAK,312,0,0,704,4,708,0.0,0.005649717514124294,0.9943502824858758
49,MANIKCHAK,313,0,0,474,7,481,0.0,0.014553014553014554,0.9854469854469855
49,MANIKCHAK,314,0,0,1003,5,1008,0.0,0.00496031746031746,0.9950396825396826
49,MANIKCHAK,315,0,0,681,3,684,0.0,0.0043859649122807015,0.9956140350877193
49,MANIKCHAK,316,0,0,440,0,440,0.0,0.0,1.0
49,MANIKCHAK,317,0,0,1003,7,1010,0.0,0.006930693069306931,0.9930693069306931
49,MANIKCHAK,318,0,0,692,3,695,0.0,0.004316546762589928,0.99568345323741
49,MANIKCHAK,319,0,0,503,9,512,0.0,0.017578125,0.982421875
49,MANIKCHAK,31A,0,0,466,0,466,0.0,0.0,1.0
49,MANIKCHAK,32,0,0,487,0,487,0.0,0.0,1.0
49,MANIKCHAK,320,0,0,899,5,904,0.0,0.0055309734513274336,0.9944690265486725
49,MANIKCHAK,321,0,0,1006,9,1015,0.0,0.008866995073891626,0.9911330049261083
49,MANIKCHAK,322,0,0,821,5,826,0.0,0.006053268765133172,0.9939467312348669
49,MANIKCHAK,323,0,0,1148,12,1160,0.0,0.010344827586206896,0.9896551724137931
49,MANIKCHAK,324,0,0,986,4,990,0.0,0.00404040404040404,0.9959595959595959
49,MANIKCHAK,325,0,0,759,3,762,0.0,0.003937007874015748,0.9960629921259843
49,MANIKCHAK,326,0,0,561,4,565,0.0,0.007079646017699115,0.9929203539823008
49,MANIKCHAK,327,0,0,794,2,796,0.0,0.002512562814070352,0.9974874371859297
49,MANIKCHAK,328,0,0,849,7,856,0.0,0.008177570093457943,0.991822429906542
49,MANIKCHAK,329,0,0,435,0,435,0.0,0.0,1.0
49,MANIKCHAK,32A,0,0,389,0,389,0.0,0.0,1.0
49,MANIKCHAK,33,0,0,812,0,812,0.0,0.0,1.0
49,MANIKCHAK,330,0,0,735,2,737,0.0,0.0027137042062415195,0.9972862957937585
49,MANIKCHAK,331,0,0,523,4,527,0.0,0.007590132827324478,0.9924098671726755
49,MANIKCHAK,332,0,0,747,4,751,0.0,0.005326231691078562,0.9946737683089214
49,MANIKCHAK,333,0,0,472,0,472,0.0,0.0,1.0
49,MANIKCHAK,334,0,0,722,6,728,0.0,0.008241758241758242,0.9917582417582418
49,MANIKCHAK,335,0,0,494,5,499,0.0,0.01002004008016032,0.9899799599198397
49,MANIKCHAK,336,0,0,717,4,721,0.0,0.005547850208044383,0.9944521497919556
49,MANIKCHAK,337,0,0,421,4,425,0.0,0.009411764705882352,0.9905882352941177
49,MANIKCHAK,338,0,0,282,3,285,0.0,0.010526315789473684,0.9894736842105263
49,MANIKCHAK,339,0,0,593,4,597,0.0,0.006700167504187605,0.9932998324958124
49,MANIKCHAK,34,0,0,475,0,475,0.0,0.0,1.0
49,MANIKCHAK,340,0,0,1154,2,1156,0.0,0.0017301038062283738,0.9982698961937716
49,MANIKCHAK,341,0,0,1059,7,1066,0.0,0.006566604127579738,0.9934333958724203
49,MANIKCHAK,342,0,0,1078,3,1081,0.0,0.0027752081406105457,0.9972247918593895
49,MANIKCHAK,343,0,0,1002,6,1008,0.0,0.005952380952380952,0.9940476190476191
49,MANIKCHAK,344,0,0,999,4,1003,0.0,0.003988035892323031,0.996011964107677
49,MANIKCHAK,345,0,0,878,3,881,0.0,0.00340522133938706,0.996594778660613
49,MANIKCHAK,346,0,0,813,5,818,0.0,0.006112469437652812,0.9938875305623472
49,MANIKCHAK,347,0,0,574,3,577,0.0,0.005199306759098787,0.9948006932409013
49,MANIKCHAK,348,0,0,626,3,629,0.0,0.0047694753577106515,0.9952305246422893
49,MANIKCHAK,349,0,0,421,2,423,0.0,0.004728132387706856,0.9952718676122931
49,MANIKCHAK,34A,0,0,440,0,440,0.0,0.0,1.0
49,MANIKCHAK,35,0,0,798,0,798,0.0,0.0,1.0
49,MANIKCHAK,350,0,0,726,1,727,0.0,0.001375515818431912,0.9986244841815681
49,MANIKCHAK,351,0,0,356,0,356,0.0,0.0,1.0
49,MANIKCHAK,352,0,0,741,6,747,0.0,0.008032128514056224,0.9919678714859438
49,MANIKCHAK,353,0,0,527,6,533,0.0,0.01125703564727955,0.9887429643527205
49,MANIKCHAK,354,0,0,720,9,729,0.0,0.012345679012345678,0.9876543209876543
49,MANIKCHAK,355,0,0,449,6,455,0.0,0.013186813186813187,0.9868131868131869
49,MANIKCHAK,36,0,0,682,0,682,0.0,0.0,1.0
49,MANIKCHAK,37,0,0,644,0,644,0.0,0.0,1.0
49,MANIKCHAK,38,0,0,672,0,672,0.0,0.0,1.0
49,MANIKCHAK,39,0,0,615,0,615,0.0,0.0,1.0
49,MANIKCHAK,39A,0,0,590,0,590,0.0,0.0,1.0
49,MANIKCHAK,4,0,0,4,0,4,0.0,0.0,1.0
49,MANIKCHAK,40,0,0,784,0,784,0.0,0.0,1.0
49,MANIKCHAK,41,0,0,824,0,824,0.0,0.0,1.0
49,MANIKCHAK,42,0,0,501,0,501,0.0,0.0,1.0
49,MANIKCHAK,42A,0,0,467,0,467,0.0,0.0,1.0
49,MANIKCHAK,43,0,0,539,0,539,0.0,0.0,1.0
49,MANIKCHAK,43A,0,0,465,0,465,0.0,0.0,1.0
49,MANIKCHAK,44,0,0,449,0,449,0.0,0.0,1.0
49,MANIKCHAK,44A,0,0,440,0,440,0.0,0.0,1.0
49,MANIKCHAK,45,0,0,536,0,536,0.0,0.0,1.0
49,MANIKCHAK,45A,0,0,466,0,466,0.0,0.0,1.0
49,MANIKCHAK,46,0,0,1025,0,1025,0.0,0.0,1.0
49,MANIKCHAK,47,0,0,730,0,730,0.0,0.0,1.0
49,MANIKCHAK,48,0,0,653,0,653,0.0,0.0,1.0
49,MANIKCHAK,49,0,0,508,0,508,0.0,0.0,1.0
49,MANIKCHAK,50,0,0,504,0,504,0.0,0.0,1.0
49,MANIKCHAK,50A,0,0,603,0,603,0.0,0.0,1.0
49,MANIKCHAK,51,0,0,419,0,419,0.0,0.0,1.0
49,MANIKCHAK,51A,0,0,406,0,406,0.0,0.0,1.0
49,MANIKCHAK,52,0,0,801,0,801,0.0,0.0,1.0
49,MANIKCHAK,53,0,0,667,0,667,0.0,0.0,1.0
49,MANIKCHAK,54,0,0,604,0,604,0.0,0.0,1.0
49,MANIKCHAK,54A,0,0,512,0,512,0.0,0.0,1.0
49,MANIKCHAK,55,0,0,843,0,843,0.0,0.0,1.0
49,MANIKCHAK,56,0,0,492,0,492,0.0,0.0,1.0
49,MANIKCHAK,56A,0,0,489,0,489,0.0,0.0,1.0
49,MANIKCHAK,57,0,0,534,0,534,0.0,0.0,1.0
49,MANIKCHAK,57A,0,0,524,0,524,0.0,0.0,1.0
49,MANIKCHAK,58,0,0,586,0,586,0.0,0.0,1.0
49,MANIKCHAK,58A,0,0,535,0,535,0.0,0.0,1.0
49,MANIKCHAK,59,0,0,738,0,738,0.0,0.0,1.0
49,MANIKCHAK,6,0,0,5,0,5,0.0,0.0,1.0
49,MANIKCHAK,60,0,0,643,0,643,0.0,0.0,1.0
49,MANIKCHAK,61,0,0,507,0,507,0.0,0.0,1.0
49,MANIKCHAK,61A,0,0,497,0,497,0.0,0.0,1.0
49,MANIKCHAK,62,0,0,582,0,582,0.0,0.0,1.0
49,MANIKCHAK,62A,0,0,498,0,498,0.0,0.0,1.0
49,MANIKCHAK,63,0,0,589,0,589,0.0,0.0,1.0
49,MANIKCHAK,64,0,0,517,0,517,0.0,0.0,1.0
49,MANIKCHAK,64A,0,0,480,0,480,0.0,0.0,1.0
49,MANIKCHAK,65,0,0,776,0,776,0.0,0.0,1.0
49,MANIKCHAK,66,0,0,741,0,741,0.0,0.0,1.0
49,MANIKCHAK,67,0,0,450,0,450,0.0,0.0,1.0
49,MANIKCHAK,68,0,0,622,0,622,0.0,0.0,1.0
49,MANIKCHAK,69,0,0,500,0,500,0.0,0.0,1.0
49,MANIKCHAK,69A,0,0,429,0,429,0.0,0.0,1.0
49,MANIKCHAK,7,0,0,6,0,6,0.0,0.0,1.0
49,MANIKCHAK,70,0,0,653,0,653,0.0,0.0,1.0
49,MANIKCHAK,71,0,0,589,0,589,0.0,0.0,1.0
49,MANIKCHAK,72,0,0,818,0,818,0.0,0.0,1.0
49,MANIKCHAK,73,0,0,404,0,404,0.0,0.0,1.0
49,MANIKCHAK,74,340,0,28,193,561,0.6060606060606061,0.34402852049910876,0.049910873440285206
49,MANIKCHAK,74A,395,0,34,121,550,0.7181818181818181,0.22,0.06181818181818182
49,MANIKCHAK,75,303,0,27,362,692,0.43786127167630057,0.523121387283237,0.03901734104046243
49,MANIKCHAK,76,72,0,65,450,587,0.12265758091993186,0.7666098807495741,0.11073253833049404
49,MANIKCHAK,76A,156,0,65,358,579,0.2694300518134715,0.6183074265975821,0.11226252158894647
49,MANIKCHAK,77,388,0,21,89,498,0.7791164658634538,0.178714859437751,0.04216867469879518
49,MANIKCHAK,78,65,0,70,349,484,0.13429752066115702,0.7210743801652892,0.1446280991735537
49,MANIKCHAK,78A,196,0,37,194,427,0.45901639344262296,0.45433255269320844,0.08665105386416862
49,MANIKCHAK,79,334,0,31,146,511,0.6536203522504892,0.2857142857142857,0.060665362035225046
49,MANIKCHAK,79A,369,0,37,89,495,0.7454545454545455,0.1797979797979798,0.07474747474747474
49,MANIKCHAK,8,0,0,7,0,7,0.0,0.0,1.0
49,MANIKCHAK,80,421,0,49,250,720,0.5847222222222223,0.3472222222222222,0.06805555555555555
49,MANIKCHAK,81,8,0,71,597,676,0.011834319526627219,0.8831360946745562,0.10502958579881656
49,MANIKCHAK,82,7,0,55,486,548,0.012773722627737226,0.8868613138686131,0.10036496350364964
49,MANIKCHAK,83,380,0,30,107,517,0.7350096711798839,0.20696324951644102,0.058027079303675046
49,MANIKCHAK,83A,347,0,35,136,518,0.6698841698841699,0.2625482625482625,0.06756756756756757
49,MANIKCHAK,84,399,0,29,113,541,0.7375231053604436,0.2088724584103512,0.053604436229205174
49,MANIKCHAK,84A,379,0,31,43,453,0.8366445916114791,0.09492273730684327,0.0684326710816777
49,MANIKCHAK,85,629,0,43,163,835,0.7532934131736527,0.19520958083832335,0.05149700598802395
49,MANIKCHAK,86,24,0,41,441,506,0.04743083003952569,0.8715415019762845,0.08102766798418973
49,MANIKCHAK,86A,285,0,24,172,481,0.5925155925155925,0.3575883575883576,0.0498960498960499
49,MANIKCHAK,87,451,0,82,274,807,0.5588599752168525,0.3395291201982652,0.10161090458488228
49,MANIKCHAK,88,552,0,57,231,840,0.6571428571428571,0.275,0.06785714285714285
49,MANIKCHAK,89,11,0,38,481,530,0.020754716981132074,0.9075471698113208,0.07169811320754717
49,MANIKCHAK,89A,46,0,36,398,480,0.09583333333333334,0.8291666666666667,0.075
49,MANIKCHAK,90,391,0,41,82,514,0.7607003891050583,0.15953307392996108,0.07976653696498054
49,MANIKCHAK,90A,316,0,42,97,455,0.6945054945054945,0.21318681318681318,0.09230769230769231
49,MANIKCHAK,91,452,0,10,64,526,0.8593155893536122,0.12167300380228137,0.019011406844106463
49,MANIKCHAK,91A,302,0,6,53,361,0.8365650969529086,0.14681440443213298,0.01662049861495845
49,MANIKCHAK,92,558,0,33,220,811,0.688039457459926,0.2712700369913687,0.040690505548705305
49,MANIKCHAK,93,394,0,19,187,600,0.6566666666666666,0.31166666666666665,0.03166666666666667
49,MANIKCHAK,93A,431,0,17,91,539,0.7996289424860853,0.16883116883116883,0.03153988868274583
49,MANIKCHAK,94,564,0,27,143,734,0.7683923705722071,0.19482288828337874,0.03678474114441417
49,MANIKCHAK,95,2,0,72,808,882,0.0022675736961451248,0.9160997732426304,0.08163265306122448
49,MANIKCHAK,96,473,0,23,131,627,0.7543859649122807,0.20893141945773525,0.03668261562998405
49,MANIKCHAK,96A,440,0,20,63,523,0.8413001912045889,0.12045889101338432,0.03824091778202677
49,MANIKCHAK,97,245,0,45,199,489,0.5010224948875256,0.4069529652351738,0.09202453987730061
49,MANIKCHAK,97A,267,0,21,134,422,0.6327014218009479,0.3175355450236967,0.04976303317535545
49,MANIKCHAK,98,288,0,50,133,471,0.6114649681528662,0.2823779193205945,0.10615711252653928
49,MANIKCHAK,98A,0,0,428,3,431,0.0,0.0069605568445475635,0.9930394431554525
49,MANIKCHAK,99,0,0,853,8,861,0.0,0.009291521486643438,0.9907084785133565
50,MALDAHA (SC),100,0,0,727,136,863,0.0,0.15758980301274622,0.8424101969872537
50,MALDAHA (SC),101,0,0,482,52,534,0.0,0.09737827715355805,0.9026217228464419
50,MALDAHA (SC),102,0,0,519,124,643,0.0,0.19284603421461896,0.807153965785381
50,MALDAHA (SC),103,0,0,617,132,749,0.0,0.17623497997329773,0.8237650200267023
50,MALDAHA (SC),104,0,0,408,131,539,0.0,0.24304267161410018,0.7569573283858998
50,MALDAHA (SC),104A,0,0,386,137,523,0.0,0.26195028680688337,0.7380497131931166
50,MALDAHA (SC),105,0,0,363,147,510,0.0,0.28823529411764703,0.711764705882353
50,MALDAHA (SC),105A,0,0,398,128,526,0.0,0.24334600760456274,0.7566539923954373
50,MALDAHA (SC),106,0,0,288,160,448,0.0,0.35714285714285715,0.6428571428571429
50,MALDAHA (SC),106A,0,0,335,133,468,0.0,0.2841880341880342,0.7158119658119658
50,MALDAHA (SC),107,0,0,103,419,522,0.0,0.8026819923371648,0.19731800766283525
50,MALDAHA (SC),107A,0,0,32,518,550,0.0,0.9418181818181818,0.05818181818181818
50,MALDAHA (SC),133A,278,0,43,186,507,0.5483234714003945,0.3668639053254438,0.08481262327416174
50,MALDAHA (SC),134,426,0,24,85,535,0.7962616822429907,0.1588785046728972,0.044859813084112146
50,MALDAHA (SC),134A,375,0,19,110,504,0.7440476190476191,0.21825396825396826,0.037698412698412696
50,MALDAHA (SC),135,398,0,38,88,524,0.7595419847328244,0.16793893129770993,0.07251908396946564
50,MALDAHA (SC),135A,419,0,53,78,550,0.7618181818181818,0.14181818181818182,0.09636363636363636
50,MALDAHA (SC),136,428,0,24,82,534,0.8014981273408239,0.15355805243445692,0.0449438202247191
50,MALDAHA (SC),136A,410,0,24,67,501,0.8183632734530938,0.13373253493013973,0.04790419161676647
50,MALDAHA (SC),137,421,0,58,96,575,0.7321739130434782,0.16695652173913045,0.10086956521739131
50,MALDAHA (SC),138,510,0,30,138,678,0.7522123893805309,0.20353982300884957,0.04424778761061947
50,MALDAHA (SC),139,536,0,69,154,759,0.7061923583662714,0.2028985507246377,0.09090909090909091
50,MALDAHA (SC),140,396,0,55,100,551,0.7186932849364791,0.18148820326678766,0.0998185117967332
50,MALDAHA (SC),141,537,0,24,181,742,0.7237196765498652,0.24393530997304583,0.03234501347708895
50,MALDAHA (SC),142,491,0,32,111,634,0.7744479495268138,0.1750788643533123,0.050473186119873815
50,MALDAHA (SC),143,614,0,41,113,768,0.7994791666666666,0.14713541666666666,0.053385416666666664
50,MALDAHA (SC),144,393,0,36,178,607,0.6474464579901154,0.2932454695222405,0.05930807248764415
50,MALDAHA (SC),144A,424,0,36,131,591,0.7174280879864636,0.22165820642978004,0.06091370558375635
50,MALDAHA (SC),145,372,0,15,101,488,0.7622950819672131,0.2069672131147541,0.030737704918032786
50,MALDAHA (SC),146,57,0,129,598,784,0.07270408163265306,0.7627551020408163,0.16454081632653061
50,MALDAHA (SC),147,9,0,66,408,483,0.018633540372670808,0.84472049689441,0.13664596273291926
50,MALDAHA (SC),147A,36,0,63,382,481,0.07484407484407485,0.7941787941787942,0.13097713097713098
50,MALDAHA (SC),148,16,0,164,705,885,0.01807909604519774,0.7966101694915254,0.18531073446327684
50,MALDAHA (SC),149,337,0,42,102,481,0.7006237006237006,0.21205821205821207,0.08731808731808732
50,MALDAHA (SC),149A,376,0,27,80,483,0.7784679089026915,0.16563146997929606,0.055900621118012424
50,MALDAHA (SC),150,416,0,67,54,537,0.7746741154562383,0.1005586592178771,0.12476722532588454
50,MALDAHA (SC),151,406,0,43,87,536,0.7574626865671642,0.1623134328358209,0.08022388059701492
50,MALDAHA (SC),151A,454,0,36,44,534,0.850187265917603,0.08239700374531835,0.06741573033707865
50,MALDAHA (SC),152,9,0,82,614,705,0.01276595744680851,0.8709219858156029,0.11631205673758865
50,MALDAHA (SC),153,11,0,61,385,457,0.024070021881838075,0.8424507658643327,0.13347921225382933
50,MALDAHA (SC),153A,2,0,47,442,491,0.004073319755600814,0.90020366598778,0.09572301425661914
50,MALDAHA (SC),154,11,0,122,731,864,0.01273148148148148,0.8460648148148148,0.1412037037037037
50,MALDAHA (SC),155,284,0,33,150,467,0.6081370449678801,0.32119914346895073,0.07066381156316917
50,MALDAHA (SC),155A,71,0,44,363,478,0.14853556485355648,0.7594142259414226,0.09205020920502092
50,MALDAHA (SC),156,370,0,262,55,687,0.5385735080058224,0.08005822416302766,0.3813682678311499
50,MALDAHA (SC),157,348,0,27,141,516,0.6744186046511628,0.27325581395348836,0.05232558139534884
50,MALDAHA (SC),157A,334,0,28,132,494,0.6761133603238867,0.26720647773279355,0.05668016194331984
50,MALDAHA (SC),158,485,0,83,50,618,0.7847896440129449,0.08090614886731391,0.1343042071197411
50,MALDAHA (SC),159,442,0,47,42,531,0.832391713747646,0.07909604519774012,0.08851224105461393
50,MALDAHA (SC),159A,435,0,52,35,522,0.8333333333333334,0.06704980842911877,0.09961685823754789
50,MALDAHA (SC),81,0,0,54,501,555,0.0,0.9027027027027027,0.0972972972972973
50,MALDAHA (SC),82,0,0,165,622,787,0.0,0.7903430749682337,0.2096569250317662
50,MALDAHA (SC),83,0,0,180,607,787,0.0,0.7712833545108005,0.22871664548919948
50,MALDAHA (SC),84,0,0,302,156,458,0.0,0.3406113537117904,0.6593886462882096
50,MALDAHA (SC),85,0,0,417,93,510,0.0,0.18235294117647058,0.8176470588235294
50,MALDAHA (SC),85A,0,0,347,99,446,0.0,0.2219730941704036,0.7780269058295964
50,MALDAHA (SC),86,0,0,512,158,670,0.0,0.23582089552238805,0.764179104477612
50,MALDAHA (SC),87,0,0,396,144,540,0.0,0.26666666666666666,0.7333333333333333
50,MALDAHA (SC),87A,0,0,360,174,534,0.0,0.3258426966292135,0.6741573033707865
50,MALDAHA (SC),88,0,0,421,103,524,0.0,0.1965648854961832,0.8034351145038168
50,MALDAHA (SC),88A,0,0,483,87,570,0.0,0.15263157894736842,0.8473684210526315
50,MALDAHA (SC),89,0,0,597,119,716,0.0,0.16620111731843576,0.8337988826815642
50,MALDAHA (SC),90,0,0,803,112,915,0.0,0.12240437158469945,0.8775956284153006
50,MALDAHA (SC),91,0,0,526,57,583,0.0,0.09777015437392796,0.902229845626072
50,MALDAHA (SC),91A,0,0,552,52,604,0.0,0.08609271523178808,0.9139072847682119
50,MALDAHA (SC),92,0,0,586,249,835,0.0,0.29820359281437125,0.7017964071856287
50,MALDAHA (SC),93,0,0,342,397,739,0.0,0.5372124492557511,0.462787550744249
50,MALDAHA (SC),94,0,0,365,333,698,0.0,0.47707736389684813,0.5229226361031518
50,MALDAHA (SC),95,0,0,467,201,668,0.0,0.3008982035928144,0.6991017964071856
50,MALDAHA (SC),96,0,0,346,152,498,0.0,0.30522088353413657,0.6947791164658634
50,MALDAHA (SC),96A,0,0,318,122,440,0.0,0.2772727272727273,0.7227272727272728
50,MALDAHA (SC),97,0,0,461,219,680,0.0,0.3220588235294118,0.6779411764705883
50,MALDAHA (SC),98,0,0,223,332,555,0.0,0.5981981981981982,0.4018018018018018
50,MALDAHA (SC),98A,0,0,132,380,512,0.0,0.7421875,0.2578125
50,MALDAHA (SC),99,0,0,149,469,618,0.0,0.7588996763754046,0.24110032362459546
50,MALDAHA (SC),99A,0,0,220,429,649,0.0,0.6610169491525424,0.3389830508474576
51,ENGLISH BAZAR,10,0,0,474,0,474,0.0,0.0,1.0
51,ENGLISH BAZAR,100,0,0,338,0,338,0.0,0.0,1.0
51,ENGLISH BAZAR,100A,0,0,304,0,304,0.0,0.0,1.0
51,ENGLISH BAZAR,101,0,0,466,0,466,0.0,0.0,1.0
51,ENGLISH BAZAR,102,0,0,609,0,609,0.0,0.0,1.0
51,ENGLISH BAZAR,103,0,0,370,0,370,0.0,0.0,1.0
51,ENGLISH BAZAR,10A,0,0,452,0,452,0.0,0.0,1.0
51,ENGLISH BAZAR,11,0,0,524,0,524,0.0,0.0,1.0
51,ENGLISH BAZAR,117,0,0,252,0,252,0.0,0.0,1.0
51,ENGLISH BAZAR,11A,0,0,568,0,568,0.0,0.0,1.0
51,ENGLISH BAZAR,12,0,0,600,0,600,0.0,0.0,1.0
51,ENGLISH BAZAR,12A,0,0,565,0,565,0.0,0.0,1.0
51,ENGLISH BAZAR,13,0,0,378,0,378,0.0,0.0,1.0
51,ENGLISH BAZAR,130,0,0,418,0,418,0.0,0.0,1.0
51,ENGLISH BAZAR,131,0,0,632,0,632,0.0,0.0,1.0
51,ENGLISH BAZAR,132,0,0,537,0,537,0.0,0.0,1.0
51,ENGLISH BAZAR,133,0,0,599,0,599,0.0,0.0,1.0
51,ENGLISH BAZAR,134,0,0,538,0,538,0.0,0.0,1.0
51,ENGLISH BAZAR,134A,0,0,498,0,498,0.0,0.0,1.0
51,ENGLISH BAZAR,135,0,0,783,0,783,0.0,0.0,1.0
51,ENGLISH BAZAR,136,0,0,531,0,531,0.0,0.0,1.0
51,ENGLISH BAZAR,137,0,0,509,0,509,0.0,0.0,1.0
51,ENGLISH BAZAR,137A,0,0,425,0,425,0.0,0.0,1.0
51,ENGLISH BAZAR,138,0,0,411,0,411,0.0,0.0,1.0
51,ENGLISH BAZAR,139,0,0,405,0,405,0.0,0.0,1.0
51,ENGLISH BAZAR,139A,0,0,341,0,341,0.0,0.0,1.0
51,ENGLISH BAZAR,13A,0,0,383,0,383,0.0,0.0,1.0
51,ENGLISH BAZAR,14,0,0,559,0,559,0.0,0.0,1.0
51,ENGLISH BAZAR,140,0,0,480,0,480,0.0,0.0,1.0
51,ENGLISH BAZAR,141,0,0,610,0,610,0.0,0.0,1.0
51,ENGLISH BAZAR,142,0,0,428,0,428,0.0,0.0,1.0
51,ENGLISH BAZAR,143,0,0,451,0,451,0.0,0.0,1.0
51,ENGLISH BAZAR,143A,0,0,422,0,422,0.0,0.0,1.0
51,ENGLISH BAZAR,144,0,0,474,0,474,0.0,0.0,1.0
51,ENGLISH BAZAR,144A,0,0,384,0,384,0.0,0.0,1.0
51,ENGLISH BAZAR,145,0,0,472,0,472,0.0,0.0,1.0
51,ENGLISH BAZAR,145A,0,0,434,0,434,0.0,0.0,1.0
51,ENGLISH BAZAR,146A,0,0,377,0,377,0.0,0.0,1.0
51,ENGLISH BAZAR,147,0,0,682,0,682,0.0,0.0,1.0
51,ENGLISH BAZAR,148,0,0,1267,0,1267,0.0,0.0,1.0
51,ENGLISH BAZAR,149,0,0,1250,0,1250,0.0,0.0,1.0
51,ENGLISH BAZAR,15,0,0,379,0,379,0.0,0.0,1.0
51,ENGLISH BAZAR,150,0,0,1112,0,1112,0.0,0.0,1.0
51,ENGLISH BAZAR,150A,0,0,491,0,491,0.0,0.0,1.0
51,ENGLISH BAZAR,151,0,0,778,0,778,0.0,0.0,1.0
51,ENGLISH BAZAR,151A,0,0,394,0,394,0.0,0.0,1.0
51,ENGLISH BAZAR,152,0,0,1228,0,1228,0.0,0.0,1.0
51,ENGLISH BAZAR,152A,0,0,474,0,474,0.0,0.0,1.0
51,ENGLISH BAZAR,153,0,0,1291,0,1291,0.0,0.0,1.0
51,ENGLISH BAZAR,154,0,0,951,0,951,0.0,0.0,1.0
51,ENGLISH BAZAR,154A,0,0,371,0,371,0.0,0.0,1.0
51,ENGLISH BAZAR,155,0,0,1097,0,1097,0.0,0.0,1.0
51,ENGLISH BAZAR,156,0,0,746,0,746,0.0,0.0,1.0
51,ENGLISH BAZAR,157,0,0,1018,0,1018,0.0,0.0,1.0
51,ENGLISH BAZAR,157A,0,0,386,0,386,0.0,0.0,1.0
51,ENGLISH BAZAR,158,0,0,913,0,913,0.0,0.0,1.0
51,ENGLISH BAZAR,159,0,0,1233,0,1233,0.0,0.0,1.0
51,ENGLISH BAZAR,15A,0,0,429,0,429,0.0,0.0,1.0
51,ENGLISH BAZAR,16,0,0,236,0,236,0.0,0.0,1.0
51,ENGLISH BAZAR,160,0,0,1156,0,1156,0.0,0.0,1.0
51,ENGLISH BAZAR,161,0,0,1313,0,1313,0.0,0.0,1.0
51,ENGLISH BAZAR,162,0,0,1435,0,1435,0.0,0.0,1.0
51,ENGLISH BAZAR,163,0,0,1080,0,1080,0.0,0.0,1.0
51,ENGLISH BAZAR,164,0,0,1199,0,1199,0.0,0.0,1.0
51,ENGLISH BAZAR,165,0,0,1163,0,1163,0.0,0.0,1.0
51,ENGLISH BAZAR,166,0,0,1067,0,1067,0.0,0.0,1.0
51,ENGLISH BAZAR,166A,0,0,486,0,486,0.0,0.0,1.0
51,ENGLISH BAZAR,167,0,0,895,0,895,0.0,0.0,1.0
51,ENGLISH BAZAR,168,0,0,1202,0,1202,0.0,0.0,1.0
51,ENGLISH BAZAR,168A,0,0,396,0,396,0.0,0.0,1.0
51,ENGLISH BAZAR,169,0,0,730,0,730,0.0,0.0,1.0
51,ENGLISH BAZAR,169A,0,0,389,0,389,0.0,0.0,1.0
51,ENGLISH BAZAR,17,0,0,724,0,724,0.0,0.0,1.0
51,ENGLISH BAZAR,170,0,0,1220,0,1220,0.0,0.0,1.0
51,ENGLISH BAZAR,170A,0,0,182,0,182,0.0,0.0,1.0
51,ENGLISH BAZAR,171,0,0,625,0,625,0.0,0.0,1.0
51,ENGLISH BAZAR,171A,0,0,425,0,425,0.0,0.0,1.0
51,ENGLISH BAZAR,172,0,0,1020,0,1020,0.0,0.0,1.0
51,ENGLISH BAZAR,173,0,0,1143,0,1143,0.0,0.0,1.0
51,ENGLISH BAZAR,174,0,0,1237,0,1237,0.0,0.0,1.0
51,ENGLISH BAZAR,175,0,0,1041,0,1041,0.0,0.0,1.0
51,ENGLISH BAZAR,175A,0,0,325,0,325,0.0,0.0,1.0
51,ENGLISH BAZAR,176,0,0,1142,0,1142,0.0,0.0,1.0
51,ENGLISH BAZAR,176A,0,0,448,0,448,0.0,0.0,1.0
51,ENGLISH BAZAR,177,0,0,1252,0,1252,0.0,0.0,1.0
51,ENGLISH BAZAR,178,0,0,1398,0,1398,0.0,0.0,1.0
51,ENGLISH BAZAR,179,0,0,1433,0,1433,0.0,0.0,1.0
51,ENGLISH BAZAR,18,0,0,747,0,747,0.0,0.0,1.0
51,ENGLISH BAZAR,180,0,0,1059,0,1059,0.0,0.0,1.0
51,ENGLISH BAZAR,181,0,0,971,0,971,0.0,0.0,1.0
51,ENGLISH BAZAR,181A,0,0,473,0,473,0.0,0.0,1.0
51,ENGLISH BAZAR,182,0,0,1235,0,1235,0.0,0.0,1.0
51,ENGLISH BAZAR,182A,0,0,460,0,460,0.0,0.0,1.0
51,ENGLISH BAZAR,183,0,0,1060,0,1060,0.0,0.0,1.0
51,ENGLISH BAZAR,184,0,0,1018,0,1018,0.0,0.0,1.0
51,ENGLISH BAZAR,184A,0,0,461,0,461,0.0,0.0,1.0
51,ENGLISH BAZAR,185,0,0,774,0,774,0.0,0.0,1.0
51,ENGLISH BAZAR,186A,0,0,309,0,309,0.0,0.0,1.0
51,ENGLISH BAZAR,187,0,0,391,0,391,0.0,0.0,1.0
51,ENGLISH BAZAR,187A,0,0,362,0,362,0.0,0.0,1.0
51,ENGLISH BAZAR,188,0,0,426,0,426,0.0,0.0,1.0
51,ENGLISH BAZAR,189,0,0,375,0,375,0.0,0.0,1.0
51,ENGLISH BAZAR,19,0,0,793,0,793,0.0,0.0,1.0
51,ENGLISH BAZAR,190,0,0,394,0,394,0.0,0.0,1.0
51,ENGLISH BAZAR,190A,0,0,422,0,422,0.0,0.0,1.0
51,ENGLISH BAZAR,191,0,0,567,0,567,0.0,0.0,1.0
51,ENGLISH BAZAR,192,0,0,567,0,567,0.0,0.0,1.0
51,ENGLISH BAZAR,193,0,0,313,0,313,0.0,0.0,1.0
51,ENGLISH BAZAR,193A,0,0,290,0,290,0.0,0.0,1.0
51,ENGLISH BAZAR,194,0,0,368,0,368,0.0,0.0,1.0
51,ENGLISH BAZAR,194A,0,0,258,0,258,0.0,0.0,1.0
51,ENGLISH BAZAR,195,0,0,592,0,592,0.0,0.0,1.0
51,ENGLISH BAZAR,196,0,0,425,0,425,0.0,0.0,1.0
51,ENGLISH BAZAR,197,0,0,431,0,431,0.0,0.0,1.0
51,ENGLISH BAZAR,198,0,0,313,0,313,0.0,0.0,1.0
51,ENGLISH BAZAR,198A,0,0,301,0,301,0.0,0.0,1.0
51,ENGLISH BAZAR,199,0,0,300,0,300,0.0,0.0,1.0
51,ENGLISH BAZAR,2,0,0,423,0,423,0.0,0.0,1.0
51,ENGLISH BAZAR,20,0,0,494,0,494,0.0,0.0,1.0
51,ENGLISH BAZAR,200,0,0,629,0,629,0.0,0.0,1.0
51,ENGLISH BAZAR,201,0,0,303,0,303,0.0,0.0,1.0
51,ENGLISH BAZAR,202,0,0,677,0,677,0.0,0.0,1.0
51,ENGLISH BAZAR,203,0,0,390,0,390,0.0,0.0,1.0
51,ENGLISH BAZAR,203A,0,0,381,0,381,0.0,0.0,1.0
51,ENGLISH BAZAR,204,0,0,364,0,364,0.0,0.0,1.0
51,ENGLISH BAZAR,204A,0,0,309,0,309,0.0,0.0,1.0
51,ENGLISH BAZAR,205,0,0,714,0,714,0.0,0.0,1.0
51,ENGLISH BAZAR,206,0,0,673,0,673,0.0,0.0,1.0
51,ENGLISH BAZAR,207,0,0,632,0,632,0.0,0.0,1.0
51,ENGLISH BAZAR,208,0,0,2337,0,2337,0.0,0.0,1.0
51,ENGLISH BAZAR,209,0,0,419,0,419,0.0,0.0,1.0
51,ENGLISH BAZAR,209A,0,0,417,0,417,0.0,0.0,1.0
51,ENGLISH BAZAR,21,0,0,566,0,566,0.0,0.0,1.0
51,ENGLISH BAZAR,210,0,0,419,0,419,0.0,0.0,1.0
51,ENGLISH BAZAR,210A,0,0,483,0,483,0.0,0.0,1.0
51,ENGLISH BAZAR,211,0,0,694,0,694,0.0,0.0,1.0
51,ENGLISH BAZAR,212,0,0,479,0,479,0.0,0.0,1.0
51,ENGLISH BAZAR,212A,0,0,485,0,485,0.0,0.0,1.0
51,ENGLISH BAZAR,213,0,0,681,0,681,0.0,0.0,1.0
51,ENGLISH BAZAR,214,0,0,694,0,694,0.0,0.0,1.0
51,ENGLISH BAZAR,215,0,0,300,0,300,0.0,0.0,1.0
51,ENGLISH BAZAR,215A,0,0,313,0,313,0.0,0.0,1.0
51,ENGLISH BAZAR,216,0,0,754,0,754,0.0,0.0,1.0
51,ENGLISH BAZAR,217,0,0,399,0,399,0.0,0.0,1.0
51,ENGLISH BAZAR,217A,0,0,438,0,438,0.0,0.0,1.0
51,ENGLISH BAZAR,218,0,0,284,0,284,0.0,0.0,1.0
51,ENGLISH BAZAR,218A,0,0,410,0,410,0.0,0.0,1.0
51,ENGLISH BAZAR,219,0,0,431,0,431,0.0,0.0,1.0
51,ENGLISH BAZAR,219A,0,0,457,0,457,0.0,0.0,1.0
51,ENGLISH BAZAR,21A,0,0,533,0,533,0.0,0.0,1.0
51,ENGLISH BAZAR,22,0,0,672,0,672,0.0,0.0,1.0
51,ENGLISH BAZAR,220,0,0,469,0,469,0.0,0.0,1.0
51,ENGLISH BAZAR,221,0,0,593,0,593,0.0,0.0,1.0
51,ENGLISH BAZAR,221A,0,0,464,0,464,0.0,0.0,1.0
51,ENGLISH BAZAR,222,0,0,409,0,409,0.0,0.0,1.0
51,ENGLISH BAZAR,222A,0,0,411,0,411,0.0,0.0,1.0
51,ENGLISH BAZAR,223A,0,0,411,0,411,0.0,0.0,1.0
51,ENGLISH BAZAR,224,0,0,332,0,332,0.0,0.0,1.0
51,ENGLISH BAZAR,225,0,0,423,0,423,0.0,0.0,1.0
51,ENGLISH BAZAR,225A,0,0,424,0,424,0.0,0.0,1.0
51,ENGLISH BAZAR,226,0,0,621,0,621,0.0,0.0,1.0
51,ENGLISH BAZAR,226A,0,0,587,0,587,0.0,0.0,1.0
51,ENGLISH BAZAR,227,0,0,647,0,647,0.0,0.0,1.0
51,ENGLISH BAZAR,227A,0,0,597,0,597,0.0,0.0,1.0
51,ENGLISH BAZAR,228,0,0,616,0,616,0.0,0.0,1.0
51,ENGLISH BAZAR,228A,0,0,594,0,594,0.0,0.0,1.0
51,ENGLISH BAZAR,229A,0,0,439,0,439,0.0,0.0,1.0
51,ENGLISH BAZAR,230,0,0,570,0,570,0.0,0.0,1.0
51,ENGLISH BAZAR,230A,0,0,472,0,472,0.0,0.0,1.0
51,ENGLISH BAZAR,231,0,0,597,0,597,0.0,0.0,1.0
51,ENGLISH BAZAR,232,0,0,649,0,649,0.0,0.0,1.0
51,ENGLISH BAZAR,233,0,0,673,0,673,0.0,0.0,1.0
51,ENGLISH BAZAR,234,0,0,604,0,604,0.0,0.0,1.0
51,ENGLISH BAZAR,235,0,0,548,0,548,0.0,0.0,1.0
51,ENGLISH BAZAR,235A,0,0,584,0,584,0.0,0.0,1.0
51,ENGLISH BAZAR,236,0,0,497,0,497,0.0,0.0,1.0
51,ENGLISH BAZAR,236A,0,0,517,0,517,0.0,0.0,1.0
51,ENGLISH BAZAR,237,0,0,496,0,496,0.0,0.0,1.0
51,ENGLISH BAZAR,237A,0,0,413,0,413,0.0,0.0,1.0
51,ENGLISH BAZAR,238,0,0,83423,0,83423,0.0,0.0,1.0
51,ENGLISH BAZAR,239,0,0,491,0,491,0.0,0.0,1.0
51,ENGLISH BAZAR,239A,0,0,421,0,421,0.0,0.0,1.0
51,ENGLISH BAZAR,23A,0,0,17,0,17,0.0,0.0,1.0
51,ENGLISH BAZAR,24,0,0,159,0,159,0.0,0.0,1.0
51,ENGLISH BAZAR,240,0,0,611,0,611,0.0,0.0,1.0
51,ENGLISH BAZAR,240A,0,0,601,0,601,0.0,0.0,1.0
51,ENGLISH BAZAR,241,0,0,594,0,594,0.0,0.0,1.0
51,ENGLISH BAZAR,241A,0,0,570,0,570,0.0,0.0,1.0
51,ENGLISH BAZAR,242,0,0,567,0,567,0.0,0.0,1.0
51,ENGLISH BAZAR,242A,0,0,4241,0,4241,0.0,0.0,1.0
51,ENGLISH BAZAR,243,0,0,611,0,611,0.0,0.0,1.0
51,ENGLISH BAZAR,244,0,0,900,0,900,0.0,0.0,1.0
51,ENGLISH BAZAR,245,0,0,634,0,634,0.0,0.0,1.0
51,ENGLISH BAZAR,245A,0,0,543,0,543,0.0,0.0,1.0
51,ENGLISH BAZAR,246,0,0,711,0,711,0.0,0.0,1.0
51,ENGLISH BAZAR,246A,0,0,476,0,476,0.0,0.0,1.0
51,ENGLISH BAZAR,247,0,0,567,0,567,0.0,0.0,1.0
51,ENGLISH BAZAR,247A,0,0,509,0,509,0.0,0.0,1.0
51,ENGLISH BAZAR,248,0,0,605,0,605,0.0,0.0,1.0
51,ENGLISH BAZAR,248A,0,0,554,0,554,0.0,0.0,1.0
51,ENGLISH BAZAR,249,0,0,547,0,547,0.0,0.0,1.0
51,ENGLISH BAZAR,249A,0,0,570,0,570,0.0,0.0,1.0
51,ENGLISH BAZAR,24A,0,0,41,0,41,0.0,0.0,1.0
51,ENGLISH BAZAR,25,0,0,54,0,54,0.0,0.0,1.0
51,ENGLISH BAZAR,250,0,0,624,0,624,0.0,0.0,1.0
51,ENGLISH BAZAR,250A,0,0,621,0,621,0.0,0.0,1.0
51,ENGLISH BAZAR,251,0,0,764,0,764,0.0,0.0,1.0
51,ENGLISH BAZAR,252,0,0,561,0,561,0.0,0.0,1.0
51,ENGLISH BAZAR,253,0,0,581,0,581,0.0,0.0,1.0
51,ENGLISH BAZAR,254,0,0,596,0,596,0.0,0.0,1.0
51,ENGLISH BAZAR,254A,0,0,556,0,556,0.0,0.0,1.0
51,ENGLISH BAZAR,255,0,0,778,0,778,0.0,0.0,1.0
51,ENGLISH BAZAR,256,0,0,463,0,463,0.0,0.0,1.0
51,ENGLISH BAZAR,256A,0,0,398,0,398,0.0,0.0,1.0
51,ENGLISH BAZAR,257,0,0,579,0,579,0.0,0.0,1.0
51,ENGLISH BAZAR,257A,0,0,572,0,572,0.0,0.0,1.0
51,ENGLISH BAZAR,258,0,0,503,0,503,0.0,0.0,1.0
51,ENGLISH BAZAR,258A,0,0,494,0,494,0.0,0.0,1.0
51,ENGLISH BAZAR,259,0,0,592,0,592,0.0,0.0,1.0
51,ENGLISH BAZAR,259A,0,0,531,0,531,0.0,0.0,1.0
51,ENGLISH BAZAR,26,0,0,141,0,141,0.0,0.0,1.0
51,ENGLISH BAZAR,260,0,0,524,0,524,0.0,0.0,1.0
51,ENGLISH BAZAR,260A,0,0,583,0,583,0.0,0.0,1.0
51,ENGLISH BAZAR,261,0,0,659,0,659,0.0,0.0,1.0
51,ENGLISH BAZAR,261A,0,0,588,0,588,0.0,0.0,1.0
51,ENGLISH BAZAR,262,0,0,599,0,599,0.0,0.0,1.0
51,ENGLISH BAZAR,262A,0,0,588,0,588,0.0,0.0,1.0
51,ENGLISH BAZAR,263,0,0,628,0,628,0.0,0.0,1.0
51,ENGLISH BAZAR,263A,0,0,595,0,595,0.0,0.0,1.0
51,ENGLISH BAZAR,264,0,0,488,0,488,0.0,0.0,1.0
51,ENGLISH BAZAR,264A,0,0,409,0,409,0.0,0.0,1.0
51,ENGLISH BAZAR,265,0,0,623,0,623,0.0,0.0,1.0
51,ENGLISH BAZAR,266,0,0,773,0,773,0.0,0.0,1.0
51,ENGLISH BAZAR,27,0,0,429,0,429,0.0,0.0,1.0
51,ENGLISH BAZAR,27A,0,0,443,0,443,0.0,0.0,1.0
51,ENGLISH BAZAR,28,0,0,421,0,421,0.0,0.0,1.0
51,ENGLISH BAZAR,283,0,0,256,0,256,0.0,0.0,1.0
51,ENGLISH BAZAR,29,0,0,628,0,628,0.0,0.0,1.0
51,ENGLISH BAZAR,2A,0,0,474,0,474,0.0,0.0,1.0
51,ENGLISH BAZAR,3,0,0,396,0,396,0.0,0.0,1.0
51,ENGLISH BAZAR,30,0,0,515,0,515,0.0,0.0,1.0
51,ENGLISH BAZAR,31,0,0,502,0,502,0.0,0.0,1.0
51,ENGLISH BAZAR,32,0,0,374,0,374,0.0,0.0,1.0
51,ENGLISH BAZAR,32A,0,0,347,0,347,0.0,0.0,1.0
51,ENGLISH BAZAR,33,0,0,442,0,442,0.0,0.0,1.0
51,ENGLISH BAZAR,34,0,0,355,0,355,0.0,0.0,1.0
51,ENGLISH BAZAR,35,0,0,522,0,522,0.0,0.0,1.0
51,ENGLISH BAZAR,36,0,0,501,0,501,0.0,0.0,1.0
51,ENGLISH BAZAR,37,0,0,28,0,28,0.0,0.0,1.0
51,ENGLISH BAZAR,38,0,0,50,0,50,0.0,0.0,1.0
51,ENGLISH BAZAR,39,0,0,404,0,404,0.0,0.0,1.0
51,ENGLISH BAZAR,39A,0,0,186,0,186,0.0,0.0,1.0
51,ENGLISH BAZAR,3A,0,0,498,0,498,0.0,0.0,1.0
51,ENGLISH BAZAR,4,0,0,442,0,442,0.0,0.0,1.0
51,ENGLISH BAZAR,40,0,0,607,0,607,0.0,0.0,1.0
51,ENGLISH BAZAR,41,0,0,427,0,427,0.0,0.0,1.0
51,ENGLISH BAZAR,42,0,0,550,0,550,0.0,0.0,1.0
51,ENGLISH BAZAR,43,0,0,687,0,687,0.0,0.0,1.0
51,ENGLISH BAZAR,44,0,0,452,0,452,0.0,0.0,1.0
51,ENGLISH BAZAR,44A,0,0,327,0,327,0.0,0.0,1.0
51,ENGLISH BAZAR,45,0,0,15,0,15,0.0,0.0,1.0
51,ENGLISH BAZAR,45A,0,0,20,0,20,0.0,0.0,1.0
51,ENGLISH BAZAR,46,0,0,508,0,508,0.0,0.0,1.0
51,ENGLISH BAZAR,47,0,0,252,0,252,0.0,0.0,1.0
51,ENGLISH BAZAR,48,0,0,449,0,449,0.0,0.0,1.0
51,ENGLISH BAZAR,48A,0,0,466,0,466,0.0,0.0,1.0
51,ENGLISH BAZAR,49,0,0,407,0,407,0.0,0.0,1.0
51,ENGLISH BAZAR,49A,0,0,358,0,358,0.0,0.0,1.0
51,ENGLISH BAZAR,4A,0,0,523,0,523,0.0,0.0,1.0
51,ENGLISH BAZAR,50,0,0,82,0,82,0.0,0.0,1.0
51,ENGLISH BAZAR,50A,0,0,80,0,80,0.0,0.0,1.0
51,ENGLISH BAZAR,51,0,0,505,0,505,0.0,0.0,1.0
51,ENGLISH BAZAR,51A,0,0,501,0,501,0.0,0.0,1.0
51,ENGLISH BAZAR,52,0,0,551,0,551,0.0,0.0,1.0
51,ENGLISH BAZAR,52A,0,0,511,0,511,0.0,0.0,1.0
51,ENGLISH BAZAR,53,0,0,591,0,591,0.0,0.0,1.0
51,ENGLISH BAZAR,53A,0,0,1199,0,1199,0.0,0.0,1.0
51,ENGLISH BAZAR,54,0,0,780,0,780,0.0,0.0,1.0
51,ENGLISH BAZAR,55,0,0,606,0,606,0.0,0.0,1.0
51,ENGLISH BAZAR,56,0,0,589,0,589,0.0,0.0,1.0
51,ENGLISH BAZAR,56A,0,0,580,0,580,0.0,0.0,1.0
51,ENGLISH BAZAR,57,0,0,476,0,476,0.0,0.0,1.0
51,ENGLISH BAZAR,57A,0,0,523,0,523,0.0,0.0,1.0
51,ENGLISH BAZAR,58,0,0,334,0,334,0.0,0.0,1.0
51,ENGLISH BAZAR,59,0,0,345,0,345,0.0,0.0,1.0
51,ENGLISH BAZAR,59A,0,0,504,0,504,0.0,0.0,1.0
51,ENGLISH BAZAR,6,0,0,378,0,378,0.0,0.0,1.0
51,ENGLISH BAZAR,60,0,0,793,0,793,0.0,0.0,1.0
51,ENGLISH BAZAR,61,0,0,502,0,502,0.0,0.0,1.0
51,ENGLISH BAZAR,61A,0,0,417,0,417,0.0,0.0,1.0
51,ENGLISH BAZAR,62,0,0,491,0,491,0.0,0.0,1.0
51,ENGLISH BAZAR,63,0,0,756,0,756,0.0,0.0,1.0
51,ENGLISH BAZAR,64,0,0,420,0,420,0.0,0.0,1.0
51,ENGLISH BAZAR,64A,0,0,412,0,412,0.0,0.0,1.0
51,ENGLISH BAZAR,65,0,0,479,0,479,0.0,0.0,1.0
51,ENGLISH BAZAR,65A,0,0,468,0,468,0.0,0.0,1.0
51,ENGLISH BAZAR,66,0,0,886,0,886,0.0,0.0,1.0
51,ENGLISH BAZAR,67,0,0,724,0,724,0.0,0.0,1.0
51,ENGLISH BAZAR,68,0,0,575,0,575,0.0,0.0,1.0
51,ENGLISH BAZAR,69,0,0,726,0,726,0.0,0.0,1.0
51,ENGLISH BAZAR,7,0,0,524,0,524,0.0,0.0,1.0
51,ENGLISH BAZAR,70,0,0,741,0,741,0.0,0.0,1.0
51,ENGLISH BAZAR,71,0,0,551,0,551,0.0,0.0,1.0
51,ENGLISH BAZAR,71A,0,0,539,0,539,0.0,0.0,1.0
51,ENGLISH BAZAR,72,0,0,574,0,574,0.0,0.0,1.0
51,ENGLISH BAZAR,72A,0,0,551,0,551,0.0,0.0,1.0
51,ENGLISH BAZAR,73,0,0,573,0,573,0.0,0.0,1.0
51,ENGLISH BAZAR,73A,0,0,468,0,468,0.0,0.0,1.0
51,ENGLISH BAZAR,74,0,0,832,0,832,0.0,0.0,1.0
51,ENGLISH BAZAR,75,0,0,503,0,503,0.0,0.0,1.0
51,ENGLISH BAZAR,75A,0,0,502,0,502,0.0,0.0,1.0
51,ENGLISH BAZAR,78,0,0,488,0,488,0.0,0.0,1.0
51,ENGLISH BAZAR,79,0,0,548,0,548,0.0,0.0,1.0
51,ENGLISH BAZAR,79A,0,0,481,0,481,0.0,0.0,1.0
51,ENGLISH BAZAR,7A,0,0,562,0,562,0.0,0.0,1.0
51,ENGLISH BAZAR,8,0,0,820,0,820,0.0,0.0,1.0
51,ENGLISH BAZAR,80,0,0,778,0,778,0.0,0.0,1.0
51,ENGLISH BAZAR,81,0,0,380,0,380,0.0,0.0,1.0
51,ENGLISH BAZAR,81A,0,0,403,0,403,0.0,0.0,1.0
51,ENGLISH BAZAR,82,0,0,478,0,478,0.0,0.0,1.0
51,ENGLISH BAZAR,83,0,0,388,0,388,0.0,0.0,1.0
51,ENGLISH BAZAR,83A,0,0,377,0,377,0.0,0.0,1.0
51,ENGLISH BAZAR,84,0,0,583,0,583,0.0,0.0,1.0
51,ENGLISH BAZAR,85,0,0,487,0,487,0.0,0.0,1.0
51,ENGLISH BAZAR,86,0,0,596,0,596,0.0,0.0,1.0
51,ENGLISH BAZAR,87,0,0,459,0,459,0.0,0.0,1.0
51,ENGLISH BAZAR,87A,0,0,530,0,530,0.0,0.0,1.0
51,ENGLISH BAZAR,88,0,0,460,0,460,0.0,0.0,1.0
51,ENGLISH BAZAR,88A,0,0,416,0,416,0.0,0.0,1.0
51,ENGLISH BAZAR,89,0,0,348,0,348,0.0,0.0,1.0
51,ENGLISH BAZAR,89A,0,0,156,0,156,0.0,0.0,1.0
51,ENGLISH BAZAR,9,0,0,597,0,597,0.0,0.0,1.0
51,ENGLISH BAZAR,90,0,0,317,0,317,0.0,0.0,1.0
51,ENGLISH BAZAR,91,0,0,306,0,306,0.0,0.0,1.0
51,ENGLISH BAZAR,92,0,0,834,0,834,0.0,0.0,1.0
51,ENGLISH BAZAR,93,0,0,350,0,350,0.0,0.0,1.0
51,ENGLISH BAZAR,93A,0,0,369,0,369,0.0,0.0,1.0
51,ENGLISH BAZAR,94,0,0,557,0,557,0.0,0.0,1.0
51,ENGLISH BAZAR,94A,0,0,559,0,559,0.0,0.0,1.0
51,ENGLISH BAZAR,95,0,0,863,0,863,0.0,0.0,1.0
51,ENGLISH BAZAR,96,0,0,697,0,697,0.0,0.0,1.0
51,ENGLISH BAZAR,97,0,0,556,0,556,0.0,0.0,1.0
51,ENGLISH BAZAR,97A,0,0,516,0,516,0.0,0.0,1.0
51,ENGLISH BAZAR,98,0,0,671,0,671,0.0,0.0,1.0
51,ENGLISH BAZAR,99,0,0,476,0,476,0.0,0.0,1.0
51,ENGLISH BAZAR,9A,0,0,634,0,634,0.0,0.0,1.0
52,MOTHABARI,0,0,0,1083,0,1083,0.0,0.0,1.0
52,MOTHABARI,1,0,0,420,0,420,0.0,0.0,1.0
52,MOTHABARI,10,0,0,2291,0,2291,0.0,0.0,1.0
52,MOTHABARI,100,0,0,1402,0,1402,0.0,0.0,1.0
52,MOTHABARI,100A,0,0,1238,0,1238,0.0,0.0,1.0
52,MOTHABARI,101,0,0,1310,0,1310,0.0,0.0,1.0
52,MOTHABARI,102,0,0,1184,0,1184,0.0,0.0,1.0
52,MOTHABARI,103,0,0,1297,0,1297,0.0,0.0,1.0
52,MOTHABARI,104,0,0,492,0,492,0.0,0.0,1.0
52,MOTHABARI,105,0,0,1066,0,1066,0.0,0.0,1.0
52,MOTHABARI,105A,0,0,1080,0,1080,0.0,0.0,1.0
52,MOTHABARI,106,0,0,1268,0,1268,0.0,0.0,1.0
52,MOTHABARI,106A,0,0,521,0,521,0.0,0.0,1.0
52,MOTHABARI,107,0,0,1098,0,1098,0.0,0.0,1.0
52,MOTHABARI,107A,0,0,470,0,470,0.0,0.0,1.0
52,MOTHABARI,108,0,0,1512,0,1512,0.0,0.0,1.0
52,MOTHABARI,109,0,0,491,0,491,0.0,0.0,1.0
52,MOTHABARI,11,0,0,1724,0,1724,0.0,0.0,1.0
52,MOTHABARI,110,0,0,513,0,513,0.0,0.0,1.0
52,MOTHABARI,111,0,0,500,0,500,0.0,0.0,1.0
52,MOTHABARI,112,0,0,1595,0,1595,0.0,0.0,1.0
52,MOTHABARI,113,0,0,984,0,984,0.0,0.0,1.0
52,MOTHABARI,114,0,0,1782,0,1782,0.0,0.0,1.0
52,MOTHABARI,115,0,0,1418,0,1418,0.0,0.0,1.0
52,MOTHABARI,116,0,0,1512,0,1512,0.0,0.0,1.0
52,MOTHABARI,116A,0,0,453,0,453,0.0,0.0,1.0
52,MOTHABARI,117,0,0,1191,0,1191,0.0,0.0,1.0
52,MOTHABARI,117A,0,0,601,0,601,0.0,0.0,1.0
52,MOTHABARI,118,0,0,1135,0,1135,0.0,0.0,1.0
52,MOTHABARI,119,0,0,2025,0,2025,0.0,0.0,1.0
52,MOTHABARI,12,0,0,1143,0,1143,0.0,0.0,1.0
52,MOTHABARI,120,0,0,616,0,616,0.0,0.0,1.0
52,MOTHABARI,123,0,0,875,0,875,0.0,0.0,1.0
52,MOTHABARI,124,0,0,797,0,797,0.0,0.0,1.0
52,MOTHABARI,125,0,0,633,0,633,0.0,0.0,1.0
52,MOTHABARI,126,0,0,547,0,547,0.0,0.0,1.0
52,MOTHABARI,127,0,0,590,0,590,0.0,0.0,1.0
52,MOTHABARI,128,0,0,508,0,508,0.0,0.0,1.0
52,MOTHABARI,129,0,0,637,0,637,0.0,0.0,1.0
52,MOTHABARI,13,0,0,1311,0,1311,0.0,0.0,1.0
52,MOTHABARI,130,0,0,970,0,970,0.0,0.0,1.0
52,MOTHABARI,131,0,0,542,0,542,0.0,0.0,1.0
52,MOTHABARI,132,0,0,456,0,456,0.0,0.0,1.0
52,MOTHABARI,14,0,0,1026,0,1026,0.0,0.0,1.0
52,MOTHABARI,15,0,0,1228,0,1228,0.0,0.0,1.0
52,MOTHABARI,155A,0,0,590,0,590,0.0,0.0,1.0
52,MOTHABARI,156,0,0,500,0,500,0.0,0.0,1.0
52,MOTHABARI,156A,0,0,485,0,485,0.0,0.0,1.0
52,MOTHABARI,157,0,0,668,0,668,0.0,0.0,1.0
52,MOTHABARI,158,0,0,470,0,470,0.0,0.0,1.0
52,MOTHABARI,158A,0,0,457,0,457,0.0,0.0,1.0
52,MOTHABARI,159,0,0,596,0,596,0.0,0.0,1.0
52,MOTHABARI,159A,0,0,615,0,615,0.0,0.0,1.0
52,MOTHABARI,16,0,0,1521,0,1521,0.0,0.0,1.0
52,MOTHABARI,160,0,0,458,0,458,0.0,0.0,1.0
52,MOTHABARI,160A,0,0,443,0,443,0.0,0.0,1.0
52,MOTHABARI,161,0,0,497,0,497,0.0,0.0,1.0
52,MOTHABARI,162,0,0,540,0,540,0.0,0.0,1.0
52,MOTHABARI,162A,0,0,487,0,487,0.0,0.0,1.0
52,MOTHABARI,163,0,0,470,0,470,0.0,0.0,1.0
52,MOTHABARI,163A,0,0,490,0,490,0.0,0.0,1.0
52,MOTHABARI,164,0,0,718,0,718,0.0,0.0,1.0
52,MOTHABARI,165,0,0,645,0,645,0.0,0.0,1.0
52,MOTHABARI,166,0,0,843,0,843,0.0,0.0,1.0
52,MOTHABARI,167,0,0,547,0,547,0.0,0.0,1.0
52,MOTHABARI,168,0,0,466,0,466,0.0,0.0,1.0
52,MOTHABARI,168A,0,0,469,0,469,0.0,0.0,1.0
52,MOTHABARI,169,0,0,793,0,793,0.0,0.0,1.0
52,MOTHABARI,17,0,0,1490,0,1490,0.0,0.0,1.0
52,MOTHABARI,170,0,0,600,0,600,0.0,0.0,1.0
52,MOTHABARI,171,0,0,805,0,805,0.0,0.0,1.0
52,MOTHABARI,172,0,0,448,0,448,0.0,0.0,1.0
52,MOTHABARI,172A,0,0,450,0,450,0.0,0.0,1.0
52,MOTHABARI,173,0,0,846,0,846,0.0,0.0,1.0
52,MOTHABARI,174,0,0,652,0,652,0.0,0.0,1.0
52,MOTHABARI,175,0,0,492,0,492,0.0,0.0,1.0
52,MOTHABARI,177,0,0,517,0,517,0.0,0.0,1.0
52,MOTHABARI,178,0,0,467,0,467,0.0,0.0,1.0
52,MOTHABARI,178A,0,0,465,0,465,0.0,0.0,1.0
52,MOTHABARI,179,0,0,1469,0,1469,0.0,0.0,1.0
52,MOTHABARI,18,0,0,1112,0,1112,0.0,0.0,1.0
52,MOTHABARI,180,0,0,1156,0,1156,0.0,0.0,1.0
52,MOTHABARI,180A,0,0,497,0,497,0.0,0.0,1.0
52,MOTHABARI,181,0,0,1101,0,1101,0.0,0.0,1.0
52,MOTHABARI,181A,0,0,584,0,584,0.0,0.0,1.0
52,MOTHABARI,182,0,0,1340,0,1340,0.0,0.0,1.0
52,MOTHABARI,182A,0,0,444,0,444,0.0,0.0,1.0
52,MOTHABARI,183,0,0,1336,0,1336,0.0,0.0,1.0
52,MOTHABARI,183A,0,0,467,0,467,0.0,0.0,1.0
52,MOTHABARI,184,0,0,538,0,538,0.0,0.0,1.0
52,MOTHABARI,185,0,0,689,0,689,0.0,0.0,1.0
52,MOTHABARI,186,0,0,505,0,505,0.0,0.0,1.0
52,MOTHABARI,187,0,0,619,0,619,0.0,0.0,1.0
52,MOTHABARI,188,0,0,481,0,481,0.0,0.0,1.0
52,MOTHABARI,189,0,0,983,0,983,0.0,0.0,1.0
52,MOTHABARI,19,0,0,1335,0,1335,0.0,0.0,1.0
52,MOTHABARI,190,0,0,797,0,797,0.0,0.0,1.0
52,MOTHABARI,191,0,0,987,0,987,0.0,0.0,1.0
52,MOTHABARI,192,0,0,643,0,643,0.0,0.0,1.0
52,MOTHABARI,193,0,0,678,0,678,0.0,0.0,1.0
52,MOTHABARI,194,0,0,787,0,787,0.0,0.0,1.0
52,MOTHABARI,195,0,0,753,0,753,0.0,0.0,1.0
52,MOTHABARI,196,0,0,604,0,604,0.0,0.0,1.0
52,MOTHABARI,197,0,0,804,0,804,0.0,0.0,1.0
52,MOTHABARI,198,0,0,828,0,828,0.0,0.0,1.0
52,MOTHABARI,199,0,0,727,0,727,0.0,0.0,1.0
52,MOTHABARI,2,0,0,400,0,400,0.0,0.0,1.0
52,MOTHABARI,20,0,0,956,0,956,0.0,0.0,1.0
52,MOTHABARI,200,0,0,521,0,521,0.0,0.0,1.0
52,MOTHABARI,201,0,0,614,0,614,0.0,0.0,1.0
52,MOTHABARI,202,0,0,515,0,515,0.0,0.0,1.0
52,MOTHABARI,203,0,0,723,0,723,0.0,0.0,1.0
52,MOTHABARI,204,0,0,814,0,814,0.0,0.0,1.0
52,MOTHABARI,205,0,0,703,0,703,0.0,0.0,1.0
52,MOTHABARI,206,0,0,822,0,822,0.0,0.0,1.0
52,MOTHABARI,207,0,0,710,0,710,0.0,0.0,1.0
52,MOTHABARI,208,0,0,859,0,859,0.0,0.0,1.0
52,MOTHABARI,209,0,0,633,0,633,0.0,0.0,1.0
52,MOTHABARI,21,0,0,926,0,926,0.0,0.0,1.0
52,MOTHABARI,210,0,0,474,0,474,0.0,0.0,1.0
52,MOTHABARI,211,0,0,649,0,649,0.0,0.0,1.0
52,MOTHABARI,212,0,0,509,0,509,0.0,0.0,1.0
52,MOTHABARI,213,0,0,651,0,651,0.0,0.0,1.0
52,MOTHABARI,214,0,0,942,0,942,0.0,0.0,1.0
52,MOTHABARI,215,0,0,726,0,726,0.0,0.0,1.0
52,MOTHABARI,216,0,0,550,0,550,0.0,0.0,1.0
52,MOTHABARI,217,0,0,672,0,672,0.0,0.0,1.0
52,MOTHABARI,218,0,0,478,0,478,0.0,0.0,1.0
52,MOTHABARI,219,0,0,1019,0,1019,0.0,0.0,1.0
52,MOTHABARI,22,0,0,1088,0,1088,0.0,0.0,1.0
52,MOTHABARI,220,0,0,1617,0,1617,0.0,0.0,1.0
52,MOTHABARI,221,0,0,496,0,496,0.0,0.0,1.0
52,MOTHABARI,222,0,0,969,0,969,0.0,0.0,1.0
52,MOTHABARI,223,0,0,644,0,644,0.0,0.0,1.0
52,MOTHABARI,224,0,0,476,0,476,0.0,0.0,1.0
52,MOTHABARI,23,0,0,586,0,586,0.0,0.0,1.0
52,MOTHABARI,24,0,0,1406,0,1406,0.0,0.0,1.0
52,MOTHABARI,25,0,0,1393,0,1393,0.0,0.0,1.0
52,MOTHABARI,26,0,0,1468,0,1468,0.0,0.0,1.0
52,MOTHABARI,27,0,0,990,0,990,0.0,0.0,1.0
52,MOTHABARI,271,0,0,630,0,630,0.0,0.0,1.0
52,MOTHABARI,272,0,0,603,0,603,0.0,0.0,1.0
52,MOTHABARI,273,0,0,499,0,499,0.0,0.0,1.0
52,MOTHABARI,274,0,0,502,0,502,0.0,0.0,1.0
52,MOTHABARI,275,0,0,408,0,408,0.0,0.0,1.0
52,MOTHABARI,276,0,0,415,0,415,0.0,0.0,1.0
52,MOTHABARI,277,0,0,490,0,490,0.0,0.0,1.0
52,MOTHABARI,28,0,0,1481,0,1481,0.0,0.0,1.0
52,MOTHABARI,29,0,0,1826,0,1826,0.0,0.0,1.0
52,MOTHABARI,3,0,0,1133,0,1133,0.0,0.0,1.0
52,MOTHABARI,30,0,0,1228,0,1228,0.0,0.0,1.0
52,MOTHABARI,31,0,0,884,0,884,0.0,0.0,1.0
52,MOTHABARI,317,0,0,765,0,765,0.0,0.0,1.0
52,MOTHABARI,32,0,0,469,0,469,0.0,0.0,1.0
52,MOTHABARI,33,0,0,36790,0,36790,0.0,0.0,1.0
52,MOTHABARI,34,0,0,487,0,487,0.0,0.0,1.0
52,MOTHABARI,36,0,0,546,0,546,0.0,0.0,1.0
52,MOTHABARI,37,0,0,577,0,577,0.0,0.0,1.0
52,MOTHABARI,378,0,0,546,0,546,0.0,0.0,1.0
52,MOTHABARI,38,0,0,717,0,717,0.0,0.0,1.0
52,MOTHABARI,39,0,0,211,0,211,0.0,0.0,1.0
52,MOTHABARI,396,0,0,1204,0,1204,0.0,0.0,1.0
52,MOTHABARI,4,0,0,508,0,508,0.0,0.0,1.0
52,MOTHABARI,40,0,0,879,0,879,0.0,0.0,1.0
52,MOTHABARI,41,0,0,1048,0,1048,0.0,0.0,1.0
52,MOTHABARI,411,0,0,589,0,589,0.0,0.0,1.0
52,MOTHABARI,42,0,0,713,0,713,0.0,0.0,1.0
52,MOTHABARI,5,0,0,1405,0,1405,0.0,0.0,1.0
52,MOTHABARI,6,0,0,1156,0,1156,0.0,0.0,1.0
52,MOTHABARI,7,0,0,533,0,533,0.0,0.0,1.0
52,MOTHABARI,8,0,0,1747,0,1747,0.0,0.0,1.0
52,MOTHABARI,80,0,0,630,0,630,0.0,0.0,1.0
52,MOTHABARI,81,0,0,548,0,548,0.0,0.0,1.0
52,MOTHABARI,87,0,0,707,0,707,0.0,0.0,1.0
52,MOTHABARI,89,0,0,467,0,467,0.0,0.0,1.0
52,MOTHABARI,9,0,0,2138,0,2138,0.0,0.0,1.0
52,MOTHABARI,90,0,0,488,0,488,0.0,0.0,1.0
52,MOTHABARI,90A,0,0,519,0,519,0.0,0.0,1.0
52,MOTHABARI,91,0,0,1190,0,1190,0.0,0.0,1.0
52,MOTHABARI,91A,0,0,584,0,584,0.0,0.0,1.0
52,MOTHABARI,92,0,0,755,0,755,0.0,0.0,1.0
52,MOTHABARI,93,0,0,766,0,766,0.0,0.0,1.0
52,MOTHABARI,94,0,0,1101,0,1101,0.0,0.0,1.0
52,MOTHABARI,94A,0,0,548,0,548,0.0,0.0,1.0
52,MOTHABARI,95,0,0,1180,0,1180,0.0,0.0,1.0
52,MOTHABARI,95A,0,0,962,0,962,0.0,0.0,1.0
52,MOTHABARI,96,0,0,1108,0,1108,0.0,0.0,1.0
52,MOTHABARI,96A,0,0,539,0,539,0.0,0.0,1.0
52,MOTHABARI,97,0,0,1521,0,1521,0.0,0.0,1.0
52,MOTHABARI,98,0,0,552,0,552,0.0,0.0,1.0
52,MOTHABARI,98A,0,0,552,0,552,0.0,0.0,1.0
52,MOTHABARI,99,0,0,1430,0,1430,0.0,0.0,1.0
52,MOTHABARI,99A,0,0,493,0,493,0.0,0.0,1.0
53,SUJAPUR,1,0,35,384,0,419,0.0,0.0,0.9164677804295943
53,SUJAPUR,10,0,45,826,0,871,0.0,0.0,0.9483352468427095
53,SUJAPUR,100,0,66,263,46,375,0.0,0.12266666666666666,0.7013333333333334
53,SUJAPUR,101,0,0,277,85,362,0.0,0.23480662983425415,0.7651933701657458
53,SUJAPUR,102,0,67,184,106,357,0.0,0.2969187675070028,0.5154061624649859
53,SUJAPUR,103,0,68,224,64,356,0.0,0.1797752808988764,0.6292134831460674
53,SUJAPUR,104,0,0,386,43,429,0.0,0.10023310023310024,0.8997668997668997
53,SUJAPUR,105,0,69,500,65,634,0.0,0.10252365930599369,0.7886435331230284
53,SUJAPUR,106,0,0,559,42,601,0.0,0.06988352745424292,0.930116472545757
53,SUJAPUR,107,0,70,399,32,501,0.0,0.06387225548902195,0.7964071856287425
53,SUJAPUR,108,0,71,327,47,445,0.0,0.10561797752808989,0.7348314606741573
53,SUJAPUR,109,0,72,486,135,693,0.0,0.19480519480519481,0.7012987012987013
53,SUJAPUR,11,0,81,766,0,847,0.0,0.0,0.9043683589138135
53,SUJAPUR,110,0,73,664,124,861,0.0,0.1440185830429733,0.7711962833914053
53,SUJAPUR,111,0,74,407,95,576,0.0,0.16493055555555555,0.7065972222222222
53,SUJAPUR,112,0,0,376,106,482,0.0,0.21991701244813278,0.7800829875518672
53,SUJAPUR,113,0,68,733,0,801,0.0,0.0,0.9151061173533084
53,SUJAPUR,114,0,111,1182,126,1419,0.0,0.08879492600422834,0.8329809725158562
53,SUJAPUR,115,0,99,1044,67,1210,0.0,0.05537190082644628,0.8628099173553719
53,SUJAPUR,1157A,0,68,43,363,474,0.0,0.7658227848101266,0.09071729957805907
53,SUJAPUR,115A,0,19,470,0,489,0.0,0.0,0.9611451942740287
53,SUJAPUR,116,0,100,973,69,1142,0.0,0.06042031523642732,0.852014010507881
53,SUJAPUR,116A,0,13,572,0,585,0.0,0.0,0.9777777777777777
53,SUJAPUR,117,0,78,825,49,952,0.0,0.051470588235294115,0.8665966386554622
53,SUJAPUR,117A,0,51,614,0,665,0.0,0.0,0.9233082706766917
53,SUJAPUR,118,0,179,1123,89,1391,0.0,0.06398274622573688,0.807332854061826
53,SUJAPUR,118A,0,1100,429,0,1529,0.0,0.0,0.2805755395683453
53,SUJAPUR,119,0,140,921,54,1115,0.0,0.0484304932735426,0.8260089686098655
53,SUJAPUR,119A,0,39,581,0,620,0.0,0.0,0.9370967741935484
53,SUJAPUR,12,0,47,402,0,449,0.0,0.0,0.8953229398663697
53,SUJAPUR,120,0,74,999,58,1131,0.0,0.05128205128205128,0.883289124668435
53,SUJAPUR,121,0,162,1024,69,1255,0.0,0.0549800796812749,0.8159362549800797
53,SUJAPUR,122,0,105,806,27,938,0.0,0.028784648187633263,0.8592750533049041
53,SUJAPUR,122A,0,17,546,0,563,0.0,0.0,0.9698046181172292
53,SUJAPUR,123,0,53,791,24,868,0.0,0.027649769585253458,0.9112903225806451
53,SUJAPUR,123A,0,66,501,0,567,0.0,0.0,0.8835978835978836
53,SUJAPUR,124,0,119,848,14,981,0.0,0.014271151885830785,0.8644240570846076
53,SUJAPUR,124A,0,41,474,0,515,0.0,0.0,0.920388349514563
53,SUJAPUR,125,0,59,672,35,766,0.0,0.04569190600522193,0.8772845953002611
53,SUJAPUR,125A,0,74,425,0,499,0.0,0.0,0.8517034068136272
53,SUJAPUR,126,0,114,1218,27,1359,0.0,0.019867549668874173,0.8962472406181016
53,SUJAPUR,126A,0,32,573,0,605,0.0,0.0,0.947107438016529
53,SUJAPUR,127,0,8,1323,0,1331,0.0,0.0,0.9939894815927873
53,SUJAPUR,128,0,163,1259,0,1422,0.0,0.0,0.8853727144866386
53,SUJAPUR,129,0,70,1382,0,1452,0.0,0.0,0.9517906336088154
53,SUJAPUR,12A,0,91,834,0,925,0.0,0.0,0.9016216216216216
53,SUJAPUR,13,0,28,462,0,490,0.0,0.0,0.9428571428571428
53,SUJAPUR,130,0,127,1028,0,1155,0.0,0.0,0.8900432900432901
53,SUJAPUR,130A,0,42,454,0,496,0.0,0.0,0.9153225806451613
53,SUJAPUR,131,0,106,953,0,1059,0.0,0.0,0.8999055712936733
53,SUJAPUR,132,0,114,941,0,1055,0.0,0.0,0.8919431279620853
53,SUJAPUR,133,0,51,843,0,894,0.0,0.0,0.9429530201342282
53,SUJAPUR,134,0,124,857,0,981,0.0,0.0,0.873598369011213
53,SUJAPUR,134A,0,30,373,0,403,0.0,0.0,0.9255583126550868
53,SUJAPUR,135,0,66,1128,0,1194,0.0,0.0,0.9447236180904522
53,SUJAPUR,136,0,134,1084,0,1218,0.0,0.0,0.8899835796387521
53,SUJAPUR,136A,0,37,522,0,559,0.0,0.0,0.9338103756708408
53,SUJAPUR,137,0,25,972,0,997,0.0,0.0,0.9749247743229689
53,SUJAPUR,137A,0,24,447,0,471,0.0,0.0,0.9490445859872612
53,SUJAPUR,138,0,145,1163,0,1308,0.0,0.0,0.8891437308868502
53,SUJAPUR,138A,0,56,519,0,575,0.0,0.0,0.9026086956521739
53,SUJAPUR,139,0,51,993,0,1044,0.0,0.0,0.9511494252873564
53,SUJAPUR,13A,0,30,491,0,521,0.0,0.0,0.9424184261036468
53,SUJAPUR,14,0,42,509,0,551,0.0,0.0,0.9237749546279492
53,SUJAPUR,140,0,235,850,277,1362,0.0,0.20337738619676946,0.6240822320117474
53,SUJAPUR,141,0,26,683,187,896,0.0,0.20870535714285715,0.7622767857142857
53,SUJAPUR,141A,0,38,188,246,472,0.0,0.5211864406779662,0.3983050847457627
53,SUJAPUR,142,0,104,465,557,1126,0.0,0.4946714031971581,0.4129662522202487
53,SUJAPUR,142A,0,10,6,503,519,0.0,0.9691714836223507,0.011560693641618497
53,SUJAPUR,143,0,35,408,563,1006,0.0,0.5596421471172962,0.40556660039761433
53,SUJAPUR,143A,0,15,12,551,578,0.0,0.9532871972318339,0.020761245674740483
53,SUJAPUR,144,0,125,684,490,1299,0.0,0.3772132409545804,0.5265588914549654
53,SUJAPUR,144A,0,28,63,431,522,0.0,0.8256704980842912,0.1206896551724138
53,SUJAPUR,145,0,170,901,292,1363,0.0,0.21423330887747616,0.661041819515774
53,SUJAPUR,145A,0,49,148,225,422,0.0,0.533175355450237,0.35071090047393366
53,SUJAPUR,146,0,154,710,527,1391,0.0,0.3788641265276779,0.5104241552839683
53,SUJAPUR,146A,0,57,18,456,531,0.0,0.8587570621468926,0.03389830508474576
53,SUJAPUR,147,0,142,654,390,1186,0.0,0.3288364249578415,0.551433389544688
53,SUJAPUR,147A,0,46,15,367,428,0.0,0.8574766355140186,0.035046728971962614
53,SUJAPUR,148,0,129,620,479,1228,0.0,0.39006514657980457,0.504885993485342
53,SUJAPUR,149,0,145,706,662,1513,0.0,0.43754130865829477,0.4666226040978189
53,SUJAPUR,14A,0,64,523,0,587,0.0,0.0,0.8909710391822828
53,SUJAPUR,15,0,32,480,0,512,0.0,0.0,0.9375
53,SUJAPUR,150,0,262,647,371,1280,0.0,0.28984375,0.50546875
53,SUJAPUR,151,0,48,727,237,1012,0.0,0.2341897233201581,0.7183794466403162
53,SUJAPUR,151A,0,16,298,206,520,0.0,0.39615384615384613,0.573076923076923
53,SUJAPUR,152,0,179,847,366,1392,0.0,0.2629310344827586,0.6084770114942529
53,SUJAPUR,153,0,87,821,170,1078,0.0,0.15769944341372913,0.761595547309833
53,SUJAPUR,153A,0,44,284,115,443,0.0,0.2595936794582393,0.6410835214446953
53,SUJAPUR,154,0,347,611,264,1222,0.0,0.2160392798690671,0.5
53,SUJAPUR,154A,0,249,43,204,496,0.0,0.4112903225806452,0.08669354838709678
53,SUJAPUR,155,0,45,1099,203,1347,0.0,0.15070527097253156,0.8158871566443949
53,SUJAPUR,156,0,107,728,270,1105,0.0,0.24434389140271492,0.6588235294117647
53,SUJAPUR,157,0,25,845,128,998,0.0,0.1282565130260521,0.8466933867735471
53,SUJAPUR,158,0,116,708,374,1198,0.0,0.3121869782971619,0.5909849749582637
53,SUJAPUR,158A,0,15,7,349,371,0.0,0.9407008086253369,0.018867924528301886
53,SUJAPUR,159,0,126,739,383,1248,0.0,0.30689102564102566,0.5921474358974359
53,SUJAPUR,159A,0,8,11,425,444,0.0,0.9572072072072072,0.024774774774774775
53,SUJAPUR,15A,0,57,503,0,560,0.0,0.0,0.8982142857142857
53,SUJAPUR,16,0,91,478,0,569,0.0,0.0,0.8400702987697716
53,SUJAPUR,160,0,177,612,402,1191,0.0,0.33753148614609574,0.5138539042821159
53,SUJAPUR,160A,0,26,387,125,538,0.0,0.23234200743494424,0.7193308550185874
53,SUJAPUR,161,0,31,976,21,1028,0.0,0.020428015564202335,0.9494163424124513
53,SUJAPUR,161A,0,52,360,35,447,0.0,0.07829977628635347,0.8053691275167785
53,SUJAPUR,162,0,276,568,652,1496,0.0,0.4358288770053476,0.37967914438502676
53,SUJAPUR,163,0,141,522,597,1260,0.0,0.4738095238095238,0.4142857142857143
53,SUJAPUR,164,0,145,798,411,1354,0.0,0.30354505169867063,0.5893648449039882
53,SUJAPUR,164A,0,43,9,352,404,0.0,0.8712871287128713,0.022277227722772276
53,SUJAPUR,165,0,170,664,432,1266,0.0,0.3412322274881517,0.5244865718799369
53,SUJAPUR,165A,0,79,76,301,456,0.0,0.6600877192982456,0.16666666666666666
53,SUJAPUR,166,0,116,613,654,1383,0.0,0.47288503253796094,0.4432393347794649
53,SUJAPUR,167,0,7,1215,0,1222,0.0,0.0,0.9942716857610474
53,SUJAPUR,168,0,120,1027,0,1147,0.0,0.0,0.8953792502179599
53,SUJAPUR,168A,0,11,463,0,474,0.0,0.0,0.9767932489451476
53,SUJAPUR,169,0,18,1225,0,1243,0.0,0.0,0.9855189058728882
53,SUJAPUR,16A,0,19,576,0,595,0.0,0.0,0.9680672268907563
53,SUJAPUR,17,0,75,463,0,538,0.0,0.0,0.8605947955390335
53,SUJAPUR,170,0,119,1313,0,1432,0.0,0.0,0.9168994413407822
53,SUJAPUR,170A,0,17,443,0,460,0.0,0.0,0.9630434782608696
53,SUJAPUR,171,0,12,434,0,446,0.0,0.0,0.9730941704035875
53,SUJAPUR,171A,0,8,415,0,423,0.0,0.0,0.9810874704491725
53,SUJAPUR,172,0,1,581,0,582,0.0,0.0,0.9982817869415808
53,SUJAPUR,173,0,14,537,0,551,0.0,0.0,0.9745916515426497
53,SUJAPUR,174,0,33,746,0,779,0.0,0.0,0.9576379974326059
53,SUJAPUR,175,0,39,698,0,737,0.0,0.0,0.9470827679782904
53,SUJAPUR,176,0,24,646,0,670,0.0,0.0,0.9641791044776119
53,SUJAPUR,177,0,26,744,0,770,0.0,0.0,0.9662337662337662
53,SUJAPUR,178,0,23,461,0,484,0.0,0.0,0.9524793388429752
53,SUJAPUR,178A,0,5,486,0,491,0.0,0.0,0.9898167006109979
53,SUJAPUR,179,0,9,481,0,490,0.0,0.0,0.9816326530612245
53,SUJAPUR,179A,0,8,408,0,416,0.0,0.0,0.9807692307692307
53,SUJAPUR,17A,0,76,464,0,540,0.0,0.0,0.8592592592592593
53,SUJAPUR,18,0,137,454,0,591,0.0,0.0,0.7681895093062606
53,SUJAPUR,180,0,117,668,0,785,0.0,0.0,0.8509554140127389
53,SUJAPUR,181,0,46,720,0,766,0.0,0.0,0.9399477806788512
53,SUJAPUR,182,0,39,510,0,549,0.0,0.0,0.9289617486338798
53,SUJAPUR,183,0,108,299,0,407,0.0,0.0,0.7346437346437347
53,SUJAPUR,183A,0,130,309,0,439,0.0,0.0,0.7038724373576309
53,SUJAPUR,184,0,156,466,0,622,0.0,0.0,0.7491961414790996
53,SUJAPUR,185,0,128,454,0,582,0.0,0.0,0.7800687285223368
53,SUJAPUR,186,0,101,799,0,900,0.0,0.0,0.8877777777777778
53,SUJAPUR,187,0,46,517,0,563,0.0,0.0,0.9182948490230906
53,SUJAPUR,187A,0,39,414,0,453,0.0,0.0,0.9139072847682119
53,SUJAPUR,188,0,99,499,0,598,0.0,0.0,0.8344481605351171
53,SUJAPUR,188A,0,95,506,0,601,0.0,0.0,0.8419301164725458
53,SUJAPUR,189,0,58,458,0,516,0.0,0.0,0.8875968992248062
53,SUJAPUR,189A,0,29,372,0,401,0.0,0.0,0.9276807980049875
53,SUJAPUR,18A,0,174,475,0,649,0.0,0.0,0.7318952234206472
53,SUJAPUR,19,0,182,578,0,760,0.0,0.0,0.7605263157894737
53,SUJAPUR,190,0,102,447,0,549,0.0,0.0,0.8142076502732241
53,SUJAPUR,190A,0,119,462,0,581,0.0,0.0,0.7951807228915663
53,SUJAPUR,191,0,87,375,0,462,0.0,0.0,0.8116883116883117
53,SUJAPUR,191A,0,106,436,0,542,0.0,0.0,0.8044280442804428
53,SUJAPUR,192,0,154,654,0,808,0.0,0.0,0.8094059405940595
53,SUJAPUR,193,0,141,663,0,804,0.0,0.0,0.8246268656716418
53,SUJAPUR,194,0,61,612,0,673,0.0,0.0,0.9093610698365527
53,SUJAPUR,195,0,70,574,0,644,0.0,0.0,0.8913043478260869
53,SUJAPUR,196,0,129,430,0,559,0.0,0.0,0.7692307692307693
53,SUJAPUR,196A,0,64,293,0,357,0.0,0.0,0.8207282913165266
53,SUJAPUR,197,0,35,526,0,561,0.0,0.0,0.9376114081996435
53,SUJAPUR,197A,0,27,525,0,552,0.0,0.0,0.9510869565217391
53,SUJAPUR,198,0,0,664,102,766,0.0,0.13315926892950392,0.8668407310704961
53,SUJAPUR,199,0,0,581,74,655,0.0,0.11297709923664122,0.8870229007633588
53,SUJAPUR,2,0,58,450,0,508,0.0,0.0,0.8858267716535433
53,SUJAPUR,20,0,78,589,0,667,0.0,0.0,0.8830584707646177
53,SUJAPUR,200,0,0,517,116,633,0.0,0.18325434439178515,0.8167456556082149
53,SUJAPUR,201,0,0,431,40,471,0.0,0.08492569002123142,0.9150743099787686
53,SUJAPUR,201A,0,0,368,79,447,0.0,0.1767337807606264,0.8232662192393736
53,SUJAPUR,202,0,0,773,99,872,0.0,0.11353211009174312,0.8864678899082569
53,SUJAPUR,203,0,0,617,100,717,0.0,0.1394700139470014,0.8605299860529986
53,SUJAPUR,204,0,0,606,112,718,0.0,0.15598885793871867,0.8440111420612814
53,SUJAPUR,205,0,0,465,116,581,0.0,0.19965576592082615,0.8003442340791739
53,SUJAPUR,205A,0,0,478,90,568,0.0,0.15845070422535212,0.8415492957746479
53,SUJAPUR,206,0,0,502,100,602,0.0,0.16611295681063123,0.8338870431893688
53,SUJAPUR,206A,0,0,466,97,563,0.0,0.17229129662522202,0.827708703374778
53,SUJAPUR,207,0,0,478,128,606,0.0,0.21122112211221122,0.7887788778877888
53,SUJAPUR,207A,0,0,456,79,535,0.0,0.14766355140186915,0.8523364485981308
53,SUJAPUR,208,0,0,624,46,670,0.0,0.06865671641791045,0.9313432835820895
53,SUJAPUR,209,0,0,382,117,499,0.0,0.23446893787575152,0.7655310621242485
53,SUJAPUR,209A,0,0,415,106,521,0.0,0.2034548944337812,0.7965451055662188
53,SUJAPUR,21,0,34,609,0,643,0.0,0.0,0.9471228615863142
53,SUJAPUR,210,0,0,502,34,536,0.0,0.06343283582089553,0.9365671641791045
53,SUJAPUR,210A,0,0,525,64,589,0.0,0.10865874363327674,0.8913412563667232
53,SUJAPUR,211,0,0,513,36,549,0.0,0.06557377049180328,0.9344262295081968
53,SUJAPUR,211A,0,0,533,58,591,0.0,0.09813874788494077,0.9018612521150592
53,SUJAPUR,212,0,0,724,53,777,0.0,0.0682110682110682,0.9317889317889317
53,SUJAPUR,213,0,0,703,72,775,0.0,0.09290322580645162,0.9070967741935484
53,SUJAPUR,214,0,0,599,77,676,0.0,0.11390532544378698,0.886094674556213
53,SUJAPUR,215,0,0,483,36,519,0.0,0.06936416184971098,0.930635838150289
53,SUJAPUR,215A,0,0,455,20,475,0.0,0.042105263157894736,0.9578947368421052
53,SUJAPUR,216,0,0,385,75,460,0.0,0.16304347826086957,0.8369565217391305
53,SUJAPUR,216A,0,0,367,71,438,0.0,0.16210045662100456,0.8378995433789954
53,SUJAPUR,217,0,0,355,39,394,0.0,0.09898477157360407,0.9010152284263959
53,SUJAPUR,218,0,0,390,95,485,0.0,0.1958762886597938,0.8041237113402062
53,SUJAPUR,218A,0,0,419,68,487,0.0,0.13963039014373715,0.8603696098562629
53,SUJAPUR,219,0,0,437,47,484,0.0,0.09710743801652892,0.9028925619834711
53,SUJAPUR,219A,0,0,448,44,492,0.0,0.08943089430894309,0.9105691056910569
53,SUJAPUR,21A,0,29,601,0,630,0.0,0.0,0.953968253968254
53,SUJAPUR,22,0,29,464,0,493,0.0,0.0,0.9411764705882353
53,SUJAPUR,220,0,0,237,30,267,0.0,0.11235955056179775,0.8876404494382022
53,SUJAPUR,221,0,0,460,31,491,0.0,0.06313645621181263,0.9368635437881874
53,SUJAPUR,221A,0,0,409,34,443,0.0,0.07674943566591422,0.9232505643340858
53,SUJAPUR,222,0,0,719,87,806,0.0,0.10794044665012408,0.892059553349876
53,SUJAPUR,223,0,0,549,95,644,0.0,0.14751552795031056,0.8524844720496895
53,SUJAPUR,224,0,0,374,125,499,0.0,0.250501002004008,0.749498997995992
53,SUJAPUR,224A,0,0,366,84,450,0.0,0.18666666666666668,0.8133333333333334
53,SUJAPUR,225,0,0,564,281,845,0.0,0.33254437869822484,0.6674556213017752
53,SUJAPUR,226,0,0,578,22,600,0.0,0.03666666666666667,0.9633333333333334
53,SUJAPUR,226A,0,0,544,94,638,0.0,0.14733542319749215,0.8526645768025078
53,SUJAPUR,227,0,0,578,58,636,0.0,0.09119496855345911,0.9088050314465409
53,SUJAPUR,229A,0,0,457,153,610,0.0,0.25081967213114753,0.7491803278688525
53,SUJAPUR,22A,0,29,454,0,483,0.0,0.0,0.9399585921325052
53,SUJAPUR,23,0,96,472,0,568,0.0,0.0,0.8309859154929577
53,SUJAPUR,230A,0,0,448,20,468,0.0,0.042735042735042736,0.9572649572649573
53,SUJAPUR,231A,0,0,501,66,567,0.0,0.1164021164021164,0.8835978835978836
53,SUJAPUR,23A,0,131,506,0,637,0.0,0.0,0.7943485086342229
53,SUJAPUR,24A,0,24,505,0,529,0.0,0.0,0.9546313799621928
53,SUJAPUR,25,0,86,527,0,613,0.0,0.0,0.8597063621533442
53,SUJAPUR,25A,0,83,490,0,573,0.0,0.0,0.8551483420593369
53,SUJAPUR,26,0,73,433,0,506,0.0,0.0,0.8557312252964426
53,SUJAPUR,26A,0,73,513,0,586,0.0,0.0,0.8754266211604096
53,SUJAPUR,27,0,42,451,0,493,0.0,0.0,0.9148073022312373
53,SUJAPUR,27A,0,33,411,0,444,0.0,0.0,0.9256756756756757
53,SUJAPUR,28,0,31,446,0,477,0.0,0.0,0.9350104821802935
53,SUJAPUR,28A,0,43,412,0,455,0.0,0.0,0.9054945054945055
53,SUJAPUR,29,0,32,576,0,608,0.0,0.0,0.9473684210526315
53,SUJAPUR,3,0,140,681,0,821,0.0,0.0,0.8294762484774665
53,SUJAPUR,30,0,19,714,0,733,0.0,0.0,0.9740791268758526
53,SUJAPUR,31,0,145,1311,75,1531,0.0,0.04898758981058132,0.8563030698889614
53,SUJAPUR,32,0,31,798,0,829,0.0,0.0,0.962605548854041
53,SUJAPUR,33,0,21,493,0,514,0.0,0.0,0.9591439688715954
53,SUJAPUR,33A,0,48,407,0,455,0.0,0.0,0.8945054945054945
53,SUJAPUR,34,0,31,440,0,471,0.0,0.0,0.9341825902335457
53,SUJAPUR,34A,0,37,423,0,460,0.0,0.0,0.9195652173913044
53,SUJAPUR,35,0,28,527,0,555,0.0,0.0,0.9495495495495495
53,SUJAPUR,36,0,29,633,0,662,0.0,0.0,0.9561933534743202
53,SUJAPUR,37,0,131,587,0,718,0.0,0.0,0.8175487465181058
53,SUJAPUR,38,0,38,593,0,631,0.0,0.0,0.9397781299524565
53,SUJAPUR,39,0,27,585,0,612,0.0,0.0,0.9558823529411765
53,SUJAPUR,4,0,166,540,55,761,0.0,0.07227332457293036,0.709592641261498
53,SUJAPUR,40,0,34,500,0,534,0.0,0.0,0.9363295880149812
53,SUJAPUR,40A,0,37,463,0,500,0.0,0.0,0.926
53,SUJAPUR,41,0,65,659,0,724,0.0,0.0,0.9102209944751382
53,SUJAPUR,42,0,40,525,0,565,0.0,0.0,0.9292035398230089
53,SUJAPUR,43,0,24,1510,0,1534,0.0,0.0,0.984354628422425
53,SUJAPUR,43A,0,14,558,0,572,0.0,0.0,0.9755244755244755
53,SUJAPUR,44,0,21,363,0,384,0.0,0.0,0.9453125
53,SUJAPUR,44A,0,23,415,0,438,0.0,0.0,0.9474885844748858
53,SUJAPUR,45,0,73,436,0,509,0.0,0.0,0.8565815324165029
53,SUJAPUR,45A,0,49,411,0,460,0.0,0.0,0.8934782608695652
53,SUJAPUR,46,0,82,408,0,490,0.0,0.0,0.8326530612244898
53,SUJAPUR,46A,0,82,429,0,511,0.0,0.0,0.8395303326810176
53,SUJAPUR,47,0,29,537,0,566,0.0,0.0,0.9487632508833922
53,SUJAPUR,47A,0,43,536,0,579,0.0,0.0,0.92573402417962
53,SUJAPUR,48,0,32,508,0,540,0.0,0.0,0.9407407407407408
53,SUJAPUR,48A,0,50,486,0,536,0.0,0.0,0.9067164179104478
53,SUJAPUR,49,0,40,486,0,526,0.0,0.0,0.9239543726235742
53,SUJAPUR,49A,0,39,541,0,580,0.0,0.0,0.9327586206896552
53,SUJAPUR,4A,0,56,201,0,257,0.0,0.0,0.7821011673151751
53,SUJAPUR,5,0,75,666,0,741,0.0,0.0,0.8987854251012146
53,SUJAPUR,50,0,12,599,0,611,0.0,0.0,0.9803600654664485
53,SUJAPUR,50A,0,11,545,0,556,0.0,0.0,0.9802158273381295
53,SUJAPUR,51,0,44,741,0,785,0.0,0.0,0.9439490445859873
53,SUJAPUR,6,0,161,751,57,969,0.0,0.058823529411764705,0.7750257997936016
53,SUJAPUR,6A,0,75,372,0,447,0.0,0.0,0.8322147651006712
53,SUJAPUR,7,0,21,475,0,496,0.0,0.0,0.9576612903225806
53,SUJAPUR,7A,0,21,486,0,507,0.0,0.0,0.9585798816568047
53,SUJAPUR,8,0,73,398,0,471,0.0,0.0,0.8450106157112527
53,SUJAPUR,83,0,52,440,43,535,0.0,0.08037383177570094,0.822429906542056
53,SUJAPUR,84,0,53,463,29,545,0.0,0.05321100917431193,0.8495412844036697
53,SUJAPUR,85,0,54,537,31,622,0.0,0.04983922829581994,0.8633440514469454
53,SUJAPUR,87,0,56,425,67,548,0.0,0.12226277372262774,0.7755474452554745
53,SUJAPUR,89,0,0,312,98,410,0.0,0.23902439024390243,0.7609756097560976
53,SUJAPUR,8A,0,78,457,0,535,0.0,0.0,0.8542056074766355
53,SUJAPUR,9,0,32,532,0,564,0.0,0.0,0.9432624113475178
53,SUJAPUR,90,0,58,340,208,606,0.0,0.3432343234323432,0.5610561056105611
53,SUJAPUR,91,0,59,509,1500,2068,0.0,0.7253384912959381,0.24613152804642166
53,SUJAPUR,92,0,60,562,119,741,0.0,0.16059379217273953,0.7584345479082322
53,SUJAPUR,93,0,61,319,184,564,0.0,0.3262411347517731,0.5656028368794326
53,SUJAPUR,94,0,62,317,35,414,0.0,0.08454106280193237,0.7657004830917874
53,SUJAPUR,95,0,0,336,29,365,0.0,0.07945205479452055,0.9205479452054794
53,SUJAPUR,96,0,63,252,96,411,0.0,0.23357664233576642,0.6131386861313869
53,SUJAPUR,97,0,64,245,119,428,0.0,0.2780373831775701,0.572429906542056
53,SUJAPUR,98,0,0,363,56,419,0.0,0.13365155131264916,0.8663484486873508
53,SUJAPUR,99,0,65,460,135,660,0.0,0.20454545454545456,0.696969696969697
53,SUJAPUR,9A,0,20,548,0,568,0.0,0.0,0.9647887323943662
54,BAISNABNAGAR,1,273,0,13,91,377,0.7241379310344828,0.2413793103448276,0.034482758620689655
54,BAISNABNAGAR,10,391,0,29,118,538,0.7267657992565055,0.21933085501858737,0.05390334572490706
54,BAISNABNAGAR,11,353,0,25,140,518,0.6814671814671814,0.2702702702702703,0.04826254826254826
54,BAISNABNAGAR,12,299,0,20,165,484,0.6177685950413223,0.3409090909090909,0.04132231404958678
54,BAISNABNAGAR,13,32,0,11,208,251,0.12749003984063745,0.8286852589641435,0.043824701195219126
54,BAISNABNAGAR,134,0,0,229,473,702,0.0,0.6737891737891738,0.3262108262108262
54,BAISNABNAGAR,135,0,0,738,34,772,0.0,0.04404145077720207,0.9559585492227979
54,BAISNABNAGAR,136,0,0,327,526,853,0.0,0.6166471277842908,0.38335287221570924
54,BAISNABNAGAR,137,0,0,322,496,818,0.0,0.6063569682151589,0.39364303178484106
54,BAISNABNAGAR,138,0,0,560,78,638,0.0,0.12225705329153605,0.877742946708464
54,BAISNABNAGAR,138A,0,0,419,183,602,0.0,0.30398671096345514,0.6960132890365448
54,BAISNABNAGAR,139,0,0,427,333,760,0.0,0.4381578947368421,0.5618421052631579
54,BAISNABNAGAR,14,1,0,5,139,145,0.006896551724137931,0.9586206896551724,0.034482758620689655
54,BAISNABNAGAR,140,0,0,414,125,539,0.0,0.23191094619666047,0.7680890538033395
54,BAISNABNAGAR,141,0,0,452,138,590,0.0,0.23389830508474577,0.7661016949152543
54,BAISNABNAGAR,141A,0,0,416,144,560,0.0,0.2571428571428571,0.7428571428571429
54,BAISNABNAGAR,142,0,0,257,236,493,0.0,0.4787018255578093,0.5212981744421906
54,BAISNABNAGAR,143,0,0,417,65,482,0.0,0.13485477178423236,0.8651452282157677
54,BAISNABNAGAR,143A,0,0,390,93,483,0.0,0.19254658385093168,0.8074534161490683
54,BAISNABNAGAR,144,0,0,422,130,552,0.0,0.23550724637681159,0.7644927536231884
54,BAISNABNAGAR,144A,0,0,428,75,503,0.0,0.14910536779324055,0.8508946322067594
54,BAISNABNAGAR,145,0,0,540,220,760,0.0,0.2894736842105263,0.7105263157894737
54,BAISNABNAGAR,146,0,0,830,41,871,0.0,0.04707233065442021,0.9529276693455798
54,BAISNABNAGAR,147,0,0,451,103,554,0.0,0.18592057761732853,0.8140794223826715
54,BAISNABNAGAR,147A,0,0,473,66,539,0.0,0.12244897959183673,0.8775510204081632
54,BAISNABNAGAR,148,0,0,417,55,472,0.0,0.11652542372881355,0.8834745762711864
54,BAISNABNAGAR,148A,0,0,466,37,503,0.0,0.073558648111332,0.9264413518886679
54,BAISNABNAGAR,149,0,0,273,368,641,0.0,0.5741029641185648,0.42589703588143524
54,BAISNABNAGAR,15,719,0,32,93,844,0.8518957345971564,0.11018957345971564,0.037914691943127965
54,BAISNABNAGAR,150,0,0,363,490,853,0.0,0.5744431418522861,0.42555685814771393
54,BAISNABNAGAR,151,0,0,448,146,594,0.0,0.24579124579124578,0.7542087542087542
54,BAISNABNAGAR,151A,0,0,238,347,585,0.0,0.5931623931623932,0.40683760683760684
54,BAISNABNAGAR,152,0,0,352,423,775,0.0,0.5458064516129032,0.4541935483870968
54,BAISNABNAGAR,153,0,0,238,379,617,0.0,0.6142625607779578,0.3857374392220421
54,BAISNABNAGAR,153A,0,0,266,319,585,0.0,0.5452991452991452,0.4547008547008547
54,BAISNABNAGAR,154,0,0,161,345,506,0.0,0.6818181818181818,0.3181818181818182
54,BAISNABNAGAR,154A,0,0,0,0,0,,,
54,BAISNABNAGAR,155,4,0,420,486,910,0.004395604395604396,0.5340659340659341,0.46153846153846156
54,BAISNABNAGAR,156,5,0,1252,273,1530,0.0032679738562091504,0.1784313725490196,0.8183006535947712
54,BAISNABNAGAR,157,3,0,1180,549,1732,0.0017321016166281756,0.3169745958429561,0.6812933025404158
54,BAISNABNAGAR,158,0,0,935,535,1470,0.0,0.36394557823129253,0.6360544217687075
54,BAISNABNAGAR,159,7,0,1103,94,1204,0.005813953488372093,0.07807308970099668,0.9161129568106312
54,BAISNABNAGAR,159A,0,0,469,108,577,0.0,0.18717504332755633,0.8128249566724437
54,BAISNABNAGAR,16,8,0,9,275,292,0.0273972602739726,0.9417808219178082,0.030821917808219176
54,BAISNABNAGAR,160,5,0,1218,30,1253,0.0039904229848363925,0.023942537909018357,0.9720670391061452
54,BAISNABNAGAR,160A,0,0,5541,36,5577,0.0,0.006455083378160301,0.9935449166218397
54,BAISNABNAGAR,161,2,0,535,440,977,0.0020470829068577278,0.4503582395087001,0.5475946775844421
54,BAISNABNAGAR,161A,0,0,119,430,549,0.0,0.7832422586520947,0.2167577413479053
54,BAISNABNAGAR,162,6,0,996,0,1002,0.005988023952095809,0.0,0.9940119760479041
54,BAISNABNAGAR,162A,0,0,337,95,432,0.0,0.2199074074074074,0.7800925925925926
54,BAISNABNAGAR,163,6,0,986,387,1379,0.00435097897026831,0.28063814358230604,0.7150108774474256
54,BAISNABNAGAR,163A,0,0,357,217,574,0.0,0.3780487804878049,0.6219512195121951
54,BAISNABNAGAR,164,10,0,925,385,1320,0.007575757575757576,0.2916666666666667,0.7007575757575758
54,BAISNABNAGAR,164A,0,0,302,240,542,0.0,0.44280442804428044,0.5571955719557196
54,BAISNABNAGAR,165,5,0,1012,616,1633,0.003061849357011635,0.3772198407838334,0.6197183098591549
54,BAISNABNAGAR,166,5,0,1042,523,1570,0.0031847133757961785,0.33312101910828024,0.6636942675159235
54,BAISNABNAGAR,167,6,0,728,384,1118,0.005366726296958855,0.3434704830053667,0.6511627906976745
54,BAISNABNAGAR,167A,0,0,189,315,504,0.0,0.625,0.375
54,BAISNABNAGAR,168,2,0,892,389,1283,0.001558846453624318,0.30319563522992987,0.6952455183164459
54,BAISNABNAGAR,169,2,0,640,283,925,0.002162162162162162,0.30594594594594593,0.6918918918918919
54,BAISNABNAGAR,17,4,0,3,335,342,0.011695906432748537,0.97953216374269,0.008771929824561403
54,BAISNABNAGAR,170,2,0,690,109,801,0.0024968789013732834,0.13607990012484394,0.8614232209737828
54,BAISNABNAGAR,170A,0,0,401,77,478,0.0,0.16108786610878661,0.8389121338912134
54,BAISNABNAGAR,171,3,0,1186,283,1472,0.0020380434782608695,0.1922554347826087,0.8057065217391305
54,BAISNABNAGAR,171A,0,0,218,312,530,0.0,0.5886792452830188,0.41132075471698115
54,BAISNABNAGAR,172,5,0,1076,346,1427,0.00350385423966363,0.2424667133847232,0.7540294323756132
54,BAISNABNAGAR,172A,0,0,109,344,453,0.0,0.7593818984547461,0.24061810154525387
54,BAISNABNAGAR,173,6,0,1155,385,1546,0.0038809831824062097,0.24902975420439843,0.7470892626131953
54,BAISNABNAGAR,173A,0,0,119,376,495,0.0,0.7595959595959596,0.2404040404040404
54,BAISNABNAGAR,174,2,0,1094,54,1150,0.0017391304347826088,0.04695652173913043,0.951304347826087
54,BAISNABNAGAR,174A,0,0,401,40,441,0.0,0.09070294784580499,0.909297052154195
54,BAISNABNAGAR,175,2,0,1142,164,1308,0.0015290519877675841,0.12538226299694188,0.8730886850152905
54,BAISNABNAGAR,175A,0,0,405,135,540,0.0,0.25,0.75
54,BAISNABNAGAR,176,7,0,1096,95,1198,0.005843071786310518,0.07929883138564274,0.9148580968280468
54,BAISNABNAGAR,176A,0,0,386,93,479,0.0,0.1941544885177453,0.8058455114822547
54,BAISNABNAGAR,177,2,0,964,147,1113,0.0017969451931716084,0.1320754716981132,0.8661275831087152
54,BAISNABNAGAR,178,5,0,937,167,1109,0.004508566275924256,0.15058611361587015,0.8449053201082056
54,BAISNABNAGAR,178A,0,0,373,103,476,0.0,0.21638655462184875,0.7836134453781513
54,BAISNABNAGAR,179,2,0,36071,74,36147,5.532962624837469e-05,0.0020471961711898638,0.9978974742025618
54,BAISNABNAGAR,179A,0,0,355,106,461,0.0,0.2299349240780911,0.7700650759219089
54,BAISNABNAGAR,18,402,0,31,101,534,0.7528089887640449,0.1891385767790262,0.05805243445692884
54,BAISNABNAGAR,180,16,0,1544,78,1638,0.009768009768009768,0.047619047619047616,0.9426129426129426
54,BAISNABNAGAR,180A,0,0,303,268,571,0.0,0.46935201401050786,0.5306479859894921
54,BAISNABNAGAR,181,5,0,1032,224,1261,0.003965107057890563,0.17763679619349723,0.8183980967486122
54,BAISNABNAGAR,181A,0,0,270,265,535,0.0,0.4953271028037383,0.5046728971962616
54,BAISNABNAGAR,182,6,0,802,324,1132,0.00530035335689046,0.2862190812720848,0.7084805653710248
54,BAISNABNAGAR,182A,0,0,206,337,543,0.0,0.6206261510128913,0.37937384898710863
54,BAISNABNAGAR,183,8,0,892,371,1271,0.006294256490952006,0.29189614476789927,0.7018095987411487
54,BAISNABNAGAR,183A,0,0,168,350,518,0.0,0.6756756756756757,0.32432432432432434
54,BAISNABNAGAR,184,6,0,1050,198,1254,0.004784688995215311,0.15789473684210525,0.8373205741626795
54,BAISNABNAGAR,184A,0,0,341,244,585,0.0,0.4170940170940171,0.582905982905983
54,BAISNABNAGAR,185,15,0,1182,236,1433,0.0104675505931612,0.16468946266573622,0.8248429867411026
54,BAISNABNAGAR,185A,0,0,269,175,444,0.0,0.39414414414414417,0.6058558558558559
54,BAISNABNAGAR,186,5,0,816,328,1149,0.004351610095735422,0.2854656222802437,0.7101827676240209
54,BAISNABNAGAR,186A,2,0,456,0,458,0.004366812227074236,0.0,0.9956331877729258
54,BAISNABNAGAR,187,13,0,959,0,972,0.013374485596707819,0.0,0.9866255144032922
54,BAISNABNAGAR,188,10,0,1371,0,1381,0.00724112961622013,0.0,0.9927588703837799
54,BAISNABNAGAR,188A,0,0,609,0,609,0.0,0.0,1.0
54,BAISNABNAGAR,189,20,0,1226,0,1246,0.016051364365971106,0.0,0.9839486356340289
54,BAISNABNAGAR,19,405,0,22,107,534,0.7584269662921348,0.20037453183520598,0.04119850187265917
54,BAISNABNAGAR,190,7,0,1343,0,1350,0.005185185185185185,0.0,0.9948148148148148
54,BAISNABNAGAR,191,27,0,1128,0,1155,0.023376623376623377,0.0,0.9766233766233766
54,BAISNABNAGAR,192,20,0,1598,0,1618,0.012360939431396786,0.0,0.9876390605686032
54,BAISNABNAGAR,193,16,0,1190,0,1206,0.013266998341625208,0.0,0.9867330016583747
54,BAISNABNAGAR,193A,8,0,475,0,483,0.016563146997929608,0.0,0.9834368530020704
54,BAISNABNAGAR,194,17,0,1270,0,1287,0.01320901320901321,0.0,0.9867909867909868
54,BAISNABNAGAR,195,4,0,584,0,588,0.006802721088435374,0.0,0.9931972789115646
54,BAISNABNAGAR,195A,5,0,564,0,569,0.008787346221441126,0.0,0.9912126537785588
54,BAISNABNAGAR,196,14,0,467,0,481,0.029106029106029108,0.0,0.9708939708939709
54,BAISNABNAGAR,196A,8,0,444,0,452,0.017699115044247787,0.0,0.9823008849557522
54,BAISNABNAGAR,197,1,0,569,0,570,0.0017543859649122807,0.0,0.9982456140350877
54,BAISNABNAGAR,197A,6,0,427,0,433,0.013856812933025405,0.0,0.9861431870669746
54,BAISNABNAGAR,198,9,0,663,0,672,0.013392857142857142,0.0,0.9866071428571429
54,BAISNABNAGAR,199,8,0,685,0,693,0.011544011544011544,0.0,0.9884559884559885
54,BAISNABNAGAR,2,329,0,32,344,705,0.4666666666666667,0.4879432624113475,0.04539007092198582
54,BAISNABNAGAR,20,350,0,23,113,486,0.720164609053498,0.23251028806584362,0.047325102880658436
54,BAISNABNAGAR,200,18,0,810,0,828,0.021739130434782608,0.0,0.9782608695652174
54,BAISNABNAGAR,201,12,0,846,0,858,0.013986013986013986,0.0,0.986013986013986
54,BAISNABNAGAR,202,4,0,684,0,688,0.005813953488372093,0.0,0.9941860465116279
54,BAISNABNAGAR,203,5,0,625,0,630,0.007936507936507936,0.0,0.9920634920634921
54,BAISNABNAGAR,204,6,0,531,0,537,0.0111731843575419,0.0,0.9888268156424581
54,BAISNABNAGAR,204A,5,0,426,0,431,0.01160092807424594,0.0,0.988399071925754
54,BAISNABNAGAR,205,4,0,484,0,488,0.00819672131147541,0.0,0.9918032786885246
54,BAISNABNAGAR,205A,4,0,507,0,511,0.007827788649706457,0.0,0.9921722113502935
54,BAISNABNAGAR,206,9,0,801,0,810,0.011111111111111112,0.0,0.9888888888888889
54,BAISNABNAGAR,207,3,0,455,0,458,0.006550218340611353,0.0,0.9934497816593887
54,BAISNABNAGAR,207A,10,0,432,0,442,0.02262443438914027,0.0,0.9773755656108597
54,BAISNABNAGAR,208,3,0,783,0,786,0.003816793893129771,0.0,0.9961832061068703
54,BAISNABNAGAR,209,6,0,632,0,638,0.009404388714733543,0.0,0.9905956112852664
54,BAISNABNAGAR,21,379,0,17,49,445,0.851685393258427,0.1101123595505618,0.038202247191011236
54,BAISNABNAGAR,210,6,0,836,0,842,0.007125890736342043,0.0,0.9928741092636579
54,BAISNABNAGAR,211,5,0,495,0,500,0.01,0.0,0.99
54,BAISNABNAGAR,211A,4,0,512,0,516,0.007751937984496124,0.0,0.9922480620155039
54,BAISNABNAGAR,212,5,0,925,0,930,0.005376344086021506,0.0,0.9946236559139785
54,BAISNABNAGAR,213,6,0,592,0,598,0.010033444816053512,0.0,0.9899665551839465
54,BAISNABNAGAR,213A,4,0,526,0,530,0.007547169811320755,0.0,0.9924528301886792
54,BAISNABNAGAR,214,21,0,694,0,715,0.02937062937062937,0.0,0.9706293706293706
54,BAISNABNAGAR,215,6,0,524,0,530,0.011320754716981131,0.0,0.9886792452830189
54,BAISNABNAGAR,216,4,0,896,0,900,0.0044444444444444444,0.0,0.9955555555555555
54,BAISNABNAGAR,217,2,0,409,0,411,0.004866180048661801,0.0,0.9951338199513382
54,BAISNABNAGAR,218,4,0,708,0,712,0.0056179775280898875,0.0,0.9943820224719101
54,BAISNABNAGAR,219,7,0,594,0,601,0.011647254575707155,0.0,0.9883527454242929
54,BAISNABNAGAR,22,8,0,2,384,394,0.02030456852791878,0.9746192893401016,0.005076142131979695
54,BAISNABNAGAR,220,2,0,510,0,512,0.00390625,0.0,0.99609375
54,BAISNABNAGAR,220A,0,0,71,419,490,0.0,0.8551020408163266,0.14489795918367346
54,BAISNABNAGAR,221,0,0,226,489,715,0.0,0.6839160839160839,0.31608391608391606
54,BAISNABNAGAR,222,0,0,193,345,538,0.0,0.6412639405204461,0.3587360594795539
54,BAISNABNAGAR,223,0,0,179,290,469,0.0,0.6183368869936035,0.3816631130063966
54,BAISNABNAGAR,223A,0,0,180,253,433,0.0,0.5842956120092379,0.41570438799076215
54,BAISNABNAGAR,224,0,0,243,263,506,0.0,0.5197628458498024,0.48023715415019763
54,BAISNABNAGAR,224A,0,0,170,326,496,0.0,0.657258064516129,0.34274193548387094
54,BAISNABNAGAR,225,0,0,251,495,746,0.0,0.6635388739946381,0.33646112600536193
54,BAISNABNAGAR,226,0,0,371,128,499,0.0,0.2565130260521042,0.7434869739478958
54,BAISNABNAGAR,227,0,0,113,358,471,0.0,0.7600849256900213,0.23991507430997877
54,BAISNABNAGAR,227A,0,0,123,304,427,0.0,0.711943793911007,0.28805620608899296
54,BAISNABNAGAR,228,0,0,320,331,651,0.0,0.5084485407066052,0.4915514592933948
54,BAISNABNAGAR,229,0,0,355,234,589,0.0,0.39728353140916806,0.6027164685908319
54,BAISNABNAGAR,22A,354,0,26,65,445,0.7955056179775281,0.14606741573033707,0.058426966292134834
54,BAISNABNAGAR,23,407,0,48,514,969,0.4200206398348813,0.5304437564499485,0.04953560371517028
54,BAISNABNAGAR,230,0,0,151,341,492,0.0,0.693089430894309,0.30691056910569103
54,BAISNABNAGAR,230A,0,0,198,259,457,0.0,0.5667396061269147,0.43326039387308535
54,BAISNABNAGAR,231,0,0,337,115,452,0.0,0.25442477876106195,0.745575221238938
54,BAISNABNAGAR,232,0,0,363,99,462,0.0,0.21428571428571427,0.7857142857142857
54,BAISNABNAGAR,233,0,0,71,515,586,0.0,0.878839590443686,0.12116040955631399
54,BAISNABNAGAR,233A,0,0,98,477,575,0.0,0.8295652173913044,0.17043478260869566
54,BAISNABNAGAR,234,0,0,254,524,778,0.0,0.6735218508997429,0.3264781491002571
54,BAISNABNAGAR,235,0,0,188,552,740,0.0,0.745945945945946,0.25405405405405407
54,BAISNABNAGAR,236,0,0,132,484,616,0.0,0.7857142857142857,0.21428571428571427
54,BAISNABNAGAR,237,0,0,110,489,599,0.0,0.8163606010016694,0.18363939899833054
54,BAISNABNAGAR,237A,0,0,154,400,554,0.0,0.7220216606498195,0.2779783393501805
54,BAISNABNAGAR,24,435,0,44,581,1060,0.41037735849056606,0.5481132075471699,0.04150943396226415
54,BAISNABNAGAR,25,17,0,172,879,1068,0.015917602996254682,0.8230337078651685,0.16104868913857678
54,BAISNABNAGAR,25A,3,0,131,351,485,0.006185567010309278,0.7237113402061855,0.27010309278350514
54,BAISNABNAGAR,26,931,0,94,258,1283,0.72564302416212,0.20109119251753702,0.07326578332034295
54,BAISNABNAGAR,27,733,0,73,193,999,0.7337337337337337,0.1931931931931932,0.07307307307307308
54,BAISNABNAGAR,28,607,0,105,278,990,0.6131313131313131,0.2808080808080808,0.10606060606060606
54,BAISNABNAGAR,28A,340,0,35,120,495,0.6868686868686869,0.24242424242424243,0.0707070707070707
54,BAISNABNAGAR,29,447,0,174,457,1078,0.41465677179962895,0.42393320964749537,0.1614100185528757
54,BAISNABNAGAR,29A,31,0,149,368,548,0.05656934306569343,0.6715328467153284,0.2718978102189781
54,BAISNABNAGAR,3,331,0,24,240,595,0.5563025210084034,0.40336134453781514,0.040336134453781515
54,BAISNABNAGAR,30,558,0,342,444,1344,0.41517857142857145,0.33035714285714285,0.2544642857142857
54,BAISNABNAGAR,31,403,0,98,470,971,0.41503604531410915,0.4840370751802266,0.10092687950566426
54,BAISNABNAGAR,32,362,0,206,742,1310,0.27633587786259545,0.566412213740458,0.15725190839694655
54,BAISNABNAGAR,33,530,0,152,380,1062,0.4990583804143126,0.3578154425612053,0.1431261770244821
54,BAISNABNAGAR,34,430,0,114,559,1103,0.3898458748866727,0.5067996373526745,0.10335448776065277
54,BAISNABNAGAR,34A,7,0,67,434,508,0.013779527559055118,0.8543307086614174,0.13188976377952755
54,BAISNABNAGAR,35,397,0,46,102,545,0.728440366972477,0.1871559633027523,0.08440366972477065
54,BAISNABNAGAR,35A,388,0,33,87,508,0.7637795275590551,0.17125984251968504,0.06496062992125984
54,BAISNABNAGAR,36,346,0,23,163,532,0.650375939849624,0.30639097744360905,0.043233082706766915
54,BAISNABNAGAR,36A,308,0,16,118,442,0.6968325791855203,0.2669683257918552,0.03619909502262444
54,BAISNABNAGAR,37,596,0,45,99,740,0.8054054054054054,0.13378378378378378,0.060810810810810814
54,BAISNABNAGAR,38,711,0,80,63,854,0.832552693208431,0.07377049180327869,0.0936768149882904
54,BAISNABNAGAR,39,730,0,49,74,853,0.8558030480656507,0.08675263774912075,0.05744431418522861
54,BAISNABNAGAR,4,259,0,18,272,549,0.47176684881602915,0.49544626593806923,0.03278688524590164
54,BAISNABNAGAR,40,12,0,288,353,653,0.018376722817764167,0.5405819295558959,0.44104134762633995
54,BAISNABNAGAR,40A,3,0,295,267,565,0.005309734513274336,0.4725663716814159,0.5221238938053098
54,BAISNABNAGAR,41,29,0,382,451,862,0.033642691415313224,0.5232018561484919,0.4431554524361949
54,BAISNABNAGAR,42,8,0,182,334,524,0.015267175572519083,0.6374045801526718,0.3473282442748092
54,BAISNABNAGAR,42A,5,0,201,237,443,0.011286681715575621,0.5349887133182845,0.45372460496614
54,BAISNABNAGAR,43,583,0,59,170,812,0.7179802955665024,0.20935960591133004,0.07266009852216748
54,BAISNABNAGAR,44,234,0,90,176,500,0.468,0.352,0.18
54,BAISNABNAGAR,44A,224,0,37,174,435,0.5149425287356322,0.4,0.08505747126436781
54,BAISNABNAGAR,45,10,0,220,472,702,0.014245014245014245,0.6723646723646723,0.31339031339031337
54,BAISNABNAGAR,46,15,0,269,617,901,0.016648168701442843,0.6847946725860156,0.2985571587125416
54,BAISNABNAGAR,47,3,0,234,281,518,0.005791505791505791,0.5424710424710425,0.4517374517374517
54,BAISNABNAGAR,47A,4,0,226,255,485,0.008247422680412371,0.5257731958762887,0.465979381443299
54,BAISNABNAGAR,48,599,0,197,101,897,0.6677814938684504,0.11259754738015608,0.21962095875139354
54,BAISNABNAGAR,49,303,0,73,118,494,0.6133603238866396,0.2388663967611336,0.14777327935222673
54,BAISNABNAGAR,49A,269,0,41,97,407,0.6609336609336609,0.23832923832923833,0.10073710073710074
54,BAISNABNAGAR,5,24,0,21,396,441,0.05442176870748299,0.8979591836734694,0.047619047619047616
54,BAISNABNAGAR,50,363,0,65,35,463,0.7840172786177105,0.0755939524838013,0.14038876889848811
54,BAISNABNAGAR,50A,3,0,123,0,126,0.023809523809523808,0.0,0.9761904761904762
54,BAISNABNAGAR,51,20,0,466,0,486,0.0411522633744856,0.0,0.9588477366255144
54,BAISNABNAGAR,52,9,0,559,0,568,0.01584507042253521,0.0,0.9841549295774648
54,BAISNABNAGAR,52A,4,0,476,0,480,0.008333333333333333,0.0,0.9916666666666667
54,BAISNABNAGAR,53,11,0,570,0,581,0.0189328743545611,0.0,0.9810671256454389
54,BAISNABNAGAR,53A,6,0,504,0,510,0.011764705882352941,0.0,0.9882352941176471
54,BAISNABNAGAR,54,12,0,929,0,941,0.012752391073326248,0.0,0.9872476089266737
54,BAISNABNAGAR,55,6,0,485,0,491,0.012219959266802444,0.0,0.9877800407331976
54,BAISNABNAGAR,55A,15,0,453,0,468,0.03205128205128205,0.0,0.967948717948718
54,BAISNABNAGAR,56,12,0,603,0,615,0.01951219512195122,0.0,0.9804878048780488
54,BAISNABNAGAR,57,8,0,825,0,833,0.009603841536614645,0.0,0.9903961584633854
54,BAISNABNAGAR,58,18,0,765,0,783,0.022988505747126436,0.0,0.9770114942528736
54,BAISNABNAGAR,59,6,0,534,0,540,0.011111111111111112,0.0,0.9888888888888889
54,BAISNABNAGAR,59A,5,0,460,0,465,0.010752688172043012,0.0,0.989247311827957
54,BAISNABNAGAR,6,16,0,25,433,474,0.03375527426160337,0.9135021097046413,0.052742616033755275
54,BAISNABNAGAR,60,4,0,548,0,552,0.007246376811594203,0.0,0.9927536231884058
54,BAISNABNAGAR,61,4,0,713,0,717,0.005578800557880056,0.0,0.9944211994421199
54,BAISNABNAGAR,62,3,0,703,0,706,0.00424929178470255,0.0,0.9957507082152974
54,BAISNABNAGAR,63,14,0,537,0,551,0.025408348457350273,0.0,0.9745916515426497
54,BAISNABNAGAR,63A,9,0,510,0,519,0.017341040462427744,0.0,0.9826589595375722
54,BAISNABNAGAR,64,8,0,548,0,556,0.014388489208633094,0.0,0.9856115107913669
54,BAISNABNAGAR,64A,6,0,531,0,537,0.0111731843575419,0.0,0.9888268156424581
54,BAISNABNAGAR,65,2,0,512,0,514,0.0038910505836575876,0.0,0.9961089494163424
54,BAISNABNAGAR,65A,6,0,443,0,449,0.013363028953229399,0.0,0.9866369710467706
54,BAISNABNAGAR,66,3,0,574,0,577,0.005199306759098787,0.0,0.9948006932409013
54,BAISNABNAGAR,66A,8,0,517,0,525,0.015238095238095238,0.0,0.9847619047619047
54,BAISNABNAGAR,67,9,0,817,0,826,0.010895883777239709,0.0,0.9891041162227603
54,BAISNABNAGAR,68,10,0,796,0,806,0.01240694789081886,0.0,0.9875930521091811
54,BAISNABNAGAR,69,4,0,670,0,674,0.005934718100890208,0.0,0.9940652818991098
54,BAISNABNAGAR,7,8,0,43,390,441,0.018140589569160998,0.8843537414965986,0.09750566893424037
54,BAISNABNAGAR,70,7,0,563,0,570,0.012280701754385965,0.0,0.987719298245614
54,BAISNABNAGAR,70A,2,0,591,0,593,0.003372681281618887,0.0,0.9966273187183811
54,BAISNABNAGAR,71,12,0,795,0,807,0.01486988847583643,0.0,0.9851301115241635
54,BAISNABNAGAR,72,10,0,797,0,807,0.012391573729863693,0.0,0.9876084262701363
54,BAISNABNAGAR,73,9,0,649,0,658,0.013677811550151976,0.0,0.986322188449848
54,BAISNABNAGAR,73A,9,0,586,0,595,0.015126050420168067,0.0,0.984873949579832
54,BAISNABNAGAR,74,9,0,870,0,879,0.010238907849829351,0.0,0.9897610921501706
54,BAISNABNAGAR,75,7,0,695,0,702,0.009971509971509971,0.0,0.99002849002849
54,BAISNABNAGAR,76,8,0,821,0,829,0.009650180940892641,0.0,0.9903498190591074
54,BAISNABNAGAR,77,7,0,557,0,564,0.012411347517730497,0.0,0.9875886524822695
54,BAISNABNAGAR,78,10,0,624,0,634,0.015772870662460567,0.0,0.9842271293375394
54,BAISNABNAGAR,78A,4,0,498,0,502,0.00796812749003984,0.0,0.9920318725099602
54,BAISNABNAGAR,8,573,0,35,102,710,0.8070422535211268,0.14366197183098592,0.04929577464788732
54,BAISNABNAGAR,9,457,0,38,116,611,0.7479541734860884,0.18985270049099837,0.062193126022913256
