ac_no,ac_name,polling_station,BJP,CPM,INC,OTHER,TMC,total_votes,bjp_share,tmc_share,other_share
1,Mekliganj (SC),10,0,0,0,0,246,246,0.0,1.0,0.0
1,Mekliganj (SC),10(A),0,0,0,0,317,317,0.0,1.0,0.0
1,Mekliganj (SC),11,0,0,0,0,447,447,0.0,1.0,0.0
1,Mekliganj (SC),12,0,0,0,0,152,152,0.0,1.0,0.0
1,Mekliganj (SC),12(A),0,0,0,0,275,275,0.0,1.0,0.0
1,Mekliganj (SC),13,0,0,0,0,225,225,0.0,1.0,0.0
1,Mekliganj (SC),13(A),0,0,0,0,219,219,0.0,1.0,0.0
1,Mekliganj (SC),14,0,0,0,0,459,459,0.0,1.0,0.0
1,Mekliganj (SC),15,0,0,0,0,482,482,0.0,1.0,0.0
1,Mekliganj (SC),16,0,0,0,0,337,337,0.0,1.0,0.0
1,Mekliganj (SC),17,0,0,0,0,182,182,0.0,1.0,0.0
1,Mekliganj (SC),17(A),0,0,0,0,215,215,0.0,1.0,0.0
1,Mekliganj (SC),18,0,0,0,0,396,396,0.0,1.0,0.0
1,Mekliganj (SC),188,0,0,0,15,0,15,0.0,0.0,1.0
1,Mekliganj (SC),19,0,0,0,0,304,304,0.0,1.0,0.0
1,Mekliganj (SC),227,0,0,0,363,0,363,0.0,0.0,1.0
1,Mekliganj (SC),228,0,0,0,346,0,346,0.0,0.0,1.0
1,Mekliganj (SC),229,0,0,0,405,0,405,0.0,0.0,1.0
1,Mekliganj (SC),230,0,0,0,406,0,406,0.0,0.0,1.0
1,Mekliganj (SC),231,0,0,0,266,0,266,0.0,0.0,1.0
1,Mekliganj (SC),232,0,0,0,336,0,336,0.0,0.0,1.0
1,Mekliganj (SC),232(A),0,0,0,218,0,218,0.0,0.0,1.0
1,Mekliganj (SC),233,0,0,0,383,0,383,0.0,0.0,1.0
1,Mekliganj (SC),234,0,0,0,206,0,206,0.0,0.0,1.0
1,Mekliganj (SC),235,0,0,0,226,0,226,0.0,0.0,1.0
1,Mekliganj (SC),252,0,0,0,189,0,189,0.0,0.0,1.0
1,Mekliganj (SC),253,0,0,0,190,0,190,0.0,0.0,1.0
1,Mekliganj (SC),254,0,0,0,191,0,191,0.0,0.0,1.0
1,Mekliganj (SC),255,0,0,0,192,0,192,0.0,0.0,1.0
1,Mekliganj (SC),256,0,0,0,193,0,193,0.0,0.0,1.0
1,Mekliganj (SC),257,0,0,0,194,0,194,0.0,0.0,1.0
1,Mekliganj (SC),258,0,0,0,195,0,195,0.0,0.0,1.0
1,Mekliganj (SC),259,0,0,0,196,0,196,0.0,0.0,1.0
1,Mekliganj (SC),260,0,0,0,197,0,197,0.0,0.0,1.0
1,Mekliganj (SC),261,0,0,0,198,0,198,0.0,0.0,1.0
1,Mekliganj (SC),262,0,0,0,199,0,199,0.0,0.0,1.0
1,Mekliganj (SC),263,0,0,0,200,0,200,0.0,0.0,1.0
1,Mekliganj (SC),264,0,0,0,201,0,201,0.0,0.0,1.0
1,Mekliganj (SC),265,0,0,0,202,0,202,0.0,0.0,1.0
1,Mekliganj (SC),266,0,0,0,203,0,203,0.0,0.0,1.0
1,Mekliganj (SC),267,0,0,0,204,0,204,0.0,0.0,1.0
1,Mekliganj (SC),268,0,0,0,205,0,205,0.0,0.0,1.0
1,Mekliganj (SC),269,0,0,0,206,0,206,0.0,0.0,1.0
1,Mekliganj (SC),270,0,0,0,207,0,207,0.0,0.0,1.0
1,Mekliganj (SC),3,0,0,0,0,318,318,0.0,1.0,0.0
1,Mekliganj (SC),4,0,0,0,0,305,305,0.0,1.0,0.0
1,Mekliganj (SC),470,0,0,0,6,0,6,0.0,0.0,1.0
1,Mekliganj (SC),5,0,0,0,0,262,262,0.0,1.0,0.0
1,Mekliganj (SC),5(A),0,0,0,0,248,248,0.0,1.0,0.0
1,Mekliganj (SC),6,0,0,0,0,267,267,0.0,1.0,0.0
1,Mekliganj (SC),7,0,0,0,0,338,338,0.0,1.0,0.0
1,Mekliganj (SC),7(A),0,0,0,0,245,245,0.0,1.0,0.0
1,Mekliganj (SC),8,0,0,0,0,350,350,0.0,1.0,0.0
1,Mekliganj (SC),82(A),0,0,0,320,0,320,0.0,0.0,1.0
1,Mekliganj (SC),9,0,0,0,0,359,359,0.0,1.0,0.0
1,Mekliganj (SC),93,0,0,0,304,0,304,0.0,0.0,1.0
2,Mathabhanga (SC),0,0,0,0,0,0,0,,,
2,Mathabhanga (SC),10,8,308,0,11,518,845,0.0094674556213017,0.6130177514792899,0.0130177514792899
2,Mathabhanga (SC),100,0,0,0,388,0,388,0.0,0.0,1.0
2,Mathabhanga (SC),100A,0,0,0,410,0,410,0.0,0.0,1.0
2,Mathabhanga (SC),101,0,0,0,445,0,445,0.0,0.0,1.0
2,Mathabhanga (SC),101A,1,6,0,479,267,753,0.0013280212483399,0.3545816733067729,0.6361221779548473
2,Mathabhanga (SC),102,6,137,0,849,48,1040,0.0057692307692307,0.0461538461538461,0.8163461538461538
2,Mathabhanga (SC),103,3,12,0,801,441,1257,0.0023866348448687,0.350835322195704,0.6372315035799523
2,Mathabhanga (SC),104,3,18,0,751,405,1177,0.0025488530161427,0.3440951571792693,0.6380628717077316
2,Mathabhanga (SC),105,2,35,0,699,336,1072,0.001865671641791,0.3134328358208955,0.6520522388059702
2,Mathabhanga (SC),106,6,25,0,763,444,1238,0.0048465266558966,0.3586429725363489,0.6163166397415186
2,Mathabhanga (SC),107,1,10,0,757,446,1214,0.000823723228995,0.3673805601317957,0.6235584843492586
2,Mathabhanga (SC),108,2,12,0,653,385,1052,0.0019011406844106,0.3659695817490494,0.620722433460076
2,Mathabhanga (SC),109,8,21,0,528,296,853,0.0093786635404454,0.347010550996483,0.6189917936694022
2,Mathabhanga (SC),109A,1,18,0,573,394,986,0.0010141987829614,0.3995943204868154,0.5811359026369168
2,Mathabhanga (SC),11,8,556,0,21,997,1582,0.0050568900126422,0.6302149178255373,0.0132743362831858
2,Mathabhanga (SC),110,5,21,0,523,300,849,0.005889281507656,0.3533568904593639,0.6160188457008245
2,Mathabhanga (SC),110A,3,10,0,537,316,866,0.0034642032332563,0.3648960739030023,0.6200923787528868
2,Mathabhanga (SC),111,1,15,0,613,391,1020,0.0009803921568627,0.3833333333333333,0.6009803921568627
2,Mathabhanga (SC),111A,6,12,0,631,504,1153,0.00520381613183,0.4371205550737207,0.5472679965307893
2,Mathabhanga (SC),112,7,13,0,661,375,1056,0.0066287878787878,0.3551136363636363,0.6259469696969697
2,Mathabhanga (SC),113,4,13,0,606,359,982,0.0040733197556008,0.3655804480651731,0.6171079429735234
2,Mathabhanga (SC),114,2,27,0,858,529,1416,0.001412429378531,0.3735875706214689,0.6059322033898306
2,Mathabhanga (SC),115,2,30,0,511,143,686,0.0029154518950437,0.2084548104956268,0.7448979591836735
2,Mathabhanga (SC),115A,2,18,0,549,287,856,0.0023364485981308,0.3352803738317757,0.6413551401869159
2,Mathabhanga (SC),116,6,10,0,526,303,845,0.0071005917159763,0.3585798816568047,0.6224852071005917
2,Mathabhanga (SC),118,573,16,0,7,55,651,0.880184331797235,0.0844854070660522,0.010752688172043
2,Mathabhanga (SC),119,307,8,0,3,94,412,0.7451456310679612,0.2281553398058252,0.0072815533980582
2,Mathabhanga (SC),12,9,504,0,7,772,1292,0.0069659442724458,0.5975232198142415,0.0054179566563467
2,Mathabhanga (SC),120,538,3,0,11,47,599,0.8981636060100167,0.0784641068447412,0.018363939899833
2,Mathabhanga (SC),122,306,10,0,7,285,608,0.5032894736842105,0.46875,0.0115131578947368
2,Mathabhanga (SC),123,479,23,0,10,133,645,0.7426356589147287,0.2062015503875969,0.0155038759689922
2,Mathabhanga (SC),124,351,13,0,10,293,667,0.5262368815592204,0.4392803598200899,0.0149925037481259
2,Mathabhanga (SC),125,382,20,0,15,257,674,0.5667655786350149,0.3813056379821958,0.0222551928783382
2,Mathabhanga (SC),126,538,16,0,16,317,887,0.6065388951521984,0.3573844419391206,0.0180383314543404
2,Mathabhanga (SC),127,224,20,0,8,184,436,0.5137614678899083,0.4220183486238532,0.018348623853211
2,Mathabhanga (SC),127A,210,13,0,13,197,433,0.4849884526558891,0.4549653579676674,0.0300230946882217
2,Mathabhanga (SC),128,362,20,0,15,153,550,0.6581818181818182,0.2781818181818182,0.0272727272727272
2,Mathabhanga (SC),129,444,9,0,13,209,675,0.6577777777777778,0.3096296296296296,0.0192592592592592
2,Mathabhanga (SC),13,8,211,0,13,242,474,0.0168776371308016,0.510548523206751,0.0274261603375527
2,Mathabhanga (SC),130,549,22,0,12,119,702,0.782051282051282,0.1695156695156695,0.017094017094017
2,Mathabhanga (SC),132,358,18,0,10,300,686,0.521865889212828,0.4373177842565597,0.0145772594752186
2,Mathabhanga (SC),133,284,20,0,6,333,643,0.4416796267496112,0.5178849144634525,0.0093312597200622
2,Mathabhanga (SC),134,161,7,0,12,258,438,0.3675799086757991,0.589041095890411,0.0273972602739726
2,Mathabhanga (SC),134A,0,0,0,413,47,460,0.0,0.1021739130434782,0.8978260869565218
2,Mathabhanga (SC),135,5,0,0,231,208,444,0.0112612612612612,0.4684684684684684,0.5202702702702703
2,Mathabhanga (SC),135A,5,0,0,393,74,472,0.010593220338983,0.1567796610169491,0.8326271186440678
2,Mathabhanga (SC),136,2,0,0,359,415,776,0.0025773195876288,0.5347938144329897,0.4626288659793814
2,Mathabhanga (SC),137,15,0,0,276,515,806,0.0186104218362282,0.6389578163771712,0.3424317617866005
2,Mathabhanga (SC),138,2,0,0,344,204,550,0.0036363636363636,0.3709090909090909,0.6254545454545455
2,Mathabhanga (SC),138A,4,0,0,249,320,573,0.0069808027923211,0.5584642233856894,0.4345549738219895
2,Mathabhanga (SC),139,4,0,0,370,297,671,0.0059612518628912,0.4426229508196721,0.5514157973174366
2,Mathabhanga (SC),14,4,255,0,16,304,579,0.006908462867012,0.5250431778929189,0.0276338514680483
2,Mathabhanga (SC),140,3,0,0,241,379,623,0.0048154093097913,0.608346709470305,0.3868378812199037
2,Mathabhanga (SC),141,4,0,0,478,7,489,0.0081799591002045,0.0143149284253578,0.9775051124744376
2,Mathabhanga (SC),141A,0,0,0,497,11,508,0.0,0.0216535433070866,0.9783464566929134
2,Mathabhanga (SC),142,0,0,0,437,280,717,0.0,0.3905160390516039,0.6094839609483961
2,Mathabhanga (SC),143,1,0,0,236,276,513,0.0019493177387914,0.5380116959064327,0.4600389863547758
2,Mathabhanga (SC),144,3,0,0,218,341,562,0.0053380782918149,0.6067615658362989,0.3879003558718861
2,Mathabhanga (SC),144A,7,0,0,290,255,552,0.0126811594202898,0.4619565217391304,0.5253623188405797
2,Mathabhanga (SC),145,5,0,0,194,228,427,0.0117096018735363,0.5339578454332553,0.4543325526932084
2,Mathabhanga (SC),146,2,0,0,253,376,631,0.0031695721077654,0.595879556259905,0.4009508716323296
2,Mathabhanga (SC),147,3,0,0,329,445,777,0.0038610038610038,0.5727155727155727,0.4234234234234234
2,Mathabhanga (SC),148,5,0,0,184,227,416,0.0120192307692307,0.5456730769230769,0.4423076923076923
2,Mathabhanga (SC),149,0,0,0,187,212,399,0.0,0.531328320802005,0.4686716791979949
2,Mathabhanga (SC),15,1,285,0,11,358,655,0.0015267175572519,0.5465648854961832,0.0167938931297709
2,Mathabhanga (SC),150,0,284,0,10,356,650,0.0,0.5476923076923077,0.0153846153846153
2,Mathabhanga (SC),151,0,290,0,9,367,666,0.0,0.551051051051051,0.0135135135135135
2,Mathabhanga (SC),152,0,217,0,10,459,686,0.0,0.6690962099125365,0.0145772594752186
2,Mathabhanga (SC),153,0,133,0,12,402,547,0.0,0.7349177330895795,0.0219378427787934
2,Mathabhanga (SC),153A,0,276,0,5,273,554,0.0,0.4927797833935018,0.0090252707581227
2,Mathabhanga (SC),154,0,445,0,17,325,787,0.0,0.4129606099110546,0.0216010165184243
2,Mathabhanga (SC),155,0,260,0,13,276,549,0.0,0.5027322404371585,0.02367941712204
2,Mathabhanga (SC),156,0,122,0,8,354,484,0.0,0.731404958677686,0.0165289256198347
2,Mathabhanga (SC),157,0,0,0,589,224,813,0.0,0.2755227552275522,0.7244772447724477
2,Mathabhanga (SC),158,0,191,0,16,361,568,0.0,0.6355633802816901,0.028169014084507
2,Mathabhanga (SC),159,0,171,0,18,373,562,0.0,0.6637010676156584,0.0320284697508896
2,Mathabhanga (SC),16,11,327,0,30,827,1195,0.009205020920502,0.6920502092050209,0.0251046025104602
2,Mathabhanga (SC),160,0,295,0,26,376,697,0.0,0.539454806312769,0.0373027259684361
2,Mathabhanga (SC),161,0,205,0,5,222,432,0.0,0.5138888888888888,0.011574074074074
2,Mathabhanga (SC),161A,0,192,0,13,267,472,0.0,0.565677966101695,0.0275423728813559
2,Mathabhanga (SC),162,0,204,0,16,334,554,0.0,0.6028880866425993,0.0288808664259927
2,Mathabhanga (SC),163,0,271,0,9,210,490,0.0,0.4285714285714285,0.0183673469387755
2,Mathabhanga (SC),163A,0,342,0,11,127,480,0.0,0.2645833333333333,0.0229166666666666
2,Mathabhanga (SC),164,0,422,0,11,170,603,0.0,0.2819237147595356,0.0182421227197346
2,Mathabhanga (SC),165,0,253,0,3,188,444,0.0,0.4234234234234234,0.0067567567567567
2,Mathabhanga (SC),166,0,374,0,8,179,561,0.0,0.3190730837789661,0.0142602495543672
2,Mathabhanga (SC),16A,1,183,0,9,277,470,0.002127659574468,0.5893617021276596,0.0191489361702127
2,Mathabhanga (SC),17,8,339,0,10,547,904,0.0088495575221238,0.6050884955752213,0.0110619469026548
2,Mathabhanga (SC),18,9,488,0,26,602,1125,0.008,0.5351111111111111,0.0231111111111111
2,Mathabhanga (SC),18A,274,13,0,4,174,465,0.589247311827957,0.3741935483870968,0.0086021505376344
2,Mathabhanga (SC),19,364,17,0,5,194,580,0.6275862068965518,0.3344827586206896,0.0086206896551724
2,Mathabhanga (SC),19A,350,20,0,8,267,645,0.5426356589147286,0.413953488372093,0.0124031007751937
2,Mathabhanga (SC),20,467,19,0,14,229,729,0.6406035665294925,0.3141289437585733,0.0192043895747599
2,Mathabhanga (SC),201,315,27,0,9,289,640,0.4921875,0.4515625,0.0140625
2,Mathabhanga (SC),202,417,35,0,8,202,662,0.6299093655589124,0.3051359516616314,0.0120845921450151
2,Mathabhanga (SC),203,226,7,0,6,370,609,0.3711001642036124,0.6075533661740559,0.0098522167487684
2,Mathabhanga (SC),203A,295,23,0,9,270,597,0.4941373534338358,0.4522613065326633,0.0150753768844221
2,Mathabhanga (SC),204,443,40,0,21,328,832,0.5324519230769231,0.3942307692307692,0.0252403846153846
2,Mathabhanga (SC),206,187,29,0,19,284,519,0.3603082851637765,0.5472061657032755,0.0366088631984585
2,Mathabhanga (SC),206A,196,12,0,10,324,542,0.3616236162361623,0.5977859778597786,0.018450184501845
2,Mathabhanga (SC),207,168,17,0,19,424,628,0.267515923566879,0.6751592356687898,0.0302547770700636
2,Mathabhanga (SC),208,225,27,0,11,370,633,0.3554502369668246,0.584518167456556,0.0173775671406003
2,Mathabhanga (SC),209,192,9,0,12,209,422,0.4549763033175355,0.495260663507109,0.0284360189573459
2,Mathabhanga (SC),209A,145,11,0,8,280,444,0.3265765765765765,0.6306306306306306,0.018018018018018
2,Mathabhanga (SC),21,426,16,0,11,212,665,0.6406015037593985,0.318796992481203,0.0165413533834586
2,Mathabhanga (SC),210,0,25,0,21,266,312,0.0,0.8525641025641025,0.0673076923076923
2,Mathabhanga (SC),211,406,9,0,10,141,566,0.7173144876325088,0.2491166077738515,0.0176678445229682
2,Mathabhanga (SC),212,462,11,0,10,298,781,0.5915492957746479,0.381562099871959,0.0128040973111395
2,Mathabhanga (SC),213,186,17,0,13,225,441,0.4217687074829932,0.5102040816326531,0.0294784580498866
2,Mathabhanga (SC),213A,270,6,0,4,188,468,0.5769230769230769,0.4017094017094017,0.0085470085470085
2,Mathabhanga (SC),214,156,12,0,8,293,469,0.3326226012793177,0.6247334754797441,0.0170575692963752
2,Mathabhanga (SC),214A,196,8,0,4,246,454,0.4317180616740088,0.5418502202643172,0.0088105726872246
2,Mathabhanga (SC),215,293,36,0,23,129,481,0.6091476091476091,0.2681912681912682,0.0478170478170478
2,Mathabhanga (SC),215A,325,20,0,4,147,496,0.655241935483871,0.2963709677419355,0.0080645161290322
2,Mathabhanga (SC),216,557,15,0,5,263,840,0.6630952380952381,0.3130952380952381,0.0059523809523809
2,Mathabhanga (SC),217,240,7,0,18,219,484,0.4958677685950413,0.4524793388429752,0.0371900826446281
2,Mathabhanga (SC),217A,217,18,0,15,240,490,0.4428571428571428,0.4897959183673469,0.0306122448979591
2,Mathabhanga (SC),218,311,6,0,7,282,606,0.5132013201320133,0.4653465346534653,0.0115511551155115
2,Mathabhanga (SC),219,391,20,0,17,445,873,0.4478808705612829,0.5097365406643757,0.0194730813287514
2,Mathabhanga (SC),22,456,18,0,14,283,771,0.5914396887159533,0.3670557717250324,0.0181582360570687
2,Mathabhanga (SC),220,389,28,0,23,416,856,0.4544392523364486,0.4859813084112149,0.0268691588785046
2,Mathabhanga (SC),221,507,55,0,19,303,884,0.5735294117647058,0.3427601809954751,0.0214932126696832
2,Mathabhanga (SC),222,432,56,0,15,350,853,0.5064478311840562,0.41031652989449,0.0175849941383352
2,Mathabhanga (SC),223,351,24,0,7,236,618,0.5679611650485437,0.3818770226537217,0.0113268608414239
2,Mathabhanga (SC),224,488,12,0,14,249,763,0.6395806028833552,0.3263433813892529,0.018348623853211
2,Mathabhanga (SC),225,310,10,0,12,154,486,0.6378600823045267,0.3168724279835391,0.0246913580246913
2,Mathabhanga (SC),225A,324,17,0,20,163,524,0.6183206106870229,0.3110687022900763,0.0381679389312977
2,Mathabhanga (SC),226,136,13,0,6,510,665,0.2045112781954887,0.7669172932330827,0.0090225563909774
2,Mathabhanga (SC),227,52,32,0,6,452,542,0.0959409594095941,0.8339483394833949,0.011070110701107
2,Mathabhanga (SC),227A,126,18,0,7,436,587,0.2146507666098807,0.7427597955706985,0.0119250425894378
2,Mathabhanga (SC),228,409,21,0,6,354,790,0.5177215189873418,0.4481012658227848,0.0075949367088607
2,Mathabhanga (SC),229,153,20,0,10,530,713,0.214586255259467,0.7433380084151473,0.0140252454417952
2,Mathabhanga (SC),23,268,151,0,23,817,1259,0.2128673550436854,0.6489277204130263,0.0182684670373312
2,Mathabhanga (SC),230,413,17,0,5,123,558,0.7401433691756273,0.2204301075268817,0.0089605734767025
2,Mathabhanga (SC),230A,394,19,0,6,149,568,0.6936619718309859,0.2623239436619718,0.0105633802816901
2,Mathabhanga (SC),231,413,30,0,12,106,561,0.7361853832442068,0.1889483065953654,0.0213903743315508
2,Mathabhanga (SC),231A,316,23,0,13,236,588,0.5374149659863946,0.4013605442176871,0.0221088435374149
2,Mathabhanga (SC),232,277,17,0,32,158,484,0.5723140495867769,0.3264462809917355,0.0661157024793388
2,Mathabhanga (SC),232A,224,29,0,8,250,511,0.4383561643835616,0.4892367906066536,0.0156555772994129
2,Mathabhanga (SC),233,541,35,0,17,257,850,0.6364705882352941,0.3023529411764706,0.02
2,Mathabhanga (SC),235,356,31,0,11,129,527,0.6755218216318786,0.2447817836812144,0.0208728652751423
2,Mathabhanga (SC),236,291,33,0,7,580,911,0.3194291986827662,0.6366630076838639,0.0076838638858397
2,Mathabhanga (SC),238,190,48,0,3,623,864,0.2199074074074074,0.7210648148148148,0.0034722222222222
2,Mathabhanga (SC),239A,387,30,0,12,116,545,0.710091743119266,0.2128440366972477,0.0220183486238532
2,Mathabhanga (SC),24,233,3,0,3,234,473,0.492600422832981,0.4947145877378435,0.0063424947145877
2,Mathabhanga (SC),240,607,28,0,21,171,827,0.7339782345828295,0.2067714631197098,0.0253929866989117
2,Mathabhanga (SC),241,351,32,0,6,302,691,0.507959479015919,0.4370477568740955,0.0086830680173661
2,Mathabhanga (SC),242,376,37,0,10,364,787,0.4777636594663278,0.4625158831003812,0.0127064803049555
2,Mathabhanga (SC),243,476,11,0,11,172,670,0.7104477611940299,0.2567164179104477,0.0164179104477611
2,Mathabhanga (SC),245,357,47,0,2,425,831,0.4296028880866426,0.5114320096269555,0.0024067388688327
2,Mathabhanga (SC),24A,258,12,0,0,223,493,0.5233265720081136,0.4523326572008113,0.0
2,Mathabhanga (SC),25,400,15,0,4,327,746,0.5361930294906166,0.4383378016085791,0.0053619302949061
2,Mathabhanga (SC),26,365,201,0,10,573,1149,0.3176675369886858,0.4986945169712793,0.0087032201914708
2,Mathabhanga (SC),262,523,27,0,6,265,821,0.6370280146163215,0.3227771010962241,0.0073081607795371
2,Mathabhanga (SC),263,333,6,0,11,202,552,0.6032608695652174,0.3659420289855072,0.019927536231884
2,Mathabhanga (SC),263A,266,14,0,8,278,566,0.469964664310954,0.4911660777385159,0.0141342756183745
2,Mathabhanga (SC),264,478,29,0,11,249,767,0.6232073011734028,0.3246414602346806,0.014341590612777
2,Mathabhanga (SC),265,387,30,0,14,356,787,0.4917407878017789,0.4523506988564167,0.0177890724269377
2,Mathabhanga (SC),266,304,63,0,9,79,455,0.6681318681318681,0.1736263736263736,0.0197802197802197
2,Mathabhanga (SC),266A,351,24,0,3,134,512,0.685546875,0.26171875,0.005859375
2,Mathabhanga (SC),267,345,19,0,7,100,471,0.732484076433121,0.2123142250530785,0.0148619957537154
2,Mathabhanga (SC),267A,380,22,0,8,74,484,0.7851239669421488,0.152892561983471,0.0165289256198347
2,Mathabhanga (SC),268,644,54,0,11,173,882,0.7301587301587301,0.1961451247165533,0.0124716553287981
2,Mathabhanga (SC),269,497,51,0,10,204,762,0.652230971128609,0.2677165354330709,0.0131233595800524
2,Mathabhanga (SC),27,386,14,0,5,269,674,0.5727002967359051,0.3991097922848665,0.0074183976261127
2,Mathabhanga (SC),270,398,30,0,9,213,650,0.6123076923076923,0.3276923076923076,0.0138461538461538
2,Mathabhanga (SC),28,508,19,0,22,228,777,0.6537966537966537,0.2934362934362934,0.0283140283140283
2,Mathabhanga (SC),29,328,12,0,1,111,452,0.7256637168141593,0.245575221238938,0.0022123893805309
2,Mathabhanga (SC),30,226,34,0,7,431,698,0.3237822349570201,0.6174785100286533,0.0100286532951289
2,Mathabhanga (SC),31,435,23,0,6,358,822,0.5291970802919708,0.4355231143552311,0.0072992700729927
2,Mathabhanga (SC),32,316,12,0,6,276,610,0.5180327868852459,0.4524590163934426,0.0098360655737704
2,Mathabhanga (SC),33,373,6,0,6,223,608,0.6134868421052632,0.3667763157894737,0.0098684210526315
2,Mathabhanga (SC),34,436,15,0,6,351,808,0.5396039603960396,0.4344059405940594,0.0074257425742574
2,Mathabhanga (SC),35,276,14,0,3,241,534,0.5168539325842697,0.4513108614232209,0.0056179775280898
2,Mathabhanga (SC),35A,325,8,0,9,202,544,0.5974264705882353,0.3713235294117647,0.0165441176470588
2,Mathabhanga (SC),36,291,30,0,18,432,771,0.377431906614786,0.5603112840466926,0.0233463035019455
2,Mathabhanga (SC),37,288,236,0,36,917,1477,0.1949898442789438,0.6208530805687204,0.0243737305348679
2,Mathabhanga (SC),38,463,24,0,15,407,909,0.5093509350935094,0.4477447744774477,0.0165016501650165
2,Mathabhanga (SC),39,341,61,0,10,257,669,0.5097159940209267,0.3841554559043348,0.014947683109118
2,Mathabhanga (SC),40,346,11,0,28,263,648,0.5339506172839507,0.4058641975308642,0.0432098765432098
2,Mathabhanga (SC),41,260,16,0,18,218,512,0.5078125,0.42578125,0.03515625
2,Mathabhanga (SC),41A,274,13,0,2,240,529,0.5179584120982986,0.4536862003780718,0.0037807183364839
2,Mathabhanga (SC),42,404,51,0,24,268,747,0.5408299866131191,0.358768406961178,0.0321285140562249
2,Mathabhanga (SC),43,345,15,0,12,193,565,0.6106194690265486,0.3415929203539823,0.0212389380530973
2,Mathabhanga (SC),44,358,28,0,26,378,790,0.4531645569620253,0.4784810126582278,0.0329113924050632
2,Mathabhanga (SC),45,371,18,0,12,218,619,0.5993537964458805,0.3521809369951534,0.0193861066235864
2,Mathabhanga (SC),46,209,17,0,22,419,667,0.313343328335832,0.6281859070464768,0.032983508245877
2,Mathabhanga (SC),47,248,14,0,32,240,534,0.4644194756554307,0.449438202247191,0.0599250936329588
2,Mathabhanga (SC),48,265,22,0,20,240,547,0.4844606946983547,0.4387568555758683,0.036563071297989
2,Mathabhanga (SC),48A,272,10,0,10,259,551,0.4936479128856624,0.47005444646098,0.0181488203266787
2,Mathabhanga (SC),49,319,9,0,25,228,581,0.5490533562822719,0.3924268502581756,0.0430292598967297
2,Mathabhanga (SC),49A,270,13,0,19,304,606,0.4455445544554455,0.5016501650165016,0.0313531353135313
2,Mathabhanga (SC),50,441,25,0,14,390,870,0.506896551724138,0.4482758620689655,0.0160919540229885
2,Mathabhanga (SC),51,486,10,0,10,342,848,0.5731132075471698,0.4033018867924528,0.0117924528301886
2,Mathabhanga (SC),86,270,32,0,5,204,511,0.5283757338551859,0.3992172211350293,0.009784735812133
2,Mathabhanga (SC),87A,0,0,0,414,0,414,0.0,0.0,1.0
2,Mathabhanga (SC),88,0,0,0,736,0,736,0.0,0.0,1.0
2,Mathabhanga (SC),89,0,0,0,632,0,632,0.0,0.0,1.0
2,Mathabhanga (SC),8A,5,165,0,5,387,562,0.0088967971530249,0.6886120996441281,0.0088967971530249
2,Mathabhanga (SC),9,5,407,0,15,742,1169,0.0042771599657827,0.6347305389221557,0.0128314798973481
2,Mathabhanga (SC),90,0,0,0,488,0,488,0.0,0.0,1.0
2,Mathabhanga (SC),90A,0,0,0,495,0,495,0.0,0.0,1.0
2,Mathabhanga (SC),91,0,0,0,518,0,518,0.0,0.0,1.0
2,Mathabhanga (SC),91A,0,0,0,485,0,485,0.0,0.0,1.0
2,Mathabhanga (SC),92,0,0,0,519,0,519,0.0,0.0,1.0
2,Mathabhanga (SC),93,0,0,0,843,0,843,0.0,0.0,1.0
2,Mathabhanga (SC),94,0,0,0,793,0,793,0.0,0.0,1.0
2,Mathabhanga (SC),95,0,0,0,721,0,721,0.0,0.0,1.0
2,Mathabhanga (SC),96,0,0,0,770,0,770,0.0,0.0,1.0
2,Mathabhanga (SC),97,0,0,0,549,0,549,0.0,0.0,1.0
2,Mathabhanga (SC),98,0,0,0,623,0,623,0.0,0.0,1.0
2,Mathabhanga (SC),99,0,0,0,461,0,461,0.0,0.0,1.0
2,Mathabhanga (SC),99A,0,0,0,506,0,506,0.0,0.0,1.0
3,Cooch Behar Uttar (SC),1,0,0,0,564,0,564,0.0,0.0,1.0
3,Cooch Behar Uttar (SC),10,0,0,0,821,0,821,0.0,0.0,1.0
3,Cooch Behar Uttar (SC),11,0,0,0,874,0,874,0.0,0.0,1.0
3,Cooch Behar Uttar (SC),12,0,0,0,412,0,412,0.0,0.0,1.0
3,Cooch Behar Uttar (SC),12A,0,0,0,449,0,449,0.0,0.0,1.0
3,Cooch Behar Uttar (SC),13,0,0,0,1055,0,1055,0.0,0.0,1.0
3,Cooch Behar Uttar (SC),13A,0,0,0,533,0,533,0.0,0.0,1.0
3,Cooch Behar Uttar (SC),14,0,0,0,1448,0,1448,0.0,0.0,1.0
3,Cooch Behar Uttar (SC),14A,0,0,0,516,0,516,0.0,0.0,1.0
3,Cooch Behar Uttar (SC),15,0,0,0,11,0,11,0.0,0.0,1.0
3,Cooch Behar Uttar (SC),16,0,0,0,504,0,504,0.0,0.0,1.0
3,Cooch Behar Uttar (SC),19,0,0,0,460,0,460,0.0,0.0,1.0
3,Cooch Behar Uttar (SC),1A,0,0,0,515,0,515,0.0,0.0,1.0
3,Cooch Behar Uttar (SC),2,0,0,0,716,0,716,0.0,0.0,1.0
3,Cooch Behar Uttar (SC),20,0,0,0,527,0,527,0.0,0.0,1.0
3,Cooch Behar Uttar (SC),208,0,0,0,327,0,327,0.0,0.0,1.0
3,Cooch Behar Uttar (SC),21,0,0,0,365,0,365,0.0,0.0,1.0
3,Cooch Behar Uttar (SC),23,0,0,0,452,0,452,0.0,0.0,1.0
3,Cooch Behar Uttar (SC),24,0,0,0,1376,0,1376,0.0,0.0,1.0
3,Cooch Behar Uttar (SC),243A,0,0,0,220,0,220,0.0,0.0,1.0
3,Cooch Behar Uttar (SC),244,0,0,0,367,0,367,0.0,0.0,1.0
3,Cooch Behar Uttar (SC),245,0,0,0,276,0,276,0.0,0.0,1.0
3,Cooch Behar Uttar (SC),246,0,0,0,265,0,265,0.0,0.0,1.0
3,Cooch Behar Uttar (SC),248,0,0,0,455,0,455,0.0,0.0,1.0
3,Cooch Behar Uttar (SC),249,0,0,0,239,0,239,0.0,0.0,1.0
3,Cooch Behar Uttar (SC),27,0,0,0,538,0,538,0.0,0.0,1.0
3,Cooch Behar Uttar (SC),29,0,0,0,671,0,671,0.0,0.0,1.0
3,Cooch Behar Uttar (SC),3,0,0,0,740,0,740,0.0,0.0,1.0
3,Cooch Behar Uttar (SC),317,0,0,0,496,0,496,0.0,0.0,1.0
3,Cooch Behar Uttar (SC),32,0,0,0,817,0,817,0.0,0.0,1.0
3,Cooch Behar Uttar (SC),33,0,0,0,833,0,833,0.0,0.0,1.0
3,Cooch Behar Uttar (SC),337,0,0,0,777,260,1037,0.0,0.2507232401157184,0.7492767598842816
3,Cooch Behar Uttar (SC),338,0,0,0,583,261,844,0.0,0.3092417061611374,0.6907582938388626
3,Cooch Behar Uttar (SC),339,0,0,0,743,262,1005,0.0,0.2606965174129353,0.7393034825870647
3,Cooch Behar Uttar (SC),34,0,0,0,4,0,4,0.0,0.0,1.0
3,Cooch Behar Uttar (SC),340,0,0,0,725,263,988,0.0,0.2661943319838056,0.7338056680161943
3,Cooch Behar Uttar (SC),341,0,0,0,416,264,680,0.0,0.388235294117647,0.611764705882353
3,Cooch Behar Uttar (SC),342,0,0,0,616,265,881,0.0,0.300794551645857,0.699205448354143
3,Cooch Behar Uttar (SC),343,0,0,0,516,0,516,0.0,0.0,1.0
3,Cooch Behar Uttar (SC),344,0,0,0,561,266,827,0.0,0.3216444981862152,0.6783555018137848
3,Cooch Behar Uttar (SC),345,0,0,0,671,267,938,0.0,0.2846481876332623,0.7153518123667377
3,Cooch Behar Uttar (SC),346,0,0,0,707,268,975,0.0,0.2748717948717948,0.7251282051282051
3,Cooch Behar Uttar (SC),347,0,0,0,664,269,933,0.0,0.2883172561629153,0.7116827438370846
3,Cooch Behar Uttar (SC),348,0,0,0,772,270,1042,0.0,0.2591170825335892,0.7408829174664108
3,Cooch Behar Uttar (SC),349,0,0,0,480,271,751,0.0,0.3608521970705726,0.6391478029294274
3,Cooch Behar Uttar (SC),350,0,0,0,485,272,757,0.0,0.3593130779392338,0.6406869220607662
3,Cooch Behar Uttar (SC),351,0,0,0,591,0,591,0.0,0.0,1.0
3,Cooch Behar Uttar (SC),352,0,0,0,642,273,915,0.0,0.2983606557377049,0.7016393442622951
3,Cooch Behar Uttar (SC),353,0,0,0,686,274,960,0.0,0.2854166666666666,0.7145833333333333
3,Cooch Behar Uttar (SC),354,0,0,0,569,275,844,0.0,0.3258293838862559,0.6741706161137441
3,Cooch Behar Uttar (SC),355,0,0,0,542,0,542,0.0,0.0,1.0
3,Cooch Behar Uttar (SC),356,0,0,0,755,276,1031,0.0,0.2677012609117362,0.7322987390882638
3,Cooch Behar Uttar (SC),36,0,0,0,825,0,825,0.0,0.0,1.0
3,Cooch Behar Uttar (SC),37,0,0,0,835,0,835,0.0,0.0,1.0
3,Cooch Behar Uttar (SC),38,0,0,0,439,0,439,0.0,0.0,1.0
3,Cooch Behar Uttar (SC),39,0,0,0,790,0,790,0.0,0.0,1.0
3,Cooch Behar Uttar (SC),3A,0,0,0,527,0,527,0.0,0.0,1.0
3,Cooch Behar Uttar (SC),4,0,0,0,773,0,773,0.0,0.0,1.0
3,Cooch Behar Uttar (SC),47,0,0,0,426,0,426,0.0,0.0,1.0
3,Cooch Behar Uttar (SC),49,0,0,0,525,0,525,0.0,0.0,1.0
3,Cooch Behar Uttar (SC),5,0,0,0,617,0,617,0.0,0.0,1.0
3,Cooch Behar Uttar (SC),50,0,0,0,7,0,7,0.0,0.0,1.0
3,Cooch Behar Uttar (SC),51,0,0,0,638,0,638,0.0,0.0,1.0
3,Cooch Behar Uttar (SC),53,0,0,0,689,0,689,0.0,0.0,1.0
3,Cooch Behar Uttar (SC),59,0,0,0,749,0,749,0.0,0.0,1.0
3,Cooch Behar Uttar (SC),5A,0,0,0,614,0,614,0.0,0.0,1.0
3,Cooch Behar Uttar (SC),6,0,0,0,691,0,691,0.0,0.0,1.0
3,Cooch Behar Uttar (SC),67,0,0,0,652,0,652,0.0,0.0,1.0
3,Cooch Behar Uttar (SC),7,0,0,0,265,0,265,0.0,0.0,1.0
3,Cooch Behar Uttar (SC),72,0,0,0,771,0,771,0.0,0.0,1.0
3,Cooch Behar Uttar (SC),8,0,0,0,953,0,953,0.0,0.0,1.0
3,Cooch Behar Uttar (SC),88,0,0,0,651,0,651,0.0,0.0,1.0
3,Cooch Behar Uttar (SC),9,0,0,0,1467,0,1467,0.0,0.0,1.0
4,Cooch Behar Dakshin,10,0,0,0,957,0,957,0.0,0.0,1.0
4,Cooch Behar Dakshin,100,0,0,0,35,0,35,0.0,0.0,1.0
4,Cooch Behar Dakshin,101,0,0,0,19,0,19,0.0,0.0,1.0
4,Cooch Behar Dakshin,101(A),0,0,0,22,0,22,0.0,0.0,1.0
4,Cooch Behar Dakshin,102,0,0,0,27,0,27,0.0,0.0,1.0
4,Cooch Behar Dakshin,103,0,0,0,39,0,39,0.0,0.0,1.0
4,Cooch Behar Dakshin,104,0,0,0,17,0,17,0.0,0.0,1.0
4,Cooch Behar Dakshin,105,0,0,0,18,0,18,0.0,0.0,1.0
4,Cooch Behar Dakshin,106,0,0,0,29,0,29,0.0,0.0,1.0
4,Cooch Behar Dakshin,107,0,0,0,15,0,15,0.0,0.0,1.0
4,Cooch Behar Dakshin,108,0,0,0,21,0,21,0.0,0.0,1.0
4,Cooch Behar Dakshin,109,0,0,0,36,0,36,0.0,0.0,1.0
4,Cooch Behar Dakshin,11,0,0,0,919,0,919,0.0,0.0,1.0
4,Cooch Behar Dakshin,110,0,0,0,30,0,30,0.0,0.0,1.0
4,Cooch Behar Dakshin,12,0,0,0,1085,0,1085,0.0,0.0,1.0
4,Cooch Behar Dakshin,13,0,0,0,1132,0,1132,0.0,0.0,1.0
4,Cooch Behar Dakshin,13(A),0,0,0,592,0,592,0.0,0.0,1.0
4,Cooch Behar Dakshin,14,0,0,0,701,0,701,0.0,0.0,1.0
4,Cooch Behar Dakshin,14(A),0,0,0,486,0,486,0.0,0.0,1.0
4,Cooch Behar Dakshin,15,0,0,0,1307,0,1307,0.0,0.0,1.0
4,Cooch Behar Dakshin,16,0,0,0,898,0,898,0.0,0.0,1.0
4,Cooch Behar Dakshin,164,475,0,0,47,455,977,0.4861821903787103,0.4657113613101331,0.0481064483111566
4,Cooch Behar Dakshin,166,157,0,0,21,252,430,0.3651162790697674,0.586046511627907,0.0488372093023255
4,Cooch Behar Dakshin,167,57,0,0,49,759,865,0.0658959537572254,0.8774566473988439,0.0566473988439306
4,Cooch Behar Dakshin,168,229,0,0,59,393,681,0.3362701908957415,0.5770925110132159,0.0866372980910425
4,Cooch Behar Dakshin,169,518,0,0,38,177,733,0.7066848567530696,0.2414733969986357,0.0518417462482946
4,Cooch Behar Dakshin,17,0,0,0,482,0,482,0.0,0.0,1.0
4,Cooch Behar Dakshin,17(A),0,0,0,179,0,179,0.0,0.0,1.0
4,Cooch Behar Dakshin,170,271,0,0,62,337,670,0.4044776119402985,0.5029850746268657,0.0925373134328358
4,Cooch Behar Dakshin,171,391,0,0,29,91,511,0.7651663405088063,0.1780821917808219,0.0567514677103718
4,Cooch Behar Dakshin,171(A),329,0,0,16,188,533,0.6172607879924953,0.3527204502814259,0.0300187617260788
4,Cooch Behar Dakshin,172,306,0,0,50,551,907,0.3373759647188533,0.607497243660419,0.0551267916207276
4,Cooch Behar Dakshin,173,348,0,0,27,258,633,0.5497630331753555,0.4075829383886256,0.0426540284360189
4,Cooch Behar Dakshin,173(A),101,0,0,43,484,628,0.160828025477707,0.7707006369426752,0.0684713375796178
4,Cooch Behar Dakshin,174,258,0,0,29,70,357,0.7226890756302521,0.196078431372549,0.0812324929971988
4,Cooch Behar Dakshin,175,378,0,0,67,183,628,0.6019108280254777,0.2914012738853503,0.1066878980891719
4,Cooch Behar Dakshin,176,313,0,0,26,72,411,0.7615571776155717,0.1751824817518248,0.0632603406326034
4,Cooch Behar Dakshin,177,461,0,0,81,265,807,0.5712515489467163,0.3283767038413878,0.1003717472118959
4,Cooch Behar Dakshin,178,416,0,0,86,201,703,0.5917496443812233,0.2859174964438122,0.1223328591749644
4,Cooch Behar Dakshin,179,264,0,0,48,121,433,0.6096997690531177,0.279445727482679,0.1108545034642032
4,Cooch Behar Dakshin,18,0,0,0,1416,0,1416,0.0,0.0,1.0
4,Cooch Behar Dakshin,180,261,0,0,62,163,486,0.5370370370370371,0.3353909465020576,0.1275720164609053
4,Cooch Behar Dakshin,181,336,0,0,62,115,513,0.6549707602339181,0.2241715399610136,0.1208576998050682
4,Cooch Behar Dakshin,182,156,0,0,32,132,320,0.4875,0.4125,0.1
4,Cooch Behar Dakshin,183,425,0,0,82,187,694,0.6123919308357348,0.2694524495677233,0.1181556195965417
4,Cooch Behar Dakshin,184,417,0,0,126,173,716,0.5824022346368715,0.2416201117318435,0.1759776536312849
4,Cooch Behar Dakshin,186,0,0,0,254,111,365,0.0,0.3041095890410959,0.6958904109589041
4,Cooch Behar Dakshin,187,0,0,0,420,135,555,0.0,0.2432432432432432,0.7567567567567568
4,Cooch Behar Dakshin,188,0,0,0,286,112,398,0.0,0.2814070351758794,0.7185929648241206
4,Cooch Behar Dakshin,188(A),0,0,0,324,96,420,0.0,0.2285714285714285,0.7714285714285715
4,Cooch Behar Dakshin,189,0,0,0,251,105,356,0.0,0.2949438202247191,0.7050561797752809
4,Cooch Behar Dakshin,189(A),0,0,0,279,99,378,0.0,0.2619047619047619,0.7380952380952381
4,Cooch Behar Dakshin,19,0,0,0,113,0,113,0.0,0.0,1.0
4,Cooch Behar Dakshin,190,0,0,0,430,171,601,0.0,0.2845257903494176,0.7154742096505824
4,Cooch Behar Dakshin,191,0,0,0,361,140,501,0.0,0.279441117764471,0.720558882235529
4,Cooch Behar Dakshin,192,0,0,0,289,80,369,0.0,0.2168021680216802,0.7831978319783198
4,Cooch Behar Dakshin,192(A),0,0,0,289,123,412,0.0,0.2985436893203883,0.7014563106796117
4,Cooch Behar Dakshin,193,0,0,0,396,115,511,0.0,0.2250489236790606,0.7749510763209393
4,Cooch Behar Dakshin,194,0,0,0,552,197,749,0.0,0.2630173564753004,0.7369826435246996
4,Cooch Behar Dakshin,195,0,0,0,589,193,782,0.0,0.2468030690537084,0.7531969309462916
4,Cooch Behar Dakshin,196,0,0,0,431,198,629,0.0,0.314785373608903,0.685214626391097
4,Cooch Behar Dakshin,197,0,0,0,345,162,507,0.0,0.3195266272189349,0.6804733727810651
4,Cooch Behar Dakshin,198,0,0,0,620,173,793,0.0,0.2181588902900378,0.7818411097099621
4,Cooch Behar Dakshin,199,0,0,0,283,244,527,0.0,0.4629981024667932,0.5370018975332068
4,Cooch Behar Dakshin,20,0,0,0,1060,0,1060,0.0,0.0,1.0
4,Cooch Behar Dakshin,200,0,0,0,234,178,412,0.0,0.4320388349514563,0.5679611650485437
4,Cooch Behar Dakshin,201,0,0,0,340,116,456,0.0,0.2543859649122807,0.7456140350877193
4,Cooch Behar Dakshin,201(A),0,0,0,377,87,464,0.0,0.1875,0.8125
4,Cooch Behar Dakshin,202,0,0,0,276,133,409,0.0,0.3251833740831296,0.6748166259168704
4,Cooch Behar Dakshin,202(A),0,0,0,278,121,399,0.0,0.3032581453634085,0.6967418546365914
4,Cooch Behar Dakshin,203,0,0,0,392,149,541,0.0,0.2754158964879852,0.7245841035120147
4,Cooch Behar Dakshin,204,0,0,0,290,151,441,0.0,0.3424036281179138,0.6575963718820862
4,Cooch Behar Dakshin,205,0,0,0,416,175,591,0.0,0.2961082910321489,0.7038917089678511
4,Cooch Behar Dakshin,206,0,0,0,306,100,406,0.0,0.2463054187192118,0.7536945812807881
4,Cooch Behar Dakshin,207,0,0,0,322,125,447,0.0,0.2796420581655481,0.7203579418344519
4,Cooch Behar Dakshin,208,0,0,0,577,175,752,0.0,0.2327127659574468,0.7672872340425532
4,Cooch Behar Dakshin,209,0,0,0,269,90,359,0.0,0.2506963788300835,0.7493036211699164
4,Cooch Behar Dakshin,21,0,0,0,227,0,227,0.0,0.0,1.0
4,Cooch Behar Dakshin,210,0,0,0,229,164,393,0.0,0.4173027989821883,0.5826972010178118
4,Cooch Behar Dakshin,210(A),0,0,0,237,146,383,0.0,0.381201044386423,0.618798955613577
4,Cooch Behar Dakshin,211,0,0,0,349,115,464,0.0,0.2478448275862069,0.7521551724137931
4,Cooch Behar Dakshin,212,0,0,0,342,109,451,0.0,0.2416851441241685,0.7583148558758315
4,Cooch Behar Dakshin,213,0,0,0,312,97,409,0.0,0.2371638141809291,0.7628361858190709
4,Cooch Behar Dakshin,214,0,0,0,562,184,746,0.0,0.2466487935656836,0.7533512064343163
4,Cooch Behar Dakshin,215,0,0,0,328,78,406,0.0,0.1921182266009852,0.8078817733990148
4,Cooch Behar Dakshin,215(A),0,0,0,326,85,411,0.0,0.2068126520681265,0.7931873479318735
4,Cooch Behar Dakshin,216,0,0,0,381,119,500,0.0,0.238,0.762
4,Cooch Behar Dakshin,217,0,0,0,339,101,440,0.0,0.2295454545454545,0.7704545454545455
4,Cooch Behar Dakshin,218,0,0,0,336,95,431,0.0,0.2204176334106728,0.7795823665893271
4,Cooch Behar Dakshin,219,0,0,0,428,180,608,0.0,0.2960526315789473,0.7039473684210527
4,Cooch Behar Dakshin,22,0,0,0,147,0,147,0.0,0.0,1.0
4,Cooch Behar Dakshin,220,0,0,0,289,98,387,0.0,0.2532299741602067,0.7467700258397932
4,Cooch Behar Dakshin,221,0,0,0,581,160,741,0.0,0.2159244264507422,0.7840755735492577
4,Cooch Behar Dakshin,222,0,0,0,585,223,808,0.0,0.275990099009901,0.724009900990099
4,Cooch Behar Dakshin,223,0,0,0,611,175,786,0.0,0.2226463104325699,0.77735368956743
4,Cooch Behar Dakshin,224,0,0,0,520,173,693,0.0,0.2496392496392496,0.7503607503607503
4,Cooch Behar Dakshin,225,0,0,0,282,332,614,0.0,0.5407166123778502,0.4592833876221498
4,Cooch Behar Dakshin,227,0,0,0,388,1,389,0.0,0.0025706940874035,0.9974293059125964
4,Cooch Behar Dakshin,228,4,0,0,479,2,485,0.0082474226804123,0.0041237113402061,0.9876288659793816
4,Cooch Behar Dakshin,229,3,0,0,497,0,500,0.006,0.0,0.994
4,Cooch Behar Dakshin,23,0,0,0,688,0,688,0.0,0.0,1.0
4,Cooch Behar Dakshin,230,1,0,0,697,4,702,0.0014245014245014,0.0056980056980056,0.9928774928774928
4,Cooch Behar Dakshin,231,2,0,0,642,1,645,0.0031007751937984,0.0015503875968992,0.9953488372093025
4,Cooch Behar Dakshin,232,3,0,0,712,3,718,0.0041782729805013,0.0041782729805013,0.9916434540389972
4,Cooch Behar Dakshin,233,3,0,0,511,0,514,0.0058365758754863,0.0,0.9941634241245136
4,Cooch Behar Dakshin,234,5,0,0,794,4,803,0.0062266500622665,0.0049813200498132,0.9887920298879204
4,Cooch Behar Dakshin,235,1,0,0,709,1,711,0.0014064697609001,0.0014064697609001,0.9971870604781996
4,Cooch Behar Dakshin,236,2,0,0,687,2,691,0.0028943560057887,0.0028943560057887,0.9942112879884226
4,Cooch Behar Dakshin,239,1,0,0,573,1,575,0.0017391304347826,0.0017391304347826,0.9965217391304348
4,Cooch Behar Dakshin,24,0,0,0,255,0,255,0.0,0.0,1.0
4,Cooch Behar Dakshin,243,1,0,0,481,1,483,0.0020703933747412,0.0020703933747412,0.9958592132505176
4,Cooch Behar Dakshin,247,2,0,0,802,1,805,0.0024844720496894,0.0012422360248447,0.996273291925466
4,Cooch Behar Dakshin,26,0,0,0,534,0,534,0.0,0.0,1.0
4,Cooch Behar Dakshin,27,0,0,0,675,0,675,0.0,0.0,1.0
4,Cooch Behar Dakshin,28,0,0,0,278,0,278,0.0,0.0,1.0
4,Cooch Behar Dakshin,29,0,0,0,1077,0,1077,0.0,0.0,1.0
4,Cooch Behar Dakshin,299,0,0,0,447,1,448,0.0,0.0022321428571428,0.9977678571428572
4,Cooch Behar Dakshin,2a,0,0,0,204,419,623,0.0,0.6725521669341894,0.3274478330658106
4,Cooch Behar Dakshin,3,0,0,0,804,0,804,0.0,0.0,1.0
4,Cooch Behar Dakshin,30,0,0,0,647,0,647,0.0,0.0,1.0
4,Cooch Behar Dakshin,300,0,0,0,302,0,302,0.0,0.0,1.0
4,Cooch Behar Dakshin,302,3,0,0,496,1,500,0.006,0.002,0.992
4,Cooch Behar Dakshin,303,1,0,0,556,2,559,0.0017889087656529,0.0035778175313059,0.9946332737030412
4,Cooch Behar Dakshin,304,0,0,0,415,1,416,0.0,0.0024038461538461,0.997596153846154
4,Cooch Behar Dakshin,306,1,0,0,521,0,522,0.0019157088122605,0.0,0.9980842911877394
4,Cooch Behar Dakshin,307,1,0,0,522,1,524,0.0019083969465648,0.0019083969465648,0.9961832061068704
4,Cooch Behar Dakshin,308,3,0,0,593,2,598,0.0050167224080267,0.0033444816053511,0.991638795986622
4,Cooch Behar Dakshin,31,0,0,0,521,0,521,0.0,0.0,1.0
4,Cooch Behar Dakshin,310,0,0,0,469,2,471,0.0,0.0042462845010615,0.9957537154989384
4,Cooch Behar Dakshin,311,0,0,0,376,1,377,0.0,0.0026525198938992,0.9973474801061007
4,Cooch Behar Dakshin,313,0,0,0,481,0,481,0.0,0.0,1.0
4,Cooch Behar Dakshin,314,0,0,0,453,0,453,0.0,0.0,1.0
4,Cooch Behar Dakshin,315,0,0,0,395,0,395,0.0,0.0,1.0
4,Cooch Behar Dakshin,316,0,0,0,455,0,455,0.0,0.0,1.0
4,Cooch Behar Dakshin,317,0,0,0,394,0,394,0.0,0.0,1.0
4,Cooch Behar Dakshin,32,0,0,0,555,0,555,0.0,0.0,1.0
4,Cooch Behar Dakshin,33,0,0,0,373,0,373,0.0,0.0,1.0
4,Cooch Behar Dakshin,34,0,0,0,215,0,215,0.0,0.0,1.0
4,Cooch Behar Dakshin,35,0,0,0,834,0,834,0.0,0.0,1.0
4,Cooch Behar Dakshin,36,0,0,0,417,0,417,0.0,0.0,1.0
4,Cooch Behar Dakshin,37,0,0,0,1817,0,1817,0.0,0.0,1.0
4,Cooch Behar Dakshin,38,0,0,0,403,0,403,0.0,0.0,1.0
4,Cooch Behar Dakshin,39,0,0,0,577,0,577,0.0,0.0,1.0
4,Cooch Behar Dakshin,4,0,0,0,514,0,514,0.0,0.0,1.0
4,Cooch Behar Dakshin,40,0,0,0,381,0,381,0.0,0.0,1.0
4,Cooch Behar Dakshin,41,0,0,0,274,0,274,0.0,0.0,1.0
4,Cooch Behar Dakshin,42,0,0,0,801,0,801,0.0,0.0,1.0
4,Cooch Behar Dakshin,43,0,0,0,1801,0,1801,0.0,0.0,1.0
4,Cooch Behar Dakshin,44,0,0,0,252,0,252,0.0,0.0,1.0
4,Cooch Behar Dakshin,45,0,0,0,197,0,197,0.0,0.0,1.0
4,Cooch Behar Dakshin,46,0,0,0,335,0,335,0.0,0.0,1.0
4,Cooch Behar Dakshin,47,0,0,0,213,0,213,0.0,0.0,1.0
4,Cooch Behar Dakshin,50,0,0,0,620,0,620,0.0,0.0,1.0
4,Cooch Behar Dakshin,51,0,0,0,514,0,514,0.0,0.0,1.0
4,Cooch Behar Dakshin,55,0,0,0,477,0,477,0.0,0.0,1.0
4,Cooch Behar Dakshin,58,0,0,0,650,0,650,0.0,0.0,1.0
4,Cooch Behar Dakshin,6,0,0,0,340,0,340,0.0,0.0,1.0
4,Cooch Behar Dakshin,67,0,0,0,309,0,309,0.0,0.0,1.0
4,Cooch Behar Dakshin,7,0,0,0,214,0,214,0.0,0.0,1.0
4,Cooch Behar Dakshin,70,2,0,0,925,1,928,0.0021551724137931,0.0010775862068965,0.9967672413793104
4,Cooch Behar Dakshin,72,0,0,0,462,0,462,0.0,0.0,1.0
4,Cooch Behar Dakshin,73,0,0,0,594,0,594,0.0,0.0,1.0
4,Cooch Behar Dakshin,74,0,0,0,528,0,528,0.0,0.0,1.0
4,Cooch Behar Dakshin,75,0,0,0,431,0,431,0.0,0.0,1.0
4,Cooch Behar Dakshin,76,0,0,0,253,0,253,0.0,0.0,1.0
4,Cooch Behar Dakshin,77,0,0,0,276,0,276,0.0,0.0,1.0
4,Cooch Behar Dakshin,78,0,0,0,361,0,361,0.0,0.0,1.0
4,Cooch Behar Dakshin,79,0,0,0,667,0,667,0.0,0.0,1.0
4,Cooch Behar Dakshin,8,0,0,0,461,0,461,0.0,0.0,1.0
4,Cooch Behar Dakshin,80,0,0,0,429,0,429,0.0,0.0,1.0
4,Cooch Behar Dakshin,81,0,0,0,404,0,404,0.0,0.0,1.0
4,Cooch Behar Dakshin,82,0,0,0,450,0,450,0.0,0.0,1.0
4,Cooch Behar Dakshin,83,0,0,0,222,0,222,0.0,0.0,1.0
4,Cooch Behar Dakshin,84,0,0,0,106,0,106,0.0,0.0,1.0
4,Cooch Behar Dakshin,85,0,0,0,413,0,413,0.0,0.0,1.0
4,Cooch Behar Dakshin,86,0,0,0,223,0,223,0.0,0.0,1.0
4,Cooch Behar Dakshin,87,0,0,0,539,0,539,0.0,0.0,1.0
4,Cooch Behar Dakshin,88,0,0,0,332,0,332,0.0,0.0,1.0
4,Cooch Behar Dakshin,89,0,0,0,321,0,321,0.0,0.0,1.0
4,Cooch Behar Dakshin,90,0,0,0,358,0,358,0.0,0.0,1.0
4,Cooch Behar Dakshin,91,0,0,0,421,0,421,0.0,0.0,1.0
4,Cooch Behar Dakshin,92,0,0,0,360,0,360,0.0,0.0,1.0
4,Cooch Behar Dakshin,93,0,0,0,471,0,471,0.0,0.0,1.0
4,Cooch Behar Dakshin,94,0,0,0,476,0,476,0.0,0.0,1.0
4,Cooch Behar Dakshin,95,0,0,0,367,0,367,0.0,0.0,1.0
4,Cooch Behar Dakshin,95(A),0,0,0,11,0,11,0.0,0.0,1.0
4,Cooch Behar Dakshin,96,0,0,0,49,0,49,0.0,0.0,1.0
4,Cooch Behar Dakshin,97,0,0,0,39,0,39,0.0,0.0,1.0
4,Cooch Behar Dakshin,98,0,0,0,16,0,16,0.0,0.0,1.0
4,Cooch Behar Dakshin,99,0,0,0,11,0,11,0.0,0.0,1.0
4,Cooch Behar Dakshin,99(A),0,0,0,24,0,24,0.0,0.0,1.0
5,Sitalkuchi (SC),146(A),379,5,0,1,102,487,0.7782340862422998,0.2094455852156057,0.002053388090349
5,Sitalkuchi (SC),147,494,7,0,3,371,875,0.5645714285714286,0.424,0.0034285714285714
5,Sitalkuchi (SC),148,44,18,0,1,649,712,0.0617977528089887,0.9115168539325844,0.0014044943820224
5,Sitalkuchi (SC),149,293,4,0,0,303,600,0.4883333333333333,0.505,0.0
5,Sitalkuchi (SC),150,391,5,0,0,216,612,0.6388888888888888,0.3529411764705882,0.0
5,Sitalkuchi (SC),151,379,9,0,0,141,529,0.7164461247637051,0.2665406427221172,0.0
5,Sitalkuchi (SC),152,431,10,0,4,64,509,0.8467583497053045,0.1257367387033398,0.0078585461689587
5,Sitalkuchi (SC),152(A),381,9,0,1,134,525,0.7257142857142858,0.2552380952380952,0.0019047619047619
5,Sitalkuchi (SC),153,206,9,0,1,107,323,0.6377708978328174,0.3312693498452012,0.0030959752321981
5,Sitalkuchi (SC),154,434,8,0,0,104,546,0.7948717948717948,0.1904761904761904,0.0
5,Sitalkuchi (SC),155,379,8,0,3,99,489,0.7750511247443763,0.2024539877300613,0.0061349693251533
5,Sitalkuchi (SC),155(A),326,8,0,1,116,451,0.7228381374722838,0.2572062084257206,0.0022172949002217
5,Sitalkuchi (SC),156,299,15,0,1,168,483,0.6190476190476191,0.3478260869565217,0.0020703933747412
5,Sitalkuchi (SC),157,453,19,0,0,171,643,0.7045101088646968,0.2659409020217729,0.0
5,Sitalkuchi (SC),158,304,6,0,0,337,647,0.4698608964451313,0.5208655332302936,0.0
5,Sitalkuchi (SC),159,230,37,0,7,319,593,0.387858347386172,0.5379426644182125,0.0118043844856661
5,Sitalkuchi (SC),160,146,8,0,1,269,424,0.3443396226415094,0.6344339622641509,0.0023584905660377
5,Sitalkuchi (SC),160(A),32,13,0,0,394,439,0.0728929384965831,0.89749430523918,0.0
5,Sitalkuchi (SC),161,169,34,0,0,494,697,0.242467718794835,0.7087517934002869,0.0
5,Sitalkuchi (SC),162,272,8,0,0,161,441,0.6167800453514739,0.365079365079365,0.0
5,Sitalkuchi (SC),162(A),322,12,0,2,145,481,0.6694386694386695,0.3014553014553014,0.0041580041580041
5,Sitalkuchi (SC),71,455,15,0,20,406,896,0.5078125,0.453125,0.0223214285714285
5,Sitalkuchi (SC),72,405,45,0,5,457,912,0.4440789473684211,0.5010964912280702,0.0054824561403508
5,Sitalkuchi (SC),73,321,42,0,11,560,934,0.3436830835117773,0.5995717344753747,0.0117773019271948
5,Sitalkuchi (SC),74,334,11,0,10,180,535,0.6242990654205608,0.3364485981308411,0.0186915887850467
5,Sitalkuchi (SC),74(A),291,13,0,9,233,546,0.532967032967033,0.4267399267399267,0.0164835164835164
5,Sitalkuchi (SC),75,215,14,0,7,286,522,0.4118773946360153,0.5478927203065134,0.0134099616858237
5,Sitalkuchi (SC),76,155,20,0,5,387,567,0.27336860670194,0.6825396825396826,0.0088183421516754
5,Sitalkuchi (SC),78,375,10,0,8,174,567,0.6613756613756614,0.3068783068783068,0.0141093474426807
5,Sitalkuchi (SC),79,387,25,0,10,220,642,0.602803738317757,0.3426791277258567,0.0155763239875389
5,Sitalkuchi (SC),80,342,17,0,2,345,706,0.4844192634560906,0.4886685552407932,0.0028328611898017
5,Sitalkuchi (SC),81,355,21,0,9,258,643,0.552099533437014,0.401244167962675,0.0139968895800933
5,Sitalkuchi (SC),82,385,7,0,8,216,616,0.625,0.3506493506493506,0.0129870129870129
5,Sitalkuchi (SC),83,248,19,0,5,437,709,0.3497884344146685,0.616361071932299,0.007052186177715
5,Sitalkuchi (SC),84,545,25,0,6,248,824,0.6614077669902912,0.3009708737864077,0.0072815533980582
5,Sitalkuchi (SC),85,450,25,0,10,233,718,0.6267409470752089,0.3245125348189415,0.0139275766016713
5,Sitalkuchi (SC),86,365,13,0,10,328,716,0.5097765363128491,0.4581005586592179,0.0139664804469273
5,Sitalkuchi (SC),87,291,14,0,3,452,760,0.3828947368421053,0.5947368421052631,0.0039473684210526
5,Sitalkuchi (SC),88,435,11,0,1,185,632,0.6882911392405063,0.2927215189873418,0.0015822784810126
5,Sitalkuchi (SC),89,347,12,0,4,295,658,0.5273556231003039,0.4483282674772036,0.0060790273556231
5,Sitalkuchi (SC),90,433,33,0,7,297,770,0.5623376623376624,0.3857142857142857,0.009090909090909
5,Sitalkuchi (SC),91,359,42,0,9,131,541,0.6635859519408502,0.2421441774491682,0.0166358595194085
6,Sitai (SC),1,0,0,0,113,193,306,0.0,0.630718954248366,0.369281045751634
6,Sitai (SC),1(A),0,0,0,0,5,5,0.0,1.0,0.0
6,Sitai (SC),10,0,0,0,1294,451,1745,0.0,0.2584527220630372,0.7415472779369627
6,Sitai (SC),11,0,0,0,0,1367,1367,0.0,1.0,0.0
6,Sitai (SC),12,0,0,0,865,1139,2004,0.0,0.5683632734530938,0.4316367265469062
6,Sitai (SC),13,0,0,0,0,4,4,0.0,1.0,0.0
6,Sitai (SC),14,0,0,0,536,7,543,0.0,0.012891344383057,0.9871086556169428
6,Sitai (SC),15,0,0,0,0,256,256,0.0,1.0,0.0
6,Sitai (SC),156,289,0,304,11,6,610,0.4737704918032787,0.0098360655737704,0.0180327868852459
6,Sitai (SC),157,416,0,220,12,13,661,0.6293494704992436,0.0196671709531013,0.0181543116490166
6,Sitai (SC),158,290,0,423,5,13,731,0.3967168262653899,0.0177838577291381,0.0068399452804377
6,Sitai (SC),159,415,0,401,12,27,855,0.4853801169590643,0.031578947368421,0.0140350877192982
6,Sitai (SC),16,0,0,0,416,2,418,0.0,0.0047846889952153,0.9952153110047848
6,Sitai (SC),16(A),0,0,0,0,2,2,0.0,1.0,0.0
6,Sitai (SC),160,340,0,156,10,14,520,0.6538461538461539,0.0269230769230769,0.0192307692307692
6,Sitai (SC),160(A),341,0,162,7,15,525,0.6495238095238095,0.0285714285714285,0.0133333333333333
6,Sitai (SC),161,313,0,176,7,12,508,0.6161417322834646,0.0236220472440944,0.0137795275590551
6,Sitai (SC),161(A),89,0,371,3,6,469,0.1897654584221748,0.0127931769722814,0.0063965884861407
6,Sitai (SC),162,520,0,182,6,11,719,0.7232267037552156,0.015299026425591,0.0083449235048678
6,Sitai (SC),163,389,0,356,10,8,763,0.509829619921363,0.0104849279161205,0.0131061598951507
6,Sitai (SC),164,226,0,196,6,4,432,0.5231481481481481,0.0092592592592592,0.0138888888888888
6,Sitai (SC),164(A),172,0,244,1,19,436,0.3944954128440367,0.0435779816513761,0.0022935779816513
6,Sitai (SC),165,341,0,90,6,7,444,0.7680180180180181,0.0157657657657657,0.0135135135135135
6,Sitai (SC),165(A),243,0,196,5,5,449,0.5412026726057907,0.0111358574610244,0.0111358574610244
6,Sitai (SC),166,347,0,380,15,8,750,0.4626666666666666,0.0106666666666666,0.02
6,Sitai (SC),167,82,0,479,5,20,586,0.1399317406143344,0.0341296928327645,0.0085324232081911
6,Sitai (SC),168,327,0,439,3,10,779,0.4197689345314506,0.0128369704749679,0.0038510911424903
6,Sitai (SC),169,499,0,262,10,27,798,0.62531328320802,0.0338345864661654,0.012531328320802
6,Sitai (SC),17,0,0,0,0,2,2,0.0,1.0,0.0
6,Sitai (SC),170,508,0,277,6,2,793,0.6406052963430012,0.0025220680958385,0.0075662042875157
6,Sitai (SC),171,331,0,188,9,4,532,0.6221804511278195,0.0075187969924812,0.0169172932330827
6,Sitai (SC),171(A),469,0,52,8,8,537,0.8733705772811918,0.0148975791433892,0.0148975791433892
6,Sitai (SC),172,405,0,235,2,11,653,0.6202143950995406,0.0168453292496171,0.003062787136294
6,Sitai (SC),173,38,0,435,0,4,477,0.0796645702306079,0.0083857442348008,0.0
6,Sitai (SC),173(A),29,0,484,3,5,521,0.055662188099808,0.0095969289827255,0.0057581573896353
6,Sitai (SC),174,349,0,0,96,0,445,0.7842696629213484,0.0,0.2157303370786517
6,Sitai (SC),174(A),193,0,0,276,0,469,0.4115138592750533,0.0,0.5884861407249466
6,Sitai (SC),175(A),161,0,0,259,0,420,0.3833333333333333,0.0,0.6166666666666667
6,Sitai (SC),176,354,0,0,121,0,475,0.7452631578947368,0.0,0.2547368421052631
6,Sitai (SC),176(A),69,0,0,371,0,440,0.1568181818181818,0.0,0.8431818181818181
6,Sitai (SC),177,342,0,0,471,0,813,0.4206642066420664,0.0,0.5793357933579336
6,Sitai (SC),178,387,0,0,92,0,479,0.8079331941544885,0.0,0.1920668058455114
6,Sitai (SC),178(A),252,0,0,287,0,539,0.4675324675324675,0.0,0.5324675324675324
6,Sitai (SC),179,493,0,0,119,0,612,0.8055555555555556,0.0,0.1944444444444444
6,Sitai (SC),179(A),337,0,0,225,0,562,0.599644128113879,0.0,0.400355871886121
6,Sitai (SC),18,0,0,0,0,294,294,0.0,1.0,0.0
6,Sitai (SC),18(A),0,0,0,0,10,10,0.0,1.0,0.0
6,Sitai (SC),180,0,0,0,329,0,329,0.0,0.0,1.0
6,Sitai (SC),181,528,0,0,125,0,653,0.8085758039816233,0.0,0.1914241960183767
6,Sitai (SC),182,139,0,0,327,0,466,0.2982832618025751,0.0,0.7017167381974249
6,Sitai (SC),183,380,0,0,50,0,430,0.8837209302325582,0.0,0.1162790697674418
6,Sitai (SC),184,594,0,0,212,0,806,0.7369727047146402,0.0,0.2630272952853598
6,Sitai (SC),185,640,0,0,67,0,707,0.9052333804809052,0.0,0.0947666195190947
6,Sitai (SC),186,239,0,0,335,0,574,0.4163763066202091,0.0,0.5836236933797909
6,Sitai (SC),186(A),93,0,0,481,0,574,0.1620209059233449,0.0,0.837979094076655
6,Sitai (SC),187,576,0,0,283,0,859,0.670547147846333,0.0,0.329452852153667
6,Sitai (SC),188,472,0,0,324,0,796,0.592964824120603,0.0,0.4070351758793969
6,Sitai (SC),189,326,0,0,435,0,761,0.4283837056504599,0.0,0.5716162943495401
6,Sitai (SC),19,0,0,0,0,128,128,0.0,1.0,0.0
6,Sitai (SC),190,33,0,0,411,0,444,0.0743243243243243,0.0,0.9256756756756755
6,Sitai (SC),190(A),96,0,0,338,0,434,0.2211981566820276,0.0,0.7788018433179723
6,Sitai (SC),191,197,0,0,321,0,518,0.3803088803088803,0.0,0.6196911196911197
6,Sitai (SC),2,0,0,0,235,351,586,0.0,0.5989761092150171,0.4010238907849829
6,Sitai (SC),2(A),0,0,0,0,3,3,0.0,1.0,0.0
6,Sitai (SC),20,0,0,0,0,314,314,0.0,1.0,0.0
6,Sitai (SC),23,0,0,0,0,455,455,0.0,1.0,0.0
6,Sitai (SC),27,1,0,7,1136,366,1510,0.0006622516556291,0.2423841059602649,0.752317880794702
6,Sitai (SC),2820(A),3,0,1,1409,189,1602,0.0018726591760299,0.1179775280898876,0.8795255930087391
6,Sitai (SC),29,2,0,5,1017,4,1028,0.0019455252918287,0.0038910505836575,0.9892996108949416
6,Sitai (SC),3,0,0,0,611,1229,1840,0.0,0.6679347826086957,0.3320652173913043
6,Sitai (SC),3(A),0,0,0,0,12,12,0.0,1.0,0.0
6,Sitai (SC),3021(A),0,0,1,1271,160,1432,0.0,0.1117318435754189,0.8875698324022346
6,Sitai (SC),31,0,0,0,1795,2,1797,0.0,0.0011129660545353,0.9988870339454646
6,Sitai (SC),32,0,0,8,1496,8,1512,0.0,0.0052910052910052,0.9894179894179894
6,Sitai (SC),33,1,0,4,1420,5,1430,0.0006993006993006,0.0034965034965034,0.993006993006993
6,Sitai (SC),34,3,0,3,1253,5,1264,0.0023734177215189,0.0039556962025316,0.9912974683544304
6,Sitai (SC),35,0,0,0,1826,4,1830,0.0,0.0021857923497267,0.9978142076502732
6,Sitai (SC),3626(A),2,0,0,1119,553,1674,0.001194743130227,0.3303464755077658,0.6684587813620072
6,Sitai (SC),37,0,0,8,1702,3,1713,0.0,0.0017513134851138,0.9935785172212492
6,Sitai (SC),3827(A),8,0,3,1436,212,1659,0.0048221820373719,0.1277878239903556,0.865581675708258
6,Sitai (SC),391,356,0,9,7,278,650,0.5476923076923077,0.4276923076923077,0.0107692307692307
6,Sitai (SC),392,614,0,46,850,279,1789,0.3432084963666853,0.1559530463946338,0.4751257685858021
6,Sitai (SC),396,317,0,8,161,282,768,0.4127604166666667,0.3671875,0.2096354166666666
6,Sitai (SC),398,296,0,6,113,283,698,0.4240687679083094,0.4054441260744986,0.16189111747851
6,Sitai (SC),4,0,0,0,644,1515,2159,0.0,0.7017137563686892,0.2982862436313108
6,Sitai (SC),40,0,0,5,962,4,971,0.0,0.0041194644696189,0.9907312049433572
6,Sitai (SC),400,345,0,22,203,284,854,0.4039812646370023,0.3325526932084309,0.2377049180327868
6,Sitai (SC),401,327,0,21,92,285,725,0.4510344827586207,0.3931034482758621,0.1268965517241379
6,Sitai (SC),403,400,0,11,86,286,783,0.5108556832694764,0.3652618135376756,0.1098339719029374
6,Sitai (SC),405,303,0,13,91,287,694,0.4365994236311239,0.4135446685878962,0.1311239193083573
6,Sitai (SC),407,474,0,21,135,288,918,0.5163398692810458,0.3137254901960784,0.1470588235294117
6,Sitai (SC),408,357,0,10,80,289,736,0.485054347826087,0.3926630434782608,0.108695652173913
6,Sitai (SC),409,482,0,29,86,290,887,0.5434047350620068,0.3269447576099211,0.09695603156708
6,Sitai (SC),41,1,0,8,932,4,945,0.001058201058201,0.0042328042328042,0.9862433862433864
6,Sitai (SC),410,601,0,66,19,291,977,0.6151484135107472,0.2978505629477994,0.0194472876151484
6,Sitai (SC),411,473,0,24,31,292,820,0.5768292682926829,0.3560975609756097,0.0378048780487804
6,Sitai (SC),413,465,0,51,12,293,821,0.5663824604141291,0.3568818514007308,0.0146163215590742
6,Sitai (SC),4230(A),2,0,1,1799,263,2065,0.0009685230024213,0.1273607748184019,0.8711864406779661
6,Sitai (SC),43,1,0,4,1595,10,1610,0.0006211180124223,0.0062111801242236,0.9906832298136646
6,Sitai (SC),44,0,0,0,987,6,993,0.0,0.0060422960725075,0.9939577039274924
6,Sitai (SC),45,5,0,1,2595,3,2604,0.0019201228878648,0.0011520737327188,0.9965437788018432
6,Sitai (SC),46,1,0,6,1583,9,1599,0.0006253908692933,0.0056285178236397,0.9899937460913072
6,Sitai (SC),5,0,0,0,397,919,1316,0.0,0.6983282674772037,0.3016717325227963
6,Sitai (SC),50,0,0,7,1454,5,1466,0.0,0.0034106412005457,0.9918144611186904
6,Sitai (SC),51,0,0,1,1074,6,1081,0.0,0.005550416281221,0.9935245143385754
6,Sitai (SC),56,0,0,0,0,336,336,0.0,1.0,0.0
6,Sitai (SC),57,0,0,0,0,5,5,0.0,1.0,0.0
6,Sitai (SC),57(A),0,0,0,0,7,7,0.0,1.0,0.0
6,Sitai (SC),58,0,0,0,0,6,6,0.0,1.0,0.0
6,Sitai (SC),58(A),0,0,0,0,2,2,0.0,1.0,0.0
6,Sitai (SC),59,0,0,0,0,9,9,0.0,1.0,0.0
6,Sitai (SC),6,0,0,0,0,1275,1275,0.0,1.0,0.0
6,Sitai (SC),60,0,0,0,0,5,5,0.0,1.0,0.0
6,Sitai (SC),60(A),0,0,0,0,2,2,0.0,1.0,0.0
6,Sitai (SC),61,0,0,0,0,1,1,0.0,1.0,0.0
6,Sitai (SC),61(A),0,0,0,0,5,5,0.0,1.0,0.0
6,Sitai (SC),62,0,0,0,0,16,16,0.0,1.0,0.0
6,Sitai (SC),63,0,0,0,0,8,8,0.0,1.0,0.0
6,Sitai (SC),63(A),0,0,0,0,6,6,0.0,1.0,0.0
6,Sitai (SC),64,0,0,0,0,10,10,0.0,1.0,0.0
6,Sitai (SC),65,0,0,0,0,10,10,0.0,1.0,0.0
6,Sitai (SC),65(A),0,0,0,0,2,2,0.0,1.0,0.0
6,Sitai (SC),66,0,0,0,0,7,7,0.0,1.0,0.0
6,Sitai (SC),67,0,0,0,0,12,12,0.0,1.0,0.0
6,Sitai (SC),68,0,0,0,0,6,6,0.0,1.0,0.0
6,Sitai (SC),69,0,0,0,0,3,3,0.0,1.0,0.0
6,Sitai (SC),7,0,0,0,737,9,746,0.0,0.0120643431635388,0.9879356568364612
6,Sitai (SC),7(A),0,0,0,0,11,11,0.0,1.0,0.0
6,Sitai (SC),70,0,0,0,0,2,2,0.0,1.0,0.0
6,Sitai (SC),70(A),0,0,0,0,10,10,0.0,1.0,0.0
6,Sitai (SC),71,0,0,0,0,5,5,0.0,1.0,0.0
6,Sitai (SC),72,0,0,0,0,0,0,,,
6,Sitai (SC),73,0,0,0,0,7,7,0.0,1.0,0.0
6,Sitai (SC),74,0,0,0,0,23,23,0.0,1.0,0.0
6,Sitai (SC),75,0,0,0,0,4,4,0.0,1.0,0.0
6,Sitai (SC),8,0,0,0,456,489,945,0.0,0.5174603174603175,0.4825396825396825
6,Sitai (SC),8(A),0,0,0,0,19,19,0.0,1.0,0.0
6,Sitai (SC),9,0,0,0,73,422,495,0.0,0.8525252525252526,0.1474747474747474
7,Dinhata,1,341,0,0,26,164,531,0.6421845574387948,0.3088512241054614,0.0489642184557438
7,Dinhata,1(A),145,0,0,17,361,523,0.277246653919694,0.6902485659655831,0.0325047801147227
7,Dinhata,10,313,0,0,12,268,593,0.5278246205733558,0.4519392917369308,0.0202360876897133
7,Dinhata,11,186,0,0,11,370,567,0.328042328042328,0.6525573192239859,0.019400352733686
7,Dinhata,12,420,0,0,31,415,866,0.4849884526558891,0.4792147806004619,0.0357967667436489
7,Dinhata,120,0,0,0,867,0,867,0.0,0.0,1.0
7,Dinhata,127(A),182,0,0,25,246,453,0.401766004415011,0.543046357615894,0.0551876379690949
7,Dinhata,128,266,0,0,7,409,682,0.3900293255131964,0.5997067448680352,0.0102639296187683
7,Dinhata,129,80,0,0,16,633,729,0.1097393689986282,0.8683127572016461,0.0219478737997256
7,Dinhata,13,198,0,0,18,271,487,0.406570841889117,0.5564681724845996,0.0369609856262833
7,Dinhata,13(A),96,0,0,44,300,440,0.2181818181818181,0.6818181818181818,0.1
7,Dinhata,130,297,0,0,28,307,632,0.4699367088607595,0.485759493670886,0.0443037974683544
7,Dinhata,131,288,0,0,29,301,618,0.4660194174757281,0.4870550161812297,0.046925566343042
7,Dinhata,132,246,0,0,17,93,356,0.6910112359550562,0.2612359550561798,0.047752808988764
7,Dinhata,132(A),248,0,0,23,317,588,0.4217687074829932,0.5391156462585034,0.0391156462585034
7,Dinhata,133,448,0,0,22,244,714,0.6274509803921569,0.3417366946778711,0.0308123249299719
7,Dinhata,134,359,0,0,11,312,682,0.5263929618768328,0.4574780058651026,0.0161290322580645
7,Dinhata,135,241,0,0,18,214,473,0.5095137420718816,0.452431289640592,0.0380549682875264
7,Dinhata,136,523,0,0,25,257,805,0.6496894409937888,0.3192546583850931,0.031055900621118
7,Dinhata,137,196,0,0,5,100,301,0.6511627906976745,0.3322259136212624,0.0166112956810631
7,Dinhata,138,275,0,0,13,387,675,0.4074074074074074,0.5733333333333334,0.0192592592592592
7,Dinhata,139,328,0,0,19,420,767,0.4276401564537158,0.5475880052151239,0.0247718383311603
7,Dinhata,14,361,0,0,16,118,495,0.7292929292929293,0.2383838383838384,0.0323232323232323
7,Dinhata,14(A),300,0,0,21,220,541,0.5545286506469501,0.4066543438077634,0.0388170055452865
7,Dinhata,140,372,0,0,16,251,639,0.5821596244131455,0.3928012519561815,0.0250391236306729
7,Dinhata,141,431,0,0,19,230,680,0.6338235294117647,0.3382352941176471,0.0279411764705882
7,Dinhata,142,348,0,0,13,148,509,0.6836935166994106,0.2907662082514735,0.0255402750491159
7,Dinhata,142(A),298,0,0,6,151,455,0.654945054945055,0.3318681318681318,0.0131868131868131
7,Dinhata,143,300,0,0,13,157,470,0.6382978723404256,0.3340425531914893,0.0276595744680851
7,Dinhata,143(A),265,0,0,5,139,409,0.6479217603911981,0.3398533007334963,0.0122249388753056
7,Dinhata,144,246,0,0,9,286,541,0.454713493530499,0.5286506469500925,0.0166358595194085
7,Dinhata,144(A),140,0,0,10,351,501,0.279441117764471,0.7005988023952096,0.0199600798403193
7,Dinhata,145,327,0,0,10,310,647,0.5054095826893354,0.4791344667697063,0.0154559505409582
7,Dinhata,146,421,0,0,25,256,702,0.5997150997150997,0.3646723646723647,0.0356125356125356
7,Dinhata,15,448,0,0,28,188,664,0.6746987951807228,0.2831325301204819,0.0421686746987951
7,Dinhata,16,407,0,0,17,120,544,0.7481617647058824,0.2205882352941176,0.03125
7,Dinhata,17,249,0,0,50,397,696,0.3577586206896552,0.5704022988505747,0.0718390804597701
7,Dinhata,18,391,0,0,41,365,797,0.4905897114178168,0.4579673776662484,0.0514429109159347
7,Dinhata,2,277,0,0,16,180,473,0.5856236786469344,0.3805496828752642,0.0338266384778012
7,Dinhata,25,249,0,0,37,282,568,0.4383802816901408,0.4964788732394366,0.0651408450704225
7,Dinhata,26,264,0,0,18,233,515,0.512621359223301,0.4524271844660194,0.0349514563106796
7,Dinhata,27,260,0,0,47,261,568,0.4577464788732394,0.4595070422535211,0.0827464788732394
7,Dinhata,28,166,0,0,27,333,526,0.3155893536121673,0.6330798479087453,0.0513307984790874
7,Dinhata,29,302,0,0,35,194,531,0.568738229755179,0.3653483992467043,0.0659133709981167
7,Dinhata,3,336,0,0,19,196,551,0.6098003629764065,0.3557168784029038,0.0344827586206896
7,Dinhata,30,193,0,0,14,272,479,0.4029227557411273,0.5678496868475992,0.0292275574112734
7,Dinhata,31,391,0,0,49,182,622,0.6286173633440515,0.292604501607717,0.0787781350482315
7,Dinhata,311,0,0,0,808,0,808,0.0,0.0,1.0
7,Dinhata,312,0,0,0,646,0,646,0.0,0.0,1.0
7,Dinhata,313,0,0,0,540,0,540,0.0,0.0,1.0
7,Dinhata,313(A),0,0,0,577,0,577,0.0,0.0,1.0
7,Dinhata,314,0,0,0,251,0,251,0.0,0.0,1.0
7,Dinhata,315,0,0,0,815,0,815,0.0,0.0,1.0
7,Dinhata,316,5,0,0,1342,0,1347,0.0037119524870081,0.0,0.9962880475129918
7,Dinhata,32,49,0,0,11,276,336,0.1458333333333333,0.8214285714285714,0.0327380952380952
7,Dinhata,33,284,0,0,39,296,619,0.4588045234248788,0.4781906300484653,0.0630048465266559
7,Dinhata,337,125,0,0,265,403,793,0.1576292559899117,0.5081967213114754,0.3341740226986128
7,Dinhata,338,360,0,0,27,149,536,0.6716417910447762,0.2779850746268656,0.0503731343283582
7,Dinhata,339,99,0,0,267,379,745,0.1328859060402684,0.508724832214765,0.3583892617449664
7,Dinhata,34,186,0,0,89,490,765,0.2431372549019607,0.6405228758169934,0.1163398692810457
7,Dinhata,340,33,0,0,13,443,489,0.0674846625766871,0.9059304703476484,0.0265848670756646
7,Dinhata,341,279,0,0,273,224,776,0.3595360824742268,0.2886597938144329,0.3518041237113402
7,Dinhata,342,351,0,0,25,154,530,0.6622641509433962,0.290566037735849,0.0471698113207547
7,Dinhata,343,488,0,0,302,199,989,0.493427704752275,0.2012133468149646,0.3053589484327603
7,Dinhata,344,376,0,0,279,158,813,0.4624846248462484,0.1943419434194342,0.3431734317343173
7,Dinhata,345,389,0,0,24,179,592,0.6570945945945946,0.3023648648648648,0.0405405405405405
7,Dinhata,346,283,0,0,276,223,782,0.3618925831202046,0.2851662404092072,0.3529411764705882
7,Dinhata,347,297,0,0,12,178,487,0.6098562628336756,0.3655030800821355,0.0246406570841889
7,Dinhata,348,442,0,0,285,264,991,0.4460141271442986,0.2663975782038345,0.2875882946518668
7,Dinhata,349,385,0,0,287,347,1019,0.3778213935230618,0.3405299313052011,0.281648675171737
7,Dinhata,35,227,0,0,77,348,652,0.348159509202454,0.5337423312883436,0.1180981595092024
7,Dinhata,350,450,0,0,291,196,937,0.48025613660619,0.2091782283884738,0.3105656350053362
7,Dinhata,351,446,0,0,315,362,1123,0.3971504897595725,0.3223508459483526,0.2804986642920748
7,Dinhata,352,226,0,0,299,293,818,0.2762836185819071,0.3581907090464548,0.3655256723716381
7,Dinhata,353,292,0,0,288,444,1024,0.28515625,0.43359375,0.28125
7,Dinhata,354,328,0,0,285,188,801,0.4094881398252185,0.2347066167290886,0.3558052434456928
7,Dinhata,355,355,0,0,283,189,827,0.4292623941958887,0.2285368802902055,0.3422007255139057
7,Dinhata,356,277,0,0,12,255,544,0.5091911764705882,0.46875,0.0220588235294117
7,Dinhata,357,440,0,0,285,175,900,0.4888888888888889,0.1944444444444444,0.3166666666666666
7,Dinhata,358,418,0,0,299,117,834,0.5011990407673861,0.1402877697841726,0.3585131894484412
7,Dinhata,359,290,0,0,307,192,789,0.3675538656527249,0.2433460076045627,0.3891001267427122
7,Dinhata,36,42,0,0,51,486,579,0.0725388601036269,0.8393782383419689,0.0880829015544041
7,Dinhata,361,608,0,0,318,192,1118,0.5438282647584973,0.1717352415026833,0.2844364937388193
7,Dinhata,362,538,0,0,299,195,1032,0.5213178294573644,0.188953488372093,0.2897286821705426
7,Dinhata,363,526,0,0,290,207,1023,0.5141739980449658,0.2023460410557184,0.2834799608993157
7,Dinhata,364,436,0,0,295,258,989,0.4408493427704752,0.2608695652173913,0.2982810920121335
7,Dinhata,365,251,0,0,299,176,726,0.3457300275482093,0.2424242424242424,0.4118457300275482
7,Dinhata,366,245,0,0,13,168,426,0.5751173708920188,0.3943661971830985,0.0305164319248826
7,Dinhata,367,492,0,0,304,150,946,0.5200845665961945,0.1585623678646934,0.321353065539112
7,Dinhata,368,396,0,0,286,141,823,0.4811664641555285,0.1713244228432563,0.347509113001215
7,Dinhata,369,162,0,0,13,278,453,0.3576158940397351,0.6136865342163356,0.0286975717439293
7,Dinhata,37,115,0,0,21,204,340,0.3382352941176471,0.6,0.0617647058823529
7,Dinhata,370,182,0,0,298,633,1113,0.1635220125786163,0.568733153638814,0.2677448337825696
7,Dinhata,371,267,0,0,314,218,799,0.3341677096370463,0.2728410513141426,0.392991239048811
7,Dinhata,372,220,0,0,41,298,559,0.3935599284436494,0.5330948121645797,0.073345259391771
7,Dinhata,373,284,0,0,308,117,709,0.4005641748942172,0.1650211565585331,0.4344146685472496
7,Dinhata,374,336,0,0,342,146,824,0.4077669902912621,0.1771844660194174,0.4150485436893203
7,Dinhata,375,247,0,0,319,114,680,0.363235294117647,0.1676470588235294,0.4691176470588235
7,Dinhata,376,283,0,0,30,127,440,0.6431818181818182,0.2886363636363636,0.0681818181818181
7,Dinhata,377,269,0,0,329,129,727,0.3700137551581843,0.1774415405777166,0.452544704264099
7,Dinhata,378,258,0,0,43,135,436,0.591743119266055,0.3096330275229357,0.0986238532110091
7,Dinhata,379,374,0,0,303,190,867,0.4313725490196078,0.2191464821222606,0.3494809688581315
7,Dinhata,38,431,0,0,53,86,570,0.756140350877193,0.1508771929824561,0.0929824561403508
7,Dinhata,380,424,0,0,314,120,858,0.4941724941724941,0.1398601398601398,0.3659673659673659
7,Dinhata,381,371,0,0,307,160,838,0.4427207637231503,0.1909307875894988,0.3663484486873508
7,Dinhata,382,353,0,0,307,123,783,0.4508301404853129,0.1570881226053639,0.3920817369093231
7,Dinhata,383,411,0,0,314,185,910,0.4516483516483516,0.2032967032967033,0.345054945054945
7,Dinhata,385,232,0,0,329,134,695,0.3338129496402878,0.1928057553956834,0.4733812949640287
7,Dinhata,386,283,0,0,315,188,786,0.3600508905852417,0.2391857506361323,0.4007633587786259
7,Dinhata,387,295,0,0,22,193,510,0.5784313725490197,0.3784313725490196,0.0431372549019607
7,Dinhata,388,309,0,0,360,161,830,0.372289156626506,0.1939759036144578,0.4337349397590361
7,Dinhata,389,380,0,0,326,189,895,0.4245810055865922,0.2111731843575419,0.3642458100558659
7,Dinhata,39,386,0,0,22,122,530,0.7283018867924528,0.230188679245283,0.0415094339622641
7,Dinhata,390,396,0,0,315,270,981,0.4036697247706422,0.2752293577981651,0.3211009174311927
7,Dinhata,391,331,0,0,321,128,780,0.4243589743589743,0.1641025641025641,0.4115384615384615
7,Dinhata,392,358,0,0,23,130,511,0.700587084148728,0.2544031311154598,0.0450097847358121
7,Dinhata,393,489,0,0,315,167,971,0.5036045314109165,0.1719876416065911,0.3244078269824922
7,Dinhata,394,328,0,0,313,196,837,0.3918757467144564,0.2341696535244922,0.3739545997610514
7,Dinhata,395,365,0,0,315,78,758,0.4815303430079156,0.1029023746701846,0.4155672823218997
7,Dinhata,396,362,0,0,10,73,445,0.8134831460674158,0.1640449438202247,0.0224719101123595
7,Dinhata,397,119,0,0,306,75,500,0.238,0.15,0.612
7,Dinhata,398,270,0,0,325,151,746,0.3619302949061662,0.2024128686327077,0.435656836461126
7,Dinhata,399,285,0,0,13,117,415,0.6867469879518072,0.2819277108433735,0.0313253012048192
7,Dinhata,4,458,0,0,12,245,715,0.6405594405594406,0.3426573426573426,0.0167832167832167
7,Dinhata,40,386,0,0,48,47,481,0.8024948024948025,0.0977130977130977,0.0997920997920998
7,Dinhata,400,380,0,0,328,187,895,0.4245810055865922,0.2089385474860335,0.3664804469273743
7,Dinhata,401,379,0,0,321,217,917,0.4133042529989095,0.2366412213740458,0.3500545256270447
7,Dinhata,402,680,0,0,328,177,1185,0.5738396624472574,0.1493670886075949,0.2767932489451477
7,Dinhata,403,583,0,0,330,206,1119,0.5210008936550492,0.1840929401251117,0.2949061662198391
7,Dinhata,404,462,0,0,330,150,942,0.4904458598726114,0.1592356687898089,0.3503184713375796
7,Dinhata,405,328,0,0,314,61,703,0.4665718349928876,0.0867709815078236,0.4466571834992888
7,Dinhata,406,324,0,0,324,132,780,0.4153846153846154,0.1692307692307692,0.4153846153846154
7,Dinhata,407,358,0,0,27,119,504,0.7103174603174603,0.2361111111111111,0.0535714285714285
7,Dinhata,41,290,0,0,17,226,533,0.5440900562851783,0.424015009380863,0.0318949343339587
7,Dinhata,42,495,0,0,60,193,748,0.6617647058823529,0.2580213903743315,0.0802139037433155
7,Dinhata,43,352,0,0,46,101,499,0.7054108216432866,0.2024048096192384,0.0921843687374749
7,Dinhata,44,144,0,0,47,226,417,0.3453237410071942,0.5419664268585132,0.1127098321342925
7,Dinhata,45,429,0,0,42,192,663,0.6470588235294118,0.2895927601809955,0.0633484162895927
7,Dinhata,46,348,0,0,64,166,578,0.6020761245674741,0.28719723183391,0.1107266435986159
7,Dinhata,47,313,0,0,52,75,440,0.7113636363636363,0.1704545454545454,0.1181818181818181
7,Dinhata,5,342,0,0,18,133,493,0.6937119675456389,0.2697768762677485,0.0365111561866125
7,Dinhata,5(A),283,0,0,16,153,452,0.6261061946902655,0.3384955752212389,0.0353982300884955
7,Dinhata,6,213,0,0,15,219,447,0.4765100671140939,0.4899328859060403,0.0335570469798657
7,Dinhata,7,266,0,0,27,435,728,0.3653846153846153,0.5975274725274725,0.037087912087912
7,Dinhata,71,0,0,0,562,0,562,0.0,0.0,1.0
7,Dinhata,72,0,0,0,772,0,772,0.0,0.0,1.0
7,Dinhata,73,0,0,0,406,0,406,0.0,0.0,1.0
7,Dinhata,73(A),0,0,0,463,0,463,0.0,0.0,1.0
7,Dinhata,74,0,0,0,541,0,541,0.0,0.0,1.0
7,Dinhata,74(A),0,0,0,516,0,516,0.0,0.0,1.0
7,Dinhata,75,0,0,0,694,0,694,0.0,0.0,1.0
7,Dinhata,76,0,0,0,462,0,462,0.0,0.0,1.0
7,Dinhata,77,0,0,0,394,0,394,0.0,0.0,1.0
7,Dinhata,77(A),0,0,0,422,0,422,0.0,0.0,1.0
7,Dinhata,78,0,0,0,543,0,543,0.0,0.0,1.0
7,Dinhata,79,0,0,0,579,0,579,0.0,0.0,1.0
7,Dinhata,8,300,0,0,24,129,453,0.6622516556291391,0.2847682119205298,0.0529801324503311
7,Dinhata,8(A),252,0,0,22,163,437,0.5766590389016019,0.3729977116704805,0.0503432494279176
7,Dinhata,80,0,0,0,681,0,681,0.0,0.0,1.0
7,Dinhata,81,0,0,0,725,0,725,0.0,0.0,1.0
7,Dinhata,82,0,0,0,666,0,666,0.0,0.0,1.0
7,Dinhata,83,0,0,0,413,0,413,0.0,0.0,1.0
7,Dinhata,84,0,0,0,720,0,720,0.0,0.0,1.0
7,Dinhata,85,0,0,0,589,0,589,0.0,0.0,1.0
7,Dinhata,86,0,0,0,612,0,612,0.0,0.0,1.0
7,Dinhata,87,0,0,0,684,0,684,0.0,0.0,1.0
7,Dinhata,88,0,0,0,699,0,699,0.0,0.0,1.0
7,Dinhata,89,0,0,0,475,0,475,0.0,0.0,1.0
7,Dinhata,89(A),0,0,0,448,0,448,0.0,0.0,1.0
7,Dinhata,9,250,0,0,9,151,410,0.6097560975609756,0.3682926829268292,0.0219512195121951
8,Natabari,1,0,0,0,761,0,761,0.0,0.0,1.0
8,Natabari,10,0,0,0,551,0,551,0.0,0.0,1.0
8,Natabari,100,335,27,0,5,144,511,0.6555772994129159,0.2818003913894324,0.009784735812133
8,Natabari,100A,319,27,0,11,198,555,0.5747747747747748,0.3567567567567568,0.0198198198198198
8,Natabari,101,103,101,0,19,580,803,0.1282689912826899,0.7222914072229141,0.0236612702366127
8,Natabari,102,396,26,0,6,141,569,0.6959578207381371,0.2478031634446397,0.0105448154657293
8,Natabari,103,441,23,0,7,234,705,0.625531914893617,0.3319148936170212,0.0099290780141843
8,Natabari,104,468,66,0,8,402,944,0.4957627118644068,0.4258474576271186,0.0084745762711864
8,Natabari,105,553,39,0,9,156,757,0.7305151915455746,0.2060766182298546,0.011889035667107
8,Natabari,106,260,15,0,5,247,527,0.493358633776091,0.4686907020872865,0.0094876660341555
8,Natabari,11,0,0,0,331,0,331,0.0,0.0,1.0
8,Natabari,12,0,0,0,434,0,434,0.0,0.0,1.0
8,Natabari,13,0,0,0,345,0,345,0.0,0.0,1.0
8,Natabari,130A,382,15,0,5,98,500,0.764,0.196,0.01
8,Natabari,131,307,11,0,6,256,580,0.5293103448275862,0.4413793103448276,0.0103448275862068
8,Natabari,132,446,19,0,6,116,587,0.7597955706984668,0.1976149914821124,0.0102214650766609
8,Natabari,133,353,75,0,13,276,717,0.4923291492329149,0.3849372384937238,0.0181311018131101
8,Natabari,134,198,26,0,15,389,628,0.3152866242038216,0.6194267515923567,0.0238853503184713
8,Natabari,135,264,63,0,23,393,743,0.3553162853297443,0.5289367429340511,0.0309555854643337
8,Natabari,136,408,20,0,5,213,646,0.631578947368421,0.3297213622291021,0.0077399380804953
8,Natabari,137,471,58,0,16,255,800,0.58875,0.31875,0.02
8,Natabari,138,283,43,0,13,152,491,0.5763747454175153,0.3095723014256619,0.0264765784114052
8,Natabari,138A,377,36,0,11,162,586,0.643344709897611,0.2764505119453925,0.0187713310580204
8,Natabari,139,237,11,0,5,213,466,0.5085836909871244,0.4570815450643777,0.0107296137339055
8,Natabari,13A,0,0,0,380,0,380,0.0,0.0,1.0
8,Natabari,14,0,0,0,736,0,736,0.0,0.0,1.0
8,Natabari,140,297,36,0,15,469,817,0.3635250917992656,0.5740514075887393,0.018359853121175
8,Natabari,141,281,19,0,4,97,401,0.7007481296758105,0.2418952618453865,0.0099750623441396
8,Natabari,142,308,56,0,8,151,523,0.5889101338432122,0.2887189292543021,0.0152963671128107
8,Natabari,143,558,30,0,6,215,809,0.6897404202719407,0.2657601977750309,0.007416563658838
8,Natabari,144,437,41,0,17,301,796,0.5489949748743719,0.3781407035175879,0.0213567839195979
8,Natabari,145,261,21,0,3,193,478,0.5460251046025104,0.403765690376569,0.006276150627615
8,Natabari,146,114,46,0,8,441,609,0.1871921182266009,0.7241379310344828,0.0131362889983579
8,Natabari,146A,127,45,0,12,452,636,0.1996855345911949,0.710691823899371,0.0188679245283018
8,Natabari,147,268,67,0,8,160,503,0.532803180914513,0.3180914512922465,0.0159045725646123
8,Natabari,147A,230,58,0,8,169,465,0.4946236559139785,0.3634408602150538,0.0172043010752688
8,Natabari,148,425,47,0,14,161,647,0.6568778979907264,0.2488408037094281,0.0216383307573415
8,Natabari,149,257,40,0,5,148,450,0.5711111111111111,0.3288888888888889,0.0111111111111111
8,Natabari,15,0,0,0,7,0,7,0.0,0.0,1.0
8,Natabari,150,449,60,0,1,189,699,0.642346208869814,0.2703862660944206,0.0014306151645207
8,Natabari,151,388,57,0,3,193,641,0.6053042121684867,0.3010920436817472,0.0046801872074883
8,Natabari,152,501,49,0,22,270,842,0.5950118764845606,0.3206650831353919,0.0261282660332541
8,Natabari,153,300,22,0,17,192,531,0.5649717514124294,0.3615819209039548,0.032015065913371
8,Natabari,16,0,0,0,24,0,24,0.0,0.0,1.0
8,Natabari,17,0,0,0,16,0,16,0.0,0.0,1.0
8,Natabari,18,0,0,0,35,0,35,0.0,0.0,1.0
8,Natabari,182,37,154,0,254,313,758,0.0488126649076517,0.4129287598944591,0.3350923482849604
8,Natabari,183,83,155,0,248,492,978,0.0848670756646216,0.5030674846625767,0.2535787321063394
8,Natabari,184,21,156,0,212,287,676,0.0310650887573964,0.4245562130177515,0.3136094674556213
8,Natabari,185,12,0,0,270,276,558,0.021505376344086,0.4946236559139785,0.4838709677419355
8,Natabari,186,50,157,0,229,351,787,0.0635324015247776,0.445997458703939,0.2909783989834816
8,Natabari,187,46,158,0,326,462,992,0.0463709677419354,0.4657258064516129,0.3286290322580645
8,Natabari,188,42,159,0,200,231,632,0.0664556962025316,0.365506329113924,0.3164556962025316
8,Natabari,189,89,0,0,371,140,600,0.1483333333333333,0.2333333333333333,0.6183333333333333
8,Natabari,19,0,0,0,10,0,10,0.0,0.0,1.0
8,Natabari,190,43,160,0,385,359,947,0.0454065469904963,0.3790918690601901,0.4065469904963041
8,Natabari,191,42,161,0,206,478,887,0.0473506200676437,0.5388951521984217,0.2322435174746336
8,Natabari,192,45,162,0,207,406,820,0.0548780487804878,0.4951219512195122,0.2524390243902439
8,Natabari,193,40,163,0,444,247,894,0.0447427293064877,0.2762863534675615,0.4966442953020134
8,Natabari,194,59,164,0,343,174,740,0.0797297297297297,0.2351351351351351,0.4635135135135135
8,Natabari,195,58,0,0,388,95,541,0.1072088724584103,0.1756007393715342,0.7171903881700554
8,Natabari,196,24,165,0,380,117,686,0.0349854227405247,0.1705539358600583,0.5539358600583091
8,Natabari,197,19,0,0,355,69,443,0.0428893905191873,0.1557562076749435,0.801354401805869
8,Natabari,198,69,166,0,437,265,937,0.0736392742796158,0.2828175026680896,0.4663820704375667
8,Natabari,199,69,167,0,471,32,739,0.0933694181326116,0.0433017591339648,0.6373477672530447
8,Natabari,19A,0,0,0,9,0,9,0.0,0.0,1.0
8,Natabari,2,0,0,0,256,0,256,0.0,0.0,1.0
8,Natabari,20,0,0,0,10,0,10,0.0,0.0,1.0
8,Natabari,200,64,168,0,301,230,763,0.0838794233289646,0.3014416775884665,0.3944954128440367
8,Natabari,201,21,169,0,230,517,937,0.0224119530416221,0.551760939167556,0.2454642475987193
8,Natabari,202,19,170,0,363,422,974,0.0195071868583162,0.433264887063655,0.3726899383983573
8,Natabari,203,15,171,0,391,307,884,0.0169683257918552,0.3472850678733031,0.4423076923076923
8,Natabari,203A,0,0,0,330,0,330,0.0,0.0,1.0
8,Natabari,204,12,0,0,605,215,832,0.0144230769230769,0.2584134615384615,0.7271634615384616
8,Natabari,204A,0,0,0,352,0,352,0.0,0.0,1.0
8,Natabari,205,38,172,0,906,196,1312,0.0289634146341463,0.149390243902439,0.6905487804878049
8,Natabari,206,75,173,0,963,20,1231,0.0609260763606823,0.0162469536961819,0.7822908204711616
8,Natabari,207,28,174,0,798,96,1096,0.0255474452554744,0.0875912408759124,0.7281021897810219
8,Natabari,208,39,0,0,852,34,925,0.0421621621621621,0.0367567567567567,0.9210810810810812
8,Natabari,209,0,0,0,401,0,401,0.0,0.0,1.0
8,Natabari,21,0,0,0,24,0,24,0.0,0.0,1.0
8,Natabari,210,0,0,0,554,0,554,0.0,0.0,1.0
8,Natabari,211,0,0,0,244,0,244,0.0,0.0,1.0
8,Natabari,212,0,0,0,197,0,197,0.0,0.0,1.0
8,Natabari,213,0,0,0,357,0,357,0.0,0.0,1.0
8,Natabari,213A,0,0,0,284,0,284,0.0,0.0,1.0
8,Natabari,214,0,0,0,314,0,314,0.0,0.0,1.0
8,Natabari,214A,0,0,0,305,0,305,0.0,0.0,1.0
8,Natabari,215,0,0,0,560,0,560,0.0,0.0,1.0
8,Natabari,216,0,0,0,642,0,642,0.0,0.0,1.0
8,Natabari,217,0,0,0,638,0,638,0.0,0.0,1.0
8,Natabari,218,0,0,0,460,0,460,0.0,0.0,1.0
8,Natabari,219,213,106,0,5,309,633,0.3364928909952606,0.4881516587677725,0.0078988941548183
8,Natabari,22,0,0,0,26,0,26,0.0,0.0,1.0
8,Natabari,220,336,12,0,5,214,567,0.5925925925925926,0.3774250440917107,0.0088183421516754
8,Natabari,221,382,20,0,7,348,757,0.5046235138705416,0.4597093791281373,0.0092470277410832
8,Natabari,222,261,15,0,2,215,493,0.5294117647058824,0.4361054766734279,0.0040567951318458
8,Natabari,222A,269,32,0,3,199,503,0.5347912524850894,0.3956262425447316,0.0059642147117296
8,Natabari,223,135,74,0,11,309,529,0.2551984877126654,0.5841209829867675,0.0207939508506616
8,Natabari,223A,161,52,0,5,251,469,0.3432835820895522,0.535181236673774,0.0106609808102345
8,Natabari,224,261,22,0,7,228,518,0.5038610038610039,0.4401544401544401,0.0135135135135135
8,Natabari,224A,382,21,0,2,156,561,0.6809269162210339,0.2780748663101604,0.0035650623885918
8,Natabari,225,306,19,0,4,187,516,0.5930232558139535,0.3624031007751938,0.0077519379844961
8,Natabari,225A,217,10,0,2,234,463,0.468682505399568,0.5053995680345572,0.0043196544276457
8,Natabari,226,473,21,0,7,295,796,0.5942211055276382,0.3706030150753769,0.0087939698492462
8,Natabari,227,455,5,0,21,285,766,0.5939947780678851,0.3720626631853786,0.0274151436031331
8,Natabari,228,431,32,0,8,229,700,0.6157142857142858,0.3271428571428571,0.0114285714285714
8,Natabari,229,503,30,0,13,235,781,0.6440460947503202,0.3008962868117797,0.0166453265044814
8,Natabari,23,0,0,0,19,0,19,0.0,0.0,1.0
8,Natabari,230,357,4,0,2,86,449,0.7951002227171492,0.1915367483296214,0.0044543429844097
8,Natabari,230A,353,12,0,8,74,447,0.7897091722595079,0.1655480984340044,0.017897091722595
8,Natabari,231,450,5,0,8,143,606,0.7425742574257426,0.2359735973597359,0.0132013201320132
8,Natabari,232,352,16,0,5,149,522,0.6743295019157088,0.2854406130268199,0.0095785440613026
8,Natabari,232A,395,22,0,7,145,569,0.6942003514938488,0.2548330404217926,0.0123022847100175
8,Natabari,233,436,22,0,14,354,826,0.5278450363196125,0.4285714285714285,0.0169491525423728
8,Natabari,234,491,22,0,7,346,866,0.5669745958429562,0.3995381062355658,0.0080831408775981
8,Natabari,235,203,31,0,8,251,493,0.4117647058823529,0.5091277890466531,0.0162271805273833
8,Natabari,235A,341,15,0,5,184,545,0.6256880733944954,0.3376146788990826,0.0091743119266055
8,Natabari,236,292,30,0,18,489,829,0.3522316043425814,0.5898673100120627,0.0217129071170084
8,Natabari,237,411,12,0,10,246,679,0.605301914580265,0.3622974963181148,0.0147275405007363
8,Natabari,238,379,8,0,8,168,563,0.6731793960923623,0.2984014209591474,0.0142095914742451
8,Natabari,239,414,10,0,14,172,610,0.6786885245901639,0.2819672131147541,0.0229508196721311
8,Natabari,24,0,0,0,24,0,24,0.0,0.0,1.0
8,Natabari,240,468,8,0,15,276,767,0.6101694915254238,0.3598435462842242,0.0195567144719687
8,Natabari,241,482,15,0,16,202,715,0.6741258741258741,0.2825174825174825,0.0223776223776223
8,Natabari,242,229,39,0,7,443,718,0.318941504178273,0.616991643454039,0.0097493036211699
8,Natabari,243,520,10,0,16,234,780,0.6666666666666666,0.3,0.0205128205128205
8,Natabari,244,420,11,0,4,205,640,0.65625,0.3203125,0.00625
8,Natabari,245,247,8,0,10,392,657,0.3759512937595129,0.5966514459665144,0.015220700152207
8,Natabari,246,384,10,0,6,122,522,0.735632183908046,0.2337164750957854,0.0114942528735632
8,Natabari,246A,306,31,0,12,115,464,0.6594827586206896,0.2478448275862069,0.0258620689655172
8,Natabari,247,101,137,0,15,681,934,0.10813704496788,0.7291220556745182,0.0160599571734475
8,Natabari,248,187,119,0,16,533,855,0.2187134502923976,0.623391812865497,0.0187134502923976
8,Natabari,249,45,66,0,12,540,663,0.0678733031674208,0.8144796380090498,0.0180995475113122
8,Natabari,25,0,0,0,16,0,16,0.0,0.0,1.0
8,Natabari,250,75,194,0,12,469,750,0.1,0.6253333333333333,0.016
8,Natabari,251,239,34,0,9,449,731,0.3269493844049247,0.6142270861833106,0.0123119015047879
8,Natabari,252,244,38,0,7,248,537,0.4543761638733706,0.4618249534450652,0.0130353817504655
8,Natabari,253,557,52,0,20,211,840,0.6630952380952381,0.2511904761904762,0.0238095238095238
8,Natabari,254,304,16,0,10,300,630,0.4825396825396825,0.4761904761904761,0.0158730158730158
8,Natabari,255,377,27,0,8,105,517,0.7292069632495164,0.2030947775628626,0.0154738878143133
8,Natabari,255A,272,42,0,15,205,534,0.5093632958801498,0.3838951310861423,0.0280898876404494
8,Natabari,256,12,39,0,6,489,546,0.0219780219780219,0.8956043956043956,0.0109890109890109
8,Natabari,256A,34,58,0,4,393,489,0.0695296523517382,0.803680981595092,0.0081799591002045
8,Natabari,257,202,210,0,12,408,832,0.2427884615384615,0.4903846153846153,0.0144230769230769
8,Natabari,258,167,96,0,11,291,565,0.295575221238938,0.5150442477876106,0.0194690265486725
8,Natabari,259,353,39,0,7,108,507,0.6962524654832347,0.2130177514792899,0.0138067061143984
8,Natabari,259A,284,52,0,6,103,445,0.6382022471910113,0.2314606741573033,0.0134831460674157
8,Natabari,26,0,0,0,21,0,21,0.0,0.0,1.0
8,Natabari,260,227,198,0,35,452,912,0.2489035087719298,0.4956140350877193,0.0383771929824561
8,Natabari,261,61,189,0,10,428,688,0.0886627906976744,0.622093023255814,0.0145348837209302
8,Natabari,27,0,0,0,18,0,18,0.0,0.0,1.0
8,Natabari,28,0,0,0,18,0,18,0.0,0.0,1.0
8,Natabari,29,0,0,0,53,0,53,0.0,0.0,1.0
8,Natabari,3,0,0,0,387,0,387,0.0,0.0,1.0
8,Natabari,30,0,0,0,11,0,11,0.0,0.0,1.0
8,Natabari,31,0,0,0,10,0,10,0.0,0.0,1.0
8,Natabari,31A,0,0,0,32,0,32,0.0,0.0,1.0
8,Natabari,32,0,0,0,24,0,24,0.0,0.0,1.0
8,Natabari,33,0,0,0,12,0,12,0.0,0.0,1.0
8,Natabari,34,0,0,0,23,0,23,0.0,0.0,1.0
8,Natabari,35,0,0,0,28,0,28,0.0,0.0,1.0
8,Natabari,35A,0,0,0,26,0,26,0.0,0.0,1.0
8,Natabari,36,0,0,0,16,0,16,0.0,0.0,1.0
8,Natabari,37,0,0,0,19,0,19,0.0,0.0,1.0
8,Natabari,38,0,0,0,14,0,14,0.0,0.0,1.0
8,Natabari,39,215,295,0,7,10,527,0.4079696394686907,0.0189753320683111,0.0132827324478178
8,Natabari,3A,0,0,0,339,0,339,0.0,0.0,1.0
8,Natabari,4,0,0,0,242,0,242,0.0,0.0,1.0
8,Natabari,40,437,309,0,0,0,746,0.5857908847184986,0.0,0.0
8,Natabari,41,161,465,0,6,1,633,0.25434439178515,0.0015797788309636,0.0094786729857819
8,Natabari,42,166,484,0,11,4,665,0.2496240601503759,0.0060150375939849,0.0165413533834586
8,Natabari,43,343,349,0,8,5,705,0.4865248226950354,0.0070921985815602,0.0113475177304964
8,Natabari,44,199,452,0,2,6,659,0.3019726858877086,0.0091047040971168,0.0030349013657056
8,Natabari,45,231,417,0,5,4,657,0.3515981735159817,0.0060882800608828,0.0076103500761035
8,Natabari,45A,365,206,0,7,4,582,0.627147766323024,0.0068728522336769,0.0120274914089347
8,Natabari,46,208,484,0,6,7,705,0.2950354609929078,0.0099290780141843,0.0085106382978723
8,Natabari,47,196,387,0,6,3,592,0.3310810810810811,0.0050675675675675,0.0101351351351351
8,Natabari,48,144,459,0,3,6,612,0.2352941176470588,0.0098039215686274,0.0049019607843137
8,Natabari,48A,138,343,0,0,3,484,0.2851239669421487,0.006198347107438,0.0
8,Natabari,49,210,296,0,6,3,515,0.4077669902912621,0.0058252427184466,0.0116504854368932
8,Natabari,49A,188,274,0,1,4,467,0.4025695931477516,0.0085653104925053,0.0021413276231263
8,Natabari,4A,0,0,0,240,0,240,0.0,0.0,1.0
8,Natabari,5,0,0,0,331,0,331,0.0,0.0,1.0
8,Natabari,50,249,377,0,4,4,634,0.3927444794952681,0.0063091482649842,0.0063091482649842
8,Natabari,50A,330,221,0,7,4,562,0.5871886120996441,0.0071174377224199,0.0124555160142348
8,Natabari,51,280,544,0,12,5,841,0.3329369797859691,0.0059453032104637,0.0142687277051129
8,Natabari,52,375,416,0,6,6,803,0.4669987546699875,0.0074719800747198,0.0074719800747198
8,Natabari,53,117,538,0,8,3,666,0.1756756756756756,0.0045045045045045,0.012012012012012
8,Natabari,54,209,453,0,3,2,667,0.313343328335832,0.0029985007496251,0.0044977511244377
8,Natabari,55,131,391,0,2,3,527,0.2485768500948766,0.0056925996204933,0.0037950664136622
8,Natabari,55A,265,194,0,1,3,463,0.572354211663067,0.0064794816414686,0.0021598272138228
8,Natabari,56,364,588,0,9,4,965,0.3772020725388601,0.0041450777202072,0.0093264248704663
8,Natabari,57,212,509,0,8,6,735,0.2884353741496598,0.0081632653061224,0.0108843537414965
8,Natabari,58,187,265,0,5,4,461,0.4056399132321041,0.0086767895878524,0.0108459869848156
8,Natabari,59,192,433,0,5,4,634,0.3028391167192429,0.0063091482649842,0.0078864353312302
8,Natabari,6,0,0,0,316,0,316,0.0,0.0,1.0
8,Natabari,60,228,276,0,2,5,511,0.4461839530332681,0.009784735812133,0.0039138943248532
8,Natabari,7,0,0,0,554,0,554,0.0,0.0,1.0
8,Natabari,8,0,0,0,410,0,410,0.0,0.0,1.0
8,Natabari,83,587,17,0,2,132,738,0.7953929539295393,0.1788617886178861,0.002710027100271
8,Natabari,84,296,26,0,2,394,718,0.4122562674094707,0.5487465181058496,0.0027855153203342
8,Natabari,85,249,10,0,3,153,415,0.6,0.3686746987951807,0.0072289156626506
8,Natabari,86,174,66,0,5,263,508,0.3425196850393701,0.5177165354330708,0.0098425196850393
8,Natabari,87,48,58,0,10,438,554,0.0866425992779783,0.7906137184115524,0.0180505415162454
8,Natabari,88,338,15,0,5,233,591,0.571912013536379,0.3942470389170897,0.0084602368866328
8,Natabari,89,312,23,0,7,262,604,0.5165562913907285,0.4337748344370861,0.0115894039735099
8,Natabari,8A,0,0,0,396,0,396,0.0,0.0,1.0
8,Natabari,9,0,0,0,273,0,273,0.0,0.0,1.0
8,Natabari,90,383,43,0,11,302,739,0.5182679296346414,0.4086603518267929,0.0148849797023004
8,Natabari,91,410,40,0,9,347,806,0.5086848635235732,0.4305210918114144,0.0111662531017369
8,Natabari,92,454,66,0,6,358,884,0.5135746606334841,0.4049773755656108,0.006787330316742
8,Natabari,93,279,29,0,9,210,527,0.5294117647058824,0.3984819734345351,0.01707779886148
8,Natabari,93A,282,40,0,8,177,507,0.5562130177514792,0.3491124260355029,0.0157790927021696
8,Natabari,94,386,37,0,6,247,676,0.5710059171597633,0.3653846153846153,0.0088757396449704
8,Natabari,95,181,29,0,6,317,533,0.3395872420262664,0.5947467166979362,0.0112570356472795
8,Natabari,95A,325,14,0,4,178,521,0.6238003838771593,0.3416506717850288,0.0076775431861804
8,Natabari,96,233,69,0,16,522,840,0.2773809523809524,0.6214285714285714,0.019047619047619
8,Natabari,97,379,3,0,8,110,500,0.758,0.22,0.016
8,Natabari,98,487,22,0,15,294,818,0.5953545232273839,0.3594132029339853,0.0183374083129584
8,Natabari,99,522,74,0,11,256,863,0.6048667439165701,0.2966396292004635,0.0127462340672074
8,Natabari,9A,0,0,0,570,0,570,0.0,0.0,1.0
9,Tufanganj,10,309,0,12,6,163,490,0.6306122448979592,0.3326530612244898,0.0122448979591836
9,Tufanganj,104,0,0,0,907,0,907,0.0,0.0,1.0
9,Tufanganj,11,216,0,11,5,173,405,0.5333333333333333,0.4271604938271605,0.0123456790123456
9,Tufanganj,114(A),0,0,0,449,1,450,0.0,0.0022222222222222,0.9977777777777778
9,Tufanganj,12,448,0,30,3,336,817,0.5483476132190942,0.4112607099143207,0.003671970624235
9,Tufanganj,122,0,0,0,891,0,891,0.0,0.0,1.0
9,Tufanganj,123,0,0,0,819,2,821,0.0,0.002436053593179,0.997563946406821
9,Tufanganj,124,0,0,0,745,1,746,0.0,0.0013404825737265,0.9986595174262736
9,Tufanganj,125,0,0,0,575,1,576,0.0,0.0017361111111111,0.9982638888888888
9,Tufanganj,126,0,0,0,591,2,593,0.0,0.0033726812816188,0.9966273187183812
9,Tufanganj,127,0,0,0,626,3,629,0.0,0.0047694753577106,0.9952305246422892
9,Tufanganj,128,0,0,0,468,2,470,0.0,0.0042553191489361,0.9957446808510638
9,Tufanganj,129,0,0,0,965,1,966,0.0,0.0010351966873706,0.9989648033126294
9,Tufanganj,13,332,0,11,8,102,453,0.7328918322295805,0.2251655629139073,0.0176600441501103
9,Tufanganj,130,0,0,0,957,0,957,0.0,0.0,1.0
9,Tufanganj,131,0,0,0,907,0,907,0.0,0.0,1.0
9,Tufanganj,132,0,0,0,870,2,872,0.0,0.0022935779816513,0.9977064220183486
9,Tufanganj,133,0,0,0,714,2,716,0.0,0.0027932960893854,0.9972067039106144
9,Tufanganj,134,0,0,0,620,2,622,0.0,0.0032154340836012,0.9967845659163987
9,Tufanganj,135,0,0,0,479,0,479,0.0,0.0,1.0
9,Tufanganj,136,0,0,0,747,2,749,0.0,0.0026702269692923,0.9973297730307076
9,Tufanganj,137,0,0,0,612,1,613,0.0,0.0016313213703099,0.99836867862969
9,Tufanganj,138,0,0,0,980,1,981,0.0,0.001019367991845,0.9989806320081548
9,Tufanganj,139,0,0,0,780,0,780,0.0,0.0,1.0
9,Tufanganj,14,395,0,20,2,107,524,0.7538167938931297,0.2041984732824427,0.0038167938931297
9,Tufanganj,140,0,0,0,695,2,697,0.0,0.0028694404591104,0.9971305595408896
9,Tufanganj,141,0,0,0,570,1,571,0.0,0.0017513134851138,0.9982486865148862
9,Tufanganj,142,0,0,0,959,1,960,0.0,0.0010416666666666,0.9989583333333332
9,Tufanganj,143,0,0,0,651,3,654,0.0,0.0045871559633027,0.9954128440366972
9,Tufanganj,145,2,0,0,293,0,295,0.0067796610169491,0.0,0.9932203389830508
9,Tufanganj,146,1,0,0,471,0,472,0.0021186440677966,0.0,0.9978813559322034
9,Tufanganj,147,6,0,0,820,0,826,0.0072639225181598,0.0,0.9927360774818402
9,Tufanganj,148,3,0,0,654,0,657,0.0045662100456621,0.0,0.9954337899543378
9,Tufanganj,15,462,0,20,5,222,709,0.6516220028208745,0.3131170662905501,0.007052186177715
9,Tufanganj,150,6,0,0,809,0,815,0.007361963190184,0.0,0.992638036809816
9,Tufanganj,151,7,0,0,983,0,990,0.007070707070707,0.0,0.9929292929292928
9,Tufanganj,152,2,0,0,690,0,692,0.0028901734104046,0.0,0.9971098265895952
9,Tufanganj,153,4,0,0,481,0,485,0.0082474226804123,0.0,0.9917525773195875
9,Tufanganj,154,7,0,0,640,0,647,0.0108191653786707,0.0,0.9891808346213292
9,Tufanganj,155,8,0,0,500,0,508,0.0157480314960629,0.0,0.984251968503937
9,Tufanganj,156,7,0,0,868,0,875,0.008,0.0,0.992
9,Tufanganj,157,7,0,0,797,0,804,0.0087064676616915,0.0,0.9912935323383084
9,Tufanganj,158,8,0,0,972,0,980,0.0081632653061224,0.0,0.9918367346938776
9,Tufanganj,159,1,0,0,559,0,560,0.0017857142857142,0.0,0.9982142857142856
9,Tufanganj,16,412,0,7,10,209,638,0.64576802507837,0.3275862068965517,0.0156739811912225
9,Tufanganj,160,9,0,0,661,0,670,0.0134328358208955,0.0,0.9865671641791044
9,Tufanganj,161,3,0,0,465,0,468,0.0064102564102564,0.0,0.9935897435897436
9,Tufanganj,162,3,0,0,686,0,689,0.0043541364296081,0.0,0.995645863570392
9,Tufanganj,163,0,0,0,817,0,817,0.0,0.0,1.0
9,Tufanganj,164,7,0,0,836,0,843,0.0083036773428232,0.0,0.9916963226571768
9,Tufanganj,165,1,0,0,757,0,758,0.0013192612137203,0.0,0.9986807387862796
9,Tufanganj,166,4,0,0,745,0,749,0.0053404539385847,0.0,0.9946595460614152
9,Tufanganj,167,8,0,0,872,0,880,0.009090909090909,0.0,0.990909090909091
9,Tufanganj,168,1,0,0,673,0,674,0.0014836795252225,0.0,0.9985163204747776
9,Tufanganj,17,370,0,15,6,291,682,0.5425219941348973,0.4266862170087976,0.0087976539589442
9,Tufanganj,18,338,0,20,5,287,650,0.52,0.4415384615384615,0.0076923076923076
9,Tufanganj,19,319,0,12,9,169,509,0.6267190569744597,0.3320235756385069,0.0176817288801571
9,Tufanganj,193,10,0,0,604,89,703,0.0142247510668563,0.1266002844950213,0.8591749644381224
9,Tufanganj,194,375,0,0,16,202,593,0.6323777403035413,0.3406408094435076,0.026981450252951
9,Tufanganj,195,398,0,0,23,100,521,0.763915547024952,0.1919385796545105,0.0441458733205374
9,Tufanganj,196,404,0,0,30,102,536,0.753731343283582,0.1902985074626865,0.0559701492537313
9,Tufanganj,197,383,0,0,11,89,483,0.7929606625258799,0.1842650103519668,0.0227743271221532
9,Tufanganj,198,290,0,0,12,206,508,0.5708661417322834,0.405511811023622,0.0236220472440944
9,Tufanganj,199,552,0,0,51,138,741,0.7449392712550608,0.1862348178137652,0.068825910931174
9,Tufanganj,2,145,0,40,4,252,441,0.3287981859410431,0.5714285714285714,0.0090702947845804
9,Tufanganj,20,341,0,7,8,194,550,0.62,0.3527272727272727,0.0145454545454545
9,Tufanganj,200,310,0,0,24,248,582,0.5326460481099656,0.4261168384879725,0.0412371134020618
9,Tufanganj,201,390,0,0,29,208,627,0.6220095693779905,0.3317384370015949,0.0462519936204146
9,Tufanganj,202,215,0,0,16,404,635,0.3385826771653543,0.6362204724409449,0.0251968503937007
9,Tufanganj,203,325,0,0,15,251,591,0.5499153976311336,0.4247038917089678,0.0253807106598984
9,Tufanganj,204,458,0,0,29,247,734,0.6239782016348774,0.3365122615803814,0.0395095367847411
9,Tufanganj,205,294,0,0,38,331,663,0.4434389140271493,0.4992458521870286,0.057315233785822
9,Tufanganj,206,470,0,0,14,158,642,0.7320872274143302,0.2461059190031152,0.0218068535825545
9,Tufanganj,207,502,0,0,44,145,691,0.7264833574529667,0.2098408104196816,0.0636758321273516
9,Tufanganj,208,470,0,0,16,123,609,0.7717569786535303,0.2019704433497537,0.0262725779967159
9,Tufanganj,209,440,0,0,26,217,683,0.6442166910688141,0.3177159590043923,0.0380673499267935
9,Tufanganj,21,274,0,5,4,211,494,0.5546558704453441,0.4271255060728745,0.0080971659919028
9,Tufanganj,210,596,0,0,34,260,890,0.6696629213483146,0.2921348314606741,0.0382022471910112
9,Tufanganj,211,386,0,0,16,166,568,0.6795774647887324,0.2922535211267605,0.028169014084507
9,Tufanganj,212,337,0,0,29,78,444,0.759009009009009,0.1756756756756756,0.0653153153153153
9,Tufanganj,213,328,0,0,44,118,490,0.6693877551020408,0.2408163265306122,0.0897959183673469
9,Tufanganj,214,304,0,0,19,123,446,0.6816143497757847,0.2757847533632287,0.0426008968609865
9,Tufanganj,215,377,0,0,48,122,547,0.6892138939670932,0.2230347349177331,0.0877513711151736
9,Tufanganj,217,0,0,0,685,0,685,0.0,0.0,1.0
9,Tufanganj,218,21,0,1,662,334,1018,0.0206286836935167,0.3280943025540275,0.650294695481336
9,Tufanganj,219,9,0,0,609,328,946,0.0095137420718816,0.346723044397463,0.6437632135306554
9,Tufanganj,22,209,0,8,3,369,589,0.3548387096774194,0.6264855687606112,0.0050933786078098
9,Tufanganj,220,16,0,1,150,281,448,0.0357142857142857,0.6272321428571429,0.3348214285714285
9,Tufanganj,221,49,0,0,153,290,492,0.0995934959349593,0.5894308943089431,0.3109756097560975
9,Tufanganj,222,22,0,2,182,237,443,0.0496613995485327,0.5349887133182845,0.4108352144469526
9,Tufanganj,223,28,0,3,181,460,672,0.0416666666666666,0.6845238095238095,0.2693452380952381
9,Tufanganj,224,45,0,1,209,389,644,0.0698757763975155,0.6040372670807453,0.3245341614906832
9,Tufanganj,225,12,0,0,142,373,527,0.0227703984819734,0.7077798861480076,0.269449715370019
9,Tufanganj,226,8,0,1,134,321,464,0.0172413793103448,0.6918103448275862,0.2887931034482758
9,Tufanganj,227,30,0,2,322,343,697,0.0430416068866571,0.4921090387374462,0.4619799139167862
9,Tufanganj,228,26,0,5,196,438,665,0.0390977443609022,0.6586466165413534,0.2947368421052631
9,Tufanganj,229,23,0,0,146,314,483,0.0476190476190476,0.650103519668737,0.3022774327122153
9,Tufanganj,23,229,0,2,1,268,500,0.458,0.536,0.002
9,Tufanganj,230,30,0,1,151,292,474,0.0632911392405063,0.6160337552742616,0.3185654008438818
9,Tufanganj,231,33,0,2,226,367,628,0.0525477707006369,0.5843949044585988,0.3598726114649681
9,Tufanganj,232,17,0,4,102,391,514,0.0330739299610894,0.7607003891050583,0.1984435797665369
9,Tufanganj,233,6,0,3,124,482,615,0.0097560975609756,0.7837398373983739,0.2016260162601626
9,Tufanganj,234,3,0,0,243,192,438,0.0068493150684931,0.4383561643835616,0.5547945205479452
9,Tufanganj,235,11,0,2,80,540,633,0.0173775671406003,0.8530805687203792,0.1263823064770932
9,Tufanganj,236,16,0,0,127,481,624,0.0256410256410256,0.7708333333333334,0.203525641025641
9,Tufanganj,237,40,0,4,158,658,860,0.0465116279069767,0.7651162790697674,0.1837209302325581
9,Tufanganj,238,35,0,4,158,777,974,0.0359342915811088,0.797741273100616,0.162217659137577
9,Tufanganj,239,9,0,4,180,538,731,0.0123119015047879,0.7359781121751026,0.2462380300957592
9,Tufanganj,24,230,0,8,3,203,444,0.5180180180180181,0.4572072072072072,0.0067567567567567
9,Tufanganj,241,10,0,0,150,491,651,0.0153609831029185,0.7542242703533026,0.2304147465437788
9,Tufanganj,242,11,0,0,152,643,806,0.0136476426799007,0.7977667493796526,0.1885856079404466
9,Tufanganj,243,14,0,0,197,426,637,0.0219780219780219,0.6687598116169545,0.3092621664050236
9,Tufanganj,244,17,0,0,211,434,662,0.0256797583081571,0.6555891238670695,0.3187311178247734
9,Tufanganj,245,14,0,0,327,441,782,0.0179028132992327,0.5639386189258312,0.418158567774936
9,Tufanganj,246,5,0,0,300,223,528,0.0094696969696969,0.4223484848484848,0.5681818181818182
9,Tufanganj,247,10,0,0,203,262,475,0.0210526315789473,0.5515789473684211,0.4273684210526315
9,Tufanganj,248,3,0,0,240,426,669,0.0044843049327354,0.6367713004484304,0.358744394618834
9,Tufanganj,249,8,0,0,207,557,772,0.0103626943005181,0.7215025906735751,0.2681347150259067
9,Tufanganj,25,0,0,283,245,19,547,0.0,0.0347349177330895,0.4478976234003656
9,Tufanganj,250,13,0,0,327,586,926,0.0140388768898488,0.6328293736501079,0.3531317494600432
9,Tufanganj,251,2,0,0,148,343,493,0.0040567951318458,0.6957403651115619,0.3002028397565923
9,Tufanganj,252,6,0,0,120,333,459,0.0130718954248366,0.7254901960784313,0.261437908496732
9,Tufanganj,253,17,0,0,327,443,787,0.0216010165184243,0.5628970775095299,0.4155019059720457
9,Tufanganj,254,9,0,0,129,438,576,0.015625,0.7604166666666666,0.2239583333333333
9,Tufanganj,255,13,0,0,387,426,826,0.0157384987893462,0.5157384987893463,0.4685230024213075
9,Tufanganj,256,97,0,0,281,169,547,0.1773308957952468,0.3089579524680073,0.5137111517367459
9,Tufanganj,257,9,0,0,126,373,508,0.0177165354330708,0.734251968503937,0.2480314960629921
9,Tufanganj,258,14,0,0,111,424,549,0.0255009107468123,0.7723132969034608,0.2021857923497267
9,Tufanganj,259,22,0,0,182,258,462,0.0476190476190476,0.5584415584415584,0.3939393939393939
9,Tufanganj,26,0,0,330,180,0,510,0.0,0.0,0.3529411764705882
9,Tufanganj,260,4,0,0,143,406,553,0.0072332730560578,0.7341772151898734,0.2585895117540687
9,Tufanganj,261,12,0,0,203,428,643,0.0186625194401244,0.6656298600311042,0.3157076205287714
9,Tufanganj,262,57,0,0,533,291,881,0.0646992054483541,0.3303064699205448,0.604994324631101
9,Tufanganj,27,0,0,464,293,20,777,0.0,0.0257400257400257,0.3770913770913771
9,Tufanganj,28,0,0,519,176,21,716,0.0,0.0293296089385474,0.2458100558659217
9,Tufanganj,289,0,0,0,1113,0,1113,0.0,0.0,1.0
9,Tufanganj,29,0,0,435,229,0,664,0.0,0.0,0.3448795180722891
9,Tufanganj,290,0,0,0,1161,844,2005,0.0,0.4209476309226932,0.5790523690773067
9,Tufanganj,291,0,0,0,1687,0,1687,0.0,0.0,1.0
9,Tufanganj,292,0,0,0,857,11,868,0.0,0.0126728110599078,0.9873271889400922
9,Tufanganj,293,0,0,0,928,653,1581,0.0,0.4130297280202403,0.5869702719797596
9,Tufanganj,294,0,0,0,886,0,886,0.0,0.0,1.0
9,Tufanganj,295,0,0,0,663,0,663,0.0,0.0,1.0
9,Tufanganj,296,0,0,0,1086,11,1097,0.0,0.0100273473108477,0.9899726526891522
9,Tufanganj,297,0,0,0,1099,3,1102,0.0,0.0027223230490018,0.9972776769509982
9,Tufanganj,298,0,0,0,907,4,911,0.0,0.0043907793633369,0.995609220636663
9,Tufanganj,299,0,0,0,1000,3,1003,0.0,0.0029910269192422,0.9970089730807578
9,Tufanganj,3,197,0,28,0,385,610,0.3229508196721311,0.6311475409836066,0.0
9,Tufanganj,30,0,0,271,217,23,511,0.0,0.0450097847358121,0.4246575342465753
9,Tufanganj,300,0,0,0,790,6,796,0.0,0.007537688442211,0.992462311557789
9,Tufanganj,301,0,0,0,548,6,554,0.0,0.0108303249097472,0.9891696750902528
9,Tufanganj,302,0,0,0,762,2,764,0.0,0.0026178010471204,0.9973821989528796
9,Tufanganj,303,0,0,0,593,1,594,0.0,0.0016835016835016,0.9983164983164984
9,Tufanganj,304,0,0,0,783,5,788,0.0,0.0063451776649746,0.9936548223350252
9,Tufanganj,305,0,0,0,448,5,453,0.0,0.0110375275938189,0.9889624724061812
9,Tufanganj,306,0,0,0,904,0,904,0.0,0.0,1.0
9,Tufanganj,307,0,0,0,647,0,647,0.0,0.0,1.0
9,Tufanganj,308,0,0,0,767,0,767,0.0,0.0,1.0
9,Tufanganj,309,0,0,0,555,1,556,0.0,0.0017985611510791,0.9982014388489208
9,Tufanganj,31,0,0,607,296,24,927,0.0,0.0258899676375404,0.3193096008629989
9,Tufanganj,310,0,0,0,925,3,928,0.0,0.0032327586206896,0.9967672413793104
9,Tufanganj,311,0,0,0,956,1,957,0.0,0.0010449320794148,0.9989550679205852
9,Tufanganj,32,0,0,642,252,25,919,0.0,0.0272034820457018,0.2742110990206746
9,Tufanganj,33,0,0,343,384,26,753,0.0,0.0345285524568393,0.5099601593625498
9,Tufanganj,34,0,0,155,705,27,887,0.0,0.0304396843291995,0.7948139797068771
9,Tufanganj,35,0,0,425,292,28,745,0.0,0.0375838926174496,0.3919463087248322
9,Tufanganj,36,0,0,148,367,29,544,0.0,0.0533088235294117,0.6746323529411765
9,Tufanganj,37,0,0,237,410,0,647,0.0,0.0,0.633693972179289
9,Tufanganj,38,12,0,493,698,552,1755,0.0068376068376068,0.3145299145299145,0.3977207977207977
9,Tufanganj,39,7,0,392,934,503,1836,0.0038126361655773,0.2739651416122004,0.5087145969498911
9,Tufanganj,4,324,0,12,5,427,768,0.421875,0.5559895833333334,0.0065104166666666
9,Tufanganj,40,7,0,266,431,375,1079,0.0064874884151992,0.3475440222428174,0.3994439295644115
9,Tufanganj,40(A),9,0,0,130,284,423,0.0212765957446808,0.6713947990543735,0.3073286052009456
9,Tufanganj,41,13,0,213,684,445,1355,0.0095940959409594,0.3284132841328413,0.5047970479704798
9,Tufanganj,42,12,0,442,737,354,1545,0.0077669902912621,0.229126213592233,0.4770226537216828
9,Tufanganj,43,17,0,310,633,358,1318,0.0128983308042488,0.2716236722306525,0.4802731411229135
9,Tufanganj,44,8,0,373,569,519,1469,0.0054458815520762,0.3533015656909462,0.3873383253914227
9,Tufanganj,45,16,0,362,517,399,1294,0.0123647604327666,0.3083462132921175,0.3995363214837713
9,Tufanganj,46,7,0,280,361,321,969,0.0072239422084623,0.3312693498452012,0.3725490196078431
9,Tufanganj,46(A),9,0,0,125,301,435,0.0206896551724137,0.6919540229885057,0.2873563218390804
9,Tufanganj,47,22,0,210,618,326,1176,0.0187074829931972,0.2772108843537414,0.5255102040816326
9,Tufanganj,47(A),8,0,0,171,263,442,0.0180995475113122,0.5950226244343891,0.3868778280542986
9,Tufanganj,48,6,0,387,624,411,1428,0.0042016806722689,0.2878151260504201,0.4369747899159664
9,Tufanganj,49,16,0,1,252,401,670,0.0238805970149253,0.5985074626865672,0.3761194029850746
9,Tufanganj,5,199,0,31,12,317,559,0.3559928443649374,0.5670840787119857,0.0214669051878354
9,Tufanganj,50,20,0,2,134,344,500,0.04,0.688,0.268
9,Tufanganj,50(A),19,0,0,88,350,457,0.0415754923413566,0.7658643326039387,0.1925601750547046
9,Tufanganj,51,6,0,2,315,444,767,0.0078226857887874,0.5788787483702738,0.4106910039113429
9,Tufanganj,52,11,0,1,330,452,794,0.0138539042821158,0.5692695214105793,0.4156171284634761
9,Tufanganj,53,12,0,0,310,402,724,0.0165745856353591,0.5552486187845304,0.4281767955801105
9,Tufanganj,54,12,0,0,272,461,745,0.0161073825503355,0.6187919463087248,0.3651006711409396
9,Tufanganj,55,14,0,1,351,525,891,0.015712682379349,0.5892255892255892,0.3939393939393939
9,Tufanganj,56,8,0,0,204,296,508,0.0157480314960629,0.5826771653543307,0.4015748031496063
9,Tufanganj,56(A),3,0,0,138,295,436,0.0068807339449541,0.676605504587156,0.3165137614678899
9,Tufanganj,6,154,0,32,3,336,525,0.2933333333333333,0.64,0.0057142857142857
9,Tufanganj,7,184,0,37,4,310,535,0.3439252336448598,0.5794392523364486,0.0074766355140186
9,Tufanganj,73,297,0,481,16,57,851,0.3490011750881316,0.0669800235017626,0.0188014101057579
9,Tufanganj,74,238,0,263,10,58,569,0.4182776801405975,0.101933216168717,0.0175746924428822
9,Tufanganj,76,263,0,286,7,59,615,0.4276422764227642,0.0959349593495935,0.0113821138211382
9,Tufanganj,77,283,0,314,15,60,672,0.4211309523809524,0.0892857142857142,0.0223214285714285
9,Tufanganj,78,321,0,544,21,61,947,0.3389651531151003,0.0644139387539598,0.0221752903907074
9,Tufanganj,79,429,0,283,20,62,794,0.5403022670025189,0.0780856423173803,0.0251889168765743
9,Tufanganj,8,342,0,12,8,222,584,0.5856164383561644,0.3801369863013699,0.0136986301369863
9,Tufanganj,80,401,0,356,19,63,839,0.4779499404052443,0.0750893921334922,0.0226460071513706
9,Tufanganj,81,343,0,495,29,64,931,0.3684210526315789,0.0687432867883995,0.0311493018259935
9,Tufanganj,82,420,0,438,15,65,938,0.4477611940298507,0.0692963752665245,0.0159914712153518
9,Tufanganj,83,358,0,229,18,66,671,0.533532041728763,0.0983606557377049,0.0268256333830104
9,Tufanganj,84,275,0,577,41,67,960,0.2864583333333333,0.0697916666666666,0.0427083333333333
9,Tufanganj,85,203,0,446,16,68,733,0.276944065484311,0.0927694406548431,0.0218281036834924
9,Tufanganj,87,335,0,473,12,70,890,0.3764044943820224,0.0786516853932584,0.0134831460674157
9,Tufanganj,88,306,0,337,19,71,733,0.417462482946794,0.0968622100954979,0.0259208731241473
9,Tufanganj,89,149,0,298,21,72,540,0.2759259259259259,0.1333333333333333,0.0388888888888888
9,Tufanganj,9,449,0,12,28,281,770,0.5831168831168831,0.3649350649350649,0.0363636363636363
9,Tufanganj,95,317,0,400,6,75,798,0.3972431077694235,0.093984962406015,0.0075187969924812
10,Kumargram (ST),121,0,0,0,547,0,547,0.0,0.0,1.0
10,Kumargram (ST),122,0,0,0,396,0,396,0.0,0.0,1.0
10,Kumargram (ST),123,0,0,0,413,0,413,0.0,0.0,1.0
10,Kumargram (ST),124,0,0,0,421,0,421,0.0,0.0,1.0
10,Kumargram (ST),125,0,0,0,424,0,424,0.0,0.0,1.0
10,Kumargram (ST),126,0,0,0,518,0,518,0.0,0.0,1.0
10,Kumargram (ST),127,0,0,0,320,0,320,0.0,0.0,1.0
10,Kumargram (ST),128,0,0,0,307,0,307,0.0,0.0,1.0
10,Kumargram (ST),129,0,0,0,532,0,532,0.0,0.0,1.0
10,Kumargram (ST),13,0,0,0,751,0,751,0.0,0.0,1.0
10,Kumargram (ST),130,0,0,0,243,0,243,0.0,0.0,1.0
10,Kumargram (ST),131,0,0,0,229,0,229,0.0,0.0,1.0
10,Kumargram (ST),132,0,0,0,404,0,404,0.0,0.0,1.0
10,Kumargram (ST),133,0,0,0,324,0,324,0.0,0.0,1.0
10,Kumargram (ST),134,0,0,0,330,0,330,0.0,0.0,1.0
10,Kumargram (ST),135,0,0,0,478,0,478,0.0,0.0,1.0
10,Kumargram (ST),136,0,0,0,349,0,349,0.0,0.0,1.0
10,Kumargram (ST),137,0,0,0,326,0,326,0.0,0.0,1.0
10,Kumargram (ST),138,0,0,0,324,0,324,0.0,0.0,1.0
10,Kumargram (ST),139,0,0,0,246,0,246,0.0,0.0,1.0
10,Kumargram (ST),140,0,0,0,276,0,276,0.0,0.0,1.0
10,Kumargram (ST),141,0,0,0,396,0,396,0.0,0.0,1.0
10,Kumargram (ST),142,0,0,0,378,0,378,0.0,0.0,1.0
10,Kumargram (ST),143,0,0,0,217,0,217,0.0,0.0,1.0
10,Kumargram (ST),146,123,0,0,595,16,734,0.167574931880109,0.0217983651226158,0.8106267029972752
10,Kumargram (ST),147,124,0,0,522,236,882,0.1405895691609977,0.2675736961451247,0.5918367346938775
10,Kumargram (ST),148,11,0,0,534,125,670,0.0164179104477611,0.1865671641791045,0.7970149253731343
10,Kumargram (ST),149,11,0,0,571,0,582,0.0189003436426116,0.0,0.9810996563573884
10,Kumargram (ST),150,126,0,0,525,307,958,0.1315240083507307,0.3204592901878914,0.5480167014613778
10,Kumargram (ST),151,14,0,0,737,127,878,0.0159453302961275,0.1446469248291571,0.8394077448747153
10,Kumargram (ST),152,128,0,0,369,302,799,0.1602002503128911,0.3779724655819774,0.4618272841051314
10,Kumargram (ST),153,18,0,0,799,129,946,0.0190274841437632,0.1363636363636363,0.8446088794926004
10,Kumargram (ST),154,26,0,0,785,130,941,0.0276301806588735,0.1381509032943677,0.8342189160467588
10,Kumargram (ST),155,7,0,0,437,131,575,0.0121739130434782,0.2278260869565217,0.76
10,Kumargram (ST),156,4,0,0,469,0,473,0.0084566596194503,0.0,0.9915433403805496
10,Kumargram (ST),157,9,0,0,415,132,556,0.0161870503597122,0.237410071942446,0.7464028776978417
10,Kumargram (ST),158,16,0,0,732,133,881,0.0181611804767309,0.1509648127128263,0.8308740068104427
10,Kumargram (ST),159,134,0,0,257,316,707,0.1895332390381895,0.4469589816124469,0.3635077793493635
10,Kumargram (ST),160,27,0,0,851,135,1013,0.0266535044422507,0.1332675222112537,0.8400789733464955
10,Kumargram (ST),161,8,0,0,475,136,619,0.0129240710823909,0.2197092084006462,0.7673667205169629
10,Kumargram (ST),162,7,0,0,459,0,466,0.0150214592274678,0.0,0.9849785407725322
10,Kumargram (ST),163,17,0,0,898,137,1052,0.0161596958174904,0.1302281368821292,0.8536121673003803
10,Kumargram (ST),164,138,0,0,532,295,965,0.1430051813471502,0.3056994818652849,0.5512953367875648
10,Kumargram (ST),165,11,0,0,761,139,911,0.0120746432491767,0.1525795828759605,0.8353457738748628
10,Kumargram (ST),166,5,0,0,900,140,1045,0.0047846889952153,0.1339712918660287,0.861244019138756
10,Kumargram (ST),167,5,0,0,683,141,829,0.0060313630880579,0.1700844390832328,0.8238841978287093
10,Kumargram (ST),169,0,0,0,917,11,928,0.0,0.011853448275862,0.988146551724138
10,Kumargram (ST),17,0,0,0,845,0,845,0.0,0.0,1.0
10,Kumargram (ST),170,0,0,0,787,9,796,0.0,0.0113065326633165,0.9886934673366834
10,Kumargram (ST),171,0,0,0,628,3,631,0.0,0.0047543581616481,0.9952456418383518
10,Kumargram (ST),172,0,0,0,503,16,519,0.0,0.0308285163776493,0.9691714836223508
10,Kumargram (ST),173,0,0,0,590,9,599,0.0,0.015025041736227,0.9849749582637728
10,Kumargram (ST),174,0,0,0,474,6,480,0.0,0.0125,0.9875
10,Kumargram (ST),175,0,0,0,637,9,646,0.0,0.0139318885448916,0.9860681114551084
10,Kumargram (ST),176,0,0,0,474,8,482,0.0,0.0165975103734439,0.983402489626556
10,Kumargram (ST),177,0,0,0,947,14,961,0.0,0.0145681581685744,0.9854318418314256
10,Kumargram (ST),178,0,0,0,929,8,937,0.0,0.0085378868729989,0.991462113127001
10,Kumargram (ST),179,0,0,0,939,14,953,0.0,0.0146904512067156,0.9853095487932844
10,Kumargram (ST),180,0,0,0,800,39,839,0.0,0.0464839094159713,0.9535160905840286
10,Kumargram (ST),181,0,0,0,697,25,722,0.0,0.0346260387811634,0.9653739612188366
10,Kumargram (ST),182,0,0,0,870,9,879,0.0,0.0102389078498293,0.9897610921501706
10,Kumargram (ST),183,0,0,0,859,26,885,0.0,0.0293785310734463,0.9706214689265537
10,Kumargram (ST),184,0,0,0,1041,36,1077,0.0,0.0334261838440111,0.9665738161559888
10,Kumargram (ST),185,0,0,0,603,16,619,0.0,0.0258481421647819,0.974151857835218
10,Kumargram (ST),186,0,0,0,475,15,490,0.0,0.0306122448979591,0.9693877551020408
10,Kumargram (ST),187,0,0,0,580,24,604,0.0,0.0397350993377483,0.9602649006622516
10,Kumargram (ST),188,0,0,0,448,44,492,0.0,0.089430894308943,0.9105691056910568
10,Kumargram (ST),189,0,0,0,962,33,995,0.0,0.0331658291457286,0.9668341708542714
10,Kumargram (ST),190,0,0,0,768,40,808,0.0,0.0495049504950495,0.9504950495049505
10,Kumargram (ST),191,0,0,0,622,14,636,0.0,0.0220125786163522,0.9779874213836478
10,Kumargram (ST),193,50,0,0,375,447,872,0.0573394495412844,0.5126146788990825,0.430045871559633
10,Kumargram (ST),194,21,0,0,413,269,703,0.0298719772403982,0.3826458036984352,0.5874822190611664
10,Kumargram (ST),195,20,0,0,263,286,569,0.0351493848857645,0.5026362038664324,0.4622144112478031
10,Kumargram (ST),196,55,0,0,452,416,923,0.0595882990249187,0.4507042253521127,0.4897074756229685
10,Kumargram (ST),197,60,0,0,472,516,1048,0.0572519083969465,0.4923664122137404,0.4503816793893129
10,Kumargram (ST),198,43,0,0,541,281,865,0.0497109826589595,0.3248554913294798,0.6254335260115607
10,Kumargram (ST),199,52,0,0,488,342,882,0.0589569160997732,0.3877551020408163,0.5532879818594104
10,Kumargram (ST),2,0,0,0,430,0,430,0.0,0.0,1.0
10,Kumargram (ST),200,25,0,0,467,253,745,0.0335570469798657,0.3395973154362416,0.6268456375838927
10,Kumargram (ST),201,23,0,0,492,338,853,0.0269636576787807,0.3962485345838218,0.5767878077373975
10,Kumargram (ST),201(A),166,0,0,80,310,556,0.2985611510791366,0.5575539568345323,0.1438848920863309
10,Kumargram (ST),202,68,0,0,444,317,829,0.0820265379975874,0.3823884197828709,0.5355850422195416
10,Kumargram (ST),203,34,0,0,469,300,803,0.0423412204234122,0.37359900373599,0.5840597758405978
10,Kumargram (ST),204,34,0,0,437,274,745,0.0456375838926174,0.3677852348993288,0.5865771812080537
10,Kumargram (ST),205,101,0,0,445,476,1022,0.098825831702544,0.4657534246575342,0.4354207436399217
10,Kumargram (ST),206,40,0,0,468,600,1108,0.0361010830324909,0.5415162454873647,0.4223826714801444
10,Kumargram (ST),207,39,0,0,426,376,841,0.0463733650416171,0.4470868014268728,0.5065398335315101
10,Kumargram (ST),208,37,0,0,611,280,928,0.0398706896551724,0.3017241379310345,0.6584051724137931
10,Kumargram (ST),209,23,0,0,574,439,1036,0.0222007722007722,0.4237451737451737,0.5540540540540541
10,Kumargram (ST),210,68,0,0,491,407,966,0.0703933747412008,0.4213250517598343,0.5082815734989649
10,Kumargram (ST),211,53,0,0,545,358,956,0.055439330543933,0.3744769874476987,0.5700836820083682
10,Kumargram (ST),212,46,0,0,563,333,942,0.048832271762208,0.3535031847133758,0.5976645435244161
10,Kumargram (ST),213,38,0,0,449,223,710,0.0535211267605633,0.3140845070422535,0.6323943661971831
10,Kumargram (ST),214,10,0,0,478,333,821,0.0121802679658952,0.4056029232643118,0.582216808769793
10,Kumargram (ST),215,46,0,0,476,412,934,0.0492505353319057,0.4411134903640257,0.5096359743040685
10,Kumargram (ST),217,18,0,0,183,0,201,0.0895522388059701,0.0,0.9104477611940298
10,Kumargram (ST),218,15,0,0,525,92,632,0.0237341772151898,0.1455696202531645,0.8306962025316456
10,Kumargram (ST),219,13,0,0,179,332,524,0.0248091603053435,0.6335877862595419,0.3416030534351145
10,Kumargram (ST),220,16,0,0,386,158,560,0.0285714285714285,0.2821428571428571,0.6892857142857143
10,Kumargram (ST),221,10,0,0,512,222,744,0.0134408602150537,0.2983870967741935,0.6881720430107527
10,Kumargram (ST),222,12,0,0,646,355,1013,0.0118460019743336,0.3504442250740375,0.6377097729516288
10,Kumargram (ST),223,15,0,0,446,233,694,0.0216138328530259,0.3357348703170029,0.6426512968299711
10,Kumargram (ST),224,132,0,0,535,296,963,0.1370716510903426,0.3073727933541018,0.5555555555555556
10,Kumargram (ST),225,181,0,0,460,303,944,0.1917372881355932,0.3209745762711864,0.4872881355932203
10,Kumargram (ST),226,8,0,0,450,438,896,0.0089285714285714,0.4888392857142857,0.5022321428571429
10,Kumargram (ST),227,3,0,0,379,210,592,0.0050675675675675,0.3547297297297297,0.6402027027027027
10,Kumargram (ST),228,9,0,0,243,189,441,0.0204081632653061,0.4285714285714285,0.5510204081632653
10,Kumargram (ST),229,7,0,0,450,423,880,0.0079545454545454,0.4806818181818181,0.5113636363636364
10,Kumargram (ST),230,12,0,0,522,138,672,0.0178571428571428,0.2053571428571428,0.7767857142857143
10,Kumargram (ST),231,8,0,0,634,396,1038,0.0077071290944123,0.3815028901734104,0.6107899807321773
10,Kumargram (ST),232,15,0,0,532,212,759,0.0197628458498023,0.2793148880105401,0.7009222661396575
10,Kumargram (ST),233,53,0,0,563,103,719,0.0737134909596662,0.1432545201668984,0.7830319888734353
10,Kumargram (ST),234,66,0,0,395,98,559,0.1180679785330948,0.1753130590339892,0.7066189624329159
10,Kumargram (ST),235,9,0,0,535,79,623,0.0144462279293739,0.1268057784911717,0.8587479935794543
10,Kumargram (ST),236,15,0,0,369,142,526,0.0285171102661596,0.2699619771863117,0.7015209125475285
10,Kumargram (ST),237,28,0,0,743,123,894,0.0313199105145413,0.1375838926174496,0.831096196868009
10,Kumargram (ST),238,20,0,0,668,139,827,0.0241837968561064,0.1680773881499395,0.8077388149939541
10,Kumargram (ST),239,38,0,0,581,154,773,0.0491591203104786,0.1992238033635187,0.7516170763260026
10,Kumargram (ST),241,0,0,0,717,0,717,0.0,0.0,1.0
10,Kumargram (ST),242,0,0,0,723,0,723,0.0,0.0,1.0
10,Kumargram (ST),243,0,0,0,458,0,458,0.0,0.0,1.0
10,Kumargram (ST),244,0,0,0,468,0,468,0.0,0.0,1.0
10,Kumargram (ST),245,0,0,0,464,0,464,0.0,0.0,1.0
10,Kumargram (ST),246,0,0,0,468,0,468,0.0,0.0,1.0
10,Kumargram (ST),247,0,0,0,578,0,578,0.0,0.0,1.0
10,Kumargram (ST),248,0,0,0,669,0,669,0.0,0.0,1.0
10,Kumargram (ST),249,0,0,0,758,0,758,0.0,0.0,1.0
10,Kumargram (ST),250,0,0,0,427,0,427,0.0,0.0,1.0
10,Kumargram (ST),251,0,0,0,486,0,486,0.0,0.0,1.0
10,Kumargram (ST),252,0,0,0,476,0,476,0.0,0.0,1.0
10,Kumargram (ST),253,0,0,0,497,0,497,0.0,0.0,1.0
10,Kumargram (ST),254,0,0,0,724,0,724,0.0,0.0,1.0
10,Kumargram (ST),255,0,0,0,497,0,497,0.0,0.0,1.0
10,Kumargram (ST),256,0,0,0,539,0,539,0.0,0.0,1.0
10,Kumargram (ST),257,0,0,0,473,0,473,0.0,0.0,1.0
10,Kumargram (ST),258,0,0,0,497,0,497,0.0,0.0,1.0
10,Kumargram (ST),259,0,0,0,563,0,563,0.0,0.0,1.0
10,Kumargram (ST),260,0,0,0,531,0,531,0.0,0.0,1.0
10,Kumargram (ST),261,0,0,0,514,0,514,0.0,0.0,1.0
10,Kumargram (ST),262,0,0,0,476,0,476,0.0,0.0,1.0
10,Kumargram (ST),263,0,0,0,675,0,675,0.0,0.0,1.0
10,Kumargram (ST),289,79,0,0,0,0,79,1.0,0.0,0.0
10,Kumargram (ST),290,70,0,0,301,255,626,0.1118210862619808,0.4073482428115016,0.4808306709265175
10,Kumargram (ST),291,27,0,0,321,161,509,0.0530451866404715,0.3163064833005894,0.630648330058939
10,Kumargram (ST),292,7,0,0,380,128,515,0.0135922330097087,0.2485436893203883,0.7378640776699029
10,Kumargram (ST),293,6,0,0,267,212,485,0.0123711340206185,0.4371134020618556,0.5505154639175258
10,Kumargram (ST),294,12,0,0,186,293,491,0.0244399185336048,0.5967413441955194,0.3788187372708758
10,Kumargram (ST),295,10,0,0,204,364,578,0.0173010380622837,0.629757785467128,0.3529411764705882
10,Kumargram (ST),296,23,0,0,376,372,771,0.0298313878080415,0.4824902723735408,0.4876783398184176
10,Kumargram (ST),297,11,0,0,255,178,444,0.0247747747747747,0.4009009009009009,0.5743243243243243
10,Kumargram (ST),298,17,0,0,234,265,516,0.0329457364341085,0.5135658914728682,0.4534883720930232
10,Kumargram (ST),299,37,0,0,286,241,564,0.0656028368794326,0.427304964539007,0.5070921985815603
10,Kumargram (ST),300,17,0,0,274,209,500,0.034,0.418,0.548
10,Kumargram (ST),301,24,0,0,206,312,542,0.044280442804428,0.5756457564575646,0.3800738007380074
10,Kumargram (ST),302,19,0,0,347,160,526,0.0361216730038022,0.3041825095057034,0.6596958174904943
10,Kumargram (ST),303,24,0,0,344,121,489,0.0490797546012269,0.2474437627811861,0.7034764826175869
10,Kumargram (ST),304,15,0,0,162,326,503,0.0298210735586481,0.6481113320079522,0.3220675944333996
10,Kumargram (ST),305,12,0,0,270,300,582,0.0206185567010309,0.5154639175257731,0.4639175257731959
10,Kumargram (ST),306,14,0,0,487,365,866,0.0161662817551963,0.4214780600461894,0.5623556581986143
10,Kumargram (ST),307,21,0,0,187,322,530,0.0396226415094339,0.6075471698113207,0.3528301886792452
10,Kumargram (ST),308,6,0,0,449,381,836,0.0071770334928229,0.4557416267942584,0.5370813397129187
10,Kumargram (ST),309,7,0,0,312,435,754,0.0092838196286472,0.5769230769230769,0.4137931034482758
10,Kumargram (ST),310,23,0,0,482,434,939,0.0244941427050053,0.4621938232161874,0.5133120340788072
10,Kumargram (ST),311,17,0,0,462,189,668,0.0254491017964071,0.2829341317365269,0.6916167664670658
10,Kumargram (ST),314,0,0,0,482,7,489,0.0,0.0143149284253578,0.985685071574642
10,Kumargram (ST),315,256,0,0,440,5,701,0.3651925820256776,0.007132667617689,0.6276747503566333
10,Kumargram (ST),316,257,0,0,817,37,1111,0.2313231323132313,0.0333033303330333,0.7353735373537353
10,Kumargram (ST),317,258,0,0,391,11,660,0.3909090909090909,0.0166666666666666,0.5924242424242424
10,Kumargram (ST),318,0,0,0,535,5,540,0.0,0.0092592592592592,0.9907407407407408
10,Kumargram (ST),319,259,0,0,797,48,1104,0.2346014492753623,0.0434782608695652,0.7219202898550725
10,Kumargram (ST),320,260,0,0,376,13,649,0.4006163328197226,0.0200308166409861,0.5793528505392912
10,Kumargram (ST),321,261,0,0,423,22,706,0.3696883852691218,0.0311614730878186,0.5991501416430595
10,Kumargram (ST),322,0,0,0,529,24,553,0.0,0.0433996383363472,0.9566003616636528
10,Kumargram (ST),323,262,0,0,724,16,1002,0.2614770459081836,0.0159680638722554,0.7225548902195609
10,Kumargram (ST),324,263,0,0,525,10,798,0.3295739348370927,0.012531328320802,0.6578947368421053
10,Kumargram (ST),325,264,0,0,726,18,1008,0.2619047619047619,0.0178571428571428,0.7202380952380952
10,Kumargram (ST),326,265,0,0,743,135,1143,0.231846019247594,0.1181102362204724,0.6500437445319335
10,Kumargram (ST),327,266,0,0,717,22,1005,0.2646766169154229,0.0218905472636815,0.7134328358208956
10,Kumargram (ST),328,267,0,0,547,30,844,0.3163507109004739,0.0355450236966824,0.6481042654028436
10,Kumargram (ST),329,268,0,0,702,47,1017,0.2635201573254671,0.0462143559488692,0.6902654867256637
10,Kumargram (ST),330,269,0,0,675,43,987,0.2725430597771023,0.0435663627152988,0.6838905775075987
10,Kumargram (ST),331,270,0,0,505,65,840,0.3214285714285714,0.0773809523809523,0.6011904761904762
10,Kumargram (ST),332,271,0,0,561,5,837,0.3237753882915173,0.005973715651135,0.6702508960573477
10,Kumargram (ST),333,0,0,0,548,14,562,0.0,0.0249110320284697,0.9750889679715302
10,Kumargram (ST),334,272,0,0,664,13,949,0.2866174920969441,0.0136986301369863,0.6996838777660696
10,Kumargram (ST),335,273,0,0,729,10,1012,0.2697628458498023,0.0098814229249011,0.7203557312252964
10,Kumargram (ST),338,51,0,0,723,378,1152,0.0442708333333333,0.328125,0.6276041666666666
10,Kumargram (ST),339,66,0,0,250,203,519,0.1271676300578034,0.3911368015414258,0.4816955684007707
10,Kumargram (ST),34(A),0,0,0,525,0,525,0.0,0.0,1.0
10,Kumargram (ST),340,56,0,0,486,297,839,0.066746126340882,0.3539928486293206,0.5792610250297974
10,Kumargram (ST),341,26,0,0,657,423,1106,0.023508137432188,0.3824593128390596,0.5940325497287523
10,Kumargram (ST),342,10,0,0,544,398,952,0.0105042016806722,0.4180672268907563,0.5714285714285714
10,Kumargram (ST),343,51,0,0,535,228,814,0.0626535626535626,0.2800982800982801,0.6572481572481572
10,Kumargram (ST),344,21,0,0,326,141,488,0.0430327868852459,0.2889344262295082,0.6680327868852459
10,Kumargram (ST),345,33,0,0,567,245,845,0.0390532544378698,0.2899408284023668,0.6710059171597633
10,Kumargram (ST),346,36,0,0,283,253,572,0.0629370629370629,0.4423076923076923,0.4947552447552447
10,Kumargram (ST),347,9,0,0,536,286,831,0.0108303249097472,0.3441636582430806,0.6450060168471721
10,Kumargram (ST),348,12,0,0,749,339,1100,0.0109090909090909,0.3081818181818181,0.6809090909090909
10,Kumargram (ST),349,21,0,0,679,300,1000,0.021,0.3,0.679
10,Kumargram (ST),35,0,0,0,537,0,537,0.0,0.0,1.0
10,Kumargram (ST),350,22,0,0,346,151,519,0.0423892100192678,0.2909441233140655,0.6666666666666666
10,Kumargram (ST),351,26,0,0,583,258,867,0.0299884659746251,0.2975778546712803,0.6724336793540946
10,Kumargram (ST),352,17,0,0,346,133,496,0.034274193548387,0.2681451612903225,0.6975806451612904
10,Kumargram (ST),353,31,0,0,815,367,1213,0.0255564715581203,0.302555647155812,0.6718878812860676
10,Kumargram (ST),354,40,0,0,621,409,1070,0.0373831775700934,0.3822429906542056,0.5803738317757009
10,Kumargram (ST),355,50,0,0,659,248,957,0.0522466039707419,0.2591431556948798,0.6886102403343782
10,Kumargram (ST),356,57,0,0,626,349,1032,0.0552325581395348,0.3381782945736434,0.6065891472868217
10,Kumargram (ST),357,32,0,0,506,312,850,0.0376470588235294,0.3670588235294117,0.5952941176470589
10,Kumargram (ST),358,28,0,0,196,380,604,0.0463576158940397,0.6291390728476821,0.3245033112582781
10,Kumargram (ST),359,73,0,0,659,324,1056,0.0691287878787878,0.3068181818181818,0.6240530303030303
10,Kumargram (ST),36,0,0,0,794,0,794,0.0,0.0,1.0
10,Kumargram (ST),362,0,0,0,897,0,897,0.0,0.0,1.0
10,Kumargram (ST),363,0,0,0,893,0,893,0.0,0.0,1.0
10,Kumargram (ST),364,0,0,0,828,0,828,0.0,0.0,1.0
10,Kumargram (ST),365,0,0,0,512,0,512,0.0,0.0,1.0
10,Kumargram (ST),366,0,0,0,807,0,807,0.0,0.0,1.0
10,Kumargram (ST),367,0,0,0,617,0,617,0.0,0.0,1.0
10,Kumargram (ST),368,0,0,0,1040,0,1040,0.0,0.0,1.0
10,Kumargram (ST),37,0,0,0,406,0,406,0.0,0.0,1.0
10,Kumargram (ST),37(A),0,0,0,435,0,435,0.0,0.0,1.0
10,Kumargram (ST),38,0,0,0,256,0,256,0.0,0.0,1.0
10,Kumargram (ST),39,0,0,0,427,0,427,0.0,0.0,1.0
10,Kumargram (ST),39(A),0,0,0,416,0,416,0.0,0.0,1.0
10,Kumargram (ST),40,0,0,0,379,0,379,0.0,0.0,1.0
10,Kumargram (ST),40(A),0,0,0,401,0,401,0.0,0.0,1.0
10,Kumargram (ST),41,0,0,0,452,0,452,0.0,0.0,1.0
11,Kalchini (ST),10,0,0,0,770,0,770,0.0,0.0,1.0
11,Kalchini (ST),11,0,0,0,1867,0,1867,0.0,0.0,1.0
11,Kalchini (ST),15,0,0,0,573,0,573,0.0,0.0,1.0
11,Kalchini (ST),178,0,0,307,776,0,1083,0.0,0.0,0.716528162511542
11,Kalchini (ST),178(A),0,0,322,222,0,544,0.0,0.0,0.4080882352941176
11,Kalchini (ST),179,0,0,438,339,0,777,0.0,0.0,0.4362934362934363
11,Kalchini (ST),180,0,0,301,340,0,641,0.0,0.0,0.5304212168486739
11,Kalchini (ST),181,0,0,306,534,0,840,0.0,0.0,0.6357142857142857
11,Kalchini (ST),182,0,0,236,248,0,484,0.0,0.0,0.512396694214876
11,Kalchini (ST),182(A),0,0,225,435,0,660,0.0,0.0,0.6590909090909091
11,Kalchini (ST),183,0,0,529,914,0,1443,0.0,0.0,0.6334026334026334
11,Kalchini (ST),184,0,0,237,468,0,705,0.0,0.0,0.6638297872340425
11,Kalchini (ST),185,0,0,345,43,0,388,0.0,0.0,0.1108247422680412
11,Kalchini (ST),186(A),0,0,223,246,0,469,0.0,0.0,0.5245202558635395
11,Kalchini (ST),187,0,0,76,464,0,540,0.0,0.0,0.8592592592592593
11,Kalchini (ST),188,0,0,240,243,0,483,0.0,0.0,0.5031055900621118
11,Kalchini (ST),188(A),0,0,182,330,0,512,0.0,0.0,0.64453125
11,Kalchini (ST),189,0,0,392,111,0,503,0.0,0.0,0.220675944333996
11,Kalchini (ST),19,0,0,0,530,0,530,0.0,0.0,1.0
11,Kalchini (ST),190,0,0,386,285,0,671,0.0,0.0,0.4247391952309985
11,Kalchini (ST),191,0,0,327,434,0,761,0.0,0.0,0.5703022339027596
11,Kalchini (ST),192,0,0,299,457,0,756,0.0,0.0,0.6044973544973545
11,Kalchini (ST),193,0,0,287,458,0,745,0.0,0.0,0.614765100671141
11,Kalchini (ST),194,0,0,181,267,0,448,0.0,0.0,0.5959821428571429
11,Kalchini (ST),194(A),0,0,225,242,0,467,0.0,0.0,0.5182012847965739
11,Kalchini (ST),195,0,0,289,170,0,459,0.0,0.0,0.3703703703703703
11,Kalchini (ST),195(A),0,0,259,214,0,473,0.0,0.0,0.452431289640592
11,Kalchini (ST),196,0,0,387,425,0,812,0.0,0.0,0.5233990147783252
11,Kalchini (ST),197,0,0,338,493,0,831,0.0,0.0,0.5932611311672683
11,Kalchini (ST),199,0,0,343,288,0,631,0.0,0.0,0.456418383518225
11,Kalchini (ST),21,0,0,0,383,0,383,0.0,0.0,1.0
11,Kalchini (ST),24,0,0,0,365,0,365,0.0,0.0,1.0
11,Kalchini (ST),243,0,0,0,429,0,429,0.0,0.0,1.0
11,Kalchini (ST),247,0,0,0,414,0,414,0.0,0.0,1.0
11,Kalchini (ST),25,0,0,0,564,0,564,0.0,0.0,1.0
11,Kalchini (ST),250,0,0,0,603,0,603,0.0,0.0,1.0
11,Kalchini (ST),251,0,0,0,563,0,563,0.0,0.0,1.0
11,Kalchini (ST),252,0,0,0,506,0,506,0.0,0.0,1.0
11,Kalchini (ST),253,0,0,0,427,0,427,0.0,0.0,1.0
11,Kalchini (ST),254,0,0,0,553,0,553,0.0,0.0,1.0
11,Kalchini (ST),255,0,0,0,539,0,539,0.0,0.0,1.0
11,Kalchini (ST),256,0,0,0,728,0,728,0.0,0.0,1.0
11,Kalchini (ST),257,0,0,0,563,0,563,0.0,0.0,1.0
11,Kalchini (ST),259,0,0,0,746,0,746,0.0,0.0,1.0
11,Kalchini (ST),261,0,0,0,588,0,588,0.0,0.0,1.0
11,Kalchini (ST),29,0,0,0,472,0,472,0.0,0.0,1.0
11,Kalchini (ST),3,0,0,0,607,0,607,0.0,0.0,1.0
11,Kalchini (ST),42,0,0,0,457,0,457,0.0,0.0,1.0
11,Kalchini (ST),53,0,0,0,399,0,399,0.0,0.0,1.0
11,Kalchini (ST),6,0,0,0,780,0,780,0.0,0.0,1.0
11,Kalchini (ST),9,0,0,0,1246,0,1246,0.0,0.0,1.0
12,Alipurduars,1(A),0,0,23,148,271,442,0.0,0.6131221719457014,0.334841628959276
12,Alipurduars,10,0,0,24,1907,528,2459,0.0,0.2147214314762098,0.7755185034566897
12,Alipurduars,101,0,0,0,766,0,766,0.0,0.0,1.0
12,Alipurduars,104,0,0,0,718,0,718,0.0,0.0,1.0
12,Alipurduars,105,0,0,0,496,0,496,0.0,0.0,1.0
12,Alipurduars,109,0,0,0,654,0,654,0.0,0.0,1.0
12,Alipurduars,11,0,0,38,1900,396,2334,0.0,0.1696658097686375,0.8140531276778064
12,Alipurduars,12,0,0,34,1620,380,2034,0.0,0.1868239921337266,0.7964601769911505
12,Alipurduars,121,0,0,0,592,0,592,0.0,0.0,1.0
12,Alipurduars,13,0,0,9,314,506,829,0.0,0.6103739445114595,0.3787696019300361
12,Alipurduars,130,0,0,0,343,0,343,0.0,0.0,1.0
12,Alipurduars,132,0,0,36,416,0,452,0.0,0.0,0.9203539823008848
12,Alipurduars,133,0,0,54,715,0,769,0.0,0.0,0.929778933680104
12,Alipurduars,134,0,0,47,519,0,566,0.0,0.0,0.9169611307420494
12,Alipurduars,135,0,0,58,614,0,672,0.0,0.0,0.9136904761904762
12,Alipurduars,136,0,0,48,694,0,742,0.0,0.0,0.935309973045822
12,Alipurduars,137,0,0,38,235,0,273,0.0,0.0,0.8608058608058609
12,Alipurduars,138,0,0,63,446,0,509,0.0,0.0,0.8762278978388998
12,Alipurduars,138(A),0,0,78,484,0,562,0.0,0.0,0.8612099644128114
12,Alipurduars,139,0,0,78,609,0,687,0.0,0.0,0.8864628820960698
12,Alipurduars,14,0,0,15,2049,458,2522,0.0,0.1816019032513877,0.8124504361617764
12,Alipurduars,140,0,0,87,1045,0,1132,0.0,0.0,0.9231448763250883
12,Alipurduars,141,0,0,64,429,0,493,0.0,0.0,0.8701825557809331
12,Alipurduars,141(A),0,0,66,409,0,475,0.0,0.0,0.8610526315789474
12,Alipurduars,142,0,0,61,646,0,707,0.0,0.0,0.9137199434229136
12,Alipurduars,143,0,0,89,742,0,831,0.0,0.0,0.8929001203369434
12,Alipurduars,144,0,0,116,763,0,879,0.0,0.0,0.8680318543799772
12,Alipurduars,145,0,0,92,703,0,795,0.0,0.0,0.8842767295597485
12,Alipurduars,146,0,0,45,348,0,393,0.0,0.0,0.8854961832061069
12,Alipurduars,147,0,0,54,561,0,615,0.0,0.0,0.9121951219512195
12,Alipurduars,148,0,0,65,550,0,615,0.0,0.0,0.8943089430894309
12,Alipurduars,149,0,0,123,668,0,791,0.0,0.0,0.8445006321112516
12,Alipurduars,15,0,0,21,1239,314,1574,0.0,0.1994917407878017,0.7871664548919949
12,Alipurduars,150,0,0,86,303,0,389,0.0,0.0,0.7789203084832905
12,Alipurduars,150(A),0,0,107,328,0,435,0.0,0.0,0.7540229885057471
12,Alipurduars,151,0,0,97,558,0,655,0.0,0.0,0.8519083969465648
12,Alipurduars,157,0,0,0,321,0,321,0.0,0.0,1.0
12,Alipurduars,159,0,0,0,654,0,654,0.0,0.0,1.0
12,Alipurduars,16,0,0,31,1558,318,1907,0.0,0.1667540639748295,0.8169900367068694
12,Alipurduars,168,0,0,0,361,0,361,0.0,0.0,1.0
12,Alipurduars,17,0,0,26,774,375,1175,0.0,0.3191489361702128,0.6587234042553192
12,Alipurduars,18,0,0,13,1400,369,1782,0.0,0.207070707070707,0.7856341189674523
12,Alipurduars,186,0,0,0,208,0,208,0.0,0.0,1.0
12,Alipurduars,19,0,0,15,448,308,771,0.0,0.3994811932555123,0.5810635538261998
12,Alipurduars,190,0,0,58,0,0,58,0.0,0.0,0.0
12,Alipurduars,191,0,0,49,0,0,49,0.0,0.0,0.0
12,Alipurduars,192,0,0,48,0,0,48,0.0,0.0,0.0
12,Alipurduars,193,0,0,65,0,0,65,0.0,0.0,0.0
12,Alipurduars,194,0,0,117,0,0,117,0.0,0.0,0.0
12,Alipurduars,195,0,0,102,0,0,102,0.0,0.0,0.0
12,Alipurduars,196,0,0,232,676,69,977,0.0,0.0706243602865916,0.691914022517912
12,Alipurduars,196(A),0,0,67,0,0,67,0.0,0.0,0.0
12,Alipurduars,197,0,0,228,597,78,903,0.0,0.0863787375415282,0.6611295681063123
12,Alipurduars,197(A),0,0,76,0,0,76,0.0,0.0,0.0
12,Alipurduars,198,0,0,242,858,58,1158,0.0,0.0500863557858376,0.7409326424870466
12,Alipurduars,199,0,0,211,540,74,825,0.0,0.0896969696969696,0.6545454545454545
12,Alipurduars,2,0,0,93,130,38,261,0.0,0.1455938697318007,0.4980842911877394
12,Alipurduars,2(A),0,0,41,498,109,648,0.0,0.1682098765432098,0.7685185185185185
12,Alipurduars,20,0,0,20,1442,465,1927,0.0,0.2413077322262584,0.7483134405812143
12,Alipurduars,200,0,0,197,683,67,947,0.0,0.0707497360084477,0.7212249208025343
12,Alipurduars,201,0,0,216,405,53,674,0.0,0.0786350148367952,0.6008902077151336
12,Alipurduars,201(A),0,0,64,0,0,64,0.0,0.0,0.0
12,Alipurduars,202,0,0,87,266,177,530,0.0,0.3339622641509434,0.5018867924528302
12,Alipurduars,202(A),0,0,34,0,0,34,0.0,0.0,0.0
12,Alipurduars,203,0,0,242,376,79,697,0.0,0.1133428981348637,0.539454806312769
12,Alipurduars,204,0,0,47,0,0,47,0.0,0.0,0.0
12,Alipurduars,204(A),0,0,53,0,0,53,0.0,0.0,0.0
12,Alipurduars,205,0,0,292,551,35,878,0.0,0.0398633257403189,0.6275626423690205
12,Alipurduars,206,0,0,60,532,0,592,0.0,0.0,0.8986486486486487
12,Alipurduars,207,0,0,226,508,16,750,0.0,0.0213333333333333,0.6773333333333333
12,Alipurduars,208,0,0,26,0,0,26,0.0,0.0,0.0
12,Alipurduars,209,0,0,163,443,32,638,0.0,0.0501567398119122,0.6943573667711599
12,Alipurduars,21,0,0,0,1028,0,1028,0.0,0.0,1.0
12,Alipurduars,211,0,0,164,478,29,671,0.0,0.0432190760059612,0.7123695976154992
12,Alipurduars,213,0,0,165,350,68,583,0.0,0.1166380789022298,0.6003430531732419
12,Alipurduars,215,0,0,167,233,20,420,0.0,0.0476190476190476,0.5547619047619048
12,Alipurduars,22,0,0,0,2257,0,2257,0.0,0.0,1.0
12,Alipurduars,23,0,0,0,2007,0,2007,0.0,0.0,1.0
12,Alipurduars,24,0,0,0,1854,0,1854,0.0,0.0,1.0
12,Alipurduars,240,0,0,0,384,0,384,0.0,0.0,1.0
12,Alipurduars,241,0,0,0,306,0,306,0.0,0.0,1.0
12,Alipurduars,245,0,0,25,775,0,800,0.0,0.0,0.96875
12,Alipurduars,246,0,0,10,734,0,744,0.0,0.0,0.9865591397849462
12,Alipurduars,247,0,0,26,861,0,887,0.0,0.0,0.9706877113866968
12,Alipurduars,248,0,0,136,705,0,841,0.0,0.0,0.8382877526753865
12,Alipurduars,249,0,0,86,743,0,829,0.0,0.0,0.8962605548854041
12,Alipurduars,25,0,0,0,1116,0,1116,0.0,0.0,1.0
12,Alipurduars,250,0,0,19,1057,0,1076,0.0,0.0,0.9823420074349444
12,Alipurduars,251,0,0,33,484,0,517,0.0,0.0,0.9361702127659576
12,Alipurduars,251(A),0,0,48,513,0,561,0.0,0.0,0.9144385026737968
12,Alipurduars,252,0,0,26,547,0,573,0.0,0.0,0.9546247818499128
12,Alipurduars,252(A),0,0,23,483,0,506,0.0,0.0,0.9545454545454546
12,Alipurduars,253,0,0,15,484,0,499,0.0,0.0,0.969939879759519
12,Alipurduars,254,0,0,22,647,0,669,0.0,0.0,0.9671150971599404
12,Alipurduars,255,0,0,68,796,0,864,0.0,0.0,0.9212962962962964
12,Alipurduars,256,0,0,46,848,0,894,0.0,0.0,0.9485458612975392
12,Alipurduars,257,0,0,55,861,0,916,0.0,0.0,0.9399563318777292
12,Alipurduars,258,0,0,34,471,0,505,0.0,0.0,0.9326732673267328
12,Alipurduars,258(A),0,0,21,558,0,579,0.0,0.0,0.9637305699481864
12,Alipurduars,259,0,0,84,836,0,920,0.0,0.0,0.908695652173913
12,Alipurduars,26,0,0,0,1501,0,1501,0.0,0.0,1.0
12,Alipurduars,260,0,0,101,714,0,815,0.0,0.0,0.8760736196319019
12,Alipurduars,261,0,0,25,410,0,435,0.0,0.0,0.942528735632184
12,Alipurduars,261(A),0,0,62,553,0,615,0.0,0.0,0.8991869918699187
12,Alipurduars,262,0,0,38,566,0,604,0.0,0.0,0.9370860927152318
12,Alipurduars,262(A),0,0,31,550,0,581,0.0,0.0,0.9466437177280552
12,Alipurduars,263,0,0,16,551,0,567,0.0,0.0,0.9717813051146384
12,Alipurduars,27,0,0,0,205,0,205,0.0,0.0,1.0
12,Alipurduars,272,0,0,0,299,0,299,0.0,0.0,1.0
12,Alipurduars,277,0,0,0,275,0,275,0.0,0.0,1.0
12,Alipurduars,28,0,0,0,990,0,990,0.0,0.0,1.0
12,Alipurduars,29,0,0,0,436,0,436,0.0,0.0,1.0
12,Alipurduars,3,0,0,19,3,264,286,0.0,0.9230769230769232,0.0104895104895104
12,Alipurduars,30,0,0,0,459,0,459,0.0,0.0,1.0
12,Alipurduars,31,0,0,0,988,0,988,0.0,0.0,1.0
12,Alipurduars,32,0,0,0,481,0,481,0.0,0.0,1.0
12,Alipurduars,326,0,0,0,189,0,189,0.0,0.0,1.0
12,Alipurduars,33,0,0,0,1060,0,1060,0.0,0.0,1.0
12,Alipurduars,34,0,0,0,971,0,971,0.0,0.0,1.0
12,Alipurduars,347,0,0,0,244,0,244,0.0,0.0,1.0
12,Alipurduars,352,0,0,0,253,0,253,0.0,0.0,1.0
12,Alipurduars,37,0,0,0,556,0,556,0.0,0.0,1.0
12,Alipurduars,38,0,0,0,460,0,460,0.0,0.0,1.0
12,Alipurduars,39,0,0,0,694,0,694,0.0,0.0,1.0
12,Alipurduars,391,0,0,0,835,0,835,0.0,0.0,1.0
12,Alipurduars,4,0,0,226,409,820,1455,0.0,0.563573883161512,0.2810996563573883
12,Alipurduars,40,0,0,0,1684,0,1684,0.0,0.0,1.0
12,Alipurduars,400,0,0,0,136,0,136,0.0,0.0,1.0
12,Alipurduars,405,0,0,0,204,0,204,0.0,0.0,1.0
12,Alipurduars,409,0,0,0,314,0,314,0.0,0.0,1.0
12,Alipurduars,41,0,0,0,1135,0,1135,0.0,0.0,1.0
12,Alipurduars,42,0,0,0,1053,0,1053,0.0,0.0,1.0
12,Alipurduars,43,0,0,0,1502,0,1502,0.0,0.0,1.0
12,Alipurduars,44,0,0,0,1151,0,1151,0.0,0.0,1.0
12,Alipurduars,441,0,0,0,217,0,217,0.0,0.0,1.0
12,Alipurduars,45,0,0,0,1273,0,1273,0.0,0.0,1.0
12,Alipurduars,451,0,0,0,342,0,342,0.0,0.0,1.0
12,Alipurduars,46,0,0,0,590,0,590,0.0,0.0,1.0
12,Alipurduars,47,0,0,0,701,0,701,0.0,0.0,1.0
12,Alipurduars,48,0,0,0,1962,0,1962,0.0,0.0,1.0
12,Alipurduars,51,0,0,0,1246,0,1246,0.0,0.0,1.0
12,Alipurduars,53,0,0,0,493,0,493,0.0,0.0,1.0
12,Alipurduars,54,0,0,184,1258,0,1442,0.0,0.0,0.8723994452149791
12,Alipurduars,55,0,0,0,783,0,783,0.0,0.0,1.0
12,Alipurduars,56,0,0,0,532,0,532,0.0,0.0,1.0
12,Alipurduars,58(A),0,0,62,677,310,1049,0.0,0.2955195424213536,0.6453765490943756
12,Alipurduars,59,0,0,64,713,276,1053,0.0,0.2621082621082621,0.6771130104463438
12,Alipurduars,6,0,0,14,379,335,728,0.0,0.4601648351648351,0.5206043956043956
12,Alipurduars,60,0,0,20,2649,346,3015,0.0,0.114759535655058,0.8786069651741294
12,Alipurduars,61,0,0,27,904,265,1196,0.0,0.221571906354515,0.7558528428093646
12,Alipurduars,62,0,0,30,1001,231,1262,0.0,0.1830427892234548,0.7931854199683043
12,Alipurduars,63,0,0,31,2092,402,2525,0.0,0.1592079207920792,0.8285148514851485
12,Alipurduars,63(A),0,0,33,696,356,1085,0.0,0.328110599078341,0.6414746543778802
12,Alipurduars,64,0,0,26,718,148,892,0.0,0.1659192825112107,0.804932735426009
12,Alipurduars,64(A),0,0,30,632,153,815,0.0,0.1877300613496932,0.7754601226993865
12,Alipurduars,65,0,0,10,769,221,1000,0.0,0.221,0.769
12,Alipurduars,65(A),0,0,23,163,205,391,0.0,0.5242966751918159,0.4168797953964194
12,Alipurduars,66,0,0,16,661,288,965,0.0,0.2984455958549222,0.6849740932642487
12,Alipurduars,67,0,0,10,663,295,968,0.0,0.3047520661157025,0.6849173553719008
12,Alipurduars,68,0,0,11,753,263,1027,0.0,0.2560856864654333,0.7332035053554041
12,Alipurduars,69,0,0,15,201,388,604,0.0,0.6423841059602649,0.3327814569536423
12,Alipurduars,7,0,0,0,1154,0,1154,0.0,0.0,1.0
12,Alipurduars,70,0,0,16,919,280,1215,0.0,0.2304526748971193,0.7563786008230453
12,Alipurduars,70(A),0,0,8,283,246,537,0.0,0.4581005586592179,0.527001862197393
12,Alipurduars,71,0,0,6,306,181,493,0.0,0.3671399594320487,0.6206896551724138
12,Alipurduars,71(A),0,0,12,219,203,434,0.0,0.4677419354838709,0.5046082949308756
12,Alipurduars,72,0,0,36,666,98,800,0.0,0.1225,0.8325
12,Alipurduars,73,0,0,25,1117,365,1507,0.0,0.2422030524220305,0.7412076974120769
12,Alipurduars,7357(A),0,0,58,842,53,953,0.0,0.055613850996852,0.8835257082896117
12,Alipurduars,74,0,0,25,794,370,1189,0.0,0.3111858704793944,0.6677880571909167
12,Alipurduars,75,0,0,0,734,0,734,0.0,0.0,1.0
12,Alipurduars,76,0,0,0,513,0,513,0.0,0.0,1.0
12,Alipurduars,77,0,0,0,504,0,504,0.0,0.0,1.0
12,Alipurduars,78,0,0,0,399,0,399,0.0,0.0,1.0
12,Alipurduars,8,0,0,9,274,446,729,0.0,0.6117969821673526,0.3758573388203017
12,Alipurduars,80,0,0,0,411,0,411,0.0,0.0,1.0
12,Alipurduars,82,0,0,0,402,0,402,0.0,0.0,1.0
12,Alipurduars,82(A),0,0,22,544,0,566,0.0,0.0,0.96113074204947
12,Alipurduars,83,0,0,0,1025,0,1025,0.0,0.0,1.0
12,Alipurduars,83(A),0,0,9,525,0,534,0.0,0.0,0.9831460674157304
12,Alipurduars,84,0,0,0,406,0,406,0.0,0.0,1.0
12,Alipurduars,84(A),0,0,12,569,0,581,0.0,0.0,0.9793459552495696
12,Alipurduars,85(A),0,0,13,529,0,542,0.0,0.0,0.9760147601476016
12,Alipurduars,86(A),0,0,20,462,0,482,0.0,0.0,0.95850622406639
12,Alipurduars,88,0,0,0,719,0,719,0.0,0.0,1.0
12,Alipurduars,88(A),0,0,11,593,0,604,0.0,0.0,0.9817880794701986
12,Alipurduars,89,0,0,0,588,0,588,0.0,0.0,1.0
12,Alipurduars,9,0,0,39,595,300,934,0.0,0.3211991434689507,0.6370449678800857
12,Alipurduars,9(A),0,0,19,151,271,441,0.0,0.6145124716553289,0.3424036281179138
12,Alipurduars,95,0,0,0,533,0,533,0.0,0.0,1.0
12,Alipurduars,97,0,0,0,393,0,393,0.0,0.0,1.0
12,Alipurduars,99,0,0,0,802,0,802,0.0,0.0,1.0
13,Falakata,1,130,0,0,380,0,510,0.2549019607843137,0.0,0.7450980392156863
13,Falakata,10,346,0,0,488,0,834,0.4148681055155875,0.0,0.5851318944844125
13,Falakata,100,0,0,0,476,0,476,0.0,0.0,1.0
13,Falakata,100A,0,0,0,459,0,459,0.0,0.0,1.0
13,Falakata,101,0,0,0,803,0,803,0.0,0.0,1.0
13,Falakata,102,0,0,0,880,0,880,0.0,0.0,1.0
13,Falakata,103,0,0,0,583,0,583,0.0,0.0,1.0
13,Falakata,104,0,0,0,755,0,755,0.0,0.0,1.0
13,Falakata,105,0,0,0,808,0,808,0.0,0.0,1.0
13,Falakata,106,0,0,0,529,0,529,0.0,0.0,1.0
13,Falakata,107,0,0,0,688,0,688,0.0,0.0,1.0
13,Falakata,108,0,0,0,623,0,623,0.0,0.0,1.0
13,Falakata,109,0,0,0,684,0,684,0.0,0.0,1.0
13,Falakata,11,271,0,0,316,0,587,0.4616695059625213,0.0,0.5383304940374787
13,Falakata,110,0,0,0,805,0,805,0.0,0.0,1.0
13,Falakata,111,0,0,0,836,0,836,0.0,0.0,1.0
13,Falakata,112,0,0,0,481,0,481,0.0,0.0,1.0
13,Falakata,112A,0,0,0,526,0,526,0.0,0.0,1.0
13,Falakata,113,0,0,0,544,0,544,0.0,0.0,1.0
13,Falakata,113A,0,0,0,548,0,548,0.0,0.0,1.0
13,Falakata,114,0,0,0,602,0,602,0.0,0.0,1.0
13,Falakata,114A,0,0,0,578,0,578,0.0,0.0,1.0
13,Falakata,115,0,0,0,485,0,485,0.0,0.0,1.0
13,Falakata,115A,0,0,0,474,0,474,0.0,0.0,1.0
13,Falakata,116,0,0,0,792,0,792,0.0,0.0,1.0
13,Falakata,117,0,0,0,750,0,750,0.0,0.0,1.0
13,Falakata,118,0,0,0,875,0,875,0.0,0.0,1.0
13,Falakata,119,0,0,0,782,0,782,0.0,0.0,1.0
13,Falakata,12,352,0,0,152,0,504,0.6984126984126984,0.0,0.3015873015873015
13,Falakata,120,0,0,0,909,0,909,0.0,0.0,1.0
13,Falakata,121,0,0,0,773,0,773,0.0,0.0,1.0
13,Falakata,122,0,0,0,599,0,599,0.0,0.0,1.0
13,Falakata,123,0,0,0,860,0,860,0.0,0.0,1.0
13,Falakata,124,0,0,0,772,0,772,0.0,0.0,1.0
13,Falakata,125,0,0,0,853,0,853,0.0,0.0,1.0
13,Falakata,126,0,0,0,722,182,904,0.0,0.2013274336283186,0.7986725663716814
13,Falakata,127,0,0,0,529,199,728,0.0,0.2733516483516483,0.7266483516483516
13,Falakata,128,0,0,0,407,302,709,0.0,0.4259520451339915,0.5740479548660085
13,Falakata,129,0,0,0,544,303,847,0.0,0.3577331759149941,0.6422668240850059
13,Falakata,12A,0,0,0,253,273,526,0.0,0.5190114068441065,0.4809885931558935
13,Falakata,13,0,30,0,116,327,473,0.0,0.6913319238900634,0.2452431289640592
13,Falakata,130,0,0,0,359,323,682,0.0,0.4736070381231672,0.5263929618768328
13,Falakata,131,0,0,0,458,272,730,0.0,0.3726027397260274,0.6273972602739726
13,Falakata,132,0,0,0,406,198,604,0.0,0.3278145695364238,0.6721854304635762
13,Falakata,132A,0,0,0,420,190,610,0.0,0.3114754098360656,0.6885245901639344
13,Falakata,133,0,0,0,452,335,787,0.0,0.4256670902160102,0.5743329097839899
13,Falakata,134,0,0,0,404,388,792,0.0,0.4898989898989899,0.51010101010101
13,Falakata,135,0,0,0,591,213,804,0.0,0.2649253731343283,0.7350746268656716
13,Falakata,136,0,0,0,459,210,669,0.0,0.3139013452914798,0.6860986547085202
13,Falakata,137,0,0,0,380,344,724,0.0,0.4751381215469613,0.5248618784530387
13,Falakata,138,0,0,0,306,358,664,0.0,0.5391566265060241,0.4608433734939759
13,Falakata,139,0,0,0,353,200,553,0.0,0.3616636528028933,0.6383363471971067
13,Falakata,13A,0,12,0,206,252,470,0.0,0.5361702127659574,0.4382978723404255
13,Falakata,14,0,10,0,104,411,525,0.0,0.7828571428571428,0.1980952380952381
13,Falakata,140,0,0,0,227,314,541,0.0,0.5804066543438078,0.4195933456561922
13,Falakata,141,0,0,0,481,328,809,0.0,0.4054388133498146,0.5945611866501854
13,Falakata,142,0,0,0,425,187,612,0.0,0.3055555555555556,0.6944444444444444
13,Falakata,143,0,0,0,377,235,612,0.0,0.3839869281045752,0.6160130718954249
13,Falakata,144,0,0,0,337,288,625,0.0,0.4608,0.5392
13,Falakata,145,0,0,0,405,185,590,0.0,0.3135593220338983,0.6864406779661016
13,Falakata,146,0,0,0,426,297,723,0.0,0.4107883817427386,0.5892116182572614
13,Falakata,147,0,0,0,433,469,902,0.0,0.5199556541019955,0.4800443458980044
13,Falakata,148,0,0,0,189,267,456,0.0,0.5855263157894737,0.4144736842105263
13,Falakata,149,0,0,0,1499,5,1504,0.0,0.0033244680851063,0.9966755319148936
13,Falakata,14A,0,3,0,301,234,538,0.0,0.4349442379182156,0.5594795539033457
13,Falakata,15,0,10,0,150,329,489,0.0,0.6728016359918201,0.3067484662576687
13,Falakata,150,0,0,0,1441,6,1447,0.0,0.0041465100207325,0.9958534899792676
13,Falakata,151,0,0,0,1510,5,1515,0.0,0.0033003300330033,0.9966996699669968
13,Falakata,152,0,0,0,1091,0,1091,0.0,0.0,1.0
13,Falakata,153,0,0,0,910,3,913,0.0,0.0032858707557502,0.9967141292442496
13,Falakata,153A,0,0,0,872,2,874,0.0,0.0022883295194508,0.9977116704805492
13,Falakata,154,0,0,0,1719,4,1723,0.0,0.0023215322112594,0.9976784677887406
13,Falakata,155,0,0,0,1712,5,1717,0.0,0.0029120559114735,0.9970879440885264
13,Falakata,156,0,0,0,1703,8,1711,0.0,0.0046756282875511,0.9953243717124488
13,Falakata,157,0,0,0,945,2,947,0.0,0.0021119324181626,0.9978880675818372
13,Falakata,157A,0,0,0,962,0,962,0.0,0.0,1.0
13,Falakata,158,0,0,0,1507,2,1509,0.0,0.001325381047051,0.998674618952949
13,Falakata,159,0,0,0,988,3,991,0.0,0.0030272452068617,0.9969727547931384
13,Falakata,159A,0,0,0,959,2,961,0.0,0.0020811654526534,0.9979188345473464
13,Falakata,15A,0,14,0,382,102,498,0.0,0.2048192771084337,0.7670682730923695
13,Falakata,16,0,27,0,373,305,705,0.0,0.4326241134751773,0.5290780141843971
13,Falakata,160,0,0,0,1049,7,1056,0.0,0.0066287878787878,0.9933712121212122
13,Falakata,160A,0,0,0,1121,2,1123,0.0,0.0017809439002671,0.9982190560997328
13,Falakata,161,0,0,0,986,7,993,0.0,0.0070493454179254,0.9929506545820744
13,Falakata,161A,0,0,0,1001,2,1003,0.0,0.0019940179461615,0.9980059820538384
13,Falakata,162,0,0,0,1602,8,1610,0.0,0.0049689440993788,0.9950310559006212
13,Falakata,163,0,0,0,1582,10,1592,0.0,0.0062814070351758,0.993718592964824
13,Falakata,164,0,0,0,1695,7,1702,0.0,0.0041128084606345,0.9958871915393654
13,Falakata,165,0,0,0,913,5,918,0.0,0.0054466230936819,0.994553376906318
13,Falakata,165A,0,0,0,952,1,953,0.0,0.0010493179433368,0.9989506820566632
13,Falakata,166,0,0,0,1050,4,1054,0.0,0.0037950664136622,0.9962049335863378
13,Falakata,166A,15,0,0,497,0,512,0.029296875,0.0,0.970703125
13,Falakata,167,0,18,0,795,0,813,0.0,0.0,0.977859778597786
13,Falakata,168,0,12,0,711,0,723,0.0,0.0,0.983402489626556
13,Falakata,169,0,8,0,590,0,598,0.0,0.0,0.9866220735785952
13,Falakata,169A,0,14,0,582,0,596,0.0,0.0,0.976510067114094
13,Falakata,17,0,45,0,184,278,507,0.0,0.5483234714003945,0.3629191321499014
13,Falakata,170,0,7,0,525,0,532,0.0,0.0,0.986842105263158
13,Falakata,170A,0,2,0,530,0,532,0.0,0.0,0.9962406015037594
13,Falakata,171,0,2,0,477,0,479,0.0,0.0,0.9958246346555324
13,Falakata,171A,0,2,0,473,0,475,0.0,0.0,0.9957894736842106
13,Falakata,172,0,16,0,702,0,718,0.0,0.0,0.977715877437326
13,Falakata,173,13,0,0,411,0,424,0.0306603773584905,0.0,0.9693396226415094
13,Falakata,174,6,0,0,852,0,858,0.0069930069930069,0.0,0.993006993006993
13,Falakata,175,13,0,0,605,0,618,0.0210355987055016,0.0,0.9789644012944984
13,Falakata,176,21,0,0,562,0,583,0.0360205831903945,0.0,0.9639794168096056
13,Falakata,176A,19,0,0,586,0,605,0.0314049586776859,0.0,0.968595041322314
13,Falakata,177,10,0,0,504,0,514,0.0194552529182879,0.0,0.980544747081712
13,Falakata,178,0,8,0,469,0,477,0.0,0.0,0.9832285115303984
13,Falakata,178A,4,0,0,490,0,494,0.0080971659919028,0.0,0.9919028340080972
13,Falakata,179,19,0,0,688,0,707,0.0268741159830268,0.0,0.9731258840169732
13,Falakata,18,0,11,0,357,209,577,0.0,0.3622183708838821,0.6187175043327556
13,Falakata,180,19,0,0,620,0,639,0.0297339593114241,0.0,0.970266040688576
13,Falakata,181,46,0,0,548,0,594,0.0774410774410774,0.0,0.9225589225589226
13,Falakata,181A,0,39,0,570,0,609,0.0,0.0,0.9359605911330048
13,Falakata,182,44,0,0,589,0,633,0.0695102685624012,0.0,0.9304897314375988
13,Falakata,183,39,0,0,580,0,619,0.0630048465266559,0.0,0.936995153473344
13,Falakata,184,0,34,0,243,208,485,0.0,0.4288659793814433,0.5010309278350515
13,Falakata,184A,0,28,0,191,174,393,0.0,0.4427480916030534,0.4860050890585242
13,Falakata,185,0,35,0,282,149,466,0.0,0.3197424892703863,0.6051502145922747
13,Falakata,185A,0,72,0,263,173,508,0.0,0.3405511811023622,0.5177165354330708
13,Falakata,186,0,23,0,214,256,493,0.0,0.5192697768762677,0.4340770791075051
13,Falakata,186A,0,26,0,266,209,501,0.0,0.4171656686626746,0.530938123752495
13,Falakata,187,0,35,0,318,462,815,0.0,0.5668711656441717,0.3901840490797546
13,Falakata,188,0,33,0,339,198,570,0.0,0.3473684210526316,0.5947368421052631
13,Falakata,189,0,60,0,493,253,806,0.0,0.3138957816377171,0.6116625310173698
13,Falakata,18A,0,18,0,291,243,552,0.0,0.4402173913043478,0.5271739130434783
13,Falakata,19,0,90,0,585,196,871,0.0,0.2250287026406429,0.6716417910447762
13,Falakata,190,0,49,0,389,270,708,0.0,0.3813559322033898,0.5494350282485876
13,Falakata,191,0,40,0,328,243,611,0.0,0.397708674304419,0.5368248772504092
13,Falakata,192,0,30,0,416,217,663,0.0,0.3273001508295626,0.6274509803921569
13,Falakata,193,0,26,0,363,160,549,0.0,0.2914389799635701,0.6612021857923497
13,Falakata,193A,0,24,0,290,139,453,0.0,0.3068432671081678,0.6401766004415012
13,Falakata,194,0,39,0,274,368,681,0.0,0.540381791483113,0.4023494860499266
13,Falakata,195,0,31,0,296,244,571,0.0,0.4273204903677758,0.5183887915936952
13,Falakata,195A,0,8,0,272,224,504,0.0,0.4444444444444444,0.5396825396825397
13,Falakata,196,0,31,0,306,315,652,0.0,0.4831288343558282,0.4693251533742331
13,Falakata,197,0,11,0,112,552,675,0.0,0.8177777777777778,0.1659259259259259
13,Falakata,198,0,17,0,171,273,461,0.0,0.5921908893709328,0.3709327548806941
13,Falakata,199,0,29,0,411,394,834,0.0,0.4724220623501199,0.4928057553956834
13,Falakata,1A,162,0,0,371,0,533,0.3039399624765478,0.0,0.6960600375234521
13,Falakata,2,325,0,0,292,0,617,0.526742301458671,0.0,0.473257698541329
13,Falakata,20,0,43,0,358,167,568,0.0,0.2940140845070422,0.6302816901408451
13,Falakata,200,0,27,0,264,301,592,0.0,0.5084459459459459,0.4459459459459459
13,Falakata,201,0,37,0,305,265,607,0.0,0.4365733113673805,0.5024711696869851
13,Falakata,202,0,26,0,217,242,485,0.0,0.4989690721649484,0.4474226804123711
13,Falakata,202A,207,0,0,275,1,483,0.4285714285714285,0.0020703933747412,0.5693581780538303
13,Falakata,203,244,0,0,266,1,511,0.4774951076320939,0.0019569471624266,0.5205479452054794
13,Falakata,203A,212,0,0,276,4,492,0.4308943089430894,0.008130081300813,0.5609756097560976
13,Falakata,204,504,0,0,415,6,925,0.5448648648648649,0.0064864864864864,0.4486486486486487
13,Falakata,205,409,0,0,377,3,789,0.5183776932826363,0.0038022813688212,0.4778200253485424
13,Falakata,206,197,0,0,230,0,427,0.4613583138173302,0.0,0.5386416861826698
13,Falakata,207,336,0,0,487,3,826,0.4067796610169492,0.0036319612590799,0.589588377723971
13,Falakata,208,179,0,0,436,1,616,0.2905844155844156,0.0016233766233766,0.7077922077922078
13,Falakata,209,158,0,0,305,0,463,0.3412526997840173,0.0,0.6587473002159827
13,Falakata,21,0,72,0,225,196,493,0.0,0.3975659229208925,0.4563894523326572
13,Falakata,210,340,0,0,382,1,723,0.4702627939142462,0.0013831258644536,0.5283540802213001
13,Falakata,211,220,0,0,368,2,590,0.3728813559322034,0.0033898305084745,0.6237288135593221
13,Falakata,212,313,0,0,392,2,707,0.4427157001414427,0.0028288543140028,0.5544554455445545
13,Falakata,213,497,0,0,394,4,895,0.5553072625698324,0.0044692737430167,0.4402234636871508
13,Falakata,214,258,0,0,382,2,642,0.4018691588785046,0.0031152647975077,0.5950155763239875
13,Falakata,215,263,0,0,367,3,633,0.4154818325434439,0.0047393364928909,0.5797788309636651
13,Falakata,216,166,0,0,270,3,439,0.378132118451025,0.0068337129840546,0.6150341685649203
13,Falakata,217,261,0,0,449,4,714,0.3655462184873949,0.0056022408963585,0.6288515406162465
13,Falakata,218,204,0,0,326,7,537,0.3798882681564245,0.0130353817504655,0.6070763500931099
13,Falakata,218A,190,0,0,310,1,501,0.3792415169660678,0.0019960079840319,0.6187624750499002
13,Falakata,219,411,0,0,394,6,811,0.5067817509247842,0.0073982737361282,0.4858199753390875
13,Falakata,21A,0,51,0,309,165,525,0.0,0.3142857142857143,0.5885714285714285
13,Falakata,22,0,18,0,139,316,473,0.0,0.6680761099365751,0.2938689217758985
13,Falakata,220,157,0,0,330,1,488,0.3217213114754098,0.0020491803278688,0.6762295081967213
13,Falakata,220A,188,0,0,296,0,484,0.3884297520661157,0.0,0.6115702479338843
13,Falakata,221,270,0,0,230,2,502,0.5378486055776892,0.0039840637450199,0.4581673306772908
13,Falakata,22A,0,11,0,199,257,467,0.0,0.550321199143469,0.4261241970021413
13,Falakata,23,0,26,0,258,283,567,0.0,0.4991181657848324,0.455026455026455
13,Falakata,237,233,90,0,17,460,800,0.29125,0.575,0.02125
13,Falakata,238,304,38,0,21,220,583,0.5214408233276158,0.3773584905660377,0.0360205831903945
13,Falakata,238A,260,48,0,18,215,541,0.4805914972273567,0.3974121996303142,0.033271719038817
13,Falakata,239,302,24,0,18,171,515,0.5864077669902913,0.3320388349514563,0.0349514563106796
13,Falakata,23A,0,31,0,339,216,586,0.0,0.3686006825938566,0.5784982935153583
13,Falakata,24,0,29,0,310,152,491,0.0,0.3095723014256619,0.6313645621181263
13,Falakata,240,352,36,0,12,219,619,0.568659127625202,0.3537964458804523,0.0193861066235864
13,Falakata,241,15,65,0,9,424,513,0.0292397660818713,0.8265107212475633,0.0175438596491228
13,Falakata,241A,230,20,0,15,241,506,0.4545454545454545,0.4762845849802372,0.0296442687747035
13,Falakata,242,427,38,0,17,230,712,0.5997191011235955,0.3230337078651685,0.023876404494382
13,Falakata,243,467,34,0,13,370,884,0.5282805429864253,0.418552036199095,0.0147058823529411
13,Falakata,244,271,51,0,9,323,654,0.4143730886850152,0.4938837920489297,0.0137614678899082
13,Falakata,245,331,38,0,9,186,564,0.5868794326241135,0.3297872340425531,0.0159574468085106
13,Falakata,245A,303,34,0,8,193,538,0.5631970260223048,0.3587360594795539,0.0148698884758364
13,Falakata,246,451,34,0,20,205,710,0.6352112676056338,0.2887323943661972,0.028169014084507
13,Falakata,247,236,13,0,25,173,447,0.5279642058165548,0.3870246085011186,0.0559284116331096
13,Falakata,247A,217,19,0,23,189,448,0.484375,0.421875,0.0513392857142857
13,Falakata,248,301,26,0,39,206,572,0.5262237762237763,0.3601398601398601,0.0681818181818181
13,Falakata,249,343,20,0,41,196,600,0.5716666666666667,0.3266666666666666,0.0683333333333333
13,Falakata,24A,0,26,0,304,175,505,0.0,0.3465346534653465,0.601980198019802
13,Falakata,25,0,24,0,557,198,779,0.0,0.2541720154043645,0.7150192554557124
13,Falakata,250,367,21,0,15,154,557,0.6588868940754039,0.2764811490125673,0.0269299820466786
13,Falakata,250A,361,23,0,21,143,548,0.6587591240875912,0.260948905109489,0.0383211678832116
13,Falakata,251,276,20,0,18,196,510,0.5411764705882353,0.3843137254901961,0.0352941176470588
13,Falakata,251A,280,9,0,23,189,501,0.5588822355289421,0.3772455089820359,0.0459081836327345
13,Falakata,252,260,10,0,13,189,472,0.5508474576271186,0.4004237288135593,0.0275423728813559
13,Falakata,252A,274,15,0,11,152,452,0.6061946902654868,0.336283185840708,0.0243362831858407
13,Falakata,253,352,39,0,31,187,609,0.5779967159277504,0.3070607553366174,0.0509031198686371
13,Falakata,254,471,20,0,30,260,781,0.6030729833546735,0.3329065300896286,0.0384122919334186
13,Falakata,255,266,2,0,8,258,534,0.49812734082397,0.4831460674157303,0.0149812734082397
13,Falakata,256,286,5,0,18,215,524,0.5458015267175572,0.4103053435114503,0.0343511450381679
13,Falakata,256A,311,3,0,17,161,492,0.6321138211382114,0.3272357723577235,0.0345528455284552
13,Falakata,257,436,72,0,19,175,702,0.6210826210826211,0.2492877492877493,0.027065527065527
13,Falakata,258,409,66,0,25,174,674,0.6068249258160238,0.258160237388724,0.0370919881305637
13,Falakata,259,471,99,0,26,145,741,0.6356275303643725,0.1956815114709851,0.0350877192982456
13,Falakata,26,0,24,0,442,94,560,0.0,0.1678571428571428,0.7892857142857143
13,Falakata,260,307,254,0,9,71,641,0.4789391575663027,0.110764430577223,0.0140405616224648
13,Falakata,261,369,36,0,11,242,658,0.560790273556231,0.3677811550151976,0.0167173252279635
13,Falakata,262,403,13,0,15,206,637,0.6326530612244898,0.3233908948194662,0.0235478806907378
13,Falakata,263,474,35,0,21,322,852,0.5563380281690141,0.3779342723004695,0.0246478873239436
13,Falakata,264,464,28,0,35,283,810,0.5728395061728395,0.3493827160493827,0.0432098765432098
13,Falakata,265,46,29,0,14,574,663,0.0693815987933635,0.8657616892911011,0.0211161387631975
13,Falakata,265A,170,13,0,33,330,546,0.3113553113553113,0.6043956043956044,0.0604395604395604
13,Falakata,266,505,16,0,19,273,813,0.6211562115621156,0.3357933579335793,0.023370233702337
13,Falakata,27,0,113,0,29,579,721,0.0,0.8030513176144244,0.0402219140083217
13,Falakata,28,0,239,0,405,4,648,0.0,0.0061728395061728,0.625
13,Falakata,282,0,0,0,241,294,535,0.0,0.5495327102803739,0.4504672897196262
13,Falakata,283,0,0,0,216,275,491,0.0,0.560081466395112,0.439918533604888
13,Falakata,284,0,0,0,267,340,607,0.0,0.5601317957166392,0.4398682042833607
13,Falakata,285,0,0,0,246,268,514,0.0,0.5214007782101168,0.4785992217898833
13,Falakata,286,0,0,0,354,475,829,0.0,0.5729794933655006,0.4270205066344994
13,Falakata,287,0,0,0,510,370,880,0.0,0.4204545454545454,0.5795454545454546
13,Falakata,288,6,0,0,333,221,560,0.0107142857142857,0.3946428571428571,0.5946428571428571
13,Falakata,289,0,0,0,236,216,452,0.0,0.4778761061946903,0.5221238938053098
13,Falakata,29,0,238,0,444,6,688,0.0,0.0087209302325581,0.6453488372093024
13,Falakata,290,7,0,0,280,209,496,0.0141129032258064,0.4213709677419355,0.5645161290322581
13,Falakata,291,22,0,0,222,207,451,0.048780487804878,0.458980044345898,0.4922394678492239
13,Falakata,292,0,0,0,334,210,544,0.0,0.3860294117647059,0.6139705882352942
13,Falakata,293,0,0,0,268,236,504,0.0,0.4682539682539682,0.5317460317460317
13,Falakata,294,15,0,0,301,236,552,0.0271739130434782,0.427536231884058,0.5452898550724637
13,Falakata,295,17,0,0,238,253,508,0.0334645669291338,0.4980314960629921,0.468503937007874
13,Falakata,296,11,0,0,371,287,669,0.0164424514200298,0.4289985052316891,0.554559043348281
13,Falakata,297,5,0,0,269,319,593,0.0084317032040472,0.5379426644182125,0.4536256323777403
13,Falakata,298,7,0,0,225,316,548,0.0127737226277372,0.5766423357664233,0.4105839416058394
13,Falakata,299,7,0,0,262,257,526,0.0133079847908745,0.4885931558935361,0.4980988593155893
13,Falakata,2A,118,0,0,371,0,489,0.2413087934560327,0.0,0.7586912065439673
13,Falakata,3,437,0,0,280,0,717,0.6094839609483961,0.0,0.3905160390516039
13,Falakata,30,0,105,0,582,10,697,0.0,0.0143472022955523,0.8350071736011477
13,Falakata,300,0,0,0,257,299,556,0.0,0.5377697841726619,0.4622302158273381
13,Falakata,301,0,0,0,425,330,755,0.0,0.4370860927152318,0.5629139072847682
13,Falakata,302,0,0,0,418,383,801,0.0,0.4781523096129838,0.5218476903870163
13,Falakata,303,18,0,0,300,326,644,0.0279503105590062,0.5062111801242236,0.4658385093167702
13,Falakata,304,21,0,0,227,294,542,0.0387453874538745,0.5424354243542435,0.4188191881918819
13,Falakata,305,40,0,0,252,220,512,0.078125,0.4296875,0.4921875
13,Falakata,31,0,286,0,377,3,666,0.0,0.0045045045045045,0.566066066066066
13,Falakata,32,0,258,0,344,7,609,0.0,0.0114942528735632,0.5648604269293924
13,Falakata,33,0,367,0,301,8,676,0.0,0.0118343195266272,0.4452662721893491
13,Falakata,34,0,420,0,217,1,638,0.0,0.0015673981191222,0.3401253918495298
13,Falakata,35,0,236,0,204,4,444,0.0,0.009009009009009,0.4594594594594595
13,Falakata,35A,0,207,0,230,2,439,0.0,0.0045558086560364,0.5239179954441914
13,Falakata,36,0,522,0,285,8,815,0.0,0.0098159509202454,0.3496932515337423
13,Falakata,37,0,285,0,264,5,554,0.0,0.0090252707581227,0.4765342960288808
13,Falakata,37A,0,191,0,270,5,466,0.0,0.0107296137339055,0.5793991416309013
13,Falakata,38,0,306,0,397,8,711,0.0,0.0112517580872011,0.5583684950773559
13,Falakata,39,0,564,0,308,9,881,0.0,0.0102156640181611,0.3496027241770715
13,Falakata,4,223,0,0,348,0,571,0.3905429071803853,0.0,0.6094570928196147
13,Falakata,40,0,184,0,238,2,424,0.0,0.0047169811320754,0.5613207547169812
13,Falakata,40A,0,105,0,331,4,440,0.0,0.009090909090909,0.7522727272727273
13,Falakata,41,0,481,0,283,10,774,0.0,0.0129198966408268,0.3656330749354005
13,Falakata,42,0,494,0,396,5,895,0.0,0.0055865921787709,0.4424581005586592
13,Falakata,43,0,178,0,351,5,534,0.0,0.0093632958801498,0.6573033707865169
13,Falakata,43A,0,163,0,305,8,476,0.0,0.0168067226890756,0.6407563025210085
13,Falakata,44,0,393,0,359,16,768,0.0,0.0208333333333333,0.4674479166666667
13,Falakata,48,0,22,0,823,0,845,0.0,0.0,0.97396449704142
13,Falakata,49,0,22,0,438,0,460,0.0,0.0,0.9521739130434784
13,Falakata,49A,0,31,0,442,0,473,0.0,0.0,0.93446088794926
13,Falakata,4A,183,0,0,377,0,560,0.3267857142857143,0.0,0.6732142857142858
13,Falakata,5,229,0,0,306,0,535,0.4280373831775701,0.0,0.5719626168224299
13,Falakata,50,0,123,0,677,0,800,0.0,0.0,0.84625
13,Falakata,51,0,20,0,825,0,845,0.0,0.0,0.9763313609467456
13,Falakata,52,0,12,0,729,0,741,0.0,0.0,0.9838056680161944
13,Falakata,53,0,7,0,593,0,600,0.0,0.0,0.9883333333333332
13,Falakata,54,0,11,0,549,0,560,0.0,0.0,0.9803571428571428
13,Falakata,54A,0,9,0,561,0,570,0.0,0.0,0.9842105263157894
13,Falakata,55,0,11,0,549,0,560,0.0,0.0,0.9803571428571428
13,Falakata,56,0,11,0,646,0,657,0.0,0.0,0.9832572298325722
13,Falakata,57,0,17,0,695,0,712,0.0,0.0,0.976123595505618
13,Falakata,58,0,8,0,751,0,759,0.0,0.0,0.989459815546772
13,Falakata,59,0,43,0,839,0,882,0.0,0.0,0.9512471655328798
13,Falakata,5A,160,0,0,355,0,515,0.3106796116504854,0.0,0.6893203883495146
13,Falakata,6,395,0,0,506,0,901,0.4384017758046615,0.0,0.5615982241953386
13,Falakata,60,0,24,0,613,0,637,0.0,0.0,0.9623233908948194
13,Falakata,61,0,39,0,594,0,633,0.0,0.0,0.9383886255924172
13,Falakata,62,0,68,0,655,0,723,0.0,0.0,0.9059474412171508
13,Falakata,63,0,48,0,609,0,657,0.0,0.0,0.9269406392694064
13,Falakata,64,0,52,0,613,0,665,0.0,0.0,0.9218045112781956
13,Falakata,65,0,10,0,815,0,825,0.0,0.0,0.987878787878788
13,Falakata,66,0,11,0,632,0,643,0.0,0.0,0.9828926905132191
13,Falakata,67,0,18,0,467,0,485,0.0,0.0,0.9628865979381444
13,Falakata,67A,0,13,0,454,0,467,0.0,0.0,0.9721627408993576
13,Falakata,68,0,13,0,556,0,569,0.0,0.0,0.9771528998242532
13,Falakata,7,382,0,0,388,0,770,0.4961038961038961,0.0,0.5038961038961038
13,Falakata,71,0,0,0,613,0,613,0.0,0.0,1.0
13,Falakata,71A,0,0,0,611,0,611,0.0,0.0,1.0
13,Falakata,72,0,0,0,555,0,555,0.0,0.0,1.0
13,Falakata,72A,0,0,0,551,0,551,0.0,0.0,1.0
13,Falakata,73,0,0,0,483,0,483,0.0,0.0,1.0
13,Falakata,73A,0,0,0,501,0,501,0.0,0.0,1.0
13,Falakata,74,0,0,0,616,0,616,0.0,0.0,1.0
13,Falakata,75,0,0,0,706,0,706,0.0,0.0,1.0
13,Falakata,76,0,0,0,481,0,481,0.0,0.0,1.0
13,Falakata,76A,0,0,0,461,0,461,0.0,0.0,1.0
13,Falakata,77,0,0,0,873,0,873,0.0,0.0,1.0
13,Falakata,78,0,0,0,668,0,668,0.0,0.0,1.0
13,Falakata,79,0,0,0,614,0,614,0.0,0.0,1.0
13,Falakata,8,175,0,0,422,0,597,0.2931323283082077,0.0,0.7068676716917923
13,Falakata,80,0,0,0,633,0,633,0.0,0.0,1.0
13,Falakata,81,0,0,0,523,0,523,0.0,0.0,1.0
13,Falakata,81A,0,0,0,556,0,556,0.0,0.0,1.0
13,Falakata,82,0,0,0,576,0,576,0.0,0.0,1.0
13,Falakata,82A,0,0,0,549,0,549,0.0,0.0,1.0
13,Falakata,83,0,0,0,776,0,776,0.0,0.0,1.0
13,Falakata,84,0,0,0,560,0,560,0.0,0.0,1.0
13,Falakata,85,0,0,0,807,0,807,0.0,0.0,1.0
13,Falakata,86,0,0,0,519,0,519,0.0,0.0,1.0
13,Falakata,87,0,0,0,792,0,792,0.0,0.0,1.0
13,Falakata,88,0,0,0,789,0,789,0.0,0.0,1.0
13,Falakata,89,0,0,0,809,0,809,0.0,0.0,1.0
13,Falakata,8A,177,0,0,419,0,596,0.296979865771812,0.0,0.7030201342281879
13,Falakata,9,220,0,0,635,0,855,0.2573099415204678,0.0,0.7426900584795322
13,Falakata,90,0,0,0,608,0,608,0.0,0.0,1.0
13,Falakata,90A,0,0,0,631,0,631,0.0,0.0,1.0
13,Falakata,91,0,0,0,470,0,470,0.0,0.0,1.0
13,Falakata,91A,0,0,0,499,0,499,0.0,0.0,1.0
13,Falakata,92,0,0,0,908,0,908,0.0,0.0,1.0
13,Falakata,93,0,0,0,739,0,739,0.0,0.0,1.0
13,Falakata,94,0,0,0,918,0,918,0.0,0.0,1.0
13,Falakata,95,0,0,0,828,0,828,0.0,0.0,1.0
13,Falakata,96,0,0,0,710,0,710,0.0,0.0,1.0
13,Falakata,97,0,0,0,435,0,435,0.0,0.0,1.0
13,Falakata,97A,0,0,0,477,0,477,0.0,0.0,1.0
13,Falakata,98,0,0,0,446,0,446,0.0,0.0,1.0
13,Falakata,98A,0,0,0,465,0,465,0.0,0.0,1.0
13,Falakata,99,0,0,0,709,0,709,0.0,0.0,1.0
14,Madarihat,10,208,0,0,41,241,490,0.4244897959183673,0.4918367346938775,0.0836734693877551
14,Madarihat,100,0,0,0,9,0,9,0.0,0.0,1.0
14,Madarihat,101,0,0,0,85,0,85,0.0,0.0,1.0
14,Madarihat,102,0,0,0,89,0,89,0.0,0.0,1.0
14,Madarihat,103,0,0,0,88,0,88,0.0,0.0,1.0
14,Madarihat,104,0,0,0,89,0,89,0.0,0.0,1.0
14,Madarihat,105,0,0,0,101,0,101,0.0,0.0,1.0
14,Madarihat,106,0,0,0,94,0,94,0.0,0.0,1.0
14,Madarihat,107,0,0,0,92,0,92,0.0,0.0,1.0
14,Madarihat,108,0,0,0,96,0,96,0.0,0.0,1.0
14,Madarihat,109,0,0,0,8,0,8,0.0,0.0,1.0
14,Madarihat,11,372,0,0,101,218,691,0.5383502170767004,0.3154848046309696,0.1461649782923299
14,Madarihat,110,0,0,0,112,0,112,0.0,0.0,1.0
14,Madarihat,111,0,0,0,93,0,93,0.0,0.0,1.0
14,Madarihat,112,0,0,0,95,0,95,0.0,0.0,1.0
14,Madarihat,113,0,0,0,1,0,1,0.0,0.0,1.0
14,Madarihat,114,0,0,0,108,0,108,0.0,0.0,1.0
14,Madarihat,115,0,0,0,98,0,98,0.0,0.0,1.0
14,Madarihat,116,0,0,0,102,0,102,0.0,0.0,1.0
14,Madarihat,117,0,0,0,8,0,8,0.0,0.0,1.0
14,Madarihat,118,0,0,0,99,0,99,0.0,0.0,1.0
14,Madarihat,119,0,0,0,98,0,98,0.0,0.0,1.0
14,Madarihat,12,419,0,0,129,228,776,0.5399484536082474,0.2938144329896907,0.1662371134020618
14,Madarihat,13,369,0,0,42,41,452,0.8163716814159292,0.0907079646017699,0.0929203539823008
14,Madarihat,13(A),346,0,0,44,42,432,0.8009259259259259,0.0972222222222222,0.1018518518518518
14,Madarihat,14,275,0,0,33,47,355,0.7746478873239436,0.1323943661971831,0.0929577464788732
14,Madarihat,14(A),295,0,0,28,51,374,0.7887700534759359,0.1363636363636363,0.0748663101604278
14,Madarihat,145,0,0,0,656,0,656,0.0,0.0,1.0
14,Madarihat,146,0,0,0,526,0,526,0.0,0.0,1.0
14,Madarihat,147,0,0,0,848,0,848,0.0,0.0,1.0
14,Madarihat,148,0,0,0,680,0,680,0.0,0.0,1.0
14,Madarihat,149,0,0,0,825,0,825,0.0,0.0,1.0
14,Madarihat,15,305,0,0,60,87,452,0.6747787610619469,0.1924778761061946,0.1327433628318584
14,Madarihat,15(A),305,0,0,47,103,455,0.6703296703296703,0.2263736263736263,0.1032967032967032
14,Madarihat,150,0,0,0,497,0,497,0.0,0.0,1.0
14,Madarihat,151,0,0,0,508,0,508,0.0,0.0,1.0
14,Madarihat,152,0,0,0,692,0,692,0.0,0.0,1.0
14,Madarihat,153,0,0,0,511,0,511,0.0,0.0,1.0
14,Madarihat,154,0,0,0,790,0,790,0.0,0.0,1.0
14,Madarihat,155,0,0,0,529,0,529,0.0,0.0,1.0
14,Madarihat,156,0,0,0,330,0,330,0.0,0.0,1.0
14,Madarihat,157,0,0,0,499,0,499,0.0,0.0,1.0
14,Madarihat,158,0,0,0,606,0,606,0.0,0.0,1.0
14,Madarihat,159,0,0,0,491,0,491,0.0,0.0,1.0
14,Madarihat,16,573,0,0,51,74,698,0.8209169054441261,0.1060171919770773,0.0730659025787965
14,Madarihat,160,0,0,0,620,0,620,0.0,0.0,1.0
14,Madarihat,161,0,0,0,648,0,648,0.0,0.0,1.0
14,Madarihat,162,0,0,0,783,0,783,0.0,0.0,1.0
14,Madarihat,163,0,0,0,656,0,656,0.0,0.0,1.0
14,Madarihat,164,0,0,0,682,0,682,0.0,0.0,1.0
14,Madarihat,165,0,0,0,693,0,693,0.0,0.0,1.0
14,Madarihat,166,0,0,0,619,0,619,0.0,0.0,1.0
14,Madarihat,167,0,0,0,688,0,688,0.0,0.0,1.0
14,Madarihat,17,276,0,0,45,123,444,0.6216216216216216,0.277027027027027,0.1013513513513513
14,Madarihat,17(A),299,0,0,32,114,445,0.6719101123595506,0.2561797752808988,0.0719101123595505
14,Madarihat,18,521,0,0,50,214,785,0.6636942675159235,0.2726114649681528,0.0636942675159235
14,Madarihat,193,235,0,0,170,212,617,0.3808752025931928,0.3435980551053484,0.2755267423014587
14,Madarihat,194,194,0,0,22,153,369,0.5257452574525745,0.4146341463414634,0.059620596205962
14,Madarihat,195,340,0,0,183,212,735,0.4625850340136054,0.2884353741496598,0.2489795918367346
14,Madarihat,196,371,0,0,32,154,557,0.6660682226211849,0.2764811490125673,0.0574506283662477
14,Madarihat,197,414,0,0,205,204,823,0.503037667071689,0.2478736330498177,0.2490886998784933
14,Madarihat,198,282,0,0,173,285,740,0.3810810810810811,0.3851351351351351,0.2337837837837837
14,Madarihat,199,414,0,0,228,204,846,0.4893617021276595,0.2411347517730496,0.2695035460992908
14,Madarihat,2,337,0,0,24,174,535,0.6299065420560748,0.3252336448598131,0.0448598130841121
14,Madarihat,2(A),356,0,0,556,186,1098,0.3242258652094718,0.1693989071038251,0.5063752276867031
14,Madarihat,200,416,0,0,189,209,814,0.5110565110565111,0.2567567567567567,0.2321867321867322
14,Madarihat,201,301,0,0,189,161,651,0.4623655913978494,0.2473118279569892,0.2903225806451613
14,Madarihat,202,332,0,0,23,159,514,0.6459143968871596,0.3093385214007782,0.0447470817120622
14,Madarihat,203,548,0,0,238,139,925,0.5924324324324325,0.1502702702702702,0.2572972972972973
14,Madarihat,204,313,0,0,215,60,588,0.532312925170068,0.1020408163265306,0.3656462585034014
14,Madarihat,205,428,0,0,216,52,696,0.6149425287356322,0.0747126436781609,0.3103448275862069
14,Madarihat,206,428,0,0,231,115,774,0.5529715762273901,0.148578811369509,0.2984496124031007
14,Madarihat,207,282,0,0,55,102,439,0.642369020501139,0.2323462414578587,0.1252847380410023
14,Madarihat,208,320,0,0,205,87,612,0.5228758169934641,0.142156862745098,0.3349673202614379
14,Madarihat,209,622,0,0,209,90,921,0.6753528773072747,0.0977198697068403,0.2269272529858849
14,Madarihat,210,470,0,0,31,35,536,0.8768656716417911,0.0652985074626865,0.0578358208955223
14,Madarihat,211,424,0,0,189,26,639,0.6635367762128326,0.0406885758998435,0.2957746478873239
14,Madarihat,212,399,0,0,198,245,842,0.4738717339667458,0.2909738717339667,0.2351543942992874
14,Madarihat,213,251,0,0,191,343,785,0.3197452229299363,0.4369426751592357,0.243312101910828
14,Madarihat,214,455,0,0,222,246,923,0.4929577464788732,0.266522210184182,0.2405200433369447
14,Madarihat,215,316,0,0,214,103,633,0.4992101105845181,0.1627172195892575,0.3380726698262243
14,Madarihat,241,82,0,0,346,16,444,0.1846846846846846,0.036036036036036,0.7792792792792793
14,Madarihat,242,104,0,0,379,10,493,0.2109533468559837,0.0202839756592292,0.768762677484787
14,Madarihat,243,72,0,0,243,26,341,0.2111436950146627,0.0762463343108504,0.7126099706744868
14,Madarihat,244,63,0,0,337,16,416,0.1514423076923076,0.0384615384615384,0.8100961538461539
14,Madarihat,245,85,0,0,341,5,431,0.1972157772621809,0.0116009280742459,0.7911832946635731
14,Madarihat,246,112,0,0,308,9,429,0.261072261072261,0.0209790209790209,0.717948717948718
14,Madarihat,247,263,0,0,404,38,705,0.3730496453900709,0.0539007092198581,0.573049645390071
14,Madarihat,248,152,0,0,315,7,474,0.3206751054852321,0.0147679324894514,0.6645569620253164
14,Madarihat,249,281,0,0,328,20,629,0.4467408585055644,0.0317965023847376,0.5214626391096979
14,Madarihat,250,271,0,0,300,26,597,0.4539363484087102,0.0435510887772194,0.5025125628140703
14,Madarihat,251,378,0,0,241,56,675,0.56,0.0829629629629629,0.357037037037037
14,Madarihat,252,273,0,0,302,21,596,0.4580536912751677,0.035234899328859,0.5067114093959731
14,Madarihat,253,191,0,0,244,12,447,0.4272930648769575,0.0268456375838926,0.5458612975391499
14,Madarihat,254,302,0,0,236,23,561,0.5383244206773619,0.0409982174688057,0.4206773618538324
14,Madarihat,255,270,0,0,209,36,515,0.5242718446601942,0.0699029126213592,0.4058252427184466
14,Madarihat,256,121,0,0,245,135,501,0.2415169660678642,0.2694610778443114,0.4890219560878243
14,Madarihat,257,166,0,0,216,137,519,0.3198458574181118,0.2639691714836223,0.4161849710982659
14,Madarihat,258,295,0,0,236,30,561,0.5258467023172906,0.053475935828877,0.4206773618538324
14,Madarihat,259,356,0,0,268,31,655,0.5435114503816794,0.0473282442748091,0.4091603053435114
14,Madarihat,260,168,0,0,306,33,507,0.3313609467455621,0.0650887573964497,0.6035502958579881
14,Madarihat,261,219,0,0,271,28,518,0.4227799227799227,0.054054054054054,0.5231660231660231
14,Madarihat,262,195,0,0,327,28,550,0.3545454545454545,0.0509090909090909,0.5945454545454546
14,Madarihat,263,136,0,0,275,29,440,0.3090909090909091,0.0659090909090909,0.625
14,Madarihat,292,0,0,0,268,0,268,0.0,0.0,1.0
14,Madarihat,293,0,0,0,331,0,331,0.0,0.0,1.0
14,Madarihat,294,0,0,0,215,0,215,0.0,0.0,1.0
14,Madarihat,295,0,0,0,405,0,405,0.0,0.0,1.0
14,Madarihat,296,0,0,0,285,0,285,0.0,0.0,1.0
14,Madarihat,297,0,0,0,484,0,484,0.0,0.0,1.0
14,Madarihat,298,0,0,0,307,0,307,0.0,0.0,1.0
14,Madarihat,3,377,0,0,39,174,590,0.6389830508474577,0.2949152542372881,0.0661016949152542
14,Madarihat,4,247,0,0,27,157,431,0.5730858468677494,0.3642691415313225,0.062645011600928
14,Madarihat,4(A),243,0,0,19,187,449,0.5412026726057907,0.4164810690423162,0.042316258351893
14,Madarihat,5,448,0,0,33,147,628,0.7133757961783439,0.2340764331210191,0.0525477707006369
14,Madarihat,6,265,0,0,13,62,340,0.7794117647058824,0.1823529411764705,0.038235294117647
14,Madarihat,7,343,0,0,109,284,736,0.4660326086956521,0.3858695652173913,0.1480978260869565
14,Madarihat,73,0,0,0,398,0,398,0.0,0.0,1.0
14,Madarihat,74,0,0,0,296,0,296,0.0,0.0,1.0
14,Madarihat,75,0,0,0,253,0,253,0.0,0.0,1.0
14,Madarihat,76,0,0,0,258,0,258,0.0,0.0,1.0
14,Madarihat,77,0,0,0,237,0,237,0.0,0.0,1.0
14,Madarihat,78,0,0,0,270,0,270,0.0,0.0,1.0
14,Madarihat,79,0,0,0,204,0,204,0.0,0.0,1.0
14,Madarihat,8,362,0,0,107,216,685,0.5284671532846715,0.3153284671532846,0.1562043795620438
14,Madarihat,80,0,0,0,380,0,380,0.0,0.0,1.0
14,Madarihat,81,0,0,0,263,0,263,0.0,0.0,1.0
14,Madarihat,82,0,0,0,276,0,276,0.0,0.0,1.0
14,Madarihat,83,0,0,0,290,0,290,0.0,0.0,1.0
14,Madarihat,84,0,0,0,268,0,268,0.0,0.0,1.0
14,Madarihat,85,0,0,0,363,0,363,0.0,0.0,1.0
14,Madarihat,86,0,0,0,267,0,267,0.0,0.0,1.0
14,Madarihat,87,0,0,0,658,0,658,0.0,0.0,1.0
14,Madarihat,88,0,0,0,540,0,540,0.0,0.0,1.0
14,Madarihat,89,0,0,0,360,0,360,0.0,0.0,1.0
14,Madarihat,9,227,0,0,55,447,729,0.3113854595336077,0.6131687242798354,0.0754458161865569
14,Madarihat,90,0,0,0,458,0,458,0.0,0.0,1.0
14,Madarihat,91,0,0,0,236,0,236,0.0,0.0,1.0
14,Madarihat,92,0,0,0,539,0,539,0.0,0.0,1.0
14,Madarihat,93,0,0,0,537,0,537,0.0,0.0,1.0
14,Madarihat,94,0,0,0,555,0,555,0.0,0.0,1.0
14,Madarihat,95,0,0,0,528,0,528,0.0,0.0,1.0
14,Madarihat,97,0,0,0,87,0,87,0.0,0.0,1.0
14,Madarihat,98,0,0,0,82,0,82,0.0,0.0,1.0
14,Madarihat,99,0,0,0,88,0,88,0.0,0.0,1.0
15,Dhupguri (SC),1,0,43,0,371,83,497,0.0,0.1670020120724346,0.7464788732394366
15,Dhupguri (SC),10,0,33,0,399,124,556,0.0,0.2230215827338129,0.7176258992805755
15,Dhupguri (SC),10A,0,27,0,339,160,526,0.0,0.3041825095057034,0.6444866920152091
15,Dhupguri (SC),11,0,22,0,299,114,435,0.0,0.2620689655172414,0.6873563218390805
15,Dhupguri (SC),11A,0,14,0,244,81,339,0.0,0.2389380530973451,0.7197640117994101
15,Dhupguri (SC),12,0,26,0,229,159,414,0.0,0.3840579710144927,0.5531400966183575
15,Dhupguri (SC),127A,0,446,0,337,4,787,0.0,0.0050825921219822,0.4282083862770012
15,Dhupguri (SC),128,0,490,0,232,3,725,0.0,0.0041379310344827,0.32
15,Dhupguri (SC),129,0,320,0,207,3,530,0.0,0.0056603773584905,0.3905660377358491
15,Dhupguri (SC),12A,0,29,0,230,266,525,0.0,0.5066666666666667,0.4380952380952381
15,Dhupguri (SC),13,0,53,0,264,138,455,0.0,0.3032967032967033,0.5802197802197803
15,Dhupguri (SC),130,0,261,0,363,1,625,0.0,0.0016,0.5808
15,Dhupguri (SC),130A,0,257,0,301,1,559,0.0,0.0017889087656529,0.5384615384615384
15,Dhupguri (SC),131,0,363,0,319,2,684,0.0,0.0029239766081871,0.4663742690058479
15,Dhupguri (SC),131A,0,490,0,214,5,709,0.0,0.007052186177715,0.3018335684062059
15,Dhupguri (SC),132,0,635,0,266,3,904,0.0,0.0033185840707964,0.2942477876106195
15,Dhupguri (SC),133,0,307,0,252,2,561,0.0,0.0035650623885918,0.4491978609625668
15,Dhupguri (SC),134,0,270,0,193,2,465,0.0,0.0043010752688172,0.4150537634408602
15,Dhupguri (SC),134A,0,3,0,255,4,262,0.0,0.015267175572519,0.9732824427480916
15,Dhupguri (SC),135,0,189,0,460,1,650,0.0,0.0015384615384615,0.7076923076923077
15,Dhupguri (SC),136,0,271,0,514,2,787,0.0,0.0025412960609911,0.6531130876747141
15,Dhupguri (SC),137,0,205,0,466,3,674,0.0,0.0044510385756676,0.6913946587537092
15,Dhupguri (SC),137A,0,148,0,217,2,367,0.0,0.0054495912806539,0.5912806539509536
15,Dhupguri (SC),138,0,196,0,439,3,638,0.0,0.0047021943573667,0.6880877742946708
15,Dhupguri (SC),138A,0,122,0,327,0,449,0.0,0.0,0.7282850779510023
15,Dhupguri (SC),139,0,338,0,184,2,524,0.0,0.0038167938931297,0.3511450381679389
15,Dhupguri (SC),139A,0,200,0,340,0,540,0.0,0.0,0.6296296296296297
15,Dhupguri (SC),13A,0,27,0,231,104,362,0.0,0.287292817679558,0.638121546961326
15,Dhupguri (SC),14,0,38,0,265,199,502,0.0,0.396414342629482,0.5278884462151394
15,Dhupguri (SC),140,0,267,0,445,7,719,0.0,0.0097357440890125,0.6189151599443672
15,Dhupguri (SC),141,0,212,0,340,2,554,0.0,0.003610108303249,0.6137184115523465
15,Dhupguri (SC),141A,0,132,0,346,4,482,0.0,0.0082987551867219,0.7178423236514523
15,Dhupguri (SC),142,0,395,0,155,1,551,0.0,0.0018148820326678,0.2813067150635209
15,Dhupguri (SC),142A,0,363,0,225,2,590,0.0,0.0033898305084745,0.3813559322033898
15,Dhupguri (SC),143,0,256,0,277,3,536,0.0,0.0055970149253731,0.5167910447761194
15,Dhupguri (SC),144,0,651,0,347,6,1004,0.0,0.0059760956175298,0.3456175298804781
15,Dhupguri (SC),145,0,161,0,419,5,585,0.0,0.0085470085470085,0.7162393162393162
15,Dhupguri (SC),14A,0,11,0,170,138,319,0.0,0.4326018808777429,0.5329153605015674
15,Dhupguri (SC),183A,0,0,0,353,0,353,0.0,0.0,1.0
15,Dhupguri (SC),184,0,0,0,830,0,830,0.0,0.0,1.0
15,Dhupguri (SC),185,0,0,0,532,0,532,0.0,0.0,1.0
15,Dhupguri (SC),186,0,0,0,888,0,888,0.0,0.0,1.0
15,Dhupguri (SC),187,0,0,0,858,0,858,0.0,0.0,1.0
15,Dhupguri (SC),188,0,0,0,671,0,671,0.0,0.0,1.0
15,Dhupguri (SC),188A,0,0,0,613,0,613,0.0,0.0,1.0
15,Dhupguri (SC),189,0,0,0,610,0,610,0.0,0.0,1.0
15,Dhupguri (SC),189A,0,0,0,529,0,529,0.0,0.0,1.0
15,Dhupguri (SC),190,0,0,0,453,0,453,0.0,0.0,1.0
15,Dhupguri (SC),191,0,0,0,850,0,850,0.0,0.0,1.0
15,Dhupguri (SC),192,0,0,0,641,0,641,0.0,0.0,1.0
15,Dhupguri (SC),192A,0,0,0,293,0,293,0.0,0.0,1.0
15,Dhupguri (SC),193,0,0,0,510,0,510,0.0,0.0,1.0
15,Dhupguri (SC),193A,0,0,0,435,0,435,0.0,0.0,1.0
15,Dhupguri (SC),194,0,0,0,524,0,524,0.0,0.0,1.0
15,Dhupguri (SC),194A,0,0,0,436,0,436,0.0,0.0,1.0
15,Dhupguri (SC),195,0,0,0,638,0,638,0.0,0.0,1.0
15,Dhupguri (SC),196,0,0,0,388,0,388,0.0,0.0,1.0
15,Dhupguri (SC),197,0,0,0,838,0,838,0.0,0.0,1.0
15,Dhupguri (SC),198,0,0,0,760,0,760,0.0,0.0,1.0
15,Dhupguri (SC),199,0,0,0,873,0,873,0.0,0.0,1.0
15,Dhupguri (SC),1A,0,25,0,285,179,489,0.0,0.3660531697341513,0.5828220858895705
15,Dhupguri (SC),2,0,85,0,477,136,698,0.0,0.1948424068767908,0.6833810888252149
15,Dhupguri (SC),200,0,0,0,522,0,522,0.0,0.0,1.0
15,Dhupguri (SC),200A,0,0,0,451,0,451,0.0,0.0,1.0
15,Dhupguri (SC),201,0,0,0,573,0,573,0.0,0.0,1.0
15,Dhupguri (SC),202,0,0,0,585,0,585,0.0,0.0,1.0
15,Dhupguri (SC),237,0,0,0,460,3,463,0.0,0.0064794816414686,0.9935205183585312
15,Dhupguri (SC),238,0,164,0,468,2,634,0.0,0.0031545741324921,0.7381703470031545
15,Dhupguri (SC),239,0,0,0,528,11,539,0.0,0.0204081632653061,0.979591836734694
15,Dhupguri (SC),240,0,165,0,808,3,976,0.0,0.0030737704918032,0.8278688524590164
15,Dhupguri (SC),241,0,166,0,696,4,866,0.0,0.0046189376443418,0.8036951501154734
15,Dhupguri (SC),242,0,167,0,596,3,766,0.0,0.0039164490861618,0.7780678851174935
15,Dhupguri (SC),243,0,0,0,377,11,388,0.0,0.0283505154639175,0.9716494845360824
15,Dhupguri (SC),244,0,168,0,492,7,667,0.0,0.0104947526236881,0.7376311844077961
15,Dhupguri (SC),245,0,0,0,581,4,585,0.0,0.0068376068376068,0.9931623931623932
15,Dhupguri (SC),246,0,169,0,707,19,895,0.0,0.0212290502793296,0.7899441340782123
15,Dhupguri (SC),247,0,170,0,865,13,1048,0.0,0.0124045801526717,0.825381679389313
15,Dhupguri (SC),248,0,171,0,907,7,1085,0.0,0.0064516129032258,0.8359447004608295
15,Dhupguri (SC),249,0,172,0,564,7,743,0.0,0.0094212651413189,0.7590847913862718
15,Dhupguri (SC),250,0,0,0,547,9,556,0.0,0.0161870503597122,0.9838129496402878
15,Dhupguri (SC),251,0,173,0,859,10,1042,0.0,0.0095969289827255,0.8243761996161229
15,Dhupguri (SC),252,0,174,0,423,3,600,0.0,0.005,0.705
15,Dhupguri (SC),253,0,0,0,475,6,481,0.0,0.0124740124740124,0.9875259875259876
15,Dhupguri (SC),254,0,175,0,676,3,854,0.0,0.0035128805620608,0.7915690866510539
15,Dhupguri (SC),255,0,176,0,720,3,899,0.0,0.0033370411568409,0.8008898776418243
15,Dhupguri (SC),256,0,177,0,509,6,692,0.0,0.0086705202312138,0.7355491329479769
15,Dhupguri (SC),257,0,0,0,440,2,442,0.0,0.004524886877828,0.995475113122172
15,Dhupguri (SC),258,0,178,0,693,5,876,0.0,0.0057077625570776,0.791095890410959
15,Dhupguri (SC),259,0,179,0,641,7,827,0.0,0.0084643288996372,0.7750906892382105
15,Dhupguri (SC),260,0,180,0,759,10,949,0.0,0.0105374077976817,0.7997892518440464
15,Dhupguri (SC),261,0,181,0,470,5,656,0.0,0.0076219512195121,0.7164634146341463
15,Dhupguri (SC),262,0,0,0,370,0,370,0.0,0.0,1.0
15,Dhupguri (SC),263,0,182,0,800,6,988,0.0,0.0060728744939271,0.8097165991902834
15,Dhupguri (SC),3,0,35,0,386,216,637,0.0,0.3390894819466248,0.6059654631083202
15,Dhupguri (SC),318,0,4,0,1940,12,1956,0.0,0.0061349693251533,0.9918200408997956
15,Dhupguri (SC),319,0,4,0,1878,1,1883,0.0,0.0005310674455655,0.997344662772172
15,Dhupguri (SC),320,0,2,0,1524,1,1527,0.0,0.0006548788474132,0.9980353634577604
15,Dhupguri (SC),321,0,6,0,1882,4,1892,0.0,0.0021141649048625,0.9947145877378436
15,Dhupguri (SC),322,0,14,0,1682,3,1699,0.0,0.0017657445556209,0.9899941141848146
15,Dhupguri (SC),323,0,8,0,1875,2,1885,0.0,0.0010610079575596,0.9946949602122016
15,Dhupguri (SC),324,0,3,0,1534,1,1538,0.0,0.0006501950585175,0.9973992197659298
15,Dhupguri (SC),325,0,4,0,1639,5,1648,0.0,0.0030339805825242,0.9945388349514565
15,Dhupguri (SC),326,0,3,0,1608,3,1614,0.0,0.0018587360594795,0.9962825278810408
15,Dhupguri (SC),327,0,3,0,1410,5,1418,0.0,0.0035260930888575,0.994358251057828
15,Dhupguri (SC),328,0,6,0,1858,3,1867,0.0,0.0016068559185859,0.995179432244242
15,Dhupguri (SC),329,0,5,0,1705,1,1711,0.0,0.0005844535359438,0.9964932787843368
15,Dhupguri (SC),330,0,3,0,1870,0,1873,0.0,0.0,0.9983982915109452
15,Dhupguri (SC),331,0,2,0,1858,1,1861,0.0,0.0005373455131649,0.9983879634605052
15,Dhupguri (SC),332,0,6,0,1859,7,1872,0.0,0.0037393162393162,0.9930555555555556
15,Dhupguri (SC),333,0,14,0,1144,7,1165,0.0,0.0060085836909871,0.9819742489270388
15,Dhupguri (SC),334,0,3,0,1397,1,1401,0.0,0.0007137758743754,0.9971448965024984
15,Dhupguri (SC),335,0,11,0,1476,4,1491,0.0,0.0026827632461435,0.9899396378269618
15,Dhupguri (SC),336,0,9,0,1679,4,1692,0.0,0.0023640661938534,0.9923167848699764
15,Dhupguri (SC),337,0,7,0,1350,5,1362,0.0,0.0036710719530102,0.9911894273127754
15,Dhupguri (SC),338,0,1,0,1094,2,1097,0.0,0.0018231540565177,0.9972652689152234
15,Dhupguri (SC),339,0,4,0,1331,3,1338,0.0,0.0022421524663677,0.9947683109118086
15,Dhupguri (SC),340,0,4,0,1113,1,1118,0.0,0.0008944543828264,0.9955277280858676
15,Dhupguri (SC),341,0,5,0,1323,3,1331,0.0,0.0022539444027047,0.9939894815927872
15,Dhupguri (SC),342,0,0,0,1144,6,1150,0.0,0.0052173913043478,0.9947826086956522
15,Dhupguri (SC),343,0,5,0,1381,3,1389,0.0,0.0021598272138228,0.994240460763139
15,Dhupguri (SC),345,0,0,0,464,305,769,0.0,0.3966189856957087,0.6033810143042913
15,Dhupguri (SC),346,0,0,0,218,289,507,0.0,0.5700197238658777,0.4299802761341222
15,Dhupguri (SC),347,0,0,0,445,327,772,0.0,0.4235751295336787,0.5764248704663213
15,Dhupguri (SC),348,0,0,0,309,300,609,0.0,0.4926108374384236,0.5073891625615764
15,Dhupguri (SC),349,0,0,0,535,331,866,0.0,0.382217090069284,0.6177829099307159
15,Dhupguri (SC),350,0,0,0,532,234,766,0.0,0.3054830287206266,0.6945169712793734
15,Dhupguri (SC),351,0,0,0,477,257,734,0.0,0.3501362397820163,0.6498637602179836
15,Dhupguri (SC),352,0,0,0,451,379,830,0.0,0.4566265060240964,0.5433734939759036
15,Dhupguri (SC),353,0,0,0,611,203,814,0.0,0.2493857493857494,0.7506142506142506
15,Dhupguri (SC),354,0,0,0,651,488,1139,0.0,0.4284460052677787,0.5715539947322212
15,Dhupguri (SC),355,0,0,0,505,243,748,0.0,0.3248663101604278,0.6751336898395722
15,Dhupguri (SC),356,0,0,0,430,311,741,0.0,0.4197031039136302,0.5802968960863698
15,Dhupguri (SC),357,0,0,0,317,367,684,0.0,0.5365497076023392,0.4634502923976608
15,Dhupguri (SC),358,0,0,0,532,309,841,0.0,0.3674197384066587,0.6325802615933412
15,Dhupguri (SC),359,0,0,0,571,141,712,0.0,0.1980337078651685,0.8019662921348315
15,Dhupguri (SC),360,0,0,0,204,375,579,0.0,0.6476683937823834,0.3523316062176165
15,Dhupguri (SC),361,0,0,0,520,281,801,0.0,0.3508114856429463,0.6491885143570537
15,Dhupguri (SC),362,0,0,0,363,194,557,0.0,0.348294434470377,0.651705565529623
15,Dhupguri (SC),363,0,0,0,449,195,644,0.0,0.3027950310559006,0.6972049689440993
15,Dhupguri (SC),364,0,0,0,314,500,814,0.0,0.6142506142506142,0.3857493857493858
15,Dhupguri (SC),365,0,0,0,457,270,727,0.0,0.3713892709766162,0.6286107290233838
15,Dhupguri (SC),366,0,0,0,393,244,637,0.0,0.3830455259026687,0.6169544740973313
15,Dhupguri (SC),367,0,0,0,324,8,332,0.0,0.0240963855421686,0.9759036144578314
15,Dhupguri (SC),368,0,0,0,679,345,1024,0.0,0.3369140625,0.6630859375
15,Dhupguri (SC),369,0,0,0,549,148,697,0.0,0.212338593974175,0.787661406025825
15,Dhupguri (SC),4,0,45,0,460,164,669,0.0,0.2451420029895366,0.6875934230194319
15,Dhupguri (SC),48,31,33,0,514,8,586,0.0529010238907849,0.0136518771331058,0.8771331058020477
15,Dhupguri (SC),49,16,0,0,394,10,420,0.0380952380952381,0.0238095238095238,0.938095238095238
15,Dhupguri (SC),5,0,51,0,439,136,626,0.0,0.2172523961661341,0.7012779552715654
15,Dhupguri (SC),50,11,34,0,424,8,477,0.0230607966457023,0.0167714884696016,0.8888888888888888
15,Dhupguri (SC),51,6,0,0,435,3,444,0.0135135135135135,0.0067567567567567,0.9797297297297296
15,Dhupguri (SC),52,12,35,0,649,3,699,0.0171673819742489,0.0042918454935622,0.9284692417739628
15,Dhupguri (SC),53,9,36,0,460,3,508,0.0177165354330708,0.0059055118110236,0.905511811023622
15,Dhupguri (SC),54,16,0,0,477,8,501,0.0319361277445109,0.0159680638722554,0.9520958083832336
15,Dhupguri (SC),55,14,37,0,455,2,508,0.0275590551181102,0.0039370078740157,0.8956692913385826
15,Dhupguri (SC),56,8,0,0,440,3,451,0.0177383592017738,0.0066518847006651,0.975609756097561
15,Dhupguri (SC),57,27,38,0,774,2,841,0.0321046373365041,0.0023781212841854,0.920332936979786
15,Dhupguri (SC),58,80,39,0,405,5,529,0.1512287334593572,0.0094517958412098,0.7655954631379962
15,Dhupguri (SC),59,58,0,0,373,5,436,0.1330275229357798,0.0114678899082568,0.8555045871559633
15,Dhupguri (SC),6,0,67,0,287,153,507,0.0,0.301775147928994,0.5660749506903353
15,Dhupguri (SC),60,25,40,0,654,1,720,0.0347222222222222,0.0013888888888888,0.9083333333333332
15,Dhupguri (SC),61,29,41,0,583,13,666,0.0435435435435435,0.0195195195195195,0.8753753753753754
15,Dhupguri (SC),62,13,42,0,614,15,684,0.0190058479532163,0.0219298245614035,0.8976608187134503
15,Dhupguri (SC),63,0,43,0,704,5,752,0.0,0.0066489361702127,0.9361702127659576
15,Dhupguri (SC),64,8,44,0,535,10,597,0.0134003350083752,0.016750418760469,0.8961474036850922
15,Dhupguri (SC),65,5,0,0,559,3,567,0.0088183421516754,0.0052910052910052,0.9858906525573192
15,Dhupguri (SC),66,1,45,0,470,7,523,0.0019120458891013,0.0133843212237093,0.8986615678776291
15,Dhupguri (SC),67,5,46,0,298,5,354,0.0141242937853107,0.0141242937853107,0.8418079096045198
15,Dhupguri (SC),68,15,47,0,653,7,722,0.020775623268698,0.0096952908587257,0.9044321329639888
15,Dhupguri (SC),69,8,48,0,620,5,681,0.0117474302496328,0.0073421439060205,0.9104258443465492
15,Dhupguri (SC),7,0,19,0,386,373,778,0.0,0.4794344473007712,0.4961439588688946
15,Dhupguri (SC),70,15,49,0,477,4,545,0.0275229357798165,0.0073394495412844,0.8752293577981651
15,Dhupguri (SC),71,27,50,0,522,8,607,0.0444810543657331,0.0131795716639209,0.8599670510708401
15,Dhupguri (SC),72,26,0,0,515,2,543,0.0478821362799263,0.003683241252302,0.9484346224677715
15,Dhupguri (SC),73,45,51,0,801,5,902,0.0498891352549889,0.0055432372505543,0.8880266075388027
15,Dhupguri (SC),75,0,145,0,507,2,654,0.0,0.0030581039755351,0.7752293577981652
15,Dhupguri (SC),76,0,134,0,555,17,706,0.0,0.0240793201133144,0.7861189801699717
15,Dhupguri (SC),77,0,7,0,575,4,586,0.0,0.0068259385665529,0.9812286689419796
15,Dhupguri (SC),78,0,7,0,568,6,581,0.0,0.0103270223752151,0.9776247848537004
15,Dhupguri (SC),79,0,27,0,543,8,578,0.0,0.0138408304498269,0.9394463667820068
15,Dhupguri (SC),8,0,26,0,488,224,738,0.0,0.3035230352303523,0.6612466124661247
15,Dhupguri (SC),80,0,7,0,685,0,692,0.0,0.0,0.9898843930635838
15,Dhupguri (SC),81,0,10,0,742,5,757,0.0,0.0066050198150594,0.9801849405548216
15,Dhupguri (SC),82,0,5,0,742,6,753,0.0,0.0079681274900398,0.9853917662682604
15,Dhupguri (SC),83,0,18,0,454,4,476,0.0,0.0084033613445378,0.953781512605042
15,Dhupguri (SC),84,0,8,0,502,4,514,0.0,0.0077821011673151,0.9766536964980544
15,Dhupguri (SC),85,0,11,0,550,2,563,0.0,0.0035523978685612,0.9769094138543516
15,Dhupguri (SC),86,0,19,0,599,2,620,0.0,0.0032258064516129,0.9661290322580646
15,Dhupguri (SC),87,0,26,0,588,3,617,0.0,0.0048622366288492,0.9529983792544572
15,Dhupguri (SC),88,0,13,0,541,2,556,0.0,0.0035971223021582,0.9730215827338128
15,Dhupguri (SC),89,0,37,0,558,5,600,0.0,0.0083333333333333,0.93
15,Dhupguri (SC),9,0,41,0,320,459,820,0.0,0.5597560975609757,0.3902439024390244
15,Dhupguri (SC),90,0,24,0,429,3,456,0.0,0.006578947368421,0.9407894736842104
15,Dhupguri (SC),91,0,26,0,496,5,527,0.0,0.0094876660341555,0.9411764705882352
15,Dhupguri (SC),92,0,19,0,538,3,560,0.0,0.0053571428571428,0.9607142857142856
15,Dhupguri (SC),93,0,27,0,835,9,871,0.0,0.010332950631458,0.9586681974741676
15,Dhupguri (SC),94,0,64,0,822,9,895,0.0,0.0100558659217877,0.9184357541899442
15,Dhupguri (SC),95,0,8,0,735,10,753,0.0,0.0132802124833997,0.9760956175298804
15,Dhupguri (SC),96,0,9,0,600,6,615,0.0,0.0097560975609756,0.975609756097561
15,Dhupguri (SC),97,0,12,0,542,9,563,0.0,0.0159857904085257,0.9626998223801064
15,Dhupguri (SC),98,0,53,0,634,2,689,0.0,0.0029027576197387,0.9201741654571844
15,Dhupguri (SC),99,0,34,0,732,4,770,0.0,0.0051948051948051,0.9506493506493506
16,Maynaguri (SC),100,0,0,0,829,0,829,0.0,0.0,1.0
16,Maynaguri (SC),101,0,0,0,688,0,688,0.0,0.0,1.0
16,Maynaguri (SC),102,0,0,0,473,0,473,0.0,0.0,1.0
16,Maynaguri (SC),103,0,0,0,470,0,470,0.0,0.0,1.0
16,Maynaguri (SC),103A,0,0,0,482,0,482,0.0,0.0,1.0
16,Maynaguri (SC),104,0,0,0,664,0,664,0.0,0.0,1.0
16,Maynaguri (SC),104A,0,0,0,488,0,488,0.0,0.0,1.0
16,Maynaguri (SC),105,0,0,0,619,0,619,0.0,0.0,1.0
16,Maynaguri (SC),105A,0,0,0,568,0,568,0.0,0.0,1.0
16,Maynaguri (SC),106,0,0,0,851,0,851,0.0,0.0,1.0
16,Maynaguri (SC),107,0,0,0,826,0,826,0.0,0.0,1.0
16,Maynaguri (SC),108,0,0,0,566,0,566,0.0,0.0,1.0
16,Maynaguri (SC),109,0,0,0,810,0,810,0.0,0.0,1.0
16,Maynaguri (SC),110,0,0,0,526,0,526,0.0,0.0,1.0
16,Maynaguri (SC),110A,0,0,0,485,0,485,0.0,0.0,1.0
16,Maynaguri (SC),111,2,0,0,1454,0,1456,0.0013736263736263,0.0,0.9986263736263736
16,Maynaguri (SC),13,531,0,0,225,0,756,0.7023809523809523,0.0,0.2976190476190476
16,Maynaguri (SC),132,382,0,0,14,504,900,0.4244444444444444,0.56,0.0155555555555555
16,Maynaguri (SC),133,243,0,0,24,327,594,0.4090909090909091,0.5505050505050505,0.0404040404040404
16,Maynaguri (SC),133A,171,0,0,15,238,424,0.4033018867924528,0.5613207547169812,0.035377358490566
16,Maynaguri (SC),134,359,0,0,23,228,610,0.5885245901639344,0.3737704918032787,0.0377049180327868
16,Maynaguri (SC),134A,314,0,0,13,247,574,0.5470383275261324,0.4303135888501742,0.0226480836236933
16,Maynaguri (SC),135,468,0,0,33,285,786,0.5954198473282443,0.3625954198473282,0.0419847328244274
16,Maynaguri (SC),136,320,0,0,106,235,661,0.4841149773071104,0.3555219364599092,0.1603630862329803
16,Maynaguri (SC),137,378,0,0,73,242,693,0.5454545454545454,0.3492063492063492,0.1053391053391053
16,Maynaguri (SC),138,251,0,0,25,233,509,0.4931237721021611,0.4577603143418468,0.0491159135559921
16,Maynaguri (SC),138A,327,0,0,16,162,505,0.6475247524752475,0.3207920792079208,0.0316831683168316
16,Maynaguri (SC),139,388,0,0,37,360,785,0.4942675159235669,0.4585987261146497,0.0471337579617834
16,Maynaguri (SC),14,394,0,0,329,0,723,0.5449515905947441,0.0,0.4550484094052558
16,Maynaguri (SC),140,305,0,0,41,383,729,0.4183813443072702,0.5253772290809328,0.0562414266117969
16,Maynaguri (SC),141,249,0,0,480,191,920,0.2706521739130434,0.2076086956521739,0.5217391304347826
16,Maynaguri (SC),141A,282,0,0,27,179,488,0.5778688524590164,0.3668032786885246,0.055327868852459
16,Maynaguri (SC),142,256,0,0,31,197,484,0.5289256198347108,0.4070247933884297,0.0640495867768595
16,Maynaguri (SC),143A,215,0,0,27,217,459,0.4684095860566449,0.4727668845315904,0.0588235294117647
16,Maynaguri (SC),144,207,0,0,45,205,457,0.4529540481400437,0.4485776805251641,0.0984682713347921
16,Maynaguri (SC),145,239,0,0,18,285,542,0.4409594095940959,0.525830258302583,0.033210332103321
16,Maynaguri (SC),145A,269,0,0,6,140,415,0.6481927710843374,0.3373493975903614,0.0144578313253012
16,Maynaguri (SC),146,296,0,0,20,260,576,0.5138888888888888,0.4513888888888889,0.0347222222222222
16,Maynaguri (SC),147,537,0,0,31,320,888,0.6047297297297297,0.3603603603603603,0.0349099099099099
16,Maynaguri (SC),148,130,0,0,25,389,544,0.2389705882352941,0.7150735294117647,0.0459558823529411
16,Maynaguri (SC),148A,306,0,0,12,276,594,0.5151515151515151,0.4646464646464646,0.0202020202020202
16,Maynaguri (SC),149,441,0,0,43,376,860,0.5127906976744186,0.4372093023255814,0.05
16,Maynaguri (SC),15,271,0,0,293,0,564,0.4804964539007092,0.0,0.5195035460992907
16,Maynaguri (SC),150,362,0,0,62,176,600,0.6033333333333334,0.2933333333333333,0.1033333333333333
16,Maynaguri (SC),151,20,0,0,78,244,342,0.0584795321637426,0.7134502923976608,0.2280701754385964
16,Maynaguri (SC),152,215,0,0,35,156,406,0.5295566502463054,0.3842364532019704,0.0862068965517241
16,Maynaguri (SC),152A,278,0,0,40,231,549,0.5063752276867031,0.4207650273224044,0.0728597449908925
16,Maynaguri (SC),153,269,0,0,29,207,505,0.5326732673267327,0.4099009900990099,0.0574257425742574
16,Maynaguri (SC),154,445,0,0,982,264,1691,0.2631578947368421,0.15612063867534,0.5807214665878179
16,Maynaguri (SC),155,246,0,0,30,263,539,0.4564007421150278,0.4879406307977736,0.0556586270871985
16,Maynaguri (SC),156,224,0,0,58,235,517,0.4332688588007737,0.4545454545454545,0.1121856866537717
16,Maynaguri (SC),156A,286,0,0,44,191,521,0.5489443378119002,0.3666026871401152,0.0844529750479846
16,Maynaguri (SC),157,251,0,0,410,279,940,0.2670212765957447,0.2968085106382979,0.4361702127659574
16,Maynaguri (SC),157A,283,0,0,23,205,511,0.5538160469667319,0.4011741682974559,0.0450097847358121
16,Maynaguri (SC),158,290,0,0,27,206,523,0.5544933078393881,0.3938814531548757,0.0516252390057361
16,Maynaguri (SC),158A,291,0,0,35,183,509,0.5717092337917485,0.3595284872298624,0.068762278978389
16,Maynaguri (SC),159,533,0,0,51,289,873,0.6105383734249714,0.3310423825887743,0.0584192439862542
16,Maynaguri (SC),15A,237,0,0,164,0,401,0.5910224438902744,0.0,0.4089775561097257
16,Maynaguri (SC),16,290,0,0,207,0,497,0.5835010060362174,0.0,0.4164989939637827
16,Maynaguri (SC),160,206,0,0,25,170,401,0.513715710723192,0.4239401496259352,0.0623441396508728
16,Maynaguri (SC),160A,472,0,0,54,214,740,0.6378378378378379,0.2891891891891892,0.0729729729729729
16,Maynaguri (SC),161A,268,0,0,21,207,496,0.5403225806451613,0.4173387096774194,0.0423387096774193
16,Maynaguri (SC),162,234,0,0,31,367,632,0.370253164556962,0.5806962025316456,0.0490506329113924
16,Maynaguri (SC),162A,249,0,0,31,281,561,0.4438502673796791,0.5008912655971479,0.0552584670231729
16,Maynaguri (SC),163,337,0,0,57,160,554,0.6083032490974729,0.2888086642599278,0.1028880866425992
16,Maynaguri (SC),163A,263,0,0,85,231,579,0.4542314335060449,0.3989637305699481,0.1468048359240069
16,Maynaguri (SC),164,279,0,0,40,185,504,0.5535714285714286,0.367063492063492,0.0793650793650793
16,Maynaguri (SC),164A,254,0,0,32,207,493,0.5152129817444219,0.4198782961460446,0.0649087221095334
16,Maynaguri (SC),165,261,0,0,43,222,526,0.4961977186311787,0.4220532319391635,0.0817490494296578
16,Maynaguri (SC),165A,269,0,0,29,171,469,0.5735607675906184,0.3646055437100213,0.0618336886993603
16,Maynaguri (SC),166,563,0,0,62,287,912,0.6173245614035088,0.3146929824561403,0.0679824561403508
16,Maynaguri (SC),167,0,0,0,667,0,667,0.0,0.0,1.0
16,Maynaguri (SC),168,0,0,0,655,2,657,0.0,0.0030441400304414,0.9969558599695586
16,Maynaguri (SC),169,0,0,0,569,3,572,0.0,0.0052447552447552,0.9947552447552448
16,Maynaguri (SC),169A,0,0,0,537,2,539,0.0,0.0037105751391465,0.9962894248608536
16,Maynaguri (SC),16A,362,0,0,266,0,628,0.5764331210191083,0.0,0.4235668789808917
16,Maynaguri (SC),17,477,0,0,271,0,748,0.6377005347593583,0.0,0.3622994652406417
16,Maynaguri (SC),170,0,0,0,338,24,362,0.0,0.0662983425414364,0.9337016574585636
16,Maynaguri (SC),170A,0,0,0,560,3,563,0.0,0.0053285968028419,0.994671403197158
16,Maynaguri (SC),171,0,0,0,624,14,638,0.0,0.0219435736677116,0.9780564263322884
16,Maynaguri (SC),172,0,0,0,500,1,501,0.0,0.0019960079840319,0.998003992015968
16,Maynaguri (SC),172A,0,0,0,554,7,561,0.0,0.0124777183600713,0.9875222816399288
16,Maynaguri (SC),173,0,0,0,709,5,714,0.0,0.0070028011204481,0.9929971988795518
16,Maynaguri (SC),173A,0,0,0,542,4,546,0.0,0.0073260073260073,0.9926739926739928
16,Maynaguri (SC),174,0,0,0,671,2,673,0.0,0.0029717682020802,0.9970282317979198
16,Maynaguri (SC),174A,0,0,0,420,1,421,0.0,0.002375296912114,0.997624703087886
16,Maynaguri (SC),175,1,0,0,1436,2,1439,0.0006949270326615,0.0013898540653231,0.9979152189020152
16,Maynaguri (SC),175A,0,0,0,478,4,482,0.0,0.0082987551867219,0.991701244813278
16,Maynaguri (SC),176,0,0,0,641,2,643,0.0,0.0031104199066874,0.9968895800933126
16,Maynaguri (SC),177,0,0,0,611,6,617,0.0,0.0097244732576985,0.9902755267423016
16,Maynaguri (SC),178,1,0,0,1239,4,1244,0.0008038585209003,0.0032154340836012,0.9959807073954984
16,Maynaguri (SC),178A,0,0,0,514,6,520,0.0,0.0115384615384615,0.9884615384615384
16,Maynaguri (SC),179,0,0,0,528,4,532,0.0,0.0075187969924812,0.9924812030075189
16,Maynaguri (SC),179A,0,0,0,434,3,437,0.0,0.0068649885583524,0.9931350114416476
16,Maynaguri (SC),18,223,0,0,225,0,448,0.4977678571428571,0.0,0.5022321428571429
16,Maynaguri (SC),180,0,0,0,471,6,477,0.0,0.0125786163522012,0.9874213836477987
16,Maynaguri (SC),180A,0,0,0,509,2,511,0.0,0.0039138943248532,0.9960861056751468
16,Maynaguri (SC),181,0,0,0,891,6,897,0.0,0.0066889632107023,0.9933110367892976
16,Maynaguri (SC),182,0,0,0,889,10,899,0.0,0.0111234705228031,0.9888765294771968
16,Maynaguri (SC),183,0,0,0,534,5,539,0.0,0.0092764378478664,0.9907235621521336
16,Maynaguri (SC),18A,207,0,0,243,0,450,0.46,0.0,0.54
16,Maynaguri (SC),19,231,0,0,182,0,413,0.559322033898305,0.0,0.4406779661016949
16,Maynaguri (SC),2,33,0,0,1242,0,1275,0.0258823529411764,0.0,0.9741176470588236
16,Maynaguri (SC),20,361,0,0,450,0,811,0.4451294697903822,0.0,0.5548705302096177
16,Maynaguri (SC),204,303,0,0,284,0,587,0.5161839863713799,0.0,0.4838160136286201
16,Maynaguri (SC),205,249,0,0,371,0,620,0.4016129032258064,0.0,0.5983870967741935
16,Maynaguri (SC),205A,341,0,0,221,0,562,0.6067615658362989,0.0,0.3932384341637011
16,Maynaguri (SC),206,132,0,0,10,0,142,0.9295774647887324,0.0,0.0704225352112676
16,Maynaguri (SC),206A,137,0,0,340,0,477,0.2872117400419287,0.0,0.7127882599580713
16,Maynaguri (SC),207,109,0,0,526,0,635,0.1716535433070866,0.0,0.8283464566929134
16,Maynaguri (SC),208,384,0,0,324,0,708,0.5423728813559322,0.0,0.4576271186440678
16,Maynaguri (SC),208A,293,0,0,184,0,477,0.6142557651991615,0.0,0.3857442348008386
16,Maynaguri (SC),209,316,0,0,420,0,736,0.4293478260869565,0.0,0.5706521739130435
16,Maynaguri (SC),21,268,0,0,208,0,476,0.5630252100840336,0.0,0.4369747899159664
16,Maynaguri (SC),210,336,0,0,279,0,615,0.5463414634146342,0.0,0.4536585365853658
16,Maynaguri (SC),210A,350,0,0,275,0,625,0.56,0.0,0.44
16,Maynaguri (SC),211,344,0,0,276,0,620,0.5548387096774193,0.0,0.4451612903225806
16,Maynaguri (SC),211A,286,0,0,286,0,572,0.5,0.0,0.5
16,Maynaguri (SC),212,310,0,0,440,0,750,0.4133333333333333,0.0,0.5866666666666667
16,Maynaguri (SC),213,338,0,0,314,0,652,0.5184049079754601,0.0,0.4815950920245399
16,Maynaguri (SC),214,446,0,0,344,0,790,0.5645569620253165,0.0,0.4354430379746835
16,Maynaguri (SC),215,323,0,0,252,0,575,0.5617391304347826,0.0,0.4382608695652173
16,Maynaguri (SC),216,162,0,0,427,0,589,0.2750424448217317,0.0,0.7249575551782682
16,Maynaguri (SC),217,231,0,0,219,0,450,0.5133333333333333,0.0,0.4866666666666667
16,Maynaguri (SC),217A,326,0,0,170,0,496,0.657258064516129,0.0,0.3427419354838709
16,Maynaguri (SC),218,192,0,0,657,0,849,0.2261484098939929,0.0,0.773851590106007
16,Maynaguri (SC),218A,180,0,0,373,0,553,0.325497287522604,0.0,0.674502712477396
16,Maynaguri (SC),219,443,0,0,234,0,677,0.654357459379616,0.0,0.345642540620384
16,Maynaguri (SC),21A,252,0,0,201,0,453,0.5562913907284768,0.0,0.4437086092715231
16,Maynaguri (SC),22,334,0,0,218,0,552,0.605072463768116,0.0,0.394927536231884
16,Maynaguri (SC),220,209,0,0,1738,0,1947,0.1073446327683615,0.0,0.8926553672316384
16,Maynaguri (SC),221,319,0,0,520,0,839,0.3802145411203814,0.0,0.6197854588796186
16,Maynaguri (SC),222,438,0,0,310,0,748,0.5855614973262032,0.0,0.4144385026737968
16,Maynaguri (SC),227,2,0,0,258,0,260,0.0076923076923076,0.0,0.9923076923076924
16,Maynaguri (SC),229,0,0,0,470,0,470,0.0,0.0,1.0
16,Maynaguri (SC),22A,172,0,0,134,0,306,0.5620915032679739,0.0,0.4379084967320261
16,Maynaguri (SC),23,378,0,0,6,0,384,0.984375,0.0,0.015625
16,Maynaguri (SC),230,0,0,0,487,0,487,0.0,0.0,1.0
16,Maynaguri (SC),232,3,0,0,581,0,584,0.0051369863013698,0.0,0.9948630136986302
16,Maynaguri (SC),233,11,0,0,815,0,826,0.0133171912832929,0.0,0.986682808716707
16,Maynaguri (SC),234,0,0,0,506,0,506,0.0,0.0,1.0
16,Maynaguri (SC),235,0,0,0,430,0,430,0.0,0.0,1.0
16,Maynaguri (SC),236,0,0,0,275,0,275,0.0,0.0,1.0
16,Maynaguri (SC),237,5,0,0,1288,0,1293,0.0038669760247486,0.0,0.9961330239752514
16,Maynaguri (SC),238,0,0,0,310,0,310,0.0,0.0,1.0
16,Maynaguri (SC),239,0,0,0,490,0,490,0.0,0.0,1.0
16,Maynaguri (SC),23A,250,0,0,153,0,403,0.6203473945409429,0.0,0.379652605459057
16,Maynaguri (SC),24,480,0,0,400,0,880,0.5454545454545454,0.0,0.4545454545454545
16,Maynaguri (SC),240,0,0,0,190,0,190,0.0,0.0,1.0
16,Maynaguri (SC),241,0,0,0,403,0,403,0.0,0.0,1.0
16,Maynaguri (SC),242A,0,0,0,640,1,641,0.0,0.0015600624024961,0.998439937597504
16,Maynaguri (SC),243,0,0,0,1287,0,1287,0.0,0.0,1.0
16,Maynaguri (SC),244,0,0,0,1065,2,1067,0.0,0.0018744142455482,0.9981255857544518
16,Maynaguri (SC),244A,0,0,0,447,2,449,0.0,0.0044543429844097,0.9955456570155902
16,Maynaguri (SC),245,0,0,0,1247,1,1248,0.0,0.000801282051282,0.999198717948718
16,Maynaguri (SC),246,3,0,0,1036,1,1040,0.0028846153846153,0.0009615384615384,0.9961538461538462
16,Maynaguri (SC),246A,0,0,0,621,1,622,0.0,0.0016077170418006,0.9983922829581994
16,Maynaguri (SC),247,0,0,0,1292,3,1295,0.0,0.0023166023166023,0.9976833976833976
16,Maynaguri (SC),248,0,0,0,1037,2,1039,0.0,0.0019249278152069,0.9980750721847932
16,Maynaguri (SC),249,0,0,0,943,1,944,0.0,0.0010593220338983,0.9989406779661016
16,Maynaguri (SC),249A,0,0,0,637,2,639,0.0,0.0031298904538341,0.9968701095461658
16,Maynaguri (SC),25,210,0,0,296,0,506,0.4150197628458498,0.0,0.5849802371541502
16,Maynaguri (SC),250,0,0,0,689,1,690,0.0,0.0014492753623188,0.9985507246376812
16,Maynaguri (SC),250A,0,0,0,427,0,427,0.0,0.0,1.0
16,Maynaguri (SC),251,0,0,0,1545,2,1547,0.0,0.0012928248222365,0.9987071751777634
16,Maynaguri (SC),252,0,0,0,1422,4,1426,0.0,0.002805049088359,0.9971949509116408
16,Maynaguri (SC),253,0,0,0,1142,3,1145,0.0,0.0026200873362445,0.9973799126637556
16,Maynaguri (SC),254,0,0,0,1220,11,1231,0.0,0.0089358245329,0.9910641754671
16,Maynaguri (SC),255,184,0,0,1419,10,1613,0.1140731556106633,0.0061996280223186,0.879727216367018
16,Maynaguri (SC),256,185,0,0,968,6,1159,0.1596203623813632,0.0051768766177739,0.8352027610008628
16,Maynaguri (SC),257,0,0,0,1028,5,1033,0.0,0.004840271055179,0.995159728944821
16,Maynaguri (SC),257A,0,0,0,529,0,529,0.0,0.0,1.0
16,Maynaguri (SC),258,186,0,0,1563,12,1761,0.1056218057921635,0.0068143100511073,0.8875638841567292
16,Maynaguri (SC),259,187,0,0,1276,4,1467,0.1274710293115201,0.0027266530334014,0.8698023176550784
16,Maynaguri (SC),25A,205,0,0,287,0,492,0.4166666666666667,0.0,0.5833333333333334
16,Maynaguri (SC),26,470,0,0,369,0,839,0.5601907032181168,0.0,0.4398092967818832
16,Maynaguri (SC),260,188,0,0,1429,8,1625,0.1156923076923076,0.0049230769230769,0.8793846153846154
16,Maynaguri (SC),261,189,0,0,1209,5,1403,0.1347113328581611,0.0035637918745545,0.8617248752672844
16,Maynaguri (SC),262,190,0,0,1562,16,1768,0.1074660633484163,0.0090497737556561,0.8834841628959276
16,Maynaguri (SC),263,196,0,0,1117,16,1329,0.1474793077501881,0.0120391271632806,0.8404815650865313
16,Maynaguri (SC),264,192,0,0,914,12,1118,0.1717352415026833,0.0107334525939177,0.817531305903399
16,Maynaguri (SC),265,193,0,0,506,9,708,0.2725988700564972,0.0127118644067796,0.7146892655367232
16,Maynaguri (SC),266,0,0,0,412,3,415,0.0,0.0072289156626506,0.9927710843373494
16,Maynaguri (SC),267,194,0,0,920,4,1118,0.1735241502683363,0.0035778175313059,0.8228980322003577
16,Maynaguri (SC),268,195,0,0,548,6,749,0.260347129506008,0.0080106809078771,0.7316421895861148
16,Maynaguri (SC),269,196,0,0,656,26,878,0.2232346241457858,0.0296127562642369,0.7471526195899773
16,Maynaguri (SC),27,375,0,0,335,0,710,0.528169014084507,0.0,0.4718309859154929
16,Maynaguri (SC),270,0,0,0,564,10,574,0.0,0.0174216027874564,0.9825783972125436
16,Maynaguri (SC),271,197,0,0,650,8,855,0.2304093567251462,0.0093567251461988,0.7602339181286549
16,Maynaguri (SC),272,0,0,0,491,13,504,0.0,0.0257936507936507,0.9742063492063492
16,Maynaguri (SC),273,202,0,0,1604,3,1809,0.1116639027086788,0.0016583747927031,0.886677722498618
16,Maynaguri (SC),274,199,0,0,817,4,1020,0.1950980392156862,0.0039215686274509,0.8009803921568628
16,Maynaguri (SC),275,200,0,0,849,9,1058,0.1890359168241966,0.0085066162570888,0.8024574669187146
16,Maynaguri (SC),276,201,0,0,725,7,933,0.2154340836012861,0.007502679528403,0.7770632368703109
16,Maynaguri (SC),277,202,0,0,573,6,781,0.2586427656850192,0.0076824583866837,0.7336747759282971
16,Maynaguri (SC),278,0,0,0,598,3,601,0.0,0.0049916805324459,0.995008319467554
16,Maynaguri (SC),279,203,0,0,670,30,903,0.2248062015503876,0.0332225913621262,0.7419712070874862
16,Maynaguri (SC),28,226,0,0,306,0,532,0.424812030075188,0.0,0.575187969924812
16,Maynaguri (SC),289,9,0,0,861,0,870,0.0103448275862068,0.0,0.9896551724137932
16,Maynaguri (SC),28A,208,0,0,20,0,228,0.912280701754386,0.0,0.087719298245614
16,Maynaguri (SC),29,200,0,0,146,0,346,0.5780346820809249,0.0,0.4219653179190751
16,Maynaguri (SC),292,6,0,0,259,0,265,0.0226415094339622,0.0,0.9773584905660376
16,Maynaguri (SC),30,240,0,0,329,0,569,0.421792618629174,0.0,0.5782073813708261
16,Maynaguri (SC),303,6,0,0,1244,0,1250,0.0048,0.0,0.9952
16,Maynaguri (SC),306,6,0,0,853,0,859,0.0069848661233993,0.0,0.9930151338766008
16,Maynaguri (SC),309,8,0,0,616,0,624,0.0128205128205128,0.0,0.9871794871794872
16,Maynaguri (SC),313,5,0,0,820,0,825,0.006060606060606,0.0,0.993939393939394
16,Maynaguri (SC),327,1,0,0,1007,0,1008,0.0009920634920634,0.0,0.9990079365079364
16,Maynaguri (SC),332,4,0,0,372,0,376,0.0106382978723404,0.0,0.9893617021276596
16,Maynaguri (SC),333,4,0,0,496,0,500,0.008,0.0,0.992
16,Maynaguri (SC),334,1,0,0,285,0,286,0.0034965034965034,0.0,0.9965034965034965
16,Maynaguri (SC),335,7,0,0,1977,0,1984,0.0035282258064516,0.0,0.9964717741935484
16,Maynaguri (SC),341,4,0,0,276,0,280,0.0142857142857142,0.0,0.9857142857142858
16,Maynaguri (SC),345,21,0,0,1782,0,1803,0.0116472545757071,0.0,0.9883527454242927
16,Maynaguri (SC),362,4,0,0,487,0,491,0.0081466395112016,0.0,0.9918533604887984
16,Maynaguri (SC),368,4,0,0,205,0,209,0.0191387559808612,0.0,0.9808612440191388
16,Maynaguri (SC),378,4,0,0,184,0,188,0.0212765957446808,0.0,0.9787234042553192
16,Maynaguri (SC),387,3,0,0,155,0,158,0.0189873417721519,0.0,0.981012658227848
16,Maynaguri (SC),389,6,0,0,921,0,927,0.0064724919093851,0.0,0.9935275080906149
16,Maynaguri (SC),39,0,0,0,459,0,459,0.0,0.0,1.0
16,Maynaguri (SC),390,3,0,0,1287,0,1290,0.0023255813953488,0.0,0.9976744186046512
16,Maynaguri (SC),399,10,0,0,742,0,752,0.0132978723404255,0.0,0.9867021276595744
16,Maynaguri (SC),411,2,0,0,1228,0,1230,0.0016260162601626,0.0,0.9983739837398374
16,Maynaguri (SC),417,7,0,0,377,0,384,0.0182291666666666,0.0,0.9817708333333334
16,Maynaguri (SC),428,13,0,0,412,0,425,0.0305882352941176,0.0,0.9694117647058824
16,Maynaguri (SC),43,255,0,0,52,250,557,0.4578096947935368,0.4488330341113106,0.0933572710951526
16,Maynaguri (SC),431,5,0,0,504,0,509,0.0098231827111984,0.0,0.9901768172888016
16,Maynaguri (SC),61,259,0,0,20,254,533,0.4859287054409005,0.4765478424015009,0.0375234521575985
16,Maynaguri (SC),93,0,0,0,623,0,623,0.0,0.0,1.0
16,Maynaguri (SC),93A,0,0,0,393,0,393,0.0,0.0,1.0
16,Maynaguri (SC),94,0,0,0,862,0,862,0.0,0.0,1.0
16,Maynaguri (SC),95,0,0,0,842,0,842,0.0,0.0,1.0
16,Maynaguri (SC),96,0,0,0,682,0,682,0.0,0.0,1.0
16,Maynaguri (SC),97,0,0,0,716,0,716,0.0,0.0,1.0
16,Maynaguri (SC),98,0,0,0,449,0,449,0.0,0.0,1.0
16,Maynaguri (SC),98A,0,0,0,464,0,464,0.0,0.0,1.0
17,Jalpaiguri (SC),0,0,0,29,450,275,754,0.0,0.3647214854111406,0.596816976127321
17,Jalpaiguri (SC),100,0,0,0,394,270,664,0.0,0.4066265060240964,0.5933734939759037
17,Jalpaiguri (SC),101,0,0,0,451,242,693,0.0,0.3492063492063492,0.6507936507936508
17,Jalpaiguri (SC),102,0,0,0,289,240,529,0.0,0.4536862003780718,0.5463137996219282
17,Jalpaiguri (SC),103,0,0,0,198,150,348,0.0,0.4310344827586206,0.5689655172413793
17,Jalpaiguri (SC),104,0,0,0,265,211,476,0.0,0.4432773109243697,0.5567226890756303
17,Jalpaiguri (SC),105,0,0,0,125,183,308,0.0,0.5941558441558441,0.4058441558441558
17,Jalpaiguri (SC),105(A),0,0,0,343,235,578,0.0,0.4065743944636678,0.5934256055363322
17,Jalpaiguri (SC),106,0,0,0,335,317,652,0.0,0.4861963190184049,0.5138036809815951
17,Jalpaiguri (SC),107,0,0,0,310,265,575,0.0,0.4608695652173913,0.5391304347826087
17,Jalpaiguri (SC),108,0,0,0,203,197,400,0.0,0.4925,0.5075
17,Jalpaiguri (SC),109,0,0,0,175,166,341,0.0,0.4868035190615836,0.5131964809384164
17,Jalpaiguri (SC),110,0,0,0,403,186,589,0.0,0.3157894736842105,0.6842105263157895
17,Jalpaiguri (SC),111,0,0,0,527,261,788,0.0,0.3312182741116751,0.6687817258883249
17,Jalpaiguri (SC),112,0,0,0,374,424,798,0.0,0.531328320802005,0.4686716791979949
17,Jalpaiguri (SC),113,0,0,0,514,176,690,0.0,0.2550724637681159,0.744927536231884
17,Jalpaiguri (SC),114,0,0,0,224,96,320,0.0,0.3,0.7
17,Jalpaiguri (SC),114(A),0,0,0,321,95,416,0.0,0.2283653846153846,0.7716346153846154
17,Jalpaiguri (SC),115,0,0,0,359,161,520,0.0,0.3096153846153846,0.6903846153846154
17,Jalpaiguri (SC),1151(A),6,0,0,321,0,327,0.018348623853211,0.0,0.981651376146789
17,Jalpaiguri (SC),116,0,0,0,510,221,731,0.0,0.3023255813953488,0.6976744186046512
17,Jalpaiguri (SC),117,0,0,0,484,197,681,0.0,0.28928046989721,0.71071953010279
17,Jalpaiguri (SC),118,0,0,0,238,293,531,0.0,0.551789077212806,0.448210922787194
17,Jalpaiguri (SC),119,0,0,0,235,231,466,0.0,0.4957081545064378,0.5042918454935622
17,Jalpaiguri (SC),120,0,0,0,226,219,445,0.0,0.4921348314606741,0.5078651685393258
17,Jalpaiguri (SC),128,4,0,0,682,0,686,0.0058309037900874,0.0,0.9941690962099126
17,Jalpaiguri (SC),147,1,0,0,999,0,1000,0.001,0.0,0.999
17,Jalpaiguri (SC),148,2,0,0,482,0,484,0.0041322314049586,0.0,0.9958677685950412
17,Jalpaiguri (SC),149,1,0,0,415,0,416,0.0024038461538461,0.0,0.997596153846154
17,Jalpaiguri (SC),150,0,0,0,451,0,451,0.0,0.0,1.0
17,Jalpaiguri (SC),151,5,0,0,328,0,333,0.015015015015015,0.0,0.984984984984985
17,Jalpaiguri (SC),152,6,0,0,478,0,484,0.012396694214876,0.0,0.987603305785124
17,Jalpaiguri (SC),153,1,0,0,416,0,417,0.0023980815347721,0.0,0.9976019184652278
17,Jalpaiguri (SC),154,1,0,0,465,0,466,0.0021459227467811,0.0,0.9978540772532188
17,Jalpaiguri (SC),155,1,0,0,430,0,431,0.0023201856148491,0.0,0.9976798143851509
17,Jalpaiguri (SC),156,687,0,0,340,0,1027,0.6689386562804285,0.0,0.3310613437195716
17,Jalpaiguri (SC),156(A),3,0,0,271,0,274,0.010948905109489,0.0,0.9890510948905108
17,Jalpaiguri (SC),157,3,0,0,254,0,257,0.0116731517509727,0.0,0.9883268482490272
17,Jalpaiguri (SC),158,10,0,0,552,0,562,0.0177935943060498,0.0,0.98220640569395
17,Jalpaiguri (SC),159,4,0,0,453,0,457,0.0087527352297593,0.0,0.9912472647702408
17,Jalpaiguri (SC),160(A),5,0,0,214,0,219,0.0228310502283105,0.0,0.9771689497716894
17,Jalpaiguri (SC),161,2,0,0,404,0,406,0.0049261083743842,0.0,0.9950738916256158
17,Jalpaiguri (SC),162,1,0,0,353,0,354,0.0028248587570621,0.0,0.9971751412429378
17,Jalpaiguri (SC),163(A),0,0,0,298,0,298,0.0,0.0,1.0
17,Jalpaiguri (SC),164,0,0,0,283,0,283,0.0,0.0,1.0
17,Jalpaiguri (SC),164(A),0,0,0,342,0,342,0.0,0.0,1.0
17,Jalpaiguri (SC),165,0,0,0,291,0,291,0.0,0.0,1.0
17,Jalpaiguri (SC),166,0,0,0,450,0,450,0.0,0.0,1.0
17,Jalpaiguri (SC),167,0,0,0,197,0,197,0.0,0.0,1.0
17,Jalpaiguri (SC),167(A),0,0,0,112,0,112,0.0,0.0,1.0
17,Jalpaiguri (SC),168,0,0,0,307,0,307,0.0,0.0,1.0
17,Jalpaiguri (SC),169,0,0,0,241,0,241,0.0,0.0,1.0
17,Jalpaiguri (SC),169(A),0,0,0,225,0,225,0.0,0.0,1.0
17,Jalpaiguri (SC),170,0,0,0,360,0,360,0.0,0.0,1.0
17,Jalpaiguri (SC),170(A),0,0,0,266,0,266,0.0,0.0,1.0
17,Jalpaiguri (SC),171,0,0,0,374,0,374,0.0,0.0,1.0
17,Jalpaiguri (SC),172,0,0,0,199,0,199,0.0,0.0,1.0
17,Jalpaiguri (SC),172(A),0,0,0,224,0,224,0.0,0.0,1.0
17,Jalpaiguri (SC),173,0,0,0,334,0,334,0.0,0.0,1.0
17,Jalpaiguri (SC),173(A),0,0,0,252,0,252,0.0,0.0,1.0
17,Jalpaiguri (SC),174,0,0,0,316,0,316,0.0,0.0,1.0
17,Jalpaiguri (SC),174(A),0,0,0,240,0,240,0.0,0.0,1.0
17,Jalpaiguri (SC),175,0,0,0,286,0,286,0.0,0.0,1.0
17,Jalpaiguri (SC),175(A),0,0,0,278,0,278,0.0,0.0,1.0
17,Jalpaiguri (SC),176,0,0,0,827,0,827,0.0,0.0,1.0
17,Jalpaiguri (SC),177,0,0,0,417,0,417,0.0,0.0,1.0
17,Jalpaiguri (SC),178,0,0,0,752,0,752,0.0,0.0,1.0
17,Jalpaiguri (SC),183,446,0,0,247,0,693,0.6435786435786436,0.0,0.3564213564213564
17,Jalpaiguri (SC),194,4,0,6,1429,61,1500,0.0026666666666666,0.0406666666666666,0.9526666666666668
17,Jalpaiguri (SC),197,0,0,0,766,0,766,0.0,0.0,1.0
17,Jalpaiguri (SC),198,0,0,0,491,0,491,0.0,0.0,1.0
17,Jalpaiguri (SC),198(A),0,0,0,880,0,880,0.0,0.0,1.0
17,Jalpaiguri (SC),199,0,0,0,612,0,612,0.0,0.0,1.0
17,Jalpaiguri (SC),200,0,0,0,879,0,879,0.0,0.0,1.0
17,Jalpaiguri (SC),201,0,0,0,489,0,489,0.0,0.0,1.0
17,Jalpaiguri (SC),202,0,0,0,410,0,410,0.0,0.0,1.0
17,Jalpaiguri (SC),203,0,0,0,655,0,655,0.0,0.0,1.0
17,Jalpaiguri (SC),203(A),0,0,0,432,0,432,0.0,0.0,1.0
17,Jalpaiguri (SC),204,0,0,0,947,0,947,0.0,0.0,1.0
17,Jalpaiguri (SC),205,0,0,0,560,0,560,0.0,0.0,1.0
17,Jalpaiguri (SC),205(A),0,0,0,634,0,634,0.0,0.0,1.0
17,Jalpaiguri (SC),206,0,0,0,911,0,911,0.0,0.0,1.0
17,Jalpaiguri (SC),207,0,0,0,771,0,771,0.0,0.0,1.0
17,Jalpaiguri (SC),208,0,0,0,629,0,629,0.0,0.0,1.0
17,Jalpaiguri (SC),208(A),0,0,0,535,0,535,0.0,0.0,1.0
17,Jalpaiguri (SC),209,0,0,0,765,0,765,0.0,0.0,1.0
17,Jalpaiguri (SC),211,0,0,0,667,0,667,0.0,0.0,1.0
17,Jalpaiguri (SC),212,0,0,0,562,0,562,0.0,0.0,1.0
17,Jalpaiguri (SC),213,0,0,0,629,0,629,0.0,0.0,1.0
17,Jalpaiguri (SC),214,0,0,0,728,0,728,0.0,0.0,1.0
17,Jalpaiguri (SC),215,0,0,0,557,0,557,0.0,0.0,1.0
17,Jalpaiguri (SC),215(A),0,0,0,484,0,484,0.0,0.0,1.0
17,Jalpaiguri (SC),216,0,0,0,544,0,544,0.0,0.0,1.0
17,Jalpaiguri (SC),216(A),0,0,0,436,0,436,0.0,0.0,1.0
17,Jalpaiguri (SC),230,3,0,0,867,0,870,0.0034482758620689,0.0,0.996551724137931
17,Jalpaiguri (SC),235,0,0,438,217,180,835,0.0,0.2155688622754491,0.259880239520958
17,Jalpaiguri (SC),237,0,0,185,309,339,833,0.0,0.4069627851140456,0.3709483793517407
17,Jalpaiguri (SC),239,0,0,72,432,373,877,0.0,0.4253135689851767,0.4925883694412771
17,Jalpaiguri (SC),240,0,0,110,375,536,1021,0.0,0.524975514201763,0.3672869735553379
17,Jalpaiguri (SC),241,0,0,52,522,300,874,0.0,0.3432494279176201,0.597254004576659
17,Jalpaiguri (SC),243,0,0,3,590,26,619,0.0,0.0420032310177706,0.9531502423263328
17,Jalpaiguri (SC),245,0,0,56,257,390,703,0.0,0.5547652916073968,0.3655761024182077
17,Jalpaiguri (SC),247,0,0,42,521,201,764,0.0,0.2630890052356021,0.6819371727748691
17,Jalpaiguri (SC),281,0,0,0,596,0,596,0.0,0.0,1.0
17,Jalpaiguri (SC),282,0,0,0,403,0,403,0.0,0.0,1.0
17,Jalpaiguri (SC),282(A),0,0,0,422,0,422,0.0,0.0,1.0
17,Jalpaiguri (SC),307,0,0,0,699,0,699,0.0,0.0,1.0
17,Jalpaiguri (SC),313,0,0,0,1111,0,1111,0.0,0.0,1.0
17,Jalpaiguri (SC),314,0,0,0,704,0,704,0.0,0.0,1.0
17,Jalpaiguri (SC),315,0,0,0,473,0,473,0.0,0.0,1.0
17,Jalpaiguri (SC),316,0,0,0,818,0,818,0.0,0.0,1.0
17,Jalpaiguri (SC),317,0,0,0,368,0,368,0.0,0.0,1.0
17,Jalpaiguri (SC),318,0,0,0,992,0,992,0.0,0.0,1.0
17,Jalpaiguri (SC),319,0,0,0,778,0,778,0.0,0.0,1.0
17,Jalpaiguri (SC),320,0,0,0,988,0,988,0.0,0.0,1.0
17,Jalpaiguri (SC),321,0,0,0,1075,0,1075,0.0,0.0,1.0
17,Jalpaiguri (SC),322,0,0,0,719,0,719,0.0,0.0,1.0
17,Jalpaiguri (SC),323,0,0,0,467,0,467,0.0,0.0,1.0
17,Jalpaiguri (SC),324,0,0,0,1089,0,1089,0.0,0.0,1.0
17,Jalpaiguri (SC),325,0,0,0,823,0,823,0.0,0.0,1.0
17,Jalpaiguri (SC),326,0,0,0,1125,0,1125,0.0,0.0,1.0
17,Jalpaiguri (SC),327,0,0,0,695,0,695,0.0,0.0,1.0
17,Jalpaiguri (SC),328,0,0,0,1057,0,1057,0.0,0.0,1.0
17,Jalpaiguri (SC),329,0,0,0,674,0,674,0.0,0.0,1.0
17,Jalpaiguri (SC),330,0,0,0,616,0,616,0.0,0.0,1.0
17,Jalpaiguri (SC),331,0,0,0,932,0,932,0.0,0.0,1.0
17,Jalpaiguri (SC),332,0,0,0,1272,0,1272,0.0,0.0,1.0
17,Jalpaiguri (SC),333,0,0,0,1091,0,1091,0.0,0.0,1.0
17,Jalpaiguri (SC),334,0,0,0,423,0,423,0.0,0.0,1.0
17,Jalpaiguri (SC),335,0,0,0,726,0,726,0.0,0.0,1.0
17,Jalpaiguri (SC),336,0,0,0,714,0,714,0.0,0.0,1.0
17,Jalpaiguri (SC),337,0,0,0,487,0,487,0.0,0.0,1.0
17,Jalpaiguri (SC),338,0,0,0,737,0,737,0.0,0.0,1.0
17,Jalpaiguri (SC),53,0,0,0,599,0,599,0.0,0.0,1.0
17,Jalpaiguri (SC),54,0,0,0,445,0,445,0.0,0.0,1.0
17,Jalpaiguri (SC),56,0,0,0,658,0,658,0.0,0.0,1.0
17,Jalpaiguri (SC),57,0,0,0,658,0,658,0.0,0.0,1.0
17,Jalpaiguri (SC),58,0,0,0,703,0,703,0.0,0.0,1.0
17,Jalpaiguri (SC),59,0,0,0,639,0,639,0.0,0.0,1.0
17,Jalpaiguri (SC),60,0,0,0,568,0,568,0.0,0.0,1.0
17,Jalpaiguri (SC),61,0,0,0,510,0,510,0.0,0.0,1.0
17,Jalpaiguri (SC),62,0,0,0,207,0,207,0.0,0.0,1.0
17,Jalpaiguri (SC),63,0,0,0,587,0,587,0.0,0.0,1.0
17,Jalpaiguri (SC),64,0,0,0,438,0,438,0.0,0.0,1.0
17,Jalpaiguri (SC),65,0,0,0,549,0,549,0.0,0.0,1.0
17,Jalpaiguri (SC),66,0,0,0,511,0,511,0.0,0.0,1.0
17,Jalpaiguri (SC),67,0,0,0,468,0,468,0.0,0.0,1.0
17,Jalpaiguri (SC),68,0,0,0,694,0,694,0.0,0.0,1.0
17,Jalpaiguri (SC),69,0,0,0,647,0,647,0.0,0.0,1.0
17,Jalpaiguri (SC),70,0,0,0,730,0,730,0.0,0.0,1.0
17,Jalpaiguri (SC),71,0,0,0,461,0,461,0.0,0.0,1.0
17,Jalpaiguri (SC),72,0,0,0,462,0,462,0.0,0.0,1.0
17,Jalpaiguri (SC),73,0,0,0,745,0,745,0.0,0.0,1.0
17,Jalpaiguri (SC),74,0,0,0,725,0,725,0.0,0.0,1.0
17,Jalpaiguri (SC),75,0,0,0,774,0,774,0.0,0.0,1.0
17,Jalpaiguri (SC),76,0,0,0,696,0,696,0.0,0.0,1.0
17,Jalpaiguri (SC),77,0,0,0,633,0,633,0.0,0.0,1.0
17,Jalpaiguri (SC),78,0,0,0,694,0,694,0.0,0.0,1.0
17,Jalpaiguri (SC),79,0,0,0,1076,0,1076,0.0,0.0,1.0
17,Jalpaiguri (SC),99,0,0,0,356,234,590,0.0,0.3966101694915254,0.6033898305084746
18,Rajganj (SC),124,0,0,0,425,0,425,0.0,0.0,1.0
18,Rajganj (SC),136,0,0,0,716,0,716,0.0,0.0,1.0
18,Rajganj (SC),145,0,0,0,411,0,411,0.0,0.0,1.0
18,Rajganj (SC),147,0,0,0,227,0,227,0.0,0.0,1.0
18,Rajganj (SC),184,0,0,0,278,0,278,0.0,0.0,1.0
18,Rajganj (SC),189,0,0,0,498,0,498,0.0,0.0,1.0
18,Rajganj (SC),198,0,0,0,353,0,353,0.0,0.0,1.0
18,Rajganj (SC),201,0,0,0,295,0,295,0.0,0.0,1.0
18,Rajganj (SC),205,0,0,0,318,0,318,0.0,0.0,1.0
18,Rajganj (SC),206,0,0,0,210,0,210,0.0,0.0,1.0
18,Rajganj (SC),207,0,0,0,445,0,445,0.0,0.0,1.0
18,Rajganj (SC),217,0,0,0,399,0,399,0.0,0.0,1.0
18,Rajganj (SC),217A,1,31,0,1,177,210,0.0047619047619047,0.8428571428571429,0.0047619047619047
18,Rajganj (SC),218,220,40,0,15,382,657,0.334855403348554,0.5814307458143074,0.0228310502283105
18,Rajganj (SC),218A,187,18,0,8,238,451,0.4146341463414634,0.5277161862527716,0.0177383592017738
18,Rajganj (SC),219,297,61,0,17,383,758,0.391820580474934,0.5052770448548812,0.0224274406332453
18,Rajganj (SC),220,213,13,0,11,324,561,0.3796791443850267,0.5775401069518716,0.0196078431372549
18,Rajganj (SC),221,73,54,0,9,558,694,0.1051873198847262,0.8040345821325648,0.0129682997118155
18,Rajganj (SC),222,192,103,0,21,581,897,0.2140468227424749,0.6477146042363434,0.0234113712374581
18,Rajganj (SC),223,40,35,0,6,370,451,0.0886917960088691,0.8203991130820399,0.0133037694013303
18,Rajganj (SC),223A,60,32,0,6,357,455,0.1318681318681318,0.7846153846153846,0.0131868131868131
18,Rajganj (SC),224,20,24,0,2,457,503,0.0397614314115308,0.9085487077534792,0.003976143141153
18,Rajganj (SC),225,457,3,0,363,381,1204,0.3795681063122924,0.3164451827242525,0.3014950166112957
18,Rajganj (SC),226,172,12,0,353,396,933,0.1843515541264737,0.4244372990353697,0.3783494105037513
18,Rajganj (SC),226A,142,11,0,8,204,365,0.3890410958904109,0.5589041095890411,0.021917808219178
18,Rajganj (SC),227,337,39,0,24,465,865,0.3895953757225434,0.5375722543352601,0.0277456647398843
18,Rajganj (SC),228,293,11,0,18,199,521,0.5623800383877159,0.381957773512476,0.0345489443378119
18,Rajganj (SC),228A,194,10,0,3,312,519,0.3737957610789981,0.6011560693641619,0.0057803468208092
18,Rajganj (SC),229,431,30,0,14,353,828,0.5205314009661836,0.4263285024154589,0.0169082125603864
18,Rajganj (SC),230,182,10,0,6,396,594,0.3063973063973064,0.6666666666666666,0.0101010101010101
18,Rajganj (SC),230A,197,5,0,3,267,472,0.4173728813559322,0.565677966101695,0.0063559322033898
18,Rajganj (SC),231,372,14,0,15,249,650,0.5723076923076923,0.3830769230769231,0.023076923076923
18,Rajganj (SC),231A,181,15,0,9,145,350,0.5171428571428571,0.4142857142857143,0.0257142857142857
18,Rajganj (SC),232,168,72,0,12,245,497,0.3380281690140845,0.4929577464788732,0.0241448692152917
18,Rajganj (SC),232A,302,18,0,10,194,524,0.5763358778625954,0.3702290076335878,0.0190839694656488
18,Rajganj (SC),233,245,32,0,11,344,632,0.3876582278481013,0.5443037974683544,0.0174050632911392
18,Rajganj (SC),234,234,7,0,6,277,524,0.4465648854961832,0.5286259541984732,0.0114503816793893
18,Rajganj (SC),234A,245,19,0,18,282,564,0.4343971631205673,0.5,0.0319148936170212
18,Rajganj (SC),241,0,0,0,280,0,280,0.0,0.0,1.0
18,Rajganj (SC),249,0,0,0,185,0,185,0.0,0.0,1.0
18,Rajganj (SC),258,0,0,0,258,0,258,0.0,0.0,1.0
18,Rajganj (SC),279,0,0,0,211,0,211,0.0,0.0,1.0
18,Rajganj (SC),31,0,1,0,4,235,240,0.0,0.9791666666666666,0.0166666666666666
18,Rajganj (SC),33,0,0,0,300,0,300,0.0,0.0,1.0
18,Rajganj (SC),34,0,0,0,295,0,295,0.0,0.0,1.0
18,Rajganj (SC),35,0,0,0,84,0,84,0.0,0.0,1.0
18,Rajganj (SC),35A,0,0,0,151,0,151,0.0,0.0,1.0
18,Rajganj (SC),36,0,0,0,191,0,191,0.0,0.0,1.0
18,Rajganj (SC),36A,0,0,0,236,0,236,0.0,0.0,1.0
18,Rajganj (SC),37,0,0,0,127,0,127,0.0,0.0,1.0
18,Rajganj (SC),375,0,0,0,394,0,394,0.0,0.0,1.0
19,Dabgram-Phulbari,138,0,0,0,9,0,9,0.0,0.0,1.0
19,Dabgram-Phulbari,150,0,0,0,8,0,8,0.0,0.0,1.0
19,Dabgram-Phulbari,154,0,0,0,16,0,16,0.0,0.0,1.0
19,Dabgram-Phulbari,155,0,0,0,30,0,30,0.0,0.0,1.0
19,Dabgram-Phulbari,157,0,0,0,254,0,254,0.0,0.0,1.0
19,Dabgram-Phulbari,158,0,0,0,204,0,204,0.0,0.0,1.0
19,Dabgram-Phulbari,159,0,0,0,254,0,254,0.0,0.0,1.0
19,Dabgram-Phulbari,159A,0,0,0,140,0,140,0.0,0.0,1.0
19,Dabgram-Phulbari,160,0,0,0,287,0,287,0.0,0.0,1.0
19,Dabgram-Phulbari,161,0,0,0,161,0,161,0.0,0.0,1.0
19,Dabgram-Phulbari,162,0,0,0,122,0,122,0.0,0.0,1.0
19,Dabgram-Phulbari,163,0,0,0,72,0,72,0.0,0.0,1.0
19,Dabgram-Phulbari,163A,0,0,0,60,0,60,0.0,0.0,1.0
19,Dabgram-Phulbari,164,0,0,0,339,0,339,0.0,0.0,1.0
19,Dabgram-Phulbari,165,0,0,0,194,0,194,0.0,0.0,1.0
19,Dabgram-Phulbari,166,0,0,0,258,0,258,0.0,0.0,1.0
19,Dabgram-Phulbari,166A,0,0,0,193,0,193,0.0,0.0,1.0
19,Dabgram-Phulbari,167,0,0,0,233,0,233,0.0,0.0,1.0
19,Dabgram-Phulbari,167A,0,0,0,225,0,225,0.0,0.0,1.0
19,Dabgram-Phulbari,168,0,0,0,319,0,319,0.0,0.0,1.0
19,Dabgram-Phulbari,169,0,0,0,192,0,192,0.0,0.0,1.0
19,Dabgram-Phulbari,17,326,38,0,150,0,514,0.6342412451361867,0.0,0.2918287937743191
19,Dabgram-Phulbari,170,0,0,0,278,0,278,0.0,0.0,1.0
19,Dabgram-Phulbari,171,0,0,0,350,0,350,0.0,0.0,1.0
19,Dabgram-Phulbari,172,0,0,0,298,0,298,0.0,0.0,1.0
19,Dabgram-Phulbari,173,0,0,0,187,0,187,0.0,0.0,1.0
19,Dabgram-Phulbari,173A,0,0,0,171,0,171,0.0,0.0,1.0
19,Dabgram-Phulbari,174,0,0,0,290,0,290,0.0,0.0,1.0
19,Dabgram-Phulbari,175,0,0,0,345,0,345,0.0,0.0,1.0
19,Dabgram-Phulbari,176,0,0,0,302,0,302,0.0,0.0,1.0
19,Dabgram-Phulbari,177,0,0,0,225,0,225,0.0,0.0,1.0
19,Dabgram-Phulbari,177A,0,0,0,220,0,220,0.0,0.0,1.0
19,Dabgram-Phulbari,178,0,0,0,24,0,24,0.0,0.0,1.0
19,Dabgram-Phulbari,17A,367,44,0,193,0,604,0.6076158940397351,0.0,0.3195364238410596
19,Dabgram-Phulbari,18,326,45,0,249,0,620,0.5258064516129032,0.0,0.4016129032258064
19,Dabgram-Phulbari,180,0,0,0,22,0,22,0.0,0.0,1.0
19,Dabgram-Phulbari,183,0,0,0,12,0,12,0.0,0.0,1.0
19,Dabgram-Phulbari,184,0,0,0,575,0,575,0.0,0.0,1.0
19,Dabgram-Phulbari,187,0,0,0,10,0,10,0.0,0.0,1.0
19,Dabgram-Phulbari,18A,280,49,0,220,0,549,0.5100182149362478,0.0,0.4007285974499089
19,Dabgram-Phulbari,19,424,168,0,314,0,906,0.4679911699779249,0.0,0.3465783664459161
19,Dabgram-Phulbari,190,0,0,0,21,0,21,0.0,0.0,1.0
19,Dabgram-Phulbari,193,0,0,0,7,0,7,0.0,0.0,1.0
19,Dabgram-Phulbari,194,0,0,0,31,0,31,0.0,0.0,1.0
19,Dabgram-Phulbari,196,0,0,0,43,0,43,0.0,0.0,1.0
19,Dabgram-Phulbari,198,0,0,0,641,0,641,0.0,0.0,1.0
19,Dabgram-Phulbari,20,324,81,0,167,0,572,0.5664335664335665,0.0,0.291958041958042
19,Dabgram-Phulbari,209,0,0,0,52,0,52,0.0,0.0,1.0
19,Dabgram-Phulbari,20A,368,45,0,242,0,655,0.5618320610687023,0.0,0.3694656488549618
19,Dabgram-Phulbari,21,390,23,0,386,0,799,0.4881101376720901,0.0,0.4831038798498123
19,Dabgram-Phulbari,223,0,0,0,48,0,48,0.0,0.0,1.0
19,Dabgram-Phulbari,22A,276,14,0,182,0,472,0.5847457627118644,0.0,0.3855932203389831
19,Dabgram-Phulbari,23,525,26,0,242,0,793,0.6620428751576293,0.0,0.3051702395964691
19,Dabgram-Phulbari,230,0,0,0,48,0,48,0.0,0.0,1.0
19,Dabgram-Phulbari,233,0,0,0,31,0,31,0.0,0.0,1.0
19,Dabgram-Phulbari,237,0,0,0,15,0,15,0.0,0.0,1.0
19,Dabgram-Phulbari,238,0,0,0,33,0,33,0.0,0.0,1.0
19,Dabgram-Phulbari,24,506,42,0,326,0,874,0.5789473684210527,0.0,0.3729977116704805
19,Dabgram-Phulbari,244,0,0,0,43,0,43,0.0,0.0,1.0
19,Dabgram-Phulbari,25,446,31,0,403,0,880,0.5068181818181818,0.0,0.4579545454545454
19,Dabgram-Phulbari,256,0,0,0,43,0,43,0.0,0.0,1.0
19,Dabgram-Phulbari,26,311,24,0,349,0,684,0.4546783625730994,0.0,0.5102339181286549
19,Dabgram-Phulbari,263,0,0,0,59,0,59,0.0,0.0,1.0
19,Dabgram-Phulbari,27,147,21,0,339,0,507,0.2899408284023668,0.0,0.6686390532544378
19,Dabgram-Phulbari,274,0,0,0,92,0,92,0.0,0.0,1.0
19,Dabgram-Phulbari,278,0,0,0,58,0,58,0.0,0.0,1.0
19,Dabgram-Phulbari,27A,247,19,0,299,0,565,0.4371681415929203,0.0,0.5292035398230088
19,Dabgram-Phulbari,28,247,33,0,199,0,479,0.5156576200417536,0.0,0.4154488517745303
19,Dabgram-Phulbari,288,0,0,0,11,0,11,0.0,0.0,1.0
19,Dabgram-Phulbari,28A,207,32,0,203,0,442,0.4683257918552036,0.0,0.4592760180995475
19,Dabgram-Phulbari,29,313,28,0,238,0,579,0.540587219343696,0.0,0.4110535405872193
19,Dabgram-Phulbari,29A,282,24,0,268,0,574,0.4912891986062718,0.0,0.4668989547038327
19,Dabgram-Phulbari,30,226,24,0,212,0,462,0.4891774891774891,0.0,0.4588744588744589
19,Dabgram-Phulbari,30A,210,31,0,237,0,478,0.4393305439330544,0.0,0.4958158995815899
19,Dabgram-Phulbari,31,414,42,0,281,0,737,0.5617367706919946,0.0,0.3812754409769335
19,Dabgram-Phulbari,32,297,21,0,217,0,535,0.5551401869158878,0.0,0.405607476635514
19,Dabgram-Phulbari,325,0,0,0,31,0,31,0.0,0.0,1.0
19,Dabgram-Phulbari,32A,265,14,0,209,0,488,0.5430327868852459,0.0,0.4282786885245901
19,Dabgram-Phulbari,33,466,27,0,297,0,790,0.589873417721519,0.0,0.3759493670886076
19,Dabgram-Phulbari,34,288,54,0,294,0,636,0.4528301886792453,0.0,0.4622641509433962
19,Dabgram-Phulbari,342,0,0,0,13,0,13,0.0,0.0,1.0
19,Dabgram-Phulbari,353,0,0,0,26,0,26,0.0,0.0,1.0
19,Dabgram-Phulbari,400,0,0,0,17,0,17,0.0,0.0,1.0
19,Dabgram-Phulbari,407,0,0,0,43,0,43,0.0,0.0,1.0
20,Mal (ST),1,62,866,0,5147,64,6139,0.0100993647173806,0.0104251506760058,0.8384101645219091
20,Mal (ST),10,878,232,0,1586,184,2880,0.3048611111111111,0.0638888888888888,0.5506944444444445
20,Mal (ST),100,444,0,0,615,0,1059,0.4192634560906516,0.0,0.5807365439093485
20,Mal (ST),102,400,35,0,44,156,635,0.6299212598425197,0.2456692913385826,0.0692913385826771
20,Mal (ST),103,16,310,0,178,158,662,0.0241691842900302,0.2386706948640483,0.2688821752265861
20,Mal (ST),104,15,227,0,208,0,450,0.0333333333333333,0.0,0.4622222222222222
20,Mal (ST),105,21,660,0,189,160,1030,0.0203883495145631,0.1553398058252427,0.1834951456310679
20,Mal (ST),106,9,206,0,249,162,626,0.0143769968051118,0.2587859424920127,0.3977635782747604
20,Mal (ST),107,12,155,0,321,0,488,0.0245901639344262,0.0,0.6577868852459017
20,Mal (ST),108,4,170,0,176,164,514,0.0077821011673151,0.3190661478599221,0.3424124513618677
20,Mal (ST),109,17,375,0,391,166,949,0.017913593256059,0.1749209694415174,0.4120126448893572
20,Mal (ST),11,1160,229,0,1307,374,3070,0.3778501628664495,0.1218241042345276,0.4257328990228013
20,Mal (ST),110,23,425,0,318,168,934,0.0246252676659528,0.1798715203426124,0.3404710920770878
20,Mal (ST),111,16,260,0,221,170,667,0.0239880059970015,0.2548725637181409,0.3313343328335832
20,Mal (ST),112,9,344,0,434,0,787,0.0114358322744599,0.0,0.5514612452350699
20,Mal (ST),113,22,308,0,339,0,669,0.0328849028400597,0.0,0.5067264573991032
20,Mal (ST),114,12,204,0,168,0,384,0.03125,0.0,0.4375
20,Mal (ST),115,9,207,0,144,0,360,0.025,0.0,0.4
20,Mal (ST),116,23,187,0,356,0,566,0.0406360424028268,0.0,0.6289752650176679
20,Mal (ST),117,11,222,0,274,1788,2295,0.00479302832244,0.7790849673202614,0.1193899782135076
20,Mal (ST),118,30,302,0,302,0,634,0.0473186119873817,0.0,0.4763406940063091
20,Mal (ST),119,24,217,0,478,182,901,0.0266370699223085,0.2019977802441731,0.5305216426193119
20,Mal (ST),11A,16,239,0,1506,44,1805,0.0088642659279778,0.024376731301939,0.8343490304709141
20,Mal (ST),12,12,271,0,1446,50,1779,0.0067453625632377,0.028105677346824,0.8128161888701517
20,Mal (ST),120,24,819,0,2729,194,3766,0.006372809346787,0.0515135422198619,0.7246415294742432
20,Mal (ST),121,12,145,0,149,186,492,0.024390243902439,0.3780487804878049,0.3028455284552845
20,Mal (ST),122,6,323,0,242,188,759,0.0079051383399209,0.2476943346508563,0.3188405797101449
20,Mal (ST),123,5,192,0,548,190,935,0.0053475935828877,0.2032085561497326,0.586096256684492
20,Mal (ST),124,3,163,0,382,192,740,0.004054054054054,0.2594594594594595,0.5162162162162162
20,Mal (ST),125,15,399,0,378,194,986,0.0152129817444219,0.1967545638945233,0.383367139959432
20,Mal (ST),126,18,218,0,362,196,794,0.0226700251889168,0.2468513853904282,0.4559193954659949
20,Mal (ST),127,22,213,0,427,198,860,0.0255813953488372,0.2302325581395349,0.4965116279069767
20,Mal (ST),128,30,250,0,265,200,745,0.0402684563758389,0.2684563758389262,0.3557046979865771
20,Mal (ST),12A,14,256,0,1223,28,1521,0.0092044707429322,0.0184089414858645,0.8040762656147271
20,Mal (ST),13,2794,221,0,1492,509,5016,0.5570175438596491,0.101475279106858,0.2974481658692185
20,Mal (ST),13A,10,277,0,2318,64,2669,0.0037467216185837,0.0239790183589359,0.8684900711877107
20,Mal (ST),14,1494,211,0,1958,369,4032,0.3705357142857143,0.0915178571428571,0.4856150793650793
20,Mal (ST),15,2356,473,0,2316,728,5873,0.4011578409671377,0.1239570917759237,0.3943470117486804
20,Mal (ST),153,0,0,0,0,246,246,0.0,1.0,0.0
20,Mal (ST),158,0,0,0,0,70,70,0.0,1.0,0.0
20,Mal (ST),16,1518,8,0,57,296,1879,0.8078765300691857,0.1575306013837147,0.030335284725918
20,Mal (ST),164,442,11,0,24,472,949,0.4657534246575342,0.4973656480505795,0.0252897787144362
20,Mal (ST),164A,344,6,0,10,532,892,0.3856502242152466,0.5964125560538116,0.0112107623318385
20,Mal (ST),165,664,24,0,4,606,1298,0.5115562403697997,0.4668721109399075,0.0030816640986132
20,Mal (ST),166,728,42,0,17,934,1721,0.4230098779779198,0.5427077280650784,0.009877977919814
20,Mal (ST),167,358,35,0,16,532,941,0.3804463336875664,0.565356004250797,0.0170031880977683
20,Mal (ST),167A,494,18,0,16,348,876,0.5639269406392694,0.3972602739726027,0.0182648401826484
20,Mal (ST),168,184,0,0,6,750,940,0.1957446808510638,0.7978723404255319,0.0063829787234042
20,Mal (ST),168A,296,53,0,12,0,361,0.8199445983379502,0.0,0.0332409972299169
20,Mal (ST),169,692,12,0,25,348,1077,0.6425255338904364,0.3231197771587744,0.0232126276694521
20,Mal (ST),17,2662,15,0,201,573,3451,0.7713706172124022,0.1660388293248333,0.0582439872500724
20,Mal (ST),170,832,29,0,36,0,897,0.927536231884058,0.0,0.040133779264214
20,Mal (ST),171,594,35,0,27,806,1462,0.4062927496580027,0.5512995896032832,0.0184678522571819
20,Mal (ST),172,390,30,0,18,654,1092,0.3571428571428571,0.5989010989010989,0.0164835164835164
20,Mal (ST),173,0,74,0,11,820,905,0.0,0.9060773480662984,0.0121546961325966
20,Mal (ST),173A,98,33,0,16,876,1023,0.0957966764418377,0.8563049853372434,0.0156402737047898
20,Mal (ST),174,120,150,0,4,568,842,0.1425178147268408,0.6745843230403801,0.004750593824228
20,Mal (ST),175,246,61,0,6,1202,1515,0.1623762376237623,0.7933993399339934,0.0039603960396039
20,Mal (ST),176,394,48,0,27,612,1081,0.364477335800185,0.5661424606845513,0.0249768732654949
20,Mal (ST),177,794,43,0,42,474,1353,0.5868440502586844,0.3503325942350332,0.0310421286031042
20,Mal (ST),178,522,59,0,22,828,1431,0.3647798742138364,0.5786163522012578,0.0153738644304682
20,Mal (ST),178A,344,44,0,18,570,976,0.3524590163934426,0.5840163934426229,0.0184426229508196
20,Mal (ST),179,974,15,0,18,444,1451,0.6712611991729841,0.3059958649207443,0.0124052377670572
20,Mal (ST),180,928,31,0,36,708,1703,0.544920728126835,0.4157369348209043,0.0211391661773341
20,Mal (ST),181,916,75,0,54,608,1653,0.5541439806412584,0.367816091954023,0.0326678765880217
20,Mal (ST),182,318,24,0,21,350,713,0.4460028050490883,0.4908835904628331,0.0294530154277699
20,Mal (ST),182A,380,22,0,30,458,890,0.4269662921348314,0.5146067415730337,0.0337078651685393
20,Mal (ST),183,906,94,0,60,348,1408,0.6434659090909091,0.2471590909090909,0.0426136363636363
20,Mal (ST),184,564,73,0,6,258,901,0.6259711431742508,0.2863485016648168,0.0066592674805771
20,Mal (ST),186,0,0,0,0,28,28,0.0,1.0,0.0
20,Mal (ST),19,2394,7,0,72,593,3066,0.7808219178082192,0.1934116112198304,0.0234833659491193
20,Mal (ST),199,0,0,0,0,82,82,0.0,1.0,0.0
20,Mal (ST),2,12,375,0,2463,136,2986,0.0040187541862022,0.0455458807769591,0.8248492967180174
20,Mal (ST),206,0,0,0,684,0,684,0.0,0.0,1.0
20,Mal (ST),21,1544,6,0,30,234,1814,0.8511576626240352,0.1289966923925027,0.0165380374862183
20,Mal (ST),210,0,0,0,0,94,94,0.0,1.0,0.0
20,Mal (ST),223,0,0,0,0,40,40,0.0,1.0,0.0
20,Mal (ST),23,1518,5,0,12,221,1756,0.8644646924829157,0.1258542141230068,0.0068337129840546
20,Mal (ST),248,0,0,0,247,0,247,0.0,0.0,1.0
20,Mal (ST),248A,0,0,0,383,0,383,0.0,0.0,1.0
20,Mal (ST),249,0,0,0,379,0,379,0.0,0.0,1.0
20,Mal (ST),249A,0,0,0,207,0,207,0.0,0.0,1.0
20,Mal (ST),250,0,0,0,348,0,348,0.0,0.0,1.0
20,Mal (ST),251,0,0,0,460,0,460,0.0,0.0,1.0
20,Mal (ST),252,0,0,0,264,0,264,0.0,0.0,1.0
20,Mal (ST),253,0,0,0,486,0,486,0.0,0.0,1.0
20,Mal (ST),254,0,0,0,353,0,353,0.0,0.0,1.0
20,Mal (ST),255,0,0,0,525,0,525,0.0,0.0,1.0
20,Mal (ST),256,0,0,0,167,0,167,0.0,0.0,1.0
20,Mal (ST),257,0,0,0,155,0,155,0.0,0.0,1.0
20,Mal (ST),258A,0,0,0,157,0,157,0.0,0.0,1.0
20,Mal (ST),259,0,0,0,282,0,282,0.0,0.0,1.0
20,Mal (ST),25B,0,0,0,126,0,126,0.0,0.0,1.0
20,Mal (ST),260,0,0,0,226,0,226,0.0,0.0,1.0
20,Mal (ST),260A,0,0,0,213,0,213,0.0,0.0,1.0
20,Mal (ST),261,0,0,0,281,0,281,0.0,0.0,1.0
20,Mal (ST),262,0,0,0,351,0,351,0.0,0.0,1.0
20,Mal (ST),263,0,0,0,211,0,211,0.0,0.0,1.0
20,Mal (ST),264,0,0,0,193,0,193,0.0,0.0,1.0
20,Mal (ST),264A,0,0,0,251,0,251,0.0,0.0,1.0
20,Mal (ST),265,0,0,0,517,0,517,0.0,0.0,1.0
20,Mal (ST),265A,0,0,0,263,0,263,0.0,0.0,1.0
20,Mal (ST),267,0,0,0,469,38,507,0.0,0.0749506903353057,0.9250493096646942
20,Mal (ST),268,0,0,0,273,0,273,0.0,0.0,1.0
20,Mal (ST),268A,0,0,0,12,438,450,0.0,0.9733333333333334,0.0266666666666666
20,Mal (ST),28,1202,1,0,12,32,1247,0.9639133921411388,0.0256615878107457,0.0096230954290296
20,Mal (ST),3,16,308,0,1969,46,2339,0.0068405301410859,0.019666524155622,0.8418127404873877
20,Mal (ST),309,0,0,0,0,66,66,0.0,1.0,0.0
20,Mal (ST),314,0,0,0,0,202,202,0.0,1.0,0.0
20,Mal (ST),321,0,0,0,0,38,38,0.0,1.0,0.0
20,Mal (ST),327,0,0,0,0,78,78,0.0,1.0,0.0
20,Mal (ST),329,0,0,0,0,32,32,0.0,1.0,0.0
20,Mal (ST),330,0,0,0,0,14,14,0.0,1.0,0.0
20,Mal (ST),339,0,0,0,0,54,54,0.0,1.0,0.0
20,Mal (ST),369,0,0,0,0,10,10,0.0,1.0,0.0
20,Mal (ST),379,0,0,0,0,124,124,0.0,1.0,0.0
20,Mal (ST),4,26,324,0,1559,40,1949,0.013340174448435,0.0205233453052847,0.7998973832734736
20,Mal (ST),459,0,732,0,2336,0,3068,0.0,0.0,0.7614080834419817
20,Mal (ST),460,0,0,0,0,60,60,0.0,1.0,0.0
20,Mal (ST),5,42,483,0,2507,90,3122,0.0134529147982062,0.0288276745675848,0.8030108904548366
20,Mal (ST),50,1364,2,0,42,118,1526,0.8938401048492791,0.0773263433813892,0.0275229357798165
20,Mal (ST),51,938,5,0,0,113,1056,0.8882575757575758,0.1070075757575757,0.0
20,Mal (ST),53,1156,4,0,18,28,1206,0.9585406301824212,0.0232172470978441,0.0149253731343283
20,Mal (ST),6,1026,386,0,1997,449,3858,0.2659409020217729,0.116381544841887,0.5176257128045619
20,Mal (ST),7,2746,509,0,2459,631,6345,0.4327817178881009,0.0994483845547675,0.3875492513790386
20,Mal (ST),75,864,59,0,1120,0,2043,0.4229074889867841,0.0,0.548213411649535
20,Mal (ST),76,958,60,0,772,0,1790,0.535195530726257,0.0,0.4312849162011173
20,Mal (ST),77,612,61,0,637,0,1310,0.467175572519084,0.0,0.4862595419847328
20,Mal (ST),78,488,62,0,758,0,1308,0.3730886850152905,0.0,0.5795107033639144
20,Mal (ST),79,650,0,0,652,0,1302,0.499231950844854,0.0,0.500768049155146
20,Mal (ST),8,856,246,0,1529,259,2890,0.2961937716262975,0.0896193771626297,0.5290657439446367
20,Mal (ST),80,376,63,0,626,0,1065,0.3530516431924883,0.0,0.5877934272300469
20,Mal (ST),81,794,0,0,1160,0,1954,0.406345957011259,0.0,0.593654042988741
20,Mal (ST),82,586,64,0,585,0,1235,0.4744939271255061,0.0,0.4736842105263157
20,Mal (ST),83,444,65,0,507,0,1016,0.437007874015748,0.0,0.499015748031496
20,Mal (ST),84,362,0,0,1200,0,1562,0.2317541613316261,0.0,0.7682458386683739
20,Mal (ST),85,688,66,0,956,0,1710,0.4023391812865497,0.0,0.5590643274853802
20,Mal (ST),86,678,67,0,451,0,1196,0.5668896321070234,0.0,0.3770903010033445
20,Mal (ST),87,866,68,0,833,0,1767,0.490096208262592,0.0,0.4714204867006225
20,Mal (ST),88,594,69,0,1279,0,1942,0.305870236869207,0.0,0.6585993820803295
20,Mal (ST),89,302,70,0,1412,0,1784,0.1692825112107623,0.0,0.7914798206278026
20,Mal (ST),9,2214,271,0,1206,429,4120,0.5373786407766991,0.104126213592233,0.2927184466019417
20,Mal (ST),90,1022,71,0,641,0,1734,0.5893886966551326,0.0,0.3696655132641291
20,Mal (ST),91,574,72,0,734,0,1380,0.4159420289855072,0.0,0.5318840579710145
20,Mal (ST),92,376,73,0,595,0,1044,0.3601532567049808,0.0,0.5699233716475096
20,Mal (ST),93,594,734,0,639,0,1967,0.3019827147941027,0.0,0.3248601931875953
20,Mal (ST),94,436,74,0,796,0,1306,0.333843797856049,0.0,0.6094946401225115
20,Mal (ST),95,424,0,0,568,0,992,0.4274193548387097,0.0,0.5725806451612904
20,Mal (ST),96,346,75,0,705,0,1126,0.3072824156305506,0.0,0.6261101243339254
20,Mal (ST),97,488,0,0,331,0,819,0.5958485958485958,0.0,0.4041514041514041
20,Mal (ST),98,398,76,0,651,0,1125,0.3537777777777778,0.0,0.5786666666666667
20,Mal (ST),99,454,0,0,561,0,1015,0.4472906403940886,0.0,0.5527093596059113
20,Mal (ST),9A,28,321,0,1926,30,2305,0.0121475054229934,0.0130151843817787,0.8355748373101952
21,Nagrakata (ST),00,367,0,9,2,21,399,0.9197994987468672,0.0526315789473684,0.0050125313283208
21,Nagrakata (ST),127,355,0,15,1488,122,1980,0.1792929292929292,0.0616161616161616,0.7515151515151515
21,Nagrakata (ST),128,370,0,18,1404,108,1900,0.1947368421052631,0.0568421052631578,0.7389473684210527
21,Nagrakata (ST),129,412,0,22,1417,140,1991,0.2069311903566047,0.0703164239075841,0.7117026619789051
21,Nagrakata (ST),130,431,0,23,1352,56,1862,0.2314715359828141,0.0300751879699248,0.7261009667024705
21,Nagrakata (ST),132,393,0,24,1435,199,2051,0.1916138469039492,0.0970258410531448,0.6996587030716723
21,Nagrakata (ST),133,252,0,12,934,142,1340,0.1880597014925373,0.1059701492537313,0.6970149253731344
21,Nagrakata (ST),133A,250,0,13,1020,189,1472,0.1698369565217391,0.1283967391304347,0.6929347826086957
21,Nagrakata (ST),134,220,0,22,1156,272,1670,0.1317365269461078,0.162874251497006,0.6922155688622754
21,Nagrakata (ST),134A,186,0,16,821,170,1193,0.1559094719195305,0.1424979044425817,0.6881810561609388
21,Nagrakata (ST),135,525,0,17,1418,8,1968,0.2667682926829268,0.0040650406504065,0.7205284552845529
21,Nagrakata (ST),136,230,0,22,1047,221,1520,0.1513157894736842,0.1453947368421052,0.6888157894736842
21,Nagrakata (ST),136A,128,0,20,798,207,1153,0.1110147441457068,0.1795316565481353,0.6921075455333912
21,Nagrakata (ST),137,305,0,30,1714,363,2412,0.1264510779436152,0.1504975124378109,0.7106135986733002
21,Nagrakata (ST),138,444,0,13,1485,233,2175,0.2041379310344827,0.1071264367816092,0.6827586206896552
21,Nagrakata (ST),139,251,0,34,2270,147,2702,0.0928941524796447,0.0544041450777202,0.8401184307920059
21,Nagrakata (ST),140,255,0,5,1097,82,1439,0.1772063933287004,0.0569840166782487,0.7623349548297429
21,Nagrakata (ST),140A,216,0,4,689,74,983,0.2197355035605289,0.0752797558494405,0.7009155645981688
21,Nagrakata (ST),141,167,0,20,1201,62,1450,0.1151724137931034,0.0427586206896551,0.8282758620689655
21,Nagrakata (ST),143,310,0,21,1026,98,1455,0.2130584192439862,0.0673539518900343,0.7051546391752578
21,Nagrakata (ST),144,274,0,28,1523,385,2210,0.1239819004524886,0.17420814479638,0.6891402714932127
21,Nagrakata (ST),145,227,0,12,920,157,1316,0.1724924012158054,0.1193009118541033,0.6990881458966566
21,Nagrakata (ST),145A,151,0,16,946,227,1340,0.1126865671641791,0.1694029850746268,0.7059701492537314
21,Nagrakata (ST),146,218,0,12,936,199,1365,0.1597069597069597,0.1457875457875458,0.6857142857142857
21,Nagrakata (ST),147,455,0,13,1697,275,2440,0.1864754098360656,0.1127049180327868,0.6954918032786885
21,Nagrakata (ST),208,345,0,11,499,117,972,0.3549382716049383,0.1203703703703703,0.5133744855967078
21,Nagrakata (ST),209,456,0,36,698,166,1356,0.336283185840708,0.1224188790560472,0.5147492625368731
21,Nagrakata (ST),209A,166,0,26,346,139,677,0.2451994091580502,0.2053175775480059,0.5110782865583456
21,Nagrakata (ST),210,359,0,35,751,311,1456,0.246565934065934,0.2135989010989011,0.5157967032967034
21,Nagrakata (ST),211A,312,0,13,489,138,952,0.3277310924369748,0.1449579831932773,0.5136554621848739
21,Nagrakata (ST),212,489,0,39,744,162,1434,0.3410041841004184,0.1129707112970711,0.5188284518828452
21,Nagrakata (ST),213,545,0,25,651,67,1288,0.4231366459627329,0.0520186335403726,0.5054347826086957
21,Nagrakata (ST),214,409,0,17,511,71,1008,0.4057539682539682,0.0704365079365079,0.5069444444444444
21,Nagrakata (ST),215,362,0,39,591,154,1146,0.3158813263525305,0.1343804537521815,0.5157068062827225
21,Nagrakata (ST),216,327,0,34,517,112,990,0.3303030303030303,0.1131313131313131,0.5222222222222223
21,Nagrakata (ST),217,220,0,12,759,481,1472,0.1494565217391304,0.3267663043478261,0.515625
21,Nagrakata (ST),218,124,0,18,724,550,1416,0.0875706214689265,0.3884180790960452,0.5112994350282486
21,Nagrakata (ST),219,359,0,14,608,209,1190,0.3016806722689075,0.1756302521008403,0.5109243697478991
21,Nagrakata (ST),220,353,0,12,575,180,1120,0.3151785714285714,0.1607142857142857,0.5133928571428571
21,Nagrakata (ST),221,406,0,13,608,171,1198,0.33889816360601,0.1427378964941569,0.5075125208681135
21,Nagrakata (ST),222,416,0,17,631,182,1246,0.333868378812199,0.146067415730337,0.5064205457463884
21,Nagrakata (ST),223,368,0,13,665,106,1152,0.3194444444444444,0.0920138888888889,0.5772569444444444
21,Nagrakata (ST),223A,294,0,3,387,68,752,0.3909574468085106,0.0904255319148936,0.5146276595744681
21,Nagrakata (ST),224,369,0,27,638,196,1230,0.3,0.1593495934959349,0.5186991869918699
21,Nagrakata (ST),224A,129,0,8,299,150,586,0.220136518771331,0.2559726962457337,0.5102389078498294
21,Nagrakata (ST),225,363,0,5,676,278,1322,0.2745839636913767,0.2102874432677761,0.5113464447806354
21,Nagrakata (ST),226,342,0,3,540,173,1058,0.3232514177693761,0.16351606805293,0.5103969754253308
21,Nagrakata (ST),226A,240,0,3,439,160,842,0.2850356294536817,0.1900237529691211,0.5213776722090261
21,Nagrakata (ST),227,221,0,15,555,293,1084,0.2038745387453874,0.2702952029520295,0.5119926199261993
21,Nagrakata (ST),227A,280,0,4,397,93,774,0.3617571059431524,0.1201550387596899,0.5129198966408268
21,Nagrakata (ST),254,83,0,9,390,8,490,0.1693877551020408,0.0163265306122449,0.7959183673469388
21,Nagrakata (ST),265,207,0,360,694,302,1563,0.1324376199616123,0.1932181701855406,0.4440179142674344
21,Nagrakata (ST),60A,202,0,5,2,219,428,0.4719626168224299,0.5116822429906542,0.0046728971962616
21,Nagrakata (ST),61,415,0,11,4,325,755,0.5496688741721855,0.4304635761589404,0.0052980132450331
21,Nagrakata (ST),62,219,0,11,4,140,374,0.5855614973262032,0.374331550802139,0.0106951871657754
21,Nagrakata (ST),63,133,0,40,5,236,414,0.321256038647343,0.5700483091787439,0.0120772946859903
21,Nagrakata (ST),63A,185,0,29,6,249,469,0.394456289978678,0.5309168443496801,0.0127931769722814
21,Nagrakata (ST),64,278,0,26,9,468,781,0.3559539052496799,0.5992317541613317,0.0115236875800256
21,Nagrakata (ST),65,317,0,32,8,248,605,0.5239669421487604,0.4099173553719008,0.0132231404958677
21,Nagrakata (ST),66,357,0,46,13,421,837,0.4265232974910394,0.5029868578255675,0.015531660692951
21,Nagrakata (ST),67,282,0,26,9,381,698,0.4040114613180516,0.5458452722063037,0.0128939828080229
21,Nagrakata (ST),68,185,0,38,4,309,536,0.3451492537313433,0.5764925373134329,0.0074626865671641
21,Nagrakata (ST),68A,164,0,95,4,210,473,0.346723044397463,0.4439746300211416,0.0084566596194503
21,Nagrakata (ST),69,610,0,26,10,194,840,0.7261904761904762,0.2309523809523809,0.0119047619047619
21,Nagrakata (ST),70,516,0,30,12,210,768,0.671875,0.2734375,0.015625
21,Nagrakata (ST),71,442,0,21,3,327,793,0.5573770491803278,0.4123581336696091,0.0037831021437578
21,Nagrakata (ST),72,305,0,9,2,303,619,0.4927302100161551,0.4894991922455573,0.0032310177705977
21,Nagrakata (ST),73,166,0,24,4,301,495,0.3353535353535353,0.6080808080808081,0.008080808080808
21,Nagrakata (ST),74,271,0,20,2,414,707,0.3833097595473833,0.5855728429985856,0.0028288543140028
21,Nagrakata (ST),75,172,0,346,14,400,932,0.1845493562231759,0.4291845493562232,0.0150214592274678
21,Nagrakata (ST),76,439,0,19,4,272,734,0.5980926430517711,0.3705722070844686,0.0054495912806539
21,Nagrakata (ST),77,200,0,91,5,401,697,0.2869440459110473,0.5753228120516499,0.0071736011477761
21,Nagrakata (ST),77A,88,0,62,2,434,586,0.1501706484641638,0.7406143344709898,0.0034129692832764
21,Nagrakata (ST),78,535,0,24,6,215,780,0.6858974358974359,0.2756410256410256,0.0076923076923076
21,Nagrakata (ST),79,62,0,87,7,352,508,0.1220472440944882,0.6929133858267716,0.0137795275590551
21,Nagrakata (ST),79A,171,0,47,5,239,462,0.3701298701298701,0.5173160173160173,0.0108225108225108
21,Nagrakata (ST),81,228,0,71,4,309,612,0.3725490196078431,0.5049019607843137,0.0065359477124183
22,Kalimpong,1,12,0,9,64,0,85,0.1411764705882353,0.0,0.7529411764705882
22,Kalimpong,10,0,0,0,8,0,8,0.0,0.0,1.0
22,Kalimpong,100,9,0,0,1201,0,1210,0.0074380165289256,0.0,0.9925619834710744
22,Kalimpong,101,8,0,0,984,0,992,0.0080645161290322,0.0,0.9919354838709676
22,Kalimpong,102,3,0,0,352,0,355,0.0084507042253521,0.0,0.991549295774648
22,Kalimpong,103,20,0,0,325,0,345,0.0579710144927536,0.0,0.9420289855072465
22,Kalimpong,104,7,0,0,372,0,379,0.0184696569920844,0.0,0.9815303430079156
22,Kalimpong,106,13,0,0,1117,0,1130,0.011504424778761,0.0,0.988495575221239
22,Kalimpong,107,12,0,0,671,0,683,0.0175695461200585,0.0,0.9824304538799414
22,Kalimpong,108,3,0,0,690,0,693,0.0043290043290043,0.0,0.9956709956709956
22,Kalimpong,109,6,0,0,452,0,458,0.0131004366812227,0.0,0.9868995633187772
22,Kalimpong,11,0,0,0,16,0,16,0.0,0.0,1.0
22,Kalimpong,110,1,0,0,402,0,403,0.0024813895781637,0.0,0.9975186104218362
22,Kalimpong,111,1,0,0,605,0,606,0.0016501650165016,0.0,0.9983498349834984
22,Kalimpong,112,13,0,0,710,0,723,0.0179806362378976,0.0,0.9820193637621024
22,Kalimpong,113,7,0,0,463,0,470,0.0148936170212765,0.0,0.9851063829787234
22,Kalimpong,114,3,0,0,776,0,779,0.0038510911424903,0.0,0.9961489088575096
22,Kalimpong,115,11,0,0,791,0,802,0.013715710723192,0.0,0.986284289276808
22,Kalimpong,116,2,0,0,789,0,791,0.0025284450063211,0.0,0.9974715549936788
22,Kalimpong,117,1,0,0,562,0,563,0.0017761989342806,0.0,0.9982238010657194
22,Kalimpong,118,2,0,0,345,0,347,0.0057636887608069,0.0,0.9942363112391932
22,Kalimpong,119,2,0,0,780,0,782,0.0025575447570332,0.0,0.9974424552429668
22,Kalimpong,12,0,0,0,18,0,18,0.0,0.0,1.0
22,Kalimpong,120,2,0,0,654,0,656,0.0030487804878048,0.0,0.9969512195121952
22,Kalimpong,121,6,0,0,457,0,463,0.0129589632829373,0.0,0.9870410367170628
22,Kalimpong,122,7,0,0,630,0,637,0.0109890109890109,0.0,0.989010989010989
22,Kalimpong,123,12,0,0,645,0,657,0.0182648401826484,0.0,0.9817351598173516
22,Kalimpong,124,4,0,0,503,0,507,0.0078895463510848,0.0,0.9921104536489151
22,Kalimpong,125,2,0,0,474,0,476,0.0042016806722689,0.0,0.9957983193277312
22,Kalimpong,126,16,0,0,635,0,651,0.0245775729646697,0.0,0.9754224270353302
22,Kalimpong,127,5,0,0,511,0,516,0.0096899224806201,0.0,0.9903100775193798
22,Kalimpong,128,26,0,0,685,0,711,0.0365682137834036,0.0,0.9634317862165964
22,Kalimpong,129,7,0,0,425,0,432,0.0162037037037037,0.0,0.9837962962962964
22,Kalimpong,13,0,0,0,14,0,14,0.0,0.0,1.0
22,Kalimpong,130,6,0,0,353,0,359,0.0167130919220055,0.0,0.9832869080779943
22,Kalimpong,131,3,0,0,446,0,449,0.0066815144766146,0.0,0.9933184855233852
22,Kalimpong,14,0,0,0,12,0,12,0.0,0.0,1.0
22,Kalimpong,15,0,0,0,11,0,11,0.0,0.0,1.0
22,Kalimpong,16,0,0,0,10,0,10,0.0,0.0,1.0
22,Kalimpong,17,0,0,0,557,0,557,0.0,0.0,1.0
22,Kalimpong,171,0,0,0,493,0,493,0.0,0.0,1.0
22,Kalimpong,17S,0,0,0,761,0,761,0.0,0.0,1.0
22,Kalimpong,186,0,0,0,494,0,494,0.0,0.0,1.0
22,Kalimpong,187,0,0,0,475,0,475,0.0,0.0,1.0
22,Kalimpong,196,0,0,4,951,0,955,0.0,0.0,0.9958115183246072
22,Kalimpong,2,0,0,0,31,0,31,0.0,0.0,1.0
22,Kalimpong,201,0,0,0,679,0,679,0.0,0.0,1.0
22,Kalimpong,3,0,0,0,468,0,468,0.0,0.0,1.0
22,Kalimpong,300,0,0,0,332,0,332,0.0,0.0,1.0
22,Kalimpong,33,6,0,0,478,0,484,0.012396694214876,0.0,0.987603305785124
22,Kalimpong,4,0,0,0,18,0,18,0.0,0.0,1.0
22,Kalimpong,5,0,0,0,13,0,13,0.0,0.0,1.0
22,Kalimpong,6,4,0,0,447,0,451,0.0088691796008869,0.0,0.991130820399113
22,Kalimpong,65,5,0,55,175,0,235,0.0212765957446808,0.0,0.7446808510638298
22,Kalimpong,66,7,0,56,324,0,387,0.0180878552971576,0.0,0.8372093023255814
22,Kalimpong,67,3,0,564,170,0,737,0.0040705563093622,0.0,0.2306648575305291
22,Kalimpong,68,7,0,57,194,0,258,0.0271317829457364,0.0,0.751937984496124
22,Kalimpong,69,1,0,0,144,0,145,0.0068965517241379,0.0,0.993103448275862
22,Kalimpong,7,0,0,0,20,0,20,0.0,0.0,1.0
22,Kalimpong,70,224,0,12,38,0,274,0.8175182481751825,0.0,0.1386861313868613
22,Kalimpong,71,200,0,5,15,0,220,0.9090909090909092,0.0,0.0681818181818181
22,Kalimpong,72,340,0,12,14,0,366,0.9289617486338798,0.0,0.0382513661202185
22,Kalimpong,74,98,0,5,3,0,106,0.9245283018867924,0.0,0.0283018867924528
22,Kalimpong,75,296,0,4,11,0,311,0.9517684887459807,0.0,0.0353697749196141
22,Kalimpong,76,322,0,8,16,0,346,0.930635838150289,0.0,0.0462427745664739
22,Kalimpong,77,5,0,82,255,0,342,0.0146198830409356,0.0,0.7456140350877193
22,Kalimpong,78,1,0,82,181,0,264,0.0037878787878787,0.0,0.6856060606060606
22,Kalimpong,79,8,0,81,284,0,373,0.0214477211796246,0.0,0.7613941018766756
22,Kalimpong,8,0,0,0,11,0,11,0.0,0.0,1.0
22,Kalimpong,80,2,0,0,286,0,288,0.0069444444444444,0.0,0.9930555555555556
22,Kalimpong,9,0,0,0,20,0,20,0.0,0.0,1.0
23,Darjeeling,1,183,5,0,402,0,590,0.3101694915254237,0.0,0.6813559322033899
23,Darjeeling,10,136,6,0,485,0,627,0.2169059011164274,0.0,0.773524720893142
23,Darjeeling,106,62,0,0,340,0,402,0.154228855721393,0.0,0.845771144278607
23,Darjeeling,107,276,0,0,458,0,734,0.3760217983651226,0.0,0.6239782016348774
23,Darjeeling,108,92,0,0,453,0,545,0.1688073394495413,0.0,0.8311926605504587
23,Darjeeling,109,48,0,0,439,0,487,0.0985626283367556,0.0,0.9014373716632444
23,Darjeeling,11,188,3,0,396,0,587,0.3202725724020443,0.0,0.6746166950596252
23,Darjeeling,110,134,0,0,503,0,637,0.2103610675039246,0.0,0.7896389324960753
23,Darjeeling,111,104,0,0,413,0,517,0.2011605415860735,0.0,0.7988394584139265
23,Darjeeling,112,96,0,0,576,0,672,0.1428571428571428,0.0,0.8571428571428571
23,Darjeeling,113,64,0,0,538,0,602,0.1063122923588039,0.0,0.893687707641196
23,Darjeeling,114,26,0,0,419,0,445,0.0584269662921348,0.0,0.9415730337078652
23,Darjeeling,115,86,0,0,559,0,645,0.1333333333333333,0.0,0.8666666666666667
23,Darjeeling,116,54,0,0,632,0,686,0.0787172011661807,0.0,0.9212827988338192
23,Darjeeling,117,94,0,0,516,0,610,0.1540983606557377,0.0,0.8459016393442623
23,Darjeeling,118,46,0,0,407,0,453,0.1015452538631346,0.0,0.8984547461368654
23,Darjeeling,119,104,0,0,435,0,539,0.1929499072356215,0.0,0.8070500927643784
23,Darjeeling,120,42,0,0,308,0,350,0.12,0.0,0.88
23,Darjeeling,121,172,0,0,570,0,742,0.2318059299191374,0.0,0.7681940700808625
23,Darjeeling,122,202,0,0,527,0,729,0.2770919067215363,0.0,0.7229080932784636
23,Darjeeling,123,378,0,0,239,0,617,0.6126418152350082,0.0,0.3873581847649919
23,Darjeeling,124,380,0,0,432,0,812,0.4679802955665024,0.0,0.5320197044334976
23,Darjeeling,125,344,0,0,605,0,949,0.3624868282402529,0.0,0.6375131717597471
23,Darjeeling,126,446,0,0,520,0,966,0.4616977225672878,0.0,0.5383022774327122
23,Darjeeling,127,212,0,0,439,0,651,0.325652841781874,0.0,0.674347158218126
23,Darjeeling,128,152,0,0,297,0,449,0.3385300668151447,0.0,0.6614699331848553
23,Darjeeling,129,192,0,0,217,0,409,0.4694376528117359,0.0,0.530562347188264
23,Darjeeling,13,176,4,0,258,0,438,0.4018264840182648,0.0,0.589041095890411
23,Darjeeling,130,236,0,0,415,0,651,0.3625192012288786,0.0,0.6374807987711214
23,Darjeeling,131,264,0,0,404,0,668,0.3952095808383233,0.0,0.6047904191616766
23,Darjeeling,132,564,0,0,456,0,1020,0.5529411764705883,0.0,0.4470588235294118
23,Darjeeling,133,294,0,0,332,0,626,0.4696485623003195,0.0,0.5303514376996805
23,Darjeeling,134,360,0,0,225,0,585,0.6153846153846154,0.0,0.3846153846153846
23,Darjeeling,135,422,0,0,421,0,843,0.5005931198102017,0.0,0.4994068801897983
23,Darjeeling,136,432,0,0,413,0,845,0.5112426035502958,0.0,0.4887573964497041
23,Darjeeling,137,518,0,0,345,0,863,0.6002317497103129,0.0,0.3997682502896871
23,Darjeeling,138,256,0,0,461,0,717,0.3570432357043235,0.0,0.6429567642956764
23,Darjeeling,139,340,0,0,486,0,826,0.4116222760290557,0.0,0.5883777239709443
23,Darjeeling,14,177,2,0,295,0,474,0.3734177215189873,0.0,0.6223628691983122
23,Darjeeling,140,288,0,0,599,0,887,0.3246899661781285,0.0,0.6753100338218715
23,Darjeeling,141,92,0,0,674,0,766,0.1201044386422976,0.0,0.8798955613577023
23,Darjeeling,142,332,0,0,476,0,808,0.4108910891089108,0.0,0.5891089108910891
23,Darjeeling,143,252,0,0,429,0,681,0.3700440528634361,0.0,0.6299559471365639
23,Darjeeling,144,674,0,0,439,0,1113,0.605570530098832,0.0,0.394429469901168
23,Darjeeling,145,258,0,0,332,0,590,0.4372881355932203,0.0,0.5627118644067797
23,Darjeeling,146,564,0,0,285,0,849,0.6643109540636042,0.0,0.3356890459363957
23,Darjeeling,147,408,0,0,272,0,680,0.6,0.0,0.4
23,Darjeeling,148,144,5,0,815,0,964,0.1493775933609958,0.0,0.8454356846473029
23,Darjeeling,149,135,2,0,608,0,745,0.1812080536912751,0.0,0.8161073825503355
23,Darjeeling,15,56,3,0,162,0,221,0.253393665158371,0.0,0.7330316742081447
23,Darjeeling,150,140,2,0,530,0,672,0.2083333333333333,0.0,0.7886904761904762
23,Darjeeling,151,149,6,0,728,0,883,0.1687429218573046,0.0,0.8244620611551529
23,Darjeeling,152,138,3,0,670,0,811,0.1701602959309494,0.0,0.8261405672009864
23,Darjeeling,153,149,4,0,610,0,763,0.1952817824377457,0.0,0.799475753604194
23,Darjeeling,154,148,2,0,603,0,753,0.196547144754316,0.0,0.8007968127490039
23,Darjeeling,155,149,2,0,408,0,559,0.2665474060822898,0.0,0.7298747763864043
23,Darjeeling,156,142,4,0,676,0,822,0.1727493917274939,0.0,0.8223844282238443
23,Darjeeling,157,149,3,0,503,0,655,0.2274809160305343,0.0,0.76793893129771
23,Darjeeling,158,144,8,0,678,0,830,0.1734939759036144,0.0,0.8168674698795181
23,Darjeeling,159,145,8,0,827,0,980,0.1479591836734693,0.0,0.8438775510204082
23,Darjeeling,16,158,1,0,317,0,476,0.3319327731092437,0.0,0.6659663865546218
23,Darjeeling,160,720,0,0,556,0,1276,0.5642633228840125,0.0,0.4357366771159874
23,Darjeeling,161,147,4,0,526,0,677,0.2171344165435746,0.0,0.7769571639586411
23,Darjeeling,162,160,4,0,658,0,822,0.194647201946472,0.0,0.8004866180048662
23,Darjeeling,163,697,0,0,527,0,1224,0.5694444444444444,0.0,0.4305555555555556
23,Darjeeling,164,152,6,0,498,0,656,0.2317073170731707,0.0,0.7591463414634146
23,Darjeeling,165,12,3,0,483,0,498,0.0240963855421686,0.0,0.9698795180722892
23,Darjeeling,166,171,6,0,845,0,1022,0.1673189823874755,0.0,0.8268101761252447
23,Darjeeling,167,154,3,0,526,0,683,0.2254758418740849,0.0,0.7701317715959004
23,Darjeeling,168,0,3,0,419,0,422,0.0,0.0,0.9928909952606636
23,Darjeeling,169,659,11,0,368,0,1038,0.6348747591522158,0.0,0.3545279383429672
23,Darjeeling,17,202,8,0,354,0,564,0.3581560283687943,0.0,0.6276595744680851
23,Darjeeling,170,774,9,0,474,0,1257,0.6157517899761337,0.0,0.3770883054892601
23,Darjeeling,171,455,3,0,238,0,696,0.6537356321839081,0.0,0.3419540229885057
23,Darjeeling,172,710,7,0,676,0,1393,0.5096913137114142,0.0,0.4852835606604451
23,Darjeeling,173,815,1,0,644,0,1460,0.5582191780821918,0.0,0.4410958904109589
23,Darjeeling,174,488,6,0,544,0,1038,0.4701348747591522,0.0,0.5240847784200385
23,Darjeeling,175,831,5,0,614,0,1450,0.573103448275862,0.0,0.4234482758620689
23,Darjeeling,176,688,5,0,330,0,1023,0.6725317693059628,0.0,0.3225806451612903
23,Darjeeling,177,505,0,0,202,0,707,0.7142857142857143,0.0,0.2857142857142857
23,Darjeeling,178,792,5,0,434,0,1231,0.6433793663688059,0.0,0.3525588952071486
23,Darjeeling,179,441,4,0,406,0,851,0.518213866039953,0.0,0.4770857814336075
23,Darjeeling,18,304,6,0,365,0,675,0.4503703703703703,0.0,0.5407407407407407
23,Darjeeling,180,564,5,0,272,0,841,0.6706302021403091,0.0,0.3234244946492271
23,Darjeeling,181,669,2,0,332,0,1003,0.6669990029910269,0.0,0.3310069790628115
23,Darjeeling,182,914,5,0,570,0,1489,0.6138347884486233,0.0,0.3828072531900604
23,Darjeeling,183,795,3,0,476,0,1274,0.6240188383045526,0.0,0.3736263736263736
23,Darjeeling,184,438,5,0,418,0,861,0.5087108013937283,0.0,0.4854819976771196
23,Darjeeling,185,515,5,0,360,0,880,0.5852272727272727,0.0,0.4090909090909091
23,Darjeeling,186,704,5,0,566,0,1275,0.552156862745098,0.0,0.4439215686274509
23,Darjeeling,187,729,6,0,352,0,1087,0.6706531738730451,0.0,0.3238270469181232
23,Darjeeling,188,608,7,0,460,0,1075,0.5655813953488372,0.0,0.427906976744186
23,Darjeeling,189,861,5,0,586,0,1452,0.5929752066115702,0.0,0.4035812672176309
23,Darjeeling,19,123,31,0,309,0,463,0.265658747300216,0.0,0.6673866090712743
23,Darjeeling,190,474,0,0,332,0,806,0.5880893300248139,0.0,0.4119106699751861
23,Darjeeling,191,422,0,0,346,0,768,0.5494791666666666,0.0,0.4505208333333333
23,Darjeeling,192,562,0,0,433,0,995,0.5648241206030151,0.0,0.4351758793969849
23,Darjeeling,193,370,0,0,458,0,828,0.4468599033816425,0.0,0.5531400966183575
23,Darjeeling,194,504,0,0,1008,0,1512,0.3333333333333333,0.0,0.6666666666666666
23,Darjeeling,195,396,0,0,935,0,1331,0.2975206611570248,0.0,0.7024793388429752
23,Darjeeling,196,376,0,0,870,0,1246,0.3017656500802568,0.0,0.6982343499197432
23,Darjeeling,197,308,0,0,859,0,1167,0.2639245929734362,0.0,0.7360754070265638
23,Darjeeling,198,456,0,0,934,0,1390,0.3280575539568345,0.0,0.6719424460431654
23,Darjeeling,199,276,0,0,653,0,929,0.2970936490850376,0.0,0.7029063509149623
23,Darjeeling,199A,0,0,0,356,0,356,0.0,0.0,1.0
23,Darjeeling,2,215,3,0,448,0,666,0.3228228228228228,0.0,0.6726726726726727
23,Darjeeling,200,588,0,0,854,0,1442,0.4077669902912621,0.0,0.5922330097087378
23,Darjeeling,201,534,0,0,692,0,1226,0.4355628058727569,0.0,0.564437194127243
23,Darjeeling,202,420,0,0,870,0,1290,0.3255813953488372,0.0,0.6744186046511628
23,Darjeeling,203,400,0,0,955,0,1355,0.2952029520295203,0.0,0.7047970479704797
23,Darjeeling,204,608,0,0,759,0,1367,0.4447695683979517,0.0,0.5552304316020483
23,Darjeeling,205,274,0,0,815,0,1089,0.2516069788797062,0.0,0.7483930211202938
23,Darjeeling,206,94,0,0,1021,0,1115,0.084304932735426,0.0,0.915695067264574
23,Darjeeling,207,812,0,0,851,0,1663,0.4882742032471437,0.0,0.5117257967528562
23,Darjeeling,208,556,0,0,753,0,1309,0.4247517188693659,0.0,0.5752482811306341
23,Darjeeling,209,256,0,0,718,0,974,0.2628336755646817,0.0,0.7371663244353183
23,Darjeeling,209A,0,0,0,314,0,314,0.0,0.0,1.0
23,Darjeeling,210,222,0,0,718,0,940,0.2361702127659574,0.0,0.7638297872340426
23,Darjeeling,211,0,0,0,478,0,478,0.0,0.0,1.0
23,Darjeeling,212,0,0,0,238,0,238,0.0,0.0,1.0
23,Darjeeling,22,0,0,0,334,0,334,0.0,0.0,1.0
23,Darjeeling,23,0,0,0,656,0,656,0.0,0.0,1.0
23,Darjeeling,24,0,0,0,500,0,500,0.0,0.0,1.0
23,Darjeeling,25,0,0,0,506,0,506,0.0,0.0,1.0
23,Darjeeling,253,231,3,0,341,0,575,0.4017391304347826,0.0,0.5930434782608696
23,Darjeeling,254,232,4,0,448,0,684,0.3391812865497076,0.0,0.6549707602339181
23,Darjeeling,255,233,7,0,1010,0,1250,0.1864,0.0,0.808
23,Darjeeling,256,234,5,0,332,0,571,0.4098073555166375,0.0,0.5814360770577933
23,Darjeeling,257,235,4,0,763,0,1002,0.2345309381237525,0.0,0.7614770459081837
23,Darjeeling,258,236,5,0,794,0,1035,0.2280193236714975,0.0,0.7671497584541063
23,Darjeeling,259,237,6,0,565,0,808,0.2933168316831683,0.0,0.6992574257425742
23,Darjeeling,26,0,0,0,593,0,593,0.0,0.0,1.0
23,Darjeeling,260,238,11,0,915,0,1164,0.20446735395189,0.0,0.7860824742268041
23,Darjeeling,261,239,9,0,714,0,962,0.2484407484407484,0.0,0.7422037422037422
23,Darjeeling,262,240,4,0,656,0,900,0.2666666666666666,0.0,0.7288888888888889
23,Darjeeling,263,241,2,0,641,0,884,0.2726244343891402,0.0,0.7251131221719457
23,Darjeeling,264,242,2,0,919,0,1163,0.2080825451418744,0.0,0.7901977644024075
23,Darjeeling,265,243,3,0,676,0,922,0.2635574837310195,0.0,0.7331887201735358
23,Darjeeling,266,244,3,0,748,0,995,0.2452261306532663,0.0,0.7517587939698492
23,Darjeeling,267,245,5,0,761,0,1011,0.2423343224530168,0.0,0.7527200791295747
23,Darjeeling,268,246,8,0,856,0,1110,0.2216216216216216,0.0,0.7711711711711712
23,Darjeeling,269,247,2,0,518,0,767,0.3220338983050847,0.0,0.6753585397653195
23,Darjeeling,27,0,0,0,650,0,650,0.0,0.0,1.0
23,Darjeeling,270,248,2,0,257,0,507,0.4891518737672584,0.0,0.5069033530571992
23,Darjeeling,271,249,1,0,492,0,742,0.3355795148247978,0.0,0.6630727762803235
23,Darjeeling,272,250,4,0,537,0,791,0.316055625790139,0.0,0.6788874841972187
23,Darjeeling,273,251,5,0,436,0,692,0.3627167630057804,0.0,0.630057803468208
23,Darjeeling,274,0,0,0,513,0,513,0.0,0.0,1.0
23,Darjeeling,275,0,0,0,622,0,622,0.0,0.0,1.0
23,Darjeeling,276,0,0,0,802,0,802,0.0,0.0,1.0
23,Darjeeling,277,0,0,0,666,0,666,0.0,0.0,1.0
23,Darjeeling,278,0,0,0,730,0,730,0.0,0.0,1.0
23,Darjeeling,279,0,0,0,646,0,646,0.0,0.0,1.0
23,Darjeeling,28,0,0,0,332,0,332,0.0,0.0,1.0
23,Darjeeling,280,0,0,0,606,0,606,0.0,0.0,1.0
23,Darjeeling,281,0,0,0,649,0,649,0.0,0.0,1.0
23,Darjeeling,282,0,0,0,834,0,834,0.0,0.0,1.0
23,Darjeeling,283,0,0,0,753,0,753,0.0,0.0,1.0
23,Darjeeling,284,0,0,0,670,0,670,0.0,0.0,1.0
23,Darjeeling,285,0,0,0,663,0,663,0.0,0.0,1.0
23,Darjeeling,286,0,0,0,721,0,721,0.0,0.0,1.0
23,Darjeeling,287,0,0,0,748,0,748,0.0,0.0,1.0
23,Darjeeling,288,0,0,0,596,0,596,0.0,0.0,1.0
23,Darjeeling,289,0,0,0,376,0,376,0.0,0.0,1.0
23,Darjeeling,29,0,0,0,679,0,679,0.0,0.0,1.0
23,Darjeeling,290,0,0,0,509,0,509,0.0,0.0,1.0
23,Darjeeling,291,0,0,0,633,0,633,0.0,0.0,1.0
23,Darjeeling,292,0,0,0,679,0,679,0.0,0.0,1.0
23,Darjeeling,293,0,0,0,570,0,570,0.0,0.0,1.0
23,Darjeeling,294,0,0,0,722,0,722,0.0,0.0,1.0
23,Darjeeling,296,492,0,0,956,0,1448,0.3397790055248619,0.0,0.6602209944751382
23,Darjeeling,297,609,0,0,927,0,1536,0.396484375,0.0,0.603515625
23,Darjeeling,298,502,0,0,1038,0,1540,0.3259740259740259,0.0,0.674025974025974
23,Darjeeling,299,601,0,0,977,0,1578,0.3808618504435995,0.0,0.6191381495564005
23,Darjeeling,3,54,2,0,199,0,255,0.2117647058823529,0.0,0.7803921568627451
23,Darjeeling,30,0,0,0,390,0,390,0.0,0.0,1.0
23,Darjeeling,300,358,0,0,720,0,1078,0.3320964749536178,0.0,0.6679035250463822
23,Darjeeling,301,402,0,0,531,0,933,0.4308681672025723,0.0,0.5691318327974276
23,Darjeeling,302,777,0,0,930,0,1707,0.4551845342706502,0.0,0.5448154657293497
23,Darjeeling,303,502,0,0,1175,0,1677,0.2993440667859272,0.0,0.7006559332140727
23,Darjeeling,304,605,0,0,788,0,1393,0.4343144292893036,0.0,0.5656855707106964
23,Darjeeling,305,582,0,0,967,0,1549,0.3757262750161394,0.0,0.6242737249838606
23,Darjeeling,306,307,0,0,1046,0,1353,0.2269031781226903,0.0,0.7730968218773097
23,Darjeeling,307,563,0,0,869,0,1432,0.3931564245810056,0.0,0.6068435754189944
23,Darjeeling,308,346,0,0,704,0,1050,0.3295238095238095,0.0,0.6704761904761904
23,Darjeeling,309,439,0,0,418,0,857,0.5122520420070011,0.0,0.4877479579929988
23,Darjeeling,31,0,0,0,485,0,485,0.0,0.0,1.0
23,Darjeeling,310,637,0,0,697,0,1334,0.4775112443778111,0.0,0.5224887556221889
23,Darjeeling,311,468,0,0,832,0,1300,0.36,0.0,0.64
23,Darjeeling,312,289,0,0,929,0,1218,0.2372742200328407,0.0,0.7627257799671593
23,Darjeeling,313,606,0,0,804,0,1410,0.4297872340425532,0.0,0.5702127659574469
23,Darjeeling,314,638,0,0,1179,0,1817,0.3511282333516786,0.0,0.6488717666483214
23,Darjeeling,315,207,0,0,1420,0,1627,0.1272280270436386,0.0,0.8727719729563614
23,Darjeeling,318,4,295,0,616,0,915,0.0043715846994535,0.0,0.673224043715847
23,Darjeeling,319,5,0,0,338,0,343,0.0145772594752186,0.0,0.9854227405247812
23,Darjeeling,32,0,0,0,550,0,550,0.0,0.0,1.0
23,Darjeeling,320,6,296,0,457,0,759,0.0079051383399209,0.0,0.6021080368906456
23,Darjeeling,321,5,297,0,524,0,826,0.0060532687651331,0.0,0.6343825665859564
23,Darjeeling,322,7,298,0,735,0,1040,0.0067307692307692,0.0,0.7067307692307693
23,Darjeeling,323,7,299,0,360,0,666,0.0105105105105105,0.0,0.5405405405405406
23,Darjeeling,324,7,300,0,398,0,705,0.0099290780141843,0.0,0.5645390070921986
23,Darjeeling,325,3,0,0,398,0,401,0.0074812967581047,0.0,0.9925187032418952
23,Darjeeling,326,1,301,0,381,0,683,0.0014641288433382,0.0,0.5578330893118595
23,Darjeeling,327,4,0,0,416,0,420,0.0095238095238095,0.0,0.9904761904761904
23,Darjeeling,328,10,302,0,516,0,828,0.0120772946859903,0.0,0.6231884057971014
23,Darjeeling,329,8,303,0,609,0,920,0.008695652173913,0.0,0.6619565217391304
23,Darjeeling,33,0,0,0,437,0,437,0.0,0.0,1.0
23,Darjeeling,330,6,304,0,373,0,683,0.0087847730600292,0.0,0.5461200585651538
23,Darjeeling,331,1,305,0,480,0,786,0.0012722646310432,0.0,0.6106870229007634
23,Darjeeling,332,1,306,0,482,0,789,0.0012674271229404,0.0,0.6108998732572877
23,Darjeeling,333,7,307,0,460,0,774,0.0090439276485788,0.0,0.5943152454780362
23,Darjeeling,334,3,0,0,367,0,370,0.0081081081081081,0.0,0.991891891891892
23,Darjeeling,335,4,308,0,382,0,694,0.0057636887608069,0.0,0.5504322766570605
23,Darjeeling,336,2,309,0,536,0,847,0.0023612750885478,0.0,0.6328217237308147
23,Darjeeling,337,1062,7,0,632,0,1701,0.6243386243386243,0.0,0.3715461493239271
23,Darjeeling,338,677,4,0,450,0,1131,0.5985853227232537,0.0,0.3978779840848806
23,Darjeeling,339,1014,0,0,524,0,1538,0.659297789336801,0.0,0.3407022106631989
23,Darjeeling,34,0,0,0,469,0,469,0.0,0.0,1.0
23,Darjeeling,340,979,5,0,540,0,1524,0.6423884514435696,0.0,0.3543307086614173
23,Darjeeling,341,700,3,0,818,0,1521,0.460223537146614,0.0,0.5378040762656148
23,Darjeeling,342,777,2,0,406,0,1185,0.6556962025316456,0.0,0.3426160337552743
23,Darjeeling,343,314,4,0,392,0,710,0.4422535211267606,0.0,0.5521126760563381
23,Darjeeling,344,1140,4,0,584,0,1728,0.6597222222222222,0.0,0.3379629629629629
23,Darjeeling,345,603,6,0,694,0,1303,0.4627782041442824,0.0,0.5326170376055257
23,Darjeeling,346,568,6,0,516,0,1090,0.5211009174311927,0.0,0.473394495412844
23,Darjeeling,347,655,8,0,558,0,1221,0.5364455364455365,0.0,0.457002457002457
23,Darjeeling,348,502,3,0,722,0,1227,0.4091279543602282,0.0,0.5884270578647107
23,Darjeeling,349,721,7,0,892,0,1620,0.4450617283950617,0.0,0.5506172839506173
23,Darjeeling,35,0,0,0,713,0,713,0.0,0.0,1.0
23,Darjeeling,36,0,0,0,452,0,452,0.0,0.0,1.0
23,Darjeeling,37,0,0,0,480,0,480,0.0,0.0,1.0
23,Darjeeling,38,0,0,0,622,0,622,0.0,0.0,1.0
23,Darjeeling,39,0,0,0,613,0,613,0.0,0.0,1.0
23,Darjeeling,4,130,2,0,343,0,475,0.2736842105263158,0.0,0.7221052631578947
23,Darjeeling,40,0,0,0,750,0,750,0.0,0.0,1.0
23,Darjeeling,41,0,0,0,585,0,585,0.0,0.0,1.0
23,Darjeeling,42,0,0,0,366,0,366,0.0,0.0,1.0
23,Darjeeling,43,17,40,0,0,0,57,0.2982456140350877,0.0,0.0
23,Darjeeling,44,10,41,0,0,0,51,0.196078431372549,0.0,0.0
23,Darjeeling,45,6,42,0,0,0,48,0.125,0.0,0.0
23,Darjeeling,46,7,43,0,0,0,50,0.14,0.0,0.0
23,Darjeeling,47,4,44,0,0,0,48,0.0833333333333333,0.0,0.0
23,Darjeeling,48,6,0,0,0,0,6,1.0,0.0,0.0
23,Darjeeling,49,7,45,0,0,0,52,0.1346153846153846,0.0,0.0
23,Darjeeling,5,119,1,0,281,0,401,0.2967581047381546,0.0,0.7007481296758105
23,Darjeeling,50,7,46,0,0,0,53,0.1320754716981132,0.0,0.0
23,Darjeeling,51,2,47,0,0,0,49,0.0408163265306122,0.0,0.0
23,Darjeeling,52,13,48,0,0,0,61,0.2131147540983606,0.0,0.0
23,Darjeeling,53,10,49,0,0,0,59,0.1694915254237288,0.0,0.0
23,Darjeeling,54,3,50,0,0,0,53,0.0566037735849056,0.0,0.0
23,Darjeeling,55,12,51,0,0,0,63,0.1904761904761904,0.0,0.0
23,Darjeeling,56,7,0,0,0,0,7,1.0,0.0,0.0
23,Darjeeling,57,12,52,0,0,0,64,0.1875,0.0,0.0
23,Darjeeling,58,4,53,0,0,0,57,0.0701754385964912,0.0,0.0
23,Darjeeling,59,10,54,0,0,0,64,0.15625,0.0,0.0
23,Darjeeling,5A,149,6,0,174,0,329,0.4528875379939209,0.0,0.5288753799392097
23,Darjeeling,6,237,8,0,322,0,567,0.4179894179894179,0.0,0.5679012345679012
23,Darjeeling,60,10,55,0,0,0,65,0.1538461538461538,0.0,0.0
23,Darjeeling,61,35,56,0,0,0,91,0.3846153846153846,0.0,0.0
23,Darjeeling,62,10,0,0,0,0,10,1.0,0.0,0.0
23,Darjeeling,63,14,57,0,0,0,71,0.1971830985915492,0.0,0.0
23,Darjeeling,64,96,8,0,558,0,662,0.1450151057401812,0.0,0.8429003021148036
23,Darjeeling,65,410,20,0,454,0,884,0.4638009049773756,0.0,0.5135746606334841
23,Darjeeling,66,615,9,0,756,0,1380,0.4456521739130434,0.0,0.5478260869565217
23,Darjeeling,67,586,8,0,962,0,1556,0.3766066838046272,0.0,0.6182519280205655
23,Darjeeling,68,405,2,0,880,0,1287,0.3146853146853147,0.0,0.6837606837606838
23,Darjeeling,69,300,2,0,954,0,1256,0.2388535031847133,0.0,0.7595541401273885
23,Darjeeling,7,64,2,0,329,0,395,0.1620253164556962,0.0,0.8329113924050633
23,Darjeeling,70,531,9,0,960,0,1500,0.354,0.0,0.64
23,Darjeeling,71,342,2,0,734,0,1078,0.3172541743970315,0.0,0.6808905380333952
23,Darjeeling,72,511,9,0,854,0,1374,0.3719068413391557,0.0,0.6215429403202329
23,Darjeeling,73,270,5,0,420,0,695,0.3884892086330935,0.0,0.60431654676259
23,Darjeeling,74,345,9,0,506,0,860,0.4011627906976744,0.0,0.5883720930232558
23,Darjeeling,75,528,5,0,566,0,1099,0.4804367606915377,0.0,0.5150136487716106
23,Darjeeling,76,387,2,0,642,0,1031,0.3753637245392822,0.0,0.6226964112512124
23,Darjeeling,77,332,3,0,616,0,951,0.3491062039957939,0.0,0.647739221871714
23,Darjeeling,78,242,2,0,524,0,768,0.3151041666666667,0.0,0.6822916666666666
23,Darjeeling,79,163,1,0,392,0,556,0.2931654676258993,0.0,0.7050359712230215
23,Darjeeling,7A,98,3,0,321,0,422,0.2322274881516587,0.0,0.7606635071090048
23,Darjeeling,8,106,4,0,287,0,397,0.2670025188916876,0.0,0.7229219143576826
23,Darjeeling,80,172,1,0,410,0,583,0.2950257289879931,0.0,0.7032590051457976
23,Darjeeling,81,483,1,0,528,0,1012,0.4772727272727273,0.0,0.5217391304347826
23,Darjeeling,82,446,2,0,486,0,934,0.4775160599571734,0.0,0.5203426124197003
23,Darjeeling,83,689,3,0,384,0,1076,0.6403345724907064,0.0,0.3568773234200743
23,Darjeeling,84,520,0,0,414,0,934,0.556745182012848,0.0,0.443254817987152
24,Kurseong,1,11,0,0,637,0,648,0.0169753086419753,0.0,0.9830246913580248
24,Kurseong,1(l,191,0,0,116,0,307,0.6221498371335505,0.0,0.3778501628664495
24,Kurseong,10,0,0,0,655,0,655,0.0,0.0,1.0
24,Kurseong,101,94,0,0,0,0,94,1.0,0.0,0.0
24,Kurseong,102,95,0,0,0,0,95,1.0,0.0,0.0
24,Kurseong,103,96,0,0,0,0,96,1.0,0.0,0.0
24,Kurseong,104,97,0,0,0,0,97,1.0,0.0,0.0
24,Kurseong,105,98,0,0,0,0,98,1.0,0.0,0.0
24,Kurseong,106,99,0,0,0,0,99,1.0,0.0,0.0
24,Kurseong,107,100,0,0,0,0,100,1.0,0.0,0.0
24,Kurseong,108,101,0,0,0,0,101,1.0,0.0,0.0
24,Kurseong,109,102,0,0,0,0,102,1.0,0.0,0.0
24,Kurseong,11,8,0,0,566,0,574,0.0139372822299651,0.0,0.9860627177700348
24,Kurseong,110,103,0,0,0,0,103,1.0,0.0,0.0
24,Kurseong,12,4,0,0,586,0,590,0.0067796610169491,0.0,0.9932203389830508
24,Kurseong,13,8,0,0,660,0,668,0.0119760479041916,0.0,0.9880239520958084
24,Kurseong,14,5,0,0,420,0,425,0.0117647058823529,0.0,0.9882352941176472
24,Kurseong,15,11,0,0,703,0,714,0.0154061624649859,0.0,0.984593837535014
24,Kurseong,155,10,0,0,112,0,122,0.081967213114754,0.0,0.918032786885246
24,Kurseong,156,0,0,0,351,0,351,0.0,0.0,1.0
24,Kurseong,157,0,0,0,185,0,185,0.0,0.0,1.0
24,Kurseong,158,0,0,0,168,0,168,0.0,0.0,1.0
24,Kurseong,159,0,0,0,6,0,6,0.0,0.0,1.0
24,Kurseong,16,1,0,0,361,0,362,0.0027624309392265,0.0,0.9972375690607734
24,Kurseong,160,0,0,0,132,0,132,0.0,0.0,1.0
24,Kurseong,161,149,0,0,96,0,245,0.6081632653061224,0.0,0.3918367346938775
24,Kurseong,163,151,0,0,174,0,325,0.4646153846153846,0.0,0.5353846153846153
24,Kurseong,164,0,0,0,177,0,177,0.0,0.0,1.0
24,Kurseong,165,152,0,0,84,0,236,0.6440677966101694,0.0,0.3559322033898305
24,Kurseong,166,153,0,0,149,0,302,0.5066225165562914,0.0,0.4933774834437086
24,Kurseong,167,154,0,0,145,0,299,0.5150501672240803,0.0,0.4849498327759197
24,Kurseong,168,0,0,0,140,0,140,0.0,0.0,1.0
24,Kurseong,169,155,0,0,135,0,290,0.5344827586206896,0.0,0.4655172413793103
24,Kurseong,17,7,0,0,423,0,430,0.0162790697674418,0.0,0.983720930232558
24,Kurseong,170,156,0,0,225,0,381,0.4094488188976378,0.0,0.5905511811023622
24,Kurseong,171,157,0,0,228,0,385,0.4077922077922078,0.0,0.5922077922077922
24,Kurseong,172,158,0,0,198,0,356,0.4438202247191011,0.0,0.5561797752808989
24,Kurseong,173,159,0,0,261,0,420,0.3785714285714285,0.0,0.6214285714285714
24,Kurseong,174,160,0,0,258,0,418,0.3827751196172249,0.0,0.6172248803827751
24,Kurseong,175,161,0,0,60,0,221,0.7285067873303167,0.0,0.2714932126696832
24,Kurseong,176,162,0,0,43,0,205,0.7902439024390244,0.0,0.2097560975609756
24,Kurseong,178,0,0,0,219,0,219,0.0,0.0,1.0
24,Kurseong,179,164,0,0,169,0,333,0.4924924924924925,0.0,0.5075075075075075
24,Kurseong,18,26,0,0,425,0,451,0.0576496674057649,0.0,0.9423503325942352
24,Kurseong,180,165,0,0,287,0,452,0.3650442477876106,0.0,0.6349557522123894
24,Kurseong,181,166,0,0,207,0,373,0.4450402144772118,0.0,0.5549597855227882
24,Kurseong,182,0,0,0,196,0,196,0.0,0.0,1.0
24,Kurseong,183,167,0,0,201,0,368,0.453804347826087,0.0,0.5461956521739131
24,Kurseong,184,168,0,0,84,0,252,0.6666666666666666,0.0,0.3333333333333333
24,Kurseong,185,0,0,0,110,0,110,0.0,0.0,1.0
24,Kurseong,186,169,0,0,142,0,311,0.5434083601286174,0.0,0.4565916398713826
24,Kurseong,187,0,0,0,160,0,160,0.0,0.0,1.0
24,Kurseong,188,170,0,0,304,0,474,0.3586497890295358,0.0,0.6413502109704642
24,Kurseong,189,171,0,0,32,0,203,0.8423645320197044,0.0,0.1576354679802955
24,Kurseong,19,1,0,0,720,0,721,0.001386962552011,0.0,0.9986130374479888
24,Kurseong,190,172,0,0,243,0,415,0.4144578313253012,0.0,0.5855421686746988
24,Kurseong,191,173,0,0,244,0,417,0.4148681055155875,0.0,0.5851318944844125
24,Kurseong,193,174,0,0,230,0,404,0.4306930693069307,0.0,0.5693069306930693
24,Kurseong,194,175,0,0,215,0,390,0.4487179487179487,0.0,0.5512820512820513
24,Kurseong,195,176,0,0,243,0,419,0.4200477326968974,0.0,0.5799522673031027
24,Kurseong,196,177,0,0,199,0,376,0.4707446808510638,0.0,0.5292553191489362
24,Kurseong,197,178,0,0,142,0,320,0.55625,0.0,0.44375
24,Kurseong,198,179,0,0,140,0,319,0.5611285266457681,0.0,0.438871473354232
24,Kurseong,199,5,0,0,127,0,132,0.0378787878787878,0.0,0.9621212121212122
24,Kurseong,20,7,0,0,371,0,378,0.0185185185185185,0.0,0.9814814814814816
24,Kurseong,200,3,180,0,474,0,657,0.0045662100456621,0.0,0.7214611872146118
24,Kurseong,201,2,181,0,699,0,882,0.0022675736961451,0.0,0.7925170068027211
24,Kurseong,202,9,182,0,745,0,936,0.0096153846153846,0.0,0.7959401709401709
24,Kurseong,203,2,183,0,324,0,509,0.0039292730844793,0.0,0.6365422396856582
24,Kurseong,204,6,184,0,433,0,623,0.0096308186195826,0.0,0.695024077046549
24,Kurseong,205,2,185,0,373,0,560,0.0035714285714285,0.0,0.6660714285714285
24,Kurseong,206,6,0,0,400,0,406,0.0147783251231527,0.0,0.9852216748768472
24,Kurseong,207,4,186,0,538,0,728,0.0054945054945054,0.0,0.739010989010989
24,Kurseong,208,8,187,0,448,0,643,0.0124416796267496,0.0,0.6967340590979783
24,Kurseong,209,5,188,0,391,0,584,0.0085616438356164,0.0,0.6695205479452054
24,Kurseong,210,4,189,0,364,0,557,0.0071813285457809,0.0,0.6535008976660682
24,Kurseong,211,1,0,0,343,0,344,0.002906976744186,0.0,0.997093023255814
24,Kurseong,212,4,190,0,543,0,737,0.005427408412483,0.0,0.7367706919945726
24,Kurseong,213,7,191,0,251,0,449,0.0155902004454342,0.0,0.5590200445434298
24,Kurseong,214,1,192,0,585,0,778,0.0012853470437017,0.0,0.7519280205655527
24,Kurseong,215,0,193,0,271,0,464,0.0,0.0,0.584051724137931
24,Kurseong,216,9,194,0,580,0,783,0.0114942528735632,0.0,0.7407407407407407
24,Kurseong,217,11,195,0,439,0,645,0.0170542635658914,0.0,0.6806201550387597
24,Kurseong,218,3,0,0,416,0,419,0.0071599045346062,0.0,0.9928400954653938
24,Kurseong,219,5,196,0,527,0,728,0.0068681318681318,0.0,0.7239010989010989
24,Kurseong,220,1,197,0,631,0,829,0.0012062726176115,0.0,0.7611580217129071
24,Kurseong,223,0,0,0,200,0,200,0.0,0.0,1.0
24,Kurseong,224,0,0,0,201,0,201,0.0,0.0,1.0
24,Kurseong,225,0,0,0,202,0,202,0.0,0.0,1.0
24,Kurseong,226,0,0,0,203,0,203,0.0,0.0,1.0
24,Kurseong,227,0,0,0,204,0,204,0.0,0.0,1.0
24,Kurseong,228,0,0,0,205,0,205,0.0,0.0,1.0
24,Kurseong,230,0,0,0,206,0,206,0.0,0.0,1.0
24,Kurseong,231,0,0,0,207,0,207,0.0,0.0,1.0
24,Kurseong,232,0,0,0,208,0,208,0.0,0.0,1.0
24,Kurseong,233,0,0,0,209,0,209,0.0,0.0,1.0
24,Kurseong,235,0,0,0,210,0,210,0.0,0.0,1.0
24,Kurseong,236,0,0,0,211,0,211,0.0,0.0,1.0
24,Kurseong,237,0,0,0,212,0,212,0.0,0.0,1.0
24,Kurseong,238,0,0,0,213,0,213,0.0,0.0,1.0
24,Kurseong,240,0,0,0,214,0,214,0.0,0.0,1.0
24,Kurseong,241,0,0,0,275,0,275,0.0,0.0,1.0
24,Kurseong,253,287,0,0,454,0,741,0.3873144399460189,0.0,0.6126855600539811
24,Kurseong,265,0,0,0,50,0,50,0.0,0.0,1.0
24,Kurseong,266,0,0,0,922,0,922,0.0,0.0,1.0
24,Kurseong,267,0,0,0,894,0,894,0.0,0.0,1.0
24,Kurseong,268,0,0,0,631,0,631,0.0,0.0,1.0
24,Kurseong,269,0,0,0,408,0,408,0.0,0.0,1.0
24,Kurseong,270,0,0,0,832,0,832,0.0,0.0,1.0
24,Kurseong,271,0,0,0,928,0,928,0.0,0.0,1.0
24,Kurseong,272,0,0,0,1590,0,1590,0.0,0.0,1.0
24,Kurseong,273,0,0,0,856,0,856,0.0,0.0,1.0
24,Kurseong,274,0,0,0,924,0,924,0.0,0.0,1.0
24,Kurseong,275,0,0,0,1023,0,1023,0.0,0.0,1.0
24,Kurseong,276,0,0,0,674,0,674,0.0,0.0,1.0
24,Kurseong,277,0,0,0,421,0,421,0.0,0.0,1.0
24,Kurseong,278,0,0,0,838,0,838,0.0,0.0,1.0
24,Kurseong,279,0,0,0,804,0,804,0.0,0.0,1.0
24,Kurseong,280,0,0,0,811,0,811,0.0,0.0,1.0
24,Kurseong,281,0,0,0,813,0,813,0.0,0.0,1.0
24,Kurseong,282,0,0,0,613,0,613,0.0,0.0,1.0
24,Kurseong,283,0,0,0,508,0,508,0.0,0.0,1.0
24,Kurseong,285,0,0,0,637,0,637,0.0,0.0,1.0
24,Kurseong,286,0,0,0,399,0,399,0.0,0.0,1.0
24,Kurseong,288,0,0,0,366,0,366,0.0,0.0,1.0
24,Kurseong,289,254,0,0,345,0,599,0.4240400667779633,0.0,0.5759599332220368
24,Kurseong,290,255,0,0,391,0,646,0.3947368421052631,0.0,0.6052631578947368
24,Kurseong,291,0,0,0,402,0,402,0.0,0.0,1.0
24,Kurseong,292,256,0,0,114,0,370,0.6918918918918919,0.0,0.3081081081081081
24,Kurseong,293,257,0,0,253,0,510,0.503921568627451,0.0,0.496078431372549
24,Kurseong,294,260,0,0,617,0,877,0.2964652223489167,0.0,0.7035347776510832
24,Kurseong,295,259,0,0,537,0,796,0.3253768844221105,0.0,0.6746231155778895
24,Kurseong,296,260,0,0,690,0,950,0.2736842105263158,0.0,0.7263157894736842
24,Kurseong,297,261,0,0,596,0,857,0.3045507584597433,0.0,0.6954492415402567
24,Kurseong,298,262,0,0,254,0,516,0.5077519379844961,0.0,0.4922480620155038
24,Kurseong,299,263,0,0,409,0,672,0.3913690476190476,0.0,0.6086309523809523
24,Kurseong,3,3,0,0,520,0,523,0.005736137667304,0.0,0.994263862332696
24,Kurseong,300,0,0,0,362,0,362,0.0,0.0,1.0
24,Kurseong,301,264,0,0,410,0,674,0.3916913946587537,0.0,0.6083086053412463
24,Kurseong,302,0,0,0,384,0,384,0.0,0.0,1.0
24,Kurseong,303,265,0,0,308,0,573,0.462478184991274,0.0,0.537521815008726
24,Kurseong,304,0,0,0,425,0,425,0.0,0.0,1.0
24,Kurseong,305,266,0,0,349,0,615,0.432520325203252,0.0,0.567479674796748
24,Kurseong,306,0,0,0,453,0,453,0.0,0.0,1.0
24,Kurseong,307,267,0,0,363,0,630,0.4238095238095238,0.0,0.5761904761904761
24,Kurseong,308,268,0,0,237,0,505,0.5306930693069307,0.0,0.4693069306930693
24,Kurseong,309,0,269,0,0,0,269,0.0,0.0,0.0
24,Kurseong,310,0,270,0,0,0,270,0.0,0.0,0.0
24,Kurseong,311,0,271,0,0,0,271,0.0,0.0,0.0
24,Kurseong,312,0,272,0,0,0,272,0.0,0.0,0.0
24,Kurseong,313,0,273,0,0,0,273,0.0,0.0,0.0
24,Kurseong,314,0,274,0,0,0,274,0.0,0.0,0.0
24,Kurseong,315,0,275,0,0,0,275,0.0,0.0,0.0
24,Kurseong,316,0,276,0,0,0,276,0.0,0.0,0.0
24,Kurseong,317,0,277,0,0,0,277,0.0,0.0,0.0
24,Kurseong,318,0,278,0,0,0,278,0.0,0.0,0.0
24,Kurseong,319,0,279,0,0,0,279,0.0,0.0,0.0
24,Kurseong,320,0,280,0,0,0,280,0.0,0.0,0.0
24,Kurseong,321,0,281,0,0,0,281,0.0,0.0,0.0
24,Kurseong,322,0,282,0,0,0,282,0.0,0.0,0.0
24,Kurseong,323,0,283,0,0,0,283,0.0,0.0,0.0
24,Kurseong,324,0,284,0,0,0,284,0.0,0.0,0.0
24,Kurseong,325,0,285,0,0,0,285,0.0,0.0,0.0
24,Kurseong,326,0,286,0,0,0,286,0.0,0.0,0.0
24,Kurseong,328,0,287,0,0,0,287,0.0,0.0,0.0
24,Kurseong,329,0,290,0,0,0,290,0.0,0.0,0.0
24,Kurseong,331,0,45289,0,0,0,45289,0.0,0.0,0.0
24,Kurseong,332,58,0,0,98,0,156,0.3717948717948718,0.0,0.6282051282051282
24,Kurseong,4,1,0,0,458,0,459,0.0021786492374727,0.0,0.9978213507625272
24,Kurseong,46,8,0,0,413,0,421,0.0190023752969121,0.0,0.980997624703088
24,Kurseong,47,3,0,0,431,0,434,0.0069124423963133,0.0,0.9930875576036866
24,Kurseong,48,225,0,0,466,0,691,0.3256150506512301,0.0,0.6743849493487699
24,Kurseong,49,0,0,0,382,0,382,0.0,0.0,1.0
24,Kurseong,50,0,0,0,648,0,648,0.0,0.0,1.0
24,Kurseong,52,7,0,0,325,0,332,0.0210843373493975,0.0,0.9789156626506024
24,Kurseong,53,0,0,0,573,0,573,0.0,0.0,1.0
24,Kurseong,54,6,0,0,174,0,180,0.0333333333333333,0.0,0.9666666666666668
24,Kurseong,55,5,0,0,317,0,322,0.015527950310559,0.0,0.984472049689441
24,Kurseong,57,0,0,0,464,0,464,0.0,0.0,1.0
24,Kurseong,58,3,0,0,93,0,96,0.03125,0.0,0.96875
24,Kurseong,59,5,0,0,258,0,263,0.0190114068441064,0.0,0.9809885931558936
24,Kurseong,6,1,0,0,549,0,550,0.0018181818181818,0.0,0.9981818181818182
24,Kurseong,60,7,0,0,312,0,319,0.0219435736677116,0.0,0.9780564263322884
24,Kurseong,61,4,0,0,496,0,500,0.008,0.0,0.992
24,Kurseong,62,1,0,0,495,0,496,0.002016129032258,0.0,0.997983870967742
24,Kurseong,63,0,0,0,312,0,312,0.0,0.0,1.0
24,Kurseong,64,0,0,0,650,0,650,0.0,0.0,1.0
24,Kurseong,65,0,0,0,320,0,320,0.0,0.0,1.0
24,Kurseong,66,0,0,0,242,0,242,0.0,0.0,1.0
24,Kurseong,67,62,0,0,88,0,150,0.4133333333333333,0.0,0.5866666666666667
24,Kurseong,68,63,0,0,584,0,647,0.0973724884080371,0.0,0.9026275115919628
24,Kurseong,7,7,0,0,327,0,334,0.0209580838323353,0.0,0.9790419161676648
24,Kurseong,70,65,0,0,272,0,337,0.1928783382789317,0.0,0.8071216617210683
24,Kurseong,71,66,0,0,616,0,682,0.0967741935483871,0.0,0.9032258064516128
24,Kurseong,72,67,0,0,557,0,624,0.1073717948717948,0.0,0.8926282051282052
24,Kurseong,73,68,0,0,508,0,576,0.1180555555555555,0.0,0.8819444444444444
24,Kurseong,74,69,0,0,497,0,566,0.1219081272084805,0.0,0.8780918727915195
24,Kurseong,75,70,0,0,313,0,383,0.1827676240208877,0.0,0.8172323759791122
24,Kurseong,76,71,0,0,745,0,816,0.0870098039215686,0.0,0.9129901960784312
24,Kurseong,77,72,0,0,183,0,255,0.2823529411764706,0.0,0.7176470588235294
24,Kurseong,78,95,0,0,478,0,573,0.1657940663176265,0.0,0.8342059336823735
24,Kurseong,79,74,0,0,475,0,549,0.1347905282331511,0.0,0.8652094717668488
24,Kurseong,80,75,0,0,538,0,613,0.1223491027732463,0.0,0.8776508972267537
24,Kurseong,81,76,0,0,356,0,432,0.1759259259259259,0.0,0.8240740740740741
24,Kurseong,82,77,0,0,363,0,440,0.175,0.0,0.825
24,Kurseong,83,0,0,0,373,0,373,0.0,0.0,1.0
24,Kurseong,84,78,0,0,506,0,584,0.1335616438356164,0.0,0.8664383561643836
24,Kurseong,85,79,0,0,532,0,611,0.1292962356792144,0.0,0.8707037643207856
24,Kurseong,86,80,0,0,623,0,703,0.1137980085348506,0.0,0.8862019914651493
24,Kurseong,87,81,0,0,628,0,709,0.1142454160789844,0.0,0.8857545839210155
24,Kurseong,88,82,0,0,567,0,649,0.1263482280431433,0.0,0.8736517719568567
24,Kurseong,89,240,0,0,0,0,240,1.0,0.0,0.0
24,Kurseong,90,84,0,0,0,0,84,1.0,0.0,0.0
24,Kurseong,91,85,0,0,0,0,85,1.0,0.0,0.0
24,Kurseong,92,86,0,0,0,0,86,1.0,0.0,0.0
24,Kurseong,93,0,0,0,0,0,0,,,
24,Kurseong,94,88,0,0,0,0,88,1.0,0.0,0.0
24,Kurseong,96,89,0,0,0,0,89,1.0,0.0,0.0
24,Kurseong,97,90,0,0,0,0,90,1.0,0.0,0.0
24,Kurseong,98,91,0,0,0,0,91,1.0,0.0,0.0
24,Kurseong,99,0,0,0,0,0,0,,,
25,Matigara-Naxalbari (SC),1,0,0,0,273,0,273,0.0,0.0,1.0
25,Matigara-Naxalbari (SC),10,0,0,0,319,0,319,0.0,0.0,1.0
25,Matigara-Naxalbari (SC),100,0,0,0,722,0,722,0.0,0.0,1.0
25,Matigara-Naxalbari (SC),102,0,0,0,856,0,856,0.0,0.0,1.0
25,Matigara-Naxalbari (SC),103,0,0,0,421,0,421,0.0,0.0,1.0
25,Matigara-Naxalbari (SC),104,0,0,0,216,0,216,0.0,0.0,1.0
25,Matigara-Naxalbari (SC),105,0,0,0,426,0,426,0.0,0.0,1.0
25,Matigara-Naxalbari (SC),105A,0,0,0,462,0,462,0.0,0.0,1.0
25,Matigara-Naxalbari (SC),106,0,0,0,601,0,601,0.0,0.0,1.0
25,Matigara-Naxalbari (SC),106A,0,0,0,639,0,639,0.0,0.0,1.0
25,Matigara-Naxalbari (SC),107,0,0,0,666,0,666,0.0,0.0,1.0
25,Matigara-Naxalbari (SC),108,0,0,0,646,0,646,0.0,0.0,1.0
25,Matigara-Naxalbari (SC),109,0,0,0,535,0,535,0.0,0.0,1.0
25,Matigara-Naxalbari (SC),11,0,0,0,218,0,218,0.0,0.0,1.0
25,Matigara-Naxalbari (SC),110,0,0,0,615,0,615,0.0,0.0,1.0
25,Matigara-Naxalbari (SC),111,0,0,0,498,0,498,0.0,0.0,1.0
25,Matigara-Naxalbari (SC),111A,0,0,0,524,0,524,0.0,0.0,1.0
25,Matigara-Naxalbari (SC),112,0,0,0,897,0,897,0.0,0.0,1.0
25,Matigara-Naxalbari (SC),113,0,0,0,522,0,522,0.0,0.0,1.0
25,Matigara-Naxalbari (SC),114,0,0,0,461,0,461,0.0,0.0,1.0
25,Matigara-Naxalbari (SC),115,0,0,0,684,0,684,0.0,0.0,1.0
25,Matigara-Naxalbari (SC),116,0,0,0,524,0,524,0.0,0.0,1.0
25,Matigara-Naxalbari (SC),117,0,0,0,513,0,513,0.0,0.0,1.0
25,Matigara-Naxalbari (SC),117A,0,0,0,528,0,528,0.0,0.0,1.0
25,Matigara-Naxalbari (SC),118,0,0,0,678,0,678,0.0,0.0,1.0
25,Matigara-Naxalbari (SC),119,0,0,0,487,0,487,0.0,0.0,1.0
25,Matigara-Naxalbari (SC),12,0,0,0,75,0,75,0.0,0.0,1.0
25,Matigara-Naxalbari (SC),120,0,0,0,744,0,744,0.0,0.0,1.0
25,Matigara-Naxalbari (SC),121,0,0,0,822,0,822,0.0,0.0,1.0
25,Matigara-Naxalbari (SC),122,0,0,0,704,0,704,0.0,0.0,1.0
25,Matigara-Naxalbari (SC),123,0,0,0,686,0,686,0.0,0.0,1.0
25,Matigara-Naxalbari (SC),124,0,0,0,581,0,581,0.0,0.0,1.0
25,Matigara-Naxalbari (SC),125,0,0,0,775,0,775,0.0,0.0,1.0
25,Matigara-Naxalbari (SC),126,0,0,0,604,0,604,0.0,0.0,1.0
25,Matigara-Naxalbari (SC),127,0,0,0,748,0,748,0.0,0.0,1.0
25,Matigara-Naxalbari (SC),128,0,0,0,490,0,490,0.0,0.0,1.0
25,Matigara-Naxalbari (SC),128A,0,0,0,483,0,483,0.0,0.0,1.0
25,Matigara-Naxalbari (SC),129,0,0,0,620,0,620,0.0,0.0,1.0
25,Matigara-Naxalbari (SC),13,0,0,0,103,0,103,0.0,0.0,1.0
25,Matigara-Naxalbari (SC),130,0,0,0,932,0,932,0.0,0.0,1.0
25,Matigara-Naxalbari (SC),131,0,0,0,691,0,691,0.0,0.0,1.0
25,Matigara-Naxalbari (SC),132,0,0,0,704,0,704,0.0,0.0,1.0
25,Matigara-Naxalbari (SC),133,0,0,0,774,0,774,0.0,0.0,1.0
25,Matigara-Naxalbari (SC),134,0,0,0,523,0,523,0.0,0.0,1.0
25,Matigara-Naxalbari (SC),134A,0,0,0,560,0,560,0.0,0.0,1.0
25,Matigara-Naxalbari (SC),135,0,0,0,572,0,572,0.0,0.0,1.0
25,Matigara-Naxalbari (SC),136,0,0,0,877,0,877,0.0,0.0,1.0
25,Matigara-Naxalbari (SC),137,0,0,0,16,0,16,0.0,0.0,1.0
25,Matigara-Naxalbari (SC),138,0,0,0,552,0,552,0.0,0.0,1.0
25,Matigara-Naxalbari (SC),139,0,0,0,452,0,452,0.0,0.0,1.0
25,Matigara-Naxalbari (SC),14,0,0,0,203,0,203,0.0,0.0,1.0
25,Matigara-Naxalbari (SC),140,0,0,0,601,0,601,0.0,0.0,1.0
25,Matigara-Naxalbari (SC),141,0,0,0,888,0,888,0.0,0.0,1.0
25,Matigara-Naxalbari (SC),142,0,0,0,671,0,671,0.0,0.0,1.0
25,Matigara-Naxalbari (SC),143,0,0,0,794,0,794,0.0,0.0,1.0
25,Matigara-Naxalbari (SC),144,0,0,0,630,0,630,0.0,0.0,1.0
25,Matigara-Naxalbari (SC),145,0,0,0,678,0,678,0.0,0.0,1.0
25,Matigara-Naxalbari (SC),146,0,0,0,733,0,733,0.0,0.0,1.0
25,Matigara-Naxalbari (SC),147,0,0,0,695,0,695,0.0,0.0,1.0
25,Matigara-Naxalbari (SC),148,0,0,0,604,0,604,0.0,0.0,1.0
25,Matigara-Naxalbari (SC),149,0,0,0,243,0,243,0.0,0.0,1.0
25,Matigara-Naxalbari (SC),149A,0,0,0,408,0,408,0.0,0.0,1.0
25,Matigara-Naxalbari (SC),14A,0,0,0,246,0,246,0.0,0.0,1.0
25,Matigara-Naxalbari (SC),15,0,0,0,510,0,510,0.0,0.0,1.0
25,Matigara-Naxalbari (SC),150,0,0,0,497,0,497,0.0,0.0,1.0
25,Matigara-Naxalbari (SC),150A,0,0,0,521,0,521,0.0,0.0,1.0
25,Matigara-Naxalbari (SC),151,0,0,0,628,0,628,0.0,0.0,1.0
25,Matigara-Naxalbari (SC),153,0,0,0,732,0,732,0.0,0.0,1.0
25,Matigara-Naxalbari (SC),154,0,0,0,107,0,107,0.0,0.0,1.0
25,Matigara-Naxalbari (SC),155,0,0,0,494,0,494,0.0,0.0,1.0
25,Matigara-Naxalbari (SC),155A,0,0,0,472,0,472,0.0,0.0,1.0
25,Matigara-Naxalbari (SC),156,0,0,0,721,0,721,0.0,0.0,1.0
25,Matigara-Naxalbari (SC),157,0,0,0,598,0,598,0.0,0.0,1.0
25,Matigara-Naxalbari (SC),157A,0,0,0,617,0,617,0.0,0.0,1.0
25,Matigara-Naxalbari (SC),159,0,0,0,765,0,765,0.0,0.0,1.0
25,Matigara-Naxalbari (SC),16,0,0,0,361,0,361,0.0,0.0,1.0
25,Matigara-Naxalbari (SC),160,0,0,0,770,0,770,0.0,0.0,1.0
25,Matigara-Naxalbari (SC),161,0,0,0,619,0,619,0.0,0.0,1.0
25,Matigara-Naxalbari (SC),162,0,0,0,494,0,494,0.0,0.0,1.0
25,Matigara-Naxalbari (SC),163,0,0,0,668,0,668,0.0,0.0,1.0
25,Matigara-Naxalbari (SC),164,0,0,0,525,0,525,0.0,0.0,1.0
25,Matigara-Naxalbari (SC),164A,0,0,0,422,0,422,0.0,0.0,1.0
25,Matigara-Naxalbari (SC),165,0,0,0,503,0,503,0.0,0.0,1.0
25,Matigara-Naxalbari (SC),165A,0,0,0,491,0,491,0.0,0.0,1.0
25,Matigara-Naxalbari (SC),166,0,0,0,469,0,469,0.0,0.0,1.0
25,Matigara-Naxalbari (SC),167,486,0,103,728,0,1317,0.3690205011389522,0.0,0.5527714502657555
25,Matigara-Naxalbari (SC),168,493,0,101,15,0,609,0.8095238095238095,0.0,0.0246305418719211
25,Matigara-Naxalbari (SC),169,473,0,90,660,0,1223,0.3867538838920686,0.0,0.5396565821749796
25,Matigara-Naxalbari (SC),17,0,0,0,257,0,257,0.0,0.0,1.0
25,Matigara-Naxalbari (SC),170,432,0,240,908,0,1580,0.2734177215189873,0.0,0.5746835443037974
25,Matigara-Naxalbari (SC),171,386,0,125,723,0,1234,0.312803889789303,0.0,0.5858995137763371
25,Matigara-Naxalbari (SC),172,606,0,240,951,0,1797,0.337228714524207,0.0,0.5292153589315526
25,Matigara-Naxalbari (SC),173,344,0,170,739,0,1253,0.2745411013567438,0.0,0.5897845171588189
25,Matigara-Naxalbari (SC),174,458,0,137,626,0,1221,0.3751023751023751,0.0,0.5126945126945127
25,Matigara-Naxalbari (SC),175,322,0,5,560,0,887,0.363021420518602,0.0,0.6313416009019166
25,Matigara-Naxalbari (SC),176,542,0,200,818,0,1560,0.3474358974358974,0.0,0.5243589743589744
25,Matigara-Naxalbari (SC),177,525,0,214,900,0,1639,0.3203172666259914,0.0,0.5491153142159854
25,Matigara-Naxalbari (SC),178,419,0,116,687,0,1222,0.3428805237315875,0.0,0.5621931260229133
25,Matigara-Naxalbari (SC),178A,482,0,115,760,0,1357,0.3551952837140751,0.0,0.5600589535740604
25,Matigara-Naxalbari (SC),179,419,0,130,641,0,1190,0.3521008403361345,0.0,0.5386554621848739
25,Matigara-Naxalbari (SC),179A,450,0,132,621,0,1203,0.3740648379052369,0.0,0.516209476309227
25,Matigara-Naxalbari (SC),17A,0,0,0,224,0,224,0.0,0.0,1.0
25,Matigara-Naxalbari (SC),18,0,0,0,430,0,430,0.0,0.0,1.0
25,Matigara-Naxalbari (SC),180,416,0,208,872,0,1496,0.2780748663101604,0.0,0.5828877005347594
25,Matigara-Naxalbari (SC),181,466,0,81,636,0,1183,0.3939137785291631,0.0,0.5376162299239222
25,Matigara-Naxalbari (SC),181A,408,0,83,564,0,1055,0.3867298578199052,0.0,0.5345971563981042
25,Matigara-Naxalbari (SC),182,643,0,151,950,0,1744,0.3686926605504587,0.0,0.5447247706422018
25,Matigara-Naxalbari (SC),183,327,0,88,562,0,977,0.3346980552712384,0.0,0.5752302968270215
25,Matigara-Naxalbari (SC),183A,271,0,119,472,0,862,0.314385150812065,0.0,0.5475638051044084
25,Matigara-Naxalbari (SC),184,503,0,138,698,0,1339,0.3756534727408513,0.0,0.5212845407020165
25,Matigara-Naxalbari (SC),185,0,0,73,508,0,581,0.0,0.0,0.8743545611015491
25,Matigara-Naxalbari (SC),185A,294,0,99,415,0,808,0.3638613861386138,0.0,0.5136138613861386
25,Matigara-Naxalbari (SC),186,250,0,244,783,0,1277,0.1957713390759592,0.0,0.6131558339859045
25,Matigara-Naxalbari (SC),187,259,0,202,920,0,1381,0.1875452570601014,0.0,0.666183924692252
25,Matigara-Naxalbari (SC),188,559,0,151,753,0,1463,0.3820915926179084,0.0,0.5146958304853042
25,Matigara-Naxalbari (SC),189,558,0,143,837,0,1538,0.3628088426527958,0.0,0.5442132639791938
25,Matigara-Naxalbari (SC),19,0,0,0,455,0,455,0.0,0.0,1.0
25,Matigara-Naxalbari (SC),190,336,0,172,558,0,1066,0.3151969981238274,0.0,0.5234521575984991
25,Matigara-Naxalbari (SC),190A,347,0,121,507,0,975,0.3558974358974359,0.0,0.52
25,Matigara-Naxalbari (SC),191,370,0,79,633,0,1082,0.3419593345656192,0.0,0.5850277264325323
25,Matigara-Naxalbari (SC),191A,363,0,89,641,0,1093,0.3321134492223239,0.0,0.5864592863677951
25,Matigara-Naxalbari (SC),192,224,0,77,475,0,776,0.2886597938144329,0.0,0.6121134020618557
25,Matigara-Naxalbari (SC),193,409,0,137,398,0,944,0.4332627118644068,0.0,0.4216101694915254
25,Matigara-Naxalbari (SC),193A,391,0,2,44,0,437,0.8947368421052632,0.0,0.1006864988558352
25,Matigara-Naxalbari (SC),194,292,0,107,448,0,847,0.3447461629279811,0.0,0.5289256198347108
25,Matigara-Naxalbari (SC),196,0,0,0,564,0,564,0.0,0.0,1.0
25,Matigara-Naxalbari (SC),196A,0,0,0,494,0,494,0.0,0.0,1.0
25,Matigara-Naxalbari (SC),197,0,0,0,654,0,654,0.0,0.0,1.0
25,Matigara-Naxalbari (SC),197A,0,0,0,635,0,635,0.0,0.0,1.0
25,Matigara-Naxalbari (SC),198,0,0,0,659,0,659,0.0,0.0,1.0
25,Matigara-Naxalbari (SC),198A,0,0,0,639,0,639,0.0,0.0,1.0
25,Matigara-Naxalbari (SC),199,0,0,0,541,0,541,0.0,0.0,1.0
25,Matigara-Naxalbari (SC),2,0,0,0,300,0,300,0.0,0.0,1.0
25,Matigara-Naxalbari (SC),200,0,0,0,630,0,630,0.0,0.0,1.0
25,Matigara-Naxalbari (SC),201,0,0,0,597,0,597,0.0,0.0,1.0
25,Matigara-Naxalbari (SC),202,0,0,0,582,0,582,0.0,0.0,1.0
25,Matigara-Naxalbari (SC),203,0,0,0,422,0,422,0.0,0.0,1.0
25,Matigara-Naxalbari (SC),203A,0,0,0,488,0,488,0.0,0.0,1.0
25,Matigara-Naxalbari (SC),204,0,0,0,742,0,742,0.0,0.0,1.0
25,Matigara-Naxalbari (SC),205,0,0,0,456,0,456,0.0,0.0,1.0
25,Matigara-Naxalbari (SC),206,0,0,0,626,0,626,0.0,0.0,1.0
25,Matigara-Naxalbari (SC),207,0,0,0,909,0,909,0.0,0.0,1.0
25,Matigara-Naxalbari (SC),208,0,0,0,541,0,541,0.0,0.0,1.0
25,Matigara-Naxalbari (SC),210,0,0,0,786,0,786,0.0,0.0,1.0
25,Matigara-Naxalbari (SC),211,0,0,0,651,0,651,0.0,0.0,1.0
25,Matigara-Naxalbari (SC),212,0,0,0,516,0,516,0.0,0.0,1.0
25,Matigara-Naxalbari (SC),212A,0,0,0,483,0,483,0.0,0.0,1.0
25,Matigara-Naxalbari (SC),213,0,0,0,493,0,493,0.0,0.0,1.0
25,Matigara-Naxalbari (SC),213A,0,0,0,474,0,474,0.0,0.0,1.0
25,Matigara-Naxalbari (SC),214,0,0,0,835,0,835,0.0,0.0,1.0
25,Matigara-Naxalbari (SC),215,0,0,0,765,0,765,0.0,0.0,1.0
25,Matigara-Naxalbari (SC),216,0,0,0,508,0,508,0.0,0.0,1.0
25,Matigara-Naxalbari (SC),216A,0,0,0,479,0,479,0.0,0.0,1.0
25,Matigara-Naxalbari (SC),217,0,0,0,829,0,829,0.0,0.0,1.0
25,Matigara-Naxalbari (SC),218,0,0,0,490,0,490,0.0,0.0,1.0
25,Matigara-Naxalbari (SC),219,0,0,0,797,0,797,0.0,0.0,1.0
25,Matigara-Naxalbari (SC),220,0,0,0,322,0,322,0.0,0.0,1.0
25,Matigara-Naxalbari (SC),221,0,0,0,860,0,860,0.0,0.0,1.0
25,Matigara-Naxalbari (SC),222,0,0,0,739,0,739,0.0,0.0,1.0
25,Matigara-Naxalbari (SC),223,0,0,0,843,0,843,0.0,0.0,1.0
25,Matigara-Naxalbari (SC),224,0,0,51,494,428,973,0.0,0.4398766700924974,0.5077081192189106
25,Matigara-Naxalbari (SC),225,0,0,48,824,753,1625,0.0,0.4633846153846154,0.5070769230769231
25,Matigara-Naxalbari (SC),226,0,0,14,17,523,554,0.0,0.944043321299639,0.0306859205776173
25,Matigara-Naxalbari (SC),226A,0,0,19,9,446,474,0.0,0.940928270042194,0.0189873417721519
25,Matigara-Naxalbari (SC),227,0,0,50,9,428,487,0.0,0.8788501026694046,0.0184804928131416
25,Matigara-Naxalbari (SC),227A,0,0,0,9,380,389,0.0,0.9768637532133676,0.0231362467866323
25,Matigara-Naxalbari (SC),228,0,0,48,26,726,800,0.0,0.9075,0.0325
25,Matigara-Naxalbari (SC),229,0,0,26,43,671,740,0.0,0.9067567567567568,0.0581081081081081
25,Matigara-Naxalbari (SC),230,0,0,32,20,561,613,0.0,0.9151712887438824,0.032626427406199
25,Matigara-Naxalbari (SC),230A,0,0,34,20,558,612,0.0,0.9117647058823528,0.0326797385620915
25,Matigara-Naxalbari (SC),231,0,0,33,9,522,564,0.0,0.925531914893617,0.0159574468085106
25,Matigara-Naxalbari (SC),231A,0,0,42,13,565,620,0.0,0.9112903225806452,0.0209677419354838
25,Matigara-Naxalbari (SC),232,0,0,66,11,385,462,0.0,0.8333333333333334,0.0238095238095238
25,Matigara-Naxalbari (SC),232A,0,0,50,0,377,427,0.0,0.882903981264637,0.0
25,Matigara-Naxalbari (SC),233,0,0,41,389,440,870,0.0,0.5057471264367817,0.4471264367816092
25,Matigara-Naxalbari (SC),234,0,0,31,7,702,740,0.0,0.9486486486486486,0.0094594594594594
25,Matigara-Naxalbari (SC),235,0,0,45,21,457,523,0.0,0.8738049713193117,0.0401529636711281
25,Matigara-Naxalbari (SC),235A,0,0,27,13,477,517,0.0,0.9226305609284332,0.0251450676982591
25,Matigara-Naxalbari (SC),236,0,0,11,9,567,587,0.0,0.9659284497444632,0.0153321976149914
25,Matigara-Naxalbari (SC),236A,0,0,19,8,493,520,0.0,0.948076923076923,0.0153846153846153
25,Matigara-Naxalbari (SC),237,0,0,88,6,458,552,0.0,0.8297101449275363,0.0108695652173913
25,Matigara-Naxalbari (SC),238,0,0,94,11,458,563,0.0,0.8134991119005328,0.019538188277087
25,Matigara-Naxalbari (SC),239,0,0,51,5,414,470,0.0,0.8808510638297873,0.0106382978723404
25,Matigara-Naxalbari (SC),239A,0,0,54,4,337,395,0.0,0.8531645569620253,0.010126582278481
25,Matigara-Naxalbari (SC),240,0,0,43,8,414,465,0.0,0.8903225806451613,0.0172043010752688
25,Matigara-Naxalbari (SC),240A,0,0,40,9,412,461,0.0,0.8937093275488069,0.0195227765726681
25,Matigara-Naxalbari (SC),241,0,0,32,6,168,206,0.0,0.8155339805825242,0.029126213592233
25,Matigara-Naxalbari (SC),242,0,0,21,6,298,325,0.0,0.916923076923077,0.0184615384615384
25,Matigara-Naxalbari (SC),243,0,0,54,8,649,711,0.0,0.9127988748241912,0.0112517580872011
25,Matigara-Naxalbari (SC),244,0,0,103,5,458,566,0.0,0.8091872791519434,0.0088339222614841
25,Matigara-Naxalbari (SC),245,0,0,70,7,555,632,0.0,0.8781645569620253,0.0110759493670886
25,Matigara-Naxalbari (SC),246,0,0,135,17,687,839,0.0,0.8188319427890346,0.0202622169249106
25,Matigara-Naxalbari (SC),247,0,0,68,4,351,423,0.0,0.8297872340425532,0.0094562647754137
25,Matigara-Naxalbari (SC),247A,0,0,48,5,358,411,0.0,0.8710462287104623,0.0121654501216545
25,Matigara-Naxalbari (SC),248,0,0,26,6,494,526,0.0,0.9391634980988594,0.0114068441064638
25,Matigara-Naxalbari (SC),248A,0,0,0,219,0,219,0.0,0.0,1.0
25,Matigara-Naxalbari (SC),249,0,0,0,139,0,139,0.0,0.0,1.0
25,Matigara-Naxalbari (SC),249A,0,0,0,138,0,138,0.0,0.0,1.0
25,Matigara-Naxalbari (SC),250,0,0,0,109,0,109,0.0,0.0,1.0
25,Matigara-Naxalbari (SC),251,0,0,0,268,0,268,0.0,0.0,1.0
25,Matigara-Naxalbari (SC),252,0,0,0,249,0,249,0.0,0.0,1.0
25,Matigara-Naxalbari (SC),253,0,0,0,178,0,178,0.0,0.0,1.0
25,Matigara-Naxalbari (SC),254,0,0,0,196,0,196,0.0,0.0,1.0
25,Matigara-Naxalbari (SC),254A,0,0,0,133,0,133,0.0,0.0,1.0
25,Matigara-Naxalbari (SC),255,0,0,0,253,0,253,0.0,0.0,1.0
25,Matigara-Naxalbari (SC),256,0,0,0,280,0,280,0.0,0.0,1.0
25,Matigara-Naxalbari (SC),256A,0,0,0,199,0,199,0.0,0.0,1.0
25,Matigara-Naxalbari (SC),257,0,0,0,177,0,177,0.0,0.0,1.0
25,Matigara-Naxalbari (SC),257A,0,0,0,196,0,196,0.0,0.0,1.0
25,Matigara-Naxalbari (SC),258,0,0,0,180,0,180,0.0,0.0,1.0
25,Matigara-Naxalbari (SC),259,0,0,0,166,0,166,0.0,0.0,1.0
25,Matigara-Naxalbari (SC),259A,0,0,0,93,0,93,0.0,0.0,1.0
25,Matigara-Naxalbari (SC),260,0,0,0,495,0,495,0.0,0.0,1.0
25,Matigara-Naxalbari (SC),261,0,0,0,299,0,299,0.0,0.0,1.0
25,Matigara-Naxalbari (SC),262,0,0,0,168,0,168,0.0,0.0,1.0
25,Matigara-Naxalbari (SC),263,0,0,0,101,0,101,0.0,0.0,1.0
25,Matigara-Naxalbari (SC),263A,0,0,0,80,0,80,0.0,0.0,1.0
25,Matigara-Naxalbari (SC),264,0,0,0,199,0,199,0.0,0.0,1.0
25,Matigara-Naxalbari (SC),265,0,0,0,391,0,391,0.0,0.0,1.0
25,Matigara-Naxalbari (SC),266,0,0,0,256,0,256,0.0,0.0,1.0
25,Matigara-Naxalbari (SC),267,0,0,0,206,0,206,0.0,0.0,1.0
25,Matigara-Naxalbari (SC),269,0,0,0,244,0,244,0.0,0.0,1.0
25,Matigara-Naxalbari (SC),269A,0,0,0,165,0,165,0.0,0.0,1.0
25,Matigara-Naxalbari (SC),270,0,0,0,204,0,204,0.0,0.0,1.0
25,Matigara-Naxalbari (SC),270A,0,0,0,143,0,143,0.0,0.0,1.0
25,Matigara-Naxalbari (SC),271,0,0,0,213,0,213,0.0,0.0,1.0
25,Matigara-Naxalbari (SC),272,0,0,0,143,0,143,0.0,0.0,1.0
25,Matigara-Naxalbari (SC),273,0,0,0,208,0,208,0.0,0.0,1.0
25,Matigara-Naxalbari (SC),274,0,0,0,350,0,350,0.0,0.0,1.0
25,Matigara-Naxalbari (SC),275,0,0,0,166,0,166,0.0,0.0,1.0
25,Matigara-Naxalbari (SC),275A,0,0,0,365,125,490,0.0,0.2551020408163265,0.7448979591836735
25,Matigara-Naxalbari (SC),276,0,0,0,445,260,705,0.0,0.3687943262411347,0.6312056737588653
25,Matigara-Naxalbari (SC),277,0,0,0,374,233,607,0.0,0.3838550247116968,0.6161449752883031
25,Matigara-Naxalbari (SC),278,0,0,0,424,182,606,0.0,0.3003300330033003,0.6996699669966997
25,Matigara-Naxalbari (SC),279,0,0,0,416,198,614,0.0,0.3224755700325732,0.6775244299674267
25,Matigara-Naxalbari (SC),280,0,0,0,445,150,595,0.0,0.2521008403361344,0.7478991596638656
25,Matigara-Naxalbari (SC),281,0,0,0,363,134,497,0.0,0.2696177062374245,0.7303822937625755
25,Matigara-Naxalbari (SC),281A,0,0,0,372,118,490,0.0,0.2408163265306122,0.7591836734693878
25,Matigara-Naxalbari (SC),282,0,0,0,534,291,825,0.0,0.3527272727272727,0.6472727272727272
25,Matigara-Naxalbari (SC),283,0,0,0,504,157,661,0.0,0.237518910741301,0.762481089258699
25,Matigara-Naxalbari (SC),284,0,0,0,632,243,875,0.0,0.2777142857142857,0.7222857142857143
25,Matigara-Naxalbari (SC),285,0,0,0,488,150,638,0.0,0.2351097178683385,0.7648902821316614
25,Matigara-Naxalbari (SC),285A,0,0,0,508,139,647,0.0,0.2148377125193199,0.7851622874806801
25,Matigara-Naxalbari (SC),286,0,0,0,411,114,525,0.0,0.2171428571428571,0.7828571428571428
25,Matigara-Naxalbari (SC),286A,0,0,0,411,95,506,0.0,0.1877470355731225,0.8122529644268774
25,Matigara-Naxalbari (SC),287,0,0,0,557,225,782,0.0,0.2877237851662404,0.7122762148337596
25,Matigara-Naxalbari (SC),288,0,0,0,548,173,721,0.0,0.2399445214979195,0.7600554785020804
25,Matigara-Naxalbari (SC),289,0,0,0,476,89,565,0.0,0.1575221238938053,0.8424778761061947
25,Matigara-Naxalbari (SC),289A,0,0,0,431,93,524,0.0,0.1774809160305343,0.8225190839694656
25,Matigara-Naxalbari (SC),290,0,0,0,596,220,816,0.0,0.2696078431372549,0.7303921568627451
25,Matigara-Naxalbari (SC),291,0,0,0,306,123,429,0.0,0.2867132867132867,0.7132867132867133
25,Matigara-Naxalbari (SC),291A,0,0,0,349,82,431,0.0,0.1902552204176334,0.8097447795823666
25,Matigara-Naxalbari (SC),292,0,0,0,374,148,522,0.0,0.2835249042145594,0.7164750957854407
25,Matigara-Naxalbari (SC),292A,0,0,0,442,148,590,0.0,0.2508474576271186,0.7491525423728813
25,Matigara-Naxalbari (SC),293,0,0,0,489,162,651,0.0,0.2488479262672811,0.7511520737327189
25,Matigara-Naxalbari (SC),294,0,0,0,379,115,494,0.0,0.2327935222672064,0.7672064777327935
25,Matigara-Naxalbari (SC),295,0,0,0,454,198,652,0.0,0.303680981595092,0.696319018404908
25,Matigara-Naxalbari (SC),296,0,0,0,665,196,861,0.0,0.2276422764227642,0.7723577235772358
25,Matigara-Naxalbari (SC),297,0,0,0,326,383,709,0.0,0.5401974612129761,0.459802538787024
25,Matigara-Naxalbari (SC),298,0,0,0,495,172,667,0.0,0.2578710644677661,0.7421289355322339
25,Matigara-Naxalbari (SC),299,0,0,0,518,136,654,0.0,0.2079510703363914,0.7920489296636085
25,Matigara-Naxalbari (SC),299A,0,0,0,511,158,669,0.0,0.2361733931240657,0.7638266068759342
25,Matigara-Naxalbari (SC),3,0,0,0,569,0,569,0.0,0.0,1.0
25,Matigara-Naxalbari (SC),300,0,0,0,622,236,858,0.0,0.275058275058275,0.7249417249417249
25,Matigara-Naxalbari (SC),301,0,0,0,679,197,876,0.0,0.2248858447488584,0.7751141552511416
25,Matigara-Naxalbari (SC),302,0,0,0,237,169,406,0.0,0.4162561576354679,0.583743842364532
25,Matigara-Naxalbari (SC),303,0,0,0,406,156,562,0.0,0.2775800711743772,0.7224199288256228
25,Matigara-Naxalbari (SC),303A,0,0,0,750,0,750,0.0,0.0,1.0
25,Matigara-Naxalbari (SC),304,0,0,0,595,0,595,0.0,0.0,1.0
25,Matigara-Naxalbari (SC),305,0,0,0,539,0,539,0.0,0.0,1.0
25,Matigara-Naxalbari (SC),306,0,0,0,505,0,505,0.0,0.0,1.0
25,Matigara-Naxalbari (SC),306A,0,0,0,857,0,857,0.0,0.0,1.0
25,Matigara-Naxalbari (SC),4,0,0,0,380,0,380,0.0,0.0,1.0
25,Matigara-Naxalbari (SC),476,0,0,0,299,0,299,0.0,0.0,1.0
25,Matigara-Naxalbari (SC),5,0,0,0,311,0,311,0.0,0.0,1.0
25,Matigara-Naxalbari (SC),6,0,0,0,295,0,295,0.0,0.0,1.0
25,Matigara-Naxalbari (SC),76,0,0,0,301,0,301,0.0,0.0,1.0
25,Matigara-Naxalbari (SC),76A,0,0,0,487,0,487,0.0,0.0,1.0
25,Matigara-Naxalbari (SC),78,0,0,0,551,0,551,0.0,0.0,1.0
25,Matigara-Naxalbari (SC),79,0,0,0,711,0,711,0.0,0.0,1.0
25,Matigara-Naxalbari (SC),7A,0,0,0,345,0,345,0.0,0.0,1.0
25,Matigara-Naxalbari (SC),8,0,0,0,353,0,353,0.0,0.0,1.0
25,Matigara-Naxalbari (SC),80,0,0,0,682,0,682,0.0,0.0,1.0
25,Matigara-Naxalbari (SC),80A,0,0,0,531,0,531,0.0,0.0,1.0
25,Matigara-Naxalbari (SC),81,0,0,0,664,0,664,0.0,0.0,1.0
25,Matigara-Naxalbari (SC),82,0,0,0,847,0,847,0.0,0.0,1.0
25,Matigara-Naxalbari (SC),83,0,0,0,683,0,683,0.0,0.0,1.0
25,Matigara-Naxalbari (SC),84,0,0,0,429,0,429,0.0,0.0,1.0
25,Matigara-Naxalbari (SC),84A,0,0,0,442,0,442,0.0,0.0,1.0
25,Matigara-Naxalbari (SC),85,0,0,0,300,0,300,0.0,0.0,1.0
25,Matigara-Naxalbari (SC),86,0,0,0,661,0,661,0.0,0.0,1.0
25,Matigara-Naxalbari (SC),87,0,0,0,778,0,778,0.0,0.0,1.0
25,Matigara-Naxalbari (SC),88,0,0,0,770,0,770,0.0,0.0,1.0
25,Matigara-Naxalbari (SC),89,0,0,0,506,0,506,0.0,0.0,1.0
25,Matigara-Naxalbari (SC),8A,0,0,0,394,0,394,0.0,0.0,1.0
25,Matigara-Naxalbari (SC),9,0,0,0,612,0,612,0.0,0.0,1.0
25,Matigara-Naxalbari (SC),90,0,0,0,593,0,593,0.0,0.0,1.0
25,Matigara-Naxalbari (SC),91,0,0,0,497,0,497,0.0,0.0,1.0
25,Matigara-Naxalbari (SC),91A,0,0,0,275,0,275,0.0,0.0,1.0
25,Matigara-Naxalbari (SC),92,0,0,0,466,0,466,0.0,0.0,1.0
25,Matigara-Naxalbari (SC),93,0,0,0,575,0,575,0.0,0.0,1.0
25,Matigara-Naxalbari (SC),94,0,0,0,624,0,624,0.0,0.0,1.0
25,Matigara-Naxalbari (SC),95,0,0,0,586,0,586,0.0,0.0,1.0
25,Matigara-Naxalbari (SC),96,0,0,0,620,0,620,0.0,0.0,1.0
25,Matigara-Naxalbari (SC),97,0,0,0,680,0,680,0.0,0.0,1.0
25,Matigara-Naxalbari (SC),98,0,0,0,441,0,441,0.0,0.0,1.0
25,Matigara-Naxalbari (SC),99,0,0,0,451,0,451,0.0,0.0,1.0
26,Siliguri,224,0,0,0,168,0,168,0.0,0.0,1.0
26,Siliguri,225,0,0,0,164,0,164,0.0,0.0,1.0
26,Siliguri,226,1,0,0,668,0,669,0.0014947683109118,0.0,0.9985052316890882
26,Siliguri,227,3,0,0,525,0,528,0.0056818181818181,0.0,0.9943181818181818
26,Siliguri,228,1,0,0,429,0,430,0.0023255813953488,0.0,0.9976744186046512
26,Siliguri,228A,0,0,0,461,0,461,0.0,0.0,1.0
26,Siliguri,229,0,0,0,428,0,428,0.0,0.0,1.0
26,Siliguri,229A,1,0,0,501,0,502,0.0019920318725099,0.0,0.99800796812749
26,Siliguri,230,3,0,0,372,0,375,0.008,0.0,0.992
26,Siliguri,231,1,0,0,619,0,620,0.0016129032258064,0.0,0.9983870967741936
26,Siliguri,232,1,0,0,605,0,606,0.0016501650165016,0.0,0.9983498349834984
26,Siliguri,233,1,0,0,758,0,759,0.0013175230566534,0.0,0.9986824769433466
26,Siliguri,234,2,0,0,687,0,689,0.0029027576197387,0.0,0.9970972423802612
26,Siliguri,235,0,0,0,518,0,518,0.0,0.0,1.0
26,Siliguri,236,2,0,0,595,0,597,0.0033500837520938,0.0,0.9966499162479062
26,Siliguri,237,1,0,0,547,0,548,0.0018248175182481,0.0,0.998175182481752
26,Siliguri,238,2,0,0,686,0,688,0.002906976744186,0.0,0.997093023255814
26,Siliguri,239,0,0,0,622,0,622,0.0,0.0,1.0
26,Siliguri,240,1,0,0,656,0,657,0.0015220700152207,0.0,0.9984779299847792
26,Siliguri,241,0,0,0,600,0,600,0.0,0.0,1.0
26,Siliguri,241A,0,0,0,501,0,501,0.0,0.0,1.0
26,Siliguri,242,1,0,0,435,0,436,0.0022935779816513,0.0,0.9977064220183486
26,Siliguri,243,3,0,0,721,0,724,0.0041436464088397,0.0,0.9958563535911602
26,Siliguri,244,1,0,0,623,0,624,0.0016025641025641,0.0,0.998397435897436
26,Siliguri,245,1,0,0,706,0,707,0.0014144271570014,0.0,0.9985855728429984
27,Phansidewa (ST),144A,0,0,0,137,0,137,0.0,0.0,1.0
27,Phansidewa (ST),145,0,0,0,6,0,6,0.0,0.0,1.0
27,Phansidewa (ST),145A,0,0,0,53,0,53,0.0,0.0,1.0
27,Phansidewa (ST),146,0,0,0,163,0,163,0.0,0.0,1.0
27,Phansidewa (ST),147,0,0,0,108,0,108,0.0,0.0,1.0
27,Phansidewa (ST),148,0,0,0,84,0,84,0.0,0.0,1.0
27,Phansidewa (ST),149,0,0,0,102,0,102,0.0,0.0,1.0
27,Phansidewa (ST),149A,0,0,0,254,0,254,0.0,0.0,1.0
27,Phansidewa (ST),150,0,0,0,204,0,204,0.0,0.0,1.0
27,Phansidewa (ST),151,0,0,0,166,0,166,0.0,0.0,1.0
27,Phansidewa (ST),152,0,0,0,201,0,201,0.0,0.0,1.0
27,Phansidewa (ST),153,0,0,0,131,0,131,0.0,0.0,1.0
27,Phansidewa (ST),153A,0,0,0,143,0,143,0.0,0.0,1.0
27,Phansidewa (ST),154,0,0,0,196,0,196,0.0,0.0,1.0
27,Phansidewa (ST),154A,0,0,0,177,0,177,0.0,0.0,1.0
27,Phansidewa (ST),155,0,0,0,307,0,307,0.0,0.0,1.0
27,Phansidewa (ST),156,0,0,0,485,0,485,0.0,0.0,1.0
27,Phansidewa (ST),156A,0,0,0,597,0,597,0.0,0.0,1.0
27,Phansidewa (ST),157,0,0,0,421,0,421,0.0,0.0,1.0
27,Phansidewa (ST),157A,0,0,0,285,0,285,0.0,0.0,1.0
27,Phansidewa (ST),158,0,0,0,589,0,589,0.0,0.0,1.0
27,Phansidewa (ST),159,0,0,0,267,0,267,0.0,0.0,1.0
27,Phansidewa (ST),160,0,0,0,174,0,174,0.0,0.0,1.0
27,Phansidewa (ST),161A,0,0,0,166,0,166,0.0,0.0,1.0
27,Phansidewa (ST),162,0,0,0,318,0,318,0.0,0.0,1.0
28,Chopra,1,31,19,0,432,0,482,0.0643153526970954,0.0,0.8962655601659751
28,Chopra,10,26,0,0,219,400,645,0.0403100775193798,0.6201550387596899,0.3395348837209302
28,Chopra,100,0,73,0,68,722,863,0.0,0.8366164542294322,0.0787949015063731
28,Chopra,101,0,28,0,218,145,391,0.0,0.3708439897698209,0.5575447570332481
28,Chopra,102,0,29,0,473,70,572,0.0,0.1223776223776223,0.8269230769230769
28,Chopra,103,0,20,0,414,276,710,0.0,0.3887323943661971,0.5830985915492958
28,Chopra,104,0,26,0,336,244,606,0.0,0.4026402640264026,0.5544554455445545
28,Chopra,105,0,15,0,290,88,393,0.0,0.2239185750636132,0.7379134860050891
28,Chopra,106,0,8,0,228,183,419,0.0,0.4367541766109785,0.5441527446300716
28,Chopra,107,0,10,0,305,230,545,0.0,0.4220183486238532,0.5596330275229358
28,Chopra,108,0,5,0,223,203,431,0.0,0.4709976798143852,0.5174013921113689
28,Chopra,109,0,10,0,279,107,396,0.0,0.2702020202020202,0.7045454545454546
28,Chopra,11,38,0,0,166,404,608,0.0625,0.6644736842105263,0.2730263157894737
28,Chopra,110,0,5,0,311,160,476,0.0,0.3361344537815126,0.6533613445378151
28,Chopra,111,0,2,0,282,242,526,0.0,0.4600760456273764,0.5361216730038023
28,Chopra,112,0,11,0,627,156,794,0.0,0.1964735516372796,0.7896725440806045
28,Chopra,114,0,5,0,303,122,430,0.0,0.2837209302325581,0.7046511627906977
28,Chopra,115,0,3,0,398,75,476,0.0,0.157563025210084,0.8361344537815126
28,Chopra,116,0,10,0,327,92,429,0.0,0.2144522144522144,0.7622377622377622
28,Chopra,117,0,9,0,326,1,336,0.0,0.0029761904761904,0.9702380952380952
28,Chopra,118,0,19,0,438,197,654,0.0,0.3012232415902141,0.6697247706422018
28,Chopra,119,0,14,0,426,185,625,0.0,0.296,0.6816
28,Chopra,12,24,0,0,504,210,738,0.032520325203252,0.2845528455284553,0.6829268292682927
28,Chopra,120,0,51,0,94,462,607,0.0,0.7611202635914333,0.1548599670510708
28,Chopra,121,0,17,0,306,260,583,0.0,0.4459691252144082,0.5248713550600344
28,Chopra,122,14,81,0,194,456,745,0.0187919463087248,0.6120805369127517,0.2604026845637583
28,Chopra,123,166,82,0,337,48,633,0.2622432859399684,0.0758293838862559,0.5323854660347551
28,Chopra,124,123,0,0,303,66,492,0.25,0.1341463414634146,0.6158536585365854
28,Chopra,125,130,83,0,274,72,559,0.2325581395348837,0.1288014311270125,0.4901610017889087
28,Chopra,126,66,0,0,457,98,621,0.1062801932367149,0.1578099838969404,0.7359098228663447
28,Chopra,127,239,84,0,330,54,707,0.338048090523338,0.0763790664780763,0.4667609618104668
28,Chopra,128,92,0,0,503,32,627,0.1467304625199362,0.0510366826156299,0.8022328548644339
28,Chopra,129,226,85,0,485,109,905,0.2497237569060773,0.1204419889502762,0.5359116022099447
28,Chopra,13,40,0,0,412,38,490,0.0816326530612244,0.0775510204081632,0.8408163265306122
28,Chopra,130,103,86,0,353,9,551,0.1869328493647913,0.0163339382940108,0.6406533575317604
28,Chopra,131,228,0,0,301,15,544,0.4191176470588235,0.0275735294117647,0.5533088235294118
28,Chopra,132,103,87,0,269,149,608,0.1694078947368421,0.2450657894736842,0.4424342105263157
28,Chopra,133,56,0,0,361,225,642,0.087227414330218,0.3504672897196261,0.5623052959501558
28,Chopra,134,115,88,0,411,82,696,0.1652298850574712,0.1178160919540229,0.5905172413793104
28,Chopra,135,116,0,0,378,149,643,0.1804043545878693,0.2317262830482115,0.5878693623639192
28,Chopra,136,146,89,0,327,100,662,0.2205438066465256,0.1510574018126888,0.4939577039274924
28,Chopra,137,79,0,0,384,72,535,0.1476635514018691,0.1345794392523364,0.7177570093457943
28,Chopra,138,190,90,0,503,49,832,0.2283653846153846,0.0588942307692307,0.6045673076923077
28,Chopra,139,150,0,0,315,29,494,0.3036437246963562,0.0587044534412955,0.6376518218623481
28,Chopra,14,25,0,0,397,33,455,0.0549450549450549,0.0725274725274725,0.8725274725274725
28,Chopra,140,160,91,0,323,22,596,0.2684563758389262,0.0369127516778523,0.5419463087248322
28,Chopra,141,149,0,0,521,43,713,0.2089761570827489,0.0603085553997194,0.7307152875175316
28,Chopra,142,65,92,0,445,39,641,0.1014040561622464,0.0608424336973478,0.6942277691107644
28,Chopra,143,71,0,0,541,82,694,0.1023054755043227,0.1181556195965417,0.7795389048991355
28,Chopra,144,54,93,0,558,52,757,0.071334214002642,0.0686922060766182,0.7371202113606341
28,Chopra,145,75,0,0,387,28,490,0.1530612244897959,0.0571428571428571,0.789795918367347
28,Chopra,146,156,94,0,343,68,661,0.2360060514372163,0.1028744326777609,0.518910741301059
28,Chopra,147,183,0,0,366,28,577,0.317157712305026,0.048526863084922,0.634315424610052
28,Chopra,148,144,95,0,426,70,735,0.1959183673469387,0.0952380952380952,0.5795918367346938
28,Chopra,149,195,0,0,260,30,485,0.4020618556701031,0.0618556701030927,0.5360824742268041
28,Chopra,15,161,0,0,394,234,789,0.2040557667934093,0.2965779467680608,0.4993662864385297
28,Chopra,150,25,96,0,458,113,692,0.0361271676300578,0.1632947976878612,0.661849710982659
28,Chopra,151,11,0,0,361,263,635,0.0173228346456692,0.4141732283464567,0.568503937007874
28,Chopra,152,11,97,0,226,391,725,0.0151724137931034,0.5393103448275862,0.3117241379310345
28,Chopra,153,34,98,0,492,47,671,0.0506706408345752,0.0700447093889716,0.7332339791356185
28,Chopra,154,12,0,0,199,191,402,0.0298507462686567,0.4751243781094527,0.4950248756218905
28,Chopra,155,66,99,0,385,129,679,0.09720176730486,0.1899852724594992,0.5670103092783505
28,Chopra,156,13,100,0,92,584,789,0.0164765525982256,0.7401774397972116,0.1166032953105196
28,Chopra,157,99,101,0,430,68,698,0.1418338108882521,0.0974212034383954,0.6160458452722063
28,Chopra,158,62,0,0,389,95,546,0.1135531135531135,0.1739926739926739,0.7124542124542125
28,Chopra,159,20,102,0,73,652,847,0.0236127508854781,0.7697756788665879,0.0861865407319952
28,Chopra,16,285,0,0,582,14,881,0.3234960272417707,0.0158910329171396,0.6606129398410897
28,Chopra,160,12,103,0,164,620,899,0.0133481646273637,0.6896551724137931,0.182424916573971
28,Chopra,161,115,104,0,510,66,795,0.1446540880503144,0.0830188679245283,0.6415094339622641
28,Chopra,162,68,0,0,474,55,597,0.1139028475711892,0.0921273031825795,0.7939698492462312
28,Chopra,164,91,0,0,424,26,541,0.1682070240295748,0.0480591497227356,0.7837338262476895
28,Chopra,165,32,106,0,117,358,613,0.0522022838499184,0.5840130505709625,0.1908646003262642
28,Chopra,166,60,0,0,469,21,550,0.109090909090909,0.0381818181818181,0.8527272727272728
28,Chopra,167,45,107,0,282,67,501,0.0898203592814371,0.1337325349301397,0.562874251497006
28,Chopra,168,124,0,0,408,47,579,0.2141623488773748,0.081174438687392,0.7046632124352331
28,Chopra,169,99,108,0,550,41,798,0.1240601503759398,0.0513784461152882,0.6892230576441103
28,Chopra,17,100,0,0,501,17,618,0.1618122977346278,0.0275080906148867,0.8106796116504854
28,Chopra,170,36,0,0,444,7,487,0.0739219712525667,0.0143737166324435,0.9117043121149896
28,Chopra,171,76,109,0,495,45,725,0.1048275862068965,0.0620689655172413,0.6827586206896552
28,Chopra,172,125,110,0,370,11,616,0.2029220779220779,0.0178571428571428,0.6006493506493507
28,Chopra,173,112,0,0,345,10,467,0.2398286937901499,0.0214132762312633,0.7387580299785867
28,Chopra,174,62,111,0,406,214,793,0.0781841109709962,0.2698612862547289,0.5119798234552333
28,Chopra,175,29,112,0,402,183,726,0.0399449035812672,0.2520661157024793,0.5537190082644629
28,Chopra,176,24,113,0,396,123,656,0.0365853658536585,0.1875,0.6036585365853658
28,Chopra,177,79,0,0,505,32,616,0.1282467532467532,0.0519480519480519,0.8198051948051948
28,Chopra,178,83,114,0,445,31,673,0.1233283803863298,0.0460624071322436,0.6612184249628529
28,Chopra,179,64,115,0,541,90,810,0.0790123456790123,0.1111111111111111,0.6679012345679012
28,Chopra,180,48,116,0,165,56,385,0.1246753246753246,0.1454545454545454,0.4285714285714285
28,Chopra,181,169,0,0,317,94,580,0.2913793103448276,0.1620689655172413,0.5465517241379311
28,Chopra,182,84,117,0,385,73,659,0.1274658573596358,0.1107738998482549,0.5842185128983308
28,Chopra,183,132,0,0,387,110,629,0.2098569157392686,0.1748807631160572,0.615262321144674
28,Chopra,184,58,118,0,414,37,627,0.0925039872408293,0.0590111642743221,0.6602870813397129
28,Chopra,185,82,0,0,291,32,405,0.2024691358024691,0.0790123456790123,0.7185185185185186
28,Chopra,186,66,119,0,549,21,755,0.0874172185430463,0.0278145695364238,0.7271523178807947
28,Chopra,187,56,0,0,373,18,447,0.1252796420581655,0.0402684563758389,0.8344519015659956
28,Chopra,188,132,120,0,563,99,914,0.1444201312910284,0.1083150984682713,0.6159737417943107
28,Chopra,189,98,121,0,380,28,627,0.1562998405103668,0.0446570972886762,0.6060606060606061
28,Chopra,19,15,0,0,361,49,425,0.0352941176470588,0.1152941176470588,0.8494117647058823
28,Chopra,190,74,0,0,423,39,536,0.1380597014925373,0.0727611940298507,0.789179104477612
28,Chopra,191,79,122,0,351,41,593,0.133220910623946,0.0691399662731871,0.5919055649241147
28,Chopra,192,51,0,0,480,40,571,0.0893169877408056,0.0700525394045534,0.840630472854641
28,Chopra,193,33,123,0,490,94,740,0.0445945945945946,0.127027027027027,0.6621621621621622
28,Chopra,194,65,0,0,405,15,485,0.134020618556701,0.0309278350515463,0.8350515463917526
28,Chopra,195,25,124,0,399,48,596,0.0419463087248322,0.0805369127516778,0.6694630872483222
28,Chopra,196,58,0,0,391,44,493,0.1176470588235294,0.0892494929006085,0.7931034482758621
28,Chopra,197,19,125,0,250,57,451,0.0421286031042128,0.1263858093126385,0.5543237250554324
28,Chopra,198,40,0,0,279,326,645,0.0620155038759689,0.5054263565891473,0.4325581395348837
28,Chopra,199,16,126,0,405,51,598,0.0267558528428093,0.0852842809364548,0.677257525083612
28,Chopra,2,10,0,0,460,44,514,0.0194552529182879,0.0856031128404669,0.8949416342412452
28,Chopra,20,43,15,0,428,37,523,0.0822179732313575,0.0707456978967495,0.8183556405353728
28,Chopra,200,8,0,0,135,370,513,0.0155945419103313,0.7212475633528265,0.2631578947368421
28,Chopra,201,33,127,0,444,158,762,0.0433070866141732,0.2073490813648294,0.5826771653543307
28,Chopra,202,10,0,0,467,81,558,0.017921146953405,0.1451612903225806,0.8369175627240143
28,Chopra,203,41,128,0,488,117,774,0.0529715762273901,0.1511627906976744,0.6304909560723514
28,Chopra,204,74,0,0,333,73,480,0.1541666666666666,0.1520833333333333,0.69375
28,Chopra,205,13,129,0,354,41,537,0.0242085661080074,0.0763500931098696,0.659217877094972
28,Chopra,206,14,0,0,395,56,465,0.0301075268817204,0.1204301075268817,0.8494623655913979
28,Chopra,207,30,130,0,414,102,676,0.044378698224852,0.150887573964497,0.6124260355029586
28,Chopra,208,23,10,0,15,341,389,0.0591259640102827,0.8766066838046273,0.0385604113110539
28,Chopra,209,133,6,0,8,342,489,0.2719836400817996,0.6993865030674846,0.016359918200409
28,Chopra,21,56,0,0,377,111,544,0.1029411764705882,0.2040441176470588,0.6930147058823529
28,Chopra,210,69,22,0,14,496,601,0.1148086522462562,0.8252911813643927,0.0232945091514143
28,Chopra,211,63,32,0,9,376,480,0.13125,0.7833333333333333,0.01875
28,Chopra,212,325,9,0,8,242,584,0.5565068493150684,0.4143835616438356,0.0136986301369863
28,Chopra,213,91,34,0,894,1162,2181,0.041723979825768,0.5327831270059605,0.4099037138927097
28,Chopra,214,109,44,0,543,943,1639,0.0665039658328248,0.5753508236729713,0.3312995729103111
28,Chopra,214 A,62,10,0,494,396,962,0.0644490644490644,0.4116424116424116,0.5135135135135135
28,Chopra,215,101,29,0,507,815,1452,0.0695592286501377,0.5612947658402204,0.3491735537190082
28,Chopra,215 A,26,8,0,501,451,986,0.0263691683569979,0.4574036511156186,0.5081135902636917
28,Chopra,216,274,48,0,684,1128,2134,0.1283973758200562,0.528584817244611,0.3205248359887535
28,Chopra,217,134,60,0,737,928,1859,0.0720817643894567,0.4991931145777299,0.3964497041420118
28,Chopra,218,62,29,0,599,861,1551,0.0399742101869761,0.5551257253384912,0.3862024500322372
28,Chopra,219,167,31,0,612,976,1786,0.093505039193729,0.5464725643896976,0.3426651735722284
28,Chopra,22,42,0,0,204,289,535,0.0785046728971962,0.5401869158878505,0.3813084112149533
28,Chopra,220,152,26,0,695,1045,1918,0.0792492179353493,0.5448383733055265,0.3623566214807091
28,Chopra,221,270,42,0,684,1049,2045,0.1320293398533007,0.5129584352078239,0.3344743276283619
28,Chopra,222,206,42,0,728,894,1870,0.1101604278074866,0.4780748663101604,0.3893048128342246
28,Chopra,223,158,22,0,629,794,1603,0.098565190268247,0.495321272613849,0.3923892701185277
28,Chopra,224,138,53,0,736,915,1842,0.0749185667752443,0.496742671009772,0.3995656894679696
28,Chopra,225,183,48,0,785,908,1924,0.0951143451143451,0.4719334719334719,0.408004158004158
28,Chopra,226,212,35,0,19,557,823,0.2575941676792223,0.6767922235722965,0.0230862697448359
28,Chopra,227,20,17,0,8,416,461,0.0433839479392624,0.9023861171366594,0.0173535791757049
28,Chopra,228,21,7,0,7,602,637,0.0329670329670329,0.945054945054945,0.0109890109890109
28,Chopra,229,124,30,0,19,464,637,0.1946624803767661,0.728414442700157,0.0298273155416012
28,Chopra,23,0,107,0,341,118,566,0.0,0.2084805653710247,0.6024734982332155
28,Chopra,230,25,16,0,12,480,533,0.0469043151969981,0.900562851782364,0.0225140712945591
28,Chopra,231,106,10,0,7,471,594,0.1784511784511784,0.7929292929292929,0.0117845117845117
28,Chopra,232,176,7,0,13,299,495,0.3555555555555555,0.604040404040404,0.0262626262626262
28,Chopra,233,143,33,0,8,267,451,0.3170731707317073,0.5920177383592018,0.0177383592017738
28,Chopra,234,205,15,0,11,390,621,0.3301127214170692,0.6280193236714976,0.0177133655394524
28,Chopra,235,21,27,0,7,544,599,0.0350584307178631,0.9081803005008348,0.011686143572621
28,Chopra,236,340,6,0,7,230,583,0.5831903945111492,0.3945111492281303,0.0120068610634648
28,Chopra,237,140,6,0,11,538,695,0.2014388489208633,0.7741007194244605,0.0158273381294964
28,Chopra,238,71,31,0,7,523,632,0.1123417721518987,0.8275316455696202,0.0110759493670886
28,Chopra,239,26,45,0,9,453,533,0.048780487804878,0.849906191369606,0.0168855534709193
28,Chopra,240,63,9,0,19,492,583,0.1080617495711835,0.8439108061749572,0.0325900514579759
28,Chopra,241,315,8,0,13,275,611,0.5155482815057283,0.4500818330605565,0.0212765957446808
28,Chopra,242,123,7,0,11,453,594,0.207070707070707,0.7626262626262627,0.0185185185185185
28,Chopra,243,3,9,0,11,853,876,0.0034246575342465,0.973744292237443,0.0125570776255707
28,Chopra,244,11,7,0,7,519,544,0.0202205882352941,0.9540441176470588,0.0128676470588235
28,Chopra,245,27,14,0,16,547,604,0.0447019867549668,0.9056291390728476,0.0264900662251655
28,Chopra,247,48,20,0,17,487,572,0.0839160839160839,0.8513986013986014,0.0297202797202797
28,Chopra,248,13,8,0,15,800,836,0.0155502392344497,0.9569377990430622,0.0179425837320574
28,Chopra,249,17,17,0,15,502,551,0.0308529945553539,0.911070780399274,0.0272232304900181
28,Chopra,25,90,0,0,118,288,496,0.1814516129032258,0.5806451612903226,0.2379032258064516
28,Chopra,250,16,10,0,13,600,639,0.0250391236306729,0.9389671361502347,0.0203442879499217
28,Chopra,26,114,27,0,357,554,1052,0.1083650190114068,0.526615969581749,0.3393536121673003
28,Chopra,26A,134,22,0,5,346,507,0.2642998027613412,0.6824457593688363,0.009861932938856
28,Chopra,27,349,9,0,204,353,915,0.3814207650273224,0.3857923497267759,0.2229508196721311
28,Chopra,28,426,30,0,524,335,1315,0.3239543726235741,0.2547528517110266,0.3984790874524714
28,Chopra,29,176,44,0,547,358,1125,0.1564444444444444,0.3182222222222222,0.4862222222222222
28,Chopra,294,12,184,0,455,38,689,0.0174165457184325,0.0551523947750362,0.660377358490566
28,Chopra,295,17,185,0,66,562,830,0.0204819277108433,0.6771084337349398,0.0795180722891566
28,Chopra,296,10,186,0,349,404,949,0.0105374077976817,0.4257112750263435,0.3677555321390938
28,Chopra,297,5,187,0,373,29,594,0.0084175084175084,0.0488215488215488,0.6279461279461279
28,Chopra,298,7,188,0,541,48,784,0.0089285714285714,0.0612244897959183,0.6900510204081632
28,Chopra,299,21,189,0,683,6,899,0.0233592880978865,0.0066740823136818,0.7597330367074527
28,Chopra,29A,119,14,0,3,306,442,0.2692307692307692,0.6923076923076923,0.006787330316742
28,Chopra,3,0,11,0,687,22,720,0.0,0.0305555555555555,0.9541666666666668
28,Chopra,30,686,29,0,147,580,1442,0.4757281553398058,0.4022191400832177,0.1019417475728155
28,Chopra,300,64,190,0,393,7,654,0.0978593272171253,0.010703363914373,0.6009174311926605
28,Chopra,301,20,0,0,494,105,619,0.0323101777059773,0.1696284329563812,0.7980613893376414
28,Chopra,302,20,191,0,492,20,723,0.0276625172890733,0.0276625172890733,0.6804979253112033
28,Chopra,303,6,0,0,381,82,469,0.0127931769722814,0.1748400852878464,0.8123667377398721
28,Chopra,304,3,192,0,565,30,790,0.0037974683544303,0.0379746835443038,0.7151898734177216
28,Chopra,305,6,0,0,476,114,596,0.0100671140939597,0.1912751677852349,0.7986577181208053
28,Chopra,306,9,193,0,416,6,624,0.0144230769230769,0.0096153846153846,0.6666666666666666
28,Chopra,307,3,0,0,425,11,439,0.0068337129840546,0.0250569476082004,0.9681093394077448
28,Chopra,308,35,194,0,498,11,738,0.0474254742547425,0.0149051490514905,0.6747967479674797
28,Chopra,309,9,0,0,408,5,422,0.0213270142180094,0.0118483412322274,0.966824644549763
28,Chopra,31,422,58,0,194,524,1198,0.352253756260434,0.4373956594323873,0.1619365609348914
28,Chopra,310,7,195,0,416,13,631,0.011093502377179,0.0206022187004754,0.659270998415214
28,Chopra,311,13,196,0,583,32,824,0.0157766990291262,0.0388349514563106,0.7075242718446602
28,Chopra,312,9,197,0,370,5,581,0.0154905335628227,0.0086058519793459,0.6368330464716007
28,Chopra,313,7,0,0,48,10,65,0.1076923076923077,0.1538461538461538,0.7384615384615385
28,Chopra,314,7,198,0,205,234,644,0.0108695652173913,0.3633540372670807,0.3183229813664596
28,Chopra,315,4,0,0,194,294,492,0.008130081300813,0.5975609756097561,0.3943089430894309
28,Chopra,316,13,199,0,470,12,694,0.0187319884726224,0.0172910662824207,0.6772334293948127
28,Chopra,317,5,0,0,326,120,451,0.0110864745011086,0.2660753880266075,0.7228381374722838
28,Chopra,318,3,200,0,585,12,800,0.00375,0.015,0.73125
28,Chopra,319,10,201,0,732,16,959,0.0104275286757038,0.0166840458811261,0.7632950990615224
28,Chopra,31A,451,18,0,7,46,522,0.8639846743295019,0.0881226053639846,0.0134099616858237
28,Chopra,32,393,38,0,91,538,1060,0.370754716981132,0.5075471698113208,0.0858490566037735
28,Chopra,320,3,202,0,441,6,652,0.004601226993865,0.00920245398773,0.6763803680981595
28,Chopra,321,5,0,0,466,3,474,0.010548523206751,0.0063291139240506,0.9831223628691984
28,Chopra,322,12,203,0,501,21,737,0.0162822252374491,0.0284938941655359,0.6797829036635007
28,Chopra,323,6,0,0,468,20,494,0.0121457489878542,0.0404858299595141,0.9473684210526316
28,Chopra,324,8,204,0,390,36,638,0.012539184952978,0.0564263322884012,0.6112852664576802
28,Chopra,325,6,0,0,371,13,390,0.0153846153846153,0.0333333333333333,0.9512820512820512
28,Chopra,326,11,205,0,623,22,861,0.0127758420441347,0.0255516840882694,0.7235772357723578
28,Chopra,327,8,0,0,597,32,637,0.0125588697017268,0.0502354788069073,0.9372056514913658
28,Chopra,328,1,206,0,485,11,703,0.0014224751066856,0.0156472261735419,0.689900426742532
28,Chopra,329,0,0,0,457,14,471,0.0,0.0297239915074309,0.970276008492569
28,Chopra,32A,393,7,0,1,61,462,0.8506493506493507,0.132034632034632,0.0021645021645021
28,Chopra,33,56,5,0,100,917,1078,0.0519480519480519,0.8506493506493507,0.0927643784786641
28,Chopra,330,7,207,0,760,46,1020,0.0068627450980392,0.0450980392156862,0.7450980392156863
28,Chopra,331,20,208,0,746,50,1024,0.01953125,0.048828125,0.728515625
28,Chopra,332,9,209,0,447,11,676,0.0133136094674556,0.0162721893491124,0.6612426035502958
28,Chopra,333,11,210,0,301,83,605,0.0181818181818181,0.1371900826446281,0.4975206611570248
28,Chopra,334,17,0,0,529,37,583,0.0291595197255574,0.0634648370497427,0.9073756432247
28,Chopra,335,3,211,0,864,10,1088,0.0027573529411764,0.0091911764705882,0.7941176470588235
28,Chopra,336,13,212,0,775,22,1022,0.0127201565557729,0.0215264187866927,0.7583170254403131
28,Chopra,33A,337,10,0,6,175,528,0.6382575757575758,0.3314393939393939,0.0113636363636363
28,Chopra,34,145,31,0,135,811,1122,0.1292335115864527,0.7228163992869875,0.1203208556149732
28,Chopra,34A,126,6,0,1,100,233,0.5407725321888412,0.4291845493562232,0.0042918454935622
28,Chopra,35,39,67,0,172,817,1095,0.0356164383561643,0.7461187214611872,0.1570776255707762
28,Chopra,35A,20,13,0,8,241,282,0.0709219858156028,0.8546099290780141,0.0283687943262411
28,Chopra,36,438,3,0,5,187,633,0.6919431279620853,0.2954186413902053,0.0078988941548183
28,Chopra,37A,538,12,0,4,41,595,0.9042016806722688,0.06890756302521,0.0067226890756302
28,Chopra,38,251,12,0,6,413,682,0.3680351906158358,0.6055718475073314,0.0087976539589442
28,Chopra,38A,257,35,0,8,120,420,0.611904761904762,0.2857142857142857,0.019047619047619
28,Chopra,39,18,27,0,10,595,650,0.0276923076923076,0.9153846153846154,0.0153846153846153
28,Chopra,39A,286,24,0,1,297,608,0.4703947368421052,0.4884868421052631,0.0016447368421052
28,Chopra,40,214,13,0,13,348,588,0.3639455782312925,0.5918367346938775,0.0221088435374149
28,Chopra,40A,445,8,0,5,131,589,0.7555178268251274,0.2224108658743633,0.0084889643463497
28,Chopra,41,31,71,0,9,254,365,0.084931506849315,0.6958904109589041,0.0246575342465753
28,Chopra,41A,30,22,0,4,327,383,0.0783289817232376,0.8537859007832899,0.010443864229765
28,Chopra,42,552,7,0,7,102,668,0.8263473053892215,0.1526946107784431,0.0104790419161676
28,Chopra,42A,389,5,0,4,61,459,0.8474945533769063,0.1328976034858388,0.008714596949891
28,Chopra,43,488,8,0,11,72,579,0.842832469775475,0.1243523316062176,0.0189982728842832
28,Chopra,43A,421,3,0,3,67,494,0.8522267206477733,0.1356275303643724,0.0060728744939271
28,Chopra,44,398,2,0,3,127,530,0.7509433962264151,0.2396226415094339,0.0056603773584905
28,Chopra,44A,454,11,0,7,13,485,0.936082474226804,0.0268041237113402,0.0144329896907216
28,Chopra,45,426,8,0,4,102,540,0.7888888888888889,0.1888888888888888,0.0074074074074074
28,Chopra,45A,293,4,0,3,36,336,0.8720238095238095,0.1071428571428571,0.0089285714285714
28,Chopra,46,654,64,0,6,84,808,0.8094059405940595,0.1039603960396039,0.0074257425742574
28,Chopra,47,414,30,0,5,75,524,0.7900763358778626,0.1431297709923664,0.0095419847328244
28,Chopra,48,239,12,0,3,304,558,0.4283154121863799,0.5448028673835126,0.0053763440860215
28,Chopra,48A,411,6,0,5,44,466,0.8819742489270386,0.0944206008583691,0.0107296137339055
28,Chopra,49,24,17,0,12,797,850,0.028235294117647,0.9376470588235294,0.0141176470588235
28,Chopra,50,93,29,0,7,353,482,0.1929460580912863,0.7323651452282157,0.0145228215767634
28,Chopra,50A,37,21,0,4,422,484,0.0764462809917355,0.871900826446281,0.0082644628099173
28,Chopra,51,284,11,0,9,192,496,0.5725806451612904,0.3870967741935484,0.0181451612903225
28,Chopra,6,34,0,0,773,34,841,0.0404280618311533,0.0404280618311533,0.9191438763376932
28,Chopra,7,23,0,0,619,36,678,0.0339233038348082,0.0530973451327433,0.9129793510324484
28,Chopra,79,0,14,0,181,546,741,0.0,0.7368421052631579,0.2442645074224021
28,Chopra,8,20,0,0,335,161,516,0.0387596899224806,0.312015503875969,0.6492248062015504
28,Chopra,80,0,17,0,85,480,582,0.0,0.8247422680412371,0.1460481099656357
28,Chopra,81,0,42,0,350,597,989,0.0,0.6036400404448938,0.3538928210313448
28,Chopra,82,0,9,0,291,242,542,0.0,0.4464944649446494,0.5369003690036901
28,Chopra,83,0,47,0,182,686,915,0.0,0.7497267759562841,0.1989071038251366
28,Chopra,86,0,8,0,34,443,485,0.0,0.91340206185567,0.0701030927835051
28,Chopra,87,0,14,0,409,111,534,0.0,0.2078651685393258,0.7659176029962547
28,Chopra,88,0,13,0,479,158,650,0.0,0.243076923076923,0.7369230769230769
28,Chopra,89,0,6,0,483,125,614,0.0,0.2035830618892508,0.7866449511400652
28,Chopra,9,42,0,0,671,58,771,0.0544747081712062,0.0752269779507133,0.8702983138780804
28,Chopra,90,0,42,0,203,442,687,0.0,0.6433770014556041,0.2954876273653566
28,Chopra,91,0,5,0,472,122,599,0.0,0.2036727879799666,0.7879799666110183
28,Chopra,92,0,9,0,448,93,550,0.0,0.1690909090909091,0.8145454545454546
28,Chopra,93,0,6,0,328,133,467,0.0,0.284796573875803,0.702355460385439
28,Chopra,94,0,9,0,326,133,468,0.0,0.2841880341880342,0.6965811965811965
28,Chopra,95,0,21,0,435,364,820,0.0,0.4439024390243902,0.5304878048780488
28,Chopra,96,0,5,0,348,54,407,0.0,0.1326781326781326,0.855036855036855
28,Chopra,97,0,4,0,444,66,514,0.0,0.1284046692607003,0.8638132295719845
28,Chopra,98,0,12,0,422,140,574,0.0,0.2439024390243902,0.735191637630662
28,Chopra,99,0,18,0,392,116,526,0.0,0.2205323193916349,0.7452471482889734
29,Islampur,1,522,0,15,10,45,592,0.8817567567567568,0.0760135135135135,0.0168918918918918
29,Islampur,10,11,0,6,2,401,420,0.0261904761904761,0.9547619047619048,0.0047619047619047
29,Islampur,11,21,0,11,3,489,524,0.0400763358778625,0.933206106870229,0.0057251908396946
29,Islampur,12,198,0,10,2,273,483,0.4099378881987577,0.5652173913043478,0.0041407867494824
29,Islampur,13,703,0,4,8,139,854,0.8231850117096019,0.1627634660421545,0.009367681498829
29,Islampur,14,18,0,52,0,503,573,0.031413612565445,0.8778359511343804,0.0
29,Islampur,15,94,0,15,3,320,432,0.2175925925925926,0.7407407407407407,0.0069444444444444
29,Islampur,16,51,0,5,3,229,288,0.1770833333333333,0.7951388888888888,0.0104166666666666
29,Islampur,17,523,0,2,2,23,550,0.9509090909090908,0.0418181818181818,0.0036363636363636
29,Islampur,18,21,0,44,3,821,889,0.0236220472440944,0.9235095613048367,0.0033745781777277
29,Islampur,19,6,0,10,1,485,502,0.0119521912350597,0.9661354581673308,0.0019920318725099
29,Islampur,2,315,0,13,6,97,431,0.7308584686774942,0.2250580046403712,0.0139211136890951
29,Islampur,20,26,0,42,5,606,679,0.0382916053019145,0.8924889543446245,0.0073637702503681
29,Islampur,21,506,0,5,5,28,544,0.9301470588235294,0.0514705882352941,0.0091911764705882
29,Islampur,22,328,0,15,6,152,501,0.654690618762475,0.3033932135728543,0.0119760479041916
29,Islampur,23,23,0,13,11,380,427,0.0538641686182669,0.8899297423887588,0.0257611241217798
29,Islampur,24,230,0,8,10,231,479,0.4801670146137787,0.4822546972860125,0.0208768267223382
29,Islampur,25,22,0,13,5,446,486,0.0452674897119341,0.9176954732510288,0.0102880658436214
29,Islampur,26,177,0,16,8,362,563,0.3143872113676731,0.6429840142095915,0.0142095914742451
29,Islampur,27,15,0,18,6,446,485,0.0309278350515463,0.9195876288659792,0.0123711340206185
29,Islampur,28,20,0,8,6,464,498,0.0401606425702811,0.931726907630522,0.0120481927710843
29,Islampur,29,13,0,23,4,451,491,0.0264765784114052,0.9185336048879836,0.0081466395112016
29,Islampur,3,19,0,10,2,591,622,0.0305466237942122,0.95016077170418,0.0032154340836012
29,Islampur,30,7,0,11,2,473,493,0.0141987829614604,0.9594320486815416,0.0040567951318458
29,Islampur,31,9,0,8,5,433,455,0.0197802197802197,0.9516483516483516,0.0109890109890109
29,Islampur,32,47,0,4,0,422,473,0.0993657505285412,0.8921775898520085,0.0
29,Islampur,33,486,0,19,8,218,731,0.66484268125855,0.2982216142270862,0.0109439124487004
29,Islampur,34,461,0,5,6,96,568,0.8116197183098591,0.1690140845070422,0.0105633802816901
29,Islampur,35,614,0,0,22,109,745,0.8241610738255034,0.1463087248322147,0.0295302013422818
29,Islampur,4,170,0,6,9,173,358,0.4748603351955307,0.4832402234636871,0.0251396648044692
29,Islampur,5,11,0,69,4,340,424,0.025943396226415,0.8018867924528302,0.0094339622641509
29,Islampur,6,5,0,17,2,374,398,0.0125628140703517,0.9396984924623116,0.0050251256281407
29,Islampur,7,5,0,9,4,484,502,0.0099601593625498,0.9641434262948207,0.0079681274900398
29,Islampur,8,6,0,5,3,450,464,0.0129310344827586,0.9698275862068966,0.0064655172413793
29,Islampur,9,480,0,11,7,244,742,0.6469002695417789,0.3288409703504043,0.0094339622641509
30,Goalpokhar,1,0,0,131,12,128,271,0.0,0.4723247232472324,0.044280442804428
30,Goalpokhar,10,0,0,164,1,0,165,0.0,0.0,0.006060606060606
30,Goalpokhar,108,0,0,2,92,0,94,0.0,0.0,0.9787234042553192
30,Goalpokhar,108A,0,0,2,447,0,449,0.0,0.0,0.9955456570155902
30,Goalpokhar,109,0,0,0,362,0,362,0.0,0.0,1.0
30,Goalpokhar,109A,0,0,2,363,0,365,0.0,0.0,0.9945205479452056
30,Goalpokhar,11,0,0,0,647,1,648,0.0,0.0015432098765432,0.9984567901234568
30,Goalpokhar,110,0,0,4,190,0,194,0.0,0.0,0.979381443298969
30,Goalpokhar,112,0,0,0,109,0,109,0.0,0.0,1.0
30,Goalpokhar,113,0,0,0,384,0,384,0.0,0.0,1.0
30,Goalpokhar,116,0,0,4,655,0,659,0.0,0.0,0.9939301972685888
30,Goalpokhar,118,0,0,0,126,0,126,0.0,0.0,1.0
30,Goalpokhar,119,0,0,0,329,0,329,0.0,0.0,1.0
30,Goalpokhar,12,0,0,27,4,189,220,0.0,0.8590909090909091,0.0181818181818181
30,Goalpokhar,122,0,0,2,300,0,302,0.0,0.0,0.9933774834437086
30,Goalpokhar,123,0,0,0,548,0,548,0.0,0.0,1.0
30,Goalpokhar,124,0,0,0,2,0,2,0.0,0.0,1.0
30,Goalpokhar,126,0,0,0,591,0,591,0.0,0.0,1.0
30,Goalpokhar,127,0,0,0,393,0,393,0.0,0.0,1.0
30,Goalpokhar,13,0,0,16,569,2,587,0.0,0.0034071550255536,0.969335604770017
30,Goalpokhar,130,0,0,6,151,0,157,0.0,0.0,0.961783439490446
30,Goalpokhar,131,0,0,0,44,0,44,0.0,0.0,1.0
30,Goalpokhar,133,0,0,0,581,0,581,0.0,0.0,1.0
30,Goalpokhar,14,0,0,7,2,148,157,0.0,0.9426751592356688,0.0127388535031847
30,Goalpokhar,15,0,0,56,6,131,193,0.0,0.6787564766839378,0.0310880829015544
30,Goalpokhar,16,0,0,110,5,4,119,0.0,0.0336134453781512,0.042016806722689
30,Goalpokhar,17,0,0,25,7,202,234,0.0,0.8632478632478633,0.0299145299145299
30,Goalpokhar,18,0,0,65,5,81,151,0.0,0.5364238410596026,0.0331125827814569
30,Goalpokhar,19,0,0,13,8,17,38,0.0,0.4473684210526316,0.2105263157894736
30,Goalpokhar,191,101,0,8,33,135,277,0.3646209386281588,0.4873646209386281,0.1191335740072202
30,Goalpokhar,193,128,0,0,98,1344,1570,0.0815286624203821,0.8560509554140128,0.062420382165605
30,Goalpokhar,195,408,0,11,157,136,712,0.5730337078651685,0.1910112359550561,0.2205056179775281
30,Goalpokhar,196,493,0,14,34,131,672,0.7336309523809523,0.1949404761904762,0.050595238095238
30,Goalpokhar,197,504,0,10,44,138,696,0.7241379310344828,0.1982758620689655,0.0632183908045977
30,Goalpokhar,198,525,0,5,22,139,691,0.7597684515195369,0.2011577424023155,0.0318379160636758
30,Goalpokhar,199,385,0,4,173,140,702,0.5484330484330484,0.1994301994301994,0.2464387464387464
30,Goalpokhar,20,0,0,59,15,242,316,0.0,0.7658227848101266,0.0474683544303797
30,Goalpokhar,200,346,0,21,130,141,638,0.542319749216301,0.2210031347962382,0.2037617554858934
30,Goalpokhar,201,260,0,3,101,142,506,0.5138339920948617,0.2806324110671936,0.1996047430830039
30,Goalpokhar,202,242,0,6,92,0,340,0.711764705882353,0.0,0.2705882352941176
30,Goalpokhar,203,268,0,6,17,143,434,0.6175115207373272,0.3294930875576037,0.0391705069124423
30,Goalpokhar,204,299,0,11,4,0,314,0.9522292993630572,0.0,0.0127388535031847
30,Goalpokhar,205,236,0,128,40,144,548,0.4306569343065693,0.2627737226277372,0.072992700729927
30,Goalpokhar,206,218,0,51,60,0,329,0.662613981762918,0.0,0.182370820668693
30,Goalpokhar,207,259,0,158,142,145,704,0.3678977272727273,0.2059659090909091,0.2017045454545454
30,Goalpokhar,208,410,0,14,170,146,740,0.5540540540540541,0.1972972972972973,0.2297297297297297
30,Goalpokhar,209,312,0,8,43,147,510,0.611764705882353,0.288235294117647,0.084313725490196
30,Goalpokhar,21,0,0,128,8,65,201,0.0,0.3233830845771144,0.0398009950248756
30,Goalpokhar,210,511,0,15,56,148,730,0.7,0.2027397260273972,0.0767123287671232
30,Goalpokhar,211,536,0,11,50,149,746,0.7184986595174263,0.1997319034852546,0.067024128686327
30,Goalpokhar,212,413,0,25,257,150,845,0.4887573964497041,0.1775147928994082,0.3041420118343195
30,Goalpokhar,213,346,0,18,35,151,550,0.6290909090909091,0.2745454545454545,0.0636363636363636
30,Goalpokhar,214,266,0,38,3,0,307,0.8664495114006515,0.0,0.009771986970684
30,Goalpokhar,215,305,0,10,61,152,528,0.5776515151515151,0.2878787878787879,0.115530303030303
30,Goalpokhar,216,338,0,26,1,0,365,0.926027397260274,0.0,0.0027397260273972
30,Goalpokhar,217,444,0,5,246,153,848,0.5235849056603774,0.1804245283018868,0.2900943396226415
30,Goalpokhar,218,338,0,246,64,154,802,0.4214463840399002,0.1920199501246882,0.0798004987531172
30,Goalpokhar,219,381,0,82,3,155,621,0.6135265700483091,0.249597423510467,0.0048309178743961
30,Goalpokhar,22,0,0,11,2,25,38,0.0,0.6578947368421053,0.0526315789473684
30,Goalpokhar,220,351,0,6,5,156,518,0.6776061776061776,0.3011583011583011,0.0096525096525096
30,Goalpokhar,221,291,0,0,84,151,526,0.5532319391634981,0.2870722433460076,0.1596958174904943
30,Goalpokhar,222,264,0,45,106,0,415,0.636144578313253,0.0,0.2554216867469879
30,Goalpokhar,223,313,0,0,70,158,541,0.5785582255083179,0.2920517560073937,0.1293900184842883
30,Goalpokhar,224,0,0,25,64,0,89,0.0,0.0,0.7191011235955056
30,Goalpokhar,225,440,0,91,45,159,735,0.5986394557823129,0.2163265306122449,0.0612244897959183
30,Goalpokhar,226,353,0,165,28,160,706,0.5,0.2266288951841359,0.0396600566572237
30,Goalpokhar,227,318,0,28,2,161,509,0.6247544204322201,0.3163064833005894,0.0039292730844793
30,Goalpokhar,228,391,0,0,24,0,415,0.9421686746987952,0.0,0.0578313253012048
30,Goalpokhar,229,328,0,35,3,162,528,0.6212121212121212,0.3068181818181818,0.0056818181818181
30,Goalpokhar,23,0,0,0,3,18,21,0.0,0.8571428571428571,0.1428571428571428
30,Goalpokhar,230,165,0,203,15,0,383,0.4308093994778068,0.0,0.0391644908616188
30,Goalpokhar,231,506,0,0,705,163,1374,0.3682678311499272,0.11863173216885,0.5131004366812227
30,Goalpokhar,232,316,0,14,18,164,512,0.6171875,0.3203125,0.03515625
30,Goalpokhar,24,0,0,158,7,111,276,0.0,0.4021739130434782,0.0253623188405797
30,Goalpokhar,25,0,0,21,4,36,61,0.0,0.5901639344262295,0.0655737704918032
30,Goalpokhar,26,0,0,99,7,40,146,0.0,0.273972602739726,0.047945205479452
30,Goalpokhar,27,0,0,0,2,48,50,0.0,0.96,0.04
30,Goalpokhar,28,0,0,187,7,46,240,0.0,0.1916666666666666,0.0291666666666666
30,Goalpokhar,29,0,0,319,5,0,324,0.0,0.0,0.015432098765432
30,Goalpokhar,3,0,0,156,10,121,287,0.0,0.4216027874564459,0.0348432055749128
30,Goalpokhar,30,0,0,309,1,25,335,0.0,0.0746268656716417,0.0029850746268656
30,Goalpokhar,31,0,0,31,1,50,82,0.0,0.6097560975609756,0.0121951219512195
30,Goalpokhar,313,0,0,191,160,223,574,0.0,0.3885017421602787,0.2787456445993031
30,Goalpokhar,314,0,0,231,102,223,556,0.0,0.4010791366906475,0.1834532374100719
30,Goalpokhar,315,0,0,0,15,0,15,0.0,0.0,1.0
30,Goalpokhar,316,0,0,303,8,224,535,0.0,0.4186915887850467,0.0149532710280373
30,Goalpokhar,32,0,0,318,5,111,434,0.0,0.2557603686635945,0.0115207373271889
30,Goalpokhar,4,0,0,78,10,151,239,0.0,0.6317991631799164,0.0418410041841004
30,Goalpokhar,5,0,0,90,10,200,300,0.0,0.6666666666666666,0.0333333333333333
30,Goalpokhar,6,0,0,494,1,35,530,0.0,0.0660377358490566,0.0018867924528301
30,Goalpokhar,7,0,0,0,7,18,25,0.0,0.72,0.28
30,Goalpokhar,8,0,0,331,3,16,350,0.0,0.0457142857142857,0.0085714285714285
30,Goalpokhar,9,0,0,204,2,21,227,0.0,0.092511013215859,0.0088105726872246
31,Chakulia,1,4,0,0,868,0,872,0.0045871559633027,0.0,0.9954128440366972
31,Chakulia,10,2,0,0,933,6,941,0.002125398512221,0.0063761955366631,0.9914984059511158
31,Chakulia,100,0,0,0,7,0,7,0.0,0.0,1.0
31,Chakulia,101,8,0,0,100,531,639,0.0125195618153364,0.8309859154929577,0.1564945226917058
31,Chakulia,102,111,0,0,124,0,235,0.4723404255319149,0.0,0.5276595744680851
31,Chakulia,103,221,0,0,97,140,458,0.482532751091703,0.3056768558951965,0.2117903930131004
31,Chakulia,104,331,0,0,72,44,447,0.7404921700223713,0.0984340044742729,0.1610738255033557
31,Chakulia,105,285,0,0,106,313,704,0.4048295454545454,0.4446022727272727,0.1505681818181818
31,Chakulia,107,66,0,0,218,181,465,0.1419354838709677,0.3892473118279569,0.4688172043010752
31,Chakulia,108,39,0,0,142,150,331,0.1178247734138972,0.4531722054380664,0.4290030211480362
31,Chakulia,109,26,0,0,11,196,233,0.111587982832618,0.8412017167381974,0.0472103004291845
31,Chakulia,10A,0,0,0,373,12,385,0.0,0.0311688311688311,0.9688311688311688
31,Chakulia,11,0,0,0,822,2,824,0.0,0.0024271844660194,0.9975728155339806
31,Chakulia,110,229,0,0,107,129,465,0.4924731182795699,0.2774193548387096,0.2301075268817204
31,Chakulia,111,0,0,0,13,259,272,0.0,0.9522058823529412,0.0477941176470588
31,Chakulia,112,8,0,0,0,189,197,0.0406091370558375,0.9593908629441624,0.0
31,Chakulia,113,0,0,0,164,190,354,0.0,0.536723163841808,0.4632768361581921
31,Chakulia,12,2,0,0,1150,7,1159,0.0017256255392579,0.0060396893874029,0.9922346850733392
31,Chakulia,13,2,0,0,959,6,967,0.0020682523267838,0.0062047569803516,0.9917269906928644
31,Chakulia,14,61,0,0,712,329,1102,0.0553539019963702,0.2985480943738657,0.6460980036297641
31,Chakulia,15,0,0,0,1028,6,1034,0.0,0.0058027079303675,0.9941972920696324
31,Chakulia,16,0,0,0,740,4,744,0.0,0.0053763440860215,0.9946236559139784
31,Chakulia,16A,2,0,0,1619,11,1632,0.0012254901960784,0.0067401960784313,0.9920343137254902
31,Chakulia,17,10,0,0,2474,13,2497,0.0040048057669203,0.0052062474969963,0.9907889467360832
31,Chakulia,18,3,0,0,1069,12,1084,0.0027675276752767,0.011070110701107,0.9861623616236164
31,Chakulia,19,8,0,0,870,11,889,0.0089988751406074,0.0123734533183352,0.9786276715410572
31,Chakulia,1A,1,0,0,904,6,911,0.0010976948408342,0.0065861690450054,0.9923161361141604
31,Chakulia,2,0,0,0,699,6,705,0.0,0.0085106382978723,0.9914893617021276
31,Chakulia,20,8,0,0,1346,15,1369,0.0058436815193571,0.0109569028487947,0.983199415631848
31,Chakulia,21,1,0,0,942,10,953,0.0010493179433368,0.0104931794333683,0.9884575026232948
31,Chakulia,21A,5,0,0,888,9,902,0.0055432372505543,0.0099778270509977,0.984478935698448
31,Chakulia,22,8,0,0,975,14,997,0.0080240722166499,0.0140421263791374,0.9779338014042126
31,Chakulia,22A,2,0,0,988,16,1006,0.0019880715705765,0.0159045725646123,0.9821073558648112
31,Chakulia,23,3,0,0,997,24,1024,0.0029296875,0.0234375,0.9736328125
31,Chakulia,2A,5,0,0,839,9,853,0.0058616647127784,0.0105509964830011,0.9835873388042204
31,Chakulia,3,4,0,0,1078,1,1083,0.0036934441366574,0.0009233610341643,0.9953831948291784
31,Chakulia,4,0,0,0,1087,6,1093,0.0,0.0054894784995425,0.9945105215004576
31,Chakulia,4A,6,0,0,986,7,999,0.006006006006006,0.007007007007007,0.986986986986987
31,Chakulia,5,4,0,0,844,4,852,0.0046948356807511,0.0046948356807511,0.9906103286384976
31,Chakulia,5A,5,0,0,852,5,862,0.0058004640371229,0.0058004640371229,0.988399071925754
31,Chakulia,6,6,0,0,1194,5,1205,0.0049792531120331,0.0041493775933609,0.9908713692946058
31,Chakulia,7,2,0,0,1055,8,1065,0.0018779342723004,0.0075117370892018,0.9906103286384976
31,Chakulia,77,175,0,0,7,173,355,0.4929577464788732,0.4873239436619718,0.0197183098591549
31,Chakulia,78,51,0,0,68,279,398,0.1281407035175879,0.7010050251256281,0.1708542713567839
31,Chakulia,79,395,0,0,32,28,455,0.8681318681318682,0.0615384615384615,0.0703296703296703
31,Chakulia,7A,1,0,0,827,5,833,0.0012004801920768,0.0060024009603841,0.992797118847539
31,Chakulia,8,5,0,0,1395,8,1408,0.0035511363636363,0.0056818181818181,0.9907670454545454
31,Chakulia,80,423,0,0,39,47,509,0.831041257367387,0.0923379174852652,0.0766208251473477
31,Chakulia,81,338,0,0,20,105,463,0.7300215982721382,0.2267818574514039,0.0431965442764578
31,Chakulia,83,164,0,0,180,397,741,0.2213225371120108,0.5357624831309041,0.242914979757085
31,Chakulia,84,554,0,0,783,98,1435,0.3860627177700348,0.0682926829268292,0.5456445993031359
31,Chakulia,85,342,0,0,49,30,421,0.8123515439429929,0.0712589073634204,0.1163895486935867
31,Chakulia,86,303,0,0,59,40,402,0.753731343283582,0.099502487562189,0.1467661691542288
31,Chakulia,87,0,0,0,36,297,333,0.0,0.8918918918918919,0.1081081081081081
31,Chakulia,88,150,0,0,25,184,359,0.4178272980501393,0.5125348189415042,0.0696378830083565
31,Chakulia,89,0,0,0,51,400,451,0.0,0.8869179600886918,0.1130820399113082
31,Chakulia,9,15,0,0,1238,9,1262,0.0118858954041204,0.0071315372424722,0.9809825673534072
31,Chakulia,90,79,0,0,66,324,469,0.1684434968017057,0.6908315565031983,0.1407249466950959
31,Chakulia,92,11,0,0,14,226,251,0.0438247011952191,0.900398406374502,0.0557768924302788
31,Chakulia,94,0,0,0,7,267,274,0.0,0.9744525547445256,0.0255474452554744
31,Chakulia,95,0,0,0,16,77,93,0.0,0.8279569892473119,0.1720430107526881
31,Chakulia,96,101,0,0,63,0,164,0.6158536585365854,0.0,0.3841463414634146
31,Chakulia,97,381,0,0,67,307,755,0.5046357615894039,0.4066225165562914,0.0887417218543046
31,Chakulia,98,515,0,0,40,78,633,0.8135860979462876,0.1232227488151658,0.0631911532385466
31,Chakulia,99,5,0,0,211,349,565,0.0088495575221238,0.6176991150442478,0.3734513274336283
32,Karandighi,02(A),170,0,0,346,5,521,0.3262955854126679,0.0095969289827255,0.6641074856046065
32,Karandighi,1,0,0,0,498,0,498,0.0,0.0,1.0
32,Karandighi,1(A),0,0,0,493,0,493,0.0,0.0,1.0
32,Karandighi,10,0,0,0,516,0,516,0.0,0.0,1.0
32,Karandighi,10(A),0,0,0,472,0,472,0.0,0.0,1.0
32,Karandighi,100,393,0,0,334,8,735,0.5346938775510204,0.0108843537414965,0.454421768707483
32,Karandighi,101,437,0,0,176,6,619,0.7059773828756059,0.0096930533117932,0.284329563812601
32,Karandighi,102,288,0,0,218,6,512,0.5625,0.01171875,0.42578125
32,Karandighi,103,405,0,0,110,2,517,0.7833655705996132,0.0038684719535783,0.2127659574468085
32,Karandighi,104,307,0,0,260,4,571,0.5376532399299475,0.0070052539404553,0.4553415061295972
32,Karandighi,105,380,0,0,71,5,456,0.8333333333333334,0.0109649122807017,0.1557017543859649
32,Karandighi,105(A),345,0,0,115,5,465,0.7419354838709677,0.010752688172043,0.2473118279569892
32,Karandighi,106,777,0,0,43,6,826,0.940677966101695,0.0072639225181598,0.0520581113801452
32,Karandighi,106(A),283,0,0,172,2,457,0.6192560175054704,0.0043763676148796,0.3763676148796498
32,Karandighi,107,51,0,0,398,1,450,0.1133333333333333,0.0022222222222222,0.8844444444444445
32,Karandighi,107(A),46,0,0,386,6,438,0.1050228310502283,0.0136986301369863,0.8812785388127854
32,Karandighi,108,584,0,0,40,5,629,0.9284578696343402,0.0079491255961844,0.0635930047694753
32,Karandighi,109,687,0,0,16,5,708,0.9703389830508474,0.0070621468926553,0.0225988700564971
32,Karandighi,11,0,0,0,611,0,611,0.0,0.0,1.0
32,Karandighi,11(A),0,0,0,549,0,549,0.0,0.0,1.0
32,Karandighi,110,534,0,0,4,3,541,0.9870609981515712,0.0055452865064695,0.0073937153419593
32,Karandighi,110(A),18,0,0,4,0,22,0.8181818181818182,0.0,0.1818181818181818
32,Karandighi,111,430,0,0,14,1,445,0.9662921348314608,0.0022471910112359,0.0314606741573033
32,Karandighi,111(A),402,0,0,7,6,415,0.9686746987951808,0.0144578313253012,0.016867469879518
32,Karandighi,112,941,0,0,581,14,1536,0.6126302083333334,0.0091145833333333,0.3782552083333333
32,Karandighi,113,691,0,0,27,5,723,0.9557399723374828,0.0069156293222683,0.0373443983402489
32,Karandighi,1134(A),397,0,0,75,0,472,0.8411016949152542,0.0,0.1588983050847457
32,Karandighi,1135(A),362,0,0,84,0,446,0.8116591928251121,0.0,0.1883408071748878
32,Karandighi,117,483,0,0,410,15,908,0.5319383259911894,0.0165198237885462,0.4515418502202643
32,Karandighi,117(A),89,0,0,354,0,443,0.200902934537246,0.0,0.7990970654627539
32,Karandighi,118,699,0,0,281,13,993,0.7039274924471299,0.013091641490433,0.282980866062437
32,Karandighi,119,142,0,0,379,0,521,0.272552783109405,0.0,0.727447216890595
32,Karandighi,119(A),224,0,0,305,0,529,0.4234404536862003,0.0,0.5765595463137996
32,Karandighi,12,0,0,0,603,0,603,0.0,0.0,1.0
32,Karandighi,120,190,0,0,196,0,386,0.4922279792746113,0.0,0.5077720207253886
32,Karandighi,120(A),379,0,0,66,0,445,0.851685393258427,0.0,0.148314606741573
32,Karandighi,121,316,0,0,158,0,474,0.6666666666666666,0.0,0.3333333333333333
32,Karandighi,121(A),594,0,0,26,0,620,0.9580645161290322,0.0,0.0419354838709677
32,Karandighi,122,541,0,0,289,7,837,0.6463560334528077,0.008363201911589,0.3452807646356033
32,Karandighi,122(A),131,0,0,294,0,425,0.308235294117647,0.0,0.691764705882353
32,Karandighi,123,521,0,0,265,8,794,0.6561712846347607,0.0100755667506297,0.3337531486146096
32,Karandighi,123(A),108,0,0,366,0,474,0.2278481012658227,0.0,0.7721518987341772
32,Karandighi,124,109,0,0,361,0,470,0.2319148936170212,0.0,0.7680851063829788
32,Karandighi,124(A),284,0,0,218,0,502,0.5657370517928287,0.0,0.4342629482071713
32,Karandighi,125,216,0,0,318,0,534,0.4044943820224719,0.0,0.5955056179775281
32,Karandighi,125(A),132,0,0,388,0,520,0.2538461538461538,0.0,0.7461538461538462
32,Karandighi,126,584,0,0,10,0,594,0.9831649831649832,0.0,0.0168350168350168
32,Karandighi,127,446,0,0,81,0,527,0.8462998102466793,0.0,0.1537001897533206
32,Karandighi,128,184,0,0,563,0,747,0.2463186077643909,0.0,0.7536813922356091
32,Karandighi,129,763,0,0,130,1,894,0.8534675615212528,0.0011185682326621,0.145413870246085
32,Karandighi,13,0,0,0,486,0,486,0.0,0.0,1.0
32,Karandighi,130,69,0,0,443,0,512,0.134765625,0.0,0.865234375
32,Karandighi,130(A),133,0,0,402,0,535,0.2485981308411215,0.0,0.7514018691588785
32,Karandighi,131,428,0,0,30,0,458,0.9344978165938864,0.0,0.0655021834061135
32,Karandighi,132,94,0,0,594,0,688,0.1366279069767441,0.0,0.8633720930232558
32,Karandighi,133,299,0,0,414,0,713,0.4193548387096774,0.0,0.5806451612903226
32,Karandighi,135,768,0,0,34,5,807,0.9516728624535316,0.0061957868649318,0.0421313506815365
32,Karandighi,136,280,0,0,26,0,306,0.915032679738562,0.0,0.0849673202614379
32,Karandighi,136(A),346,0,0,18,0,364,0.9505494505494504,0.0,0.0494505494505494
32,Karandighi,137,426,0,0,14,0,440,0.968181818181818,0.0,0.0318181818181818
32,Karandighi,137(A),406,0,0,25,0,431,0.9419953596287703,0.0,0.0580046403712296
32,Karandighi,138,1677,0,0,47,33,1757,0.954467842914058,0.018782014797951,0.0267501422879908
32,Karandighi,138(A),599,0,0,8,0,607,0.9868204283360792,0.0,0.0131795716639209
32,Karandighi,139,492,0,0,3,0,495,0.993939393939394,0.0,0.006060606060606
32,Karandighi,139(A),465,0,0,17,0,482,0.9647302904564315,0.0,0.0352697095435684
32,Karandighi,14,0,0,0,584,0,584,0.0,0.0,1.0
32,Karandighi,14(A),0,0,0,633,0,633,0.0,0.0,1.0
32,Karandighi,140,455,0,0,365,0,820,0.5548780487804879,0.0,0.4451219512195122
32,Karandighi,141,551,0,0,5,0,556,0.9910071942446044,0.0,0.0089928057553956
32,Karandighi,141(A),545,0,0,5,0,550,0.990909090909091,0.0,0.009090909090909
32,Karandighi,142,476,0,0,9,0,485,0.981443298969072,0.0,0.0185567010309278
32,Karandighi,142(A),388,0,0,62,0,450,0.8622222222222222,0.0,0.1377777777777777
32,Karandighi,143,771,0,0,28,0,799,0.9649561952440552,0.0,0.0350438047559449
32,Karandighi,144,479,0,0,48,0,527,0.9089184060721064,0.0,0.0910815939278937
32,Karandighi,144(A),402,0,0,175,0,577,0.6967071057192374,0.0,0.3032928942807625
32,Karandighi,145,156,0,0,301,0,457,0.3413566739606127,0.0,0.6586433260393874
32,Karandighi,145(A),101,0,0,330,0,431,0.2343387470997679,0.0,0.765661252900232
32,Karandighi,146,540,0,0,8,0,548,0.9854014598540146,0.0,0.0145985401459854
32,Karandighi,146(A),427,0,0,31,0,458,0.9323144104803494,0.0,0.0676855895196506
32,Karandighi,147,486,0,0,88,0,574,0.8466898954703833,0.0,0.1533101045296167
32,Karandighi,148,632,0,0,14,4,650,0.9723076923076924,0.0061538461538461,0.0215384615384615
32,Karandighi,149,0,0,0,380,0,380,0.0,0.0,1.0
32,Karandighi,15,0,0,0,437,0,437,0.0,0.0,1.0
32,Karandighi,15(A),0,0,0,503,0,503,0.0,0.0,1.0
32,Karandighi,151,8,0,0,614,0,622,0.0128617363344051,0.0,0.9871382636655948
32,Karandighi,152,19,0,0,0,0,19,1.0,0.0,0.0
32,Karandighi,156,0,0,0,341,0,341,0.0,0.0,1.0
32,Karandighi,16,0,0,0,583,0,583,0.0,0.0,1.0
32,Karandighi,168,3,0,0,0,0,3,1.0,0.0,0.0
32,Karandighi,17,0,0,0,622,0,622,0.0,0.0,1.0
32,Karandighi,173,11,0,0,0,0,11,1.0,0.0,0.0
32,Karandighi,176,9,0,0,0,0,9,1.0,0.0,0.0
32,Karandighi,177,1,0,0,0,0,1,1.0,0.0,0.0
32,Karandighi,186,56,0,0,0,0,56,1.0,0.0,0.0
32,Karandighi,188,0,0,0,576,0,576,0.0,0.0,1.0
32,Karandighi,19,0,0,0,591,30,621,0.0,0.0483091787439613,0.9516908212560388
32,Karandighi,191,0,0,0,312,0,312,0.0,0.0,1.0
32,Karandighi,193,0,0,0,644,0,644,0.0,0.0,1.0
32,Karandighi,195,6,0,0,0,0,6,1.0,0.0,0.0
32,Karandighi,198,22,0,0,0,0,22,1.0,0.0,0.0
32,Karandighi,2,298,0,0,736,0,1034,0.288201160541586,0.0,0.7117988394584139
32,Karandighi,202,0,0,0,377,107,484,0.0,0.2210743801652892,0.7789256198347108
32,Karandighi,202(A),0,0,0,437,114,551,0.0,0.2068965517241379,0.7931034482758621
32,Karandighi,203(A),0,0,0,386,68,454,0.0,0.1497797356828193,0.8502202643171806
32,Karandighi,204,0,0,0,468,369,837,0.0,0.4408602150537634,0.5591397849462365
32,Karandighi,205,0,0,0,308,117,425,0.0,0.2752941176470588,0.7247058823529412
32,Karandighi,205(A),0,0,0,413,2,415,0.0,0.0048192771084337,0.9951807228915662
32,Karandighi,206,0,0,0,103,336,439,0.0,0.765375854214123,0.2346241457858769
32,Karandighi,206(A),0,0,0,89,412,501,0.0,0.8223552894211577,0.1776447105788423
32,Karandighi,207,0,0,0,124,408,532,0.0,0.7669172932330827,0.2330827067669172
32,Karandighi,208,0,0,0,326,517,843,0.0,0.6132858837485172,0.3867141162514828
32,Karandighi,209,0,0,0,491,239,730,0.0,0.3273972602739726,0.6726027397260274
32,Karandighi,21,0,0,0,631,10,641,0.0,0.0156006240249609,0.984399375975039
32,Karandighi,210,0,0,0,278,220,498,0.0,0.4417670682730923,0.5582329317269076
32,Karandighi,210(A),0,0,0,201,268,469,0.0,0.5714285714285714,0.4285714285714285
32,Karandighi,211,449,0,0,16,8,473,0.949260042283298,0.0169133192389006,0.0338266384778012
32,Karandighi,211(A),0,0,0,314,239,553,0.0,0.4321880650994575,0.5678119349005425
32,Karandighi,212(A),0,0,0,468,136,604,0.0,0.2251655629139073,0.7748344370860927
32,Karandighi,213(A),0,0,0,119,459,578,0.0,0.7941176470588235,0.2058823529411764
32,Karandighi,214,0,0,0,188,624,812,0.0,0.7684729064039408,0.2315270935960591
32,Karandighi,215,0,0,0,191,553,744,0.0,0.7432795698924731,0.2567204301075269
32,Karandighi,217,0,0,0,69,428,497,0.0,0.8611670020120724,0.1388329979879275
32,Karandighi,217(A),0,0,0,43,442,485,0.0,0.911340206185567,0.088659793814433
32,Karandighi,219,447,0,0,5,5,457,0.9781181619256016,0.0109409190371991,0.0109409190371991
32,Karandighi,22,0,0,0,613,7,620,0.0,0.0112903225806451,0.9887096774193548
32,Karandighi,220,0,0,0,336,0,336,0.0,0.0,1.0
32,Karandighi,228,2,0,0,0,0,2,1.0,0.0,0.0
32,Karandighi,229,0,0,0,561,0,561,0.0,0.0,1.0
32,Karandighi,23,0,0,0,599,1,600,0.0,0.0016666666666666,0.9983333333333332
32,Karandighi,23(A),0,0,0,545,11,556,0.0,0.0197841726618705,0.9802158273381296
32,Karandighi,238,4,0,0,0,0,4,1.0,0.0,0.0
32,Karandighi,24,0,0,0,468,12,480,0.0,0.025,0.975
32,Karandighi,24(A),0,0,0,525,23,548,0.0,0.041970802919708,0.958029197080292
32,Karandighi,248,0,0,0,251,0,251,0.0,0.0,1.0
32,Karandighi,25,0,0,0,847,12,859,0.0,0.0139697322467986,0.9860302677532014
32,Karandighi,25(A),0,0,0,470,7,477,0.0,0.0146750524109014,0.9853249475890984
32,Karandighi,250,0,0,0,293,0,293,0.0,0.0,1.0
32,Karandighi,26,0,0,0,406,7,413,0.0,0.0169491525423728,0.9830508474576272
32,Karandighi,26(A),0,0,0,396,5,401,0.0,0.0124688279301745,0.9875311720698254
32,Karandighi,27,0,0,0,512,34,546,0.0,0.0622710622710622,0.9377289377289376
32,Karandighi,27(A),0,0,0,496,21,517,0.0,0.0406189555125725,0.9593810444874274
32,Karandighi,28,0,0,0,409,13,422,0.0,0.0308056872037914,0.9691943127962084
32,Karandighi,28(A),0,0,0,431,2,433,0.0,0.0046189376443418,0.9953810623556582
32,Karandighi,29,0,0,0,523,14,537,0.0,0.0260707635009311,0.9739292364990688
32,Karandighi,292,301,0,0,19,31,351,0.8575498575498576,0.0883190883190883,0.0541310541310541
32,Karandighi,296,3,0,0,0,0,3,1.0,0.0,0.0
32,Karandighi,297,272,0,0,15,17,304,0.8947368421052632,0.0559210526315789,0.0493421052631578
32,Karandighi,3,0,0,0,472,0,472,0.0,0.0,1.0
32,Karandighi,3(A),0,0,0,464,0,464,0.0,0.0,1.0
32,Karandighi,30,0,0,0,452,11,463,0.0,0.0237580993520518,0.976241900647948
32,Karandighi,30(A),0,0,0,374,37,411,0.0,0.0900243309002433,0.9099756690997568
32,Karandighi,301,0,0,0,206,12,218,0.0,0.055045871559633,0.944954128440367
32,Karandighi,302,17,0,0,0,0,17,1.0,0.0,0.0
32,Karandighi,307,267,0,0,16,22,305,0.8754098360655738,0.0721311475409836,0.0524590163934426
32,Karandighi,31,0,0,0,431,6,437,0.0,0.0137299771167048,0.9862700228832952
32,Karandighi,31(A),0,0,0,475,10,485,0.0,0.0206185567010309,0.979381443298969
32,Karandighi,318,0,0,0,296,0,296,0.0,0.0,1.0
32,Karandighi,32,0,0,0,532,23,555,0.0,0.0414414414414414,0.9585585585585584
32,Karandighi,328,213,0,0,12,11,236,0.902542372881356,0.0466101694915254,0.0508474576271186
32,Karandighi,33,0,0,0,515,10,525,0.0,0.019047619047619,0.9809523809523808
32,Karandighi,34,0,0,0,483,18,501,0.0,0.0359281437125748,0.9640718562874252
32,Karandighi,345,8,0,0,0,0,8,1.0,0.0,0.0
32,Karandighi,35,0,0,0,554,8,562,0.0,0.0142348754448398,0.9857651245551602
32,Karandighi,35(A),0,0,0,535,0,535,0.0,0.0,1.0
32,Karandighi,36,0,0,0,844,15,859,0.0,0.0174621653084982,0.9825378346915018
32,Karandighi,366,6,0,0,0,0,6,1.0,0.0,0.0
32,Karandighi,370,9,0,0,0,0,9,1.0,0.0,0.0
32,Karandighi,383,0,0,0,312,0,312,0.0,0.0,1.0
32,Karandighi,387,8,0,0,0,0,8,1.0,0.0,0.0
32,Karandighi,389,0,0,0,183,0,183,0.0,0.0,1.0
32,Karandighi,39,0,0,0,707,0,707,0.0,0.0,1.0
32,Karandighi,396,0,0,0,166,0,166,0.0,0.0,1.0
32,Karandighi,4,0,0,0,387,0,387,0.0,0.0,1.0
32,Karandighi,4(A),0,0,0,397,0,397,0.0,0.0,1.0
32,Karandighi,40,0,0,0,718,0,718,0.0,0.0,1.0
32,Karandighi,41,0,0,0,508,0,508,0.0,0.0,1.0
32,Karandighi,416,0,0,0,152,0,152,0.0,0.0,1.0
32,Karandighi,42,0,0,0,450,0,450,0.0,0.0,1.0
32,Karandighi,42(A),0,0,0,411,0,411,0.0,0.0,1.0
32,Karandighi,422,294,0,0,20,24,338,0.8698224852071006,0.0710059171597633,0.059171597633136
32,Karandighi,43,0,0,0,527,0,527,0.0,0.0,1.0
32,Karandighi,43(A),0,0,0,526,0,526,0.0,0.0,1.0
32,Karandighi,434,352,0,0,17,21,390,0.9025641025641026,0.0538461538461538,0.0435897435897435
32,Karandighi,44,0,0,0,727,0,727,0.0,0.0,1.0
32,Karandighi,449,0,0,0,101,0,101,0.0,0.0,1.0
32,Karandighi,45,0,0,0,945,0,945,0.0,0.0,1.0
32,Karandighi,45(A),0,0,0,472,0,472,0.0,0.0,1.0
32,Karandighi,456,0,0,0,29,0,29,0.0,0.0,1.0
32,Karandighi,46,0,0,0,683,0,683,0.0,0.0,1.0
32,Karandighi,464,32,0,0,0,0,32,1.0,0.0,0.0
32,Karandighi,47,0,0,0,986,0,986,0.0,0.0,1.0
32,Karandighi,477,0,0,0,74,0,74,0.0,0.0,1.0
32,Karandighi,479,0,0,0,59,0,59,0.0,0.0,1.0
32,Karandighi,48,0,0,0,939,0,939,0.0,0.0,1.0
32,Karandighi,48(A),0,0,0,604,0,604,0.0,0.0,1.0
32,Karandighi,49,471,0,0,649,8,1128,0.4175531914893617,0.0070921985815602,0.575354609929078
32,Karandighi,5,0,0,0,347,0,347,0.0,0.0,1.0
32,Karandighi,5(A),0,0,0,350,0,350,0.0,0.0,1.0
32,Karandighi,50,0,0,0,461,0,461,0.0,0.0,1.0
32,Karandighi,505,105,0,0,8,7,120,0.875,0.0583333333333333,0.0666666666666666
32,Karandighi,51,0,0,0,848,0,848,0.0,0.0,1.0
32,Karandighi,517,0,0,0,11,75,86,0.0,0.872093023255814,0.127906976744186
32,Karandighi,52,0,0,0,627,0,627,0.0,0.0,1.0
32,Karandighi,523,0,0,0,67,0,67,0.0,0.0,1.0
32,Karandighi,524,37,0,0,0,0,37,1.0,0.0,0.0
32,Karandighi,53,0,0,0,817,0,817,0.0,0.0,1.0
32,Karandighi,54,0,0,0,503,0,503,0.0,0.0,1.0
32,Karandighi,54(A),0,0,0,525,0,525,0.0,0.0,1.0
32,Karandighi,540,0,0,0,112,0,112,0.0,0.0,1.0
32,Karandighi,55,0,0,0,452,0,452,0.0,0.0,1.0
32,Karandighi,55(A),0,0,0,488,0,488,0.0,0.0,1.0
32,Karandighi,56,0,0,0,450,0,450,0.0,0.0,1.0
32,Karandighi,57,0,0,0,34,530,564,0.0,0.9397163120567376,0.0602836879432624
32,Karandighi,577,0,0,0,67,0,67,0.0,0.0,1.0
32,Karandighi,58,0,0,0,377,125,502,0.0,0.249003984063745,0.750996015936255
32,Karandighi,58(A),0,0,0,335,132,467,0.0,0.2826552462526767,0.7173447537473233
32,Karandighi,5837(A),0,0,0,279,0,279,0.0,0.0,1.0
32,Karandighi,59,0,0,0,355,169,524,0.0,0.3225190839694656,0.6774809160305344
32,Karandighi,59(A),0,0,0,460,65,525,0.0,0.1238095238095238,0.8761904761904762
32,Karandighi,6,0,0,0,402,0,402,0.0,0.0,1.0
32,Karandighi,6(A),0,0,0,439,0,439,0.0,0.0,1.0
32,Karandighi,60,0,0,0,536,133,669,0.0,0.1988041853512705,0.8011958146487295
32,Karandighi,61,0,0,0,323,133,456,0.0,0.2916666666666667,0.7083333333333334
32,Karandighi,61(A),0,0,0,273,155,428,0.0,0.3621495327102804,0.6378504672897196
32,Karandighi,610,0,0,0,36,0,36,0.0,0.0,1.0
32,Karandighi,62,0,0,0,354,107,461,0.0,0.2321041214750542,0.7678958785249458
32,Karandighi,62(A),0,0,0,202,219,421,0.0,0.5201900237529691,0.4798099762470308
32,Karandighi,6241(A),0,0,0,479,0,479,0.0,0.0,1.0
32,Karandighi,63,0,0,0,150,510,660,0.0,0.7727272727272727,0.2272727272727272
32,Karandighi,63(A),0,0,0,152,6,158,0.0,0.0379746835443038,0.9620253164556962
32,Karandighi,631,21,0,0,6,0,27,0.7777777777777778,0.0,0.2222222222222222
32,Karandighi,64,0,0,0,126,433,559,0.0,0.774597495527728,0.2254025044722719
32,Karandighi,64(A),0,0,0,231,267,498,0.0,0.536144578313253,0.463855421686747
32,Karandighi,65,0,0,0,38,593,631,0.0,0.9397781299524564,0.0602218700475435
32,Karandighi,65(A),0,0,0,78,537,615,0.0,0.8731707317073171,0.1268292682926829
32,Karandighi,650,109,0,0,9,28,146,0.7465753424657534,0.1917808219178082,0.0616438356164383
32,Karandighi,66,0,0,0,48,160,208,0.0,0.7692307692307693,0.2307692307692307
32,Karandighi,67,0,0,0,367,483,850,0.0,0.5682352941176471,0.4317647058823529
32,Karandighi,68,0,0,0,696,505,1201,0.0,0.4204829308909242,0.5795170691090757
32,Karandighi,683,10,0,0,9,42,61,0.1639344262295081,0.6885245901639344,0.1475409836065573
32,Karandighi,69,1,0,0,10,0,11,0.0909090909090909,0.0,0.9090909090909092
32,Karandighi,7,0,0,0,746,0,746,0.0,0.0,1.0
32,Karandighi,70,0,0,0,517,351,868,0.0,0.4043778801843318,0.5956221198156681
32,Karandighi,70(A),0,0,0,331,89,420,0.0,0.2119047619047619,0.7880952380952381
32,Karandighi,71,0,0,0,194,313,507,0.0,0.6173570019723866,0.3826429980276134
32,Karandighi,71(A),0,0,0,225,318,543,0.0,0.585635359116022,0.4143646408839779
32,Karandighi,72,0,0,0,89,360,449,0.0,0.8017817371937639,0.198218262806236
32,Karandighi,72(A),0,0,0,117,306,423,0.0,0.723404255319149,0.2765957446808511
32,Karandighi,74,50,0,0,726,17,793,0.0630517023959646,0.0214375788146279,0.9155107187894072
32,Karandighi,76,9,0,0,502,167,678,0.0132743362831858,0.2463126843657817,0.7404129793510325
32,Karandighi,77,65,0,0,560,60,685,0.0948905109489051,0.0875912408759124,0.8175182481751825
32,Karandighi,78,6,0,0,623,508,1137,0.0052770448548812,0.4467897977132806,0.5479331574318381
32,Karandighi,78(A),12,0,0,592,493,1097,0.0109389243391066,0.4494074749316317,0.5396536007292616
32,Karandighi,79,11,0,0,658,476,1145,0.0096069868995633,0.4157205240174672,0.5746724890829694
32,Karandighi,8,121,0,0,745,0,866,0.1397228637413395,0.0,0.8602771362586605
32,Karandighi,80,29,0,0,705,291,1025,0.0282926829268292,0.2839024390243902,0.6878048780487804
32,Karandighi,81,12,0,0,574,328,914,0.0131291028446389,0.3588621444201313,0.6280087527352297
32,Karandighi,82,12,0,0,733,501,1246,0.0096308186195826,0.4020866773675762,0.5882825040128411
32,Karandighi,83,22,0,0,604,248,874,0.0251716247139588,0.2837528604118993,0.6910755148741419
32,Karandighi,84,1,0,0,691,499,1191,0.0008396305625524,0.418975650713686,0.5801847187237615
32,Karandighi,85,2,0,0,571,448,1021,0.0019588638589618,0.4387855044074437,0.5592556317335945
32,Karandighi,86,4,0,0,465,321,790,0.0050632911392405,0.4063291139240506,0.5886075949367089
32,Karandighi,86(A),2,0,0,469,380,851,0.0023501762632197,0.4465334900117508,0.5511163337250293
32,Karandighi,87,72,0,0,1079,142,1293,0.0556844547563805,0.1098221191028615,0.8344934261407579
32,Karandighi,88,107,0,0,620,210,937,0.1141942369263607,0.2241195304162219,0.6616862326574173
32,Karandighi,89,76,0,0,595,6,677,0.1122599704579025,0.0088626292466765,0.8788774002954209
32,Karandighi,9,0,0,0,625,0,625,0.0,0.0,1.0
32,Karandighi,9(A),0,0,0,600,0,600,0.0,0.0,1.0
32,Karandighi,90,5,0,0,700,536,1241,0.0040290088638195,0.4319097502014504,0.5640612409347301
32,Karandighi,91,1,0,0,677,582,1260,0.0007936507936507,0.4619047619047619,0.5373015873015873
32,Karandighi,92,4,0,0,432,7,443,0.0090293453724604,0.0158013544018058,0.9751693002257336
32,Karandighi,93,81,0,0,489,85,655,0.1236641221374045,0.1297709923664122,0.7465648854961832
32,Karandighi,95,505,0,0,7,3,515,0.9805825242718448,0.0058252427184466,0.0135922330097087
32,Karandighi,95(A),600,0,0,13,1,614,0.977198697068404,0.001628664495114,0.021172638436482
32,Karandighi,96,383,0,0,138,7,528,0.7253787878787878,0.0132575757575757,0.2613636363636363
32,Karandighi,97,651,0,0,8,3,662,0.9833836858006042,0.0045317220543806,0.0120845921450151
32,Karandighi,98,700,0,0,24,3,727,0.9628610729023384,0.0041265474552957,0.0330123796423658
32,Karandighi,99,49,0,0,2,1,52,0.9423076923076924,0.0192307692307692,0.0384615384615384
32,Karandighi,99(A),382,0,0,37,2,421,0.9073634204275536,0.004750593824228,0.0878859857482185
33,Hemtabad (SC),1,0,0,0,10,0,10,0.0,0.0,1.0
33,Hemtabad (SC),10,0,0,0,203,0,203,0.0,0.0,1.0
33,Hemtabad (SC),100,0,0,0,169,0,169,0.0,0.0,1.0
33,Hemtabad (SC),101,0,0,0,66,0,66,0.0,0.0,1.0
33,Hemtabad (SC),102,0,0,0,370,0,370,0.0,0.0,1.0
33,Hemtabad (SC),103,0,0,0,172,0,172,0.0,0.0,1.0
33,Hemtabad (SC),104,0,0,0,111,0,111,0.0,0.0,1.0
33,Hemtabad (SC),105,0,0,0,194,0,194,0.0,0.0,1.0
33,Hemtabad (SC),106,0,0,0,657,0,657,0.0,0.0,1.0
33,Hemtabad (SC),107,0,0,0,583,0,583,0.0,0.0,1.0
33,Hemtabad (SC),108,0,0,0,98,0,98,0.0,0.0,1.0
33,Hemtabad (SC),109,0,0,0,62,0,62,0.0,0.0,1.0
33,Hemtabad (SC),11,0,0,0,596,0,596,0.0,0.0,1.0
33,Hemtabad (SC),110,0,0,0,251,0,251,0.0,0.0,1.0
33,Hemtabad (SC),111,0,0,0,163,0,163,0.0,0.0,1.0
33,Hemtabad (SC),112,0,0,0,132,0,132,0.0,0.0,1.0
33,Hemtabad (SC),113,0,0,0,105,0,105,0.0,0.0,1.0
33,Hemtabad (SC),114,0,0,0,54,0,54,0.0,0.0,1.0
33,Hemtabad (SC),115,0,0,0,562,0,562,0.0,0.0,1.0
33,Hemtabad (SC),116,0,0,0,456,0,456,0.0,0.0,1.0
33,Hemtabad (SC),117,0,0,0,307,0,307,0.0,0.0,1.0
33,Hemtabad (SC),118,0,0,0,136,0,136,0.0,0.0,1.0
33,Hemtabad (SC),119,0,0,0,89,0,89,0.0,0.0,1.0
33,Hemtabad (SC),12,0,0,0,429,0,429,0.0,0.0,1.0
33,Hemtabad (SC),120,0,0,0,94,0,94,0.0,0.0,1.0
33,Hemtabad (SC),13,0,0,0,125,0,125,0.0,0.0,1.0
33,Hemtabad (SC),14,0,0,0,27,0,27,0.0,0.0,1.0
33,Hemtabad (SC),145,0,0,0,488,0,488,0.0,0.0,1.0
33,Hemtabad (SC),146,0,0,0,386,0,386,0.0,0.0,1.0
33,Hemtabad (SC),147,0,0,0,427,0,427,0.0,0.0,1.0
33,Hemtabad (SC),148,0,0,0,369,0,369,0.0,0.0,1.0
33,Hemtabad (SC),149,0,0,0,322,0,322,0.0,0.0,1.0
33,Hemtabad (SC),15,0,0,0,35,0,35,0.0,0.0,1.0
33,Hemtabad (SC),150,0,0,0,345,0,345,0.0,0.0,1.0
33,Hemtabad (SC),151,0,0,0,245,0,245,0.0,0.0,1.0
33,Hemtabad (SC),152,0,0,0,120,0,120,0.0,0.0,1.0
33,Hemtabad (SC),153,0,0,0,657,0,657,0.0,0.0,1.0
33,Hemtabad (SC),154,0,0,0,515,0,515,0.0,0.0,1.0
33,Hemtabad (SC),155,0,0,0,422,0,422,0.0,0.0,1.0
33,Hemtabad (SC),156,0,0,0,319,0,319,0.0,0.0,1.0
33,Hemtabad (SC),157,0,0,0,461,0,461,0.0,0.0,1.0
33,Hemtabad (SC),158,0,0,0,512,0,512,0.0,0.0,1.0
33,Hemtabad (SC),159,0,0,0,379,0,379,0.0,0.0,1.0
33,Hemtabad (SC),16,0,0,0,213,0,213,0.0,0.0,1.0
33,Hemtabad (SC),160,0,0,0,558,0,558,0.0,0.0,1.0
33,Hemtabad (SC),161,0,0,0,451,0,451,0.0,0.0,1.0
33,Hemtabad (SC),162,0,0,0,161,0,161,0.0,0.0,1.0
33,Hemtabad (SC),163,0,0,0,194,0,194,0.0,0.0,1.0
33,Hemtabad (SC),164,0,0,0,331,0,331,0.0,0.0,1.0
33,Hemtabad (SC),165,0,0,0,447,0,447,0.0,0.0,1.0
33,Hemtabad (SC),166,0,0,0,332,0,332,0.0,0.0,1.0
33,Hemtabad (SC),167,0,0,0,404,0,404,0.0,0.0,1.0
33,Hemtabad (SC),168,0,0,0,318,0,318,0.0,0.0,1.0
33,Hemtabad (SC),17,0,0,0,19,0,19,0.0,0.0,1.0
33,Hemtabad (SC),18,0,0,0,142,0,142,0.0,0.0,1.0
33,Hemtabad (SC),19,0,0,0,39,0,39,0.0,0.0,1.0
33,Hemtabad (SC),2,0,0,0,57,0,57,0.0,0.0,1.0
33,Hemtabad (SC),20,0,0,0,16,0,16,0.0,0.0,1.0
33,Hemtabad (SC),21,0,0,0,20,0,20,0.0,0.0,1.0
33,Hemtabad (SC),217,0,0,0,422,0,422,0.0,0.0,1.0
33,Hemtabad (SC),218,0,0,0,360,0,360,0.0,0.0,1.0
33,Hemtabad (SC),219,0,0,0,416,0,416,0.0,0.0,1.0
33,Hemtabad (SC),22,0,0,0,48,0,48,0.0,0.0,1.0
33,Hemtabad (SC),220,0,0,0,213,0,213,0.0,0.0,1.0
33,Hemtabad (SC),221,0,0,0,287,0,287,0.0,0.0,1.0
33,Hemtabad (SC),222,0,0,0,264,0,264,0.0,0.0,1.0
33,Hemtabad (SC),223,0,0,0,251,0,251,0.0,0.0,1.0
33,Hemtabad (SC),224,0,0,0,326,0,326,0.0,0.0,1.0
33,Hemtabad (SC),225,0,0,0,646,0,646,0.0,0.0,1.0
33,Hemtabad (SC),226,0,0,0,672,0,672,0.0,0.0,1.0
33,Hemtabad (SC),227,0,0,0,178,0,178,0.0,0.0,1.0
33,Hemtabad (SC),228,0,0,0,44,0,44,0.0,0.0,1.0
33,Hemtabad (SC),229,0,0,0,798,0,798,0.0,0.0,1.0
33,Hemtabad (SC),23,0,0,0,377,0,377,0.0,0.0,1.0
33,Hemtabad (SC),230,0,0,0,387,0,387,0.0,0.0,1.0
33,Hemtabad (SC),231,0,0,0,143,0,143,0.0,0.0,1.0
33,Hemtabad (SC),232,0,0,0,514,0,514,0.0,0.0,1.0
33,Hemtabad (SC),233,0,0,0,374,0,374,0.0,0.0,1.0
33,Hemtabad (SC),234,0,0,0,375,0,375,0.0,0.0,1.0
33,Hemtabad (SC),235,0,0,0,405,0,405,0.0,0.0,1.0
33,Hemtabad (SC),236,0,0,0,677,0,677,0.0,0.0,1.0
33,Hemtabad (SC),237,0,0,0,476,0,476,0.0,0.0,1.0
33,Hemtabad (SC),238,0,0,0,203,0,203,0.0,0.0,1.0
33,Hemtabad (SC),239,0,0,0,638,0,638,0.0,0.0,1.0
33,Hemtabad (SC),24,0,0,0,130,0,130,0.0,0.0,1.0
33,Hemtabad (SC),240,0,0,0,500,0,500,0.0,0.0,1.0
33,Hemtabad (SC),241,0,0,0,308,0,308,0.0,0.0,1.0
33,Hemtabad (SC),242,0,0,0,237,0,237,0.0,0.0,1.0
33,Hemtabad (SC),243,0,0,0,235,0,235,0.0,0.0,1.0
33,Hemtabad (SC),244,0,0,0,397,0,397,0.0,0.0,1.0
33,Hemtabad (SC),245,0,0,0,603,0,603,0.0,0.0,1.0
33,Hemtabad (SC),246,0,0,0,405,0,405,0.0,0.0,1.0
33,Hemtabad (SC),247,0,0,0,617,0,617,0.0,0.0,1.0
33,Hemtabad (SC),248,0,0,0,176,0,176,0.0,0.0,1.0
33,Hemtabad (SC),249,0,0,0,55,0,55,0.0,0.0,1.0
33,Hemtabad (SC),25,0,0,0,818,0,818,0.0,0.0,1.0
33,Hemtabad (SC),250,0,0,0,274,0,274,0.0,0.0,1.0
33,Hemtabad (SC),251,0,0,0,323,0,323,0.0,0.0,1.0
33,Hemtabad (SC),252,0,0,0,234,0,234,0.0,0.0,1.0
33,Hemtabad (SC),253,0,0,0,222,0,222,0.0,0.0,1.0
33,Hemtabad (SC),254,0,0,0,616,0,616,0.0,0.0,1.0
33,Hemtabad (SC),255,0,0,0,283,0,283,0.0,0.0,1.0
33,Hemtabad (SC),256,0,0,0,558,0,558,0.0,0.0,1.0
33,Hemtabad (SC),257,0,0,0,102,0,102,0.0,0.0,1.0
33,Hemtabad (SC),258,0,0,0,340,0,340,0.0,0.0,1.0
33,Hemtabad (SC),259,0,0,0,261,0,261,0.0,0.0,1.0
33,Hemtabad (SC),26,0,0,0,456,0,456,0.0,0.0,1.0
33,Hemtabad (SC),260,0,0,0,542,0,542,0.0,0.0,1.0
33,Hemtabad (SC),261,0,0,0,547,0,547,0.0,0.0,1.0
33,Hemtabad (SC),262,0,0,0,706,0,706,0.0,0.0,1.0
33,Hemtabad (SC),263,0,0,0,617,0,617,0.0,0.0,1.0
33,Hemtabad (SC),264,0,0,0,348,0,348,0.0,0.0,1.0
33,Hemtabad (SC),265,0,0,0,181,0,181,0.0,0.0,1.0
33,Hemtabad (SC),266,0,0,0,216,0,216,0.0,0.0,1.0
33,Hemtabad (SC),267,0,0,0,226,0,226,0.0,0.0,1.0
33,Hemtabad (SC),268,0,0,0,117,0,117,0.0,0.0,1.0
33,Hemtabad (SC),269,0,0,0,236,0,236,0.0,0.0,1.0
33,Hemtabad (SC),27,0,0,0,461,0,461,0.0,0.0,1.0
33,Hemtabad (SC),270,0,0,0,32,0,32,0.0,0.0,1.0
33,Hemtabad (SC),271,0,0,0,606,0,606,0.0,0.0,1.0
33,Hemtabad (SC),272,0,0,0,153,0,153,0.0,0.0,1.0
33,Hemtabad (SC),273,0,0,0,222,0,222,0.0,0.0,1.0
33,Hemtabad (SC),274,0,0,0,387,0,387,0.0,0.0,1.0
33,Hemtabad (SC),275,0,0,0,302,0,302,0.0,0.0,1.0
33,Hemtabad (SC),276,0,0,0,469,0,469,0.0,0.0,1.0
33,Hemtabad (SC),277,0,0,0,588,0,588,0.0,0.0,1.0
33,Hemtabad (SC),278,0,0,0,334,0,334,0.0,0.0,1.0
33,Hemtabad (SC),279,0,0,0,416,0,416,0.0,0.0,1.0
33,Hemtabad (SC),28,0,0,0,817,0,817,0.0,0.0,1.0
33,Hemtabad (SC),280,0,0,0,224,0,224,0.0,0.0,1.0
33,Hemtabad (SC),281,0,0,0,552,0,552,0.0,0.0,1.0
33,Hemtabad (SC),282,0,0,0,352,0,352,0.0,0.0,1.0
33,Hemtabad (SC),283,0,0,0,538,0,538,0.0,0.0,1.0
33,Hemtabad (SC),284,0,0,0,361,0,361,0.0,0.0,1.0
33,Hemtabad (SC),285,0,0,0,522,0,522,0.0,0.0,1.0
33,Hemtabad (SC),286,0,0,0,321,0,321,0.0,0.0,1.0
33,Hemtabad (SC),287,0,0,0,504,0,504,0.0,0.0,1.0
33,Hemtabad (SC),288,0,0,0,293,0,293,0.0,0.0,1.0
33,Hemtabad (SC),29,0,0,0,671,0,671,0.0,0.0,1.0
33,Hemtabad (SC),3,0,0,0,253,0,253,0.0,0.0,1.0
33,Hemtabad (SC),30,0,0,0,467,0,467,0.0,0.0,1.0
33,Hemtabad (SC),31,0,0,0,467,0,467,0.0,0.0,1.0
33,Hemtabad (SC),313,0,0,0,10,0,10,0.0,0.0,1.0
33,Hemtabad (SC),314,0,0,0,13,0,13,0.0,0.0,1.0
33,Hemtabad (SC),315,0,0,0,49,0,49,0.0,0.0,1.0
33,Hemtabad (SC),316,0,0,0,333,0,333,0.0,0.0,1.0
33,Hemtabad (SC),317,0,0,0,406,0,406,0.0,0.0,1.0
33,Hemtabad (SC),318,0,0,0,527,0,527,0.0,0.0,1.0
33,Hemtabad (SC),319,0,0,0,158,0,158,0.0,0.0,1.0
33,Hemtabad (SC),32,0,0,0,585,0,585,0.0,0.0,1.0
33,Hemtabad (SC),320,0,0,0,5,0,5,0.0,0.0,1.0
33,Hemtabad (SC),321,0,0,0,160,0,160,0.0,0.0,1.0
33,Hemtabad (SC),322,0,0,0,149,0,149,0.0,0.0,1.0
33,Hemtabad (SC),323,0,0,0,215,0,215,0.0,0.0,1.0
33,Hemtabad (SC),324,0,0,0,67,0,67,0.0,0.0,1.0
33,Hemtabad (SC),325,0,0,0,291,0,291,0.0,0.0,1.0
33,Hemtabad (SC),326,0,0,0,329,0,329,0.0,0.0,1.0
33,Hemtabad (SC),327,0,0,0,190,0,190,0.0,0.0,1.0
33,Hemtabad (SC),328,0,0,0,458,0,458,0.0,0.0,1.0
33,Hemtabad (SC),329,0,0,0,440,0,440,0.0,0.0,1.0
33,Hemtabad (SC),33,0,0,0,578,0,578,0.0,0.0,1.0
33,Hemtabad (SC),330,0,0,0,12,0,12,0.0,0.0,1.0
33,Hemtabad (SC),331,0,0,0,202,0,202,0.0,0.0,1.0
33,Hemtabad (SC),332,0,0,0,492,0,492,0.0,0.0,1.0
33,Hemtabad (SC),333,0,0,0,58,0,58,0.0,0.0,1.0
33,Hemtabad (SC),334,0,0,0,141,0,141,0.0,0.0,1.0
33,Hemtabad (SC),335,0,0,0,263,0,263,0.0,0.0,1.0
33,Hemtabad (SC),336,0,0,0,354,0,354,0.0,0.0,1.0
33,Hemtabad (SC),34,0,0,0,555,0,555,0.0,0.0,1.0
33,Hemtabad (SC),35,0,0,0,493,0,493,0.0,0.0,1.0
33,Hemtabad (SC),36,0,0,0,881,0,881,0.0,0.0,1.0
33,Hemtabad (SC),37,0,0,0,500,0,500,0.0,0.0,1.0
33,Hemtabad (SC),38,0,0,0,479,0,479,0.0,0.0,1.0
33,Hemtabad (SC),39,0,0,0,847,0,847,0.0,0.0,1.0
33,Hemtabad (SC),4,0,0,0,176,0,176,0.0,0.0,1.0
33,Hemtabad (SC),40,0,0,0,563,0,563,0.0,0.0,1.0
33,Hemtabad (SC),41,0,0,0,520,0,520,0.0,0.0,1.0
33,Hemtabad (SC),42,0,0,0,589,0,589,0.0,0.0,1.0
33,Hemtabad (SC),43,0,0,0,521,0,521,0.0,0.0,1.0
33,Hemtabad (SC),44,0,0,0,855,0,855,0.0,0.0,1.0
33,Hemtabad (SC),45,0,0,0,438,0,438,0.0,0.0,1.0
33,Hemtabad (SC),46,0,0,0,489,0,489,0.0,0.0,1.0
33,Hemtabad (SC),47,0,0,0,482,0,482,0.0,0.0,1.0
33,Hemtabad (SC),48,0,0,0,458,0,458,0.0,0.0,1.0
33,Hemtabad (SC),49,0,0,0,470,0,470,0.0,0.0,1.0
33,Hemtabad (SC),5,0,0,0,60,0,60,0.0,0.0,1.0
33,Hemtabad (SC),50,0,0,0,402,0,402,0.0,0.0,1.0
33,Hemtabad (SC),51,0,0,0,727,0,727,0.0,0.0,1.0
33,Hemtabad (SC),52,0,0,0,847,0,847,0.0,0.0,1.0
33,Hemtabad (SC),53,0,0,0,568,0,568,0.0,0.0,1.0
33,Hemtabad (SC),54,0,0,0,536,0,536,0.0,0.0,1.0
33,Hemtabad (SC),55,0,0,0,611,0,611,0.0,0.0,1.0
33,Hemtabad (SC),56,0,0,0,593,0,593,0.0,0.0,1.0
33,Hemtabad (SC),57,0,0,0,896,0,896,0.0,0.0,1.0
33,Hemtabad (SC),58,0,0,0,483,0,483,0.0,0.0,1.0
33,Hemtabad (SC),59,0,0,0,474,0,474,0.0,0.0,1.0
33,Hemtabad (SC),6,0,0,0,39,0,39,0.0,0.0,1.0
33,Hemtabad (SC),60,0,0,0,500,0,500,0.0,0.0,1.0
33,Hemtabad (SC),61,0,0,0,552,0,552,0.0,0.0,1.0
33,Hemtabad (SC),62,0,0,0,588,0,588,0.0,0.0,1.0
33,Hemtabad (SC),63,0,0,0,573,0,573,0.0,0.0,1.0
33,Hemtabad (SC),64,0,0,0,601,0,601,0.0,0.0,1.0
33,Hemtabad (SC),65,0,0,0,610,0,610,0.0,0.0,1.0
33,Hemtabad (SC),66,0,0,0,516,0,516,0.0,0.0,1.0
33,Hemtabad (SC),67,0,0,0,420,0,420,0.0,0.0,1.0
33,Hemtabad (SC),68,0,0,0,661,0,661,0.0,0.0,1.0
33,Hemtabad (SC),69,0,0,0,618,0,618,0.0,0.0,1.0
33,Hemtabad (SC),7,0,0,0,14,0,14,0.0,0.0,1.0
33,Hemtabad (SC),70,0,0,0,571,0,571,0.0,0.0,1.0
33,Hemtabad (SC),71,0,0,0,698,0,698,0.0,0.0,1.0
33,Hemtabad (SC),72,0,0,0,571,0,571,0.0,0.0,1.0
33,Hemtabad (SC),8,0,0,0,134,0,134,0.0,0.0,1.0
33,Hemtabad (SC),9,0,0,0,44,0,44,0.0,0.0,1.0
33,Hemtabad (SC),97,0,0,0,800,0,800,0.0,0.0,1.0
33,Hemtabad (SC),98,0,0,0,244,0,244,0.0,0.0,1.0
33,Hemtabad (SC),99,0,0,0,286,0,286,0.0,0.0,1.0
34,Kaliaganj (SC),1,331,0,8,21,267,627,0.5279106858054227,0.4258373205741627,0.0334928229665071
34,Kaliaganj (SC),10,248,0,61,22,321,652,0.3803680981595092,0.4923312883435582,0.0337423312883435
34,Kaliaganj (SC),100,343,0,16,40,164,563,0.6092362344582594,0.2912966252220249,0.0710479573712255
34,Kaliaganj (SC),100(A),366,0,31,22,124,543,0.6740331491712708,0.2283609576427256,0.0405156537753222
34,Kaliaganj (SC),101,536,0,97,36,213,882,0.6077097505668935,0.2414965986394557,0.0408163265306122
34,Kaliaganj (SC),102,305,0,145,47,139,636,0.4795597484276729,0.2185534591194968,0.0738993710691823
34,Kaliaganj (SC),103,452,0,88,37,202,779,0.5802310654685494,0.2593068035943517,0.0474967907573812
34,Kaliaganj (SC),104,175,0,107,14,444,740,0.2364864864864864,0.6,0.0189189189189189
34,Kaliaganj (SC),105,182,0,163,25,185,555,0.3279279279279279,0.3333333333333333,0.045045045045045
34,Kaliaganj (SC),105(A),284,0,132,18,84,518,0.5482625482625483,0.1621621621621621,0.0347490347490347
34,Kaliaganj (SC),106,209,0,116,27,192,544,0.3841911764705882,0.3529411764705882,0.0496323529411764
34,Kaliaganj (SC),106(A),174,0,104,9,249,536,0.3246268656716418,0.4645522388059701,0.0167910447761194
34,Kaliaganj (SC),107,411,0,46,25,396,878,0.4681093394077448,0.4510250569476082,0.0284738041002277
34,Kaliaganj (SC),108,221,0,97,15,157,490,0.4510204081632653,0.3204081632653061,0.0306122448979591
34,Kaliaganj (SC),109,298,0,128,25,180,631,0.4722662440570523,0.2852614896988906,0.0396196513470681
34,Kaliaganj (SC),11,246,0,35,20,313,614,0.4006514657980456,0.509771986970684,0.0325732899022801
34,Kaliaganj (SC),110,149,0,28,9,495,681,0.2187958883994126,0.7268722466960352,0.013215859030837
34,Kaliaganj (SC),111,303,0,35,19,369,726,0.4173553719008264,0.5082644628099173,0.0261707988980716
34,Kaliaganj (SC),112,636,0,42,27,147,852,0.7464788732394366,0.1725352112676056,0.0316901408450704
34,Kaliaganj (SC),113,120,0,13,4,397,534,0.2247191011235955,0.7434456928838952,0.0074906367041198
34,Kaliaganj (SC),113(A),354,0,10,30,151,545,0.6495412844036698,0.2770642201834862,0.055045871559633
34,Kaliaganj (SC),114,156,0,26,7,367,556,0.2805755395683453,0.6600719424460432,0.0125899280575539
34,Kaliaganj (SC),114(A),96,0,58,18,415,587,0.1635434412265758,0.706984667802385,0.0306643952299829
34,Kaliaganj (SC),115,171,0,49,9,524,753,0.2270916334661354,0.6958831341301461,0.0119521912350597
34,Kaliaganj (SC),116,219,0,49,14,169,451,0.4855875831485587,0.3747228381374722,0.0310421286031042
34,Kaliaganj (SC),117,264,0,19,21,225,529,0.499054820415879,0.4253308128544423,0.0396975425330812
34,Kaliaganj (SC),117(A),287,0,17,24,191,519,0.5529865125240848,0.3680154142581888,0.0462427745664739
34,Kaliaganj (SC),118,452,0,10,19,258,739,0.6116373477672531,0.3491204330175913,0.0257104194857916
34,Kaliaganj (SC),119,233,0,15,14,77,339,0.6873156342182891,0.2271386430678466,0.0412979351032448
34,Kaliaganj (SC),12,301,0,118,45,210,674,0.4465875370919881,0.3115727002967359,0.0667655786350148
34,Kaliaganj (SC),120,413,0,62,30,334,839,0.4922526817640048,0.3980929678188319,0.035756853396901
34,Kaliaganj (SC),121,351,0,61,44,343,799,0.4392991239048811,0.4292866082603254,0.0550688360450563
34,Kaliaganj (SC),122,205,0,68,11,481,765,0.2679738562091503,0.6287581699346405,0.0143790849673202
34,Kaliaganj (SC),123,310,0,17,6,169,502,0.6175298804780877,0.3366533864541832,0.0119521912350597
34,Kaliaganj (SC),123(A),360,0,11,20,202,593,0.6070826306913997,0.3406408094435076,0.0337268128161888
34,Kaliaganj (SC),124,4,0,25,1,498,528,0.0075757575757575,0.9431818181818182,0.0018939393939393
34,Kaliaganj (SC),124(A),36,0,36,8,459,539,0.0667903525046382,0.8515769944341373,0.0148423005565862
34,Kaliaganj (SC),125,265,0,13,8,179,465,0.5698924731182796,0.3849462365591398,0.0172043010752688
34,Kaliaganj (SC),126,540,0,5,27,342,914,0.5908096280087527,0.3741794310722101,0.0295404814004376
34,Kaliaganj (SC),127,281,0,34,19,195,529,0.5311909262759924,0.3686200378071834,0.0359168241965973
34,Kaliaganj (SC),127(A),288,0,60,21,163,532,0.5413533834586466,0.306390977443609,0.0394736842105263
34,Kaliaganj (SC),128,99,0,43,8,319,469,0.2110874200426439,0.6801705756929638,0.0170575692963752
34,Kaliaganj (SC),128(A),239,0,29,14,183,465,0.513978494623656,0.3935483870967742,0.0301075268817204
34,Kaliaganj (SC),129,246,0,11,14,274,545,0.4513761467889908,0.5027522935779817,0.0256880733944954
34,Kaliaganj (SC),129(A),235,0,21,17,239,512,0.458984375,0.466796875,0.033203125
34,Kaliaganj (SC),13,252,0,42,38,233,565,0.4460176991150442,0.4123893805309734,0.0672566371681415
34,Kaliaganj (SC),13(A),206,0,65,38,257,566,0.3639575971731448,0.4540636042402827,0.0671378091872791
34,Kaliaganj (SC),130,147,0,123,20,233,523,0.2810707456978967,0.4455066921606118,0.0382409177820267
34,Kaliaganj (SC),130(A),328,0,49,27,132,536,0.6119402985074627,0.2462686567164179,0.0503731343283582
34,Kaliaganj (SC),131,334,0,152,32,85,603,0.5538971807628524,0.1409618573797678,0.0530679933665008
34,Kaliaganj (SC),131(A),240,0,204,30,135,609,0.3940886699507389,0.2216748768472906,0.0492610837438423
34,Kaliaganj (SC),132,313,0,35,32,147,527,0.5939278937381404,0.2789373814041745,0.0607210626185958
34,Kaliaganj (SC),132(A),181,0,44,21,292,538,0.3364312267657992,0.5427509293680297,0.0390334572490706
34,Kaliaganj (SC),133,245,0,82,31,298,656,0.3734756097560975,0.4542682926829268,0.0472560975609756
34,Kaliaganj (SC),134,216,0,39,15,186,456,0.4736842105263157,0.4078947368421052,0.0328947368421052
34,Kaliaganj (SC),134(A),206,0,36,19,193,454,0.4537444933920704,0.4251101321585903,0.0418502202643171
34,Kaliaganj (SC),135,52,0,31,9,382,474,0.1097046413502109,0.8059071729957806,0.0189873417721519
34,Kaliaganj (SC),135(A),146,0,63,10,253,472,0.3093220338983051,0.5360169491525424,0.0211864406779661
34,Kaliaganj (SC),136,300,0,40,57,304,701,0.4279600570613409,0.4336661911554921,0.0813124108416547
34,Kaliaganj (SC),137,229,0,46,22,348,645,0.3550387596899225,0.5395348837209303,0.0341085271317829
34,Kaliaganj (SC),138,174,0,85,21,398,678,0.2566371681415929,0.5870206489675516,0.0309734513274336
34,Kaliaganj (SC),139,37,0,67,12,357,473,0.0782241014799154,0.7547568710359408,0.0253699788583509
34,Kaliaganj (SC),139(A),85,0,76,29,276,466,0.1824034334763948,0.592274678111588,0.0622317596566523
34,Kaliaganj (SC),14,434,0,14,21,265,734,0.5912806539509536,0.3610354223433242,0.0286103542234332
34,Kaliaganj (SC),140,266,0,94,36,161,557,0.4775583482944344,0.289048473967684,0.0646319569120287
34,Kaliaganj (SC),140(A),235,0,101,23,199,558,0.4211469534050179,0.3566308243727598,0.0412186379928315
34,Kaliaganj (SC),141,236,0,25,38,207,506,0.466403162055336,0.4090909090909091,0.075098814229249
34,Kaliaganj (SC),142,316,0,41,27,438,822,0.3844282238442822,0.5328467153284672,0.0328467153284671
34,Kaliaganj (SC),143,198,0,22,18,201,439,0.4510250569476082,0.4578587699316628,0.041002277904328
34,Kaliaganj (SC),144,197,0,38,16,234,485,0.4061855670103093,0.4824742268041237,0.0329896907216494
34,Kaliaganj (SC),144(A),239,0,50,23,170,482,0.495850622406639,0.3526970954356846,0.0477178423236514
34,Kaliaganj (SC),145,309,0,22,33,139,503,0.614314115308151,0.2763419483101391,0.0656063618290258
34,Kaliaganj (SC),145(A),306,0,27,23,155,511,0.598825831702544,0.3033268101761252,0.0450097847358121
34,Kaliaganj (SC),146,211,0,83,32,228,554,0.3808664259927797,0.4115523465703971,0.0577617328519855
34,Kaliaganj (SC),146(A),197,0,92,43,189,521,0.3781190019193858,0.362763915547025,0.0825335892514395
34,Kaliaganj (SC),147,223,0,14,31,190,458,0.4868995633187773,0.4148471615720524,0.0676855895196506
34,Kaliaganj (SC),147(A),156,0,7,9,307,479,0.325678496868476,0.6409185803757829,0.0187891440501043
34,Kaliaganj (SC),148,241,0,34,21,261,557,0.4326750448833034,0.4685816876122082,0.03770197486535
34,Kaliaganj (SC),149,163,0,97,35,218,513,0.3177387914230019,0.4249512670565302,0.0682261208576998
34,Kaliaganj (SC),149(A),154,0,73,24,252,503,0.3061630218687873,0.5009940357852882,0.0477137176938369
34,Kaliaganj (SC),15,193,0,15,14,346,568,0.3397887323943662,0.6091549295774648,0.0246478873239436
34,Kaliaganj (SC),150,266,0,27,57,213,563,0.4724689165186501,0.3783303730017762,0.1012433392539964
34,Kaliaganj (SC),151,280,0,25,39,174,518,0.5405405405405406,0.3359073359073359,0.0752895752895752
34,Kaliaganj (SC),152,248,0,45,51,216,560,0.4428571428571428,0.3857142857142857,0.0910714285714285
34,Kaliaganj (SC),152(A),247,0,29,36,177,489,0.5051124744376279,0.3619631901840491,0.0736196319018405
34,Kaliaganj (SC),153,56,0,103,4,375,538,0.104089219330855,0.6970260223048327,0.0074349442379182
34,Kaliaganj (SC),153(A),13,0,78,8,444,543,0.0239410681399631,0.8176795580110497,0.0147329650092081
34,Kaliaganj (SC),154,295,0,5,8,176,484,0.609504132231405,0.3636363636363636,0.0165289256198347
34,Kaliaganj (SC),154(A),130,0,22,7,291,450,0.2888888888888888,0.6466666666666666,0.0155555555555555
34,Kaliaganj (SC),155,74,0,89,2,575,740,0.1,0.777027027027027,0.0027027027027027
34,Kaliaganj (SC),156,37,0,58,6,411,512,0.072265625,0.802734375,0.01171875
34,Kaliaganj (SC),156(A),120,0,30,7,344,501,0.2395209580838323,0.6866267465069861,0.0139720558882235
34,Kaliaganj (SC),157,4,0,78,6,347,435,0.0091954022988505,0.7977011494252874,0.0137931034482758
34,Kaliaganj (SC),157(A),4,0,62,2,344,412,0.0097087378640776,0.8349514563106796,0.0048543689320388
34,Kaliaganj (SC),158,5,0,59,6,599,669,0.007473841554559,0.8953662182361734,0.0089686098654708
34,Kaliaganj (SC),159,234,0,12,16,248,510,0.4588235294117647,0.4862745098039215,0.0313725490196078
34,Kaliaganj (SC),159(A),289,0,22,17,187,515,0.5611650485436893,0.3631067961165048,0.033009708737864
34,Kaliaganj (SC),16,299,0,21,21,182,523,0.5717017208413002,0.3479923518164436,0.0401529636711281
34,Kaliaganj (SC),16(A),226,0,45,12,175,458,0.4934497816593886,0.3820960698689956,0.0262008733624454
34,Kaliaganj (SC),160,307,0,47,29,197,580,0.5293103448275862,0.3396551724137931,0.05
34,Kaliaganj (SC),160(A),301,0,56,44,195,596,0.5050335570469798,0.3271812080536913,0.0738255033557047
34,Kaliaganj (SC),161,286,0,7,24,185,502,0.5697211155378487,0.3685258964143426,0.047808764940239
34,Kaliaganj (SC),161(A),234,0,12,44,188,478,0.4895397489539749,0.3933054393305439,0.0920502092050209
34,Kaliaganj (SC),162,337,0,18,41,154,550,0.6127272727272727,0.28,0.0745454545454545
34,Kaliaganj (SC),163,220,0,13,11,231,475,0.4631578947368421,0.4863157894736842,0.0231578947368421
34,Kaliaganj (SC),163(A),254,0,12,15,210,491,0.5173116089613035,0.4276985743380855,0.0305498981670061
34,Kaliaganj (SC),164,314,0,97,23,111,545,0.5761467889908257,0.2036697247706422,0.0422018348623853
34,Kaliaganj (SC),164(A),337,0,27,27,222,613,0.5497553017944535,0.3621533442088091,0.0440456769983686
34,Kaliaganj (SC),165,294,0,118,20,81,513,0.5730994152046783,0.1578947368421052,0.0389863547758284
34,Kaliaganj (SC),165(A),179,0,229,9,105,522,0.342911877394636,0.2011494252873563,0.0172413793103448
34,Kaliaganj (SC),166,289,0,13,12,207,521,0.5547024952015355,0.3973128598848368,0.0230326295585412
34,Kaliaganj (SC),166(A),278,0,20,23,185,506,0.549407114624506,0.3656126482213438,0.0454545454545454
34,Kaliaganj (SC),167,261,0,124,31,232,648,0.4027777777777778,0.3580246913580246,0.0478395061728395
34,Kaliaganj (SC),168,204,0,154,24,432,814,0.2506142506142506,0.5307125307125307,0.0294840294840294
34,Kaliaganj (SC),169,497,0,19,26,144,686,0.7244897959183674,0.2099125364431487,0.0379008746355685
34,Kaliaganj (SC),17,220,0,16,24,232,492,0.4471544715447154,0.4715447154471545,0.048780487804878
34,Kaliaganj (SC),17(A),279,0,42,24,258,603,0.4626865671641791,0.4278606965174129,0.0398009950248756
34,Kaliaganj (SC),170,400,0,19,11,152,582,0.6872852233676976,0.2611683848797251,0.0189003436426116
34,Kaliaganj (SC),170(A),408,0,13,14,139,574,0.710801393728223,0.2421602787456446,0.024390243902439
34,Kaliaganj (SC),171,171,0,6,9,370,556,0.3075539568345323,0.6654676258992805,0.0161870503597122
34,Kaliaganj (SC),171(A),285,0,17,14,214,530,0.5377358490566038,0.4037735849056604,0.0264150943396226
34,Kaliaganj (SC),172,316,0,10,18,308,652,0.4846625766871165,0.4723926380368098,0.0276073619631901
34,Kaliaganj (SC),173,349,0,38,31,189,607,0.5749588138385503,0.3113673805601318,0.0510708401976935
34,Kaliaganj (SC),174,600,0,88,29,204,921,0.6514657980456026,0.2214983713355048,0.0314875135722041
34,Kaliaganj (SC),175,2,0,13,4,525,544,0.0036764705882352,0.9650735294117648,0.0073529411764705
34,Kaliaganj (SC),175(A),3,0,26,3,499,531,0.0056497175141242,0.9397363465160076,0.0056497175141242
34,Kaliaganj (SC),176,5,0,59,2,613,679,0.0073637702503681,0.90279823269514,0.0029455081001472
34,Kaliaganj (SC),177,32,0,30,15,528,605,0.052892561983471,0.8727272727272727,0.024793388429752
34,Kaliaganj (SC),178,33,0,42,6,621,702,0.047008547008547,0.8846153846153846,0.0085470085470085
34,Kaliaganj (SC),179,126,0,47,14,600,787,0.1601016518424396,0.7623888182973316,0.0177890724269377
34,Kaliaganj (SC),18,305,0,42,19,229,595,0.5126050420168067,0.3848739495798319,0.0319327731092436
34,Kaliaganj (SC),18(A),368,0,32,21,193,614,0.5993485342019544,0.3143322475570032,0.0342019543973941
34,Kaliaganj (SC),180,330,0,15,14,129,488,0.6762295081967213,0.2643442622950819,0.0286885245901639
34,Kaliaganj (SC),180(A),266,0,17,10,216,509,0.5225933202357563,0.4243614931237721,0.0196463654223968
34,Kaliaganj (SC),181,455,0,169,29,131,784,0.5803571428571429,0.1670918367346938,0.0369897959183673
34,Kaliaganj (SC),182,7,0,15,6,595,623,0.0112359550561797,0.9550561797752808,0.0096308186195826
34,Kaliaganj (SC),182(A),18,0,14,9,556,597,0.0301507537688442,0.931323283082077,0.0150753768844221
34,Kaliaganj (SC),183,272,0,31,8,163,474,0.5738396624472574,0.3438818565400844,0.0168776371308016
34,Kaliaganj (SC),183(A),343,0,22,19,87,471,0.7282377919320594,0.1847133757961783,0.0403397027600849
34,Kaliaganj (SC),184,24,0,59,3,452,538,0.0446096654275092,0.8401486988847584,0.0055762081784386
34,Kaliaganj (SC),184(A),9,0,67,8,429,513,0.0175438596491228,0.8362573099415205,0.0155945419103313
34,Kaliaganj (SC),185,4,0,26,11,422,463,0.0086393088552915,0.9114470842332614,0.0237580993520518
34,Kaliaganj (SC),185(A),4,0,23,4,418,449,0.0089086859688195,0.930957683741648,0.0089086859688195
34,Kaliaganj (SC),186,285,0,36,12,264,597,0.4773869346733668,0.4422110552763819,0.0201005025125628
34,Kaliaganj (SC),186(A),272,0,21,23,292,608,0.4473684210526316,0.4802631578947368,0.037828947368421
34,Kaliaganj (SC),187,251,0,34,17,241,543,0.4622467771639042,0.4438305709023941,0.0313075506445672
34,Kaliaganj (SC),188,397,0,57,35,312,801,0.4956304619225967,0.3895131086142322,0.0436953807740324
34,Kaliaganj (SC),189,209,0,40,13,277,539,0.3877551020408163,0.5139146567717996,0.0241187384044526
34,Kaliaganj (SC),19,229,0,18,23,233,503,0.4552683896620278,0.4632206759443339,0.0457256461232604
34,Kaliaganj (SC),19(A),217,0,10,11,239,477,0.4549266247379455,0.5010482180293501,0.0230607966457023
34,Kaliaganj (SC),190,239,0,20,11,227,497,0.4808853118712273,0.4567404426559356,0.0221327967806841
34,Kaliaganj (SC),190(A),257,0,9,12,160,438,0.58675799086758,0.365296803652968,0.0273972602739726
34,Kaliaganj (SC),191,31,0,41,8,432,512,0.060546875,0.84375,0.015625
34,Kaliaganj (SC),191(A),179,0,30,19,216,444,0.4031531531531531,0.4864864864864865,0.0427927927927927
34,Kaliaganj (SC),192,357,0,10,18,161,546,0.6538461538461539,0.2948717948717949,0.0329670329670329
34,Kaliaganj (SC),192(A),389,0,16,14,106,525,0.7409523809523809,0.2019047619047619,0.0266666666666666
34,Kaliaganj (SC),193,280,0,19,14,173,486,0.5761316872427984,0.3559670781893004,0.0288065843621399
34,Kaliaganj (SC),193(A),227,0,2,6,182,417,0.5443645083932853,0.4364508393285372,0.014388489208633
34,Kaliaganj (SC),194,234,0,45,13,268,560,0.4178571428571428,0.4785714285714286,0.0232142857142857
34,Kaliaganj (SC),194(A),364,0,21,4,147,536,0.6791044776119403,0.2742537313432835,0.0074626865671641
34,Kaliaganj (SC),195,318,0,13,13,220,564,0.5638297872340425,0.3900709219858156,0.0230496453900709
34,Kaliaganj (SC),196,116,0,13,10,281,420,0.2761904761904762,0.669047619047619,0.0238095238095238
34,Kaliaganj (SC),196(A),313,0,4,7,71,395,0.7924050632911392,0.1797468354430379,0.0177215189873417
34,Kaliaganj (SC),197,239,0,34,14,613,900,0.2655555555555555,0.6811111111111111,0.0155555555555555
34,Kaliaganj (SC),198,131,0,160,25,219,535,0.2448598130841121,0.4093457943925234,0.0467289719626168
34,Kaliaganj (SC),198(A),194,0,150,21,161,526,0.3688212927756654,0.3060836501901141,0.0399239543726235
34,Kaliaganj (SC),199,285,0,71,59,166,581,0.4905335628227194,0.2857142857142857,0.1015490533562822
34,Kaliaganj (SC),199(A),239,0,46,39,279,603,0.3963515754560531,0.4626865671641791,0.0646766169154228
34,Kaliaganj (SC),2,362,0,20,27,311,720,0.5027777777777778,0.4319444444444444,0.0375
34,Kaliaganj (SC),20,175,0,88,13,388,664,0.2635542168674699,0.5843373493975904,0.019578313253012
34,Kaliaganj (SC),200,210,0,125,42,188,565,0.3716814159292035,0.3327433628318584,0.0743362831858407
34,Kaliaganj (SC),200(A),218,0,133,23,169,543,0.4014732965009208,0.3112338858195211,0.0423572744014733
34,Kaliaganj (SC),201,314,0,73,26,161,574,0.5470383275261324,0.2804878048780488,0.0452961672473867
34,Kaliaganj (SC),201(A),301,0,74,17,161,553,0.5443037974683544,0.2911392405063291,0.0307414104882459
34,Kaliaganj (SC),202,209,0,39,20,261,529,0.3950850661625709,0.4933837429111531,0.0378071833648393
34,Kaliaganj (SC),202(A),251,0,46,23,204,524,0.4790076335877862,0.3893129770992366,0.0438931297709923
34,Kaliaganj (SC),203,261,0,65,24,273,623,0.4189406099518459,0.4382022471910112,0.0385232744783306
34,Kaliaganj (SC),203(A),300,0,32,19,239,590,0.5084745762711864,0.4050847457627118,0.0322033898305084
34,Kaliaganj (SC),204,206,0,94,16,176,492,0.4186991869918699,0.3577235772357723,0.032520325203252
34,Kaliaganj (SC),205,262,0,64,30,329,685,0.3824817518248175,0.4802919708029197,0.0437956204379562
34,Kaliaganj (SC),206,193,0,49,13,283,538,0.3587360594795539,0.5260223048327137,0.0241635687732342
34,Kaliaganj (SC),207,345,0,45,17,281,688,0.501453488372093,0.4084302325581395,0.0247093023255813
34,Kaliaganj (SC),208,306,0,60,50,296,712,0.4297752808988764,0.4157303370786517,0.0702247191011236
34,Kaliaganj (SC),209,258,0,299,27,309,893,0.2889137737961926,0.3460246360582307,0.0302351623740201
34,Kaliaganj (SC),21,291,0,25,13,216,545,0.5339449541284403,0.3963302752293578,0.0238532110091743
34,Kaliaganj (SC),21(A),394,0,12,26,148,580,0.6793103448275862,0.2551724137931034,0.0448275862068965
34,Kaliaganj (SC),210,556,0,55,9,211,831,0.6690734055354994,0.2539109506618532,0.0108303249097472
34,Kaliaganj (SC),211,16,0,116,16,387,535,0.0299065420560747,0.7233644859813084,0.0299065420560747
34,Kaliaganj (SC),211(A),187,0,53,18,284,542,0.3450184501845018,0.5239852398523985,0.033210332103321
34,Kaliaganj (SC),212,294,0,28,15,168,505,0.5821782178217821,0.3326732673267327,0.0297029702970297
34,Kaliaganj (SC),212(A),234,0,36,12,174,456,0.5131578947368421,0.3815789473684211,0.0263157894736842
34,Kaliaganj (SC),213,233,0,61,12,306,612,0.380718954248366,0.5,0.0196078431372549
34,Kaliaganj (SC),214,267,0,17,12,186,482,0.553941908713693,0.3858921161825726,0.0248962655601659
34,Kaliaganj (SC),214(A),227,0,34,18,231,510,0.4450980392156862,0.4529411764705882,0.0352941176470588
34,Kaliaganj (SC),215,227,0,38,12,184,461,0.4924078091106291,0.3991323210412147,0.0260303687635574
34,Kaliaganj (SC),215(A),219,0,23,13,168,423,0.5177304964539007,0.3971631205673759,0.0307328605200945
34,Kaliaganj (SC),216,406,0,22,18,115,561,0.7237076648841355,0.2049910873440285,0.0320855614973262
34,Kaliaganj (SC),216(A),407,0,24,25,160,616,0.6607142857142857,0.2597402597402597,0.0405844155844155
34,Kaliaganj (SC),217,554,0,16,28,159,757,0.7318361955085865,0.2100396301188903,0.0369881109643328
34,Kaliaganj (SC),218,159,0,20,3,315,497,0.3199195171026157,0.6338028169014085,0.0060362173038229
34,Kaliaganj (SC),218(A),308,0,20,10,177,515,0.5980582524271845,0.3436893203883495,0.0194174757281553
34,Kaliaganj (SC),219,600,0,40,47,206,893,0.671892497200448,0.2306830907054871,0.0526315789473684
34,Kaliaganj (SC),22,164,0,16,22,279,481,0.340956340956341,0.58004158004158,0.0457380457380457
34,Kaliaganj (SC),22(A),263,0,10,29,177,479,0.5490605427974948,0.3695198329853862,0.0605427974947807
34,Kaliaganj (SC),220,358,0,28,11,92,489,0.7321063394683026,0.1881390593047034,0.0224948875255623
34,Kaliaganj (SC),220(A),465,0,44,11,62,582,0.7989690721649485,0.1065292096219931,0.0189003436426116
34,Kaliaganj (SC),221,364,0,18,21,380,783,0.4648786717752235,0.4853128991060025,0.0268199233716475
34,Kaliaganj (SC),222,415,0,37,21,92,565,0.7345132743362832,0.1628318584070796,0.0371681415929203
34,Kaliaganj (SC),222(A),450,0,35,17,51,553,0.8137432188065099,0.0922242314647378,0.0307414104882459
34,Kaliaganj (SC),223,318,0,18,13,112,461,0.6898047722342733,0.2429501084598698,0.0281995661605206
34,Kaliaganj (SC),223(A),370,0,14,23,64,471,0.7855626326963907,0.1358811040339702,0.048832271762208
34,Kaliaganj (SC),224,386,0,28,16,94,524,0.7366412213740458,0.1793893129770992,0.0305343511450381
34,Kaliaganj (SC),225,476,0,14,14,225,729,0.6529492455418381,0.3086419753086419,0.0192043895747599
34,Kaliaganj (SC),226,1,0,24,1,586,612,0.0016339869281045,0.9575163398692812,0.0016339869281045
34,Kaliaganj (SC),227,350,0,15,18,155,538,0.6505576208178439,0.2881040892193308,0.0334572490706319
34,Kaliaganj (SC),227(A),416,0,9,13,75,513,0.8109161793372319,0.1461988304093567,0.0253411306042884
34,Kaliaganj (SC),228,59,0,36,8,540,643,0.0917573872472783,0.8398133748055988,0.0124416796267496
34,Kaliaganj (SC),229,464,0,33,18,288,803,0.5778331257783312,0.3586550435865504,0.0224159402241594
34,Kaliaganj (SC),23,185,0,18,5,285,493,0.3752535496957404,0.5780933062880325,0.0101419878296146
34,Kaliaganj (SC),23(A),209,0,16,10,243,478,0.4372384937238494,0.5083682008368201,0.0209205020920502
34,Kaliaganj (SC),230,468,0,55,19,413,955,0.4900523560209424,0.4324607329842932,0.0198952879581151
34,Kaliaganj (SC),231,207,0,10,10,243,470,0.4404255319148936,0.5170212765957447,0.0212765957446808
34,Kaliaganj (SC),231(A),334,0,14,28,116,492,0.6788617886178862,0.2357723577235772,0.056910569105691
34,Kaliaganj (SC),232,413,0,51,27,341,832,0.4963942307692308,0.4098557692307692,0.032451923076923
34,Kaliaganj (SC),233,527,0,35,57,207,826,0.6380145278450363,0.2506053268765133,0.0690072639225181
34,Kaliaganj (SC),234,415,0,5,27,79,526,0.7889733840304183,0.150190114068441,0.0513307984790874
34,Kaliaganj (SC),234(A),362,0,7,27,154,550,0.6581818181818182,0.28,0.049090909090909
34,Kaliaganj (SC),235,355,0,16,35,128,534,0.6647940074906367,0.2397003745318352,0.0655430711610486
34,Kaliaganj (SC),236,191,0,9,11,345,556,0.3435251798561151,0.6205035971223022,0.0197841726618705
34,Kaliaganj (SC),236(A),303,0,5,8,196,512,0.591796875,0.3828125,0.015625
34,Kaliaganj (SC),237,322,0,15,19,320,676,0.4763313609467455,0.4733727810650887,0.0281065088757396
34,Kaliaganj (SC),238,397,0,36,23,161,617,0.6434359805510534,0.2609400324149108,0.0372771474878444
34,Kaliaganj (SC),239,258,0,11,64,196,529,0.4877126654064272,0.3705103969754253,0.1209829867674858
34,Kaliaganj (SC),239(A),311,0,31,44,171,557,0.5583482944344704,0.3070017953321364,0.0789946140035906
34,Kaliaganj (SC),24,306,0,27,18,193,544,0.5625,0.3547794117647059,0.0330882352941176
34,Kaliaganj (SC),24(A),264,0,24,20,191,499,0.5290581162324649,0.3827655310621242,0.0400801603206412
34,Kaliaganj (SC),240,7,0,20,3,569,599,0.011686143572621,0.9499165275459098,0.005008347245409
34,Kaliaganj (SC),240(A),12,0,14,4,489,519,0.0231213872832369,0.9421965317919077,0.0077071290944123
34,Kaliaganj (SC),241,299,0,12,17,156,484,0.6177685950413223,0.3223140495867768,0.0351239669421487
34,Kaliaganj (SC),242,427,0,56,45,171,699,0.6108726752503576,0.2446351931330472,0.0643776824034334
34,Kaliaganj (SC),243,540,0,20,23,121,704,0.7670454545454546,0.171875,0.0326704545454545
34,Kaliaganj (SC),244,505,0,16,28,70,619,0.815831987075929,0.1130856219709208,0.0452342487883683
34,Kaliaganj (SC),244(A),572,0,12,25,49,658,0.8693009118541033,0.0744680851063829,0.0379939209726443
34,Kaliaganj (SC),245,526,0,34,46,59,665,0.7909774436090226,0.0887218045112782,0.069172932330827
34,Kaliaganj (SC),245(A),376,0,41,41,63,521,0.7216890595009597,0.1209213051823416,0.0786948176583493
34,Kaliaganj (SC),246,330,0,10,12,89,441,0.7482993197278912,0.2018140589569161,0.0272108843537414
34,Kaliaganj (SC),246(A),427,0,11,20,56,514,0.830739299610895,0.1089494163424124,0.0389105058365758
34,Kaliaganj (SC),247,446,0,53,22,78,599,0.7445742904841403,0.1302170283806344,0.0367278797996661
34,Kaliaganj (SC),247(A),338,0,17,16,230,601,0.562396006655574,0.3826955074875208,0.0266222961730449
34,Kaliaganj (SC),248,484,0,36,29,88,637,0.7598116169544741,0.1381475667189952,0.0455259026687598
34,Kaliaganj (SC),249,260,0,30,19,279,588,0.4421768707482993,0.4744897959183674,0.032312925170068
34,Kaliaganj (SC),249(A),369,0,22,26,192,609,0.6059113300492611,0.3152709359605911,0.0426929392446633
34,Kaliaganj (SC),25,454,0,19,7,130,610,0.7442622950819672,0.2131147540983606,0.0114754098360655
34,Kaliaganj (SC),250,514,0,4,19,245,782,0.6572890025575447,0.3132992327365729,0.0242966751918158
34,Kaliaganj (SC),251,61,0,15,7,740,823,0.0741190765492102,0.8991494532199271,0.008505467800729
34,Kaliaganj (SC),252,83,0,17,2,395,497,0.1670020120724346,0.7947686116700201,0.0040241448692152
34,Kaliaganj (SC),252(A),133,0,25,18,367,543,0.2449355432780847,0.6758747697974218,0.0331491712707182
34,Kaliaganj (SC),253,164,0,55,12,642,873,0.1878579610538373,0.7353951890034365,0.0137457044673539
34,Kaliaganj (SC),254,492,0,15,17,70,594,0.8282828282828283,0.1178451178451178,0.0286195286195286
34,Kaliaganj (SC),254(A),293,0,4,11,266,574,0.5104529616724739,0.4634146341463415,0.019163763066202
34,Kaliaganj (SC),255,246,0,36,21,513,816,0.3014705882352941,0.6286764705882353,0.025735294117647
34,Kaliaganj (SC),256,356,0,58,13,140,567,0.6278659611992945,0.2469135802469135,0.0229276895943562
34,Kaliaganj (SC),256(A),271,0,14,10,260,555,0.4882882882882883,0.4684684684684684,0.018018018018018
34,Kaliaganj (SC),257,447,0,11,12,362,832,0.5372596153846154,0.4350961538461538,0.0144230769230769
34,Kaliaganj (SC),258,301,0,12,16,312,641,0.469578783151326,0.4867394695787831,0.0249609984399376
34,Kaliaganj (SC),258(A),366,0,14,19,185,584,0.6267123287671232,0.3167808219178082,0.0325342465753424
34,Kaliaganj (SC),259,245,0,5,13,344,607,0.4036243822075782,0.5667215815485996,0.0214168039538715
34,Kaliaganj (SC),259(A),389,0,12,21,133,555,0.7009009009009008,0.2396396396396396,0.0378378378378378
34,Kaliaganj (SC),26,352,0,38,45,204,639,0.5508607198748043,0.3192488262910798,0.0704225352112676
34,Kaliaganj (SC),260,352,0,24,11,88,475,0.7410526315789474,0.1852631578947368,0.0231578947368421
34,Kaliaganj (SC),260(A),408,0,39,21,71,539,0.7569573283858998,0.1317254174397031,0.0389610389610389
34,Kaliaganj (SC),261,327,0,23,26,76,452,0.7234513274336283,0.168141592920354,0.0575221238938053
34,Kaliaganj (SC),261(A),403,0,21,22,123,569,0.7082601054481547,0.2161687170474516,0.0386643233743409
34,Kaliaganj (SC),262,499,0,16,33,85,633,0.7883096366508688,0.1342812006319115,0.0521327014218009
34,Kaliaganj (SC),262(A),425,0,26,16,83,550,0.7727272727272727,0.1509090909090909,0.029090909090909
34,Kaliaganj (SC),263,527,0,114,21,139,801,0.6579275905118602,0.1735330836454432,0.0262172284644194
34,Kaliaganj (SC),264,23,0,17,13,728,781,0.029449423815621,0.9321382842509603,0.0166453265044814
34,Kaliaganj (SC),265,322,0,5,16,145,488,0.6598360655737705,0.2971311475409836,0.0327868852459016
34,Kaliaganj (SC),265(A),139,0,0,7,327,473,0.2938689217758985,0.6913319238900634,0.014799154334038
34,Kaliaganj (SC),266,187,0,21,16,239,463,0.4038876889848812,0.5161987041036717,0.0345572354211663
34,Kaliaganj (SC),266(A),385,0,22,22,64,493,0.7809330628803245,0.1298174442190669,0.0446247464503042
34,Kaliaganj (SC),267,6,0,41,5,386,438,0.0136986301369863,0.8812785388127854,0.0114155251141552
34,Kaliaganj (SC),267(A),88,0,21,6,370,485,0.1814432989690721,0.7628865979381443,0.0123711340206185
34,Kaliaganj (SC),268,303,0,37,7,84,431,0.703016241299304,0.1948955916473317,0.0162412993039443
34,Kaliaganj (SC),268(A),339,0,35,16,104,494,0.6862348178137652,0.2105263157894736,0.0323886639676113
34,Kaliaganj (SC),269,427,0,19,20,204,670,0.6373134328358209,0.3044776119402985,0.0298507462686567
34,Kaliaganj (SC),27,465,0,42,39,260,806,0.5769230769230769,0.3225806451612903,0.0483870967741935
34,Kaliaganj (SC),270,549,0,46,34,193,822,0.6678832116788321,0.2347931873479318,0.0413625304136253
34,Kaliaganj (SC),271,254,0,27,6,164,451,0.5631929046563193,0.3636363636363636,0.0133037694013303
34,Kaliaganj (SC),271(A),375,0,32,26,95,528,0.7102272727272727,0.1799242424242424,0.0492424242424242
34,Kaliaganj (SC),28,355,0,27,28,184,594,0.5976430976430976,0.3097643097643097,0.0471380471380471
34,Kaliaganj (SC),29,382,0,24,31,124,561,0.6809269162210339,0.2210338680926916,0.0552584670231729
34,Kaliaganj (SC),29(A),339,0,20,36,158,553,0.6130198915009042,0.2857142857142857,0.0650994575045208
34,Kaliaganj (SC),3,309,0,10,11,270,600,0.515,0.45,0.0183333333333333
34,Kaliaganj (SC),3(A),206,0,32,18,291,547,0.376599634369287,0.5319926873857403,0.0329067641681901
34,Kaliaganj (SC),30,531,0,36,51,226,844,0.6291469194312796,0.2677725118483412,0.0604265402843601
34,Kaliaganj (SC),31,586,0,27,38,148,799,0.7334167709637046,0.1852315394242803,0.0475594493116395
34,Kaliaganj (SC),32,264,0,14,14,192,484,0.5454545454545454,0.396694214876033,0.0289256198347107
34,Kaliaganj (SC),32(A),206,0,7,9,247,469,0.4392324093816631,0.5266524520255863,0.0191897654584221
34,Kaliaganj (SC),33,611,0,30,26,191,858,0.7121212121212122,0.2226107226107226,0.0303030303030303
34,Kaliaganj (SC),34,217,0,36,9,502,764,0.2840314136125654,0.6570680628272252,0.0117801047120418
34,Kaliaganj (SC),35,304,0,35,21,304,664,0.4578313253012048,0.4578313253012048,0.0316265060240963
34,Kaliaganj (SC),36,12,0,40,3,623,678,0.0176991150442477,0.9188790560471976,0.0044247787610619
34,Kaliaganj (SC),37,392,0,19,11,194,616,0.6363636363636364,0.3149350649350649,0.0178571428571428
34,Kaliaganj (SC),38,29,0,17,5,602,653,0.0444104134762634,0.9218989280245024,0.007656967840735
34,Kaliaganj (SC),39,558,0,56,65,139,818,0.6821515892420538,0.1699266503667481,0.0794621026894865
34,Kaliaganj (SC),4,188,0,5,9,227,429,0.4382284382284382,0.5291375291375291,0.0209790209790209
34,Kaliaganj (SC),4(A),269,0,10,20,261,560,0.4803571428571428,0.4660714285714286,0.0357142857142857
34,Kaliaganj (SC),40,395,0,27,23,90,535,0.7383177570093458,0.1682242990654205,0.0429906542056074
34,Kaliaganj (SC),40(A),359,0,29,31,78,497,0.7223340040241448,0.1569416498993963,0.062374245472837
34,Kaliaganj (SC),41,472,0,39,9,125,645,0.7317829457364341,0.1937984496124031,0.013953488372093
34,Kaliaganj (SC),42,359,0,13,17,128,517,0.6943907156673114,0.2475822050290135,0.0328820116054158
34,Kaliaganj (SC),42(A),351,0,20,15,80,466,0.7532188841201717,0.1716738197424892,0.0321888412017167
34,Kaliaganj (SC),43,54,0,14,3,390,461,0.1171366594360086,0.8459869848156182,0.0065075921908893
34,Kaliaganj (SC),43(A),132,0,22,5,269,428,0.308411214953271,0.6285046728971962,0.0116822429906542
34,Kaliaganj (SC),44,149,0,17,6,264,436,0.341743119266055,0.6055045871559633,0.0137614678899082
34,Kaliaganj (SC),44(A),317,0,9,13,139,478,0.6631799163179917,0.2907949790794979,0.0271966527196652
34,Kaliaganj (SC),45,322,0,7,17,44,390,0.8256410256410256,0.1128205128205128,0.0435897435897435
34,Kaliaganj (SC),46,409,0,12,23,124,568,0.7200704225352113,0.2183098591549295,0.0404929577464788
34,Kaliaganj (SC),46(A),443,0,11,22,91,567,0.781305114638448,0.1604938271604938,0.0388007054673721
34,Kaliaganj (SC),47,353,0,67,15,310,745,0.4738255033557047,0.4161073825503356,0.0201342281879194
34,Kaliaganj (SC),48,388,0,59,23,284,754,0.5145888594164456,0.376657824933687,0.0305039787798408
34,Kaliaganj (SC),49,235,0,49,7,196,487,0.4825462012320328,0.4024640657084189,0.0143737166324435
34,Kaliaganj (SC),5,457,0,19,22,339,837,0.5459976105137395,0.4050179211469534,0.026284348864994
34,Kaliaganj (SC),50,369,0,58,10,305,742,0.4973045822102426,0.4110512129380054,0.013477088948787
34,Kaliaganj (SC),51,431,0,45,31,246,753,0.5723771580345286,0.3266932270916334,0.0411686586985391
34,Kaliaganj (SC),52,287,0,45,10,121,463,0.6198704103671706,0.2613390928725702,0.0215982721382289
34,Kaliaganj (SC),52(A),320,0,22,19,124,485,0.6597938144329897,0.2556701030927835,0.0391752577319587
34,Kaliaganj (SC),53,325,0,52,29,135,541,0.600739371534196,0.2495378927911275,0.0536044362292051
34,Kaliaganj (SC),53(A),362,0,43,37,119,561,0.6452762923351159,0.2121212121212121,0.0659536541889483
34,Kaliaganj (SC),54,308,0,108,24,187,627,0.4912280701754385,0.2982456140350877,0.0382775119617224
34,Kaliaganj (SC),55,382,0,78,19,205,684,0.5584795321637427,0.2997076023391813,0.0277777777777777
34,Kaliaganj (SC),56,436,0,25,30,124,615,0.7089430894308943,0.2016260162601626,0.048780487804878
34,Kaliaganj (SC),56(A),429,0,36,21,89,575,0.7460869565217392,0.1547826086956521,0.0365217391304347
34,Kaliaganj (SC),57,493,0,95,36,214,838,0.5883054892601431,0.2553699284009546,0.0429594272076372
34,Kaliaganj (SC),58,367,0,28,39,142,576,0.6371527777777778,0.2465277777777778,0.0677083333333333
34,Kaliaganj (SC),58(A),393,0,24,46,110,573,0.6858638743455497,0.1919720767888307,0.0802792321116928
34,Kaliaganj (SC),59,463,0,35,23,200,721,0.6421636615811374,0.2773925104022191,0.0319001386962552
34,Kaliaganj (SC),6,199,0,8,9,174,390,0.5102564102564102,0.4461538461538462,0.023076923076923
34,Kaliaganj (SC),60,576,0,26,28,167,797,0.7227101631116688,0.2095357590966123,0.0351317440401505
34,Kaliaganj (SC),61,448,0,14,26,142,630,0.7111111111111111,0.2253968253968254,0.0412698412698412
34,Kaliaganj (SC),62,225,0,41,17,141,424,0.5306603773584906,0.3325471698113207,0.0400943396226415
34,Kaliaganj (SC),63,285,0,46,10,150,491,0.5804480651731161,0.3054989816700611,0.020366598778004
34,Kaliaganj (SC),63(A),348,0,24,10,109,491,0.7087576374745418,0.2219959266802444,0.020366598778004
34,Kaliaganj (SC),64,354,0,38,17,186,595,0.5949579831932773,0.3126050420168067,0.0285714285714285
34,Kaliaganj (SC),64(A),394,0,17,29,127,567,0.6948853615520282,0.2239858906525573,0.0511463844797178
34,Kaliaganj (SC),65,536,0,57,14,194,801,0.6691635455680399,0.2421972534332085,0.0174781523096129
34,Kaliaganj (SC),66,407,0,12,42,68,529,0.7693761814744802,0.1285444234404537,0.0793950850661625
34,Kaliaganj (SC),66(A),389,0,12,23,50,474,0.820675105485232,0.1054852320675105,0.0485232067510548
34,Kaliaganj (SC),67,300,0,35,14,86,435,0.6896551724137931,0.1977011494252873,0.032183908045977
34,Kaliaganj (SC),68,238,0,33,14,80,365,0.6520547945205479,0.2191780821917808,0.0383561643835616
34,Kaliaganj (SC),69,209,0,26,11,289,535,0.3906542056074766,0.5401869158878505,0.0205607476635514
34,Kaliaganj (SC),69(A),319,0,27,9,173,528,0.6041666666666666,0.3276515151515151,0.0170454545454545
34,Kaliaganj (SC),7,248,0,13,19,272,552,0.4492753623188406,0.4927536231884058,0.0344202898550724
34,Kaliaganj (SC),7(A),258,0,40,9,246,553,0.4665461121157324,0.4448462929475588,0.0162748643761302
34,Kaliaganj (SC),70,415,0,29,21,158,623,0.666131621187801,0.2536115569823435,0.0337078651685393
34,Kaliaganj (SC),71,374,0,29,21,232,656,0.5701219512195121,0.3536585365853658,0.0320121951219512
34,Kaliaganj (SC),72,308,0,42,22,116,488,0.6311475409836066,0.2377049180327868,0.0450819672131147
34,Kaliaganj (SC),72(A),359,0,26,19,119,523,0.6864244741873805,0.2275334608030592,0.0363288718929254
34,Kaliaganj (SC),73,346,0,13,23,130,512,0.67578125,0.25390625,0.044921875
34,Kaliaganj (SC),73(A),429,0,10,537,82,1058,0.4054820415879017,0.0775047258979206,0.5075614366729678
34,Kaliaganj (SC),74,343,0,20,13,166,542,0.6328413284132841,0.3062730627306273,0.0239852398523985
34,Kaliaganj (SC),74(A),333,0,14,15,131,493,0.6754563894523327,0.2657200811359026,0.0304259634888438
34,Kaliaganj (SC),75,322,0,27,15,174,538,0.5985130111524164,0.3234200743494423,0.0278810408921933
34,Kaliaganj (SC),75(A),313,0,26,19,189,547,0.5722120658135283,0.3455210237659963,0.0347349177330895
34,Kaliaganj (SC),76,565,0,29,28,166,788,0.7170050761421319,0.2106598984771573,0.0355329949238578
34,Kaliaganj (SC),77,259,0,31,6,150,446,0.5807174887892377,0.336322869955157,0.0134529147982062
34,Kaliaganj (SC),77(A),273,0,23,14,143,453,0.6026490066225165,0.3156732891832229,0.0309050772626931
34,Kaliaganj (SC),78,265,0,111,5,186,567,0.4673721340388007,0.328042328042328,0.0088183421516754
34,Kaliaganj (SC),79,383,0,127,12,197,719,0.5326842837273992,0.2739916550764951,0.0166898470097357
34,Kaliaganj (SC),8,276,0,3,19,274,572,0.4825174825174825,0.479020979020979,0.0332167832167832
34,Kaliaganj (SC),80,259,0,46,6,169,480,0.5395833333333333,0.3520833333333333,0.0125
34,Kaliaganj (SC),80(A),254,0,34,12,167,467,0.5438972162740899,0.3576017130620985,0.025695931477516
34,Kaliaganj (SC),81,291,0,74,5,191,561,0.5187165775401069,0.3404634581105169,0.0089126559714795
34,Kaliaganj (SC),82,503,0,55,8,194,760,0.6618421052631579,0.2552631578947368,0.0105263157894736
34,Kaliaganj (SC),83,511,0,53,40,210,814,0.6277641277641277,0.257985257985258,0.0491400491400491
34,Kaliaganj (SC),84,268,0,41,38,147,494,0.5425101214574899,0.2975708502024291,0.0769230769230769
34,Kaliaganj (SC),84(A),242,0,50,29,193,514,0.4708171206225681,0.3754863813229572,0.056420233463035
34,Kaliaganj (SC),85,294,0,57,46,193,590,0.4983050847457627,0.3271186440677966,0.0779661016949152
34,Kaliaganj (SC),85(A),331,0,64,52,124,571,0.5796847635726795,0.2171628721541156,0.0910683012259194
34,Kaliaganj (SC),86,314,0,142,29,99,584,0.5376712328767124,0.1695205479452055,0.0496575342465753
34,Kaliaganj (SC),86(A),326,0,122,29,93,570,0.5719298245614035,0.1631578947368421,0.0508771929824561
34,Kaliaganj (SC),87,133,0,150,15,256,554,0.2400722021660649,0.4620938628158845,0.0270758122743682
34,Kaliaganj (SC),87(A),135,0,185,10,199,529,0.2551984877126654,0.3761814744801512,0.0189035916824196
34,Kaliaganj (SC),88,358,0,25,12,207,602,0.5946843853820598,0.3438538205980066,0.0199335548172757
34,Kaliaganj (SC),89,368,0,15,30,194,607,0.6062602965403624,0.3196046128500823,0.0494233937397034
34,Kaliaganj (SC),9,348,0,9,15,370,742,0.4690026954177897,0.4986522911051212,0.0202156334231805
34,Kaliaganj (SC),90,153,0,17,8,256,434,0.3525345622119815,0.5898617511520737,0.0184331797235023
34,Kaliaganj (SC),90(A),271,0,13,17,155,456,0.5942982456140351,0.3399122807017544,0.0372807017543859
34,Kaliaganj (SC),91,254,0,78,31,182,545,0.4660550458715596,0.3339449541284404,0.0568807339449541
34,Kaliaganj (SC),91(A),301,0,42,35,154,532,0.5657894736842105,0.2894736842105263,0.0657894736842105
34,Kaliaganj (SC),92,193,0,27,23,335,578,0.3339100346020761,0.5795847750865052,0.0397923875432525
34,Kaliaganj (SC),92(A),310,0,36,35,175,556,0.5575539568345323,0.3147482014388489,0.0629496402877697
34,Kaliaganj (SC),93,306,0,23,25,282,636,0.4811320754716981,0.4433962264150943,0.0393081761006289
34,Kaliaganj (SC),94,341,0,20,27,502,890,0.3831460674157303,0.5640449438202247,0.0303370786516853
34,Kaliaganj (SC),95,166,0,30,10,284,490,0.3387755102040816,0.5795918367346938,0.0204081632653061
34,Kaliaganj (SC),95(A),249,0,25,23,211,508,0.4901574803149606,0.4153543307086614,0.0452755905511811
34,Kaliaganj (SC),96,249,0,31,26,210,516,0.4825581395348837,0.4069767441860465,0.0503875968992248
34,Kaliaganj (SC),97,512,0,27,35,255,829,0.617611580217129,0.3075995174909529,0.0422195416164053
34,Kaliaganj (SC),98,398,0,28,41,67,534,0.7453183520599251,0.1254681647940075,0.0767790262172284
34,Kaliaganj (SC),98(A),361,0,22,32,121,536,0.6735074626865671,0.2257462686567164,0.0597014925373134
34,Kaliaganj (SC),99,516,0,51,29,290,886,0.582392776523702,0.327313769751693,0.0327313769751693
35,Raiganj,107,0,0,0,624,347,971,0.0,0.3573635427394439,0.6426364572605562
35,Raiganj,110,0,0,3,808,401,1212,0.0,0.3308580858085808,0.6666666666666666
35,Raiganj,112,120,0,58,1,0,179,0.6703910614525139,0.0,0.0055865921787709
35,Raiganj,113,168,0,69,504,177,918,0.1830065359477124,0.1928104575163398,0.5490196078431373
35,Raiganj,113(A),219,0,83,3,0,305,0.7180327868852459,0.0,0.0098360655737704
35,Raiganj,114,293,0,17,1,0,311,0.9421221864951768,0.0,0.0032154340836012
35,Raiganj,114(A),266,0,25,1,0,292,0.910958904109589,0.0,0.0034246575342465
35,Raiganj,115,265,0,28,1,0,294,0.9013605442176872,0.0,0.0034013605442176
35,Raiganj,115(A),247,0,22,2,0,271,0.911439114391144,0.0,0.007380073800738
35,Raiganj,116,196,0,34,2,0,232,0.8448275862068966,0.0,0.0086206896551724
35,Raiganj,117,189,0,44,3,0,236,0.8008474576271186,0.0,0.0127118644067796
35,Raiganj,117(A),167,0,21,2,0,190,0.8789473684210526,0.0,0.0105263157894736
35,Raiganj,118,203,0,67,4,0,274,0.7408759124087592,0.0,0.0145985401459854
35,Raiganj,119,275,0,55,476,186,992,0.2772177419354839,0.1875,0.4798387096774194
35,Raiganj,120,283,0,152,1,0,436,0.6490825688073395,0.0,0.0022935779816513
35,Raiganj,121,158,0,98,2,0,258,0.6124031007751938,0.0,0.0077519379844961
35,Raiganj,121(A),134,0,135,3,0,272,0.4926470588235294,0.0,0.0110294117647058
35,Raiganj,122,144,0,108,1,0,253,0.5691699604743083,0.0,0.0039525691699604
35,Raiganj,123,245,0,137,8,0,390,0.6282051282051282,0.0,0.0205128205128205
35,Raiganj,124(A),310,0,49,1,0,360,0.8611111111111112,0.0,0.0027777777777777
35,Raiganj,125,397,0,39,4,0,440,0.9022727272727272,0.0,0.009090909090909
35,Raiganj,126,307,0,91,3,0,401,0.7655860349127181,0.0,0.0074812967581047
35,Raiganj,127,370,0,84,5,0,459,0.8061002178649237,0.0,0.0108932461873638
35,Raiganj,128,283,0,85,3,0,371,0.7628032345013477,0.0,0.0080862533692722
35,Raiganj,129,451,0,123,452,205,1231,0.3663688058489033,0.1665312753858651,0.3671811535337124
35,Raiganj,130,409,0,80,3,0,492,0.8313008130081301,0.0,0.0060975609756097
35,Raiganj,131,243,0,197,5,0,445,0.5460674157303371,0.0,0.0112359550561797
35,Raiganj,132,178,0,126,1,0,305,0.5836065573770491,0.0,0.0032786885245901
35,Raiganj,132(A),135,0,148,2,0,285,0.4736842105263157,0.0,0.0070175438596491
35,Raiganj,133,360,0,134,2,0,496,0.7258064516129032,0.0,0.0040322580645161
35,Raiganj,134,244,0,69,474,237,1024,0.23828125,0.2314453125,0.462890625
35,Raiganj,135,292,0,72,4,0,368,0.7934782608695652,0.0,0.0108695652173913
35,Raiganj,136,220,0,70,1,0,291,0.7560137457044673,0.0,0.0034364261168384
35,Raiganj,143,0,0,1,481,241,723,0.0,0.3333333333333333,0.665283540802213
35,Raiganj,153,0,0,0,148,363,511,0.0,0.7103718199608611,0.2896281800391389
35,Raiganj,159,0,0,1,573,203,777,0.0,0.2612612612612612,0.7374517374517374
35,Raiganj,171,0,0,7,1517,588,2112,0.0,0.2784090909090909,0.7182765151515151
35,Raiganj,176,0,0,1,520,207,728,0.0,0.2843406593406593,0.7142857142857143
35,Raiganj,177,0,0,2,552,279,833,0.0,0.3349339735894358,0.6626650660264105
35,Raiganj,181,0,0,1,442,190,633,0.0,0.3001579778830964,0.69826224328594
35,Raiganj,183,0,0,0,816,285,1101,0.0,0.2588555858310626,0.7411444141689373
35,Raiganj,191,0,0,0,595,314,909,0.0,0.3454345434543454,0.6545654565456546
35,Raiganj,204,0,0,1,788,364,1153,0.0,0.3156981786643538,0.6834345186470078
35,Raiganj,208,0,0,2,602,184,788,0.0,0.233502538071066,0.7639593908629442
35,Raiganj,227,0,0,1,587,243,831,0.0,0.2924187725631769,0.7063778580024067
35,Raiganj,246,0,0,0,838,304,1142,0.0,0.266199649737303,0.7338003502626971
35,Raiganj,255,0,0,0,855,354,1209,0.0,0.292803970223325,0.707196029776675
35,Raiganj,299,0,0,0,815,266,1081,0.0,0.246068455134135,0.7539315448658649
35,Raiganj,376,0,0,2,743,267,1012,0.0,0.2638339920948616,0.7341897233201581
35,Raiganj,40,0,0,0,630,420,1050,0.0,0.4,0.6
35,Raiganj,427,0,0,1,878,358,1237,0.0,0.2894098625707356,0.7097817299919159
35,Raiganj,49,0,0,3,608,330,941,0.0,0.3506907545164718,0.6461211477151966
35,Raiganj,52,0,0,0,508,252,760,0.0,0.331578947368421,0.6684210526315789
35,Raiganj,55,0,0,2,391,158,551,0.0,0.2867513611615245,0.7096188747731398
35,Raiganj,92,0,0,3,637,278,918,0.0,0.3028322440087146,0.6938997821350763
35,Raiganj,95,0,0,0,97,269,366,0.0,0.7349726775956285,0.2650273224043716
36,Itahar,100,0,0,0,141,341,482,0.0,0.7074688796680498,0.2925311203319502
36,Itahar,101,0,0,0,215,222,437,0.0,0.5080091533180778,0.4919908466819222
36,Itahar,102,0,0,0,162,246,408,0.0,0.6029411764705882,0.3970588235294117
36,Itahar,103,0,0,0,231,192,423,0.0,0.4539007092198581,0.5460992907801419
36,Itahar,104,0,0,0,218,148,366,0.0,0.4043715846994535,0.5956284153005464
36,Itahar,105,0,0,0,133,283,416,0.0,0.6802884615384616,0.3197115384615384
36,Itahar,106,0,0,0,193,458,651,0.0,0.7035330261136713,0.2964669738863287
36,Itahar,107,0,0,0,187,426,613,0.0,0.6949429037520392,0.3050570962479608
36,Itahar,108,0,0,0,172,695,867,0.0,0.8016147635524798,0.1983852364475201
36,Itahar,109,0,0,0,75,486,561,0.0,0.8663101604278075,0.1336898395721925
36,Itahar,110,0,0,0,231,413,644,0.0,0.6413043478260869,0.358695652173913
36,Itahar,111,0,0,0,278,326,604,0.0,0.5397350993377483,0.4602649006622517
36,Itahar,112,0,0,0,243,300,543,0.0,0.5524861878453039,0.4475138121546961
36,Itahar,113,0,0,0,292,225,517,0.0,0.4352030947775628,0.5647969052224371
36,Itahar,114,0,0,0,134,665,799,0.0,0.8322903629536921,0.1677096370463079
36,Itahar,115,0,0,0,146,420,566,0.0,0.7420494699646644,0.2579505300353357
36,Itahar,122,9,0,0,32,549,590,0.0152542372881355,0.9305084745762712,0.0542372881355932
36,Itahar,122A,8,0,0,30,499,537,0.0148975791433892,0.9292364990689012,0.0558659217877094
36,Itahar,123,59,0,0,11,576,646,0.0913312693498452,0.891640866873065,0.0170278637770897
36,Itahar,124,259,0,0,22,548,829,0.3124246079613992,0.661037394451146,0.0265379975874547
36,Itahar,125,317,0,0,8,502,827,0.3833131801692865,0.6070133010882709,0.0096735187424425
36,Itahar,126,10,0,0,5,740,755,0.0132450331125827,0.9801324503311258,0.0066225165562913
36,Itahar,127,15,0,0,13,921,949,0.0158061116965226,0.9704952581664912,0.0136986301369863
36,Itahar,128,360,0,0,7,117,484,0.743801652892562,0.2417355371900826,0.0144628099173553
36,Itahar,129,148,0,0,15,325,488,0.3032786885245901,0.6659836065573771,0.0307377049180327
36,Itahar,129A,266,0,0,3,196,465,0.5720430107526882,0.421505376344086,0.0064516129032258
36,Itahar,130,170,0,0,11,531,712,0.2387640449438202,0.7457865168539326,0.0154494382022471
36,Itahar,131,10,0,0,27,799,836,0.0119617224880382,0.9557416267942584,0.0322966507177033
36,Itahar,132,6,0,0,28,655,689,0.0087082728592162,0.9506531204644412,0.0406386066763425
36,Itahar,133,6,0,0,24,408,438,0.0136986301369863,0.9315068493150684,0.0547945205479452
36,Itahar,133A,7,0,0,15,455,477,0.0146750524109014,0.9538784067085954,0.0314465408805031
36,Itahar,134,280,0,0,12,169,461,0.6073752711496746,0.3665943600867679,0.0260303687635574
36,Itahar,134A,92,0,0,8,305,405,0.2271604938271605,0.7530864197530864,0.019753086419753
36,Itahar,135,19,0,0,36,786,841,0.0225921521997621,0.9346016646848988,0.0428061831153388
36,Itahar,136,52,0,0,18,521,591,0.0879864636209813,0.8815566835871405,0.0304568527918781
36,Itahar,137,108,0,0,36,350,494,0.2186234817813765,0.708502024291498,0.0728744939271255
36,Itahar,137A,117,0,0,16,299,432,0.2708333333333333,0.6921296296296297,0.037037037037037
36,Itahar,138,194,0,0,10,246,450,0.4311111111111111,0.5466666666666666,0.0222222222222222
36,Itahar,138A,204,0,0,9,263,476,0.4285714285714285,0.5525210084033614,0.01890756302521
36,Itahar,139,54,0,0,15,384,453,0.119205298013245,0.847682119205298,0.0331125827814569
36,Itahar,139A,103,0,0,20,347,470,0.2191489361702127,0.7382978723404255,0.0425531914893617
36,Itahar,140,10,0,0,7,530,547,0.0182815356489945,0.9689213893967094,0.0127970749542961
36,Itahar,140A,22,0,0,6,530,558,0.039426523297491,0.949820788530466,0.010752688172043
36,Itahar,141,20,0,0,32,505,557,0.0359066427289048,0.9066427289048474,0.0574506283662477
36,Itahar,141A,10,0,0,27,545,582,0.0171821305841924,0.936426116838488,0.0463917525773195
36,Itahar,142,74,0,0,4,419,497,0.1488933601609658,0.8430583501006036,0.0080482897384305
36,Itahar,142A,42,0,0,12,407,461,0.0911062906724512,0.8828633405639913,0.0260303687635574
36,Itahar,210,0,0,0,433,11,444,0.0,0.0247747747747747,0.9752252252252251
36,Itahar,211,0,0,0,412,7,419,0.0,0.0167064439140811,0.9832935560859188
36,Itahar,212,0,0,0,804,13,817,0.0,0.0159118727050183,0.9840881272949816
36,Itahar,213,0,0,0,493,5,498,0.0,0.0100401606425702,0.9899598393574296
36,Itahar,214,0,0,0,499,5,504,0.0,0.0099206349206349,0.9900793650793652
36,Itahar,215,0,0,0,530,5,535,0.0,0.0093457943925233,0.9906542056074766
36,Itahar,216,0,0,0,497,12,509,0.0,0.0235756385068762,0.9764243614931236
36,Itahar,217,0,0,0,618,5,623,0.0,0.0080256821829855,0.9919743178170144
36,Itahar,218,0,0,0,630,9,639,0.0,0.0140845070422535,0.9859154929577464
36,Itahar,219,0,0,0,451,4,455,0.0,0.0087912087912087,0.9912087912087912
36,Itahar,220,0,0,0,401,7,408,0.0,0.017156862745098,0.982843137254902
36,Itahar,221,0,0,0,424,8,432,0.0,0.0185185185185185,0.9814814814814816
36,Itahar,222,0,0,0,487,5,492,0.0,0.0101626016260162,0.9898373983739838
36,Itahar,223,0,0,0,491,10,501,0.0,0.0199600798403193,0.9800399201596808
36,Itahar,224,0,0,0,462,10,472,0.0,0.0211864406779661,0.9788135593220338
36,Itahar,225,0,0,0,805,12,817,0.0,0.01468788249694,0.98531211750306
36,Itahar,226,0,0,0,599,9,608,0.0,0.0148026315789473,0.9851973684210528
36,Itahar,227,0,0,0,671,28,699,0.0,0.0400572246065808,0.9599427753934192
36,Itahar,228,0,0,0,744,9,753,0.0,0.0119521912350597,0.9880478087649402
36,Itahar,229,0,0,0,839,14,853,0.0,0.0164126611957796,0.9835873388042204
36,Itahar,230,0,0,0,487,71,558,0.0,0.1272401433691756,0.8727598566308243
36,Itahar,231,0,0,0,470,43,513,0.0,0.0838206627680311,0.9161793372319688
36,Itahar,232,0,0,0,480,21,501,0.0,0.0419161676646706,0.9580838323353292
36,Itahar,233,0,0,0,511,9,520,0.0,0.0173076923076923,0.9826923076923076
36,Itahar,234,0,0,0,474,4,478,0.0,0.00836820083682,0.99163179916318
36,Itahar,235,0,0,0,427,10,437,0.0,0.022883295194508,0.977116704805492
36,Itahar,236,0,0,0,779,54,833,0.0,0.0648259303721488,0.9351740696278512
36,Itahar,237,0,0,0,686,45,731,0.0,0.0615595075239398,0.9384404924760602
36,Itahar,238,0,0,0,730,37,767,0.0,0.0482398956975228,0.9517601043024772
36,Itahar,239,0,0,0,477,23,500,0.0,0.046,0.954
36,Itahar,86,0,0,0,195,288,483,0.0,0.5962732919254659,0.4037267080745341
36,Itahar,87,0,0,0,324,258,582,0.0,0.4432989690721649,0.5567010309278351
36,Itahar,88,0,0,0,461,142,603,0.0,0.2354892205638474,0.7645107794361525
36,Itahar,89,0,0,0,621,30,651,0.0,0.0460829493087557,0.9539170506912442
36,Itahar,90,0,0,0,251,221,472,0.0,0.4682203389830508,0.5317796610169492
36,Itahar,91,0,0,0,402,101,503,0.0,0.2007952286282306,0.7992047713717694
36,Itahar,92,0,0,0,431,42,473,0.0,0.0887949260042283,0.9112050739957716
36,Itahar,93,0,0,0,141,180,321,0.0,0.5607476635514018,0.4392523364485981
36,Itahar,94,0,0,0,176,279,455,0.0,0.6131868131868132,0.3868131868131868
36,Itahar,95,0,0,0,423,58,481,0.0,0.1205821205821205,0.8794178794178794
36,Itahar,96,0,0,0,514,92,606,0.0,0.1518151815181518,0.8481848184818482
36,Itahar,97,0,0,0,318,280,598,0.0,0.4682274247491639,0.5317725752508361
36,Itahar,98,0,0,0,456,7,463,0.0,0.0151187904967602,0.9848812095032398
36,Itahar,99,0,0,0,447,7,454,0.0,0.0154185022026431,0.9845814977973568
37,Kushmandi (SC),1,0,0,0,45,0,45,0.0,0.0,1.0
37,Kushmandi (SC),10,0,0,0,22,0,22,0.0,0.0,1.0
37,Kushmandi (SC),103,0,0,0,46,0,46,0.0,0.0,1.0
37,Kushmandi (SC),104,0,0,0,26,0,26,0.0,0.0,1.0
37,Kushmandi (SC),105,0,0,0,52,0,52,0.0,0.0,1.0
37,Kushmandi (SC),106,0,0,0,77,0,77,0.0,0.0,1.0
37,Kushmandi (SC),108,0,0,0,115,0,115,0.0,0.0,1.0
37,Kushmandi (SC),109,0,0,0,237,0,237,0.0,0.0,1.0
37,Kushmandi (SC),10A,0,0,0,23,0,23,0.0,0.0,1.0
37,Kushmandi (SC),11,0,0,0,34,0,34,0.0,0.0,1.0
37,Kushmandi (SC),110,0,0,0,102,0,102,0.0,0.0,1.0
37,Kushmandi (SC),111,0,0,0,62,0,62,0.0,0.0,1.0
37,Kushmandi (SC),112,0,0,0,87,0,87,0.0,0.0,1.0
37,Kushmandi (SC),113,0,0,0,154,0,154,0.0,0.0,1.0
37,Kushmandi (SC),113A,0,0,0,314,0,314,0.0,0.0,1.0
37,Kushmandi (SC),114,295,0,0,398,0,693,0.4256854256854256,0.0,0.5743145743145743
37,Kushmandi (SC),115,7,0,0,549,0,556,0.0125899280575539,0.0,0.987410071942446
37,Kushmandi (SC),116,424,0,0,445,0,869,0.4879171461449942,0.0,0.5120828538550057
37,Kushmandi (SC),117,264,0,0,274,0,538,0.4907063197026022,0.0,0.5092936802973977
37,Kushmandi (SC),118,254,0,0,337,0,591,0.4297800338409475,0.0,0.5702199661590525
37,Kushmandi (SC),118A,268,0,0,237,0,505,0.5306930693069307,0.0,0.4693069306930693
37,Kushmandi (SC),119,468,0,0,713,0,1181,0.3962743437764606,0.0,0.6037256562235394
37,Kushmandi (SC),11A,0,0,0,19,0,19,0.0,0.0,1.0
37,Kushmandi (SC),12,0,0,0,18,0,18,0.0,0.0,1.0
37,Kushmandi (SC),120,186,0,0,177,0,363,0.512396694214876,0.0,0.4876033057851239
37,Kushmandi (SC),121,300,0,0,123,0,423,0.7092198581560284,0.0,0.2907801418439716
37,Kushmandi (SC),122,101,0,0,396,0,497,0.2032193158953722,0.0,0.7967806841046278
37,Kushmandi (SC),1224,376,0,0,187,0,563,0.6678507992895204,0.0,0.3321492007104796
37,Kushmandi (SC),123,260,0,0,604,0,864,0.3009259259259259,0.0,0.6990740740740741
37,Kushmandi (SC),124,507,0,0,504,0,1011,0.5014836795252225,0.0,0.4985163204747774
37,Kushmandi (SC),125,770,0,0,419,0,1189,0.6476030277544155,0.0,0.3523969722455845
37,Kushmandi (SC),125A,235,0,0,298,0,533,0.4409005628517823,0.0,0.5590994371482176
37,Kushmandi (SC),126,177,0,0,626,0,803,0.2204234122042341,0.0,0.7795765877957659
37,Kushmandi (SC),127,345,0,0,577,0,922,0.3741865509761388,0.0,0.6258134490238612
37,Kushmandi (SC),128,92,0,0,450,0,542,0.1697416974169741,0.0,0.8302583025830258
37,Kushmandi (SC),128A,329,0,0,223,0,552,0.5960144927536232,0.0,0.4039855072463768
37,Kushmandi (SC),129,227,0,0,566,0,793,0.2862547288776797,0.0,0.7137452711223203
37,Kushmandi (SC),13,0,0,0,28,0,28,0.0,0.0,1.0
37,Kushmandi (SC),130,160,0,0,486,0,646,0.2476780185758514,0.0,0.7523219814241486
37,Kushmandi (SC),131,340,0,0,455,0,795,0.4276729559748428,0.0,0.5723270440251572
37,Kushmandi (SC),132,238,0,0,198,0,436,0.5458715596330275,0.0,0.4541284403669725
37,Kushmandi (SC),133,150,0,0,434,0,584,0.2568493150684932,0.0,0.7431506849315068
37,Kushmandi (SC),134,136,0,0,778,0,914,0.1487964989059081,0.0,0.8512035010940919
37,Kushmandi (SC),135,84,0,0,447,0,531,0.1581920903954802,0.0,0.8418079096045198
37,Kushmandi (SC),136,272,0,0,395,0,667,0.4077961019490255,0.0,0.5922038980509745
37,Kushmandi (SC),137,7,0,0,550,0,557,0.0125673249551166,0.0,0.9874326750448832
37,Kushmandi (SC),138,23,0,0,568,0,591,0.038917089678511,0.0,0.961082910321489
37,Kushmandi (SC),139,299,0,0,393,0,692,0.4320809248554913,0.0,0.5679190751445087
37,Kushmandi (SC),14,0,0,0,27,0,27,0.0,0.0,1.0
37,Kushmandi (SC),140,398,0,0,433,0,831,0.4789410348977136,0.0,0.5210589651022864
37,Kushmandi (SC),141,324,0,0,182,0,506,0.6403162055335968,0.0,0.3596837944664031
37,Kushmandi (SC),141A,328,0,0,148,0,476,0.6890756302521008,0.0,0.3109243697478991
37,Kushmandi (SC),142,372,0,0,221,0,593,0.627318718381113,0.0,0.372681281618887
37,Kushmandi (SC),143,332,0,0,273,0,605,0.5487603305785124,0.0,0.4512396694214876
37,Kushmandi (SC),144,353,0,0,319,0,672,0.5252976190476191,0.0,0.4747023809523809
37,Kushmandi (SC),145,406,0,0,288,0,694,0.5850144092219021,0.0,0.414985590778098
37,Kushmandi (SC),145A,388,0,0,174,0,562,0.6903914590747331,0.0,0.3096085409252669
37,Kushmandi (SC),146,380,0,0,892,0,1272,0.2987421383647798,0.0,0.7012578616352201
37,Kushmandi (SC),146A,387,0,0,785,0,1172,0.3302047781569966,0.0,0.6697952218430034
37,Kushmandi (SC),147,16,0,0,431,0,447,0.0357941834451901,0.0,0.96420581655481
37,Kushmandi (SC),148,23,0,0,477,0,500,0.046,0.0,0.954
37,Kushmandi (SC),149,13,0,0,694,0,707,0.0183875530410183,0.0,0.9816124469589816
37,Kushmandi (SC),15,0,0,0,35,0,35,0.0,0.0,1.0
37,Kushmandi (SC),150,105,0,0,696,0,801,0.1310861423220973,0.0,0.8689138576779026
37,Kushmandi (SC),151,136,0,0,869,0,1005,0.1353233830845771,0.0,0.8646766169154229
37,Kushmandi (SC),152,359,0,0,736,0,1095,0.3278538812785388,0.0,0.6721461187214612
37,Kushmandi (SC),153,25,0,0,525,0,550,0.0454545454545454,0.0,0.9545454545454546
37,Kushmandi (SC),153A,0,0,0,1065,0,1065,0.0,0.0,1.0
37,Kushmandi (SC),154,22,0,0,1021,0,1043,0.0210930009587727,0.0,0.9789069990412272
37,Kushmandi (SC),155,737,0,0,700,0,1437,0.5128740431454419,0.0,0.4871259568545581
37,Kushmandi (SC),155A,0,0,0,442,0,442,0.0,0.0,1.0
37,Kushmandi (SC),156,0,0,0,451,0,451,0.0,0.0,1.0
37,Kushmandi (SC),156A,0,0,0,529,0,529,0.0,0.0,1.0
37,Kushmandi (SC),157,0,0,0,606,0,606,0.0,0.0,1.0
37,Kushmandi (SC),158,0,0,0,638,0,638,0.0,0.0,1.0
37,Kushmandi (SC),158A,0,0,0,444,0,444,0.0,0.0,1.0
37,Kushmandi (SC),159,0,0,0,461,0,461,0.0,0.0,1.0
37,Kushmandi (SC),159A,0,0,0,484,0,484,0.0,0.0,1.0
37,Kushmandi (SC),16,0,0,0,52,0,52,0.0,0.0,1.0
37,Kushmandi (SC),160,0,0,0,533,0,533,0.0,0.0,1.0
37,Kushmandi (SC),160A,0,0,0,561,0,561,0.0,0.0,1.0
37,Kushmandi (SC),161,0,0,0,2093,0,2093,0.0,0.0,1.0
37,Kushmandi (SC),162,0,0,0,1553,0,1553,0.0,0.0,1.0
37,Kushmandi (SC),163,0,0,0,640,0,640,0.0,0.0,1.0
37,Kushmandi (SC),165,0,0,0,549,0,549,0.0,0.0,1.0
37,Kushmandi (SC),165A,0,0,0,531,0,531,0.0,0.0,1.0
37,Kushmandi (SC),166,0,0,0,459,0,459,0.0,0.0,1.0
37,Kushmandi (SC),168,0,0,0,1392,0,1392,0.0,0.0,1.0
37,Kushmandi (SC),169,0,0,0,803,0,803,0.0,0.0,1.0
37,Kushmandi (SC),16A,0,0,0,26,0,26,0.0,0.0,1.0
37,Kushmandi (SC),17,0,0,0,55,0,55,0.0,0.0,1.0
37,Kushmandi (SC),170,0,0,0,1065,0,1065,0.0,0.0,1.0
37,Kushmandi (SC),171,0,0,0,732,0,732,0.0,0.0,1.0
37,Kushmandi (SC),172,0,0,0,703,0,703,0.0,0.0,1.0
37,Kushmandi (SC),172A,0,0,0,483,0,483,0.0,0.0,1.0
37,Kushmandi (SC),173,0,0,0,527,0,527,0.0,0.0,1.0
37,Kushmandi (SC),174,0,0,0,527,0,527,0.0,0.0,1.0
37,Kushmandi (SC),174A,0,0,0,392,0,392,0.0,0.0,1.0
37,Kushmandi (SC),175,0,0,0,458,0,458,0.0,0.0,1.0
37,Kushmandi (SC),175A,0,0,0,591,0,591,0.0,0.0,1.0
37,Kushmandi (SC),176,0,0,0,1191,0,1191,0.0,0.0,1.0
37,Kushmandi (SC),176A,0,0,0,552,0,552,0.0,0.0,1.0
37,Kushmandi (SC),177,0,0,0,542,0,542,0.0,0.0,1.0
37,Kushmandi (SC),177A,0,0,0,1009,0,1009,0.0,0.0,1.0
37,Kushmandi (SC),178,0,0,0,1064,0,1064,0.0,0.0,1.0
37,Kushmandi (SC),179,0,0,0,533,0,533,0.0,0.0,1.0
37,Kushmandi (SC),18,0,0,0,77,0,77,0.0,0.0,1.0
37,Kushmandi (SC),180,0,0,0,968,0,968,0.0,0.0,1.0
37,Kushmandi (SC),181,0,0,0,978,0,978,0.0,0.0,1.0
37,Kushmandi (SC),181A,0,0,0,554,0,554,0.0,0.0,1.0
37,Kushmandi (SC),182,0,0,0,710,0,710,0.0,0.0,1.0
37,Kushmandi (SC),182A,0,0,0,546,0,546,0.0,0.0,1.0
37,Kushmandi (SC),183,0,0,0,519,0,519,0.0,0.0,1.0
37,Kushmandi (SC),184,0,0,0,536,0,536,0.0,0.0,1.0
37,Kushmandi (SC),185,0,0,0,377,0,377,0.0,0.0,1.0
37,Kushmandi (SC),185A,0,0,0,555,0,555,0.0,0.0,1.0
37,Kushmandi (SC),186,0,0,0,1202,0,1202,0.0,0.0,1.0
37,Kushmandi (SC),187,0,0,0,915,0,915,0.0,0.0,1.0
37,Kushmandi (SC),187A,0,0,0,469,0,469,0.0,0.0,1.0
37,Kushmandi (SC),18A,0,0,0,62,0,62,0.0,0.0,1.0
37,Kushmandi (SC),19,0,0,0,42,0,42,0.0,0.0,1.0
37,Kushmandi (SC),19A,0,0,0,46,0,46,0.0,0.0,1.0
37,Kushmandi (SC),1A,0,0,0,42,0,42,0.0,0.0,1.0
37,Kushmandi (SC),2,0,0,0,37,0,37,0.0,0.0,1.0
37,Kushmandi (SC),20,0,0,0,27,0,27,0.0,0.0,1.0
37,Kushmandi (SC),20A,0,0,0,21,0,21,0.0,0.0,1.0
37,Kushmandi (SC),21,0,0,0,56,0,56,0.0,0.0,1.0
37,Kushmandi (SC),22,0,0,0,41,0,41,0.0,0.0,1.0
37,Kushmandi (SC),222,121,0,0,499,0,620,0.1951612903225806,0.0,0.8048387096774193
37,Kushmandi (SC),223,497,0,0,292,0,789,0.6299112801013942,0.0,0.3700887198986058
37,Kushmandi (SC),22A,0,0,0,47,0,47,0.0,0.0,1.0
37,Kushmandi (SC),22t,3,0,0,1338,0,1341,0.0022371364653243,0.0,0.9977628635346756
37,Kushmandi (SC),23,0,0,0,118,0,118,0.0,0.0,1.0
37,Kushmandi (SC),23A,0,0,0,149,0,149,0.0,0.0,1.0
37,Kushmandi (SC),24,0,0,0,26,0,26,0.0,0.0,1.0
37,Kushmandi (SC),25,0,0,0,75,0,75,0.0,0.0,1.0
37,Kushmandi (SC),254,0,0,0,106,0,106,0.0,0.0,1.0
37,Kushmandi (SC),26,0,0,0,110,0,110,0.0,0.0,1.0
37,Kushmandi (SC),27,0,0,0,87,0,87,0.0,0.0,1.0
37,Kushmandi (SC),28,0,0,0,29,0,29,0.0,0.0,1.0
37,Kushmandi (SC),28A,0,0,0,32,0,32,0.0,0.0,1.0
37,Kushmandi (SC),29,0,0,0,62,0,62,0.0,0.0,1.0
37,Kushmandi (SC),2A,0,0,0,54,0,54,0.0,0.0,1.0
37,Kushmandi (SC),3,0,0,0,22,0,22,0.0,0.0,1.0
37,Kushmandi (SC),30,0,0,0,216,0,216,0.0,0.0,1.0
37,Kushmandi (SC),31,0,0,0,119,0,119,0.0,0.0,1.0
37,Kushmandi (SC),33,0,0,0,112,0,112,0.0,0.0,1.0
37,Kushmandi (SC),34,0,0,0,53,0,53,0.0,0.0,1.0
37,Kushmandi (SC),3A,0,0,0,38,0,38,0.0,0.0,1.0
37,Kushmandi (SC),4,0,0,0,106,0,106,0.0,0.0,1.0
37,Kushmandi (SC),4A,0,0,0,727,0,727,0.0,0.0,1.0
37,Kushmandi (SC),5,0,0,0,260,0,260,0.0,0.0,1.0
37,Kushmandi (SC),6,0,0,0,39,0,39,0.0,0.0,1.0
37,Kushmandi (SC),7,0,0,0,17,0,17,0.0,0.0,1.0
37,Kushmandi (SC),701,0,0,0,73,0,73,0.0,0.0,1.0
37,Kushmandi (SC),711,0,0,0,59,0,59,0.0,0.0,1.0
37,Kushmandi (SC),72,0,0,0,9,0,9,0.0,0.0,1.0
37,Kushmandi (SC),722,0,0,0,119,0,119,0.0,0.0,1.0
37,Kushmandi (SC),727,0,0,0,115,0,115,0.0,0.0,1.0
37,Kushmandi (SC),729,0,0,0,113,0,113,0.0,0.0,1.0
37,Kushmandi (SC),731,0,0,0,25,0,25,0.0,0.0,1.0
37,Kushmandi (SC),742,0,0,0,10,0,10,0.0,0.0,1.0
37,Kushmandi (SC),743,0,0,0,180,0,180,0.0,0.0,1.0
37,Kushmandi (SC),7A,0,0,0,17,0,17,0.0,0.0,1.0
37,Kushmandi (SC),8,0,0,0,31,0,31,0.0,0.0,1.0
37,Kushmandi (SC),9,0,0,0,34,0,34,0.0,0.0,1.0
37,Kushmandi (SC),9A,0,0,0,14,0,14,0.0,0.0,1.0
38,Kumarganj,107,0,0,0,537,5,542,0.0,0.0092250922509225,0.9907749077490776
38,Kumarganj,108,199,0,40,7,248,494,0.402834008097166,0.5020242914979757,0.0141700404858299
38,Kumarganj,109,244,0,8,100,208,560,0.4357142857142857,0.3714285714285714,0.1785714285714285
38,Kumarganj,110,260,0,1,9,199,469,0.5543710021321961,0.4243070362473347,0.0191897654584221
38,Kumarganj,111,293,0,11,97,280,681,0.4302496328928047,0.4111600587371512,0.1424375917767988
38,Kumarganj,112,347,0,20,98,407,872,0.3979357798165137,0.466743119266055,0.1123853211009174
38,Kumarganj,113,316,0,6,96,329,747,0.4230254350736278,0.4404283801874163,0.1285140562248996
38,Kumarganj,114,253,0,30,110,345,738,0.3428184281842818,0.4674796747967479,0.1490514905149051
38,Kumarganj,115,285,0,32,92,475,884,0.3223981900452489,0.5373303167420814,0.1040723981900452
38,Kumarganj,116,56,0,56,96,502,710,0.0788732394366197,0.7070422535211267,0.1352112676056338
38,Kumarganj,117,32,0,98,102,767,999,0.032032032032032,0.7677677677677678,0.1021021021021021
38,Kumarganj,118,300,0,90,99,353,842,0.3562945368171021,0.4192399049881235,0.1175771971496437
38,Kumarganj,119,8,0,144,97,354,603,0.0132669983416252,0.5870646766169154,0.1608623548922056
38,Kumarganj,120,9,0,720,2,332,1063,0.0084666039510818,0.3123236124176858,0.0018814675446848
38,Kumarganj,121,445,0,60,108,256,869,0.5120828538550057,0.2945914844649022,0.1242807825086306
38,Kumarganj,122,580,0,61,111,105,857,0.676779463243874,0.1225204200700116,0.1295215869311552
38,Kumarganj,123,324,0,30,104,286,744,0.4354838709677419,0.3844086021505376,0.1397849462365591
38,Kumarganj,124,32,0,104,101,458,695,0.0460431654676259,0.6589928057553956,0.1453237410071942
38,Kumarganj,125,243,0,23,104,240,610,0.3983606557377049,0.3934426229508196,0.1704918032786885
38,Kumarganj,126,228,0,30,8,270,536,0.4253731343283582,0.503731343283582,0.0149253731343283
38,Kumarganj,127,27,0,184,103,561,875,0.0308571428571428,0.6411428571428571,0.1177142857142857
38,Kumarganj,128,151,0,45,106,280,582,0.2594501718213058,0.4810996563573883,0.1821305841924398
38,Kumarganj,129,340,0,23,11,702,1076,0.3159851301115242,0.6524163568773235,0.0102230483271375
38,Kumarganj,130,185,0,158,115,261,719,0.2573018080667594,0.3630041724617524,0.1599443671766342
38,Kumarganj,131,158,0,707,116,267,1248,0.1266025641025641,0.2139423076923076,0.0929487179487179
38,Kumarganj,132,139,0,32,108,317,596,0.2332214765100671,0.5318791946308725,0.1812080536912751
38,Kumarganj,133,288,0,13,15,778,1094,0.263254113345521,0.7111517367458866,0.0137111517367458
38,Kumarganj,134,157,0,52,111,368,688,0.2281976744186046,0.5348837209302325,0.1613372093023256
38,Kumarganj,135,217,0,25,6,287,535,0.405607476635514,0.5364485981308411,0.011214953271028
38,Kumarganj,136,443,0,38,118,365,964,0.4595435684647302,0.3786307053941908,0.1224066390041493
38,Kumarganj,137,215,0,57,107,202,581,0.370051635111876,0.3476764199655766,0.1841652323580034
38,Kumarganj,138,155,0,43,8,227,433,0.3579676674364896,0.5242494226327945,0.0184757505773672
38,Kumarganj,139,575,0,21,124,179,899,0.639599555061179,0.1991101223581757,0.1379310344827586
38,Kumarganj,140,12,0,23,116,341,492,0.024390243902439,0.693089430894309,0.2357723577235772
38,Kumarganj,141,16,0,180,113,417,726,0.0220385674931129,0.5743801652892562,0.1556473829201101
38,Kumarganj,142,13,0,242,118,480,853,0.0152403282532239,0.5627198124267292,0.1383352872215709
38,Kumarganj,143,174,0,124,116,306,720,0.2416666666666666,0.425,0.1611111111111111
38,Kumarganj,144,239,0,62,117,203,621,0.3848631239935587,0.3268921095008051,0.1884057971014492
38,Kumarganj,145,220,0,47,120,185,572,0.3846153846153846,0.3234265734265734,0.2097902097902098
38,Kumarganj,146,160,0,60,123,237,580,0.2758620689655172,0.4086206896551724,0.2120689655172414
38,Kumarganj,147,157,0,43,121,272,593,0.2647554806070826,0.4586846543001686,0.2040472175379426
38,Kumarganj,148,7,0,150,119,359,635,0.011023622047244,0.5653543307086614,0.1874015748031496
38,Kumarganj,149,23,0,113,119,318,573,0.0401396160558464,0.5549738219895288,0.2076788830715532
38,Kumarganj,150,244,0,42,133,288,707,0.3451202263083451,0.4073550212164074,0.1881188118811881
38,Kumarganj,151,27,0,249,121,266,663,0.0407239819004524,0.4012066365007541,0.1825037707390648
38,Kumarganj,152,334,0,164,131,172,801,0.4169787765293383,0.2147315855181023,0.16354556803995
38,Kumarganj,153,115,0,272,127,458,972,0.1183127572016461,0.4711934156378601,0.1306584362139917
38,Kumarganj,154,91,0,114,131,292,628,0.1449044585987261,0.464968152866242,0.2085987261146497
38,Kumarganj,155,80,0,0,129,307,516,0.1550387596899224,0.5949612403100775,0.25
38,Kumarganj,156,782,0,133,126,208,1249,0.6261008807045636,0.166533226581265,0.1008807045636509
38,Kumarganj,157,62,0,122,126,405,715,0.0867132867132867,0.5664335664335665,0.1762237762237762
38,Kumarganj,158,205,0,84,136,282,707,0.28995756718529,0.3988684582743989,0.1923620933521923
38,Kumarganj,159,144,0,132,131,247,654,0.2201834862385321,0.3776758409785932,0.2003058103975535
38,Kumarganj,160A,0,0,0,32,0,32,0.0,0.0,1.0
38,Kumarganj,161,0,0,0,60,0,60,0.0,0.0,1.0
38,Kumarganj,162,0,0,0,24,0,24,0.0,0.0,1.0
38,Kumarganj,162A,0,0,0,16,0,16,0.0,0.0,1.0
38,Kumarganj,163,0,0,0,16,0,16,0.0,0.0,1.0
38,Kumarganj,164,0,0,0,29,0,29,0.0,0.0,1.0
38,Kumarganj,165,0,0,0,10,0,10,0.0,0.0,1.0
38,Kumarganj,165A,0,0,0,26,0,26,0.0,0.0,1.0
38,Kumarganj,166,0,0,0,16,0,16,0.0,0.0,1.0
38,Kumarganj,166A,0,0,0,23,0,23,0.0,0.0,1.0
38,Kumarganj,167,0,0,0,10,0,10,0.0,0.0,1.0
38,Kumarganj,168,0,0,0,27,0,27,0.0,0.0,1.0
38,Kumarganj,169,0,0,0,51,0,51,0.0,0.0,1.0
38,Kumarganj,169A,0,0,0,24,0,24,0.0,0.0,1.0
38,Kumarganj,1700,0,0,0,51,0,51,0.0,0.0,1.0
38,Kumarganj,171,0,0,0,18,0,18,0.0,0.0,1.0
38,Kumarganj,171A,0,0,0,21,0,21,0.0,0.0,1.0
38,Kumarganj,172,0,0,0,24,0,24,0.0,0.0,1.0
38,Kumarganj,172A,0,0,0,16,0,16,0.0,0.0,1.0
38,Kumarganj,173,0,0,0,63,0,63,0.0,0.0,1.0
38,Kumarganj,174,0,0,0,52,0,52,0.0,0.0,1.0
38,Kumarganj,175,0,0,0,48,0,48,0.0,0.0,1.0
38,Kumarganj,175A,0,0,0,53,0,53,0.0,0.0,1.0
38,Kumarganj,176,0,0,0,237,0,237,0.0,0.0,1.0
38,Kumarganj,177A,0,0,0,37,0,37,0.0,0.0,1.0
38,Kumarganj,178,0,0,0,28,0,28,0.0,0.0,1.0
38,Kumarganj,179,0,0,0,67,0,67,0.0,0.0,1.0
38,Kumarganj,180,0,0,0,21,0,21,0.0,0.0,1.0
38,Kumarganj,180A,0,0,0,30,0,30,0.0,0.0,1.0
38,Kumarganj,181,0,0,0,63,0,63,0.0,0.0,1.0
38,Kumarganj,181A,0,0,0,43,0,43,0.0,0.0,1.0
38,Kumarganj,182,0,0,0,52,0,52,0.0,0.0,1.0
38,Kumarganj,182A,0,0,0,66,0,66,0.0,0.0,1.0
38,Kumarganj,183,0,0,0,51,0,51,0.0,0.0,1.0
38,Kumarganj,183A,0,0,0,34,0,34,0.0,0.0,1.0
38,Kumarganj,184,0,0,0,24,0,24,0.0,0.0,1.0
38,Kumarganj,184A,0,0,0,25,0,25,0.0,0.0,1.0
38,Kumarganj,185,0,0,0,114,0,114,0.0,0.0,1.0
38,Kumarganj,186,0,0,0,90,0,90,0.0,0.0,1.0
38,Kumarganj,187,0,0,0,27,0,27,0.0,0.0,1.0
38,Kumarganj,188,0,0,0,43,0,43,0.0,0.0,1.0
38,Kumarganj,189,0,0,0,18,0,18,0.0,0.0,1.0
38,Kumarganj,189A,0,0,0,25,0,25,0.0,0.0,1.0
38,Kumarganj,190,0,0,0,56,0,56,0.0,0.0,1.0
38,Kumarganj,191,0,0,0,90,0,90,0.0,0.0,1.0
38,Kumarganj,192,0,0,0,78,0,78,0.0,0.0,1.0
38,Kumarganj,193,0,0,0,42,0,42,0.0,0.0,1.0
38,Kumarganj,193A,0,0,0,45,0,45,0.0,0.0,1.0
38,Kumarganj,194,0,0,0,49,0,49,0.0,0.0,1.0
38,Kumarganj,195,0,0,0,9,0,9,0.0,0.0,1.0
38,Kumarganj,196,0,0,0,108,0,108,0.0,0.0,1.0
38,Kumarganj,197,0,0,0,14,0,14,0.0,0.0,1.0
38,Kumarganj,198,0,0,0,323,0,323,0.0,0.0,1.0
38,Kumarganj,199,0,0,0,360,0,360,0.0,0.0,1.0
38,Kumarganj,200,0,0,0,337,0,337,0.0,0.0,1.0
38,Kumarganj,200A,0,0,0,186,0,186,0.0,0.0,1.0
38,Kumarganj,201A,0,0,0,282,0,282,0.0,0.0,1.0
38,Kumarganj,202,0,0,0,294,0,294,0.0,0.0,1.0
38,Kumarganj,202A,0,0,0,226,0,226,0.0,0.0,1.0
38,Kumarganj,203,0,0,0,226,0,226,0.0,0.0,1.0
38,Kumarganj,203A,0,0,0,420,0,420,0.0,0.0,1.0
38,Kumarganj,204,0,0,0,300,0,300,0.0,0.0,1.0
38,Kumarganj,205,0,0,0,194,0,194,0.0,0.0,1.0
38,Kumarganj,205A,0,0,0,345,0,345,0.0,0.0,1.0
38,Kumarganj,206,0,0,0,315,0,315,0.0,0.0,1.0
38,Kumarganj,207,0,0,0,406,0,406,0.0,0.0,1.0
38,Kumarganj,52,0,0,0,736,0,736,0.0,0.0,1.0
39,Balurghat,1,0,0,0,573,0,573,0.0,0.0,1.0
39,Balurghat,10,0,0,0,437,0,437,0.0,0.0,1.0
39,Balurghat,100,330,0,0,267,5,602,0.5481727574750831,0.0083056478405315,0.4435215946843854
39,Balurghat,100A,269,0,0,357,3,629,0.4276629570747218,0.0047694753577106,0.5675675675675675
39,Balurghat,101,243,0,0,253,7,503,0.4831013916500994,0.0139165009940357,0.5029821073558648
39,Balurghat,101A,261,0,0,290,7,558,0.4677419354838709,0.0125448028673835,0.5197132616487455
39,Balurghat,102,378,0,0,541,4,923,0.409534127843987,0.0043336944745395,0.5861321776814734
39,Balurghat,103,254,0,0,287,6,547,0.4643510054844607,0.0109689213893967,0.5246800731261426
39,Balurghat,103A,239,0,0,291,7,537,0.4450651769087523,0.0130353817504655,0.5418994413407822
39,Balurghat,104,290,0,0,469,9,768,0.3776041666666667,0.01171875,0.6106770833333334
39,Balurghat,105,339,0,0,306,5,650,0.5215384615384615,0.0076923076923076,0.4707692307692308
39,Balurghat,106,191,0,0,365,5,561,0.3404634581105169,0.0089126559714795,0.6506238859180036
39,Balurghat,107,218,0,0,496,3,717,0.304044630404463,0.00418410041841,0.691771269177127
39,Balurghat,108,352,0,0,455,10,817,0.430844553243574,0.0122399020807833,0.5569155446756426
39,Balurghat,109,298,0,0,405,3,706,0.4220963172804532,0.0042492917847025,0.5736543909348442
39,Balurghat,11,0,0,0,614,0,614,0.0,0.0,1.0
39,Balurghat,110,385,0,0,340,8,733,0.5252387448840382,0.0109140518417462,0.4638472032742155
39,Balurghat,111,329,0,0,189,9,527,0.6242884250474383,0.01707779886148,0.3586337760910816
39,Balurghat,112,373,0,0,328,6,707,0.5275813295615276,0.0084865629420084,0.4639321074964639
39,Balurghat,12,0,0,0,544,0,544,0.0,0.0,1.0
39,Balurghat,13,0,0,0,651,0,651,0.0,0.0,1.0
39,Balurghat,14,0,0,0,428,0,428,0.0,0.0,1.0
39,Balurghat,14A,0,0,0,483,0,483,0.0,0.0,1.0
39,Balurghat,15,0,0,0,488,0,488,0.0,0.0,1.0
39,Balurghat,17,0,0,0,428,0,428,0.0,0.0,1.0
39,Balurghat,173,0,0,0,536,0,536,0.0,0.0,1.0
39,Balurghat,174,0,0,0,551,0,551,0.0,0.0,1.0
39,Balurghat,175,0,0,0,569,0,569,0.0,0.0,1.0
39,Balurghat,176,0,0,0,550,0,550,0.0,0.0,1.0
39,Balurghat,177,0,0,0,588,0,588,0.0,0.0,1.0
39,Balurghat,178,0,0,0,446,0,446,0.0,0.0,1.0
39,Balurghat,179,0,0,0,550,0,550,0.0,0.0,1.0
39,Balurghat,17A,0,0,0,425,0,425,0.0,0.0,1.0
39,Balurghat,180,0,0,0,430,0,430,0.0,0.0,1.0
39,Balurghat,181,0,0,0,660,0,660,0.0,0.0,1.0
39,Balurghat,182,0,0,0,729,0,729,0.0,0.0,1.0
39,Balurghat,183,0,0,0,510,0,510,0.0,0.0,1.0
39,Balurghat,184,0,0,0,676,0,676,0.0,0.0,1.0
39,Balurghat,185,0,0,0,872,0,872,0.0,0.0,1.0
39,Balurghat,186,0,0,0,548,0,548,0.0,0.0,1.0
39,Balurghat,186A,0,0,0,546,0,546,0.0,0.0,1.0
39,Balurghat,187,0,0,0,726,0,726,0.0,0.0,1.0
39,Balurghat,188,0,0,0,507,0,507,0.0,0.0,1.0
39,Balurghat,188A,0,0,0,471,0,471,0.0,0.0,1.0
39,Balurghat,189,0,0,0,622,0,622,0.0,0.0,1.0
39,Balurghat,19,0,0,0,409,0,409,0.0,0.0,1.0
39,Balurghat,190,0,0,0,647,0,647,0.0,0.0,1.0
39,Balurghat,191,0,0,0,462,0,462,0.0,0.0,1.0
39,Balurghat,191A,0,0,0,490,0,490,0.0,0.0,1.0
39,Balurghat,192,0,0,0,930,0,930,0.0,0.0,1.0
39,Balurghat,193,0,0,0,436,0,436,0.0,0.0,1.0
39,Balurghat,194,0,0,0,516,0,516,0.0,0.0,1.0
39,Balurghat,194A,0,0,0,555,0,555,0.0,0.0,1.0
39,Balurghat,195,0,0,0,761,0,761,0.0,0.0,1.0
39,Balurghat,19A,0,0,0,430,0,430,0.0,0.0,1.0
39,Balurghat,2,0,0,0,644,0,644,0.0,0.0,1.0
39,Balurghat,20,0,0,0,655,0,655,0.0,0.0,1.0
39,Balurghat,21,0,0,0,361,0,361,0.0,0.0,1.0
39,Balurghat,21A,0,0,0,381,0,381,0.0,0.0,1.0
39,Balurghat,22,0,0,0,473,0,473,0.0,0.0,1.0
39,Balurghat,23,0,0,0,590,0,590,0.0,0.0,1.0
39,Balurghat,24,0,0,0,615,0,615,0.0,0.0,1.0
39,Balurghat,24A,0,0,0,583,0,583,0.0,0.0,1.0
39,Balurghat,25,0,0,0,683,0,683,0.0,0.0,1.0
39,Balurghat,26,0,0,0,661,0,661,0.0,0.0,1.0
39,Balurghat,27,0,0,0,711,0,711,0.0,0.0,1.0
39,Balurghat,28,0,0,0,785,0,785,0.0,0.0,1.0
39,Balurghat,29,0,0,0,724,0,724,0.0,0.0,1.0
39,Balurghat,3,0,0,0,599,0,599,0.0,0.0,1.0
39,Balurghat,30,0,0,0,504,0,504,0.0,0.0,1.0
39,Balurghat,31,0,0,0,446,0,446,0.0,0.0,1.0
39,Balurghat,31A,0,0,0,457,0,457,0.0,0.0,1.0
39,Balurghat,32,0,0,0,833,0,833,0.0,0.0,1.0
39,Balurghat,33,0,0,0,518,0,518,0.0,0.0,1.0
39,Balurghat,34,0,0,0,479,0,479,0.0,0.0,1.0
39,Balurghat,35,0,0,0,427,0,427,0.0,0.0,1.0
39,Balurghat,36,0,0,0,460,0,460,0.0,0.0,1.0
39,Balurghat,36A,0,0,0,438,0,438,0.0,0.0,1.0
39,Balurghat,37,0,0,0,774,0,774,0.0,0.0,1.0
39,Balurghat,38,0,0,0,391,0,391,0.0,0.0,1.0
39,Balurghat,38A,0,0,0,414,0,414,0.0,0.0,1.0
39,Balurghat,39,0,0,0,441,0,441,0.0,0.0,1.0
39,Balurghat,39A,0,0,0,433,0,433,0.0,0.0,1.0
39,Balurghat,4,0,0,0,442,0,442,0.0,0.0,1.0
39,Balurghat,40,0,0,0,636,0,636,0.0,0.0,1.0
39,Balurghat,41,0,0,0,356,0,356,0.0,0.0,1.0
39,Balurghat,42,0,0,0,637,0,637,0.0,0.0,1.0
39,Balurghat,43,0,0,0,488,0,488,0.0,0.0,1.0
39,Balurghat,44,0,0,0,690,0,690,0.0,0.0,1.0
39,Balurghat,45,0,0,0,558,0,558,0.0,0.0,1.0
39,Balurghat,46,0,0,0,399,0,399,0.0,0.0,1.0
39,Balurghat,46A,0,0,0,428,0,428,0.0,0.0,1.0
39,Balurghat,47,0,0,0,600,0,600,0.0,0.0,1.0
39,Balurghat,48,0,0,0,558,0,558,0.0,0.0,1.0
39,Balurghat,49,0,0,0,483,0,483,0.0,0.0,1.0
39,Balurghat,4A,0,0,0,476,0,476,0.0,0.0,1.0
39,Balurghat,5,0,0,0,1428,0,1428,0.0,0.0,1.0
39,Balurghat,50,0,0,0,672,0,672,0.0,0.0,1.0
39,Balurghat,51,0,0,0,517,0,517,0.0,0.0,1.0
39,Balurghat,52,0,0,0,549,0,549,0.0,0.0,1.0
39,Balurghat,53,0,0,0,740,0,740,0.0,0.0,1.0
39,Balurghat,54,0,0,0,614,0,614,0.0,0.0,1.0
39,Balurghat,55,0,0,0,600,0,600,0.0,0.0,1.0
39,Balurghat,56,0,0,0,664,0,664,0.0,0.0,1.0
39,Balurghat,57,0,0,0,507,0,507,0.0,0.0,1.0
39,Balurghat,58,0,0,0,448,0,448,0.0,0.0,1.0
39,Balurghat,58A,217,0,0,237,3,457,0.474835886214442,0.0065645514223194,0.5185995623632386
39,Balurghat,59,258,0,0,398,0,656,0.3932926829268293,0.0,0.6067073170731707
39,Balurghat,60,206,0,0,296,1,503,0.4095427435387674,0.0019880715705765,0.588469184890656
39,Balurghat,61,187,0,0,245,6,438,0.4269406392694064,0.0136986301369863,0.5593607305936074
39,Balurghat,61A,219,0,0,241,3,463,0.4730021598272138,0.0064794816414686,0.5205183585313174
39,Balurghat,62,183,0,0,236,2,421,0.4346793349168646,0.004750593824228,0.5605700712589073
39,Balurghat,63,341,0,0,290,9,640,0.5328125,0.0140625,0.453125
39,Balurghat,63A,331,0,0,284,7,622,0.5321543408360129,0.0112540192926045,0.4565916398713826
39,Balurghat,64,372,0,0,437,5,814,0.457002457002457,0.0061425061425061,0.5368550368550369
39,Balurghat,65,286,0,0,314,4,604,0.4735099337748344,0.0066225165562913,0.5198675496688742
39,Balurghat,66,409,0,0,413,0,822,0.4975669099756691,0.0,0.5024330900243309
39,Balurghat,67,205,0,0,190,1,396,0.5176767676767676,0.0025252525252525,0.4797979797979798
39,Balurghat,68,317,0,0,278,7,602,0.526578073089701,0.0116279069767441,0.4617940199335548
39,Balurghat,68A,319,0,0,289,6,614,0.5195439739413681,0.009771986970684,0.4706840390879478
39,Balurghat,69,381,0,0,317,5,703,0.5419630156472262,0.0071123755334281,0.4509246088193456
39,Balurghat,7,0,0,0,645,0,645,0.0,0.0,1.0
39,Balurghat,70,356,0,0,336,6,698,0.5100286532951289,0.0085959885386819,0.4813753581661891
39,Balurghat,71,451,0,0,386,3,840,0.5369047619047619,0.0035714285714285,0.4595238095238095
39,Balurghat,72,461,0,0,362,7,830,0.555421686746988,0.008433734939759,0.436144578313253
39,Balurghat,73,235,0,0,261,6,502,0.4681274900398406,0.0119521912350597,0.5199203187250996
39,Balurghat,75,240,0,0,264,9,513,0.4678362573099415,0.0175438596491228,0.5146198830409356
39,Balurghat,75A,287,0,0,253,4,544,0.5275735294117647,0.0073529411764705,0.4650735294117647
39,Balurghat,76,306,0,0,214,3,523,0.5850860420650096,0.005736137667304,0.4091778202676864
39,Balurghat,76A,257,0,0,263,11,531,0.4839924670433145,0.0207156308851224,0.4952919020715631
39,Balurghat,77,394,0,0,309,15,718,0.5487465181058496,0.0208913649025069,0.4303621169916434
39,Balurghat,78,366,0,0,404,7,777,0.471042471042471,0.009009009009009,0.51994851994852
39,Balurghat,79,394,0,0,427,8,829,0.4752714113389626,0.0096501809408926,0.5150784077201448
39,Balurghat,80,333,0,0,250,6,589,0.565365025466893,0.0101867572156196,0.4244482173174873
39,Balurghat,81,331,0,0,239,17,587,0.5638841567291312,0.0289608177172061,0.4071550255536627
39,Balurghat,81A,365,0,0,265,3,633,0.5766192733017378,0.0047393364928909,0.4186413902053712
39,Balurghat,82,304,0,0,221,5,530,0.5735849056603773,0.0094339622641509,0.4169811320754717
39,Balurghat,82A,266,0,0,255,4,525,0.5066666666666667,0.0076190476190476,0.4857142857142857
39,Balurghat,83,317,0,0,413,4,734,0.4318801089918256,0.0054495912806539,0.5626702997275205
39,Balurghat,84,356,0,0,303,6,665,0.5353383458646617,0.0090225563909774,0.4556390977443609
39,Balurghat,85,179,0,0,267,7,453,0.3951434878587196,0.0154525386313465,0.5894039735099338
39,Balurghat,85A,220,0,0,256,5,481,0.4573804573804574,0.0103950103950103,0.5322245322245323
39,Balurghat,86,252,0,0,222,9,483,0.5217391304347826,0.0186335403726708,0.4596273291925465
39,Balurghat,86A,253,0,0,289,2,544,0.4650735294117647,0.0036764705882352,0.53125
39,Balurghat,87,255,0,0,287,4,546,0.467032967032967,0.0073260073260073,0.5256410256410257
39,Balurghat,88,540,0,0,311,3,854,0.6323185011709602,0.0035128805620608,0.3641686182669789
39,Balurghat,89,260,0,0,392,5,657,0.395738203957382,0.0076103500761035,0.5966514459665144
39,Balurghat,9,0,0,0,397,0,397,0.0,0.0,1.0
39,Balurghat,90,381,0,0,369,11,761,0.5006570302233903,0.014454664914586,0.4848883048620236
39,Balurghat,91,253,0,0,243,1,497,0.5090543259557344,0.0020120724346076,0.4889336016096579
39,Balurghat,92,300,0,0,259,7,566,0.5300353356890459,0.0123674911660777,0.4575971731448763
39,Balurghat,92A,319,0,0,244,4,567,0.562610229276896,0.0070546737213403,0.4303350970017636
39,Balurghat,93,255,0,0,230,3,488,0.5225409836065574,0.0061475409836065,0.4713114754098361
39,Balurghat,93A,276,0,0,224,5,505,0.5465346534653466,0.0099009900990099,0.4435643564356435
39,Balurghat,94,455,0,0,447,4,906,0.5022075055187638,0.0044150110375275,0.4933774834437086
39,Balurghat,95,256,0,0,208,7,471,0.5435244161358811,0.0148619957537154,0.4416135881104034
39,Balurghat,95A,235,0,0,224,2,461,0.5097613882863341,0.0043383947939262,0.4859002169197396
39,Balurghat,96,393,0,0,503,7,903,0.4352159468438538,0.0077519379844961,0.5570321151716501
39,Balurghat,97,426,0,0,426,8,860,0.4953488372093023,0.0093023255813953,0.4953488372093023
39,Balurghat,98,219,0,0,297,3,519,0.4219653179190751,0.0057803468208092,0.5722543352601156
39,Balurghat,99,216,0,0,403,6,625,0.3456,0.0096,0.6448
39,Balurghat,9A,0,0,0,395,0,395,0.0,0.0,1.0
40,Tapan (ST),100,0,0,0,439,0,439,0.0,0.0,1.0
40,Tapan (ST),101,0,0,0,376,0,376,0.0,0.0,1.0
40,Tapan (ST),102,0,0,0,234,0,234,0.0,0.0,1.0
40,Tapan (ST),103,0,0,0,395,0,395,0.0,0.0,1.0
40,Tapan (ST),104,0,0,0,333,0,333,0.0,0.0,1.0
40,Tapan (ST),105,0,0,0,328,0,328,0.0,0.0,1.0
40,Tapan (ST),106,0,0,0,335,0,335,0.0,0.0,1.0
40,Tapan (ST),107,0,0,0,374,0,374,0.0,0.0,1.0
40,Tapan (ST),108,0,0,0,158,0,158,0.0,0.0,1.0
40,Tapan (ST),108A,0,0,0,178,0,178,0.0,0.0,1.0
40,Tapan (ST),109,0,0,0,193,0,193,0.0,0.0,1.0
40,Tapan (ST),109A,0,0,0,192,0,192,0.0,0.0,1.0
40,Tapan (ST),110,0,0,0,230,0,230,0.0,0.0,1.0
40,Tapan (ST),110A,0,0,0,219,0,219,0.0,0.0,1.0
40,Tapan (ST),111,0,0,0,539,0,539,0.0,0.0,1.0
40,Tapan (ST),112,0,0,0,255,0,255,0.0,0.0,1.0
40,Tapan (ST),112A,0,0,0,379,0,379,0.0,0.0,1.0
40,Tapan (ST),113,0,0,0,212,0,212,0.0,0.0,1.0
40,Tapan (ST),114,0,0,0,216,0,216,0.0,0.0,1.0
40,Tapan (ST),115,0,0,0,251,0,251,0.0,0.0,1.0
40,Tapan (ST),116,0,0,0,376,0,376,0.0,0.0,1.0
40,Tapan (ST),117,0,0,0,423,0,423,0.0,0.0,1.0
40,Tapan (ST),118,0,0,0,162,0,162,0.0,0.0,1.0
40,Tapan (ST),118A,0,0,0,247,0,247,0.0,0.0,1.0
40,Tapan (ST),119,0,0,0,349,0,349,0.0,0.0,1.0
40,Tapan (ST),120,0,0,0,269,0,269,0.0,0.0,1.0
40,Tapan (ST),121,0,0,0,624,0,624,0.0,0.0,1.0
40,Tapan (ST),122,0,0,0,384,0,384,0.0,0.0,1.0
40,Tapan (ST),123,0,0,0,194,0,194,0.0,0.0,1.0
40,Tapan (ST),123A,0,0,0,248,0,248,0.0,0.0,1.0
40,Tapan (ST),124,0,0,0,310,0,310,0.0,0.0,1.0
40,Tapan (ST),124A,0,0,0,237,0,237,0.0,0.0,1.0
40,Tapan (ST),125,0,0,0,190,0,190,0.0,0.0,1.0
40,Tapan (ST),125A,0,0,0,197,0,197,0.0,0.0,1.0
40,Tapan (ST),126,0,0,0,351,0,351,0.0,0.0,1.0
40,Tapan (ST),126A,0,0,0,407,0,407,0.0,0.0,1.0
40,Tapan (ST),127,0,0,0,365,0,365,0.0,0.0,1.0
40,Tapan (ST),128,0,0,0,407,0,407,0.0,0.0,1.0
40,Tapan (ST),129,0,0,0,167,0,167,0.0,0.0,1.0
40,Tapan (ST),129A,0,0,0,211,0,211,0.0,0.0,1.0
40,Tapan (ST),130,0,0,0,287,0,287,0.0,0.0,1.0
40,Tapan (ST),130A,0,0,0,323,0,323,0.0,0.0,1.0
40,Tapan (ST),131,0,0,0,397,0,397,0.0,0.0,1.0
40,Tapan (ST),132,0,0,0,406,0,406,0.0,0.0,1.0
40,Tapan (ST),133,0,0,0,221,0,221,0.0,0.0,1.0
40,Tapan (ST),134,0,0,0,249,0,249,0.0,0.0,1.0
40,Tapan (ST),134A,0,0,0,226,0,226,0.0,0.0,1.0
40,Tapan (ST),135,0,0,0,408,0,408,0.0,0.0,1.0
40,Tapan (ST),136,0,0,0,366,0,366,0.0,0.0,1.0
40,Tapan (ST),137,0,0,0,203,0,203,0.0,0.0,1.0
40,Tapan (ST),137A,0,0,0,206,0,206,0.0,0.0,1.0
40,Tapan (ST),138,0,0,0,463,0,463,0.0,0.0,1.0
40,Tapan (ST),138A,0,0,0,374,0,374,0.0,0.0,1.0
40,Tapan (ST),1400,0,0,0,320,0,320,0.0,0.0,1.0
40,Tapan (ST),144,3,0,0,756,22,781,0.0038412291933418,0.028169014084507,0.967989756722151
40,Tapan (ST),145,3,0,0,485,7,495,0.006060606060606,0.0141414141414141,0.9797979797979798
40,Tapan (ST),145A,9,0,0,469,22,500,0.018,0.044,0.938
40,Tapan (ST),146,4,0,0,441,14,459,0.008714596949891,0.0305010893246187,0.9607843137254902
40,Tapan (ST),146A,6,0,0,405,22,433,0.0138568129330254,0.0508083140877598,0.9353348729792148
40,Tapan (ST),147,10,0,0,678,37,725,0.0137931034482758,0.0510344827586206,0.9351724137931036
40,Tapan (ST),148,19,0,0,713,124,856,0.0221962616822429,0.1448598130841121,0.8329439252336449
40,Tapan (ST),149,10,0,0,427,31,468,0.0213675213675213,0.0662393162393162,0.9123931623931624
40,Tapan (ST),149A,7,0,0,414,42,463,0.0151187904967602,0.0907127429805615,0.8941684665226782
40,Tapan (ST),150,9,0,0,580,219,808,0.0111386138613861,0.271039603960396,0.7178217821782178
40,Tapan (ST),151,16,0,0,522,82,620,0.0258064516129032,0.132258064516129,0.8419354838709677
40,Tapan (ST),152,5,0,0,613,24,642,0.0077881619937694,0.0373831775700934,0.9548286604361372
40,Tapan (ST),153,4,0,0,664,9,677,0.0059084194977843,0.0132939438700147,0.9807976366322008
40,Tapan (ST),154,3,0,0,408,65,476,0.0063025210084033,0.1365546218487394,0.8571428571428571
40,Tapan (ST),154A,8,0,0,370,52,430,0.0186046511627906,0.1209302325581395,0.8604651162790697
40,Tapan (ST),155,7,0,0,569,47,623,0.0112359550561797,0.0754414125200642,0.913322632423756
40,Tapan (ST),156,10,0,0,649,14,673,0.0148588410104011,0.0208023774145616,0.9643387815750372
40,Tapan (ST),157,5,0,0,413,14,432,0.011574074074074,0.0324074074074074,0.9560185185185184
40,Tapan (ST),157A,5,0,0,420,11,436,0.0114678899082568,0.0252293577981651,0.963302752293578
40,Tapan (ST),158,4,0,0,2286,17,2307,0.0017338534893801,0.0073688773298656,0.9908972691807544
40,Tapan (ST),159,5,0,0,612,15,632,0.0079113924050632,0.0237341772151898,0.9683544303797468
40,Tapan (ST),160,15,0,0,569,19,603,0.0248756218905472,0.0315091210613598,0.9436152570480928
40,Tapan (ST),161,11,0,0,540,17,568,0.0193661971830985,0.0299295774647887,0.9507042253521126
40,Tapan (ST),162,9,0,0,611,20,640,0.0140625,0.03125,0.9546875
40,Tapan (ST),162A,11,0,0,477,23,511,0.0215264187866927,0.0450097847358121,0.9334637964774952
40,Tapan (ST),163,11,0,0,498,17,526,0.0209125475285171,0.0323193916349809,0.946768060836502
40,Tapan (ST),163A,10,0,0,593,13,616,0.0162337662337662,0.0211038961038961,0.9626623376623376
40,Tapan (ST),164,2,0,0,589,32,623,0.0032102728731942,0.0513643659711075,0.9454253611556982
40,Tapan (ST),164A,3,0,0,349,284,636,0.0047169811320754,0.4465408805031446,0.5487421383647799
40,Tapan (ST),165,7,0,0,2769,43,2819,0.0024831500532103,0.0152536360411493,0.9822632139056404
40,Tapan (ST),166,4,0,0,391,33,428,0.0093457943925233,0.0771028037383177,0.9135514018691588
40,Tapan (ST),166A,4,0,0,443,39,486,0.0082304526748971,0.0802469135802469,0.911522633744856
40,Tapan (ST),167,5,0,0,560,44,609,0.0082101806239737,0.0722495894909688,0.9195402298850576
40,Tapan (ST),168,370,0,0,812,32,1214,0.3047775947281713,0.0263591433278418,0.6688632619439868
40,Tapan (ST),169,237,0,0,857,12,1106,0.2142857142857142,0.0108499095840868,0.7748643761301989
40,Tapan (ST),169A,0,0,0,466,27,493,0.0,0.0547667342799188,0.9452332657200812
40,Tapan (ST),170,12,0,0,506,12,530,0.0226415094339622,0.0226415094339622,0.9547169811320756
40,Tapan (ST),170A,8,0,0,524,21,553,0.0144665461121157,0.0379746835443038,0.9475587703435804
40,Tapan (ST),171,2,0,0,214,56,272,0.0073529411764705,0.2058823529411764,0.7867647058823529
40,Tapan (ST),172,9,0,0,559,42,610,0.0147540983606557,0.0688524590163934,0.9163934426229507
40,Tapan (ST),173,11,0,0,541,68,620,0.0177419354838709,0.1096774193548387,0.8725806451612903
40,Tapan (ST),173A,1,0,0,572,44,617,0.0016207455429497,0.0713128038897893,0.9270664505672608
40,Tapan (ST),174,5,0,0,655,55,715,0.0069930069930069,0.0769230769230769,0.916083916083916
40,Tapan (ST),175,2,0,0,583,17,602,0.0033222591362126,0.0282392026578073,0.96843853820598
40,Tapan (ST),176,9,0,0,694,47,750,0.012,0.0626666666666666,0.9253333333333332
40,Tapan (ST),177,6,0,0,239,32,277,0.0216606498194945,0.1155234657039711,0.8628158844765343
40,Tapan (ST),178,10,0,0,776,86,872,0.0114678899082568,0.0986238532110091,0.8899082568807339
40,Tapan (ST),179,10,0,0,380,16,406,0.0246305418719211,0.0394088669950738,0.9359605911330048
40,Tapan (ST),179A,4,0,0,509,12,525,0.0076190476190476,0.0228571428571428,0.9695238095238096
40,Tapan (ST),180,7,0,0,472,30,509,0.0137524557956778,0.0589390962671905,0.9273084479371316
40,Tapan (ST),181,6,0,0,700,42,748,0.0080213903743315,0.0561497326203208,0.9358288770053476
40,Tapan (ST),182,5,0,0,374,21,400,0.0125,0.0525,0.935
40,Tapan (ST),182A,10,0,0,550,23,583,0.0171526586620926,0.039451114922813,0.9433962264150944
40,Tapan (ST),183,3,0,0,335,37,375,0.008,0.0986666666666666,0.8933333333333333
40,Tapan (ST),184,14,0,0,505,78,597,0.0234505862646566,0.1306532663316583,0.8458961474036851
40,Tapan (ST),184A,8,0,0,404,13,425,0.0188235294117647,0.0305882352941176,0.9505882352941176
40,Tapan (ST),186,0,0,0,401,355,756,0.0,0.4695767195767196,0.5304232804232805
40,Tapan (ST),187A,0,0,0,250,242,492,0.0,0.491869918699187,0.508130081300813
40,Tapan (ST),188,0,0,0,2828,261,3089,0.0,0.0844933635480738,0.9155066364519262
40,Tapan (ST),189,0,0,0,345,244,589,0.0,0.4142614601018676,0.5857385398981324
40,Tapan (ST),190,0,0,0,529,223,752,0.0,0.2965425531914893,0.7034574468085106
40,Tapan (ST),191,0,0,0,512,168,680,0.0,0.2470588235294117,0.7529411764705882
40,Tapan (ST),192,0,0,0,258,172,430,0.0,0.4,0.6
40,Tapan (ST),193,0,0,0,304,400,704,0.0,0.5681818181818182,0.4318181818181818
40,Tapan (ST),194,0,0,0,497,356,853,0.0,0.4173505275498241,0.5826494724501758
40,Tapan (ST),195,0,0,0,472,183,655,0.0,0.2793893129770992,0.7206106870229008
40,Tapan (ST),196,0,0,0,275,209,484,0.0,0.4318181818181818,0.5681818181818182
40,Tapan (ST),197,0,0,0,289,335,624,0.0,0.5368589743589743,0.4631410256410256
40,Tapan (ST),198,0,0,0,407,274,681,0.0,0.4023494860499266,0.5976505139500734
40,Tapan (ST),199,0,0,0,320,281,601,0.0,0.4675540765391014,0.5324459234608985
40,Tapan (ST),199A,0,0,0,185,236,421,0.0,0.5605700712589073,0.4394299287410926
40,Tapan (ST),200,0,0,0,229,162,391,0.0,0.4143222506393862,0.5856777493606138
40,Tapan (ST),200A,0,0,0,308,149,457,0.0,0.3260393873085339,0.6739606126914661
40,Tapan (ST),201,0,0,0,268,272,540,0.0,0.5037037037037037,0.4962962962962963
40,Tapan (ST),202,0,0,0,395,248,643,0.0,0.3856920684292379,0.614307931570762
40,Tapan (ST),203,0,0,0,351,264,615,0.0,0.4292682926829268,0.5707317073170731
40,Tapan (ST),204,0,0,0,351,371,722,0.0,0.5138504155124654,0.4861495844875346
40,Tapan (ST),205,0,0,0,416,162,578,0.0,0.2802768166089965,0.7197231833910035
40,Tapan (ST),206,0,0,0,272,310,582,0.0,0.5326460481099656,0.4673539518900343
40,Tapan (ST),207,0,0,0,410,32,442,0.0,0.0723981900452488,0.9276018099547512
40,Tapan (ST),208,0,0,0,749,331,1080,0.0,0.3064814814814814,0.6935185185185185
40,Tapan (ST),208A,0,0,0,378,224,602,0.0,0.3720930232558139,0.627906976744186
40,Tapan (ST),209,0,0,0,326,240,566,0.0,0.4240282685512367,0.5759717314487632
40,Tapan (ST),210,0,0,0,440,396,836,0.0,0.4736842105263157,0.5263157894736842
40,Tapan (ST),212,0,0,0,298,322,620,0.0,0.5193548387096775,0.4806451612903226
40,Tapan (ST),213,0,0,0,282,490,772,0.0,0.6347150259067358,0.3652849740932642
40,Tapan (ST),214,0,0,0,389,238,627,0.0,0.379585326953748,0.620414673046252
40,Tapan (ST),215,0,0,0,928,152,1080,0.0,0.1407407407407407,0.8592592592592593
40,Tapan (ST),216,0,0,0,709,236,945,0.0,0.2497354497354497,0.7502645502645503
40,Tapan (ST),216A,0,0,0,227,26,253,0.0,0.1027667984189723,0.8972332015810277
40,Tapan (ST),217,0,0,0,242,255,497,0.0,0.5130784708249497,0.4869215291750503
40,Tapan (ST),217A,0,0,0,768,189,957,0.0,0.1974921630094044,0.8025078369905956
40,Tapan (ST),218,0,0,0,354,233,587,0.0,0.3969335604770017,0.6030664395229983
40,Tapan (ST),219,0,0,0,631,322,953,0.0,0.3378803777544596,0.6621196222455404
40,Tapan (ST),220,0,0,0,500,172,672,0.0,0.2559523809523809,0.7440476190476191
40,Tapan (ST),221,0,0,0,25,243,268,0.0,0.9067164179104478,0.0932835820895522
40,Tapan (ST),2211A,0,0,0,282,198,480,0.0,0.4125,0.5875
40,Tapan (ST),2215A,0,0,0,305,164,469,0.0,0.3496801705756929,0.650319829424307
40,Tapan (ST),222,0,0,0,722,232,954,0.0,0.2431865828092243,0.7568134171907757
40,Tapan (ST),307,0,0,0,287,0,287,0.0,0.0,1.0
40,Tapan (ST),355,0,0,0,12,0,12,0.0,0.0,1.0
40,Tapan (ST),37,4,0,0,501,9,514,0.0077821011673151,0.0175097276264591,0.9747081712062255
40,Tapan (ST),383,0,0,0,249,0,249,0.0,0.0,1.0
40,Tapan (ST),81,0,0,0,1686,10,1696,0.0,0.0058962264150943,0.9941037735849056
40,Tapan (ST),95A,0,0,0,302,0,302,0.0,0.0,1.0
40,Tapan (ST),96,0,0,0,298,0,298,0.0,0.0,1.0
40,Tapan (ST),97,0,0,0,215,0,215,0.0,0.0,1.0
40,Tapan (ST),97A,0,0,0,210,0,210,0.0,0.0,1.0
40,Tapan (ST),98,0,0,0,198,0,198,0.0,0.0,1.0
40,Tapan (ST),98A,0,0,0,180,0,180,0.0,0.0,1.0
40,Tapan (ST),99,0,0,0,260,0,260,0.0,0.0,1.0
40,Tapan (ST),999A,0,0,0,300,0,300,0.0,0.0,1.0
41,Gangarampur (SC),0,0,94,0,349,899,1342,0.0,0.6698956780923994,0.2600596125186289
41,Gangarampur (SC),1,0,0,0,1481,0,1481,0.0,0.0,1.0
41,Gangarampur (SC),100,0,0,0,677,0,677,0.0,0.0,1.0
41,Gangarampur (SC),11,0,46,0,372,378,796,0.0,0.4748743718592965,0.4673366834170854
41,Gangarampur (SC),112A,0,0,0,494,0,494,0.0,0.0,1.0
41,Gangarampur (SC),127,0,112,0,654,6,772,0.0,0.0077720207253886,0.8471502590673575
41,Gangarampur (SC),14,0,0,0,295,0,295,0.0,0.0,1.0
41,Gangarampur (SC),19,0,0,0,537,0,537,0.0,0.0,1.0
41,Gangarampur (SC),191,0,0,0,4,0,4,0.0,0.0,1.0
41,Gangarampur (SC),191A,0,0,0,4,0,4,0.0,0.0,1.0
41,Gangarampur (SC),192,0,0,0,5,0,5,0.0,0.0,1.0
41,Gangarampur (SC),192A,0,0,0,4,0,4,0.0,0.0,1.0
41,Gangarampur (SC),193,0,0,0,5,0,5,0.0,0.0,1.0
41,Gangarampur (SC),194,0,0,0,1,0,1,0.0,0.0,1.0
41,Gangarampur (SC),195,0,0,0,3,0,3,0.0,0.0,1.0
41,Gangarampur (SC),196,0,0,0,12,0,12,0.0,0.0,1.0
41,Gangarampur (SC),197,0,0,0,2,0,2,0.0,0.0,1.0
41,Gangarampur (SC),197A,0,0,0,4,0,4,0.0,0.0,1.0
41,Gangarampur (SC),198,0,0,0,4,0,4,0.0,0.0,1.0
41,Gangarampur (SC),199,0,0,0,4,0,4,0.0,0.0,1.0
41,Gangarampur (SC),199A,0,0,0,3,0,3,0.0,0.0,1.0
41,Gangarampur (SC),2,0,33,0,1380,895,2308,0.0,0.3877816291161178,0.5979202772963604
41,Gangarampur (SC),20,0,236,0,377,8,621,0.0,0.0128824476650563,0.607085346215781
41,Gangarampur (SC),200,0,0,0,7,0,7,0.0,0.0,1.0
41,Gangarampur (SC),201,0,0,0,1,0,1,0.0,0.0,1.0
41,Gangarampur (SC),2010,0,0,0,4,0,4,0.0,0.0,1.0
41,Gangarampur (SC),201A,0,0,0,6,0,6,0.0,0.0,1.0
41,Gangarampur (SC),202,0,0,0,6,0,6,0.0,0.0,1.0
41,Gangarampur (SC),203,0,0,0,5,0,5,0.0,0.0,1.0
41,Gangarampur (SC),204,0,0,0,3,0,3,0.0,0.0,1.0
41,Gangarampur (SC),204A,0,0,0,3,0,3,0.0,0.0,1.0
41,Gangarampur (SC),205,0,0,0,3,0,3,0.0,0.0,1.0
41,Gangarampur (SC),206,0,0,0,8,0,8,0.0,0.0,1.0
41,Gangarampur (SC),207,0,0,0,2,0,2,0.0,0.0,1.0
41,Gangarampur (SC),207A,0,0,0,8,0,8,0.0,0.0,1.0
41,Gangarampur (SC),208A,0,0,0,3,0,3,0.0,0.0,1.0
41,Gangarampur (SC),209,0,0,0,3,0,3,0.0,0.0,1.0
41,Gangarampur (SC),20A,0,0,0,290,0,290,0.0,0.0,1.0
41,Gangarampur (SC),210,0,0,0,3,0,3,0.0,0.0,1.0
41,Gangarampur (SC),211,0,0,0,1,0,1,0.0,0.0,1.0
41,Gangarampur (SC),212,0,0,0,2,0,2,0.0,0.0,1.0
41,Gangarampur (SC),212A,0,0,0,1,0,1,0.0,0.0,1.0
41,Gangarampur (SC),213,0,0,0,3,0,3,0.0,0.0,1.0
41,Gangarampur (SC),214,0,0,0,0,0,0,,,
41,Gangarampur (SC),214A,0,0,0,3,0,3,0.0,0.0,1.0
41,Gangarampur (SC),215,0,0,0,5,0,5,0.0,0.0,1.0
41,Gangarampur (SC),216,0,0,0,1,0,1,0.0,0.0,1.0
41,Gangarampur (SC),217,0,0,0,8,0,8,0.0,0.0,1.0
41,Gangarampur (SC),218,0,0,0,7,0,7,0.0,0.0,1.0
41,Gangarampur (SC),219,0,0,0,9,0,9,0.0,0.0,1.0
41,Gangarampur (SC),220,0,0,0,448,0,448,0.0,0.0,1.0
41,Gangarampur (SC),221,0,0,0,315,0,315,0.0,0.0,1.0
41,Gangarampur (SC),222,0,0,0,338,0,338,0.0,0.0,1.0
41,Gangarampur (SC),223,0,0,0,362,0,362,0.0,0.0,1.0
41,Gangarampur (SC),224,0,0,0,241,0,241,0.0,0.0,1.0
41,Gangarampur (SC),224A,0,0,0,201,0,201,0.0,0.0,1.0
41,Gangarampur (SC),225,0,0,0,260,0,260,0.0,0.0,1.0
41,Gangarampur (SC),225A,0,0,0,245,0,245,0.0,0.0,1.0
41,Gangarampur (SC),226,0,0,0,298,0,298,0.0,0.0,1.0
41,Gangarampur (SC),227,0,0,0,243,0,243,0.0,0.0,1.0
41,Gangarampur (SC),228,0,0,0,154,0,154,0.0,0.0,1.0
41,Gangarampur (SC),229,0,0,0,148,0,148,0.0,0.0,1.0
41,Gangarampur (SC),23,0,415,0,479,8,902,0.0,0.0088691796008869,0.5310421286031042
41,Gangarampur (SC),230,0,0,0,324,0,324,0.0,0.0,1.0
41,Gangarampur (SC),231,0,0,0,119,0,119,0.0,0.0,1.0
41,Gangarampur (SC),231A,0,0,0,108,0,108,0.0,0.0,1.0
41,Gangarampur (SC),232,0,0,0,217,0,217,0.0,0.0,1.0
41,Gangarampur (SC),233,0,0,0,464,0,464,0.0,0.0,1.0
41,Gangarampur (SC),234,0,0,0,244,0,244,0.0,0.0,1.0
41,Gangarampur (SC),235,0,0,0,212,0,212,0.0,0.0,1.0
41,Gangarampur (SC),236,0,0,0,273,0,273,0.0,0.0,1.0
41,Gangarampur (SC),237,0,0,0,363,0,363,0.0,0.0,1.0
41,Gangarampur (SC),24,0,0,0,716,0,716,0.0,0.0,1.0
41,Gangarampur (SC),26A,0,0,0,533,0,533,0.0,0.0,1.0
41,Gangarampur (SC),29,0,0,0,344,0,344,0.0,0.0,1.0
41,Gangarampur (SC),294,0,0,0,279,0,279,0.0,0.0,1.0
41,Gangarampur (SC),297,0,0,0,186,0,186,0.0,0.0,1.0
41,Gangarampur (SC),2l,0,0,0,804,0,804,0.0,0.0,1.0
41,Gangarampur (SC),2t,0,0,0,251,0,251,0.0,0.0,1.0
41,Gangarampur (SC),3,0,166,0,1831,1422,3419,0.0,0.415911085112606,0.5355367066393683
41,Gangarampur (SC),30,0,0,0,636,0,636,0.0,0.0,1.0
41,Gangarampur (SC),32,0,0,0,217,0,217,0.0,0.0,1.0
41,Gangarampur (SC),34,0,0,0,182,0,182,0.0,0.0,1.0
41,Gangarampur (SC),37,213,14,0,263,0,490,0.4346938775510204,0.0,0.536734693877551
41,Gangarampur (SC),37A,221,15,0,204,0,440,0.5022727272727273,0.0,0.4636363636363636
41,Gangarampur (SC),38,395,22,0,170,0,587,0.6729131175468483,0.0,0.2896081771720613
41,Gangarampur (SC),38A,344,62,0,151,0,557,0.6175942549371634,0.0,0.2710951526032316
41,Gangarampur (SC),39,502,26,0,172,0,700,0.7171428571428572,0.0,0.2457142857142857
41,Gangarampur (SC),3A,0,0,0,470,0,470,0.0,0.0,1.0
41,Gangarampur (SC),4,0,201,0,1791,1819,3811,0.0,0.4773025452637103,0.4699553922854894
41,Gangarampur (SC),40,457,28,0,756,0,1241,0.3682514101531023,0.0,0.6091861402095085
41,Gangarampur (SC),40A,429,24,0,100,0,553,0.7757685352622061,0.0,0.1808318264014466
41,Gangarampur (SC),41,713,40,0,657,0,1410,0.5056737588652482,0.0,0.4659574468085106
41,Gangarampur (SC),41A,319,10,0,195,0,524,0.6087786259541985,0.0,0.3721374045801526
41,Gangarampur (SC),44,352,30,0,281,0,663,0.530920060331825,0.0,0.4238310708898944
41,Gangarampur (SC),45,325,10,0,211,0,546,0.5952380952380952,0.0,0.3864468864468864
41,Gangarampur (SC),46,437,35,0,218,0,690,0.6333333333333333,0.0,0.3159420289855073
41,Gangarampur (SC),47,562,57,0,150,0,769,0.7308192457737321,0.0,0.1950585175552665
41,Gangarampur (SC),48,195,27,0,297,0,519,0.3757225433526011,0.0,0.5722543352601156
41,Gangarampur (SC),48A,160,8,0,313,0,481,0.3326403326403326,0.0,0.6507276507276507
41,Gangarampur (SC),49,152,72,0,152,0,376,0.4042553191489361,0.0,0.4042553191489361
41,Gangarampur (SC),5,0,117,0,1223,1333,2673,0.0,0.4986906098017209,0.4575383464272353
41,Gangarampur (SC),50,287,31,0,464,0,782,0.3670076726342711,0.0,0.5933503836317136
41,Gangarampur (SC),51,337,49,0,182,0,568,0.5933098591549296,0.0,0.3204225352112676
41,Gangarampur (SC),51A,296,64,0,161,0,521,0.5681381957773513,0.0,0.3090211132437619
41,Gangarampur (SC),52,462,70,0,197,0,729,0.6337448559670782,0.0,0.270233196159122
41,Gangarampur (SC),53,577,46,0,262,0,885,0.6519774011299435,0.0,0.296045197740113
41,Gangarampur (SC),54,293,22,0,295,0,610,0.480327868852459,0.0,0.4836065573770491
41,Gangarampur (SC),54A,304,21,0,246,0,571,0.532399299474606,0.0,0.4308231173380035
41,Gangarampur (SC),55,248,9,0,230,0,487,0.5092402464065708,0.0,0.4722792607802875
41,Gangarampur (SC),55A,255,25,0,162,0,442,0.5769230769230769,0.0,0.3665158371040724
41,Gangarampur (SC),56,272,19,0,242,0,533,0.5103189493433395,0.0,0.4540337711069418
41,Gangarampur (SC),57,268,22,0,252,0,542,0.4944649446494465,0.0,0.4649446494464944
41,Gangarampur (SC),58,241,43,0,403,0,687,0.3508005822416303,0.0,0.586608442503639
41,Gangarampur (SC),59,268,81,0,166,0,515,0.5203883495145631,0.0,0.3223300970873786
41,Gangarampur (SC),59A,276,73,0,141,0,490,0.563265306122449,0.0,0.2877551020408163
41,Gangarampur (SC),6,0,209,0,1237,1189,2635,0.0,0.4512333965844402,0.4694497153700189
41,Gangarampur (SC),60,462,71,0,247,0,780,0.5923076923076923,0.0,0.3166666666666666
41,Gangarampur (SC),61,439,56,0,103,0,598,0.7341137123745819,0.0,0.1722408026755852
41,Gangarampur (SC),62,330,68,0,331,0,729,0.4526748971193415,0.0,0.4540466392318244
41,Gangarampur (SC),63,358,54,0,765,0,1177,0.3041631265930331,0.0,0.6499575191163977
41,Gangarampur (SC),64,386,775,0,78,0,1239,0.3115415657788539,0.0,0.0629539951573849
41,Gangarampur (SC),65,318,60,0,161,0,539,0.5899814471243042,0.0,0.2987012987012987
41,Gangarampur (SC),66,236,79,0,131,0,446,0.5291479820627802,0.0,0.2937219730941704
41,Gangarampur (SC),67,434,81,0,241,0,756,0.5740740740740741,0.0,0.3187830687830688
41,Gangarampur (SC),68,318,30,0,183,0,531,0.5988700564971752,0.0,0.3446327683615819
41,Gangarampur (SC),68A,0,0,0,493,0,493,0.0,0.0,1.0
41,Gangarampur (SC),69,0,0,0,802,0,802,0.0,0.0,1.0
41,Gangarampur (SC),7,0,507,0,319,279,1105,0.0,0.2524886877828054,0.2886877828054298
41,Gangarampur (SC),70,0,0,0,523,0,523,0.0,0.0,1.0
41,Gangarampur (SC),71,0,0,0,717,0,717,0.0,0.0,1.0
41,Gangarampur (SC),72,0,0,0,696,0,696,0.0,0.0,1.0
41,Gangarampur (SC),73,0,0,0,631,0,631,0.0,0.0,1.0
41,Gangarampur (SC),74,0,0,0,736,0,736,0.0,0.0,1.0
41,Gangarampur (SC),75,0,0,0,1225,0,1225,0.0,0.0,1.0
41,Gangarampur (SC),75A,0,0,0,1090,0,1090,0.0,0.0,1.0
41,Gangarampur (SC),76,0,0,0,695,0,695,0.0,0.0,1.0
41,Gangarampur (SC),77,0,0,0,721,0,721,0.0,0.0,1.0
41,Gangarampur (SC),78,0,0,0,524,0,524,0.0,0.0,1.0
41,Gangarampur (SC),79A,0,0,0,533,0,533,0.0,0.0,1.0
41,Gangarampur (SC),8,0,135,0,1153,1810,3098,0.0,0.5842479018721756,0.3721755971594577
41,Gangarampur (SC),80,0,0,0,553,0,553,0.0,0.0,1.0
41,Gangarampur (SC),81,0,0,0,625,0,625,0.0,0.0,1.0
41,Gangarampur (SC),81A,0,0,0,546,0,546,0.0,0.0,1.0
41,Gangarampur (SC),82,0,0,0,547,0,547,0.0,0.0,1.0
41,Gangarampur (SC),83,0,0,0,569,0,569,0.0,0.0,1.0
41,Gangarampur (SC),84,0,0,0,633,0,633,0.0,0.0,1.0
41,Gangarampur (SC),85,0,0,0,875,0,875,0.0,0.0,1.0
41,Gangarampur (SC),86,0,0,0,722,0,722,0.0,0.0,1.0
41,Gangarampur (SC),87,0,0,0,624,0,624,0.0,0.0,1.0
41,Gangarampur (SC),88,0,0,0,474,0,474,0.0,0.0,1.0
41,Gangarampur (SC),88A,0,0,0,468,0,468,0.0,0.0,1.0
41,Gangarampur (SC),89,0,0,0,497,0,497,0.0,0.0,1.0
41,Gangarampur (SC),9,0,50,0,458,123,631,0.0,0.1949286846275753,0.7258320126782885
41,Gangarampur (SC),90,0,0,0,519,0,519,0.0,0.0,1.0
41,Gangarampur (SC),90A,0,0,0,452,0,452,0.0,0.0,1.0
41,Gangarampur (SC),91,0,0,0,1181,0,1181,0.0,0.0,1.0
41,Gangarampur (SC),92,0,0,0,735,0,735,0.0,0.0,1.0
41,Gangarampur (SC),93,0,0,0,440,0,440,0.0,0.0,1.0
41,Gangarampur (SC),94,0,0,0,562,0,562,0.0,0.0,1.0
41,Gangarampur (SC),95,0,0,0,1223,0,1223,0.0,0.0,1.0
41,Gangarampur (SC),96,0,0,0,447,0,447,0.0,0.0,1.0
41,Gangarampur (SC),96A,0,0,0,430,0,430,0.0,0.0,1.0
41,Gangarampur (SC),97,0,0,0,816,0,816,0.0,0.0,1.0
41,Gangarampur (SC),98,0,0,0,466,0,466,0.0,0.0,1.0
41,Gangarampur (SC),98A,0,0,0,441,0,441,0.0,0.0,1.0
41,Gangarampur (SC),99,0,0,0,512,0,512,0.0,0.0,1.0
42,Harirampur,0,444,0,0,445,1,890,0.498876404494382,0.0011235955056179,0.5
42,Harirampur,1,41,0,0,900,7,948,0.0432489451476793,0.0073839662447257,0.9493670886075948
42,Harirampur,100,253,0,0,1083,69,1405,0.1800711743772242,0.0491103202846975,0.7708185053380783
42,Harirampur,101,133,2,0,585,24,744,0.178763440860215,0.032258064516129,0.7862903225806451
42,Harirampur,102,727,1,0,650,23,1401,0.5189150606709493,0.0164168451106352,0.46395431834404
42,Harirampur,103,214,1,0,496,27,738,0.2899728997289973,0.0365853658536585,0.6720867208672087
42,Harirampur,104,69,1,0,1045,14,1129,0.0611160318866253,0.012400354295837,0.925597874224978
42,Harirampur,105,144,3,0,736,43,926,0.1555075593952483,0.0464362850971922,0.7948164146868251
42,Harirampur,106,454,8,0,1216,112,1790,0.2536312849162011,0.0625698324022346,0.6793296089385474
42,Harirampur,107,564,3,0,1060,162,1789,0.315259921743991,0.0905533817775293,0.5925097820011179
42,Harirampur,108,500,2,0,938,77,1517,0.3295978905735003,0.050758075148319,0.6183256427158866
42,Harirampur,108A,118,0,0,1135,21,1274,0.0926216640502354,0.0164835164835164,0.890894819466248
42,Harirampur,109,565,5,0,1281,115,1966,0.2873855544252289,0.0584944048830111,0.6515768056968464
42,Harirampur,109A,512,0,0,55,24,591,0.8663282571912013,0.0406091370558375,0.093062605752961
42,Harirampur,110,316,0,0,417,22,755,0.4185430463576159,0.0291390728476821,0.552317880794702
42,Harirampur,110A,219,5,0,552,39,815,0.2687116564417178,0.0478527607361963,0.6773006134969325
42,Harirampur,111,542,3,0,711,35,1291,0.4198295894655306,0.0271107668474051,0.5507358636715725
42,Harirampur,112,555,0,0,499,24,1078,0.5148423005565863,0.0222634508348794,0.4628942486085343
42,Harirampur,113,731,1,0,76,23,831,0.8796630565583634,0.0276774969915764,0.0914560770156438
42,Harirampur,114,586,1,0,258,72,917,0.6390403489640131,0.0785169029443838,0.2813522355507088
42,Harirampur,115,353,3,0,451,26,833,0.4237695078031212,0.0312124849939975,0.5414165666266506
42,Harirampur,116,238,4,0,615,26,883,0.2695356738391846,0.029445073612684,0.6964892412231031
42,Harirampur,116A,258,0,0,581,26,865,0.2982658959537572,0.030057803468208,0.6716763005780347
42,Harirampur,117,300,0,0,769,29,1098,0.273224043715847,0.0264116575591985,0.7003642987249544
42,Harirampur,118,371,4,0,985,28,1388,0.2672910662824208,0.0201729106628242,0.7096541786743515
42,Harirampur,119,63,5,0,782,2,852,0.0739436619718309,0.0023474178403755,0.9178403755868544
42,Harirampur,119A,231,1,0,705,39,976,0.2366803278688524,0.0399590163934426,0.7223360655737705
42,Harirampur,120,79,1,0,454,16,550,0.1436363636363636,0.029090909090909,0.8254545454545454
42,Harirampur,121A,91,1,0,1169,39,1300,0.07,0.03,0.8992307692307693
42,Harirampur,1222,182,0,0,597,32,811,0.2244143033292231,0.0394574599260172,0.7361282367447596
42,Harirampur,122A,146,4,0,637,34,821,0.1778319123020706,0.0414129110840438,0.7758830694275274
42,Harirampur,123,118,4,0,827,84,1033,0.1142303969022265,0.0813165537270087,0.8005808325266215
42,Harirampur,123A,116,1,0,770,58,945,0.1227513227513227,0.0613756613756613,0.8148148148148148
42,Harirampur,124,255,2,0,670,51,978,0.2607361963190184,0.0521472392638036,0.6850715746421268
42,Harirampur,125,470,1,0,25,112,608,0.7730263157894737,0.1842105263157894,0.0411184210526315
42,Harirampur,125A,390,2,0,699,1,1092,0.3571428571428571,0.0009157509157509,0.6401098901098901
42,Harirampur,126,217,3,0,533,81,834,0.2601918465227817,0.0971223021582733,0.6390887290167866
42,Harirampur,126A,195,0,0,535,21,751,0.2596537949400799,0.0279627163781624,0.7123834886817576
42,Harirampur,127,137,1,0,462,24,624,0.219551282051282,0.0384615384615384,0.7403846153846154
42,Harirampur,127A,265,0,0,266,104,635,0.4173228346456692,0.1637795275590551,0.4188976377952756
42,Harirampur,128,249,0,0,1060,77,1386,0.1796536796536796,0.0555555555555555,0.7647907647907648
42,Harirampur,129,556,5,0,330,51,942,0.5902335456475584,0.054140127388535,0.3503184713375796
42,Harirampur,13,67,1,0,950,2,1020,0.0656862745098039,0.0019607843137254,0.931372549019608
42,Harirampur,130,566,2,0,326,78,972,0.5823045267489712,0.0802469135802469,0.3353909465020576
42,Harirampur,131,163,1,0,562,82,808,0.2017326732673267,0.1014851485148514,0.6955445544554455
42,Harirampur,132,68,0,0,867,5,940,0.0723404255319148,0.0053191489361702,0.9223404255319148
42,Harirampur,133,157,0,0,819,2,978,0.1605316973415133,0.0020449897750511,0.8374233128834356
42,Harirampur,134,116,1,0,1239,1,1357,0.0854826823876197,0.0007369196757553,0.9130434782608696
42,Harirampur,135,422,1,0,461,76,960,0.4395833333333333,0.0791666666666666,0.4802083333333333
42,Harirampur,135A,393,0,0,944,58,1395,0.2817204301075269,0.0415770609318996,0.6767025089605735
42,Harirampur,136,358,0,0,1288,62,1708,0.2096018735362997,0.0362997658079625,0.7540983606557377
42,Harirampur,137,387,1,0,865,45,1298,0.2981510015408321,0.034668721109399,0.6664098613251156
42,Harirampur,137A,377,1,0,78,65,521,0.7236084452975048,0.1247600767754318,0.1497120921305182
42,Harirampur,139,676,1,0,982,152,1811,0.3732744340143567,0.0839315295416896,0.5422418553285477
42,Harirampur,13A,156,2,0,423,67,648,0.2407407407407407,0.103395061728395,0.6527777777777778
42,Harirampur,140,404,0,0,1047,65,1516,0.2664907651715039,0.0428759894459102,0.6906332453825857
42,Harirampur,140A,445,0,0,639,86,1170,0.3803418803418803,0.0735042735042735,0.5461538461538461
42,Harirampur,141,365,0,0,765,88,1218,0.2996715927750411,0.0722495894909688,0.6280788177339901
42,Harirampur,141A,308,1,0,820,88,1217,0.2530813475760066,0.0723089564502875,0.6737880032867708
42,Harirampur,142,449,1,0,984,82,1516,0.296174142480211,0.0540897097625329,0.6490765171503958
42,Harirampur,143,362,2,0,1547,30,1941,0.1865018031942297,0.0154559505409582,0.7970118495620814
42,Harirampur,144,294,0,0,956,84,1334,0.2203898050974512,0.0629685157421289,0.7166416791604198
42,Harirampur,145,504,0,0,855,64,1423,0.354181307097681,0.0449754040758959,0.600843288826423
42,Harirampur,146,444,0,0,1013,64,1521,0.291913214990138,0.042077580539119,0.666009204470743
42,Harirampur,148,263,1,0,1138,74,1476,0.1781842818428184,0.0501355013550135,0.7710027100271003
42,Harirampur,149,140,0,0,493,27,660,0.2121212121212121,0.0409090909090909,0.746969696969697
42,Harirampur,150,592,1,0,1142,155,1890,0.3132275132275132,0.082010582010582,0.6042328042328042
42,Harirampur,150A,317,4,0,1130,69,1520,0.2085526315789473,0.0453947368421052,0.743421052631579
42,Harirampur,151,192,1,0,818,60,1071,0.1792717086834734,0.0560224089635854,0.7637721755368814
42,Harirampur,151A,317,1,0,603,32,953,0.3326337880377754,0.0335781741867785,0.6327387198321092
42,Harirampur,152,365,0,0,1046,46,1457,0.2505147563486616,0.0315717227179135,0.7179135209334249
42,Harirampur,152A,162,0,0,976,8,1146,0.1413612565445026,0.0069808027923211,0.8516579406631762
42,Harirampur,153,153,0,0,829,11,993,0.1540785498489426,0.0110775427995971,0.8348439073514602
42,Harirampur,154,207,3,0,930,17,1157,0.1789109766637856,0.0146931719965427,0.8038029386343993
42,Harirampur,155,195,0,0,1073,68,1336,0.1459580838323353,0.0508982035928143,0.8031437125748503
42,Harirampur,155A,148,5,0,1131,38,1322,0.1119515885022692,0.0287443267776096,0.8555219364599093
42,Harirampur,156,274,1,0,1143,13,1431,0.1914744933612858,0.0090845562543675,0.7987421383647799
42,Harirampur,156A,286,1,0,991,4,1282,0.2230889235569422,0.0031201248049922,0.7730109204368175
42,Harirampur,157,595,1,0,1316,41,1953,0.3046594982078853,0.0209933435739887,0.6738351254480287
42,Harirampur,158,150,1,0,935,9,1095,0.136986301369863,0.0082191780821917,0.8538812785388128
42,Harirampur,159,183,0,0,1239,22,1444,0.1267313019390581,0.0152354570637119,0.8580332409972299
42,Harirampur,16,69,1,0,755,1,826,0.0835351089588377,0.0012106537530266,0.914043583535109
42,Harirampur,160,356,2,0,1272,52,1682,0.2116527942925089,0.0309155766944114,0.7562425683709869
42,Harirampur,161,176,1,0,1368,17,1562,0.1126760563380281,0.0108834827144686,0.8758002560819462
42,Harirampur,161A,109,0,0,1606,12,1727,0.0631152287203242,0.0069484655471916,0.929936305732484
42,Harirampur,162,234,0,0,1358,22,1614,0.1449814126394052,0.01363073110285,0.8413878562577447
42,Harirampur,162A,164,0,0,1414,6,1584,0.1035353535353535,0.0037878787878787,0.8926767676767676
42,Harirampur,163,243,0,0,1895,16,2154,0.1128133704735376,0.0074280408542246,0.8797585886722377
42,Harirampur,164,147,0,0,1307,6,1460,0.1006849315068493,0.0041095890410958,0.8952054794520548
42,Harirampur,164A,452,6,0,796,12,1266,0.3570300157977883,0.0094786729857819,0.6287519747235387
42,Harirampur,165,671,5,0,1209,63,1948,0.3444558521560575,0.0323408624229979,0.6206365503080082
42,Harirampur,166,204,3,0,942,13,1162,0.1755593803786574,0.0111876075731497,0.810671256454389
42,Harirampur,166A,159,4,0,1022,14,1199,0.1326105087572977,0.0116763969974979,0.8523769808173478
42,Harirampur,167A,166,27,0,842,41,1076,0.1542750929368029,0.0381040892193308,0.7825278810408922
42,Harirampur,169A,234,0,0,1255,18,1507,0.1552753815527538,0.0119442601194426,0.8327803583278036
42,Harirampur,17,98,0,0,1201,2,1301,0.07532667179093,0.0015372790161414,0.9231360491929284
42,Harirampur,170,217,2,0,1375,7,1601,0.1355402873204247,0.0043722673329169,0.8588382261086821
42,Harirampur,170A,155,0,0,1445,6,1606,0.0965130759651307,0.0037359900373599,0.8997509339975094
42,Harirampur,171,86,1,0,1263,26,1376,0.0625,0.0188953488372093,0.9178779069767442
42,Harirampur,186,43,1,0,481,1,526,0.0817490494296578,0.0019011406844106,0.9144486692015208
42,Harirampur,19,43,0,0,1446,0,1489,0.0288784419073203,0.0,0.9711215580926796
42,Harirampur,206,0,0,0,758,0,758,0.0,0.0,1.0
42,Harirampur,208,109,1,0,823,10,943,0.1155885471898197,0.0106044538706256,0.8727465535524921
42,Harirampur,209,0,0,0,394,0,394,0.0,0.0,1.0
42,Harirampur,209A,0,0,0,144,0,144,0.0,0.0,1.0
42,Harirampur,210,0,0,0,204,0,204,0.0,0.0,1.0
42,Harirampur,210A,0,0,0,340,0,340,0.0,0.0,1.0
42,Harirampur,211,0,0,0,644,0,644,0.0,0.0,1.0
42,Harirampur,212,0,0,0,654,0,654,0.0,0.0,1.0
42,Harirampur,213,0,0,0,480,0,480,0.0,0.0,1.0
42,Harirampur,213A,0,0,0,414,0,414,0.0,0.0,1.0
42,Harirampur,214,0,0,0,250,0,250,0.0,0.0,1.0
42,Harirampur,214A,0,0,0,346,0,346,0.0,0.0,1.0
42,Harirampur,215,0,0,0,550,0,550,0.0,0.0,1.0
42,Harirampur,216,0,0,0,758,0,758,0.0,0.0,1.0
42,Harirampur,217,0,0,0,824,0,824,0.0,0.0,1.0
42,Harirampur,218,0,0,0,532,0,532,0.0,0.0,1.0
42,Harirampur,219,0,0,0,38,0,38,0.0,0.0,1.0
42,Harirampur,219A,0,0,0,342,0,342,0.0,0.0,1.0
42,Harirampur,220,0,0,0,392,0,392,0.0,0.0,1.0
42,Harirampur,220A,0,0,0,456,0,456,0.0,0.0,1.0
42,Harirampur,221,0,0,0,24,0,24,0.0,0.0,1.0
42,Harirampur,221A,0,0,0,82,0,82,0.0,0.0,1.0
42,Harirampur,222,0,0,0,866,0,866,0.0,0.0,1.0
42,Harirampur,227,0,0,0,702,0,702,0.0,0.0,1.0
42,Harirampur,23,55,0,0,732,1,788,0.0697969543147208,0.0012690355329949,0.9289340101522844
42,Harirampur,235,9,7,0,404,3,423,0.0212765957446808,0.0070921985815602,0.9550827423167848
42,Harirampur,241,112,0,0,60,212,384,0.2916666666666667,0.5520833333333334,0.15625
42,Harirampur,244,1124,0,0,183,225,1532,0.7336814621409922,0.1468668407310705,0.1194516971279373
42,Harirampur,246,171,0,0,177,324,672,0.2544642857142857,0.4821428571428571,0.2633928571428571
42,Harirampur,249,173,0,0,215,489,877,0.1972633979475484,0.5575826681870011,0.2451539338654504
42,Harirampur,254,1774,0,0,150,362,2286,0.7760279965004374,0.1583552055993,0.0656167979002624
42,Harirampur,255,178,0,0,299,355,832,0.2139423076923076,0.4266826923076923,0.359375
42,Harirampur,256,179,0,0,357,214,750,0.2386666666666666,0.2853333333333333,0.476
42,Harirampur,258,180,0,0,297,311,788,0.2284263959390862,0.3946700507614213,0.3769035532994924
42,Harirampur,259,0,0,0,312,303,615,0.0,0.4926829268292683,0.5073170731707317
42,Harirampur,260,181,0,0,352,445,978,0.1850715746421267,0.4550102249488753,0.3599182004089979
42,Harirampur,261,182,0,0,155,400,737,0.2469470827679782,0.5427408412483039,0.2103120759837177
42,Harirampur,262,0,0,0,195,352,547,0.0,0.643510054844607,0.356489945155393
42,Harirampur,263,183,0,0,209,335,727,0.2517193947730399,0.4607977991746905,0.2874828060522696
42,Harirampur,264,0,0,0,152,349,501,0.0,0.6966067864271457,0.3033932135728543
42,Harirampur,265,184,0,0,756,224,1164,0.1580756013745704,0.1924398625429553,0.6494845360824743
42,Harirampur,266,58,1,0,501,253,813,0.071340713407134,0.3111931119311193,0.6162361623616236
42,Harirampur,267,185,0,0,138,401,724,0.255524861878453,0.5538674033149171,0.1906077348066298
42,Harirampur,268,0,0,0,28,446,474,0.0,0.940928270042194,0.0590717299578059
42,Harirampur,269,186,0,0,190,394,770,0.2415584415584415,0.5116883116883116,0.2467532467532467
42,Harirampur,270,187,0,0,538,167,892,0.2096412556053811,0.187219730941704,0.6031390134529148
42,Harirampur,271,188,0,0,478,299,965,0.1948186528497409,0.3098445595854922,0.4953367875647668
42,Harirampur,272,189,0,0,242,334,765,0.2470588235294117,0.4366013071895425,0.3163398692810457
42,Harirampur,273,0,0,0,315,216,531,0.0,0.4067796610169492,0.5932203389830508
42,Harirampur,274,190,0,0,394,110,694,0.2737752161383285,0.1585014409221902,0.5677233429394812
42,Harirampur,275,0,0,0,456,68,524,0.0,0.1297709923664122,0.8702290076335878
42,Harirampur,276,191,0,0,509,294,994,0.1921529175050302,0.2957746478873239,0.5120724346076458
42,Harirampur,277,192,0,0,487,236,915,0.2098360655737705,0.2579234972677595,0.5322404371584699
42,Harirampur,278,193,0,0,273,294,760,0.2539473684210526,0.3868421052631579,0.3592105263157895
42,Harirampur,279,194,0,0,174,337,705,0.275177304964539,0.4780141843971631,0.2468085106382978
42,Harirampur,280,0,0,0,148,389,537,0.0,0.7243947858472998,0.2756052141527002
42,Harirampur,281,195,0,0,560,1,756,0.2579365079365079,0.0013227513227513,0.7407407407407407
42,Harirampur,282,196,0,0,286,275,757,0.2589167767503302,0.3632760898282695,0.3778071334214002
42,Harirampur,283,0,0,0,490,47,537,0.0,0.0875232774674115,0.9124767225325884
42,Harirampur,284,197,0,0,265,296,758,0.2598944591029024,0.3905013192612137,0.3496042216358839
42,Harirampur,285,198,0,0,331,297,826,0.2397094430992736,0.3595641646489104,0.400726392251816
42,Harirampur,286,199,0,0,598,314,1111,0.1791179117911791,0.2826282628262826,0.5382538253825383
42,Harirampur,287,200,0,0,474,99,773,0.258732212160414,0.1280724450194049,0.6131953428201811
42,Harirampur,288,0,0,0,355,219,574,0.0,0.3815331010452961,0.6184668989547039
42,Harirampur,289,241,0,0,316,301,858,0.2808857808857808,0.3508158508158508,0.3682983682983683
42,Harirampur,290,41,0,0,1722,315,2078,0.019730510105871,0.1515880654475457,0.8286814244465832
42,Harirampur,291,202,0,0,228,420,850,0.2376470588235294,0.4941176470588235,0.268235294117647
42,Harirampur,292,201,0,0,337,215,753,0.2669322709163346,0.2855245683930943,0.447543160690571
42,Harirampur,293,244,0,0,454,379,1077,0.2265552460538533,0.3519034354688951,0.4215413184772516
42,Harirampur,294,205,0,0,303,143,651,0.314900153609831,0.2196620583717358,0.4654377880184331
42,Harirampur,296,2,3,0,1692,8,1705,0.0011730205278592,0.0046920821114369,0.992375366568915
42,Harirampur,303,19,0,0,287,0,306,0.0620915032679738,0.0,0.937908496732026
42,Harirampur,31,18,1,0,1336,1,1356,0.0132743362831858,0.0007374631268436,0.9852507374631267
42,Harirampur,320,1,2,0,295,3,301,0.0033222591362126,0.0099667774086378,0.9800664451827242
42,Harirampur,357,10,0,0,1448,1,1459,0.0068540095956134,0.0006854009595613,0.9924605894448252
42,Harirampur,370,0,1,0,518,0,519,0.0,0.0,0.9980732177263968
42,Harirampur,371,78,1,0,470,2,551,0.1415607985480943,0.0036297640653357,0.852994555353902
42,Harirampur,381,149,3,0,607,5,764,0.1950261780104712,0.006544502617801,0.7945026178010471
42,Harirampur,382,1,4,0,494,2,501,0.0019960079840319,0.0039920159680638,0.9860279441117764
42,Harirampur,40,59,1,0,907,1,968,0.0609504132231404,0.0010330578512396,0.9369834710743802
42,Harirampur,444,108,0,0,476,4,588,0.1836734693877551,0.0068027210884353,0.8095238095238095
42,Harirampur,448,0,2,0,168,1,171,0.0,0.0058479532163742,0.9824561403508772
42,Harirampur,449,1,7,0,995,0,1003,0.0009970089730807,0.0,0.992023928215354
42,Harirampur,460,4,0,0,620,2,626,0.0063897763578274,0.0031948881789137,0.9904153354632588
42,Harirampur,506,17,0,0,370,2,389,0.0437017994858611,0.0051413881748071,0.9511568123393316
42,Harirampur,51,66,0,0,541,2,609,0.1083743842364532,0.0032840722495894,0.8883415435139573
42,Harirampur,55,135,0,0,1871,1,2007,0.0672645739910313,0.0004982561036372,0.9322371699053312
42,Harirampur,56,0,0,0,594,0,594,0.0,0.0,1.0
42,Harirampur,57,0,0,0,558,0,558,0.0,0.0,1.0
42,Harirampur,58,0,0,0,500,0,500,0.0,0.0,1.0
42,Harirampur,59,0,0,0,864,0,864,0.0,0.0,1.0
42,Harirampur,6,3,0,0,9,51,63,0.0476190476190476,0.8095238095238095,0.1428571428571428
42,Harirampur,60,0,0,0,392,0,392,0.0,0.0,1.0
42,Harirampur,61,0,0,0,858,0,858,0.0,0.0,1.0
42,Harirampur,62,0,0,0,570,0,570,0.0,0.0,1.0
42,Harirampur,63,0,0,0,184,0,184,0.0,0.0,1.0
42,Harirampur,64,0,0,0,154,0,154,0.0,0.0,1.0
42,Harirampur,65,0,0,0,554,0,554,0.0,0.0,1.0
42,Harirampur,66,0,0,0,236,0,236,0.0,0.0,1.0
42,Harirampur,660,0,0,0,260,1,261,0.0,0.003831417624521,0.9961685823754788
42,Harirampur,67,0,0,0,414,0,414,0.0,0.0,1.0
42,Harirampur,68,0,0,0,202,0,202,0.0,0.0,1.0
42,Harirampur,69,0,0,0,404,0,404,0.0,0.0,1.0
42,Harirampur,70,260,0,0,1151,14,1425,0.1824561403508772,0.0098245614035087,0.8077192982456141
42,Harirampur,71,539,0,0,577,44,1160,0.4646551724137931,0.0379310344827586,0.4974137931034483
42,Harirampur,72,473,2,0,732,38,1245,0.3799196787148594,0.0305220883534136,0.5879518072289157
42,Harirampur,73,472,0,0,809,17,1298,0.3636363636363636,0.0130970724191063,0.6232665639445301
42,Harirampur,74,2,7,0,239,1,249,0.0080321285140562,0.0040160642570281,0.9598393574297188
42,Harirampur,74A,26,2,0,748,1,777,0.0334620334620334,0.0012870012870012,0.9626769626769628
42,Harirampur,75,475,0,0,274,27,776,0.6121134020618557,0.0347938144329896,0.3530927835051546
42,Harirampur,75A,314,2,0,510,16,842,0.3729216152019002,0.0190023752969121,0.6057007125890737
42,Harirampur,76,350,2,0,1208,35,1595,0.219435736677116,0.0219435736677116,0.7573667711598746
42,Harirampur,76A,122,2,0,549,32,705,0.1730496453900709,0.0453900709219858,0.7787234042553192
42,Harirampur,77,503,0,0,518,37,1058,0.4754253308128544,0.0349716446124763,0.4896030245746692
42,Harirampur,775,33,0,0,535,1,569,0.0579964850615114,0.0017574692442882,0.9402460456942004
42,Harirampur,779,261,0,0,386,0,647,0.4034003091190108,0.0,0.5965996908809892
42,Harirampur,78,576,0,0,698,47,1321,0.4360333080999243,0.0355791067373202,0.5283875851627555
42,Harirampur,79,240,1,0,916,26,1183,0.2028740490278952,0.0219780219780219,0.7743026204564666
42,Harirampur,79A,251,0,0,316,10,577,0.4350086655112651,0.0173310225303292,0.5476603119584056
42,Harirampur,8,0,5,0,932,0,937,0.0,0.0,0.9946638207043756
42,Harirampur,80,353,0,0,807,29,1189,0.2968881412952061,0.024390243902439,0.6787216148023549
42,Harirampur,81,338,1,0,299,224,862,0.3921113689095127,0.259860788863109,0.3468677494199536
42,Harirampur,82,340,2,0,524,23,889,0.3824521934758155,0.0258717660292463,0.5894263217097863
42,Harirampur,83,170,1,0,1009,15,1195,0.1422594142259414,0.0125523012552301,0.8443514644351464
42,Harirampur,84,67,0,0,1315,36,1418,0.0472496473906911,0.0253878702397743,0.9273624823695346
42,Harirampur,85,100,0,0,1331,50,1481,0.0675219446320054,0.0337609723160027,0.8987170830519919
42,Harirampur,86,111,0,0,2139,29,2279,0.0487055726195699,0.0127248793330408,0.9385695480473892
42,Harirampur,87,273,1,0,944,14,1232,0.2215909090909091,0.0113636363636363,0.7662337662337663
42,Harirampur,88,516,0,0,990,51,1557,0.3314065510597302,0.0327552986512524,0.6358381502890174
42,Harirampur,89,246,3,0,794,26,1069,0.2301216089803554,0.0243217960710944,0.7427502338634238
42,Harirampur,90,244,2,0,1460,74,1780,0.1370786516853932,0.0415730337078651,0.8202247191011236
42,Harirampur,91,191,0,0,1078,18,1287,0.1484071484071484,0.0139860139860139,0.8376068376068376
42,Harirampur,92,112,1,0,1699,11,1823,0.0614371914426769,0.0060340098738343,0.931980252331322
42,Harirampur,93,264,0,0,1575,13,1852,0.142548596112311,0.0070194384449244,0.8504319654427646
42,Harirampur,94,151,0,0,1232,46,1429,0.1056682995101469,0.0321903428971308,0.8621413575927221
42,Harirampur,95,44,1,0,827,40,912,0.0482456140350877,0.043859649122807,0.9067982456140352
42,Harirampur,95A,52,0,0,683,31,766,0.0678851174934725,0.0404699738903394,0.891644908616188
42,Harirampur,96,155,2,0,746,82,985,0.1573604060913705,0.083248730964467,0.7573604060913706
42,Harirampur,97,545,0,0,440,145,1130,0.4823008849557522,0.1283185840707964,0.3893805309734513
42,Harirampur,98,311,0,0,745,160,1216,0.2557565789473684,0.131578947368421,0.6126644736842105
42,Harirampur,99,171,2,0,543,51,767,0.2229465449804432,0.0664928292046936,0.7079530638852672
42,Harirampur,99A,182,2,0,452,35,671,0.2712369597615499,0.052160953800298,0.6736214605067065
43,Habibpur (ST),1,244,139,0,6,14,403,0.6054590570719603,0.0347394540942928,0.0148883374689826
43,Habibpur (ST),1(A),239,108,0,7,28,382,0.6256544502617801,0.0732984293193717,0.0183246073298429
43,Habibpur (ST),10,297,7,0,15,404,723,0.4107883817427386,0.5587828492392808,0.0207468879668049
43,Habibpur (ST),100,262,408,0,14,21,705,0.3716312056737588,0.0297872340425531,0.0198581560283687
43,Habibpur (ST),101,275,466,0,16,134,891,0.3086419753086419,0.1503928170594837,0.0179573512906846
43,Habibpur (ST),101(A),296,12,0,9,3,320,0.925,0.009375,0.028125
43,Habibpur (ST),102,339,230,0,24,198,791,0.4285714285714285,0.2503160556257901,0.0303413400758533
43,Habibpur (ST),103,362,106,0,31,324,823,0.4398541919805589,0.393681652490887,0.0376670716889428
43,Habibpur (ST),104,300,321,0,21,638,1280,0.234375,0.4984375,0.01640625
43,Habibpur (ST),105,154,369,0,10,579,1112,0.1384892086330935,0.52068345323741,0.0089928057553956
43,Habibpur (ST),105(A),122,9,0,9,264,404,0.3019801980198019,0.6534653465346535,0.0222772277227722
43,Habibpur (ST),106,274,244,0,17,593,1128,0.2429078014184397,0.525709219858156,0.0150709219858156
43,Habibpur (ST),106(A),208,18,0,10,208,444,0.4684684684684684,0.4684684684684684,0.0225225225225225
43,Habibpur (ST),107,218,229,0,13,654,1114,0.1956912028725314,0.5870736086175943,0.011669658886894
43,Habibpur (ST),107(A),213,13,0,23,270,519,0.4104046242774566,0.5202312138728323,0.0443159922928709
43,Habibpur (ST),108,210,187,0,11,729,1137,0.1846965699208443,0.6411609498680739,0.0096745822339489
43,Habibpur (ST),108(A),103,11,0,13,321,448,0.2299107142857142,0.7165178571428571,0.0290178571428571
43,Habibpur (ST),109,348,9,0,85,385,827,0.4207980652962515,0.4655380894800484,0.1027811366384522
43,Habibpur (ST),11,493,16,0,14,145,668,0.7380239520958084,0.217065868263473,0.0209580838323353
43,Habibpur (ST),110,196,10,0,18,178,402,0.4875621890547263,0.4427860696517413,0.044776119402985
43,Habibpur (ST),110(A),354,51,0,12,354,771,0.4591439688715953,0.4591439688715953,0.0155642023346303
43,Habibpur (ST),111,376,56,0,12,274,718,0.5236768802228412,0.3816155988857939,0.0167130919220055
43,Habibpur (ST),112,301,6,0,8,232,547,0.5502742230347349,0.4241316270566727,0.0146252285191956
43,Habibpur (ST),113,252,37,0,12,146,447,0.5637583892617449,0.3266219239373601,0.0268456375838926
43,Habibpur (ST),114,376,276,0,12,4,668,0.562874251497006,0.0059880239520958,0.0179640718562874
43,Habibpur (ST),115,308,14,0,7,276,605,0.509090909090909,0.456198347107438,0.0115702479338842
43,Habibpur (ST),116,253,399,0,8,2,662,0.3821752265861027,0.0030211480362537,0.0120845921450151
43,Habibpur (ST),117,324,15,0,17,261,617,0.5251215559157212,0.4230145867098865,0.0275526742301458
43,Habibpur (ST),118,439,17,0,15,259,730,0.6013698630136987,0.3547945205479452,0.0205479452054794
43,Habibpur (ST),119,289,19,0,18,396,722,0.4002770083102493,0.5484764542936288,0.0249307479224376
43,Habibpur (ST),12,232,101,0,11,104,448,0.5178571428571429,0.2321428571428571,0.0245535714285714
43,Habibpur (ST),120,273,5,0,15,236,529,0.5160680529300568,0.4461247637051039,0.0283553875236294
43,Habibpur (ST),121,337,38,0,20,242,637,0.5290423861852434,0.379905808477237,0.0313971742543171
43,Habibpur (ST),122,292,18,0,10,184,504,0.5793650793650794,0.365079365079365,0.0198412698412698
43,Habibpur (ST),122(A),186,14,0,18,106,324,0.5740740740740741,0.3271604938271605,0.0555555555555555
43,Habibpur (ST),13,353,11,0,13,158,535,0.6598130841121496,0.2953271028037383,0.0242990654205607
43,Habibpur (ST),13(A),676,273,0,19,24,992,0.6814516129032258,0.0241935483870967,0.0191532258064516
43,Habibpur (ST),14,155,5,0,15,273,448,0.3459821428571428,0.609375,0.0334821428571428
43,Habibpur (ST),141(A),90,167,0,6,22,285,0.3157894736842105,0.0771929824561403,0.0210526315789473
43,Habibpur (ST),142,176,165,0,21,38,400,0.44,0.095,0.0525
43,Habibpur (ST),143,249,183,0,17,19,468,0.532051282051282,0.0405982905982906,0.0363247863247863
43,Habibpur (ST),143(A),275,133,0,15,26,449,0.6124721603563474,0.0579064587973273,0.0334075723830735
43,Habibpur (ST),144,196,10,0,31,29,266,0.7368421052631579,0.1090225563909774,0.1165413533834586
43,Habibpur (ST),145,287,1,0,8,79,375,0.7653333333333333,0.2106666666666666,0.0213333333333333
43,Habibpur (ST),146,202,2,0,8,3,215,0.9395348837209302,0.013953488372093,0.0372093023255813
43,Habibpur (ST),147,256,3,0,4,0,263,0.973384030418251,0.0,0.0152091254752851
43,Habibpur (ST),148,453,17,0,25,8,503,0.9005964214711729,0.0159045725646123,0.0497017892644135
43,Habibpur (ST),149,110,6,0,43,35,194,0.5670103092783505,0.1804123711340206,0.2216494845360824
43,Habibpur (ST),149(A),172,24,0,13,5,214,0.8037383177570093,0.0233644859813084,0.0607476635514018
43,Habibpur (ST),15,343,41,0,13,205,602,0.5697674418604651,0.340531561461794,0.021594684385382
43,Habibpur (ST),15(A),228,80,0,14,221,543,0.4198895027624309,0.4069981583793738,0.0257826887661141
43,Habibpur (ST),150,328,22,0,9,3,362,0.9060773480662984,0.0082872928176795,0.0248618784530386
43,Habibpur (ST),151,412,23,0,9,4,448,0.9196428571428572,0.0089285714285714,0.0200892857142857
43,Habibpur (ST),152,393,18,0,7,1,419,0.9379474940334128,0.0023866348448687,0.0167064439140811
43,Habibpur (ST),152(A),272,65,0,10,4,351,0.7749287749287749,0.0113960113960113,0.0284900284900284
43,Habibpur (ST),153,209,44,0,17,5,275,0.76,0.0181818181818181,0.0618181818181818
43,Habibpur (ST),153(A),263,36,0,9,8,316,0.8322784810126582,0.0253164556962025,0.0284810126582278
43,Habibpur (ST),154,285,11,0,15,10,321,0.8878504672897196,0.0311526479750778,0.0467289719626168
43,Habibpur (ST),155,296,9,0,7,7,319,0.927899686520376,0.0219435736677116,0.0219435736677116
43,Habibpur (ST),155(A),243,123,0,1,1,368,0.6603260869565217,0.0027173913043478,0.0027173913043478
43,Habibpur (ST),156,388,3,0,4,4,399,0.9724310776942356,0.0100250626566416,0.0100250626566416
43,Habibpur (ST),157,360,101,0,2,3,466,0.7725321888412017,0.0064377682403433,0.0042918454935622
43,Habibpur (ST),157(A),332,110,0,2,2,446,0.7443946188340808,0.0044843049327354,0.0044843049327354
43,Habibpur (ST),158,429,50,0,2,2,483,0.8881987577639752,0.0041407867494824,0.0041407867494824
43,Habibpur (ST),158(A),278,68,0,5,5,356,0.7808988764044944,0.0140449438202247,0.0140449438202247
43,Habibpur (ST),159,215,8,0,6,1,230,0.9347826086956522,0.0043478260869565,0.0260869565217391
43,Habibpur (ST),159(A),176,90,0,2,2,270,0.6518518518518519,0.0074074074074074,0.0074074074074074
43,Habibpur (ST),16,422,20,0,14,86,542,0.7785977859778598,0.1586715867158671,0.025830258302583
43,Habibpur (ST),16(A),440,17,0,7,64,528,0.8333333333333334,0.1212121212121212,0.0132575757575757
43,Habibpur (ST),160,254,5,0,5,5,269,0.9442379182156134,0.0185873605947955,0.0185873605947955
43,Habibpur (ST),163,123,276,0,33,342,774,0.1589147286821705,0.4418604651162791,0.0426356589147286
43,Habibpur (ST),164,124,264,0,22,190,600,0.2066666666666666,0.3166666666666666,0.0366666666666666
43,Habibpur (ST),168,267,162,0,37,5,471,0.5668789808917197,0.0106157112526539,0.078556263269639
43,Habibpur (ST),17,221,11,0,8,221,461,0.4793926247288503,0.4793926247288503,0.0173535791757049
43,Habibpur (ST),17(A),300,37,0,13,394,744,0.4032258064516129,0.5295698924731183,0.0174731182795698
43,Habibpur (ST),170,127,180,0,17,220,544,0.2334558823529411,0.4044117647058823,0.03125
43,Habibpur (ST),172,128,128,0,186,180,622,0.2057877813504823,0.2893890675241157,0.2990353697749196
43,Habibpur (ST),173,129,169,0,95,315,708,0.1822033898305084,0.4449152542372881,0.134180790960452
43,Habibpur (ST),175,130,250,0,59,161,600,0.2166666666666666,0.2683333333333333,0.0983333333333333
43,Habibpur (ST),176,131,241,0,99,72,543,0.2412523020257826,0.1325966850828729,0.1823204419889502
43,Habibpur (ST),177,132,185,0,92,106,515,0.2563106796116505,0.2058252427184466,0.1786407766990291
43,Habibpur (ST),179,133,238,0,29,69,469,0.2835820895522388,0.1471215351812366,0.0618336886993603
43,Habibpur (ST),18,379,33,0,35,784,1231,0.3078797725426482,0.6368805848903331,0.0284321689683184
43,Habibpur (ST),180,134,387,0,273,79,873,0.1534936998854524,0.0904925544100801,0.3127147766323024
43,Habibpur (ST),181,135,234,0,25,332,726,0.1859504132231405,0.4573002754820937,0.0344352617079889
43,Habibpur (ST),182,136,409,0,32,205,782,0.1739130434782608,0.2621483375959079,0.0409207161125319
43,Habibpur (ST),183,137,291,0,11,180,619,0.221324717285945,0.2907915993537964,0.0177705977382875
43,Habibpur (ST),185,138,298,0,12,250,698,0.1977077363896848,0.3581661891117478,0.0171919770773638
43,Habibpur (ST),186,139,209,0,40,271,659,0.2109256449165402,0.4112291350531107,0.0606980273141122
43,Habibpur (ST),187,140,85,0,37,177,439,0.3189066059225512,0.4031890660592255,0.0842824601366742
43,Habibpur (ST),189,141,204,0,12,438,795,0.1773584905660377,0.5509433962264151,0.0150943396226415
43,Habibpur (ST),2,493,208,0,13,40,754,0.6538461538461539,0.053050397877984,0.0172413793103448
43,Habibpur (ST),217,160,259,0,4,9,432,0.3703703703703703,0.0208333333333333,0.0092592592592592
43,Habibpur (ST),218,0,246,0,3,2,251,0.0,0.0079681274900398,0.0119521912350597
43,Habibpur (ST),219,161,277,0,9,12,459,0.3507625272331154,0.0261437908496732,0.0196078431372549
43,Habibpur (ST),220,0,243,0,7,12,262,0.0,0.0458015267175572,0.0267175572519083
43,Habibpur (ST),221,162,265,0,6,7,440,0.3681818181818181,0.0159090909090909,0.0136363636363636
43,Habibpur (ST),222,163,323,0,9,14,509,0.3202357563850687,0.0275049115913556,0.0176817288801571
43,Habibpur (ST),223,0,316,0,6,1,323,0.0,0.0030959752321981,0.0185758513931888
43,Habibpur (ST),224,164,230,0,2,5,401,0.4089775561097257,0.0124688279301745,0.0049875311720698
43,Habibpur (ST),225,165,268,0,8,31,472,0.3495762711864407,0.0656779661016949,0.0169491525423728
43,Habibpur (ST),225(A),20,222,0,421,265,928,0.021551724137931,0.2855603448275862,0.4536637931034483
43,Habibpur (ST),226,31,380,0,422,268,1101,0.028156221616712,0.2434150772025431,0.3832879200726612
43,Habibpur (ST),227,26,366,0,255,276,923,0.028169014084507,0.2990249187432286,0.2762730227518959
43,Habibpur (ST),227(A),15,241,0,407,265,928,0.0161637931034482,0.2855603448275862,0.4385775862068966
43,Habibpur (ST),228,178,494,0,819,284,1775,0.100281690140845,0.16,0.4614084507042253
43,Habibpur (ST),229,185,479,0,605,343,1612,0.1147642679900744,0.2127791563275434,0.3753101736972705
43,Habibpur (ST),230,190,492,0,707,339,1728,0.1099537037037037,0.1961805555555555,0.4091435185185185
43,Habibpur (ST),231,27,420,0,284,345,1076,0.0250929368029739,0.320631970260223,0.2639405204460966
43,Habibpur (ST),231(A),33,334,0,276,329,972,0.0339506172839506,0.338477366255144,0.2839506172839506
43,Habibpur (ST),232,202,328,0,730,352,1612,0.1253101736972704,0.2183622828784119,0.4528535980148883
43,Habibpur (ST),233,465,403,0,330,499,1697,0.2740129640542133,0.2940483205657042,0.1944608131997643
43,Habibpur (ST),234,629,534,0,264,493,1920,0.3276041666666666,0.2567708333333333,0.1375
43,Habibpur (ST),235,257,455,0,515,311,1538,0.1671001300390117,0.2022106631989597,0.3348504551365409
43,Habibpur (ST),236,353,436,0,319,222,1330,0.2654135338345865,0.1669172932330827,0.2398496240601503
43,Habibpur (ST),237,119,448,0,532,300,1399,0.08506075768406,0.2144388849177984,0.3802716225875625
43,Habibpur (ST),238,221,438,0,298,249,1206,0.1832504145936981,0.2064676616915423,0.2470978441127695
43,Habibpur (ST),238(A),24,241,0,419,324,1008,0.0238095238095238,0.3214285714285714,0.4156746031746032
43,Habibpur (ST),239,29,550,0,368,39,986,0.0294117647058823,0.0395537525354969,0.3732251521298174
43,Habibpur (ST),240,381,509,0,529,215,1634,0.2331701346389229,0.131578947368421,0.3237454100367197
43,Habibpur (ST),241,165,585,0,640,195,1585,0.1041009463722397,0.1230283911671924,0.4037854889589905
43,Habibpur (ST),242,348,311,0,672,177,1508,0.2307692307692307,0.1173740053050397,0.4456233421750663
43,Habibpur (ST),242(A),86,279,0,709,78,1152,0.0746527777777777,0.0677083333333333,0.6154513888888888
43,Habibpur (ST),243,75,371,0,735,326,1507,0.0497677504976775,0.2163238221632382,0.4877239548772396
43,Habibpur (ST),244,226,109,0,399,52,786,0.2875318066157761,0.0661577608142493,0.5076335877862596
43,Habibpur (ST),244(A),11,51,0,627,171,860,0.0127906976744186,0.1988372093023255,0.7290697674418605
43,Habibpur (ST),245,9,5,0,494,197,705,0.0127659574468085,0.2794326241134752,0.700709219858156
43,Habibpur (ST),246,194,11,0,346,19,570,0.3403508771929824,0.0333333333333333,0.6070175438596491
43,Habibpur (ST),246(A),284,28,0,12,161,485,0.5855670103092784,0.3319587628865979,0.0247422680412371
43,Habibpur (ST),247,82,126,0,129,141,478,0.1715481171548117,0.2949790794979079,0.2698744769874477
43,Habibpur (ST),247(A),31,52,0,236,81,400,0.0775,0.2025,0.59
43,Habibpur (ST),248,177,3,0,7,2,189,0.9365079365079364,0.0105820105820105,0.037037037037037
43,Habibpur (ST),249,0,5,0,18,0,23,0.0,0.0,0.782608695652174
43,Habibpur (ST),250,178,7,0,70,4,259,0.6872586872586872,0.0154440154440154,0.2702702702702703
43,Habibpur (ST),251,0,2,0,29,2,33,0.0,0.0606060606060606,0.8787878787878788
43,Habibpur (ST),252,179,4,0,5,0,188,0.952127659574468,0.0,0.026595744680851
43,Habibpur (ST),253,0,1,0,26,2,29,0.0,0.0689655172413793,0.896551724137931
43,Habibpur (ST),254,180,3,0,18,1,202,0.8910891089108911,0.0049504950495049,0.0891089108910891
43,Habibpur (ST),255,0,2,0,11,4,17,0.0,0.2352941176470588,0.6470588235294118
43,Habibpur (ST),256,181,2,0,8,1,192,0.9427083333333334,0.0052083333333333,0.0416666666666666
43,Habibpur (ST),257,0,0,0,9,1,10,0.0,0.1,0.9
43,Habibpur (ST),258,182,3,0,14,2,201,0.9054726368159204,0.0099502487562189,0.0696517412935323
43,Habibpur (ST),259,0,0,0,2,1,3,0.0,0.3333333333333333,0.6666666666666666
43,Habibpur (ST),260,183,0,0,32,3,218,0.8394495412844036,0.0137614678899082,0.146788990825688
43,Habibpur (ST),261,0,0,0,16,0,16,0.0,0.0,1.0
43,Habibpur (ST),262,184,1,0,1,0,186,0.989247311827957,0.0,0.0053763440860215
43,Habibpur (ST),263,0,1,0,1,1,3,0.0,0.3333333333333333,0.3333333333333333
43,Habibpur (ST),264,185,2,0,7,0,194,0.9536082474226804,0.0,0.0360824742268041
43,Habibpur (ST),265,0,2,0,12,1,15,0.0,0.0666666666666666,0.8
43,Habibpur (ST),266,186,3,0,8,1,198,0.9393939393939394,0.005050505050505,0.0404040404040404
43,Habibpur (ST),267,0,4,0,10,0,14,0.0,0.0,0.7142857142857143
43,Habibpur (ST),271,190,11,0,282,4,487,0.3901437371663244,0.0082135523613963,0.5790554414784395
43,Habibpur (ST),272,0,3,0,126,109,238,0.0,0.4579831932773109,0.5294117647058824
43,Habibpur (ST),273,191,2,0,55,85,333,0.5735735735735735,0.2552552552552553,0.1651651651651651
43,Habibpur (ST),274,0,7,0,107,251,365,0.0,0.6876712328767123,0.2931506849315068
43,Habibpur (ST),275,192,5,0,588,218,1003,0.1914257228315055,0.2173479561316051,0.5862412761714856
43,Habibpur (ST),276,193,15,0,52,143,403,0.4789081885856079,0.3548387096774194,0.1290322580645161
43,Habibpur (ST),277,0,15,0,33,336,384,0.0,0.875,0.0859375
43,Habibpur (ST),278,194,2,0,29,169,394,0.4923857868020304,0.4289340101522843,0.0736040609137055
43,Habibpur (ST),279,0,5,0,30,186,221,0.0,0.8416289592760181,0.1357466063348416
43,Habibpur (ST),28,4,34,0,7,199,244,0.0163934426229508,0.8155737704918032,0.0286885245901639
43,Habibpur (ST),280,195,0,0,99,107,401,0.486284289276808,0.2668329177057356,0.2468827930174563
43,Habibpur (ST),281,197,1,0,7,105,310,0.635483870967742,0.3387096774193548,0.0225806451612903
43,Habibpur (ST),282,198,4,0,108,365,675,0.2933333333333333,0.5407407407407407,0.16
43,Habibpur (ST),283,199,2,0,21,301,523,0.3804971319311663,0.5755258126195029,0.0401529636711281
43,Habibpur (ST),284,200,1,0,716,141,1058,0.1890359168241966,0.1332703213610586,0.6767485822306238
43,Habibpur (ST),285,201,3,0,731,141,1076,0.1868029739776951,0.1310408921933085,0.679368029739777
43,Habibpur (ST),286,202,0,0,727,410,1339,0.1508588498879761,0.3061986557132188,0.542942494398805
43,Habibpur (ST),287,0,2,0,848,248,1098,0.0,0.2258652094717668,0.7723132969034608
43,Habibpur (ST),288,203,2,0,524,153,882,0.2301587301587301,0.173469387755102,0.5941043083900227
43,Habibpur (ST),289,204,3,0,557,212,976,0.2090163934426229,0.2172131147540983,0.5706967213114754
43,Habibpur (ST),29,2,14,0,4,159,179,0.0111731843575419,0.888268156424581,0.0223463687150838
43,Habibpur (ST),290,0,1,0,447,196,644,0.0,0.3043478260869565,0.6940993788819876
43,Habibpur (ST),291,205,1,0,809,141,1156,0.1773356401384083,0.1219723183391003,0.6998269896193772
43,Habibpur (ST),292,206,1,0,570,89,866,0.2378752886836027,0.102771362586605,0.6581986143187067
43,Habibpur (ST),293,207,0,0,537,34,778,0.2660668380462725,0.0437017994858611,0.6902313624678663
43,Habibpur (ST),294,0,4,0,498,32,534,0.0,0.0599250936329588,0.9325842696629212
43,Habibpur (ST),295,209,1,0,481,131,822,0.2542579075425791,0.1593673965936739,0.5851581508515815
43,Habibpur (ST),296,0,6,0,548,172,726,0.0,0.2369146005509642,0.7548209366391184
43,Habibpur (ST),297,201,3,0,543,376,1123,0.1789848619768477,0.3348174532502226,0.4835262689225289
43,Habibpur (ST),298,377,27,0,690,264,1358,0.2776141384388807,0.1944035346097201,0.508100147275405
43,Habibpur (ST),299,333,19,0,21,172,545,0.6110091743119266,0.3155963302752294,0.0385321100917431
43,Habibpur (ST),3,293,147,0,17,21,478,0.6129707112970711,0.0439330543933054,0.0355648535564853
43,Habibpur (ST),30,3,15,0,5,144,167,0.0179640718562874,0.8622754491017964,0.029940119760479
43,Habibpur (ST),300,251,131,0,65,315,762,0.3293963254593176,0.4133858267716535,0.0853018372703412
43,Habibpur (ST),301,219,58,0,3,165,445,0.4921348314606741,0.3707865168539326,0.0067415730337078
43,Habibpur (ST),302,153,61,0,19,174,407,0.3759213759213759,0.4275184275184275,0.0466830466830466
43,Habibpur (ST),303,83,62,0,14,137,296,0.2804054054054054,0.4628378378378378,0.0472972972972973
43,Habibpur (ST),304,86,104,0,103,117,410,0.2097560975609756,0.2853658536585365,0.2512195121951219
43,Habibpur (ST),305,266,38,0,8,162,474,0.5611814345991561,0.3417721518987341,0.0168776371308016
43,Habibpur (ST),306,343,93,0,8,143,587,0.5843270868824532,0.2436115843270868,0.0136286201022146
43,Habibpur (ST),307,354,55,0,4,116,529,0.6691871455576559,0.219281663516068,0.0075614366729678
43,Habibpur (ST),308,209,8,0,8,79,304,0.6875,0.2598684210526316,0.0263157894736842
43,Habibpur (ST),309,155,5,0,3,179,342,0.4532163742690058,0.5233918128654971,0.0087719298245614
43,Habibpur (ST),31,2,14,0,21,155,192,0.0104166666666666,0.8072916666666666,0.109375
43,Habibpur (ST),310,332,8,0,18,118,476,0.6974789915966386,0.2478991596638655,0.0378151260504201
43,Habibpur (ST),311,256,4,0,8,209,477,0.5366876310272537,0.4381551362683438,0.0167714884696016
43,Habibpur (ST),312,291,21,0,4,280,596,0.4882550335570469,0.4697986577181208,0.0067114093959731
43,Habibpur (ST),313,304,30,0,10,272,616,0.4935064935064935,0.4415584415584415,0.0162337662337662
43,Habibpur (ST),314,286,29,0,5,246,566,0.5053003533568905,0.4346289752650176,0.0088339222614841
43,Habibpur (ST),315,274,12,0,5,286,577,0.4748700173310225,0.4956672443674176,0.0086655112651646
43,Habibpur (ST),316,219,27,0,19,134,399,0.5488721804511278,0.3358395989974937,0.0476190476190476
43,Habibpur (ST),317,208,18,0,4,229,459,0.4531590413943355,0.4989106753812636,0.008714596949891
43,Habibpur (ST),318,295,11,0,6,190,502,0.5876494023904383,0.3784860557768924,0.0119521912350597
43,Habibpur (ST),319,389,20,0,2,349,760,0.5118421052631579,0.4592105263157894,0.0026315789473684
43,Habibpur (ST),32,1,13,0,9,144,167,0.0059880239520958,0.8622754491017964,0.0538922155688622
43,Habibpur (ST),320,221,45,0,3,265,534,0.4138576779026217,0.49625468164794,0.0056179775280898
43,Habibpur (ST),321,477,24,0,8,810,1319,0.3616376042456406,0.6141015921152388,0.0060652009097801
43,Habibpur (ST),322,302,272,0,5,837,1416,0.2132768361581921,0.5911016949152542,0.0035310734463276
43,Habibpur (ST),323,209,210,0,9,791,1219,0.1714520098441345,0.6488925348646432,0.0073831009023789
43,Habibpur (ST),324,208,208,0,3,536,955,0.2178010471204188,0.5612565445026177,0.0031413612565445
43,Habibpur (ST),325,210,210,0,4,583,1007,0.208540218470705,0.5789473684210527,0.0039721946375372
43,Habibpur (ST),326,210,225,0,4,521,960,0.21875,0.5427083333333333,0.0041666666666666
43,Habibpur (ST),33,7,9,0,13,211,240,0.0291666666666666,0.8791666666666667,0.0541666666666666
43,Habibpur (ST),34,5,83,0,17,252,357,0.0140056022408963,0.7058823529411765,0.0476190476190476
43,Habibpur (ST),35,2,298,0,13,296,609,0.0032840722495894,0.4860426929392447,0.0213464696223316
43,Habibpur (ST),36,5,317,0,13,333,668,0.0074850299401197,0.498502994011976,0.0194610778443113
43,Habibpur (ST),37,1,268,0,5,238,512,0.001953125,0.46484375,0.009765625
43,Habibpur (ST),38,0,247,0,4,165,416,0.0,0.3966346153846153,0.0096153846153846
43,Habibpur (ST),39,4,500,0,14,28,546,0.0073260073260073,0.0512820512820512,0.0256410256410256
43,Habibpur (ST),4,296,135,0,17,40,488,0.6065573770491803,0.081967213114754,0.0348360655737704
43,Habibpur (ST),4(A),147,18,0,18,296,479,0.3068893528183716,0.6179540709812108,0.0375782881002087
43,Habibpur (ST),40,2,426,0,12,377,817,0.0024479804161566,0.4614443084455324,0.01468788249694
43,Habibpur (ST),41,2,363,0,6,343,714,0.0028011204481792,0.4803921568627451,0.0084033613445378
43,Habibpur (ST),42,4,260,0,13,201,478,0.00836820083682,0.4205020920502092,0.0271966527196652
43,Habibpur (ST),43,4,377,0,13,247,641,0.0062402496099844,0.3853354134165366,0.0202808112324493
43,Habibpur (ST),44,3,343,0,14,415,775,0.0038709677419354,0.535483870967742,0.0180645161290322
43,Habibpur (ST),45,5,252,0,19,45,321,0.0155763239875389,0.1401869158878504,0.0591900311526479
43,Habibpur (ST),46,5,298,0,22,427,752,0.0066489361702127,0.5678191489361702,0.0292553191489361
43,Habibpur (ST),47,0,137,0,25,237,399,0.0,0.5939849624060151,0.06265664160401
43,Habibpur (ST),48,1,25,0,14,174,214,0.0046728971962616,0.8130841121495327,0.0654205607476635
43,Habibpur (ST),49,1,19,0,9,131,160,0.00625,0.81875,0.05625
43,Habibpur (ST),5,270,15,0,11,232,528,0.5113636363636364,0.4393939393939394,0.0208333333333333
43,Habibpur (ST),5(A),0,0,0,10,0,10,0.0,0.0,1.0
43,Habibpur (ST),50,0,219,0,8,198,425,0.0,0.4658823529411764,0.0188235294117647
43,Habibpur (ST),51,1,263,0,11,217,492,0.0020325203252032,0.4410569105691057,0.0223577235772357
43,Habibpur (ST),52,2,64,0,10,352,428,0.0046728971962616,0.822429906542056,0.0233644859813084
43,Habibpur (ST),53,1,424,0,14,248,687,0.0014556040756914,0.3609898107714702,0.0203784570596797
43,Habibpur (ST),54,1,29,0,7,149,186,0.0053763440860215,0.8010752688172043,0.0376344086021505
43,Habibpur (ST),55,0,263,0,409,239,911,0.0,0.2623490669593853,0.4489571899012075
43,Habibpur (ST),56,43,361,0,408,10,822,0.0523114355231143,0.0121654501216545,0.4963503649635036
43,Habibpur (ST),57,0,192,0,546,36,774,0.0,0.0465116279069767,0.7054263565891473
43,Habibpur (ST),58,44,219,0,499,29,791,0.0556257901390644,0.0366624525916561,0.6308470290771175
43,Habibpur (ST),59,45,346,0,459,27,877,0.0513112884834663,0.0307867730900798,0.5233751425313569
43,Habibpur (ST),6,159,29,0,18,221,427,0.3723653395784543,0.5175644028103045,0.0421545667447306
43,Habibpur (ST),60,46,206,0,494,30,776,0.0592783505154639,0.0386597938144329,0.6365979381443299
43,Habibpur (ST),61,0,213,0,839,40,1092,0.0,0.0366300366300366,0.7683150183150184
43,Habibpur (ST),62,47,510,0,529,29,1115,0.042152466367713,0.0260089686098654,0.4744394618834081
43,Habibpur (ST),63,48,224,0,549,27,848,0.0566037735849056,0.0318396226415094,0.6474056603773585
43,Habibpur (ST),64,0,46,0,851,219,1116,0.0,0.1962365591397849,0.7625448028673835
43,Habibpur (ST),65,49,384,0,688,121,1242,0.0394524959742351,0.0974235104669887,0.5539452495974235
43,Habibpur (ST),66,50,162,0,578,15,805,0.062111801242236,0.0186335403726708,0.7180124223602484
43,Habibpur (ST),67,0,75,0,700,24,799,0.0,0.030037546933667,0.8760951188986232
43,Habibpur (ST),68,51,417,0,735,13,1216,0.0419407894736842,0.0106907894736842,0.6044407894736842
43,Habibpur (ST),69,52,382,0,515,10,959,0.05422314911366,0.0104275286757038,0.5370177267987487
43,Habibpur (ST),7,312,8,0,40,241,601,0.519134775374376,0.4009983361064891,0.0665557404326123
43,Habibpur (ST),7(A),8,15,0,18,92,133,0.0601503759398496,0.6917293233082706,0.1353383458646616
43,Habibpur (ST),70,53,302,0,563,14,932,0.0568669527896995,0.0150214592274678,0.6040772532188842
43,Habibpur (ST),71,0,219,0,473,26,718,0.0,0.0362116991643454,0.658774373259053
43,Habibpur (ST),72,54,236,0,837,32,1159,0.0465918895599654,0.0276100086281276,0.722174288179465
43,Habibpur (ST),73,0,270,0,531,17,818,0.0,0.0207823960880195,0.6491442542787286
43,Habibpur (ST),74,55,183,0,539,9,786,0.0699745547073791,0.0114503816793893,0.6857506361323156
43,Habibpur (ST),75,56,92,0,453,12,613,0.0913539967373572,0.0195758564437194,0.7389885807504079
43,Habibpur (ST),76,0,122,0,473,23,618,0.0,0.0372168284789644,0.7653721682847896
43,Habibpur (ST),77,57,141,0,741,415,1354,0.0420974889217134,0.3064992614475628,0.5472673559822747
43,Habibpur (ST),78,0,168,0,963,287,1418,0.0,0.2023977433004231,0.6791255289139634
43,Habibpur (ST),79,58,51,0,789,277,1175,0.0493617021276595,0.2357446808510638,0.6714893617021277
43,Habibpur (ST),8,613,7,0,15,135,770,0.7961038961038961,0.1753246753246753,0.0194805194805194
43,Habibpur (ST),80,0,11,0,837,152,1000,0.0,0.152,0.837
43,Habibpur (ST),81,59,29,0,850,159,1097,0.0537830446672743,0.1449407474931631,0.7748404740200547
43,Habibpur (ST),82,302,189,0,32,146,669,0.4514200298953662,0.218236173393124,0.0478325859491778
43,Habibpur (ST),83,278,174,0,18,139,609,0.4564860426929392,0.2282430213464696,0.0295566502463054
43,Habibpur (ST),84,329,264,0,21,146,760,0.4328947368421053,0.1921052631578947,0.0276315789473684
43,Habibpur (ST),85,274,246,0,7,30,557,0.4919210053859964,0.0538599640933572,0.0125673249551166
43,Habibpur (ST),86,272,358,0,7,80,717,0.3793584379358438,0.1115760111576011,0.00976290097629
43,Habibpur (ST),86(A),231,3,0,2,5,241,0.95850622406639,0.0207468879668049,0.0082987551867219
43,Habibpur (ST),87,246,388,0,7,9,650,0.3784615384615384,0.0138461538461538,0.0107692307692307
43,Habibpur (ST),87(A),202,4,0,2,6,214,0.9439252336448598,0.02803738317757,0.0093457943925233
43,Habibpur (ST),88,336,194,0,11,33,574,0.5853658536585366,0.0574912891986062,0.019163763066202
43,Habibpur (ST),89,403,360,0,14,44,821,0.4908647990255785,0.0535931790499391,0.0170523751522533
43,Habibpur (ST),9,599,15,0,13,54,681,0.8795888399412628,0.079295154185022,0.0190895741556534
43,Habibpur (ST),90,391,134,0,9,1,535,0.7308411214953271,0.0018691588785046,0.016822429906542
43,Habibpur (ST),91,453,162,0,0,2,617,0.7341977309562399,0.0032414910858995,0.0
43,Habibpur (ST),92,398,248,0,4,1,651,0.6113671274961597,0.0015360983102918,0.0061443932411674
43,Habibpur (ST),92(A),308,0,0,0,1,309,0.9967637540453076,0.0032362459546925,0.0
43,Habibpur (ST),93,375,97,0,2,2,476,0.7878151260504201,0.0042016806722689,0.0042016806722689
43,Habibpur (ST),93(A),107,1,0,0,1,109,0.981651376146789,0.0091743119266055,0.0
43,Habibpur (ST),94,403,222,0,2,7,634,0.6356466876971609,0.0110410094637223,0.0031545741324921
43,Habibpur (ST),94(A),278,1,0,0,4,283,0.9823321554770318,0.0141342756183745,0.0
43,Habibpur (ST),95,339,243,0,3,7,592,0.5726351351351351,0.0118243243243243,0.0050675675675675
43,Habibpur (ST),96,424,309,0,13,6,752,0.5638297872340425,0.0079787234042553,0.0172872340425531
43,Habibpur (ST),97,364,239,0,25,25,653,0.557427258805513,0.0382848392036753,0.0382848392036753
43,Habibpur (ST),98,392,263,0,17,21,693,0.5656565656565656,0.0303030303030303,0.0245310245310245
43,Habibpur (ST),99,361,186,0,19,175,741,0.4871794871794871,0.2361673414304993,0.0256410256410256
44,Gazole (SC),0,5,3,0,0,5,13,0.3846153846153846,0.3846153846153846,0.0
44,Gazole (SC),1,0,0,0,1,0,1,0.0,0.0,1.0
44,Gazole (SC),10,0,0,0,60,0,60,0.0,0.0,1.0
44,Gazole (SC),10A,0,0,0,32,0,32,0.0,0.0,1.0
44,Gazole (SC),11,0,0,0,60,0,60,0.0,0.0,1.0
44,Gazole (SC),12,0,0,0,15,0,15,0.0,0.0,1.0
44,Gazole (SC),125A,228,57,0,0,115,400,0.57,0.2875,0.0
44,Gazole (SC),126,435,32,0,0,99,566,0.7685512367491166,0.1749116607773851,0.0
44,Gazole (SC),126A,494,13,0,0,70,577,0.8561525129982669,0.121317157712305,0.0
44,Gazole (SC),127,279,58,0,0,467,804,0.3470149253731343,0.5808457711442786,0.0
44,Gazole (SC),128,356,18,0,0,132,506,0.7035573122529645,0.2608695652173913,0.0
44,Gazole (SC),128A,322,18,0,0,123,463,0.6954643628509719,0.265658747300216,0.0
44,Gazole (SC),129,474,67,0,0,282,823,0.5759416767922235,0.3426488456865127,0.0
44,Gazole (SC),13,104,268,0,25,3,400,0.26,0.0075,0.0625
44,Gazole (SC),130,366,60,0,0,131,557,0.6570915619389587,0.2351885098743267,0.0
44,Gazole (SC),130A,356,43,0,0,122,521,0.6833013435700576,0.2341650671785028,0.0
44,Gazole (SC),131,259,62,0,0,90,411,0.6301703163017032,0.218978102189781,0.0
44,Gazole (SC),131A,242,29,0,0,127,398,0.6080402010050251,0.3190954773869346,0.0
44,Gazole (SC),132,455,34,0,0,149,638,0.713166144200627,0.2335423197492163,0.0
44,Gazole (SC),133,573,19,0,0,133,725,0.7903448275862069,0.1834482758620689,0.0
44,Gazole (SC),134,424,52,0,0,154,630,0.6730158730158731,0.2444444444444444,0.0
44,Gazole (SC),134A,397,32,0,0,89,518,0.7664092664092664,0.1718146718146718,0.0
44,Gazole (SC),135,586,244,0,8,167,1005,0.5830845771144278,0.1661691542288557,0.0079601990049751
44,Gazole (SC),136,503,332,0,7,159,1001,0.5024975024975025,0.1588411588411588,0.0069930069930069
44,Gazole (SC),137,400,58,0,0,103,561,0.7130124777183601,0.1836007130124777,0.0
44,Gazole (SC),137A,340,47,0,0,104,491,0.6924643584521385,0.2118126272912423,0.0
44,Gazole (SC),138,426,40,0,0,189,655,0.650381679389313,0.2885496183206107,0.0
44,Gazole (SC),139,431,56,0,0,94,581,0.7418244406196214,0.1617900172117039,0.0
44,Gazole (SC),14,341,2619,0,42,4,3006,0.1134397870924817,0.0013306719893546,0.0139720558882235
44,Gazole (SC),140,208,9,0,0,249,466,0.4463519313304721,0.5343347639484979,0.0
44,Gazole (SC),140A,294,8,0,0,149,451,0.6518847006651884,0.3303769401330377,0.0
44,Gazole (SC),141,319,27,0,0,175,521,0.6122840690978887,0.3358925143953934,0.0
44,Gazole (SC),141A,324,36,0,0,151,511,0.6340508806262231,0.2954990215264187,0.0
44,Gazole (SC),142,460,26,0,0,145,631,0.7290015847860539,0.2297939778129952,0.0
44,Gazole (SC),142A,357,19,0,0,137,513,0.695906432748538,0.2670565302144249,0.0
44,Gazole (SC),143,426,15,0,0,270,711,0.5991561181434599,0.379746835443038,0.0
44,Gazole (SC),144,242,14,0,0,248,504,0.4801587301587302,0.492063492063492,0.0
44,Gazole (SC),145,381,21,0,0,214,616,0.6185064935064936,0.3474025974025974,0.0
44,Gazole (SC),145A,359,19,0,0,155,533,0.6735459662288931,0.2908067542213883,0.0
44,Gazole (SC),146,343,31,0,0,300,674,0.5089020771513353,0.4451038575667655,0.0
44,Gazole (SC),147,350,76,0,0,148,574,0.6097560975609756,0.2578397212543554,0.0
44,Gazole (SC),147A,237,21,0,0,251,509,0.4656188605108055,0.4931237721021611,0.0
44,Gazole (SC),148,245,33,0,0,187,465,0.5268817204301075,0.4021505376344086,0.0
44,Gazole (SC),148A,218,13,0,0,190,421,0.517814726840855,0.4513064133016627,0.0
44,Gazole (SC),149,303,40,0,0,239,582,0.520618556701031,0.4106529209621993,0.0
44,Gazole (SC),149A,292,30,0,0,158,480,0.6083333333333333,0.3291666666666666,0.0
44,Gazole (SC),15,0,0,0,37,0,37,0.0,0.0,1.0
44,Gazole (SC),150,321,54,0,0,364,739,0.4343707713125845,0.4925575101488498,0.0
44,Gazole (SC),151,215,24,0,0,263,502,0.4282868525896414,0.5239043824701195,0.0
44,Gazole (SC),151A,0,34,0,535,0,569,0.0,0.0,0.9402460456942004
44,Gazole (SC),152,0,5,0,472,0,477,0.0,0.0,0.989517819706499
44,Gazole (SC),152A,0,8,0,455,0,463,0.0,0.0,0.9827213822894167
44,Gazole (SC),153,0,68,0,418,0,486,0.0,0.0,0.8600823045267489
44,Gazole (SC),153A,0,86,0,387,0,473,0.0,0.0,0.8181818181818182
44,Gazole (SC),154,0,12,0,453,0,465,0.0,0.0,0.9741935483870968
44,Gazole (SC),154A,0,5,0,485,0,490,0.0,0.0,0.9897959183673468
44,Gazole (SC),155,129,292,0,608,2,1031,0.1251212415130941,0.0019398642095053,0.5897187196896218
44,Gazole (SC),156,0,30,0,607,0,637,0.0,0.0,0.9529042386185244
44,Gazole (SC),157,0,17,0,555,0,572,0.0,0.0,0.9702797202797204
44,Gazole (SC),157A,0,21,0,558,0,579,0.0,0.0,0.9637305699481864
44,Gazole (SC),158,0,42,0,851,0,893,0.0,0.0,0.9529675251959686
44,Gazole (SC),159,0,52,0,549,0,601,0.0,0.0,0.913477537437604
44,Gazole (SC),159A,0,69,0,506,0,575,0.0,0.0,0.88
44,Gazole (SC),16,0,0,0,7,0,7,0.0,0.0,1.0
44,Gazole (SC),160,0,18,0,547,0,565,0.0,0.0,0.968141592920354
44,Gazole (SC),160A,0,11,0,516,0,527,0.0,0.0,0.9791271347248576
44,Gazole (SC),161,0,13,0,581,0,594,0.0,0.0,0.9781144781144782
44,Gazole (SC),161A,0,18,0,552,0,570,0.0,0.0,0.968421052631579
44,Gazole (SC),162,0,13,0,601,0,614,0.0,0.0,0.978827361563518
44,Gazole (SC),162A,0,23,0,489,0,512,0.0,0.0,0.955078125
44,Gazole (SC),163,0,29,0,782,0,811,0.0,0.0,0.9642416769420468
44,Gazole (SC),164,0,29,0,574,0,603,0.0,0.0,0.9519071310116086
44,Gazole (SC),164A,0,14,0,530,0,544,0.0,0.0,0.9742647058823528
44,Gazole (SC),165,0,117,0,423,0,540,0.0,0.0,0.7833333333333333
44,Gazole (SC),165A,0,98,0,546,0,644,0.0,0.0,0.8478260869565217
44,Gazole (SC),166,214,276,0,459,5,954,0.2243186582809224,0.0052410901467505,0.4811320754716981
44,Gazole (SC),167,0,54,0,575,0,629,0.0,0.0,0.9141494435612084
44,Gazole (SC),168,0,24,0,470,0,494,0.0,0.0,0.951417004048583
44,Gazole (SC),168A,0,27,0,440,0,467,0.0,0.0,0.9421841541755888
44,Gazole (SC),169,0,17,0,512,0,529,0.0,0.0,0.9678638941398866
44,Gazole (SC),17,0,0,0,58,0,58,0.0,0.0,1.0
44,Gazole (SC),170,0,33,0,567,0,600,0.0,0.0,0.945
44,Gazole (SC),170A,0,20,0,463,0,483,0.0,0.0,0.958592132505176
44,Gazole (SC),171,0,18,0,533,0,551,0.0,0.0,0.9673321234119784
44,Gazole (SC),171A,0,44,0,411,0,455,0.0,0.0,0.9032967032967032
44,Gazole (SC),172,0,58,0,666,0,724,0.0,0.0,0.919889502762431
44,Gazole (SC),173,0,10,0,624,0,634,0.0,0.0,0.9842271293375394
44,Gazole (SC),174,0,21,0,489,0,510,0.0,0.0,0.9588235294117649
44,Gazole (SC),174A,0,50,0,469,0,519,0.0,0.0,0.903660886319846
44,Gazole (SC),175,0,120,0,313,0,433,0.0,0.0,0.7228637413394919
44,Gazole (SC),175A,0,52,0,359,0,411,0.0,0.0,0.8734793187347932
44,Gazole (SC),176,0,65,0,401,0,466,0.0,0.0,0.8605150214592274
44,Gazole (SC),176A,0,71,0,371,0,442,0.0,0.0,0.8393665158371041
44,Gazole (SC),178,133,14,0,0,202,349,0.3810888252148997,0.5787965616045845,0.0
44,Gazole (SC),179,150,60,0,0,318,528,0.2840909090909091,0.6022727272727273,0.0
44,Gazole (SC),17A,0,0,0,33,0,33,0.0,0.0,1.0
44,Gazole (SC),18,623,204,0,25,201,1053,0.5916429249762583,0.1908831908831909,0.023741690408357
44,Gazole (SC),180,408,23,0,0,273,704,0.5795454545454546,0.3877840909090909,0.0
44,Gazole (SC),181,236,7,0,0,325,568,0.4154929577464789,0.5721830985915493,0.0
44,Gazole (SC),183,409,9,0,0,134,552,0.7409420289855072,0.2427536231884058,0.0
44,Gazole (SC),183A,440,6,0,0,139,585,0.7521367521367521,0.2376068376068376,0.0
44,Gazole (SC),184,302,7,0,0,260,569,0.5307557117750439,0.4569420035149384,0.0
44,Gazole (SC),184A,255,3,0,0,5,263,0.9695817490494296,0.0190114068441064,0.0
44,Gazole (SC),185,5,5,0,0,277,287,0.0174216027874564,0.9651567944250872,0.0
44,Gazole (SC),186,176,10,0,0,8,194,0.9072164948453608,0.0412371134020618,0.0
44,Gazole (SC),187,388,346,0,0,7,741,0.5236167341430499,0.0094466936572199,0.0
44,Gazole (SC),187A,227,7,0,0,207,441,0.5147392290249433,0.4693877551020408,0.0
44,Gazole (SC),1888,193,8,0,0,243,444,0.4346846846846847,0.5472972972972973,0.0
44,Gazole (SC),189,371,7,0,0,458,836,0.4437799043062201,0.5478468899521531,0.0
44,Gazole (SC),189A,289,49,0,0,266,604,0.478476821192053,0.4403973509933774,0.0
44,Gazole (SC),18A,0,0,0,1,0,1,0.0,0.0,1.0
44,Gazole (SC),19,0,0,0,20,0,20,0.0,0.0,1.0
44,Gazole (SC),190,157,63,0,0,217,437,0.3592677345537757,0.4965675057208238,0.0
44,Gazole (SC),190A,368,99,0,0,186,653,0.5635528330781011,0.2848392036753445,0.0
44,Gazole (SC),191A,313,38,0,0,189,540,0.5796296296296296,0.35,0.0
44,Gazole (SC),192,235,41,0,0,178,454,0.5176211453744494,0.3920704845814978,0.0
44,Gazole (SC),192A,491,7,0,0,95,593,0.8279932546374368,0.1602023608768971,0.0
44,Gazole (SC),193,330,5,0,0,37,372,0.8870967741935484,0.0994623655913978,0.0
44,Gazole (SC),194,312,2,0,0,116,430,0.7255813953488373,0.2697674418604651,0.0
44,Gazole (SC),195,594,6,0,0,95,695,0.8546762589928057,0.1366906474820144,0.0
44,Gazole (SC),196,713,23,0,0,186,922,0.7733188720173536,0.2017353579175705,0.0
44,Gazole (SC),197,221,12,0,0,341,574,0.3850174216027874,0.5940766550522648,0.0
44,Gazole (SC),198,313,11,0,0,468,792,0.3952020202020202,0.5909090909090909,0.0
44,Gazole (SC),198A,390,8,0,0,161,559,0.6976744186046512,0.2880143112701252,0.0
44,Gazole (SC),199,2285,11,0,0,183,2479,0.9217426381605486,0.0738200887454618,0.0
44,Gazole (SC),1A,0,0,0,11,0,11,0.0,0.0,1.0
44,Gazole (SC),2,0,0,0,74,0,74,0.0,0.0,1.0
44,Gazole (SC),20,227,383,0,53,2,665,0.3413533834586466,0.0030075187969924,0.0796992481203007
44,Gazole (SC),200,415,62,0,0,427,904,0.459070796460177,0.4723451327433628,0.0
44,Gazole (SC),201,71,14,0,0,402,487,0.1457905544147844,0.8254620123203286,0.0
44,Gazole (SC),202,181,12,0,0,370,563,0.3214920071047957,0.6571936056838366,0.0
44,Gazole (SC),203,19,7,0,0,629,655,0.0290076335877862,0.9603053435114504,0.0
44,Gazole (SC),203A,508,8,0,0,92,608,0.8355263157894737,0.1513157894736842,0.0
44,Gazole (SC),204,424,12,0,0,77,513,0.8265107212475633,0.1500974658869395,0.0
44,Gazole (SC),205,627,12,0,0,236,875,0.7165714285714285,0.2697142857142857,0.0
44,Gazole (SC),207,440,30,0,0,99,569,0.773286467486819,0.1739894551845342,0.0
44,Gazole (SC),208,666,22,0,0,98,786,0.8473282442748091,0.1246819338422391,0.0
44,Gazole (SC),208A,351,25,0,0,50,426,0.823943661971831,0.1173708920187793,0.0
44,Gazole (SC),209,353,16,0,0,93,462,0.7640692640692641,0.2012987012987013,0.0
44,Gazole (SC),20A,24,17,0,0,546,587,0.0408858603066439,0.93015332197615,0.0
44,Gazole (SC),21,0,0,0,11,0,11,0.0,0.0,1.0
44,Gazole (SC),210,219,1,0,0,37,257,0.8521400778210116,0.1439688715953307,0.0
44,Gazole (SC),21A,0,0,0,9,0,9,0.0,0.0,1.0
44,Gazole (SC),22A,8,85,0,0,0,93,0.086021505376344,0.0,0.0
44,Gazole (SC),23,408,784,0,19,9,1220,0.3344262295081967,0.0073770491803278,0.0155737704918032
44,Gazole (SC),24,16,92,0,0,0,108,0.1481481481481481,0.0,0.0
44,Gazole (SC),24A,12,84,0,0,0,96,0.125,0.0,0.0
44,Gazole (SC),25,260,66,0,0,0,326,0.7975460122699386,0.0,0.0
44,Gazole (SC),26,5155,727,0,24,223,6129,0.8410833741230217,0.0363844020231685,0.0039158100832109
44,Gazole (SC),26A,224,42,0,0,0,266,0.8421052631578947,0.0,0.0
44,Gazole (SC),27,509,9,0,0,0,518,0.9826254826254828,0.0,0.0
44,Gazole (SC),28,101,307,0,5,1,414,0.2439613526570048,0.002415458937198,0.0120772946859903
44,Gazole (SC),29,711,729,0,22,13,1475,0.4820338983050847,0.0088135593220338,0.0149152542372881
44,Gazole (SC),295,3,125,0,560,1,689,0.0043541364296081,0.0014513788098693,0.8127721335268505
44,Gazole (SC),29A,51,28,0,0,0,79,0.6455696202531646,0.0,0.0
44,Gazole (SC),2A,0,0,0,28,0,28,0.0,0.0,1.0
44,Gazole (SC),3,0,0,0,24,0,24,0.0,0.0,1.0
44,Gazole (SC),30,221,21,0,0,0,242,0.9132231404958676,0.0,0.0
44,Gazole (SC),301,3,91,0,11,5,110,0.0272727272727272,0.0454545454545454,0.1
44,Gazole (SC),30A,176,21,0,0,0,197,0.8934010152284264,0.0,0.0
44,Gazole (SC),31,688,431,0,7,12,1138,0.6045694200351494,0.0105448154657293,0.0061511423550087
44,Gazole (SC),31A,316,67,0,0,0,383,0.825065274151436,0.0,0.0
44,Gazole (SC),32,44,127,0,0,0,171,0.2573099415204678,0.0,0.0
44,Gazole (SC),33,343,333,0,4,3,683,0.5021961932650073,0.0043923865300146,0.0058565153733528
44,Gazole (SC),33A,75,51,0,0,0,126,0.5952380952380952,0.0,0.0
44,Gazole (SC),34,355,11,0,0,0,366,0.9699453551912568,0.0,0.0
44,Gazole (SC),34A,261,25,0,0,0,286,0.9125874125874126,0.0,0.0
44,Gazole (SC),35,436,356,0,21,6,819,0.5323565323565324,0.0073260073260073,0.0256410256410256
44,Gazole (SC),36,260,232,0,459,1,952,0.2731092436974789,0.0010504201680672,0.4821428571428571
44,Gazole (SC),36A,328,19,0,0,0,347,0.9452449567723344,0.0,0.0
44,Gazole (SC),37,499,445,0,1,3,948,0.5263713080168776,0.0031645569620253,0.0010548523206751
44,Gazole (SC),38,370,29,0,0,0,399,0.9273182957393484,0.0,0.0
44,Gazole (SC),38A,157,20,0,0,0,177,0.8870056497175142,0.0,0.0
44,Gazole (SC),39,62,28,0,0,0,90,0.6888888888888889,0.0,0.0
44,Gazole (SC),39A,121,13,0,0,0,134,0.9029850746268656,0.0,0.0
44,Gazole (SC),3A,0,0,0,16,0,16,0.0,0.0,1.0
44,Gazole (SC),4,548,5,0,26,0,579,0.9464594127806564,0.0,0.0449050086355785
44,Gazole (SC),40,400,280,0,6,4,690,0.5797101449275363,0.0057971014492753,0.008695652173913
44,Gazole (SC),40A,315,57,0,0,0,372,0.8467741935483871,0.0,0.0
44,Gazole (SC),41,219,22,0,0,0,241,0.908713692946058,0.0,0.0
44,Gazole (SC),412,2,93,0,0,0,95,0.0210526315789473,0.0,0.0
44,Gazole (SC),41A,97,17,0,0,0,114,0.8508771929824561,0.0,0.0
44,Gazole (SC),42,552,221,0,32,8,813,0.6789667896678967,0.009840098400984,0.039360393603936
44,Gazole (SC),422,5,1159,0,9,4,1177,0.0042480883602378,0.0033984706881903,0.0076465590484282
44,Gazole (SC),428,4,207,0,499,3,713,0.005610098176718,0.0042075736325385,0.699859747545582
44,Gazole (SC),42A,308,10,0,0,0,318,0.9685534591194968,0.0,0.0
44,Gazole (SC),43,3439,625,0,28,7,4099,0.8389851183215419,0.0017077335935594,0.0068309343742376
44,Gazole (SC),436,9,291,0,442,2,744,0.0120967741935483,0.0026881720430107,0.5940860215053764
44,Gazole (SC),43A,270,5,0,0,0,275,0.9818181818181818,0.0,0.0
44,Gazole (SC),44,468,545,0,51,15,1079,0.4337349397590361,0.0139017608897126,0.0472659870250231
44,Gazole (SC),45,408,461,0,48,16,933,0.4372990353697749,0.0171489817792068,0.0514469453376205
44,Gazole (SC),46,346,34,0,0,0,380,0.9105263157894736,0.0,0.0
44,Gazole (SC),47A,125,28,0,0,0,153,0.8169934640522876,0.0,0.0
44,Gazole (SC),48,110,274,0,4,2,390,0.282051282051282,0.0051282051282051,0.0102564102564102
44,Gazole (SC),48A,157,9,0,0,0,166,0.9457831325301204,0.0,0.0
44,Gazole (SC),49,469,23,0,0,0,492,0.9532520325203252,0.0,0.0
44,Gazole (SC),4A,0,0,0,11,0,11,0.0,0.0,1.0
44,Gazole (SC),5,0,0,0,21,0,21,0.0,0.0,1.0
44,Gazole (SC),50,28,46,0,0,0,74,0.3783783783783784,0.0,0.0
44,Gazole (SC),51,492,252,0,3,1,748,0.6577540106951871,0.0013368983957219,0.0040106951871657
44,Gazole (SC),51A,162,22,0,0,0,184,0.8804347826086957,0.0,0.0
44,Gazole (SC),52,165,10,0,0,0,175,0.9428571428571428,0.0,0.0
44,Gazole (SC),52A,211,8,0,0,0,219,0.9634703196347032,0.0,0.0
44,Gazole (SC),53,85,38,0,0,0,123,0.6910569105691057,0.0,0.0
44,Gazole (SC),54,360,16,0,0,0,376,0.9574468085106383,0.0,0.0
44,Gazole (SC),55,15,11,0,0,0,26,0.5769230769230769,0.0,0.0
44,Gazole (SC),55A,170,9,0,0,0,179,0.9497206703910616,0.0,0.0
44,Gazole (SC),56,607,740,0,20,10,1377,0.4408133623819898,0.0072621641249092,0.0145243282498184
44,Gazole (SC),56A,110,48,0,0,0,158,0.6962025316455697,0.0,0.0
44,Gazole (SC),57,33,38,0,0,0,71,0.4647887323943662,0.0,0.0
44,Gazole (SC),57A,55,33,0,0,0,88,0.625,0.0,0.0
44,Gazole (SC),58,27,136,0,0,0,163,0.1656441717791411,0.0,0.0
44,Gazole (SC),59,328,440,0,7,11,786,0.4173027989821883,0.0139949109414758,0.0089058524173027
44,Gazole (SC),59A,88,105,0,0,0,193,0.4559585492227979,0.0,0.0
44,Gazole (SC),5A,0,0,0,18,0,18,0.0,0.0,1.0
44,Gazole (SC),6,0,0,0,23,0,23,0.0,0.0,1.0
44,Gazole (SC),60,593,520,0,10,10,1133,0.5233892321270962,0.0088261253309797,0.0088261253309797
44,Gazole (SC),61,239,27,0,0,0,266,0.8984962406015038,0.0,0.0
44,Gazole (SC),62,75,25,0,0,0,100,0.75,0.0,0.0
44,Gazole (SC),62A,50,21,0,0,0,71,0.704225352112676,0.0,0.0
44,Gazole (SC),63,17,33,0,0,0,50,0.34,0.0,0.0
44,Gazole (SC),64,200,10,0,0,0,210,0.9523809523809524,0.0,0.0
44,Gazole (SC),65,1379,179,0,12,5,1575,0.8755555555555555,0.0031746031746031,0.0076190476190476
44,Gazole (SC),65A,209,17,0,0,0,226,0.9247787610619468,0.0,0.0
44,Gazole (SC),66,2500,45,0,0,0,2545,0.9823182711198428,0.0,0.0
44,Gazole (SC),66A,66,48,0,0,0,114,0.5789473684210527,0.0,0.0
44,Gazole (SC),67,316,4,0,0,0,320,0.9875,0.0,0.0
44,Gazole (SC),67A,203,16,0,0,0,219,0.9269406392694064,0.0,0.0
44,Gazole (SC),68,327,2281,0,62,10,2680,0.1220149253731343,0.003731343283582,0.0231343283582089
44,Gazole (SC),68A,363,18,0,0,0,381,0.952755905511811,0.0,0.0
44,Gazole (SC),69,354,30,0,0,0,384,0.921875,0.0,0.0
44,Gazole (SC),6A,0,0,0,10,0,10,0.0,0.0,1.0
44,Gazole (SC),7,0,0,0,28,0,28,0.0,0.0,1.0
44,Gazole (SC),70,1263,327,0,620,21,2231,0.5661138502913492,0.0094128193635141,0.2779022859704168
44,Gazole (SC),71,561,36,0,0,0,597,0.9396984924623116,0.0,0.0
44,Gazole (SC),72,305,14,0,0,0,319,0.9561128526645768,0.0,0.0
44,Gazole (SC),72A,257,29,0,0,0,286,0.8986013986013986,0.0,0.0
44,Gazole (SC),73,255,27,0,6,244,532,0.4793233082706767,0.4586466165413533,0.0112781954887218
44,Gazole (SC),73A,219,17,0,22,219,477,0.4591194968553459,0.4591194968553459,0.0461215932914046
44,Gazole (SC),74,443,84,0,480,193,1200,0.3691666666666666,0.1608333333333333,0.4
44,Gazole (SC),75,485,179,0,37,134,835,0.5808383233532934,0.1604790419161676,0.0443113772455089
44,Gazole (SC),75A,313,8,0,469,126,916,0.3417030567685589,0.1375545851528384,0.5120087336244541
44,Gazole (SC),76,384,20,0,6,151,561,0.6844919786096256,0.2691622103386809,0.0106951871657754
44,Gazole (SC),76A,412,15,0,13,81,521,0.7907869481765835,0.1554702495201535,0.0249520153550863
44,Gazole (SC),77,261,15,0,519,1,796,0.3278894472361809,0.0012562814070351,0.6520100502512562
44,Gazole (SC),77A,257,18,0,7,177,459,0.5599128540305011,0.3856209150326797,0.0152505446623093
44,Gazole (SC),78,225,6,0,514,224,969,0.2321981424148606,0.2311661506707946,0.5304437564499485
44,Gazole (SC),78A,375,4,0,7,5,391,0.959079283887468,0.0127877237851662,0.0179028132992327
44,Gazole (SC),79,30,10,0,21,540,601,0.0499168053244592,0.8985024958402662,0.0349417637271214
44,Gazole (SC),7A,0,0,0,8,0,8,0.0,0.0,1.0
44,Gazole (SC),8,0,0,0,20,0,20,0.0,0.0,1.0
44,Gazole (SC),80,118,27,0,16,544,705,0.1673758865248227,0.7716312056737589,0.0226950354609929
44,Gazole (SC),81,505,178,0,707,9,1399,0.3609721229449606,0.0064331665475339,0.505360972122945
44,Gazole (SC),82,294,6,0,745,221,1266,0.2322274881516587,0.174565560821485,0.5884676145339652
44,Gazole (SC),82A,139,16,0,13,363,531,0.2617702448210923,0.6836158192090396,0.0244821092278719
44,Gazole (SC),83,77,10,0,13,341,441,0.1746031746031746,0.7732426303854876,0.0294784580498866
44,Gazole (SC),83A,302,48,0,11,187,548,0.551094890510949,0.3412408759124087,0.0200729927007299
44,Gazole (SC),84,360,17,0,4,98,479,0.7515657620041754,0.2045929018789144,0.0083507306889352
44,Gazole (SC),85,599,22,0,17,190,828,0.7234299516908212,0.2294685990338164,0.0205314009661835
44,Gazole (SC),85A,375,37,0,11,88,511,0.7338551859099804,0.172211350293542,0.0215264187866927
44,Gazole (SC),86,380,26,0,15,108,529,0.718336483931947,0.2041587901701323,0.0283553875236294
44,Gazole (SC),87,475,251,0,27,211,964,0.4927385892116183,0.2188796680497925,0.0280082987551867
44,Gazole (SC),88,167,11,0,14,395,587,0.2844974446337308,0.6729131175468483,0.0238500851788756
44,Gazole (SC),89A,312,13,0,459,47,831,0.3754512635379061,0.0565583634175691,0.5523465703971119
44,Gazole (SC),8A,0,0,0,10,0,10,0.0,0.0,1.0
44,Gazole (SC),9,0,0,0,98,0,98,0.0,0.0,1.0
44,Gazole (SC),90,371,15,0,7,152,545,0.6807339449541284,0.2788990825688073,0.0128440366972477
44,Gazole (SC),91,264,24,0,12,267,567,0.4656084656084656,0.4708994708994709,0.0211640211640211
44,Gazole (SC),91A,309,75,0,3,164,551,0.5607985480943739,0.2976406533575317,0.0054446460980036
44,Gazole (SC),92,330,22,0,12,139,503,0.6560636182902585,0.2763419483101391,0.0238568588469184
44,Gazole (SC),93,404,112,0,9,228,753,0.5365205843293492,0.3027888446215139,0.0119521912350597
44,Gazole (SC),94,254,20,0,773,5,1052,0.2414448669201521,0.0047528517110266,0.7347908745247148
44,Gazole (SC),94A,295,22,0,15,167,499,0.591182364729459,0.3346693386773547,0.0300601202404809
44,Gazole (SC),95,286,25,0,2,75,388,0.7371134020618557,0.1932989690721649,0.0051546391752577
44,Gazole (SC),95A,170,14,0,394,4,582,0.2920962199312715,0.0068728522336769,0.6769759450171822
44,Gazole (SC),96,233,275,0,491,7,1006,0.2316103379721669,0.0069582504970178,0.4880715705765407
44,Gazole (SC),96A,248,63,0,16,221,548,0.4525547445255474,0.4032846715328467,0.0291970802919708
44,Gazole (SC),97,304,54,0,558,123,1039,0.2925890279114533,0.1183830606352261,0.5370548604427334
44,Gazole (SC),97A,320,52,0,10,153,535,0.5981308411214953,0.2859813084112149,0.0186915887850467
44,Gazole (SC),98,266,189,0,20,167,642,0.4143302180685358,0.2601246105919003,0.0311526479750778
44,Gazole (SC),9A,0,0,0,93,0,93,0.0,0.0,1.0
45,Chanchal,10,0,0,0,651,0,651,0.0,0.0,1.0
45,Chanchal,11,0,0,0,592,0,592,0.0,0.0,1.0
45,Chanchal,12,0,0,0,450,0,450,0.0,0.0,1.0
45,Chanchal,121,0,0,66,85,0,151,0.0,0.0,0.5629139072847682
45,Chanchal,122,47,0,68,10,360,485,0.0969072164948453,0.7422680412371134,0.0206185567010309
45,Chanchal,123,18,0,104,89,497,708,0.0254237288135593,0.7019774011299436,0.1257062146892655
45,Chanchal,124,153,0,74,6,294,527,0.2903225806451613,0.5578747628083491,0.0113851992409867
45,Chanchal,125,11,0,36,93,668,808,0.0136138613861386,0.8267326732673267,0.1150990099009901
45,Chanchal,126,257,0,249,95,198,799,0.3216520650813517,0.2478097622027534,0.1188986232790988
45,Chanchal,127,9,0,17,93,423,542,0.0166051660516605,0.7804428044280443,0.1715867158671586
45,Chanchal,128,52,0,91,9,418,570,0.0912280701754386,0.7333333333333333,0.0157894736842105
45,Chanchal,129,155,0,89,96,525,865,0.1791907514450867,0.6069364161849711,0.1109826589595375
45,Chanchal,13,0,0,12,351,0,363,0.0,0.0,0.9669421487603306
45,Chanchal,130,150,0,82,96,483,811,0.1849568434032059,0.5955610357583231,0.1183723797780517
45,Chanchal,131,282,0,59,95,205,641,0.4399375975039001,0.3198127925117004,0.1482059282371295
45,Chanchal,132,327,0,94,95,46,562,0.5818505338078291,0.0818505338078291,0.1690391459074733
45,Chanchal,133,48,0,306,102,367,823,0.0583232077764277,0.4459295261239368,0.1239368165249088
45,Chanchal,134,344,0,59,98,41,542,0.6346863468634686,0.0756457564575645,0.1808118081180811
45,Chanchal,135,354,0,59,1,21,435,0.8137931034482758,0.0482758620689655,0.0022988505747126
45,Chanchal,136,15,0,159,102,531,807,0.0185873605947955,0.6579925650557621,0.1263940520446096
45,Chanchal,137,159,0,195,107,494,955,0.1664921465968586,0.5172774869109947,0.1120418848167539
45,Chanchal,138,8,0,133,99,363,603,0.0132669983416252,0.6019900497512438,0.1641791044776119
45,Chanchal,139,5,0,100,2,349,456,0.0109649122807017,0.7653508771929824,0.0043859649122807
45,Chanchal,14,0,0,0,552,0,552,0.0,0.0,1.0
45,Chanchal,140,278,0,73,105,443,899,0.3092324805339266,0.492769744160178,0.1167964404894327
45,Chanchal,141,407,0,0,112,330,849,0.4793875147232038,0.3886925795053003,0.1319199057714958
45,Chanchal,142,23,0,192,109,507,831,0.0276774969915764,0.6101083032490975,0.1311672683513838
45,Chanchal,143,14,0,205,16,495,730,0.0191780821917808,0.678082191780822,0.021917808219178
45,Chanchal,15,0,0,0,550,0,550,0.0,0.0,1.0
45,Chanchal,16,0,0,0,768,0,768,0.0,0.0,1.0
45,Chanchal,17,0,0,0,537,0,537,0.0,0.0,1.0
45,Chanchal,18,0,0,0,442,0,442,0.0,0.0,1.0
45,Chanchal,19,0,0,0,536,0,536,0.0,0.0,1.0
45,Chanchal,193,0,0,139,489,21,649,0.0,0.0323574730354391,0.7534668721109399
45,Chanchal,194,4,0,140,612,229,985,0.0040609137055837,0.23248730964467,0.6213197969543147
45,Chanchal,195,5,0,141,800,21,967,0.0051706308169596,0.0217166494312306,0.827300930713547
45,Chanchal,196,0,0,142,425,1,568,0.0,0.0017605633802816,0.7482394366197183
45,Chanchal,197,6,0,0,423,7,436,0.0137614678899082,0.0160550458715596,0.970183486238532
45,Chanchal,198,3,0,143,559,88,793,0.0037831021437578,0.1109709962168978,0.7049180327868853
45,Chanchal,199,2,0,144,294,185,625,0.0032,0.296,0.4704
45,Chanchal,20,0,0,0,450,0,450,0.0,0.0,1.0
45,Chanchal,200,4,0,0,525,18,547,0.0073126142595978,0.0329067641681901,0.959780621572212
45,Chanchal,201,3,0,145,389,128,665,0.0045112781954887,0.1924812030075188,0.5849624060150376
45,Chanchal,202,1,0,0,347,95,443,0.0022573363431151,0.2144469525959368,0.7832957110609481
45,Chanchal,203,1,0,146,140,353,640,0.0015625,0.5515625,0.21875
45,Chanchal,204,4,0,147,609,134,894,0.0044742729306487,0.1498881431767337,0.6812080536912751
45,Chanchal,205,3,0,148,437,139,727,0.0041265474552957,0.1911966987620357,0.6011004126547456
45,Chanchal,206,2,0,0,229,372,603,0.0033167495854063,0.6169154228855721,0.3797678275290215
45,Chanchal,207,0,0,149,671,49,869,0.0,0.0563866513233601,0.7721518987341772
45,Chanchal,208,3,0,150,452,6,611,0.0049099836333878,0.0098199672667757,0.7397708674304418
45,Chanchal,209,1,0,0,416,2,419,0.0023866348448687,0.0047732696897374,0.9928400954653938
45,Chanchal,21,0,0,0,512,0,512,0.0,0.0,1.0
45,Chanchal,210,2,0,151,748,119,1020,0.0019607843137254,0.1166666666666666,0.7333333333333333
45,Chanchal,211,4,0,152,556,19,731,0.0054719562243502,0.0259917920656634,0.7606019151846786
45,Chanchal,212,1,0,0,351,245,597,0.0016750418760469,0.4103852596314908,0.5879396984924623
45,Chanchal,213,1,0,0,445,142,588,0.0017006802721088,0.2414965986394557,0.7568027210884354
45,Chanchal,214,5,0,153,265,284,707,0.007072135785007,0.4016973125884017,0.3748231966053748
45,Chanchal,215,2,0,0,597,20,619,0.0032310177705977,0.0323101777059773,0.9644588045234248
45,Chanchal,218,0,0,0,70,0,70,0.0,0.0,1.0
45,Chanchal,219,0,0,0,251,0,251,0.0,0.0,1.0
45,Chanchal,22,0,0,0,456,0,456,0.0,0.0,1.0
45,Chanchal,220,0,0,0,112,0,112,0.0,0.0,1.0
45,Chanchal,221,0,0,0,190,0,190,0.0,0.0,1.0
45,Chanchal,222,0,0,0,44,0,44,0.0,0.0,1.0
45,Chanchal,223,0,0,0,225,0,225,0.0,0.0,1.0
45,Chanchal,224,0,0,0,37,0,37,0.0,0.0,1.0
45,Chanchal,225,0,0,0,444,0,444,0.0,0.0,1.0
45,Chanchal,226,0,0,0,500,0,500,0.0,0.0,1.0
45,Chanchal,227,0,0,0,233,0,233,0.0,0.0,1.0
45,Chanchal,228,0,0,0,405,0,405,0.0,0.0,1.0
45,Chanchal,229,0,0,0,256,0,256,0.0,0.0,1.0
45,Chanchal,23,0,0,0,581,0,581,0.0,0.0,1.0
45,Chanchal,230,0,0,0,81,0,81,0.0,0.0,1.0
45,Chanchal,231,0,0,0,287,0,287,0.0,0.0,1.0
45,Chanchal,232,0,0,0,268,0,268,0.0,0.0,1.0
45,Chanchal,233,0,0,0,5,0,5,0.0,0.0,1.0
45,Chanchal,234,0,0,0,209,0,209,0.0,0.0,1.0
45,Chanchal,235,0,0,0,243,0,243,0.0,0.0,1.0
45,Chanchal,236,0,0,0,274,0,274,0.0,0.0,1.0
45,Chanchal,237,0,0,0,46,0,46,0.0,0.0,1.0
45,Chanchal,238,0,0,0,200,0,200,0.0,0.0,1.0
45,Chanchal,239,0,0,0,218,0,218,0.0,0.0,1.0
45,Chanchal,24,0,0,0,528,0,528,0.0,0.0,1.0
45,Chanchal,240,0,0,0,214,0,214,0.0,0.0,1.0
45,Chanchal,241,1,0,172,52,153,378,0.0026455026455026,0.4047619047619047,0.1375661375661375
45,Chanchal,242,2,0,0,37,325,364,0.0054945054945054,0.8928571428571429,0.1016483516483516
45,Chanchal,243,0,0,173,62,130,365,0.0,0.3561643835616438,0.1698630136986301
45,Chanchal,244,0,0,0,56,199,255,0.0,0.7803921568627451,0.2196078431372549
45,Chanchal,245,0,0,174,292,15,481,0.0,0.0311850311850311,0.6070686070686071
45,Chanchal,246,5,0,0,249,69,323,0.0154798761609907,0.2136222910216718,0.7708978328173375
45,Chanchal,247,4,0,175,94,152,425,0.0094117647058823,0.3576470588235294,0.2211764705882353
45,Chanchal,248,3,0,0,135,141,279,0.010752688172043,0.5053763440860215,0.4838709677419355
45,Chanchal,249,4,0,176,297,34,511,0.0078277886497064,0.0665362035225048,0.5812133072407045
45,Chanchal,25,0,0,0,74,0,74,0.0,0.0,1.0
45,Chanchal,250,3,0,177,63,70,313,0.0095846645367412,0.2236421725239616,0.2012779552715655
45,Chanchal,251,1,0,178,71,123,373,0.002680965147453,0.3297587131367292,0.1903485254691689
45,Chanchal,252,6,0,0,96,32,134,0.044776119402985,0.2388059701492537,0.7164179104477612
45,Chanchal,253,1,0,179,240,54,474,0.0021097046413502,0.1139240506329113,0.5063291139240507
45,Chanchal,254,4,0,180,48,357,589,0.0067911714770797,0.6061120543293718,0.0814940577249575
45,Chanchal,255,4,0,181,194,26,405,0.0098765432098765,0.0641975308641975,0.4790123456790123
45,Chanchal,256,1,0,0,27,412,440,0.0022727272727272,0.9363636363636364,0.0613636363636363
45,Chanchal,257,2,0,0,38,270,310,0.0064516129032258,0.8709677419354839,0.1225806451612903
45,Chanchal,258,0,0,183,85,89,357,0.0,0.2492997198879551,0.238095238095238
45,Chanchal,259,3,0,184,0,248,435,0.0068965517241379,0.5701149425287356,0.0
45,Chanchal,26,0,0,0,72,0,72,0.0,0.0,1.0
45,Chanchal,260,2,0,0,171,35,208,0.0096153846153846,0.1682692307692307,0.8221153846153846
45,Chanchal,261,8,0,0,195,14,217,0.0368663594470046,0.064516129032258,0.8986175115207373
45,Chanchal,262,3,0,0,163,16,182,0.0164835164835164,0.0879120879120879,0.8956043956043956
45,Chanchal,263,0,0,0,54,18,72,0.0,0.25,0.75
45,Chanchal,27,0,0,0,38,0,38,0.0,0.0,1.0
45,Chanchal,28,0,0,0,20,0,20,0.0,0.0,1.0
45,Chanchal,29,0,0,0,22,0,22,0.0,0.0,1.0
45,Chanchal,290,0,0,0,163,0,163,0.0,0.0,1.0
45,Chanchal,291,0,0,0,369,0,369,0.0,0.0,1.0
45,Chanchal,292,0,0,0,166,0,166,0.0,0.0,1.0
45,Chanchal,293,0,0,0,283,0,283,0.0,0.0,1.0
45,Chanchal,294,0,0,0,860,0,860,0.0,0.0,1.0
45,Chanchal,295,0,0,0,220,0,220,0.0,0.0,1.0
45,Chanchal,296,0,0,0,267,0,267,0.0,0.0,1.0
45,Chanchal,297,0,0,0,137,0,137,0.0,0.0,1.0
45,Chanchal,298,0,0,0,148,0,148,0.0,0.0,1.0
45,Chanchal,299,0,0,0,246,0,246,0.0,0.0,1.0
45,Chanchal,30,0,0,0,38,0,38,0.0,0.0,1.0
45,Chanchal,300,0,0,0,561,0,561,0.0,0.0,1.0
45,Chanchal,301,0,0,0,438,0,438,0.0,0.0,1.0
45,Chanchal,302,0,0,0,458,0,458,0.0,0.0,1.0
45,Chanchal,303,0,0,0,267,0,267,0.0,0.0,1.0
45,Chanchal,304,0,0,0,945,0,945,0.0,0.0,1.0
45,Chanchal,305,0,0,0,635,0,635,0.0,0.0,1.0
45,Chanchal,307,0,0,0,324,0,324,0.0,0.0,1.0
45,Chanchal,308,0,0,0,224,0,224,0.0,0.0,1.0
45,Chanchal,309,0,0,0,57,0,57,0.0,0.0,1.0
45,Chanchal,31,0,0,0,19,0,19,0.0,0.0,1.0
45,Chanchal,310,0,0,0,387,0,387,0.0,0.0,1.0
45,Chanchal,311,0,0,0,398,0,398,0.0,0.0,1.0
45,Chanchal,313,0,0,0,2,0,2,0.0,0.0,1.0
45,Chanchal,314,0,0,0,1,0,1,0.0,0.0,1.0
45,Chanchal,315,0,0,0,1,0,1,0.0,0.0,1.0
45,Chanchal,316,0,0,0,4,0,4,0.0,0.0,1.0
45,Chanchal,317,0,0,0,1,0,1,0.0,0.0,1.0
45,Chanchal,318,0,0,0,5,0,5,0.0,0.0,1.0
45,Chanchal,319,0,0,0,1,0,1,0.0,0.0,1.0
45,Chanchal,32,0,0,0,14,0,14,0.0,0.0,1.0
45,Chanchal,320,0,0,0,2,0,2,0.0,0.0,1.0
45,Chanchal,321,0,0,0,8,0,8,0.0,0.0,1.0
45,Chanchal,322,0,0,0,0,0,0,,,
45,Chanchal,323,0,0,0,1,0,1,0.0,0.0,1.0
45,Chanchal,324,0,0,0,1,0,1,0.0,0.0,1.0
45,Chanchal,325,0,0,0,2,0,2,0.0,0.0,1.0
45,Chanchal,326,0,0,0,3,0,3,0.0,0.0,1.0
45,Chanchal,327,0,0,0,2,0,2,0.0,0.0,1.0
45,Chanchal,328,0,0,0,0,0,0,,,
45,Chanchal,329,0,0,0,1,0,1,0.0,0.0,1.0
45,Chanchal,33,0,0,0,12,0,12,0.0,0.0,1.0
45,Chanchal,330,0,0,0,5,0,5,0.0,0.0,1.0
45,Chanchal,331,0,0,0,4,0,4,0.0,0.0,1.0
45,Chanchal,332,0,0,0,3,0,3,0.0,0.0,1.0
45,Chanchal,333,0,0,0,0,0,0,,,
45,Chanchal,334,0,0,0,35,0,35,0.0,0.0,1.0
45,Chanchal,335,0,0,0,1,0,1,0.0,0.0,1.0
45,Chanchal,34,0,0,0,36,0,36,0.0,0.0,1.0
45,Chanchal,35,0,0,0,50,0,50,0.0,0.0,1.0
45,Chanchal,36,0,0,0,48,0,48,0.0,0.0,1.0
45,Chanchal,37,0,0,0,55,0,55,0.0,0.0,1.0
45,Chanchal,38,0,0,0,8,0,8,0.0,0.0,1.0
45,Chanchal,39,0,0,0,17,0,17,0.0,0.0,1.0
45,Chanchal,40,0,0,0,96,0,96,0.0,0.0,1.0
45,Chanchal,41,0,0,0,38,0,38,0.0,0.0,1.0
45,Chanchal,42,0,0,0,29,0,29,0.0,0.0,1.0
45,Chanchal,43,0,0,0,57,0,57,0.0,0.0,1.0
45,Chanchal,44,0,0,0,23,0,23,0.0,0.0,1.0
45,Chanchal,45,0,0,0,21,0,21,0.0,0.0,1.0
45,Chanchal,46,0,0,0,5,0,5,0.0,0.0,1.0
45,Chanchal,47,0,0,0,67,0,67,0.0,0.0,1.0
45,Chanchal,50,0,0,0,601,0,601,0.0,0.0,1.0
45,Chanchal,51,0,0,0,726,0,726,0.0,0.0,1.0
45,Chanchal,52,0,0,0,230,0,230,0.0,0.0,1.0
45,Chanchal,53,0,0,0,475,0,475,0.0,0.0,1.0
45,Chanchal,54,0,0,0,482,0,482,0.0,0.0,1.0
45,Chanchal,55,0,0,0,506,0,506,0.0,0.0,1.0
45,Chanchal,56,0,0,0,538,0,538,0.0,0.0,1.0
45,Chanchal,57,0,0,0,239,0,239,0.0,0.0,1.0
45,Chanchal,58,0,0,0,395,0,395,0.0,0.0,1.0
45,Chanchal,59,0,0,0,515,0,515,0.0,0.0,1.0
45,Chanchal,60,0,0,0,574,0,574,0.0,0.0,1.0
45,Chanchal,61,0,0,0,275,0,275,0.0,0.0,1.0
45,Chanchal,62,0,0,0,406,0,406,0.0,0.0,1.0
45,Chanchal,63,0,0,0,357,0,357,0.0,0.0,1.0
45,Chanchal,64,0,0,0,564,0,564,0.0,0.0,1.0
45,Chanchal,65,0,0,0,681,0,681,0.0,0.0,1.0
45,Chanchal,66,0,0,0,261,0,261,0.0,0.0,1.0
45,Chanchal,67,0,0,0,403,0,403,0.0,0.0,1.0
45,Chanchal,68,0,0,0,208,0,208,0.0,0.0,1.0
45,Chanchal,69,0,0,0,621,0,621,0.0,0.0,1.0
45,Chanchal,7,0,0,0,572,0,572,0.0,0.0,1.0
45,Chanchal,70,0,0,0,502,0,502,0.0,0.0,1.0
45,Chanchal,71,0,0,0,428,0,428,0.0,0.0,1.0
45,Chanchal,73,50,0,63,2,342,457,0.1094091903719912,0.7483588621444202,0.0043763676148796
45,Chanchal,74,106,0,75,58,644,883,0.1200453001132502,0.7293318233295584,0.0656851642129105
45,Chanchal,75,9,0,50,55,449,563,0.0159857904085257,0.7975133214920072,0.0976909413854351
45,Chanchal,76,7,0,14,59,562,642,0.0109034267912772,0.8753894080996885,0.0919003115264797
45,Chanchal,77,8,0,70,59,515,652,0.0122699386503067,0.7898773006134969,0.0904907975460122
45,Chanchal,78,6,0,99,5,400,510,0.0117647058823529,0.7843137254901961,0.0098039215686274
45,Chanchal,79,27,0,80,60,613,780,0.0346153846153846,0.7858974358974359,0.0769230769230769
45,Chanchal,80,79,0,64,65,442,650,0.1215384615384615,0.68,0.1
45,Chanchal,81,3,0,24,70,461,558,0.0053763440860215,0.8261648745519713,0.1254480286738351
45,Chanchal,82,10,0,20,6,444,480,0.0208333333333333,0.925,0.0125
45,Chanchal,83,8,0,49,68,449,574,0.0139372822299651,0.7822299651567944,0.1184668989547038
45,Chanchal,84,103,0,43,17,332,495,0.2080808080808081,0.6707070707070707,0.0343434343434343
45,Chanchal,85,52,0,0,70,501,623,0.0834670947030497,0.8041733547351525,0.1123595505617977
45,Chanchal,86,329,0,33,13,106,481,0.683991683991684,0.2203742203742204,0.027027027027027
45,Chanchal,87,13,0,70,79,654,816,0.0159313725490196,0.8014705882352942,0.096813725490196
45,Chanchal,89,37,0,64,15,470,586,0.0631399317406143,0.8020477815699659,0.0255972696245733
45,Chanchal,9,0,0,0,802,0,802,0.0,0.0,1.0
45,Chanchal,90,5,0,37,85,723,850,0.0058823529411764,0.8505882352941176,0.1
45,Chanchal,91,4,0,33,71,395,503,0.0079522862823061,0.7852882703777336,0.1411530815109344
45,Chanchal,92,31,0,95,72,526,724,0.042817679558011,0.7265193370165746,0.0994475138121546
45,Chanchal,93,92,0,27,75,358,552,0.1666666666666666,0.6485507246376812,0.1358695652173913
45,Chanchal,94,14,0,54,9,377,454,0.0308370044052863,0.8303964757709251,0.0198237885462555
45,Chanchal,95,450,0,0,82,0,532,0.8458646616541353,0.0,0.1541353383458646
45,Chanchal,96,412,0,5,19,55,491,0.8391038696537678,0.1120162932790224,0.0386965376782077
46,Harishchandrapur,100(A),0,0,0,726,0,726,0.0,0.0,1.0
46,Harishchandrapur,102(A),0,0,0,232,0,232,0.0,0.0,1.0
46,Harishchandrapur,103(A),0,0,0,551,0,551,0.0,0.0,1.0
46,Harishchandrapur,145,0,0,0,426,0,426,0.0,0.0,1.0
46,Harishchandrapur,146,0,0,0,386,0,386,0.0,0.0,1.0
46,Harishchandrapur,148,0,0,0,363,0,363,0.0,0.0,1.0
46,Harishchandrapur,149,0,0,0,630,0,630,0.0,0.0,1.0
46,Harishchandrapur,151,0,0,0,371,0,371,0.0,0.0,1.0
46,Harishchandrapur,152,0,0,0,446,0,446,0.0,0.0,1.0
46,Harishchandrapur,153,0,0,0,581,0,581,0.0,0.0,1.0
46,Harishchandrapur,154,0,0,0,76,0,76,0.0,0.0,1.0
46,Harishchandrapur,155,0,0,0,493,0,493,0.0,0.0,1.0
46,Harishchandrapur,156,0,0,0,567,0,567,0.0,0.0,1.0
46,Harishchandrapur,157,0,0,0,439,0,439,0.0,0.0,1.0
46,Harishchandrapur,158,0,0,0,508,0,508,0.0,0.0,1.0
46,Harishchandrapur,159,0,0,0,520,0,520,0.0,0.0,1.0
46,Harishchandrapur,160,0,0,0,488,0,488,0.0,0.0,1.0
46,Harishchandrapur,161,0,0,0,606,0,606,0.0,0.0,1.0
46,Harishchandrapur,162,0,0,0,575,0,575,0.0,0.0,1.0
46,Harishchandrapur,163,0,0,0,714,0,714,0.0,0.0,1.0
46,Harishchandrapur,164,0,0,0,551,0,551,0.0,0.0,1.0
46,Harishchandrapur,165,0,0,0,528,0,528,0.0,0.0,1.0
46,Harishchandrapur,166,0,0,0,465,0,465,0.0,0.0,1.0
46,Harishchandrapur,167,0,0,0,458,0,458,0.0,0.0,1.0
46,Harishchandrapur,28,0,0,0,20,0,20,0.0,0.0,1.0
46,Harishchandrapur,29,0,0,0,21,0,21,0.0,0.0,1.0
46,Harishchandrapur,30,0,0,0,22,0,22,0.0,0.0,1.0
46,Harishchandrapur,31,0,0,0,23,0,23,0.0,0.0,1.0
46,Harishchandrapur,33,0,0,0,24,0,24,0.0,0.0,1.0
46,Harishchandrapur,34,0,0,0,25,0,25,0.0,0.0,1.0
46,Harishchandrapur,35,0,0,0,58,0,58,0.0,0.0,1.0
46,Harishchandrapur,35(A),0,0,0,15,0,15,0.0,0.0,1.0
46,Harishchandrapur,36,0,0,0,159,0,159,0.0,0.0,1.0
46,Harishchandrapur,36(A),0,0,0,265,0,265,0.0,0.0,1.0
46,Harishchandrapur,37,0,0,0,327,0,327,0.0,0.0,1.0
46,Harishchandrapur,37(A),0,0,0,335,0,335,0.0,0.0,1.0
46,Harishchandrapur,38,0,0,0,309,0,309,0.0,0.0,1.0
46,Harishchandrapur,39,0,0,0,187,0,187,0.0,0.0,1.0
46,Harishchandrapur,40,0,0,0,210,0,210,0.0,0.0,1.0
46,Harishchandrapur,41,0,0,0,90,0,90,0.0,0.0,1.0
46,Harishchandrapur,41(A),0,0,0,79,0,79,0.0,0.0,1.0
46,Harishchandrapur,42,0,0,0,65,0,65,0.0,0.0,1.0
46,Harishchandrapur,42(A),0,0,0,95,0,95,0.0,0.0,1.0
46,Harishchandrapur,43,0,0,0,120,0,120,0.0,0.0,1.0
46,Harishchandrapur,43(A),0,0,0,263,0,263,0.0,0.0,1.0
46,Harishchandrapur,44,0,0,0,459,0,459,0.0,0.0,1.0
46,Harishchandrapur,45,0,0,0,186,0,186,0.0,0.0,1.0
46,Harishchandrapur,45(A),0,0,0,147,0,147,0.0,0.0,1.0
46,Harishchandrapur,46,0,0,0,415,0,415,0.0,0.0,1.0
46,Harishchandrapur,46(A),0,0,0,343,0,343,0.0,0.0,1.0
46,Harishchandrapur,47,0,0,0,85,0,85,0.0,0.0,1.0
46,Harishchandrapur,47(A),0,0,0,279,0,279,0.0,0.0,1.0
46,Harishchandrapur,48,0,0,0,177,0,177,0.0,0.0,1.0
46,Harishchandrapur,48(A),0,0,0,78,0,78,0.0,0.0,1.0
46,Harishchandrapur,814,0,0,0,372,0,372,0.0,0.0,1.0
46,Harishchandrapur,99(A),0,0,0,400,0,400,0.0,0.0,1.0
47,Malatipur,1,0,0,3,494,109,606,0.0,0.1798679867986798,0.8151815181518152
47,Malatipur,10,97,0,32,4,450,583,0.1663807890222984,0.7718696397941681,0.006861063464837
47,Malatipur,100,3,0,0,37,465,505,0.0059405940594059,0.9207920792079208,0.0732673267326732
47,Malatipur,101,9,0,0,79,730,818,0.011002444987775,0.8924205378973105,0.0965770171149144
47,Malatipur,102,8,0,0,85,736,829,0.0096501809408926,0.887816646562123,0.1025331724969843
47,Malatipur,103,11,0,0,33,454,498,0.0220883534136546,0.9116465863453816,0.0662650602409638
47,Malatipur,103A,4,0,0,38,414,456,0.0087719298245614,0.9078947368421052,0.0833333333333333
47,Malatipur,104,150,0,0,44,178,372,0.4032258064516129,0.478494623655914,0.1182795698924731
47,Malatipur,105,4,0,0,48,473,525,0.0076190476190476,0.900952380952381,0.0914285714285714
47,Malatipur,106,10,0,0,24,739,773,0.0129366106080207,0.9560155239327296,0.0310478654592496
47,Malatipur,107,15,0,0,136,583,734,0.0204359673024523,0.7942779291553134,0.1852861035422343
47,Malatipur,108,369,0,0,27,242,638,0.5783699059561128,0.3793103448275862,0.0423197492163009
47,Malatipur,109,1,0,0,59,512,572,0.0017482517482517,0.8951048951048951,0.1031468531468531
47,Malatipur,10A,14,0,66,4,466,550,0.0254545454545454,0.8472727272727273,0.0072727272727272
47,Malatipur,11,13,0,85,9,440,547,0.0237659963436928,0.8043875685557587,0.016453382084095
47,Malatipur,110,4,0,0,77,440,521,0.0076775431861804,0.8445297504798465,0.1477927063339731
47,Malatipur,110A,7,0,0,85,443,535,0.0130841121495327,0.8280373831775701,0.1588785046728972
47,Malatipur,111,97,0,0,88,648,833,0.1164465786314525,0.7779111644657863,0.1056422569027611
47,Malatipur,11A,10,0,105,7,430,552,0.0181159420289855,0.7789855072463768,0.0126811594202898
47,Malatipur,12,178,0,40,12,314,544,0.3272058823529412,0.5772058823529411,0.0220588235294117
47,Malatipur,12A,26,0,62,7,497,592,0.0439189189189189,0.839527027027027,0.0118243243243243
47,Malatipur,13,11,0,39,8,443,501,0.0219560878243512,0.8842315369261478,0.0159680638722554
47,Malatipur,13A,152,0,48,6,333,539,0.2820037105751391,0.6178107606679035,0.0111317254174397
47,Malatipur,14,7,0,38,5,470,520,0.0134615384615384,0.903846153846154,0.0096153846153846
47,Malatipur,14A,30,0,41,7,436,514,0.0583657587548638,0.8482490272373541,0.0136186770428015
47,Malatipur,15,583,0,13,4,94,694,0.840057636887608,0.1354466858789625,0.0057636887608069
47,Malatipur,16,410,0,6,7,89,512,0.80078125,0.173828125,0.013671875
47,Malatipur,16A,374,0,9,9,56,448,0.8348214285714286,0.125,0.0200892857142857
47,Malatipur,17,5,0,42,8,406,461,0.0108459869848156,0.8806941431670282,0.0173535791757049
47,Malatipur,17A,6,0,51,4,357,418,0.0143540669856459,0.854066985645933,0.0095693779904306
47,Malatipur,18,224,0,22,17,203,466,0.4806866952789699,0.4356223175965665,0.0364806866952789
47,Malatipur,186,33,0,541,99,139,812,0.0406403940886699,0.1711822660098522,0.1219211822660098
47,Malatipur,187,9,0,97,661,140,907,0.0099228224917309,0.1543550165380375,0.7287761852260198
47,Malatipur,187A,128,0,0,53,226,407,0.3144963144963145,0.5552825552825553,0.1302211302211302
47,Malatipur,188,85,0,104,341,442,972,0.0874485596707819,0.4547325102880658,0.3508230452674897
47,Malatipur,189,139,0,19,461,418,1037,0.1340405014464802,0.4030858244937319,0.4445515911282546
47,Malatipur,19,416,0,24,13,109,562,0.7402135231316725,0.193950177935943,0.0231316725978647
47,Malatipur,190,45,0,141,543,709,1438,0.0312934631432545,0.4930458970792767,0.3776077885952712
47,Malatipur,191,41,0,119,310,552,1022,0.0401174168297455,0.5401174168297456,0.3033268101761252
47,Malatipur,192,54,0,83,319,563,1019,0.0529931305201177,0.5525024533856723,0.3130520117762512
47,Malatipur,193,25,0,132,345,580,1082,0.0231053604436229,0.5360443622920518,0.3188539741219963
47,Malatipur,193A,5,0,0,55,499,559,0.0089445438282647,0.8926654740608229,0.0983899821109123
47,Malatipur,194,14,0,119,535,478,1146,0.0122164048865619,0.4171029668411867,0.4668411867364747
47,Malatipur,195,9,0,249,270,573,1101,0.0081743869209809,0.5204359673024523,0.2452316076294278
47,Malatipur,195A,7,0,0,77,432,516,0.0135658914728682,0.8372093023255814,0.1492248062015503
47,Malatipur,196,16,0,155,365,538,1074,0.0148975791433892,0.5009310986964618,0.3398510242085661
47,Malatipur,197,51,0,421,309,659,1440,0.0354166666666666,0.4576388888888889,0.2145833333333333
47,Malatipur,198,27,0,786,137,543,1493,0.0180843938379102,0.3636972538513061,0.0917615539182853
47,Malatipur,198A,5,0,0,111,361,477,0.010482180293501,0.7568134171907757,0.2327044025157232
47,Malatipur,199,56,0,127,376,574,1133,0.0494263018534863,0.5066195939982348,0.3318623124448367
47,Malatipur,1A,67,0,81,3,304,455,0.1472527472527472,0.6681318681318681,0.0065934065934065
47,Malatipur,2,501,0,103,11,8,623,0.8041733547351525,0.0128410914927768,0.0176565008025682
47,Malatipur,20,48,0,27,2,349,426,0.1126760563380281,0.8192488262910798,0.0046948356807511
47,Malatipur,200,38,0,123,361,617,1139,0.0333625987708516,0.5417032484635645,0.3169446883230904
47,Malatipur,201,96,0,18,412,810,1336,0.0718562874251497,0.6062874251497006,0.3083832335329341
47,Malatipur,202,59,0,34,440,343,876,0.0673515981735159,0.3915525114155251,0.502283105022831
47,Malatipur,202A,10,0,0,121,372,503,0.0198807157057654,0.7395626242544732,0.2405566600397614
47,Malatipur,203,16,0,208,391,576,1191,0.0134340890008396,0.4836272040302267,0.3282955499580184
47,Malatipur,204,35,0,54,538,564,1191,0.0293870696893366,0.473551637279597,0.4517212426532326
47,Malatipur,205,18,0,307,556,677,1558,0.0115532734274711,0.4345314505776637,0.3568677792041078
47,Malatipur,206,14,0,278,347,458,1097,0.0127620783956244,0.4175022789425706,0.316317228805834
47,Malatipur,207,14,0,211,404,348,977,0.014329580348004,0.3561924257932446,0.413510747185261
47,Malatipur,207A,6,0,0,71,368,445,0.0134831460674157,0.8269662921348314,0.1595505617977528
47,Malatipur,208,21,0,476,125,686,1308,0.0160550458715596,0.5244648318042814,0.095565749235474
47,Malatipur,209,28,0,426,69,380,903,0.0310077519379844,0.4208194905869324,0.0764119601328903
47,Malatipur,209A,19,0,0,28,326,373,0.0509383378016085,0.8739946380697051,0.0750670241286863
47,Malatipur,20A,257,0,6,4,117,384,0.6692708333333334,0.3046875,0.0104166666666666
47,Malatipur,21,369,0,36,22,348,775,0.4761290322580645,0.4490322580645161,0.0283870967741935
47,Malatipur,210,32,0,324,166,615,1137,0.0281442392260334,0.5408970976253298,0.1459982409850483
47,Malatipur,210A,6,0,0,70,482,558,0.010752688172043,0.8637992831541219,0.1254480286738351
47,Malatipur,211,17,0,202,324,535,1078,0.0157699443413729,0.4962894248608534,0.300556586270872
47,Malatipur,212,278,0,320,162,540,1300,0.2138461538461538,0.4153846153846154,0.1246153846153846
47,Malatipur,213,225,0,742,121,695,1783,0.1261918115535614,0.3897924845765563,0.0678631519910263
47,Malatipur,214,420,0,302,257,464,1443,0.2910602910602911,0.3215523215523215,0.1781011781011781
47,Malatipur,215,336,0,165,327,387,1215,0.2765432098765432,0.3185185185185185,0.2691358024691358
47,Malatipur,216,68,0,375,114,616,1173,0.0579710144927536,0.525149190110827,0.0971867007672634
47,Malatipur,217,19,0,244,151,0,414,0.0458937198067632,0.0,0.3647342995169082
47,Malatipur,218,63,0,324,12,159,558,0.1129032258064516,0.2849462365591398,0.021505376344086
47,Malatipur,219,53,0,358,17,0,428,0.1238317757009345,0.0,0.0397196261682243
47,Malatipur,22,462,0,22,12,120,616,0.75,0.1948051948051948,0.0194805194805194
47,Malatipur,220,194,0,452,24,160,830,0.2337349397590361,0.1927710843373494,0.0289156626506024
47,Malatipur,221,118,0,320,8,161,607,0.1943986820428336,0.2652388797364086,0.0131795716639209
47,Malatipur,222,108,0,448,7,0,563,0.191829484902309,0.0,0.0124333925399644
47,Malatipur,223,139,0,433,17,162,751,0.18508655126498,0.2157123834886817,0.0226364846870838
47,Malatipur,3,37,0,130,5,491,663,0.0558069381598793,0.7405731523378583,0.0075414781297134
47,Malatipur,300,11,0,116,13,412,552,0.019927536231884,0.7463768115942029,0.0235507246376811
47,Malatipur,301,14,0,116,5,460,595,0.0235294117647058,0.773109243697479,0.0084033613445378
47,Malatipur,302,265,0,98,19,335,717,0.3695955369595537,0.4672245467224546,0.0264993026499302
47,Malatipur,303,2,0,68,4,482,556,0.0035971223021582,0.8669064748201439,0.0071942446043165
47,Malatipur,304,10,0,76,8,481,575,0.017391304347826,0.8365217391304348,0.0139130434782608
47,Malatipur,305,7,0,86,13,331,437,0.0160183066361556,0.7574370709382151,0.0297482837528604
47,Malatipur,306,5,0,71,12,381,469,0.0106609808102345,0.8123667377398721,0.0255863539445629
47,Malatipur,307,13,0,195,14,623,845,0.0153846153846153,0.7372781065088757,0.0165680473372781
47,Malatipur,308,3,0,113,8,253,377,0.0079575596816976,0.6710875331564987,0.0212201591511936
47,Malatipur,309,8,0,66,9,409,492,0.016260162601626,0.8313008130081301,0.0182926829268292
47,Malatipur,310,4,0,62,11,410,487,0.0082135523613963,0.8418891170431212,0.0225872689938398
47,Malatipur,311,5,0,120,5,415,545,0.0091743119266055,0.7614678899082569,0.0091743119266055
47,Malatipur,312,2,0,108,10,453,573,0.0034904013961605,0.7905759162303665,0.0174520069808027
47,Malatipur,313,409,0,26,11,70,516,0.7926356589147286,0.1356589147286821,0.0213178294573643
47,Malatipur,314,398,0,28,19,68,513,0.7758284600389863,0.1325536062378167,0.037037037037037
47,Malatipur,315,284,0,18,13,137,452,0.6283185840707964,0.3030973451327434,0.0287610619469026
47,Malatipur,316,151,0,59,15,289,514,0.2937743190661478,0.5622568093385214,0.0291828793774319
47,Malatipur,317,575,0,29,4,70,678,0.8480825958702065,0.103244837758112,0.0058997050147492
47,Malatipur,318,11,0,93,11,543,658,0.0167173252279635,0.8252279635258358,0.0167173252279635
47,Malatipur,319,5,0,79,10,746,840,0.0059523809523809,0.888095238095238,0.0119047619047619
47,Malatipur,320,8,0,135,13,457,613,0.0130505709624796,0.7455138662316476,0.0212071778140293
47,Malatipur,321,9,0,95,7,384,495,0.0181818181818181,0.7757575757575758,0.0141414141414141
47,Malatipur,322,384,0,21,14,175,594,0.6464646464646465,0.2946127946127946,0.0235690235690235
47,Malatipur,4,6,0,119,9,457,591,0.0101522842639593,0.7732656514382402,0.015228426395939
47,Malatipur,5,31,0,118,8,336,493,0.0628803245436105,0.6815415821501014,0.0162271805273833
47,Malatipur,52,2,0,0,507,42,551,0.0036297640653357,0.0762250453720508,0.9201451905626136
47,Malatipur,52A,4,0,0,396,38,438,0.0091324200913242,0.0867579908675799,0.9041095890410958
47,Malatipur,53,2,0,0,469,22,493,0.0040567951318458,0.0446247464503042,0.95131845841785
47,Malatipur,53A,2,0,0,474,15,491,0.0040733197556008,0.0305498981670061,0.9653767820773932
47,Malatipur,54,2,0,0,409,108,519,0.0038535645472061,0.2080924855491329,0.7880539499036608
47,Malatipur,54A,1,0,0,536,17,554,0.0018050541516245,0.0306859205776173,0.967509025270758
47,Malatipur,55,3,0,0,359,82,444,0.0067567567567567,0.1846846846846846,0.8085585585585585
47,Malatipur,56,2,0,0,582,147,731,0.0027359781121751,0.20109439124487,0.7961696306429549
47,Malatipur,57,2,0,0,652,147,801,0.0024968789013732,0.1835205992509363,0.8139825218476904
47,Malatipur,58,2,0,0,568,52,622,0.0032154340836012,0.0836012861736334,0.9131832797427653
47,Malatipur,59,0,0,0,886,60,946,0.0,0.0634249471458773,0.9365750528541226
47,Malatipur,5A,200,0,51,8,182,441,0.4535147392290249,0.4126984126984127,0.0181405895691609
47,Malatipur,6,49,0,116,14,686,865,0.0566473988439306,0.793063583815029,0.0161849710982658
47,Malatipur,60,2,0,0,476,134,612,0.0032679738562091,0.218954248366013,0.7777777777777778
47,Malatipur,61,1,0,0,676,91,768,0.0013020833333333,0.1184895833333333,0.8802083333333334
47,Malatipur,62,0,0,0,282,44,326,0.0,0.1349693251533742,0.8650306748466258
47,Malatipur,63,0,0,0,479,53,532,0.0,0.0996240601503759,0.900375939849624
47,Malatipur,63A,0,0,0,353,59,412,0.0,0.1432038834951456,0.8567961165048543
47,Malatipur,64,1,0,0,454,63,518,0.0019305019305019,0.1216216216216216,0.8764478764478765
47,Malatipur,65,1,0,0,532,163,696,0.0014367816091954,0.2341954022988505,0.764367816091954
47,Malatipur,66,1,0,0,737,171,909,0.0011001100110011,0.1881188118811881,0.8107810781078107
47,Malatipur,67,0,0,0,570,80,650,0.0,0.123076923076923,0.8769230769230769
47,Malatipur,68,0,0,0,429,78,507,0.0,0.1538461538461538,0.8461538461538461
47,Malatipur,68A,1,0,0,341,25,367,0.0027247956403269,0.0681198910081744,0.9291553133514986
47,Malatipur,69,0,0,0,454,68,522,0.0,0.1302681992337164,0.8697318007662835
47,Malatipur,69A,0,0,0,457,58,515,0.0,0.1126213592233009,0.887378640776699
47,Malatipur,7,26,0,57,10,484,577,0.0450606585788561,0.8388214904679376,0.0173310225303292
47,Malatipur,70,1,0,0,449,44,494,0.0020242914979757,0.0890688259109311,0.9089068825910932
47,Malatipur,71,1,0,0,434,40,475,0.0021052631578947,0.0842105263157894,0.9136842105263158
47,Malatipur,71A,1,0,0,402,31,434,0.0023041474654377,0.0714285714285714,0.9262672811059908
47,Malatipur,72,1,0,0,711,135,847,0.0011806375442739,0.1593860684769775,0.8394332939787486
47,Malatipur,73,1,0,0,533,36,570,0.0017543859649122,0.0631578947368421,0.9350877192982456
47,Malatipur,74,1,0,0,452,69,522,0.0019157088122605,0.132183908045977,0.8659003831417624
47,Malatipur,74A,1,0,0,468,87,556,0.0017985611510791,0.1564748201438849,0.841726618705036
47,Malatipur,75,1,0,0,667,85,753,0.0013280212483399,0.1128818061088977,0.8857901726427623
47,Malatipur,76,2,0,0,508,95,605,0.0033057851239669,0.1570247933884297,0.8396694214876033
47,Malatipur,77,0,0,0,521,36,557,0.0,0.0646319569120287,0.9353680430879712
47,Malatipur,78,1,0,0,639,85,725,0.0013793103448275,0.1172413793103448,0.8813793103448276
47,Malatipur,79,1,0,0,724,18,743,0.0013458950201884,0.0242261103633916,0.97442799461642
47,Malatipur,7A,198,0,51,22,319,590,0.335593220338983,0.5406779661016949,0.0372881355932203
47,Malatipur,8,173,0,24,7,265,469,0.3688699360341151,0.5650319829424307,0.0149253731343283
47,Malatipur,80,1,0,0,775,88,864,0.0011574074074074,0.1018518518518518,0.8969907407407407
47,Malatipur,81,2,0,0,485,19,506,0.0039525691699604,0.0375494071146245,0.958498023715415
47,Malatipur,81A,8,0,0,49,430,487,0.0164271047227926,0.8829568788501027,0.1006160164271047
47,Malatipur,82,2,0,0,44,490,536,0.003731343283582,0.914179104477612,0.0820895522388059
47,Malatipur,82A,1,0,0,46,499,546,0.0018315018315018,0.913919413919414,0.0842490842490842
47,Malatipur,83,3,0,0,25,422,450,0.0066666666666666,0.9377777777777778,0.0555555555555555
47,Malatipur,84,5,0,0,17,449,471,0.0106157112526539,0.9532908704883228,0.0360934182590233
47,Malatipur,84A,9,0,0,21,468,498,0.0180722891566265,0.9397590361445785,0.0421686746987951
47,Malatipur,85,8,0,0,28,414,450,0.0177777777777777,0.92,0.0622222222222222
47,Malatipur,86,12,0,0,100,642,754,0.0159151193633952,0.8514588859416445,0.1326259946949602
47,Malatipur,87,133,0,0,73,393,599,0.2220367278797996,0.656093489148581,0.1218697829716193
47,Malatipur,88,7,0,0,75,473,555,0.0126126126126126,0.8522522522522522,0.1351351351351351
47,Malatipur,88A,7,0,0,81,477,565,0.0123893805309734,0.8442477876106195,0.1433628318584071
47,Malatipur,89,179,0,0,46,355,580,0.3086206896551724,0.6120689655172413,0.0793103448275862
47,Malatipur,9,28,0,97,11,656,792,0.0353535353535353,0.8282828282828283,0.0138888888888888
47,Malatipur,90,19,0,0,44,806,869,0.0218642117376294,0.9275028768699656,0.050632911392405
47,Malatipur,91,403,0,0,45,329,777,0.5186615186615187,0.4234234234234234,0.0579150579150579
47,Malatipur,92,25,0,0,40,406,471,0.0530785562632696,0.861995753715499,0.0849256900212314
47,Malatipur,92A,87,0,0,36,317,440,0.1977272727272727,0.7204545454545455,0.0818181818181818
47,Malatipur,93,8,0,0,31,480,519,0.0154142581888246,0.9248554913294798,0.0597302504816955
47,Malatipur,93A,6,0,0,30,436,472,0.0127118644067796,0.923728813559322,0.0635593220338983
47,Malatipur,94,15,0,0,51,679,745,0.0201342281879194,0.9114093959731544,0.0684563758389261
47,Malatipur,95,461,0,0,32,327,820,0.5621951219512196,0.398780487804878,0.0390243902439024
47,Malatipur,96,12,0,0,68,699,779,0.0154043645699614,0.8973042362002568,0.0872913992297817
47,Malatipur,97,175,0,0,108,411,694,0.2521613832853026,0.5922190201729106,0.1556195965417867
47,Malatipur,98,20,0,0,80,517,617,0.0324149108589951,0.8379254457050244,0.1296596434359805
47,Malatipur,99,247,0,0,31,146,424,0.5825471698113207,0.3443396226415094,0.0731132075471698
48,Ratua,1,267,0,0,54,3,324,0.8240740740740741,0.0092592592592592,0.1666666666666666
48,Ratua,10,340,0,0,80,0,420,0.8095238095238095,0.0,0.1904761904761904
48,Ratua,100,0,0,5,434,3,442,0.0,0.006787330316742,0.9819004524886876
48,Ratua,101,72,0,8,448,3,531,0.135593220338983,0.0056497175141242,0.8436911487758946
48,Ratua,102,0,0,7,379,4,390,0.0,0.0102564102564102,0.9717948717948718
48,Ratua,103,73,0,388,69,3,533,0.1369606003752345,0.0056285178236397,0.1294559099437148
48,Ratua,104,0,0,354,63,1,418,0.0,0.0023923444976076,0.1507177033492823
48,Ratua,105,74,0,125,342,8,549,0.1347905282331511,0.0145719489981785,0.6229508196721312
48,Ratua,106,0,0,9,357,3,369,0.0,0.008130081300813,0.967479674796748
48,Ratua,107,75,0,1,252,7,335,0.2238805970149253,0.0208955223880597,0.7522388059701492
48,Ratua,108,0,0,5,390,6,401,0.0,0.0149625935162094,0.972568578553616
48,Ratua,108A,60,0,0,33,408,501,0.1197604790419161,0.8143712574850299,0.0658682634730539
48,Ratua,109,92,0,13,677,461,1243,0.0740144810941271,0.3708769106999195,0.5446500402252614
48,Ratua,109A,117,0,0,42,258,417,0.2805755395683453,0.6187050359712231,0.1007194244604316
48,Ratua,11,389,0,0,127,4,520,0.7480769230769231,0.0076923076923076,0.2442307692307692
48,Ratua,110,366,0,4,461,148,979,0.3738508682328907,0.1511746680286006,0.4708886618998978
48,Ratua,110A,254,0,0,15,141,410,0.6195121951219512,0.3439024390243902,0.0365853658536585
48,Ratua,111,9,0,1,464,567,1041,0.0086455331412103,0.5446685878962536,0.4457252641690682
48,Ratua,112,102,0,243,208,401,954,0.1069182389937107,0.420335429769392,0.2180293501048218
48,Ratua,112A,46,0,0,41,338,425,0.108235294117647,0.7952941176470588,0.0964705882352941
48,Ratua,113,148,0,324,73,339,884,0.167420814479638,0.3834841628959276,0.0825791855203619
48,Ratua,113A,210,0,0,12,195,417,0.5035971223021583,0.4676258992805755,0.0287769784172661
48,Ratua,114,523,0,271,282,94,1170,0.447008547008547,0.0803418803418803,0.241025641025641
48,Ratua,114A,395,0,0,24,137,556,0.710431654676259,0.2464028776978417,0.0431654676258992
48,Ratua,115,0,0,22,403,5,430,0.0,0.0116279069767441,0.9372093023255814
48,Ratua,115A,201,0,0,351,4,556,0.3615107913669064,0.0071942446043165,0.6312949640287769
48,Ratua,116,61,0,388,69,386,904,0.0674778761061946,0.4269911504424779,0.0763274336283185
48,Ratua,116A,16,0,0,573,6,595,0.026890756302521,0.0100840336134453,0.9630252100840336
48,Ratua,117,114,0,83,713,193,1103,0.1033544877606527,0.1749773345421577,0.6464188576609248
48,Ratua,117A,265,0,0,48,473,786,0.3371501272264631,0.6017811704834606,0.0610687022900763
48,Ratua,118,7,0,0,44,501,552,0.0126811594202898,0.907608695652174,0.0797101449275362
48,Ratua,118A,4,0,0,588,3,595,0.0067226890756302,0.0050420168067226,0.9882352941176472
48,Ratua,119,89,0,13,563,508,1173,0.0758738277919863,0.43307757885763,0.4799658994032396
48,Ratua,12,316,0,0,147,2,465,0.6795698924731183,0.0043010752688172,0.3161290322580645
48,Ratua,120,87,0,213,301,640,1241,0.0701047542304593,0.515713134568896,0.2425463336019339
48,Ratua,121,5,0,103,393,460,961,0.0052029136316337,0.4786680541103018,0.40894901144641
48,Ratua,122,94,0,253,430,55302,56079,0.0016762067797214,0.9861445460867704,0.0076677544178747
48,Ratua,123,10,0,288,213,474,985,0.0101522842639593,0.4812182741116751,0.216243654822335
48,Ratua,123A,12,0,0,80,453,545,0.0220183486238532,0.8311926605504587,0.146788990825688
48,Ratua,124,90,0,3,651,390,1134,0.0793650793650793,0.3439153439153439,0.5740740740740741
48,Ratua,124A,29,0,0,60,275,364,0.0796703296703296,0.7554945054945055,0.1648351648351648
48,Ratua,125,93,0,12,538,684,1327,0.0700828937452901,0.5154483798040693,0.4054257724189902
48,Ratua,126,7,0,0,549,573,1129,0.0062001771479185,0.5075287865367581,0.4862710363153233
48,Ratua,127,93,0,38,65,953,1149,0.0809399477806788,0.8294168842471714,0.0565709312445604
48,Ratua,127A,58,0,0,62,347,467,0.1241970021413276,0.7430406852248393,0.1327623126338329
48,Ratua,128,91,0,10,579,375,1055,0.0862559241706161,0.3554502369668246,0.5488151658767773
48,Ratua,128A,1,0,0,67,380,448,0.0022321428571428,0.8482142857142857,0.1495535714285714
48,Ratua,129,141,0,341,1046,571,2099,0.0671748451643639,0.2720343020485946,0.4983325393044306
48,Ratua,13,333,0,0,181,1,515,0.6466019417475728,0.0019417475728155,0.3514563106796116
48,Ratua,130,49,0,182,238,366,835,0.0586826347305389,0.4383233532934131,0.2850299401197604
48,Ratua,130A,272,0,0,55,74,401,0.6783042394014963,0.1845386533665835,0.1371571072319202
48,Ratua,131,97,0,57,680,350,1184,0.0819256756756756,0.2956081081081081,0.5743243243243243
48,Ratua,132,92,0,9,642,8,751,0.1225033288948069,0.0106524633821571,0.8548601864181092
48,Ratua,132A,2,0,0,68,343,413,0.0048426150121065,0.8305084745762712,0.1646489104116222
48,Ratua,133,104,0,5,567,320,996,0.1044176706827309,0.321285140562249,0.5692771084337349
48,Ratua,134,0,0,2,484,4,490,0.0,0.0081632653061224,0.9877551020408164
48,Ratua,135,0,0,5,465,6,476,0.0,0.0126050420168067,0.976890756302521
48,Ratua,136,0,0,19,7,18,44,0.0,0.4090909090909091,0.1590909090909091
48,Ratua,137,95,0,411,39,4,549,0.1730418943533697,0.0072859744990892,0.0710382513661202
48,Ratua,138,96,0,2,435,1,534,0.1797752808988764,0.0018726591760299,0.8146067415730337
48,Ratua,139,0,0,2,420,2,424,0.0,0.0047169811320754,0.9905660377358492
48,Ratua,14,400,0,0,185,8,593,0.6745362563237775,0.0134907251264755,0.311973018549747
48,Ratua,140,97,0,4,562,5,668,0.1452095808383233,0.0074850299401197,0.8413173652694611
48,Ratua,141,0,0,5,442,3,450,0.0,0.0066666666666666,0.9822222222222222
48,Ratua,142,98,0,6,523,4,631,0.1553090332805071,0.0063391442155309,0.8288431061806656
48,Ratua,143,99,0,6,104,9,218,0.4541284403669725,0.0412844036697247,0.4770642201834862
48,Ratua,144,100,0,5,491,4,600,0.1666666666666666,0.0066666666666666,0.8183333333333334
48,Ratua,145,0,0,4,478,1,483,0.0,0.0020703933747412,0.989648033126294
48,Ratua,146,101,0,7,475,3,586,0.1723549488054607,0.0051194539249146,0.810580204778157
48,Ratua,147,0,0,7,447,5,459,0.0,0.0108932461873638,0.9738562091503268
48,Ratua,148,102,0,3,554,2,661,0.1543116490166414,0.0030257186081694,0.8381240544629349
48,Ratua,149,0,0,0,576,4,580,0.0,0.0068965517241379,0.993103448275862
48,Ratua,15,2296,0,0,164,6,2466,0.9310624493106244,0.0024330900243309,0.0665044606650446
48,Ratua,150,10,0,103,65,7,185,0.054054054054054,0.0378378378378378,0.3513513513513513
48,Ratua,151,104,0,279,316,5,704,0.1477272727272727,0.0071022727272727,0.4488636363636363
48,Ratua,152,0,0,357,177,2,536,0.0,0.003731343283582,0.3302238805970149
48,Ratua,153,105,0,5,427,0,537,0.1955307262569832,0.0,0.7951582867783985
48,Ratua,154,0,0,7,391,2,400,0.0,0.005,0.9775
48,Ratua,155,106,0,465,80,1,652,0.1625766871165644,0.0015337423312883,0.1226993865030674
48,Ratua,156,0,0,290,149,3,442,0.0,0.006787330316742,0.33710407239819
48,Ratua,157,107,0,304,87,1,499,0.2144288577154308,0.002004008016032,0.1743486973947896
48,Ratua,158,0,0,177,215,3,395,0.0,0.0075949367088607,0.5443037974683544
48,Ratua,159,108,0,280,224,2,614,0.1758957654723127,0.003257328990228,0.3648208469055374
48,Ratua,16,58,0,0,428,3,489,0.1186094069529652,0.0061349693251533,0.8752556237218814
48,Ratua,17,333,0,0,176,0,509,0.6542239685658153,0.0,0.3457760314341846
48,Ratua,18,377,0,0,39,0,416,0.90625,0.0,0.09375
48,Ratua,19,493,0,0,217,6,716,0.6885474860335196,0.0083798882681564,0.303072625698324
48,Ratua,2,277,0,0,101,1,379,0.7308707124010554,0.0026385224274406,0.2664907651715039
48,Ratua,20,450,0,0,918,2,1370,0.3284671532846715,0.0014598540145985,0.67007299270073
48,Ratua,201,134,0,13,702,5,854,0.1569086651053864,0.0058548009367681,0.8220140515222483
48,Ratua,202,135,0,1,485,5,626,0.2156549520766773,0.0079872204472843,0.7747603833865815
48,Ratua,203,136,0,8,537,4,685,0.1985401459854014,0.0058394160583941,0.7839416058394161
48,Ratua,204,0,0,73,425,5,503,0.0,0.0099403578528827,0.8449304174950298
48,Ratua,205,137,0,3,662,3,805,0.1701863354037267,0.0037267080745341,0.822360248447205
48,Ratua,206,138,0,2,543,5,688,0.2005813953488372,0.0072674418604651,0.7892441860465116
48,Ratua,207,139,0,2,83,2,226,0.6150442477876106,0.0088495575221238,0.3672566371681416
48,Ratua,208,140,0,16,572,4,732,0.1912568306010929,0.0054644808743169,0.7814207650273224
48,Ratua,209,0,0,4,494,4,502,0.0,0.0079681274900398,0.9840637450199204
48,Ratua,21,433,0,0,250,5,688,0.6293604651162791,0.0072674418604651,0.3633720930232558
48,Ratua,210,141,0,363,83,3,590,0.2389830508474576,0.0050847457627118,0.1406779661016949
48,Ratua,211,0,0,242,93,0,335,0.0,0.0,0.2776119402985074
48,Ratua,212,142,0,394,115,2,653,0.2174578866768759,0.003062787136294,0.1761102603369065
48,Ratua,213,0,0,358,57,0,415,0.0,0.0,0.1373493975903614
48,Ratua,214,143,0,377,90,1,611,0.2340425531914893,0.0016366612111292,0.1472995090016366
48,Ratua,215,0,0,350,52,2,404,0.0,0.0049504950495049,0.1287128712871287
48,Ratua,216,144,0,541,141,1,827,0.1741233373639661,0.0012091898428053,0.1704957678355501
48,Ratua,217,145,0,2,503,5,655,0.2213740458015267,0.0076335877862595,0.76793893129771
48,Ratua,218,0,0,20,455,1,476,0.0,0.0021008403361344,0.9558823529411764
48,Ratua,219,146,0,210,299,3,658,0.2218844984802431,0.0045592705167173,0.4544072948328267
48,Ratua,22,256,0,0,121,5,382,0.6701570680628273,0.013089005235602,0.3167539267015706
48,Ratua,220,0,0,194,266,2,462,0.0,0.0043290043290043,0.5757575757575758
48,Ratua,221,147,0,3,659,3,812,0.1810344827586207,0.0036945812807881,0.8115763546798029
48,Ratua,222,148,0,17,506,1,672,0.2202380952380952,0.0014880952380952,0.7529761904761905
48,Ratua,223,149,0,7,787,3,946,0.1575052854122621,0.0031712473572938,0.8319238900634249
48,Ratua,224,150,0,10,538,2,700,0.2142857142857142,0.0028571428571428,0.7685714285714286
48,Ratua,225,0,0,254,293,1,548,0.0,0.0018248175182481,0.5346715328467153
48,Ratua,226,151,0,18,664,4,837,0.1804062126642771,0.004778972520908,0.7933094384707288
48,Ratua,227,152,0,9,496,2,659,0.2306525037936267,0.0030349013657056,0.7526555386949925
48,Ratua,228,0,0,22,3828,7,3857,0.0,0.0018148820326678,0.9924812030075189
48,Ratua,229,153,0,18,577,6,754,0.2029177718832891,0.0079575596816976,0.7652519893899205
48,Ratua,23,245,0,0,80,2,327,0.7492354740061162,0.0061162079510703,0.2446483180428134
48,Ratua,230,0,0,215,341,5,561,0.0,0.0089126559714795,0.6078431372549019
48,Ratua,231,154,0,222,211,6,593,0.2596964586846543,0.0101180438448566,0.3558178752107925
48,Ratua,232,0,0,108,341,3,452,0.0,0.0066371681415929,0.754424778761062
48,Ratua,233,155,0,1,535,3,694,0.223342939481268,0.0043227665706051,0.770893371757925
48,Ratua,234,0,0,2,505,2,509,0.0,0.0039292730844793,0.9921414538310412
48,Ratua,235,156,0,339,276,2,773,0.2018111254851229,0.0025873221216041,0.3570504527813712
48,Ratua,236,0,0,21,527,1,549,0.0,0.0018214936247723,0.9599271402550092
48,Ratua,237,157,0,113,546,2,818,0.1919315403422982,0.0024449877750611,0.6674816625916871
48,Ratua,238,158,0,339,203,3,703,0.22475106685633,0.0042674253200568,0.2887624466571835
48,Ratua,239,159,0,4,626,5,794,0.2002518891687657,0.0062972292191435,0.7884130982367759
48,Ratua,24,3,0,0,527,7,537,0.0055865921787709,0.0130353817504655,0.9813780260707636
48,Ratua,240,0,0,2,511,12,525,0.0,0.0228571428571428,0.9733333333333334
48,Ratua,241,160,0,11,5528,9,5708,0.028030833917309,0.0015767344078486,0.9684653118430272
48,Ratua,242,0,0,203,278,2,483,0.0,0.0041407867494824,0.5755693581780539
48,Ratua,243,161,0,7,527,3,698,0.2306590257879656,0.0042979942693409,0.7550143266475645
48,Ratua,244,0,0,6,448,6,460,0.0,0.0130434782608695,0.9739130434782608
48,Ratua,245,162,0,5,445,5,617,0.2625607779578606,0.0081037277147487,0.7212317666126418
48,Ratua,246,0,0,5,455,2,462,0.0,0.0043290043290043,0.9848484848484848
48,Ratua,247,163,0,1,311,3,478,0.3410041841004184,0.006276150627615,0.6506276150627615
48,Ratua,248,0,0,3,416,1,420,0.0,0.0023809523809523,0.9904761904761904
48,Ratua,249,164,0,7,674,13,858,0.1911421911421911,0.0151515151515151,0.7855477855477856
48,Ratua,25,1,0,0,551,3,555,0.0018018018018018,0.0054054054054054,0.9927927927927928
48,Ratua,250,165,0,9,744,7,925,0.1783783783783784,0.0075675675675675,0.8043243243243243
48,Ratua,251,166,0,9,546,4,725,0.2289655172413793,0.0055172413793103,0.7531034482758621
48,Ratua,252,167,0,5,552,4,728,0.2293956043956043,0.0054945054945054,0.7582417582417582
48,Ratua,253,168,0,8,496,13,685,0.2452554744525547,0.018978102189781,0.724087591240876
48,Ratua,254,169,0,340,126,5,640,0.2640625,0.0078125,0.196875
48,Ratua,255,0,0,1600,248,4,1852,0.0,0.0021598272138228,0.1339092872570194
48,Ratua,256,170,0,178,273,3,624,0.2724358974358974,0.0048076923076923,0.4375
48,Ratua,257,0,0,12,396,3,411,0.0,0.0072992700729927,0.9635036496350364
48,Ratua,258,171,0,5,503,6,685,0.2496350364963503,0.0087591240875912,0.7343065693430657
48,Ratua,259,0,0,9,550,2,561,0.0,0.0035650623885918,0.9803921568627452
48,Ratua,26,11,0,0,562,1,574,0.019163763066202,0.0017421602787456,0.9790940766550522
48,Ratua,260,172,0,6,558,2,738,0.2330623306233062,0.002710027100271,0.7560975609756098
48,Ratua,261,173,0,4,513,8,698,0.2478510028653295,0.0114613180515759,0.7349570200573066
48,Ratua,262,174,0,2,493,7,676,0.257396449704142,0.0103550295857988,0.7292899408284024
48,Ratua,263,175,0,6,596,6,783,0.2234993614303959,0.0076628352490421,0.7611749680715197
48,Ratua,264,176,0,225,159,4,564,0.3120567375886525,0.0070921985815602,0.2819148936170212
48,Ratua,265,177,0,3,466,4,650,0.2723076923076923,0.0061538461538461,0.7169230769230769
48,Ratua,266,0,0,3,425,4,432,0.0,0.0092592592592592,0.9837962962962964
48,Ratua,267,178,0,1,719,2,900,0.1977777777777777,0.0022222222222222,0.7988888888888889
48,Ratua,268,179,0,5,652,2,838,0.2136038186157517,0.0023866348448687,0.7780429594272077
48,Ratua,269,180,0,5,424,5,614,0.2931596091205212,0.00814332247557,0.6905537459283387
48,Ratua,27,161,0,0,340,2,503,0.320079522862823,0.003976143141153,0.6759443339960238
48,Ratua,270,0,0,2,462,3,467,0.0,0.006423982869379,0.9892933618843684
48,Ratua,271,181,0,98,667,4,950,0.1905263157894736,0.0042105263157894,0.7021052631578948
48,Ratua,272,182,0,73,566,0,821,0.2216808769792935,0.0,0.6894031668696712
48,Ratua,273,183,0,3,418,1,605,0.3024793388429752,0.0016528925619834,0.6909090909090909
48,Ratua,274,0,0,6,445,3,454,0.0,0.0066079295154185,0.9801762114537445
48,Ratua,275,184,0,8,581,2,775,0.2374193548387096,0.0025806451612903,0.7496774193548387
48,Ratua,276,185,0,8,675,9,877,0.2109464082098061,0.0102622576966932,0.7696693272519954
48,Ratua,277,186,0,5,594,8,793,0.2345523329129886,0.0100882723833543,0.7490542244640606
48,Ratua,278,187,0,7,523,4,721,0.2593619972260749,0.0055478502080443,0.7253814147018031
48,Ratua,279,0,0,6,438,6,450,0.0,0.0133333333333333,0.9733333333333334
48,Ratua,28,233,0,0,213,4,450,0.5177777777777778,0.0088888888888888,0.4733333333333333
48,Ratua,280,190,0,3,1133,6,1332,0.1426426426426426,0.0045045045045045,0.8506006006006006
48,Ratua,281,189,0,18,376,8,591,0.3197969543147208,0.0135363790186125,0.6362098138747885
48,Ratua,282,0,0,11,334,5,350,0.0,0.0142857142857142,0.9542857142857144
48,Ratua,283,190,0,10,489,2,691,0.2749638205499276,0.0028943560057887,0.7076700434153401
48,Ratua,284,0,0,5,480,2,487,0.0,0.0041067761806981,0.9856262833675564
48,Ratua,285,191,0,7,549,4,751,0.2543275632490013,0.0053262316910785,0.7310252996005326
48,Ratua,286,192,0,13,530,0,735,0.2612244897959184,0.0,0.7210884353741497
48,Ratua,29,294,0,0,551,4,849,0.3462897526501767,0.0047114252061248,0.6489988221436984
48,Ratua,3,258,0,0,168,5,431,0.5986078886310905,0.0116009280742459,0.3897911832946635
48,Ratua,30,184,0,0,27,142,353,0.5212464589235127,0.4022662889518413,0.0764872521246459
48,Ratua,30A,3,0,0,105,362,470,0.0063829787234042,0.7702127659574468,0.2234042553191489
48,Ratua,31,460,0,0,322,3,785,0.5859872611464968,0.0038216560509554,0.4101910828025478
48,Ratua,32,425,0,0,452,4,881,0.4824063564131668,0.0045402951191827,0.5130533484676504
48,Ratua,33,273,0,0,149,5,427,0.639344262295082,0.0117096018735363,0.3489461358313817
48,Ratua,332,226,0,0,382,2,610,0.3704918032786885,0.0032786885245901,0.6262295081967213
48,Ratua,333,0,0,0,389,1,390,0.0,0.0025641025641025,0.9974358974358974
48,Ratua,334,227,0,0,574,1,802,0.2830423940149626,0.0012468827930174,0.71571072319202
48,Ratua,335,0,0,0,504,6,510,0.0,0.0117647058823529,0.9882352941176472
48,Ratua,336,228,0,0,392,5,625,0.3648,0.008,0.6272
48,Ratua,337,0,0,0,432,2,434,0.0,0.0046082949308755,0.9953917050691244
48,Ratua,338,229,0,0,412,2,643,0.3561430793157076,0.0031104199066874,0.640746500777605
48,Ratua,339,230,0,0,724,7,961,0.2393340270551509,0.0072840790842872,0.7533818938605619
48,Ratua,34,91,0,0,758,3,852,0.1068075117370892,0.0035211267605633,0.8896713615023474
48,Ratua,340,231,0,0,508,8,747,0.3092369477911647,0.0107095046854083,0.6800535475234271
48,Ratua,341,0,0,0,520,7,527,0.0,0.0132827324478178,0.986717267552182
48,Ratua,342,232,0,0,614,6,852,0.272300469483568,0.0070422535211267,0.7206572769953051
48,Ratua,343,233,0,0,1052,7,1292,0.1803405572755418,0.0054179566563467,0.8142414860681114
48,Ratua,344,234,0,0,455,5,694,0.3371757925072046,0.0072046109510086,0.6556195965417867
48,Ratua,345,0,0,0,429,7,436,0.0,0.0160550458715596,0.9839449541284404
48,Ratua,346,235,0,0,317,4,556,0.4226618705035971,0.0071942446043165,0.5701438848920863
48,Ratua,347,236,0,0,470,5,711,0.3319268635724332,0.0070323488045007,0.6610407876230661
48,Ratua,348,0,0,0,452,6,458,0.0,0.0131004366812227,0.9868995633187772
48,Ratua,349,237,0,0,488,4,729,0.3251028806584362,0.0054869684499314,0.6694101508916324
48,Ratua,35,3,0,0,458,5,466,0.0064377682403433,0.0107296137339055,0.9828326180257512
48,Ratua,350,0,0,0,498,4,502,0.0,0.0079681274900398,0.9920318725099602
48,Ratua,351,238,0,0,493,5,736,0.3233695652173913,0.0067934782608695,0.6698369565217391
48,Ratua,352,0,0,0,494,7,501,0.0,0.0139720558882235,0.9860279441117764
48,Ratua,353,239,0,0,757,9,1005,0.2378109452736318,0.008955223880597,0.7532338308457711
48,Ratua,354,240,0,0,534,0,774,0.3100775193798449,0.0,0.689922480620155
48,Ratua,355,241,0,0,5726,5,5972,0.0403549899531145,0.0008372404554588,0.9588077695914268
48,Ratua,356,242,0,0,526,5,773,0.3130659767141009,0.0064683053040103,0.6804657179818887
48,Ratua,357,243,0,0,826,7,1076,0.2258364312267658,0.0065055762081784,0.7676579925650557
48,Ratua,358,244,0,0,456,6,706,0.3456090651558073,0.0084985835694051,0.6458923512747875
48,Ratua,359,0,0,0,483,2,485,0.0,0.0041237113402061,0.9958762886597938
48,Ratua,36,8,0,0,414,4,426,0.0187793427230046,0.0093896713615023,0.971830985915493
48,Ratua,360,245,0,0,708,8,961,0.254942767950052,0.0083246618106139,0.736732570239334
48,Ratua,361,246,0,0,686,4,936,0.2628205128205128,0.0042735042735042,0.7329059829059829
48,Ratua,362,247,0,0,420,7,674,0.3664688427299703,0.0103857566765578,0.6231454005934718
48,Ratua,363,0,0,0,430,3,433,0.0,0.0069284064665127,0.9930715935334872
48,Ratua,364,248,0,0,672,4,924,0.2683982683982684,0.0043290043290043,0.7272727272727273
48,Ratua,365,249,0,0,493,5,747,0.3333333333333333,0.0066934404283801,0.6599732262382865
48,Ratua,366,250,0,0,488,1,739,0.3382949932341001,0.0013531799729364,0.6603518267929634
48,Ratua,367,0,0,0,459,0,459,0.0,0.0,1.0
48,Ratua,368,251,0,0,548,3,802,0.3129675810473815,0.0037406483790523,0.683291770573566
48,Ratua,369,252,0,0,758,9,1019,0.2473012757605495,0.0088321884200196,0.7438665358194309
48,Ratua,37,27,0,0,566,5,598,0.0451505016722408,0.0083612040133779,0.9464882943143812
48,Ratua,370,253,0,0,580,9,842,0.3004750593824228,0.010688836104513,0.6888361045130641
48,Ratua,371,0,0,0,503,10,513,0.0,0.0194931773879142,0.9805068226120858
48,Ratua,372,254,0,0,172,11,437,0.5812356979405034,0.0251716247139588,0.3935926773455377
48,Ratua,373,255,0,0,463,5,723,0.3526970954356846,0.0069156293222683,0.640387275242047
48,Ratua,374,0,0,0,455,3,458,0.0,0.0065502183406113,0.9934497816593888
48,Ratua,375,256,0,0,306,7,569,0.4499121265377855,0.0123022847100175,0.5377855887521968
48,Ratua,376,257,0,0,497,3,757,0.3394980184940555,0.0039630118890356,0.6565389696169088
48,Ratua,38,28,0,0,550,2,580,0.0482758620689655,0.0034482758620689,0.9482758620689656
48,Ratua,39,29,0,0,5130,10,5169,0.0056103695105436,0.0019346101760495,0.9924550203134068
48,Ratua,4,4,0,0,452,5,461,0.0086767895878524,0.0108459869848156,0.980477223427332
48,Ratua,40,30,0,0,318,4,352,0.0852272727272727,0.0113636363636363,0.9034090909090908
48,Ratua,41,31,0,0,453,8,492,0.0630081300813008,0.016260162601626,0.9207317073170732
48,Ratua,42,32,0,0,473,4,509,0.0628683693516699,0.0078585461689587,0.9292730844793712
48,Ratua,43,391,0,0,6313,70,6774,0.0577206967818128,0.0103336285798641,0.931945674638323
48,Ratua,44,374,0,0,44,104,522,0.7164750957854407,0.1992337164750957,0.0842911877394636
48,Ratua,45,34,0,0,393,0,427,0.0796252927400468,0.0,0.9203747072599532
48,Ratua,46,35,0,0,669,4,708,0.0494350282485875,0.0056497175141242,0.9449152542372882
48,Ratua,47,0,0,0,461,6,467,0.0,0.012847965738758,0.987152034261242
48,Ratua,48,36,0,0,877,7,920,0.0391304347826087,0.0076086956521739,0.9532608695652174
48,Ratua,49,37,0,0,36,2,75,0.4933333333333333,0.0266666666666666,0.48
48,Ratua,5,77,0,0,293,2,372,0.2069892473118279,0.0053763440860215,0.7876344086021505
48,Ratua,50,38,0,0,674,5,717,0.0529986052998605,0.00697350069735,0.9400278940027894
48,Ratua,51,39,0,0,610,6,655,0.0595419847328244,0.0091603053435114,0.931297709923664
48,Ratua,52,40,0,0,561,2,603,0.066334991708126,0.0033167495854063,0.9303482587064676
48,Ratua,53,41,0,0,551,1,593,0.0691399662731871,0.0016863406408094,0.9291736930860034
48,Ratua,54,437,0,0,27,48,512,0.853515625,0.09375,0.052734375
48,Ratua,55,42,0,0,529,6,577,0.072790294627383,0.0103986135181975,0.9168110918544194
48,Ratua,56,0,0,0,528,2,530,0.0,0.0037735849056603,0.9962264150943396
48,Ratua,57,0,0,0,709,6,715,0.0,0.0083916083916083,0.9916083916083916
48,Ratua,58,44,0,0,50,490,584,0.0753424657534246,0.839041095890411,0.0856164383561643
48,Ratua,59,45,0,0,55,485,585,0.0769230769230769,0.8290598290598291,0.094017094017094
48,Ratua,6,194,0,0,580,7,781,0.2483994878361075,0.0089628681177976,0.7426376440460948
48,Ratua,60,0,0,0,446,10,456,0.0,0.0219298245614035,0.9780701754385964
48,Ratua,61,46,0,0,474,7,527,0.0872865275142315,0.0132827324478178,0.8994307400379506
48,Ratua,62,0,0,0,532,2,534,0.0,0.0037453183520599,0.99625468164794
48,Ratua,63,47,0,0,54,1,102,0.4607843137254901,0.0098039215686274,0.5294117647058824
48,Ratua,64,0,0,0,529,5,534,0.0,0.0093632958801498,0.9906367041198502
48,Ratua,65,48,0,0,532,3,583,0.0823327615780446,0.0051457975986277,0.9125214408233276
48,Ratua,66,49,0,0,618,4,671,0.0730253353204172,0.0059612518628912,0.9210134128166916
48,Ratua,67,50,0,0,428,7,485,0.1030927835051546,0.0144329896907216,0.8824742268041237
48,Ratua,68,0,0,0,340,4,344,0.0,0.0116279069767441,0.9883720930232558
48,Ratua,69,51,0,0,515,5,571,0.0893169877408056,0.0087565674255691,0.9019264448336252
48,Ratua,7,475,0,0,65,8,548,0.8667883211678832,0.0145985401459854,0.1186131386861313
48,Ratua,70,0,0,0,392,2,394,0.0,0.0050761421319796,0.9949238578680204
48,Ratua,71,52,0,0,477,2,531,0.0979284369114877,0.0037664783427495,0.8983050847457628
48,Ratua,72,53,0,0,619,8,680,0.0779411764705882,0.0117647058823529,0.9102941176470588
48,Ratua,73,54,0,0,488,4,546,0.0989010989010989,0.0073260073260073,0.8937728937728938
48,Ratua,74,0,0,0,423,3,426,0.0,0.0070422535211267,0.9929577464788732
48,Ratua,75,56,0,0,445,4,505,0.1108910891089108,0.0079207920792079,0.8811881188118812
48,Ratua,76,0,0,0,433,5,438,0.0,0.0114155251141552,0.9885844748858448
48,Ratua,78,57,0,374,75,2,508,0.1122047244094488,0.0039370078740157,0.1476377952755905
48,Ratua,79,58,0,358,72,4,492,0.1178861788617886,0.008130081300813,0.1463414634146341
48,Ratua,8,244,0,0,174,1,419,0.5823389021479713,0.0023866348448687,0.4152744630071599
48,Ratua,80,0,0,355,38,4,397,0.0,0.0100755667506297,0.0957178841309823
48,Ratua,81,59,0,358,74,5,496,0.1189516129032258,0.0100806451612903,0.1491935483870967
48,Ratua,82,0,0,408,90,4,502,0.0,0.0079681274900398,0.1792828685258964
48,Ratua,83,60,0,424,159,2,645,0.0930232558139534,0.0031007751937984,0.2465116279069767
48,Ratua,84,61,0,263,107,2,433,0.1408775981524249,0.0046189376443418,0.2471131639722864
48,Ratua,85,0,0,293,49,2,344,0.0,0.005813953488372,0.1424418604651162
48,Ratua,86,62,0,355,400,2,819,0.0757020757020757,0.0024420024420024,0.4884004884004884
48,Ratua,87,63,0,358,65,1,487,0.1293634496919918,0.002053388090349,0.1334702258726899
48,Ratua,88,0,0,369,70,6,445,0.0,0.0134831460674157,0.1573033707865168
48,Ratua,89,64,0,339,104,2,509,0.1257367387033398,0.0039292730844793,0.2043222003929273
48,Ratua,9,503,0,0,141,7,651,0.7726574500768049,0.010752688172043,0.216589861751152
48,Ratua,90,0,0,38,331,11,380,0.0,0.0289473684210526,0.8710526315789474
48,Ratua,91,65,0,325,157,5,552,0.1177536231884057,0.0090579710144927,0.2844202898550724
48,Ratua,92,0,0,10,286,3,299,0.0,0.0100334448160535,0.9565217391304348
48,Ratua,93,66,0,17,474,6,563,0.1172291296625222,0.0106571936056838,0.8419182948490231
48,Ratua,94,0,0,60,428,4,492,0.0,0.008130081300813,0.8699186991869918
48,Ratua,95,67,0,391,124,2,584,0.1147260273972602,0.0034246575342465,0.2123287671232876
48,Ratua,96,68,0,343,215,6,632,0.1075949367088607,0.0094936708860759,0.3401898734177215
48,Ratua,97,69,0,4,596,11,680,0.1014705882352941,0.0161764705882352,0.8764705882352941
48,Ratua,98,70,0,10,526,1,607,0.115321252059308,0.0016474464579901,0.8665568369028006
48,Ratua,99,71,0,4,472,1,548,0.1295620437956204,0.0018248175182481,0.8613138686131386
49,Manikchak,1,1,0,0,0,0,1,1.0,0.0,0.0
49,Manikchak,10,8,0,0,0,0,8,1.0,0.0,0.0
49,Manikchak,100,557,0,13,184,3,757,0.7357992073976222,0.0039630118890356,0.2430647291941876
49,Manikchak,101,667,0,18,136,4,825,0.8084848484848485,0.0048484848484848,0.1648484848484848
49,Manikchak,102,516,0,22,243,5,786,0.6564885496183206,0.0063613231552162,0.3091603053435114
49,Manikchak,103,415,0,9,277,2,703,0.5903271692745377,0.0028449502133712,0.3940256045519203
49,Manikchak,104,582,0,55,137,4,778,0.7480719794344473,0.0051413881748071,0.1760925449871465
49,Manikchak,105,347,0,16,74,6,443,0.7832957110609481,0.0135440180586907,0.1670428893905192
49,Manikchak,105A,274,0,12,80,4,370,0.7405405405405405,0.0108108108108108,0.2162162162162162
49,Manikchak,106,565,0,41,185,3,794,0.7115869017632241,0.0037783375314861,0.2329974811083123
49,Manikchak,107,393,0,30,162,3,588,0.6683673469387755,0.0051020408163265,0.2755102040816326
49,Manikchak,107A,431,0,23,131,4,589,0.7317487266553481,0.0067911714770797,0.2224108658743633
49,Manikchak,108,602,0,10,108,2,722,0.8337950138504155,0.002770083102493,0.149584487534626
49,Manikchak,109,402,0,7,149,0,558,0.7204301075268817,0.0,0.2670250896057348
49,Manikchak,109A,63,0,16,410,4,493,0.127789046653144,0.0081135902636916,0.8316430020283976
49,Manikchak,11,9,0,0,0,0,9,1.0,0.0,0.0
49,Manikchak,110,447,0,11,157,4,619,0.7221324717285945,0.0064620355411954,0.2536348949919224
49,Manikchak,110A,439,0,19,74,1,533,0.8236397748592871,0.0018761726078799,0.1388367729831144
49,Manikchak,111,30,0,15,533,6,584,0.0513698630136986,0.0102739726027397,0.9126712328767124
49,Manikchak,111A,80,0,21,447,2,550,0.1454545454545454,0.0036363636363636,0.8127272727272727
49,Manikchak,112,566,0,15,88,1,670,0.844776119402985,0.0014925373134328,0.1313432835820895
49,Manikchak,113,256,0,17,297,2,572,0.4475524475524475,0.0034965034965034,0.5192307692307693
49,Manikchak,114,464,0,8,97,2,571,0.8126094570928196,0.0035026269702276,0.169877408056042
49,Manikchak,114A,409,0,17,72,2,500,0.818,0.004,0.144
49,Manikchak,115,438,0,9,61,1,509,0.8605108055009824,0.0019646365422396,0.1198428290766208
49,Manikchak,115A,362,0,8,57,1,428,0.8457943925233645,0.0023364485981308,0.1331775700934579
49,Manikchak,116,61,0,22,474,2,559,0.10912343470483,0.0035778175313059,0.8479427549194991
49,Manikchak,117,41,0,30,673,6,750,0.0546666666666666,0.008,0.8973333333333333
49,Manikchak,118,434,0,5,58,5,502,0.8645418326693227,0.0099601593625498,0.1155378486055776
49,Manikchak,118A,385,0,2,37,2,426,0.903755868544601,0.0046948356807511,0.0868544600938967
49,Manikchak,119,741,0,14,58,0,813,0.911439114391144,0.0,0.071340713407134
49,Manikchak,12,10,0,0,0,0,10,1.0,0.0,0.0
49,Manikchak,120,569,0,23,79,1,672,0.8467261904761905,0.0014880952380952,0.1175595238095238
49,Manikchak,121,26,0,21,504,5,556,0.0467625899280575,0.0089928057553956,0.9064748201438848
49,Manikchak,121A,97,0,23,399,3,522,0.185823754789272,0.0057471264367816,0.764367816091954
49,Manikchak,122,48,0,52,430,5,535,0.0897196261682242,0.0093457943925233,0.8037383177570093
49,Manikchak,122A,92,0,18,335,2,447,0.2058165548098434,0.0044742729306487,0.7494407158836689
49,Manikchak,123,3,0,15,417,8,443,0.0067720090293453,0.0180586907449209,0.9413092550790068
49,Manikchak,123A,19,0,10,396,4,429,0.0442890442890442,0.0093240093240093,0.9230769230769232
49,Manikchak,124,409,0,8,63,0,480,0.8520833333333333,0.0,0.13125
49,Manikchak,124A,434,0,12,10,7,463,0.937365010799136,0.0151187904967602,0.0215982721382289
49,Manikchak,125,481,0,11,10,14,516,0.9321705426356588,0.0271317829457364,0.0193798449612403
49,Manikchak,125A,502,0,12,13,13,540,0.9296296296296296,0.024074074074074,0.024074074074074
49,Manikchak,126,802,0,7,31,16,856,0.9369158878504672,0.0186915887850467,0.036214953271028
49,Manikchak,127,513,0,10,13,5,541,0.9482439926062848,0.0092421441774491,0.0240295748613678
49,Manikchak,127A,486,0,20,12,10,528,0.9204545454545454,0.0189393939393939,0.0227272727272727
49,Manikchak,128,661,0,25,12,16,714,0.9257703081232492,0.0224089635854341,0.0168067226890756
49,Manikchak,129,755,0,18,20,13,806,0.9367245657568238,0.0161290322580645,0.0248138957816377
49,Manikchak,130,492,0,68,16,15,591,0.8324873096446701,0.0253807106598984,0.027072758037225
49,Manikchak,130A,485,0,45,11,8,549,0.8834244080145719,0.0145719489981785,0.0200364298724954
49,Manikchak,131,371,0,50,8,7,436,0.8509174311926605,0.0160550458715596,0.018348623853211
49,Manikchak,131A,389,0,39,7,11,446,0.8721973094170403,0.0246636771300448,0.0156950672645739
49,Manikchak,132,654,0,111,14,18,797,0.820577164366374,0.0225846925972396,0.0175658720200752
49,Manikchak,133,692,0,43,8,8,751,0.9214380825565912,0.0106524633821571,0.0106524633821571
49,Manikchak,134,429,0,11,13,5,458,0.9366812227074236,0.0109170305676855,0.0283842794759825
49,Manikchak,134A,403,0,11,7,4,425,0.9482352941176472,0.0094117647058823,0.0164705882352941
49,Manikchak,135,480,0,37,7,7,531,0.903954802259887,0.0131826741996233,0.0131826741996233
49,Manikchak,135A,427,0,29,12,15,483,0.8840579710144928,0.031055900621118,0.0248447204968944
49,Manikchak,136,531,0,65,13,12,621,0.855072463768116,0.0193236714975845,0.0209339774557165
49,Manikchak,137,447,0,62,11,6,526,0.8498098859315589,0.0114068441064638,0.0209125475285171
49,Manikchak,138,494,0,11,8,2,515,0.9592233009708738,0.003883495145631,0.0155339805825242
49,Manikchak,138A,416,0,7,6,3,432,0.9629629629629628,0.0069444444444444,0.0138888888888888
49,Manikchak,139,423,0,27,8,10,468,0.903846153846154,0.0213675213675213,0.017094017094017
49,Manikchak,139A,413,0,26,8,6,453,0.911699779249448,0.0132450331125827,0.0176600441501103
49,Manikchak,14,11,0,0,0,0,11,1.0,0.0,0.0
49,Manikchak,140,378,0,82,16,15,491,0.769857433808554,0.0305498981670061,0.0325865580448065
49,Manikchak,140A,418,0,67,14,9,508,0.8228346456692913,0.0177165354330708,0.0275590551181102
49,Manikchak,141,631,0,95,19,30,775,0.8141935483870968,0.0387096774193548,0.024516129032258
49,Manikchak,142,419,0,35,8,17,479,0.8747390396659708,0.0354906054279749,0.0167014613778705
49,Manikchak,142A,396,0,45,5,8,454,0.8722466960352423,0.0176211453744493,0.0110132158590308
49,Manikchak,143,739,0,43,11,17,810,0.9123456790123456,0.0209876543209876,0.0135802469135802
49,Manikchak,144,637,0,58,12,21,728,0.875,0.0288461538461538,0.0164835164835164
49,Manikchak,145,593,0,40,14,9,656,0.9039634146341464,0.0137195121951219,0.0213414634146341
49,Manikchak,146,492,0,59,14,8,573,0.8586387434554974,0.0139616055846422,0.0244328097731239
49,Manikchak,147,489,0,9,11,1,510,0.9588235294117649,0.0019607843137254,0.0215686274509803
49,Manikchak,147A,387,0,24,9,22,442,0.8755656108597285,0.0497737556561085,0.0203619909502262
49,Manikchak,148,493,0,16,10,8,527,0.935483870967742,0.0151802656546489,0.0189753320683111
49,Manikchak,148A,295,0,21,4,7,327,0.9021406727828746,0.0214067278287461,0.0122324159021406
49,Manikchak,149,425,0,111,18,10,564,0.7535460992907801,0.0177304964539007,0.0319148936170212
49,Manikchak,149A,14,0,73,372,462,921,0.015200868621064,0.501628664495114,0.4039087947882736
49,Manikchak,150,447,0,20,302,8,777,0.5752895752895753,0.0102960102960102,0.3886743886743887
49,Manikchak,151,462,0,13,214,3,692,0.6676300578034682,0.0043352601156069,0.3092485549132948
49,Manikchak,152,608,0,32,132,5,777,0.7824967824967825,0.0064350064350064,0.1698841698841698
49,Manikchak,153A,301,0,57,169,1,528,0.5700757575757576,0.0018939393939393,0.3200757575757575
49,Manikchak,154,40,0,73,539,1,653,0.0612557427258805,0.001531393568147,0.8254211332312404
49,Manikchak,154A,145,0,50,445,4,644,0.2251552795031056,0.0062111801242236,0.6909937888198758
49,Manikchak,155,28,0,33,467,0,528,0.053030303030303,0.0,0.884469696969697
49,Manikchak,156,47,0,54,397,1,499,0.094188376753507,0.002004008016032,0.7955911823647295
49,Manikchak,156A,87,0,36,317,4,444,0.1959459459459459,0.009009009009009,0.713963963963964
49,Manikchak,157,133,0,23,297,1,454,0.2929515418502202,0.0022026431718061,0.6541850220264317
49,Manikchak,158,44,0,94,691,3,832,0.0528846153846153,0.0036057692307692,0.8305288461538461
49,Manikchak,159,430,0,20,89,4,543,0.7918968692449355,0.007366482504604,0.1639042357274401
49,Manikchak,159A,98,0,52,358,2,510,0.192156862745098,0.0039215686274509,0.7019607843137254
49,Manikchak,16,12,0,0,0,0,12,1.0,0.0,0.0
49,Manikchak,160,21,0,33,475,1,530,0.0396226415094339,0.0018867924528301,0.8962264150943396
49,Manikchak,160A,23,0,38,417,1,479,0.0480167014613778,0.0020876826722338,0.8705636743215032
49,Manikchak,161,10,0,60,527,2,599,0.01669449081803,0.003338898163606,0.8797996661101837
49,Manikchak,161A,16,0,31,563,0,610,0.0262295081967213,0.0,0.9229508196721312
49,Manikchak,162,352,0,23,203,4,582,0.6048109965635738,0.0068728522336769,0.3487972508591065
49,Manikchak,163,254,0,41,89,3,387,0.6563307493540051,0.0077519379844961,0.2299741602067183
49,Manikchak,164,27,0,25,507,1,560,0.0482142857142857,0.0017857142857142,0.9053571428571427
49,Manikchak,164A,21,0,18,446,0,485,0.0432989690721649,0.0,0.9195876288659792
49,Manikchak,165,198,0,11,16,0,225,0.88,0.0,0.0711111111111111
49,Manikchak,166,294,0,20,213,7,534,0.550561797752809,0.0131086142322097,0.398876404494382
49,Manikchak,166A,428,0,12,88,8,536,0.7985074626865671,0.0149253731343283,0.1641791044776119
49,Manikchak,167,25,0,34,646,2,707,0.0353606789250353,0.0028288543140028,0.9137199434229136
49,Manikchak,168,30,0,39,743,1,813,0.03690036900369,0.001230012300123,0.91389913899139
49,Manikchak,169,348,0,7,89,0,444,0.7837837837837838,0.0,0.2004504504504504
49,Manikchak,170,42,0,32,404,3,481,0.0873180873180873,0.0062370062370062,0.83991683991684
49,Manikchak,170A,376,0,9,106,4,495,0.7595959595959596,0.008080808080808,0.2141414141414141
49,Manikchak,171,438,0,15,115,3,571,0.7670753064798599,0.0052539404553415,0.201401050788091
49,Manikchak,171A,375,0,18,80,2,475,0.7894736842105263,0.0042105263157894,0.1684210526315789
49,Manikchak,172,508,0,20,145,3,676,0.7514792899408284,0.0044378698224852,0.2144970414201183
49,Manikchak,173,327,0,18,98,4,447,0.7315436241610739,0.0089485458612975,0.2192393736017897
49,Manikchak,173A,348,0,9,77,4,438,0.7945205479452054,0.0091324200913242,0.1757990867579908
49,Manikchak,174,8,0,133,500,1,642,0.0124610591900311,0.0015576323987538,0.778816199376947
49,Manikchak,174A,9,0,113,472,1,595,0.015126050420168,0.0016806722689075,0.7932773109243697
49,Manikchak,175,599,0,5,126,8,738,0.8116531165311653,0.010840108401084,0.1707317073170731
49,Manikchak,176,622,0,6,54,7,689,0.9027576197387518,0.0101596516690856,0.0783744557329463
49,Manikchak,177,538,0,5,23,3,569,0.945518453427065,0.0052724077328646,0.0404217926186291
49,Manikchak,178,377,0,7,104,5,493,0.7647058823529411,0.0101419878296146,0.2109533468559837
49,Manikchak,178A,476,0,4,32,9,521,0.9136276391554704,0.0172744721689059,0.0614203454894433
49,Manikchak,179,588,0,5,20,6,619,0.9499192245557352,0.0096930533117932,0.0323101777059773
49,Manikchak,179A,522,0,3,18,4,547,0.9542961608775136,0.0073126142595978,0.0329067641681901
49,Manikchak,18,13,0,0,0,0,13,1.0,0.0,0.0
49,Manikchak,180,763,0,8,14,12,797,0.9573400250941028,0.015056461731493,0.0175658720200752
49,Manikchak,181,658,0,6,9,9,682,0.9648093841642228,0.0131964809384164,0.0131964809384164
49,Manikchak,182,792,0,5,22,7,826,0.9588377723970944,0.0084745762711864,0.0266343825665859
49,Manikchak,183,500,0,6,34,8,548,0.9124087591240876,0.0145985401459854,0.0620437956204379
49,Manikchak,183A,335,0,4,104,8,451,0.7427937915742794,0.0177383592017738,0.2305986696230598
49,Manikchak,184,543,0,7,31,5,586,0.9266211604095564,0.0085324232081911,0.0529010238907849
49,Manikchak,185,551,0,9,11,8,579,0.9516407599309152,0.0138169257340241,0.0189982728842832
49,Manikchak,186,423,0,2,161,7,593,0.7133220910623946,0.0118043844856661,0.2715008431703204
49,Manikchak,186A,527,0,2,17,8,554,0.9512635379061372,0.0144404332129963,0.0306859205776173
49,Manikchak,187,489,0,1,6,11,507,0.9644970414201184,0.0216962524654832,0.0118343195266272
49,Manikchak,187A,412,0,2,17,8,439,0.938496583143508,0.0182232346241457,0.0387243735763098
49,Manikchak,188,505,0,2,21,8,536,0.9421641791044776,0.0149253731343283,0.0391791044776119
49,Manikchak,188A,499,0,4,11,2,516,0.9670542635658916,0.003875968992248,0.0213178294573643
49,Manikchak,189,401,0,1,7,2,411,0.975669099756691,0.0048661800486618,0.0170316301703163
49,Manikchak,189A,430,0,3,6,11,450,0.9555555555555556,0.0244444444444444,0.0133333333333333
49,Manikchak,19,14,0,0,0,0,14,1.0,0.0,0.0
49,Manikchak,190,752,0,9,16,12,789,0.953105196451204,0.0152091254752851,0.0202788339670468
49,Manikchak,191,759,0,7,22,21,809,0.938195302843016,0.0259579728059332,0.0271940667490729
49,Manikchak,192,62,0,3,282,1,348,0.1781609195402299,0.0028735632183908,0.8103448275862069
49,Manikchak,192A,60,0,3,324,2,389,0.1542416452442159,0.0051413881748071,0.8329048843187661
49,Manikchak,193,119,0,4,322,1,446,0.2668161434977578,0.0022421524663677,0.7219730941704036
49,Manikchak,194,123,0,4,448,4,579,0.2124352331606217,0.006908462867012,0.7737478411053541
49,Manikchak,195,701,0,7,8,6,722,0.9709141274238228,0.0083102493074792,0.0110803324099723
49,Manikchak,196,788,0,2,21,11,822,0.9586374695863747,0.0133819951338199,0.0255474452554744
49,Manikchak,197,219,0,5,477,8,709,0.308885754583921,0.0112834978843441,0.6727785613540197
49,Manikchak,198,89,0,1,423,2,515,0.1728155339805825,0.003883495145631,0.8213592233009709
49,Manikchak,199,822,0,4,16,19,861,0.9547038327526132,0.0220673635307781,0.0185830429732868
49,Manikchak,2,2,0,0,0,0,2,1.0,0.0,0.0
49,Manikchak,20,15,0,0,0,0,15,1.0,0.0,0.0
49,Manikchak,200,341,0,2,3,1,347,0.9827089337175792,0.0028818443804034,0.0086455331412103
49,Manikchak,201,512,0,3,6,7,528,0.9696969696969696,0.0132575757575757,0.0113636363636363
49,Manikchak,201A,468,0,2,9,5,484,0.9669421487603306,0.0103305785123966,0.018595041322314
49,Manikchak,202,784,0,4,14,10,812,0.9655172413793104,0.0123152709359605,0.0172413793103448
49,Manikchak,203,673,0,4,20,12,709,0.9492242595204512,0.0169252468265162,0.0282087447108603
49,Manikchak,204A,39,0,60,678,0,777,0.0501930501930501,0.0,0.8725868725868726
49,Manikchak,22,16,0,0,0,0,16,1.0,0.0,0.0
49,Manikchak,23,17,0,0,0,0,17,1.0,0.0,0.0
49,Manikchak,24,23,0,64,498,0,585,0.0393162393162393,0.0,0.8512820512820513
49,Manikchak,24A,14,0,105,432,0,551,0.0254083484573502,0.0,0.7840290381125227
49,Manikchak,25,6,0,18,676,0,700,0.0085714285714285,0.0,0.9657142857142856
49,Manikchak,25A,11,0,29,631,0,671,0.0163934426229508,0.0,0.940387481371088
49,Manikchak,26,30,0,38,490,0,558,0.053763440860215,0.0,0.8781362007168458
49,Manikchak,26A,9,0,54,437,0,500,0.018,0.0,0.874
49,Manikchak,27,133,0,41,416,0,590,0.2254237288135593,0.0,0.7050847457627119
49,Manikchak,27A,192,0,24,310,0,526,0.3650190114068441,0.0,0.5893536121673004
49,Manikchak,28,322,0,16,203,0,541,0.5951940850277264,0.0,0.3752310536044362
49,Manikchak,28A,219,0,15,229,0,463,0.4730021598272138,0.0,0.4946004319654428
49,Manikchak,29,434,0,17,145,0,596,0.7281879194630873,0.0,0.2432885906040268
49,Manikchak,29A,419,0,11,69,0,499,0.8396793587174348,0.0,0.1382765531062124
49,Manikchak,3,3,0,0,0,0,3,1.0,0.0,0.0
49,Manikchak,30,305,0,6,142,0,453,0.673289183222958,0.0,0.3134657836644591
49,Manikchak,301,56,0,204,860,2,1122,0.0499108734402852,0.0017825311942959,0.7664884135472371
49,Manikchak,302,13,0,205,515,8,741,0.0175438596491228,0.0107962213225371,0.6950067476383266
49,Manikchak,303,6,0,0,511,3,520,0.0115384615384615,0.0057692307692307,0.9826923076923076
49,Manikchak,304,38,0,206,679,7,930,0.0408602150537634,0.0075268817204301,0.7301075268817204
49,Manikchak,305,14,0,207,505,6,732,0.0191256830601092,0.0081967213114754,0.6898907103825137
49,Manikchak,306,10,0,208,559,1,778,0.0128534704370179,0.0012853470437017,0.718508997429306
49,Manikchak,307,31,0,0,438,3,472,0.0656779661016949,0.0063559322033898,0.9279661016949152
49,Manikchak,308,33,0,209,507,4,753,0.0438247011952191,0.0053120849933598,0.6733067729083665
49,Manikchak,309,22,0,0,420,7,449,0.0489977728285077,0.0155902004454342,0.935412026726058
49,Manikchak,30A,299,0,33,96,0,428,0.6985981308411215,0.0,0.2242990654205607
49,Manikchak,31,361,0,35,148,0,544,0.6636029411764706,0.0,0.2720588235294117
49,Manikchak,310,18,0,210,737,6,971,0.0185375901132852,0.0061791967044284,0.7590113285272915
49,Manikchak,311,13,0,211,664,11,899,0.014460511679644,0.0122358175750834,0.7385984427141268
49,Manikchak,312,68,0,212,424,4,708,0.096045197740113,0.0056497175141242,0.5988700564971752
49,Manikchak,313,71,0,0,403,7,481,0.1476091476091476,0.0145530145530145,0.8378378378378378
49,Manikchak,314,50,0,213,740,5,1008,0.0496031746031746,0.0049603174603174,0.7341269841269841
49,Manikchak,315,14,0,214,453,3,684,0.0204678362573099,0.0043859649122807,0.6622807017543859
49,Manikchak,316,12,0,0,428,0,440,0.0272727272727272,0.0,0.9727272727272728
49,Manikchak,317,11,0,215,777,7,1010,0.0108910891089108,0.0069306930693069,0.7693069306930693
49,Manikchak,318,43,0,216,433,3,695,0.0618705035971223,0.0043165467625899,0.6230215827338129
49,Manikchak,319,51,0,0,452,9,512,0.099609375,0.017578125,0.8828125
49,Manikchak,31A,340,0,14,112,0,466,0.7296137339055794,0.0,0.2403433476394849
49,Manikchak,32,34,0,18,435,0,487,0.0698151950718685,0.0,0.893223819301848
49,Manikchak,320,29,0,217,653,5,904,0.0320796460176991,0.0055309734513274,0.7223451327433629
49,Manikchak,321,29,0,218,759,9,1015,0.0285714285714285,0.0088669950738916,0.7477832512315271
49,Manikchak,322,16,0,219,586,5,826,0.0193704600484261,0.0060532687651331,0.7094430992736077
49,Manikchak,323,10,0,220,918,12,1160,0.0086206896551724,0.0103448275862068,0.7913793103448276
49,Manikchak,324,26,0,221,739,4,990,0.0262626262626262,0.004040404040404,0.7464646464646465
49,Manikchak,325,22,0,222,515,3,762,0.0288713910761154,0.0039370078740157,0.6758530183727034
49,Manikchak,326,5,0,0,556,4,565,0.0088495575221238,0.0070796460176991,0.984070796460177
49,Manikchak,327,7,0,223,564,2,796,0.0087939698492462,0.0025125628140703,0.7085427135678392
49,Manikchak,328,25,0,224,600,7,856,0.0292056074766355,0.0081775700934579,0.7009345794392523
49,Manikchak,329,4,0,225,206,0,435,0.0091954022988505,0.0,0.4735632183908046
49,Manikchak,32A,12,0,6,371,0,389,0.0308483290488431,0.0,0.9537275064267352
49,Manikchak,33,161,0,29,622,0,812,0.1982758620689655,0.0,0.7660098522167488
49,Manikchak,330,33,0,226,476,2,737,0.044776119402985,0.0027137042062415,0.6458616010854816
49,Manikchak,331,37,0,0,486,4,527,0.0702087286527514,0.0075901328273244,0.922201138519924
49,Manikchak,332,36,0,227,484,4,751,0.047936085219707,0.0053262316910785,0.644474034620506
49,Manikchak,333,10,0,0,462,0,472,0.0211864406779661,0.0,0.9788135593220338
49,Manikchak,334,70,0,228,424,6,728,0.0961538461538461,0.0082417582417582,0.5824175824175825
49,Manikchak,335,39,0,0,455,5,499,0.0781563126252505,0.0100200400801603,0.9118236472945892
49,Manikchak,336,47,0,229,441,4,721,0.0651872399445215,0.0055478502080443,0.6116504854368932
49,Manikchak,337,28,0,0,393,4,425,0.0658823529411764,0.0094117647058823,0.9247058823529412
49,Manikchak,338,26,0,0,256,3,285,0.0912280701754386,0.0105263157894736,0.8982456140350877
49,Manikchak,339,0,0,0,593,4,597,0.0,0.0067001675041876,0.9932998324958124
49,Manikchak,34,363,0,9,103,0,475,0.7642105263157895,0.0,0.2168421052631579
49,Manikchak,340,21,0,0,1133,2,1156,0.0181660899653979,0.0017301038062283,0.9801038062283736
49,Manikchak,341,61,0,0,998,7,1066,0.0572232645403377,0.0065666041275797,0.9362101313320824
49,Manikchak,342,28,0,0,1050,3,1081,0.0259019426456984,0.0027752081406105,0.971322849213691
49,Manikchak,343,6,0,0,996,6,1008,0.0059523809523809,0.0059523809523809,0.988095238095238
49,Manikchak,344,24,0,0,975,4,1003,0.0239282153539381,0.003988035892323,0.9720837487537388
49,Manikchak,345,23,0,0,855,3,881,0.0261066969353007,0.003405221339387,0.970488081725312
49,Manikchak,346,39,0,0,774,5,818,0.0476772616136919,0.0061124694376528,0.9462102689486552
49,Manikchak,347,60,0,0,514,3,577,0.1039861351819757,0.0051993067590987,0.8908145580589255
49,Manikchak,348,10,0,0,616,3,629,0.0158982511923688,0.0047694753577106,0.9793322734499204
49,Manikchak,349,33,0,0,388,2,423,0.0780141843971631,0.0047281323877068,0.91725768321513
49,Manikchak,34A,315,0,6,119,0,440,0.7159090909090909,0.0,0.2704545454545454
49,Manikchak,35,580,0,28,190,0,798,0.7268170426065163,0.0,0.238095238095238
49,Manikchak,350,106,0,0,620,1,727,0.1458046767537826,0.0013755158184319,0.8528198074277854
49,Manikchak,351,44,0,0,312,0,356,0.1235955056179775,0.0,0.8764044943820225
49,Manikchak,352,15,0,0,726,6,747,0.0200803212851405,0.0080321285140562,0.9718875502008032
49,Manikchak,353,9,0,0,518,6,533,0.0168855534709193,0.0112570356472795,0.9718574108818012
49,Manikchak,354,13,0,0,707,9,729,0.017832647462277,0.0123456790123456,0.9698216735253772
49,Manikchak,355,5,0,0,444,6,455,0.0109890109890109,0.0131868131868131,0.9758241758241758
49,Manikchak,36,465,0,21,196,0,682,0.6818181818181818,0.0,0.2873900293255132
49,Manikchak,37,450,0,7,187,0,644,0.6987577639751553,0.0,0.2903726708074534
49,Manikchak,38,543,0,6,123,0,672,0.8080357142857143,0.0,0.1830357142857142
49,Manikchak,39,530,0,16,69,0,615,0.8617886178861789,0.0,0.1121951219512195
49,Manikchak,39A,489,0,13,88,0,590,0.8288135593220339,0.0,0.1491525423728813
49,Manikchak,4,4,0,0,0,0,4,1.0,0.0,0.0
49,Manikchak,40,628,0,10,146,0,784,0.8010204081632653,0.0,0.1862244897959183
49,Manikchak,41,554,0,12,258,0,824,0.6723300970873787,0.0,0.3131067961165049
49,Manikchak,42,64,0,39,398,0,501,0.1277445109780439,0.0,0.7944111776447106
49,Manikchak,42A,70,0,23,374,0,467,0.1498929336188436,0.0,0.8008565310492506
49,Manikchak,43,323,0,89,127,0,539,0.5992578849721707,0.0,0.235621521335807
49,Manikchak,43A,282,0,77,106,0,465,0.6064516129032258,0.0,0.2279569892473118
49,Manikchak,44,266,0,33,150,0,449,0.5924276169265034,0.0,0.3340757238307349
49,Manikchak,44A,248,0,46,146,0,440,0.5636363636363636,0.0,0.3318181818181818
49,Manikchak,45,344,0,46,146,0,536,0.6417910447761194,0.0,0.2723880597014925
49,Manikchak,45A,298,0,70,98,0,466,0.6394849785407726,0.0,0.2103004291845493
49,Manikchak,46,466,0,269,276,14,1025,0.4546341463414634,0.0136585365853658,0.2692682926829268
49,Manikchak,47,620,0,88,10,12,730,0.8493150684931506,0.0164383561643835,0.0136986301369863
49,Manikchak,48,616,0,16,9,12,653,0.9433384379785604,0.0183767228177641,0.0137825421133231
49,Manikchak,49,428,0,64,9,7,508,0.84251968503937,0.0137795275590551,0.0177165354330708
49,Manikchak,50,457,0,18,5,24,504,0.9067460317460316,0.0476190476190476,0.0099206349206349
49,Manikchak,50A,567,0,21,3,12,603,0.9402985074626866,0.0199004975124378,0.0049751243781094
49,Manikchak,51,388,0,22,3,6,419,0.9260143198090692,0.0143198090692124,0.0071599045346062
49,Manikchak,51A,361,0,31,5,9,406,0.8891625615763546,0.022167487684729,0.0123152709359605
49,Manikchak,52,739,0,43,6,13,801,0.9225967540574282,0.0162297128589263,0.0074906367041198
49,Manikchak,53,621,0,18,7,21,667,0.9310344827586208,0.0314842578710644,0.0104947526236881
49,Manikchak,54,523,0,65,7,9,604,0.8658940397350994,0.0149006622516556,0.0115894039735099
49,Manikchak,54A,458,0,34,5,15,512,0.89453125,0.029296875,0.009765625
49,Manikchak,55,763,0,58,3,19,843,0.9051008303677344,0.0225385527876631,0.0035587188612099
49,Manikchak,56,437,0,36,5,14,492,0.8882113821138211,0.0284552845528455,0.0101626016260162
49,Manikchak,56A,453,0,23,3,10,489,0.9263803680981596,0.0204498977505112,0.0061349693251533
49,Manikchak,57,459,0,40,7,28,534,0.8595505617977528,0.0524344569288389,0.0131086142322097
49,Manikchak,57A,470,0,28,5,21,524,0.8969465648854962,0.0400763358778625,0.0095419847328244
49,Manikchak,58,541,0,17,12,16,586,0.9232081911262798,0.0273037542662116,0.0204778156996587
49,Manikchak,58A,454,0,61,10,10,535,0.8485981308411215,0.0186915887850467,0.0186915887850467
49,Manikchak,59,650,0,46,14,28,738,0.8807588075880759,0.037940379403794,0.018970189701897
49,Manikchak,6,5,0,0,0,0,5,1.0,0.0,0.0
49,Manikchak,60,512,0,105,8,18,643,0.7962674961119751,0.0279937791601866,0.0124416796267496
49,Manikchak,61,476,0,19,4,8,507,0.9388560157790928,0.0157790927021696,0.0078895463510848
49,Manikchak,61A,455,0,21,2,19,497,0.9154929577464788,0.0382293762575452,0.0040241448692152
49,Manikchak,62,537,0,23,9,13,582,0.922680412371134,0.0223367697594501,0.0154639175257731
49,Manikchak,62A,451,0,37,8,2,498,0.9056224899598394,0.0040160642570281,0.0160642570281124
49,Manikchak,63,525,0,29,25,10,589,0.8913412563667232,0.0169779286926994,0.0424448217317487
49,Manikchak,64,486,0,19,2,10,517,0.9400386847195358,0.0193423597678916,0.0038684719535783
49,Manikchak,64A,444,0,29,1,6,480,0.925,0.0125,0.0020833333333333
49,Manikchak,65,719,0,29,16,12,776,0.9265463917525774,0.0154639175257731,0.0206185567010309
49,Manikchak,66,716,0,9,5,11,741,0.9662618083670717,0.0148448043184885,0.0067476383265856
49,Manikchak,67,409,0,28,5,8,450,0.9088888888888887,0.0177777777777777,0.0111111111111111
49,Manikchak,68,561,0,34,14,13,622,0.9019292604501608,0.0209003215434083,0.022508038585209
49,Manikchak,69,484,0,3,6,7,500,0.968,0.014,0.012
49,Manikchak,69A,415,0,4,6,4,429,0.9673659673659674,0.0093240093240093,0.0139860139860139
49,Manikchak,7,6,0,0,0,0,6,1.0,0.0,0.0
49,Manikchak,70,610,0,20,7,16,653,0.9341500765696784,0.0245022970903522,0.010719754977029
49,Manikchak,71,546,0,30,1,12,589,0.9269949066213922,0.0203735144312393,0.0016977928692699
49,Manikchak,72,777,0,17,12,12,818,0.9498777506112468,0.0146699266503667,0.0146699266503667
49,Manikchak,73,375,0,15,9,5,404,0.9282178217821784,0.0123762376237623,0.0222772277227722
49,Manikchak,74,340,0,0,28,193,561,0.6060606060606061,0.3440285204991087,0.0499108734402852
49,Manikchak,74A,395,0,0,34,121,550,0.7181818181818181,0.22,0.0618181818181818
49,Manikchak,75,303,0,0,27,362,692,0.4378612716763005,0.523121387283237,0.0390173410404624
49,Manikchak,76,72,0,0,65,450,587,0.1226575809199318,0.7666098807495741,0.110732538330494
49,Manikchak,76A,156,0,0,65,358,579,0.2694300518134715,0.6183074265975821,0.1122625215889464
49,Manikchak,77,388,0,0,21,89,498,0.7791164658634538,0.178714859437751,0.0421686746987951
49,Manikchak,78,65,0,0,70,349,484,0.134297520661157,0.7210743801652892,0.1446280991735537
49,Manikchak,78A,196,0,0,37,194,427,0.4590163934426229,0.4543325526932084,0.0866510538641686
49,Manikchak,79,334,0,0,31,146,511,0.6536203522504892,0.2857142857142857,0.060665362035225
49,Manikchak,79A,369,0,0,37,89,495,0.7454545454545455,0.1797979797979798,0.0747474747474747
49,Manikchak,8,7,0,0,0,0,7,1.0,0.0,0.0
49,Manikchak,80,421,0,0,49,250,720,0.5847222222222223,0.3472222222222222,0.0680555555555555
49,Manikchak,81,8,0,0,71,597,676,0.0118343195266272,0.8831360946745562,0.1050295857988165
49,Manikchak,82,7,0,0,55,486,548,0.0127737226277372,0.8868613138686131,0.1003649635036496
49,Manikchak,83,380,0,0,30,107,517,0.7350096711798839,0.206963249516441,0.058027079303675
49,Manikchak,83A,347,0,0,35,136,518,0.6698841698841699,0.2625482625482625,0.0675675675675675
49,Manikchak,84,399,0,0,29,113,541,0.7375231053604436,0.2088724584103512,0.0536044362292051
49,Manikchak,84A,379,0,0,31,43,453,0.8366445916114791,0.0949227373068432,0.0684326710816777
49,Manikchak,85,629,0,0,43,163,835,0.7532934131736527,0.1952095808383233,0.0514970059880239
49,Manikchak,86,24,0,0,41,441,506,0.0474308300395256,0.8715415019762845,0.0810276679841897
49,Manikchak,86A,285,0,0,24,172,481,0.5925155925155925,0.3575883575883576,0.0498960498960499
49,Manikchak,87,451,0,0,82,274,807,0.5588599752168525,0.3395291201982652,0.1016109045848822
49,Manikchak,88,552,0,0,57,231,840,0.6571428571428571,0.275,0.0678571428571428
49,Manikchak,89,11,0,0,38,481,530,0.020754716981132,0.9075471698113208,0.0716981132075471
49,Manikchak,89A,46,0,0,36,398,480,0.0958333333333333,0.8291666666666667,0.075
49,Manikchak,90,391,0,0,41,82,514,0.7607003891050583,0.159533073929961,0.0797665369649805
49,Manikchak,90A,316,0,0,42,97,455,0.6945054945054945,0.2131868131868131,0.0923076923076923
49,Manikchak,91,452,0,0,10,64,526,0.8593155893536122,0.1216730038022813,0.0190114068441064
49,Manikchak,91A,302,0,0,6,53,361,0.8365650969529086,0.1468144044321329,0.0166204986149584
49,Manikchak,92,558,0,0,33,220,811,0.688039457459926,0.2712700369913687,0.0406905055487053
49,Manikchak,93,394,0,0,19,187,600,0.6566666666666666,0.3116666666666666,0.0316666666666666
49,Manikchak,93A,431,0,0,17,91,539,0.7996289424860853,0.1688311688311688,0.0315398886827458
49,Manikchak,94,564,0,0,27,143,734,0.7683923705722071,0.1948228882833787,0.0367847411444141
49,Manikchak,95,2,0,0,72,808,882,0.0022675736961451,0.9160997732426304,0.0816326530612244
49,Manikchak,96,473,0,0,23,131,627,0.7543859649122807,0.2089314194577352,0.036682615629984
49,Manikchak,96A,440,0,0,20,63,523,0.8413001912045889,0.1204588910133843,0.0382409177820267
49,Manikchak,97,245,0,0,45,199,489,0.5010224948875256,0.4069529652351738,0.0920245398773006
49,Manikchak,97A,267,0,0,21,134,422,0.6327014218009479,0.3175355450236967,0.0497630331753554
49,Manikchak,98,288,0,0,50,133,471,0.6114649681528662,0.2823779193205945,0.1061571125265392
49,Manikchak,98A,308,0,24,96,3,431,0.7146171693735499,0.0069605568445475,0.222737819025522
49,Manikchak,99,583,0,28,242,8,861,0.6771196283391405,0.0092915214866434,0.281068524970964
50,Maldaha,100,0,0,48,679,136,863,0.0,0.1575898030127462,0.7867902665121669
50,Maldaha,101,0,0,9,473,52,534,0.0,0.097378277153558,0.8857677902621723
50,Maldaha,102,0,0,58,461,124,643,0.0,0.1928460342146189,0.7169517884914464
50,Maldaha,103,0,0,52,565,132,749,0.0,0.1762349799732977,0.7543391188251002
50,Maldaha,104,0,0,34,374,131,539,0.0,0.2430426716141001,0.6938775510204082
50,Maldaha,104A,0,0,31,355,137,523,0.0,0.2619502868068833,0.6787762906309751
50,Maldaha,105,0,0,38,325,147,510,0.0,0.288235294117647,0.6372549019607843
50,Maldaha,105A,0,0,44,354,128,526,0.0,0.2433460076045627,0.6730038022813688
50,Maldaha,106,0,0,29,259,160,448,0.0,0.3571428571428571,0.578125
50,Maldaha,106A,0,0,27,308,133,468,0.0,0.2841880341880342,0.6581196581196581
50,Maldaha,107,0,0,25,78,419,522,0.0,0.8026819923371648,0.1494252873563218
50,Maldaha,107A,0,0,21,11,518,550,0.0,0.9418181818181818,0.02
50,Maldaha,133A,278,0,33,10,186,507,0.5483234714003945,0.3668639053254438,0.019723865877712
50,Maldaha,134,426,0,13,11,85,535,0.7962616822429907,0.1588785046728972,0.0205607476635514
50,Maldaha,134A,375,0,11,8,110,504,0.7440476190476191,0.2182539682539682,0.0158730158730158
50,Maldaha,135,398,0,31,7,88,524,0.7595419847328244,0.1679389312977099,0.0133587786259541
50,Maldaha,135A,419,0,38,15,78,550,0.7618181818181818,0.1418181818181818,0.0272727272727272
50,Maldaha,136,428,0,13,11,82,534,0.8014981273408239,0.1535580524344569,0.0205992509363295
50,Maldaha,136A,410,0,11,13,67,501,0.8183632734530938,0.1337325349301397,0.0259481037924151
50,Maldaha,137,421,0,52,6,96,575,0.7321739130434782,0.1669565217391304,0.0104347826086956
50,Maldaha,138,510,0,20,10,138,678,0.7522123893805309,0.2035398230088495,0.0147492625368731
50,Maldaha,139,536,0,55,14,154,759,0.7061923583662714,0.2028985507246377,0.0184453227931488
50,Maldaha,140,396,0,48,7,100,551,0.7186932849364791,0.1814882032667876,0.0127041742286751
50,Maldaha,141,537,0,8,16,181,742,0.7237196765498652,0.2439353099730458,0.0215633423180593
50,Maldaha,142,491,0,21,11,111,634,0.7744479495268138,0.1750788643533123,0.0173501577287066
50,Maldaha,143,614,0,24,17,113,768,0.7994791666666666,0.1471354166666666,0.0221354166666666
50,Maldaha,144,393,0,16,20,178,607,0.6474464579901154,0.2932454695222405,0.0329489291598023
50,Maldaha,144A,424,0,16,20,131,591,0.7174280879864636,0.22165820642978,0.0338409475465313
50,Maldaha,145,372,0,9,6,101,488,0.7622950819672131,0.2069672131147541,0.0122950819672131
50,Maldaha,146,57,0,114,15,598,784,0.072704081632653,0.7627551020408163,0.0191326530612244
50,Maldaha,147,9,0,52,14,408,483,0.0186335403726708,0.84472049689441,0.0289855072463768
50,Maldaha,147A,36,0,57,6,382,481,0.0748440748440748,0.7941787941787942,0.0124740124740124
50,Maldaha,148,16,0,138,26,705,885,0.0180790960451977,0.7966101694915254,0.0293785310734463
50,Maldaha,149,337,0,33,9,102,481,0.7006237006237006,0.212058212058212,0.0187110187110187
50,Maldaha,149A,376,0,17,10,80,483,0.7784679089026915,0.165631469979296,0.020703933747412
50,Maldaha,150,416,0,53,14,54,537,0.7746741154562383,0.1005586592178771,0.0260707635009311
50,Maldaha,151,406,0,33,10,87,536,0.7574626865671642,0.1623134328358209,0.0186567164179104
50,Maldaha,151A,454,0,25,11,44,534,0.850187265917603,0.0823970037453183,0.0205992509363295
50,Maldaha,152,9,0,72,10,614,705,0.0127659574468085,0.8709219858156029,0.0141843971631205
50,Maldaha,153,11,0,51,10,385,457,0.024070021881838,0.8424507658643327,0.0218818380743982
50,Maldaha,153A,2,0,35,12,442,491,0.0040733197556008,0.90020366598778,0.0244399185336048
50,Maldaha,154,11,0,113,9,731,864,0.0127314814814814,0.8460648148148148,0.0104166666666666
50,Maldaha,155,284,0,20,13,150,467,0.6081370449678801,0.3211991434689507,0.0278372591006423
50,Maldaha,155A,71,0,32,12,363,478,0.1485355648535564,0.7594142259414226,0.0251046025104602
50,Maldaha,156,370,0,237,25,55,687,0.5385735080058224,0.0800582241630276,0.0363901018922852
50,Maldaha,157,348,0,12,15,141,516,0.6744186046511628,0.2732558139534883,0.0290697674418604
50,Maldaha,157A,334,0,18,10,132,494,0.6761133603238867,0.2672064777327935,0.020242914979757
50,Maldaha,158,485,0,60,23,50,618,0.7847896440129449,0.0809061488673139,0.0372168284789644
50,Maldaha,159,442,0,23,24,42,531,0.832391713747646,0.0790960451977401,0.0451977401129943
50,Maldaha,159A,435,0,25,27,35,522,0.8333333333333334,0.0670498084291187,0.0517241379310344
50,Maldaha,81,0,0,42,12,501,555,0.0,0.9027027027027028,0.0216216216216216
50,Maldaha,82,0,0,146,19,622,787,0.0,0.7903430749682337,0.0241423125794155
50,Maldaha,83,0,0,154,26,607,787,0.0,0.7712833545108005,0.0330368487928843
50,Maldaha,84,0,0,50,252,156,458,0.0,0.3406113537117904,0.5502183406113537
50,Maldaha,85,0,0,47,370,93,510,0.0,0.1823529411764705,0.7254901960784313
50,Maldaha,85A,0,0,32,315,99,446,0.0,0.2219730941704036,0.7062780269058296
50,Maldaha,86,0,0,32,480,158,670,0.0,0.235820895522388,0.7164179104477612
50,Maldaha,87,0,0,30,366,144,540,0.0,0.2666666666666666,0.6777777777777778
50,Maldaha,87A,0,0,20,340,174,534,0.0,0.3258426966292135,0.6367041198501873
50,Maldaha,88,0,0,41,380,103,524,0.0,0.1965648854961832,0.7251908396946565
50,Maldaha,88A,0,0,45,438,87,570,0.0,0.1526315789473684,0.7684210526315789
50,Maldaha,89,0,0,97,500,119,716,0.0,0.1662011173184357,0.6983240223463687
50,Maldaha,90,0,0,50,753,112,915,0.0,0.1224043715846994,0.8229508196721311
50,Maldaha,91,0,0,45,481,57,583,0.0,0.0977701543739279,0.8250428816466552
50,Maldaha,91A,0,0,56,496,52,604,0.0,0.086092715231788,0.8211920529801324
50,Maldaha,92,0,0,54,532,249,835,0.0,0.2982035928143712,0.637125748502994
50,Maldaha,93,0,0,59,283,397,739,0.0,0.5372124492557511,0.3829499323410013
50,Maldaha,94,0,0,100,265,333,698,0.0,0.4770773638968481,0.3796561604584527
50,Maldaha,95,0,0,69,398,201,668,0.0,0.3008982035928144,0.5958083832335329
50,Maldaha,96,0,0,19,327,152,498,0.0,0.3052208835341365,0.6566265060240963
50,Maldaha,96A,0,0,32,286,122,440,0.0,0.2772727272727273,0.65
50,Maldaha,97,0,0,67,394,219,680,0.0,0.3220588235294118,0.5794117647058824
50,Maldaha,98,0,0,52,171,332,555,0.0,0.5981981981981982,0.3081081081081081
50,Maldaha,98A,0,0,49,83,380,512,0.0,0.7421875,0.162109375
50,Maldaha,99,0,0,109,40,469,618,0.0,0.7588996763754046,0.0647249190938511
50,Maldaha,99A,0,0,100,120,429,649,0.0,0.6610169491525424,0.184899845916795
51,English Bazar,10,115,2,0,1,356,474,0.2426160337552742,0.7510548523206751,0.0021097046413502
51,English Bazar,100,303,32,0,3,0,338,0.8964497041420119,0.0,0.0088757396449704
51,English Bazar,100A,265,36,0,3,0,304,0.8717105263157895,0.0,0.0098684210526315
51,English Bazar,101,405,59,0,2,0,466,0.869098712446352,0.0,0.0042918454935622
51,English Bazar,102,580,23,0,6,0,609,0.9523809523809524,0.0,0.0098522167487684
51,English Bazar,103,327,41,0,2,0,370,0.8837837837837837,0.0,0.0054054054054054
51,English Bazar,10A,78,2,0,1,371,452,0.1725663716814159,0.8207964601769911,0.0022123893805309
51,English Bazar,11,82,2,0,1,439,524,0.1564885496183206,0.8377862595419847,0.0019083969465648
51,English Bazar,117,21,228,0,3,0,252,0.0833333333333333,0.0,0.0119047619047619
51,English Bazar,11A,89,0,0,0,479,568,0.1566901408450704,0.8433098591549296,0.0
51,English Bazar,12,48,3,0,1,548,600,0.08,0.9133333333333332,0.0016666666666666
51,English Bazar,12A,117,1,0,0,447,565,0.2070796460176991,0.7911504424778761,0.0
51,English Bazar,13,314,1,0,1,62,378,0.8306878306878307,0.164021164021164,0.0026455026455026
51,English Bazar,130,396,22,0,0,0,418,0.9473684210526316,0.0,0.0
51,English Bazar,131,583,44,0,5,0,632,0.9224683544303798,0.0,0.0079113924050632
51,English Bazar,132,526,11,0,0,0,537,0.9795158286778398,0.0,0.0
51,English Bazar,133,548,47,0,4,0,599,0.9148580968280468,0.0,0.006677796327212
51,English Bazar,134,498,37,0,3,0,538,0.9256505576208178,0.0,0.0055762081784386
51,English Bazar,134A,452,44,0,2,0,498,0.9076305220883534,0.0,0.0040160642570281
51,English Bazar,135,750,31,0,2,0,783,0.9578544061302682,0.0,0.0025542784163473
51,English Bazar,136,504,23,0,4,0,531,0.9491525423728814,0.0,0.007532956685499
51,English Bazar,137,480,27,0,2,0,509,0.9430255402750491,0.0,0.0039292730844793
51,English Bazar,137A,399,23,0,3,0,425,0.9388235294117648,0.0,0.0070588235294117
51,English Bazar,138,384,24,0,3,0,411,0.9343065693430656,0.0,0.0072992700729927
51,English Bazar,139,371,32,0,2,0,405,0.9160493827160494,0.0,0.0049382716049382
51,English Bazar,139A,294,46,0,1,0,341,0.8621700879765396,0.0,0.002932551319648
51,English Bazar,13A,332,3,0,6,42,383,0.8668407310704961,0.1096605744125326,0.0156657963446475
51,English Bazar,14,407,4,0,2,146,559,0.7280858676207513,0.2611806797853309,0.0035778175313059
51,English Bazar,140,458,22,0,0,0,480,0.9541666666666668,0.0,0.0
51,English Bazar,141,575,34,0,1,0,610,0.9426229508196722,0.0,0.001639344262295
51,English Bazar,142,385,42,0,1,0,428,0.8995327102803738,0.0,0.0023364485981308
51,English Bazar,143,431,19,0,1,0,451,0.9556541019955654,0.0,0.0022172949002217
51,English Bazar,143A,366,56,0,0,0,422,0.8672985781990521,0.0,0.0
51,English Bazar,144,448,23,0,3,0,474,0.9451476793248944,0.0,0.0063291139240506
51,English Bazar,144A,370,13,0,1,0,384,0.9635416666666666,0.0,0.0026041666666666
51,English Bazar,145,444,25,0,3,0,472,0.940677966101695,0.0,0.0063559322033898
51,English Bazar,145A,400,33,0,1,0,434,0.9216589861751152,0.0,0.0023041474654377
51,English Bazar,146A,341,36,0,0,0,377,0.9045092838196288,0.0,0.0
51,English Bazar,147,609,69,0,4,0,682,0.8929618768328446,0.0,0.0058651026392961
51,English Bazar,148,798,340,0,25,104,1267,0.6298342541436464,0.0820836621941594,0.0197316495659037
51,English Bazar,149,705,393,0,47,105,1250,0.564,0.084,0.0376
51,English Bazar,15,241,1,0,0,137,379,0.6358839050131926,0.3614775725593667,0.0
51,English Bazar,150,619,368,0,19,106,1112,0.5566546762589928,0.0953237410071942,0.0170863309352518
51,English Bazar,150A,474,14,0,3,0,491,0.9653767820773932,0.0,0.0061099796334012
51,English Bazar,151,429,325,0,24,0,778,0.5514138817480719,0.0,0.0308483290488431
51,English Bazar,151A,363,31,0,0,0,394,0.9213197969543148,0.0,0.0
51,English Bazar,152,593,489,0,39,107,1228,0.4828990228013029,0.0871335504885993,0.0317589576547231
51,English Bazar,152A,455,16,0,3,0,474,0.959915611814346,0.0,0.0063291139240506
51,English Bazar,153,797,369,0,17,108,1291,0.6173508907823393,0.0836560805577072,0.0131680867544539
51,English Bazar,154,460,366,0,16,109,951,0.483701366982124,0.1146161934805467,0.0168243953732912
51,English Bazar,154A,328,43,0,0,0,371,0.8840970350404312,0.0,0.0
51,English Bazar,155,721,364,0,12,0,1097,0.6572470373746582,0.0,0.0109389243391066
51,English Bazar,156,279,340,0,17,110,746,0.3739946380697051,0.1474530831099195,0.0227882037533512
51,English Bazar,157,447,426,0,34,111,1018,0.4390962671905697,0.1090373280943025,0.0333988212180746
51,English Bazar,157A,362,20,0,4,0,386,0.9378238341968912,0.0,0.0103626943005181
51,English Bazar,158,497,391,0,25,0,913,0.5443592552026287,0.0,0.0273822562979189
51,English Bazar,159,718,381,0,22,112,1233,0.5823195458231955,0.0908353609083536,0.0178426601784266
51,English Bazar,15A,307,2,0,0,120,429,0.7156177156177156,0.2797202797202797,0.0
51,English Bazar,16,215,1,0,0,20,236,0.9110169491525424,0.0847457627118644,0.0
51,English Bazar,160,743,385,0,28,0,1156,0.6427335640138409,0.0,0.0242214532871972
51,English Bazar,161,735,435,0,30,113,1313,0.5597867479055598,0.086062452399086,0.0228484386900228
51,English Bazar,162,1104,201,0,16,114,1435,0.7693379790940766,0.0794425087108014,0.0111498257839721
51,English Bazar,163,715,342,0,23,0,1080,0.6620370370370371,0.0,0.0212962962962962
51,English Bazar,164,611,434,0,39,115,1199,0.5095913261050876,0.0959132610508757,0.0325271059216013
51,English Bazar,165,632,386,0,29,116,1163,0.5434221840068788,0.0997420464316423,0.0249355116079105
51,English Bazar,166,611,306,0,33,117,1067,0.5726335520149953,0.1096532333645735,0.0309278350515463
51,English Bazar,166A,465,18,0,3,0,486,0.9567901234567902,0.0,0.0061728395061728
51,English Bazar,167,584,276,0,35,0,895,0.6525139664804469,0.0,0.0391061452513966
51,English Bazar,168,751,294,0,39,118,1202,0.6247920133111481,0.0981697171381031,0.0324459234608985
51,English Bazar,168A,369,26,0,1,0,396,0.9318181818181818,0.0,0.0025252525252525
51,English Bazar,169,395,300,0,35,0,730,0.541095890410959,0.0,0.047945205479452
51,English Bazar,169A,364,24,0,1,0,389,0.93573264781491,0.0,0.0025706940874035
51,English Bazar,17,529,5,0,3,187,724,0.7306629834254144,0.2582872928176795,0.0041436464088397
51,English Bazar,170,800,275,0,26,119,1220,0.6557377049180327,0.0975409836065573,0.021311475409836
51,English Bazar,170A,176,5,0,1,0,182,0.967032967032967,0.0,0.0054945054945054
51,English Bazar,171,381,216,0,28,0,625,0.6096,0.0,0.0448
51,English Bazar,171A,408,16,0,1,0,425,0.96,0.0,0.0023529411764705
51,English Bazar,172,497,377,0,26,120,1020,0.4872549019607843,0.1176470588235294,0.0254901960784313
51,English Bazar,173,805,322,0,16,0,1143,0.7042869641294838,0.0,0.0139982502187226
51,English Bazar,174,623,463,0,30,121,1237,0.5036378334680679,0.0978172999191592,0.0242522231204527
51,English Bazar,175,614,405,0,22,0,1041,0.5898174831892411,0.0,0.021133525456292
51,English Bazar,175A,300,25,0,0,0,325,0.9230769230769232,0.0,0.0
51,English Bazar,176,385,597,0,38,122,1142,0.3371278458844133,0.1068301225919439,0.0332749562171628
51,English Bazar,176A,424,21,0,3,0,448,0.9464285714285714,0.0,0.0066964285714285
51,English Bazar,177,704,386,0,39,123,1252,0.5623003194888179,0.0982428115015974,0.0311501597444089
51,English Bazar,178,988,247,0,39,124,1398,0.7067238912732475,0.0886981402002861,0.0278969957081545
51,English Bazar,179,872,416,0,20,125,1433,0.6085136078157711,0.0872295882763433,0.0139567341242149
51,English Bazar,18,539,8,0,2,198,747,0.7215528781793842,0.2650602409638554,0.002677376171352
51,English Bazar,180,683,208,0,42,126,1059,0.6449480642115203,0.1189801699716713,0.0396600566572237
51,English Bazar,181,739,207,0,25,0,971,0.761071060762101,0.0,0.0257466529351184
51,English Bazar,181A,434,33,0,6,0,473,0.9175475687103594,0.0,0.0126849894291754
51,English Bazar,182,653,397,0,58,127,1235,0.5287449392712551,0.1028340080971659,0.0469635627530364
51,English Bazar,182A,443,17,0,0,0,460,0.9630434782608696,0.0,0.0
51,English Bazar,183,675,204,0,53,128,1060,0.6367924528301887,0.120754716981132,0.05
51,English Bazar,184,767,207,0,44,0,1018,0.7534381139489195,0.0,0.043222003929273
51,English Bazar,184A,448,12,0,1,0,461,0.9718004338394792,0.0,0.0021691973969631
51,English Bazar,185,139,475,0,31,129,774,0.1795865633074935,0.1666666666666666,0.0400516795865633
51,English Bazar,186A,265,41,0,3,0,309,0.8576051779935275,0.0,0.0097087378640776
51,English Bazar,187,340,49,0,2,0,391,0.8695652173913043,0.0,0.0051150895140664
51,English Bazar,187A,331,29,0,2,0,362,0.914364640883978,0.0,0.005524861878453
51,English Bazar,188,402,20,0,4,0,426,0.943661971830986,0.0,0.0093896713615023
51,English Bazar,189,324,50,0,1,0,375,0.864,0.0,0.0026666666666666
51,English Bazar,19,650,5,0,8,130,793,0.819672131147541,0.1639344262295081,0.0100882723833543
51,English Bazar,190,364,28,0,2,0,394,0.9238578680203046,0.0,0.0050761421319796
51,English Bazar,190A,380,42,0,0,0,422,0.9004739336492891,0.0,0.0
51,English Bazar,191,521,40,0,6,0,567,0.9188712522045857,0.0,0.0105820105820105
51,English Bazar,192,520,45,0,2,0,567,0.9171075837742504,0.0,0.0035273368606701
51,English Bazar,193,251,61,0,1,0,313,0.8019169329073482,0.0,0.0031948881789137
51,English Bazar,193A,235,55,0,0,0,290,0.8103448275862069,0.0,0.0
51,English Bazar,194,344,23,0,1,0,368,0.9347826086956522,0.0,0.0027173913043478
51,English Bazar,194A,218,39,0,1,0,258,0.8449612403100775,0.0,0.003875968992248
51,English Bazar,195,533,57,0,2,0,592,0.9003378378378378,0.0,0.0033783783783783
51,English Bazar,196,354,70,0,1,0,425,0.8329411764705882,0.0,0.0023529411764705
51,English Bazar,197,368,63,0,0,0,431,0.8538283062645011,0.0,0.0
51,English Bazar,198,276,37,0,0,0,313,0.8817891373801917,0.0,0.0
51,English Bazar,198A,256,43,0,2,0,301,0.8504983388704319,0.0,0.0066445182724252
51,English Bazar,199,258,41,0,1,0,300,0.86,0.0,0.0033333333333333
51,English Bazar,2,324,1,0,2,96,423,0.7659574468085106,0.226950354609929,0.0047281323877068
51,English Bazar,20,398,1,0,3,92,494,0.805668016194332,0.1862348178137652,0.0060728744939271
51,English Bazar,200,551,75,0,3,0,629,0.875993640699523,0.0,0.0047694753577106
51,English Bazar,201,278,23,0,2,0,303,0.9174917491749176,0.0,0.0066006600660066
51,English Bazar,202,614,61,0,2,0,677,0.9069423929098966,0.0,0.0029542097488921
51,English Bazar,203,354,34,0,2,0,390,0.9076923076923076,0.0,0.0051282051282051
51,English Bazar,203A,355,21,0,5,0,381,0.931758530183727,0.0,0.0131233595800524
51,English Bazar,204,321,43,0,0,0,364,0.8818681318681318,0.0,0.0
51,English Bazar,204A,277,32,0,0,0,309,0.8964401294498382,0.0,0.0
51,English Bazar,205,640,70,0,4,0,714,0.896358543417367,0.0,0.0056022408963585
51,English Bazar,206,631,40,0,2,0,673,0.937592867756315,0.0,0.0029717682020802
51,English Bazar,207,594,36,0,2,0,632,0.939873417721519,0.0,0.0031645569620253
51,English Bazar,208,2328,9,0,0,0,2337,0.9961489088575096,0.0,0.0
51,English Bazar,209,385,33,0,1,0,419,0.918854415274463,0.0,0.0023866348448687
51,English Bazar,209A,383,33,0,1,0,417,0.9184652278177458,0.0,0.0023980815347721
51,English Bazar,21,35,0,0,1,530,566,0.0618374558303886,0.9363957597173144,0.0017667844522968
51,English Bazar,210,388,29,0,2,0,419,0.9260143198090692,0.0,0.0047732696897374
51,English Bazar,210A,459,20,0,4,0,483,0.9503105590062112,0.0,0.0082815734989648
51,English Bazar,211,616,74,0,4,0,694,0.8876080691642652,0.0,0.0057636887608069
51,English Bazar,212,432,44,0,3,0,479,0.9018789144050104,0.0,0.0062630480167014
51,English Bazar,212A,448,36,0,1,0,485,0.9237113402061856,0.0,0.002061855670103
51,English Bazar,213,630,46,0,5,0,681,0.9251101321585904,0.0,0.0073421439060205
51,English Bazar,214,664,24,0,6,0,694,0.956772334293948,0.0,0.0086455331412103
51,English Bazar,215,268,32,0,0,0,300,0.8933333333333333,0.0,0.0
51,English Bazar,215A,297,14,0,2,0,313,0.9488817891373802,0.0,0.0063897763578274
51,English Bazar,216,179,571,0,4,0,754,0.2374005305039787,0.0,0.0053050397877984
51,English Bazar,217,380,17,0,2,0,399,0.9523809523809524,0.0,0.0050125313283208
51,English Bazar,217A,412,22,0,4,0,438,0.9406392694063926,0.0,0.0091324200913242
51,English Bazar,218,279,3,0,2,0,284,0.9823943661971832,0.0,0.0070422535211267
51,English Bazar,218A,367,42,0,1,0,410,0.8951219512195122,0.0,0.0024390243902439
51,English Bazar,219,404,24,0,3,0,431,0.937354988399072,0.0,0.0069605568445475
51,English Bazar,219A,433,22,0,2,0,457,0.9474835886214442,0.0,0.0043763676148796
51,English Bazar,21A,27,0,0,2,504,533,0.0506566604127579,0.9455909943714822,0.0037523452157598
51,English Bazar,22,35,1,0,3,633,672,0.0520833333333333,0.9419642857142856,0.0044642857142857
51,English Bazar,220,454,13,0,2,0,469,0.9680170575692963,0.0,0.0042643923240938
51,English Bazar,221,576,16,0,1,0,593,0.9713322091062394,0.0,0.0016863406408094
51,English Bazar,221A,447,12,0,5,0,464,0.9633620689655172,0.0,0.0107758620689655
51,English Bazar,222,385,22,0,2,0,409,0.941320293398533,0.0,0.0048899755501222
51,English Bazar,222A,392,16,0,3,0,411,0.9537712895377128,0.0,0.0072992700729927
51,English Bazar,223A,405,5,0,1,0,411,0.9854014598540146,0.0,0.0024330900243309
51,English Bazar,224,324,4,0,4,0,332,0.9759036144578314,0.0,0.0120481927710843
51,English Bazar,225,40,111,0,272,0,423,0.0945626477541371,0.0,0.6430260047281324
51,English Bazar,225A,398,24,0,2,0,424,0.9386792452830188,0.0,0.0047169811320754
51,English Bazar,226,603,17,0,1,0,621,0.9710144927536232,0.0,0.001610305958132
51,English Bazar,226A,569,14,0,4,0,587,0.969335604770017,0.0,0.0068143100511073
51,English Bazar,227,623,24,0,0,0,647,0.9629057187017002,0.0,0.0
51,English Bazar,227A,583,14,0,0,0,597,0.9765494137353434,0.0,0.0
51,English Bazar,228,601,11,0,4,0,616,0.9756493506493508,0.0,0.0064935064935064
51,English Bazar,228A,572,15,0,7,0,594,0.9629629629629628,0.0,0.0117845117845117
51,English Bazar,229A,427,11,0,1,0,439,0.9726651480637812,0.0,0.0022779043280182
51,English Bazar,230,563,3,0,4,0,570,0.987719298245614,0.0,0.0070175438596491
51,English Bazar,230A,451,19,0,2,0,472,0.9555084745762712,0.0,0.0042372881355932
51,English Bazar,231,585,10,0,2,0,597,0.9798994974874372,0.0,0.0033500837520938
51,English Bazar,232,618,29,0,2,0,649,0.9522342064714946,0.0,0.0030816640986132
51,English Bazar,233,651,20,0,2,0,673,0.9673105497771174,0.0,0.0029717682020802
51,English Bazar,234,583,20,0,1,0,604,0.9652317880794702,0.0,0.0016556291390728
51,English Bazar,235,521,21,0,6,0,548,0.9507299270072992,0.0,0.010948905109489
51,English Bazar,235A,557,23,0,4,0,584,0.9537671232876712,0.0,0.0068493150684931
51,English Bazar,236,473,14,0,10,0,497,0.9517102615694164,0.0,0.0201207243460764
51,English Bazar,236A,504,11,0,2,0,517,0.9748549323017408,0.0,0.0038684719535783
51,English Bazar,237,486,6,0,4,0,496,0.9798387096774194,0.0,0.0080645161290322
51,English Bazar,237A,405,5,0,3,0,413,0.980629539951574,0.0,0.0072639225181598
51,English Bazar,238,83401,17,0,5,0,83423,0.9997362837586756,0.0,5.993550939189432e-05
51,English Bazar,239,460,29,0,2,0,491,0.9368635437881874,0.0,0.0040733197556008
51,English Bazar,239A,400,19,0,2,0,421,0.9501187648456056,0.0,0.004750593824228
51,English Bazar,23A,8,7,0,2,0,17,0.4705882352941176,0.0,0.1176470588235294
51,English Bazar,24,21,138,0,0,0,159,0.1320754716981132,0.0,0.0
51,English Bazar,240,525,83,0,3,0,611,0.8592471358428805,0.0,0.0049099836333878
51,English Bazar,240A,549,43,0,9,0,601,0.913477537437604,0.0,0.0149750415973377
51,English Bazar,241,578,12,0,4,0,594,0.9730639730639732,0.0,0.0067340067340067
51,English Bazar,241A,550,15,0,5,0,570,0.9649122807017544,0.0,0.0087719298245614
51,English Bazar,242,534,24,0,9,0,567,0.9417989417989416,0.0,0.0158730158730158
51,English Bazar,242A,4203,26,0,12,0,4241,0.9910398490921952,0.0,0.0028295213393067
51,English Bazar,243,547,59,0,5,0,611,0.8952536824877251,0.0,0.0081833060556464
51,English Bazar,244,833,53,0,14,0,900,0.9255555555555556,0.0,0.0155555555555555
51,English Bazar,245,527,103,0,4,0,634,0.831230283911672,0.0,0.0063091482649842
51,English Bazar,245A,495,45,0,3,0,543,0.9116022099447514,0.0,0.005524861878453
51,English Bazar,246,484,222,0,5,0,711,0.680731364275668,0.0,0.0070323488045007
51,English Bazar,246A,467,5,0,4,0,476,0.98109243697479,0.0,0.0084033613445378
51,English Bazar,247,539,19,0,9,0,567,0.9506172839506172,0.0,0.0158730158730158
51,English Bazar,247A,488,18,0,3,0,509,0.9587426326129664,0.0,0.005893909626719
51,English Bazar,248,554,49,0,2,0,605,0.915702479338843,0.0,0.0033057851239669
51,English Bazar,248A,510,37,0,7,0,554,0.9205776173285198,0.0,0.0126353790613718
51,English Bazar,249,484,61,0,2,0,547,0.8848263254113345,0.0,0.0036563071297989
51,English Bazar,249A,549,17,0,4,0,570,0.963157894736842,0.0,0.0070175438596491
51,English Bazar,24A,22,18,0,1,0,41,0.5365853658536586,0.0,0.024390243902439
51,English Bazar,25,37,17,0,0,0,54,0.6851851851851852,0.0,0.0
51,English Bazar,250,599,21,0,4,0,624,0.9599358974358976,0.0,0.0064102564102564
51,English Bazar,250A,581,32,0,8,0,621,0.9355877616747182,0.0,0.0128824476650563
51,English Bazar,251,747,0,0,17,0,764,0.9777486910994764,0.0,0.0222513089005235
51,English Bazar,252,197,358,0,6,0,561,0.3511586452762923,0.0,0.0106951871657754
51,English Bazar,253,558,16,0,7,0,581,0.9604130808950088,0.0,0.0120481927710843
51,English Bazar,254,567,8,0,21,0,596,0.9513422818791948,0.0,0.035234899328859
51,English Bazar,254A,546,4,0,6,0,556,0.9820143884892086,0.0,0.0107913669064748
51,English Bazar,255,751,13,0,14,0,778,0.9652956298200516,0.0,0.0179948586118251
51,English Bazar,256,445,8,0,10,0,463,0.961123110151188,0.0,0.0215982721382289
51,English Bazar,256A,379,15,0,4,0,398,0.9522613065326632,0.0,0.0100502512562814
51,English Bazar,257,551,14,0,14,0,579,0.9516407599309152,0.0,0.0241796200345423
51,English Bazar,257A,554,7,0,11,0,572,0.9685314685314684,0.0,0.0192307692307692
51,English Bazar,258,485,6,0,12,0,503,0.9642147117296224,0.0,0.0238568588469184
51,English Bazar,258A,485,4,0,5,0,494,0.9817813765182186,0.0,0.0101214574898785
51,English Bazar,259,560,20,0,12,0,592,0.945945945945946,0.0,0.0202702702702702
51,English Bazar,259A,518,1,0,12,0,531,0.975517890772128,0.0,0.0225988700564971
51,English Bazar,26,18,123,0,0,0,141,0.1276595744680851,0.0,0.0
51,English Bazar,260,449,68,0,7,0,524,0.8568702290076335,0.0,0.0133587786259541
51,English Bazar,260A,496,83,0,4,0,583,0.8507718696397941,0.0,0.006861063464837
51,English Bazar,261,614,33,0,12,0,659,0.9317147192716236,0.0,0.0182094081942336
51,English Bazar,261A,548,22,0,18,0,588,0.9319727891156464,0.0,0.0306122448979591
51,English Bazar,262,533,62,0,4,0,599,0.8898163606010017,0.0,0.006677796327212
51,English Bazar,262A,519,61,0,8,0,588,0.8826530612244898,0.0,0.0136054421768707
51,English Bazar,263,561,58,0,9,0,628,0.893312101910828,0.0,0.0143312101910828
51,English Bazar,263A,557,32,0,6,0,595,0.9361344537815126,0.0,0.0100840336134453
51,English Bazar,264,470,12,0,6,0,488,0.9631147540983608,0.0,0.0122950819672131
51,English Bazar,264A,393,9,0,7,0,409,0.960880195599022,0.0,0.0171149144254278
51,English Bazar,265,601,15,0,7,0,623,0.9646869983948636,0.0,0.0112359550561797
51,English Bazar,266,702,61,0,10,0,773,0.908150064683053,0.0,0.0129366106080207
51,English Bazar,27,30,398,0,1,0,429,0.0699300699300699,0.0,0.0023310023310023
51,English Bazar,27A,29,414,0,0,0,443,0.0654627539503386,0.0,0.0
51,English Bazar,28,40,381,0,0,0,421,0.0950118764845605,0.0,0.0
51,English Bazar,283,35,221,0,0,0,256,0.13671875,0.0,0.0
51,English Bazar,29,26,602,0,0,0,628,0.0414012738853503,0.0,0.0
51,English Bazar,2A,354,5,0,4,111,474,0.7468354430379747,0.2341772151898734,0.0084388185654008
51,English Bazar,3,357,1,0,10,28,396,0.9015151515151516,0.0707070707070707,0.0252525252525252
51,English Bazar,30,63,452,0,0,0,515,0.1223300970873786,0.0,0.0
51,English Bazar,31,74,428,0,0,0,502,0.147410358565737,0.0,0.0
51,English Bazar,32,17,357,0,0,0,374,0.0454545454545454,0.0,0.0
51,English Bazar,32A,6,341,0,0,0,347,0.0172910662824207,0.0,0.0
51,English Bazar,33,10,432,0,0,0,442,0.0226244343891402,0.0,0.0
51,English Bazar,34,23,331,0,1,0,355,0.0647887323943662,0.0,0.0028169014084507
51,English Bazar,35,41,478,0,3,0,522,0.0785440613026819,0.0,0.0057471264367816
51,English Bazar,36,8,491,0,2,0,501,0.0159680638722554,0.0,0.0039920159680638
51,English Bazar,37,22,3,0,3,0,28,0.7857142857142857,0.0,0.1071428571428571
51,English Bazar,38,35,13,0,2,0,50,0.7,0.0,0.04
51,English Bazar,39,14,386,0,4,0,404,0.0346534653465346,0.0,0.0099009900990099
51,English Bazar,39A,12,173,0,1,0,186,0.064516129032258,0.0,0.0053763440860215
51,English Bazar,3A,450,3,0,3,42,498,0.9036144578313252,0.0843373493975903,0.0060240963855421
51,English Bazar,4,395,4,0,2,41,442,0.8936651583710408,0.0927601809954751,0.004524886877828
51,English Bazar,40,24,581,0,2,0,607,0.0395387149917627,0.0,0.0032948929159802
51,English Bazar,41,12,414,0,1,0,427,0.0281030444964871,0.0,0.0023419203747072
51,English Bazar,42,11,538,0,1,0,550,0.02,0.0,0.0018181818181818
51,English Bazar,43,12,675,0,0,0,687,0.0174672489082969,0.0,0.0
51,English Bazar,44,12,440,0,0,0,452,0.0265486725663716,0.0,0.0
51,English Bazar,44A,6,321,0,0,0,327,0.018348623853211,0.0,0.0
51,English Bazar,45,8,5,0,2,0,15,0.5333333333333333,0.0,0.1333333333333333
51,English Bazar,45A,7,13,0,0,0,20,0.35,0.0,0.0
51,English Bazar,46,9,498,0,1,0,508,0.0177165354330708,0.0,0.0019685039370078
51,English Bazar,47,12,237,0,3,0,252,0.0476190476190476,0.0,0.0119047619047619
51,English Bazar,48,13,434,0,2,0,449,0.0289532293986636,0.0,0.0044543429844097
51,English Bazar,48A,14,452,0,0,0,466,0.0300429184549356,0.0,0.0
51,English Bazar,49,9,397,0,1,0,407,0.0221130221130221,0.0,0.0024570024570024
51,English Bazar,49A,5,351,0,2,0,358,0.0139664804469273,0.0,0.0055865921787709
51,English Bazar,4A,383,6,0,1,133,523,0.7323135755258127,0.254302103250478,0.0019120458891013
51,English Bazar,50,12,70,0,0,0,82,0.1463414634146341,0.0,0.0
51,English Bazar,50A,11,67,0,2,0,80,0.1375,0.0,0.025
51,English Bazar,51,10,0,0,4,491,505,0.0198019801980198,0.9722772277227724,0.0079207920792079
51,English Bazar,51A,56,1,0,2,442,501,0.1117764471057884,0.8822355289421158,0.0039920159680638
51,English Bazar,52,429,5,0,3,114,551,0.778584392014519,0.2068965517241379,0.0054446460980036
51,English Bazar,52A,420,1,0,2,88,511,0.821917808219178,0.172211350293542,0.0039138943248532
51,English Bazar,53,457,3,0,2,129,591,0.7732656514382402,0.2182741116751269,0.0033840947546531
51,English Bazar,53A,425,2,0,646,126,1199,0.3544620517097581,0.1050875729774812,0.5387823185988324
51,English Bazar,54,594,9,0,1,176,780,0.7615384615384615,0.2256410256410256,0.0012820512820512
51,English Bazar,55,508,5,0,9,84,606,0.8382838283828383,0.1386138613861386,0.0148514851485148
51,English Bazar,56,40,1,0,3,545,589,0.0679117147707979,0.9252971137521222,0.0050933786078098
51,English Bazar,56A,28,1,0,0,551,580,0.0482758620689655,0.95,0.0
51,English Bazar,57,415,1,0,0,60,476,0.8718487394957983,0.1260504201680672,0.0
51,English Bazar,57A,430,6,0,5,82,523,0.8221797323135756,0.1567877629063097,0.0095602294455066
51,English Bazar,58,29,3,0,1,301,334,0.0868263473053892,0.9011976047904192,0.0029940119760479
51,English Bazar,59,3,0,0,341,1,345,0.008695652173913,0.0028985507246376,0.9884057971014492
51,English Bazar,59A,376,3,0,1,124,504,0.746031746031746,0.246031746031746,0.0019841269841269
51,English Bazar,6,260,2,0,1,115,378,0.6878306878306878,0.3042328042328042,0.0026455026455026
51,English Bazar,60,361,5,0,7,420,793,0.4552332912988651,0.5296343001261034,0.008827238335435
51,English Bazar,61,281,1,0,7,213,502,0.5597609561752988,0.4243027888446215,0.0139442231075697
51,English Bazar,61A,267,1,0,0,149,417,0.6402877697841727,0.3573141486810551,0.0
51,English Bazar,62,424,9,0,2,56,491,0.8635437881873728,0.1140529531568228,0.0040733197556008
51,English Bazar,63,596,8,0,4,148,756,0.7883597883597884,0.1957671957671957,0.0052910052910052
51,English Bazar,64,224,6,0,3,187,420,0.5333333333333333,0.4452380952380952,0.0071428571428571
51,English Bazar,64A,242,0,0,0,170,412,0.587378640776699,0.4126213592233009,0.0
51,English Bazar,65,398,3,0,1,77,479,0.8308977035490606,0.1607515657620041,0.0020876826722338
51,English Bazar,65A,238,1,0,2,227,468,0.5085470085470085,0.485042735042735,0.0042735042735042
51,English Bazar,66,447,3,0,1,435,886,0.5045146726862303,0.4909706546275395,0.0011286681715575
51,English Bazar,67,456,4,0,4,260,724,0.6298342541436464,0.3591160220994475,0.005524861878453
51,English Bazar,68,243,0,0,1,331,575,0.4226086956521739,0.5756521739130435,0.0017391304347826
51,English Bazar,69,175,2,0,2,547,726,0.2410468319559228,0.7534435261707989,0.0027548209366391
51,English Bazar,7,314,2,0,0,208,524,0.5992366412213741,0.3969465648854962,0.0
51,English Bazar,70,456,1,0,0,284,741,0.6153846153846154,0.3832658569500675,0.0
51,English Bazar,71,355,0,0,1,195,551,0.6442831215970962,0.3539019963702359,0.0018148820326678
51,English Bazar,71A,453,4,0,0,82,539,0.8404452690166976,0.1521335807050092,0.0
51,English Bazar,72,323,3,0,0,248,574,0.5627177700348432,0.4320557491289198,0.0
51,English Bazar,72A,159,3,0,2,387,551,0.2885662431941924,0.7023593466424682,0.0036297640653357
51,English Bazar,73,225,1,0,1,346,573,0.3926701570680628,0.6038394415357766,0.0017452006980802
51,English Bazar,73A,358,1,0,2,107,468,0.7649572649572649,0.2286324786324786,0.0042735042735042
51,English Bazar,74,508,2,0,1,321,832,0.6105769230769231,0.3858173076923077,0.001201923076923
51,English Bazar,75,66,1,0,1,435,503,0.1312127236580517,0.8648111332007953,0.0019880715705765
51,English Bazar,75A,55,1,0,0,446,502,0.1095617529880478,0.8884462151394422,0.0
51,English Bazar,78,474,4,0,10,0,488,0.971311475409836,0.0,0.0204918032786885
51,English Bazar,79,519,25,0,4,0,548,0.9470802919708028,0.0,0.0072992700729927
51,English Bazar,79A,462,18,0,1,0,481,0.9604989604989606,0.0,0.002079002079002
51,English Bazar,7A,372,4,0,1,185,562,0.6619217081850534,0.3291814946619217,0.0017793594306049
51,English Bazar,8,291,6,0,1,522,820,0.3548780487804878,0.6365853658536585,0.0012195121951219
51,English Bazar,80,735,39,0,4,0,778,0.9447300771208226,0.0,0.0051413881748071
51,English Bazar,81,348,29,0,3,0,380,0.9157894736842104,0.0,0.0078947368421052
51,English Bazar,81A,374,25,0,4,0,403,0.9280397022332506,0.0,0.009925558312655
51,English Bazar,82,454,23,0,1,0,478,0.9497907949790796,0.0,0.002092050209205
51,English Bazar,83,368,15,0,5,0,388,0.9484536082474226,0.0,0.0128865979381443
51,English Bazar,83A,346,27,0,4,0,377,0.9177718832891246,0.0,0.0106100795755968
51,English Bazar,84,559,13,0,11,0,583,0.9588336192109777,0.0,0.0188679245283018
51,English Bazar,85,451,34,0,2,0,487,0.9260780287474332,0.0,0.0041067761806981
51,English Bazar,86,567,22,0,7,0,596,0.9513422818791948,0.0,0.011744966442953
51,English Bazar,87,421,35,0,3,0,459,0.9172113289760347,0.0,0.0065359477124183
51,English Bazar,87A,484,43,0,3,0,530,0.9132075471698112,0.0,0.0056603773584905
51,English Bazar,88,422,35,0,3,0,460,0.917391304347826,0.0,0.0065217391304347
51,English Bazar,88A,386,26,0,4,0,416,0.9278846153846154,0.0,0.0096153846153846
51,English Bazar,89,331,13,0,4,0,348,0.9511494252873564,0.0,0.0114942528735632
51,English Bazar,89A,135,19,0,2,0,156,0.8653846153846154,0.0,0.0128205128205128
51,English Bazar,9,164,1,0,0,432,597,0.2747068676716918,0.7236180904522613,0.0
51,English Bazar,90,294,18,0,5,0,317,0.9274447949526814,0.0,0.0157728706624605
51,English Bazar,91,295,7,0,4,0,306,0.9640522875816994,0.0,0.0130718954248366
51,English Bazar,92,801,27,0,6,0,834,0.960431654676259,0.0,0.0071942446043165
51,English Bazar,93,318,31,0,1,0,350,0.9085714285714286,0.0,0.0028571428571428
51,English Bazar,93A,333,33,0,3,0,369,0.902439024390244,0.0,0.008130081300813
51,English Bazar,94,539,15,0,3,0,557,0.9676840215439856,0.0,0.0053859964093357
51,English Bazar,94A,546,10,0,3,0,559,0.9767441860465116,0.0,0.0053667262969588
51,English Bazar,95,837,19,0,7,0,863,0.969872537659328,0.0,0.0081112398609501
51,English Bazar,96,677,15,0,5,0,697,0.9713055954088952,0.0,0.0071736011477761
51,English Bazar,97,538,12,0,6,0,556,0.9676258992805756,0.0,0.0107913669064748
51,English Bazar,97A,498,12,0,6,0,516,0.9651162790697676,0.0,0.0116279069767441
51,English Bazar,98,614,48,0,9,0,671,0.9150521609538004,0.0,0.0134128166915052
51,English Bazar,99,423,53,0,0,0,476,0.8886554621848739,0.0,0.0
51,English Bazar,9A,179,2,0,2,451,634,0.2823343848580442,0.7113564668769716,0.0031545741324921
52,Mothabari,0,0,0,0,1083,0,1083,0.0,0.0,1.0
52,Mothabari,1,0,0,0,420,0,420,0.0,0.0,1.0
52,Mothabari,10,0,0,128,2163,0,2291,0.0,0.0,0.9441292012221736
52,Mothabari,100,52,0,112,1171,67,1402,0.0370898716119828,0.0477888730385164,0.8352353780313837
52,Mothabari,100A,0,0,104,1134,0,1238,0.0,0.0,0.9159935379644588
52,Mothabari,101,55,0,66,1121,68,1310,0.0419847328244274,0.0519083969465648,0.8557251908396947
52,Mothabari,102,296,0,31,788,69,1184,0.25,0.058277027027027,0.6655405405405406
52,Mothabari,103,210,0,118,969,0,1297,0.1619121048573631,0.0,0.7471087124132614
52,Mothabari,104,0,0,98,394,0,492,0.0,0.0,0.8008130081300813
52,Mothabari,105,228,0,35,803,0,1066,0.2138836772983114,0.0,0.7532833020637899
52,Mothabari,105A,0,0,55,1025,0,1080,0.0,0.0,0.949074074074074
52,Mothabari,106,548,0,89,560,71,1268,0.4321766561514195,0.055993690851735,0.4416403785488959
52,Mothabari,106A,0,0,50,471,0,521,0.0,0.0,0.9040307101727448
52,Mothabari,107,528,0,46,452,72,1098,0.4808743169398907,0.0655737704918032,0.4116575591985428
52,Mothabari,107A,0,0,45,425,0,470,0.0,0.0,0.9042553191489362
52,Mothabari,108,472,0,83,884,73,1512,0.3121693121693121,0.0482804232804232,0.5846560846560847
52,Mothabari,109,427,0,0,64,0,491,0.869653767820774,0.0,0.130346232179226
52,Mothabari,11,0,0,480,1244,0,1724,0.0,0.0,0.7215777262180975
52,Mothabari,110,365,0,0,74,74,513,0.7115009746588694,0.1442495126705653,0.1442495126705653
52,Mothabari,111,405,0,0,95,0,500,0.81,0.0,0.19
52,Mothabari,112,473,0,93,954,75,1595,0.296551724137931,0.0470219435736677,0.5981191222570533
52,Mothabari,113,269,0,48,591,76,984,0.2733739837398374,0.0772357723577235,0.600609756097561
52,Mothabari,114,409,0,2,1371,0,1782,0.2295173961840628,0.0,0.7693602693602694
52,Mothabari,115,52,0,16,1273,77,1418,0.0366713681241184,0.0543018335684062,0.8977433004231312
52,Mothabari,116,405,0,8,1099,0,1512,0.2678571428571428,0.0,0.7268518518518519
52,Mothabari,116A,0,0,8,445,0,453,0.0,0.0,0.9823399558498896
52,Mothabari,117,508,0,53,552,78,1191,0.4265323257766583,0.0654911838790932,0.4634760705289673
52,Mothabari,117A,0,0,42,559,0,601,0.0,0.0,0.930116472545757
52,Mothabari,118,478,0,37,620,0,1135,0.4211453744493392,0.0,0.5462555066079295
52,Mothabari,119,513,0,63,1370,79,2025,0.2533333333333333,0.0390123456790123,0.6765432098765433
52,Mothabari,12,0,0,9,1134,0,1143,0.0,0.0,0.9921259842519684
52,Mothabari,120,0,0,82,534,0,616,0.0,0.0,0.8668831168831169
52,Mothabari,123,736,0,0,57,82,875,0.8411428571428572,0.0937142857142857,0.0651428571428571
52,Mothabari,124,650,0,0,64,83,797,0.8155583437892095,0.1041405269761606,0.0803011292346298
52,Mothabari,125,37,0,0,512,84,633,0.0584518167456556,0.1327014218009478,0.8088467614533965
52,Mothabari,126,39,0,0,508,0,547,0.0712979890310786,0.0,0.9287020109689214
52,Mothabari,127,441,0,0,64,85,590,0.747457627118644,0.1440677966101695,0.1084745762711864
52,Mothabari,128,262,0,0,246,0,508,0.515748031496063,0.0,0.484251968503937
52,Mothabari,129,268,0,0,283,86,637,0.4207221350078493,0.1350078492935635,0.4442700156985871
52,Mothabari,13,0,0,51,1260,0,1311,0.0,0.0,0.9610983981693364
52,Mothabari,130,71,0,0,812,87,970,0.0731958762886598,0.0896907216494845,0.8371134020618557
52,Mothabari,131,287,0,0,167,88,542,0.5295202952029521,0.1623616236162361,0.3081180811808118
52,Mothabari,132,438,0,0,18,0,456,0.9605263157894736,0.0,0.0394736842105263
52,Mothabari,14,0,0,63,963,0,1026,0.0,0.0,0.9385964912280702
52,Mothabari,15,0,0,44,1184,0,1228,0.0,0.0,0.9641693811074918
52,Mothabari,155A,106,0,0,8,476,590,0.1796610169491525,0.8067796610169492,0.0135593220338983
52,Mothabari,156,88,0,0,1,411,500,0.176,0.822,0.002
52,Mothabari,156A,39,0,0,3,443,485,0.0804123711340206,0.91340206185567,0.0061855670103092
52,Mothabari,157,73,0,0,11,584,668,0.1092814371257485,0.874251497005988,0.0164670658682634
52,Mothabari,158,29,0,0,4,437,470,0.0617021276595744,0.9297872340425531,0.0085106382978723
52,Mothabari,158A,21,0,0,3,433,457,0.0459518599562363,0.9474835886214442,0.0065645514223194
52,Mothabari,159,49,0,0,4,543,596,0.0822147651006711,0.9110738255033556,0.0067114093959731
52,Mothabari,159A,58,0,0,9,548,615,0.0943089430894309,0.8910569105691057,0.0146341463414634
52,Mothabari,16,0,0,20,1501,0,1521,0.0,0.0,0.9868507560815252
52,Mothabari,160,66,0,0,0,392,458,0.1441048034934497,0.8558951965065502,0.0
52,Mothabari,160A,57,0,0,14,372,443,0.128668171557562,0.8397291196388262,0.0316027088036117
52,Mothabari,161,52,0,0,4,441,497,0.1046277665995975,0.8873239436619719,0.0080482897384305
52,Mothabari,162,45,0,0,3,492,540,0.0833333333333333,0.9111111111111112,0.0055555555555555
52,Mothabari,162A,33,0,0,4,450,487,0.0677618069815195,0.9240246406570842,0.0082135523613963
52,Mothabari,163,9,0,0,385,76,470,0.0191489361702127,0.1617021276595744,0.8191489361702128
52,Mothabari,163A,9,0,0,381,100,490,0.0183673469387755,0.2040816326530612,0.7775510204081633
52,Mothabari,164,31,0,0,113,574,718,0.043175487465181,0.7994428969359332,0.1573816155988858
52,Mothabari,165,34,0,0,11,600,645,0.0527131782945736,0.9302325581395348,0.0170542635658914
52,Mothabari,166,67,0,0,27,749,843,0.0794780545670225,0.8884934756820878,0.0320284697508896
52,Mothabari,167,41,0,0,8,498,547,0.0749542961608775,0.9104204753199268,0.0146252285191956
52,Mothabari,168,16,0,0,7,443,466,0.0343347639484978,0.9506437768240344,0.0150214592274678
52,Mothabari,168A,35,0,0,10,424,469,0.0746268656716417,0.9040511727078892,0.021321961620469
52,Mothabari,169,132,0,0,5,656,793,0.1664564943253468,0.8272383354350568,0.0063051702395964
52,Mothabari,17,0,0,116,1374,0,1490,0.0,0.0,0.9221476510067114
52,Mothabari,170,40,0,0,503,57,600,0.0666666666666666,0.095,0.8383333333333334
52,Mothabari,171,86,0,0,49,670,805,0.1068322981366459,0.8322981366459627,0.0608695652173913
52,Mothabari,172,12,0,0,318,118,448,0.0267857142857142,0.2633928571428571,0.7098214285714286
52,Mothabari,172A,24,0,0,150,276,450,0.0533333333333333,0.6133333333333333,0.3333333333333333
52,Mothabari,173,106,0,0,490,250,846,0.1252955082742316,0.2955082742316784,0.5791962174940898
52,Mothabari,174,103,0,0,38,511,652,0.1579754601226994,0.7837423312883436,0.058282208588957
52,Mothabari,175,66,0,0,10,416,492,0.1341463414634146,0.8455284552845529,0.0203252032520325
52,Mothabari,177,70,0,0,15,432,517,0.1353965183752417,0.8355899419729207,0.0290135396518375
52,Mothabari,178,8,0,0,316,143,467,0.0171306209850107,0.3062098501070663,0.6766595289079229
52,Mothabari,178A,10,0,0,328,127,465,0.021505376344086,0.2731182795698925,0.7053763440860215
52,Mothabari,179,54,0,62,682,671,1469,0.0367597004765146,0.4567733151803948,0.4642614023144996
52,Mothabari,18,0,0,47,1065,0,1112,0.0,0.0,0.9577338129496404
52,Mothabari,180,55,0,58,572,471,1156,0.0475778546712802,0.407439446366782,0.4948096885813148
52,Mothabari,180A,82,0,0,9,406,497,0.1649899396378269,0.8169014084507042,0.0181086519114688
52,Mothabari,181,118,0,56,480,447,1101,0.1071752951861943,0.4059945504087193,0.4359673024523161
52,Mothabari,181A,112,0,0,21,451,584,0.1917808219178082,0.7722602739726028,0.035958904109589
52,Mothabari,182,51,0,50,836,403,1340,0.0380597014925373,0.3007462686567164,0.6238805970149254
52,Mothabari,182A,38,0,0,4,402,444,0.0855855855855855,0.9054054054054054,0.009009009009009
52,Mothabari,183,64,0,140,743,389,1336,0.0479041916167664,0.2911676646706587,0.5561377245508982
52,Mothabari,183A,33,0,0,13,421,467,0.0706638115631691,0.9014989293361884,0.0278372591006423
52,Mothabari,184,0,0,55,483,0,538,0.0,0.0,0.8977695167286245
52,Mothabari,185,0,0,55,634,0,689,0.0,0.0,0.9201741654571844
52,Mothabari,186,0,0,53,452,0,505,0.0,0.0,0.8950495049504951
52,Mothabari,187,0,0,70,549,0,619,0.0,0.0,0.8869143780290791
52,Mothabari,188,0,0,51,430,0,481,0.0,0.0,0.893970893970894
52,Mothabari,189,0,0,114,869,0,983,0.0,0.0,0.884028484231943
52,Mothabari,19,0,0,20,1315,0,1335,0.0,0.0,0.9850187265917604
52,Mothabari,190,0,0,138,659,0,797,0.0,0.0,0.8268506900878294
52,Mothabari,191,0,0,97,890,0,987,0.0,0.0,0.9017223910840932
52,Mothabari,192,0,0,22,621,0,643,0.0,0.0,0.9657853810264384
52,Mothabari,193,0,0,27,651,0,678,0.0,0.0,0.9601769911504424
52,Mothabari,194,0,0,30,757,0,787,0.0,0.0,0.9618805590851334
52,Mothabari,195,0,0,69,684,0,753,0.0,0.0,0.9083665338645418
52,Mothabari,196,0,0,65,539,0,604,0.0,0.0,0.8923841059602649
52,Mothabari,197,0,0,94,710,0,804,0.0,0.0,0.8830845771144279
52,Mothabari,198,0,0,33,795,0,828,0.0,0.0,0.960144927536232
52,Mothabari,199,0,0,54,673,0,727,0.0,0.0,0.9257221458046768
52,Mothabari,2,0,0,0,400,0,400,0.0,0.0,1.0
52,Mothabari,20,0,0,0,956,0,956,0.0,0.0,1.0
52,Mothabari,200,0,0,57,464,0,521,0.0,0.0,0.8905950095969289
52,Mothabari,201,0,0,13,601,0,614,0.0,0.0,0.978827361563518
52,Mothabari,202,0,0,19,496,0,515,0.0,0.0,0.9631067961165048
52,Mothabari,203,0,0,55,668,0,723,0.0,0.0,0.9239280774550483
52,Mothabari,204,0,0,75,739,0,814,0.0,0.0,0.907862407862408
52,Mothabari,205,0,0,95,608,0,703,0.0,0.0,0.8648648648648649
52,Mothabari,206,0,0,105,717,0,822,0.0,0.0,0.8722627737226277
52,Mothabari,207,0,0,95,615,0,710,0.0,0.0,0.8661971830985915
52,Mothabari,208,0,0,160,699,0,859,0.0,0.0,0.8137369033760187
52,Mothabari,209,0,0,78,555,0,633,0.0,0.0,0.8767772511848341
52,Mothabari,21,0,0,31,895,0,926,0.0,0.0,0.9665226781857452
52,Mothabari,210,0,0,102,372,0,474,0.0,0.0,0.7848101265822784
52,Mothabari,211,0,0,95,554,0,649,0.0,0.0,0.8536209553158706
52,Mothabari,212,0,0,73,436,0,509,0.0,0.0,0.8565815324165029
52,Mothabari,213,0,0,47,604,0,651,0.0,0.0,0.9278033794162828
52,Mothabari,214,0,0,89,853,0,942,0.0,0.0,0.90552016985138
52,Mothabari,215,0,0,18,708,0,726,0.0,0.0,0.975206611570248
52,Mothabari,216,0,0,27,523,0,550,0.0,0.0,0.9509090909090908
52,Mothabari,217,0,0,95,577,0,672,0.0,0.0,0.8586309523809523
52,Mothabari,218,0,0,73,405,0,478,0.0,0.0,0.8472803347280334
52,Mothabari,219,0,0,172,847,0,1019,0.0,0.0,0.831207065750736
52,Mothabari,22,0,0,28,1060,0,1088,0.0,0.0,0.9742647058823528
52,Mothabari,220,0,0,33,1584,0,1617,0.0,0.0,0.979591836734694
52,Mothabari,221,0,0,77,419,0,496,0.0,0.0,0.844758064516129
52,Mothabari,222,0,0,88,881,0,969,0.0,0.0,0.9091847265221878
52,Mothabari,223,0,0,32,612,0,644,0.0,0.0,0.9503105590062112
52,Mothabari,224,0,0,12,464,0,476,0.0,0.0,0.9747899159663864
52,Mothabari,23,0,0,48,538,0,586,0.0,0.0,0.9180887372013652
52,Mothabari,24,0,0,19,1387,0,1406,0.0,0.0,0.9864864864864864
52,Mothabari,25,0,0,7,1386,0,1393,0.0,0.0,0.9949748743718592
52,Mothabari,26,0,0,52,1416,0,1468,0.0,0.0,0.9645776566757494
52,Mothabari,27,0,0,20,970,0,990,0.0,0.0,0.9797979797979798
52,Mothabari,271,567,0,0,63,0,630,0.9,0.0,0.1
52,Mothabari,272,525,0,0,78,0,603,0.8706467661691543,0.0,0.1293532338308457
52,Mothabari,273,448,0,0,51,0,499,0.8977955911823647,0.0,0.1022044088176352
52,Mothabari,274,452,0,0,50,0,502,0.900398406374502,0.0,0.099601593625498
52,Mothabari,275,368,0,0,40,0,408,0.9019607843137256,0.0,0.0980392156862745
52,Mothabari,276,247,0,0,168,0,415,0.5951807228915663,0.0,0.4048192771084337
52,Mothabari,277,399,0,0,91,0,490,0.8142857142857143,0.0,0.1857142857142857
52,Mothabari,28,0,0,37,1444,0,1481,0.0,0.0,0.975016880486158
52,Mothabari,29,0,0,96,1730,0,1826,0.0,0.0,0.9474260679079956
52,Mothabari,3,60,0,0,985,88,1133,0.0529567519858782,0.0776699029126213,0.8693733451015004
52,Mothabari,30,0,0,65,1163,0,1228,0.0,0.0,0.9470684039087948
52,Mothabari,31,0,0,69,815,0,884,0.0,0.0,0.921945701357466
52,Mothabari,317,0,0,125,640,0,765,0.0,0.0,0.8366013071895425
52,Mothabari,32,0,0,48,421,0,469,0.0,0.0,0.8976545842217484
52,Mothabari,33,0,0,99,36691,0,36790,0.0,0.0,0.9973090513726556
52,Mothabari,34,0,0,21,466,0,487,0.0,0.0,0.9568788501026694
52,Mothabari,36,0,0,51,495,0,546,0.0,0.0,0.9065934065934066
52,Mothabari,37,0,0,48,529,0,577,0.0,0.0,0.9168110918544194
52,Mothabari,378,0,0,0,546,0,546,0.0,0.0,1.0
52,Mothabari,38,0,0,57,660,0,717,0.0,0.0,0.9205020920502092
52,Mothabari,39,0,0,126,85,0,211,0.0,0.0,0.4028436018957346
52,Mothabari,396,0,0,90,1114,0,1204,0.0,0.0,0.925249169435216
52,Mothabari,4,0,0,0,508,0,508,0.0,0.0,1.0
52,Mothabari,40,0,0,292,587,0,879,0.0,0.0,0.6678043230944255
52,Mothabari,41,0,0,8,1040,0,1048,0.0,0.0,0.9923664122137404
52,Mothabari,411,0,0,3,586,0,589,0.0,0.0,0.99490662139219
52,Mothabari,42,0,0,19,694,0,713,0.0,0.0,0.9733520336605892
52,Mothabari,5,61,0,0,1254,90,1405,0.0434163701067615,0.0640569395017793,0.892526690391459
52,Mothabari,6,0,0,0,1156,0,1156,0.0,0.0,1.0
52,Mothabari,7,0,0,0,533,0,533,0.0,0.0,1.0
52,Mothabari,8,63,0,0,1591,93,1747,0.0360618202633085,0.0532341156267887,0.9107040641099028
52,Mothabari,80,52,0,0,242,336,630,0.0825396825396825,0.5333333333333333,0.3841269841269841
52,Mothabari,81,54,0,0,256,238,548,0.0985401459854014,0.4343065693430657,0.4671532846715328
52,Mothabari,87,560,0,0,88,59,707,0.7920792079207921,0.0834512022630834,0.1244695898161244
52,Mothabari,89,386,0,0,81,0,467,0.8265524625267666,0.0,0.1734475374732334
52,Mothabari,9,0,0,29,2109,0,2138,0.0,0.0,0.9864359214218896
52,Mothabari,90,0,0,16,472,0,488,0.0,0.0,0.9672131147540984
52,Mothabari,90A,0,0,87,432,0,519,0.0,0.0,0.8323699421965318
52,Mothabari,91,494,0,101,533,62,1190,0.4151260504201681,0.0521008403361344,0.4478991596638655
52,Mothabari,91A,0,0,113,471,0,584,0.0,0.0,0.8065068493150684
52,Mothabari,92,0,0,201,554,0,755,0.0,0.0,0.7337748344370861
52,Mothabari,93,0,0,148,618,0,766,0.0,0.0,0.8067885117493473
52,Mothabari,94,530,0,17,554,0,1101,0.4813805631244323,0.0,0.5031789282470481
52,Mothabari,94A,0,0,53,495,0,548,0.0,0.0,0.9032846715328468
52,Mothabari,95,59,0,82,975,64,1180,0.05,0.0542372881355932,0.826271186440678
52,Mothabari,95A,0,0,33,929,0,962,0.0,0.0,0.9656964656964656
52,Mothabari,96,61,0,141,906,0,1108,0.0550541516245487,0.0,0.8176895306859205
52,Mothabari,96A,0,0,112,427,0,539,0.0,0.0,0.7922077922077922
52,Mothabari,97,94,0,15,1347,65,1521,0.061801446416831,0.0427350427350427,0.8856015779092702
52,Mothabari,98,0,0,27,525,0,552,0.0,0.0,0.9510869565217392
52,Mothabari,98A,0,0,26,526,0,552,0.0,0.0,0.9528985507246376
52,Mothabari,99,309,0,18,1037,66,1430,0.216083916083916,0.0461538461538461,0.7251748251748251
52,Mothabari,99A,0,0,15,478,0,493,0.0,0.0,0.969574036511156
53,Sujapur,1,0,0,35,220,164,419,0.0,0.3914081145584726,0.5250596658711217
53,Sujapur,10,0,0,45,19,807,871,0.0,0.9265212399540758,0.0218140068886337
53,Sujapur,100,0,0,66,263,46,375,0.0,0.1226666666666666,0.7013333333333334
53,Sujapur,101,0,0,0,277,85,362,0.0,0.2348066298342541,0.7651933701657458
53,Sujapur,102,0,0,67,184,106,357,0.0,0.2969187675070028,0.5154061624649859
53,Sujapur,103,0,0,68,224,64,356,0.0,0.1797752808988764,0.6292134831460674
53,Sujapur,104,0,0,0,386,43,429,0.0,0.1002331002331002,0.8997668997668997
53,Sujapur,105,0,0,69,500,65,634,0.0,0.1025236593059936,0.7886435331230284
53,Sujapur,106,0,0,0,559,42,601,0.0,0.0698835274542429,0.930116472545757
53,Sujapur,107,0,0,70,399,32,501,0.0,0.0638722554890219,0.7964071856287425
53,Sujapur,108,0,0,71,327,47,445,0.0,0.1056179775280898,0.7348314606741573
53,Sujapur,109,0,0,72,486,135,693,0.0,0.1948051948051948,0.7012987012987013
53,Sujapur,11,0,0,81,14,752,847,0.0,0.8878394332939787,0.0165289256198347
53,Sujapur,110,0,0,73,664,124,861,0.0,0.1440185830429733,0.7711962833914053
53,Sujapur,111,0,0,74,407,95,576,0.0,0.1649305555555555,0.7065972222222222
53,Sujapur,112,0,0,0,376,106,482,0.0,0.2199170124481327,0.7800829875518672
53,Sujapur,113,2,0,68,731,0,801,0.0024968789013732,0.0,0.9126092384519352
53,Sujapur,114,1,0,111,1181,126,1419,0.0007047216349541,0.0887949260042283,0.8322762508809021
53,Sujapur,115,2,0,99,1042,67,1210,0.0016528925619834,0.0553719008264462,0.8611570247933884
53,Sujapur,1157A,0,0,68,43,363,474,0.0,0.7658227848101266,0.090717299578059
53,Sujapur,115A,0,0,19,470,0,489,0.0,0.0,0.9611451942740288
53,Sujapur,116,0,0,100,973,69,1142,0.0,0.0604203152364273,0.852014010507881
53,Sujapur,116A,0,0,13,572,0,585,0.0,0.0,0.9777777777777776
53,Sujapur,117,0,0,78,825,49,952,0.0,0.0514705882352941,0.8665966386554622
53,Sujapur,117A,0,0,51,614,0,665,0.0,0.0,0.9233082706766916
53,Sujapur,118,0,0,179,1123,89,1391,0.0,0.0639827462257368,0.807332854061826
53,Sujapur,118A,1,0,1100,428,0,1529,0.000654022236756,0.0,0.2799215173315892
53,Sujapur,119,0,0,140,921,54,1115,0.0,0.0484304932735426,0.8260089686098655
53,Sujapur,119A,1,0,39,580,0,620,0.0016129032258064,0.0,0.935483870967742
53,Sujapur,12,0,0,47,9,393,449,0.0,0.8752783964365256,0.0200445434298441
53,Sujapur,120,1,0,74,998,58,1131,0.0008841732979664,0.0512820512820512,0.8824049513704686
53,Sujapur,121,0,0,162,1024,69,1255,0.0,0.0549800796812749,0.8159362549800797
53,Sujapur,122,1,0,105,805,27,938,0.0010660980810234,0.0287846481876332,0.8582089552238806
53,Sujapur,122A,0,0,17,546,0,563,0.0,0.0,0.9698046181172292
53,Sujapur,123,3,0,53,788,24,868,0.0034562211981566,0.0276497695852534,0.9078341013824884
53,Sujapur,123A,3,0,66,498,0,567,0.0052910052910052,0.0,0.8783068783068783
53,Sujapur,124,0,0,119,848,14,981,0.0,0.0142711518858307,0.8644240570846076
53,Sujapur,124A,1,0,41,473,0,515,0.0019417475728155,0.0,0.9184466019417477
53,Sujapur,125,1,0,59,671,35,766,0.0013054830287206,0.0456919060052219,0.8759791122715405
53,Sujapur,125A,2,0,74,423,0,499,0.0040080160320641,0.0,0.8476953907815631
53,Sujapur,126,1,0,114,1217,27,1359,0.0007358351729212,0.0198675496688741,0.8955114054451803
53,Sujapur,126A,1,0,32,572,0,605,0.0016528925619834,0.0,0.9454545454545454
53,Sujapur,127,0,0,8,1323,0,1331,0.0,0.0,0.9939894815927872
53,Sujapur,128,2,0,163,1257,0,1422,0.0014064697609001,0.0,0.8839662447257384
53,Sujapur,129,2,0,70,1380,0,1452,0.0013774104683195,0.0,0.950413223140496
53,Sujapur,12A,1,0,91,402,431,925,0.001081081081081,0.4659459459459459,0.4345945945945946
53,Sujapur,13,0,0,28,18,444,490,0.0,0.9061224489795918,0.036734693877551
53,Sujapur,130,1,0,127,1027,0,1155,0.0008658008658008,0.0,0.8891774891774892
53,Sujapur,130A,0,0,42,454,0,496,0.0,0.0,0.9153225806451613
53,Sujapur,131,3,0,106,950,0,1059,0.0028328611898017,0.0,0.8970727101038716
53,Sujapur,132,4,0,114,937,0,1055,0.0037914691943127,0.0,0.8881516587677725
53,Sujapur,133,111,0,51,732,0,894,0.1241610738255033,0.0,0.8187919463087249
53,Sujapur,134,2,0,124,855,0,981,0.0020387359836901,0.0,0.8715596330275229
53,Sujapur,134A,1,0,30,372,0,403,0.0024813895781637,0.0,0.9230769230769232
53,Sujapur,135,0,0,66,1128,0,1194,0.0,0.0,0.9447236180904522
53,Sujapur,136,0,0,134,1084,0,1218,0.0,0.0,0.8899835796387521
53,Sujapur,136A,1,0,37,521,0,559,0.0017889087656529,0.0,0.9320214669051878
53,Sujapur,137,0,0,25,972,0,997,0.0,0.0,0.9749247743229688
53,Sujapur,137A,0,0,24,447,0,471,0.0,0.0,0.9490445859872612
53,Sujapur,138,1,0,145,1162,0,1308,0.0007645259938837,0.0,0.8883792048929664
53,Sujapur,138A,0,0,56,519,0,575,0.0,0.0,0.902608695652174
53,Sujapur,139,6,0,51,987,0,1044,0.0057471264367816,0.0,0.9454022988505748
53,Sujapur,13A,0,0,30,21,470,521,0.0,0.9021113243761996,0.0403071017274472
53,Sujapur,14,0,0,42,8,501,551,0.0,0.909255898366606,0.014519056261343
53,Sujapur,140,0,0,235,850,277,1362,0.0,0.2033773861967694,0.6240822320117474
53,Sujapur,141,0,0,26,683,187,896,0.0,0.2087053571428571,0.7622767857142857
53,Sujapur,141A,0,0,38,188,246,472,0.0,0.5211864406779662,0.3983050847457627
53,Sujapur,142,0,0,104,465,557,1126,0.0,0.4946714031971581,0.4129662522202487
53,Sujapur,142A,0,0,10,6,503,519,0.0,0.9691714836223508,0.0115606936416184
53,Sujapur,143,0,0,35,408,563,1006,0.0,0.5596421471172962,0.4055666003976143
53,Sujapur,143A,0,0,15,12,551,578,0.0,0.953287197231834,0.0207612456747404
53,Sujapur,144,0,0,125,684,490,1299,0.0,0.3772132409545804,0.5265588914549654
53,Sujapur,144A,0,0,28,63,431,522,0.0,0.8256704980842912,0.1206896551724138
53,Sujapur,145,0,0,170,901,292,1363,0.0,0.2142333088774761,0.661041819515774
53,Sujapur,145A,0,0,49,148,225,422,0.0,0.533175355450237,0.3507109004739336
53,Sujapur,146,0,0,154,710,527,1391,0.0,0.3788641265276779,0.5104241552839683
53,Sujapur,146A,0,0,57,18,456,531,0.0,0.8587570621468926,0.0338983050847457
53,Sujapur,147,0,0,142,654,390,1186,0.0,0.3288364249578415,0.551433389544688
53,Sujapur,147A,0,0,46,15,367,428,0.0,0.8574766355140186,0.0350467289719626
53,Sujapur,148,0,0,129,620,479,1228,0.0,0.3900651465798045,0.504885993485342
53,Sujapur,149,0,0,145,706,662,1513,0.0,0.4375413086582947,0.4666226040978189
53,Sujapur,14A,0,0,64,12,511,587,0.0,0.8705281090289608,0.0204429301533219
53,Sujapur,15,0,0,32,8,472,512,0.0,0.921875,0.015625
53,Sujapur,150,0,0,262,647,371,1280,0.0,0.28984375,0.50546875
53,Sujapur,151,0,0,48,727,237,1012,0.0,0.2341897233201581,0.7183794466403162
53,Sujapur,151A,0,0,16,298,206,520,0.0,0.3961538461538461,0.573076923076923
53,Sujapur,152,0,0,179,847,366,1392,0.0,0.2629310344827586,0.6084770114942529
53,Sujapur,153,0,0,87,821,170,1078,0.0,0.1576994434137291,0.761595547309833
53,Sujapur,153A,0,0,44,284,115,443,0.0,0.2595936794582393,0.6410835214446953
53,Sujapur,154,0,0,347,611,264,1222,0.0,0.2160392798690671,0.5
53,Sujapur,154A,0,0,249,43,204,496,0.0,0.4112903225806452,0.0866935483870967
53,Sujapur,155,0,0,45,1099,203,1347,0.0,0.1507052709725315,0.8158871566443949
53,Sujapur,156,0,0,107,728,270,1105,0.0,0.2443438914027149,0.6588235294117647
53,Sujapur,157,0,0,25,845,128,998,0.0,0.1282565130260521,0.8466933867735471
53,Sujapur,158,0,0,116,708,374,1198,0.0,0.3121869782971619,0.5909849749582637
53,Sujapur,158A,0,0,15,7,349,371,0.0,0.9407008086253368,0.0188679245283018
53,Sujapur,159,0,0,126,739,383,1248,0.0,0.3068910256410256,0.5921474358974359
53,Sujapur,159A,0,0,8,11,425,444,0.0,0.9572072072072072,0.0247747747747747
53,Sujapur,15A,0,0,57,21,482,560,0.0,0.8607142857142858,0.0375
53,Sujapur,16,0,0,91,6,472,569,0.0,0.8295254833040422,0.0105448154657293
53,Sujapur,160,0,0,177,612,402,1191,0.0,0.3375314861460957,0.5138539042821159
53,Sujapur,160A,0,0,26,387,125,538,0.0,0.2323420074349442,0.7193308550185874
53,Sujapur,161,0,0,31,976,21,1028,0.0,0.0204280155642023,0.9494163424124512
53,Sujapur,161A,0,0,52,360,35,447,0.0,0.0782997762863534,0.8053691275167785
53,Sujapur,162,0,0,276,568,652,1496,0.0,0.4358288770053476,0.3796791443850267
53,Sujapur,163,0,0,141,522,597,1260,0.0,0.4738095238095238,0.4142857142857143
53,Sujapur,164,0,0,145,798,411,1354,0.0,0.3035450516986706,0.5893648449039882
53,Sujapur,164A,0,0,43,9,352,404,0.0,0.8712871287128713,0.0222772277227722
53,Sujapur,165,0,0,170,664,432,1266,0.0,0.3412322274881517,0.5244865718799369
53,Sujapur,165A,0,0,79,76,301,456,0.0,0.6600877192982456,0.1666666666666666
53,Sujapur,166,0,0,116,613,654,1383,0.0,0.4728850325379609,0.4432393347794649
53,Sujapur,167,2,0,7,1213,0,1222,0.0016366612111292,0.0,0.992635024549918
53,Sujapur,168,2,0,120,1025,0,1147,0.001743679163034,0.0,0.8936355710549259
53,Sujapur,168A,2,0,11,461,0,474,0.0042194092827004,0.0,0.9725738396624471
53,Sujapur,169,2,0,18,1223,0,1243,0.0016090104585679,0.0,0.9839098954143202
53,Sujapur,16A,0,0,19,7,569,595,0.0,0.9563025210084034,0.0117647058823529
53,Sujapur,17,0,0,75,114,349,538,0.0,0.6486988847583643,0.2118959107806691
53,Sujapur,170,1,0,119,1312,0,1432,0.0006983240223463,0.0,0.9162011173184358
53,Sujapur,170A,0,0,17,443,0,460,0.0,0.0,0.9630434782608696
53,Sujapur,171,1,0,12,433,0,446,0.0022421524663677,0.0,0.9708520179372198
53,Sujapur,171A,0,0,8,415,0,423,0.0,0.0,0.9810874704491724
53,Sujapur,172,1,0,1,580,0,582,0.0017182130584192,0.0,0.9965635738831616
53,Sujapur,173,0,0,14,537,0,551,0.0,0.0,0.9745916515426496
53,Sujapur,174,0,0,33,746,0,779,0.0,0.0,0.957637997432606
53,Sujapur,175,0,0,39,698,0,737,0.0,0.0,0.9470827679782904
53,Sujapur,176,1,0,24,645,0,670,0.0014925373134328,0.0,0.9626865671641792
53,Sujapur,177,2,0,26,742,0,770,0.0025974025974025,0.0,0.9636363636363636
53,Sujapur,178,0,0,23,461,0,484,0.0,0.0,0.9524793388429752
53,Sujapur,178A,1,0,5,485,0,491,0.0020366598778004,0.0,0.9877800407331976
53,Sujapur,179,0,0,9,481,0,490,0.0,0.0,0.9816326530612244
53,Sujapur,179A,2,0,8,406,0,416,0.0048076923076923,0.0,0.9759615384615384
53,Sujapur,17A,0,0,76,101,363,540,0.0,0.6722222222222223,0.187037037037037
53,Sujapur,18,0,0,137,10,444,591,0.0,0.751269035532995,0.0169204737732656
53,Sujapur,180,0,0,117,668,0,785,0.0,0.0,0.8509554140127389
53,Sujapur,181,2,0,46,718,0,766,0.0026109660574412,0.0,0.93733681462141
53,Sujapur,182,0,0,39,510,0,549,0.0,0.0,0.9289617486338798
53,Sujapur,183,1,0,108,298,0,407,0.0024570024570024,0.0,0.7321867321867321
53,Sujapur,183A,0,0,130,309,0,439,0.0,0.0,0.7038724373576309
53,Sujapur,184,1,0,156,465,0,622,0.0016077170418006,0.0,0.747588424437299
53,Sujapur,185,0,0,128,454,0,582,0.0,0.0,0.7800687285223368
53,Sujapur,186,1,0,101,798,0,900,0.0011111111111111,0.0,0.8866666666666667
53,Sujapur,187,0,0,46,517,0,563,0.0,0.0,0.9182948490230906
53,Sujapur,187A,0,0,39,414,0,453,0.0,0.0,0.913907284768212
53,Sujapur,188,0,0,99,499,0,598,0.0,0.0,0.8344481605351171
53,Sujapur,188A,0,0,95,506,0,601,0.0,0.0,0.8419301164725458
53,Sujapur,189,1,0,58,457,0,516,0.001937984496124,0.0,0.8856589147286822
53,Sujapur,189A,0,0,29,372,0,401,0.0,0.0,0.9276807980049876
53,Sujapur,18A,0,0,174,7,468,649,0.0,0.7211093990755008,0.0107858243451463
53,Sujapur,19,0,0,182,6,572,760,0.0,0.7526315789473684,0.0078947368421052
53,Sujapur,190,0,0,102,447,0,549,0.0,0.0,0.8142076502732241
53,Sujapur,190A,0,0,119,462,0,581,0.0,0.0,0.7951807228915663
53,Sujapur,191,0,0,87,375,0,462,0.0,0.0,0.8116883116883117
53,Sujapur,191A,1,0,106,435,0,542,0.0018450184501845,0.0,0.8025830258302583
53,Sujapur,192,0,0,154,654,0,808,0.0,0.0,0.8094059405940595
53,Sujapur,193,0,0,141,663,0,804,0.0,0.0,0.8246268656716418
53,Sujapur,194,0,0,61,612,0,673,0.0,0.0,0.9093610698365528
53,Sujapur,195,1,0,70,573,0,644,0.0015527950310559,0.0,0.889751552795031
53,Sujapur,196,0,0,129,430,0,559,0.0,0.0,0.7692307692307693
53,Sujapur,196A,0,0,64,293,0,357,0.0,0.0,0.8207282913165266
53,Sujapur,197,0,0,35,526,0,561,0.0,0.0,0.9376114081996436
53,Sujapur,197A,0,0,27,525,0,552,0.0,0.0,0.9510869565217392
53,Sujapur,198,0,0,0,664,102,766,0.0,0.1331592689295039,0.8668407310704961
53,Sujapur,199,0,0,0,581,74,655,0.0,0.1129770992366412,0.8870229007633588
53,Sujapur,2,0,0,58,387,63,508,0.0,0.124015748031496,0.7618110236220472
53,Sujapur,20,0,0,78,12,577,667,0.0,0.8650674662668666,0.0179910044977511
53,Sujapur,200,0,0,0,517,116,633,0.0,0.1832543443917851,0.8167456556082149
53,Sujapur,201,0,0,0,431,40,471,0.0,0.0849256900212314,0.9150743099787686
53,Sujapur,201A,0,0,0,368,79,447,0.0,0.1767337807606264,0.8232662192393736
53,Sujapur,202,0,0,0,773,99,872,0.0,0.1135321100917431,0.8864678899082569
53,Sujapur,203,0,0,0,617,100,717,0.0,0.1394700139470014,0.8605299860529986
53,Sujapur,204,0,0,0,606,112,718,0.0,0.1559888579387186,0.8440111420612814
53,Sujapur,205,0,0,0,465,116,581,0.0,0.1996557659208261,0.8003442340791739
53,Sujapur,205A,0,0,0,478,90,568,0.0,0.1584507042253521,0.8415492957746479
53,Sujapur,206,0,0,0,502,100,602,0.0,0.1661129568106312,0.8338870431893688
53,Sujapur,206A,0,0,0,466,97,563,0.0,0.172291296625222,0.827708703374778
53,Sujapur,207,0,0,0,478,128,606,0.0,0.2112211221122112,0.7887788778877888
53,Sujapur,207A,0,0,0,456,79,535,0.0,0.1476635514018691,0.8523364485981308
53,Sujapur,208,0,0,0,624,46,670,0.0,0.0686567164179104,0.9313432835820896
53,Sujapur,209,0,0,0,382,117,499,0.0,0.2344689378757515,0.7655310621242485
53,Sujapur,209A,0,0,0,415,106,521,0.0,0.2034548944337812,0.7965451055662188
53,Sujapur,21,0,0,34,11,598,643,0.0,0.9300155520995336,0.0171073094867807
53,Sujapur,210,0,0,0,502,34,536,0.0,0.0634328358208955,0.9365671641791044
53,Sujapur,210A,0,0,0,525,64,589,0.0,0.1086587436332767,0.8913412563667232
53,Sujapur,211,0,0,0,513,36,549,0.0,0.0655737704918032,0.9344262295081968
53,Sujapur,211A,0,0,0,533,58,591,0.0,0.0981387478849407,0.9018612521150592
53,Sujapur,212,0,0,0,724,53,777,0.0,0.0682110682110682,0.9317889317889316
53,Sujapur,213,0,0,0,703,72,775,0.0,0.0929032258064516,0.9070967741935484
53,Sujapur,214,0,0,0,599,77,676,0.0,0.1139053254437869,0.886094674556213
53,Sujapur,215,0,0,0,483,36,519,0.0,0.0693641618497109,0.930635838150289
53,Sujapur,215A,0,0,0,455,20,475,0.0,0.0421052631578947,0.9578947368421052
53,Sujapur,216,0,0,0,385,75,460,0.0,0.1630434782608695,0.8369565217391305
53,Sujapur,216A,0,0,0,367,71,438,0.0,0.1621004566210045,0.8378995433789954
53,Sujapur,217,0,0,0,355,39,394,0.0,0.098984771573604,0.901015228426396
53,Sujapur,218,0,0,0,390,95,485,0.0,0.1958762886597938,0.8041237113402062
53,Sujapur,218A,0,0,0,419,68,487,0.0,0.1396303901437371,0.8603696098562629
53,Sujapur,219,0,0,0,437,47,484,0.0,0.0971074380165289,0.9028925619834712
53,Sujapur,219A,0,0,0,448,44,492,0.0,0.089430894308943,0.9105691056910568
53,Sujapur,21A,0,0,29,4,597,630,0.0,0.9476190476190476,0.0063492063492063
53,Sujapur,22,0,0,29,13,451,493,0.0,0.9148073022312372,0.0263691683569979
53,Sujapur,220,0,0,0,237,30,267,0.0,0.1123595505617977,0.8876404494382022
53,Sujapur,221,0,0,0,460,31,491,0.0,0.0631364562118126,0.9368635437881874
53,Sujapur,221A,0,0,0,409,34,443,0.0,0.0767494356659142,0.9232505643340858
53,Sujapur,222,0,0,0,719,87,806,0.0,0.107940446650124,0.892059553349876
53,Sujapur,223,0,0,0,549,95,644,0.0,0.1475155279503105,0.8524844720496895
53,Sujapur,224,0,0,0,374,125,499,0.0,0.250501002004008,0.749498997995992
53,Sujapur,224A,0,0,0,366,84,450,0.0,0.1866666666666666,0.8133333333333334
53,Sujapur,225,0,0,0,564,281,845,0.0,0.3325443786982248,0.6674556213017752
53,Sujapur,226,0,0,0,578,22,600,0.0,0.0366666666666666,0.9633333333333334
53,Sujapur,226A,0,0,0,544,94,638,0.0,0.1473354231974921,0.8526645768025078
53,Sujapur,227,0,0,0,578,58,636,0.0,0.0911949685534591,0.9088050314465408
53,Sujapur,229A,250,0,0,207,153,610,0.4098360655737705,0.2508196721311475,0.3393442622950819
53,Sujapur,22A,0,0,29,16,438,483,0.0,0.906832298136646,0.0331262939958592
53,Sujapur,23,0,0,96,29,443,568,0.0,0.7799295774647887,0.051056338028169
53,Sujapur,230A,168,0,0,280,20,468,0.358974358974359,0.0427350427350427,0.5982905982905983
53,Sujapur,231A,495,0,0,6,66,567,0.873015873015873,0.1164021164021164,0.0105820105820105
53,Sujapur,23A,0,0,131,19,487,637,0.0,0.7645211930926217,0.0298273155416012
53,Sujapur,24A,0,0,24,505,0,529,0.0,0.0,0.9546313799621928
53,Sujapur,25,0,0,86,527,0,613,0.0,0.0,0.8597063621533442
53,Sujapur,25A,0,0,83,490,0,573,0.0,0.0,0.8551483420593369
53,Sujapur,26,0,0,73,433,0,506,0.0,0.0,0.8557312252964426
53,Sujapur,26A,0,0,73,513,0,586,0.0,0.0,0.8754266211604096
53,Sujapur,27,0,0,42,451,0,493,0.0,0.0,0.9148073022312372
53,Sujapur,27A,0,0,33,411,0,444,0.0,0.0,0.9256756756756755
53,Sujapur,28,0,0,31,446,0,477,0.0,0.0,0.9350104821802936
53,Sujapur,28A,0,0,43,412,0,455,0.0,0.0,0.9054945054945056
53,Sujapur,29,0,0,32,576,0,608,0.0,0.0,0.9473684210526316
53,Sujapur,3,0,0,140,37,644,821,0.0,0.784409257003654,0.0450669914738124
53,Sujapur,30,0,0,19,714,0,733,0.0,0.0,0.9740791268758526
53,Sujapur,31,0,0,145,1311,75,1531,0.0,0.0489875898105813,0.8563030698889614
53,Sujapur,32,0,0,31,798,0,829,0.0,0.0,0.962605548854041
53,Sujapur,33,0,0,21,493,0,514,0.0,0.0,0.9591439688715954
53,Sujapur,33A,0,0,48,407,0,455,0.0,0.0,0.8945054945054945
53,Sujapur,34,0,0,31,440,0,471,0.0,0.0,0.9341825902335456
53,Sujapur,34A,0,0,37,423,0,460,0.0,0.0,0.9195652173913044
53,Sujapur,35,0,0,28,527,0,555,0.0,0.0,0.9495495495495496
53,Sujapur,36,0,0,29,633,0,662,0.0,0.0,0.9561933534743202
53,Sujapur,37,0,0,131,587,0,718,0.0,0.0,0.8175487465181058
53,Sujapur,38,0,0,38,593,0,631,0.0,0.0,0.9397781299524564
53,Sujapur,39,0,0,27,585,0,612,0.0,0.0,0.9558823529411764
53,Sujapur,4,0,0,166,136,459,761,0.0,0.6031537450722734,0.178712220762155
53,Sujapur,40,0,0,34,500,0,534,0.0,0.0,0.9363295880149812
53,Sujapur,40A,0,0,37,463,0,500,0.0,0.0,0.926
53,Sujapur,41,0,0,65,659,0,724,0.0,0.0,0.9102209944751382
53,Sujapur,42,0,0,40,525,0,565,0.0,0.0,0.9292035398230089
53,Sujapur,43,0,0,24,1510,0,1534,0.0,0.0,0.984354628422425
53,Sujapur,43A,0,0,14,558,0,572,0.0,0.0,0.9755244755244756
53,Sujapur,44,0,0,21,363,0,384,0.0,0.0,0.9453125
53,Sujapur,44A,0,0,23,415,0,438,0.0,0.0,0.9474885844748858
53,Sujapur,45,0,0,73,436,0,509,0.0,0.0,0.8565815324165029
53,Sujapur,45A,0,0,49,411,0,460,0.0,0.0,0.8934782608695652
53,Sujapur,46,0,0,82,408,0,490,0.0,0.0,0.8326530612244898
53,Sujapur,46A,0,0,82,429,0,511,0.0,0.0,0.8395303326810176
53,Sujapur,47,0,0,29,537,0,566,0.0,0.0,0.9487632508833922
53,Sujapur,47A,0,0,43,536,0,579,0.0,0.0,0.92573402417962
53,Sujapur,48,0,0,32,508,0,540,0.0,0.0,0.9407407407407408
53,Sujapur,48A,0,0,50,486,0,536,0.0,0.0,0.9067164179104478
53,Sujapur,49,0,0,40,486,0,526,0.0,0.0,0.9239543726235742
53,Sujapur,49A,0,0,39,541,0,580,0.0,0.0,0.9327586206896552
53,Sujapur,4A,0,0,56,184,17,257,0.0,0.0661478599221789,0.7159533073929961
53,Sujapur,5,0,0,75,54,612,741,0.0,0.8259109311740891,0.0728744939271255
53,Sujapur,50,0,0,12,599,0,611,0.0,0.0,0.9803600654664484
53,Sujapur,50A,0,0,11,545,0,556,0.0,0.0,0.9802158273381296
53,Sujapur,51,0,0,44,741,0,785,0.0,0.0,0.9439490445859872
53,Sujapur,6,0,0,161,381,427,969,0.0,0.4406604747162023,0.3931888544891641
53,Sujapur,6A,0,0,75,10,362,447,0.0,0.8098434004474273,0.0223713646532438
53,Sujapur,7,0,0,21,18,457,496,0.0,0.9213709677419356,0.0362903225806451
53,Sujapur,7A,0,0,21,11,475,507,0.0,0.9368836291913216,0.0216962524654832
53,Sujapur,8,0,0,73,8,390,471,0.0,0.8280254777070064,0.0169851380042462
53,Sujapur,83,0,0,52,440,43,535,0.0,0.0803738317757009,0.822429906542056
53,Sujapur,84,0,0,53,463,29,545,0.0,0.0532110091743119,0.8495412844036697
53,Sujapur,85,0,0,54,537,31,622,0.0,0.0498392282958199,0.8633440514469454
53,Sujapur,87,0,0,56,425,67,548,0.0,0.1222627737226277,0.7755474452554745
53,Sujapur,89,0,0,0,312,98,410,0.0,0.2390243902439024,0.7609756097560976
53,Sujapur,8A,0,0,78,10,447,535,0.0,0.8355140186915888,0.0186915887850467
53,Sujapur,9,0,0,32,42,490,564,0.0,0.8687943262411347,0.0744680851063829
53,Sujapur,90,0,0,58,340,208,606,0.0,0.3432343234323432,0.5610561056105611
53,Sujapur,91,0,0,59,509,1500,2068,0.0,0.7253384912959381,0.2461315280464216
53,Sujapur,92,0,0,60,562,119,741,0.0,0.1605937921727395,0.7584345479082322
53,Sujapur,93,0,0,61,319,184,564,0.0,0.3262411347517731,0.5656028368794326
53,Sujapur,94,0,0,62,317,35,414,0.0,0.0845410628019323,0.7657004830917874
53,Sujapur,95,0,0,0,336,29,365,0.0,0.0794520547945205,0.9205479452054794
53,Sujapur,96,0,0,63,252,96,411,0.0,0.2335766423357664,0.6131386861313869
53,Sujapur,97,0,0,64,245,119,428,0.0,0.2780373831775701,0.572429906542056
53,Sujapur,98,0,0,0,363,56,419,0.0,0.1336515513126491,0.8663484486873508
53,Sujapur,99,0,0,65,460,135,660,0.0,0.2045454545454545,0.696969696969697
53,Sujapur,9A,0,0,20,367,181,568,0.0,0.3186619718309859,0.6461267605633803
54,Baisnabnagar,1,273,0,0,13,91,377,0.7241379310344828,0.2413793103448276,0.0344827586206896
54,Baisnabnagar,10,391,0,0,29,118,538,0.7267657992565055,0.2193308550185873,0.053903345724907
54,Baisnabnagar,11,353,0,0,25,140,518,0.6814671814671814,0.2702702702702703,0.0482625482625482
54,Baisnabnagar,12,299,0,0,20,165,484,0.6177685950413223,0.3409090909090909,0.0413223140495867
54,Baisnabnagar,13,32,0,0,11,208,251,0.1274900398406374,0.8286852589641435,0.0438247011952191
54,Baisnabnagar,134,59,0,154,16,473,702,0.084045584045584,0.6737891737891738,0.0227920227920227
54,Baisnabnagar,135,692,0,23,23,34,772,0.8963730569948186,0.044041450777202,0.0297927461139896
54,Baisnabnagar,136,6,0,312,9,526,853,0.0070339976553341,0.6166471277842908,0.0105509964830011
54,Baisnabnagar,137,6,0,310,6,496,818,0.0073349633251833,0.6063569682151589,0.0073349633251833
54,Baisnabnagar,138,482,0,65,13,78,638,0.7554858934169278,0.122257053291536,0.0203761755485893
54,Baisnabnagar,138A,26,0,386,7,183,602,0.0431893687707641,0.3039867109634551,0.0116279069767441
54,Baisnabnagar,139,216,0,193,18,333,760,0.2842105263157894,0.4381578947368421,0.0236842105263157
54,Baisnabnagar,14,1,0,0,5,139,145,0.0068965517241379,0.9586206896551724,0.0344827586206896
54,Baisnabnagar,140,221,0,180,13,125,539,0.4100185528756957,0.2319109461966604,0.0241187384044526
54,Baisnabnagar,141,404,0,38,10,138,590,0.6847457627118644,0.2338983050847457,0.0169491525423728
54,Baisnabnagar,141A,372,0,27,17,144,560,0.6642857142857143,0.2571428571428571,0.0303571428571428
54,Baisnabnagar,142,23,0,226,8,236,493,0.0466531440162271,0.4787018255578093,0.0162271805273833
54,Baisnabnagar,143,252,0,151,14,65,482,0.5228215767634855,0.1348547717842323,0.0290456431535269
54,Baisnabnagar,143A,252,0,131,7,93,483,0.5217391304347826,0.1925465838509316,0.0144927536231884
54,Baisnabnagar,144,373,0,32,17,130,552,0.6757246376811594,0.2355072463768115,0.0307971014492753
54,Baisnabnagar,144A,365,0,50,13,75,503,0.7256461232604374,0.1491053677932405,0.025844930417495
54,Baisnabnagar,145,511,0,14,15,220,760,0.6723684210526316,0.2894736842105263,0.0197368421052631
54,Baisnabnagar,146,753,0,50,27,41,871,0.8645235361653272,0.0470723306544202,0.0309988518943742
54,Baisnabnagar,147,371,0,64,16,103,554,0.6696750902527075,0.1859205776173285,0.0288808664259927
54,Baisnabnagar,147A,404,0,54,15,66,539,0.7495361781076066,0.1224489795918367,0.0278293135435992
54,Baisnabnagar,148,350,0,58,9,55,472,0.7415254237288136,0.1165254237288135,0.0190677966101694
54,Baisnabnagar,148A,410,0,36,20,37,503,0.8151093439363817,0.073558648111332,0.0397614314115308
54,Baisnabnagar,149,9,0,252,12,368,641,0.0140405616224648,0.5741029641185648,0.0187207488299532
54,Baisnabnagar,15,719,0,0,32,93,844,0.8518957345971564,0.1101895734597156,0.0379146919431279
54,Baisnabnagar,150,6,0,345,12,490,853,0.0070339976553341,0.5744431418522861,0.0140679953106682
54,Baisnabnagar,151,347,0,86,15,146,594,0.5841750841750841,0.2457912457912457,0.0252525252525252
54,Baisnabnagar,151A,69,0,162,7,347,585,0.1179487179487179,0.5931623931623932,0.0119658119658119
54,Baisnabnagar,152,241,0,90,21,423,775,0.3109677419354839,0.5458064516129032,0.0270967741935483
54,Baisnabnagar,153,4,0,221,13,379,617,0.006482982171799,0.6142625607779578,0.0210696920583468
54,Baisnabnagar,153A,15,0,237,14,319,585,0.0256410256410256,0.5452991452991452,0.0239316239316239
54,Baisnabnagar,154,1,0,142,18,345,506,0.0019762845849802,0.6818181818181818,0.0355731225296442
54,Baisnabnagar,154A,0,0,0,0,0,0,,,
54,Baisnabnagar,155,30,0,224,170,486,910,0.0329670329670329,0.5340659340659341,0.1868131868131868
54,Baisnabnagar,156,166,0,124,861,379,1530,0.1084967320261438,0.2477124183006536,0.5627450980392157
54,Baisnabnagar,157,8,0,288,780,656,1732,0.0046189376443418,0.3787528868360277,0.4503464203233256
54,Baisnabnagar,158,3,0,249,575,643,1470,0.0020408163265306,0.4374149659863945,0.391156462585034
54,Baisnabnagar,159,506,0,11,593,94,1204,0.420265780730897,0.0780730897009966,0.4925249169435216
54,Baisnabnagar,159A,448,0,8,13,108,577,0.7764298093587522,0.1871750433275563,0.022530329289428
54,Baisnabnagar,16,8,0,0,9,275,292,0.0273972602739726,0.9417808219178082,0.0308219178082191
54,Baisnabnagar,160,581,0,17,516,139,1253,0.4636871508379888,0.1109337589784517,0.4118116520351157
54,Baisnabnagar,160A,5500,0,19,22,36,5577,0.9861932938856016,0.0064550833781603,0.0039447731755424
54,Baisnabnagar,161,27,0,85,425,440,977,0.0276356192425793,0.4503582395087001,0.4350051177072671
54,Baisnabnagar,161A,43,0,64,12,430,549,0.0783242258652094,0.7832422586520947,0.0218579234972677
54,Baisnabnagar,162,6,0,0,886,110,1002,0.0059880239520958,0.1097804391217564,0.8842315369261478
54,Baisnabnagar,162A,326,0,1,10,95,432,0.7546296296296297,0.2199074074074074,0.0231481481481481
54,Baisnabnagar,163,132,0,88,661,498,1379,0.0957215373459028,0.3611312545322697,0.4793328498912255
54,Baisnabnagar,163A,280,0,60,17,217,574,0.4878048780487805,0.3780487804878049,0.0296167247386759
54,Baisnabnagar,164,54,0,164,605,497,1320,0.0409090909090909,0.3765151515151515,0.4583333333333333
54,Baisnabnagar,164A,204,0,89,9,240,542,0.3763837638376384,0.4428044280442804,0.0166051660516605
54,Baisnabnagar,165,15,0,193,696,729,1633,0.0091855480710349,0.4464176362522964,0.4262094304960196
54,Baisnabnagar,166,37,0,155,741,637,1570,0.0235668789808917,0.4057324840764331,0.4719745222929936
54,Baisnabnagar,167,31,0,57,531,499,1118,0.0277280858676207,0.4463327370304114,0.4749552772808587
54,Baisnabnagar,167A,68,0,102,19,315,504,0.1349206349206349,0.625,0.0376984126984126
54,Baisnabnagar,168,263,0,169,462,389,1283,0.2049883086515978,0.3031956352299298,0.3600935307872174
54,Baisnabnagar,169,3,0,399,124,399,925,0.0032432432432432,0.4313513513513513,0.134054054054054
54,Baisnabnagar,17,4,0,0,3,335,342,0.0116959064327485,0.97953216374269,0.0087719298245614
54,Baisnabnagar,170,344,0,73,158,226,801,0.4294631710362047,0.282147315855181,0.1972534332084894
54,Baisnabnagar,170A,338,0,51,12,77,478,0.7071129707112971,0.1610878661087866,0.0251046025104602
54,Baisnabnagar,171,123,0,126,822,401,1472,0.0835597826086956,0.2724184782608695,0.5584239130434783
54,Baisnabnagar,171A,34,0,175,9,312,530,0.0641509433962264,0.5886792452830188,0.0169811320754716
54,Baisnabnagar,172,24,0,106,832,465,1427,0.0168185003503854,0.3258584442887176,0.5830413454800281
54,Baisnabnagar,172A,18,0,88,3,344,453,0.0397350993377483,0.7593818984547461,0.0066225165562913
54,Baisnabnagar,173,58,0,136,847,505,1546,0.03751617076326,0.3266494178525226,0.5478654592496766
54,Baisnabnagar,173A,12,0,94,13,376,495,0.0242424242424242,0.7595959595959596,0.0262626262626262
54,Baisnabnagar,174,393,0,19,563,175,1150,0.3417391304347826,0.1521739130434782,0.4895652173913044
54,Baisnabnagar,174A,354,0,36,11,40,441,0.8027210884353742,0.0907029478458049,0.0249433106575963
54,Baisnabnagar,175,413,0,11,598,286,1308,0.3157492354740061,0.2186544342507645,0.4571865443425076
54,Baisnabnagar,175A,360,0,33,12,135,540,0.6666666666666666,0.25,0.0222222222222222
54,Baisnabnagar,176,432,0,11,537,218,1198,0.3606010016694491,0.1819699499165275,0.4482470784641068
54,Baisnabnagar,176A,374,0,4,8,93,479,0.7807933194154488,0.1941544885177453,0.0167014613778705
54,Baisnabnagar,177,338,0,130,498,147,1113,0.3036837376460018,0.1320754716981132,0.4474393530997305
54,Baisnabnagar,178,201,0,128,489,291,1109,0.1812443642921551,0.2623985572587917,0.4409377817853922
54,Baisnabnagar,178A,320,0,39,14,103,476,0.6722689075630253,0.2163865546218487,0.0294117647058823
54,Baisnabnagar,179,35590,0,23,460,74,36147,0.9845906990898275,0.0020471961711898,0.0127258140371261
54,Baisnabnagar,179A,335,0,8,12,106,461,0.7266811279826464,0.2299349240780911,0.0260303687635574
54,Baisnabnagar,18,402,0,0,31,101,534,0.7528089887640449,0.1891385767790262,0.0580524344569288
54,Baisnabnagar,180,532,0,41,862,203,1638,0.3247863247863248,0.1239316239316239,0.5262515262515263
54,Baisnabnagar,180A,132,0,158,13,268,571,0.2311733800350262,0.4693520140105078,0.0227670753064798
54,Baisnabnagar,181,45,0,254,612,350,1261,0.035685963521015,0.2775574940523394,0.4853291038858049
54,Baisnabnagar,181A,50,0,212,8,265,535,0.0934579439252336,0.4953271028037383,0.0149532710280373
54,Baisnabnagar,182,91,0,111,606,324,1132,0.0803886925795053,0.2862190812720848,0.5353356890459364
54,Baisnabnagar,182A,33,0,164,9,337,543,0.0607734806629834,0.6206261510128913,0.0165745856353591
54,Baisnabnagar,183,19,0,154,600,498,1271,0.014948859166011,0.3918174665617624,0.4720692368214004
54,Baisnabnagar,183A,18,0,133,17,350,518,0.0347490347490347,0.6756756756756757,0.0328185328185328
54,Baisnabnagar,184,253,0,199,604,198,1254,0.2017543859649122,0.1578947368421052,0.4816586921850079
54,Baisnabnagar,184A,29,0,304,8,244,585,0.0495726495726495,0.4170940170940171,0.0136752136752136
54,Baisnabnagar,185,28,0,194,847,364,1433,0.0195394277739009,0.2540125610607118,0.5910676901605024
54,Baisnabnagar,185A,179,0,83,7,175,444,0.4031531531531531,0.3941441441441441,0.0157657657657657
54,Baisnabnagar,186,13,0,163,516,457,1149,0.011314186248912,0.3977371627502176,0.4490861618798956
54,Baisnabnagar,186A,2,0,0,323,133,458,0.0043668122270742,0.2903930131004367,0.7052401746724891
54,Baisnabnagar,187,13,0,0,934,25,972,0.0133744855967078,0.0257201646090535,0.9609053497942388
54,Baisnabnagar,188,10,0,0,1085,286,1381,0.0072411296162201,0.2070963070238957,0.7856625633598842
54,Baisnabnagar,188A,0,0,0,405,204,609,0.0,0.334975369458128,0.6650246305418719
54,Baisnabnagar,189,20,0,0,1063,163,1246,0.0160513643659711,0.1308186195826645,0.8531300160513644
54,Baisnabnagar,19,405,0,0,22,107,534,0.7584269662921348,0.2003745318352059,0.0411985018726591
54,Baisnabnagar,190,7,0,0,1181,162,1350,0.0051851851851851,0.12,0.8748148148148148
54,Baisnabnagar,191,27,0,0,857,271,1155,0.0233766233766233,0.2346320346320346,0.741991341991342
54,Baisnabnagar,192,20,0,0,1248,350,1618,0.0123609394313967,0.2163164400494437,0.7713226205191595
54,Baisnabnagar,193,16,0,0,955,235,1206,0.0132669983416252,0.1948590381426202,0.7918739635157546
54,Baisnabnagar,193A,8,0,0,425,50,483,0.0165631469979296,0.10351966873706,0.8799171842650103
54,Baisnabnagar,194,17,0,0,1217,53,1287,0.0132090132090132,0.0411810411810411,0.9456099456099456
54,Baisnabnagar,195,4,0,0,536,48,588,0.0068027210884353,0.0816326530612244,0.91156462585034
54,Baisnabnagar,195A,5,0,0,458,106,569,0.0087873462214411,0.1862917398945518,0.804920913884007
54,Baisnabnagar,196,14,0,0,413,54,481,0.0291060291060291,0.1122661122661122,0.8586278586278586
54,Baisnabnagar,196A,8,0,0,393,51,452,0.0176991150442477,0.1128318584070796,0.8694690265486725
54,Baisnabnagar,197,1,0,0,375,194,570,0.0017543859649122,0.3403508771929824,0.6578947368421053
54,Baisnabnagar,197A,6,0,0,324,103,433,0.0138568129330254,0.2378752886836027,0.7482678983833718
54,Baisnabnagar,198,9,0,0,594,69,672,0.0133928571428571,0.1026785714285714,0.8839285714285714
54,Baisnabnagar,199,8,0,0,633,52,693,0.0115440115440115,0.075036075036075,0.9134199134199136
54,Baisnabnagar,2,329,0,0,32,344,705,0.4666666666666667,0.4879432624113475,0.0453900709219858
54,Baisnabnagar,20,350,0,0,23,113,486,0.720164609053498,0.2325102880658436,0.0473251028806584
54,Baisnabnagar,200,18,0,0,560,250,828,0.0217391304347826,0.3019323671497584,0.6763285024154589
54,Baisnabnagar,201,12,0,0,726,120,858,0.0139860139860139,0.1398601398601398,0.8461538461538461
54,Baisnabnagar,202,4,0,0,478,206,688,0.005813953488372,0.2994186046511627,0.6947674418604651
54,Baisnabnagar,203,5,0,0,614,11,630,0.0079365079365079,0.0174603174603174,0.9746031746031746
54,Baisnabnagar,204,6,0,0,516,15,537,0.0111731843575419,0.0279329608938547,0.9608938547486032
54,Baisnabnagar,204A,5,0,0,420,6,431,0.0116009280742459,0.0139211136890951,0.974477958236659
54,Baisnabnagar,205,4,0,0,480,4,488,0.0081967213114754,0.0081967213114754,0.9836065573770492
54,Baisnabnagar,205A,4,0,0,502,5,511,0.0078277886497064,0.009784735812133,0.9823874755381604
54,Baisnabnagar,206,9,0,0,772,29,810,0.0111111111111111,0.0358024691358024,0.9530864197530864
54,Baisnabnagar,207,3,0,0,448,7,458,0.0065502183406113,0.0152838427947598,0.9781659388646288
54,Baisnabnagar,207A,10,0,0,425,7,442,0.0226244343891402,0.0158371040723981,0.9615384615384616
54,Baisnabnagar,208,3,0,0,779,4,786,0.0038167938931297,0.005089058524173,0.9910941475826972
54,Baisnabnagar,209,6,0,0,608,24,638,0.0094043887147335,0.0376175548589341,0.9529780564263324
54,Baisnabnagar,21,379,0,0,17,49,445,0.851685393258427,0.1101123595505618,0.0382022471910112
54,Baisnabnagar,210,6,0,0,592,244,842,0.007125890736342,0.2897862232779097,0.7030878859857482
54,Baisnabnagar,211,5,0,0,329,166,500,0.01,0.332,0.658
54,Baisnabnagar,211A,4,0,0,311,201,516,0.0077519379844961,0.3895348837209302,0.6027131782945736
54,Baisnabnagar,212,5,0,0,870,55,930,0.0053763440860215,0.0591397849462365,0.935483870967742
54,Baisnabnagar,213,6,0,0,438,154,598,0.0100334448160535,0.2575250836120401,0.7324414715719063
54,Baisnabnagar,213A,4,0,0,493,33,530,0.0075471698113207,0.0622641509433962,0.930188679245283
54,Baisnabnagar,214,21,0,0,462,232,715,0.0293706293706293,0.3244755244755244,0.6461538461538462
54,Baisnabnagar,215,6,0,0,382,142,530,0.0113207547169811,0.2679245283018868,0.720754716981132
54,Baisnabnagar,216,4,0,0,740,156,900,0.0044444444444444,0.1733333333333333,0.8222222222222222
54,Baisnabnagar,217,2,0,0,403,6,411,0.0048661800486618,0.0145985401459854,0.9805352798053528
54,Baisnabnagar,218,4,0,0,627,81,712,0.0056179775280898,0.1137640449438202,0.8806179775280899
54,Baisnabnagar,219,7,0,0,587,7,601,0.0116472545757071,0.0116472545757071,0.9767054908485856
54,Baisnabnagar,22,8,0,0,2,384,394,0.0203045685279187,0.9746192893401016,0.0050761421319796
54,Baisnabnagar,220,2,0,0,457,53,512,0.00390625,0.103515625,0.892578125
54,Baisnabnagar,220A,7,0,55,9,419,490,0.0142857142857142,0.8551020408163266,0.0183673469387755
54,Baisnabnagar,221,21,0,198,7,489,715,0.0293706293706293,0.6839160839160839,0.0097902097902097
54,Baisnabnagar,222,5,0,181,7,345,538,0.0092936802973977,0.6412639405204461,0.0130111524163568
54,Baisnabnagar,223,8,0,165,6,290,469,0.0170575692963752,0.6183368869936035,0.0127931769722814
54,Baisnabnagar,223A,8,0,161,11,253,433,0.0184757505773672,0.5842956120092379,0.0254041570438799
54,Baisnabnagar,224,1,0,236,6,263,506,0.0019762845849802,0.5197628458498024,0.0118577075098814
54,Baisnabnagar,224A,3,0,156,11,326,496,0.0060483870967741,0.657258064516129,0.0221774193548387
54,Baisnabnagar,225,7,0,229,15,495,746,0.0093833780160857,0.6635388739946381,0.0201072386058981
54,Baisnabnagar,226,217,0,146,8,128,499,0.4348697394789579,0.2565130260521042,0.0160320641282565
54,Baisnabnagar,227,7,0,95,11,358,471,0.0148619957537154,0.7600849256900213,0.0233545647558386
54,Baisnabnagar,227A,6,0,105,12,304,427,0.0140515222482435,0.711943793911007,0.0281030444964871
54,Baisnabnagar,228,196,0,107,17,331,651,0.3010752688172043,0.5084485407066052,0.0261136712749615
54,Baisnabnagar,229,220,0,127,8,234,589,0.3735144312393888,0.397283531409168,0.0135823429541595
54,Baisnabnagar,22A,354,0,11,15,65,445,0.7955056179775281,0.146067415730337,0.0337078651685393
54,Baisnabnagar,23,407,0,18,30,514,969,0.4200206398348813,0.5304437564499485,0.0309597523219814
54,Baisnabnagar,230,10,0,140,1,341,492,0.0203252032520325,0.693089430894309,0.0020325203252032
54,Baisnabnagar,230A,42,0,146,10,259,457,0.0919037199124726,0.5667396061269147,0.0218818380743982
54,Baisnabnagar,231,295,0,41,1,115,452,0.6526548672566371,0.2544247787610619,0.0022123893805309
54,Baisnabnagar,232,323,0,22,18,99,462,0.6991341991341992,0.2142857142857142,0.0389610389610389
54,Baisnabnagar,233,12,0,42,17,515,586,0.0204778156996587,0.878839590443686,0.0290102389078498
54,Baisnabnagar,233A,14,0,61,23,477,575,0.0243478260869565,0.8295652173913044,0.04
54,Baisnabnagar,234,196,0,41,17,524,778,0.2519280205655527,0.6735218508997429,0.0218508997429305
54,Baisnabnagar,235,48,0,128,12,552,740,0.0648648648648648,0.745945945945946,0.0162162162162162
54,Baisnabnagar,236,15,0,102,15,484,616,0.0243506493506493,0.7857142857142857,0.0243506493506493
54,Baisnabnagar,237,28,0,68,14,489,599,0.0467445742904841,0.8163606010016694,0.023372287145242
54,Baisnabnagar,237A,85,0,53,16,400,554,0.1534296028880866,0.7220216606498195,0.0288808664259927
54,Baisnabnagar,24,435,0,14,30,581,1060,0.410377358490566,0.5481132075471699,0.0283018867924528
54,Baisnabnagar,25,17,0,151,21,879,1068,0.0159176029962546,0.8230337078651685,0.0196629213483146
54,Baisnabnagar,25A,3,0,120,11,351,485,0.0061855670103092,0.7237113402061855,0.022680412371134
54,Baisnabnagar,26,931,0,30,64,258,1283,0.72564302416212,0.201091192517537,0.0498830865159781
54,Baisnabnagar,27,733,0,12,61,193,999,0.7337337337337337,0.1931931931931932,0.061061061061061
54,Baisnabnagar,28,607,0,46,59,278,990,0.6131313131313131,0.2808080808080808,0.0595959595959596
54,Baisnabnagar,28A,340,0,29,6,120,495,0.6868686868686869,0.2424242424242424,0.0121212121212121
54,Baisnabnagar,29,447,0,149,25,457,1078,0.4146567717996289,0.4239332096474953,0.023191094619666
54,Baisnabnagar,29A,31,0,138,11,368,548,0.0565693430656934,0.6715328467153284,0.0200729927007299
54,Baisnabnagar,3,331,0,0,24,240,595,0.5563025210084034,0.4033613445378151,0.0403361344537815
54,Baisnabnagar,30,558,0,313,29,444,1344,0.4151785714285714,0.3303571428571428,0.0215773809523809
54,Baisnabnagar,31,403,0,82,16,470,971,0.4150360453141091,0.4840370751802266,0.0164778578784757
54,Baisnabnagar,32,362,0,171,35,742,1310,0.2763358778625954,0.566412213740458,0.0267175572519083
54,Baisnabnagar,33,530,0,121,31,380,1062,0.4990583804143126,0.3578154425612053,0.0291902071563088
54,Baisnabnagar,34,430,0,95,19,559,1103,0.3898458748866727,0.5067996373526745,0.0172257479601087
54,Baisnabnagar,34A,7,0,55,12,434,508,0.0137795275590551,0.8543307086614174,0.0236220472440944
54,Baisnabnagar,35,397,0,35,11,102,545,0.728440366972477,0.1871559633027523,0.0201834862385321
54,Baisnabnagar,35A,388,0,14,19,87,508,0.7637795275590551,0.171259842519685,0.0374015748031496
54,Baisnabnagar,36,346,0,6,17,163,532,0.650375939849624,0.306390977443609,0.0319548872180451
54,Baisnabnagar,36A,308,0,4,12,118,442,0.6968325791855203,0.2669683257918552,0.0271493212669683
54,Baisnabnagar,37,596,0,28,17,99,740,0.8054054054054054,0.1337837837837837,0.0229729729729729
54,Baisnabnagar,38,711,0,55,25,63,854,0.832552693208431,0.0737704918032786,0.0292740046838407
54,Baisnabnagar,39,730,0,36,13,74,853,0.8558030480656507,0.0867526377491207,0.0152403282532239
54,Baisnabnagar,4,259,0,0,18,272,549,0.4717668488160291,0.4954462659380692,0.0327868852459016
54,Baisnabnagar,40,12,0,275,13,353,653,0.0183767228177641,0.5405819295558959,0.0199081163859111
54,Baisnabnagar,40A,3,0,279,16,267,565,0.0053097345132743,0.4725663716814159,0.0283185840707964
54,Baisnabnagar,41,29,0,379,3,451,862,0.0336426914153132,0.5232018561484919,0.0034802784222737
54,Baisnabnagar,42,8,0,167,15,334,524,0.015267175572519,0.6374045801526718,0.0286259541984732
54,Baisnabnagar,42A,5,0,192,9,237,443,0.0112866817155756,0.5349887133182845,0.0203160270880361
54,Baisnabnagar,43,583,0,28,31,170,812,0.7179802955665024,0.20935960591133,0.0381773399014778
54,Baisnabnagar,44,234,0,80,10,176,500,0.468,0.352,0.02
54,Baisnabnagar,44A,224,0,28,9,174,435,0.5149425287356322,0.4,0.0206896551724137
54,Baisnabnagar,45,10,0,199,21,472,702,0.0142450142450142,0.6723646723646723,0.0299145299145299
54,Baisnabnagar,46,15,0,255,14,617,901,0.0166481687014428,0.6847946725860156,0.0155382907880133
54,Baisnabnagar,47,3,0,219,15,281,518,0.0057915057915057,0.5424710424710425,0.0289575289575289
54,Baisnabnagar,47A,4,0,216,10,255,485,0.0082474226804123,0.5257731958762887,0.0206185567010309
54,Baisnabnagar,48,599,0,117,80,101,897,0.6677814938684504,0.112597547380156,0.0891861761426978
54,Baisnabnagar,49,303,0,44,29,118,494,0.6133603238866396,0.2388663967611336,0.0587044534412955
54,Baisnabnagar,49A,269,0,21,20,97,407,0.6609336609336609,0.2383292383292383,0.0491400491400491
54,Baisnabnagar,5,24,0,0,21,396,441,0.0544217687074829,0.8979591836734694,0.0476190476190476
54,Baisnabnagar,50,363,0,52,13,35,463,0.7840172786177105,0.0755939524838013,0.0280777537796976
54,Baisnabnagar,50A,3,0,0,105,18,126,0.0238095238095238,0.1428571428571428,0.8333333333333334
54,Baisnabnagar,51,20,0,0,409,57,486,0.0411522633744856,0.1172839506172839,0.8415637860082305
54,Baisnabnagar,52,9,0,0,531,28,568,0.0158450704225352,0.0492957746478873,0.9348591549295776
54,Baisnabnagar,52A,4,0,0,455,21,480,0.0083333333333333,0.04375,0.9479166666666666
54,Baisnabnagar,53,11,0,0,458,112,581,0.0189328743545611,0.1927710843373494,0.7882960413080895
54,Baisnabnagar,53A,6,0,0,418,86,510,0.0117647058823529,0.1686274509803921,0.8196078431372549
54,Baisnabnagar,54,12,0,0,718,211,941,0.0127523910733262,0.2242295430393198,0.7630180658873539
54,Baisnabnagar,55,6,0,0,452,33,491,0.0122199592668024,0.0672097759674134,0.920570264765784
54,Baisnabnagar,55A,15,0,0,439,14,468,0.032051282051282,0.0299145299145299,0.938034188034188
54,Baisnabnagar,56,12,0,0,519,84,615,0.0195121951219512,0.1365853658536585,0.8439024390243902
54,Baisnabnagar,57,8,0,0,627,198,833,0.0096038415366146,0.2376950780312124,0.7527010804321729
54,Baisnabnagar,58,18,0,0,624,141,783,0.0229885057471264,0.1800766283524904,0.7969348659003831
54,Baisnabnagar,59,6,0,0,274,260,540,0.0111111111111111,0.4814814814814814,0.5074074074074074
54,Baisnabnagar,59A,5,0,0,300,160,465,0.010752688172043,0.3440860215053763,0.6451612903225806
54,Baisnabnagar,6,16,0,0,25,433,474,0.0337552742616033,0.9135021097046412,0.0527426160337552
54,Baisnabnagar,60,4,0,0,509,39,552,0.0072463768115942,0.0706521739130434,0.9221014492753624
54,Baisnabnagar,61,4,0,0,558,155,717,0.00557880055788,0.2161785216178521,0.7782426778242678
54,Baisnabnagar,62,3,0,0,660,43,706,0.0042492917847025,0.0609065155807365,0.9348441926345608
54,Baisnabnagar,63,14,0,0,520,17,551,0.0254083484573502,0.0308529945553539,0.943738656987296
54,Baisnabnagar,63A,9,0,0,443,67,519,0.0173410404624277,0.1290944123314065,0.8535645472061657
54,Baisnabnagar,64,8,0,0,494,54,556,0.014388489208633,0.0971223021582733,0.8884892086330936
54,Baisnabnagar,64A,6,0,0,471,60,537,0.0111731843575419,0.1117318435754189,0.8770949720670391
54,Baisnabnagar,65,2,0,0,335,177,514,0.0038910505836575,0.3443579766536965,0.6517509727626459
54,Baisnabnagar,65A,6,0,0,429,14,449,0.0133630289532293,0.0311804008908685,0.955456570155902
54,Baisnabnagar,66,3,0,0,440,134,577,0.0051993067590987,0.2322357019064125,0.7625649913344887
54,Baisnabnagar,66A,8,0,0,388,129,525,0.0152380952380952,0.2457142857142857,0.7390476190476191
54,Baisnabnagar,67,9,0,0,645,172,826,0.0108958837772397,0.2082324455205811,0.7808716707021792
54,Baisnabnagar,68,10,0,0,629,167,806,0.0124069478908188,0.2071960297766749,0.7803970223325062
54,Baisnabnagar,69,4,0,0,496,174,674,0.0059347181008902,0.258160237388724,0.7359050445103857
54,Baisnabnagar,7,8,0,0,43,390,441,0.0181405895691609,0.8843537414965986,0.0975056689342403
54,Baisnabnagar,70,7,0,0,284,279,570,0.0122807017543859,0.4894736842105263,0.4982456140350877
54,Baisnabnagar,70A,2,0,0,393,198,593,0.0033726812816188,0.3338954468802698,0.6627318718381113
54,Baisnabnagar,71,12,0,0,615,180,807,0.0148698884758364,0.2230483271375464,0.7620817843866171
54,Baisnabnagar,72,10,0,0,731,66,807,0.0123915737298636,0.0817843866171003,0.905824039653036
54,Baisnabnagar,73,9,0,0,495,154,658,0.0136778115501519,0.2340425531914893,0.7522796352583586
54,Baisnabnagar,73A,9,0,0,406,180,595,0.015126050420168,0.3025210084033613,0.6823529411764706
54,Baisnabnagar,74,9,0,0,799,71,879,0.0102389078498293,0.080773606370876,0.9089874857792948
54,Baisnabnagar,75,7,0,0,510,185,702,0.0099715099715099,0.2635327635327635,0.7264957264957265
54,Baisnabnagar,76,8,0,0,673,148,829,0.0096501809408926,0.1785283474065138,0.8118214716525934
54,Baisnabnagar,77,7,0,0,421,136,564,0.0124113475177304,0.2411347517730496,0.7464539007092199
54,Baisnabnagar,78,10,0,0,422,202,634,0.0157728706624605,0.3186119873817035,0.6656151419558359
54,Baisnabnagar,78A,4,0,0,351,147,502,0.0079681274900398,0.2928286852589641,0.6992031872509961
54,Baisnabnagar,8,573,0,0,35,102,710,0.8070422535211268,0.1436619718309859,0.0492957746478873
54,Baisnabnagar,9,457,0,0,38,116,611,0.7479541734860884,0.1898527004909983,0.0621931260229132
