year,ac_no,part_no,registered_voters,male_voters,female_voters,source_file,parse_method,quality_flag
2026,1,1,659,,,data\rolls\2026\pdfs\ac001\AC001PART001.pdf,pdf_serial_row_count,ok
2026,1,2,456,,,data\rolls\2026\pdfs\ac001\AC001PART002.pdf,pdf_serial_row_count,ok
2026,1,3,595,,,data\rolls\2026\pdfs\ac001\AC001PART003.pdf,pdf_serial_row_count,ok
2026,1,4,957,,,data\rolls\2026\pdfs\ac001\AC001PART004.pdf,pdf_serial_row_count,ok
2026,1,5,585,,,data\rolls\2026\pdfs\ac001\AC001PART005.pdf,pdf_serial_row_count,ok
2026,1,6,830,,,data\rolls\2026\pdfs\ac001\AC001PART006.pdf,pdf_serial_row_count,ok
2026,1,7,816,,,data\rolls\2026\pdfs\ac001\AC001PART007.pdf,pdf_serial_row_count,ok
2026,1,8,847,,,data\rolls\2026\pdfs\ac001\AC001PART008.pdf,pdf_serial_row_count,ok
2026,1,9,661,,,data\rolls\2026\pdfs\ac001\AC001PART009.pdf,pdf_serial_row_count,ok
2026,1,10,824,,,data\rolls\2026\pdfs\ac001\AC001PART010.pdf,pdf_serial_row_count,ok
2026,1,11,704,,,data\rolls\2026\pdfs\ac001\AC001PART011.pdf,pdf_serial_row_count,ok
2026,1,12,657,,,data\rolls\2026\pdfs\ac001\AC001PART012.pdf,pdf_serial_row_count,ok
2026,1,13,643,,,data\rolls\2026\pdfs\ac001\AC001PART013.pdf,pdf_serial_row_count,ok
2026,1,14,709,,,data\rolls\2026\pdfs\ac001\AC001PART014.pdf,pdf_serial_row_count,ok
2026,1,15,684,,,data\rolls\2026\pdfs\ac001\AC001PART015.pdf,pdf_serial_row_count,ok
2026,1,16,907,,,data\rolls\2026\pdfs\ac001\AC001PART016.pdf,pdf_serial_row_count,ok
2026,1,17,621,,,data\rolls\2026\pdfs\ac001\AC001PART017.pdf,pdf_serial_row_count,ok
2026,1,18,913,,,data\rolls\2026\pdfs\ac001\AC001PART018.pdf,pdf_serial_row_count,ok
2026,1,19,513,,,data\rolls\2026\pdfs\ac001\AC001PART019.pdf,pdf_serial_row_count,ok
2026,1,20,610,,,data\rolls\2026\pdfs\ac001\AC001PART020.pdf,pdf_serial_row_count,ok
2026,1,21,984,,,data\rolls\2026\pdfs\ac001\AC001PART021.pdf,pdf_serial_row_count,ok
2026,1,22,479,,,data\rolls\2026\pdfs\ac001\AC001PART022.pdf,pdf_serial_row_count,ok
2026,1,23,652,,,data\rolls\2026\pdfs\ac001\AC001PART023.pdf,pdf_serial_row_count,ok
2026,1,24,837,,,data\rolls\2026\pdfs\ac001\AC001PART024.pdf,pdf_serial_row_count,ok
2026,1,25,631,,,data\rolls\2026\pdfs\ac001\AC001PART025.pdf,pdf_serial_row_count,ok
2026,1,26,994,,,data\rolls\2026\pdfs\ac001\AC001PART026.pdf,pdf_serial_row_count,ok
2026,1,27,672,,,data\rolls\2026\pdfs\ac001\AC001PART027.pdf,pdf_serial_row_count,ok
2026,1,28,595,,,data\rolls\2026\pdfs\ac001\AC001PART028.pdf,pdf_serial_row_count,ok
2026,1,29,668,,,data\rolls\2026\pdfs\ac001\AC001PART029.pdf,pdf_serial_row_count,ok
2026,1,30,528,,,data\rolls\2026\pdfs\ac001\AC001PART030.pdf,pdf_serial_row_count,ok
2026,1,31,914,,,data\rolls\2026\pdfs\ac001\AC001PART031.pdf,pdf_serial_row_count,ok
2026,1,32,568,,,data\rolls\2026\pdfs\ac001\AC001PART032.pdf,pdf_serial_row_count,ok
2026,1,33,769,,,data\rolls\2026\pdfs\ac001\AC001PART033.pdf,pdf_serial_row_count,ok
2026,1,34,688,,,data\rolls\2026\pdfs\ac001\AC001PART034.pdf,pdf_serial_row_count,ok
2026,1,35,612,,,data\rolls\2026\pdfs\ac001\AC001PART035.pdf,pdf_serial_row_count,ok
2026,1,36,448,,,data\rolls\2026\pdfs\ac001\AC001PART036.pdf,pdf_serial_row_count,ok
2026,1,37,665,,,data\rolls\2026\pdfs\ac001\AC001PART037.pdf,pdf_serial_row_count,ok
2026,1,38,596,,,data\rolls\2026\pdfs\ac001\AC001PART038.pdf,pdf_serial_row_count,ok
2026,1,39,586,,,data\rolls\2026\pdfs\ac001\AC001PART039.pdf,pdf_serial_row_count,ok
2026,1,40,1122,,,data\rolls\2026\pdfs\ac001\AC001PART040.pdf,pdf_serial_row_count,ok
2026,1,41,852,,,data\rolls\2026\pdfs\ac001\AC001PART041.pdf,pdf_serial_row_count,ok
2026,1,42,584,,,data\rolls\2026\pdfs\ac001\AC001PART042.pdf,pdf_serial_row_count,ok
2026,1,43,435,,,data\rolls\2026\pdfs\ac001\AC001PART043.pdf,pdf_serial_row_count,ok
2026,1,44,591,,,data\rolls\2026\pdfs\ac001\AC001PART044.pdf,pdf_serial_row_count,ok
2026,1,45,520,,,data\rolls\2026\pdfs\ac001\AC001PART045.pdf,pdf_serial_row_count,ok
2026,1,46,1140,,,data\rolls\2026\pdfs\ac001\AC001PART046.pdf,pdf_serial_row_count,ok
2026,1,47,848,,,data\rolls\2026\pdfs\ac001\AC001PART047.pdf,pdf_serial_row_count,ok
2026,1,48,610,,,data\rolls\2026\pdfs\ac001\AC001PART048.pdf,pdf_serial_row_count,ok
2026,1,49,632,,,data\rolls\2026\pdfs\ac001\AC001PART049.pdf,pdf_serial_row_count,ok
2026,1,50,1038,,,data\rolls\2026\pdfs\ac001\AC001PART050.pdf,pdf_serial_row_count,ok
2026,1,51,563,,,data\rolls\2026\pdfs\ac001\AC001PART051.pdf,pdf_serial_row_count,ok
2026,1,52,703,,,data\rolls\2026\pdfs\ac001\AC001PART052.pdf,pdf_serial_row_count,ok
2026,1,53,937,,,data\rolls\2026\pdfs\ac001\AC001PART053.pdf,pdf_serial_row_count,ok
2026,1,54,853,,,data\rolls\2026\pdfs\ac001\AC001PART054.pdf,pdf_serial_row_count,ok
2026,1,55,891,,,data\rolls\2026\pdfs\ac001\AC001PART055.pdf,pdf_serial_row_count,ok
2026,1,56,566,,,data\rolls\2026\pdfs\ac001\AC001PART056.pdf,pdf_serial_row_count,ok
2026,1,57,629,,,data\rolls\2026\pdfs\ac001\AC001PART057.pdf,pdf_serial_row_count,ok
2026,1,58,558,,,data\rolls\2026\pdfs\ac001\AC001PART058.pdf,pdf_serial_row_count,ok
2026,1,59,668,,,data\rolls\2026\pdfs\ac001\AC001PART059.pdf,pdf_serial_row_count,ok
2026,1,60,456,,,data\rolls\2026\pdfs\ac001\AC001PART060.pdf,pdf_serial_row_count,ok
2026,1,61,534,,,data\rolls\2026\pdfs\ac001\AC001PART061.pdf,pdf_serial_row_count,ok
2026,1,62,809,,,data\rolls\2026\pdfs\ac001\AC001PART062.pdf,pdf_serial_row_count,ok
2026,1,63,793,,,data\rolls\2026\pdfs\ac001\AC001PART063.pdf,pdf_serial_row_count,ok
2026,1,64,595,,,data\rolls\2026\pdfs\ac001\AC001PART064.pdf,pdf_serial_row_count,ok
2026,1,65,719,,,data\rolls\2026\pdfs\ac001\AC001PART065.pdf,pdf_serial_row_count,ok
2026,1,66,638,,,data\rolls\2026\pdfs\ac001\AC001PART066.pdf,pdf_serial_row_count,ok
2026,1,67,631,,,data\rolls\2026\pdfs\ac001\AC001PART067.pdf,pdf_serial_row_count,ok
2026,1,68,518,,,data\rolls\2026\pdfs\ac001\AC001PART068.pdf,pdf_serial_row_count,ok
2026,1,69,850,,,data\rolls\2026\pdfs\ac001\AC001PART069.pdf,pdf_serial_row_count,ok
2026,1,70,561,,,data\rolls\2026\pdfs\ac001\AC001PART070.pdf,pdf_serial_row_count,ok
2026,1,71,609,,,data\rolls\2026\pdfs\ac001\AC001PART071.pdf,pdf_serial_row_count,ok
2026,1,72,918,,,data\rolls\2026\pdfs\ac001\AC001PART072.pdf,pdf_serial_row_count,ok
2026,1,73,1056,,,data\rolls\2026\pdfs\ac001\AC001PART073.pdf,pdf_serial_row_count,ok
2026,1,74,1075,,,data\rolls\2026\pdfs\ac001\AC001PART074.pdf,pdf_serial_row_count,ok
2026,1,75,1013,,,data\rolls\2026\pdfs\ac001\AC001PART075.pdf,pdf_serial_row_count,ok
2026,1,76,931,,,data\rolls\2026\pdfs\ac001\AC001PART076.pdf,pdf_serial_row_count,ok
2026,1,77,744,,,data\rolls\2026\pdfs\ac001\AC001PART077.pdf,pdf_serial_row_count,ok
2026,1,78,920,,,data\rolls\2026\pdfs\ac001\AC001PART078.pdf,pdf_serial_row_count,ok
2026,1,79,582,,,data\rolls\2026\pdfs\ac001\AC001PART079.pdf,pdf_serial_row_count,ok
2026,1,80,996,,,data\rolls\2026\pdfs\ac001\AC001PART080.pdf,pdf_serial_row_count,ok
2026,1,81,891,,,data\rolls\2026\pdfs\ac001\AC001PART081.pdf,pdf_serial_row_count,ok
2026,1,82,488,,,data\rolls\2026\pdfs\ac001\AC001PART082.pdf,pdf_serial_row_count,ok
2026,1,83,727,,,data\rolls\2026\pdfs\ac001\AC001PART083.pdf,pdf_serial_row_count,ok
2026,1,84,662,,,data\rolls\2026\pdfs\ac001\AC001PART084.pdf,pdf_serial_row_count,ok
2026,1,85,671,,,data\rolls\2026\pdfs\ac001\AC001PART085.pdf,pdf_serial_row_count,ok
2026,1,86,876,,,data\rolls\2026\pdfs\ac001\AC001PART086.pdf,pdf_serial_row_count,ok
2026,1,87,731,,,data\rolls\2026\pdfs\ac001\AC001PART087.pdf,pdf_serial_row_count,ok
2026,1,88,821,,,data\rolls\2026\pdfs\ac001\AC001PART088.pdf,pdf_serial_row_count,ok
2026,1,89,958,,,data\rolls\2026\pdfs\ac001\AC001PART089.pdf,pdf_serial_row_count,ok
2026,1,90,701,,,data\rolls\2026\pdfs\ac001\AC001PART090.pdf,pdf_serial_row_count,ok
2026,1,91,959,,,data\rolls\2026\pdfs\ac001\AC001PART091.pdf,pdf_serial_row_count,ok
2026,1,92,1112,,,data\rolls\2026\pdfs\ac001\AC001PART092.pdf,pdf_serial_row_count,ok
2026,1,93,600,,,data\rolls\2026\pdfs\ac001\AC001PART093.pdf,pdf_serial_row_count,ok
2026,1,94,647,,,data\rolls\2026\pdfs\ac001\AC001PART094.pdf,pdf_serial_row_count,ok
2026,1,95,1022,,,data\rolls\2026\pdfs\ac001\AC001PART095.pdf,pdf_serial_row_count,ok
2026,1,96,714,,,data\rolls\2026\pdfs\ac001\AC001PART096.pdf,pdf_serial_row_count,ok
2026,1,97,721,,,data\rolls\2026\pdfs\ac001\AC001PART097.pdf,pdf_serial_row_count,ok
2026,1,98,592,,,data\rolls\2026\pdfs\ac001\AC001PART098.pdf,pdf_serial_row_count,ok
2026,1,99,462,,,data\rolls\2026\pdfs\ac001\AC001PART099.pdf,pdf_serial_row_count,ok
2026,1,100,607,,,data\rolls\2026\pdfs\ac001\AC001PART100.pdf,pdf_serial_row_count,ok
2026,1,101,711,,,data\rolls\2026\pdfs\ac001\AC001PART101.pdf,pdf_serial_row_count,ok
2026,1,102,401,,,data\rolls\2026\pdfs\ac001\AC001PART102.pdf,pdf_serial_row_count,ok
2026,1,103,703,,,data\rolls\2026\pdfs\ac001\AC001PART103.pdf,pdf_serial_row_count,ok
2026,1,104,276,,,data\rolls\2026\pdfs\ac001\AC001PART104.pdf,pdf_serial_row_count,ok
2026,1,105,690,,,data\rolls\2026\pdfs\ac001\AC001PART105.pdf,pdf_serial_row_count,ok
2026,1,106,669,,,data\rolls\2026\pdfs\ac001\AC001PART106.pdf,pdf_serial_row_count,ok
2026,1,107,584,,,data\rolls\2026\pdfs\ac001\AC001PART107.pdf,pdf_serial_row_count,ok
2026,1,108,647,,,data\rolls\2026\pdfs\ac001\AC001PART108.pdf,pdf_serial_row_count,ok
2026,1,109,599,,,data\rolls\2026\pdfs\ac001\AC001PART109.pdf,pdf_serial_row_count,ok
2026,1,110,517,,,data\rolls\2026\pdfs\ac001\AC001PART110.pdf,pdf_serial_row_count,ok
2026,1,111,685,,,data\rolls\2026\pdfs\ac001\AC001PART111.pdf,pdf_serial_row_count,ok
2026,1,112,714,,,data\rolls\2026\pdfs\ac001\AC001PART112.pdf,pdf_serial_row_count,ok
2026,1,113,612,,,data\rolls\2026\pdfs\ac001\AC001PART113.pdf,pdf_serial_row_count,ok
2026,1,114,568,,,data\rolls\2026\pdfs\ac001\AC001PART114.pdf,pdf_serial_row_count,ok
2026,1,115,813,,,data\rolls\2026\pdfs\ac001\AC001PART115.pdf,pdf_serial_row_count,ok
2026,1,116,803,,,data\rolls\2026\pdfs\ac001\AC001PART116.pdf,pdf_serial_row_count,ok
2026,1,117,480,,,data\rolls\2026\pdfs\ac001\AC001PART117.pdf,pdf_serial_row_count,ok
2026,1,118,670,,,data\rolls\2026\pdfs\ac001\AC001PART118.pdf,pdf_serial_row_count,ok
2026,1,119,823,,,data\rolls\2026\pdfs\ac001\AC001PART119.pdf,pdf_serial_row_count,ok
2026,1,120,942,,,data\rolls\2026\pdfs\ac001\AC001PART120.pdf,pdf_serial_row_count,ok
2026,1,121,882,,,data\rolls\2026\pdfs\ac001\AC001PART121.pdf,pdf_serial_row_count,ok
2026,1,122,682,,,data\rolls\2026\pdfs\ac001\AC001PART122.pdf,pdf_serial_row_count,ok
2026,1,123,755,,,data\rolls\2026\pdfs\ac001\AC001PART123.pdf,pdf_serial_row_count,ok
2026,1,124,697,,,data\rolls\2026\pdfs\ac001\AC001PART124.pdf,pdf_serial_row_count,ok
2026,1,125,618,,,data\rolls\2026\pdfs\ac001\AC001PART125.pdf,pdf_serial_row_count,ok
2026,1,126,922,,,data\rolls\2026\pdfs\ac001\AC001PART126.pdf,pdf_serial_row_count,ok
2026,1,127,756,,,data\rolls\2026\pdfs\ac001\AC001PART127.pdf,pdf_serial_row_count,ok
2026,1,128,601,,,data\rolls\2026\pdfs\ac001\AC001PART128.pdf,pdf_serial_row_count,ok
2026,1,129,850,,,data\rolls\2026\pdfs\ac001\AC001PART129.pdf,pdf_serial_row_count,ok
2026,1,130,979,,,data\rolls\2026\pdfs\ac001\AC001PART130.pdf,pdf_serial_row_count,ok
2026,1,131,720,,,data\rolls\2026\pdfs\ac001\AC001PART131.pdf,pdf_serial_row_count,ok
2026,1,132,670,,,data\rolls\2026\pdfs\ac001\AC001PART132.pdf,pdf_serial_row_count,ok
2026,1,133,453,,,data\rolls\2026\pdfs\ac001\AC001PART133.pdf,pdf_serial_row_count,ok
2026,1,134,666,,,data\rolls\2026\pdfs\ac001\AC001PART134.pdf,pdf_serial_row_count,ok
2026,1,135,896,,,data\rolls\2026\pdfs\ac001\AC001PART135.pdf,pdf_serial_row_count,ok
2026,1,136,925,,,data\rolls\2026\pdfs\ac001\AC001PART136.pdf,pdf_serial_row_count,ok
2026,1,137,713,,,data\rolls\2026\pdfs\ac001\AC001PART137.pdf,pdf_serial_row_count,ok
2026,1,138,819,,,data\rolls\2026\pdfs\ac001\AC001PART138.pdf,pdf_serial_row_count,ok
2026,1,139,645,,,data\rolls\2026\pdfs\ac001\AC001PART139.pdf,pdf_serial_row_count,ok
2026,1,140,511,,,data\rolls\2026\pdfs\ac001\AC001PART140.pdf,pdf_serial_row_count,ok
2026,1,141,914,,,data\rolls\2026\pdfs\ac001\AC001PART141.pdf,pdf_serial_row_count,ok
2026,1,142,583,,,data\rolls\2026\pdfs\ac001\AC001PART142.pdf,pdf_serial_row_count,ok
2026,1,143,579,,,data\rolls\2026\pdfs\ac001\AC001PART143.pdf,pdf_serial_row_count,ok
2026,1,144,867,,,data\rolls\2026\pdfs\ac001\AC001PART144.pdf,pdf_serial_row_count,ok
2026,1,145,847,,,data\rolls\2026\pdfs\ac001\AC001PART145.pdf,pdf_serial_row_count,ok
2026,1,146,844,,,data\rolls\2026\pdfs\ac001\AC001PART146.pdf,pdf_serial_row_count,ok
2026,1,147,963,,,data\rolls\2026\pdfs\ac001\AC001PART147.pdf,pdf_serial_row_count,ok
2026,1,148,772,,,data\rolls\2026\pdfs\ac001\AC001PART148.pdf,pdf_serial_row_count,ok
2026,1,149,790,,,data\rolls\2026\pdfs\ac001\AC001PART149.pdf,pdf_serial_row_count,ok
2026,1,150,905,,,data\rolls\2026\pdfs\ac001\AC001PART150.pdf,pdf_serial_row_count,ok
2026,1,151,899,,,data\rolls\2026\pdfs\ac001\AC001PART151.pdf,pdf_serial_row_count,ok
2026,1,152,545,,,data\rolls\2026\pdfs\ac001\AC001PART152.pdf,pdf_serial_row_count,ok
2026,1,153,790,,,data\rolls\2026\pdfs\ac001\AC001PART153.pdf,pdf_serial_row_count,ok
2026,1,154,737,,,data\rolls\2026\pdfs\ac001\AC001PART154.pdf,pdf_serial_row_count,ok
2026,1,155,859,,,data\rolls\2026\pdfs\ac001\AC001PART155.pdf,pdf_serial_row_count,ok
2026,1,156,690,,,data\rolls\2026\pdfs\ac001\AC001PART156.pdf,pdf_serial_row_count,ok
2026,1,157,603,,,data\rolls\2026\pdfs\ac001\AC001PART157.pdf,pdf_serial_row_count,ok
2026,1,158,818,,,data\rolls\2026\pdfs\ac001\AC001PART158.pdf,pdf_serial_row_count,ok
2026,1,159,711,,,data\rolls\2026\pdfs\ac001\AC001PART159.pdf,pdf_serial_row_count,ok
2026,1,160,429,,,data\rolls\2026\pdfs\ac001\AC001PART160.pdf,pdf_serial_row_count,ok
2026,1,161,987,,,data\rolls\2026\pdfs\ac001\AC001PART161.pdf,pdf_serial_row_count,ok
2026,1,162,631,,,data\rolls\2026\pdfs\ac001\AC001PART162.pdf,pdf_serial_row_count,ok
2026,1,163,603,,,data\rolls\2026\pdfs\ac001\AC001PART163.pdf,pdf_serial_row_count,ok
2026,1,164,641,,,data\rolls\2026\pdfs\ac001\AC001PART164.pdf,pdf_serial_row_count,ok
2026,1,165,623,,,data\rolls\2026\pdfs\ac001\AC001PART165.pdf,pdf_serial_row_count,ok
2026,1,166,687,,,data\rolls\2026\pdfs\ac001\AC001PART166.pdf,pdf_serial_row_count,ok
2026,1,167,628,,,data\rolls\2026\pdfs\ac001\AC001PART167.pdf,pdf_serial_row_count,ok
2026,1,168,1014,,,data\rolls\2026\pdfs\ac001\AC001PART168.pdf,pdf_serial_row_count,ok
2026,1,169,405,,,data\rolls\2026\pdfs\ac001\AC001PART169.pdf,pdf_serial_row_count,ok
2026,1,170,868,,,data\rolls\2026\pdfs\ac001\AC001PART170.pdf,pdf_serial_row_count,ok
2026,1,171,917,,,data\rolls\2026\pdfs\ac001\AC001PART171.pdf,pdf_serial_row_count,ok
2026,1,172,756,,,data\rolls\2026\pdfs\ac001\AC001PART172.pdf,pdf_serial_row_count,ok
2026,1,173,783,,,data\rolls\2026\pdfs\ac001\AC001PART173.pdf,pdf_serial_row_count,ok
2026,1,174,322,,,data\rolls\2026\pdfs\ac001\AC001PART174.pdf,pdf_serial_row_count,ok
2026,1,175,733,,,data\rolls\2026\pdfs\ac001\AC001PART175.pdf,pdf_serial_row_count,ok
2026,1,176,912,,,data\rolls\2026\pdfs\ac001\AC001PART176.pdf,pdf_serial_row_count,ok
2026,1,177,722,,,data\rolls\2026\pdfs\ac001\AC001PART177.pdf,pdf_serial_row_count,ok
2026,1,178,626,,,data\rolls\2026\pdfs\ac001\AC001PART178.pdf,pdf_serial_row_count,ok
2026,1,179,483,,,data\rolls\2026\pdfs\ac001\AC001PART179.pdf,pdf_serial_row_count,ok
2026,1,180,664,,,data\rolls\2026\pdfs\ac001\AC001PART180.pdf,pdf_serial_row_count,ok
2026,1,181,693,,,data\rolls\2026\pdfs\ac001\AC001PART181.pdf,pdf_serial_row_count,ok
2026,1,182,603,,,data\rolls\2026\pdfs\ac001\AC001PART182.pdf,pdf_serial_row_count,ok
2026,1,183,573,,,data\rolls\2026\pdfs\ac001\AC001PART183.pdf,pdf_serial_row_count,ok
2026,1,184,637,,,data\rolls\2026\pdfs\ac001\AC001PART184.pdf,pdf_serial_row_count,ok
2026,1,185,870,,,data\rolls\2026\pdfs\ac001\AC001PART185.pdf,pdf_serial_row_count,ok
2026,1,186,998,,,data\rolls\2026\pdfs\ac001\AC001PART186.pdf,pdf_serial_row_count,ok
2026,1,187,707,,,data\rolls\2026\pdfs\ac001\AC001PART187.pdf,pdf_serial_row_count,ok
2026,1,188,502,,,data\rolls\2026\pdfs\ac001\AC001PART188.pdf,pdf_serial_row_count,ok
2026,1,189,465,,,data\rolls\2026\pdfs\ac001\AC001PART189.pdf,pdf_serial_row_count,ok
2026,1,190,568,,,data\rolls\2026\pdfs\ac001\AC001PART190.pdf,pdf_serial_row_count,ok
2026,1,191,632,,,data\rolls\2026\pdfs\ac001\AC001PART191.pdf,pdf_serial_row_count,ok
2026,1,192,553,,,data\rolls\2026\pdfs\ac001\AC001PART192.pdf,pdf_serial_row_count,ok
2026,1,193,561,,,data\rolls\2026\pdfs\ac001\AC001PART193.pdf,pdf_serial_row_count,ok
2026,1,194,713,,,data\rolls\2026\pdfs\ac001\AC001PART194.pdf,pdf_serial_row_count,ok
2026,1,195,897,,,data\rolls\2026\pdfs\ac001\AC001PART195.pdf,pdf_serial_row_count,ok
2026,1,196,601,,,data\rolls\2026\pdfs\ac001\AC001PART196.pdf,pdf_serial_row_count,ok
2026,1,197,513,,,data\rolls\2026\pdfs\ac001\AC001PART197.pdf,pdf_serial_row_count,ok
2026,1,198,533,,,data\rolls\2026\pdfs\ac001\AC001PART198.pdf,pdf_serial_row_count,ok
2026,1,199,789,,,data\rolls\2026\pdfs\ac001\AC001PART199.pdf,pdf_serial_row_count,ok
2026,1,200,440,,,data\rolls\2026\pdfs\ac001\AC001PART200.pdf,pdf_serial_row_count,ok
2026,1,201,644,,,data\rolls\2026\pdfs\ac001\AC001PART201.pdf,pdf_serial_row_count,ok
2026,1,202,930,,,data\rolls\2026\pdfs\ac001\AC001PART202.pdf,pdf_serial_row_count,ok
2026,1,203,587,,,data\rolls\2026\pdfs\ac001\AC001PART203.pdf,pdf_serial_row_count,ok
2026,1,204,513,,,data\rolls\2026\pdfs\ac001\AC001PART204.pdf,pdf_serial_row_count,ok
2026,1,205,480,,,data\rolls\2026\pdfs\ac001\AC001PART205.pdf,pdf_serial_row_count,ok
2026,1,206,669,,,data\rolls\2026\pdfs\ac001\AC001PART206.pdf,pdf_serial_row_count,ok
2026,1,207,833,,,data\rolls\2026\pdfs\ac001\AC001PART207.pdf,pdf_serial_row_count,ok
2026,1,208,1061,,,data\rolls\2026\pdfs\ac001\AC001PART208.pdf,pdf_serial_row_count,ok
2026,1,209,929,,,data\rolls\2026\pdfs\ac001\AC001PART209.pdf,pdf_serial_row_count,ok
2026,2,1,735,,,data\rolls\2026\pdfs\ac002\AC002PART001.pdf,pdf_serial_row_count,ok
2026,2,2,565,,,data\rolls\2026\pdfs\ac002\AC002PART002.pdf,pdf_serial_row_count,ok
2026,2,3,913,,,data\rolls\2026\pdfs\ac002\AC002PART003.pdf,pdf_serial_row_count,ok
2026,2,4,421,,,data\rolls\2026\pdfs\ac002\AC002PART004.pdf,pdf_serial_row_count,ok
2026,2,5,652,,,data\rolls\2026\pdfs\ac002\AC002PART005.pdf,pdf_serial_row_count,ok
2026,2,6,659,,,data\rolls\2026\pdfs\ac002\AC002PART006.pdf,pdf_serial_row_count,ok
2026,2,7,601,,,data\rolls\2026\pdfs\ac002\AC002PART007.pdf,pdf_serial_row_count,ok
2026,2,8,546,,,data\rolls\2026\pdfs\ac002\AC002PART008.pdf,pdf_serial_row_count,ok
2026,2,9,757,,,data\rolls\2026\pdfs\ac002\AC002PART009.pdf,pdf_serial_row_count,ok
2026,2,10,963,,,data\rolls\2026\pdfs\ac002\AC002PART010.pdf,pdf_serial_row_count,ok
2026,2,11,720,,,data\rolls\2026\pdfs\ac002\AC002PART011.pdf,pdf_serial_row_count,ok
2026,2,12,357,,,data\rolls\2026\pdfs\ac002\AC002PART012.pdf,pdf_serial_row_count,ok
2026,2,13,613,,,data\rolls\2026\pdfs\ac002\AC002PART013.pdf,pdf_serial_row_count,ok
2026,2,14,634,,,data\rolls\2026\pdfs\ac002\AC002PART014.pdf,pdf_serial_row_count,ok
2026,2,15,662,,,data\rolls\2026\pdfs\ac002\AC002PART015.pdf,pdf_serial_row_count,ok
2026,2,16,900,,,data\rolls\2026\pdfs\ac002\AC002PART016.pdf,pdf_serial_row_count,ok
2026,2,17,788,,,data\rolls\2026\pdfs\ac002\AC002PART017.pdf,pdf_serial_row_count,ok
2026,2,18,560,,,data\rolls\2026\pdfs\ac002\AC002PART018.pdf,pdf_serial_row_count,ok
2026,2,19,501,,,data\rolls\2026\pdfs\ac002\AC002PART019.pdf,pdf_serial_row_count,ok
2026,2,20,618,,,data\rolls\2026\pdfs\ac002\AC002PART020.pdf,pdf_serial_row_count,ok
2026,2,21,644,,,data\rolls\2026\pdfs\ac002\AC002PART021.pdf,pdf_serial_row_count,ok
2026,2,22,692,,,data\rolls\2026\pdfs\ac002\AC002PART022.pdf,pdf_serial_row_count,ok
2026,2,23,638,,,data\rolls\2026\pdfs\ac002\AC002PART023.pdf,pdf_serial_row_count,ok
2026,2,24,502,,,data\rolls\2026\pdfs\ac002\AC002PART024.pdf,pdf_serial_row_count,ok
2026,2,25,603,,,data\rolls\2026\pdfs\ac002\AC002PART025.pdf,pdf_serial_row_count,ok
2026,2,26,1064,,,data\rolls\2026\pdfs\ac002\AC002PART026.pdf,pdf_serial_row_count,ok
2026,2,27,953,,,data\rolls\2026\pdfs\ac002\AC002PART027.pdf,pdf_serial_row_count,ok
2026,2,28,653,,,data\rolls\2026\pdfs\ac002\AC002PART028.pdf,pdf_serial_row_count,ok
2026,2,29,493,,,data\rolls\2026\pdfs\ac002\AC002PART029.pdf,pdf_serial_row_count,ok
2026,2,30,740,,,data\rolls\2026\pdfs\ac002\AC002PART030.pdf,pdf_serial_row_count,ok
2026,2,31,652,,,data\rolls\2026\pdfs\ac002\AC002PART031.pdf,pdf_serial_row_count,ok
2026,2,32,576,,,data\rolls\2026\pdfs\ac002\AC002PART032.pdf,pdf_serial_row_count,ok
2026,2,33,796,,,data\rolls\2026\pdfs\ac002\AC002PART033.pdf,pdf_serial_row_count,ok
2026,2,34,915,,,data\rolls\2026\pdfs\ac002\AC002PART034.pdf,pdf_serial_row_count,ok
2026,2,35,852,,,data\rolls\2026\pdfs\ac002\AC002PART035.pdf,pdf_serial_row_count,ok
2026,2,36,859,,,data\rolls\2026\pdfs\ac002\AC002PART036.pdf,pdf_serial_row_count,ok
2026,2,37,763,,,data\rolls\2026\pdfs\ac002\AC002PART037.pdf,pdf_serial_row_count,ok
2026,2,38,381,,,data\rolls\2026\pdfs\ac002\AC002PART038.pdf,pdf_serial_row_count,ok
2026,2,39,497,,,data\rolls\2026\pdfs\ac002\AC002PART039.pdf,pdf_serial_row_count,ok
2026,2,40,536,,,data\rolls\2026\pdfs\ac002\AC002PART040.pdf,pdf_serial_row_count,ok
2026,2,41,792,,,data\rolls\2026\pdfs\ac002\AC002PART041.pdf,pdf_serial_row_count,ok
2026,2,42,884,,,data\rolls\2026\pdfs\ac002\AC002PART042.pdf,pdf_serial_row_count,ok
2026,2,43,705,,,data\rolls\2026\pdfs\ac002\AC002PART043.pdf,pdf_serial_row_count,ok
2026,2,44,485,,,data\rolls\2026\pdfs\ac002\AC002PART044.pdf,pdf_serial_row_count,ok
2026,2,45,575,,,data\rolls\2026\pdfs\ac002\AC002PART045.pdf,pdf_serial_row_count,ok
2026,2,46,484,,,data\rolls\2026\pdfs\ac002\AC002PART046.pdf,pdf_serial_row_count,ok
2026,2,47,1006,,,data\rolls\2026\pdfs\ac002\AC002PART047.pdf,pdf_serial_row_count,ok
2026,2,48,626,,,data\rolls\2026\pdfs\ac002\AC002PART048.pdf,pdf_serial_row_count,ok
2026,2,49,665,,,data\rolls\2026\pdfs\ac002\AC002PART049.pdf,pdf_serial_row_count,ok
2026,2,50,703,,,data\rolls\2026\pdfs\ac002\AC002PART050.pdf,pdf_serial_row_count,ok
2026,2,51,609,,,data\rolls\2026\pdfs\ac002\AC002PART051.pdf,pdf_serial_row_count,ok
2026,2,52,529,,,data\rolls\2026\pdfs\ac002\AC002PART052.pdf,pdf_serial_row_count,ok
2026,2,53,733,,,data\rolls\2026\pdfs\ac002\AC002PART053.pdf,pdf_serial_row_count,ok
2026,2,54,868,,,data\rolls\2026\pdfs\ac002\AC002PART054.pdf,pdf_serial_row_count,ok
2026,2,55,811,,,data\rolls\2026\pdfs\ac002\AC002PART055.pdf,pdf_serial_row_count,ok
2026,2,56,554,,,data\rolls\2026\pdfs\ac002\AC002PART056.pdf,pdf_serial_row_count,ok
2026,2,57,953,,,data\rolls\2026\pdfs\ac002\AC002PART057.pdf,pdf_serial_row_count,ok
2026,2,58,754,,,data\rolls\2026\pdfs\ac002\AC002PART058.pdf,pdf_serial_row_count,ok
2026,2,59,522,,,data\rolls\2026\pdfs\ac002\AC002PART059.pdf,pdf_serial_row_count,ok
2026,2,60,728,,,data\rolls\2026\pdfs\ac002\AC002PART060.pdf,pdf_serial_row_count,ok
2026,2,61,488,,,data\rolls\2026\pdfs\ac002\AC002PART061.pdf,pdf_serial_row_count,ok
2026,2,62,798,,,data\rolls\2026\pdfs\ac002\AC002PART062.pdf,pdf_serial_row_count,ok
2026,2,63,882,,,data\rolls\2026\pdfs\ac002\AC002PART063.pdf,pdf_serial_row_count,ok
2026,2,64,964,,,data\rolls\2026\pdfs\ac002\AC002PART064.pdf,pdf_serial_row_count,ok
2026,2,65,833,,,data\rolls\2026\pdfs\ac002\AC002PART065.pdf,pdf_serial_row_count,ok
2026,2,66,698,,,data\rolls\2026\pdfs\ac002\AC002PART066.pdf,pdf_serial_row_count,ok
2026,2,67,497,,,data\rolls\2026\pdfs\ac002\AC002PART067.pdf,pdf_serial_row_count,ok
2026,2,68,935,,,data\rolls\2026\pdfs\ac002\AC002PART068.pdf,pdf_serial_row_count,ok
2026,2,69,869,,,data\rolls\2026\pdfs\ac002\AC002PART069.pdf,pdf_serial_row_count,ok
2026,2,70,731,,,data\rolls\2026\pdfs\ac002\AC002PART070.pdf,pdf_serial_row_count,ok
2026,2,71,785,,,data\rolls\2026\pdfs\ac002\AC002PART071.pdf,pdf_serial_row_count,ok
2026,2,72,623,,,data\rolls\2026\pdfs\ac002\AC002PART072.pdf,pdf_serial_row_count,ok
2026,2,73,773,,,data\rolls\2026\pdfs\ac002\AC002PART073.pdf,pdf_serial_row_count,ok
2026,2,74,681,,,data\rolls\2026\pdfs\ac002\AC002PART074.pdf,pdf_serial_row_count,ok
2026,2,75,660,,,data\rolls\2026\pdfs\ac002\AC002PART075.pdf,pdf_serial_row_count,ok
2026,2,76,682,,,data\rolls\2026\pdfs\ac002\AC002PART076.pdf,pdf_serial_row_count,ok
2026,2,77,813,,,data\rolls\2026\pdfs\ac002\AC002PART077.pdf,pdf_serial_row_count,ok
2026,2,78,555,,,data\rolls\2026\pdfs\ac002\AC002PART078.pdf,pdf_serial_row_count,ok
2026,2,79,691,,,data\rolls\2026\pdfs\ac002\AC002PART079.pdf,pdf_serial_row_count,ok
2026,2,80,1101,,,data\rolls\2026\pdfs\ac002\AC002PART080.pdf,pdf_serial_row_count,ok
2026,2,81,660,,,data\rolls\2026\pdfs\ac002\AC002PART081.pdf,pdf_serial_row_count,ok
2026,2,82,867,,,data\rolls\2026\pdfs\ac002\AC002PART082.pdf,pdf_serial_row_count,ok
2026,2,83,441,,,data\rolls\2026\pdfs\ac002\AC002PART083.pdf,pdf_serial_row_count,ok
2026,2,84,466,,,data\rolls\2026\pdfs\ac002\AC002PART084.pdf,pdf_serial_row_count,ok
2026,2,85,668,,,data\rolls\2026\pdfs\ac002\AC002PART085.pdf,pdf_serial_row_count,ok
2026,2,86,667,,,data\rolls\2026\pdfs\ac002\AC002PART086.pdf,pdf_serial_row_count,ok
2026,2,87,807,,,data\rolls\2026\pdfs\ac002\AC002PART087.pdf,pdf_serial_row_count,ok
2026,2,88,918,,,data\rolls\2026\pdfs\ac002\AC002PART088.pdf,pdf_serial_row_count,ok
2026,2,89,599,,,data\rolls\2026\pdfs\ac002\AC002PART089.pdf,pdf_serial_row_count,ok
2026,2,90,610,,,data\rolls\2026\pdfs\ac002\AC002PART090.pdf,pdf_serial_row_count,ok
2026,2,91,629,,,data\rolls\2026\pdfs\ac002\AC002PART091.pdf,pdf_serial_row_count,ok
2026,2,92,635,,,data\rolls\2026\pdfs\ac002\AC002PART092.pdf,pdf_serial_row_count,ok
2026,2,93,653,,,data\rolls\2026\pdfs\ac002\AC002PART093.pdf,pdf_serial_row_count,ok
2026,2,94,514,,,data\rolls\2026\pdfs\ac002\AC002PART094.pdf,pdf_serial_row_count,ok
2026,2,95,844,,,data\rolls\2026\pdfs\ac002\AC002PART095.pdf,pdf_serial_row_count,ok
2026,2,96,697,,,data\rolls\2026\pdfs\ac002\AC002PART096.pdf,pdf_serial_row_count,ok
2026,2,97,724,,,data\rolls\2026\pdfs\ac002\AC002PART097.pdf,pdf_serial_row_count,ok
2026,2,98,745,,,data\rolls\2026\pdfs\ac002\AC002PART098.pdf,pdf_serial_row_count,ok
2026,2,99,395,,,data\rolls\2026\pdfs\ac002\AC002PART099.pdf,pdf_serial_row_count,ok
2026,2,100,766,,,data\rolls\2026\pdfs\ac002\AC002PART100.pdf,pdf_serial_row_count,ok
2026,2,101,811,,,data\rolls\2026\pdfs\ac002\AC002PART101.pdf,pdf_serial_row_count,ok
2026,2,102,913,,,data\rolls\2026\pdfs\ac002\AC002PART102.pdf,pdf_serial_row_count,ok
2026,2,103,735,,,data\rolls\2026\pdfs\ac002\AC002PART103.pdf,pdf_serial_row_count,ok
2026,2,104,656,,,data\rolls\2026\pdfs\ac002\AC002PART104.pdf,pdf_serial_row_count,ok
2026,2,105,803,,,data\rolls\2026\pdfs\ac002\AC002PART105.pdf,pdf_serial_row_count,ok
2026,2,106,883,,,data\rolls\2026\pdfs\ac002\AC002PART106.pdf,pdf_serial_row_count,ok
2026,2,107,1010,,,data\rolls\2026\pdfs\ac002\AC002PART107.pdf,pdf_serial_row_count,ok
2026,2,108,791,,,data\rolls\2026\pdfs\ac002\AC002PART108.pdf,pdf_serial_row_count,ok
2026,2,109,967,,,data\rolls\2026\pdfs\ac002\AC002PART109.pdf,pdf_serial_row_count,ok
2026,2,110,876,,,data\rolls\2026\pdfs\ac002\AC002PART110.pdf,pdf_serial_row_count,ok
2026,2,111,485,,,data\rolls\2026\pdfs\ac002\AC002PART111.pdf,pdf_serial_row_count,ok
2026,2,112,547,,,data\rolls\2026\pdfs\ac002\AC002PART112.pdf,pdf_serial_row_count,ok
2026,2,113,722,,,data\rolls\2026\pdfs\ac002\AC002PART113.pdf,pdf_serial_row_count,ok
2026,2,114,689,,,data\rolls\2026\pdfs\ac002\AC002PART114.pdf,pdf_serial_row_count,ok
2026,2,115,672,,,data\rolls\2026\pdfs\ac002\AC002PART115.pdf,pdf_serial_row_count,ok
2026,2,116,649,,,data\rolls\2026\pdfs\ac002\AC002PART116.pdf,pdf_serial_row_count,ok
2026,2,117,612,,,data\rolls\2026\pdfs\ac002\AC002PART117.pdf,pdf_serial_row_count,ok
2026,2,118,649,,,data\rolls\2026\pdfs\ac002\AC002PART118.pdf,pdf_serial_row_count,ok
2026,2,119,665,,,data\rolls\2026\pdfs\ac002\AC002PART119.pdf,pdf_serial_row_count,ok
2026,2,120,474,,,data\rolls\2026\pdfs\ac002\AC002PART120.pdf,pdf_serial_row_count,ok
2026,2,121,523,,,data\rolls\2026\pdfs\ac002\AC002PART121.pdf,pdf_serial_row_count,ok
2026,2,122,889,,,data\rolls\2026\pdfs\ac002\AC002PART122.pdf,pdf_serial_row_count,ok
2026,2,123,773,,,data\rolls\2026\pdfs\ac002\AC002PART123.pdf,pdf_serial_row_count,ok
2026,2,124,1006,,,data\rolls\2026\pdfs\ac002\AC002PART124.pdf,pdf_serial_row_count,ok
2026,2,125,953,,,data\rolls\2026\pdfs\ac002\AC002PART125.pdf,pdf_serial_row_count,ok
2026,2,126,843,,,data\rolls\2026\pdfs\ac002\AC002PART126.pdf,pdf_serial_row_count,ok
2026,2,127,654,,,data\rolls\2026\pdfs\ac002\AC002PART127.pdf,pdf_serial_row_count,ok
2026,2,128,648,,,data\rolls\2026\pdfs\ac002\AC002PART128.pdf,pdf_serial_row_count,ok
2026,2,129,753,,,data\rolls\2026\pdfs\ac002\AC002PART129.pdf,pdf_serial_row_count,ok
2026,2,130,768,,,data\rolls\2026\pdfs\ac002\AC002PART130.pdf,pdf_serial_row_count,ok
2026,2,131,610,,,data\rolls\2026\pdfs\ac002\AC002PART131.pdf,pdf_serial_row_count,ok
2026,2,132,675,,,data\rolls\2026\pdfs\ac002\AC002PART132.pdf,pdf_serial_row_count,ok
2026,2,133,721,,,data\rolls\2026\pdfs\ac002\AC002PART133.pdf,pdf_serial_row_count,ok
2026,2,134,668,,,data\rolls\2026\pdfs\ac002\AC002PART134.pdf,pdf_serial_row_count,ok
2026,2,135,1001,,,data\rolls\2026\pdfs\ac002\AC002PART135.pdf,pdf_serial_row_count,ok
2026,2,136,957,,,data\rolls\2026\pdfs\ac002\AC002PART136.pdf,pdf_serial_row_count,ok
2026,2,137,599,,,data\rolls\2026\pdfs\ac002\AC002PART137.pdf,pdf_serial_row_count,ok
2026,2,138,683,,,data\rolls\2026\pdfs\ac002\AC002PART138.pdf,pdf_serial_row_count,ok
2026,2,139,567,,,data\rolls\2026\pdfs\ac002\AC002PART139.pdf,pdf_serial_row_count,ok
2026,2,140,626,,,data\rolls\2026\pdfs\ac002\AC002PART140.pdf,pdf_serial_row_count,ok
2026,2,141,553,,,data\rolls\2026\pdfs\ac002\AC002PART141.pdf,pdf_serial_row_count,ok
2026,2,142,554,,,data\rolls\2026\pdfs\ac002\AC002PART142.pdf,pdf_serial_row_count,ok
2026,2,143,718,,,data\rolls\2026\pdfs\ac002\AC002PART143.pdf,pdf_serial_row_count,ok
2026,2,144,984,,,data\rolls\2026\pdfs\ac002\AC002PART144.pdf,pdf_serial_row_count,ok
2026,2,145,374,,,data\rolls\2026\pdfs\ac002\AC002PART145.pdf,pdf_serial_row_count,ok
2026,2,146,415,,,data\rolls\2026\pdfs\ac002\AC002PART146.pdf,pdf_serial_row_count,ok
2026,2,147,680,,,data\rolls\2026\pdfs\ac002\AC002PART147.pdf,pdf_serial_row_count,ok
2026,2,148,419,,,data\rolls\2026\pdfs\ac002\AC002PART148.pdf,pdf_serial_row_count,ok
2026,2,149,790,,,data\rolls\2026\pdfs\ac002\AC002PART149.pdf,pdf_serial_row_count,ok
2026,2,150,1083,,,data\rolls\2026\pdfs\ac002\AC002PART150.pdf,pdf_serial_row_count,ok
2026,2,151,1187,,,data\rolls\2026\pdfs\ac002\AC002PART151.pdf,pdf_serial_row_count,ok
2026,2,152,869,,,data\rolls\2026\pdfs\ac002\AC002PART152.pdf,pdf_serial_row_count,ok
2026,2,153,747,,,data\rolls\2026\pdfs\ac002\AC002PART153.pdf,pdf_serial_row_count,ok
2026,2,154,780,,,data\rolls\2026\pdfs\ac002\AC002PART154.pdf,pdf_serial_row_count,ok
2026,2,155,784,,,data\rolls\2026\pdfs\ac002\AC002PART155.pdf,pdf_serial_row_count,ok
2026,2,156,496,,,data\rolls\2026\pdfs\ac002\AC002PART156.pdf,pdf_serial_row_count,ok
2026,2,157,751,,,data\rolls\2026\pdfs\ac002\AC002PART157.pdf,pdf_serial_row_count,ok
2026,2,158,1067,,,data\rolls\2026\pdfs\ac002\AC002PART158.pdf,pdf_serial_row_count,ok
2026,2,159,817,,,data\rolls\2026\pdfs\ac002\AC002PART159.pdf,pdf_serial_row_count,ok
2026,2,160,604,,,data\rolls\2026\pdfs\ac002\AC002PART160.pdf,pdf_serial_row_count,ok
2026,2,161,960,,,data\rolls\2026\pdfs\ac002\AC002PART161.pdf,pdf_serial_row_count,ok
2026,2,162,740,,,data\rolls\2026\pdfs\ac002\AC002PART162.pdf,pdf_serial_row_count,ok
2026,2,163,858,,,data\rolls\2026\pdfs\ac002\AC002PART163.pdf,pdf_serial_row_count,ok
2026,2,164,396,,,data\rolls\2026\pdfs\ac002\AC002PART164.pdf,pdf_serial_row_count,ok
2026,2,165,649,,,data\rolls\2026\pdfs\ac002\AC002PART165.pdf,pdf_serial_row_count,ok
2026,2,166,518,,,data\rolls\2026\pdfs\ac002\AC002PART166.pdf,pdf_serial_row_count,ok
2026,2,167,748,,,data\rolls\2026\pdfs\ac002\AC002PART167.pdf,pdf_serial_row_count,ok
2026,2,168,542,,,data\rolls\2026\pdfs\ac002\AC002PART168.pdf,pdf_serial_row_count,ok
2026,2,169,598,,,data\rolls\2026\pdfs\ac002\AC002PART169.pdf,pdf_serial_row_count,ok
2026,2,170,752,,,data\rolls\2026\pdfs\ac002\AC002PART170.pdf,pdf_serial_row_count,ok
2026,2,171,628,,,data\rolls\2026\pdfs\ac002\AC002PART171.pdf,pdf_serial_row_count,ok
2026,2,172,901,,,data\rolls\2026\pdfs\ac002\AC002PART172.pdf,pdf_serial_row_count,ok
2026,2,173,812,,,data\rolls\2026\pdfs\ac002\AC002PART173.pdf,pdf_serial_row_count,ok
2026,2,174,514,,,data\rolls\2026\pdfs\ac002\AC002PART174.pdf,pdf_serial_row_count,ok
2026,2,175,567,,,data\rolls\2026\pdfs\ac002\AC002PART175.pdf,pdf_serial_row_count,ok
2026,2,176,991,,,data\rolls\2026\pdfs\ac002\AC002PART176.pdf,pdf_serial_row_count,ok
2026,2,177,1002,,,data\rolls\2026\pdfs\ac002\AC002PART177.pdf,pdf_serial_row_count,ok
2026,2,178,661,,,data\rolls\2026\pdfs\ac002\AC002PART178.pdf,pdf_serial_row_count,ok
2026,2,179,764,,,data\rolls\2026\pdfs\ac002\AC002PART179.pdf,pdf_serial_row_count,ok
2026,2,180,1000,,,data\rolls\2026\pdfs\ac002\AC002PART180.pdf,pdf_serial_row_count,ok
2026,2,181,1010,,,data\rolls\2026\pdfs\ac002\AC002PART181.pdf,pdf_serial_row_count,ok
2026,2,182,793,,,data\rolls\2026\pdfs\ac002\AC002PART182.pdf,pdf_serial_row_count,ok
2026,2,183,567,,,data\rolls\2026\pdfs\ac002\AC002PART183.pdf,pdf_serial_row_count,ok
2026,2,184,554,,,data\rolls\2026\pdfs\ac002\AC002PART184.pdf,pdf_serial_row_count,ok
2026,2,185,634,,,data\rolls\2026\pdfs\ac002\AC002PART185.pdf,pdf_serial_row_count,ok
2026,2,186,615,,,data\rolls\2026\pdfs\ac002\AC002PART186.pdf,pdf_serial_row_count,ok
2026,2,187,521,,,data\rolls\2026\pdfs\ac002\AC002PART187.pdf,pdf_serial_row_count,ok
2026,2,188,767,,,data\rolls\2026\pdfs\ac002\AC002PART188.pdf,pdf_serial_row_count,ok
2026,2,189,643,,,data\rolls\2026\pdfs\ac002\AC002PART189.pdf,pdf_serial_row_count,ok
2026,2,190,641,,,data\rolls\2026\pdfs\ac002\AC002PART190.pdf,pdf_serial_row_count,ok
2026,2,191,895,,,data\rolls\2026\pdfs\ac002\AC002PART191.pdf,pdf_serial_row_count,ok
2026,2,192,931,,,data\rolls\2026\pdfs\ac002\AC002PART192.pdf,pdf_serial_row_count,ok
2026,2,193,1128,,,data\rolls\2026\pdfs\ac002\AC002PART193.pdf,pdf_serial_row_count,ok
2026,2,194,463,,,data\rolls\2026\pdfs\ac002\AC002PART194.pdf,pdf_serial_row_count,ok
2026,2,195,699,,,data\rolls\2026\pdfs\ac002\AC002PART195.pdf,pdf_serial_row_count,ok
2026,2,196,686,,,data\rolls\2026\pdfs\ac002\AC002PART196.pdf,pdf_serial_row_count,ok
2026,2,197,809,,,data\rolls\2026\pdfs\ac002\AC002PART197.pdf,pdf_serial_row_count,ok
2026,2,198,554,,,data\rolls\2026\pdfs\ac002\AC002PART198.pdf,pdf_serial_row_count,ok
2026,2,199,1252,,,data\rolls\2026\pdfs\ac002\AC002PART199.pdf,pdf_serial_row_count,ok
2026,2,200,703,,,data\rolls\2026\pdfs\ac002\AC002PART200.pdf,pdf_serial_row_count,ok
2026,2,201,438,,,data\rolls\2026\pdfs\ac002\AC002PART201.pdf,pdf_serial_row_count,ok
2026,2,202,815,,,data\rolls\2026\pdfs\ac002\AC002PART202.pdf,pdf_serial_row_count,ok
2026,2,203,1094,,,data\rolls\2026\pdfs\ac002\AC002PART203.pdf,pdf_serial_row_count,ok
2026,2,204,421,,,data\rolls\2026\pdfs\ac002\AC002PART204.pdf,pdf_serial_row_count,ok
2026,2,205,550,,,data\rolls\2026\pdfs\ac002\AC002PART205.pdf,pdf_serial_row_count,ok
2026,2,206,927,,,data\rolls\2026\pdfs\ac002\AC002PART206.pdf,pdf_serial_row_count,ok
2026,2,207,701,,,data\rolls\2026\pdfs\ac002\AC002PART207.pdf,pdf_serial_row_count,ok
2026,2,208,573,,,data\rolls\2026\pdfs\ac002\AC002PART208.pdf,pdf_serial_row_count,ok
2026,2,209,812,,,data\rolls\2026\pdfs\ac002\AC002PART209.pdf,pdf_serial_row_count,ok
2026,3,1,1063,,,data\rolls\2026\pdfs\ac003\AC003PART001.pdf,pdf_serial_row_count,ok
2026,3,2,485,,,data\rolls\2026\pdfs\ac003\AC003PART002.pdf,pdf_serial_row_count,ok
2026,3,3,993,,,data\rolls\2026\pdfs\ac003\AC003PART003.pdf,pdf_serial_row_count,ok
2026,3,4,1142,,,data\rolls\2026\pdfs\ac003\AC003PART004.pdf,pdf_serial_row_count,ok
2026,3,5,907,,,data\rolls\2026\pdfs\ac003\AC003PART005.pdf,pdf_serial_row_count,ok
2026,3,6,1206,,,data\rolls\2026\pdfs\ac003\AC003PART006.pdf,pdf_serial_row_count,ok
2026,3,7,1218,,,data\rolls\2026\pdfs\ac003\AC003PART007.pdf,pdf_serial_row_count,ok
2026,3,8,729,,,data\rolls\2026\pdfs\ac003\AC003PART008.pdf,pdf_serial_row_count,ok
2026,3,9,661,,,data\rolls\2026\pdfs\ac003\AC003PART009.pdf,pdf_serial_row_count,ok
2026,3,10,952,,,data\rolls\2026\pdfs\ac003\AC003PART010.pdf,pdf_serial_row_count,ok
2026,3,11,475,,,data\rolls\2026\pdfs\ac003\AC003PART011.pdf,pdf_serial_row_count,ok
2026,3,12,1055,,,data\rolls\2026\pdfs\ac003\AC003PART012.pdf,pdf_serial_row_count,ok
2026,3,13,960,,,data\rolls\2026\pdfs\ac003\AC003PART013.pdf,pdf_serial_row_count,ok
2026,3,14,465,,,data\rolls\2026\pdfs\ac003\AC003PART014.pdf,pdf_serial_row_count,ok
2026,3,15,905,,,data\rolls\2026\pdfs\ac003\AC003PART015.pdf,pdf_serial_row_count,ok
2026,3,16,991,,,data\rolls\2026\pdfs\ac003\AC003PART016.pdf,pdf_serial_row_count,ok
2026,3,17,792,,,data\rolls\2026\pdfs\ac003\AC003PART017.pdf,pdf_serial_row_count,ok
2026,3,18,1140,,,data\rolls\2026\pdfs\ac003\AC003PART018.pdf,pdf_serial_row_count,ok
2026,3,19,660,,,data\rolls\2026\pdfs\ac003\AC003PART019.pdf,pdf_serial_row_count,ok
2026,3,20,873,,,data\rolls\2026\pdfs\ac003\AC003PART020.pdf,pdf_serial_row_count,ok
2026,3,21,847,,,data\rolls\2026\pdfs\ac003\AC003PART021.pdf,pdf_serial_row_count,ok
2026,3,22,542,,,data\rolls\2026\pdfs\ac003\AC003PART022.pdf,pdf_serial_row_count,ok
2026,3,23,580,,,data\rolls\2026\pdfs\ac003\AC003PART023.pdf,pdf_serial_row_count,ok
2026,3,24,779,,,data\rolls\2026\pdfs\ac003\AC003PART024.pdf,pdf_serial_row_count,ok
2026,3,25,1188,,,data\rolls\2026\pdfs\ac003\AC003PART025.pdf,pdf_serial_row_count,ok
2026,3,26,922,,,data\rolls\2026\pdfs\ac003\AC003PART026.pdf,pdf_serial_row_count,ok
2026,3,27,1056,,,data\rolls\2026\pdfs\ac003\AC003PART027.pdf,pdf_serial_row_count,ok
2026,3,28,606,,,data\rolls\2026\pdfs\ac003\AC003PART028.pdf,pdf_serial_row_count,ok
2026,3,29,1017,,,data\rolls\2026\pdfs\ac003\AC003PART029.pdf,pdf_serial_row_count,ok
2026,3,30,301,,,data\rolls\2026\pdfs\ac003\AC003PART030.pdf,pdf_serial_row_count,ok
2026,3,31,901,,,data\rolls\2026\pdfs\ac003\AC003PART031.pdf,pdf_serial_row_count,ok
2026,3,32,965,,,data\rolls\2026\pdfs\ac003\AC003PART032.pdf,pdf_serial_row_count,ok
2026,3,33,733,,,data\rolls\2026\pdfs\ac003\AC003PART033.pdf,pdf_serial_row_count,ok
2026,3,34,1152,,,data\rolls\2026\pdfs\ac003\AC003PART034.pdf,pdf_serial_row_count,ok
2026,3,35,510,,,data\rolls\2026\pdfs\ac003\AC003PART035.pdf,pdf_serial_row_count,ok
2026,3,36,799,,,data\rolls\2026\pdfs\ac003\AC003PART036.pdf,pdf_serial_row_count,ok
2026,3,37,1220,,,data\rolls\2026\pdfs\ac003\AC003PART037.pdf,pdf_serial_row_count,ok
2026,3,38,973,,,data\rolls\2026\pdfs\ac003\AC003PART038.pdf,pdf_serial_row_count,ok
2026,3,39,517,,,data\rolls\2026\pdfs\ac003\AC003PART039.pdf,pdf_serial_row_count,ok
2026,3,40,719,,,data\rolls\2026\pdfs\ac003\AC003PART040.pdf,pdf_serial_row_count,ok
2026,3,41,850,,,data\rolls\2026\pdfs\ac003\AC003PART041.pdf,pdf_serial_row_count,ok
2026,3,42,934,,,data\rolls\2026\pdfs\ac003\AC003PART042.pdf,pdf_serial_row_count,ok
2026,3,43,562,,,data\rolls\2026\pdfs\ac003\AC003PART043.pdf,pdf_serial_row_count,ok
2026,3,44,898,,,data\rolls\2026\pdfs\ac003\AC003PART044.pdf,pdf_serial_row_count,ok
2026,3,45,613,,,data\rolls\2026\pdfs\ac003\AC003PART045.pdf,pdf_serial_row_count,ok
2026,3,46,648,,,data\rolls\2026\pdfs\ac003\AC003PART046.pdf,pdf_serial_row_count,ok
2026,3,47,899,,,data\rolls\2026\pdfs\ac003\AC003PART047.pdf,pdf_serial_row_count,ok
2026,3,48,867,,,data\rolls\2026\pdfs\ac003\AC003PART048.pdf,pdf_serial_row_count,ok
2026,3,49,889,,,data\rolls\2026\pdfs\ac003\AC003PART049.pdf,pdf_serial_row_count,ok
2026,3,50,609,,,data\rolls\2026\pdfs\ac003\AC003PART050.pdf,pdf_serial_row_count,ok
2026,3,51,932,,,data\rolls\2026\pdfs\ac003\AC003PART051.pdf,pdf_serial_row_count,ok
2026,3,52,838,,,data\rolls\2026\pdfs\ac003\AC003PART052.pdf,pdf_serial_row_count,ok
2026,3,53,709,,,data\rolls\2026\pdfs\ac003\AC003PART053.pdf,pdf_serial_row_count,ok
2026,3,54,916,,,data\rolls\2026\pdfs\ac003\AC003PART054.pdf,pdf_serial_row_count,ok
2026,3,55,1127,,,data\rolls\2026\pdfs\ac003\AC003PART055.pdf,pdf_serial_row_count,ok
2026,3,56,553,,,data\rolls\2026\pdfs\ac003\AC003PART056.pdf,pdf_serial_row_count,ok
2026,3,57,894,,,data\rolls\2026\pdfs\ac003\AC003PART057.pdf,pdf_serial_row_count,ok
2026,3,58,825,,,data\rolls\2026\pdfs\ac003\AC003PART058.pdf,pdf_serial_row_count,ok
2026,3,59,915,,,data\rolls\2026\pdfs\ac003\AC003PART059.pdf,pdf_serial_row_count,ok
2026,3,60,602,,,data\rolls\2026\pdfs\ac003\AC003PART060.pdf,pdf_serial_row_count,ok
2026,3,61,798,,,data\rolls\2026\pdfs\ac003\AC003PART061.pdf,pdf_serial_row_count,ok
2026,3,62,944,,,data\rolls\2026\pdfs\ac003\AC003PART062.pdf,pdf_serial_row_count,ok
2026,3,63,689,,,data\rolls\2026\pdfs\ac003\AC003PART063.pdf,pdf_serial_row_count,ok
2026,3,64,680,,,data\rolls\2026\pdfs\ac003\AC003PART064.pdf,pdf_serial_row_count,ok
2026,3,65,774,,,data\rolls\2026\pdfs\ac003\AC003PART065.pdf,pdf_serial_row_count,ok
2026,3,66,810,,,data\rolls\2026\pdfs\ac003\AC003PART066.pdf,pdf_serial_row_count,ok
2026,3,67,728,,,data\rolls\2026\pdfs\ac003\AC003PART067.pdf,pdf_serial_row_count,ok
2026,3,68,1026,,,data\rolls\2026\pdfs\ac003\AC003PART068.pdf,pdf_serial_row_count,ok
2026,3,69,907,,,data\rolls\2026\pdfs\ac003\AC003PART069.pdf,pdf_serial_row_count,ok
2026,3,70,1035,,,data\rolls\2026\pdfs\ac003\AC003PART070.pdf,pdf_serial_row_count,ok
2026,3,71,1158,,,data\rolls\2026\pdfs\ac003\AC003PART071.pdf,pdf_serial_row_count,ok
2026,3,72,1223,,,data\rolls\2026\pdfs\ac003\AC003PART072.pdf,pdf_serial_row_count,ok
2026,3,73,1297,,,data\rolls\2026\pdfs\ac003\AC003PART073.pdf,pdf_serial_row_count,ok
2026,3,74,1175,,,data\rolls\2026\pdfs\ac003\AC003PART074.pdf,pdf_serial_row_count,ok
2026,3,75,734,,,data\rolls\2026\pdfs\ac003\AC003PART075.pdf,pdf_serial_row_count,ok
2026,3,76,836,,,data\rolls\2026\pdfs\ac003\AC003PART076.pdf,pdf_serial_row_count,ok
2026,3,77,451,,,data\rolls\2026\pdfs\ac003\AC003PART077.pdf,pdf_serial_row_count,ok
2026,3,78,893,,,data\rolls\2026\pdfs\ac003\AC003PART078.pdf,pdf_serial_row_count,ok
2026,3,79,574,,,data\rolls\2026\pdfs\ac003\AC003PART079.pdf,pdf_serial_row_count,ok
2026,3,80,980,,,data\rolls\2026\pdfs\ac003\AC003PART080.pdf,pdf_serial_row_count,ok
2026,3,81,921,,,data\rolls\2026\pdfs\ac003\AC003PART081.pdf,pdf_serial_row_count,ok
2026,3,82,862,,,data\rolls\2026\pdfs\ac003\AC003PART082.pdf,pdf_serial_row_count,ok
2026,3,83,867,,,data\rolls\2026\pdfs\ac003\AC003PART083.pdf,pdf_serial_row_count,ok
2026,3,84,1033,,,data\rolls\2026\pdfs\ac003\AC003PART084.pdf,pdf_serial_row_count,ok
2026,3,85,686,,,data\rolls\2026\pdfs\ac003\AC003PART085.pdf,pdf_serial_row_count,ok
2026,3,86,869,,,data\rolls\2026\pdfs\ac003\AC003PART086.pdf,pdf_serial_row_count,ok
2026,3,87,703,,,data\rolls\2026\pdfs\ac003\AC003PART087.pdf,pdf_serial_row_count,ok
2026,3,88,580,,,data\rolls\2026\pdfs\ac003\AC003PART088.pdf,pdf_serial_row_count,ok
2026,3,89,727,,,data\rolls\2026\pdfs\ac003\AC003PART089.pdf,pdf_serial_row_count,ok
2026,3,90,812,,,data\rolls\2026\pdfs\ac003\AC003PART090.pdf,pdf_serial_row_count,ok
2026,3,91,1127,,,data\rolls\2026\pdfs\ac003\AC003PART091.pdf,pdf_serial_row_count,ok
2026,3,92,1005,,,data\rolls\2026\pdfs\ac003\AC003PART092.pdf,pdf_serial_row_count,ok
2026,3,93,1015,,,data\rolls\2026\pdfs\ac003\AC003PART093.pdf,pdf_serial_row_count,ok
2026,3,94,537,,,data\rolls\2026\pdfs\ac003\AC003PART094.pdf,pdf_serial_row_count,ok
2026,3,95,885,,,data\rolls\2026\pdfs\ac003\AC003PART095.pdf,pdf_serial_row_count,ok
2026,3,96,977,,,data\rolls\2026\pdfs\ac003\AC003PART096.pdf,pdf_serial_row_count,ok
2026,3,97,1066,,,data\rolls\2026\pdfs\ac003\AC003PART097.pdf,pdf_serial_row_count,ok
2026,3,98,1009,,,data\rolls\2026\pdfs\ac003\AC003PART098.pdf,pdf_serial_row_count,ok
2026,3,99,557,,,data\rolls\2026\pdfs\ac003\AC003PART099.pdf,pdf_serial_row_count,ok
2026,3,100,700,,,data\rolls\2026\pdfs\ac003\AC003PART100.pdf,pdf_serial_row_count,ok
2026,3,101,857,,,data\rolls\2026\pdfs\ac003\AC003PART101.pdf,pdf_serial_row_count,ok
2026,3,102,960,,,data\rolls\2026\pdfs\ac003\AC003PART102.pdf,pdf_serial_row_count,ok
2026,3,103,462,,,data\rolls\2026\pdfs\ac003\AC003PART103.pdf,pdf_serial_row_count,ok
2026,3,104,702,,,data\rolls\2026\pdfs\ac003\AC003PART104.pdf,pdf_serial_row_count,ok
2026,3,105,970,,,data\rolls\2026\pdfs\ac003\AC003PART105.pdf,pdf_serial_row_count,ok
2026,3,106,1001,,,data\rolls\2026\pdfs\ac003\AC003PART106.pdf,pdf_serial_row_count,ok
2026,3,107,812,,,data\rolls\2026\pdfs\ac003\AC003PART107.pdf,pdf_serial_row_count,ok
2026,3,108,846,,,data\rolls\2026\pdfs\ac003\AC003PART108.pdf,pdf_serial_row_count,ok
2026,3,109,849,,,data\rolls\2026\pdfs\ac003\AC003PART109.pdf,pdf_serial_row_count,ok
2026,3,110,1134,,,data\rolls\2026\pdfs\ac003\AC003PART110.pdf,pdf_serial_row_count,ok
2026,3,111,402,,,data\rolls\2026\pdfs\ac003\AC003PART111.pdf,pdf_serial_row_count,ok
2026,3,112,1185,,,data\rolls\2026\pdfs\ac003\AC003PART112.pdf,pdf_serial_row_count,ok
2026,3,113,674,,,data\rolls\2026\pdfs\ac003\AC003PART113.pdf,pdf_serial_row_count,ok
2026,3,114,839,,,data\rolls\2026\pdfs\ac003\AC003PART114.pdf,pdf_serial_row_count,ok
2026,3,115,733,,,data\rolls\2026\pdfs\ac003\AC003PART115.pdf,pdf_serial_row_count,ok
2026,3,116,766,,,data\rolls\2026\pdfs\ac003\AC003PART116.pdf,pdf_serial_row_count,ok
2026,3,117,940,,,data\rolls\2026\pdfs\ac003\AC003PART117.pdf,pdf_serial_row_count,ok
2026,3,118,556,,,data\rolls\2026\pdfs\ac003\AC003PART118.pdf,pdf_serial_row_count,ok
2026,3,119,1011,,,data\rolls\2026\pdfs\ac003\AC003PART119.pdf,pdf_serial_row_count,ok
2026,3,120,550,,,data\rolls\2026\pdfs\ac003\AC003PART120.pdf,pdf_serial_row_count,ok
2026,3,121,1148,,,data\rolls\2026\pdfs\ac003\AC003PART121.pdf,pdf_serial_row_count,ok
2026,3,122,1058,,,data\rolls\2026\pdfs\ac003\AC003PART122.pdf,pdf_serial_row_count,ok
2026,3,123,824,,,data\rolls\2026\pdfs\ac003\AC003PART123.pdf,pdf_serial_row_count,ok
2026,3,124,771,,,data\rolls\2026\pdfs\ac003\AC003PART124.pdf,pdf_serial_row_count,ok
2026,3,125,883,,,data\rolls\2026\pdfs\ac003\AC003PART125.pdf,pdf_serial_row_count,ok
2026,3,126,766,,,data\rolls\2026\pdfs\ac003\AC003PART126.pdf,pdf_serial_row_count,ok
2026,3,127,748,,,data\rolls\2026\pdfs\ac003\AC003PART127.pdf,pdf_serial_row_count,ok
2026,3,128,936,,,data\rolls\2026\pdfs\ac003\AC003PART128.pdf,pdf_serial_row_count,ok
2026,3,129,1062,,,data\rolls\2026\pdfs\ac003\AC003PART129.pdf,pdf_serial_row_count,ok
2026,3,130,513,,,data\rolls\2026\pdfs\ac003\AC003PART130.pdf,pdf_serial_row_count,ok
2026,3,131,1018,,,data\rolls\2026\pdfs\ac003\AC003PART131.pdf,pdf_serial_row_count,ok
2026,3,132,872,,,data\rolls\2026\pdfs\ac003\AC003PART132.pdf,pdf_serial_row_count,ok
2026,3,133,892,,,data\rolls\2026\pdfs\ac003\AC003PART133.pdf,pdf_serial_row_count,ok
2026,3,134,652,,,data\rolls\2026\pdfs\ac003\AC003PART134.pdf,pdf_serial_row_count,ok
2026,3,135,1044,,,data\rolls\2026\pdfs\ac003\AC003PART135.pdf,pdf_serial_row_count,ok
2026,3,136,894,,,data\rolls\2026\pdfs\ac003\AC003PART136.pdf,pdf_serial_row_count,ok
2026,3,137,801,,,data\rolls\2026\pdfs\ac003\AC003PART137.pdf,pdf_serial_row_count,ok
2026,3,138,459,,,data\rolls\2026\pdfs\ac003\AC003PART138.pdf,pdf_serial_row_count,ok
2026,3,139,806,,,data\rolls\2026\pdfs\ac003\AC003PART139.pdf,pdf_serial_row_count,ok
2026,3,140,710,,,data\rolls\2026\pdfs\ac003\AC003PART140.pdf,pdf_serial_row_count,ok
2026,3,141,543,,,data\rolls\2026\pdfs\ac003\AC003PART141.pdf,pdf_serial_row_count,ok
2026,3,142,867,,,data\rolls\2026\pdfs\ac003\AC003PART142.pdf,pdf_serial_row_count,ok
2026,3,143,1094,,,data\rolls\2026\pdfs\ac003\AC003PART143.pdf,pdf_serial_row_count,ok
2026,3,144,733,,,data\rolls\2026\pdfs\ac003\AC003PART144.pdf,pdf_serial_row_count,ok
2026,3,145,847,,,data\rolls\2026\pdfs\ac003\AC003PART145.pdf,pdf_serial_row_count,ok
2026,3,146,453,,,data\rolls\2026\pdfs\ac003\AC003PART146.pdf,pdf_serial_row_count,ok
2026,3,147,839,,,data\rolls\2026\pdfs\ac003\AC003PART147.pdf,pdf_serial_row_count,ok
2026,3,148,690,,,data\rolls\2026\pdfs\ac003\AC003PART148.pdf,pdf_serial_row_count,ok
2026,3,149,1028,,,data\rolls\2026\pdfs\ac003\AC003PART149.pdf,pdf_serial_row_count,ok
2026,3,150,598,,,data\rolls\2026\pdfs\ac003\AC003PART150.pdf,pdf_serial_row_count,ok
2026,3,151,579,,,data\rolls\2026\pdfs\ac003\AC003PART151.pdf,pdf_serial_row_count,ok
2026,3,152,620,,,data\rolls\2026\pdfs\ac003\AC003PART152.pdf,pdf_serial_row_count,ok
2026,3,153,816,,,data\rolls\2026\pdfs\ac003\AC003PART153.pdf,pdf_serial_row_count,ok
2026,3,154,983,,,data\rolls\2026\pdfs\ac003\AC003PART154.pdf,pdf_serial_row_count,ok
2026,3,155,596,,,data\rolls\2026\pdfs\ac003\AC003PART155.pdf,pdf_serial_row_count,ok
2026,3,156,906,,,data\rolls\2026\pdfs\ac003\AC003PART156.pdf,pdf_serial_row_count,ok
2026,3,157,703,,,data\rolls\2026\pdfs\ac003\AC003PART157.pdf,pdf_serial_row_count,ok
2026,3,158,470,,,data\rolls\2026\pdfs\ac003\AC003PART158.pdf,pdf_serial_row_count,ok
2026,3,159,1200,,,data\rolls\2026\pdfs\ac003\AC003PART159.pdf,pdf_serial_row_count,ok
2026,3,160,812,,,data\rolls\2026\pdfs\ac003\AC003PART160.pdf,pdf_serial_row_count,ok
2026,3,161,641,,,data\rolls\2026\pdfs\ac003\AC003PART161.pdf,pdf_serial_row_count,ok
2026,3,162,855,,,data\rolls\2026\pdfs\ac003\AC003PART162.pdf,pdf_serial_row_count,ok
2026,3,163,1202,,,data\rolls\2026\pdfs\ac003\AC003PART163.pdf,pdf_serial_row_count,ok
2026,3,164,782,,,data\rolls\2026\pdfs\ac003\AC003PART164.pdf,pdf_serial_row_count,ok
2026,3,165,881,,,data\rolls\2026\pdfs\ac003\AC003PART165.pdf,pdf_serial_row_count,ok
2026,3,166,683,,,data\rolls\2026\pdfs\ac003\AC003PART166.pdf,pdf_serial_row_count,ok
2026,3,167,631,,,data\rolls\2026\pdfs\ac003\AC003PART167.pdf,pdf_serial_row_count,ok
2026,3,168,554,,,data\rolls\2026\pdfs\ac003\AC003PART168.pdf,pdf_serial_row_count,ok
2026,3,169,733,,,data\rolls\2026\pdfs\ac003\AC003PART169.pdf,pdf_serial_row_count,ok
2026,3,170,965,,,data\rolls\2026\pdfs\ac003\AC003PART170.pdf,pdf_serial_row_count,ok
2026,3,171,342,,,data\rolls\2026\pdfs\ac003\AC003PART171.pdf,pdf_serial_row_count,ok
2026,3,172,599,,,data\rolls\2026\pdfs\ac003\AC003PART172.pdf,pdf_serial_row_count,ok
2026,3,173,1016,,,data\rolls\2026\pdfs\ac003\AC003PART173.pdf,pdf_serial_row_count,ok
2026,3,174,675,,,data\rolls\2026\pdfs\ac003\AC003PART174.pdf,pdf_serial_row_count,ok
2026,3,175,741,,,data\rolls\2026\pdfs\ac003\AC003PART175.pdf,pdf_serial_row_count,ok
2026,3,176,618,,,data\rolls\2026\pdfs\ac003\AC003PART176.pdf,pdf_serial_row_count,ok
2026,3,177,446,,,data\rolls\2026\pdfs\ac003\AC003PART177.pdf,pdf_serial_row_count,ok
2026,3,178,1044,,,data\rolls\2026\pdfs\ac003\AC003PART178.pdf,pdf_serial_row_count,ok
2026,3,179,1260,,,data\rolls\2026\pdfs\ac003\AC003PART179.pdf,pdf_serial_row_count,ok
2026,3,180,557,,,data\rolls\2026\pdfs\ac003\AC003PART180.pdf,pdf_serial_row_count,ok
2026,3,181,605,,,data\rolls\2026\pdfs\ac003\AC003PART181.pdf,pdf_serial_row_count,ok
2026,3,182,609,,,data\rolls\2026\pdfs\ac003\AC003PART182.pdf,pdf_serial_row_count,ok
2026,3,183,1033,,,data\rolls\2026\pdfs\ac003\AC003PART183.pdf,pdf_serial_row_count,ok
2026,3,184,915,,,data\rolls\2026\pdfs\ac003\AC003PART184.pdf,pdf_serial_row_count,ok
2026,3,185,778,,,data\rolls\2026\pdfs\ac003\AC003PART185.pdf,pdf_serial_row_count,ok
2026,3,186,1135,,,data\rolls\2026\pdfs\ac003\AC003PART186.pdf,pdf_serial_row_count,ok
2026,3,187,740,,,data\rolls\2026\pdfs\ac003\AC003PART187.pdf,pdf_serial_row_count,ok
2026,4,1,816,,,data\rolls\2026\pdfs\ac004\AC004PART001.pdf,pdf_serial_row_count,ok
2026,4,2,566,,,data\rolls\2026\pdfs\ac004\AC004PART002.pdf,pdf_serial_row_count,ok
2026,4,3,851,,,data\rolls\2026\pdfs\ac004\AC004PART003.pdf,pdf_serial_row_count,ok
2026,4,4,513,,,data\rolls\2026\pdfs\ac004\AC004PART004.pdf,pdf_serial_row_count,ok
2026,4,5,652,,,data\rolls\2026\pdfs\ac004\AC004PART005.pdf,pdf_serial_row_count,ok
2026,4,6,557,,,data\rolls\2026\pdfs\ac004\AC004PART006.pdf,pdf_serial_row_count,ok
2026,4,7,832,,,data\rolls\2026\pdfs\ac004\AC004PART007.pdf,pdf_serial_row_count,ok
2026,4,8,862,,,data\rolls\2026\pdfs\ac004\AC004PART008.pdf,pdf_serial_row_count,ok
2026,4,9,573,,,data\rolls\2026\pdfs\ac004\AC004PART009.pdf,pdf_serial_row_count,ok
2026,4,10,860,,,data\rolls\2026\pdfs\ac004\AC004PART010.pdf,pdf_serial_row_count,ok
2026,4,11,709,,,data\rolls\2026\pdfs\ac004\AC004PART011.pdf,pdf_serial_row_count,ok
2026,4,12,885,,,data\rolls\2026\pdfs\ac004\AC004PART012.pdf,pdf_serial_row_count,ok
2026,4,13,715,,,data\rolls\2026\pdfs\ac004\AC004PART013.pdf,pdf_serial_row_count,ok
2026,4,14,552,,,data\rolls\2026\pdfs\ac004\AC004PART014.pdf,pdf_serial_row_count,ok
2026,4,15,415,,,data\rolls\2026\pdfs\ac004\AC004PART015.pdf,pdf_serial_row_count,ok
2026,4,16,514,,,data\rolls\2026\pdfs\ac004\AC004PART016.pdf,pdf_serial_row_count,ok
2026,4,17,654,,,data\rolls\2026\pdfs\ac004\AC004PART017.pdf,pdf_serial_row_count,ok
2026,4,18,590,,,data\rolls\2026\pdfs\ac004\AC004PART018.pdf,pdf_serial_row_count,ok
2026,4,19,593,,,data\rolls\2026\pdfs\ac004\AC004PART019.pdf,pdf_serial_row_count,ok
2026,4,20,620,,,data\rolls\2026\pdfs\ac004\AC004PART020.pdf,pdf_serial_row_count,ok
2026,4,21,515,,,data\rolls\2026\pdfs\ac004\AC004PART021.pdf,pdf_serial_row_count,ok
2026,4,22,782,,,data\rolls\2026\pdfs\ac004\AC004PART022.pdf,pdf_serial_row_count,ok
2026,4,23,449,,,data\rolls\2026\pdfs\ac004\AC004PART023.pdf,pdf_serial_row_count,ok
2026,4,24,631,,,data\rolls\2026\pdfs\ac004\AC004PART024.pdf,pdf_serial_row_count,ok
2026,4,25,491,,,data\rolls\2026\pdfs\ac004\AC004PART025.pdf,pdf_serial_row_count,ok
2026,4,26,554,,,data\rolls\2026\pdfs\ac004\AC004PART026.pdf,pdf_serial_row_count,ok
2026,4,27,813,,,data\rolls\2026\pdfs\ac004\AC004PART027.pdf,pdf_serial_row_count,ok
2026,4,28,987,,,data\rolls\2026\pdfs\ac004\AC004PART028.pdf,pdf_serial_row_count,ok
2026,4,29,507,,,data\rolls\2026\pdfs\ac004\AC004PART029.pdf,pdf_serial_row_count,ok
2026,4,30,548,,,data\rolls\2026\pdfs\ac004\AC004PART030.pdf,pdf_serial_row_count,ok
2026,4,31,664,,,data\rolls\2026\pdfs\ac004\AC004PART031.pdf,pdf_serial_row_count,ok
2026,4,32,739,,,data\rolls\2026\pdfs\ac004\AC004PART032.pdf,pdf_serial_row_count,ok
2026,4,33,839,,,data\rolls\2026\pdfs\ac004\AC004PART033.pdf,pdf_serial_row_count,ok
2026,4,34,1062,,,data\rolls\2026\pdfs\ac004\AC004PART034.pdf,pdf_serial_row_count,ok
2026,4,35,639,,,data\rolls\2026\pdfs\ac004\AC004PART035.pdf,pdf_serial_row_count,ok
2026,4,36,609,,,data\rolls\2026\pdfs\ac004\AC004PART036.pdf,pdf_serial_row_count,ok
2026,4,37,898,,,data\rolls\2026\pdfs\ac004\AC004PART037.pdf,pdf_serial_row_count,ok
2026,4,38,711,,,data\rolls\2026\pdfs\ac004\AC004PART038.pdf,pdf_serial_row_count,ok
2026,4,39,886,,,data\rolls\2026\pdfs\ac004\AC004PART039.pdf,pdf_serial_row_count,ok
2026,4,40,886,,,data\rolls\2026\pdfs\ac004\AC004PART040.pdf,pdf_serial_row_count,ok
2026,4,41,367,,,data\rolls\2026\pdfs\ac004\AC004PART041.pdf,pdf_serial_row_count,ok
2026,4,42,898,,,data\rolls\2026\pdfs\ac004\AC004PART042.pdf,pdf_serial_row_count,ok
2026,4,43,1027,,,data\rolls\2026\pdfs\ac004\AC004PART043.pdf,pdf_serial_row_count,ok
2026,4,44,587,,,data\rolls\2026\pdfs\ac004\AC004PART044.pdf,pdf_serial_row_count,ok
2026,4,45,625,,,data\rolls\2026\pdfs\ac004\AC004PART045.pdf,pdf_serial_row_count,ok
2026,4,46,756,,,data\rolls\2026\pdfs\ac004\AC004PART046.pdf,pdf_serial_row_count,ok
2026,4,47,729,,,data\rolls\2026\pdfs\ac004\AC004PART047.pdf,pdf_serial_row_count,ok
2026,4,48,676,,,data\rolls\2026\pdfs\ac004\AC004PART048.pdf,pdf_serial_row_count,ok
2026,4,49,959,,,data\rolls\2026\pdfs\ac004\AC004PART049.pdf,pdf_serial_row_count,ok
2026,4,50,831,,,data\rolls\2026\pdfs\ac004\AC004PART050.pdf,pdf_serial_row_count,ok
2026,4,51,915,,,data\rolls\2026\pdfs\ac004\AC004PART051.pdf,pdf_serial_row_count,ok
2026,4,52,784,,,data\rolls\2026\pdfs\ac004\AC004PART052.pdf,pdf_serial_row_count,ok
2026,4,53,723,,,data\rolls\2026\pdfs\ac004\AC004PART053.pdf,pdf_serial_row_count,ok
2026,4,54,766,,,data\rolls\2026\pdfs\ac004\AC004PART054.pdf,pdf_serial_row_count,ok
2026,4,55,533,,,data\rolls\2026\pdfs\ac004\AC004PART055.pdf,pdf_serial_row_count,ok
2026,4,56,456,,,data\rolls\2026\pdfs\ac004\AC004PART056.pdf,pdf_serial_row_count,ok
2026,4,57,864,,,data\rolls\2026\pdfs\ac004\AC004PART057.pdf,pdf_serial_row_count,ok
2026,4,58,444,,,data\rolls\2026\pdfs\ac004\AC004PART058.pdf,pdf_serial_row_count,ok
2026,4,59,1058,,,data\rolls\2026\pdfs\ac004\AC004PART059.pdf,pdf_serial_row_count,ok
2026,4,60,639,,,data\rolls\2026\pdfs\ac004\AC004PART060.pdf,pdf_serial_row_count,ok
2026,4,61,794,,,data\rolls\2026\pdfs\ac004\AC004PART061.pdf,pdf_serial_row_count,ok
2026,4,62,1067,,,data\rolls\2026\pdfs\ac004\AC004PART062.pdf,pdf_serial_row_count,ok
2026,4,63,684,,,data\rolls\2026\pdfs\ac004\AC004PART063.pdf,pdf_serial_row_count,ok
2026,4,64,675,,,data\rolls\2026\pdfs\ac004\AC004PART064.pdf,pdf_serial_row_count,ok
2026,4,65,542,,,data\rolls\2026\pdfs\ac004\AC004PART065.pdf,pdf_serial_row_count,ok
2026,4,66,674,,,data\rolls\2026\pdfs\ac004\AC004PART066.pdf,pdf_serial_row_count,ok
2026,4,67,619,,,data\rolls\2026\pdfs\ac004\AC004PART067.pdf,pdf_serial_row_count,ok
2026,4,68,944,,,data\rolls\2026\pdfs\ac004\AC004PART068.pdf,pdf_serial_row_count,ok
2026,4,69,1048,,,data\rolls\2026\pdfs\ac004\AC004PART069.pdf,pdf_serial_row_count,ok
2026,4,70,936,,,data\rolls\2026\pdfs\ac004\AC004PART070.pdf,pdf_serial_row_count,ok
2026,4,71,739,,,data\rolls\2026\pdfs\ac004\AC004PART071.pdf,pdf_serial_row_count,ok
2026,4,72,467,,,data\rolls\2026\pdfs\ac004\AC004PART072.pdf,pdf_serial_row_count,ok
2026,4,73,591,,,data\rolls\2026\pdfs\ac004\AC004PART073.pdf,pdf_serial_row_count,ok
2026,4,74,550,,,data\rolls\2026\pdfs\ac004\AC004PART074.pdf,pdf_serial_row_count,ok
2026,4,75,843,,,data\rolls\2026\pdfs\ac004\AC004PART075.pdf,pdf_serial_row_count,ok
2026,4,76,839,,,data\rolls\2026\pdfs\ac004\AC004PART076.pdf,pdf_serial_row_count,ok
2026,4,77,868,,,data\rolls\2026\pdfs\ac004\AC004PART077.pdf,pdf_serial_row_count,ok
2026,4,78,569,,,data\rolls\2026\pdfs\ac004\AC004PART078.pdf,pdf_serial_row_count,ok
2026,4,79,864,,,data\rolls\2026\pdfs\ac004\AC004PART079.pdf,pdf_serial_row_count,ok
2026,4,80,710,,,data\rolls\2026\pdfs\ac004\AC004PART080.pdf,pdf_serial_row_count,ok
2026,4,81,653,,,data\rolls\2026\pdfs\ac004\AC004PART081.pdf,pdf_serial_row_count,ok
2026,4,82,520,,,data\rolls\2026\pdfs\ac004\AC004PART082.pdf,pdf_serial_row_count,ok
2026,4,83,561,,,data\rolls\2026\pdfs\ac004\AC004PART083.pdf,pdf_serial_row_count,ok
2026,4,84,696,,,data\rolls\2026\pdfs\ac004\AC004PART084.pdf,pdf_serial_row_count,ok
2026,4,85,668,,,data\rolls\2026\pdfs\ac004\AC004PART085.pdf,pdf_serial_row_count,ok
2026,4,86,764,,,data\rolls\2026\pdfs\ac004\AC004PART086.pdf,pdf_serial_row_count,ok
2026,4,87,583,,,data\rolls\2026\pdfs\ac004\AC004PART087.pdf,pdf_serial_row_count,ok
2026,4,88,914,,,data\rolls\2026\pdfs\ac004\AC004PART088.pdf,pdf_serial_row_count,ok
2026,4,89,847,,,data\rolls\2026\pdfs\ac004\AC004PART089.pdf,pdf_serial_row_count,ok
2026,4,90,975,,,data\rolls\2026\pdfs\ac004\AC004PART090.pdf,pdf_serial_row_count,ok
2026,4,91,688,,,data\rolls\2026\pdfs\ac004\AC004PART091.pdf,pdf_serial_row_count,ok
2026,4,92,613,,,data\rolls\2026\pdfs\ac004\AC004PART092.pdf,pdf_serial_row_count,ok
2026,4,93,773,,,data\rolls\2026\pdfs\ac004\AC004PART093.pdf,pdf_serial_row_count,ok
2026,4,94,631,,,data\rolls\2026\pdfs\ac004\AC004PART094.pdf,pdf_serial_row_count,ok
2026,4,95,1045,,,data\rolls\2026\pdfs\ac004\AC004PART095.pdf,pdf_serial_row_count,ok
2026,4,96,882,,,data\rolls\2026\pdfs\ac004\AC004PART096.pdf,pdf_serial_row_count,ok
2026,4,97,662,,,data\rolls\2026\pdfs\ac004\AC004PART097.pdf,pdf_serial_row_count,ok
2026,4,98,494,,,data\rolls\2026\pdfs\ac004\AC004PART098.pdf,pdf_serial_row_count,ok
2026,4,99,742,,,data\rolls\2026\pdfs\ac004\AC004PART099.pdf,pdf_serial_row_count,ok
2026,4,100,473,,,data\rolls\2026\pdfs\ac004\AC004PART100.pdf,pdf_serial_row_count,ok
2026,4,101,1096,,,data\rolls\2026\pdfs\ac004\AC004PART101.pdf,pdf_serial_row_count,ok
2026,4,102,1117,,,data\rolls\2026\pdfs\ac004\AC004PART102.pdf,pdf_serial_row_count,ok
2026,4,103,1080,,,data\rolls\2026\pdfs\ac004\AC004PART103.pdf,pdf_serial_row_count,ok
2026,4,104,503,,,data\rolls\2026\pdfs\ac004\AC004PART104.pdf,pdf_serial_row_count,ok
2026,4,105,640,,,data\rolls\2026\pdfs\ac004\AC004PART105.pdf,pdf_serial_row_count,ok
2026,4,106,691,,,data\rolls\2026\pdfs\ac004\AC004PART106.pdf,pdf_serial_row_count,ok
2026,4,107,728,,,data\rolls\2026\pdfs\ac004\AC004PART107.pdf,pdf_serial_row_count,ok
2026,4,108,709,,,data\rolls\2026\pdfs\ac004\AC004PART108.pdf,pdf_serial_row_count,ok
2026,4,109,937,,,data\rolls\2026\pdfs\ac004\AC004PART109.pdf,pdf_serial_row_count,ok
2026,4,110,536,,,data\rolls\2026\pdfs\ac004\AC004PART110.pdf,pdf_serial_row_count,ok
2026,4,111,1007,,,data\rolls\2026\pdfs\ac004\AC004PART111.pdf,pdf_serial_row_count,ok
2026,4,112,857,,,data\rolls\2026\pdfs\ac004\AC004PART112.pdf,pdf_serial_row_count,ok
2026,4,113,855,,,data\rolls\2026\pdfs\ac004\AC004PART113.pdf,pdf_serial_row_count,ok
2026,4,114,837,,,data\rolls\2026\pdfs\ac004\AC004PART114.pdf,pdf_serial_row_count,ok
2026,4,115,644,,,data\rolls\2026\pdfs\ac004\AC004PART115.pdf,pdf_serial_row_count,ok
2026,4,116,904,,,data\rolls\2026\pdfs\ac004\AC004PART116.pdf,pdf_serial_row_count,ok
2026,4,117,827,,,data\rolls\2026\pdfs\ac004\AC004PART117.pdf,pdf_serial_row_count,ok
2026,4,118,818,,,data\rolls\2026\pdfs\ac004\AC004PART118.pdf,pdf_serial_row_count,ok
2026,4,119,1189,,,data\rolls\2026\pdfs\ac004\AC004PART119.pdf,pdf_serial_row_count,ok
2026,4,120,910,,,data\rolls\2026\pdfs\ac004\AC004PART120.pdf,pdf_serial_row_count,ok
2026,4,121,900,,,data\rolls\2026\pdfs\ac004\AC004PART121.pdf,pdf_serial_row_count,ok
2026,4,122,448,,,data\rolls\2026\pdfs\ac004\AC004PART122.pdf,pdf_serial_row_count,ok
2026,4,123,855,,,data\rolls\2026\pdfs\ac004\AC004PART123.pdf,pdf_serial_row_count,ok
2026,4,124,768,,,data\rolls\2026\pdfs\ac004\AC004PART124.pdf,pdf_serial_row_count,ok
2026,4,125,973,,,data\rolls\2026\pdfs\ac004\AC004PART125.pdf,pdf_serial_row_count,ok
2026,4,126,891,,,data\rolls\2026\pdfs\ac004\AC004PART126.pdf,pdf_serial_row_count,ok
2026,4,127,1064,,,data\rolls\2026\pdfs\ac004\AC004PART127.pdf,pdf_serial_row_count,ok
2026,4,128,740,,,data\rolls\2026\pdfs\ac004\AC004PART128.pdf,pdf_serial_row_count,ok
2026,4,129,866,,,data\rolls\2026\pdfs\ac004\AC004PART129.pdf,pdf_serial_row_count,ok
2026,4,130,656,,,data\rolls\2026\pdfs\ac004\AC004PART130.pdf,pdf_serial_row_count,ok
2026,4,131,470,,,data\rolls\2026\pdfs\ac004\AC004PART131.pdf,pdf_serial_row_count,ok
2026,4,132,892,,,data\rolls\2026\pdfs\ac004\AC004PART132.pdf,pdf_serial_row_count,ok
2026,4,133,539,,,data\rolls\2026\pdfs\ac004\AC004PART133.pdf,pdf_serial_row_count,ok
2026,4,134,653,,,data\rolls\2026\pdfs\ac004\AC004PART134.pdf,pdf_serial_row_count,ok
2026,4,135,944,,,data\rolls\2026\pdfs\ac004\AC004PART135.pdf,pdf_serial_row_count,ok
2026,4,136,367,,,data\rolls\2026\pdfs\ac004\AC004PART136.pdf,pdf_serial_row_count,ok
2026,4,137,782,,,data\rolls\2026\pdfs\ac004\AC004PART137.pdf,pdf_serial_row_count,ok
2026,4,138,528,,,data\rolls\2026\pdfs\ac004\AC004PART138.pdf,pdf_serial_row_count,ok
2026,4,139,744,,,data\rolls\2026\pdfs\ac004\AC004PART139.pdf,pdf_serial_row_count,ok
2026,4,140,890,,,data\rolls\2026\pdfs\ac004\AC004PART140.pdf,pdf_serial_row_count,ok
2026,4,141,943,,,data\rolls\2026\pdfs\ac004\AC004PART141.pdf,pdf_serial_row_count,ok
2026,4,142,1055,,,data\rolls\2026\pdfs\ac004\AC004PART142.pdf,pdf_serial_row_count,ok
2026,4,143,642,,,data\rolls\2026\pdfs\ac004\AC004PART143.pdf,pdf_serial_row_count,ok
2026,4,144,381,,,data\rolls\2026\pdfs\ac004\AC004PART144.pdf,pdf_serial_row_count,ok
2026,4,145,730,,,data\rolls\2026\pdfs\ac004\AC004PART145.pdf,pdf_serial_row_count,ok
2026,4,146,567,,,data\rolls\2026\pdfs\ac004\AC004PART146.pdf,pdf_serial_row_count,ok
2026,4,147,661,,,data\rolls\2026\pdfs\ac004\AC004PART147.pdf,pdf_serial_row_count,ok
2026,4,148,776,,,data\rolls\2026\pdfs\ac004\AC004PART148.pdf,pdf_serial_row_count,ok
2026,4,149,658,,,data\rolls\2026\pdfs\ac004\AC004PART149.pdf,pdf_serial_row_count,ok
2026,4,150,725,,,data\rolls\2026\pdfs\ac004\AC004PART150.pdf,pdf_serial_row_count,ok
2026,4,151,426,,,data\rolls\2026\pdfs\ac004\AC004PART151.pdf,pdf_serial_row_count,ok
2026,4,152,1007,,,data\rolls\2026\pdfs\ac004\AC004PART152.pdf,pdf_serial_row_count,ok
2026,4,153,822,,,data\rolls\2026\pdfs\ac004\AC004PART153.pdf,pdf_serial_row_count,ok
2026,4,154,787,,,data\rolls\2026\pdfs\ac004\AC004PART154.pdf,pdf_serial_row_count,ok
2026,4,155,906,,,data\rolls\2026\pdfs\ac004\AC004PART155.pdf,pdf_serial_row_count,ok
2026,4,156,645,,,data\rolls\2026\pdfs\ac004\AC004PART156.pdf,pdf_serial_row_count,ok
2026,4,157,812,,,data\rolls\2026\pdfs\ac004\AC004PART157.pdf,pdf_serial_row_count,ok
2026,4,158,418,,,data\rolls\2026\pdfs\ac004\AC004PART158.pdf,pdf_serial_row_count,ok
2026,4,159,672,,,data\rolls\2026\pdfs\ac004\AC004PART159.pdf,pdf_serial_row_count,ok
2026,4,160,649,,,data\rolls\2026\pdfs\ac004\AC004PART160.pdf,pdf_serial_row_count,ok
2026,4,161,691,,,data\rolls\2026\pdfs\ac004\AC004PART161.pdf,pdf_serial_row_count,ok
2026,4,162,428,,,data\rolls\2026\pdfs\ac004\AC004PART162.pdf,pdf_serial_row_count,ok
2026,4,163,737,,,data\rolls\2026\pdfs\ac004\AC004PART163.pdf,pdf_serial_row_count,ok
2026,4,164,873,,,data\rolls\2026\pdfs\ac004\AC004PART164.pdf,pdf_serial_row_count,ok
2026,4,165,760,,,data\rolls\2026\pdfs\ac004\AC004PART165.pdf,pdf_serial_row_count,ok
2026,4,166,798,,,data\rolls\2026\pdfs\ac004\AC004PART166.pdf,pdf_serial_row_count,ok
2026,4,167,475,,,data\rolls\2026\pdfs\ac004\AC004PART167.pdf,pdf_serial_row_count,ok
2026,4,168,714,,,data\rolls\2026\pdfs\ac004\AC004PART168.pdf,pdf_serial_row_count,ok
2026,4,169,538,,,data\rolls\2026\pdfs\ac004\AC004PART169.pdf,pdf_serial_row_count,ok
2026,4,170,926,,,data\rolls\2026\pdfs\ac004\AC004PART170.pdf,pdf_serial_row_count,ok
2026,4,171,1026,,,data\rolls\2026\pdfs\ac004\AC004PART171.pdf,pdf_serial_row_count,ok
2026,4,172,1160,,,data\rolls\2026\pdfs\ac004\AC004PART172.pdf,pdf_serial_row_count,ok
2026,4,173,653,,,data\rolls\2026\pdfs\ac004\AC004PART173.pdf,pdf_serial_row_count,ok
2026,4,174,484,,,data\rolls\2026\pdfs\ac004\AC004PART174.pdf,pdf_serial_row_count,ok
2026,4,175,830,,,data\rolls\2026\pdfs\ac004\AC004PART175.pdf,pdf_serial_row_count,ok
2026,4,176,553,,,data\rolls\2026\pdfs\ac004\AC004PART176.pdf,pdf_serial_row_count,ok
2026,4,177,1015,,,data\rolls\2026\pdfs\ac004\AC004PART177.pdf,pdf_serial_row_count,ok
2026,4,178,1020,,,data\rolls\2026\pdfs\ac004\AC004PART178.pdf,pdf_serial_row_count,ok
2026,4,179,608,,,data\rolls\2026\pdfs\ac004\AC004PART179.pdf,pdf_serial_row_count,ok
2026,4,180,976,,,data\rolls\2026\pdfs\ac004\AC004PART180.pdf,pdf_serial_row_count,ok
2026,4,181,766,,,data\rolls\2026\pdfs\ac004\AC004PART181.pdf,pdf_serial_row_count,ok
2026,4,182,700,,,data\rolls\2026\pdfs\ac004\AC004PART182.pdf,pdf_serial_row_count,ok
2026,4,183,945,,,data\rolls\2026\pdfs\ac004\AC004PART183.pdf,pdf_serial_row_count,ok
2026,4,184,918,,,data\rolls\2026\pdfs\ac004\AC004PART184.pdf,pdf_serial_row_count,ok
2026,4,185,872,,,data\rolls\2026\pdfs\ac004\AC004PART185.pdf,pdf_serial_row_count,ok
2026,4,186,758,,,data\rolls\2026\pdfs\ac004\AC004PART186.pdf,pdf_serial_row_count,ok
2026,4,187,696,,,data\rolls\2026\pdfs\ac004\AC004PART187.pdf,pdf_serial_row_count,ok
2026,4,188,517,,,data\rolls\2026\pdfs\ac004\AC004PART188.pdf,pdf_serial_row_count,ok
2026,4,189,736,,,data\rolls\2026\pdfs\ac004\AC004PART189.pdf,pdf_serial_row_count,ok
2026,4,190,776,,,data\rolls\2026\pdfs\ac004\AC004PART190.pdf,pdf_serial_row_count,ok
2026,4,191,525,,,data\rolls\2026\pdfs\ac004\AC004PART191.pdf,pdf_serial_row_count,ok
2026,4,192,448,,,data\rolls\2026\pdfs\ac004\AC004PART192.pdf,pdf_serial_row_count,ok
2026,4,193,778,,,data\rolls\2026\pdfs\ac004\AC004PART193.pdf,pdf_serial_row_count,ok
2026,4,194,690,,,data\rolls\2026\pdfs\ac004\AC004PART194.pdf,pdf_serial_row_count,ok
2026,4,195,539,,,data\rolls\2026\pdfs\ac004\AC004PART195.pdf,pdf_serial_row_count,ok
2026,4,196,741,,,data\rolls\2026\pdfs\ac004\AC004PART196.pdf,pdf_serial_row_count,ok
2026,4,197,533,,,data\rolls\2026\pdfs\ac004\AC004PART197.pdf,pdf_serial_row_count,ok
2026,4,198,506,,,data\rolls\2026\pdfs\ac004\AC004PART198.pdf,pdf_serial_row_count,ok
2026,4,199,571,,,data\rolls\2026\pdfs\ac004\AC004PART199.pdf,pdf_serial_row_count,ok
2026,4,200,692,,,data\rolls\2026\pdfs\ac004\AC004PART200.pdf,pdf_serial_row_count,ok
2026,4,201,821,,,data\rolls\2026\pdfs\ac004\AC004PART201.pdf,pdf_serial_row_count,ok
2026,4,202,509,,,data\rolls\2026\pdfs\ac004\AC004PART202.pdf,pdf_serial_row_count,ok
2026,4,203,564,,,data\rolls\2026\pdfs\ac004\AC004PART203.pdf,pdf_serial_row_count,ok
2026,4,204,772,,,data\rolls\2026\pdfs\ac004\AC004PART204.pdf,pdf_serial_row_count,ok
2026,4,205,1082,,,data\rolls\2026\pdfs\ac004\AC004PART205.pdf,pdf_serial_row_count,ok
2026,4,206,515,,,data\rolls\2026\pdfs\ac004\AC004PART206.pdf,pdf_serial_row_count,ok
2026,5,1,828,,,data\rolls\2026\pdfs\ac005\AC005PART001.pdf,pdf_serial_row_count,ok
2026,5,2,748,,,data\rolls\2026\pdfs\ac005\AC005PART002.pdf,pdf_serial_row_count,ok
2026,5,3,651,,,data\rolls\2026\pdfs\ac005\AC005PART003.pdf,pdf_serial_row_count,ok
2026,5,4,591,,,data\rolls\2026\pdfs\ac005\AC005PART004.pdf,pdf_serial_row_count,ok
2026,5,5,1050,,,data\rolls\2026\pdfs\ac005\AC005PART005.pdf,pdf_serial_row_count,ok
2026,5,6,669,,,data\rolls\2026\pdfs\ac005\AC005PART006.pdf,pdf_serial_row_count,ok
2026,5,7,491,,,data\rolls\2026\pdfs\ac005\AC005PART007.pdf,pdf_serial_row_count,ok
2026,5,8,647,,,data\rolls\2026\pdfs\ac005\AC005PART008.pdf,pdf_serial_row_count,ok
2026,5,9,648,,,data\rolls\2026\pdfs\ac005\AC005PART009.pdf,pdf_serial_row_count,ok
2026,5,10,594,,,data\rolls\2026\pdfs\ac005\AC005PART010.pdf,pdf_serial_row_count,ok
2026,5,11,605,,,data\rolls\2026\pdfs\ac005\AC005PART011.pdf,pdf_serial_row_count,ok
2026,5,12,721,,,data\rolls\2026\pdfs\ac005\AC005PART012.pdf,pdf_serial_row_count,ok
2026,5,13,583,,,data\rolls\2026\pdfs\ac005\AC005PART013.pdf,pdf_serial_row_count,ok
2026,5,14,552,,,data\rolls\2026\pdfs\ac005\AC005PART014.pdf,pdf_serial_row_count,ok
2026,5,15,487,,,data\rolls\2026\pdfs\ac005\AC005PART015.pdf,pdf_serial_row_count,ok
2026,5,16,713,,,data\rolls\2026\pdfs\ac005\AC005PART016.pdf,pdf_serial_row_count,ok
2026,5,17,652,,,data\rolls\2026\pdfs\ac005\AC005PART017.pdf,pdf_serial_row_count,ok
2026,5,18,722,,,data\rolls\2026\pdfs\ac005\AC005PART018.pdf,pdf_serial_row_count,ok
2026,5,19,878,,,data\rolls\2026\pdfs\ac005\AC005PART019.pdf,pdf_serial_row_count,ok
2026,5,20,672,,,data\rolls\2026\pdfs\ac005\AC005PART020.pdf,pdf_serial_row_count,ok
2026,5,21,642,,,data\rolls\2026\pdfs\ac005\AC005PART021.pdf,pdf_serial_row_count,ok
2026,5,22,924,,,data\rolls\2026\pdfs\ac005\AC005PART022.pdf,pdf_serial_row_count,ok
2026,5,23,720,,,data\rolls\2026\pdfs\ac005\AC005PART023.pdf,pdf_serial_row_count,ok
2026,5,24,838,,,data\rolls\2026\pdfs\ac005\AC005PART024.pdf,pdf_serial_row_count,ok
2026,5,25,810,,,data\rolls\2026\pdfs\ac005\AC005PART025.pdf,pdf_serial_row_count,ok
2026,5,26,860,,,data\rolls\2026\pdfs\ac005\AC005PART026.pdf,pdf_serial_row_count,ok
2026,5,27,914,,,data\rolls\2026\pdfs\ac005\AC005PART027.pdf,pdf_serial_row_count,ok
2026,5,28,730,,,data\rolls\2026\pdfs\ac005\AC005PART028.pdf,pdf_serial_row_count,ok
2026,5,29,748,,,data\rolls\2026\pdfs\ac005\AC005PART029.pdf,pdf_serial_row_count,ok
2026,5,30,353,,,data\rolls\2026\pdfs\ac005\AC005PART030.pdf,pdf_serial_row_count,ok
2026,5,31,760,,,data\rolls\2026\pdfs\ac005\AC005PART031.pdf,pdf_serial_row_count,ok
2026,5,32,518,,,data\rolls\2026\pdfs\ac005\AC005PART032.pdf,pdf_serial_row_count,ok
2026,5,33,558,,,data\rolls\2026\pdfs\ac005\AC005PART033.pdf,pdf_serial_row_count,ok
2026,5,34,1001,,,data\rolls\2026\pdfs\ac005\AC005PART034.pdf,pdf_serial_row_count,ok
2026,5,35,552,,,data\rolls\2026\pdfs\ac005\AC005PART035.pdf,pdf_serial_row_count,ok
2026,5,36,673,,,data\rolls\2026\pdfs\ac005\AC005PART036.pdf,pdf_serial_row_count,ok
2026,5,37,662,,,data\rolls\2026\pdfs\ac005\AC005PART037.pdf,pdf_serial_row_count,ok
2026,5,38,375,,,data\rolls\2026\pdfs\ac005\AC005PART038.pdf,pdf_serial_row_count,ok
2026,5,39,768,,,data\rolls\2026\pdfs\ac005\AC005PART039.pdf,pdf_serial_row_count,ok
2026,5,40,877,,,data\rolls\2026\pdfs\ac005\AC005PART040.pdf,pdf_serial_row_count,ok
2026,5,41,630,,,data\rolls\2026\pdfs\ac005\AC005PART041.pdf,pdf_serial_row_count,ok
2026,5,42,742,,,data\rolls\2026\pdfs\ac005\AC005PART042.pdf,pdf_serial_row_count,ok
2026,5,43,551,,,data\rolls\2026\pdfs\ac005\AC005PART043.pdf,pdf_serial_row_count,ok
2026,5,44,621,,,data\rolls\2026\pdfs\ac005\AC005PART044.pdf,pdf_serial_row_count,ok
2026,5,45,801,,,data\rolls\2026\pdfs\ac005\AC005PART045.pdf,pdf_serial_row_count,ok
2026,5,46,537,,,data\rolls\2026\pdfs\ac005\AC005PART046.pdf,pdf_serial_row_count,ok
2026,5,47,868,,,data\rolls\2026\pdfs\ac005\AC005PART047.pdf,pdf_serial_row_count,ok
2026,5,48,430,,,data\rolls\2026\pdfs\ac005\AC005PART048.pdf,pdf_serial_row_count,ok
2026,5,49,682,,,data\rolls\2026\pdfs\ac005\AC005PART049.pdf,pdf_serial_row_count,ok
2026,5,50,700,,,data\rolls\2026\pdfs\ac005\AC005PART050.pdf,pdf_serial_row_count,ok
2026,5,51,546,,,data\rolls\2026\pdfs\ac005\AC005PART051.pdf,pdf_serial_row_count,ok
2026,5,52,394,,,data\rolls\2026\pdfs\ac005\AC005PART052.pdf,pdf_serial_row_count,ok
2026,5,53,872,,,data\rolls\2026\pdfs\ac005\AC005PART053.pdf,pdf_serial_row_count,ok
2026,5,54,440,,,data\rolls\2026\pdfs\ac005\AC005PART054.pdf,pdf_serial_row_count,ok
2026,5,55,633,,,data\rolls\2026\pdfs\ac005\AC005PART055.pdf,pdf_serial_row_count,ok
2026,5,56,1049,,,data\rolls\2026\pdfs\ac005\AC005PART056.pdf,pdf_serial_row_count,ok
2026,5,57,481,,,data\rolls\2026\pdfs\ac005\AC005PART057.pdf,pdf_serial_row_count,ok
2026,5,58,697,,,data\rolls\2026\pdfs\ac005\AC005PART058.pdf,pdf_serial_row_count,ok
2026,5,59,908,,,data\rolls\2026\pdfs\ac005\AC005PART059.pdf,pdf_serial_row_count,ok
2026,5,60,761,,,data\rolls\2026\pdfs\ac005\AC005PART060.pdf,pdf_serial_row_count,ok
2026,5,61,853,,,data\rolls\2026\pdfs\ac005\AC005PART061.pdf,pdf_serial_row_count,ok
2026,5,62,1176,,,data\rolls\2026\pdfs\ac005\AC005PART062.pdf,pdf_serial_row_count,ok
2026,5,63,894,,,data\rolls\2026\pdfs\ac005\AC005PART063.pdf,pdf_serial_row_count,ok
2026,5,64,1084,,,data\rolls\2026\pdfs\ac005\AC005PART064.pdf,pdf_serial_row_count,ok
2026,5,65,909,,,data\rolls\2026\pdfs\ac005\AC005PART065.pdf,pdf_serial_row_count,ok
2026,5,66,534,,,data\rolls\2026\pdfs\ac005\AC005PART066.pdf,pdf_serial_row_count,ok
2026,5,67,838,,,data\rolls\2026\pdfs\ac005\AC005PART067.pdf,pdf_serial_row_count,ok
2026,5,68,607,,,data\rolls\2026\pdfs\ac005\AC005PART068.pdf,pdf_serial_row_count,ok
2026,5,69,416,,,data\rolls\2026\pdfs\ac005\AC005PART069.pdf,pdf_serial_row_count,ok
2026,5,70,506,,,data\rolls\2026\pdfs\ac005\AC005PART070.pdf,pdf_serial_row_count,ok
2026,5,71,911,,,data\rolls\2026\pdfs\ac005\AC005PART071.pdf,pdf_serial_row_count,ok
2026,5,72,896,,,data\rolls\2026\pdfs\ac005\AC005PART072.pdf,pdf_serial_row_count,ok
2026,5,73,619,,,data\rolls\2026\pdfs\ac005\AC005PART073.pdf,pdf_serial_row_count,ok
2026,5,74,743,,,data\rolls\2026\pdfs\ac005\AC005PART074.pdf,pdf_serial_row_count,ok
2026,5,75,376,,,data\rolls\2026\pdfs\ac005\AC005PART075.pdf,pdf_serial_row_count,ok
2026,5,76,676,,,data\rolls\2026\pdfs\ac005\AC005PART076.pdf,pdf_serial_row_count,ok
2026,5,77,577,,,data\rolls\2026\pdfs\ac005\AC005PART077.pdf,pdf_serial_row_count,ok
2026,5,78,455,,,data\rolls\2026\pdfs\ac005\AC005PART078.pdf,pdf_serial_row_count,ok
2026,5,79,838,,,data\rolls\2026\pdfs\ac005\AC005PART079.pdf,pdf_serial_row_count,ok
2026,5,80,917,,,data\rolls\2026\pdfs\ac005\AC005PART080.pdf,pdf_serial_row_count,ok
2026,5,81,736,,,data\rolls\2026\pdfs\ac005\AC005PART081.pdf,pdf_serial_row_count,ok
2026,5,82,574,,,data\rolls\2026\pdfs\ac005\AC005PART082.pdf,pdf_serial_row_count,ok
2026,5,83,457,,,data\rolls\2026\pdfs\ac005\AC005PART083.pdf,pdf_serial_row_count,ok
2026,5,84,620,,,data\rolls\2026\pdfs\ac005\AC005PART084.pdf,pdf_serial_row_count,ok
2026,5,85,696,,,data\rolls\2026\pdfs\ac005\AC005PART085.pdf,pdf_serial_row_count,ok
2026,5,86,761,,,data\rolls\2026\pdfs\ac005\AC005PART086.pdf,pdf_serial_row_count,ok
2026,5,87,563,,,data\rolls\2026\pdfs\ac005\AC005PART087.pdf,pdf_serial_row_count,ok
2026,5,88,624,,,data\rolls\2026\pdfs\ac005\AC005PART088.pdf,pdf_serial_row_count,ok
2026,5,89,690,,,data\rolls\2026\pdfs\ac005\AC005PART089.pdf,pdf_serial_row_count,ok
2026,5,90,725,,,data\rolls\2026\pdfs\ac005\AC005PART090.pdf,pdf_serial_row_count,ok
2026,5,91,975,,,data\rolls\2026\pdfs\ac005\AC005PART091.pdf,pdf_serial_row_count,ok
2026,5,92,731,,,data\rolls\2026\pdfs\ac005\AC005PART092.pdf,pdf_serial_row_count,ok
2026,5,93,616,,,data\rolls\2026\pdfs\ac005\AC005PART093.pdf,pdf_serial_row_count,ok
2026,5,94,760,,,data\rolls\2026\pdfs\ac005\AC005PART094.pdf,pdf_serial_row_count,ok
2026,5,95,475,,,data\rolls\2026\pdfs\ac005\AC005PART095.pdf,pdf_serial_row_count,ok
2026,5,96,633,,,data\rolls\2026\pdfs\ac005\AC005PART096.pdf,pdf_serial_row_count,ok
2026,5,97,797,,,data\rolls\2026\pdfs\ac005\AC005PART097.pdf,pdf_serial_row_count,ok
2026,5,98,548,,,data\rolls\2026\pdfs\ac005\AC005PART098.pdf,pdf_serial_row_count,ok
2026,5,99,560,,,data\rolls\2026\pdfs\ac005\AC005PART099.pdf,pdf_serial_row_count,ok
2026,5,100,504,,,data\rolls\2026\pdfs\ac005\AC005PART100.pdf,pdf_serial_row_count,ok
2026,5,101,495,,,data\rolls\2026\pdfs\ac005\AC005PART101.pdf,pdf_serial_row_count,ok
2026,5,102,587,,,data\rolls\2026\pdfs\ac005\AC005PART102.pdf,pdf_serial_row_count,ok
2026,5,103,489,,,data\rolls\2026\pdfs\ac005\AC005PART103.pdf,pdf_serial_row_count,ok
2026,5,104,565,,,data\rolls\2026\pdfs\ac005\AC005PART104.pdf,pdf_serial_row_count,ok
2026,5,105,951,,,data\rolls\2026\pdfs\ac005\AC005PART105.pdf,pdf_serial_row_count,ok
2026,5,106,653,,,data\rolls\2026\pdfs\ac005\AC005PART106.pdf,pdf_serial_row_count,ok
2026,5,107,818,,,data\rolls\2026\pdfs\ac005\AC005PART107.pdf,pdf_serial_row_count,ok
2026,5,108,866,,,data\rolls\2026\pdfs\ac005\AC005PART108.pdf,pdf_serial_row_count,ok
2026,5,109,775,,,data\rolls\2026\pdfs\ac005\AC005PART109.pdf,pdf_serial_row_count,ok
2026,5,110,824,,,data\rolls\2026\pdfs\ac005\AC005PART110.pdf,pdf_serial_row_count,ok
2026,5,111,734,,,data\rolls\2026\pdfs\ac005\AC005PART111.pdf,pdf_serial_row_count,ok
2026,5,112,665,,,data\rolls\2026\pdfs\ac005\AC005PART112.pdf,pdf_serial_row_count,ok
2026,5,113,933,,,data\rolls\2026\pdfs\ac005\AC005PART113.pdf,pdf_serial_row_count,ok
2026,5,114,886,,,data\rolls\2026\pdfs\ac005\AC005PART114.pdf,pdf_serial_row_count,ok
2026,5,115,919,,,data\rolls\2026\pdfs\ac005\AC005PART115.pdf,pdf_serial_row_count,ok
2026,5,116,618,,,data\rolls\2026\pdfs\ac005\AC005PART116.pdf,pdf_serial_row_count,ok
2026,5,117,465,,,data\rolls\2026\pdfs\ac005\AC005PART117.pdf,pdf_serial_row_count,ok
2026,5,118,704,,,data\rolls\2026\pdfs\ac005\AC005PART118.pdf,pdf_serial_row_count,ok
2026,5,119,624,,,data\rolls\2026\pdfs\ac005\AC005PART119.pdf,pdf_serial_row_count,ok
2026,5,120,1036,,,data\rolls\2026\pdfs\ac005\AC005PART120.pdf,pdf_serial_row_count,ok
2026,5,121,682,,,data\rolls\2026\pdfs\ac005\AC005PART121.pdf,pdf_serial_row_count,ok
2026,5,122,740,,,data\rolls\2026\pdfs\ac005\AC005PART122.pdf,pdf_serial_row_count,ok
2026,5,123,612,,,data\rolls\2026\pdfs\ac005\AC005PART123.pdf,pdf_serial_row_count,ok
2026,5,124,991,,,data\rolls\2026\pdfs\ac005\AC005PART124.pdf,pdf_serial_row_count,ok
2026,5,125,841,,,data\rolls\2026\pdfs\ac005\AC005PART125.pdf,pdf_serial_row_count,ok
2026,5,126,732,,,data\rolls\2026\pdfs\ac005\AC005PART126.pdf,pdf_serial_row_count,ok
2026,5,127,638,,,data\rolls\2026\pdfs\ac005\AC005PART127.pdf,pdf_serial_row_count,ok
2026,5,128,559,,,data\rolls\2026\pdfs\ac005\AC005PART128.pdf,pdf_serial_row_count,ok
2026,5,129,770,,,data\rolls\2026\pdfs\ac005\AC005PART129.pdf,pdf_serial_row_count,ok
2026,5,130,643,,,data\rolls\2026\pdfs\ac005\AC005PART130.pdf,pdf_serial_row_count,ok
2026,5,131,608,,,data\rolls\2026\pdfs\ac005\AC005PART131.pdf,pdf_serial_row_count,ok
2026,5,132,1085,,,data\rolls\2026\pdfs\ac005\AC005PART132.pdf,pdf_serial_row_count,ok
2026,5,133,600,,,data\rolls\2026\pdfs\ac005\AC005PART133.pdf,pdf_serial_row_count,ok
2026,5,134,487,,,data\rolls\2026\pdfs\ac005\AC005PART134.pdf,pdf_serial_row_count,ok
2026,5,135,1039,,,data\rolls\2026\pdfs\ac005\AC005PART135.pdf,pdf_serial_row_count,ok
2026,5,136,881,,,data\rolls\2026\pdfs\ac005\AC005PART136.pdf,pdf_serial_row_count,ok
2026,5,137,584,,,data\rolls\2026\pdfs\ac005\AC005PART137.pdf,pdf_serial_row_count,ok
2026,5,138,539,,,data\rolls\2026\pdfs\ac005\AC005PART138.pdf,pdf_serial_row_count,ok
2026,5,139,490,,,data\rolls\2026\pdfs\ac005\AC005PART139.pdf,pdf_serial_row_count,ok
2026,5,140,711,,,data\rolls\2026\pdfs\ac005\AC005PART140.pdf,pdf_serial_row_count,ok
2026,5,141,766,,,data\rolls\2026\pdfs\ac005\AC005PART141.pdf,pdf_serial_row_count,ok
2026,5,142,743,,,data\rolls\2026\pdfs\ac005\AC005PART142.pdf,pdf_serial_row_count,ok
2026,5,143,597,,,data\rolls\2026\pdfs\ac005\AC005PART143.pdf,pdf_serial_row_count,ok
2026,5,144,732,,,data\rolls\2026\pdfs\ac005\AC005PART144.pdf,pdf_serial_row_count,ok
2026,5,145,1183,,,data\rolls\2026\pdfs\ac005\AC005PART145.pdf,pdf_serial_row_count,ok
2026,5,146,830,,,data\rolls\2026\pdfs\ac005\AC005PART146.pdf,pdf_serial_row_count,ok
2026,5,147,845,,,data\rolls\2026\pdfs\ac005\AC005PART147.pdf,pdf_serial_row_count,ok
2026,5,148,547,,,data\rolls\2026\pdfs\ac005\AC005PART148.pdf,pdf_serial_row_count,ok
2026,5,149,1010,,,data\rolls\2026\pdfs\ac005\AC005PART149.pdf,pdf_serial_row_count,ok
2026,5,150,793,,,data\rolls\2026\pdfs\ac005\AC005PART150.pdf,pdf_serial_row_count,ok
2026,5,151,518,,,data\rolls\2026\pdfs\ac005\AC005PART151.pdf,pdf_serial_row_count,ok
2026,5,152,895,,,data\rolls\2026\pdfs\ac005\AC005PART152.pdf,pdf_serial_row_count,ok
2026,5,153,607,,,data\rolls\2026\pdfs\ac005\AC005PART153.pdf,pdf_serial_row_count,ok
2026,5,154,580,,,data\rolls\2026\pdfs\ac005\AC005PART154.pdf,pdf_serial_row_count,ok
2026,5,155,1088,,,data\rolls\2026\pdfs\ac005\AC005PART155.pdf,pdf_serial_row_count,ok
2026,5,156,966,,,data\rolls\2026\pdfs\ac005\AC005PART156.pdf,pdf_serial_row_count,ok
2026,5,157,931,,,data\rolls\2026\pdfs\ac005\AC005PART157.pdf,pdf_serial_row_count,ok
2026,5,158,919,,,data\rolls\2026\pdfs\ac005\AC005PART158.pdf,pdf_serial_row_count,ok
2026,5,159,735,,,data\rolls\2026\pdfs\ac005\AC005PART159.pdf,pdf_serial_row_count,ok
2026,5,160,694,,,data\rolls\2026\pdfs\ac005\AC005PART160.pdf,pdf_serial_row_count,ok
2026,5,161,513,,,data\rolls\2026\pdfs\ac005\AC005PART161.pdf,pdf_serial_row_count,ok
2026,5,162,1077,,,data\rolls\2026\pdfs\ac005\AC005PART162.pdf,pdf_serial_row_count,ok
2026,5,163,371,,,data\rolls\2026\pdfs\ac005\AC005PART163.pdf,pdf_serial_row_count,ok
2026,5,164,882,,,data\rolls\2026\pdfs\ac005\AC005PART164.pdf,pdf_serial_row_count,ok
2026,5,165,860,,,data\rolls\2026\pdfs\ac005\AC005PART165.pdf,pdf_serial_row_count,ok
2026,5,166,660,,,data\rolls\2026\pdfs\ac005\AC005PART166.pdf,pdf_serial_row_count,ok
2026,5,167,752,,,data\rolls\2026\pdfs\ac005\AC005PART167.pdf,pdf_serial_row_count,ok
2026,5,168,1100,,,data\rolls\2026\pdfs\ac005\AC005PART168.pdf,pdf_serial_row_count,ok
2026,5,169,1062,,,data\rolls\2026\pdfs\ac005\AC005PART169.pdf,pdf_serial_row_count,ok
2026,5,170,978,,,data\rolls\2026\pdfs\ac005\AC005PART170.pdf,pdf_serial_row_count,ok
2026,5,171,390,,,data\rolls\2026\pdfs\ac005\AC005PART171.pdf,pdf_serial_row_count,ok
2026,5,172,629,,,data\rolls\2026\pdfs\ac005\AC005PART172.pdf,pdf_serial_row_count,ok
2026,5,173,830,,,data\rolls\2026\pdfs\ac005\AC005PART173.pdf,pdf_serial_row_count,ok
2026,5,174,796,,,data\rolls\2026\pdfs\ac005\AC005PART174.pdf,pdf_serial_row_count,ok
2026,5,175,796,,,data\rolls\2026\pdfs\ac005\AC005PART175.pdf,pdf_serial_row_count,ok
2026,5,176,891,,,data\rolls\2026\pdfs\ac005\AC005PART176.pdf,pdf_serial_row_count,ok
2026,5,177,735,,,data\rolls\2026\pdfs\ac005\AC005PART177.pdf,pdf_serial_row_count,ok
2026,5,178,613,,,data\rolls\2026\pdfs\ac005\AC005PART178.pdf,pdf_serial_row_count,ok
2026,5,179,511,,,data\rolls\2026\pdfs\ac005\AC005PART179.pdf,pdf_serial_row_count,ok
2026,5,180,604,,,data\rolls\2026\pdfs\ac005\AC005PART180.pdf,pdf_serial_row_count,ok
2026,5,181,763,,,data\rolls\2026\pdfs\ac005\AC005PART181.pdf,pdf_serial_row_count,ok
2026,5,182,828,,,data\rolls\2026\pdfs\ac005\AC005PART182.pdf,pdf_serial_row_count,ok
2026,5,183,542,,,data\rolls\2026\pdfs\ac005\AC005PART183.pdf,pdf_serial_row_count,ok
2026,5,184,565,,,data\rolls\2026\pdfs\ac005\AC005PART184.pdf,pdf_serial_row_count,ok
2026,5,185,838,,,data\rolls\2026\pdfs\ac005\AC005PART185.pdf,pdf_serial_row_count,ok
2026,5,186,948,,,data\rolls\2026\pdfs\ac005\AC005PART186.pdf,pdf_serial_row_count,ok
2026,5,187,1099,,,data\rolls\2026\pdfs\ac005\AC005PART187.pdf,pdf_serial_row_count,ok
2026,5,188,722,,,data\rolls\2026\pdfs\ac005\AC005PART188.pdf,pdf_serial_row_count,ok
2026,5,189,1006,,,data\rolls\2026\pdfs\ac005\AC005PART189.pdf,pdf_serial_row_count,ok
2026,5,190,618,,,data\rolls\2026\pdfs\ac005\AC005PART190.pdf,pdf_serial_row_count,ok
2026,5,191,779,,,data\rolls\2026\pdfs\ac005\AC005PART191.pdf,pdf_serial_row_count,ok
2026,5,192,968,,,data\rolls\2026\pdfs\ac005\AC005PART192.pdf,pdf_serial_row_count,ok
2026,5,193,563,,,data\rolls\2026\pdfs\ac005\AC005PART193.pdf,pdf_serial_row_count,ok
2026,5,194,594,,,data\rolls\2026\pdfs\ac005\AC005PART194.pdf,pdf_serial_row_count,ok
2026,5,195,465,,,data\rolls\2026\pdfs\ac005\AC005PART195.pdf,pdf_serial_row_count,ok
2026,5,196,1034,,,data\rolls\2026\pdfs\ac005\AC005PART196.pdf,pdf_serial_row_count,ok
2026,5,197,582,,,data\rolls\2026\pdfs\ac005\AC005PART197.pdf,pdf_serial_row_count,ok
2026,5,198,976,,,data\rolls\2026\pdfs\ac005\AC005PART198.pdf,pdf_serial_row_count,ok
2026,5,199,1056,,,data\rolls\2026\pdfs\ac005\AC005PART199.pdf,pdf_serial_row_count,ok
2026,5,200,261,,,data\rolls\2026\pdfs\ac005\AC005PART200.pdf,pdf_serial_row_count,ok
2026,5,201,836,,,data\rolls\2026\pdfs\ac005\AC005PART201.pdf,pdf_serial_row_count,ok
2026,5,202,477,,,data\rolls\2026\pdfs\ac005\AC005PART202.pdf,pdf_serial_row_count,ok
2026,5,203,838,,,data\rolls\2026\pdfs\ac005\AC005PART203.pdf,pdf_serial_row_count,ok
2026,5,204,928,,,data\rolls\2026\pdfs\ac005\AC005PART204.pdf,pdf_serial_row_count,ok
2026,5,205,1128,,,data\rolls\2026\pdfs\ac005\AC005PART205.pdf,pdf_serial_row_count,ok
2026,5,206,586,,,data\rolls\2026\pdfs\ac005\AC005PART206.pdf,pdf_serial_row_count,ok
2026,5,207,708,,,data\rolls\2026\pdfs\ac005\AC005PART207.pdf,pdf_serial_row_count,ok
2026,5,208,831,,,data\rolls\2026\pdfs\ac005\AC005PART208.pdf,pdf_serial_row_count,ok
2026,5,209,648,,,data\rolls\2026\pdfs\ac005\AC005PART209.pdf,pdf_serial_row_count,ok
2026,5,210,510,,,data\rolls\2026\pdfs\ac005\AC005PART210.pdf,pdf_serial_row_count,ok
2026,5,211,1306,,,data\rolls\2026\pdfs\ac005\AC005PART211.pdf,pdf_serial_row_count,ok
2026,5,212,739,,,data\rolls\2026\pdfs\ac005\AC005PART212.pdf,pdf_serial_row_count,ok
2026,5,213,646,,,data\rolls\2026\pdfs\ac005\AC005PART213.pdf,pdf_serial_row_count,ok
2026,5,214,1013,,,data\rolls\2026\pdfs\ac005\AC005PART214.pdf,pdf_serial_row_count,ok
2026,5,215,1009,,,data\rolls\2026\pdfs\ac005\AC005PART215.pdf,pdf_serial_row_count,ok
2026,5,216,963,,,data\rolls\2026\pdfs\ac005\AC005PART216.pdf,pdf_serial_row_count,ok
2026,5,217,752,,,data\rolls\2026\pdfs\ac005\AC005PART217.pdf,pdf_serial_row_count,ok
2026,5,218,667,,,data\rolls\2026\pdfs\ac005\AC005PART218.pdf,pdf_serial_row_count,ok
2026,5,219,522,,,data\rolls\2026\pdfs\ac005\AC005PART219.pdf,pdf_serial_row_count,ok
2026,5,220,746,,,data\rolls\2026\pdfs\ac005\AC005PART220.pdf,pdf_serial_row_count,ok
2026,5,221,454,,,data\rolls\2026\pdfs\ac005\AC005PART221.pdf,pdf_serial_row_count,ok
2026,5,222,839,,,data\rolls\2026\pdfs\ac005\AC005PART222.pdf,pdf_serial_row_count,ok
2026,5,223,415,,,data\rolls\2026\pdfs\ac005\AC005PART223.pdf,pdf_serial_row_count,ok
2026,5,224,731,,,data\rolls\2026\pdfs\ac005\AC005PART224.pdf,pdf_serial_row_count,ok
2026,5,225,909,,,data\rolls\2026\pdfs\ac005\AC005PART225.pdf,pdf_serial_row_count,ok
2026,5,226,996,,,data\rolls\2026\pdfs\ac005\AC005PART226.pdf,pdf_serial_row_count,ok
2026,5,227,1021,,,data\rolls\2026\pdfs\ac005\AC005PART227.pdf,pdf_serial_row_count,ok
2026,5,228,1079,,,data\rolls\2026\pdfs\ac005\AC005PART228.pdf,pdf_serial_row_count,ok
2026,5,229,551,,,data\rolls\2026\pdfs\ac005\AC005PART229.pdf,pdf_serial_row_count,ok
2026,5,230,1223,,,data\rolls\2026\pdfs\ac005\AC005PART230.pdf,pdf_serial_row_count,ok
2026,5,231,716,,,data\rolls\2026\pdfs\ac005\AC005PART231.pdf,pdf_serial_row_count,ok
2026,6,1,1108,,,data\rolls\2026\pdfs\ac006\AC006PART001.pdf,pdf_serial_row_count,ok
2026,6,2,1007,,,data\rolls\2026\pdfs\ac006\AC006PART002.pdf,pdf_serial_row_count,ok
2026,6,3,1274,,,data\rolls\2026\pdfs\ac006\AC006PART003.pdf,pdf_serial_row_count,ok
2026,6,4,240,,,data\rolls\2026\pdfs\ac006\AC006PART004.pdf,pdf_serial_row_count,ok
2026,6,5,915,,,data\rolls\2026\pdfs\ac006\AC006PART005.pdf,pdf_serial_row_count,ok
2026,6,6,773,,,data\rolls\2026\pdfs\ac006\AC006PART006.pdf,pdf_serial_row_count,ok
2026,6,7,345,,,data\rolls\2026\pdfs\ac006\AC006PART007.pdf,pdf_serial_row_count,ok
2026,6,8,1064,,,data\rolls\2026\pdfs\ac006\AC006PART008.pdf,pdf_serial_row_count,ok
2026,6,9,918,,,data\rolls\2026\pdfs\ac006\AC006PART009.pdf,pdf_serial_row_count,ok
2026,6,10,941,,,data\rolls\2026\pdfs\ac006\AC006PART010.pdf,pdf_serial_row_count,ok
2026,6,11,753,,,data\rolls\2026\pdfs\ac006\AC006PART011.pdf,pdf_serial_row_count,ok
2026,6,12,506,,,data\rolls\2026\pdfs\ac006\AC006PART012.pdf,pdf_serial_row_count,ok
2026,6,13,785,,,data\rolls\2026\pdfs\ac006\AC006PART013.pdf,pdf_serial_row_count,ok
2026,6,14,884,,,data\rolls\2026\pdfs\ac006\AC006PART014.pdf,pdf_serial_row_count,ok
2026,6,15,646,,,data\rolls\2026\pdfs\ac006\AC006PART015.pdf,pdf_serial_row_count,ok
2026,6,16,840,,,data\rolls\2026\pdfs\ac006\AC006PART016.pdf,pdf_serial_row_count,ok
2026,6,17,703,,,data\rolls\2026\pdfs\ac006\AC006PART017.pdf,pdf_serial_row_count,ok
2026,6,18,1156,,,data\rolls\2026\pdfs\ac006\AC006PART018.pdf,pdf_serial_row_count,ok
2026,6,19,463,,,data\rolls\2026\pdfs\ac006\AC006PART019.pdf,pdf_serial_row_count,ok
2026,6,20,743,,,data\rolls\2026\pdfs\ac006\AC006PART020.pdf,pdf_serial_row_count,ok
2026,6,21,475,,,data\rolls\2026\pdfs\ac006\AC006PART021.pdf,pdf_serial_row_count,ok
2026,6,22,707,,,data\rolls\2026\pdfs\ac006\AC006PART022.pdf,pdf_serial_row_count,ok
2026,6,23,434,,,data\rolls\2026\pdfs\ac006\AC006PART023.pdf,pdf_serial_row_count,ok
2026,6,24,1069,,,data\rolls\2026\pdfs\ac006\AC006PART024.pdf,pdf_serial_row_count,ok
2026,6,25,922,,,data\rolls\2026\pdfs\ac006\AC006PART025.pdf,pdf_serial_row_count,ok
2026,6,26,760,,,data\rolls\2026\pdfs\ac006\AC006PART026.pdf,pdf_serial_row_count,ok
2026,6,27,469,,,data\rolls\2026\pdfs\ac006\AC006PART027.pdf,pdf_serial_row_count,ok
2026,6,28,771,,,data\rolls\2026\pdfs\ac006\AC006PART028.pdf,pdf_serial_row_count,ok
2026,6,29,685,,,data\rolls\2026\pdfs\ac006\AC006PART029.pdf,pdf_serial_row_count,ok
2026,6,30,742,,,data\rolls\2026\pdfs\ac006\AC006PART030.pdf,pdf_serial_row_count,ok
2026,6,31,968,,,data\rolls\2026\pdfs\ac006\AC006PART031.pdf,pdf_serial_row_count,ok
2026,6,32,874,,,data\rolls\2026\pdfs\ac006\AC006PART032.pdf,pdf_serial_row_count,ok
2026,6,33,1127,,,data\rolls\2026\pdfs\ac006\AC006PART033.pdf,pdf_serial_row_count,ok
2026,6,34,735,,,data\rolls\2026\pdfs\ac006\AC006PART034.pdf,pdf_serial_row_count,ok
2026,6,35,865,,,data\rolls\2026\pdfs\ac006\AC006PART035.pdf,pdf_serial_row_count,ok
2026,6,36,928,,,data\rolls\2026\pdfs\ac006\AC006PART036.pdf,pdf_serial_row_count,ok
2026,6,37,819,,,data\rolls\2026\pdfs\ac006\AC006PART037.pdf,pdf_serial_row_count,ok
2026,6,38,635,,,data\rolls\2026\pdfs\ac006\AC006PART038.pdf,pdf_serial_row_count,ok
2026,6,39,589,,,data\rolls\2026\pdfs\ac006\AC006PART039.pdf,pdf_serial_row_count,ok
2026,6,40,882,,,data\rolls\2026\pdfs\ac006\AC006PART040.pdf,pdf_serial_row_count,ok
2026,6,41,781,,,data\rolls\2026\pdfs\ac006\AC006PART041.pdf,pdf_serial_row_count,ok
2026,6,42,484,,,data\rolls\2026\pdfs\ac006\AC006PART042.pdf,pdf_serial_row_count,ok
2026,6,43,745,,,data\rolls\2026\pdfs\ac006\AC006PART043.pdf,pdf_serial_row_count,ok
2026,6,44,403,,,data\rolls\2026\pdfs\ac006\AC006PART044.pdf,pdf_serial_row_count,ok
2026,6,45,816,,,data\rolls\2026\pdfs\ac006\AC006PART045.pdf,pdf_serial_row_count,ok
2026,6,46,481,,,data\rolls\2026\pdfs\ac006\AC006PART046.pdf,pdf_serial_row_count,ok
2026,6,47,812,,,data\rolls\2026\pdfs\ac006\AC006PART047.pdf,pdf_serial_row_count,ok
2026,6,48,583,,,data\rolls\2026\pdfs\ac006\AC006PART048.pdf,pdf_serial_row_count,ok
2026,6,49,887,,,data\rolls\2026\pdfs\ac006\AC006PART049.pdf,pdf_serial_row_count,ok
2026,6,50,1059,,,data\rolls\2026\pdfs\ac006\AC006PART050.pdf,pdf_serial_row_count,ok
2026,6,51,912,,,data\rolls\2026\pdfs\ac006\AC006PART051.pdf,pdf_serial_row_count,ok
2026,6,52,315,,,data\rolls\2026\pdfs\ac006\AC006PART052.pdf,pdf_serial_row_count,ok
2026,6,53,1019,,,data\rolls\2026\pdfs\ac006\AC006PART053.pdf,pdf_serial_row_count,ok
2026,6,54,456,,,data\rolls\2026\pdfs\ac006\AC006PART054.pdf,pdf_serial_row_count,ok
2026,6,55,937,,,data\rolls\2026\pdfs\ac006\AC006PART055.pdf,pdf_serial_row_count,ok
2026,6,56,1051,,,data\rolls\2026\pdfs\ac006\AC006PART056.pdf,pdf_serial_row_count,ok
2026,6,57,716,,,data\rolls\2026\pdfs\ac006\AC006PART057.pdf,pdf_serial_row_count,ok
2026,6,58,807,,,data\rolls\2026\pdfs\ac006\AC006PART058.pdf,pdf_serial_row_count,ok
2026,6,59,797,,,data\rolls\2026\pdfs\ac006\AC006PART059.pdf,pdf_serial_row_count,ok
2026,6,60,1182,,,data\rolls\2026\pdfs\ac006\AC006PART060.pdf,pdf_serial_row_count,ok
2026,6,61,523,,,data\rolls\2026\pdfs\ac006\AC006PART061.pdf,pdf_serial_row_count,ok
2026,6,62,924,,,data\rolls\2026\pdfs\ac006\AC006PART062.pdf,pdf_serial_row_count,ok
2026,6,63,373,,,data\rolls\2026\pdfs\ac006\AC006PART063.pdf,pdf_serial_row_count,ok
2026,6,64,873,,,data\rolls\2026\pdfs\ac006\AC006PART064.pdf,pdf_serial_row_count,ok
2026,6,65,630,,,data\rolls\2026\pdfs\ac006\AC006PART065.pdf,pdf_serial_row_count,ok
2026,6,66,1159,,,data\rolls\2026\pdfs\ac006\AC006PART066.pdf,pdf_serial_row_count,ok
2026,6,67,824,,,data\rolls\2026\pdfs\ac006\AC006PART067.pdf,pdf_serial_row_count,ok
2026,6,68,777,,,data\rolls\2026\pdfs\ac006\AC006PART068.pdf,pdf_serial_row_count,ok
2026,6,69,790,,,data\rolls\2026\pdfs\ac006\AC006PART069.pdf,pdf_serial_row_count,ok
2026,6,70,178,,,data\rolls\2026\pdfs\ac006\AC006PART070.pdf,pdf_serial_row_count,ok
2026,6,71,1080,,,data\rolls\2026\pdfs\ac006\AC006PART071.pdf,pdf_serial_row_count,ok
2026,6,72,1158,,,data\rolls\2026\pdfs\ac006\AC006PART072.pdf,pdf_serial_row_count,ok
2026,6,73,749,,,data\rolls\2026\pdfs\ac006\AC006PART073.pdf,pdf_serial_row_count,ok
2026,6,74,550,,,data\rolls\2026\pdfs\ac006\AC006PART074.pdf,pdf_serial_row_count,ok
2026,6,75,1092,,,data\rolls\2026\pdfs\ac006\AC006PART075.pdf,pdf_serial_row_count,ok
2026,6,76,566,,,data\rolls\2026\pdfs\ac006\AC006PART076.pdf,pdf_serial_row_count,ok
2026,6,77,538,,,data\rolls\2026\pdfs\ac006\AC006PART077.pdf,pdf_serial_row_count,ok
2026,6,78,802,,,data\rolls\2026\pdfs\ac006\AC006PART078.pdf,pdf_serial_row_count,ok
2026,6,79,514,,,data\rolls\2026\pdfs\ac006\AC006PART079.pdf,pdf_serial_row_count,ok
2026,6,80,912,,,data\rolls\2026\pdfs\ac006\AC006PART080.pdf,pdf_serial_row_count,ok
2026,6,81,643,,,data\rolls\2026\pdfs\ac006\AC006PART081.pdf,pdf_serial_row_count,ok
2026,6,82,654,,,data\rolls\2026\pdfs\ac006\AC006PART082.pdf,pdf_serial_row_count,ok
2026,6,83,838,,,data\rolls\2026\pdfs\ac006\AC006PART083.pdf,pdf_serial_row_count,ok
2026,6,84,791,,,data\rolls\2026\pdfs\ac006\AC006PART084.pdf,pdf_serial_row_count,ok
2026,6,85,573,,,data\rolls\2026\pdfs\ac006\AC006PART085.pdf,pdf_serial_row_count,ok
2026,6,86,570,,,data\rolls\2026\pdfs\ac006\AC006PART086.pdf,pdf_serial_row_count,ok
2026,6,87,730,,,data\rolls\2026\pdfs\ac006\AC006PART087.pdf,pdf_serial_row_count,ok
2026,6,88,530,,,data\rolls\2026\pdfs\ac006\AC006PART088.pdf,pdf_serial_row_count,ok
2026,6,89,1026,,,data\rolls\2026\pdfs\ac006\AC006PART089.pdf,pdf_serial_row_count,ok
2026,6,90,933,,,data\rolls\2026\pdfs\ac006\AC006PART090.pdf,pdf_serial_row_count,ok
2026,6,91,981,,,data\rolls\2026\pdfs\ac006\AC006PART091.pdf,pdf_serial_row_count,ok
2026,6,92,450,,,data\rolls\2026\pdfs\ac006\AC006PART092.pdf,pdf_serial_row_count,ok
2026,6,93,790,,,data\rolls\2026\pdfs\ac006\AC006PART093.pdf,pdf_serial_row_count,ok
2026,6,94,790,,,data\rolls\2026\pdfs\ac006\AC006PART094.pdf,pdf_serial_row_count,ok
2026,6,95,854,,,data\rolls\2026\pdfs\ac006\AC006PART095.pdf,pdf_serial_row_count,ok
2026,6,96,640,,,data\rolls\2026\pdfs\ac006\AC006PART096.pdf,pdf_serial_row_count,ok
2026,6,97,484,,,data\rolls\2026\pdfs\ac006\AC006PART097.pdf,pdf_serial_row_count,ok
2026,6,98,544,,,data\rolls\2026\pdfs\ac006\AC006PART098.pdf,pdf_serial_row_count,ok
2026,6,99,574,,,data\rolls\2026\pdfs\ac006\AC006PART099.pdf,pdf_serial_row_count,ok
2026,6,100,858,,,data\rolls\2026\pdfs\ac006\AC006PART100.pdf,pdf_serial_row_count,ok
2026,6,101,636,,,data\rolls\2026\pdfs\ac006\AC006PART101.pdf,pdf_serial_row_count,ok
2026,6,102,619,,,data\rolls\2026\pdfs\ac006\AC006PART102.pdf,pdf_serial_row_count,ok
2026,6,103,1199,,,data\rolls\2026\pdfs\ac006\AC006PART103.pdf,pdf_serial_row_count,ok
2026,6,104,1088,,,data\rolls\2026\pdfs\ac006\AC006PART104.pdf,pdf_serial_row_count,ok
2026,6,105,1222,,,data\rolls\2026\pdfs\ac006\AC006PART105.pdf,pdf_serial_row_count,ok
2026,6,106,709,,,data\rolls\2026\pdfs\ac006\AC006PART106.pdf,pdf_serial_row_count,ok
2026,6,107,1034,,,data\rolls\2026\pdfs\ac006\AC006PART107.pdf,pdf_serial_row_count,ok
2026,6,108,520,,,data\rolls\2026\pdfs\ac006\AC006PART108.pdf,pdf_serial_row_count,ok
2026,6,109,654,,,data\rolls\2026\pdfs\ac006\AC006PART109.pdf,pdf_serial_row_count,ok
2026,6,110,924,,,data\rolls\2026\pdfs\ac006\AC006PART110.pdf,pdf_serial_row_count,ok
2026,6,111,714,,,data\rolls\2026\pdfs\ac006\AC006PART111.pdf,pdf_serial_row_count,ok
2026,6,112,868,,,data\rolls\2026\pdfs\ac006\AC006PART112.pdf,pdf_serial_row_count,ok
2026,6,113,1023,,,data\rolls\2026\pdfs\ac006\AC006PART113.pdf,pdf_serial_row_count,ok
2026,6,114,815,,,data\rolls\2026\pdfs\ac006\AC006PART114.pdf,pdf_serial_row_count,ok
2026,6,115,950,,,data\rolls\2026\pdfs\ac006\AC006PART115.pdf,pdf_serial_row_count,ok
2026,6,116,580,,,data\rolls\2026\pdfs\ac006\AC006PART116.pdf,pdf_serial_row_count,ok
2026,6,117,645,,,data\rolls\2026\pdfs\ac006\AC006PART117.pdf,pdf_serial_row_count,ok
2026,6,118,539,,,data\rolls\2026\pdfs\ac006\AC006PART118.pdf,pdf_serial_row_count,ok
2026,6,119,567,,,data\rolls\2026\pdfs\ac006\AC006PART119.pdf,pdf_serial_row_count,ok
2026,6,120,954,,,data\rolls\2026\pdfs\ac006\AC006PART120.pdf,pdf_serial_row_count,ok
2026,6,121,670,,,data\rolls\2026\pdfs\ac006\AC006PART121.pdf,pdf_serial_row_count,ok
2026,6,122,672,,,data\rolls\2026\pdfs\ac006\AC006PART122.pdf,pdf_serial_row_count,ok
2026,6,123,594,,,data\rolls\2026\pdfs\ac006\AC006PART123.pdf,pdf_serial_row_count,ok
2026,6,124,605,,,data\rolls\2026\pdfs\ac006\AC006PART124.pdf,pdf_serial_row_count,ok
2026,6,125,938,,,data\rolls\2026\pdfs\ac006\AC006PART125.pdf,pdf_serial_row_count,ok
2026,6,126,1022,,,data\rolls\2026\pdfs\ac006\AC006PART126.pdf,pdf_serial_row_count,ok
2026,6,127,653,,,data\rolls\2026\pdfs\ac006\AC006PART127.pdf,pdf_serial_row_count,ok
2026,6,128,628,,,data\rolls\2026\pdfs\ac006\AC006PART128.pdf,pdf_serial_row_count,ok
2026,6,129,878,,,data\rolls\2026\pdfs\ac006\AC006PART129.pdf,pdf_serial_row_count,ok
2026,6,130,508,,,data\rolls\2026\pdfs\ac006\AC006PART130.pdf,pdf_serial_row_count,ok
2026,6,131,584,,,data\rolls\2026\pdfs\ac006\AC006PART131.pdf,pdf_serial_row_count,ok
2026,6,132,597,,,data\rolls\2026\pdfs\ac006\AC006PART132.pdf,pdf_serial_row_count,ok
2026,6,133,516,,,data\rolls\2026\pdfs\ac006\AC006PART133.pdf,pdf_serial_row_count,ok
2026,6,134,919,,,data\rolls\2026\pdfs\ac006\AC006PART134.pdf,pdf_serial_row_count,ok
2026,6,135,520,,,data\rolls\2026\pdfs\ac006\AC006PART135.pdf,pdf_serial_row_count,ok
2026,6,136,1024,,,data\rolls\2026\pdfs\ac006\AC006PART136.pdf,pdf_serial_row_count,ok
2026,6,137,676,,,data\rolls\2026\pdfs\ac006\AC006PART137.pdf,pdf_serial_row_count,ok
2026,6,138,509,,,data\rolls\2026\pdfs\ac006\AC006PART138.pdf,pdf_serial_row_count,ok
2026,6,139,582,,,data\rolls\2026\pdfs\ac006\AC006PART139.pdf,pdf_serial_row_count,ok
2026,6,140,640,,,data\rolls\2026\pdfs\ac006\AC006PART140.pdf,pdf_serial_row_count,ok
2026,6,141,699,,,data\rolls\2026\pdfs\ac006\AC006PART141.pdf,pdf_serial_row_count,ok
2026,6,142,681,,,data\rolls\2026\pdfs\ac006\AC006PART142.pdf,pdf_serial_row_count,ok
2026,6,143,788,,,data\rolls\2026\pdfs\ac006\AC006PART143.pdf,pdf_serial_row_count,ok
2026,6,144,804,,,data\rolls\2026\pdfs\ac006\AC006PART144.pdf,pdf_serial_row_count,ok
2026,6,145,1194,,,data\rolls\2026\pdfs\ac006\AC006PART145.pdf,pdf_serial_row_count,ok
2026,6,146,984,,,data\rolls\2026\pdfs\ac006\AC006PART146.pdf,pdf_serial_row_count,ok
2026,6,147,1040,,,data\rolls\2026\pdfs\ac006\AC006PART147.pdf,pdf_serial_row_count,ok
2026,6,148,768,,,data\rolls\2026\pdfs\ac006\AC006PART148.pdf,pdf_serial_row_count,ok
2026,6,149,701,,,data\rolls\2026\pdfs\ac006\AC006PART149.pdf,pdf_serial_row_count,ok
2026,6,150,608,,,data\rolls\2026\pdfs\ac006\AC006PART150.pdf,pdf_serial_row_count,ok
2026,6,151,684,,,data\rolls\2026\pdfs\ac006\AC006PART151.pdf,pdf_serial_row_count,ok
2026,6,152,588,,,data\rolls\2026\pdfs\ac006\AC006PART152.pdf,pdf_serial_row_count,ok
2026,6,153,576,,,data\rolls\2026\pdfs\ac006\AC006PART153.pdf,pdf_serial_row_count,ok
2026,6,154,939,,,data\rolls\2026\pdfs\ac006\AC006PART154.pdf,pdf_serial_row_count,ok
2026,6,155,926,,,data\rolls\2026\pdfs\ac006\AC006PART155.pdf,pdf_serial_row_count,ok
2026,6,156,724,,,data\rolls\2026\pdfs\ac006\AC006PART156.pdf,pdf_serial_row_count,ok
2026,6,157,616,,,data\rolls\2026\pdfs\ac006\AC006PART157.pdf,pdf_serial_row_count,ok
2026,6,158,842,,,data\rolls\2026\pdfs\ac006\AC006PART158.pdf,pdf_serial_row_count,ok
2026,6,159,989,,,data\rolls\2026\pdfs\ac006\AC006PART159.pdf,pdf_serial_row_count,ok
2026,6,160,711,,,data\rolls\2026\pdfs\ac006\AC006PART160.pdf,pdf_serial_row_count,ok
2026,6,161,747,,,data\rolls\2026\pdfs\ac006\AC006PART161.pdf,pdf_serial_row_count,ok
2026,6,162,611,,,data\rolls\2026\pdfs\ac006\AC006PART162.pdf,pdf_serial_row_count,ok
2026,6,163,577,,,data\rolls\2026\pdfs\ac006\AC006PART163.pdf,pdf_serial_row_count,ok
2026,6,164,826,,,data\rolls\2026\pdfs\ac006\AC006PART164.pdf,pdf_serial_row_count,ok
2026,6,165,646,,,data\rolls\2026\pdfs\ac006\AC006PART165.pdf,pdf_serial_row_count,ok
2026,6,166,1028,,,data\rolls\2026\pdfs\ac006\AC006PART166.pdf,pdf_serial_row_count,ok
2026,6,167,789,,,data\rolls\2026\pdfs\ac006\AC006PART167.pdf,pdf_serial_row_count,ok
2026,6,168,551,,,data\rolls\2026\pdfs\ac006\AC006PART168.pdf,pdf_serial_row_count,ok
2026,6,169,679,,,data\rolls\2026\pdfs\ac006\AC006PART169.pdf,pdf_serial_row_count,ok
2026,6,170,827,,,data\rolls\2026\pdfs\ac006\AC006PART170.pdf,pdf_serial_row_count,ok
2026,6,171,784,,,data\rolls\2026\pdfs\ac006\AC006PART171.pdf,pdf_serial_row_count,ok
2026,6,172,647,,,data\rolls\2026\pdfs\ac006\AC006PART172.pdf,pdf_serial_row_count,ok
2026,6,173,908,,,data\rolls\2026\pdfs\ac006\AC006PART173.pdf,pdf_serial_row_count,ok
2026,6,174,1211,,,data\rolls\2026\pdfs\ac006\AC006PART174.pdf,pdf_serial_row_count,ok
2026,6,175,682,,,data\rolls\2026\pdfs\ac006\AC006PART175.pdf,pdf_serial_row_count,ok
2026,6,176,553,,,data\rolls\2026\pdfs\ac006\AC006PART176.pdf,pdf_serial_row_count,ok
2026,6,177,649,,,data\rolls\2026\pdfs\ac006\AC006PART177.pdf,pdf_serial_row_count,ok
2026,6,178,814,,,data\rolls\2026\pdfs\ac006\AC006PART178.pdf,pdf_serial_row_count,ok
2026,6,179,718,,,data\rolls\2026\pdfs\ac006\AC006PART179.pdf,pdf_serial_row_count,ok
2026,6,180,624,,,data\rolls\2026\pdfs\ac006\AC006PART180.pdf,pdf_serial_row_count,ok
2026,6,181,621,,,data\rolls\2026\pdfs\ac006\AC006PART181.pdf,pdf_serial_row_count,ok
2026,6,182,548,,,data\rolls\2026\pdfs\ac006\AC006PART182.pdf,pdf_serial_row_count,ok
2026,6,183,650,,,data\rolls\2026\pdfs\ac006\AC006PART183.pdf,pdf_serial_row_count,ok
2026,6,184,790,,,data\rolls\2026\pdfs\ac006\AC006PART184.pdf,pdf_serial_row_count,ok
2026,6,185,976,,,data\rolls\2026\pdfs\ac006\AC006PART185.pdf,pdf_serial_row_count,ok
2026,6,186,923,,,data\rolls\2026\pdfs\ac006\AC006PART186.pdf,pdf_serial_row_count,ok
2026,6,187,684,,,data\rolls\2026\pdfs\ac006\AC006PART187.pdf,pdf_serial_row_count,ok
2026,6,188,829,,,data\rolls\2026\pdfs\ac006\AC006PART188.pdf,pdf_serial_row_count,ok
2026,6,189,565,,,data\rolls\2026\pdfs\ac006\AC006PART189.pdf,pdf_serial_row_count,ok
2026,6,190,562,,,data\rolls\2026\pdfs\ac006\AC006PART190.pdf,pdf_serial_row_count,ok
2026,6,191,666,,,data\rolls\2026\pdfs\ac006\AC006PART191.pdf,pdf_serial_row_count,ok
2026,6,192,853,,,data\rolls\2026\pdfs\ac006\AC006PART192.pdf,pdf_serial_row_count,ok
2026,6,193,463,,,data\rolls\2026\pdfs\ac006\AC006PART193.pdf,pdf_serial_row_count,ok
2026,6,194,769,,,data\rolls\2026\pdfs\ac006\AC006PART194.pdf,pdf_serial_row_count,ok
2026,6,195,439,,,data\rolls\2026\pdfs\ac006\AC006PART195.pdf,pdf_serial_row_count,ok
2026,6,196,734,,,data\rolls\2026\pdfs\ac006\AC006PART196.pdf,pdf_serial_row_count,ok
2026,6,197,535,,,data\rolls\2026\pdfs\ac006\AC006PART197.pdf,pdf_serial_row_count,ok
2026,6,198,485,,,data\rolls\2026\pdfs\ac006\AC006PART198.pdf,pdf_serial_row_count,ok
2026,6,199,542,,,data\rolls\2026\pdfs\ac006\AC006PART199.pdf,pdf_serial_row_count,ok
2026,6,200,751,,,data\rolls\2026\pdfs\ac006\AC006PART200.pdf,pdf_serial_row_count,ok
2026,6,201,434,,,data\rolls\2026\pdfs\ac006\AC006PART201.pdf,pdf_serial_row_count,ok
2026,6,202,690,,,data\rolls\2026\pdfs\ac006\AC006PART202.pdf,pdf_serial_row_count,ok
2026,6,203,926,,,data\rolls\2026\pdfs\ac006\AC006PART203.pdf,pdf_serial_row_count,ok
2026,6,204,875,,,data\rolls\2026\pdfs\ac006\AC006PART204.pdf,pdf_serial_row_count,ok
2026,6,205,645,,,data\rolls\2026\pdfs\ac006\AC006PART205.pdf,pdf_serial_row_count,ok
2026,6,206,567,,,data\rolls\2026\pdfs\ac006\AC006PART206.pdf,pdf_serial_row_count,ok
2026,6,207,1000,,,data\rolls\2026\pdfs\ac006\AC006PART207.pdf,pdf_serial_row_count,ok
2026,6,208,762,,,data\rolls\2026\pdfs\ac006\AC006PART208.pdf,pdf_serial_row_count,ok
2026,6,209,758,,,data\rolls\2026\pdfs\ac006\AC006PART209.pdf,pdf_serial_row_count,ok
2026,6,210,724,,,data\rolls\2026\pdfs\ac006\AC006PART210.pdf,pdf_serial_row_count,ok
2026,6,211,622,,,data\rolls\2026\pdfs\ac006\AC006PART211.pdf,pdf_serial_row_count,ok
2026,6,212,893,,,data\rolls\2026\pdfs\ac006\AC006PART212.pdf,pdf_serial_row_count,ok
2026,6,213,919,,,data\rolls\2026\pdfs\ac006\AC006PART213.pdf,pdf_serial_row_count,ok
2026,6,214,704,,,data\rolls\2026\pdfs\ac006\AC006PART214.pdf,pdf_serial_row_count,ok
2026,6,215,686,,,data\rolls\2026\pdfs\ac006\AC006PART215.pdf,pdf_serial_row_count,ok
2026,6,216,605,,,data\rolls\2026\pdfs\ac006\AC006PART216.pdf,pdf_serial_row_count,ok
2026,6,217,679,,,data\rolls\2026\pdfs\ac006\AC006PART217.pdf,pdf_serial_row_count,ok
2026,6,218,702,,,data\rolls\2026\pdfs\ac006\AC006PART218.pdf,pdf_serial_row_count,ok
2026,6,219,494,,,data\rolls\2026\pdfs\ac006\AC006PART219.pdf,pdf_serial_row_count,ok
2026,6,220,570,,,data\rolls\2026\pdfs\ac006\AC006PART220.pdf,pdf_serial_row_count,ok
2026,6,221,673,,,data\rolls\2026\pdfs\ac006\AC006PART221.pdf,pdf_serial_row_count,ok
2026,6,222,834,,,data\rolls\2026\pdfs\ac006\AC006PART222.pdf,pdf_serial_row_count,ok
2026,6,223,916,,,data\rolls\2026\pdfs\ac006\AC006PART223.pdf,pdf_serial_row_count,ok
2026,6,224,1092,,,data\rolls\2026\pdfs\ac006\AC006PART224.pdf,pdf_serial_row_count,ok
2026,6,225,658,,,data\rolls\2026\pdfs\ac006\AC006PART225.pdf,pdf_serial_row_count,ok
2026,6,226,1176,,,data\rolls\2026\pdfs\ac006\AC006PART226.pdf,pdf_serial_row_count,ok
2026,6,227,1053,,,data\rolls\2026\pdfs\ac006\AC006PART227.pdf,pdf_serial_row_count,ok
2026,6,228,858,,,data\rolls\2026\pdfs\ac006\AC006PART228.pdf,pdf_serial_row_count,ok
2026,6,229,508,,,data\rolls\2026\pdfs\ac006\AC006PART229.pdf,pdf_serial_row_count,ok
2026,6,230,743,,,data\rolls\2026\pdfs\ac006\AC006PART230.pdf,pdf_serial_row_count,ok
2026,6,231,670,,,data\rolls\2026\pdfs\ac006\AC006PART231.pdf,pdf_serial_row_count,ok
2026,6,232,535,,,data\rolls\2026\pdfs\ac006\AC006PART232.pdf,pdf_serial_row_count,ok
2026,6,233,1057,,,data\rolls\2026\pdfs\ac006\AC006PART233.pdf,pdf_serial_row_count,ok
2026,6,234,662,,,data\rolls\2026\pdfs\ac006\AC006PART234.pdf,pdf_serial_row_count,ok
2026,6,235,555,,,data\rolls\2026\pdfs\ac006\AC006PART235.pdf,pdf_serial_row_count,ok
2026,7,1,1079,,,data\rolls\2026\pdfs\ac007\AC007PART001.pdf,pdf_serial_row_count,ok
2026,7,2,972,,,data\rolls\2026\pdfs\ac007\AC007PART002.pdf,pdf_serial_row_count,ok
2026,7,3,608,,,data\rolls\2026\pdfs\ac007\AC007PART003.pdf,pdf_serial_row_count,ok
2026,7,4,647,,,data\rolls\2026\pdfs\ac007\AC007PART004.pdf,pdf_serial_row_count,ok
2026,7,5,874,,,data\rolls\2026\pdfs\ac007\AC007PART005.pdf,pdf_serial_row_count,ok
2026,7,6,701,,,data\rolls\2026\pdfs\ac007\AC007PART006.pdf,pdf_serial_row_count,ok
2026,7,7,816,,,data\rolls\2026\pdfs\ac007\AC007PART007.pdf,pdf_serial_row_count,ok
2026,7,8,980,,,data\rolls\2026\pdfs\ac007\AC007PART008.pdf,pdf_serial_row_count,ok
2026,7,9,652,,,data\rolls\2026\pdfs\ac007\AC007PART009.pdf,pdf_serial_row_count,ok
2026,7,10,633,,,data\rolls\2026\pdfs\ac007\AC007PART010.pdf,pdf_serial_row_count,ok
2026,7,11,874,,,data\rolls\2026\pdfs\ac007\AC007PART011.pdf,pdf_serial_row_count,ok
2026,7,12,782,,,data\rolls\2026\pdfs\ac007\AC007PART012.pdf,pdf_serial_row_count,ok
2026,7,13,632,,,data\rolls\2026\pdfs\ac007\AC007PART013.pdf,pdf_serial_row_count,ok
2026,7,14,1016,,,data\rolls\2026\pdfs\ac007\AC007PART014.pdf,pdf_serial_row_count,ok
2026,7,15,1009,,,data\rolls\2026\pdfs\ac007\AC007PART015.pdf,pdf_serial_row_count,ok
2026,7,16,690,,,data\rolls\2026\pdfs\ac007\AC007PART016.pdf,pdf_serial_row_count,ok
2026,7,17,531,,,data\rolls\2026\pdfs\ac007\AC007PART017.pdf,pdf_serial_row_count,ok
2026,7,18,735,,,data\rolls\2026\pdfs\ac007\AC007PART018.pdf,pdf_serial_row_count,ok
2026,7,19,754,,,data\rolls\2026\pdfs\ac007\AC007PART019.pdf,pdf_serial_row_count,ok
2026,7,20,780,,,data\rolls\2026\pdfs\ac007\AC007PART020.pdf,pdf_serial_row_count,ok
2026,7,21,815,,,data\rolls\2026\pdfs\ac007\AC007PART021.pdf,pdf_serial_row_count,ok
2026,7,22,617,,,data\rolls\2026\pdfs\ac007\AC007PART022.pdf,pdf_serial_row_count,ok
2026,7,23,779,,,data\rolls\2026\pdfs\ac007\AC007PART023.pdf,pdf_serial_row_count,ok
2026,7,24,928,,,data\rolls\2026\pdfs\ac007\AC007PART024.pdf,pdf_serial_row_count,ok
2026,7,25,907,,,data\rolls\2026\pdfs\ac007\AC007PART025.pdf,pdf_serial_row_count,ok
2026,7,26,997,,,data\rolls\2026\pdfs\ac007\AC007PART026.pdf,pdf_serial_row_count,ok
2026,7,27,780,,,data\rolls\2026\pdfs\ac007\AC007PART027.pdf,pdf_serial_row_count,ok
2026,7,28,1149,,,data\rolls\2026\pdfs\ac007\AC007PART028.pdf,pdf_serial_row_count,ok
2026,7,29,926,,,data\rolls\2026\pdfs\ac007\AC007PART029.pdf,pdf_serial_row_count,ok
2026,7,30,665,,,data\rolls\2026\pdfs\ac007\AC007PART030.pdf,pdf_serial_row_count,ok
2026,7,31,848,,,data\rolls\2026\pdfs\ac007\AC007PART031.pdf,pdf_serial_row_count,ok
2026,7,32,609,,,data\rolls\2026\pdfs\ac007\AC007PART032.pdf,pdf_serial_row_count,ok
2026,7,33,932,,,data\rolls\2026\pdfs\ac007\AC007PART033.pdf,pdf_serial_row_count,ok
2026,7,34,695,,,data\rolls\2026\pdfs\ac007\AC007PART034.pdf,pdf_serial_row_count,ok
2026,7,35,873,,,data\rolls\2026\pdfs\ac007\AC007PART035.pdf,pdf_serial_row_count,ok
2026,7,36,973,,,data\rolls\2026\pdfs\ac007\AC007PART036.pdf,pdf_serial_row_count,ok
2026,7,37,1080,,,data\rolls\2026\pdfs\ac007\AC007PART037.pdf,pdf_serial_row_count,ok
2026,7,38,1140,,,data\rolls\2026\pdfs\ac007\AC007PART038.pdf,pdf_serial_row_count,ok
2026,7,39,693,,,data\rolls\2026\pdfs\ac007\AC007PART039.pdf,pdf_serial_row_count,ok
2026,7,40,770,,,data\rolls\2026\pdfs\ac007\AC007PART040.pdf,pdf_serial_row_count,ok
2026,7,41,1197,,,data\rolls\2026\pdfs\ac007\AC007PART041.pdf,pdf_serial_row_count,ok
2026,7,42,1293,,,data\rolls\2026\pdfs\ac007\AC007PART042.pdf,pdf_serial_row_count,ok
2026,7,43,975,,,data\rolls\2026\pdfs\ac007\AC007PART043.pdf,pdf_serial_row_count,ok
2026,7,44,1081,,,data\rolls\2026\pdfs\ac007\AC007PART044.pdf,pdf_serial_row_count,ok
2026,7,45,745,,,data\rolls\2026\pdfs\ac007\AC007PART045.pdf,pdf_serial_row_count,ok
2026,7,46,1284,,,data\rolls\2026\pdfs\ac007\AC007PART046.pdf,pdf_serial_row_count,ok
2026,7,47,1171,,,data\rolls\2026\pdfs\ac007\AC007PART047.pdf,pdf_serial_row_count,ok
2026,7,48,834,,,data\rolls\2026\pdfs\ac007\AC007PART048.pdf,pdf_serial_row_count,ok
2026,7,49,761,,,data\rolls\2026\pdfs\ac007\AC007PART049.pdf,pdf_serial_row_count,ok
2026,7,50,643,,,data\rolls\2026\pdfs\ac007\AC007PART050.pdf,pdf_serial_row_count,ok
2026,7,51,1079,,,data\rolls\2026\pdfs\ac007\AC007PART051.pdf,pdf_serial_row_count,ok
2026,7,52,1145,,,data\rolls\2026\pdfs\ac007\AC007PART052.pdf,pdf_serial_row_count,ok
2026,7,53,609,,,data\rolls\2026\pdfs\ac007\AC007PART053.pdf,pdf_serial_row_count,ok
2026,7,54,670,,,data\rolls\2026\pdfs\ac007\AC007PART054.pdf,pdf_serial_row_count,ok
2026,7,55,413,,,data\rolls\2026\pdfs\ac007\AC007PART055.pdf,pdf_serial_row_count,ok
2026,7,56,830,,,data\rolls\2026\pdfs\ac007\AC007PART056.pdf,pdf_serial_row_count,ok
2026,7,57,513,,,data\rolls\2026\pdfs\ac007\AC007PART057.pdf,pdf_serial_row_count,ok
2026,7,58,501,,,data\rolls\2026\pdfs\ac007\AC007PART058.pdf,pdf_serial_row_count,ok
2026,7,59,1025,,,data\rolls\2026\pdfs\ac007\AC007PART059.pdf,pdf_serial_row_count,ok
2026,7,60,742,,,data\rolls\2026\pdfs\ac007\AC007PART060.pdf,pdf_serial_row_count,ok
2026,7,61,1024,,,data\rolls\2026\pdfs\ac007\AC007PART061.pdf,pdf_serial_row_count,ok
2026,7,62,1064,,,data\rolls\2026\pdfs\ac007\AC007PART062.pdf,pdf_serial_row_count,ok
2026,7,63,888,,,data\rolls\2026\pdfs\ac007\AC007PART063.pdf,pdf_serial_row_count,ok
2026,7,64,703,,,data\rolls\2026\pdfs\ac007\AC007PART064.pdf,pdf_serial_row_count,ok
2026,7,65,565,,,data\rolls\2026\pdfs\ac007\AC007PART065.pdf,pdf_serial_row_count,ok
2026,7,66,834,,,data\rolls\2026\pdfs\ac007\AC007PART066.pdf,pdf_serial_row_count,ok
2026,7,67,1040,,,data\rolls\2026\pdfs\ac007\AC007PART067.pdf,pdf_serial_row_count,ok
2026,7,68,1044,,,data\rolls\2026\pdfs\ac007\AC007PART068.pdf,pdf_serial_row_count,ok
2026,7,69,918,,,data\rolls\2026\pdfs\ac007\AC007PART069.pdf,pdf_serial_row_count,ok
2026,7,70,987,,,data\rolls\2026\pdfs\ac007\AC007PART070.pdf,pdf_serial_row_count,ok
2026,7,71,1010,,,data\rolls\2026\pdfs\ac007\AC007PART071.pdf,pdf_serial_row_count,ok
2026,7,72,1041,,,data\rolls\2026\pdfs\ac007\AC007PART072.pdf,pdf_serial_row_count,ok
2026,7,73,986,,,data\rolls\2026\pdfs\ac007\AC007PART073.pdf,pdf_serial_row_count,ok
2026,7,74,701,,,data\rolls\2026\pdfs\ac007\AC007PART074.pdf,pdf_serial_row_count,ok
2026,7,75,616,,,data\rolls\2026\pdfs\ac007\AC007PART075.pdf,pdf_serial_row_count,ok
2026,7,76,454,,,data\rolls\2026\pdfs\ac007\AC007PART076.pdf,pdf_serial_row_count,ok
2026,7,77,698,,,data\rolls\2026\pdfs\ac007\AC007PART077.pdf,pdf_serial_row_count,ok
2026,7,78,760,,,data\rolls\2026\pdfs\ac007\AC007PART078.pdf,pdf_serial_row_count,ok
2026,7,79,706,,,data\rolls\2026\pdfs\ac007\AC007PART079.pdf,pdf_serial_row_count,ok
2026,7,80,863,,,data\rolls\2026\pdfs\ac007\AC007PART080.pdf,pdf_serial_row_count,ok
2026,7,81,683,,,data\rolls\2026\pdfs\ac007\AC007PART081.pdf,pdf_serial_row_count,ok
2026,7,82,449,,,data\rolls\2026\pdfs\ac007\AC007PART082.pdf,pdf_serial_row_count,ok
2026,7,83,1019,,,data\rolls\2026\pdfs\ac007\AC007PART083.pdf,pdf_serial_row_count,ok
2026,7,84,778,,,data\rolls\2026\pdfs\ac007\AC007PART084.pdf,pdf_serial_row_count,ok
2026,7,85,1523,,,data\rolls\2026\pdfs\ac007\AC007PART085.pdf,pdf_serial_row_count,ok
2026,7,86,1151,,,data\rolls\2026\pdfs\ac007\AC007PART086.pdf,pdf_serial_row_count,ok
2026,7,87,995,,,data\rolls\2026\pdfs\ac007\AC007PART087.pdf,pdf_serial_row_count,ok
2026,7,88,839,,,data\rolls\2026\pdfs\ac007\AC007PART088.pdf,pdf_serial_row_count,ok
2026,7,89,1291,,,data\rolls\2026\pdfs\ac007\AC007PART089.pdf,pdf_serial_row_count,ok
2026,7,90,1153,,,data\rolls\2026\pdfs\ac007\AC007PART090.pdf,pdf_serial_row_count,ok
2026,7,91,697,,,data\rolls\2026\pdfs\ac007\AC007PART091.pdf,pdf_serial_row_count,ok
2026,7,92,845,,,data\rolls\2026\pdfs\ac007\AC007PART092.pdf,pdf_serial_row_count,ok
2026,7,93,730,,,data\rolls\2026\pdfs\ac007\AC007PART093.pdf,pdf_serial_row_count,ok
2026,7,94,737,,,data\rolls\2026\pdfs\ac007\AC007PART094.pdf,pdf_serial_row_count,ok
2026,7,95,465,,,data\rolls\2026\pdfs\ac007\AC007PART095.pdf,pdf_serial_row_count,ok
2026,7,96,1167,,,data\rolls\2026\pdfs\ac007\AC007PART096.pdf,pdf_serial_row_count,ok
2026,7,97,491,,,data\rolls\2026\pdfs\ac007\AC007PART097.pdf,pdf_serial_row_count,ok
2026,7,98,574,,,data\rolls\2026\pdfs\ac007\AC007PART098.pdf,pdf_serial_row_count,ok
2026,7,99,945,,,data\rolls\2026\pdfs\ac007\AC007PART099.pdf,pdf_serial_row_count,ok
2026,7,100,989,,,data\rolls\2026\pdfs\ac007\AC007PART100.pdf,pdf_serial_row_count,ok
2026,7,101,1256,,,data\rolls\2026\pdfs\ac007\AC007PART101.pdf,pdf_serial_row_count,ok
2026,7,102,1007,,,data\rolls\2026\pdfs\ac007\AC007PART102.pdf,pdf_serial_row_count,ok
2026,7,103,816,,,data\rolls\2026\pdfs\ac007\AC007PART103.pdf,pdf_serial_row_count,ok
2026,7,104,499,,,data\rolls\2026\pdfs\ac007\AC007PART104.pdf,pdf_serial_row_count,ok
2026,7,105,816,,,data\rolls\2026\pdfs\ac007\AC007PART105.pdf,pdf_serial_row_count,ok
2026,7,106,853,,,data\rolls\2026\pdfs\ac007\AC007PART106.pdf,pdf_serial_row_count,ok
2026,7,107,1031,,,data\rolls\2026\pdfs\ac007\AC007PART107.pdf,pdf_serial_row_count,ok
2026,7,108,1006,,,data\rolls\2026\pdfs\ac007\AC007PART108.pdf,pdf_serial_row_count,ok
2026,7,109,594,,,data\rolls\2026\pdfs\ac007\AC007PART109.pdf,pdf_serial_row_count,ok
2026,7,110,599,,,data\rolls\2026\pdfs\ac007\AC007PART110.pdf,pdf_serial_row_count,ok
2026,7,111,781,,,data\rolls\2026\pdfs\ac007\AC007PART111.pdf,pdf_serial_row_count,ok
2026,7,112,764,,,data\rolls\2026\pdfs\ac007\AC007PART112.pdf,pdf_serial_row_count,ok
2026,7,113,798,,,data\rolls\2026\pdfs\ac007\AC007PART113.pdf,pdf_serial_row_count,ok
2026,7,114,712,,,data\rolls\2026\pdfs\ac007\AC007PART114.pdf,pdf_serial_row_count,ok
2026,7,115,710,,,data\rolls\2026\pdfs\ac007\AC007PART115.pdf,pdf_serial_row_count,ok
2026,7,116,833,,,data\rolls\2026\pdfs\ac007\AC007PART116.pdf,pdf_serial_row_count,ok
2026,7,117,757,,,data\rolls\2026\pdfs\ac007\AC007PART117.pdf,pdf_serial_row_count,ok
2026,7,118,879,,,data\rolls\2026\pdfs\ac007\AC007PART118.pdf,pdf_serial_row_count,ok
2026,7,119,693,,,data\rolls\2026\pdfs\ac007\AC007PART119.pdf,pdf_serial_row_count,ok
2026,7,120,1046,,,data\rolls\2026\pdfs\ac007\AC007PART120.pdf,pdf_serial_row_count,ok
2026,7,121,760,,,data\rolls\2026\pdfs\ac007\AC007PART121.pdf,pdf_serial_row_count,ok
2026,7,122,880,,,data\rolls\2026\pdfs\ac007\AC007PART122.pdf,pdf_serial_row_count,ok
2026,7,123,455,,,data\rolls\2026\pdfs\ac007\AC007PART123.pdf,pdf_serial_row_count,ok
2026,7,124,1083,,,data\rolls\2026\pdfs\ac007\AC007PART124.pdf,pdf_serial_row_count,ok
2026,7,125,1014,,,data\rolls\2026\pdfs\ac007\AC007PART125.pdf,pdf_serial_row_count,ok
2026,7,126,825,,,data\rolls\2026\pdfs\ac007\AC007PART126.pdf,pdf_serial_row_count,ok
2026,7,127,767,,,data\rolls\2026\pdfs\ac007\AC007PART127.pdf,pdf_serial_row_count,ok
2026,7,128,798,,,data\rolls\2026\pdfs\ac007\AC007PART128.pdf,pdf_serial_row_count,ok
2026,7,129,693,,,data\rolls\2026\pdfs\ac007\AC007PART129.pdf,pdf_serial_row_count,ok
2026,7,130,711,,,data\rolls\2026\pdfs\ac007\AC007PART130.pdf,pdf_serial_row_count,ok
2026,7,131,811,,,data\rolls\2026\pdfs\ac007\AC007PART131.pdf,pdf_serial_row_count,ok
2026,7,132,927,,,data\rolls\2026\pdfs\ac007\AC007PART132.pdf,pdf_serial_row_count,ok
2026,7,133,754,,,data\rolls\2026\pdfs\ac007\AC007PART133.pdf,pdf_serial_row_count,ok
2026,7,134,671,,,data\rolls\2026\pdfs\ac007\AC007PART134.pdf,pdf_serial_row_count,ok
2026,7,135,1011,,,data\rolls\2026\pdfs\ac007\AC007PART135.pdf,pdf_serial_row_count,ok
2026,7,136,592,,,data\rolls\2026\pdfs\ac007\AC007PART136.pdf,pdf_serial_row_count,ok
2026,7,137,780,,,data\rolls\2026\pdfs\ac007\AC007PART137.pdf,pdf_serial_row_count,ok
2026,7,138,866,,,data\rolls\2026\pdfs\ac007\AC007PART138.pdf,pdf_serial_row_count,ok
2026,7,139,739,,,data\rolls\2026\pdfs\ac007\AC007PART139.pdf,pdf_serial_row_count,ok
2026,7,140,458,,,data\rolls\2026\pdfs\ac007\AC007PART140.pdf,pdf_serial_row_count,ok
2026,7,141,633,,,data\rolls\2026\pdfs\ac007\AC007PART141.pdf,pdf_serial_row_count,ok
2026,7,142,1248,,,data\rolls\2026\pdfs\ac007\AC007PART142.pdf,pdf_serial_row_count,ok
2026,7,143,820,,,data\rolls\2026\pdfs\ac007\AC007PART143.pdf,pdf_serial_row_count,ok
2026,7,144,1013,,,data\rolls\2026\pdfs\ac007\AC007PART144.pdf,pdf_serial_row_count,ok
2026,7,145,867,,,data\rolls\2026\pdfs\ac007\AC007PART145.pdf,pdf_serial_row_count,ok
2026,7,146,713,,,data\rolls\2026\pdfs\ac007\AC007PART146.pdf,pdf_serial_row_count,ok
2026,7,147,755,,,data\rolls\2026\pdfs\ac007\AC007PART147.pdf,pdf_serial_row_count,ok
2026,7,148,665,,,data\rolls\2026\pdfs\ac007\AC007PART148.pdf,pdf_serial_row_count,ok
2026,7,149,367,,,data\rolls\2026\pdfs\ac007\AC007PART149.pdf,pdf_serial_row_count,ok
2026,7,150,821,,,data\rolls\2026\pdfs\ac007\AC007PART150.pdf,pdf_serial_row_count,ok
2026,7,151,566,,,data\rolls\2026\pdfs\ac007\AC007PART151.pdf,pdf_serial_row_count,ok
2026,7,152,521,,,data\rolls\2026\pdfs\ac007\AC007PART152.pdf,pdf_serial_row_count,ok
2026,7,153,532,,,data\rolls\2026\pdfs\ac007\AC007PART153.pdf,pdf_serial_row_count,ok
2026,7,154,474,,,data\rolls\2026\pdfs\ac007\AC007PART154.pdf,pdf_serial_row_count,ok
2026,7,155,953,,,data\rolls\2026\pdfs\ac007\AC007PART155.pdf,pdf_serial_row_count,ok
2026,7,156,414,,,data\rolls\2026\pdfs\ac007\AC007PART156.pdf,pdf_serial_row_count,ok
2026,7,157,692,,,data\rolls\2026\pdfs\ac007\AC007PART157.pdf,pdf_serial_row_count,ok
2026,7,158,932,,,data\rolls\2026\pdfs\ac007\AC007PART158.pdf,pdf_serial_row_count,ok
2026,7,159,1523,,,data\rolls\2026\pdfs\ac007\AC007PART159.pdf,pdf_serial_row_count,ok
2026,7,160,800,,,data\rolls\2026\pdfs\ac007\AC007PART160.pdf,pdf_serial_row_count,ok
2026,7,161,782,,,data\rolls\2026\pdfs\ac007\AC007PART161.pdf,pdf_serial_row_count,ok
2026,7,162,954,,,data\rolls\2026\pdfs\ac007\AC007PART162.pdf,pdf_serial_row_count,ok
2026,7,163,1246,,,data\rolls\2026\pdfs\ac007\AC007PART163.pdf,pdf_serial_row_count,ok
2026,7,164,547,,,data\rolls\2026\pdfs\ac007\AC007PART164.pdf,pdf_serial_row_count,ok
2026,7,165,697,,,data\rolls\2026\pdfs\ac007\AC007PART165.pdf,pdf_serial_row_count,ok
2026,7,166,824,,,data\rolls\2026\pdfs\ac007\AC007PART166.pdf,pdf_serial_row_count,ok
2026,7,167,780,,,data\rolls\2026\pdfs\ac007\AC007PART167.pdf,pdf_serial_row_count,ok
2026,7,168,587,,,data\rolls\2026\pdfs\ac007\AC007PART168.pdf,pdf_serial_row_count,ok
2026,7,169,503,,,data\rolls\2026\pdfs\ac007\AC007PART169.pdf,pdf_serial_row_count,ok
2026,7,170,538,,,data\rolls\2026\pdfs\ac007\AC007PART170.pdf,pdf_serial_row_count,ok
2026,7,171,622,,,data\rolls\2026\pdfs\ac007\AC007PART171.pdf,pdf_serial_row_count,ok
2026,7,172,710,,,data\rolls\2026\pdfs\ac007\AC007PART172.pdf,pdf_serial_row_count,ok
2026,7,173,980,,,data\rolls\2026\pdfs\ac007\AC007PART173.pdf,pdf_serial_row_count,ok
2026,7,174,744,,,data\rolls\2026\pdfs\ac007\AC007PART174.pdf,pdf_serial_row_count,ok
2026,7,175,565,,,data\rolls\2026\pdfs\ac007\AC007PART175.pdf,pdf_serial_row_count,ok
2026,7,176,1032,,,data\rolls\2026\pdfs\ac007\AC007PART176.pdf,pdf_serial_row_count,ok
2026,7,177,412,,,data\rolls\2026\pdfs\ac007\AC007PART177.pdf,pdf_serial_row_count,ok
2026,7,178,890,,,data\rolls\2026\pdfs\ac007\AC007PART178.pdf,pdf_serial_row_count,ok
2026,7,179,608,,,data\rolls\2026\pdfs\ac007\AC007PART179.pdf,pdf_serial_row_count,ok
2026,7,180,929,,,data\rolls\2026\pdfs\ac007\AC007PART180.pdf,pdf_serial_row_count,ok
2026,7,181,1076,,,data\rolls\2026\pdfs\ac007\AC007PART181.pdf,pdf_serial_row_count,ok
2026,7,182,852,,,data\rolls\2026\pdfs\ac007\AC007PART182.pdf,pdf_serial_row_count,ok
2026,7,183,1009,,,data\rolls\2026\pdfs\ac007\AC007PART183.pdf,pdf_serial_row_count,ok
2026,7,184,1598,,,data\rolls\2026\pdfs\ac007\AC007PART184.pdf,pdf_serial_row_count,ok
2026,7,185,756,,,data\rolls\2026\pdfs\ac007\AC007PART185.pdf,pdf_serial_row_count,ok
2026,7,186,785,,,data\rolls\2026\pdfs\ac007\AC007PART186.pdf,pdf_serial_row_count,ok
2026,7,187,935,,,data\rolls\2026\pdfs\ac007\AC007PART187.pdf,pdf_serial_row_count,ok
2026,7,188,688,,,data\rolls\2026\pdfs\ac007\AC007PART188.pdf,pdf_serial_row_count,ok
2026,7,189,599,,,data\rolls\2026\pdfs\ac007\AC007PART189.pdf,pdf_serial_row_count,ok
2026,7,190,643,,,data\rolls\2026\pdfs\ac007\AC007PART190.pdf,pdf_serial_row_count,ok
2026,7,191,721,,,data\rolls\2026\pdfs\ac007\AC007PART191.pdf,pdf_serial_row_count,ok
2026,7,192,842,,,data\rolls\2026\pdfs\ac007\AC007PART192.pdf,pdf_serial_row_count,ok
2026,7,193,1056,,,data\rolls\2026\pdfs\ac007\AC007PART193.pdf,pdf_serial_row_count,ok
2026,7,194,890,,,data\rolls\2026\pdfs\ac007\AC007PART194.pdf,pdf_serial_row_count,ok
2026,7,195,919,,,data\rolls\2026\pdfs\ac007\AC007PART195.pdf,pdf_serial_row_count,ok
2026,7,196,1046,,,data\rolls\2026\pdfs\ac007\AC007PART196.pdf,pdf_serial_row_count,ok
2026,7,197,841,,,data\rolls\2026\pdfs\ac007\AC007PART197.pdf,pdf_serial_row_count,ok
2026,7,198,758,,,data\rolls\2026\pdfs\ac007\AC007PART198.pdf,pdf_serial_row_count,ok
2026,7,199,602,,,data\rolls\2026\pdfs\ac007\AC007PART199.pdf,pdf_serial_row_count,ok
2026,7,200,874,,,data\rolls\2026\pdfs\ac007\AC007PART200.pdf,pdf_serial_row_count,ok
2026,7,201,685,,,data\rolls\2026\pdfs\ac007\AC007PART201.pdf,pdf_serial_row_count,ok
2026,7,202,998,,,data\rolls\2026\pdfs\ac007\AC007PART202.pdf,pdf_serial_row_count,ok
2026,7,203,972,,,data\rolls\2026\pdfs\ac007\AC007PART203.pdf,pdf_serial_row_count,ok
2026,7,204,1006,,,data\rolls\2026\pdfs\ac007\AC007PART204.pdf,pdf_serial_row_count,ok
2026,7,205,569,,,data\rolls\2026\pdfs\ac007\AC007PART205.pdf,pdf_serial_row_count,ok
2026,7,206,886,,,data\rolls\2026\pdfs\ac007\AC007PART206.pdf,pdf_serial_row_count,ok
2026,7,207,927,,,data\rolls\2026\pdfs\ac007\AC007PART207.pdf,pdf_serial_row_count,ok
2026,7,208,945,,,data\rolls\2026\pdfs\ac007\AC007PART208.pdf,pdf_serial_row_count,ok
2026,7,209,501,,,data\rolls\2026\pdfs\ac007\AC007PART209.pdf,pdf_serial_row_count,ok
2026,7,210,699,,,data\rolls\2026\pdfs\ac007\AC007PART210.pdf,pdf_serial_row_count,ok
2026,7,211,639,,,data\rolls\2026\pdfs\ac007\AC007PART211.pdf,pdf_serial_row_count,ok
2026,7,212,642,,,data\rolls\2026\pdfs\ac007\AC007PART212.pdf,pdf_serial_row_count,ok
2026,7,213,501,,,data\rolls\2026\pdfs\ac007\AC007PART213.pdf,pdf_serial_row_count,ok
2026,7,214,995,,,data\rolls\2026\pdfs\ac007\AC007PART214.pdf,pdf_serial_row_count,ok
2026,7,215,682,,,data\rolls\2026\pdfs\ac007\AC007PART215.pdf,pdf_serial_row_count,ok
2026,7,216,848,,,data\rolls\2026\pdfs\ac007\AC007PART216.pdf,pdf_serial_row_count,ok
2026,7,217,733,,,data\rolls\2026\pdfs\ac007\AC007PART217.pdf,pdf_serial_row_count,ok
2026,7,218,405,,,data\rolls\2026\pdfs\ac007\AC007PART218.pdf,pdf_serial_row_count,ok
2026,7,219,391,,,data\rolls\2026\pdfs\ac007\AC007PART219.pdf,pdf_serial_row_count,ok
2026,7,220,391,,,data\rolls\2026\pdfs\ac007\AC007PART220.pdf,pdf_serial_row_count,ok
2026,7,221,531,,,data\rolls\2026\pdfs\ac007\AC007PART221.pdf,pdf_serial_row_count,ok
2026,7,222,323,,,data\rolls\2026\pdfs\ac007\AC007PART222.pdf,pdf_serial_row_count,ok
2026,7,223,851,,,data\rolls\2026\pdfs\ac007\AC007PART223.pdf,pdf_serial_row_count,ok
2026,8,1,699,,,data\rolls\2026\pdfs\ac008\AC008PART001.pdf,pdf_serial_row_count,ok
2026,8,2,694,,,data\rolls\2026\pdfs\ac008\AC008PART002.pdf,pdf_serial_row_count,ok
2026,8,3,522,,,data\rolls\2026\pdfs\ac008\AC008PART003.pdf,pdf_serial_row_count,ok
2026,8,4,1048,,,data\rolls\2026\pdfs\ac008\AC008PART004.pdf,pdf_serial_row_count,ok
2026,8,5,523,,,data\rolls\2026\pdfs\ac008\AC008PART005.pdf,pdf_serial_row_count,ok
2026,8,6,848,,,data\rolls\2026\pdfs\ac008\AC008PART006.pdf,pdf_serial_row_count,ok
2026,8,7,1022,,,data\rolls\2026\pdfs\ac008\AC008PART007.pdf,pdf_serial_row_count,ok
2026,8,8,875,,,data\rolls\2026\pdfs\ac008\AC008PART008.pdf,pdf_serial_row_count,ok
2026,8,9,591,,,data\rolls\2026\pdfs\ac008\AC008PART009.pdf,pdf_serial_row_count,ok
2026,8,10,800,,,data\rolls\2026\pdfs\ac008\AC008PART010.pdf,pdf_serial_row_count,ok
2026,8,11,648,,,data\rolls\2026\pdfs\ac008\AC008PART011.pdf,pdf_serial_row_count,ok
2026,8,12,683,,,data\rolls\2026\pdfs\ac008\AC008PART012.pdf,pdf_serial_row_count,ok
2026,8,13,999,,,data\rolls\2026\pdfs\ac008\AC008PART013.pdf,pdf_serial_row_count,ok
2026,8,14,667,,,data\rolls\2026\pdfs\ac008\AC008PART014.pdf,pdf_serial_row_count,ok
2026,8,15,948,,,data\rolls\2026\pdfs\ac008\AC008PART015.pdf,pdf_serial_row_count,ok
2026,8,16,774,,,data\rolls\2026\pdfs\ac008\AC008PART016.pdf,pdf_serial_row_count,ok
2026,8,17,765,,,data\rolls\2026\pdfs\ac008\AC008PART017.pdf,pdf_serial_row_count,ok
2026,8,18,681,,,data\rolls\2026\pdfs\ac008\AC008PART018.pdf,pdf_serial_row_count,ok
2026,8,19,762,,,data\rolls\2026\pdfs\ac008\AC008PART019.pdf,pdf_serial_row_count,ok
2026,8,20,579,,,data\rolls\2026\pdfs\ac008\AC008PART020.pdf,pdf_serial_row_count,ok
2026,8,21,340,,,data\rolls\2026\pdfs\ac008\AC008PART021.pdf,pdf_serial_row_count,ok
2026,8,22,807,,,data\rolls\2026\pdfs\ac008\AC008PART022.pdf,pdf_serial_row_count,ok
2026,8,23,915,,,data\rolls\2026\pdfs\ac008\AC008PART023.pdf,pdf_serial_row_count,ok
2026,8,24,657,,,data\rolls\2026\pdfs\ac008\AC008PART024.pdf,pdf_serial_row_count,ok
2026,8,25,847,,,data\rolls\2026\pdfs\ac008\AC008PART025.pdf,pdf_serial_row_count,ok
2026,8,26,794,,,data\rolls\2026\pdfs\ac008\AC008PART026.pdf,pdf_serial_row_count,ok
2026,8,27,766,,,data\rolls\2026\pdfs\ac008\AC008PART027.pdf,pdf_serial_row_count,ok
2026,8,28,472,,,data\rolls\2026\pdfs\ac008\AC008PART028.pdf,pdf_serial_row_count,ok
2026,8,29,835,,,data\rolls\2026\pdfs\ac008\AC008PART029.pdf,pdf_serial_row_count,ok
2026,8,30,761,,,data\rolls\2026\pdfs\ac008\AC008PART030.pdf,pdf_serial_row_count,ok
2026,8,31,583,,,data\rolls\2026\pdfs\ac008\AC008PART031.pdf,pdf_serial_row_count,ok
2026,8,32,750,,,data\rolls\2026\pdfs\ac008\AC008PART032.pdf,pdf_serial_row_count,ok
2026,8,33,790,,,data\rolls\2026\pdfs\ac008\AC008PART033.pdf,pdf_serial_row_count,ok
2026,8,34,681,,,data\rolls\2026\pdfs\ac008\AC008PART034.pdf,pdf_serial_row_count,ok
2026,8,35,561,,,data\rolls\2026\pdfs\ac008\AC008PART035.pdf,pdf_serial_row_count,ok
2026,8,36,922,,,data\rolls\2026\pdfs\ac008\AC008PART036.pdf,pdf_serial_row_count,ok
2026,8,37,576,,,data\rolls\2026\pdfs\ac008\AC008PART037.pdf,pdf_serial_row_count,ok
2026,8,38,1094,,,data\rolls\2026\pdfs\ac008\AC008PART038.pdf,pdf_serial_row_count,ok
2026,8,39,1092,,,data\rolls\2026\pdfs\ac008\AC008PART039.pdf,pdf_serial_row_count,ok
2026,8,40,704,,,data\rolls\2026\pdfs\ac008\AC008PART040.pdf,pdf_serial_row_count,ok
2026,8,41,695,,,data\rolls\2026\pdfs\ac008\AC008PART041.pdf,pdf_serial_row_count,ok
2026,8,42,529,,,data\rolls\2026\pdfs\ac008\AC008PART042.pdf,pdf_serial_row_count,ok
2026,8,43,693,,,data\rolls\2026\pdfs\ac008\AC008PART043.pdf,pdf_serial_row_count,ok
2026,8,44,736,,,data\rolls\2026\pdfs\ac008\AC008PART044.pdf,pdf_serial_row_count,ok
2026,8,45,721,,,data\rolls\2026\pdfs\ac008\AC008PART045.pdf,pdf_serial_row_count,ok
2026,8,46,520,,,data\rolls\2026\pdfs\ac008\AC008PART046.pdf,pdf_serial_row_count,ok
2026,8,47,515,,,data\rolls\2026\pdfs\ac008\AC008PART047.pdf,pdf_serial_row_count,ok
2026,8,48,740,,,data\rolls\2026\pdfs\ac008\AC008PART048.pdf,pdf_serial_row_count,ok
2026,8,49,1060,,,data\rolls\2026\pdfs\ac008\AC008PART049.pdf,pdf_serial_row_count,ok
2026,8,50,607,,,data\rolls\2026\pdfs\ac008\AC008PART050.pdf,pdf_serial_row_count,ok
2026,8,51,680,,,data\rolls\2026\pdfs\ac008\AC008PART051.pdf,pdf_serial_row_count,ok
2026,8,52,932,,,data\rolls\2026\pdfs\ac008\AC008PART052.pdf,pdf_serial_row_count,ok
2026,8,53,632,,,data\rolls\2026\pdfs\ac008\AC008PART053.pdf,pdf_serial_row_count,ok
2026,8,54,993,,,data\rolls\2026\pdfs\ac008\AC008PART054.pdf,pdf_serial_row_count,ok
2026,8,55,581,,,data\rolls\2026\pdfs\ac008\AC008PART055.pdf,pdf_serial_row_count,ok
2026,8,56,562,,,data\rolls\2026\pdfs\ac008\AC008PART056.pdf,pdf_serial_row_count,ok
2026,8,57,907,,,data\rolls\2026\pdfs\ac008\AC008PART057.pdf,pdf_serial_row_count,ok
2026,8,58,860,,,data\rolls\2026\pdfs\ac008\AC008PART058.pdf,pdf_serial_row_count,ok
2026,8,59,560,,,data\rolls\2026\pdfs\ac008\AC008PART059.pdf,pdf_serial_row_count,ok
2026,8,60,926,,,data\rolls\2026\pdfs\ac008\AC008PART060.pdf,pdf_serial_row_count,ok
2026,8,61,588,,,data\rolls\2026\pdfs\ac008\AC008PART061.pdf,pdf_serial_row_count,ok
2026,8,62,644,,,data\rolls\2026\pdfs\ac008\AC008PART062.pdf,pdf_serial_row_count,ok
2026,8,63,645,,,data\rolls\2026\pdfs\ac008\AC008PART063.pdf,pdf_serial_row_count,ok
2026,8,64,1003,,,data\rolls\2026\pdfs\ac008\AC008PART064.pdf,pdf_serial_row_count,ok
2026,8,65,832,,,data\rolls\2026\pdfs\ac008\AC008PART065.pdf,pdf_serial_row_count,ok
2026,8,66,631,,,data\rolls\2026\pdfs\ac008\AC008PART066.pdf,pdf_serial_row_count,ok
2026,8,67,760,,,data\rolls\2026\pdfs\ac008\AC008PART067.pdf,pdf_serial_row_count,ok
2026,8,68,487,,,data\rolls\2026\pdfs\ac008\AC008PART068.pdf,pdf_serial_row_count,ok
2026,8,69,559,,,data\rolls\2026\pdfs\ac008\AC008PART069.pdf,pdf_serial_row_count,ok
2026,8,70,589,,,data\rolls\2026\pdfs\ac008\AC008PART070.pdf,pdf_serial_row_count,ok
2026,8,71,918,,,data\rolls\2026\pdfs\ac008\AC008PART071.pdf,pdf_serial_row_count,ok
2026,8,72,1105,,,data\rolls\2026\pdfs\ac008\AC008PART072.pdf,pdf_serial_row_count,ok
2026,8,73,815,,,data\rolls\2026\pdfs\ac008\AC008PART073.pdf,pdf_serial_row_count,ok
2026,8,74,850,,,data\rolls\2026\pdfs\ac008\AC008PART074.pdf,pdf_serial_row_count,ok
2026,8,75,656,,,data\rolls\2026\pdfs\ac008\AC008PART075.pdf,pdf_serial_row_count,ok
2026,8,76,601,,,data\rolls\2026\pdfs\ac008\AC008PART076.pdf,pdf_serial_row_count,ok
2026,8,77,344,,,data\rolls\2026\pdfs\ac008\AC008PART077.pdf,pdf_serial_row_count,ok
2026,8,78,664,,,data\rolls\2026\pdfs\ac008\AC008PART078.pdf,pdf_serial_row_count,ok
2026,8,79,582,,,data\rolls\2026\pdfs\ac008\AC008PART079.pdf,pdf_serial_row_count,ok
2026,8,80,560,,,data\rolls\2026\pdfs\ac008\AC008PART080.pdf,pdf_serial_row_count,ok
2026,8,81,827,,,data\rolls\2026\pdfs\ac008\AC008PART081.pdf,pdf_serial_row_count,ok
2026,8,82,896,,,data\rolls\2026\pdfs\ac008\AC008PART082.pdf,pdf_serial_row_count,ok
2026,8,83,688,,,data\rolls\2026\pdfs\ac008\AC008PART083.pdf,pdf_serial_row_count,ok
2026,8,84,578,,,data\rolls\2026\pdfs\ac008\AC008PART084.pdf,pdf_serial_row_count,ok
2026,8,85,980,,,data\rolls\2026\pdfs\ac008\AC008PART085.pdf,pdf_serial_row_count,ok
2026,8,86,1118,,,data\rolls\2026\pdfs\ac008\AC008PART086.pdf,pdf_serial_row_count,ok
2026,8,87,801,,,data\rolls\2026\pdfs\ac008\AC008PART087.pdf,pdf_serial_row_count,ok
2026,8,88,786,,,data\rolls\2026\pdfs\ac008\AC008PART088.pdf,pdf_serial_row_count,ok
2026,8,89,929,,,data\rolls\2026\pdfs\ac008\AC008PART089.pdf,pdf_serial_row_count,ok
2026,8,90,1179,,,data\rolls\2026\pdfs\ac008\AC008PART090.pdf,pdf_serial_row_count,ok
2026,8,91,624,,,data\rolls\2026\pdfs\ac008\AC008PART091.pdf,pdf_serial_row_count,ok
2026,8,92,651,,,data\rolls\2026\pdfs\ac008\AC008PART092.pdf,pdf_serial_row_count,ok
2026,8,93,665,,,data\rolls\2026\pdfs\ac008\AC008PART093.pdf,pdf_serial_row_count,ok
2026,8,94,621,,,data\rolls\2026\pdfs\ac008\AC008PART094.pdf,pdf_serial_row_count,ok
2026,8,95,1142,,,data\rolls\2026\pdfs\ac008\AC008PART095.pdf,pdf_serial_row_count,ok
2026,8,96,979,,,data\rolls\2026\pdfs\ac008\AC008PART096.pdf,pdf_serial_row_count,ok
2026,8,97,921,,,data\rolls\2026\pdfs\ac008\AC008PART097.pdf,pdf_serial_row_count,ok
2026,8,98,808,,,data\rolls\2026\pdfs\ac008\AC008PART098.pdf,pdf_serial_row_count,ok
2026,8,99,478,,,data\rolls\2026\pdfs\ac008\AC008PART099.pdf,pdf_serial_row_count,ok
2026,8,100,1154,,,data\rolls\2026\pdfs\ac008\AC008PART100.pdf,pdf_serial_row_count,ok
2026,8,101,666,,,data\rolls\2026\pdfs\ac008\AC008PART101.pdf,pdf_serial_row_count,ok
2026,8,102,948,,,data\rolls\2026\pdfs\ac008\AC008PART102.pdf,pdf_serial_row_count,ok
2026,8,103,853,,,data\rolls\2026\pdfs\ac008\AC008PART103.pdf,pdf_serial_row_count,ok
2026,8,104,800,,,data\rolls\2026\pdfs\ac008\AC008PART104.pdf,pdf_serial_row_count,ok
2026,8,105,857,,,data\rolls\2026\pdfs\ac008\AC008PART105.pdf,pdf_serial_row_count,ok
2026,8,106,890,,,data\rolls\2026\pdfs\ac008\AC008PART106.pdf,pdf_serial_row_count,ok
2026,8,107,914,,,data\rolls\2026\pdfs\ac008\AC008PART107.pdf,pdf_serial_row_count,ok
2026,8,108,564,,,data\rolls\2026\pdfs\ac008\AC008PART108.pdf,pdf_serial_row_count,ok
2026,8,109,719,,,data\rolls\2026\pdfs\ac008\AC008PART109.pdf,pdf_serial_row_count,ok
2026,8,110,751,,,data\rolls\2026\pdfs\ac008\AC008PART110.pdf,pdf_serial_row_count,ok
2026,8,111,634,,,data\rolls\2026\pdfs\ac008\AC008PART111.pdf,pdf_serial_row_count,ok
2026,8,112,634,,,data\rolls\2026\pdfs\ac008\AC008PART112.pdf,pdf_serial_row_count,ok
2026,8,113,925,,,data\rolls\2026\pdfs\ac008\AC008PART113.pdf,pdf_serial_row_count,ok
2026,8,114,1161,,,data\rolls\2026\pdfs\ac008\AC008PART114.pdf,pdf_serial_row_count,ok
2026,8,115,667,,,data\rolls\2026\pdfs\ac008\AC008PART115.pdf,pdf_serial_row_count,ok
2026,8,116,592,,,data\rolls\2026\pdfs\ac008\AC008PART116.pdf,pdf_serial_row_count,ok
2026,8,117,1082,,,data\rolls\2026\pdfs\ac008\AC008PART117.pdf,pdf_serial_row_count,ok
2026,8,118,544,,,data\rolls\2026\pdfs\ac008\AC008PART118.pdf,pdf_serial_row_count,ok
2026,8,119,1104,,,data\rolls\2026\pdfs\ac008\AC008PART119.pdf,pdf_serial_row_count,ok
2026,8,120,1079,,,data\rolls\2026\pdfs\ac008\AC008PART120.pdf,pdf_serial_row_count,ok
2026,8,121,779,,,data\rolls\2026\pdfs\ac008\AC008PART121.pdf,pdf_serial_row_count,ok
2026,8,122,804,,,data\rolls\2026\pdfs\ac008\AC008PART122.pdf,pdf_serial_row_count,ok
2026,8,123,733,,,data\rolls\2026\pdfs\ac008\AC008PART123.pdf,pdf_serial_row_count,ok
2026,8,124,800,,,data\rolls\2026\pdfs\ac008\AC008PART124.pdf,pdf_serial_row_count,ok
2026,8,125,450,,,data\rolls\2026\pdfs\ac008\AC008PART125.pdf,pdf_serial_row_count,ok
2026,8,126,940,,,data\rolls\2026\pdfs\ac008\AC008PART126.pdf,pdf_serial_row_count,ok
2026,8,127,705,,,data\rolls\2026\pdfs\ac008\AC008PART127.pdf,pdf_serial_row_count,ok
2026,8,128,399,,,data\rolls\2026\pdfs\ac008\AC008PART128.pdf,pdf_serial_row_count,ok
2026,8,129,1077,,,data\rolls\2026\pdfs\ac008\AC008PART129.pdf,pdf_serial_row_count,ok
2026,8,130,606,,,data\rolls\2026\pdfs\ac008\AC008PART130.pdf,pdf_serial_row_count,ok
2026,8,131,749,,,data\rolls\2026\pdfs\ac008\AC008PART131.pdf,pdf_serial_row_count,ok
2026,8,132,498,,,data\rolls\2026\pdfs\ac008\AC008PART132.pdf,pdf_serial_row_count,ok
2026,8,133,924,,,data\rolls\2026\pdfs\ac008\AC008PART133.pdf,pdf_serial_row_count,ok
2026,8,134,887,,,data\rolls\2026\pdfs\ac008\AC008PART134.pdf,pdf_serial_row_count,ok
2026,8,135,983,,,data\rolls\2026\pdfs\ac008\AC008PART135.pdf,pdf_serial_row_count,ok
2026,8,136,424,,,data\rolls\2026\pdfs\ac008\AC008PART136.pdf,pdf_serial_row_count,ok
2026,8,137,601,,,data\rolls\2026\pdfs\ac008\AC008PART137.pdf,pdf_serial_row_count,ok
2026,8,138,776,,,data\rolls\2026\pdfs\ac008\AC008PART138.pdf,pdf_serial_row_count,ok
2026,8,139,573,,,data\rolls\2026\pdfs\ac008\AC008PART139.pdf,pdf_serial_row_count,ok
2026,8,140,943,,,data\rolls\2026\pdfs\ac008\AC008PART140.pdf,pdf_serial_row_count,ok
2026,8,141,1045,,,data\rolls\2026\pdfs\ac008\AC008PART141.pdf,pdf_serial_row_count,ok
2026,8,142,684,,,data\rolls\2026\pdfs\ac008\AC008PART142.pdf,pdf_serial_row_count,ok
2026,8,143,866,,,data\rolls\2026\pdfs\ac008\AC008PART143.pdf,pdf_serial_row_count,ok
2026,8,144,1001,,,data\rolls\2026\pdfs\ac008\AC008PART144.pdf,pdf_serial_row_count,ok
2026,8,145,879,,,data\rolls\2026\pdfs\ac008\AC008PART145.pdf,pdf_serial_row_count,ok
2026,8,146,697,,,data\rolls\2026\pdfs\ac008\AC008PART146.pdf,pdf_serial_row_count,ok
2026,8,147,875,,,data\rolls\2026\pdfs\ac008\AC008PART147.pdf,pdf_serial_row_count,ok
2026,8,148,467,,,data\rolls\2026\pdfs\ac008\AC008PART148.pdf,pdf_serial_row_count,ok
2026,8,149,814,,,data\rolls\2026\pdfs\ac008\AC008PART149.pdf,pdf_serial_row_count,ok
2026,8,150,572,,,data\rolls\2026\pdfs\ac008\AC008PART150.pdf,pdf_serial_row_count,ok
2026,8,151,655,,,data\rolls\2026\pdfs\ac008\AC008PART151.pdf,pdf_serial_row_count,ok
2026,8,152,685,,,data\rolls\2026\pdfs\ac008\AC008PART152.pdf,pdf_serial_row_count,ok
2026,8,153,941,,,data\rolls\2026\pdfs\ac008\AC008PART153.pdf,pdf_serial_row_count,ok
2026,8,154,742,,,data\rolls\2026\pdfs\ac008\AC008PART154.pdf,pdf_serial_row_count,ok
2026,8,155,446,,,data\rolls\2026\pdfs\ac008\AC008PART155.pdf,pdf_serial_row_count,ok
2026,8,156,1046,,,data\rolls\2026\pdfs\ac008\AC008PART156.pdf,pdf_serial_row_count,ok
2026,8,157,683,,,data\rolls\2026\pdfs\ac008\AC008PART157.pdf,pdf_serial_row_count,ok
2026,8,158,891,,,data\rolls\2026\pdfs\ac008\AC008PART158.pdf,pdf_serial_row_count,ok
2026,8,159,555,,,data\rolls\2026\pdfs\ac008\AC008PART159.pdf,pdf_serial_row_count,ok
2026,8,160,617,,,data\rolls\2026\pdfs\ac008\AC008PART160.pdf,pdf_serial_row_count,ok
2026,8,161,819,,,data\rolls\2026\pdfs\ac008\AC008PART161.pdf,pdf_serial_row_count,ok
2026,8,162,769,,,data\rolls\2026\pdfs\ac008\AC008PART162.pdf,pdf_serial_row_count,ok
2026,8,163,902,,,data\rolls\2026\pdfs\ac008\AC008PART163.pdf,pdf_serial_row_count,ok
2026,8,164,591,,,data\rolls\2026\pdfs\ac008\AC008PART164.pdf,pdf_serial_row_count,ok
2026,8,165,611,,,data\rolls\2026\pdfs\ac008\AC008PART165.pdf,pdf_serial_row_count,ok
2026,8,166,626,,,data\rolls\2026\pdfs\ac008\AC008PART166.pdf,pdf_serial_row_count,ok
2026,8,167,958,,,data\rolls\2026\pdfs\ac008\AC008PART167.pdf,pdf_serial_row_count,ok
2026,8,168,1074,,,data\rolls\2026\pdfs\ac008\AC008PART168.pdf,pdf_serial_row_count,ok
2026,8,169,593,,,data\rolls\2026\pdfs\ac008\AC008PART169.pdf,pdf_serial_row_count,ok
2026,8,170,871,,,data\rolls\2026\pdfs\ac008\AC008PART170.pdf,pdf_serial_row_count,ok
2026,8,171,636,,,data\rolls\2026\pdfs\ac008\AC008PART171.pdf,pdf_serial_row_count,ok
2026,8,172,857,,,data\rolls\2026\pdfs\ac008\AC008PART172.pdf,pdf_serial_row_count,ok
2026,8,173,654,,,data\rolls\2026\pdfs\ac008\AC008PART173.pdf,pdf_serial_row_count,ok
2026,8,174,689,,,data\rolls\2026\pdfs\ac008\AC008PART174.pdf,pdf_serial_row_count,ok
2026,8,175,796,,,data\rolls\2026\pdfs\ac008\AC008PART175.pdf,pdf_serial_row_count,ok
2026,8,176,1019,,,data\rolls\2026\pdfs\ac008\AC008PART176.pdf,pdf_serial_row_count,ok
2026,8,177,713,,,data\rolls\2026\pdfs\ac008\AC008PART177.pdf,pdf_serial_row_count,ok
2026,8,178,727,,,data\rolls\2026\pdfs\ac008\AC008PART178.pdf,pdf_serial_row_count,ok
2026,8,179,739,,,data\rolls\2026\pdfs\ac008\AC008PART179.pdf,pdf_serial_row_count,ok
2026,8,180,1076,,,data\rolls\2026\pdfs\ac008\AC008PART180.pdf,pdf_serial_row_count,ok
2026,8,181,563,,,data\rolls\2026\pdfs\ac008\AC008PART181.pdf,pdf_serial_row_count,ok
2026,8,182,754,,,data\rolls\2026\pdfs\ac008\AC008PART182.pdf,pdf_serial_row_count,ok
2026,8,183,1124,,,data\rolls\2026\pdfs\ac008\AC008PART183.pdf,pdf_serial_row_count,ok
2026,8,184,875,,,data\rolls\2026\pdfs\ac008\AC008PART184.pdf,pdf_serial_row_count,ok
2026,8,185,655,,,data\rolls\2026\pdfs\ac008\AC008PART185.pdf,pdf_serial_row_count,ok
2026,8,186,790,,,data\rolls\2026\pdfs\ac008\AC008PART186.pdf,pdf_serial_row_count,ok
2026,9,1,746,,,data\rolls\2026\pdfs\ac009\AC009PART001.pdf,pdf_serial_row_count,ok
2026,9,2,999,,,data\rolls\2026\pdfs\ac009\AC009PART002.pdf,pdf_serial_row_count,ok
2026,9,3,975,,,data\rolls\2026\pdfs\ac009\AC009PART003.pdf,pdf_serial_row_count,ok
2026,9,4,702,,,data\rolls\2026\pdfs\ac009\AC009PART004.pdf,pdf_serial_row_count,ok
2026,9,5,586,,,data\rolls\2026\pdfs\ac009\AC009PART005.pdf,pdf_serial_row_count,ok
2026,9,6,954,,,data\rolls\2026\pdfs\ac009\AC009PART006.pdf,pdf_serial_row_count,ok
2026,9,7,702,,,data\rolls\2026\pdfs\ac009\AC009PART007.pdf,pdf_serial_row_count,ok
2026,9,8,477,,,data\rolls\2026\pdfs\ac009\AC009PART008.pdf,pdf_serial_row_count,ok
2026,9,9,773,,,data\rolls\2026\pdfs\ac009\AC009PART009.pdf,pdf_serial_row_count,ok
2026,9,10,832,,,data\rolls\2026\pdfs\ac009\AC009PART010.pdf,pdf_serial_row_count,ok
2026,9,11,817,,,data\rolls\2026\pdfs\ac009\AC009PART011.pdf,pdf_serial_row_count,ok
2026,9,12,1140,,,data\rolls\2026\pdfs\ac009\AC009PART012.pdf,pdf_serial_row_count,ok
2026,9,13,982,,,data\rolls\2026\pdfs\ac009\AC009PART013.pdf,pdf_serial_row_count,ok
2026,9,14,948,,,data\rolls\2026\pdfs\ac009\AC009PART014.pdf,pdf_serial_row_count,ok
2026,9,15,807,,,data\rolls\2026\pdfs\ac009\AC009PART015.pdf,pdf_serial_row_count,ok
2026,9,16,996,,,data\rolls\2026\pdfs\ac009\AC009PART016.pdf,pdf_serial_row_count,ok
2026,9,17,382,,,data\rolls\2026\pdfs\ac009\AC009PART017.pdf,pdf_serial_row_count,ok
2026,9,18,895,,,data\rolls\2026\pdfs\ac009\AC009PART018.pdf,pdf_serial_row_count,ok
2026,9,19,762,,,data\rolls\2026\pdfs\ac009\AC009PART019.pdf,pdf_serial_row_count,ok
2026,9,20,866,,,data\rolls\2026\pdfs\ac009\AC009PART020.pdf,pdf_serial_row_count,ok
2026,9,21,637,,,data\rolls\2026\pdfs\ac009\AC009PART021.pdf,pdf_serial_row_count,ok
2026,9,22,735,,,data\rolls\2026\pdfs\ac009\AC009PART022.pdf,pdf_serial_row_count,ok
2026,9,23,617,,,data\rolls\2026\pdfs\ac009\AC009PART023.pdf,pdf_serial_row_count,ok
2026,9,24,811,,,data\rolls\2026\pdfs\ac009\AC009PART024.pdf,pdf_serial_row_count,ok
2026,9,25,1020,,,data\rolls\2026\pdfs\ac009\AC009PART025.pdf,pdf_serial_row_count,ok
2026,9,26,741,,,data\rolls\2026\pdfs\ac009\AC009PART026.pdf,pdf_serial_row_count,ok
2026,9,27,843,,,data\rolls\2026\pdfs\ac009\AC009PART027.pdf,pdf_serial_row_count,ok
2026,9,28,910,,,data\rolls\2026\pdfs\ac009\AC009PART028.pdf,pdf_serial_row_count,ok
2026,9,29,916,,,data\rolls\2026\pdfs\ac009\AC009PART029.pdf,pdf_serial_row_count,ok
2026,9,30,576,,,data\rolls\2026\pdfs\ac009\AC009PART030.pdf,pdf_serial_row_count,ok
2026,9,31,1159,,,data\rolls\2026\pdfs\ac009\AC009PART031.pdf,pdf_serial_row_count,ok
2026,9,32,773,,,data\rolls\2026\pdfs\ac009\AC009PART032.pdf,pdf_serial_row_count,ok
2026,9,33,837,,,data\rolls\2026\pdfs\ac009\AC009PART033.pdf,pdf_serial_row_count,ok
2026,9,34,1054,,,data\rolls\2026\pdfs\ac009\AC009PART034.pdf,pdf_serial_row_count,ok
2026,9,35,927,,,data\rolls\2026\pdfs\ac009\AC009PART035.pdf,pdf_serial_row_count,ok
2026,9,36,794,,,data\rolls\2026\pdfs\ac009\AC009PART036.pdf,pdf_serial_row_count,ok
2026,9,37,1114,,,data\rolls\2026\pdfs\ac009\AC009PART037.pdf,pdf_serial_row_count,ok
2026,9,38,852,,,data\rolls\2026\pdfs\ac009\AC009PART038.pdf,pdf_serial_row_count,ok
2026,9,39,980,,,data\rolls\2026\pdfs\ac009\AC009PART039.pdf,pdf_serial_row_count,ok
2026,9,40,1058,,,data\rolls\2026\pdfs\ac009\AC009PART040.pdf,pdf_serial_row_count,ok
2026,9,41,1082,,,data\rolls\2026\pdfs\ac009\AC009PART041.pdf,pdf_serial_row_count,ok
2026,9,42,675,,,data\rolls\2026\pdfs\ac009\AC009PART042.pdf,pdf_serial_row_count,ok
2026,9,43,922,,,data\rolls\2026\pdfs\ac009\AC009PART043.pdf,pdf_serial_row_count,ok
2026,9,44,702,,,data\rolls\2026\pdfs\ac009\AC009PART044.pdf,pdf_serial_row_count,ok
2026,9,45,937,,,data\rolls\2026\pdfs\ac009\AC009PART045.pdf,pdf_serial_row_count,ok
2026,9,46,683,,,data\rolls\2026\pdfs\ac009\AC009PART046.pdf,pdf_serial_row_count,ok
2026,9,47,957,,,data\rolls\2026\pdfs\ac009\AC009PART047.pdf,pdf_serial_row_count,ok
2026,9,48,506,,,data\rolls\2026\pdfs\ac009\AC009PART048.pdf,pdf_serial_row_count,ok
2026,9,49,623,,,data\rolls\2026\pdfs\ac009\AC009PART049.pdf,pdf_serial_row_count,ok
2026,9,50,923,,,data\rolls\2026\pdfs\ac009\AC009PART050.pdf,pdf_serial_row_count,ok
2026,9,51,826,,,data\rolls\2026\pdfs\ac009\AC009PART051.pdf,pdf_serial_row_count,ok
2026,9,52,804,,,data\rolls\2026\pdfs\ac009\AC009PART052.pdf,pdf_serial_row_count,ok
2026,9,53,610,,,data\rolls\2026\pdfs\ac009\AC009PART053.pdf,pdf_serial_row_count,ok
2026,9,54,755,,,data\rolls\2026\pdfs\ac009\AC009PART054.pdf,pdf_serial_row_count,ok
2026,9,55,666,,,data\rolls\2026\pdfs\ac009\AC009PART055.pdf,pdf_serial_row_count,ok
2026,9,56,674,,,data\rolls\2026\pdfs\ac009\AC009PART056.pdf,pdf_serial_row_count,ok
2026,9,57,996,,,data\rolls\2026\pdfs\ac009\AC009PART057.pdf,pdf_serial_row_count,ok
2026,9,58,387,,,data\rolls\2026\pdfs\ac009\AC009PART058.pdf,pdf_serial_row_count,ok
2026,9,59,1037,,,data\rolls\2026\pdfs\ac009\AC009PART059.pdf,pdf_serial_row_count,ok
2026,9,60,750,,,data\rolls\2026\pdfs\ac009\AC009PART060.pdf,pdf_serial_row_count,ok
2026,9,61,389,,,data\rolls\2026\pdfs\ac009\AC009PART061.pdf,pdf_serial_row_count,ok
2026,9,62,503,,,data\rolls\2026\pdfs\ac009\AC009PART062.pdf,pdf_serial_row_count,ok
2026,9,63,972,,,data\rolls\2026\pdfs\ac009\AC009PART063.pdf,pdf_serial_row_count,ok
2026,9,64,938,,,data\rolls\2026\pdfs\ac009\AC009PART064.pdf,pdf_serial_row_count,ok
2026,9,65,775,,,data\rolls\2026\pdfs\ac009\AC009PART065.pdf,pdf_serial_row_count,ok
2026,9,66,1076,,,data\rolls\2026\pdfs\ac009\AC009PART066.pdf,pdf_serial_row_count,ok
2026,9,67,787,,,data\rolls\2026\pdfs\ac009\AC009PART067.pdf,pdf_serial_row_count,ok
2026,9,68,682,,,data\rolls\2026\pdfs\ac009\AC009PART068.pdf,pdf_serial_row_count,ok
2026,9,69,707,,,data\rolls\2026\pdfs\ac009\AC009PART069.pdf,pdf_serial_row_count,ok
2026,9,70,490,,,data\rolls\2026\pdfs\ac009\AC009PART070.pdf,pdf_serial_row_count,ok
2026,9,71,488,,,data\rolls\2026\pdfs\ac009\AC009PART071.pdf,pdf_serial_row_count,ok
2026,9,72,887,,,data\rolls\2026\pdfs\ac009\AC009PART072.pdf,pdf_serial_row_count,ok
2026,9,73,711,,,data\rolls\2026\pdfs\ac009\AC009PART073.pdf,pdf_serial_row_count,ok
2026,9,74,944,,,data\rolls\2026\pdfs\ac009\AC009PART074.pdf,pdf_serial_row_count,ok
2026,9,75,633,,,data\rolls\2026\pdfs\ac009\AC009PART075.pdf,pdf_serial_row_count,ok
2026,9,76,849,,,data\rolls\2026\pdfs\ac009\AC009PART076.pdf,pdf_serial_row_count,ok
2026,9,77,669,,,data\rolls\2026\pdfs\ac009\AC009PART077.pdf,pdf_serial_row_count,ok
2026,9,78,640,,,data\rolls\2026\pdfs\ac009\AC009PART078.pdf,pdf_serial_row_count,ok
2026,9,79,670,,,data\rolls\2026\pdfs\ac009\AC009PART079.pdf,pdf_serial_row_count,ok
2026,9,80,403,,,data\rolls\2026\pdfs\ac009\AC009PART080.pdf,pdf_serial_row_count,ok
2026,9,81,997,,,data\rolls\2026\pdfs\ac009\AC009PART081.pdf,pdf_serial_row_count,ok
2026,9,82,717,,,data\rolls\2026\pdfs\ac009\AC009PART082.pdf,pdf_serial_row_count,ok
2026,9,83,777,,,data\rolls\2026\pdfs\ac009\AC009PART083.pdf,pdf_serial_row_count,ok
2026,9,84,818,,,data\rolls\2026\pdfs\ac009\AC009PART084.pdf,pdf_serial_row_count,ok
2026,9,85,575,,,data\rolls\2026\pdfs\ac009\AC009PART085.pdf,pdf_serial_row_count,ok
2026,9,86,708,,,data\rolls\2026\pdfs\ac009\AC009PART086.pdf,pdf_serial_row_count,ok
2026,9,87,557,,,data\rolls\2026\pdfs\ac009\AC009PART087.pdf,pdf_serial_row_count,ok
2026,9,88,361,,,data\rolls\2026\pdfs\ac009\AC009PART088.pdf,pdf_serial_row_count,ok
2026,9,89,711,,,data\rolls\2026\pdfs\ac009\AC009PART089.pdf,pdf_serial_row_count,ok
2026,9,90,822,,,data\rolls\2026\pdfs\ac009\AC009PART090.pdf,pdf_serial_row_count,ok
2026,9,91,655,,,data\rolls\2026\pdfs\ac009\AC009PART091.pdf,pdf_serial_row_count,ok
2026,9,92,621,,,data\rolls\2026\pdfs\ac009\AC009PART092.pdf,pdf_serial_row_count,ok
2026,9,93,695,,,data\rolls\2026\pdfs\ac009\AC009PART093.pdf,pdf_serial_row_count,ok
2026,9,94,1141,,,data\rolls\2026\pdfs\ac009\AC009PART094.pdf,pdf_serial_row_count,ok
2026,9,95,630,,,data\rolls\2026\pdfs\ac009\AC009PART095.pdf,pdf_serial_row_count,ok
2026,9,96,901,,,data\rolls\2026\pdfs\ac009\AC009PART096.pdf,pdf_serial_row_count,ok
2026,9,97,1060,,,data\rolls\2026\pdfs\ac009\AC009PART097.pdf,pdf_serial_row_count,ok
2026,9,98,1004,,,data\rolls\2026\pdfs\ac009\AC009PART098.pdf,pdf_serial_row_count,ok
2026,9,99,1000,,,data\rolls\2026\pdfs\ac009\AC009PART099.pdf,pdf_serial_row_count,ok
2026,9,100,728,,,data\rolls\2026\pdfs\ac009\AC009PART100.pdf,pdf_serial_row_count,ok
2026,9,101,964,,,data\rolls\2026\pdfs\ac009\AC009PART101.pdf,pdf_serial_row_count,ok
2026,9,102,551,,,data\rolls\2026\pdfs\ac009\AC009PART102.pdf,pdf_serial_row_count,ok
2026,9,103,921,,,data\rolls\2026\pdfs\ac009\AC009PART103.pdf,pdf_serial_row_count,ok
2026,9,104,1111,,,data\rolls\2026\pdfs\ac009\AC009PART104.pdf,pdf_serial_row_count,ok
2026,9,105,495,,,data\rolls\2026\pdfs\ac009\AC009PART105.pdf,pdf_serial_row_count,ok
2026,9,106,618,,,data\rolls\2026\pdfs\ac009\AC009PART106.pdf,pdf_serial_row_count,ok
2026,9,107,1047,,,data\rolls\2026\pdfs\ac009\AC009PART107.pdf,pdf_serial_row_count,ok
2026,9,108,975,,,data\rolls\2026\pdfs\ac009\AC009PART108.pdf,pdf_serial_row_count,ok
2026,9,109,1037,,,data\rolls\2026\pdfs\ac009\AC009PART109.pdf,pdf_serial_row_count,ok
2026,9,110,916,,,data\rolls\2026\pdfs\ac009\AC009PART110.pdf,pdf_serial_row_count,ok
2026,9,111,672,,,data\rolls\2026\pdfs\ac009\AC009PART111.pdf,pdf_serial_row_count,ok
2026,9,112,635,,,data\rolls\2026\pdfs\ac009\AC009PART112.pdf,pdf_serial_row_count,ok
2026,9,113,695,,,data\rolls\2026\pdfs\ac009\AC009PART113.pdf,pdf_serial_row_count,ok
2026,9,114,633,,,data\rolls\2026\pdfs\ac009\AC009PART114.pdf,pdf_serial_row_count,ok
2026,9,115,449,,,data\rolls\2026\pdfs\ac009\AC009PART115.pdf,pdf_serial_row_count,ok
2026,9,116,1068,,,data\rolls\2026\pdfs\ac009\AC009PART116.pdf,pdf_serial_row_count,ok
2026,9,117,575,,,data\rolls\2026\pdfs\ac009\AC009PART117.pdf,pdf_serial_row_count,ok
2026,9,118,664,,,data\rolls\2026\pdfs\ac009\AC009PART118.pdf,pdf_serial_row_count,ok
2026,9,119,775,,,data\rolls\2026\pdfs\ac009\AC009PART119.pdf,pdf_serial_row_count,ok
2026,9,120,715,,,data\rolls\2026\pdfs\ac009\AC009PART120.pdf,pdf_serial_row_count,ok
2026,9,121,627,,,data\rolls\2026\pdfs\ac009\AC009PART121.pdf,pdf_serial_row_count,ok
2026,9,122,1428,,,data\rolls\2026\pdfs\ac009\AC009PART122.pdf,pdf_serial_row_count,ok
2026,9,123,722,,,data\rolls\2026\pdfs\ac009\AC009PART123.pdf,pdf_serial_row_count,ok
2026,9,124,726,,,data\rolls\2026\pdfs\ac009\AC009PART124.pdf,pdf_serial_row_count,ok
2026,9,125,677,,,data\rolls\2026\pdfs\ac009\AC009PART125.pdf,pdf_serial_row_count,ok
2026,9,126,795,,,data\rolls\2026\pdfs\ac009\AC009PART126.pdf,pdf_serial_row_count,ok
2026,9,127,485,,,data\rolls\2026\pdfs\ac009\AC009PART127.pdf,pdf_serial_row_count,ok
2026,9,128,847,,,data\rolls\2026\pdfs\ac009\AC009PART128.pdf,pdf_serial_row_count,ok
2026,9,129,620,,,data\rolls\2026\pdfs\ac009\AC009PART129.pdf,pdf_serial_row_count,ok
2026,9,130,518,,,data\rolls\2026\pdfs\ac009\AC009PART130.pdf,pdf_serial_row_count,ok
2026,9,131,650,,,data\rolls\2026\pdfs\ac009\AC009PART131.pdf,pdf_serial_row_count,ok
2026,9,132,885,,,data\rolls\2026\pdfs\ac009\AC009PART132.pdf,pdf_serial_row_count,ok
2026,9,133,1024,,,data\rolls\2026\pdfs\ac009\AC009PART133.pdf,pdf_serial_row_count,ok
2026,9,134,977,,,data\rolls\2026\pdfs\ac009\AC009PART134.pdf,pdf_serial_row_count,ok
2026,9,135,942,,,data\rolls\2026\pdfs\ac009\AC009PART135.pdf,pdf_serial_row_count,ok
2026,9,136,906,,,data\rolls\2026\pdfs\ac009\AC009PART136.pdf,pdf_serial_row_count,ok
2026,9,137,429,,,data\rolls\2026\pdfs\ac009\AC009PART137.pdf,pdf_serial_row_count,ok
2026,9,138,882,,,data\rolls\2026\pdfs\ac009\AC009PART138.pdf,pdf_serial_row_count,ok
2026,9,139,831,,,data\rolls\2026\pdfs\ac009\AC009PART139.pdf,pdf_serial_row_count,ok
2026,9,140,631,,,data\rolls\2026\pdfs\ac009\AC009PART140.pdf,pdf_serial_row_count,ok
2026,9,141,784,,,data\rolls\2026\pdfs\ac009\AC009PART141.pdf,pdf_serial_row_count,ok
2026,9,142,980,,,data\rolls\2026\pdfs\ac009\AC009PART142.pdf,pdf_serial_row_count,ok
2026,9,143,524,,,data\rolls\2026\pdfs\ac009\AC009PART143.pdf,pdf_serial_row_count,ok
2026,9,144,506,,,data\rolls\2026\pdfs\ac009\AC009PART144.pdf,pdf_serial_row_count,ok
2026,9,145,591,,,data\rolls\2026\pdfs\ac009\AC009PART145.pdf,pdf_serial_row_count,ok
2026,9,146,756,,,data\rolls\2026\pdfs\ac009\AC009PART146.pdf,pdf_serial_row_count,ok
2026,9,147,546,,,data\rolls\2026\pdfs\ac009\AC009PART147.pdf,pdf_serial_row_count,ok
2026,9,148,637,,,data\rolls\2026\pdfs\ac009\AC009PART148.pdf,pdf_serial_row_count,ok
2026,9,149,728,,,data\rolls\2026\pdfs\ac009\AC009PART149.pdf,pdf_serial_row_count,ok
2026,9,150,708,,,data\rolls\2026\pdfs\ac009\AC009PART150.pdf,pdf_serial_row_count,ok
2026,9,151,577,,,data\rolls\2026\pdfs\ac009\AC009PART151.pdf,pdf_serial_row_count,ok
2026,9,152,873,,,data\rolls\2026\pdfs\ac009\AC009PART152.pdf,pdf_serial_row_count,ok
2026,9,153,516,,,data\rolls\2026\pdfs\ac009\AC009PART153.pdf,pdf_serial_row_count,ok
2026,9,154,841,,,data\rolls\2026\pdfs\ac009\AC009PART154.pdf,pdf_serial_row_count,ok
2026,9,155,588,,,data\rolls\2026\pdfs\ac009\AC009PART155.pdf,pdf_serial_row_count,ok
2026,9,156,843,,,data\rolls\2026\pdfs\ac009\AC009PART156.pdf,pdf_serial_row_count,ok
2026,9,157,855,,,data\rolls\2026\pdfs\ac009\AC009PART157.pdf,pdf_serial_row_count,ok
2026,9,158,668,,,data\rolls\2026\pdfs\ac009\AC009PART158.pdf,pdf_serial_row_count,ok
2026,9,159,688,,,data\rolls\2026\pdfs\ac009\AC009PART159.pdf,pdf_serial_row_count,ok
2026,9,160,776,,,data\rolls\2026\pdfs\ac009\AC009PART160.pdf,pdf_serial_row_count,ok
2026,9,161,915,,,data\rolls\2026\pdfs\ac009\AC009PART161.pdf,pdf_serial_row_count,ok
2026,9,162,730,,,data\rolls\2026\pdfs\ac009\AC009PART162.pdf,pdf_serial_row_count,ok
2026,9,163,887,,,data\rolls\2026\pdfs\ac009\AC009PART163.pdf,pdf_serial_row_count,ok
2026,9,164,984,,,data\rolls\2026\pdfs\ac009\AC009PART164.pdf,pdf_serial_row_count,ok
2026,9,165,777,,,data\rolls\2026\pdfs\ac009\AC009PART165.pdf,pdf_serial_row_count,ok
2026,9,166,603,,,data\rolls\2026\pdfs\ac009\AC009PART166.pdf,pdf_serial_row_count,ok
2026,9,167,694,,,data\rolls\2026\pdfs\ac009\AC009PART167.pdf,pdf_serial_row_count,ok
2026,9,168,707,,,data\rolls\2026\pdfs\ac009\AC009PART168.pdf,pdf_serial_row_count,ok
2026,9,169,825,,,data\rolls\2026\pdfs\ac009\AC009PART169.pdf,pdf_serial_row_count,ok
2026,9,170,965,,,data\rolls\2026\pdfs\ac009\AC009PART170.pdf,pdf_serial_row_count,ok
2026,9,171,791,,,data\rolls\2026\pdfs\ac009\AC009PART171.pdf,pdf_serial_row_count,ok
2026,9,172,941,,,data\rolls\2026\pdfs\ac009\AC009PART172.pdf,pdf_serial_row_count,ok
2026,9,173,472,,,data\rolls\2026\pdfs\ac009\AC009PART173.pdf,pdf_serial_row_count,ok
2026,9,174,736,,,data\rolls\2026\pdfs\ac009\AC009PART174.pdf,pdf_serial_row_count,ok
2026,9,175,878,,,data\rolls\2026\pdfs\ac009\AC009PART175.pdf,pdf_serial_row_count,ok
2026,9,176,831,,,data\rolls\2026\pdfs\ac009\AC009PART176.pdf,pdf_serial_row_count,ok
2026,9,177,564,,,data\rolls\2026\pdfs\ac009\AC009PART177.pdf,pdf_serial_row_count,ok
2026,9,178,700,,,data\rolls\2026\pdfs\ac009\AC009PART178.pdf,pdf_serial_row_count,ok
2026,9,179,492,,,data\rolls\2026\pdfs\ac009\AC009PART179.pdf,pdf_serial_row_count,ok
2026,9,180,830,,,data\rolls\2026\pdfs\ac009\AC009PART180.pdf,pdf_serial_row_count,ok
2026,9,181,720,,,data\rolls\2026\pdfs\ac009\AC009PART181.pdf,pdf_serial_row_count,ok
2026,9,182,652,,,data\rolls\2026\pdfs\ac009\AC009PART182.pdf,pdf_serial_row_count,ok
2026,10,1,180,,,data\rolls\2026\pdfs\ac010\AC010PART001.pdf,pdf_serial_row_count,ok
2026,10,2,640,,,data\rolls\2026\pdfs\ac010\AC010PART002.pdf,pdf_serial_row_count,ok
2026,10,3,494,,,data\rolls\2026\pdfs\ac010\AC010PART003.pdf,pdf_serial_row_count,ok
2026,10,4,572,,,data\rolls\2026\pdfs\ac010\AC010PART004.pdf,pdf_serial_row_count,ok
2026,10,5,505,,,data\rolls\2026\pdfs\ac010\AC010PART005.pdf,pdf_serial_row_count,ok
2026,10,6,1018,,,data\rolls\2026\pdfs\ac010\AC010PART006.pdf,pdf_serial_row_count,ok
2026,10,7,509,,,data\rolls\2026\pdfs\ac010\AC010PART007.pdf,pdf_serial_row_count,ok
2026,10,8,572,,,data\rolls\2026\pdfs\ac010\AC010PART008.pdf,pdf_serial_row_count,ok
2026,10,9,591,,,data\rolls\2026\pdfs\ac010\AC010PART009.pdf,pdf_serial_row_count,ok
2026,10,10,641,,,data\rolls\2026\pdfs\ac010\AC010PART010.pdf,pdf_serial_row_count,ok
2026,10,11,511,,,data\rolls\2026\pdfs\ac010\AC010PART011.pdf,pdf_serial_row_count,ok
2026,10,12,604,,,data\rolls\2026\pdfs\ac010\AC010PART012.pdf,pdf_serial_row_count,ok
2026,10,13,921,,,data\rolls\2026\pdfs\ac010\AC010PART013.pdf,pdf_serial_row_count,ok
2026,10,14,365,,,data\rolls\2026\pdfs\ac010\AC010PART014.pdf,pdf_serial_row_count,ok
2026,10,15,959,,,data\rolls\2026\pdfs\ac010\AC010PART015.pdf,pdf_serial_row_count,ok
2026,10,16,889,,,data\rolls\2026\pdfs\ac010\AC010PART016.pdf,pdf_serial_row_count,ok
2026,10,17,634,,,data\rolls\2026\pdfs\ac010\AC010PART017.pdf,pdf_serial_row_count,ok
2026,10,18,418,,,data\rolls\2026\pdfs\ac010\AC010PART018.pdf,pdf_serial_row_count,ok
2026,10,19,811,,,data\rolls\2026\pdfs\ac010\AC010PART019.pdf,pdf_serial_row_count,ok
2026,10,20,822,,,data\rolls\2026\pdfs\ac010\AC010PART020.pdf,pdf_serial_row_count,ok
2026,10,21,445,,,data\rolls\2026\pdfs\ac010\AC010PART021.pdf,pdf_serial_row_count,ok
2026,10,22,529,,,data\rolls\2026\pdfs\ac010\AC010PART022.pdf,pdf_serial_row_count,ok
2026,10,23,759,,,data\rolls\2026\pdfs\ac010\AC010PART023.pdf,pdf_serial_row_count,ok
2026,10,24,268,,,data\rolls\2026\pdfs\ac010\AC010PART024.pdf,pdf_serial_row_count,ok
2026,10,25,146,,,data\rolls\2026\pdfs\ac010\AC010PART025.pdf,pdf_serial_row_count,ok
2026,10,26,323,,,data\rolls\2026\pdfs\ac010\AC010PART026.pdf,pdf_serial_row_count,ok
2026,10,27,691,,,data\rolls\2026\pdfs\ac010\AC010PART027.pdf,pdf_serial_row_count,ok
2026,10,28,736,,,data\rolls\2026\pdfs\ac010\AC010PART028.pdf,pdf_serial_row_count,ok
2026,10,29,445,,,data\rolls\2026\pdfs\ac010\AC010PART029.pdf,pdf_serial_row_count,ok
2026,10,30,513,,,data\rolls\2026\pdfs\ac010\AC010PART030.pdf,pdf_serial_row_count,ok
2026,10,31,900,,,data\rolls\2026\pdfs\ac010\AC010PART031.pdf,pdf_serial_row_count,ok
2026,10,32,663,,,data\rolls\2026\pdfs\ac010\AC010PART032.pdf,pdf_serial_row_count,ok
2026,10,33,693,,,data\rolls\2026\pdfs\ac010\AC010PART033.pdf,pdf_serial_row_count,ok
2026,10,34,692,,,data\rolls\2026\pdfs\ac010\AC010PART034.pdf,pdf_serial_row_count,ok
2026,10,35,728,,,data\rolls\2026\pdfs\ac010\AC010PART035.pdf,pdf_serial_row_count,ok
2026,10,36,478,,,data\rolls\2026\pdfs\ac010\AC010PART036.pdf,pdf_serial_row_count,ok
2026,10,37,595,,,data\rolls\2026\pdfs\ac010\AC010PART037.pdf,pdf_serial_row_count,ok
2026,10,38,631,,,data\rolls\2026\pdfs\ac010\AC010PART038.pdf,pdf_serial_row_count,ok
2026,10,39,776,,,data\rolls\2026\pdfs\ac010\AC010PART039.pdf,pdf_serial_row_count,ok
2026,10,40,492,,,data\rolls\2026\pdfs\ac010\AC010PART040.pdf,pdf_serial_row_count,ok
2026,10,41,567,,,data\rolls\2026\pdfs\ac010\AC010PART041.pdf,pdf_serial_row_count,ok
2026,10,42,798,,,data\rolls\2026\pdfs\ac010\AC010PART042.pdf,pdf_serial_row_count,ok
2026,10,43,650,,,data\rolls\2026\pdfs\ac010\AC010PART043.pdf,pdf_serial_row_count,ok
2026,10,44,606,,,data\rolls\2026\pdfs\ac010\AC010PART044.pdf,pdf_serial_row_count,ok
2026,10,45,538,,,data\rolls\2026\pdfs\ac010\AC010PART045.pdf,pdf_serial_row_count,ok
2026,10,46,551,,,data\rolls\2026\pdfs\ac010\AC010PART046.pdf,pdf_serial_row_count,ok
2026,10,47,909,,,data\rolls\2026\pdfs\ac010\AC010PART047.pdf,pdf_serial_row_count,ok
2026,10,48,994,,,data\rolls\2026\pdfs\ac010\AC010PART048.pdf,pdf_serial_row_count,ok
2026,10,49,852,,,data\rolls\2026\pdfs\ac010\AC010PART049.pdf,pdf_serial_row_count,ok
2026,10,50,214,,,data\rolls\2026\pdfs\ac010\AC010PART050.pdf,pdf_serial_row_count,ok
2026,10,51,647,,,data\rolls\2026\pdfs\ac010\AC010PART051.pdf,pdf_serial_row_count,ok
2026,10,52,622,,,data\rolls\2026\pdfs\ac010\AC010PART052.pdf,pdf_serial_row_count,ok
2026,10,53,637,,,data\rolls\2026\pdfs\ac010\AC010PART053.pdf,pdf_serial_row_count,ok
2026,10,54,734,,,data\rolls\2026\pdfs\ac010\AC010PART054.pdf,pdf_serial_row_count,ok
2026,10,55,616,,,data\rolls\2026\pdfs\ac010\AC010PART055.pdf,pdf_serial_row_count,ok
2026,10,56,864,,,data\rolls\2026\pdfs\ac010\AC010PART056.pdf,pdf_serial_row_count,ok
2026,10,57,902,,,data\rolls\2026\pdfs\ac010\AC010PART057.pdf,pdf_serial_row_count,ok
2026,10,58,465,,,data\rolls\2026\pdfs\ac010\AC010PART058.pdf,pdf_serial_row_count,ok
2026,10,59,638,,,data\rolls\2026\pdfs\ac010\AC010PART059.pdf,pdf_serial_row_count,ok
2026,10,60,597,,,data\rolls\2026\pdfs\ac010\AC010PART060.pdf,pdf_serial_row_count,ok
2026,10,61,711,,,data\rolls\2026\pdfs\ac010\AC010PART061.pdf,pdf_serial_row_count,ok
2026,10,62,423,,,data\rolls\2026\pdfs\ac010\AC010PART062.pdf,pdf_serial_row_count,ok
2026,10,63,1002,,,data\rolls\2026\pdfs\ac010\AC010PART063.pdf,pdf_serial_row_count,ok
2026,10,64,648,,,data\rolls\2026\pdfs\ac010\AC010PART064.pdf,pdf_serial_row_count,ok
2026,10,65,441,,,data\rolls\2026\pdfs\ac010\AC010PART065.pdf,pdf_serial_row_count,ok
2026,10,66,883,,,data\rolls\2026\pdfs\ac010\AC010PART066.pdf,pdf_serial_row_count,ok
2026,10,67,934,,,data\rolls\2026\pdfs\ac010\AC010PART067.pdf,pdf_serial_row_count,ok
2026,10,68,909,,,data\rolls\2026\pdfs\ac010\AC010PART068.pdf,pdf_serial_row_count,ok
2026,10,69,717,,,data\rolls\2026\pdfs\ac010\AC010PART069.pdf,pdf_serial_row_count,ok
2026,10,70,453,,,data\rolls\2026\pdfs\ac010\AC010PART070.pdf,pdf_serial_row_count,ok
2026,10,71,905,,,data\rolls\2026\pdfs\ac010\AC010PART071.pdf,pdf_serial_row_count,ok
2026,10,72,677,,,data\rolls\2026\pdfs\ac010\AC010PART072.pdf,pdf_serial_row_count,ok
2026,10,73,777,,,data\rolls\2026\pdfs\ac010\AC010PART073.pdf,pdf_serial_row_count,ok
2026,10,74,1013,,,data\rolls\2026\pdfs\ac010\AC010PART074.pdf,pdf_serial_row_count,ok
2026,10,75,1335,,,data\rolls\2026\pdfs\ac010\AC010PART075.pdf,pdf_serial_row_count,ok
2026,10,76,853,,,data\rolls\2026\pdfs\ac010\AC010PART076.pdf,pdf_serial_row_count,ok
2026,10,77,925,,,data\rolls\2026\pdfs\ac010\AC010PART077.pdf,pdf_serial_row_count,ok
2026,10,78,839,,,data\rolls\2026\pdfs\ac010\AC010PART078.pdf,pdf_serial_row_count,ok
2026,10,79,1009,,,data\rolls\2026\pdfs\ac010\AC010PART079.pdf,pdf_serial_row_count,ok
2026,10,80,901,,,data\rolls\2026\pdfs\ac010\AC010PART080.pdf,pdf_serial_row_count,ok
2026,10,81,605,,,data\rolls\2026\pdfs\ac010\AC010PART081.pdf,pdf_serial_row_count,ok
2026,10,82,652,,,data\rolls\2026\pdfs\ac010\AC010PART082.pdf,pdf_serial_row_count,ok
2026,10,83,571,,,data\rolls\2026\pdfs\ac010\AC010PART083.pdf,pdf_serial_row_count,ok
2026,10,84,626,,,data\rolls\2026\pdfs\ac010\AC010PART084.pdf,pdf_serial_row_count,ok
2026,10,85,707,,,data\rolls\2026\pdfs\ac010\AC010PART085.pdf,pdf_serial_row_count,ok
2026,10,86,586,,,data\rolls\2026\pdfs\ac010\AC010PART086.pdf,pdf_serial_row_count,ok
2026,10,87,521,,,data\rolls\2026\pdfs\ac010\AC010PART087.pdf,pdf_serial_row_count,ok
2026,10,88,788,,,data\rolls\2026\pdfs\ac010\AC010PART088.pdf,pdf_serial_row_count,ok
2026,10,89,536,,,data\rolls\2026\pdfs\ac010\AC010PART089.pdf,pdf_serial_row_count,ok
2026,10,90,474,,,data\rolls\2026\pdfs\ac010\AC010PART090.pdf,pdf_serial_row_count,ok
2026,10,91,319,,,data\rolls\2026\pdfs\ac010\AC010PART091.pdf,pdf_serial_row_count,ok
2026,10,92,278,,,data\rolls\2026\pdfs\ac010\AC010PART092.pdf,pdf_serial_row_count,ok
2026,10,93,886,,,data\rolls\2026\pdfs\ac010\AC010PART093.pdf,pdf_serial_row_count,ok
2026,10,94,524,,,data\rolls\2026\pdfs\ac010\AC010PART094.pdf,pdf_serial_row_count,ok
2026,10,95,730,,,data\rolls\2026\pdfs\ac010\AC010PART095.pdf,pdf_serial_row_count,ok
2026,10,96,610,,,data\rolls\2026\pdfs\ac010\AC010PART096.pdf,pdf_serial_row_count,ok
2026,10,97,937,,,data\rolls\2026\pdfs\ac010\AC010PART097.pdf,pdf_serial_row_count,ok
2026,10,98,543,,,data\rolls\2026\pdfs\ac010\AC010PART098.pdf,pdf_serial_row_count,ok
2026,10,99,563,,,data\rolls\2026\pdfs\ac010\AC010PART099.pdf,pdf_serial_row_count,ok
2026,10,100,980,,,data\rolls\2026\pdfs\ac010\AC010PART100.pdf,pdf_serial_row_count,ok
2026,10,101,818,,,data\rolls\2026\pdfs\ac010\AC010PART101.pdf,pdf_serial_row_count,ok
2026,10,102,674,,,data\rolls\2026\pdfs\ac010\AC010PART102.pdf,pdf_serial_row_count,ok
2026,10,103,589,,,data\rolls\2026\pdfs\ac010\AC010PART103.pdf,pdf_serial_row_count,ok
2026,10,104,1064,,,data\rolls\2026\pdfs\ac010\AC010PART104.pdf,pdf_serial_row_count,ok
2026,10,105,953,,,data\rolls\2026\pdfs\ac010\AC010PART105.pdf,pdf_serial_row_count,ok
2026,10,106,503,,,data\rolls\2026\pdfs\ac010\AC010PART106.pdf,pdf_serial_row_count,ok
2026,10,107,1014,,,data\rolls\2026\pdfs\ac010\AC010PART107.pdf,pdf_serial_row_count,ok
2026,10,108,808,,,data\rolls\2026\pdfs\ac010\AC010PART108.pdf,pdf_serial_row_count,ok
2026,10,109,690,,,data\rolls\2026\pdfs\ac010\AC010PART109.pdf,pdf_serial_row_count,ok
2026,10,110,353,,,data\rolls\2026\pdfs\ac010\AC010PART110.pdf,pdf_serial_row_count,ok
2026,10,111,1040,,,data\rolls\2026\pdfs\ac010\AC010PART111.pdf,pdf_serial_row_count,ok
2026,10,112,1014,,,data\rolls\2026\pdfs\ac010\AC010PART112.pdf,pdf_serial_row_count,ok
2026,10,113,890,,,data\rolls\2026\pdfs\ac010\AC010PART113.pdf,pdf_serial_row_count,ok
2026,10,114,986,,,data\rolls\2026\pdfs\ac010\AC010PART114.pdf,pdf_serial_row_count,ok
2026,10,115,1187,,,data\rolls\2026\pdfs\ac010\AC010PART115.pdf,pdf_serial_row_count,ok
2026,10,116,580,,,data\rolls\2026\pdfs\ac010\AC010PART116.pdf,pdf_serial_row_count,ok
2026,10,117,585,,,data\rolls\2026\pdfs\ac010\AC010PART117.pdf,pdf_serial_row_count,ok
2026,10,118,500,,,data\rolls\2026\pdfs\ac010\AC010PART118.pdf,pdf_serial_row_count,ok
2026,10,119,987,,,data\rolls\2026\pdfs\ac010\AC010PART119.pdf,pdf_serial_row_count,ok
2026,10,120,622,,,data\rolls\2026\pdfs\ac010\AC010PART120.pdf,pdf_serial_row_count,ok
2026,10,121,734,,,data\rolls\2026\pdfs\ac010\AC010PART121.pdf,pdf_serial_row_count,ok
2026,10,122,989,,,data\rolls\2026\pdfs\ac010\AC010PART122.pdf,pdf_serial_row_count,ok
2026,10,123,482,,,data\rolls\2026\pdfs\ac010\AC010PART123.pdf,pdf_serial_row_count,ok
2026,10,124,830,,,data\rolls\2026\pdfs\ac010\AC010PART124.pdf,pdf_serial_row_count,ok
2026,10,125,969,,,data\rolls\2026\pdfs\ac010\AC010PART125.pdf,pdf_serial_row_count,ok
2026,10,126,797,,,data\rolls\2026\pdfs\ac010\AC010PART126.pdf,pdf_serial_row_count,ok
2026,10,127,728,,,data\rolls\2026\pdfs\ac010\AC010PART127.pdf,pdf_serial_row_count,ok
2026,10,128,1012,,,data\rolls\2026\pdfs\ac010\AC010PART128.pdf,pdf_serial_row_count,ok
2026,10,129,889,,,data\rolls\2026\pdfs\ac010\AC010PART129.pdf,pdf_serial_row_count,ok
2026,10,130,961,,,data\rolls\2026\pdfs\ac010\AC010PART130.pdf,pdf_serial_row_count,ok
2026,10,131,1002,,,data\rolls\2026\pdfs\ac010\AC010PART131.pdf,pdf_serial_row_count,ok
2026,10,132,909,,,data\rolls\2026\pdfs\ac010\AC010PART132.pdf,pdf_serial_row_count,ok
2026,10,133,916,,,data\rolls\2026\pdfs\ac010\AC010PART133.pdf,pdf_serial_row_count,ok
2026,10,134,815,,,data\rolls\2026\pdfs\ac010\AC010PART134.pdf,pdf_serial_row_count,ok
2026,10,135,851,,,data\rolls\2026\pdfs\ac010\AC010PART135.pdf,pdf_serial_row_count,ok
2026,10,136,412,,,data\rolls\2026\pdfs\ac010\AC010PART136.pdf,pdf_serial_row_count,ok
2026,10,137,605,,,data\rolls\2026\pdfs\ac010\AC010PART137.pdf,pdf_serial_row_count,ok
2026,10,138,441,,,data\rolls\2026\pdfs\ac010\AC010PART138.pdf,pdf_serial_row_count,ok
2026,10,139,780,,,data\rolls\2026\pdfs\ac010\AC010PART139.pdf,pdf_serial_row_count,ok
2026,10,140,371,,,data\rolls\2026\pdfs\ac010\AC010PART140.pdf,pdf_serial_row_count,ok
2026,10,141,727,,,data\rolls\2026\pdfs\ac010\AC010PART141.pdf,pdf_serial_row_count,ok
2026,10,142,746,,,data\rolls\2026\pdfs\ac010\AC010PART142.pdf,pdf_serial_row_count,ok
2026,10,143,444,,,data\rolls\2026\pdfs\ac010\AC010PART143.pdf,pdf_serial_row_count,ok
2026,10,144,664,,,data\rolls\2026\pdfs\ac010\AC010PART144.pdf,pdf_serial_row_count,ok
2026,10,145,432,,,data\rolls\2026\pdfs\ac010\AC010PART145.pdf,pdf_serial_row_count,ok
2026,10,146,905,,,data\rolls\2026\pdfs\ac010\AC010PART146.pdf,pdf_serial_row_count,ok
2026,10,147,667,,,data\rolls\2026\pdfs\ac010\AC010PART147.pdf,pdf_serial_row_count,ok
2026,10,148,500,,,data\rolls\2026\pdfs\ac010\AC010PART148.pdf,pdf_serial_row_count,ok
2026,10,149,439,,,data\rolls\2026\pdfs\ac010\AC010PART149.pdf,pdf_serial_row_count,ok
2026,10,150,650,,,data\rolls\2026\pdfs\ac010\AC010PART150.pdf,pdf_serial_row_count,ok
2026,10,151,556,,,data\rolls\2026\pdfs\ac010\AC010PART151.pdf,pdf_serial_row_count,ok
2026,10,152,504,,,data\rolls\2026\pdfs\ac010\AC010PART152.pdf,pdf_serial_row_count,ok
2026,10,153,1114,,,data\rolls\2026\pdfs\ac010\AC010PART153.pdf,pdf_serial_row_count,ok
2026,10,154,708,,,data\rolls\2026\pdfs\ac010\AC010PART154.pdf,pdf_serial_row_count,ok
2026,10,155,687,,,data\rolls\2026\pdfs\ac010\AC010PART155.pdf,pdf_serial_row_count,ok
2026,10,156,496,,,data\rolls\2026\pdfs\ac010\AC010PART156.pdf,pdf_serial_row_count,ok
2026,10,157,706,,,data\rolls\2026\pdfs\ac010\AC010PART157.pdf,pdf_serial_row_count,ok
2026,10,158,687,,,data\rolls\2026\pdfs\ac010\AC010PART158.pdf,pdf_serial_row_count,ok
2026,10,159,615,,,data\rolls\2026\pdfs\ac010\AC010PART159.pdf,pdf_serial_row_count,ok
2026,10,160,1088,,,data\rolls\2026\pdfs\ac010\AC010PART160.pdf,pdf_serial_row_count,ok
2026,10,161,1063,,,data\rolls\2026\pdfs\ac010\AC010PART161.pdf,pdf_serial_row_count,ok
2026,10,162,678,,,data\rolls\2026\pdfs\ac010\AC010PART162.pdf,pdf_serial_row_count,ok
2026,10,163,905,,,data\rolls\2026\pdfs\ac010\AC010PART163.pdf,pdf_serial_row_count,ok
2026,10,164,1001,,,data\rolls\2026\pdfs\ac010\AC010PART164.pdf,pdf_serial_row_count,ok
2026,10,165,747,,,data\rolls\2026\pdfs\ac010\AC010PART165.pdf,pdf_serial_row_count,ok
2026,10,166,985,,,data\rolls\2026\pdfs\ac010\AC010PART166.pdf,pdf_serial_row_count,ok
2026,10,167,567,,,data\rolls\2026\pdfs\ac010\AC010PART167.pdf,pdf_serial_row_count,ok
2026,10,168,643,,,data\rolls\2026\pdfs\ac010\AC010PART168.pdf,pdf_serial_row_count,ok
2026,10,169,668,,,data\rolls\2026\pdfs\ac010\AC010PART169.pdf,pdf_serial_row_count,ok
2026,10,170,457,,,data\rolls\2026\pdfs\ac010\AC010PART170.pdf,pdf_serial_row_count,ok
2026,10,171,670,,,data\rolls\2026\pdfs\ac010\AC010PART171.pdf,pdf_serial_row_count,ok
2026,10,172,831,,,data\rolls\2026\pdfs\ac010\AC010PART172.pdf,pdf_serial_row_count,ok
2026,10,173,692,,,data\rolls\2026\pdfs\ac010\AC010PART173.pdf,pdf_serial_row_count,ok
2026,10,174,814,,,data\rolls\2026\pdfs\ac010\AC010PART174.pdf,pdf_serial_row_count,ok
2026,10,175,920,,,data\rolls\2026\pdfs\ac010\AC010PART175.pdf,pdf_serial_row_count,ok
2026,10,176,715,,,data\rolls\2026\pdfs\ac010\AC010PART176.pdf,pdf_serial_row_count,ok
2026,10,177,758,,,data\rolls\2026\pdfs\ac010\AC010PART177.pdf,pdf_serial_row_count,ok
2026,10,178,920,,,data\rolls\2026\pdfs\ac010\AC010PART178.pdf,pdf_serial_row_count,ok
2026,10,179,717,,,data\rolls\2026\pdfs\ac010\AC010PART179.pdf,pdf_serial_row_count,ok
2026,10,180,640,,,data\rolls\2026\pdfs\ac010\AC010PART180.pdf,pdf_serial_row_count,ok
2026,10,181,658,,,data\rolls\2026\pdfs\ac010\AC010PART181.pdf,pdf_serial_row_count,ok
2026,10,182,716,,,data\rolls\2026\pdfs\ac010\AC010PART182.pdf,pdf_serial_row_count,ok
2026,10,183,872,,,data\rolls\2026\pdfs\ac010\AC010PART183.pdf,pdf_serial_row_count,ok
2026,10,184,644,,,data\rolls\2026\pdfs\ac010\AC010PART184.pdf,pdf_serial_row_count,ok
2026,10,185,1075,,,data\rolls\2026\pdfs\ac010\AC010PART185.pdf,pdf_serial_row_count,ok
2026,10,186,867,,,data\rolls\2026\pdfs\ac010\AC010PART186.pdf,pdf_serial_row_count,ok
2026,10,187,806,,,data\rolls\2026\pdfs\ac010\AC010PART187.pdf,pdf_serial_row_count,ok
2026,10,188,648,,,data\rolls\2026\pdfs\ac010\AC010PART188.pdf,pdf_serial_row_count,ok
2026,10,189,818,,,data\rolls\2026\pdfs\ac010\AC010PART189.pdf,pdf_serial_row_count,ok
2026,10,190,509,,,data\rolls\2026\pdfs\ac010\AC010PART190.pdf,pdf_serial_row_count,ok
2026,10,191,902,,,data\rolls\2026\pdfs\ac010\AC010PART191.pdf,pdf_serial_row_count,ok
2026,10,192,708,,,data\rolls\2026\pdfs\ac010\AC010PART192.pdf,pdf_serial_row_count,ok
2026,10,193,747,,,data\rolls\2026\pdfs\ac010\AC010PART193.pdf,pdf_serial_row_count,ok
2026,10,194,1226,,,data\rolls\2026\pdfs\ac010\AC010PART194.pdf,pdf_serial_row_count,ok
2026,10,195,609,,,data\rolls\2026\pdfs\ac010\AC010PART195.pdf,pdf_serial_row_count,ok
2026,10,196,681,,,data\rolls\2026\pdfs\ac010\AC010PART196.pdf,pdf_serial_row_count,ok
2026,11,1,679,,,data\rolls\2026\pdfs\ac011\AC011PART001.pdf,pdf_serial_row_count,ok
2026,11,2,601,,,data\rolls\2026\pdfs\ac011\AC011PART002.pdf,pdf_serial_row_count,ok
2026,11,3,841,,,data\rolls\2026\pdfs\ac011\AC011PART003.pdf,pdf_serial_row_count,ok
2026,11,4,486,,,data\rolls\2026\pdfs\ac011\AC011PART004.pdf,pdf_serial_row_count,ok
2026,11,5,788,,,data\rolls\2026\pdfs\ac011\AC011PART005.pdf,pdf_serial_row_count,ok
2026,11,6,385,,,data\rolls\2026\pdfs\ac011\AC011PART006.pdf,pdf_serial_row_count,ok
2026,11,7,434,,,data\rolls\2026\pdfs\ac011\AC011PART007.pdf,pdf_serial_row_count,ok
2026,11,8,698,,,data\rolls\2026\pdfs\ac011\AC011PART008.pdf,pdf_serial_row_count,ok
2026,11,9,765,,,data\rolls\2026\pdfs\ac011\AC011PART009.pdf,pdf_serial_row_count,ok
2026,11,10,594,,,data\rolls\2026\pdfs\ac011\AC011PART010.pdf,pdf_serial_row_count,ok
2026,11,11,801,,,data\rolls\2026\pdfs\ac011\AC011PART011.pdf,pdf_serial_row_count,ok
2026,11,12,961,,,data\rolls\2026\pdfs\ac011\AC011PART012.pdf,pdf_serial_row_count,ok
2026,11,13,715,,,data\rolls\2026\pdfs\ac011\AC011PART013.pdf,pdf_serial_row_count,ok
2026,11,14,1189,,,data\rolls\2026\pdfs\ac011\AC011PART014.pdf,pdf_serial_row_count,ok
2026,11,15,801,,,data\rolls\2026\pdfs\ac011\AC011PART015.pdf,pdf_serial_row_count,ok
2026,11,16,583,,,data\rolls\2026\pdfs\ac011\AC011PART016.pdf,pdf_serial_row_count,ok
2026,11,17,575,,,data\rolls\2026\pdfs\ac011\AC011PART017.pdf,pdf_serial_row_count,ok
2026,11,18,451,,,data\rolls\2026\pdfs\ac011\AC011PART018.pdf,pdf_serial_row_count,ok
2026,11,19,917,,,data\rolls\2026\pdfs\ac011\AC011PART019.pdf,pdf_serial_row_count,ok
2026,11,20,1326,,,data\rolls\2026\pdfs\ac011\AC011PART020.pdf,pdf_serial_row_count,ok
2026,11,21,902,,,data\rolls\2026\pdfs\ac011\AC011PART021.pdf,pdf_serial_row_count,ok
2026,11,22,709,,,data\rolls\2026\pdfs\ac011\AC011PART022.pdf,pdf_serial_row_count,ok
2026,11,23,922,,,data\rolls\2026\pdfs\ac011\AC011PART023.pdf,pdf_serial_row_count,ok
2026,11,24,720,,,data\rolls\2026\pdfs\ac011\AC011PART024.pdf,pdf_serial_row_count,ok
2026,11,25,765,,,data\rolls\2026\pdfs\ac011\AC011PART025.pdf,pdf_serial_row_count,ok
2026,11,26,687,,,data\rolls\2026\pdfs\ac011\AC011PART026.pdf,pdf_serial_row_count,ok
2026,11,27,715,,,data\rolls\2026\pdfs\ac011\AC011PART027.pdf,pdf_serial_row_count,ok
2026,11,28,926,,,data\rolls\2026\pdfs\ac011\AC011PART028.pdf,pdf_serial_row_count,ok
2026,11,29,759,,,data\rolls\2026\pdfs\ac011\AC011PART029.pdf,pdf_serial_row_count,ok
2026,11,30,1202,,,data\rolls\2026\pdfs\ac011\AC011PART030.pdf,pdf_serial_row_count,ok
2026,11,31,515,,,data\rolls\2026\pdfs\ac011\AC011PART031.pdf,pdf_serial_row_count,ok
2026,11,32,719,,,data\rolls\2026\pdfs\ac011\AC011PART032.pdf,pdf_serial_row_count,ok
2026,11,33,749,,,data\rolls\2026\pdfs\ac011\AC011PART033.pdf,pdf_serial_row_count,ok
2026,11,34,902,,,data\rolls\2026\pdfs\ac011\AC011PART034.pdf,pdf_serial_row_count,ok
2026,11,35,697,,,data\rolls\2026\pdfs\ac011\AC011PART035.pdf,pdf_serial_row_count,ok
2026,11,36,455,,,data\rolls\2026\pdfs\ac011\AC011PART036.pdf,pdf_serial_row_count,ok
2026,11,37,620,,,data\rolls\2026\pdfs\ac011\AC011PART037.pdf,pdf_serial_row_count,ok
2026,11,38,596,,,data\rolls\2026\pdfs\ac011\AC011PART038.pdf,pdf_serial_row_count,ok
2026,11,39,502,,,data\rolls\2026\pdfs\ac011\AC011PART039.pdf,pdf_serial_row_count,ok
2026,11,40,588,,,data\rolls\2026\pdfs\ac011\AC011PART040.pdf,pdf_serial_row_count,ok
2026,11,41,709,,,data\rolls\2026\pdfs\ac011\AC011PART041.pdf,pdf_serial_row_count,ok
2026,11,42,651,,,data\rolls\2026\pdfs\ac011\AC011PART042.pdf,pdf_serial_row_count,ok
2026,11,43,1016,,,data\rolls\2026\pdfs\ac011\AC011PART043.pdf,pdf_serial_row_count,ok
2026,11,44,865,,,data\rolls\2026\pdfs\ac011\AC011PART044.pdf,pdf_serial_row_count,ok
2026,11,45,802,,,data\rolls\2026\pdfs\ac011\AC011PART045.pdf,pdf_serial_row_count,ok
2026,11,46,446,,,data\rolls\2026\pdfs\ac011\AC011PART046.pdf,pdf_serial_row_count,ok
2026,11,47,484,,,data\rolls\2026\pdfs\ac011\AC011PART047.pdf,pdf_serial_row_count,ok
2026,11,48,583,,,data\rolls\2026\pdfs\ac011\AC011PART048.pdf,pdf_serial_row_count,ok
2026,11,49,900,,,data\rolls\2026\pdfs\ac011\AC011PART049.pdf,pdf_serial_row_count,ok
2026,11,50,479,,,data\rolls\2026\pdfs\ac011\AC011PART050.pdf,pdf_serial_row_count,ok
2026,11,51,502,,,data\rolls\2026\pdfs\ac011\AC011PART051.pdf,pdf_serial_row_count,ok
2026,11,52,883,,,data\rolls\2026\pdfs\ac011\AC011PART052.pdf,pdf_serial_row_count,ok
2026,11,53,488,,,data\rolls\2026\pdfs\ac011\AC011PART053.pdf,pdf_serial_row_count,ok
2026,11,54,469,,,data\rolls\2026\pdfs\ac011\AC011PART054.pdf,pdf_serial_row_count,ok
2026,11,55,483,,,data\rolls\2026\pdfs\ac011\AC011PART055.pdf,pdf_serial_row_count,ok
2026,11,56,809,,,data\rolls\2026\pdfs\ac011\AC011PART056.pdf,pdf_serial_row_count,ok
2026,11,57,411,,,data\rolls\2026\pdfs\ac011\AC011PART057.pdf,pdf_serial_row_count,ok
2026,11,58,643,,,data\rolls\2026\pdfs\ac011\AC011PART058.pdf,pdf_serial_row_count,ok
2026,11,59,784,,,data\rolls\2026\pdfs\ac011\AC011PART059.pdf,pdf_serial_row_count,ok
2026,11,60,653,,,data\rolls\2026\pdfs\ac011\AC011PART060.pdf,pdf_serial_row_count,ok
2026,11,61,483,,,data\rolls\2026\pdfs\ac011\AC011PART061.pdf,pdf_serial_row_count,ok
2026,11,62,679,,,data\rolls\2026\pdfs\ac011\AC011PART062.pdf,pdf_serial_row_count,ok
2026,11,63,785,,,data\rolls\2026\pdfs\ac011\AC011PART063.pdf,pdf_serial_row_count,ok
2026,11,64,661,,,data\rolls\2026\pdfs\ac011\AC011PART064.pdf,pdf_serial_row_count,ok
2026,11,65,333,,,data\rolls\2026\pdfs\ac011\AC011PART065.pdf,pdf_serial_row_count,ok
2026,11,66,739,,,data\rolls\2026\pdfs\ac011\AC011PART066.pdf,pdf_serial_row_count,ok
2026,11,67,559,,,data\rolls\2026\pdfs\ac011\AC011PART067.pdf,pdf_serial_row_count,ok
2026,11,68,451,,,data\rolls\2026\pdfs\ac011\AC011PART068.pdf,pdf_serial_row_count,ok
2026,11,69,604,,,data\rolls\2026\pdfs\ac011\AC011PART069.pdf,pdf_serial_row_count,ok
2026,11,70,447,,,data\rolls\2026\pdfs\ac011\AC011PART070.pdf,pdf_serial_row_count,ok
2026,11,71,574,,,data\rolls\2026\pdfs\ac011\AC011PART071.pdf,pdf_serial_row_count,ok
2026,11,72,862,,,data\rolls\2026\pdfs\ac011\AC011PART072.pdf,pdf_serial_row_count,ok
2026,11,73,790,,,data\rolls\2026\pdfs\ac011\AC011PART073.pdf,pdf_serial_row_count,ok
2026,11,74,613,,,data\rolls\2026\pdfs\ac011\AC011PART074.pdf,pdf_serial_row_count,ok
2026,11,75,363,,,data\rolls\2026\pdfs\ac011\AC011PART075.pdf,pdf_serial_row_count,ok
2026,11,76,731,,,data\rolls\2026\pdfs\ac011\AC011PART076.pdf,pdf_serial_row_count,ok
2026,11,77,1018,,,data\rolls\2026\pdfs\ac011\AC011PART077.pdf,pdf_serial_row_count,ok
2026,11,78,761,,,data\rolls\2026\pdfs\ac011\AC011PART078.pdf,pdf_serial_row_count,ok
2026,11,79,642,,,data\rolls\2026\pdfs\ac011\AC011PART079.pdf,pdf_serial_row_count,ok
2026,11,80,467,,,data\rolls\2026\pdfs\ac011\AC011PART080.pdf,pdf_serial_row_count,ok
2026,11,81,610,,,data\rolls\2026\pdfs\ac011\AC011PART081.pdf,pdf_serial_row_count,ok
2026,11,82,927,,,data\rolls\2026\pdfs\ac011\AC011PART082.pdf,pdf_serial_row_count,ok
2026,11,83,989,,,data\rolls\2026\pdfs\ac011\AC011PART083.pdf,pdf_serial_row_count,ok
2026,11,84,610,,,data\rolls\2026\pdfs\ac011\AC011PART084.pdf,pdf_serial_row_count,ok
2026,11,85,662,,,data\rolls\2026\pdfs\ac011\AC011PART085.pdf,pdf_serial_row_count,ok
2026,11,86,383,,,data\rolls\2026\pdfs\ac011\AC011PART086.pdf,pdf_serial_row_count,ok
2026,11,87,673,,,data\rolls\2026\pdfs\ac011\AC011PART087.pdf,pdf_serial_row_count,ok
2026,11,88,581,,,data\rolls\2026\pdfs\ac011\AC011PART088.pdf,pdf_serial_row_count,ok
2026,11,89,927,,,data\rolls\2026\pdfs\ac011\AC011PART089.pdf,pdf_serial_row_count,ok
2026,11,90,845,,,data\rolls\2026\pdfs\ac011\AC011PART090.pdf,pdf_serial_row_count,ok
2026,11,91,765,,,data\rolls\2026\pdfs\ac011\AC011PART091.pdf,pdf_serial_row_count,ok
2026,11,92,633,,,data\rolls\2026\pdfs\ac011\AC011PART092.pdf,pdf_serial_row_count,ok
2026,11,93,545,,,data\rolls\2026\pdfs\ac011\AC011PART093.pdf,pdf_serial_row_count,ok
2026,11,94,422,,,data\rolls\2026\pdfs\ac011\AC011PART094.pdf,pdf_serial_row_count,ok
2026,11,95,450,,,data\rolls\2026\pdfs\ac011\AC011PART095.pdf,pdf_serial_row_count,ok
2026,11,96,677,,,data\rolls\2026\pdfs\ac011\AC011PART096.pdf,pdf_serial_row_count,ok
2026,11,97,817,,,data\rolls\2026\pdfs\ac011\AC011PART097.pdf,pdf_serial_row_count,ok
2026,11,98,669,,,data\rolls\2026\pdfs\ac011\AC011PART098.pdf,pdf_serial_row_count,ok
2026,11,99,905,,,data\rolls\2026\pdfs\ac011\AC011PART099.pdf,pdf_serial_row_count,ok
2026,11,100,469,,,data\rolls\2026\pdfs\ac011\AC011PART100.pdf,pdf_serial_row_count,ok
2026,11,101,576,,,data\rolls\2026\pdfs\ac011\AC011PART101.pdf,pdf_serial_row_count,ok
2026,11,102,681,,,data\rolls\2026\pdfs\ac011\AC011PART102.pdf,pdf_serial_row_count,ok
2026,11,103,631,,,data\rolls\2026\pdfs\ac011\AC011PART103.pdf,pdf_serial_row_count,ok
2026,11,104,669,,,data\rolls\2026\pdfs\ac011\AC011PART104.pdf,pdf_serial_row_count,ok
2026,11,105,471,,,data\rolls\2026\pdfs\ac011\AC011PART105.pdf,pdf_serial_row_count,ok
2026,11,106,730,,,data\rolls\2026\pdfs\ac011\AC011PART106.pdf,pdf_serial_row_count,ok
2026,11,107,886,,,data\rolls\2026\pdfs\ac011\AC011PART107.pdf,pdf_serial_row_count,ok
2026,11,108,740,,,data\rolls\2026\pdfs\ac011\AC011PART108.pdf,pdf_serial_row_count,ok
2026,11,109,543,,,data\rolls\2026\pdfs\ac011\AC011PART109.pdf,pdf_serial_row_count,ok
2026,11,110,444,,,data\rolls\2026\pdfs\ac011\AC011PART110.pdf,pdf_serial_row_count,ok
2026,11,111,649,,,data\rolls\2026\pdfs\ac011\AC011PART111.pdf,pdf_serial_row_count,ok
2026,11,112,767,,,data\rolls\2026\pdfs\ac011\AC011PART112.pdf,pdf_serial_row_count,ok
2026,11,113,621,,,data\rolls\2026\pdfs\ac011\AC011PART113.pdf,pdf_serial_row_count,ok
2026,11,114,757,,,data\rolls\2026\pdfs\ac011\AC011PART114.pdf,pdf_serial_row_count,ok
2026,11,115,818,,,data\rolls\2026\pdfs\ac011\AC011PART115.pdf,pdf_serial_row_count,ok
2026,11,116,749,,,data\rolls\2026\pdfs\ac011\AC011PART116.pdf,pdf_serial_row_count,ok
2026,11,117,617,,,data\rolls\2026\pdfs\ac011\AC011PART117.pdf,pdf_serial_row_count,ok
2026,11,118,916,,,data\rolls\2026\pdfs\ac011\AC011PART118.pdf,pdf_serial_row_count,ok
2026,11,119,563,,,data\rolls\2026\pdfs\ac011\AC011PART119.pdf,pdf_serial_row_count,ok
2026,11,120,838,,,data\rolls\2026\pdfs\ac011\AC011PART120.pdf,pdf_serial_row_count,ok
2026,11,121,634,,,data\rolls\2026\pdfs\ac011\AC011PART121.pdf,pdf_serial_row_count,ok
2026,11,122,1021,,,data\rolls\2026\pdfs\ac011\AC011PART122.pdf,pdf_serial_row_count,ok
2026,11,123,646,,,data\rolls\2026\pdfs\ac011\AC011PART123.pdf,pdf_serial_row_count,ok
2026,11,124,596,,,data\rolls\2026\pdfs\ac011\AC011PART124.pdf,pdf_serial_row_count,ok
2026,11,125,646,,,data\rolls\2026\pdfs\ac011\AC011PART125.pdf,pdf_serial_row_count,ok
2026,11,126,594,,,data\rolls\2026\pdfs\ac011\AC011PART126.pdf,pdf_serial_row_count,ok
2026,11,127,651,,,data\rolls\2026\pdfs\ac011\AC011PART127.pdf,pdf_serial_row_count,ok
2026,11,128,783,,,data\rolls\2026\pdfs\ac011\AC011PART128.pdf,pdf_serial_row_count,ok
2026,11,129,707,,,data\rolls\2026\pdfs\ac011\AC011PART129.pdf,pdf_serial_row_count,ok
2026,11,130,775,,,data\rolls\2026\pdfs\ac011\AC011PART130.pdf,pdf_serial_row_count,ok
2026,11,131,599,,,data\rolls\2026\pdfs\ac011\AC011PART131.pdf,pdf_serial_row_count,ok
2026,11,132,457,,,data\rolls\2026\pdfs\ac011\AC011PART132.pdf,pdf_serial_row_count,ok
2026,11,133,971,,,data\rolls\2026\pdfs\ac011\AC011PART133.pdf,pdf_serial_row_count,ok
2026,11,134,1031,,,data\rolls\2026\pdfs\ac011\AC011PART134.pdf,pdf_serial_row_count,ok
2026,11,135,754,,,data\rolls\2026\pdfs\ac011\AC011PART135.pdf,pdf_serial_row_count,ok
2026,11,136,631,,,data\rolls\2026\pdfs\ac011\AC011PART136.pdf,pdf_serial_row_count,ok
2026,11,137,897,,,data\rolls\2026\pdfs\ac011\AC011PART137.pdf,pdf_serial_row_count,ok
2026,11,138,691,,,data\rolls\2026\pdfs\ac011\AC011PART138.pdf,pdf_serial_row_count,ok
2026,11,139,532,,,data\rolls\2026\pdfs\ac011\AC011PART139.pdf,pdf_serial_row_count,ok
2026,11,140,495,,,data\rolls\2026\pdfs\ac011\AC011PART140.pdf,pdf_serial_row_count,ok
2026,11,141,439,,,data\rolls\2026\pdfs\ac011\AC011PART141.pdf,pdf_serial_row_count,ok
2026,11,142,482,,,data\rolls\2026\pdfs\ac011\AC011PART142.pdf,pdf_serial_row_count,ok
2026,11,143,534,,,data\rolls\2026\pdfs\ac011\AC011PART143.pdf,pdf_serial_row_count,ok
2026,11,144,870,,,data\rolls\2026\pdfs\ac011\AC011PART144.pdf,pdf_serial_row_count,ok
2026,11,145,412,,,data\rolls\2026\pdfs\ac011\AC011PART145.pdf,pdf_serial_row_count,ok
2026,11,146,512,,,data\rolls\2026\pdfs\ac011\AC011PART146.pdf,pdf_serial_row_count,ok
2026,11,147,420,,,data\rolls\2026\pdfs\ac011\AC011PART147.pdf,pdf_serial_row_count,ok
2026,11,148,540,,,data\rolls\2026\pdfs\ac011\AC011PART148.pdf,pdf_serial_row_count,ok
2026,11,149,422,,,data\rolls\2026\pdfs\ac011\AC011PART149.pdf,pdf_serial_row_count,ok
2026,11,150,748,,,data\rolls\2026\pdfs\ac011\AC011PART150.pdf,pdf_serial_row_count,ok
2026,11,151,870,,,data\rolls\2026\pdfs\ac011\AC011PART151.pdf,pdf_serial_row_count,ok
2026,11,152,420,,,data\rolls\2026\pdfs\ac011\AC011PART152.pdf,pdf_serial_row_count,ok
2026,11,153,679,,,data\rolls\2026\pdfs\ac011\AC011PART153.pdf,pdf_serial_row_count,ok
2026,11,154,659,,,data\rolls\2026\pdfs\ac011\AC011PART154.pdf,pdf_serial_row_count,ok
2026,11,155,289,,,data\rolls\2026\pdfs\ac011\AC011PART155.pdf,pdf_serial_row_count,ok
2026,11,156,418,,,data\rolls\2026\pdfs\ac011\AC011PART156.pdf,pdf_serial_row_count,ok
2026,11,157,432,,,data\rolls\2026\pdfs\ac011\AC011PART157.pdf,pdf_serial_row_count,ok
2026,11,158,769,,,data\rolls\2026\pdfs\ac011\AC011PART158.pdf,pdf_serial_row_count,ok
2026,11,159,564,,,data\rolls\2026\pdfs\ac011\AC011PART159.pdf,pdf_serial_row_count,ok
2026,11,160,902,,,data\rolls\2026\pdfs\ac011\AC011PART160.pdf,pdf_serial_row_count,ok
2026,11,161,368,,,data\rolls\2026\pdfs\ac011\AC011PART161.pdf,pdf_serial_row_count,ok
2026,11,162,338,,,data\rolls\2026\pdfs\ac011\AC011PART162.pdf,pdf_serial_row_count,ok
2026,11,163,737,,,data\rolls\2026\pdfs\ac011\AC011PART163.pdf,pdf_serial_row_count,ok
2026,11,164,631,,,data\rolls\2026\pdfs\ac011\AC011PART164.pdf,pdf_serial_row_count,ok
2026,11,165,570,,,data\rolls\2026\pdfs\ac011\AC011PART165.pdf,pdf_serial_row_count,ok
2026,11,166,439,,,data\rolls\2026\pdfs\ac011\AC011PART166.pdf,pdf_serial_row_count,ok
2026,11,167,853,,,data\rolls\2026\pdfs\ac011\AC011PART167.pdf,pdf_serial_row_count,ok
2026,11,168,471,,,data\rolls\2026\pdfs\ac011\AC011PART168.pdf,pdf_serial_row_count,ok
2026,11,169,481,,,data\rolls\2026\pdfs\ac011\AC011PART169.pdf,pdf_serial_row_count,ok
2026,11,170,639,,,data\rolls\2026\pdfs\ac011\AC011PART170.pdf,pdf_serial_row_count,ok
2026,11,171,386,,,data\rolls\2026\pdfs\ac011\AC011PART171.pdf,pdf_serial_row_count,ok
2026,11,172,391,,,data\rolls\2026\pdfs\ac011\AC011PART172.pdf,pdf_serial_row_count,ok
2026,11,173,875,,,data\rolls\2026\pdfs\ac011\AC011PART173.pdf,pdf_serial_row_count,ok
2026,11,174,431,,,data\rolls\2026\pdfs\ac011\AC011PART174.pdf,pdf_serial_row_count,ok
2026,11,175,757,,,data\rolls\2026\pdfs\ac011\AC011PART175.pdf,pdf_serial_row_count,ok
2026,11,176,313,,,data\rolls\2026\pdfs\ac011\AC011PART176.pdf,pdf_serial_row_count,ok
2026,11,177,771,,,data\rolls\2026\pdfs\ac011\AC011PART177.pdf,pdf_serial_row_count,ok
2026,11,178,811,,,data\rolls\2026\pdfs\ac011\AC011PART178.pdf,pdf_serial_row_count,ok
2026,11,179,483,,,data\rolls\2026\pdfs\ac011\AC011PART179.pdf,pdf_serial_row_count,ok
2026,11,180,469,,,data\rolls\2026\pdfs\ac011\AC011PART180.pdf,pdf_serial_row_count,ok
2026,11,181,637,,,data\rolls\2026\pdfs\ac011\AC011PART181.pdf,pdf_serial_row_count,ok
2026,11,182,855,,,data\rolls\2026\pdfs\ac011\AC011PART182.pdf,pdf_serial_row_count,ok
2026,11,183,448,,,data\rolls\2026\pdfs\ac011\AC011PART183.pdf,pdf_serial_row_count,ok
2026,11,184,593,,,data\rolls\2026\pdfs\ac011\AC011PART184.pdf,pdf_serial_row_count,ok
2026,11,185,383,,,data\rolls\2026\pdfs\ac011\AC011PART185.pdf,pdf_serial_row_count,ok
2026,11,186,618,,,data\rolls\2026\pdfs\ac011\AC011PART186.pdf,pdf_serial_row_count,ok
2026,11,187,785,,,data\rolls\2026\pdfs\ac011\AC011PART187.pdf,pdf_serial_row_count,ok
2026,11,188,973,,,data\rolls\2026\pdfs\ac011\AC011PART188.pdf,pdf_serial_row_count,ok
2026,11,189,464,,,data\rolls\2026\pdfs\ac011\AC011PART189.pdf,pdf_serial_row_count,ok
2026,11,190,533,,,data\rolls\2026\pdfs\ac011\AC011PART190.pdf,pdf_serial_row_count,ok
2026,11,191,540,,,data\rolls\2026\pdfs\ac011\AC011PART191.pdf,pdf_serial_row_count,ok
2026,11,192,379,,,data\rolls\2026\pdfs\ac011\AC011PART192.pdf,pdf_serial_row_count,ok
2026,11,193,288,,,data\rolls\2026\pdfs\ac011\AC011PART193.pdf,pdf_serial_row_count,ok
2026,11,194,397,,,data\rolls\2026\pdfs\ac011\AC011PART194.pdf,pdf_serial_row_count,ok
2026,11,195,298,,,data\rolls\2026\pdfs\ac011\AC011PART195.pdf,pdf_serial_row_count,ok
2026,11,196,770,,,data\rolls\2026\pdfs\ac011\AC011PART196.pdf,pdf_serial_row_count,ok
2026,11,197,600,,,data\rolls\2026\pdfs\ac011\AC011PART197.pdf,pdf_serial_row_count,ok
2026,12,1,594,,,data\rolls\2026\pdfs\ac012\AC012PART001.pdf,pdf_serial_row_count,ok
2026,12,2,659,,,data\rolls\2026\pdfs\ac012\AC012PART002.pdf,pdf_serial_row_count,ok
2026,12,3,780,,,data\rolls\2026\pdfs\ac012\AC012PART003.pdf,pdf_serial_row_count,ok
2026,12,4,883,,,data\rolls\2026\pdfs\ac012\AC012PART004.pdf,pdf_serial_row_count,ok
2026,12,5,584,,,data\rolls\2026\pdfs\ac012\AC012PART005.pdf,pdf_serial_row_count,ok
2026,12,6,723,,,data\rolls\2026\pdfs\ac012\AC012PART006.pdf,pdf_serial_row_count,ok
2026,12,7,911,,,data\rolls\2026\pdfs\ac012\AC012PART007.pdf,pdf_serial_row_count,ok
2026,12,8,646,,,data\rolls\2026\pdfs\ac012\AC012PART008.pdf,pdf_serial_row_count,ok
2026,12,9,857,,,data\rolls\2026\pdfs\ac012\AC012PART009.pdf,pdf_serial_row_count,ok
2026,12,10,541,,,data\rolls\2026\pdfs\ac012\AC012PART010.pdf,pdf_serial_row_count,ok
2026,12,11,531,,,data\rolls\2026\pdfs\ac012\AC012PART011.pdf,pdf_serial_row_count,ok
2026,12,12,448,,,data\rolls\2026\pdfs\ac012\AC012PART012.pdf,pdf_serial_row_count,ok
2026,12,13,377,,,data\rolls\2026\pdfs\ac012\AC012PART013.pdf,pdf_serial_row_count,ok
2026,12,14,754,,,data\rolls\2026\pdfs\ac012\AC012PART014.pdf,pdf_serial_row_count,ok
2026,12,15,580,,,data\rolls\2026\pdfs\ac012\AC012PART015.pdf,pdf_serial_row_count,ok
2026,12,16,724,,,data\rolls\2026\pdfs\ac012\AC012PART016.pdf,pdf_serial_row_count,ok
2026,12,17,716,,,data\rolls\2026\pdfs\ac012\AC012PART017.pdf,pdf_serial_row_count,ok
2026,12,18,678,,,data\rolls\2026\pdfs\ac012\AC012PART018.pdf,pdf_serial_row_count,ok
2026,12,19,554,,,data\rolls\2026\pdfs\ac012\AC012PART019.pdf,pdf_serial_row_count,ok
2026,12,20,802,,,data\rolls\2026\pdfs\ac012\AC012PART020.pdf,pdf_serial_row_count,ok
2026,12,21,844,,,data\rolls\2026\pdfs\ac012\AC012PART021.pdf,pdf_serial_row_count,ok
2026,12,22,827,,,data\rolls\2026\pdfs\ac012\AC012PART022.pdf,pdf_serial_row_count,ok
2026,12,23,707,,,data\rolls\2026\pdfs\ac012\AC012PART023.pdf,pdf_serial_row_count,ok
2026,12,24,413,,,data\rolls\2026\pdfs\ac012\AC012PART024.pdf,pdf_serial_row_count,ok
2026,12,25,913,,,data\rolls\2026\pdfs\ac012\AC012PART025.pdf,pdf_serial_row_count,ok
2026,12,26,810,,,data\rolls\2026\pdfs\ac012\AC012PART026.pdf,pdf_serial_row_count,ok
2026,12,27,861,,,data\rolls\2026\pdfs\ac012\AC012PART027.pdf,pdf_serial_row_count,ok
2026,12,28,983,,,data\rolls\2026\pdfs\ac012\AC012PART028.pdf,pdf_serial_row_count,ok
2026,12,29,923,,,data\rolls\2026\pdfs\ac012\AC012PART029.pdf,pdf_serial_row_count,ok
2026,12,30,789,,,data\rolls\2026\pdfs\ac012\AC012PART030.pdf,pdf_serial_row_count,ok
2026,12,31,1023,,,data\rolls\2026\pdfs\ac012\AC012PART031.pdf,pdf_serial_row_count,ok
2026,12,32,444,,,data\rolls\2026\pdfs\ac012\AC012PART032.pdf,pdf_serial_row_count,ok
2026,12,33,759,,,data\rolls\2026\pdfs\ac012\AC012PART033.pdf,pdf_serial_row_count,ok
2026,12,34,486,,,data\rolls\2026\pdfs\ac012\AC012PART034.pdf,pdf_serial_row_count,ok
2026,12,35,668,,,data\rolls\2026\pdfs\ac012\AC012PART035.pdf,pdf_serial_row_count,ok
2026,12,36,609,,,data\rolls\2026\pdfs\ac012\AC012PART036.pdf,pdf_serial_row_count,ok
2026,12,37,834,,,data\rolls\2026\pdfs\ac012\AC012PART037.pdf,pdf_serial_row_count,ok
2026,12,38,965,,,data\rolls\2026\pdfs\ac012\AC012PART038.pdf,pdf_serial_row_count,ok
2026,12,39,673,,,data\rolls\2026\pdfs\ac012\AC012PART039.pdf,pdf_serial_row_count,ok
2026,12,40,1117,,,data\rolls\2026\pdfs\ac012\AC012PART040.pdf,pdf_serial_row_count,ok
2026,12,41,1105,,,data\rolls\2026\pdfs\ac012\AC012PART041.pdf,pdf_serial_row_count,ok
2026,12,42,740,,,data\rolls\2026\pdfs\ac012\AC012PART042.pdf,pdf_serial_row_count,ok
2026,12,43,611,,,data\rolls\2026\pdfs\ac012\AC012PART043.pdf,pdf_serial_row_count,ok
2026,12,44,941,,,data\rolls\2026\pdfs\ac012\AC012PART044.pdf,pdf_serial_row_count,ok
2026,12,45,630,,,data\rolls\2026\pdfs\ac012\AC012PART045.pdf,pdf_serial_row_count,ok
2026,12,46,291,,,data\rolls\2026\pdfs\ac012\AC012PART046.pdf,pdf_serial_row_count,ok
2026,12,47,796,,,data\rolls\2026\pdfs\ac012\AC012PART047.pdf,pdf_serial_row_count,ok
2026,12,48,1087,,,data\rolls\2026\pdfs\ac012\AC012PART048.pdf,pdf_serial_row_count,ok
2026,12,49,519,,,data\rolls\2026\pdfs\ac012\AC012PART049.pdf,pdf_serial_row_count,ok
2026,12,50,558,,,data\rolls\2026\pdfs\ac012\AC012PART050.pdf,pdf_serial_row_count,ok
2026,12,51,569,,,data\rolls\2026\pdfs\ac012\AC012PART051.pdf,pdf_serial_row_count,ok
2026,12,52,797,,,data\rolls\2026\pdfs\ac012\AC012PART052.pdf,pdf_serial_row_count,ok
2026,12,53,610,,,data\rolls\2026\pdfs\ac012\AC012PART053.pdf,pdf_serial_row_count,ok
2026,12,54,628,,,data\rolls\2026\pdfs\ac012\AC012PART054.pdf,pdf_serial_row_count,ok
2026,12,55,684,,,data\rolls\2026\pdfs\ac012\AC012PART055.pdf,pdf_serial_row_count,ok
2026,12,56,875,,,data\rolls\2026\pdfs\ac012\AC012PART056.pdf,pdf_serial_row_count,ok
2026,12,57,828,,,data\rolls\2026\pdfs\ac012\AC012PART057.pdf,pdf_serial_row_count,ok
2026,12,58,333,,,data\rolls\2026\pdfs\ac012\AC012PART058.pdf,pdf_serial_row_count,ok
2026,12,59,752,,,data\rolls\2026\pdfs\ac012\AC012PART059.pdf,pdf_serial_row_count,ok
2026,12,60,845,,,data\rolls\2026\pdfs\ac012\AC012PART060.pdf,pdf_serial_row_count,ok
2026,12,61,592,,,data\rolls\2026\pdfs\ac012\AC012PART061.pdf,pdf_serial_row_count,ok
2026,12,62,999,,,data\rolls\2026\pdfs\ac012\AC012PART062.pdf,pdf_serial_row_count,ok
2026,12,63,826,,,data\rolls\2026\pdfs\ac012\AC012PART063.pdf,pdf_serial_row_count,ok
2026,12,64,1187,,,data\rolls\2026\pdfs\ac012\AC012PART064.pdf,pdf_serial_row_count,ok
2026,12,65,702,,,data\rolls\2026\pdfs\ac012\AC012PART065.pdf,pdf_serial_row_count,ok
2026,12,66,413,,,data\rolls\2026\pdfs\ac012\AC012PART066.pdf,pdf_serial_row_count,ok
2026,12,67,630,,,data\rolls\2026\pdfs\ac012\AC012PART067.pdf,pdf_serial_row_count,ok
2026,12,68,363,,,data\rolls\2026\pdfs\ac012\AC012PART068.pdf,pdf_serial_row_count,ok
2026,12,69,537,,,data\rolls\2026\pdfs\ac012\AC012PART069.pdf,pdf_serial_row_count,ok
2026,12,70,456,,,data\rolls\2026\pdfs\ac012\AC012PART070.pdf,pdf_serial_row_count,ok
2026,12,71,750,,,data\rolls\2026\pdfs\ac012\AC012PART071.pdf,pdf_serial_row_count,ok
2026,12,72,335,,,data\rolls\2026\pdfs\ac012\AC012PART072.pdf,pdf_serial_row_count,ok
2026,12,73,495,,,data\rolls\2026\pdfs\ac012\AC012PART073.pdf,pdf_serial_row_count,ok
2026,12,74,508,,,data\rolls\2026\pdfs\ac012\AC012PART074.pdf,pdf_serial_row_count,ok
2026,12,75,637,,,data\rolls\2026\pdfs\ac012\AC012PART075.pdf,pdf_serial_row_count,ok
2026,12,76,780,,,data\rolls\2026\pdfs\ac012\AC012PART076.pdf,pdf_serial_row_count,ok
2026,12,77,853,,,data\rolls\2026\pdfs\ac012\AC012PART077.pdf,pdf_serial_row_count,ok
2026,12,78,715,,,data\rolls\2026\pdfs\ac012\AC012PART078.pdf,pdf_serial_row_count,ok
2026,12,79,274,,,data\rolls\2026\pdfs\ac012\AC012PART079.pdf,pdf_serial_row_count,ok
2026,12,80,912,,,data\rolls\2026\pdfs\ac012\AC012PART080.pdf,pdf_serial_row_count,ok
2026,12,81,758,,,data\rolls\2026\pdfs\ac012\AC012PART081.pdf,pdf_serial_row_count,ok
2026,12,82,373,,,data\rolls\2026\pdfs\ac012\AC012PART082.pdf,pdf_serial_row_count,ok
2026,12,83,328,,,data\rolls\2026\pdfs\ac012\AC012PART083.pdf,pdf_serial_row_count,ok
2026,12,84,569,,,data\rolls\2026\pdfs\ac012\AC012PART084.pdf,pdf_serial_row_count,ok
2026,12,85,632,,,data\rolls\2026\pdfs\ac012\AC012PART085.pdf,pdf_serial_row_count,ok
2026,12,86,603,,,data\rolls\2026\pdfs\ac012\AC012PART086.pdf,pdf_serial_row_count,ok
2026,12,87,675,,,data\rolls\2026\pdfs\ac012\AC012PART087.pdf,pdf_serial_row_count,ok
2026,12,88,745,,,data\rolls\2026\pdfs\ac012\AC012PART088.pdf,pdf_serial_row_count,ok
2026,12,89,631,,,data\rolls\2026\pdfs\ac012\AC012PART089.pdf,pdf_serial_row_count,ok
2026,12,90,566,,,data\rolls\2026\pdfs\ac012\AC012PART090.pdf,pdf_serial_row_count,ok
2026,12,91,1054,,,data\rolls\2026\pdfs\ac012\AC012PART091.pdf,pdf_serial_row_count,ok
2026,12,92,662,,,data\rolls\2026\pdfs\ac012\AC012PART092.pdf,pdf_serial_row_count,ok
2026,12,93,734,,,data\rolls\2026\pdfs\ac012\AC012PART093.pdf,pdf_serial_row_count,ok
2026,12,94,881,,,data\rolls\2026\pdfs\ac012\AC012PART094.pdf,pdf_serial_row_count,ok
2026,12,95,453,,,data\rolls\2026\pdfs\ac012\AC012PART095.pdf,pdf_serial_row_count,ok
2026,12,96,846,,,data\rolls\2026\pdfs\ac012\AC012PART096.pdf,pdf_serial_row_count,ok
2026,12,97,701,,,data\rolls\2026\pdfs\ac012\AC012PART097.pdf,pdf_serial_row_count,ok
2026,12,98,1011,,,data\rolls\2026\pdfs\ac012\AC012PART098.pdf,pdf_serial_row_count,ok
2026,12,99,579,,,data\rolls\2026\pdfs\ac012\AC012PART099.pdf,pdf_serial_row_count,ok
2026,12,100,387,,,data\rolls\2026\pdfs\ac012\AC012PART100.pdf,pdf_serial_row_count,ok
2026,12,101,698,,,data\rolls\2026\pdfs\ac012\AC012PART101.pdf,pdf_serial_row_count,ok
2026,12,102,787,,,data\rolls\2026\pdfs\ac012\AC012PART102.pdf,pdf_serial_row_count,ok
2026,12,103,686,,,data\rolls\2026\pdfs\ac012\AC012PART103.pdf,pdf_serial_row_count,ok
2026,12,104,773,,,data\rolls\2026\pdfs\ac012\AC012PART104.pdf,pdf_serial_row_count,ok
2026,12,105,582,,,data\rolls\2026\pdfs\ac012\AC012PART105.pdf,pdf_serial_row_count,ok
2026,12,106,499,,,data\rolls\2026\pdfs\ac012\AC012PART106.pdf,pdf_serial_row_count,ok
2026,12,107,841,,,data\rolls\2026\pdfs\ac012\AC012PART107.pdf,pdf_serial_row_count,ok
2026,12,108,524,,,data\rolls\2026\pdfs\ac012\AC012PART108.pdf,pdf_serial_row_count,ok
2026,12,109,786,,,data\rolls\2026\pdfs\ac012\AC012PART109.pdf,pdf_serial_row_count,ok
2026,12,110,899,,,data\rolls\2026\pdfs\ac012\AC012PART110.pdf,pdf_serial_row_count,ok
2026,12,111,903,,,data\rolls\2026\pdfs\ac012\AC012PART111.pdf,pdf_serial_row_count,ok
2026,12,112,451,,,data\rolls\2026\pdfs\ac012\AC012PART112.pdf,pdf_serial_row_count,ok
2026,12,113,836,,,data\rolls\2026\pdfs\ac012\AC012PART113.pdf,pdf_serial_row_count,ok
2026,12,114,596,,,data\rolls\2026\pdfs\ac012\AC012PART114.pdf,pdf_serial_row_count,ok
2026,12,115,807,,,data\rolls\2026\pdfs\ac012\AC012PART115.pdf,pdf_serial_row_count,ok
2026,12,116,605,,,data\rolls\2026\pdfs\ac012\AC012PART116.pdf,pdf_serial_row_count,ok
2026,12,117,377,,,data\rolls\2026\pdfs\ac012\AC012PART117.pdf,pdf_serial_row_count,ok
2026,12,118,817,,,data\rolls\2026\pdfs\ac012\AC012PART118.pdf,pdf_serial_row_count,ok
2026,12,119,644,,,data\rolls\2026\pdfs\ac012\AC012PART119.pdf,pdf_serial_row_count,ok
2026,12,120,471,,,data\rolls\2026\pdfs\ac012\AC012PART120.pdf,pdf_serial_row_count,ok
2026,12,121,537,,,data\rolls\2026\pdfs\ac012\AC012PART121.pdf,pdf_serial_row_count,ok
2026,12,122,747,,,data\rolls\2026\pdfs\ac012\AC012PART122.pdf,pdf_serial_row_count,ok
2026,12,123,443,,,data\rolls\2026\pdfs\ac012\AC012PART123.pdf,pdf_serial_row_count,ok
2026,12,124,636,,,data\rolls\2026\pdfs\ac012\AC012PART124.pdf,pdf_serial_row_count,ok
2026,12,125,297,,,data\rolls\2026\pdfs\ac012\AC012PART125.pdf,pdf_serial_row_count,ok
2026,12,126,502,,,data\rolls\2026\pdfs\ac012\AC012PART126.pdf,pdf_serial_row_count,ok
2026,12,127,560,,,data\rolls\2026\pdfs\ac012\AC012PART127.pdf,pdf_serial_row_count,ok
2026,12,128,618,,,data\rolls\2026\pdfs\ac012\AC012PART128.pdf,pdf_serial_row_count,ok
2026,12,129,358,,,data\rolls\2026\pdfs\ac012\AC012PART129.pdf,pdf_serial_row_count,ok
2026,12,130,406,,,data\rolls\2026\pdfs\ac012\AC012PART130.pdf,pdf_serial_row_count,ok
2026,12,131,406,,,data\rolls\2026\pdfs\ac012\AC012PART131.pdf,pdf_serial_row_count,ok
2026,12,132,485,,,data\rolls\2026\pdfs\ac012\AC012PART132.pdf,pdf_serial_row_count,ok
2026,12,133,363,,,data\rolls\2026\pdfs\ac012\AC012PART133.pdf,pdf_serial_row_count,ok
2026,12,134,701,,,data\rolls\2026\pdfs\ac012\AC012PART134.pdf,pdf_serial_row_count,ok
2026,12,135,813,,,data\rolls\2026\pdfs\ac012\AC012PART135.pdf,pdf_serial_row_count,ok
2026,12,136,676,,,data\rolls\2026\pdfs\ac012\AC012PART136.pdf,pdf_serial_row_count,ok
2026,12,137,547,,,data\rolls\2026\pdfs\ac012\AC012PART137.pdf,pdf_serial_row_count,ok
2026,12,138,376,,,data\rolls\2026\pdfs\ac012\AC012PART138.pdf,pdf_serial_row_count,ok
2026,12,139,667,,,data\rolls\2026\pdfs\ac012\AC012PART139.pdf,pdf_serial_row_count,ok
2026,12,140,558,,,data\rolls\2026\pdfs\ac012\AC012PART140.pdf,pdf_serial_row_count,ok
2026,12,141,546,,,data\rolls\2026\pdfs\ac012\AC012PART141.pdf,pdf_serial_row_count,ok
2026,12,142,927,,,data\rolls\2026\pdfs\ac012\AC012PART142.pdf,pdf_serial_row_count,ok
2026,12,143,815,,,data\rolls\2026\pdfs\ac012\AC012PART143.pdf,pdf_serial_row_count,ok
2026,12,144,693,,,data\rolls\2026\pdfs\ac012\AC012PART144.pdf,pdf_serial_row_count,ok
2026,12,145,628,,,data\rolls\2026\pdfs\ac012\AC012PART145.pdf,pdf_serial_row_count,ok
2026,12,146,583,,,data\rolls\2026\pdfs\ac012\AC012PART146.pdf,pdf_serial_row_count,ok
2026,12,147,603,,,data\rolls\2026\pdfs\ac012\AC012PART147.pdf,pdf_serial_row_count,ok
2026,12,148,765,,,data\rolls\2026\pdfs\ac012\AC012PART148.pdf,pdf_serial_row_count,ok
2026,12,149,523,,,data\rolls\2026\pdfs\ac012\AC012PART149.pdf,pdf_serial_row_count,ok
2026,12,150,339,,,data\rolls\2026\pdfs\ac012\AC012PART150.pdf,pdf_serial_row_count,ok
2026,12,151,659,,,data\rolls\2026\pdfs\ac012\AC012PART151.pdf,pdf_serial_row_count,ok
2026,12,152,832,,,data\rolls\2026\pdfs\ac012\AC012PART152.pdf,pdf_serial_row_count,ok
2026,12,153,588,,,data\rolls\2026\pdfs\ac012\AC012PART153.pdf,pdf_serial_row_count,ok
2026,12,154,584,,,data\rolls\2026\pdfs\ac012\AC012PART154.pdf,pdf_serial_row_count,ok
2026,12,155,916,,,data\rolls\2026\pdfs\ac012\AC012PART155.pdf,pdf_serial_row_count,ok
2026,12,156,770,,,data\rolls\2026\pdfs\ac012\AC012PART156.pdf,pdf_serial_row_count,ok
2026,12,157,696,,,data\rolls\2026\pdfs\ac012\AC012PART157.pdf,pdf_serial_row_count,ok
2026,12,158,420,,,data\rolls\2026\pdfs\ac012\AC012PART158.pdf,pdf_serial_row_count,ok
2026,12,159,849,,,data\rolls\2026\pdfs\ac012\AC012PART159.pdf,pdf_serial_row_count,ok
2026,12,160,534,,,data\rolls\2026\pdfs\ac012\AC012PART160.pdf,pdf_serial_row_count,ok
2026,12,161,959,,,data\rolls\2026\pdfs\ac012\AC012PART161.pdf,pdf_serial_row_count,ok
2026,12,162,889,,,data\rolls\2026\pdfs\ac012\AC012PART162.pdf,pdf_serial_row_count,ok
2026,12,163,871,,,data\rolls\2026\pdfs\ac012\AC012PART163.pdf,pdf_serial_row_count,ok
2026,12,164,428,,,data\rolls\2026\pdfs\ac012\AC012PART164.pdf,pdf_serial_row_count,ok
2026,12,165,744,,,data\rolls\2026\pdfs\ac012\AC012PART165.pdf,pdf_serial_row_count,ok
2026,12,166,895,,,data\rolls\2026\pdfs\ac012\AC012PART166.pdf,pdf_serial_row_count,ok
2026,12,167,895,,,data\rolls\2026\pdfs\ac012\AC012PART167.pdf,pdf_serial_row_count,ok
2026,12,168,786,,,data\rolls\2026\pdfs\ac012\AC012PART168.pdf,pdf_serial_row_count,ok
2026,12,169,748,,,data\rolls\2026\pdfs\ac012\AC012PART169.pdf,pdf_serial_row_count,ok
2026,12,170,729,,,data\rolls\2026\pdfs\ac012\AC012PART170.pdf,pdf_serial_row_count,ok
2026,12,171,727,,,data\rolls\2026\pdfs\ac012\AC012PART171.pdf,pdf_serial_row_count,ok
2026,12,172,868,,,data\rolls\2026\pdfs\ac012\AC012PART172.pdf,pdf_serial_row_count,ok
2026,12,173,625,,,data\rolls\2026\pdfs\ac012\AC012PART173.pdf,pdf_serial_row_count,ok
2026,12,174,570,,,data\rolls\2026\pdfs\ac012\AC012PART174.pdf,pdf_serial_row_count,ok
2026,12,175,823,,,data\rolls\2026\pdfs\ac012\AC012PART175.pdf,pdf_serial_row_count,ok
2026,12,176,639,,,data\rolls\2026\pdfs\ac012\AC012PART176.pdf,pdf_serial_row_count,ok
2026,12,177,873,,,data\rolls\2026\pdfs\ac012\AC012PART177.pdf,pdf_serial_row_count,ok
2026,12,178,974,,,data\rolls\2026\pdfs\ac012\AC012PART178.pdf,pdf_serial_row_count,ok
2026,12,179,607,,,data\rolls\2026\pdfs\ac012\AC012PART179.pdf,pdf_serial_row_count,ok
2026,12,180,576,,,data\rolls\2026\pdfs\ac012\AC012PART180.pdf,pdf_serial_row_count,ok
2026,12,181,536,,,data\rolls\2026\pdfs\ac012\AC012PART181.pdf,pdf_serial_row_count,ok
2026,12,182,722,,,data\rolls\2026\pdfs\ac012\AC012PART182.pdf,pdf_serial_row_count,ok
2026,12,183,672,,,data\rolls\2026\pdfs\ac012\AC012PART183.pdf,pdf_serial_row_count,ok
2026,12,184,1117,,,data\rolls\2026\pdfs\ac012\AC012PART184.pdf,pdf_serial_row_count,ok
2026,12,185,698,,,data\rolls\2026\pdfs\ac012\AC012PART185.pdf,pdf_serial_row_count,ok
2026,12,186,652,,,data\rolls\2026\pdfs\ac012\AC012PART186.pdf,pdf_serial_row_count,ok
2026,12,187,303,,,data\rolls\2026\pdfs\ac012\AC012PART187.pdf,pdf_serial_row_count,ok
2026,12,188,882,,,data\rolls\2026\pdfs\ac012\AC012PART188.pdf,pdf_serial_row_count,ok
2026,12,189,641,,,data\rolls\2026\pdfs\ac012\AC012PART189.pdf,pdf_serial_row_count,ok
2026,12,190,555,,,data\rolls\2026\pdfs\ac012\AC012PART190.pdf,pdf_serial_row_count,ok
2026,12,191,571,,,data\rolls\2026\pdfs\ac012\AC012PART191.pdf,pdf_serial_row_count,ok
2026,12,192,965,,,data\rolls\2026\pdfs\ac012\AC012PART192.pdf,pdf_serial_row_count,ok
2026,12,193,573,,,data\rolls\2026\pdfs\ac012\AC012PART193.pdf,pdf_serial_row_count,ok
2026,12,194,984,,,data\rolls\2026\pdfs\ac012\AC012PART194.pdf,pdf_serial_row_count,ok
2026,12,195,792,,,data\rolls\2026\pdfs\ac012\AC012PART195.pdf,pdf_serial_row_count,ok
2026,12,196,519,,,data\rolls\2026\pdfs\ac012\AC012PART196.pdf,pdf_serial_row_count,ok
2026,12,197,595,,,data\rolls\2026\pdfs\ac012\AC012PART197.pdf,pdf_serial_row_count,ok
2026,12,198,674,,,data\rolls\2026\pdfs\ac012\AC012PART198.pdf,pdf_serial_row_count,ok
2026,12,199,752,,,data\rolls\2026\pdfs\ac012\AC012PART199.pdf,pdf_serial_row_count,ok
2026,12,200,558,,,data\rolls\2026\pdfs\ac012\AC012PART200.pdf,pdf_serial_row_count,ok
2026,12,201,436,,,data\rolls\2026\pdfs\ac012\AC012PART201.pdf,pdf_serial_row_count,ok
2026,12,202,840,,,data\rolls\2026\pdfs\ac012\AC012PART202.pdf,pdf_serial_row_count,ok
2026,12,203,1076,,,data\rolls\2026\pdfs\ac012\AC012PART203.pdf,pdf_serial_row_count,ok
2026,12,204,1040,,,data\rolls\2026\pdfs\ac012\AC012PART204.pdf,pdf_serial_row_count,ok
2026,12,205,631,,,data\rolls\2026\pdfs\ac012\AC012PART205.pdf,pdf_serial_row_count,ok
2026,12,206,644,,,data\rolls\2026\pdfs\ac012\AC012PART206.pdf,pdf_serial_row_count,ok
2026,12,207,831,,,data\rolls\2026\pdfs\ac012\AC012PART207.pdf,pdf_serial_row_count,ok
2026,12,208,610,,,data\rolls\2026\pdfs\ac012\AC012PART208.pdf,pdf_serial_row_count,ok
2026,12,209,665,,,data\rolls\2026\pdfs\ac012\AC012PART209.pdf,pdf_serial_row_count,ok
2026,12,210,648,,,data\rolls\2026\pdfs\ac012\AC012PART210.pdf,pdf_serial_row_count,ok
2026,12,211,728,,,data\rolls\2026\pdfs\ac012\AC012PART211.pdf,pdf_serial_row_count,ok
2026,12,212,1071,,,data\rolls\2026\pdfs\ac012\AC012PART212.pdf,pdf_serial_row_count,ok
2026,12,213,697,,,data\rolls\2026\pdfs\ac012\AC012PART213.pdf,pdf_serial_row_count,ok
2026,12,214,696,,,data\rolls\2026\pdfs\ac012\AC012PART214.pdf,pdf_serial_row_count,ok
2026,12,215,754,,,data\rolls\2026\pdfs\ac012\AC012PART215.pdf,pdf_serial_row_count,ok
2026,12,216,704,,,data\rolls\2026\pdfs\ac012\AC012PART216.pdf,pdf_serial_row_count,ok
2026,12,217,832,,,data\rolls\2026\pdfs\ac012\AC012PART217.pdf,pdf_serial_row_count,ok
2026,12,218,884,,,data\rolls\2026\pdfs\ac012\AC012PART218.pdf,pdf_serial_row_count,ok
2026,12,219,613,,,data\rolls\2026\pdfs\ac012\AC012PART219.pdf,pdf_serial_row_count,ok
2026,12,220,698,,,data\rolls\2026\pdfs\ac012\AC012PART220.pdf,pdf_serial_row_count,ok
2026,12,221,955,,,data\rolls\2026\pdfs\ac012\AC012PART221.pdf,pdf_serial_row_count,ok
2026,12,222,752,,,data\rolls\2026\pdfs\ac012\AC012PART222.pdf,pdf_serial_row_count,ok
2026,12,223,928,,,data\rolls\2026\pdfs\ac012\AC012PART223.pdf,pdf_serial_row_count,ok
2026,12,224,688,,,data\rolls\2026\pdfs\ac012\AC012PART224.pdf,pdf_serial_row_count,ok
2026,12,225,925,,,data\rolls\2026\pdfs\ac012\AC012PART225.pdf,pdf_serial_row_count,ok
2026,12,226,664,,,data\rolls\2026\pdfs\ac012\AC012PART226.pdf,pdf_serial_row_count,ok
2026,12,227,545,,,data\rolls\2026\pdfs\ac012\AC012PART227.pdf,pdf_serial_row_count,ok
2026,13,1,678,,,data\rolls\2026\pdfs\ac013\AC013PART001.pdf,pdf_serial_row_count,ok
2026,13,2,747,,,data\rolls\2026\pdfs\ac013\AC013PART002.pdf,pdf_serial_row_count,ok
2026,13,3,583,,,data\rolls\2026\pdfs\ac013\AC013PART003.pdf,pdf_serial_row_count,ok
2026,13,4,573,,,data\rolls\2026\pdfs\ac013\AC013PART004.pdf,pdf_serial_row_count,ok
2026,13,5,558,,,data\rolls\2026\pdfs\ac013\AC013PART005.pdf,pdf_serial_row_count,ok
2026,13,6,644,,,data\rolls\2026\pdfs\ac013\AC013PART006.pdf,pdf_serial_row_count,ok
2026,13,7,568,,,data\rolls\2026\pdfs\ac013\AC013PART007.pdf,pdf_serial_row_count,ok
2026,13,8,797,,,data\rolls\2026\pdfs\ac013\AC013PART008.pdf,pdf_serial_row_count,ok
2026,13,9,1034,,,data\rolls\2026\pdfs\ac013\AC013PART009.pdf,pdf_serial_row_count,ok
2026,13,10,820,,,data\rolls\2026\pdfs\ac013\AC013PART010.pdf,pdf_serial_row_count,ok
2026,13,11,662,,,data\rolls\2026\pdfs\ac013\AC013PART011.pdf,pdf_serial_row_count,ok
2026,13,12,631,,,data\rolls\2026\pdfs\ac013\AC013PART012.pdf,pdf_serial_row_count,ok
2026,13,13,556,,,data\rolls\2026\pdfs\ac013\AC013PART013.pdf,pdf_serial_row_count,ok
2026,13,14,986,,,data\rolls\2026\pdfs\ac013\AC013PART014.pdf,pdf_serial_row_count,ok
2026,13,15,439,,,data\rolls\2026\pdfs\ac013\AC013PART015.pdf,pdf_serial_row_count,ok
2026,13,16,803,,,data\rolls\2026\pdfs\ac013\AC013PART016.pdf,pdf_serial_row_count,ok
2026,13,17,1063,,,data\rolls\2026\pdfs\ac013\AC013PART017.pdf,pdf_serial_row_count,ok
2026,13,18,896,,,data\rolls\2026\pdfs\ac013\AC013PART018.pdf,pdf_serial_row_count,ok
2026,13,19,761,,,data\rolls\2026\pdfs\ac013\AC013PART019.pdf,pdf_serial_row_count,ok
2026,13,20,824,,,data\rolls\2026\pdfs\ac013\AC013PART020.pdf,pdf_serial_row_count,ok
2026,13,21,950,,,data\rolls\2026\pdfs\ac013\AC013PART021.pdf,pdf_serial_row_count,ok
2026,13,22,827,,,data\rolls\2026\pdfs\ac013\AC013PART022.pdf,pdf_serial_row_count,ok
2026,13,23,842,,,data\rolls\2026\pdfs\ac013\AC013PART023.pdf,pdf_serial_row_count,ok
2026,13,24,784,,,data\rolls\2026\pdfs\ac013\AC013PART024.pdf,pdf_serial_row_count,ok
2026,13,25,956,,,data\rolls\2026\pdfs\ac013\AC013PART025.pdf,pdf_serial_row_count,ok
2026,13,26,912,,,data\rolls\2026\pdfs\ac013\AC013PART026.pdf,pdf_serial_row_count,ok
2026,13,27,934,,,data\rolls\2026\pdfs\ac013\AC013PART027.pdf,pdf_serial_row_count,ok
2026,13,28,972,,,data\rolls\2026\pdfs\ac013\AC013PART028.pdf,pdf_serial_row_count,ok
2026,13,29,609,,,data\rolls\2026\pdfs\ac013\AC013PART029.pdf,pdf_serial_row_count,ok
2026,13,30,587,,,data\rolls\2026\pdfs\ac013\AC013PART030.pdf,pdf_serial_row_count,ok
2026,13,31,623,,,data\rolls\2026\pdfs\ac013\AC013PART031.pdf,pdf_serial_row_count,ok
2026,13,32,570,,,data\rolls\2026\pdfs\ac013\AC013PART032.pdf,pdf_serial_row_count,ok
2026,13,33,721,,,data\rolls\2026\pdfs\ac013\AC013PART033.pdf,pdf_serial_row_count,ok
2026,13,34,571,,,data\rolls\2026\pdfs\ac013\AC013PART034.pdf,pdf_serial_row_count,ok
2026,13,35,904,,,data\rolls\2026\pdfs\ac013\AC013PART035.pdf,pdf_serial_row_count,ok
2026,13,36,661,,,data\rolls\2026\pdfs\ac013\AC013PART036.pdf,pdf_serial_row_count,ok
2026,13,37,784,,,data\rolls\2026\pdfs\ac013\AC013PART037.pdf,pdf_serial_row_count,ok
2026,13,38,506,,,data\rolls\2026\pdfs\ac013\AC013PART038.pdf,pdf_serial_row_count,ok
2026,13,39,707,,,data\rolls\2026\pdfs\ac013\AC013PART039.pdf,pdf_serial_row_count,ok
2026,13,40,623,,,data\rolls\2026\pdfs\ac013\AC013PART040.pdf,pdf_serial_row_count,ok
2026,13,41,642,,,data\rolls\2026\pdfs\ac013\AC013PART041.pdf,pdf_serial_row_count,ok
2026,13,42,914,,,data\rolls\2026\pdfs\ac013\AC013PART042.pdf,pdf_serial_row_count,ok
2026,13,43,607,,,data\rolls\2026\pdfs\ac013\AC013PART043.pdf,pdf_serial_row_count,ok
2026,13,44,625,,,data\rolls\2026\pdfs\ac013\AC013PART044.pdf,pdf_serial_row_count,ok
2026,13,45,1008,,,data\rolls\2026\pdfs\ac013\AC013PART045.pdf,pdf_serial_row_count,ok
2026,13,46,1050,,,data\rolls\2026\pdfs\ac013\AC013PART046.pdf,pdf_serial_row_count,ok
2026,13,47,712,,,data\rolls\2026\pdfs\ac013\AC013PART047.pdf,pdf_serial_row_count,ok
2026,13,48,546,,,data\rolls\2026\pdfs\ac013\AC013PART048.pdf,pdf_serial_row_count,ok
2026,13,49,820,,,data\rolls\2026\pdfs\ac013\AC013PART049.pdf,pdf_serial_row_count,ok
2026,13,50,933,,,data\rolls\2026\pdfs\ac013\AC013PART050.pdf,pdf_serial_row_count,ok
2026,13,51,571,,,data\rolls\2026\pdfs\ac013\AC013PART051.pdf,pdf_serial_row_count,ok
2026,13,52,509,,,data\rolls\2026\pdfs\ac013\AC013PART052.pdf,pdf_serial_row_count,ok
2026,13,53,612,,,data\rolls\2026\pdfs\ac013\AC013PART053.pdf,pdf_serial_row_count,ok
2026,13,54,549,,,data\rolls\2026\pdfs\ac013\AC013PART054.pdf,pdf_serial_row_count,ok
2026,13,55,742,,,data\rolls\2026\pdfs\ac013\AC013PART055.pdf,pdf_serial_row_count,ok
2026,13,56,512,,,data\rolls\2026\pdfs\ac013\AC013PART056.pdf,pdf_serial_row_count,ok
2026,13,57,731,,,data\rolls\2026\pdfs\ac013\AC013PART057.pdf,pdf_serial_row_count,ok
2026,13,58,531,,,data\rolls\2026\pdfs\ac013\AC013PART058.pdf,pdf_serial_row_count,ok
2026,13,59,472,,,data\rolls\2026\pdfs\ac013\AC013PART059.pdf,pdf_serial_row_count,ok
2026,13,60,687,,,data\rolls\2026\pdfs\ac013\AC013PART060.pdf,pdf_serial_row_count,ok
2026,13,61,981,,,data\rolls\2026\pdfs\ac013\AC013PART061.pdf,pdf_serial_row_count,ok
2026,13,62,638,,,data\rolls\2026\pdfs\ac013\AC013PART062.pdf,pdf_serial_row_count,ok
2026,13,63,1009,,,data\rolls\2026\pdfs\ac013\AC013PART063.pdf,pdf_serial_row_count,ok
2026,13,64,860,,,data\rolls\2026\pdfs\ac013\AC013PART064.pdf,pdf_serial_row_count,ok
2026,13,65,877,,,data\rolls\2026\pdfs\ac013\AC013PART065.pdf,pdf_serial_row_count,ok
2026,13,66,847,,,data\rolls\2026\pdfs\ac013\AC013PART066.pdf,pdf_serial_row_count,ok
2026,13,67,1064,,,data\rolls\2026\pdfs\ac013\AC013PART067.pdf,pdf_serial_row_count,ok
2026,13,68,628,,,data\rolls\2026\pdfs\ac013\AC013PART068.pdf,pdf_serial_row_count,ok
2026,13,69,584,,,data\rolls\2026\pdfs\ac013\AC013PART069.pdf,pdf_serial_row_count,ok
2026,13,70,497,,,data\rolls\2026\pdfs\ac013\AC013PART070.pdf,pdf_serial_row_count,ok
2026,13,71,843,,,data\rolls\2026\pdfs\ac013\AC013PART071.pdf,pdf_serial_row_count,ok
2026,13,72,689,,,data\rolls\2026\pdfs\ac013\AC013PART072.pdf,pdf_serial_row_count,ok
2026,13,73,1047,,,data\rolls\2026\pdfs\ac013\AC013PART073.pdf,pdf_serial_row_count,ok
2026,13,74,934,,,data\rolls\2026\pdfs\ac013\AC013PART074.pdf,pdf_serial_row_count,ok
2026,13,75,1000,,,data\rolls\2026\pdfs\ac013\AC013PART075.pdf,pdf_serial_row_count,ok
2026,13,76,1085,,,data\rolls\2026\pdfs\ac013\AC013PART076.pdf,pdf_serial_row_count,ok
2026,13,77,617,,,data\rolls\2026\pdfs\ac013\AC013PART077.pdf,pdf_serial_row_count,ok
2026,13,78,613,,,data\rolls\2026\pdfs\ac013\AC013PART078.pdf,pdf_serial_row_count,ok
2026,13,79,461,,,data\rolls\2026\pdfs\ac013\AC013PART079.pdf,pdf_serial_row_count,ok
2026,13,80,954,,,data\rolls\2026\pdfs\ac013\AC013PART080.pdf,pdf_serial_row_count,ok
2026,13,81,989,,,data\rolls\2026\pdfs\ac013\AC013PART081.pdf,pdf_serial_row_count,ok
2026,13,82,459,,,data\rolls\2026\pdfs\ac013\AC013PART082.pdf,pdf_serial_row_count,ok
2026,13,83,749,,,data\rolls\2026\pdfs\ac013\AC013PART083.pdf,pdf_serial_row_count,ok
2026,13,84,996,,,data\rolls\2026\pdfs\ac013\AC013PART084.pdf,pdf_serial_row_count,ok
2026,13,85,832,,,data\rolls\2026\pdfs\ac013\AC013PART085.pdf,pdf_serial_row_count,ok
2026,13,86,701,,,data\rolls\2026\pdfs\ac013\AC013PART086.pdf,pdf_serial_row_count,ok
2026,13,87,487,,,data\rolls\2026\pdfs\ac013\AC013PART087.pdf,pdf_serial_row_count,ok
2026,13,88,1073,,,data\rolls\2026\pdfs\ac013\AC013PART088.pdf,pdf_serial_row_count,ok
2026,13,89,1073,,,data\rolls\2026\pdfs\ac013\AC013PART089.pdf,pdf_serial_row_count,ok
2026,13,90,756,,,data\rolls\2026\pdfs\ac013\AC013PART090.pdf,pdf_serial_row_count,ok
2026,13,91,526,,,data\rolls\2026\pdfs\ac013\AC013PART091.pdf,pdf_serial_row_count,ok
2026,13,92,1196,,,data\rolls\2026\pdfs\ac013\AC013PART092.pdf,pdf_serial_row_count,ok
2026,13,93,699,,,data\rolls\2026\pdfs\ac013\AC013PART093.pdf,pdf_serial_row_count,ok
2026,13,94,692,,,data\rolls\2026\pdfs\ac013\AC013PART094.pdf,pdf_serial_row_count,ok
2026,13,95,895,,,data\rolls\2026\pdfs\ac013\AC013PART095.pdf,pdf_serial_row_count,ok
2026,13,96,620,,,data\rolls\2026\pdfs\ac013\AC013PART096.pdf,pdf_serial_row_count,ok
2026,13,97,743,,,data\rolls\2026\pdfs\ac013\AC013PART097.pdf,pdf_serial_row_count,ok
2026,13,98,959,,,data\rolls\2026\pdfs\ac013\AC013PART098.pdf,pdf_serial_row_count,ok
2026,13,99,728,,,data\rolls\2026\pdfs\ac013\AC013PART099.pdf,pdf_serial_row_count,ok
2026,13,100,1286,,,data\rolls\2026\pdfs\ac013\AC013PART100.pdf,pdf_serial_row_count,ok
2026,13,101,858,,,data\rolls\2026\pdfs\ac013\AC013PART101.pdf,pdf_serial_row_count,ok
2026,13,102,1078,,,data\rolls\2026\pdfs\ac013\AC013PART102.pdf,pdf_serial_row_count,ok
2026,13,103,647,,,data\rolls\2026\pdfs\ac013\AC013PART103.pdf,pdf_serial_row_count,ok
2026,13,104,597,,,data\rolls\2026\pdfs\ac013\AC013PART104.pdf,pdf_serial_row_count,ok
2026,13,105,808,,,data\rolls\2026\pdfs\ac013\AC013PART105.pdf,pdf_serial_row_count,ok
2026,13,106,467,,,data\rolls\2026\pdfs\ac013\AC013PART106.pdf,pdf_serial_row_count,ok
2026,13,107,888,,,data\rolls\2026\pdfs\ac013\AC013PART107.pdf,pdf_serial_row_count,ok
2026,13,108,790,,,data\rolls\2026\pdfs\ac013\AC013PART108.pdf,pdf_serial_row_count,ok
2026,13,109,644,,,data\rolls\2026\pdfs\ac013\AC013PART109.pdf,pdf_serial_row_count,ok
2026,13,110,575,,,data\rolls\2026\pdfs\ac013\AC013PART110.pdf,pdf_serial_row_count,ok
2026,13,111,1019,,,data\rolls\2026\pdfs\ac013\AC013PART111.pdf,pdf_serial_row_count,ok
2026,13,112,1072,,,data\rolls\2026\pdfs\ac013\AC013PART112.pdf,pdf_serial_row_count,ok
2026,13,113,955,,,data\rolls\2026\pdfs\ac013\AC013PART113.pdf,pdf_serial_row_count,ok
2026,13,114,630,,,data\rolls\2026\pdfs\ac013\AC013PART114.pdf,pdf_serial_row_count,ok
2026,13,115,637,,,data\rolls\2026\pdfs\ac013\AC013PART115.pdf,pdf_serial_row_count,ok
2026,13,116,657,,,data\rolls\2026\pdfs\ac013\AC013PART116.pdf,pdf_serial_row_count,ok
2026,13,117,650,,,data\rolls\2026\pdfs\ac013\AC013PART117.pdf,pdf_serial_row_count,ok
2026,13,118,800,,,data\rolls\2026\pdfs\ac013\AC013PART118.pdf,pdf_serial_row_count,ok
2026,13,119,803,,,data\rolls\2026\pdfs\ac013\AC013PART119.pdf,pdf_serial_row_count,ok
2026,13,120,777,,,data\rolls\2026\pdfs\ac013\AC013PART120.pdf,pdf_serial_row_count,ok
2026,13,121,818,,,data\rolls\2026\pdfs\ac013\AC013PART121.pdf,pdf_serial_row_count,ok
2026,13,122,653,,,data\rolls\2026\pdfs\ac013\AC013PART122.pdf,pdf_serial_row_count,ok
2026,13,123,965,,,data\rolls\2026\pdfs\ac013\AC013PART123.pdf,pdf_serial_row_count,ok
2026,13,124,887,,,data\rolls\2026\pdfs\ac013\AC013PART124.pdf,pdf_serial_row_count,ok
2026,13,125,860,,,data\rolls\2026\pdfs\ac013\AC013PART125.pdf,pdf_serial_row_count,ok
2026,13,126,592,,,data\rolls\2026\pdfs\ac013\AC013PART126.pdf,pdf_serial_row_count,ok
2026,13,127,1013,,,data\rolls\2026\pdfs\ac013\AC013PART127.pdf,pdf_serial_row_count,ok
2026,13,128,743,,,data\rolls\2026\pdfs\ac013\AC013PART128.pdf,pdf_serial_row_count,ok
2026,13,129,537,,,data\rolls\2026\pdfs\ac013\AC013PART129.pdf,pdf_serial_row_count,ok
2026,13,130,809,,,data\rolls\2026\pdfs\ac013\AC013PART130.pdf,pdf_serial_row_count,ok
2026,13,131,925,,,data\rolls\2026\pdfs\ac013\AC013PART131.pdf,pdf_serial_row_count,ok
2026,13,132,981,,,data\rolls\2026\pdfs\ac013\AC013PART132.pdf,pdf_serial_row_count,ok
2026,13,133,960,,,data\rolls\2026\pdfs\ac013\AC013PART133.pdf,pdf_serial_row_count,ok
2026,13,134,739,,,data\rolls\2026\pdfs\ac013\AC013PART134.pdf,pdf_serial_row_count,ok
2026,13,135,1037,,,data\rolls\2026\pdfs\ac013\AC013PART135.pdf,pdf_serial_row_count,ok
2026,13,136,400,,,data\rolls\2026\pdfs\ac013\AC013PART136.pdf,pdf_serial_row_count,ok
2026,13,137,725,,,data\rolls\2026\pdfs\ac013\AC013PART137.pdf,pdf_serial_row_count,ok
2026,13,138,564,,,data\rolls\2026\pdfs\ac013\AC013PART138.pdf,pdf_serial_row_count,ok
2026,13,139,957,,,data\rolls\2026\pdfs\ac013\AC013PART139.pdf,pdf_serial_row_count,ok
2026,13,140,935,,,data\rolls\2026\pdfs\ac013\AC013PART140.pdf,pdf_serial_row_count,ok
2026,13,141,1029,,,data\rolls\2026\pdfs\ac013\AC013PART141.pdf,pdf_serial_row_count,ok
2026,13,142,1063,,,data\rolls\2026\pdfs\ac013\AC013PART142.pdf,pdf_serial_row_count,ok
2026,13,143,1063,,,data\rolls\2026\pdfs\ac013\AC013PART143.pdf,pdf_serial_row_count,ok
2026,13,144,844,,,data\rolls\2026\pdfs\ac013\AC013PART144.pdf,pdf_serial_row_count,ok
2026,13,145,922,,,data\rolls\2026\pdfs\ac013\AC013PART145.pdf,pdf_serial_row_count,ok
2026,13,146,719,,,data\rolls\2026\pdfs\ac013\AC013PART146.pdf,pdf_serial_row_count,ok
2026,13,147,1042,,,data\rolls\2026\pdfs\ac013\AC013PART147.pdf,pdf_serial_row_count,ok
2026,13,148,844,,,data\rolls\2026\pdfs\ac013\AC013PART148.pdf,pdf_serial_row_count,ok
2026,13,149,722,,,data\rolls\2026\pdfs\ac013\AC013PART149.pdf,pdf_serial_row_count,ok
2026,13,150,621,,,data\rolls\2026\pdfs\ac013\AC013PART150.pdf,pdf_serial_row_count,ok
2026,13,151,681,,,data\rolls\2026\pdfs\ac013\AC013PART151.pdf,pdf_serial_row_count,ok
2026,13,152,926,,,data\rolls\2026\pdfs\ac013\AC013PART152.pdf,pdf_serial_row_count,ok
2026,13,153,361,,,data\rolls\2026\pdfs\ac013\AC013PART153.pdf,pdf_serial_row_count,ok
2026,13,154,740,,,data\rolls\2026\pdfs\ac013\AC013PART154.pdf,pdf_serial_row_count,ok
2026,13,155,865,,,data\rolls\2026\pdfs\ac013\AC013PART155.pdf,pdf_serial_row_count,ok
2026,13,156,825,,,data\rolls\2026\pdfs\ac013\AC013PART156.pdf,pdf_serial_row_count,ok
2026,13,157,551,,,data\rolls\2026\pdfs\ac013\AC013PART157.pdf,pdf_serial_row_count,ok
2026,13,158,520,,,data\rolls\2026\pdfs\ac013\AC013PART158.pdf,pdf_serial_row_count,ok
2026,13,159,999,,,data\rolls\2026\pdfs\ac013\AC013PART159.pdf,pdf_serial_row_count,ok
2026,13,160,1087,,,data\rolls\2026\pdfs\ac013\AC013PART160.pdf,pdf_serial_row_count,ok
2026,13,161,700,,,data\rolls\2026\pdfs\ac013\AC013PART161.pdf,pdf_serial_row_count,ok
2026,13,162,922,,,data\rolls\2026\pdfs\ac013\AC013PART162.pdf,pdf_serial_row_count,ok
2026,13,163,706,,,data\rolls\2026\pdfs\ac013\AC013PART163.pdf,pdf_serial_row_count,ok
2026,13,164,586,,,data\rolls\2026\pdfs\ac013\AC013PART164.pdf,pdf_serial_row_count,ok
2026,13,165,810,,,data\rolls\2026\pdfs\ac013\AC013PART165.pdf,pdf_serial_row_count,ok
2026,13,166,859,,,data\rolls\2026\pdfs\ac013\AC013PART166.pdf,pdf_serial_row_count,ok
2026,13,167,704,,,data\rolls\2026\pdfs\ac013\AC013PART167.pdf,pdf_serial_row_count,ok
2026,13,168,656,,,data\rolls\2026\pdfs\ac013\AC013PART168.pdf,pdf_serial_row_count,ok
2026,13,169,536,,,data\rolls\2026\pdfs\ac013\AC013PART169.pdf,pdf_serial_row_count,ok
2026,13,170,504,,,data\rolls\2026\pdfs\ac013\AC013PART170.pdf,pdf_serial_row_count,ok
2026,13,171,582,,,data\rolls\2026\pdfs\ac013\AC013PART171.pdf,pdf_serial_row_count,ok
2026,13,172,494,,,data\rolls\2026\pdfs\ac013\AC013PART172.pdf,pdf_serial_row_count,ok
2026,13,173,888,,,data\rolls\2026\pdfs\ac013\AC013PART173.pdf,pdf_serial_row_count,ok
2026,13,174,881,,,data\rolls\2026\pdfs\ac013\AC013PART174.pdf,pdf_serial_row_count,ok
2026,13,175,592,,,data\rolls\2026\pdfs\ac013\AC013PART175.pdf,pdf_serial_row_count,ok
2026,13,176,799,,,data\rolls\2026\pdfs\ac013\AC013PART176.pdf,pdf_serial_row_count,ok
2026,13,177,866,,,data\rolls\2026\pdfs\ac013\AC013PART177.pdf,pdf_serial_row_count,ok
2026,13,178,944,,,data\rolls\2026\pdfs\ac013\AC013PART178.pdf,pdf_serial_row_count,ok
2026,13,179,692,,,data\rolls\2026\pdfs\ac013\AC013PART179.pdf,pdf_serial_row_count,ok
2026,13,180,802,,,data\rolls\2026\pdfs\ac013\AC013PART180.pdf,pdf_serial_row_count,ok
2026,13,181,997,,,data\rolls\2026\pdfs\ac013\AC013PART181.pdf,pdf_serial_row_count,ok
2026,13,182,616,,,data\rolls\2026\pdfs\ac013\AC013PART182.pdf,pdf_serial_row_count,ok
2026,13,183,745,,,data\rolls\2026\pdfs\ac013\AC013PART183.pdf,pdf_serial_row_count,ok
2026,13,184,957,,,data\rolls\2026\pdfs\ac013\AC013PART184.pdf,pdf_serial_row_count,ok
2026,13,185,820,,,data\rolls\2026\pdfs\ac013\AC013PART185.pdf,pdf_serial_row_count,ok
2026,13,186,748,,,data\rolls\2026\pdfs\ac013\AC013PART186.pdf,pdf_serial_row_count,ok
2026,14,1,426,,,data\rolls\2026\pdfs\ac014\AC014PART001.pdf,pdf_serial_row_count,ok
2026,14,2,745,,,data\rolls\2026\pdfs\ac014\AC014PART002.pdf,pdf_serial_row_count,ok
2026,14,3,534,,,data\rolls\2026\pdfs\ac014\AC014PART003.pdf,pdf_serial_row_count,ok
2026,14,4,775,,,data\rolls\2026\pdfs\ac014\AC014PART004.pdf,pdf_serial_row_count,ok
2026,14,5,838,,,data\rolls\2026\pdfs\ac014\AC014PART005.pdf,pdf_serial_row_count,ok
2026,14,6,501,,,data\rolls\2026\pdfs\ac014\AC014PART006.pdf,pdf_serial_row_count,ok
2026,14,7,743,,,data\rolls\2026\pdfs\ac014\AC014PART007.pdf,pdf_serial_row_count,ok
2026,14,8,626,,,data\rolls\2026\pdfs\ac014\AC014PART008.pdf,pdf_serial_row_count,ok
2026,14,9,394,,,data\rolls\2026\pdfs\ac014\AC014PART009.pdf,pdf_serial_row_count,ok
2026,14,10,838,,,data\rolls\2026\pdfs\ac014\AC014PART010.pdf,pdf_serial_row_count,ok
2026,14,11,868,,,data\rolls\2026\pdfs\ac014\AC014PART011.pdf,pdf_serial_row_count,ok
2026,14,12,1018,,,data\rolls\2026\pdfs\ac014\AC014PART012.pdf,pdf_serial_row_count,ok
2026,14,13,758,,,data\rolls\2026\pdfs\ac014\AC014PART013.pdf,pdf_serial_row_count,ok
2026,14,14,354,,,data\rolls\2026\pdfs\ac014\AC014PART014.pdf,pdf_serial_row_count,ok
2026,14,15,503,,,data\rolls\2026\pdfs\ac014\AC014PART015.pdf,pdf_serial_row_count,ok
2026,14,16,538,,,data\rolls\2026\pdfs\ac014\AC014PART016.pdf,pdf_serial_row_count,ok
2026,14,17,910,,,data\rolls\2026\pdfs\ac014\AC014PART017.pdf,pdf_serial_row_count,ok
2026,14,18,722,,,data\rolls\2026\pdfs\ac014\AC014PART018.pdf,pdf_serial_row_count,ok
2026,14,19,680,,,data\rolls\2026\pdfs\ac014\AC014PART019.pdf,pdf_serial_row_count,ok
2026,14,20,798,,,data\rolls\2026\pdfs\ac014\AC014PART020.pdf,pdf_serial_row_count,ok
2026,14,21,932,,,data\rolls\2026\pdfs\ac014\AC014PART021.pdf,pdf_serial_row_count,ok
2026,14,22,628,,,data\rolls\2026\pdfs\ac014\AC014PART022.pdf,pdf_serial_row_count,ok
2026,14,23,799,,,data\rolls\2026\pdfs\ac014\AC014PART023.pdf,pdf_serial_row_count,ok
2026,14,24,705,,,data\rolls\2026\pdfs\ac014\AC014PART024.pdf,pdf_serial_row_count,ok
2026,14,25,502,,,data\rolls\2026\pdfs\ac014\AC014PART025.pdf,pdf_serial_row_count,ok
2026,14,26,612,,,data\rolls\2026\pdfs\ac014\AC014PART026.pdf,pdf_serial_row_count,ok
2026,14,27,440,,,data\rolls\2026\pdfs\ac014\AC014PART027.pdf,pdf_serial_row_count,ok
2026,14,28,444,,,data\rolls\2026\pdfs\ac014\AC014PART028.pdf,pdf_serial_row_count,ok
2026,14,29,471,,,data\rolls\2026\pdfs\ac014\AC014PART029.pdf,pdf_serial_row_count,ok
2026,14,30,477,,,data\rolls\2026\pdfs\ac014\AC014PART030.pdf,pdf_serial_row_count,ok
2026,14,31,712,,,data\rolls\2026\pdfs\ac014\AC014PART031.pdf,pdf_serial_row_count,ok
2026,14,32,422,,,data\rolls\2026\pdfs\ac014\AC014PART032.pdf,pdf_serial_row_count,ok
2026,14,33,690,,,data\rolls\2026\pdfs\ac014\AC014PART033.pdf,pdf_serial_row_count,ok
2026,14,34,475,,,data\rolls\2026\pdfs\ac014\AC014PART034.pdf,pdf_serial_row_count,ok
2026,14,35,542,,,data\rolls\2026\pdfs\ac014\AC014PART035.pdf,pdf_serial_row_count,ok
2026,14,36,784,,,data\rolls\2026\pdfs\ac014\AC014PART036.pdf,pdf_serial_row_count,ok
2026,14,37,665,,,data\rolls\2026\pdfs\ac014\AC014PART037.pdf,pdf_serial_row_count,ok
2026,14,38,980,,,data\rolls\2026\pdfs\ac014\AC014PART038.pdf,pdf_serial_row_count,ok
2026,14,39,753,,,data\rolls\2026\pdfs\ac014\AC014PART039.pdf,pdf_serial_row_count,ok
2026,14,40,532,,,data\rolls\2026\pdfs\ac014\AC014PART040.pdf,pdf_serial_row_count,ok
2026,14,41,876,,,data\rolls\2026\pdfs\ac014\AC014PART041.pdf,pdf_serial_row_count,ok
2026,14,42,1013,,,data\rolls\2026\pdfs\ac014\AC014PART042.pdf,pdf_serial_row_count,ok
2026,14,43,326,,,data\rolls\2026\pdfs\ac014\AC014PART043.pdf,pdf_serial_row_count,ok
2026,14,44,1199,,,data\rolls\2026\pdfs\ac014\AC014PART044.pdf,pdf_serial_row_count,ok
2026,14,45,737,,,data\rolls\2026\pdfs\ac014\AC014PART045.pdf,pdf_serial_row_count,ok
2026,14,46,621,,,data\rolls\2026\pdfs\ac014\AC014PART046.pdf,pdf_serial_row_count,ok
2026,14,47,867,,,data\rolls\2026\pdfs\ac014\AC014PART047.pdf,pdf_serial_row_count,ok
2026,14,48,721,,,data\rolls\2026\pdfs\ac014\AC014PART048.pdf,pdf_serial_row_count,ok
2026,14,49,626,,,data\rolls\2026\pdfs\ac014\AC014PART049.pdf,pdf_serial_row_count,ok
2026,14,50,528,,,data\rolls\2026\pdfs\ac014\AC014PART050.pdf,pdf_serial_row_count,ok
2026,14,51,625,,,data\rolls\2026\pdfs\ac014\AC014PART051.pdf,pdf_serial_row_count,ok
2026,14,52,745,,,data\rolls\2026\pdfs\ac014\AC014PART052.pdf,pdf_serial_row_count,ok
2026,14,53,650,,,data\rolls\2026\pdfs\ac014\AC014PART053.pdf,pdf_serial_row_count,ok
2026,14,54,781,,,data\rolls\2026\pdfs\ac014\AC014PART054.pdf,pdf_serial_row_count,ok
2026,14,55,658,,,data\rolls\2026\pdfs\ac014\AC014PART055.pdf,pdf_serial_row_count,ok
2026,14,56,661,,,data\rolls\2026\pdfs\ac014\AC014PART056.pdf,pdf_serial_row_count,ok
2026,14,57,745,,,data\rolls\2026\pdfs\ac014\AC014PART057.pdf,pdf_serial_row_count,ok
2026,14,58,762,,,data\rolls\2026\pdfs\ac014\AC014PART058.pdf,pdf_serial_row_count,ok
2026,14,59,803,,,data\rolls\2026\pdfs\ac014\AC014PART059.pdf,pdf_serial_row_count,ok
2026,14,60,952,,,data\rolls\2026\pdfs\ac014\AC014PART060.pdf,pdf_serial_row_count,ok
2026,14,61,959,,,data\rolls\2026\pdfs\ac014\AC014PART061.pdf,pdf_serial_row_count,ok
2026,14,62,592,,,data\rolls\2026\pdfs\ac014\AC014PART062.pdf,pdf_serial_row_count,ok
2026,14,63,692,,,data\rolls\2026\pdfs\ac014\AC014PART063.pdf,pdf_serial_row_count,ok
2026,14,64,742,,,data\rolls\2026\pdfs\ac014\AC014PART064.pdf,pdf_serial_row_count,ok
2026,14,65,718,,,data\rolls\2026\pdfs\ac014\AC014PART065.pdf,pdf_serial_row_count,ok
2026,14,66,922,,,data\rolls\2026\pdfs\ac014\AC014PART066.pdf,pdf_serial_row_count,ok
2026,14,67,884,,,data\rolls\2026\pdfs\ac014\AC014PART067.pdf,pdf_serial_row_count,ok
2026,14,68,698,,,data\rolls\2026\pdfs\ac014\AC014PART068.pdf,pdf_serial_row_count,ok
2026,14,69,453,,,data\rolls\2026\pdfs\ac014\AC014PART069.pdf,pdf_serial_row_count,ok
2026,14,70,665,,,data\rolls\2026\pdfs\ac014\AC014PART070.pdf,pdf_serial_row_count,ok
2026,14,71,749,,,data\rolls\2026\pdfs\ac014\AC014PART071.pdf,pdf_serial_row_count,ok
2026,14,72,1109,,,data\rolls\2026\pdfs\ac014\AC014PART072.pdf,pdf_serial_row_count,ok
2026,14,73,720,,,data\rolls\2026\pdfs\ac014\AC014PART073.pdf,pdf_serial_row_count,ok
2026,14,74,527,,,data\rolls\2026\pdfs\ac014\AC014PART074.pdf,pdf_serial_row_count,ok
2026,14,75,942,,,data\rolls\2026\pdfs\ac014\AC014PART075.pdf,pdf_serial_row_count,ok
2026,14,76,678,,,data\rolls\2026\pdfs\ac014\AC014PART076.pdf,pdf_serial_row_count,ok
2026,14,77,816,,,data\rolls\2026\pdfs\ac014\AC014PART077.pdf,pdf_serial_row_count,ok
2026,14,78,637,,,data\rolls\2026\pdfs\ac014\AC014PART078.pdf,pdf_serial_row_count,ok
2026,14,79,601,,,data\rolls\2026\pdfs\ac014\AC014PART079.pdf,pdf_serial_row_count,ok
2026,14,80,896,,,data\rolls\2026\pdfs\ac014\AC014PART080.pdf,pdf_serial_row_count,ok
2026,14,81,700,,,data\rolls\2026\pdfs\ac014\AC014PART081.pdf,pdf_serial_row_count,ok
2026,14,82,1000,,,data\rolls\2026\pdfs\ac014\AC014PART082.pdf,pdf_serial_row_count,ok
2026,14,83,482,,,data\rolls\2026\pdfs\ac014\AC014PART083.pdf,pdf_serial_row_count,ok
2026,14,84,711,,,data\rolls\2026\pdfs\ac014\AC014PART084.pdf,pdf_serial_row_count,ok
2026,14,85,625,,,data\rolls\2026\pdfs\ac014\AC014PART085.pdf,pdf_serial_row_count,ok
2026,14,86,857,,,data\rolls\2026\pdfs\ac014\AC014PART086.pdf,pdf_serial_row_count,ok
2026,14,87,675,,,data\rolls\2026\pdfs\ac014\AC014PART087.pdf,pdf_serial_row_count,ok
2026,14,88,463,,,data\rolls\2026\pdfs\ac014\AC014PART088.pdf,pdf_serial_row_count,ok
2026,14,89,441,,,data\rolls\2026\pdfs\ac014\AC014PART089.pdf,pdf_serial_row_count,ok
2026,14,90,827,,,data\rolls\2026\pdfs\ac014\AC014PART090.pdf,pdf_serial_row_count,ok
2026,14,91,487,,,data\rolls\2026\pdfs\ac014\AC014PART091.pdf,pdf_serial_row_count,ok
2026,14,92,967,,,data\rolls\2026\pdfs\ac014\AC014PART092.pdf,pdf_serial_row_count,ok
2026,14,93,1046,,,data\rolls\2026\pdfs\ac014\AC014PART093.pdf,pdf_serial_row_count,ok
2026,14,94,877,,,data\rolls\2026\pdfs\ac014\AC014PART094.pdf,pdf_serial_row_count,ok
2026,14,95,455,,,data\rolls\2026\pdfs\ac014\AC014PART095.pdf,pdf_serial_row_count,ok
2026,14,96,717,,,data\rolls\2026\pdfs\ac014\AC014PART096.pdf,pdf_serial_row_count,ok
2026,14,97,861,,,data\rolls\2026\pdfs\ac014\AC014PART097.pdf,pdf_serial_row_count,ok
2026,14,98,876,,,data\rolls\2026\pdfs\ac014\AC014PART098.pdf,pdf_serial_row_count,ok
2026,14,99,518,,,data\rolls\2026\pdfs\ac014\AC014PART099.pdf,pdf_serial_row_count,ok
2026,14,100,907,,,data\rolls\2026\pdfs\ac014\AC014PART100.pdf,pdf_serial_row_count,ok
2026,14,101,486,,,data\rolls\2026\pdfs\ac014\AC014PART101.pdf,pdf_serial_row_count,ok
2026,14,102,628,,,data\rolls\2026\pdfs\ac014\AC014PART102.pdf,pdf_serial_row_count,ok
2026,14,103,470,,,data\rolls\2026\pdfs\ac014\AC014PART103.pdf,pdf_serial_row_count,ok
2026,14,104,642,,,data\rolls\2026\pdfs\ac014\AC014PART104.pdf,pdf_serial_row_count,ok
2026,14,105,813,,,data\rolls\2026\pdfs\ac014\AC014PART105.pdf,pdf_serial_row_count,ok
2026,14,106,873,,,data\rolls\2026\pdfs\ac014\AC014PART106.pdf,pdf_serial_row_count,ok
2026,14,107,260,,,data\rolls\2026\pdfs\ac014\AC014PART107.pdf,pdf_serial_row_count,ok
2026,14,108,841,,,data\rolls\2026\pdfs\ac014\AC014PART108.pdf,pdf_serial_row_count,ok
2026,14,109,703,,,data\rolls\2026\pdfs\ac014\AC014PART109.pdf,pdf_serial_row_count,ok
2026,14,110,711,,,data\rolls\2026\pdfs\ac014\AC014PART110.pdf,pdf_serial_row_count,ok
2026,14,111,459,,,data\rolls\2026\pdfs\ac014\AC014PART111.pdf,pdf_serial_row_count,ok
2026,14,112,735,,,data\rolls\2026\pdfs\ac014\AC014PART112.pdf,pdf_serial_row_count,ok
2026,14,113,822,,,data\rolls\2026\pdfs\ac014\AC014PART113.pdf,pdf_serial_row_count,ok
2026,14,114,856,,,data\rolls\2026\pdfs\ac014\AC014PART114.pdf,pdf_serial_row_count,ok
2026,14,115,483,,,data\rolls\2026\pdfs\ac014\AC014PART115.pdf,pdf_serial_row_count,ok
2026,14,116,732,,,data\rolls\2026\pdfs\ac014\AC014PART116.pdf,pdf_serial_row_count,ok
2026,14,117,946,,,data\rolls\2026\pdfs\ac014\AC014PART117.pdf,pdf_serial_row_count,ok
2026,14,118,1007,,,data\rolls\2026\pdfs\ac014\AC014PART118.pdf,pdf_serial_row_count,ok
2026,14,119,837,,,data\rolls\2026\pdfs\ac014\AC014PART119.pdf,pdf_serial_row_count,ok
2026,14,120,496,,,data\rolls\2026\pdfs\ac014\AC014PART120.pdf,pdf_serial_row_count,ok
2026,14,121,784,,,data\rolls\2026\pdfs\ac014\AC014PART121.pdf,pdf_serial_row_count,ok
2026,14,122,876,,,data\rolls\2026\pdfs\ac014\AC014PART122.pdf,pdf_serial_row_count,ok
2026,14,123,693,,,data\rolls\2026\pdfs\ac014\AC014PART123.pdf,pdf_serial_row_count,ok
2026,14,124,554,,,data\rolls\2026\pdfs\ac014\AC014PART124.pdf,pdf_serial_row_count,ok
2026,14,125,555,,,data\rolls\2026\pdfs\ac014\AC014PART125.pdf,pdf_serial_row_count,ok
2026,14,126,444,,,data\rolls\2026\pdfs\ac014\AC014PART126.pdf,pdf_serial_row_count,ok
2026,14,127,472,,,data\rolls\2026\pdfs\ac014\AC014PART127.pdf,pdf_serial_row_count,ok
2026,14,128,912,,,data\rolls\2026\pdfs\ac014\AC014PART128.pdf,pdf_serial_row_count,ok
2026,14,129,577,,,data\rolls\2026\pdfs\ac014\AC014PART129.pdf,pdf_serial_row_count,ok
2026,14,130,537,,,data\rolls\2026\pdfs\ac014\AC014PART130.pdf,pdf_serial_row_count,ok
2026,14,131,497,,,data\rolls\2026\pdfs\ac014\AC014PART131.pdf,pdf_serial_row_count,ok
2026,14,132,914,,,data\rolls\2026\pdfs\ac014\AC014PART132.pdf,pdf_serial_row_count,ok
2026,14,133,595,,,data\rolls\2026\pdfs\ac014\AC014PART133.pdf,pdf_serial_row_count,ok
2026,14,134,662,,,data\rolls\2026\pdfs\ac014\AC014PART134.pdf,pdf_serial_row_count,ok
2026,14,135,562,,,data\rolls\2026\pdfs\ac014\AC014PART135.pdf,pdf_serial_row_count,ok
2026,14,136,716,,,data\rolls\2026\pdfs\ac014\AC014PART136.pdf,pdf_serial_row_count,ok
2026,14,137,654,,,data\rolls\2026\pdfs\ac014\AC014PART137.pdf,pdf_serial_row_count,ok
2026,14,138,965,,,data\rolls\2026\pdfs\ac014\AC014PART138.pdf,pdf_serial_row_count,ok
2026,14,139,746,,,data\rolls\2026\pdfs\ac014\AC014PART139.pdf,pdf_serial_row_count,ok
2026,14,140,688,,,data\rolls\2026\pdfs\ac014\AC014PART140.pdf,pdf_serial_row_count,ok
2026,14,141,810,,,data\rolls\2026\pdfs\ac014\AC014PART141.pdf,pdf_serial_row_count,ok
2026,14,142,987,,,data\rolls\2026\pdfs\ac014\AC014PART142.pdf,pdf_serial_row_count,ok
2026,14,143,570,,,data\rolls\2026\pdfs\ac014\AC014PART143.pdf,pdf_serial_row_count,ok
2026,14,144,491,,,data\rolls\2026\pdfs\ac014\AC014PART144.pdf,pdf_serial_row_count,ok
2026,14,145,574,,,data\rolls\2026\pdfs\ac014\AC014PART145.pdf,pdf_serial_row_count,ok
2026,14,146,526,,,data\rolls\2026\pdfs\ac014\AC014PART146.pdf,pdf_serial_row_count,ok
2026,14,147,565,,,data\rolls\2026\pdfs\ac014\AC014PART147.pdf,pdf_serial_row_count,ok
2026,14,148,656,,,data\rolls\2026\pdfs\ac014\AC014PART148.pdf,pdf_serial_row_count,ok
2026,14,149,592,,,data\rolls\2026\pdfs\ac014\AC014PART149.pdf,pdf_serial_row_count,ok
2026,14,150,869,,,data\rolls\2026\pdfs\ac014\AC014PART150.pdf,pdf_serial_row_count,ok
2026,14,151,883,,,data\rolls\2026\pdfs\ac014\AC014PART151.pdf,pdf_serial_row_count,ok
2026,14,152,996,,,data\rolls\2026\pdfs\ac014\AC014PART152.pdf,pdf_serial_row_count,ok
2026,14,153,647,,,data\rolls\2026\pdfs\ac014\AC014PART153.pdf,pdf_serial_row_count,ok
2026,14,154,605,,,data\rolls\2026\pdfs\ac014\AC014PART154.pdf,pdf_serial_row_count,ok
2026,14,155,625,,,data\rolls\2026\pdfs\ac014\AC014PART155.pdf,pdf_serial_row_count,ok
2026,14,156,726,,,data\rolls\2026\pdfs\ac014\AC014PART156.pdf,pdf_serial_row_count,ok
2026,14,157,837,,,data\rolls\2026\pdfs\ac014\AC014PART157.pdf,pdf_serial_row_count,ok
2026,14,158,439,,,data\rolls\2026\pdfs\ac014\AC014PART158.pdf,pdf_serial_row_count,ok
2026,14,159,814,,,data\rolls\2026\pdfs\ac014\AC014PART159.pdf,pdf_serial_row_count,ok
2026,14,160,901,,,data\rolls\2026\pdfs\ac014\AC014PART160.pdf,pdf_serial_row_count,ok
2026,14,161,827,,,data\rolls\2026\pdfs\ac014\AC014PART161.pdf,pdf_serial_row_count,ok
2026,14,162,470,,,data\rolls\2026\pdfs\ac014\AC014PART162.pdf,pdf_serial_row_count,ok
2026,14,163,1150,,,data\rolls\2026\pdfs\ac014\AC014PART163.pdf,pdf_serial_row_count,ok
2026,14,164,861,,,data\rolls\2026\pdfs\ac014\AC014PART164.pdf,pdf_serial_row_count,ok
2026,14,165,611,,,data\rolls\2026\pdfs\ac014\AC014PART165.pdf,pdf_serial_row_count,ok
2026,14,166,672,,,data\rolls\2026\pdfs\ac014\AC014PART166.pdf,pdf_serial_row_count,ok
2026,14,167,638,,,data\rolls\2026\pdfs\ac014\AC014PART167.pdf,pdf_serial_row_count,ok
2026,14,168,518,,,data\rolls\2026\pdfs\ac014\AC014PART168.pdf,pdf_serial_row_count,ok
2026,14,169,624,,,data\rolls\2026\pdfs\ac014\AC014PART169.pdf,pdf_serial_row_count,ok
2026,14,170,858,,,data\rolls\2026\pdfs\ac014\AC014PART170.pdf,pdf_serial_row_count,ok
2026,14,171,616,,,data\rolls\2026\pdfs\ac014\AC014PART171.pdf,pdf_serial_row_count,ok
2026,14,172,658,,,data\rolls\2026\pdfs\ac014\AC014PART172.pdf,pdf_serial_row_count,ok
2026,14,173,586,,,data\rolls\2026\pdfs\ac014\AC014PART173.pdf,pdf_serial_row_count,ok
2026,14,174,637,,,data\rolls\2026\pdfs\ac014\AC014PART174.pdf,pdf_serial_row_count,ok
2026,14,175,535,,,data\rolls\2026\pdfs\ac014\AC014PART175.pdf,pdf_serial_row_count,ok
2026,14,176,596,,,data\rolls\2026\pdfs\ac014\AC014PART176.pdf,pdf_serial_row_count,ok
2026,14,177,607,,,data\rolls\2026\pdfs\ac014\AC014PART177.pdf,pdf_serial_row_count,ok
2026,14,178,707,,,data\rolls\2026\pdfs\ac014\AC014PART178.pdf,pdf_serial_row_count,ok
2026,14,179,994,,,data\rolls\2026\pdfs\ac014\AC014PART179.pdf,pdf_serial_row_count,ok
2026,14,180,814,,,data\rolls\2026\pdfs\ac014\AC014PART180.pdf,pdf_serial_row_count,ok
2026,14,181,452,,,data\rolls\2026\pdfs\ac014\AC014PART181.pdf,pdf_serial_row_count,ok
2026,14,182,556,,,data\rolls\2026\pdfs\ac014\AC014PART182.pdf,pdf_serial_row_count,ok
2026,14,183,542,,,data\rolls\2026\pdfs\ac014\AC014PART183.pdf,pdf_serial_row_count,ok
2026,14,184,908,,,data\rolls\2026\pdfs\ac014\AC014PART184.pdf,pdf_serial_row_count,ok
2026,14,185,602,,,data\rolls\2026\pdfs\ac014\AC014PART185.pdf,pdf_serial_row_count,ok
2026,14,186,807,,,data\rolls\2026\pdfs\ac014\AC014PART186.pdf,pdf_serial_row_count,ok
2026,15,1,861,,,data\rolls\2026\pdfs\ac015\AC015PART001.pdf,pdf_serial_row_count,ok
2026,15,2,809,,,data\rolls\2026\pdfs\ac015\AC015PART002.pdf,pdf_serial_row_count,ok
2026,15,3,769,,,data\rolls\2026\pdfs\ac015\AC015PART003.pdf,pdf_serial_row_count,ok
2026,15,4,866,,,data\rolls\2026\pdfs\ac015\AC015PART004.pdf,pdf_serial_row_count,ok
2026,15,5,936,,,data\rolls\2026\pdfs\ac015\AC015PART005.pdf,pdf_serial_row_count,ok
2026,15,6,788,,,data\rolls\2026\pdfs\ac015\AC015PART006.pdf,pdf_serial_row_count,ok
2026,15,7,343,,,data\rolls\2026\pdfs\ac015\AC015PART007.pdf,pdf_serial_row_count,ok
2026,15,8,724,,,data\rolls\2026\pdfs\ac015\AC015PART008.pdf,pdf_serial_row_count,ok
2026,15,9,973,,,data\rolls\2026\pdfs\ac015\AC015PART009.pdf,pdf_serial_row_count,ok
2026,15,10,790,,,data\rolls\2026\pdfs\ac015\AC015PART010.pdf,pdf_serial_row_count,ok
2026,15,11,894,,,data\rolls\2026\pdfs\ac015\AC015PART011.pdf,pdf_serial_row_count,ok
2026,15,12,640,,,data\rolls\2026\pdfs\ac015\AC015PART012.pdf,pdf_serial_row_count,ok
2026,15,13,653,,,data\rolls\2026\pdfs\ac015\AC015PART013.pdf,pdf_serial_row_count,ok
2026,15,14,816,,,data\rolls\2026\pdfs\ac015\AC015PART014.pdf,pdf_serial_row_count,ok
2026,15,15,539,,,data\rolls\2026\pdfs\ac015\AC015PART015.pdf,pdf_serial_row_count,ok
2026,15,16,800,,,data\rolls\2026\pdfs\ac015\AC015PART016.pdf,pdf_serial_row_count,ok
2026,15,17,750,,,data\rolls\2026\pdfs\ac015\AC015PART017.pdf,pdf_serial_row_count,ok
2026,15,18,438,,,data\rolls\2026\pdfs\ac015\AC015PART018.pdf,pdf_serial_row_count,ok
2026,15,19,541,,,data\rolls\2026\pdfs\ac015\AC015PART019.pdf,pdf_serial_row_count,ok
2026,15,20,1019,,,data\rolls\2026\pdfs\ac015\AC015PART020.pdf,pdf_serial_row_count,ok
2026,15,21,846,,,data\rolls\2026\pdfs\ac015\AC015PART021.pdf,pdf_serial_row_count,ok
2026,15,22,721,,,data\rolls\2026\pdfs\ac015\AC015PART022.pdf,pdf_serial_row_count,ok
2026,15,23,672,,,data\rolls\2026\pdfs\ac015\AC015PART023.pdf,pdf_serial_row_count,ok
2026,15,24,767,,,data\rolls\2026\pdfs\ac015\AC015PART024.pdf,pdf_serial_row_count,ok
2026,15,25,1097,,,data\rolls\2026\pdfs\ac015\AC015PART025.pdf,pdf_serial_row_count,ok
2026,15,26,465,,,data\rolls\2026\pdfs\ac015\AC015PART026.pdf,pdf_serial_row_count,ok
2026,15,27,724,,,data\rolls\2026\pdfs\ac015\AC015PART027.pdf,pdf_serial_row_count,ok
2026,15,28,721,,,data\rolls\2026\pdfs\ac015\AC015PART028.pdf,pdf_serial_row_count,ok
2026,15,29,826,,,data\rolls\2026\pdfs\ac015\AC015PART029.pdf,pdf_serial_row_count,ok
2026,15,30,853,,,data\rolls\2026\pdfs\ac015\AC015PART030.pdf,pdf_serial_row_count,ok
2026,15,31,632,,,data\rolls\2026\pdfs\ac015\AC015PART031.pdf,pdf_serial_row_count,ok
2026,15,32,711,,,data\rolls\2026\pdfs\ac015\AC015PART032.pdf,pdf_serial_row_count,ok
2026,15,33,717,,,data\rolls\2026\pdfs\ac015\AC015PART033.pdf,pdf_serial_row_count,ok
2026,15,34,641,,,data\rolls\2026\pdfs\ac015\AC015PART034.pdf,pdf_serial_row_count,ok
2026,15,35,749,,,data\rolls\2026\pdfs\ac015\AC015PART035.pdf,pdf_serial_row_count,ok
2026,15,36,476,,,data\rolls\2026\pdfs\ac015\AC015PART036.pdf,pdf_serial_row_count,ok
2026,15,37,848,,,data\rolls\2026\pdfs\ac015\AC015PART037.pdf,pdf_serial_row_count,ok
2026,15,38,840,,,data\rolls\2026\pdfs\ac015\AC015PART038.pdf,pdf_serial_row_count,ok
2026,15,39,1016,,,data\rolls\2026\pdfs\ac015\AC015PART039.pdf,pdf_serial_row_count,ok
2026,15,40,744,,,data\rolls\2026\pdfs\ac015\AC015PART040.pdf,pdf_serial_row_count,ok
2026,15,41,825,,,data\rolls\2026\pdfs\ac015\AC015PART041.pdf,pdf_serial_row_count,ok
2026,15,42,733,,,data\rolls\2026\pdfs\ac015\AC015PART042.pdf,pdf_serial_row_count,ok
2026,15,43,977,,,data\rolls\2026\pdfs\ac015\AC015PART043.pdf,pdf_serial_row_count,ok
2026,15,44,774,,,data\rolls\2026\pdfs\ac015\AC015PART044.pdf,pdf_serial_row_count,ok
2026,15,45,415,,,data\rolls\2026\pdfs\ac015\AC015PART045.pdf,pdf_serial_row_count,ok
2026,15,46,501,,,data\rolls\2026\pdfs\ac015\AC015PART046.pdf,pdf_serial_row_count,ok
2026,15,47,868,,,data\rolls\2026\pdfs\ac015\AC015PART047.pdf,pdf_serial_row_count,ok
2026,15,48,638,,,data\rolls\2026\pdfs\ac015\AC015PART048.pdf,pdf_serial_row_count,ok
2026,15,49,508,,,data\rolls\2026\pdfs\ac015\AC015PART049.pdf,pdf_serial_row_count,ok
2026,15,50,1094,,,data\rolls\2026\pdfs\ac015\AC015PART050.pdf,pdf_serial_row_count,ok
2026,15,51,800,,,data\rolls\2026\pdfs\ac015\AC015PART051.pdf,pdf_serial_row_count,ok
2026,15,52,526,,,data\rolls\2026\pdfs\ac015\AC015PART052.pdf,pdf_serial_row_count,ok
2026,15,53,671,,,data\rolls\2026\pdfs\ac015\AC015PART053.pdf,pdf_serial_row_count,ok
2026,15,54,638,,,data\rolls\2026\pdfs\ac015\AC015PART054.pdf,pdf_serial_row_count,ok
2026,15,55,767,,,data\rolls\2026\pdfs\ac015\AC015PART055.pdf,pdf_serial_row_count,ok
2026,15,56,810,,,data\rolls\2026\pdfs\ac015\AC015PART056.pdf,pdf_serial_row_count,ok
2026,15,57,822,,,data\rolls\2026\pdfs\ac015\AC015PART057.pdf,pdf_serial_row_count,ok
2026,15,58,664,,,data\rolls\2026\pdfs\ac015\AC015PART058.pdf,pdf_serial_row_count,ok
2026,15,59,686,,,data\rolls\2026\pdfs\ac015\AC015PART059.pdf,pdf_serial_row_count,ok
2026,15,60,599,,,data\rolls\2026\pdfs\ac015\AC015PART060.pdf,pdf_serial_row_count,ok
2026,15,61,678,,,data\rolls\2026\pdfs\ac015\AC015PART061.pdf,pdf_serial_row_count,ok
2026,15,62,489,,,data\rolls\2026\pdfs\ac015\AC015PART062.pdf,pdf_serial_row_count,ok
2026,15,63,999,,,data\rolls\2026\pdfs\ac015\AC015PART063.pdf,pdf_serial_row_count,ok
2026,15,64,792,,,data\rolls\2026\pdfs\ac015\AC015PART064.pdf,pdf_serial_row_count,ok
2026,15,65,716,,,data\rolls\2026\pdfs\ac015\AC015PART065.pdf,pdf_serial_row_count,ok
2026,15,66,783,,,data\rolls\2026\pdfs\ac015\AC015PART066.pdf,pdf_serial_row_count,ok
2026,15,67,842,,,data\rolls\2026\pdfs\ac015\AC015PART067.pdf,pdf_serial_row_count,ok
2026,15,68,581,,,data\rolls\2026\pdfs\ac015\AC015PART068.pdf,pdf_serial_row_count,ok
2026,15,69,1005,,,data\rolls\2026\pdfs\ac015\AC015PART069.pdf,pdf_serial_row_count,ok
2026,15,70,759,,,data\rolls\2026\pdfs\ac015\AC015PART070.pdf,pdf_serial_row_count,ok
2026,15,71,601,,,data\rolls\2026\pdfs\ac015\AC015PART071.pdf,pdf_serial_row_count,ok
2026,15,72,961,,,data\rolls\2026\pdfs\ac015\AC015PART072.pdf,pdf_serial_row_count,ok
2026,15,73,773,,,data\rolls\2026\pdfs\ac015\AC015PART073.pdf,pdf_serial_row_count,ok
2026,15,74,713,,,data\rolls\2026\pdfs\ac015\AC015PART074.pdf,pdf_serial_row_count,ok
2026,15,75,729,,,data\rolls\2026\pdfs\ac015\AC015PART075.pdf,pdf_serial_row_count,ok
2026,15,76,681,,,data\rolls\2026\pdfs\ac015\AC015PART076.pdf,pdf_serial_row_count,ok
2026,15,77,743,,,data\rolls\2026\pdfs\ac015\AC015PART077.pdf,pdf_serial_row_count,ok
2026,15,78,907,,,data\rolls\2026\pdfs\ac015\AC015PART078.pdf,pdf_serial_row_count,ok
2026,15,79,647,,,data\rolls\2026\pdfs\ac015\AC015PART079.pdf,pdf_serial_row_count,ok
2026,15,80,901,,,data\rolls\2026\pdfs\ac015\AC015PART080.pdf,pdf_serial_row_count,ok
2026,15,81,646,,,data\rolls\2026\pdfs\ac015\AC015PART081.pdf,pdf_serial_row_count,ok
2026,15,82,584,,,data\rolls\2026\pdfs\ac015\AC015PART082.pdf,pdf_serial_row_count,ok
2026,15,83,656,,,data\rolls\2026\pdfs\ac015\AC015PART083.pdf,pdf_serial_row_count,ok
2026,15,84,1115,,,data\rolls\2026\pdfs\ac015\AC015PART084.pdf,pdf_serial_row_count,ok
2026,15,85,747,,,data\rolls\2026\pdfs\ac015\AC015PART085.pdf,pdf_serial_row_count,ok
2026,15,86,927,,,data\rolls\2026\pdfs\ac015\AC015PART086.pdf,pdf_serial_row_count,ok
2026,15,87,633,,,data\rolls\2026\pdfs\ac015\AC015PART087.pdf,pdf_serial_row_count,ok
2026,15,88,990,,,data\rolls\2026\pdfs\ac015\AC015PART088.pdf,pdf_serial_row_count,ok
2026,15,89,624,,,data\rolls\2026\pdfs\ac015\AC015PART089.pdf,pdf_serial_row_count,ok
2026,15,90,933,,,data\rolls\2026\pdfs\ac015\AC015PART090.pdf,pdf_serial_row_count,ok
2026,15,91,377,,,data\rolls\2026\pdfs\ac015\AC015PART091.pdf,pdf_serial_row_count,ok
2026,15,92,823,,,data\rolls\2026\pdfs\ac015\AC015PART092.pdf,pdf_serial_row_count,ok
2026,15,93,699,,,data\rolls\2026\pdfs\ac015\AC015PART093.pdf,pdf_serial_row_count,ok
2026,15,94,752,,,data\rolls\2026\pdfs\ac015\AC015PART094.pdf,pdf_serial_row_count,ok
2026,15,95,651,,,data\rolls\2026\pdfs\ac015\AC015PART095.pdf,pdf_serial_row_count,ok
2026,15,96,717,,,data\rolls\2026\pdfs\ac015\AC015PART096.pdf,pdf_serial_row_count,ok
2026,15,97,932,,,data\rolls\2026\pdfs\ac015\AC015PART097.pdf,pdf_serial_row_count,ok
2026,15,98,698,,,data\rolls\2026\pdfs\ac015\AC015PART098.pdf,pdf_serial_row_count,ok
2026,15,99,1014,,,data\rolls\2026\pdfs\ac015\AC015PART099.pdf,pdf_serial_row_count,ok
2026,15,100,1027,,,data\rolls\2026\pdfs\ac015\AC015PART100.pdf,pdf_serial_row_count,ok
2026,15,101,553,,,data\rolls\2026\pdfs\ac015\AC015PART101.pdf,pdf_serial_row_count,ok
2026,15,102,700,,,data\rolls\2026\pdfs\ac015\AC015PART102.pdf,pdf_serial_row_count,ok
2026,15,103,851,,,data\rolls\2026\pdfs\ac015\AC015PART103.pdf,pdf_serial_row_count,ok
2026,15,104,994,,,data\rolls\2026\pdfs\ac015\AC015PART104.pdf,pdf_serial_row_count,ok
2026,15,105,1069,,,data\rolls\2026\pdfs\ac015\AC015PART105.pdf,pdf_serial_row_count,ok
2026,15,106,699,,,data\rolls\2026\pdfs\ac015\AC015PART106.pdf,pdf_serial_row_count,ok
2026,15,107,709,,,data\rolls\2026\pdfs\ac015\AC015PART107.pdf,pdf_serial_row_count,ok
2026,15,108,704,,,data\rolls\2026\pdfs\ac015\AC015PART108.pdf,pdf_serial_row_count,ok
2026,15,109,1031,,,data\rolls\2026\pdfs\ac015\AC015PART109.pdf,pdf_serial_row_count,ok
2026,15,110,1070,,,data\rolls\2026\pdfs\ac015\AC015PART110.pdf,pdf_serial_row_count,ok
2026,15,111,781,,,data\rolls\2026\pdfs\ac015\AC015PART111.pdf,pdf_serial_row_count,ok
2026,15,112,820,,,data\rolls\2026\pdfs\ac015\AC015PART112.pdf,pdf_serial_row_count,ok
2026,15,113,500,,,data\rolls\2026\pdfs\ac015\AC015PART113.pdf,pdf_serial_row_count,ok
2026,15,114,563,,,data\rolls\2026\pdfs\ac015\AC015PART114.pdf,pdf_serial_row_count,ok
2026,15,115,673,,,data\rolls\2026\pdfs\ac015\AC015PART115.pdf,pdf_serial_row_count,ok
2026,15,116,681,,,data\rolls\2026\pdfs\ac015\AC015PART116.pdf,pdf_serial_row_count,ok
2026,15,117,743,,,data\rolls\2026\pdfs\ac015\AC015PART117.pdf,pdf_serial_row_count,ok
2026,15,118,685,,,data\rolls\2026\pdfs\ac015\AC015PART118.pdf,pdf_serial_row_count,ok
2026,15,119,471,,,data\rolls\2026\pdfs\ac015\AC015PART119.pdf,pdf_serial_row_count,ok
2026,15,120,1077,,,data\rolls\2026\pdfs\ac015\AC015PART120.pdf,pdf_serial_row_count,ok
2026,15,121,824,,,data\rolls\2026\pdfs\ac015\AC015PART121.pdf,pdf_serial_row_count,ok
2026,15,122,692,,,data\rolls\2026\pdfs\ac015\AC015PART122.pdf,pdf_serial_row_count,ok
2026,15,123,709,,,data\rolls\2026\pdfs\ac015\AC015PART123.pdf,pdf_serial_row_count,ok
2026,15,124,522,,,data\rolls\2026\pdfs\ac015\AC015PART124.pdf,pdf_serial_row_count,ok
2026,15,125,654,,,data\rolls\2026\pdfs\ac015\AC015PART125.pdf,pdf_serial_row_count,ok
2026,15,126,663,,,data\rolls\2026\pdfs\ac015\AC015PART126.pdf,pdf_serial_row_count,ok
2026,15,127,721,,,data\rolls\2026\pdfs\ac015\AC015PART127.pdf,pdf_serial_row_count,ok
2026,15,128,575,,,data\rolls\2026\pdfs\ac015\AC015PART128.pdf,pdf_serial_row_count,ok
2026,15,129,436,,,data\rolls\2026\pdfs\ac015\AC015PART129.pdf,pdf_serial_row_count,ok
2026,15,130,683,,,data\rolls\2026\pdfs\ac015\AC015PART130.pdf,pdf_serial_row_count,ok
2026,15,131,488,,,data\rolls\2026\pdfs\ac015\AC015PART131.pdf,pdf_serial_row_count,ok
2026,15,132,585,,,data\rolls\2026\pdfs\ac015\AC015PART132.pdf,pdf_serial_row_count,ok
2026,15,133,728,,,data\rolls\2026\pdfs\ac015\AC015PART133.pdf,pdf_serial_row_count,ok
2026,15,134,679,,,data\rolls\2026\pdfs\ac015\AC015PART134.pdf,pdf_serial_row_count,ok
2026,15,135,810,,,data\rolls\2026\pdfs\ac015\AC015PART135.pdf,pdf_serial_row_count,ok
2026,15,136,636,,,data\rolls\2026\pdfs\ac015\AC015PART136.pdf,pdf_serial_row_count,ok
2026,15,137,800,,,data\rolls\2026\pdfs\ac015\AC015PART137.pdf,pdf_serial_row_count,ok
2026,15,138,861,,,data\rolls\2026\pdfs\ac015\AC015PART138.pdf,pdf_serial_row_count,ok
2026,15,139,958,,,data\rolls\2026\pdfs\ac015\AC015PART139.pdf,pdf_serial_row_count,ok
2026,15,140,892,,,data\rolls\2026\pdfs\ac015\AC015PART140.pdf,pdf_serial_row_count,ok
2026,15,141,777,,,data\rolls\2026\pdfs\ac015\AC015PART141.pdf,pdf_serial_row_count,ok
2026,15,142,1320,,,data\rolls\2026\pdfs\ac015\AC015PART142.pdf,pdf_serial_row_count,ok
2026,15,143,1070,,,data\rolls\2026\pdfs\ac015\AC015PART143.pdf,pdf_serial_row_count,ok
2026,15,144,1503,,,data\rolls\2026\pdfs\ac015\AC015PART144.pdf,pdf_serial_row_count,ok
2026,15,145,507,,,data\rolls\2026\pdfs\ac015\AC015PART145.pdf,pdf_serial_row_count,ok
2026,15,146,716,,,data\rolls\2026\pdfs\ac015\AC015PART146.pdf,pdf_serial_row_count,ok
2026,15,147,671,,,data\rolls\2026\pdfs\ac015\AC015PART147.pdf,pdf_serial_row_count,ok
2026,15,148,712,,,data\rolls\2026\pdfs\ac015\AC015PART148.pdf,pdf_serial_row_count,ok
2026,15,149,797,,,data\rolls\2026\pdfs\ac015\AC015PART149.pdf,pdf_serial_row_count,ok
2026,15,150,972,,,data\rolls\2026\pdfs\ac015\AC015PART150.pdf,pdf_serial_row_count,ok
2026,15,151,796,,,data\rolls\2026\pdfs\ac015\AC015PART151.pdf,pdf_serial_row_count,ok
2026,15,152,401,,,data\rolls\2026\pdfs\ac015\AC015PART152.pdf,pdf_serial_row_count,ok
2026,15,153,738,,,data\rolls\2026\pdfs\ac015\AC015PART153.pdf,pdf_serial_row_count,ok
2026,15,154,908,,,data\rolls\2026\pdfs\ac015\AC015PART154.pdf,pdf_serial_row_count,ok
2026,15,155,582,,,data\rolls\2026\pdfs\ac015\AC015PART155.pdf,pdf_serial_row_count,ok
2026,15,156,661,,,data\rolls\2026\pdfs\ac015\AC015PART156.pdf,pdf_serial_row_count,ok
2026,15,157,665,,,data\rolls\2026\pdfs\ac015\AC015PART157.pdf,pdf_serial_row_count,ok
2026,15,158,769,,,data\rolls\2026\pdfs\ac015\AC015PART158.pdf,pdf_serial_row_count,ok
2026,15,159,649,,,data\rolls\2026\pdfs\ac015\AC015PART159.pdf,pdf_serial_row_count,ok
2026,15,160,550,,,data\rolls\2026\pdfs\ac015\AC015PART160.pdf,pdf_serial_row_count,ok
2026,15,161,926,,,data\rolls\2026\pdfs\ac015\AC015PART161.pdf,pdf_serial_row_count,ok
2026,15,162,808,,,data\rolls\2026\pdfs\ac015\AC015PART162.pdf,pdf_serial_row_count,ok
2026,15,163,535,,,data\rolls\2026\pdfs\ac015\AC015PART163.pdf,pdf_serial_row_count,ok
2026,15,164,893,,,data\rolls\2026\pdfs\ac015\AC015PART164.pdf,pdf_serial_row_count,ok
2026,15,165,592,,,data\rolls\2026\pdfs\ac015\AC015PART165.pdf,pdf_serial_row_count,ok
2026,15,166,566,,,data\rolls\2026\pdfs\ac015\AC015PART166.pdf,pdf_serial_row_count,ok
2026,15,167,617,,,data\rolls\2026\pdfs\ac015\AC015PART167.pdf,pdf_serial_row_count,ok
2026,15,168,637,,,data\rolls\2026\pdfs\ac015\AC015PART168.pdf,pdf_serial_row_count,ok
2026,15,169,695,,,data\rolls\2026\pdfs\ac015\AC015PART169.pdf,pdf_serial_row_count,ok
2026,15,170,1104,,,data\rolls\2026\pdfs\ac015\AC015PART170.pdf,pdf_serial_row_count,ok
2026,15,171,774,,,data\rolls\2026\pdfs\ac015\AC015PART171.pdf,pdf_serial_row_count,ok
2026,15,172,573,,,data\rolls\2026\pdfs\ac015\AC015PART172.pdf,pdf_serial_row_count,ok
2026,15,173,547,,,data\rolls\2026\pdfs\ac015\AC015PART173.pdf,pdf_serial_row_count,ok
2026,15,174,1019,,,data\rolls\2026\pdfs\ac015\AC015PART174.pdf,pdf_serial_row_count,ok
2026,15,175,800,,,data\rolls\2026\pdfs\ac015\AC015PART175.pdf,pdf_serial_row_count,ok
2026,15,176,784,,,data\rolls\2026\pdfs\ac015\AC015PART176.pdf,pdf_serial_row_count,ok
2026,15,177,779,,,data\rolls\2026\pdfs\ac015\AC015PART177.pdf,pdf_serial_row_count,ok
2026,15,178,959,,,data\rolls\2026\pdfs\ac015\AC015PART178.pdf,pdf_serial_row_count,ok
2026,15,179,779,,,data\rolls\2026\pdfs\ac015\AC015PART179.pdf,pdf_serial_row_count,ok
2026,15,180,486,,,data\rolls\2026\pdfs\ac015\AC015PART180.pdf,pdf_serial_row_count,ok
2026,15,181,803,,,data\rolls\2026\pdfs\ac015\AC015PART181.pdf,pdf_serial_row_count,ok
2026,15,182,806,,,data\rolls\2026\pdfs\ac015\AC015PART182.pdf,pdf_serial_row_count,ok
2026,15,183,999,,,data\rolls\2026\pdfs\ac015\AC015PART183.pdf,pdf_serial_row_count,ok
2026,16,1,726,,,data\rolls\2026\pdfs\ac016\AC016PART001.pdf,pdf_serial_row_count,ok
2026,16,2,479,,,data\rolls\2026\pdfs\ac016\AC016PART002.pdf,pdf_serial_row_count,ok
2026,16,3,663,,,data\rolls\2026\pdfs\ac016\AC016PART003.pdf,pdf_serial_row_count,ok
2026,16,4,777,,,data\rolls\2026\pdfs\ac016\AC016PART004.pdf,pdf_serial_row_count,ok
2026,16,5,715,,,data\rolls\2026\pdfs\ac016\AC016PART005.pdf,pdf_serial_row_count,ok
2026,16,6,588,,,data\rolls\2026\pdfs\ac016\AC016PART006.pdf,pdf_serial_row_count,ok
2026,16,7,731,,,data\rolls\2026\pdfs\ac016\AC016PART007.pdf,pdf_serial_row_count,ok
2026,16,8,828,,,data\rolls\2026\pdfs\ac016\AC016PART008.pdf,pdf_serial_row_count,ok
2026,16,9,603,,,data\rolls\2026\pdfs\ac016\AC016PART009.pdf,pdf_serial_row_count,ok
2026,16,10,740,,,data\rolls\2026\pdfs\ac016\AC016PART010.pdf,pdf_serial_row_count,ok
2026,16,11,699,,,data\rolls\2026\pdfs\ac016\AC016PART011.pdf,pdf_serial_row_count,ok
2026,16,12,412,,,data\rolls\2026\pdfs\ac016\AC016PART012.pdf,pdf_serial_row_count,ok
2026,16,13,1052,,,data\rolls\2026\pdfs\ac016\AC016PART013.pdf,pdf_serial_row_count,ok
2026,16,14,789,,,data\rolls\2026\pdfs\ac016\AC016PART014.pdf,pdf_serial_row_count,ok
2026,16,15,819,,,data\rolls\2026\pdfs\ac016\AC016PART015.pdf,pdf_serial_row_count,ok
2026,16,16,749,,,data\rolls\2026\pdfs\ac016\AC016PART016.pdf,pdf_serial_row_count,ok
2026,16,17,445,,,data\rolls\2026\pdfs\ac016\AC016PART017.pdf,pdf_serial_row_count,ok
2026,16,18,583,,,data\rolls\2026\pdfs\ac016\AC016PART018.pdf,pdf_serial_row_count,ok
2026,16,19,601,,,data\rolls\2026\pdfs\ac016\AC016PART019.pdf,pdf_serial_row_count,ok
2026,16,20,829,,,data\rolls\2026\pdfs\ac016\AC016PART020.pdf,pdf_serial_row_count,ok
2026,16,21,530,,,data\rolls\2026\pdfs\ac016\AC016PART021.pdf,pdf_serial_row_count,ok
2026,16,22,893,,,data\rolls\2026\pdfs\ac016\AC016PART022.pdf,pdf_serial_row_count,ok
2026,16,23,771,,,data\rolls\2026\pdfs\ac016\AC016PART023.pdf,pdf_serial_row_count,ok
2026,16,24,639,,,data\rolls\2026\pdfs\ac016\AC016PART024.pdf,pdf_serial_row_count,ok
2026,16,25,855,,,data\rolls\2026\pdfs\ac016\AC016PART025.pdf,pdf_serial_row_count,ok
2026,16,26,951,,,data\rolls\2026\pdfs\ac016\AC016PART026.pdf,pdf_serial_row_count,ok
2026,16,27,642,,,data\rolls\2026\pdfs\ac016\AC016PART027.pdf,pdf_serial_row_count,ok
2026,16,28,794,,,data\rolls\2026\pdfs\ac016\AC016PART028.pdf,pdf_serial_row_count,ok
2026,16,29,821,,,data\rolls\2026\pdfs\ac016\AC016PART029.pdf,pdf_serial_row_count,ok
2026,16,30,654,,,data\rolls\2026\pdfs\ac016\AC016PART030.pdf,pdf_serial_row_count,ok
2026,16,31,848,,,data\rolls\2026\pdfs\ac016\AC016PART031.pdf,pdf_serial_row_count,ok
2026,16,32,868,,,data\rolls\2026\pdfs\ac016\AC016PART032.pdf,pdf_serial_row_count,ok
2026,16,33,914,,,data\rolls\2026\pdfs\ac016\AC016PART033.pdf,pdf_serial_row_count,ok
2026,16,34,742,,,data\rolls\2026\pdfs\ac016\AC016PART034.pdf,pdf_serial_row_count,ok
2026,16,35,851,,,data\rolls\2026\pdfs\ac016\AC016PART035.pdf,pdf_serial_row_count,ok
2026,16,36,528,,,data\rolls\2026\pdfs\ac016\AC016PART036.pdf,pdf_serial_row_count,ok
2026,16,37,784,,,data\rolls\2026\pdfs\ac016\AC016PART037.pdf,pdf_serial_row_count,ok
2026,16,38,852,,,data\rolls\2026\pdfs\ac016\AC016PART038.pdf,pdf_serial_row_count,ok
2026,16,39,762,,,data\rolls\2026\pdfs\ac016\AC016PART039.pdf,pdf_serial_row_count,ok
2026,16,40,594,,,data\rolls\2026\pdfs\ac016\AC016PART040.pdf,pdf_serial_row_count,ok
2026,16,41,549,,,data\rolls\2026\pdfs\ac016\AC016PART041.pdf,pdf_serial_row_count,ok
2026,16,42,533,,,data\rolls\2026\pdfs\ac016\AC016PART042.pdf,pdf_serial_row_count,ok
2026,16,43,506,,,data\rolls\2026\pdfs\ac016\AC016PART043.pdf,pdf_serial_row_count,ok
2026,16,44,398,,,data\rolls\2026\pdfs\ac016\AC016PART044.pdf,pdf_serial_row_count,ok
2026,16,45,571,,,data\rolls\2026\pdfs\ac016\AC016PART045.pdf,pdf_serial_row_count,ok
2026,16,46,511,,,data\rolls\2026\pdfs\ac016\AC016PART046.pdf,pdf_serial_row_count,ok
2026,16,47,554,,,data\rolls\2026\pdfs\ac016\AC016PART047.pdf,pdf_serial_row_count,ok
2026,16,48,293,,,data\rolls\2026\pdfs\ac016\AC016PART048.pdf,pdf_serial_row_count,ok
2026,16,49,467,,,data\rolls\2026\pdfs\ac016\AC016PART049.pdf,pdf_serial_row_count,ok
2026,16,50,574,,,data\rolls\2026\pdfs\ac016\AC016PART050.pdf,pdf_serial_row_count,ok
2026,16,51,514,,,data\rolls\2026\pdfs\ac016\AC016PART051.pdf,pdf_serial_row_count,ok
2026,16,52,893,,,data\rolls\2026\pdfs\ac016\AC016PART052.pdf,pdf_serial_row_count,ok
2026,16,53,425,,,data\rolls\2026\pdfs\ac016\AC016PART053.pdf,pdf_serial_row_count,ok
2026,16,54,999,,,data\rolls\2026\pdfs\ac016\AC016PART054.pdf,pdf_serial_row_count,ok
2026,16,55,674,,,data\rolls\2026\pdfs\ac016\AC016PART055.pdf,pdf_serial_row_count,ok
2026,16,56,447,,,data\rolls\2026\pdfs\ac016\AC016PART056.pdf,pdf_serial_row_count,ok
2026,16,57,813,,,data\rolls\2026\pdfs\ac016\AC016PART057.pdf,pdf_serial_row_count,ok
2026,16,58,886,,,data\rolls\2026\pdfs\ac016\AC016PART058.pdf,pdf_serial_row_count,ok
2026,16,59,894,,,data\rolls\2026\pdfs\ac016\AC016PART059.pdf,pdf_serial_row_count,ok
2026,16,60,849,,,data\rolls\2026\pdfs\ac016\AC016PART060.pdf,pdf_serial_row_count,ok
2026,16,61,769,,,data\rolls\2026\pdfs\ac016\AC016PART061.pdf,pdf_serial_row_count,ok
2026,16,62,816,,,data\rolls\2026\pdfs\ac016\AC016PART062.pdf,pdf_serial_row_count,ok
2026,16,63,880,,,data\rolls\2026\pdfs\ac016\AC016PART063.pdf,pdf_serial_row_count,ok
2026,16,64,320,,,data\rolls\2026\pdfs\ac016\AC016PART064.pdf,pdf_serial_row_count,ok
2026,16,65,690,,,data\rolls\2026\pdfs\ac016\AC016PART065.pdf,pdf_serial_row_count,ok
2026,16,66,729,,,data\rolls\2026\pdfs\ac016\AC016PART066.pdf,pdf_serial_row_count,ok
2026,16,67,816,,,data\rolls\2026\pdfs\ac016\AC016PART067.pdf,pdf_serial_row_count,ok
2026,16,68,492,,,data\rolls\2026\pdfs\ac016\AC016PART068.pdf,pdf_serial_row_count,ok
2026,16,69,750,,,data\rolls\2026\pdfs\ac016\AC016PART069.pdf,pdf_serial_row_count,ok
2026,16,70,776,,,data\rolls\2026\pdfs\ac016\AC016PART070.pdf,pdf_serial_row_count,ok
2026,16,71,782,,,data\rolls\2026\pdfs\ac016\AC016PART071.pdf,pdf_serial_row_count,ok
2026,16,72,1025,,,data\rolls\2026\pdfs\ac016\AC016PART072.pdf,pdf_serial_row_count,ok
2026,16,73,938,,,data\rolls\2026\pdfs\ac016\AC016PART073.pdf,pdf_serial_row_count,ok
2026,16,74,752,,,data\rolls\2026\pdfs\ac016\AC016PART074.pdf,pdf_serial_row_count,ok
2026,16,75,213,,,data\rolls\2026\pdfs\ac016\AC016PART075.pdf,pdf_serial_row_count,ok
2026,16,76,727,,,data\rolls\2026\pdfs\ac016\AC016PART076.pdf,pdf_serial_row_count,ok
2026,16,77,782,,,data\rolls\2026\pdfs\ac016\AC016PART077.pdf,pdf_serial_row_count,ok
2026,16,78,377,,,data\rolls\2026\pdfs\ac016\AC016PART078.pdf,pdf_serial_row_count,ok
2026,16,79,655,,,data\rolls\2026\pdfs\ac016\AC016PART079.pdf,pdf_serial_row_count,ok
2026,16,80,953,,,data\rolls\2026\pdfs\ac016\AC016PART080.pdf,pdf_serial_row_count,ok
2026,16,81,952,,,data\rolls\2026\pdfs\ac016\AC016PART081.pdf,pdf_serial_row_count,ok
2026,16,82,405,,,data\rolls\2026\pdfs\ac016\AC016PART082.pdf,pdf_serial_row_count,ok
2026,16,83,840,,,data\rolls\2026\pdfs\ac016\AC016PART083.pdf,pdf_serial_row_count,ok
2026,16,84,570,,,data\rolls\2026\pdfs\ac016\AC016PART084.pdf,pdf_serial_row_count,ok
2026,16,85,922,,,data\rolls\2026\pdfs\ac016\AC016PART085.pdf,pdf_serial_row_count,ok
2026,16,86,722,,,data\rolls\2026\pdfs\ac016\AC016PART086.pdf,pdf_serial_row_count,ok
2026,16,87,612,,,data\rolls\2026\pdfs\ac016\AC016PART087.pdf,pdf_serial_row_count,ok
2026,16,88,610,,,data\rolls\2026\pdfs\ac016\AC016PART088.pdf,pdf_serial_row_count,ok
2026,16,89,564,,,data\rolls\2026\pdfs\ac016\AC016PART089.pdf,pdf_serial_row_count,ok
2026,16,90,212,,,data\rolls\2026\pdfs\ac016\AC016PART090.pdf,pdf_serial_row_count,ok
2026,16,91,1043,,,data\rolls\2026\pdfs\ac016\AC016PART091.pdf,pdf_serial_row_count,ok
2026,16,92,848,,,data\rolls\2026\pdfs\ac016\AC016PART092.pdf,pdf_serial_row_count,ok
2026,16,93,982,,,data\rolls\2026\pdfs\ac016\AC016PART093.pdf,pdf_serial_row_count,ok
2026,16,94,552,,,data\rolls\2026\pdfs\ac016\AC016PART094.pdf,pdf_serial_row_count,ok
2026,16,95,596,,,data\rolls\2026\pdfs\ac016\AC016PART095.pdf,pdf_serial_row_count,ok
2026,16,96,452,,,data\rolls\2026\pdfs\ac016\AC016PART096.pdf,pdf_serial_row_count,ok
2026,16,97,506,,,data\rolls\2026\pdfs\ac016\AC016PART097.pdf,pdf_serial_row_count,ok
2026,16,98,801,,,data\rolls\2026\pdfs\ac016\AC016PART098.pdf,pdf_serial_row_count,ok
2026,16,99,451,,,data\rolls\2026\pdfs\ac016\AC016PART099.pdf,pdf_serial_row_count,ok
2026,16,100,703,,,data\rolls\2026\pdfs\ac016\AC016PART100.pdf,pdf_serial_row_count,ok
2026,16,101,733,,,data\rolls\2026\pdfs\ac016\AC016PART101.pdf,pdf_serial_row_count,ok
2026,16,102,967,,,data\rolls\2026\pdfs\ac016\AC016PART102.pdf,pdf_serial_row_count,ok
2026,16,103,377,,,data\rolls\2026\pdfs\ac016\AC016PART103.pdf,pdf_serial_row_count,ok
2026,16,104,969,,,data\rolls\2026\pdfs\ac016\AC016PART104.pdf,pdf_serial_row_count,ok
2026,16,105,1167,,,data\rolls\2026\pdfs\ac016\AC016PART105.pdf,pdf_serial_row_count,ok
2026,16,106,546,,,data\rolls\2026\pdfs\ac016\AC016PART106.pdf,pdf_serial_row_count,ok
2026,16,107,674,,,data\rolls\2026\pdfs\ac016\AC016PART107.pdf,pdf_serial_row_count,ok
2026,16,108,660,,,data\rolls\2026\pdfs\ac016\AC016PART108.pdf,pdf_serial_row_count,ok
2026,16,109,467,,,data\rolls\2026\pdfs\ac016\AC016PART109.pdf,pdf_serial_row_count,ok
2026,16,110,736,,,data\rolls\2026\pdfs\ac016\AC016PART110.pdf,pdf_serial_row_count,ok
2026,16,111,705,,,data\rolls\2026\pdfs\ac016\AC016PART111.pdf,pdf_serial_row_count,ok
2026,16,112,733,,,data\rolls\2026\pdfs\ac016\AC016PART112.pdf,pdf_serial_row_count,ok
2026,16,113,559,,,data\rolls\2026\pdfs\ac016\AC016PART113.pdf,pdf_serial_row_count,ok
2026,16,114,1044,,,data\rolls\2026\pdfs\ac016\AC016PART114.pdf,pdf_serial_row_count,ok
2026,16,115,697,,,data\rolls\2026\pdfs\ac016\AC016PART115.pdf,pdf_serial_row_count,ok
2026,16,116,283,,,data\rolls\2026\pdfs\ac016\AC016PART116.pdf,pdf_serial_row_count,ok
2026,16,117,523,,,data\rolls\2026\pdfs\ac016\AC016PART117.pdf,pdf_serial_row_count,ok
2026,16,118,679,,,data\rolls\2026\pdfs\ac016\AC016PART118.pdf,pdf_serial_row_count,ok
2026,16,119,463,,,data\rolls\2026\pdfs\ac016\AC016PART119.pdf,pdf_serial_row_count,ok
2026,16,120,907,,,data\rolls\2026\pdfs\ac016\AC016PART120.pdf,pdf_serial_row_count,ok
2026,16,121,807,,,data\rolls\2026\pdfs\ac016\AC016PART121.pdf,pdf_serial_row_count,ok
2026,16,122,1057,,,data\rolls\2026\pdfs\ac016\AC016PART122.pdf,pdf_serial_row_count,ok
2026,16,123,724,,,data\rolls\2026\pdfs\ac016\AC016PART123.pdf,pdf_serial_row_count,ok
2026,16,124,750,,,data\rolls\2026\pdfs\ac016\AC016PART124.pdf,pdf_serial_row_count,ok
2026,16,125,790,,,data\rolls\2026\pdfs\ac016\AC016PART125.pdf,pdf_serial_row_count,ok
2026,16,126,540,,,data\rolls\2026\pdfs\ac016\AC016PART126.pdf,pdf_serial_row_count,ok
2026,16,127,599,,,data\rolls\2026\pdfs\ac016\AC016PART127.pdf,pdf_serial_row_count,ok
2026,16,128,529,,,data\rolls\2026\pdfs\ac016\AC016PART128.pdf,pdf_serial_row_count,ok
2026,16,129,860,,,data\rolls\2026\pdfs\ac016\AC016PART129.pdf,pdf_serial_row_count,ok
2026,16,130,413,,,data\rolls\2026\pdfs\ac016\AC016PART130.pdf,pdf_serial_row_count,ok
2026,16,131,682,,,data\rolls\2026\pdfs\ac016\AC016PART131.pdf,pdf_serial_row_count,ok
2026,16,132,749,,,data\rolls\2026\pdfs\ac016\AC016PART132.pdf,pdf_serial_row_count,ok
2026,16,133,958,,,data\rolls\2026\pdfs\ac016\AC016PART133.pdf,pdf_serial_row_count,ok
2026,16,134,727,,,data\rolls\2026\pdfs\ac016\AC016PART134.pdf,pdf_serial_row_count,ok
2026,16,135,499,,,data\rolls\2026\pdfs\ac016\AC016PART135.pdf,pdf_serial_row_count,ok
2026,16,136,759,,,data\rolls\2026\pdfs\ac016\AC016PART136.pdf,pdf_serial_row_count,ok
2026,16,137,619,,,data\rolls\2026\pdfs\ac016\AC016PART137.pdf,pdf_serial_row_count,ok
2026,16,138,788,,,data\rolls\2026\pdfs\ac016\AC016PART138.pdf,pdf_serial_row_count,ok
2026,16,139,575,,,data\rolls\2026\pdfs\ac016\AC016PART139.pdf,pdf_serial_row_count,ok
2026,16,140,823,,,data\rolls\2026\pdfs\ac016\AC016PART140.pdf,pdf_serial_row_count,ok
2026,16,141,907,,,data\rolls\2026\pdfs\ac016\AC016PART141.pdf,pdf_serial_row_count,ok
2026,16,142,800,,,data\rolls\2026\pdfs\ac016\AC016PART142.pdf,pdf_serial_row_count,ok
2026,16,143,314,,,data\rolls\2026\pdfs\ac016\AC016PART143.pdf,pdf_serial_row_count,ok
2026,16,144,624,,,data\rolls\2026\pdfs\ac016\AC016PART144.pdf,pdf_serial_row_count,ok
2026,16,145,915,,,data\rolls\2026\pdfs\ac016\AC016PART145.pdf,pdf_serial_row_count,ok
2026,16,146,680,,,data\rolls\2026\pdfs\ac016\AC016PART146.pdf,pdf_serial_row_count,ok
2026,16,147,365,,,data\rolls\2026\pdfs\ac016\AC016PART147.pdf,pdf_serial_row_count,ok
2026,16,148,696,,,data\rolls\2026\pdfs\ac016\AC016PART148.pdf,pdf_serial_row_count,ok
2026,16,149,481,,,data\rolls\2026\pdfs\ac016\AC016PART149.pdf,pdf_serial_row_count,ok
2026,16,150,480,,,data\rolls\2026\pdfs\ac016\AC016PART150.pdf,pdf_serial_row_count,ok
2026,16,151,908,,,data\rolls\2026\pdfs\ac016\AC016PART151.pdf,pdf_serial_row_count,ok
2026,16,152,862,,,data\rolls\2026\pdfs\ac016\AC016PART152.pdf,pdf_serial_row_count,ok
2026,16,153,799,,,data\rolls\2026\pdfs\ac016\AC016PART153.pdf,pdf_serial_row_count,ok
2026,16,154,371,,,data\rolls\2026\pdfs\ac016\AC016PART154.pdf,pdf_serial_row_count,ok
2026,16,155,557,,,data\rolls\2026\pdfs\ac016\AC016PART155.pdf,pdf_serial_row_count,ok
2026,16,156,695,,,data\rolls\2026\pdfs\ac016\AC016PART156.pdf,pdf_serial_row_count,ok
2026,16,157,951,,,data\rolls\2026\pdfs\ac016\AC016PART157.pdf,pdf_serial_row_count,ok
2026,16,158,530,,,data\rolls\2026\pdfs\ac016\AC016PART158.pdf,pdf_serial_row_count,ok
2026,16,159,518,,,data\rolls\2026\pdfs\ac016\AC016PART159.pdf,pdf_serial_row_count,ok
2026,16,160,835,,,data\rolls\2026\pdfs\ac016\AC016PART160.pdf,pdf_serial_row_count,ok
2026,16,161,481,,,data\rolls\2026\pdfs\ac016\AC016PART161.pdf,pdf_serial_row_count,ok
2026,16,162,790,,,data\rolls\2026\pdfs\ac016\AC016PART162.pdf,pdf_serial_row_count,ok
2026,16,163,815,,,data\rolls\2026\pdfs\ac016\AC016PART163.pdf,pdf_serial_row_count,ok
2026,16,164,518,,,data\rolls\2026\pdfs\ac016\AC016PART164.pdf,pdf_serial_row_count,ok
2026,16,165,768,,,data\rolls\2026\pdfs\ac016\AC016PART165.pdf,pdf_serial_row_count,ok
2026,16,166,508,,,data\rolls\2026\pdfs\ac016\AC016PART166.pdf,pdf_serial_row_count,ok
2026,16,167,938,,,data\rolls\2026\pdfs\ac016\AC016PART167.pdf,pdf_serial_row_count,ok
2026,16,168,669,,,data\rolls\2026\pdfs\ac016\AC016PART168.pdf,pdf_serial_row_count,ok
2026,16,169,386,,,data\rolls\2026\pdfs\ac016\AC016PART169.pdf,pdf_serial_row_count,ok
2026,16,170,757,,,data\rolls\2026\pdfs\ac016\AC016PART170.pdf,pdf_serial_row_count,ok
2026,16,171,580,,,data\rolls\2026\pdfs\ac016\AC016PART171.pdf,pdf_serial_row_count,ok
2026,16,172,547,,,data\rolls\2026\pdfs\ac016\AC016PART172.pdf,pdf_serial_row_count,ok
2026,16,173,621,,,data\rolls\2026\pdfs\ac016\AC016PART173.pdf,pdf_serial_row_count,ok
2026,16,174,888,,,data\rolls\2026\pdfs\ac016\AC016PART174.pdf,pdf_serial_row_count,ok
2026,16,175,527,,,data\rolls\2026\pdfs\ac016\AC016PART175.pdf,pdf_serial_row_count,ok
2026,16,176,432,,,data\rolls\2026\pdfs\ac016\AC016PART176.pdf,pdf_serial_row_count,ok
2026,16,177,478,,,data\rolls\2026\pdfs\ac016\AC016PART177.pdf,pdf_serial_row_count,ok
2026,16,178,530,,,data\rolls\2026\pdfs\ac016\AC016PART178.pdf,pdf_serial_row_count,ok
2026,16,179,637,,,data\rolls\2026\pdfs\ac016\AC016PART179.pdf,pdf_serial_row_count,ok
2026,16,180,458,,,data\rolls\2026\pdfs\ac016\AC016PART180.pdf,pdf_serial_row_count,ok
2026,16,181,593,,,data\rolls\2026\pdfs\ac016\AC016PART181.pdf,pdf_serial_row_count,ok
2026,16,182,682,,,data\rolls\2026\pdfs\ac016\AC016PART182.pdf,pdf_serial_row_count,ok
2026,16,183,552,,,data\rolls\2026\pdfs\ac016\AC016PART183.pdf,pdf_serial_row_count,ok
2026,16,184,637,,,data\rolls\2026\pdfs\ac016\AC016PART184.pdf,pdf_serial_row_count,ok
2026,16,185,928,,,data\rolls\2026\pdfs\ac016\AC016PART185.pdf,pdf_serial_row_count,ok
2026,16,186,707,,,data\rolls\2026\pdfs\ac016\AC016PART186.pdf,pdf_serial_row_count,ok
2026,16,187,642,,,data\rolls\2026\pdfs\ac016\AC016PART187.pdf,pdf_serial_row_count,ok
2026,16,188,494,,,data\rolls\2026\pdfs\ac016\AC016PART188.pdf,pdf_serial_row_count,ok
2026,16,189,655,,,data\rolls\2026\pdfs\ac016\AC016PART189.pdf,pdf_serial_row_count,ok
2026,16,190,660,,,data\rolls\2026\pdfs\ac016\AC016PART190.pdf,pdf_serial_row_count,ok
2026,16,191,627,,,data\rolls\2026\pdfs\ac016\AC016PART191.pdf,pdf_serial_row_count,ok
2026,16,192,301,,,data\rolls\2026\pdfs\ac016\AC016PART192.pdf,pdf_serial_row_count,ok
2026,16,193,419,,,data\rolls\2026\pdfs\ac016\AC016PART193.pdf,pdf_serial_row_count,ok
2026,16,194,647,,,data\rolls\2026\pdfs\ac016\AC016PART194.pdf,pdf_serial_row_count,ok
2026,16,195,732,,,data\rolls\2026\pdfs\ac016\AC016PART195.pdf,pdf_serial_row_count,ok
2026,16,196,491,,,data\rolls\2026\pdfs\ac016\AC016PART196.pdf,pdf_serial_row_count,ok
2026,16,197,513,,,data\rolls\2026\pdfs\ac016\AC016PART197.pdf,pdf_serial_row_count,ok
2026,16,198,766,,,data\rolls\2026\pdfs\ac016\AC016PART198.pdf,pdf_serial_row_count,ok
2026,16,199,678,,,data\rolls\2026\pdfs\ac016\AC016PART199.pdf,pdf_serial_row_count,ok
2026,16,200,522,,,data\rolls\2026\pdfs\ac016\AC016PART200.pdf,pdf_serial_row_count,ok
2026,16,201,523,,,data\rolls\2026\pdfs\ac016\AC016PART201.pdf,pdf_serial_row_count,ok
2026,16,202,873,,,data\rolls\2026\pdfs\ac016\AC016PART202.pdf,pdf_serial_row_count,ok
2026,16,203,747,,,data\rolls\2026\pdfs\ac016\AC016PART203.pdf,pdf_serial_row_count,ok
2026,16,204,708,,,data\rolls\2026\pdfs\ac016\AC016PART204.pdf,pdf_serial_row_count,ok
2026,16,205,967,,,data\rolls\2026\pdfs\ac016\AC016PART205.pdf,pdf_serial_row_count,ok
2026,16,206,772,,,data\rolls\2026\pdfs\ac016\AC016PART206.pdf,pdf_serial_row_count,ok
2026,16,207,613,,,data\rolls\2026\pdfs\ac016\AC016PART207.pdf,pdf_serial_row_count,ok
2026,16,208,665,,,data\rolls\2026\pdfs\ac016\AC016PART208.pdf,pdf_serial_row_count,ok
2026,16,209,560,,,data\rolls\2026\pdfs\ac016\AC016PART209.pdf,pdf_serial_row_count,ok
2026,16,210,759,,,data\rolls\2026\pdfs\ac016\AC016PART210.pdf,pdf_serial_row_count,ok
2026,16,211,544,,,data\rolls\2026\pdfs\ac016\AC016PART211.pdf,pdf_serial_row_count,ok
2026,16,212,574,,,data\rolls\2026\pdfs\ac016\AC016PART212.pdf,pdf_serial_row_count,ok
2026,16,213,851,,,data\rolls\2026\pdfs\ac016\AC016PART213.pdf,pdf_serial_row_count,ok
2026,17,1,520,,,data\rolls\2026\pdfs\ac017\AC017PART001.pdf,pdf_serial_row_count,ok
2026,17,2,880,,,data\rolls\2026\pdfs\ac017\AC017PART002.pdf,pdf_serial_row_count,ok
2026,17,3,621,,,data\rolls\2026\pdfs\ac017\AC017PART003.pdf,pdf_serial_row_count,ok
2026,17,4,592,,,data\rolls\2026\pdfs\ac017\AC017PART004.pdf,pdf_serial_row_count,ok
2026,17,5,651,,,data\rolls\2026\pdfs\ac017\AC017PART005.pdf,pdf_serial_row_count,ok
2026,17,6,546,,,data\rolls\2026\pdfs\ac017\AC017PART006.pdf,pdf_serial_row_count,ok
2026,17,7,753,,,data\rolls\2026\pdfs\ac017\AC017PART007.pdf,pdf_serial_row_count,ok
2026,17,8,511,,,data\rolls\2026\pdfs\ac017\AC017PART008.pdf,pdf_serial_row_count,ok
2026,17,9,629,,,data\rolls\2026\pdfs\ac017\AC017PART009.pdf,pdf_serial_row_count,ok
2026,17,10,751,,,data\rolls\2026\pdfs\ac017\AC017PART010.pdf,pdf_serial_row_count,ok
2026,17,11,701,,,data\rolls\2026\pdfs\ac017\AC017PART011.pdf,pdf_serial_row_count,ok
2026,17,12,595,,,data\rolls\2026\pdfs\ac017\AC017PART012.pdf,pdf_serial_row_count,ok
2026,17,13,788,,,data\rolls\2026\pdfs\ac017\AC017PART013.pdf,pdf_serial_row_count,ok
2026,17,14,857,,,data\rolls\2026\pdfs\ac017\AC017PART014.pdf,pdf_serial_row_count,ok
2026,17,15,773,,,data\rolls\2026\pdfs\ac017\AC017PART015.pdf,pdf_serial_row_count,ok
2026,17,16,1064,,,data\rolls\2026\pdfs\ac017\AC017PART016.pdf,pdf_serial_row_count,ok
2026,17,17,1050,,,data\rolls\2026\pdfs\ac017\AC017PART017.pdf,pdf_serial_row_count,ok
2026,17,18,967,,,data\rolls\2026\pdfs\ac017\AC017PART018.pdf,pdf_serial_row_count,ok
2026,17,19,463,,,data\rolls\2026\pdfs\ac017\AC017PART019.pdf,pdf_serial_row_count,ok
2026,17,20,523,,,data\rolls\2026\pdfs\ac017\AC017PART020.pdf,pdf_serial_row_count,ok
2026,17,21,693,,,data\rolls\2026\pdfs\ac017\AC017PART021.pdf,pdf_serial_row_count,ok
2026,17,22,608,,,data\rolls\2026\pdfs\ac017\AC017PART022.pdf,pdf_serial_row_count,ok
2026,17,23,884,,,data\rolls\2026\pdfs\ac017\AC017PART023.pdf,pdf_serial_row_count,ok
2026,17,24,1052,,,data\rolls\2026\pdfs\ac017\AC017PART024.pdf,pdf_serial_row_count,ok
2026,17,25,1172,,,data\rolls\2026\pdfs\ac017\AC017PART025.pdf,pdf_serial_row_count,ok
2026,17,26,541,,,data\rolls\2026\pdfs\ac017\AC017PART026.pdf,pdf_serial_row_count,ok
2026,17,27,718,,,data\rolls\2026\pdfs\ac017\AC017PART027.pdf,pdf_serial_row_count,ok
2026,17,28,707,,,data\rolls\2026\pdfs\ac017\AC017PART028.pdf,pdf_serial_row_count,ok
2026,17,29,848,,,data\rolls\2026\pdfs\ac017\AC017PART029.pdf,pdf_serial_row_count,ok
2026,17,30,674,,,data\rolls\2026\pdfs\ac017\AC017PART030.pdf,pdf_serial_row_count,ok
2026,17,31,688,,,data\rolls\2026\pdfs\ac017\AC017PART031.pdf,pdf_serial_row_count,ok
2026,17,32,585,,,data\rolls\2026\pdfs\ac017\AC017PART032.pdf,pdf_serial_row_count,ok
2026,17,33,632,,,data\rolls\2026\pdfs\ac017\AC017PART033.pdf,pdf_serial_row_count,ok
2026,17,34,966,,,data\rolls\2026\pdfs\ac017\AC017PART034.pdf,pdf_serial_row_count,ok
2026,17,35,855,,,data\rolls\2026\pdfs\ac017\AC017PART035.pdf,pdf_serial_row_count,ok
2026,17,36,1000,,,data\rolls\2026\pdfs\ac017\AC017PART036.pdf,pdf_serial_row_count,ok
2026,17,37,698,,,data\rolls\2026\pdfs\ac017\AC017PART037.pdf,pdf_serial_row_count,ok
2026,17,38,551,,,data\rolls\2026\pdfs\ac017\AC017PART038.pdf,pdf_serial_row_count,ok
2026,17,39,839,,,data\rolls\2026\pdfs\ac017\AC017PART039.pdf,pdf_serial_row_count,ok
2026,17,40,739,,,data\rolls\2026\pdfs\ac017\AC017PART040.pdf,pdf_serial_row_count,ok
2026,17,41,1065,,,data\rolls\2026\pdfs\ac017\AC017PART041.pdf,pdf_serial_row_count,ok
2026,17,42,751,,,data\rolls\2026\pdfs\ac017\AC017PART042.pdf,pdf_serial_row_count,ok
2026,17,43,797,,,data\rolls\2026\pdfs\ac017\AC017PART043.pdf,pdf_serial_row_count,ok
2026,17,44,684,,,data\rolls\2026\pdfs\ac017\AC017PART044.pdf,pdf_serial_row_count,ok
2026,17,45,658,,,data\rolls\2026\pdfs\ac017\AC017PART045.pdf,pdf_serial_row_count,ok
2026,17,46,792,,,data\rolls\2026\pdfs\ac017\AC017PART046.pdf,pdf_serial_row_count,ok
2026,17,47,687,,,data\rolls\2026\pdfs\ac017\AC017PART047.pdf,pdf_serial_row_count,ok
2026,17,48,656,,,data\rolls\2026\pdfs\ac017\AC017PART048.pdf,pdf_serial_row_count,ok
2026,17,49,593,,,data\rolls\2026\pdfs\ac017\AC017PART049.pdf,pdf_serial_row_count,ok
2026,17,50,600,,,data\rolls\2026\pdfs\ac017\AC017PART050.pdf,pdf_serial_row_count,ok
2026,17,51,644,,,data\rolls\2026\pdfs\ac017\AC017PART051.pdf,pdf_serial_row_count,ok
2026,17,52,613,,,data\rolls\2026\pdfs\ac017\AC017PART052.pdf,pdf_serial_row_count,ok
2026,17,53,940,,,data\rolls\2026\pdfs\ac017\AC017PART053.pdf,pdf_serial_row_count,ok
2026,17,54,919,,,data\rolls\2026\pdfs\ac017\AC017PART054.pdf,pdf_serial_row_count,ok
2026,17,55,885,,,data\rolls\2026\pdfs\ac017\AC017PART055.pdf,pdf_serial_row_count,ok
2026,17,56,786,,,data\rolls\2026\pdfs\ac017\AC017PART056.pdf,pdf_serial_row_count,ok
2026,17,57,748,,,data\rolls\2026\pdfs\ac017\AC017PART057.pdf,pdf_serial_row_count,ok
2026,17,58,571,,,data\rolls\2026\pdfs\ac017\AC017PART058.pdf,pdf_serial_row_count,ok
2026,17,59,1125,,,data\rolls\2026\pdfs\ac017\AC017PART059.pdf,pdf_serial_row_count,ok
2026,17,60,700,,,data\rolls\2026\pdfs\ac017\AC017PART060.pdf,pdf_serial_row_count,ok
2026,17,61,513,,,data\rolls\2026\pdfs\ac017\AC017PART061.pdf,pdf_serial_row_count,ok
2026,17,62,1252,,,data\rolls\2026\pdfs\ac017\AC017PART062.pdf,pdf_serial_row_count,ok
2026,17,63,816,,,data\rolls\2026\pdfs\ac017\AC017PART063.pdf,pdf_serial_row_count,ok
2026,17,64,533,,,data\rolls\2026\pdfs\ac017\AC017PART064.pdf,pdf_serial_row_count,ok
2026,17,65,950,,,data\rolls\2026\pdfs\ac017\AC017PART065.pdf,pdf_serial_row_count,ok
2026,17,66,902,,,data\rolls\2026\pdfs\ac017\AC017PART066.pdf,pdf_serial_row_count,ok
2026,17,67,729,,,data\rolls\2026\pdfs\ac017\AC017PART067.pdf,pdf_serial_row_count,ok
2026,17,68,644,,,data\rolls\2026\pdfs\ac017\AC017PART068.pdf,pdf_serial_row_count,ok
2026,17,69,592,,,data\rolls\2026\pdfs\ac017\AC017PART069.pdf,pdf_serial_row_count,ok
2026,17,70,811,,,data\rolls\2026\pdfs\ac017\AC017PART070.pdf,pdf_serial_row_count,ok
2026,17,71,961,,,data\rolls\2026\pdfs\ac017\AC017PART071.pdf,pdf_serial_row_count,ok
2026,17,72,677,,,data\rolls\2026\pdfs\ac017\AC017PART072.pdf,pdf_serial_row_count,ok
2026,17,73,671,,,data\rolls\2026\pdfs\ac017\AC017PART073.pdf,pdf_serial_row_count,ok
2026,17,74,579,,,data\rolls\2026\pdfs\ac017\AC017PART074.pdf,pdf_serial_row_count,ok
2026,17,75,522,,,data\rolls\2026\pdfs\ac017\AC017PART075.pdf,pdf_serial_row_count,ok
2026,17,76,1116,,,data\rolls\2026\pdfs\ac017\AC017PART076.pdf,pdf_serial_row_count,ok
2026,17,77,863,,,data\rolls\2026\pdfs\ac017\AC017PART077.pdf,pdf_serial_row_count,ok
2026,17,78,623,,,data\rolls\2026\pdfs\ac017\AC017PART078.pdf,pdf_serial_row_count,ok
2026,17,79,575,,,data\rolls\2026\pdfs\ac017\AC017PART079.pdf,pdf_serial_row_count,ok
2026,17,80,796,,,data\rolls\2026\pdfs\ac017\AC017PART080.pdf,pdf_serial_row_count,ok
2026,17,81,615,,,data\rolls\2026\pdfs\ac017\AC017PART081.pdf,pdf_serial_row_count,ok
2026,17,82,632,,,data\rolls\2026\pdfs\ac017\AC017PART082.pdf,pdf_serial_row_count,ok
2026,17,83,905,,,data\rolls\2026\pdfs\ac017\AC017PART083.pdf,pdf_serial_row_count,ok
2026,17,84,787,,,data\rolls\2026\pdfs\ac017\AC017PART084.pdf,pdf_serial_row_count,ok
2026,17,85,472,,,data\rolls\2026\pdfs\ac017\AC017PART085.pdf,pdf_serial_row_count,ok
2026,17,86,666,,,data\rolls\2026\pdfs\ac017\AC017PART086.pdf,pdf_serial_row_count,ok
2026,17,87,522,,,data\rolls\2026\pdfs\ac017\AC017PART087.pdf,pdf_serial_row_count,ok
2026,17,88,785,,,data\rolls\2026\pdfs\ac017\AC017PART088.pdf,pdf_serial_row_count,ok
2026,17,89,891,,,data\rolls\2026\pdfs\ac017\AC017PART089.pdf,pdf_serial_row_count,ok
2026,17,90,963,,,data\rolls\2026\pdfs\ac017\AC017PART090.pdf,pdf_serial_row_count,ok
2026,17,91,863,,,data\rolls\2026\pdfs\ac017\AC017PART091.pdf,pdf_serial_row_count,ok
2026,17,92,625,,,data\rolls\2026\pdfs\ac017\AC017PART092.pdf,pdf_serial_row_count,ok
2026,17,93,579,,,data\rolls\2026\pdfs\ac017\AC017PART093.pdf,pdf_serial_row_count,ok
2026,17,94,1107,,,data\rolls\2026\pdfs\ac017\AC017PART094.pdf,pdf_serial_row_count,ok
2026,17,95,942,,,data\rolls\2026\pdfs\ac017\AC017PART095.pdf,pdf_serial_row_count,ok
2026,17,96,498,,,data\rolls\2026\pdfs\ac017\AC017PART096.pdf,pdf_serial_row_count,ok
2026,17,97,936,,,data\rolls\2026\pdfs\ac017\AC017PART097.pdf,pdf_serial_row_count,ok
2026,17,98,1102,,,data\rolls\2026\pdfs\ac017\AC017PART098.pdf,pdf_serial_row_count,ok
2026,17,99,820,,,data\rolls\2026\pdfs\ac017\AC017PART099.pdf,pdf_serial_row_count,ok
2026,17,100,839,,,data\rolls\2026\pdfs\ac017\AC017PART100.pdf,pdf_serial_row_count,ok
2026,17,101,590,,,data\rolls\2026\pdfs\ac017\AC017PART101.pdf,pdf_serial_row_count,ok
2026,17,102,507,,,data\rolls\2026\pdfs\ac017\AC017PART102.pdf,pdf_serial_row_count,ok
2026,17,103,662,,,data\rolls\2026\pdfs\ac017\AC017PART103.pdf,pdf_serial_row_count,ok
2026,17,104,883,,,data\rolls\2026\pdfs\ac017\AC017PART104.pdf,pdf_serial_row_count,ok
2026,17,105,740,,,data\rolls\2026\pdfs\ac017\AC017PART105.pdf,pdf_serial_row_count,ok
2026,17,106,513,,,data\rolls\2026\pdfs\ac017\AC017PART106.pdf,pdf_serial_row_count,ok
2026,17,107,824,,,data\rolls\2026\pdfs\ac017\AC017PART107.pdf,pdf_serial_row_count,ok
2026,17,108,896,,,data\rolls\2026\pdfs\ac017\AC017PART108.pdf,pdf_serial_row_count,ok
2026,17,109,849,,,data\rolls\2026\pdfs\ac017\AC017PART109.pdf,pdf_serial_row_count,ok
2026,17,110,971,,,data\rolls\2026\pdfs\ac017\AC017PART110.pdf,pdf_serial_row_count,ok
2026,17,111,852,,,data\rolls\2026\pdfs\ac017\AC017PART111.pdf,pdf_serial_row_count,ok
2026,17,112,871,,,data\rolls\2026\pdfs\ac017\AC017PART112.pdf,pdf_serial_row_count,ok
2026,17,113,790,,,data\rolls\2026\pdfs\ac017\AC017PART113.pdf,pdf_serial_row_count,ok
2026,17,114,558,,,data\rolls\2026\pdfs\ac017\AC017PART114.pdf,pdf_serial_row_count,ok
2026,17,115,975,,,data\rolls\2026\pdfs\ac017\AC017PART115.pdf,pdf_serial_row_count,ok
2026,17,116,605,,,data\rolls\2026\pdfs\ac017\AC017PART116.pdf,pdf_serial_row_count,ok
2026,17,117,360,,,data\rolls\2026\pdfs\ac017\AC017PART117.pdf,pdf_serial_row_count,ok
2026,17,118,627,,,data\rolls\2026\pdfs\ac017\AC017PART118.pdf,pdf_serial_row_count,ok
2026,17,119,833,,,data\rolls\2026\pdfs\ac017\AC017PART119.pdf,pdf_serial_row_count,ok
2026,17,120,533,,,data\rolls\2026\pdfs\ac017\AC017PART120.pdf,pdf_serial_row_count,ok
2026,17,121,534,,,data\rolls\2026\pdfs\ac017\AC017PART121.pdf,pdf_serial_row_count,ok
2026,17,122,695,,,data\rolls\2026\pdfs\ac017\AC017PART122.pdf,pdf_serial_row_count,ok
2026,17,123,477,,,data\rolls\2026\pdfs\ac017\AC017PART123.pdf,pdf_serial_row_count,ok
2026,17,124,367,,,data\rolls\2026\pdfs\ac017\AC017PART124.pdf,pdf_serial_row_count,ok
2026,17,125,645,,,data\rolls\2026\pdfs\ac017\AC017PART125.pdf,pdf_serial_row_count,ok
2026,17,126,898,,,data\rolls\2026\pdfs\ac017\AC017PART126.pdf,pdf_serial_row_count,ok
2026,17,127,461,,,data\rolls\2026\pdfs\ac017\AC017PART127.pdf,pdf_serial_row_count,ok
2026,17,128,775,,,data\rolls\2026\pdfs\ac017\AC017PART128.pdf,pdf_serial_row_count,ok
2026,17,129,800,,,data\rolls\2026\pdfs\ac017\AC017PART129.pdf,pdf_serial_row_count,ok
2026,17,130,527,,,data\rolls\2026\pdfs\ac017\AC017PART130.pdf,pdf_serial_row_count,ok
2026,17,131,479,,,data\rolls\2026\pdfs\ac017\AC017PART131.pdf,pdf_serial_row_count,ok
2026,17,132,721,,,data\rolls\2026\pdfs\ac017\AC017PART132.pdf,pdf_serial_row_count,ok
2026,17,133,537,,,data\rolls\2026\pdfs\ac017\AC017PART133.pdf,pdf_serial_row_count,ok
2026,17,134,590,,,data\rolls\2026\pdfs\ac017\AC017PART134.pdf,pdf_serial_row_count,ok
2026,17,135,822,,,data\rolls\2026\pdfs\ac017\AC017PART135.pdf,pdf_serial_row_count,ok
2026,17,136,658,,,data\rolls\2026\pdfs\ac017\AC017PART136.pdf,pdf_serial_row_count,ok
2026,17,137,568,,,data\rolls\2026\pdfs\ac017\AC017PART137.pdf,pdf_serial_row_count,ok
2026,17,138,883,,,data\rolls\2026\pdfs\ac017\AC017PART138.pdf,pdf_serial_row_count,ok
2026,17,139,993,,,data\rolls\2026\pdfs\ac017\AC017PART139.pdf,pdf_serial_row_count,ok
2026,17,140,684,,,data\rolls\2026\pdfs\ac017\AC017PART140.pdf,pdf_serial_row_count,ok
2026,17,141,821,,,data\rolls\2026\pdfs\ac017\AC017PART141.pdf,pdf_serial_row_count,ok
2026,17,142,987,,,data\rolls\2026\pdfs\ac017\AC017PART142.pdf,pdf_serial_row_count,ok
2026,17,143,508,,,data\rolls\2026\pdfs\ac017\AC017PART143.pdf,pdf_serial_row_count,ok
2026,17,144,712,,,data\rolls\2026\pdfs\ac017\AC017PART144.pdf,pdf_serial_row_count,ok
2026,17,145,1001,,,data\rolls\2026\pdfs\ac017\AC017PART145.pdf,pdf_serial_row_count,ok
2026,17,146,1051,,,data\rolls\2026\pdfs\ac017\AC017PART146.pdf,pdf_serial_row_count,ok
2026,17,147,995,,,data\rolls\2026\pdfs\ac017\AC017PART147.pdf,pdf_serial_row_count,ok
2026,17,148,533,,,data\rolls\2026\pdfs\ac017\AC017PART148.pdf,pdf_serial_row_count,ok
2026,17,149,652,,,data\rolls\2026\pdfs\ac017\AC017PART149.pdf,pdf_serial_row_count,ok
2026,17,150,11,,,data\rolls\2026\pdfs\ac017\AC017PART150.pdf,pdf_serial_row_count,ok
2026,17,151,830,,,data\rolls\2026\pdfs\ac017\AC017PART151.pdf,pdf_serial_row_count,ok
2026,17,152,792,,,data\rolls\2026\pdfs\ac017\AC017PART152.pdf,pdf_serial_row_count,ok
2026,17,153,679,,,data\rolls\2026\pdfs\ac017\AC017PART153.pdf,pdf_serial_row_count,ok
2026,17,154,714,,,data\rolls\2026\pdfs\ac017\AC017PART154.pdf,pdf_serial_row_count,ok
2026,17,155,1040,,,data\rolls\2026\pdfs\ac017\AC017PART155.pdf,pdf_serial_row_count,ok
2026,17,156,698,,,data\rolls\2026\pdfs\ac017\AC017PART156.pdf,pdf_serial_row_count,ok
2026,17,157,641,,,data\rolls\2026\pdfs\ac017\AC017PART157.pdf,pdf_serial_row_count,ok
2026,17,158,710,,,data\rolls\2026\pdfs\ac017\AC017PART158.pdf,pdf_serial_row_count,ok
2026,17,159,644,,,data\rolls\2026\pdfs\ac017\AC017PART159.pdf,pdf_serial_row_count,ok
2026,17,160,483,,,data\rolls\2026\pdfs\ac017\AC017PART160.pdf,pdf_serial_row_count,ok
2026,17,161,596,,,data\rolls\2026\pdfs\ac017\AC017PART161.pdf,pdf_serial_row_count,ok
2026,17,162,720,,,data\rolls\2026\pdfs\ac017\AC017PART162.pdf,pdf_serial_row_count,ok
2026,17,163,777,,,data\rolls\2026\pdfs\ac017\AC017PART163.pdf,pdf_serial_row_count,ok
2026,17,164,1048,,,data\rolls\2026\pdfs\ac017\AC017PART164.pdf,pdf_serial_row_count,ok
2026,17,165,632,,,data\rolls\2026\pdfs\ac017\AC017PART165.pdf,pdf_serial_row_count,ok
2026,17,166,733,,,data\rolls\2026\pdfs\ac017\AC017PART166.pdf,pdf_serial_row_count,ok
2026,17,167,627,,,data\rolls\2026\pdfs\ac017\AC017PART167.pdf,pdf_serial_row_count,ok
2026,17,168,525,,,data\rolls\2026\pdfs\ac017\AC017PART168.pdf,pdf_serial_row_count,ok
2026,17,169,499,,,data\rolls\2026\pdfs\ac017\AC017PART169.pdf,pdf_serial_row_count,ok
2026,17,170,742,,,data\rolls\2026\pdfs\ac017\AC017PART170.pdf,pdf_serial_row_count,ok
2026,17,171,501,,,data\rolls\2026\pdfs\ac017\AC017PART171.pdf,pdf_serial_row_count,ok
2026,17,172,670,,,data\rolls\2026\pdfs\ac017\AC017PART172.pdf,pdf_serial_row_count,ok
2026,17,173,833,,,data\rolls\2026\pdfs\ac017\AC017PART173.pdf,pdf_serial_row_count,ok
2026,17,174,663,,,data\rolls\2026\pdfs\ac017\AC017PART174.pdf,pdf_serial_row_count,ok
2026,17,175,528,,,data\rolls\2026\pdfs\ac017\AC017PART175.pdf,pdf_serial_row_count,ok
2026,17,176,719,,,data\rolls\2026\pdfs\ac017\AC017PART176.pdf,pdf_serial_row_count,ok
2026,17,177,586,,,data\rolls\2026\pdfs\ac017\AC017PART177.pdf,pdf_serial_row_count,ok
2026,17,178,685,,,data\rolls\2026\pdfs\ac017\AC017PART178.pdf,pdf_serial_row_count,ok
2026,17,179,546,,,data\rolls\2026\pdfs\ac017\AC017PART179.pdf,pdf_serial_row_count,ok
2026,17,180,715,,,data\rolls\2026\pdfs\ac017\AC017PART180.pdf,pdf_serial_row_count,ok
2026,17,181,625,,,data\rolls\2026\pdfs\ac017\AC017PART181.pdf,pdf_serial_row_count,ok
2026,17,182,1094,,,data\rolls\2026\pdfs\ac017\AC017PART182.pdf,pdf_serial_row_count,ok
2026,17,183,782,,,data\rolls\2026\pdfs\ac017\AC017PART183.pdf,pdf_serial_row_count,ok
2026,17,184,533,,,data\rolls\2026\pdfs\ac017\AC017PART184.pdf,pdf_serial_row_count,ok
2026,17,185,1144,,,data\rolls\2026\pdfs\ac017\AC017PART185.pdf,pdf_serial_row_count,ok
2026,17,186,957,,,data\rolls\2026\pdfs\ac017\AC017PART186.pdf,pdf_serial_row_count,ok
2026,17,187,1048,,,data\rolls\2026\pdfs\ac017\AC017PART187.pdf,pdf_serial_row_count,ok
2026,17,188,935,,,data\rolls\2026\pdfs\ac017\AC017PART188.pdf,pdf_serial_row_count,ok
2026,17,189,642,,,data\rolls\2026\pdfs\ac017\AC017PART189.pdf,pdf_serial_row_count,ok
2026,17,190,595,,,data\rolls\2026\pdfs\ac017\AC017PART190.pdf,pdf_serial_row_count,ok
2026,17,191,642,,,data\rolls\2026\pdfs\ac017\AC017PART191.pdf,pdf_serial_row_count,ok
2026,17,192,675,,,data\rolls\2026\pdfs\ac017\AC017PART192.pdf,pdf_serial_row_count,ok
2026,17,193,620,,,data\rolls\2026\pdfs\ac017\AC017PART193.pdf,pdf_serial_row_count,ok
2026,17,194,949,,,data\rolls\2026\pdfs\ac017\AC017PART194.pdf,pdf_serial_row_count,ok
2026,17,195,566,,,data\rolls\2026\pdfs\ac017\AC017PART195.pdf,pdf_serial_row_count,ok
2026,17,196,664,,,data\rolls\2026\pdfs\ac017\AC017PART196.pdf,pdf_serial_row_count,ok
2026,17,197,629,,,data\rolls\2026\pdfs\ac017\AC017PART197.pdf,pdf_serial_row_count,ok
2026,17,198,1001,,,data\rolls\2026\pdfs\ac017\AC017PART198.pdf,pdf_serial_row_count,ok
2026,17,199,558,,,data\rolls\2026\pdfs\ac017\AC017PART199.pdf,pdf_serial_row_count,ok
2026,18,1,504,,,data\rolls\2026\pdfs\ac018\AC018PART001.pdf,pdf_serial_row_count,ok
2026,18,2,548,,,data\rolls\2026\pdfs\ac018\AC018PART002.pdf,pdf_serial_row_count,ok
2026,18,3,680,,,data\rolls\2026\pdfs\ac018\AC018PART003.pdf,pdf_serial_row_count,ok
2026,18,4,911,,,data\rolls\2026\pdfs\ac018\AC018PART004.pdf,pdf_serial_row_count,ok
2026,18,5,471,,,data\rolls\2026\pdfs\ac018\AC018PART005.pdf,pdf_serial_row_count,ok
2026,18,6,382,,,data\rolls\2026\pdfs\ac018\AC018PART006.pdf,pdf_serial_row_count,ok
2026,18,7,467,,,data\rolls\2026\pdfs\ac018\AC018PART007.pdf,pdf_serial_row_count,ok
2026,18,8,679,,,data\rolls\2026\pdfs\ac018\AC018PART008.pdf,pdf_serial_row_count,ok
2026,18,9,509,,,data\rolls\2026\pdfs\ac018\AC018PART009.pdf,pdf_serial_row_count,ok
2026,18,10,699,,,data\rolls\2026\pdfs\ac018\AC018PART010.pdf,pdf_serial_row_count,ok
2026,18,11,689,,,data\rolls\2026\pdfs\ac018\AC018PART011.pdf,pdf_serial_row_count,ok
2026,18,12,845,,,data\rolls\2026\pdfs\ac018\AC018PART012.pdf,pdf_serial_row_count,ok
2026,18,13,843,,,data\rolls\2026\pdfs\ac018\AC018PART013.pdf,pdf_serial_row_count,ok
2026,18,14,830,,,data\rolls\2026\pdfs\ac018\AC018PART014.pdf,pdf_serial_row_count,ok
2026,18,15,463,,,data\rolls\2026\pdfs\ac018\AC018PART015.pdf,pdf_serial_row_count,ok
2026,18,16,773,,,data\rolls\2026\pdfs\ac018\AC018PART016.pdf,pdf_serial_row_count,ok
2026,18,17,298,,,data\rolls\2026\pdfs\ac018\AC018PART017.pdf,pdf_serial_row_count,ok
2026,18,18,904,,,data\rolls\2026\pdfs\ac018\AC018PART018.pdf,pdf_serial_row_count,ok
2026,18,19,752,,,data\rolls\2026\pdfs\ac018\AC018PART019.pdf,pdf_serial_row_count,ok
2026,18,20,315,,,data\rolls\2026\pdfs\ac018\AC018PART020.pdf,pdf_serial_row_count,ok
2026,18,21,740,,,data\rolls\2026\pdfs\ac018\AC018PART021.pdf,pdf_serial_row_count,ok
2026,18,22,572,,,data\rolls\2026\pdfs\ac018\AC018PART022.pdf,pdf_serial_row_count,ok
2026,18,23,344,,,data\rolls\2026\pdfs\ac018\AC018PART023.pdf,pdf_serial_row_count,ok
2026,18,24,853,,,data\rolls\2026\pdfs\ac018\AC018PART024.pdf,pdf_serial_row_count,ok
2026,18,25,524,,,data\rolls\2026\pdfs\ac018\AC018PART025.pdf,pdf_serial_row_count,ok
2026,18,26,440,,,data\rolls\2026\pdfs\ac018\AC018PART026.pdf,pdf_serial_row_count,ok
2026,18,27,410,,,data\rolls\2026\pdfs\ac018\AC018PART027.pdf,pdf_serial_row_count,ok
2026,18,28,319,,,data\rolls\2026\pdfs\ac018\AC018PART028.pdf,pdf_serial_row_count,ok
2026,18,29,437,,,data\rolls\2026\pdfs\ac018\AC018PART029.pdf,pdf_serial_row_count,ok
2026,18,30,525,,,data\rolls\2026\pdfs\ac018\AC018PART030.pdf,pdf_serial_row_count,ok
2026,18,31,593,,,data\rolls\2026\pdfs\ac018\AC018PART031.pdf,pdf_serial_row_count,ok
2026,18,32,684,,,data\rolls\2026\pdfs\ac018\AC018PART032.pdf,pdf_serial_row_count,ok
2026,18,33,647,,,data\rolls\2026\pdfs\ac018\AC018PART033.pdf,pdf_serial_row_count,ok
2026,18,34,488,,,data\rolls\2026\pdfs\ac018\AC018PART034.pdf,pdf_serial_row_count,ok
2026,18,35,660,,,data\rolls\2026\pdfs\ac018\AC018PART035.pdf,pdf_serial_row_count,ok
2026,18,36,425,,,data\rolls\2026\pdfs\ac018\AC018PART036.pdf,pdf_serial_row_count,ok
2026,18,37,528,,,data\rolls\2026\pdfs\ac018\AC018PART037.pdf,pdf_serial_row_count,ok
2026,18,38,576,,,data\rolls\2026\pdfs\ac018\AC018PART038.pdf,pdf_serial_row_count,ok
2026,18,39,488,,,data\rolls\2026\pdfs\ac018\AC018PART039.pdf,pdf_serial_row_count,ok
2026,18,40,623,,,data\rolls\2026\pdfs\ac018\AC018PART040.pdf,pdf_serial_row_count,ok
2026,18,41,934,,,data\rolls\2026\pdfs\ac018\AC018PART041.pdf,pdf_serial_row_count,ok
2026,18,42,667,,,data\rolls\2026\pdfs\ac018\AC018PART042.pdf,pdf_serial_row_count,ok
2026,18,43,788,,,data\rolls\2026\pdfs\ac018\AC018PART043.pdf,pdf_serial_row_count,ok
2026,18,44,1200,,,data\rolls\2026\pdfs\ac018\AC018PART044.pdf,pdf_serial_row_count,ok
2026,18,45,927,,,data\rolls\2026\pdfs\ac018\AC018PART045.pdf,pdf_serial_row_count,ok
2026,18,46,577,,,data\rolls\2026\pdfs\ac018\AC018PART046.pdf,pdf_serial_row_count,ok
2026,18,47,379,,,data\rolls\2026\pdfs\ac018\AC018PART047.pdf,pdf_serial_row_count,ok
2026,18,48,638,,,data\rolls\2026\pdfs\ac018\AC018PART048.pdf,pdf_serial_row_count,ok
2026,18,49,694,,,data\rolls\2026\pdfs\ac018\AC018PART049.pdf,pdf_serial_row_count,ok
2026,18,50,589,,,data\rolls\2026\pdfs\ac018\AC018PART050.pdf,pdf_serial_row_count,ok
2026,18,51,456,,,data\rolls\2026\pdfs\ac018\AC018PART051.pdf,pdf_serial_row_count,ok
2026,18,52,408,,,data\rolls\2026\pdfs\ac018\AC018PART052.pdf,pdf_serial_row_count,ok
2026,18,53,611,,,data\rolls\2026\pdfs\ac018\AC018PART053.pdf,pdf_serial_row_count,ok
2026,18,54,796,,,data\rolls\2026\pdfs\ac018\AC018PART054.pdf,pdf_serial_row_count,ok
2026,18,55,559,,,data\rolls\2026\pdfs\ac018\AC018PART055.pdf,pdf_serial_row_count,ok
2026,18,56,533,,,data\rolls\2026\pdfs\ac018\AC018PART056.pdf,pdf_serial_row_count,ok
2026,18,57,565,,,data\rolls\2026\pdfs\ac018\AC018PART057.pdf,pdf_serial_row_count,ok
2026,18,58,399,,,data\rolls\2026\pdfs\ac018\AC018PART058.pdf,pdf_serial_row_count,ok
2026,18,59,357,,,data\rolls\2026\pdfs\ac018\AC018PART059.pdf,pdf_serial_row_count,ok
2026,18,60,616,,,data\rolls\2026\pdfs\ac018\AC018PART060.pdf,pdf_serial_row_count,ok
2026,18,61,420,,,data\rolls\2026\pdfs\ac018\AC018PART061.pdf,pdf_serial_row_count,ok
2026,18,62,613,,,data\rolls\2026\pdfs\ac018\AC018PART062.pdf,pdf_serial_row_count,ok
2026,18,63,811,,,data\rolls\2026\pdfs\ac018\AC018PART063.pdf,pdf_serial_row_count,ok
2026,18,64,277,,,data\rolls\2026\pdfs\ac018\AC018PART064.pdf,pdf_serial_row_count,ok
2026,18,65,588,,,data\rolls\2026\pdfs\ac018\AC018PART065.pdf,pdf_serial_row_count,ok
2026,18,66,632,,,data\rolls\2026\pdfs\ac018\AC018PART066.pdf,pdf_serial_row_count,ok
2026,18,67,525,,,data\rolls\2026\pdfs\ac018\AC018PART067.pdf,pdf_serial_row_count,ok
2026,18,68,881,,,data\rolls\2026\pdfs\ac018\AC018PART068.pdf,pdf_serial_row_count,ok
2026,18,69,806,,,data\rolls\2026\pdfs\ac018\AC018PART069.pdf,pdf_serial_row_count,ok
2026,18,70,534,,,data\rolls\2026\pdfs\ac018\AC018PART070.pdf,pdf_serial_row_count,ok
2026,18,71,589,,,data\rolls\2026\pdfs\ac018\AC018PART071.pdf,pdf_serial_row_count,ok
2026,18,72,581,,,data\rolls\2026\pdfs\ac018\AC018PART072.pdf,pdf_serial_row_count,ok
2026,18,73,687,,,data\rolls\2026\pdfs\ac018\AC018PART073.pdf,pdf_serial_row_count,ok
2026,18,74,479,,,data\rolls\2026\pdfs\ac018\AC018PART074.pdf,pdf_serial_row_count,ok
2026,18,75,669,,,data\rolls\2026\pdfs\ac018\AC018PART075.pdf,pdf_serial_row_count,ok
2026,18,76,591,,,data\rolls\2026\pdfs\ac018\AC018PART076.pdf,pdf_serial_row_count,ok
2026,18,77,643,,,data\rolls\2026\pdfs\ac018\AC018PART077.pdf,pdf_serial_row_count,ok
2026,18,78,347,,,data\rolls\2026\pdfs\ac018\AC018PART078.pdf,pdf_serial_row_count,ok
2026,18,79,524,,,data\rolls\2026\pdfs\ac018\AC018PART079.pdf,pdf_serial_row_count,ok
2026,18,80,450,,,data\rolls\2026\pdfs\ac018\AC018PART080.pdf,pdf_serial_row_count,ok
2026,18,81,518,,,data\rolls\2026\pdfs\ac018\AC018PART081.pdf,pdf_serial_row_count,ok
2026,18,82,417,,,data\rolls\2026\pdfs\ac018\AC018PART082.pdf,pdf_serial_row_count,ok
2026,18,83,643,,,data\rolls\2026\pdfs\ac018\AC018PART083.pdf,pdf_serial_row_count,ok
2026,18,84,762,,,data\rolls\2026\pdfs\ac018\AC018PART084.pdf,pdf_serial_row_count,ok
2026,18,85,709,,,data\rolls\2026\pdfs\ac018\AC018PART085.pdf,pdf_serial_row_count,ok
2026,18,86,771,,,data\rolls\2026\pdfs\ac018\AC018PART086.pdf,pdf_serial_row_count,ok
2026,18,87,763,,,data\rolls\2026\pdfs\ac018\AC018PART087.pdf,pdf_serial_row_count,ok
2026,18,88,420,,,data\rolls\2026\pdfs\ac018\AC018PART088.pdf,pdf_serial_row_count,ok
2026,18,89,531,,,data\rolls\2026\pdfs\ac018\AC018PART089.pdf,pdf_serial_row_count,ok
2026,18,90,638,,,data\rolls\2026\pdfs\ac018\AC018PART090.pdf,pdf_serial_row_count,ok
2026,18,91,591,,,data\rolls\2026\pdfs\ac018\AC018PART091.pdf,pdf_serial_row_count,ok
2026,18,92,563,,,data\rolls\2026\pdfs\ac018\AC018PART092.pdf,pdf_serial_row_count,ok
2026,18,93,474,,,data\rolls\2026\pdfs\ac018\AC018PART093.pdf,pdf_serial_row_count,ok
2026,18,94,440,,,data\rolls\2026\pdfs\ac018\AC018PART094.pdf,pdf_serial_row_count,ok
2026,18,95,547,,,data\rolls\2026\pdfs\ac018\AC018PART095.pdf,pdf_serial_row_count,ok
2026,18,96,438,,,data\rolls\2026\pdfs\ac018\AC018PART096.pdf,pdf_serial_row_count,ok
2026,18,97,578,,,data\rolls\2026\pdfs\ac018\AC018PART097.pdf,pdf_serial_row_count,ok
2026,18,98,511,,,data\rolls\2026\pdfs\ac018\AC018PART098.pdf,pdf_serial_row_count,ok
2026,18,99,653,,,data\rolls\2026\pdfs\ac018\AC018PART099.pdf,pdf_serial_row_count,ok
2026,18,100,419,,,data\rolls\2026\pdfs\ac018\AC018PART100.pdf,pdf_serial_row_count,ok
2026,18,101,485,,,data\rolls\2026\pdfs\ac018\AC018PART101.pdf,pdf_serial_row_count,ok
2026,18,102,603,,,data\rolls\2026\pdfs\ac018\AC018PART102.pdf,pdf_serial_row_count,ok
2026,18,103,595,,,data\rolls\2026\pdfs\ac018\AC018PART103.pdf,pdf_serial_row_count,ok
2026,18,104,830,,,data\rolls\2026\pdfs\ac018\AC018PART104.pdf,pdf_serial_row_count,ok
2026,18,105,772,,,data\rolls\2026\pdfs\ac018\AC018PART105.pdf,pdf_serial_row_count,ok
2026,18,106,713,,,data\rolls\2026\pdfs\ac018\AC018PART106.pdf,pdf_serial_row_count,ok
2026,18,107,425,,,data\rolls\2026\pdfs\ac018\AC018PART107.pdf,pdf_serial_row_count,ok
2026,18,108,536,,,data\rolls\2026\pdfs\ac018\AC018PART108.pdf,pdf_serial_row_count,ok
2026,18,109,765,,,data\rolls\2026\pdfs\ac018\AC018PART109.pdf,pdf_serial_row_count,ok
2026,18,110,379,,,data\rolls\2026\pdfs\ac018\AC018PART110.pdf,pdf_serial_row_count,ok
2026,18,111,424,,,data\rolls\2026\pdfs\ac018\AC018PART111.pdf,pdf_serial_row_count,ok
2026,18,112,823,,,data\rolls\2026\pdfs\ac018\AC018PART112.pdf,pdf_serial_row_count,ok
2026,18,113,521,,,data\rolls\2026\pdfs\ac018\AC018PART113.pdf,pdf_serial_row_count,ok
2026,18,114,487,,,data\rolls\2026\pdfs\ac018\AC018PART114.pdf,pdf_serial_row_count,ok
2026,18,115,394,,,data\rolls\2026\pdfs\ac018\AC018PART115.pdf,pdf_serial_row_count,ok
2026,18,116,984,,,data\rolls\2026\pdfs\ac018\AC018PART116.pdf,pdf_serial_row_count,ok
2026,18,117,940,,,data\rolls\2026\pdfs\ac018\AC018PART117.pdf,pdf_serial_row_count,ok
2026,18,118,1001,,,data\rolls\2026\pdfs\ac018\AC018PART118.pdf,pdf_serial_row_count,ok
2026,18,119,806,,,data\rolls\2026\pdfs\ac018\AC018PART119.pdf,pdf_serial_row_count,ok
2026,18,120,608,,,data\rolls\2026\pdfs\ac018\AC018PART120.pdf,pdf_serial_row_count,ok
2026,18,121,609,,,data\rolls\2026\pdfs\ac018\AC018PART121.pdf,pdf_serial_row_count,ok
2026,18,122,811,,,data\rolls\2026\pdfs\ac018\AC018PART122.pdf,pdf_serial_row_count,ok
2026,18,123,648,,,data\rolls\2026\pdfs\ac018\AC018PART123.pdf,pdf_serial_row_count,ok
2026,18,124,577,,,data\rolls\2026\pdfs\ac018\AC018PART124.pdf,pdf_serial_row_count,ok
2026,18,125,654,,,data\rolls\2026\pdfs\ac018\AC018PART125.pdf,pdf_serial_row_count,ok
2026,18,126,461,,,data\rolls\2026\pdfs\ac018\AC018PART126.pdf,pdf_serial_row_count,ok
2026,18,127,515,,,data\rolls\2026\pdfs\ac018\AC018PART127.pdf,pdf_serial_row_count,ok
2026,18,128,745,,,data\rolls\2026\pdfs\ac018\AC018PART128.pdf,pdf_serial_row_count,ok
2026,18,129,678,,,data\rolls\2026\pdfs\ac018\AC018PART129.pdf,pdf_serial_row_count,ok
2026,18,130,700,,,data\rolls\2026\pdfs\ac018\AC018PART130.pdf,pdf_serial_row_count,ok
2026,18,131,602,,,data\rolls\2026\pdfs\ac018\AC018PART131.pdf,pdf_serial_row_count,ok
2026,18,132,598,,,data\rolls\2026\pdfs\ac018\AC018PART132.pdf,pdf_serial_row_count,ok
2026,18,133,436,,,data\rolls\2026\pdfs\ac018\AC018PART133.pdf,pdf_serial_row_count,ok
2026,18,134,830,,,data\rolls\2026\pdfs\ac018\AC018PART134.pdf,pdf_serial_row_count,ok
2026,18,135,612,,,data\rolls\2026\pdfs\ac018\AC018PART135.pdf,pdf_serial_row_count,ok
2026,18,136,580,,,data\rolls\2026\pdfs\ac018\AC018PART136.pdf,pdf_serial_row_count,ok
2026,18,137,613,,,data\rolls\2026\pdfs\ac018\AC018PART137.pdf,pdf_serial_row_count,ok
2026,18,138,453,,,data\rolls\2026\pdfs\ac018\AC018PART138.pdf,pdf_serial_row_count,ok
2026,18,139,535,,,data\rolls\2026\pdfs\ac018\AC018PART139.pdf,pdf_serial_row_count,ok
2026,18,140,846,,,data\rolls\2026\pdfs\ac018\AC018PART140.pdf,pdf_serial_row_count,ok
2026,18,141,993,,,data\rolls\2026\pdfs\ac018\AC018PART141.pdf,pdf_serial_row_count,ok
2026,18,142,526,,,data\rolls\2026\pdfs\ac018\AC018PART142.pdf,pdf_serial_row_count,ok
2026,18,143,466,,,data\rolls\2026\pdfs\ac018\AC018PART143.pdf,pdf_serial_row_count,ok
2026,18,144,616,,,data\rolls\2026\pdfs\ac018\AC018PART144.pdf,pdf_serial_row_count,ok
2026,18,145,501,,,data\rolls\2026\pdfs\ac018\AC018PART145.pdf,pdf_serial_row_count,ok
2026,18,146,327,,,data\rolls\2026\pdfs\ac018\AC018PART146.pdf,pdf_serial_row_count,ok
2026,18,147,822,,,data\rolls\2026\pdfs\ac018\AC018PART147.pdf,pdf_serial_row_count,ok
2026,18,148,1238,,,data\rolls\2026\pdfs\ac018\AC018PART148.pdf,pdf_serial_row_count,ok
2026,18,149,643,,,data\rolls\2026\pdfs\ac018\AC018PART149.pdf,pdf_serial_row_count,ok
2026,18,150,714,,,data\rolls\2026\pdfs\ac018\AC018PART150.pdf,pdf_serial_row_count,ok
2026,18,151,534,,,data\rolls\2026\pdfs\ac018\AC018PART151.pdf,pdf_serial_row_count,ok
2026,18,152,600,,,data\rolls\2026\pdfs\ac018\AC018PART152.pdf,pdf_serial_row_count,ok
2026,18,153,733,,,data\rolls\2026\pdfs\ac018\AC018PART153.pdf,pdf_serial_row_count,ok
2026,18,154,637,,,data\rolls\2026\pdfs\ac018\AC018PART154.pdf,pdf_serial_row_count,ok
2026,18,155,665,,,data\rolls\2026\pdfs\ac018\AC018PART155.pdf,pdf_serial_row_count,ok
2026,18,156,852,,,data\rolls\2026\pdfs\ac018\AC018PART156.pdf,pdf_serial_row_count,ok
2026,18,157,675,,,data\rolls\2026\pdfs\ac018\AC018PART157.pdf,pdf_serial_row_count,ok
2026,18,158,957,,,data\rolls\2026\pdfs\ac018\AC018PART158.pdf,pdf_serial_row_count,ok
2026,18,159,905,,,data\rolls\2026\pdfs\ac018\AC018PART159.pdf,pdf_serial_row_count,ok
2026,18,160,574,,,data\rolls\2026\pdfs\ac018\AC018PART160.pdf,pdf_serial_row_count,ok
2026,18,161,521,,,data\rolls\2026\pdfs\ac018\AC018PART161.pdf,pdf_serial_row_count,ok
2026,18,162,832,,,data\rolls\2026\pdfs\ac018\AC018PART162.pdf,pdf_serial_row_count,ok
2026,18,163,643,,,data\rolls\2026\pdfs\ac018\AC018PART163.pdf,pdf_serial_row_count,ok
2026,18,164,466,,,data\rolls\2026\pdfs\ac018\AC018PART164.pdf,pdf_serial_row_count,ok
2026,18,165,593,,,data\rolls\2026\pdfs\ac018\AC018PART165.pdf,pdf_serial_row_count,ok
2026,18,166,795,,,data\rolls\2026\pdfs\ac018\AC018PART166.pdf,pdf_serial_row_count,ok
2026,18,167,684,,,data\rolls\2026\pdfs\ac018\AC018PART167.pdf,pdf_serial_row_count,ok
2026,18,168,849,,,data\rolls\2026\pdfs\ac018\AC018PART168.pdf,pdf_serial_row_count,ok
2026,18,169,452,,,data\rolls\2026\pdfs\ac018\AC018PART169.pdf,pdf_serial_row_count,ok
2026,18,170,714,,,data\rolls\2026\pdfs\ac018\AC018PART170.pdf,pdf_serial_row_count,ok
2026,18,171,928,,,data\rolls\2026\pdfs\ac018\AC018PART171.pdf,pdf_serial_row_count,ok
2026,18,172,900,,,data\rolls\2026\pdfs\ac018\AC018PART172.pdf,pdf_serial_row_count,ok
2026,18,173,700,,,data\rolls\2026\pdfs\ac018\AC018PART173.pdf,pdf_serial_row_count,ok
2026,18,174,696,,,data\rolls\2026\pdfs\ac018\AC018PART174.pdf,pdf_serial_row_count,ok
2026,18,175,637,,,data\rolls\2026\pdfs\ac018\AC018PART175.pdf,pdf_serial_row_count,ok
2026,18,176,607,,,data\rolls\2026\pdfs\ac018\AC018PART176.pdf,pdf_serial_row_count,ok
2026,18,177,761,,,data\rolls\2026\pdfs\ac018\AC018PART177.pdf,pdf_serial_row_count,ok
2026,18,178,963,,,data\rolls\2026\pdfs\ac018\AC018PART178.pdf,pdf_serial_row_count,ok
2026,18,179,964,,,data\rolls\2026\pdfs\ac018\AC018PART179.pdf,pdf_serial_row_count,ok
2026,18,180,764,,,data\rolls\2026\pdfs\ac018\AC018PART180.pdf,pdf_serial_row_count,ok
2026,18,181,829,,,data\rolls\2026\pdfs\ac018\AC018PART181.pdf,pdf_serial_row_count,ok
2026,18,182,1025,,,data\rolls\2026\pdfs\ac018\AC018PART182.pdf,pdf_serial_row_count,ok
2026,18,183,740,,,data\rolls\2026\pdfs\ac018\AC018PART183.pdf,pdf_serial_row_count,ok
2026,18,184,630,,,data\rolls\2026\pdfs\ac018\AC018PART184.pdf,pdf_serial_row_count,ok
2026,18,185,568,,,data\rolls\2026\pdfs\ac018\AC018PART185.pdf,pdf_serial_row_count,ok
2026,18,186,366,,,data\rolls\2026\pdfs\ac018\AC018PART186.pdf,pdf_serial_row_count,ok
2026,18,187,835,,,data\rolls\2026\pdfs\ac018\AC018PART187.pdf,pdf_serial_row_count,ok
2026,18,188,765,,,data\rolls\2026\pdfs\ac018\AC018PART188.pdf,pdf_serial_row_count,ok
2026,18,189,714,,,data\rolls\2026\pdfs\ac018\AC018PART189.pdf,pdf_serial_row_count,ok
2026,18,190,418,,,data\rolls\2026\pdfs\ac018\AC018PART190.pdf,pdf_serial_row_count,ok
2026,18,191,808,,,data\rolls\2026\pdfs\ac018\AC018PART191.pdf,pdf_serial_row_count,ok
2026,18,192,595,,,data\rolls\2026\pdfs\ac018\AC018PART192.pdf,pdf_serial_row_count,ok
2026,18,193,484,,,data\rolls\2026\pdfs\ac018\AC018PART193.pdf,pdf_serial_row_count,ok
2026,18,194,853,,,data\rolls\2026\pdfs\ac018\AC018PART194.pdf,pdf_serial_row_count,ok
2026,18,195,583,,,data\rolls\2026\pdfs\ac018\AC018PART195.pdf,pdf_serial_row_count,ok
2026,18,196,592,,,data\rolls\2026\pdfs\ac018\AC018PART196.pdf,pdf_serial_row_count,ok
2026,18,197,676,,,data\rolls\2026\pdfs\ac018\AC018PART197.pdf,pdf_serial_row_count,ok
2026,18,198,682,,,data\rolls\2026\pdfs\ac018\AC018PART198.pdf,pdf_serial_row_count,ok
2026,18,199,308,,,data\rolls\2026\pdfs\ac018\AC018PART199.pdf,pdf_serial_row_count,ok
2026,18,200,231,,,data\rolls\2026\pdfs\ac018\AC018PART200.pdf,pdf_serial_row_count,ok
2026,19,1,683,,,data\rolls\2026\pdfs\ac019\AC019PART001.pdf,pdf_serial_row_count,ok
2026,19,2,403,,,data\rolls\2026\pdfs\ac019\AC019PART002.pdf,pdf_serial_row_count,ok
2026,19,3,778,,,data\rolls\2026\pdfs\ac019\AC019PART003.pdf,pdf_serial_row_count,ok
2026,19,4,376,,,data\rolls\2026\pdfs\ac019\AC019PART004.pdf,pdf_serial_row_count,ok
2026,19,5,525,,,data\rolls\2026\pdfs\ac019\AC019PART005.pdf,pdf_serial_row_count,ok
2026,19,6,661,,,data\rolls\2026\pdfs\ac019\AC019PART006.pdf,pdf_serial_row_count,ok
2026,19,7,388,,,data\rolls\2026\pdfs\ac019\AC019PART007.pdf,pdf_serial_row_count,ok
2026,19,8,714,,,data\rolls\2026\pdfs\ac019\AC019PART008.pdf,pdf_serial_row_count,ok
2026,19,9,562,,,data\rolls\2026\pdfs\ac019\AC019PART009.pdf,pdf_serial_row_count,ok
2026,19,10,816,,,data\rolls\2026\pdfs\ac019\AC019PART010.pdf,pdf_serial_row_count,ok
2026,19,11,597,,,data\rolls\2026\pdfs\ac019\AC019PART011.pdf,pdf_serial_row_count,ok
2026,19,12,660,,,data\rolls\2026\pdfs\ac019\AC019PART012.pdf,pdf_serial_row_count,ok
2026,19,13,929,,,data\rolls\2026\pdfs\ac019\AC019PART013.pdf,pdf_serial_row_count,ok
2026,19,14,995,,,data\rolls\2026\pdfs\ac019\AC019PART014.pdf,pdf_serial_row_count,ok
2026,19,15,760,,,data\rolls\2026\pdfs\ac019\AC019PART015.pdf,pdf_serial_row_count,ok
2026,19,16,625,,,data\rolls\2026\pdfs\ac019\AC019PART016.pdf,pdf_serial_row_count,ok
2026,19,17,514,,,data\rolls\2026\pdfs\ac019\AC019PART017.pdf,pdf_serial_row_count,ok
2026,19,18,890,,,data\rolls\2026\pdfs\ac019\AC019PART018.pdf,pdf_serial_row_count,ok
2026,19,19,458,,,data\rolls\2026\pdfs\ac019\AC019PART019.pdf,pdf_serial_row_count,ok
2026,19,20,626,,,data\rolls\2026\pdfs\ac019\AC019PART020.pdf,pdf_serial_row_count,ok
2026,19,21,610,,,data\rolls\2026\pdfs\ac019\AC019PART021.pdf,pdf_serial_row_count,ok
2026,19,22,543,,,data\rolls\2026\pdfs\ac019\AC019PART022.pdf,pdf_serial_row_count,ok
2026,19,23,570,,,data\rolls\2026\pdfs\ac019\AC019PART023.pdf,pdf_serial_row_count,ok
2026,19,24,557,,,data\rolls\2026\pdfs\ac019\AC019PART024.pdf,pdf_serial_row_count,ok
2026,19,25,655,,,data\rolls\2026\pdfs\ac019\AC019PART025.pdf,pdf_serial_row_count,ok
2026,19,26,755,,,data\rolls\2026\pdfs\ac019\AC019PART026.pdf,pdf_serial_row_count,ok
2026,19,27,487,,,data\rolls\2026\pdfs\ac019\AC019PART027.pdf,pdf_serial_row_count,ok
2026,19,28,448,,,data\rolls\2026\pdfs\ac019\AC019PART028.pdf,pdf_serial_row_count,ok
2026,19,29,851,,,data\rolls\2026\pdfs\ac019\AC019PART029.pdf,pdf_serial_row_count,ok
2026,19,30,599,,,data\rolls\2026\pdfs\ac019\AC019PART030.pdf,pdf_serial_row_count,ok
2026,19,31,772,,,data\rolls\2026\pdfs\ac019\AC019PART031.pdf,pdf_serial_row_count,ok
2026,19,32,806,,,data\rolls\2026\pdfs\ac019\AC019PART032.pdf,pdf_serial_row_count,ok
2026,19,33,914,,,data\rolls\2026\pdfs\ac019\AC019PART033.pdf,pdf_serial_row_count,ok
2026,19,34,578,,,data\rolls\2026\pdfs\ac019\AC019PART034.pdf,pdf_serial_row_count,ok
2026,19,35,588,,,data\rolls\2026\pdfs\ac019\AC019PART035.pdf,pdf_serial_row_count,ok
2026,19,36,520,,,data\rolls\2026\pdfs\ac019\AC019PART036.pdf,pdf_serial_row_count,ok
2026,19,37,444,,,data\rolls\2026\pdfs\ac019\AC019PART037.pdf,pdf_serial_row_count,ok
2026,19,38,711,,,data\rolls\2026\pdfs\ac019\AC019PART038.pdf,pdf_serial_row_count,ok
2026,19,39,161,,,data\rolls\2026\pdfs\ac019\AC019PART039.pdf,pdf_serial_row_count,ok
2026,19,40,593,,,data\rolls\2026\pdfs\ac019\AC019PART040.pdf,pdf_serial_row_count,ok
2026,19,41,533,,,data\rolls\2026\pdfs\ac019\AC019PART041.pdf,pdf_serial_row_count,ok
2026,19,42,906,,,data\rolls\2026\pdfs\ac019\AC019PART042.pdf,pdf_serial_row_count,ok
2026,19,43,771,,,data\rolls\2026\pdfs\ac019\AC019PART043.pdf,pdf_serial_row_count,ok
2026,19,44,668,,,data\rolls\2026\pdfs\ac019\AC019PART044.pdf,pdf_serial_row_count,ok
2026,19,45,891,,,data\rolls\2026\pdfs\ac019\AC019PART045.pdf,pdf_serial_row_count,ok
2026,19,46,706,,,data\rolls\2026\pdfs\ac019\AC019PART046.pdf,pdf_serial_row_count,ok
2026,19,47,630,,,data\rolls\2026\pdfs\ac019\AC019PART047.pdf,pdf_serial_row_count,ok
2026,19,48,816,,,data\rolls\2026\pdfs\ac019\AC019PART048.pdf,pdf_serial_row_count,ok
2026,19,49,728,,,data\rolls\2026\pdfs\ac019\AC019PART049.pdf,pdf_serial_row_count,ok
2026,19,50,857,,,data\rolls\2026\pdfs\ac019\AC019PART050.pdf,pdf_serial_row_count,ok
2026,19,51,586,,,data\rolls\2026\pdfs\ac019\AC019PART051.pdf,pdf_serial_row_count,ok
2026,19,52,572,,,data\rolls\2026\pdfs\ac019\AC019PART052.pdf,pdf_serial_row_count,ok
2026,19,53,465,,,data\rolls\2026\pdfs\ac019\AC019PART053.pdf,pdf_serial_row_count,ok
2026,19,54,613,,,data\rolls\2026\pdfs\ac019\AC019PART054.pdf,pdf_serial_row_count,ok
2026,19,55,625,,,data\rolls\2026\pdfs\ac019\AC019PART055.pdf,pdf_serial_row_count,ok
2026,19,56,452,,,data\rolls\2026\pdfs\ac019\AC019PART056.pdf,pdf_serial_row_count,ok
2026,19,57,761,,,data\rolls\2026\pdfs\ac019\AC019PART057.pdf,pdf_serial_row_count,ok
2026,19,58,715,,,data\rolls\2026\pdfs\ac019\AC019PART058.pdf,pdf_serial_row_count,ok
2026,19,59,605,,,data\rolls\2026\pdfs\ac019\AC019PART059.pdf,pdf_serial_row_count,ok
2026,19,60,689,,,data\rolls\2026\pdfs\ac019\AC019PART060.pdf,pdf_serial_row_count,ok
2026,19,61,734,,,data\rolls\2026\pdfs\ac019\AC019PART061.pdf,pdf_serial_row_count,ok
2026,19,62,777,,,data\rolls\2026\pdfs\ac019\AC019PART062.pdf,pdf_serial_row_count,ok
2026,19,63,570,,,data\rolls\2026\pdfs\ac019\AC019PART063.pdf,pdf_serial_row_count,ok
2026,19,64,670,,,data\rolls\2026\pdfs\ac019\AC019PART064.pdf,pdf_serial_row_count,ok
2026,19,65,1096,,,data\rolls\2026\pdfs\ac019\AC019PART065.pdf,pdf_serial_row_count,ok
2026,19,66,736,,,data\rolls\2026\pdfs\ac019\AC019PART066.pdf,pdf_serial_row_count,ok
2026,19,67,380,,,data\rolls\2026\pdfs\ac019\AC019PART067.pdf,pdf_serial_row_count,ok
2026,19,68,509,,,data\rolls\2026\pdfs\ac019\AC019PART068.pdf,pdf_serial_row_count,ok
2026,19,69,507,,,data\rolls\2026\pdfs\ac019\AC019PART069.pdf,pdf_serial_row_count,ok
2026,19,70,501,,,data\rolls\2026\pdfs\ac019\AC019PART070.pdf,pdf_serial_row_count,ok
2026,19,71,546,,,data\rolls\2026\pdfs\ac019\AC019PART071.pdf,pdf_serial_row_count,ok
2026,19,72,776,,,data\rolls\2026\pdfs\ac019\AC019PART072.pdf,pdf_serial_row_count,ok
2026,19,73,367,,,data\rolls\2026\pdfs\ac019\AC019PART073.pdf,pdf_serial_row_count,ok
2026,19,74,831,,,data\rolls\2026\pdfs\ac019\AC019PART074.pdf,pdf_serial_row_count,ok
2026,19,75,761,,,data\rolls\2026\pdfs\ac019\AC019PART075.pdf,pdf_serial_row_count,ok
2026,19,76,382,,,data\rolls\2026\pdfs\ac019\AC019PART076.pdf,pdf_serial_row_count,ok
2026,19,77,427,,,data\rolls\2026\pdfs\ac019\AC019PART077.pdf,pdf_serial_row_count,ok
2026,19,78,860,,,data\rolls\2026\pdfs\ac019\AC019PART078.pdf,pdf_serial_row_count,ok
2026,19,79,540,,,data\rolls\2026\pdfs\ac019\AC019PART079.pdf,pdf_serial_row_count,ok
2026,19,80,855,,,data\rolls\2026\pdfs\ac019\AC019PART080.pdf,pdf_serial_row_count,ok
2026,19,81,488,,,data\rolls\2026\pdfs\ac019\AC019PART081.pdf,pdf_serial_row_count,ok
2026,19,82,860,,,data\rolls\2026\pdfs\ac019\AC019PART082.pdf,pdf_serial_row_count,ok
2026,19,83,544,,,data\rolls\2026\pdfs\ac019\AC019PART083.pdf,pdf_serial_row_count,ok
2026,19,84,492,,,data\rolls\2026\pdfs\ac019\AC019PART084.pdf,pdf_serial_row_count,ok
2026,19,85,993,,,data\rolls\2026\pdfs\ac019\AC019PART085.pdf,pdf_serial_row_count,ok
2026,19,86,965,,,data\rolls\2026\pdfs\ac019\AC019PART086.pdf,pdf_serial_row_count,ok
2026,19,87,483,,,data\rolls\2026\pdfs\ac019\AC019PART087.pdf,pdf_serial_row_count,ok
2026,19,88,515,,,data\rolls\2026\pdfs\ac019\AC019PART088.pdf,pdf_serial_row_count,ok
2026,19,89,772,,,data\rolls\2026\pdfs\ac019\AC019PART089.pdf,pdf_serial_row_count,ok
2026,19,90,655,,,data\rolls\2026\pdfs\ac019\AC019PART090.pdf,pdf_serial_row_count,ok
2026,19,91,502,,,data\rolls\2026\pdfs\ac019\AC019PART091.pdf,pdf_serial_row_count,ok
2026,19,92,622,,,data\rolls\2026\pdfs\ac019\AC019PART092.pdf,pdf_serial_row_count,ok
2026,19,93,650,,,data\rolls\2026\pdfs\ac019\AC019PART093.pdf,pdf_serial_row_count,ok
2026,19,94,865,,,data\rolls\2026\pdfs\ac019\AC019PART094.pdf,pdf_serial_row_count,ok
2026,19,95,883,,,data\rolls\2026\pdfs\ac019\AC019PART095.pdf,pdf_serial_row_count,ok
2026,19,96,618,,,data\rolls\2026\pdfs\ac019\AC019PART096.pdf,pdf_serial_row_count,ok
2026,19,97,766,,,data\rolls\2026\pdfs\ac019\AC019PART097.pdf,pdf_serial_row_count,ok
2026,19,98,716,,,data\rolls\2026\pdfs\ac019\AC019PART098.pdf,pdf_serial_row_count,ok
2026,19,99,887,,,data\rolls\2026\pdfs\ac019\AC019PART099.pdf,pdf_serial_row_count,ok
2026,19,100,830,,,data\rolls\2026\pdfs\ac019\AC019PART100.pdf,pdf_serial_row_count,ok
2026,19,101,949,,,data\rolls\2026\pdfs\ac019\AC019PART101.pdf,pdf_serial_row_count,ok
2026,19,102,822,,,data\rolls\2026\pdfs\ac019\AC019PART102.pdf,pdf_serial_row_count,ok
2026,19,103,729,,,data\rolls\2026\pdfs\ac019\AC019PART103.pdf,pdf_serial_row_count,ok
2026,19,104,470,,,data\rolls\2026\pdfs\ac019\AC019PART104.pdf,pdf_serial_row_count,ok
2026,19,105,611,,,data\rolls\2026\pdfs\ac019\AC019PART105.pdf,pdf_serial_row_count,ok
2026,19,106,278,,,data\rolls\2026\pdfs\ac019\AC019PART106.pdf,pdf_serial_row_count,ok
2026,19,107,508,,,data\rolls\2026\pdfs\ac019\AC019PART107.pdf,pdf_serial_row_count,ok
2026,19,108,627,,,data\rolls\2026\pdfs\ac019\AC019PART108.pdf,pdf_serial_row_count,ok
2026,19,109,781,,,data\rolls\2026\pdfs\ac019\AC019PART109.pdf,pdf_serial_row_count,ok
2026,19,110,520,,,data\rolls\2026\pdfs\ac019\AC019PART110.pdf,pdf_serial_row_count,ok
2026,19,111,646,,,data\rolls\2026\pdfs\ac019\AC019PART111.pdf,pdf_serial_row_count,ok
2026,19,112,690,,,data\rolls\2026\pdfs\ac019\AC019PART112.pdf,pdf_serial_row_count,ok
2026,19,113,652,,,data\rolls\2026\pdfs\ac019\AC019PART113.pdf,pdf_serial_row_count,ok
2026,19,114,603,,,data\rolls\2026\pdfs\ac019\AC019PART114.pdf,pdf_serial_row_count,ok
2026,19,115,748,,,data\rolls\2026\pdfs\ac019\AC019PART115.pdf,pdf_serial_row_count,ok
2026,19,116,636,,,data\rolls\2026\pdfs\ac019\AC019PART116.pdf,pdf_serial_row_count,ok
2026,19,117,644,,,data\rolls\2026\pdfs\ac019\AC019PART117.pdf,pdf_serial_row_count,ok
2026,19,118,609,,,data\rolls\2026\pdfs\ac019\AC019PART118.pdf,pdf_serial_row_count,ok
2026,19,119,448,,,data\rolls\2026\pdfs\ac019\AC019PART119.pdf,pdf_serial_row_count,ok
2026,19,120,836,,,data\rolls\2026\pdfs\ac019\AC019PART120.pdf,pdf_serial_row_count,ok
2026,19,121,522,,,data\rolls\2026\pdfs\ac019\AC019PART121.pdf,pdf_serial_row_count,ok
2026,19,122,310,,,data\rolls\2026\pdfs\ac019\AC019PART122.pdf,pdf_serial_row_count,ok
2026,19,123,482,,,data\rolls\2026\pdfs\ac019\AC019PART123.pdf,pdf_serial_row_count,ok
2026,19,124,755,,,data\rolls\2026\pdfs\ac019\AC019PART124.pdf,pdf_serial_row_count,ok
2026,19,125,315,,,data\rolls\2026\pdfs\ac019\AC019PART125.pdf,pdf_serial_row_count,ok
2026,19,126,665,,,data\rolls\2026\pdfs\ac019\AC019PART126.pdf,pdf_serial_row_count,ok
2026,19,127,631,,,data\rolls\2026\pdfs\ac019\AC019PART127.pdf,pdf_serial_row_count,ok
2026,19,128,734,,,data\rolls\2026\pdfs\ac019\AC019PART128.pdf,pdf_serial_row_count,ok
2026,19,129,842,,,data\rolls\2026\pdfs\ac019\AC019PART129.pdf,pdf_serial_row_count,ok
2026,19,130,665,,,data\rolls\2026\pdfs\ac019\AC019PART130.pdf,pdf_serial_row_count,ok
2026,19,131,575,,,data\rolls\2026\pdfs\ac019\AC019PART131.pdf,pdf_serial_row_count,ok
2026,19,132,524,,,data\rolls\2026\pdfs\ac019\AC019PART132.pdf,pdf_serial_row_count,ok
2026,19,133,603,,,data\rolls\2026\pdfs\ac019\AC019PART133.pdf,pdf_serial_row_count,ok
2026,19,134,286,,,data\rolls\2026\pdfs\ac019\AC019PART134.pdf,pdf_serial_row_count,ok
2026,19,135,804,,,data\rolls\2026\pdfs\ac019\AC019PART135.pdf,pdf_serial_row_count,ok
2026,19,136,994,,,data\rolls\2026\pdfs\ac019\AC019PART136.pdf,pdf_serial_row_count,ok
2026,19,137,1004,,,data\rolls\2026\pdfs\ac019\AC019PART137.pdf,pdf_serial_row_count,ok
2026,19,138,927,,,data\rolls\2026\pdfs\ac019\AC019PART138.pdf,pdf_serial_row_count,ok
2026,19,139,1090,,,data\rolls\2026\pdfs\ac019\AC019PART139.pdf,pdf_serial_row_count,ok
2026,19,140,649,,,data\rolls\2026\pdfs\ac019\AC019PART140.pdf,pdf_serial_row_count,ok
2026,19,141,590,,,data\rolls\2026\pdfs\ac019\AC019PART141.pdf,pdf_serial_row_count,ok
2026,19,142,773,,,data\rolls\2026\pdfs\ac019\AC019PART142.pdf,pdf_serial_row_count,ok
2026,19,143,519,,,data\rolls\2026\pdfs\ac019\AC019PART143.pdf,pdf_serial_row_count,ok
2026,19,144,886,,,data\rolls\2026\pdfs\ac019\AC019PART144.pdf,pdf_serial_row_count,ok
2026,19,145,670,,,data\rolls\2026\pdfs\ac019\AC019PART145.pdf,pdf_serial_row_count,ok
2026,19,146,492,,,data\rolls\2026\pdfs\ac019\AC019PART146.pdf,pdf_serial_row_count,ok
2026,19,147,1016,,,data\rolls\2026\pdfs\ac019\AC019PART147.pdf,pdf_serial_row_count,ok
2026,19,148,715,,,data\rolls\2026\pdfs\ac019\AC019PART148.pdf,pdf_serial_row_count,ok
2026,19,149,905,,,data\rolls\2026\pdfs\ac019\AC019PART149.pdf,pdf_serial_row_count,ok
2026,19,150,671,,,data\rolls\2026\pdfs\ac019\AC019PART150.pdf,pdf_serial_row_count,ok
2026,19,151,513,,,data\rolls\2026\pdfs\ac019\AC019PART151.pdf,pdf_serial_row_count,ok
2026,19,152,600,,,data\rolls\2026\pdfs\ac019\AC019PART152.pdf,pdf_serial_row_count,ok
2026,19,153,457,,,data\rolls\2026\pdfs\ac019\AC019PART153.pdf,pdf_serial_row_count,ok
2026,19,154,982,,,data\rolls\2026\pdfs\ac019\AC019PART154.pdf,pdf_serial_row_count,ok
2026,19,155,881,,,data\rolls\2026\pdfs\ac019\AC019PART155.pdf,pdf_serial_row_count,ok
2026,19,156,688,,,data\rolls\2026\pdfs\ac019\AC019PART156.pdf,pdf_serial_row_count,ok
2026,19,157,843,,,data\rolls\2026\pdfs\ac019\AC019PART157.pdf,pdf_serial_row_count,ok
2026,19,158,589,,,data\rolls\2026\pdfs\ac019\AC019PART158.pdf,pdf_serial_row_count,ok
2026,19,159,344,,,data\rolls\2026\pdfs\ac019\AC019PART159.pdf,pdf_serial_row_count,ok
2026,19,160,1004,,,data\rolls\2026\pdfs\ac019\AC019PART160.pdf,pdf_serial_row_count,ok
2026,19,161,1126,,,data\rolls\2026\pdfs\ac019\AC019PART161.pdf,pdf_serial_row_count,ok
2026,19,162,999,,,data\rolls\2026\pdfs\ac019\AC019PART162.pdf,pdf_serial_row_count,ok
2026,19,163,803,,,data\rolls\2026\pdfs\ac019\AC019PART163.pdf,pdf_serial_row_count,ok
2026,19,164,1110,,,data\rolls\2026\pdfs\ac019\AC019PART164.pdf,pdf_serial_row_count,ok
2026,19,165,976,,,data\rolls\2026\pdfs\ac019\AC019PART165.pdf,pdf_serial_row_count,ok
2026,19,166,602,,,data\rolls\2026\pdfs\ac019\AC019PART166.pdf,pdf_serial_row_count,ok
2026,19,167,793,,,data\rolls\2026\pdfs\ac019\AC019PART167.pdf,pdf_serial_row_count,ok
2026,19,168,1026,,,data\rolls\2026\pdfs\ac019\AC019PART168.pdf,pdf_serial_row_count,ok
2026,19,169,855,,,data\rolls\2026\pdfs\ac019\AC019PART169.pdf,pdf_serial_row_count,ok
2026,19,170,925,,,data\rolls\2026\pdfs\ac019\AC019PART170.pdf,pdf_serial_row_count,ok
2026,19,171,653,,,data\rolls\2026\pdfs\ac019\AC019PART171.pdf,pdf_serial_row_count,ok
2026,19,172,571,,,data\rolls\2026\pdfs\ac019\AC019PART172.pdf,pdf_serial_row_count,ok
2026,19,173,667,,,data\rolls\2026\pdfs\ac019\AC019PART173.pdf,pdf_serial_row_count,ok
2026,19,174,505,,,data\rolls\2026\pdfs\ac019\AC019PART174.pdf,pdf_serial_row_count,ok
2026,19,175,557,,,data\rolls\2026\pdfs\ac019\AC019PART175.pdf,pdf_serial_row_count,ok
2026,19,176,983,,,data\rolls\2026\pdfs\ac019\AC019PART176.pdf,pdf_serial_row_count,ok
2026,19,177,820,,,data\rolls\2026\pdfs\ac019\AC019PART177.pdf,pdf_serial_row_count,ok
2026,19,178,931,,,data\rolls\2026\pdfs\ac019\AC019PART178.pdf,pdf_serial_row_count,ok
2026,19,179,1024,,,data\rolls\2026\pdfs\ac019\AC019PART179.pdf,pdf_serial_row_count,ok
2026,19,180,895,,,data\rolls\2026\pdfs\ac019\AC019PART180.pdf,pdf_serial_row_count,ok
2026,19,181,1127,,,data\rolls\2026\pdfs\ac019\AC019PART181.pdf,pdf_serial_row_count,ok
2026,19,182,907,,,data\rolls\2026\pdfs\ac019\AC019PART182.pdf,pdf_serial_row_count,ok
2026,19,183,709,,,data\rolls\2026\pdfs\ac019\AC019PART183.pdf,pdf_serial_row_count,ok
2026,19,184,663,,,data\rolls\2026\pdfs\ac019\AC019PART184.pdf,pdf_serial_row_count,ok
2026,20,1,351,,,data\rolls\2026\pdfs\ac020\AC020PART001.pdf,pdf_serial_row_count,ok
2026,20,2,773,,,data\rolls\2026\pdfs\ac020\AC020PART002.pdf,pdf_serial_row_count,ok
2026,20,3,286,,,data\rolls\2026\pdfs\ac020\AC020PART003.pdf,pdf_serial_row_count,ok
2026,20,4,853,,,data\rolls\2026\pdfs\ac020\AC020PART004.pdf,pdf_serial_row_count,ok
2026,20,5,530,,,data\rolls\2026\pdfs\ac020\AC020PART005.pdf,pdf_serial_row_count,ok
2026,20,6,709,,,data\rolls\2026\pdfs\ac020\AC020PART006.pdf,pdf_serial_row_count,ok
2026,20,7,660,,,data\rolls\2026\pdfs\ac020\AC020PART007.pdf,pdf_serial_row_count,ok
2026,20,8,752,,,data\rolls\2026\pdfs\ac020\AC020PART008.pdf,pdf_serial_row_count,ok
2026,20,9,452,,,data\rolls\2026\pdfs\ac020\AC020PART009.pdf,pdf_serial_row_count,ok
2026,20,10,818,,,data\rolls\2026\pdfs\ac020\AC020PART010.pdf,pdf_serial_row_count,ok
2026,20,11,710,,,data\rolls\2026\pdfs\ac020\AC020PART011.pdf,pdf_serial_row_count,ok
2026,20,12,768,,,data\rolls\2026\pdfs\ac020\AC020PART012.pdf,pdf_serial_row_count,ok
2026,20,13,527,,,data\rolls\2026\pdfs\ac020\AC020PART013.pdf,pdf_serial_row_count,ok
2026,20,14,997,,,data\rolls\2026\pdfs\ac020\AC020PART014.pdf,pdf_serial_row_count,ok
2026,20,15,525,,,data\rolls\2026\pdfs\ac020\AC020PART015.pdf,pdf_serial_row_count,ok
2026,20,16,434,,,data\rolls\2026\pdfs\ac020\AC020PART016.pdf,pdf_serial_row_count,ok
2026,20,17,859,,,data\rolls\2026\pdfs\ac020\AC020PART017.pdf,pdf_serial_row_count,ok
2026,20,18,905,,,data\rolls\2026\pdfs\ac020\AC020PART018.pdf,pdf_serial_row_count,ok
2026,20,19,670,,,data\rolls\2026\pdfs\ac020\AC020PART019.pdf,pdf_serial_row_count,ok
2026,20,20,568,,,data\rolls\2026\pdfs\ac020\AC020PART020.pdf,pdf_serial_row_count,ok
2026,20,21,828,,,data\rolls\2026\pdfs\ac020\AC020PART021.pdf,pdf_serial_row_count,ok
2026,20,22,558,,,data\rolls\2026\pdfs\ac020\AC020PART022.pdf,pdf_serial_row_count,ok
2026,20,23,555,,,data\rolls\2026\pdfs\ac020\AC020PART023.pdf,pdf_serial_row_count,ok
2026,20,24,833,,,data\rolls\2026\pdfs\ac020\AC020PART024.pdf,pdf_serial_row_count,ok
2026,20,25,746,,,data\rolls\2026\pdfs\ac020\AC020PART025.pdf,pdf_serial_row_count,ok
2026,20,26,738,,,data\rolls\2026\pdfs\ac020\AC020PART026.pdf,pdf_serial_row_count,ok
2026,20,27,369,,,data\rolls\2026\pdfs\ac020\AC020PART027.pdf,pdf_serial_row_count,ok
2026,20,28,760,,,data\rolls\2026\pdfs\ac020\AC020PART028.pdf,pdf_serial_row_count,ok
2026,20,29,642,,,data\rolls\2026\pdfs\ac020\AC020PART029.pdf,pdf_serial_row_count,ok
2026,20,30,623,,,data\rolls\2026\pdfs\ac020\AC020PART030.pdf,pdf_serial_row_count,ok
2026,20,31,639,,,data\rolls\2026\pdfs\ac020\AC020PART031.pdf,pdf_serial_row_count,ok
2026,20,32,405,,,data\rolls\2026\pdfs\ac020\AC020PART032.pdf,pdf_serial_row_count,ok
2026,20,33,794,,,data\rolls\2026\pdfs\ac020\AC020PART033.pdf,pdf_serial_row_count,ok
2026,20,34,519,,,data\rolls\2026\pdfs\ac020\AC020PART034.pdf,pdf_serial_row_count,ok
2026,20,35,558,,,data\rolls\2026\pdfs\ac020\AC020PART035.pdf,pdf_serial_row_count,ok
2026,20,36,541,,,data\rolls\2026\pdfs\ac020\AC020PART036.pdf,pdf_serial_row_count,ok
2026,20,37,1165,,,data\rolls\2026\pdfs\ac020\AC020PART037.pdf,pdf_serial_row_count,ok
2026,20,38,621,,,data\rolls\2026\pdfs\ac020\AC020PART038.pdf,pdf_serial_row_count,ok
2026,20,39,399,,,data\rolls\2026\pdfs\ac020\AC020PART039.pdf,pdf_serial_row_count,ok
2026,20,40,325,,,data\rolls\2026\pdfs\ac020\AC020PART040.pdf,pdf_serial_row_count,ok
2026,20,41,740,,,data\rolls\2026\pdfs\ac020\AC020PART041.pdf,pdf_serial_row_count,ok
2026,20,42,679,,,data\rolls\2026\pdfs\ac020\AC020PART042.pdf,pdf_serial_row_count,ok
2026,20,43,727,,,data\rolls\2026\pdfs\ac020\AC020PART043.pdf,pdf_serial_row_count,ok
2026,20,44,778,,,data\rolls\2026\pdfs\ac020\AC020PART044.pdf,pdf_serial_row_count,ok
2026,20,45,562,,,data\rolls\2026\pdfs\ac020\AC020PART045.pdf,pdf_serial_row_count,ok
2026,20,46,586,,,data\rolls\2026\pdfs\ac020\AC020PART046.pdf,pdf_serial_row_count,ok
2026,20,47,695,,,data\rolls\2026\pdfs\ac020\AC020PART047.pdf,pdf_serial_row_count,ok
2026,20,48,880,,,data\rolls\2026\pdfs\ac020\AC020PART048.pdf,pdf_serial_row_count,ok
2026,20,49,613,,,data\rolls\2026\pdfs\ac020\AC020PART049.pdf,pdf_serial_row_count,ok
2026,20,50,552,,,data\rolls\2026\pdfs\ac020\AC020PART050.pdf,pdf_serial_row_count,ok
2026,20,51,819,,,data\rolls\2026\pdfs\ac020\AC020PART051.pdf,pdf_serial_row_count,ok
2026,20,52,613,,,data\rolls\2026\pdfs\ac020\AC020PART052.pdf,pdf_serial_row_count,ok
2026,20,53,465,,,data\rolls\2026\pdfs\ac020\AC020PART053.pdf,pdf_serial_row_count,ok
2026,20,54,821,,,data\rolls\2026\pdfs\ac020\AC020PART054.pdf,pdf_serial_row_count,ok
2026,20,55,960,,,data\rolls\2026\pdfs\ac020\AC020PART055.pdf,pdf_serial_row_count,ok
2026,20,56,1122,,,data\rolls\2026\pdfs\ac020\AC020PART056.pdf,pdf_serial_row_count,ok
2026,20,57,722,,,data\rolls\2026\pdfs\ac020\AC020PART057.pdf,pdf_serial_row_count,ok
2026,20,58,526,,,data\rolls\2026\pdfs\ac020\AC020PART058.pdf,pdf_serial_row_count,ok
2026,20,59,511,,,data\rolls\2026\pdfs\ac020\AC020PART059.pdf,pdf_serial_row_count,ok
2026,20,60,591,,,data\rolls\2026\pdfs\ac020\AC020PART060.pdf,pdf_serial_row_count,ok
2026,20,61,488,,,data\rolls\2026\pdfs\ac020\AC020PART061.pdf,pdf_serial_row_count,ok
2026,20,62,697,,,data\rolls\2026\pdfs\ac020\AC020PART062.pdf,pdf_serial_row_count,ok
2026,20,63,350,,,data\rolls\2026\pdfs\ac020\AC020PART063.pdf,pdf_serial_row_count,ok
2026,20,64,441,,,data\rolls\2026\pdfs\ac020\AC020PART064.pdf,pdf_serial_row_count,ok
2026,20,65,762,,,data\rolls\2026\pdfs\ac020\AC020PART065.pdf,pdf_serial_row_count,ok
2026,20,66,967,,,data\rolls\2026\pdfs\ac020\AC020PART066.pdf,pdf_serial_row_count,ok
2026,20,67,763,,,data\rolls\2026\pdfs\ac020\AC020PART067.pdf,pdf_serial_row_count,ok
2026,20,68,571,,,data\rolls\2026\pdfs\ac020\AC020PART068.pdf,pdf_serial_row_count,ok
2026,20,69,560,,,data\rolls\2026\pdfs\ac020\AC020PART069.pdf,pdf_serial_row_count,ok
2026,20,70,634,,,data\rolls\2026\pdfs\ac020\AC020PART070.pdf,pdf_serial_row_count,ok
2026,20,71,924,,,data\rolls\2026\pdfs\ac020\AC020PART071.pdf,pdf_serial_row_count,ok
2026,20,72,911,,,data\rolls\2026\pdfs\ac020\AC020PART072.pdf,pdf_serial_row_count,ok
2026,20,73,955,,,data\rolls\2026\pdfs\ac020\AC020PART073.pdf,pdf_serial_row_count,ok
2026,20,74,928,,,data\rolls\2026\pdfs\ac020\AC020PART074.pdf,pdf_serial_row_count,ok
2026,20,75,968,,,data\rolls\2026\pdfs\ac020\AC020PART075.pdf,pdf_serial_row_count,ok
2026,20,76,586,,,data\rolls\2026\pdfs\ac020\AC020PART076.pdf,pdf_serial_row_count,ok
2026,20,77,727,,,data\rolls\2026\pdfs\ac020\AC020PART077.pdf,pdf_serial_row_count,ok
2026,20,78,827,,,data\rolls\2026\pdfs\ac020\AC020PART078.pdf,pdf_serial_row_count,ok
2026,20,79,910,,,data\rolls\2026\pdfs\ac020\AC020PART079.pdf,pdf_serial_row_count,ok
2026,20,80,596,,,data\rolls\2026\pdfs\ac020\AC020PART080.pdf,pdf_serial_row_count,ok
2026,20,81,732,,,data\rolls\2026\pdfs\ac020\AC020PART081.pdf,pdf_serial_row_count,ok
2026,20,82,631,,,data\rolls\2026\pdfs\ac020\AC020PART082.pdf,pdf_serial_row_count,ok
2026,20,83,737,,,data\rolls\2026\pdfs\ac020\AC020PART083.pdf,pdf_serial_row_count,ok
2026,20,84,998,,,data\rolls\2026\pdfs\ac020\AC020PART084.pdf,pdf_serial_row_count,ok
2026,20,85,1181,,,data\rolls\2026\pdfs\ac020\AC020PART085.pdf,pdf_serial_row_count,ok
2026,20,86,780,,,data\rolls\2026\pdfs\ac020\AC020PART086.pdf,pdf_serial_row_count,ok
2026,20,87,596,,,data\rolls\2026\pdfs\ac020\AC020PART087.pdf,pdf_serial_row_count,ok
2026,20,88,980,,,data\rolls\2026\pdfs\ac020\AC020PART088.pdf,pdf_serial_row_count,ok
2026,20,89,519,,,data\rolls\2026\pdfs\ac020\AC020PART089.pdf,pdf_serial_row_count,ok
2026,20,90,607,,,data\rolls\2026\pdfs\ac020\AC020PART090.pdf,pdf_serial_row_count,ok
2026,20,91,797,,,data\rolls\2026\pdfs\ac020\AC020PART091.pdf,pdf_serial_row_count,ok
2026,20,92,759,,,data\rolls\2026\pdfs\ac020\AC020PART092.pdf,pdf_serial_row_count,ok
2026,20,93,687,,,data\rolls\2026\pdfs\ac020\AC020PART093.pdf,pdf_serial_row_count,ok
2026,20,94,788,,,data\rolls\2026\pdfs\ac020\AC020PART094.pdf,pdf_serial_row_count,ok
2026,20,95,864,,,data\rolls\2026\pdfs\ac020\AC020PART095.pdf,pdf_serial_row_count,ok
2026,20,96,1084,,,data\rolls\2026\pdfs\ac020\AC020PART096.pdf,pdf_serial_row_count,ok
2026,20,97,694,,,data\rolls\2026\pdfs\ac020\AC020PART097.pdf,pdf_serial_row_count,ok
2026,20,98,731,,,data\rolls\2026\pdfs\ac020\AC020PART098.pdf,pdf_serial_row_count,ok
2026,20,99,1123,,,data\rolls\2026\pdfs\ac020\AC020PART099.pdf,pdf_serial_row_count,ok
2026,20,100,658,,,data\rolls\2026\pdfs\ac020\AC020PART100.pdf,pdf_serial_row_count,ok
2026,20,101,747,,,data\rolls\2026\pdfs\ac020\AC020PART101.pdf,pdf_serial_row_count,ok
2026,20,102,702,,,data\rolls\2026\pdfs\ac020\AC020PART102.pdf,pdf_serial_row_count,ok
2026,20,103,934,,,data\rolls\2026\pdfs\ac020\AC020PART103.pdf,pdf_serial_row_count,ok
2026,20,104,958,,,data\rolls\2026\pdfs\ac020\AC020PART104.pdf,pdf_serial_row_count,ok
2026,20,105,736,,,data\rolls\2026\pdfs\ac020\AC020PART105.pdf,pdf_serial_row_count,ok
2026,20,106,664,,,data\rolls\2026\pdfs\ac020\AC020PART106.pdf,pdf_serial_row_count,ok
2026,20,107,947,,,data\rolls\2026\pdfs\ac020\AC020PART107.pdf,pdf_serial_row_count,ok
2026,20,108,893,,,data\rolls\2026\pdfs\ac020\AC020PART108.pdf,pdf_serial_row_count,ok
2026,20,109,740,,,data\rolls\2026\pdfs\ac020\AC020PART109.pdf,pdf_serial_row_count,ok
2026,20,110,656,,,data\rolls\2026\pdfs\ac020\AC020PART110.pdf,pdf_serial_row_count,ok
2026,20,111,717,,,data\rolls\2026\pdfs\ac020\AC020PART111.pdf,pdf_serial_row_count,ok
2026,20,112,640,,,data\rolls\2026\pdfs\ac020\AC020PART112.pdf,pdf_serial_row_count,ok
2026,20,113,604,,,data\rolls\2026\pdfs\ac020\AC020PART113.pdf,pdf_serial_row_count,ok
2026,20,114,614,,,data\rolls\2026\pdfs\ac020\AC020PART114.pdf,pdf_serial_row_count,ok
2026,20,115,712,,,data\rolls\2026\pdfs\ac020\AC020PART115.pdf,pdf_serial_row_count,ok
2026,20,116,520,,,data\rolls\2026\pdfs\ac020\AC020PART116.pdf,pdf_serial_row_count,ok
2026,20,117,687,,,data\rolls\2026\pdfs\ac020\AC020PART117.pdf,pdf_serial_row_count,ok
2026,20,118,668,,,data\rolls\2026\pdfs\ac020\AC020PART118.pdf,pdf_serial_row_count,ok
2026,20,119,854,,,data\rolls\2026\pdfs\ac020\AC020PART119.pdf,pdf_serial_row_count,ok
2026,20,120,686,,,data\rolls\2026\pdfs\ac020\AC020PART120.pdf,pdf_serial_row_count,ok
2026,20,121,937,,,data\rolls\2026\pdfs\ac020\AC020PART121.pdf,pdf_serial_row_count,ok
2026,20,122,818,,,data\rolls\2026\pdfs\ac020\AC020PART122.pdf,pdf_serial_row_count,ok
2026,20,123,946,,,data\rolls\2026\pdfs\ac020\AC020PART123.pdf,pdf_serial_row_count,ok
2026,20,124,740,,,data\rolls\2026\pdfs\ac020\AC020PART124.pdf,pdf_serial_row_count,ok
2026,20,125,605,,,data\rolls\2026\pdfs\ac020\AC020PART125.pdf,pdf_serial_row_count,ok
2026,20,126,551,,,data\rolls\2026\pdfs\ac020\AC020PART126.pdf,pdf_serial_row_count,ok
2026,20,127,569,,,data\rolls\2026\pdfs\ac020\AC020PART127.pdf,pdf_serial_row_count,ok
2026,20,128,857,,,data\rolls\2026\pdfs\ac020\AC020PART128.pdf,pdf_serial_row_count,ok
2026,20,129,613,,,data\rolls\2026\pdfs\ac020\AC020PART129.pdf,pdf_serial_row_count,ok
2026,20,130,881,,,data\rolls\2026\pdfs\ac020\AC020PART130.pdf,pdf_serial_row_count,ok
2026,20,131,951,,,data\rolls\2026\pdfs\ac020\AC020PART131.pdf,pdf_serial_row_count,ok
2026,20,132,701,,,data\rolls\2026\pdfs\ac020\AC020PART132.pdf,pdf_serial_row_count,ok
2026,20,133,781,,,data\rolls\2026\pdfs\ac020\AC020PART133.pdf,pdf_serial_row_count,ok
2026,20,134,726,,,data\rolls\2026\pdfs\ac020\AC020PART134.pdf,pdf_serial_row_count,ok
2026,20,135,691,,,data\rolls\2026\pdfs\ac020\AC020PART135.pdf,pdf_serial_row_count,ok
2026,20,136,974,,,data\rolls\2026\pdfs\ac020\AC020PART136.pdf,pdf_serial_row_count,ok
2026,20,137,677,,,data\rolls\2026\pdfs\ac020\AC020PART137.pdf,pdf_serial_row_count,ok
2026,20,138,647,,,data\rolls\2026\pdfs\ac020\AC020PART138.pdf,pdf_serial_row_count,ok
2026,20,139,674,,,data\rolls\2026\pdfs\ac020\AC020PART139.pdf,pdf_serial_row_count,ok
2026,20,140,1079,,,data\rolls\2026\pdfs\ac020\AC020PART140.pdf,pdf_serial_row_count,ok
2026,20,141,819,,,data\rolls\2026\pdfs\ac020\AC020PART141.pdf,pdf_serial_row_count,ok
2026,20,142,476,,,data\rolls\2026\pdfs\ac020\AC020PART142.pdf,pdf_serial_row_count,ok
2026,20,143,960,,,data\rolls\2026\pdfs\ac020\AC020PART143.pdf,pdf_serial_row_count,ok
2026,20,144,515,,,data\rolls\2026\pdfs\ac020\AC020PART144.pdf,pdf_serial_row_count,ok
2026,20,145,807,,,data\rolls\2026\pdfs\ac020\AC020PART145.pdf,pdf_serial_row_count,ok
2026,20,146,741,,,data\rolls\2026\pdfs\ac020\AC020PART146.pdf,pdf_serial_row_count,ok
2026,20,147,856,,,data\rolls\2026\pdfs\ac020\AC020PART147.pdf,pdf_serial_row_count,ok
2026,20,148,782,,,data\rolls\2026\pdfs\ac020\AC020PART148.pdf,pdf_serial_row_count,ok
2026,20,149,344,,,data\rolls\2026\pdfs\ac020\AC020PART149.pdf,pdf_serial_row_count,ok
2026,20,150,628,,,data\rolls\2026\pdfs\ac020\AC020PART150.pdf,pdf_serial_row_count,ok
2026,20,151,583,,,data\rolls\2026\pdfs\ac020\AC020PART151.pdf,pdf_serial_row_count,ok
2026,20,152,620,,,data\rolls\2026\pdfs\ac020\AC020PART152.pdf,pdf_serial_row_count,ok
2026,20,153,635,,,data\rolls\2026\pdfs\ac020\AC020PART153.pdf,pdf_serial_row_count,ok
2026,20,154,994,,,data\rolls\2026\pdfs\ac020\AC020PART154.pdf,pdf_serial_row_count,ok
2026,20,155,520,,,data\rolls\2026\pdfs\ac020\AC020PART155.pdf,pdf_serial_row_count,ok
2026,20,156,726,,,data\rolls\2026\pdfs\ac020\AC020PART156.pdf,pdf_serial_row_count,ok
2026,20,157,761,,,data\rolls\2026\pdfs\ac020\AC020PART157.pdf,pdf_serial_row_count,ok
2026,20,158,576,,,data\rolls\2026\pdfs\ac020\AC020PART158.pdf,pdf_serial_row_count,ok
2026,20,159,992,,,data\rolls\2026\pdfs\ac020\AC020PART159.pdf,pdf_serial_row_count,ok
2026,20,160,959,,,data\rolls\2026\pdfs\ac020\AC020PART160.pdf,pdf_serial_row_count,ok
2026,20,161,829,,,data\rolls\2026\pdfs\ac020\AC020PART161.pdf,pdf_serial_row_count,ok
2026,20,162,827,,,data\rolls\2026\pdfs\ac020\AC020PART162.pdf,pdf_serial_row_count,ok
2026,20,163,934,,,data\rolls\2026\pdfs\ac020\AC020PART163.pdf,pdf_serial_row_count,ok
2026,20,164,698,,,data\rolls\2026\pdfs\ac020\AC020PART164.pdf,pdf_serial_row_count,ok
2026,20,165,914,,,data\rolls\2026\pdfs\ac020\AC020PART165.pdf,pdf_serial_row_count,ok
2026,20,166,984,,,data\rolls\2026\pdfs\ac020\AC020PART166.pdf,pdf_serial_row_count,ok
2026,20,167,546,,,data\rolls\2026\pdfs\ac020\AC020PART167.pdf,pdf_serial_row_count,ok
2026,20,168,923,,,data\rolls\2026\pdfs\ac020\AC020PART168.pdf,pdf_serial_row_count,ok
2026,20,169,575,,,data\rolls\2026\pdfs\ac020\AC020PART169.pdf,pdf_serial_row_count,ok
2026,20,170,539,,,data\rolls\2026\pdfs\ac020\AC020PART170.pdf,pdf_serial_row_count,ok
2026,20,171,579,,,data\rolls\2026\pdfs\ac020\AC020PART171.pdf,pdf_serial_row_count,ok
2026,20,172,602,,,data\rolls\2026\pdfs\ac020\AC020PART172.pdf,pdf_serial_row_count,ok
2026,20,173,980,,,data\rolls\2026\pdfs\ac020\AC020PART173.pdf,pdf_serial_row_count,ok
2026,20,174,784,,,data\rolls\2026\pdfs\ac020\AC020PART174.pdf,pdf_serial_row_count,ok
2026,20,175,1044,,,data\rolls\2026\pdfs\ac020\AC020PART175.pdf,pdf_serial_row_count,ok
2026,20,176,564,,,data\rolls\2026\pdfs\ac020\AC020PART176.pdf,pdf_serial_row_count,ok
2026,20,177,658,,,data\rolls\2026\pdfs\ac020\AC020PART177.pdf,pdf_serial_row_count,ok
2026,20,178,711,,,data\rolls\2026\pdfs\ac020\AC020PART178.pdf,pdf_serial_row_count,ok
2026,20,179,825,,,data\rolls\2026\pdfs\ac020\AC020PART179.pdf,pdf_serial_row_count,ok
2026,20,180,883,,,data\rolls\2026\pdfs\ac020\AC020PART180.pdf,pdf_serial_row_count,ok
2026,20,181,445,,,data\rolls\2026\pdfs\ac020\AC020PART181.pdf,pdf_serial_row_count,ok
2026,20,182,605,,,data\rolls\2026\pdfs\ac020\AC020PART182.pdf,pdf_serial_row_count,ok
2026,21,1,238,,,data\rolls\2026\pdfs\ac021\AC021PART001.pdf,pdf_serial_row_count,ok
2026,21,2,1096,,,data\rolls\2026\pdfs\ac021\AC021PART002.pdf,pdf_serial_row_count,ok
2026,21,3,566,,,data\rolls\2026\pdfs\ac021\AC021PART003.pdf,pdf_serial_row_count,ok
2026,21,4,783,,,data\rolls\2026\pdfs\ac021\AC021PART004.pdf,pdf_serial_row_count,ok
2026,21,5,689,,,data\rolls\2026\pdfs\ac021\AC021PART005.pdf,pdf_serial_row_count,ok
2026,21,6,704,,,data\rolls\2026\pdfs\ac021\AC021PART006.pdf,pdf_serial_row_count,ok
2026,21,7,741,,,data\rolls\2026\pdfs\ac021\AC021PART007.pdf,pdf_serial_row_count,ok
2026,21,8,561,,,data\rolls\2026\pdfs\ac021\AC021PART008.pdf,pdf_serial_row_count,ok
2026,21,9,412,,,data\rolls\2026\pdfs\ac021\AC021PART009.pdf,pdf_serial_row_count,ok
2026,21,10,850,,,data\rolls\2026\pdfs\ac021\AC021PART010.pdf,pdf_serial_row_count,ok
2026,21,11,575,,,data\rolls\2026\pdfs\ac021\AC021PART011.pdf,pdf_serial_row_count,ok
2026,21,12,532,,,data\rolls\2026\pdfs\ac021\AC021PART012.pdf,pdf_serial_row_count,ok
2026,21,13,824,,,data\rolls\2026\pdfs\ac021\AC021PART013.pdf,pdf_serial_row_count,ok
2026,21,14,647,,,data\rolls\2026\pdfs\ac021\AC021PART014.pdf,pdf_serial_row_count,ok
2026,21,15,615,,,data\rolls\2026\pdfs\ac021\AC021PART015.pdf,pdf_serial_row_count,ok
2026,21,16,587,,,data\rolls\2026\pdfs\ac021\AC021PART016.pdf,pdf_serial_row_count,ok
2026,21,17,549,,,data\rolls\2026\pdfs\ac021\AC021PART017.pdf,pdf_serial_row_count,ok
2026,21,18,1186,,,data\rolls\2026\pdfs\ac021\AC021PART018.pdf,pdf_serial_row_count,ok
2026,21,19,524,,,data\rolls\2026\pdfs\ac021\AC021PART019.pdf,pdf_serial_row_count,ok
2026,21,20,538,,,data\rolls\2026\pdfs\ac021\AC021PART020.pdf,pdf_serial_row_count,ok
2026,21,21,616,,,data\rolls\2026\pdfs\ac021\AC021PART021.pdf,pdf_serial_row_count,ok
2026,21,22,774,,,data\rolls\2026\pdfs\ac021\AC021PART022.pdf,pdf_serial_row_count,ok
2026,21,23,291,,,data\rolls\2026\pdfs\ac021\AC021PART023.pdf,pdf_serial_row_count,ok
2026,21,24,661,,,data\rolls\2026\pdfs\ac021\AC021PART024.pdf,pdf_serial_row_count,ok
2026,21,25,523,,,data\rolls\2026\pdfs\ac021\AC021PART025.pdf,pdf_serial_row_count,ok
2026,21,26,497,,,data\rolls\2026\pdfs\ac021\AC021PART026.pdf,pdf_serial_row_count,ok
2026,21,27,767,,,data\rolls\2026\pdfs\ac021\AC021PART027.pdf,pdf_serial_row_count,ok
2026,21,28,520,,,data\rolls\2026\pdfs\ac021\AC021PART028.pdf,pdf_serial_row_count,ok
2026,21,29,475,,,data\rolls\2026\pdfs\ac021\AC021PART029.pdf,pdf_serial_row_count,ok
2026,21,30,504,,,data\rolls\2026\pdfs\ac021\AC021PART030.pdf,pdf_serial_row_count,ok
2026,21,31,878,,,data\rolls\2026\pdfs\ac021\AC021PART031.pdf,pdf_serial_row_count,ok
2026,21,32,1101,,,data\rolls\2026\pdfs\ac021\AC021PART032.pdf,pdf_serial_row_count,ok
2026,21,33,681,,,data\rolls\2026\pdfs\ac021\AC021PART033.pdf,pdf_serial_row_count,ok
2026,21,34,878,,,data\rolls\2026\pdfs\ac021\AC021PART034.pdf,pdf_serial_row_count,ok
2026,21,35,750,,,data\rolls\2026\pdfs\ac021\AC021PART035.pdf,pdf_serial_row_count,ok
2026,21,36,817,,,data\rolls\2026\pdfs\ac021\AC021PART036.pdf,pdf_serial_row_count,ok
2026,21,37,778,,,data\rolls\2026\pdfs\ac021\AC021PART037.pdf,pdf_serial_row_count,ok
2026,21,38,666,,,data\rolls\2026\pdfs\ac021\AC021PART038.pdf,pdf_serial_row_count,ok
2026,21,39,488,,,data\rolls\2026\pdfs\ac021\AC021PART039.pdf,pdf_serial_row_count,ok
2026,21,40,1203,,,data\rolls\2026\pdfs\ac021\AC021PART040.pdf,pdf_serial_row_count,ok
2026,21,41,764,,,data\rolls\2026\pdfs\ac021\AC021PART041.pdf,pdf_serial_row_count,ok
2026,21,42,742,,,data\rolls\2026\pdfs\ac021\AC021PART042.pdf,pdf_serial_row_count,ok
2026,21,43,1049,,,data\rolls\2026\pdfs\ac021\AC021PART043.pdf,pdf_serial_row_count,ok
2026,21,44,1102,,,data\rolls\2026\pdfs\ac021\AC021PART044.pdf,pdf_serial_row_count,ok
2026,21,45,1141,,,data\rolls\2026\pdfs\ac021\AC021PART045.pdf,pdf_serial_row_count,ok
2026,21,46,1024,,,data\rolls\2026\pdfs\ac021\AC021PART046.pdf,pdf_serial_row_count,ok
2026,21,47,556,,,data\rolls\2026\pdfs\ac021\AC021PART047.pdf,pdf_serial_row_count,ok
2026,21,48,562,,,data\rolls\2026\pdfs\ac021\AC021PART048.pdf,pdf_serial_row_count,ok
2026,21,49,759,,,data\rolls\2026\pdfs\ac021\AC021PART049.pdf,pdf_serial_row_count,ok
2026,21,50,1170,,,data\rolls\2026\pdfs\ac021\AC021PART050.pdf,pdf_serial_row_count,ok
2026,21,51,402,,,data\rolls\2026\pdfs\ac021\AC021PART051.pdf,pdf_serial_row_count,ok
2026,21,52,540,,,data\rolls\2026\pdfs\ac021\AC021PART052.pdf,pdf_serial_row_count,ok
2026,21,53,644,,,data\rolls\2026\pdfs\ac021\AC021PART053.pdf,pdf_serial_row_count,ok
2026,21,54,776,,,data\rolls\2026\pdfs\ac021\AC021PART054.pdf,pdf_serial_row_count,ok
2026,21,55,663,,,data\rolls\2026\pdfs\ac021\AC021PART055.pdf,pdf_serial_row_count,ok
2026,21,56,767,,,data\rolls\2026\pdfs\ac021\AC021PART056.pdf,pdf_serial_row_count,ok
2026,21,57,1119,,,data\rolls\2026\pdfs\ac021\AC021PART057.pdf,pdf_serial_row_count,ok
2026,21,58,576,,,data\rolls\2026\pdfs\ac021\AC021PART058.pdf,pdf_serial_row_count,ok
2026,21,59,336,,,data\rolls\2026\pdfs\ac021\AC021PART059.pdf,pdf_serial_row_count,ok
2026,21,60,541,,,data\rolls\2026\pdfs\ac021\AC021PART060.pdf,pdf_serial_row_count,ok
2026,21,61,953,,,data\rolls\2026\pdfs\ac021\AC021PART061.pdf,pdf_serial_row_count,ok
2026,21,62,619,,,data\rolls\2026\pdfs\ac021\AC021PART062.pdf,pdf_serial_row_count,ok
2026,21,63,639,,,data\rolls\2026\pdfs\ac021\AC021PART063.pdf,pdf_serial_row_count,ok
2026,21,64,534,,,data\rolls\2026\pdfs\ac021\AC021PART064.pdf,pdf_serial_row_count,ok
2026,21,65,645,,,data\rolls\2026\pdfs\ac021\AC021PART065.pdf,pdf_serial_row_count,ok
2026,21,66,968,,,data\rolls\2026\pdfs\ac021\AC021PART066.pdf,pdf_serial_row_count,ok
2026,21,67,907,,,data\rolls\2026\pdfs\ac021\AC021PART067.pdf,pdf_serial_row_count,ok
2026,21,68,487,,,data\rolls\2026\pdfs\ac021\AC021PART068.pdf,pdf_serial_row_count,ok
2026,21,69,687,,,data\rolls\2026\pdfs\ac021\AC021PART069.pdf,pdf_serial_row_count,ok
2026,21,70,546,,,data\rolls\2026\pdfs\ac021\AC021PART070.pdf,pdf_serial_row_count,ok
2026,21,71,570,,,data\rolls\2026\pdfs\ac021\AC021PART071.pdf,pdf_serial_row_count,ok
2026,21,72,848,,,data\rolls\2026\pdfs\ac021\AC021PART072.pdf,pdf_serial_row_count,ok
2026,21,73,1028,,,data\rolls\2026\pdfs\ac021\AC021PART073.pdf,pdf_serial_row_count,ok
2026,21,74,811,,,data\rolls\2026\pdfs\ac021\AC021PART074.pdf,pdf_serial_row_count,ok
2026,21,75,932,,,data\rolls\2026\pdfs\ac021\AC021PART075.pdf,pdf_serial_row_count,ok
2026,21,76,897,,,data\rolls\2026\pdfs\ac021\AC021PART076.pdf,pdf_serial_row_count,ok
2026,21,77,597,,,data\rolls\2026\pdfs\ac021\AC021PART077.pdf,pdf_serial_row_count,ok
2026,21,78,1062,,,data\rolls\2026\pdfs\ac021\AC021PART078.pdf,pdf_serial_row_count,ok
2026,21,79,1023,,,data\rolls\2026\pdfs\ac021\AC021PART079.pdf,pdf_serial_row_count,ok
2026,21,80,530,,,data\rolls\2026\pdfs\ac021\AC021PART080.pdf,pdf_serial_row_count,ok
2026,21,81,405,,,data\rolls\2026\pdfs\ac021\AC021PART081.pdf,pdf_serial_row_count,ok
2026,21,82,252,,,data\rolls\2026\pdfs\ac021\AC021PART082.pdf,pdf_serial_row_count,ok
2026,21,83,684,,,data\rolls\2026\pdfs\ac021\AC021PART083.pdf,pdf_serial_row_count,ok
2026,21,84,549,,,data\rolls\2026\pdfs\ac021\AC021PART084.pdf,pdf_serial_row_count,ok
2026,21,85,809,,,data\rolls\2026\pdfs\ac021\AC021PART085.pdf,pdf_serial_row_count,ok
2026,21,86,765,,,data\rolls\2026\pdfs\ac021\AC021PART086.pdf,pdf_serial_row_count,ok
2026,21,87,768,,,data\rolls\2026\pdfs\ac021\AC021PART087.pdf,pdf_serial_row_count,ok
2026,21,88,617,,,data\rolls\2026\pdfs\ac021\AC021PART088.pdf,pdf_serial_row_count,ok
2026,21,89,1079,,,data\rolls\2026\pdfs\ac021\AC021PART089.pdf,pdf_serial_row_count,ok
2026,21,90,1200,,,data\rolls\2026\pdfs\ac021\AC021PART090.pdf,pdf_serial_row_count,ok
2026,21,91,1375,,,data\rolls\2026\pdfs\ac021\AC021PART091.pdf,pdf_serial_row_count,ok
2026,21,92,903,,,data\rolls\2026\pdfs\ac021\AC021PART092.pdf,pdf_serial_row_count,ok
2026,21,93,680,,,data\rolls\2026\pdfs\ac021\AC021PART093.pdf,pdf_serial_row_count,ok
2026,21,94,958,,,data\rolls\2026\pdfs\ac021\AC021PART094.pdf,pdf_serial_row_count,ok
2026,21,95,563,,,data\rolls\2026\pdfs\ac021\AC021PART095.pdf,pdf_serial_row_count,ok
2026,21,96,1297,,,data\rolls\2026\pdfs\ac021\AC021PART096.pdf,pdf_serial_row_count,ok
2026,21,97,764,,,data\rolls\2026\pdfs\ac021\AC021PART097.pdf,pdf_serial_row_count,ok
2026,21,98,1027,,,data\rolls\2026\pdfs\ac021\AC021PART098.pdf,pdf_serial_row_count,ok
2026,21,99,969,,,data\rolls\2026\pdfs\ac021\AC021PART099.pdf,pdf_serial_row_count,ok
2026,21,100,649,,,data\rolls\2026\pdfs\ac021\AC021PART100.pdf,pdf_serial_row_count,ok
2026,21,101,660,,,data\rolls\2026\pdfs\ac021\AC021PART101.pdf,pdf_serial_row_count,ok
2026,21,102,969,,,data\rolls\2026\pdfs\ac021\AC021PART102.pdf,pdf_serial_row_count,ok
2026,21,103,1332,,,data\rolls\2026\pdfs\ac021\AC021PART103.pdf,pdf_serial_row_count,ok
2026,21,104,485,,,data\rolls\2026\pdfs\ac021\AC021PART104.pdf,pdf_serial_row_count,ok
2026,21,105,1033,,,data\rolls\2026\pdfs\ac021\AC021PART105.pdf,pdf_serial_row_count,ok
2026,21,106,386,,,data\rolls\2026\pdfs\ac021\AC021PART106.pdf,pdf_serial_row_count,ok
2026,21,107,582,,,data\rolls\2026\pdfs\ac021\AC021PART107.pdf,pdf_serial_row_count,ok
2026,21,108,852,,,data\rolls\2026\pdfs\ac021\AC021PART108.pdf,pdf_serial_row_count,ok
2026,21,109,384,,,data\rolls\2026\pdfs\ac021\AC021PART109.pdf,pdf_serial_row_count,ok
2026,21,110,739,,,data\rolls\2026\pdfs\ac021\AC021PART110.pdf,pdf_serial_row_count,ok
2026,21,111,701,,,data\rolls\2026\pdfs\ac021\AC021PART111.pdf,pdf_serial_row_count,ok
2026,21,112,602,,,data\rolls\2026\pdfs\ac021\AC021PART112.pdf,pdf_serial_row_count,ok
2026,21,113,784,,,data\rolls\2026\pdfs\ac021\AC021PART113.pdf,pdf_serial_row_count,ok
2026,21,114,577,,,data\rolls\2026\pdfs\ac021\AC021PART114.pdf,pdf_serial_row_count,ok
2026,21,115,568,,,data\rolls\2026\pdfs\ac021\AC021PART115.pdf,pdf_serial_row_count,ok
2026,21,116,245,,,data\rolls\2026\pdfs\ac021\AC021PART116.pdf,pdf_serial_row_count,ok
2026,21,117,766,,,data\rolls\2026\pdfs\ac021\AC021PART117.pdf,pdf_serial_row_count,ok
2026,21,118,1097,,,data\rolls\2026\pdfs\ac021\AC021PART118.pdf,pdf_serial_row_count,ok
2026,21,119,540,,,data\rolls\2026\pdfs\ac021\AC021PART119.pdf,pdf_serial_row_count,ok
2026,21,120,1182,,,data\rolls\2026\pdfs\ac021\AC021PART120.pdf,pdf_serial_row_count,ok
2026,21,121,470,,,data\rolls\2026\pdfs\ac021\AC021PART121.pdf,pdf_serial_row_count,ok
2026,21,122,745,,,data\rolls\2026\pdfs\ac021\AC021PART122.pdf,pdf_serial_row_count,ok
2026,21,123,997,,,data\rolls\2026\pdfs\ac021\AC021PART123.pdf,pdf_serial_row_count,ok
2026,21,124,870,,,data\rolls\2026\pdfs\ac021\AC021PART124.pdf,pdf_serial_row_count,ok
2026,21,125,584,,,data\rolls\2026\pdfs\ac021\AC021PART125.pdf,pdf_serial_row_count,ok
2026,21,126,883,,,data\rolls\2026\pdfs\ac021\AC021PART126.pdf,pdf_serial_row_count,ok
2026,21,127,573,,,data\rolls\2026\pdfs\ac021\AC021PART127.pdf,pdf_serial_row_count,ok
2026,21,128,630,,,data\rolls\2026\pdfs\ac021\AC021PART128.pdf,pdf_serial_row_count,ok
2026,21,129,330,,,data\rolls\2026\pdfs\ac021\AC021PART129.pdf,pdf_serial_row_count,ok
2026,21,130,792,,,data\rolls\2026\pdfs\ac021\AC021PART130.pdf,pdf_serial_row_count,ok
2026,21,131,443,,,data\rolls\2026\pdfs\ac021\AC021PART131.pdf,pdf_serial_row_count,ok
2026,21,132,939,,,data\rolls\2026\pdfs\ac021\AC021PART132.pdf,pdf_serial_row_count,ok
2026,21,133,410,,,data\rolls\2026\pdfs\ac021\AC021PART133.pdf,pdf_serial_row_count,ok
2026,21,134,821,,,data\rolls\2026\pdfs\ac021\AC021PART134.pdf,pdf_serial_row_count,ok
2026,21,135,443,,,data\rolls\2026\pdfs\ac021\AC021PART135.pdf,pdf_serial_row_count,ok
2026,21,136,879,,,data\rolls\2026\pdfs\ac021\AC021PART136.pdf,pdf_serial_row_count,ok
2026,21,137,572,,,data\rolls\2026\pdfs\ac021\AC021PART137.pdf,pdf_serial_row_count,ok
2026,21,138,609,,,data\rolls\2026\pdfs\ac021\AC021PART138.pdf,pdf_serial_row_count,ok
2026,21,139,737,,,data\rolls\2026\pdfs\ac021\AC021PART139.pdf,pdf_serial_row_count,ok
2026,21,140,853,,,data\rolls\2026\pdfs\ac021\AC021PART140.pdf,pdf_serial_row_count,ok
2026,21,141,1044,,,data\rolls\2026\pdfs\ac021\AC021PART141.pdf,pdf_serial_row_count,ok
2026,21,142,575,,,data\rolls\2026\pdfs\ac021\AC021PART142.pdf,pdf_serial_row_count,ok
2026,21,143,641,,,data\rolls\2026\pdfs\ac021\AC021PART143.pdf,pdf_serial_row_count,ok
2026,21,144,516,,,data\rolls\2026\pdfs\ac021\AC021PART144.pdf,pdf_serial_row_count,ok
2026,21,145,648,,,data\rolls\2026\pdfs\ac021\AC021PART145.pdf,pdf_serial_row_count,ok
2026,21,146,1042,,,data\rolls\2026\pdfs\ac021\AC021PART146.pdf,pdf_serial_row_count,ok
2026,21,147,1202,,,data\rolls\2026\pdfs\ac021\AC021PART147.pdf,pdf_serial_row_count,ok
2026,21,148,565,,,data\rolls\2026\pdfs\ac021\AC021PART148.pdf,pdf_serial_row_count,ok
2026,21,149,673,,,data\rolls\2026\pdfs\ac021\AC021PART149.pdf,pdf_serial_row_count,ok
2026,21,150,1124,,,data\rolls\2026\pdfs\ac021\AC021PART150.pdf,pdf_serial_row_count,ok
2026,21,151,593,,,data\rolls\2026\pdfs\ac021\AC021PART151.pdf,pdf_serial_row_count,ok
2026,21,152,699,,,data\rolls\2026\pdfs\ac021\AC021PART152.pdf,pdf_serial_row_count,ok
2026,21,153,860,,,data\rolls\2026\pdfs\ac021\AC021PART153.pdf,pdf_serial_row_count,ok
2026,21,154,1034,,,data\rolls\2026\pdfs\ac021\AC021PART154.pdf,pdf_serial_row_count,ok
2026,21,155,888,,,data\rolls\2026\pdfs\ac021\AC021PART155.pdf,pdf_serial_row_count,ok
2026,21,156,622,,,data\rolls\2026\pdfs\ac021\AC021PART156.pdf,pdf_serial_row_count,ok
2026,21,157,354,,,data\rolls\2026\pdfs\ac021\AC021PART157.pdf,pdf_serial_row_count,ok
2026,21,158,634,,,data\rolls\2026\pdfs\ac021\AC021PART158.pdf,pdf_serial_row_count,ok
2026,21,159,572,,,data\rolls\2026\pdfs\ac021\AC021PART159.pdf,pdf_serial_row_count,ok
2026,21,160,806,,,data\rolls\2026\pdfs\ac021\AC021PART160.pdf,pdf_serial_row_count,ok
2026,21,161,697,,,data\rolls\2026\pdfs\ac021\AC021PART161.pdf,pdf_serial_row_count,ok
2026,21,162,600,,,data\rolls\2026\pdfs\ac021\AC021PART162.pdf,pdf_serial_row_count,ok
2026,21,163,749,,,data\rolls\2026\pdfs\ac021\AC021PART163.pdf,pdf_serial_row_count,ok
2026,21,164,459,,,data\rolls\2026\pdfs\ac021\AC021PART164.pdf,pdf_serial_row_count,ok
2026,21,165,471,,,data\rolls\2026\pdfs\ac021\AC021PART165.pdf,pdf_serial_row_count,ok
2026,21,166,325,,,data\rolls\2026\pdfs\ac021\AC021PART166.pdf,pdf_serial_row_count,ok
2026,21,167,241,,,data\rolls\2026\pdfs\ac021\AC021PART167.pdf,pdf_serial_row_count,ok
2026,21,168,591,,,data\rolls\2026\pdfs\ac021\AC021PART168.pdf,pdf_serial_row_count,ok
2026,21,169,804,,,data\rolls\2026\pdfs\ac021\AC021PART169.pdf,pdf_serial_row_count,ok
2026,21,170,377,,,data\rolls\2026\pdfs\ac021\AC021PART170.pdf,pdf_serial_row_count,ok
2026,21,171,1320,,,data\rolls\2026\pdfs\ac021\AC021PART171.pdf,pdf_serial_row_count,ok
2026,21,172,858,,,data\rolls\2026\pdfs\ac021\AC021PART172.pdf,pdf_serial_row_count,ok
2026,21,173,695,,,data\rolls\2026\pdfs\ac021\AC021PART173.pdf,pdf_serial_row_count,ok
2026,21,174,1049,,,data\rolls\2026\pdfs\ac021\AC021PART174.pdf,pdf_serial_row_count,ok
2026,21,175,632,,,data\rolls\2026\pdfs\ac021\AC021PART175.pdf,pdf_serial_row_count,ok
2026,21,176,903,,,data\rolls\2026\pdfs\ac021\AC021PART176.pdf,pdf_serial_row_count,ok
2026,21,177,422,,,data\rolls\2026\pdfs\ac021\AC021PART177.pdf,pdf_serial_row_count,ok
2026,21,178,832,,,data\rolls\2026\pdfs\ac021\AC021PART178.pdf,pdf_serial_row_count,ok
2026,21,179,995,,,data\rolls\2026\pdfs\ac021\AC021PART179.pdf,pdf_serial_row_count,ok
2026,21,180,665,,,data\rolls\2026\pdfs\ac021\AC021PART180.pdf,pdf_serial_row_count,ok
2026,21,181,817,,,data\rolls\2026\pdfs\ac021\AC021PART181.pdf,pdf_serial_row_count,ok
2026,21,182,1011,,,data\rolls\2026\pdfs\ac021\AC021PART182.pdf,pdf_serial_row_count,ok
2026,21,183,661,,,data\rolls\2026\pdfs\ac021\AC021PART183.pdf,pdf_serial_row_count,ok
2026,21,184,494,,,data\rolls\2026\pdfs\ac021\AC021PART184.pdf,pdf_serial_row_count,ok
2026,21,185,967,,,data\rolls\2026\pdfs\ac021\AC021PART185.pdf,pdf_serial_row_count,ok
2026,21,186,816,,,data\rolls\2026\pdfs\ac021\AC021PART186.pdf,pdf_serial_row_count,ok
2026,21,187,596,,,data\rolls\2026\pdfs\ac021\AC021PART187.pdf,pdf_serial_row_count,ok
2026,21,188,612,,,data\rolls\2026\pdfs\ac021\AC021PART188.pdf,pdf_serial_row_count,ok
2026,21,189,713,,,data\rolls\2026\pdfs\ac021\AC021PART189.pdf,pdf_serial_row_count,ok
2026,21,190,846,,,data\rolls\2026\pdfs\ac021\AC021PART190.pdf,pdf_serial_row_count,ok
2026,21,191,534,,,data\rolls\2026\pdfs\ac021\AC021PART191.pdf,pdf_serial_row_count,ok
2026,21,192,554,,,data\rolls\2026\pdfs\ac021\AC021PART192.pdf,pdf_serial_row_count,ok
2026,21,193,877,,,data\rolls\2026\pdfs\ac021\AC021PART193.pdf,pdf_serial_row_count,ok
2026,21,194,836,,,data\rolls\2026\pdfs\ac021\AC021PART194.pdf,pdf_serial_row_count,ok
2026,21,195,792,,,data\rolls\2026\pdfs\ac021\AC021PART195.pdf,pdf_serial_row_count,ok
2026,21,196,500,,,data\rolls\2026\pdfs\ac021\AC021PART196.pdf,pdf_serial_row_count,ok
2026,21,197,735,,,data\rolls\2026\pdfs\ac021\AC021PART197.pdf,pdf_serial_row_count,ok
2026,21,198,708,,,data\rolls\2026\pdfs\ac021\AC021PART198.pdf,pdf_serial_row_count,ok
2026,21,199,475,,,data\rolls\2026\pdfs\ac021\AC021PART199.pdf,pdf_serial_row_count,ok
2026,21,200,717,,,data\rolls\2026\pdfs\ac021\AC021PART200.pdf,pdf_serial_row_count,ok
2026,21,201,858,,,data\rolls\2026\pdfs\ac021\AC021PART201.pdf,pdf_serial_row_count,ok
2026,21,202,512,,,data\rolls\2026\pdfs\ac021\AC021PART202.pdf,pdf_serial_row_count,ok
2026,21,203,1143,,,data\rolls\2026\pdfs\ac021\AC021PART203.pdf,pdf_serial_row_count,ok
2026,21,204,535,,,data\rolls\2026\pdfs\ac021\AC021PART204.pdf,pdf_serial_row_count,ok
2026,21,205,680,,,data\rolls\2026\pdfs\ac021\AC021PART205.pdf,pdf_serial_row_count,ok
2026,21,206,894,,,data\rolls\2026\pdfs\ac021\AC021PART206.pdf,pdf_serial_row_count,ok
2026,21,207,670,,,data\rolls\2026\pdfs\ac021\AC021PART207.pdf,pdf_serial_row_count,ok
2026,21,208,752,,,data\rolls\2026\pdfs\ac021\AC021PART208.pdf,pdf_serial_row_count,ok
2026,21,209,339,,,data\rolls\2026\pdfs\ac021\AC021PART209.pdf,pdf_serial_row_count,ok
2026,21,210,1058,,,data\rolls\2026\pdfs\ac021\AC021PART210.pdf,pdf_serial_row_count,ok
2026,21,211,756,,,data\rolls\2026\pdfs\ac021\AC021PART211.pdf,pdf_serial_row_count,ok
2026,21,212,506,,,data\rolls\2026\pdfs\ac021\AC021PART212.pdf,pdf_serial_row_count,ok
2026,21,213,702,,,data\rolls\2026\pdfs\ac021\AC021PART213.pdf,pdf_serial_row_count,ok
2026,21,214,718,,,data\rolls\2026\pdfs\ac021\AC021PART214.pdf,pdf_serial_row_count,ok
2026,21,215,740,,,data\rolls\2026\pdfs\ac021\AC021PART215.pdf,pdf_serial_row_count,ok
2026,21,216,609,,,data\rolls\2026\pdfs\ac021\AC021PART216.pdf,pdf_serial_row_count,ok
2026,21,217,684,,,data\rolls\2026\pdfs\ac021\AC021PART217.pdf,pdf_serial_row_count,ok
2026,21,218,623,,,data\rolls\2026\pdfs\ac021\AC021PART218.pdf,pdf_serial_row_count,ok
2026,21,219,665,,,data\rolls\2026\pdfs\ac021\AC021PART219.pdf,pdf_serial_row_count,ok
2026,21,220,599,,,data\rolls\2026\pdfs\ac021\AC021PART220.pdf,pdf_serial_row_count,ok
2026,21,221,717,,,data\rolls\2026\pdfs\ac021\AC021PART221.pdf,pdf_serial_row_count,ok
2026,21,222,656,,,data\rolls\2026\pdfs\ac021\AC021PART222.pdf,pdf_serial_row_count,ok
2026,21,223,888,,,data\rolls\2026\pdfs\ac021\AC021PART223.pdf,pdf_serial_row_count,ok
2026,21,224,548,,,data\rolls\2026\pdfs\ac021\AC021PART224.pdf,pdf_serial_row_count,ok
2026,21,225,647,,,data\rolls\2026\pdfs\ac021\AC021PART225.pdf,pdf_serial_row_count,ok
2026,21,226,850,,,data\rolls\2026\pdfs\ac021\AC021PART226.pdf,pdf_serial_row_count,ok
2026,21,227,555,,,data\rolls\2026\pdfs\ac021\AC021PART227.pdf,pdf_serial_row_count,ok
2026,21,228,766,,,data\rolls\2026\pdfs\ac021\AC021PART228.pdf,pdf_serial_row_count,ok
2026,21,229,567,,,data\rolls\2026\pdfs\ac021\AC021PART229.pdf,pdf_serial_row_count,ok
2026,21,230,671,,,data\rolls\2026\pdfs\ac021\AC021PART230.pdf,pdf_serial_row_count,ok
2026,21,231,783,,,data\rolls\2026\pdfs\ac021\AC021PART231.pdf,pdf_serial_row_count,ok
2026,21,232,636,,,data\rolls\2026\pdfs\ac021\AC021PART232.pdf,pdf_serial_row_count,ok
2026,21,233,832,,,data\rolls\2026\pdfs\ac021\AC021PART233.pdf,pdf_serial_row_count,ok
2026,21,234,528,,,data\rolls\2026\pdfs\ac021\AC021PART234.pdf,pdf_serial_row_count,ok
2026,21,235,849,,,data\rolls\2026\pdfs\ac021\AC021PART235.pdf,pdf_serial_row_count,ok
2026,21,236,660,,,data\rolls\2026\pdfs\ac021\AC021PART236.pdf,pdf_serial_row_count,ok
2026,21,237,404,,,data\rolls\2026\pdfs\ac021\AC021PART237.pdf,pdf_serial_row_count,ok
2026,21,238,682,,,data\rolls\2026\pdfs\ac021\AC021PART238.pdf,pdf_serial_row_count,ok
2026,21,239,542,,,data\rolls\2026\pdfs\ac021\AC021PART239.pdf,pdf_serial_row_count,ok
2026,21,240,688,,,data\rolls\2026\pdfs\ac021\AC021PART240.pdf,pdf_serial_row_count,ok
2026,21,241,845,,,data\rolls\2026\pdfs\ac021\AC021PART241.pdf,pdf_serial_row_count,ok
2026,21,242,341,,,data\rolls\2026\pdfs\ac021\AC021PART242.pdf,pdf_serial_row_count,ok
2026,21,243,531,,,data\rolls\2026\pdfs\ac021\AC021PART243.pdf,pdf_serial_row_count,ok
2026,21,244,643,,,data\rolls\2026\pdfs\ac021\AC021PART244.pdf,pdf_serial_row_count,ok
2026,21,245,522,,,data\rolls\2026\pdfs\ac021\AC021PART245.pdf,pdf_serial_row_count,ok
2026,21,246,784,,,data\rolls\2026\pdfs\ac021\AC021PART246.pdf,pdf_serial_row_count,ok
2026,21,247,904,,,data\rolls\2026\pdfs\ac021\AC021PART247.pdf,pdf_serial_row_count,ok
2026,21,248,471,,,data\rolls\2026\pdfs\ac021\AC021PART248.pdf,pdf_serial_row_count,ok
2026,21,249,617,,,data\rolls\2026\pdfs\ac021\AC021PART249.pdf,pdf_serial_row_count,ok
2026,21,250,837,,,data\rolls\2026\pdfs\ac021\AC021PART250.pdf,pdf_serial_row_count,ok
2026,21,251,420,,,data\rolls\2026\pdfs\ac021\AC021PART251.pdf,pdf_serial_row_count,ok
2026,21,252,765,,,data\rolls\2026\pdfs\ac021\AC021PART252.pdf,pdf_serial_row_count,ok
2026,21,253,698,,,data\rolls\2026\pdfs\ac021\AC021PART253.pdf,pdf_serial_row_count,ok
2026,21,254,653,,,data\rolls\2026\pdfs\ac021\AC021PART254.pdf,pdf_serial_row_count,ok
2026,21,255,609,,,data\rolls\2026\pdfs\ac021\AC021PART255.pdf,pdf_serial_row_count,ok
2026,21,256,672,,,data\rolls\2026\pdfs\ac021\AC021PART256.pdf,pdf_serial_row_count,ok
2026,21,257,728,,,data\rolls\2026\pdfs\ac021\AC021PART257.pdf,pdf_serial_row_count,ok
2026,21,258,424,,,data\rolls\2026\pdfs\ac021\AC021PART258.pdf,pdf_serial_row_count,ok
2026,21,259,1065,,,data\rolls\2026\pdfs\ac021\AC021PART259.pdf,pdf_serial_row_count,ok
2026,21,260,677,,,data\rolls\2026\pdfs\ac021\AC021PART260.pdf,pdf_serial_row_count,ok
2026,21,261,716,,,data\rolls\2026\pdfs\ac021\AC021PART261.pdf,pdf_serial_row_count,ok
2026,21,262,911,,,data\rolls\2026\pdfs\ac021\AC021PART262.pdf,pdf_serial_row_count,ok
2026,21,263,473,,,data\rolls\2026\pdfs\ac021\AC021PART263.pdf,pdf_serial_row_count,ok
2026,21,264,692,,,data\rolls\2026\pdfs\ac021\AC021PART264.pdf,pdf_serial_row_count,ok
2026,21,265,502,,,data\rolls\2026\pdfs\ac021\AC021PART265.pdf,pdf_serial_row_count,ok
2026,21,266,562,,,data\rolls\2026\pdfs\ac021\AC021PART266.pdf,pdf_serial_row_count,ok
2026,21,267,815,,,data\rolls\2026\pdfs\ac021\AC021PART267.pdf,pdf_serial_row_count,ok
2026,21,268,518,,,data\rolls\2026\pdfs\ac021\AC021PART268.pdf,pdf_serial_row_count,ok
2026,21,269,728,,,data\rolls\2026\pdfs\ac021\AC021PART269.pdf,pdf_serial_row_count,ok
2026,21,270,911,,,data\rolls\2026\pdfs\ac021\AC021PART270.pdf,pdf_serial_row_count,ok
2026,21,271,513,,,data\rolls\2026\pdfs\ac021\AC021PART271.pdf,pdf_serial_row_count,ok
2026,21,272,619,,,data\rolls\2026\pdfs\ac021\AC021PART272.pdf,pdf_serial_row_count,ok
2026,21,273,640,,,data\rolls\2026\pdfs\ac021\AC021PART273.pdf,pdf_serial_row_count,ok
2026,21,274,686,,,data\rolls\2026\pdfs\ac021\AC021PART274.pdf,pdf_serial_row_count,ok
2026,21,275,958,,,data\rolls\2026\pdfs\ac021\AC021PART275.pdf,pdf_serial_row_count,ok
2026,21,276,591,,,data\rolls\2026\pdfs\ac021\AC021PART276.pdf,pdf_serial_row_count,ok
2026,21,277,582,,,data\rolls\2026\pdfs\ac021\AC021PART277.pdf,pdf_serial_row_count,ok
2026,21,278,566,,,data\rolls\2026\pdfs\ac021\AC021PART278.pdf,pdf_serial_row_count,ok
2026,21,279,686,,,data\rolls\2026\pdfs\ac021\AC021PART279.pdf,pdf_serial_row_count,ok
2026,21,280,615,,,data\rolls\2026\pdfs\ac021\AC021PART280.pdf,pdf_serial_row_count,ok
2026,21,281,619,,,data\rolls\2026\pdfs\ac021\AC021PART281.pdf,pdf_serial_row_count,ok
2026,21,282,554,,,data\rolls\2026\pdfs\ac021\AC021PART282.pdf,pdf_serial_row_count,ok
2026,21,283,739,,,data\rolls\2026\pdfs\ac021\AC021PART283.pdf,pdf_serial_row_count,ok
2026,21,284,490,,,data\rolls\2026\pdfs\ac021\AC021PART284.pdf,pdf_serial_row_count,ok
2026,21,285,489,,,data\rolls\2026\pdfs\ac021\AC021PART285.pdf,pdf_serial_row_count,ok
2026,21,286,594,,,data\rolls\2026\pdfs\ac021\AC021PART286.pdf,pdf_serial_row_count,ok
2026,21,287,737,,,data\rolls\2026\pdfs\ac021\AC021PART287.pdf,pdf_serial_row_count,ok
2026,21,288,733,,,data\rolls\2026\pdfs\ac021\AC021PART288.pdf,pdf_serial_row_count,ok
2026,21,289,766,,,data\rolls\2026\pdfs\ac021\AC021PART289.pdf,pdf_serial_row_count,ok
2026,21,290,792,,,data\rolls\2026\pdfs\ac021\AC021PART290.pdf,pdf_serial_row_count,ok
2026,21,291,785,,,data\rolls\2026\pdfs\ac021\AC021PART291.pdf,pdf_serial_row_count,ok
2026,21,292,962,,,data\rolls\2026\pdfs\ac021\AC021PART292.pdf,pdf_serial_row_count,ok
2026,21,293,604,,,data\rolls\2026\pdfs\ac021\AC021PART293.pdf,pdf_serial_row_count,ok
2026,21,294,647,,,data\rolls\2026\pdfs\ac021\AC021PART294.pdf,pdf_serial_row_count,ok
2026,21,295,996,,,data\rolls\2026\pdfs\ac021\AC021PART295.pdf,pdf_serial_row_count,ok
2026,21,296,1169,,,data\rolls\2026\pdfs\ac021\AC021PART296.pdf,pdf_serial_row_count,ok
2026,21,297,878,,,data\rolls\2026\pdfs\ac021\AC021PART297.pdf,pdf_serial_row_count,ok
2026,21,298,615,,,data\rolls\2026\pdfs\ac021\AC021PART298.pdf,pdf_serial_row_count,ok
2026,21,299,511,,,data\rolls\2026\pdfs\ac021\AC021PART299.pdf,pdf_serial_row_count,ok
2026,21,300,900,,,data\rolls\2026\pdfs\ac021\AC021PART300.pdf,pdf_serial_row_count,ok
2026,21,301,817,,,data\rolls\2026\pdfs\ac021\AC021PART301.pdf,pdf_serial_row_count,ok
2026,21,302,532,,,data\rolls\2026\pdfs\ac021\AC021PART302.pdf,pdf_serial_row_count,ok
2026,21,303,667,,,data\rolls\2026\pdfs\ac021\AC021PART303.pdf,pdf_serial_row_count,ok
2026,21,304,907,,,data\rolls\2026\pdfs\ac021\AC021PART304.pdf,pdf_serial_row_count,ok
2026,21,305,875,,,data\rolls\2026\pdfs\ac021\AC021PART305.pdf,pdf_serial_row_count,ok
2026,21,306,698,,,data\rolls\2026\pdfs\ac021\AC021PART306.pdf,pdf_serial_row_count,ok
2026,21,307,825,,,data\rolls\2026\pdfs\ac021\AC021PART307.pdf,pdf_serial_row_count,ok
2026,21,308,478,,,data\rolls\2026\pdfs\ac021\AC021PART308.pdf,pdf_serial_row_count,ok
2026,21,309,624,,,data\rolls\2026\pdfs\ac021\AC021PART309.pdf,pdf_serial_row_count,ok
2026,21,310,583,,,data\rolls\2026\pdfs\ac021\AC021PART310.pdf,pdf_serial_row_count,ok
2026,21,311,900,,,data\rolls\2026\pdfs\ac021\AC021PART311.pdf,pdf_serial_row_count,ok
2026,21,312,547,,,data\rolls\2026\pdfs\ac021\AC021PART312.pdf,pdf_serial_row_count,ok
2026,21,313,534,,,data\rolls\2026\pdfs\ac021\AC021PART313.pdf,pdf_serial_row_count,ok
2026,21,314,720,,,data\rolls\2026\pdfs\ac021\AC021PART314.pdf,pdf_serial_row_count,ok
2026,21,315,961,,,data\rolls\2026\pdfs\ac021\AC021PART315.pdf,pdf_serial_row_count,ok
2026,21,316,944,,,data\rolls\2026\pdfs\ac021\AC021PART316.pdf,pdf_serial_row_count,ok
2026,21,317,557,,,data\rolls\2026\pdfs\ac021\AC021PART317.pdf,pdf_serial_row_count,ok
2026,21,318,877,,,data\rolls\2026\pdfs\ac021\AC021PART318.pdf,pdf_serial_row_count,ok
2026,21,319,932,,,data\rolls\2026\pdfs\ac021\AC021PART319.pdf,pdf_serial_row_count,ok
2026,21,320,765,,,data\rolls\2026\pdfs\ac021\AC021PART320.pdf,pdf_serial_row_count,ok
2026,21,321,584,,,data\rolls\2026\pdfs\ac021\AC021PART321.pdf,pdf_serial_row_count,ok
2026,22,1,775,,,data\rolls\2026\pdfs\ac022\AC022PART001.pdf,pdf_serial_row_count,ok
2026,22,2,926,,,data\rolls\2026\pdfs\ac022\AC022PART002.pdf,pdf_serial_row_count,ok
2026,22,3,727,,,data\rolls\2026\pdfs\ac022\AC022PART003.pdf,pdf_serial_row_count,ok
2026,22,4,368,,,data\rolls\2026\pdfs\ac022\AC022PART004.pdf,pdf_serial_row_count,ok
2026,22,5,781,,,data\rolls\2026\pdfs\ac022\AC022PART005.pdf,pdf_serial_row_count,ok
2026,22,6,607,,,data\rolls\2026\pdfs\ac022\AC022PART006.pdf,pdf_serial_row_count,ok
2026,22,7,552,,,data\rolls\2026\pdfs\ac022\AC022PART007.pdf,pdf_serial_row_count,ok
2026,22,8,483,,,data\rolls\2026\pdfs\ac022\AC022PART008.pdf,pdf_serial_row_count,ok
2026,22,9,299,,,data\rolls\2026\pdfs\ac022\AC022PART009.pdf,pdf_serial_row_count,ok
2026,22,10,719,,,data\rolls\2026\pdfs\ac022\AC022PART010.pdf,pdf_serial_row_count,ok
2026,22,11,343,,,data\rolls\2026\pdfs\ac022\AC022PART011.pdf,pdf_serial_row_count,ok
2026,22,12,670,,,data\rolls\2026\pdfs\ac022\AC022PART012.pdf,pdf_serial_row_count,ok
2026,22,13,648,,,data\rolls\2026\pdfs\ac022\AC022PART013.pdf,pdf_serial_row_count,ok
2026,22,14,474,,,data\rolls\2026\pdfs\ac022\AC022PART014.pdf,pdf_serial_row_count,ok
2026,22,15,401,,,data\rolls\2026\pdfs\ac022\AC022PART015.pdf,pdf_serial_row_count,ok
2026,22,16,470,,,data\rolls\2026\pdfs\ac022\AC022PART016.pdf,pdf_serial_row_count,ok
2026,22,17,497,,,data\rolls\2026\pdfs\ac022\AC022PART017.pdf,pdf_serial_row_count,ok
2026,22,18,683,,,data\rolls\2026\pdfs\ac022\AC022PART018.pdf,pdf_serial_row_count,ok
2026,22,19,508,,,data\rolls\2026\pdfs\ac022\AC022PART019.pdf,pdf_serial_row_count,ok
2026,22,20,751,,,data\rolls\2026\pdfs\ac022\AC022PART020.pdf,pdf_serial_row_count,ok
2026,22,21,565,,,data\rolls\2026\pdfs\ac022\AC022PART021.pdf,pdf_serial_row_count,ok
2026,22,22,728,,,data\rolls\2026\pdfs\ac022\AC022PART022.pdf,pdf_serial_row_count,ok
2026,22,23,600,,,data\rolls\2026\pdfs\ac022\AC022PART023.pdf,pdf_serial_row_count,ok
2026,22,24,565,,,data\rolls\2026\pdfs\ac022\AC022PART024.pdf,pdf_serial_row_count,ok
2026,22,25,405,,,data\rolls\2026\pdfs\ac022\AC022PART025.pdf,pdf_serial_row_count,ok
2026,22,26,532,,,data\rolls\2026\pdfs\ac022\AC022PART026.pdf,pdf_serial_row_count,ok
2026,22,27,699,,,data\rolls\2026\pdfs\ac022\AC022PART027.pdf,pdf_serial_row_count,ok
2026,22,28,460,,,data\rolls\2026\pdfs\ac022\AC022PART028.pdf,pdf_serial_row_count,ok
2026,22,29,1040,,,data\rolls\2026\pdfs\ac022\AC022PART029.pdf,pdf_serial_row_count,ok
2026,22,30,526,,,data\rolls\2026\pdfs\ac022\AC022PART030.pdf,pdf_serial_row_count,ok
2026,22,31,603,,,data\rolls\2026\pdfs\ac022\AC022PART031.pdf,pdf_serial_row_count,ok
2026,22,32,609,,,data\rolls\2026\pdfs\ac022\AC022PART032.pdf,pdf_serial_row_count,ok
2026,22,33,835,,,data\rolls\2026\pdfs\ac022\AC022PART033.pdf,pdf_serial_row_count,ok
2026,22,34,598,,,data\rolls\2026\pdfs\ac022\AC022PART034.pdf,pdf_serial_row_count,ok
2026,22,35,960,,,data\rolls\2026\pdfs\ac022\AC022PART035.pdf,pdf_serial_row_count,ok
2026,22,36,424,,,data\rolls\2026\pdfs\ac022\AC022PART036.pdf,pdf_serial_row_count,ok
2026,22,37,805,,,data\rolls\2026\pdfs\ac022\AC022PART037.pdf,pdf_serial_row_count,ok
2026,22,38,891,,,data\rolls\2026\pdfs\ac022\AC022PART038.pdf,pdf_serial_row_count,ok
2026,22,39,241,,,data\rolls\2026\pdfs\ac022\AC022PART039.pdf,pdf_serial_row_count,ok
2026,22,40,369,,,data\rolls\2026\pdfs\ac022\AC022PART040.pdf,pdf_serial_row_count,ok
2026,22,41,450,,,data\rolls\2026\pdfs\ac022\AC022PART041.pdf,pdf_serial_row_count,ok
2026,22,42,370,,,data\rolls\2026\pdfs\ac022\AC022PART042.pdf,pdf_serial_row_count,ok
2026,22,43,465,,,data\rolls\2026\pdfs\ac022\AC022PART043.pdf,pdf_serial_row_count,ok
2026,22,44,735,,,data\rolls\2026\pdfs\ac022\AC022PART044.pdf,pdf_serial_row_count,ok
2026,22,45,854,,,data\rolls\2026\pdfs\ac022\AC022PART045.pdf,pdf_serial_row_count,ok
2026,22,46,621,,,data\rolls\2026\pdfs\ac022\AC022PART046.pdf,pdf_serial_row_count,ok
2026,22,47,759,,,data\rolls\2026\pdfs\ac022\AC022PART047.pdf,pdf_serial_row_count,ok
2026,22,48,375,,,data\rolls\2026\pdfs\ac022\AC022PART048.pdf,pdf_serial_row_count,ok
2026,22,49,486,,,data\rolls\2026\pdfs\ac022\AC022PART049.pdf,pdf_serial_row_count,ok
2026,22,50,346,,,data\rolls\2026\pdfs\ac022\AC022PART050.pdf,pdf_serial_row_count,ok
2026,22,51,463,,,data\rolls\2026\pdfs\ac022\AC022PART051.pdf,pdf_serial_row_count,ok
2026,22,52,480,,,data\rolls\2026\pdfs\ac022\AC022PART052.pdf,pdf_serial_row_count,ok
2026,22,53,691,,,data\rolls\2026\pdfs\ac022\AC022PART053.pdf,pdf_serial_row_count,ok
2026,22,54,817,,,data\rolls\2026\pdfs\ac022\AC022PART054.pdf,pdf_serial_row_count,ok
2026,22,55,679,,,data\rolls\2026\pdfs\ac022\AC022PART055.pdf,pdf_serial_row_count,ok
2026,22,56,786,,,data\rolls\2026\pdfs\ac022\AC022PART056.pdf,pdf_serial_row_count,ok
2026,22,57,591,,,data\rolls\2026\pdfs\ac022\AC022PART057.pdf,pdf_serial_row_count,ok
2026,22,58,423,,,data\rolls\2026\pdfs\ac022\AC022PART058.pdf,pdf_serial_row_count,ok
2026,22,59,795,,,data\rolls\2026\pdfs\ac022\AC022PART059.pdf,pdf_serial_row_count,ok
2026,22,60,244,,,data\rolls\2026\pdfs\ac022\AC022PART060.pdf,pdf_serial_row_count,ok
2026,22,61,748,,,data\rolls\2026\pdfs\ac022\AC022PART061.pdf,pdf_serial_row_count,ok
2026,22,62,387,,,data\rolls\2026\pdfs\ac022\AC022PART062.pdf,pdf_serial_row_count,ok
2026,22,63,753,,,data\rolls\2026\pdfs\ac022\AC022PART063.pdf,pdf_serial_row_count,ok
2026,22,64,549,,,data\rolls\2026\pdfs\ac022\AC022PART064.pdf,pdf_serial_row_count,ok
2026,22,65,483,,,data\rolls\2026\pdfs\ac022\AC022PART065.pdf,pdf_serial_row_count,ok
2026,22,66,1029,,,data\rolls\2026\pdfs\ac022\AC022PART066.pdf,pdf_serial_row_count,ok
2026,22,67,794,,,data\rolls\2026\pdfs\ac022\AC022PART067.pdf,pdf_serial_row_count,ok
2026,22,68,738,,,data\rolls\2026\pdfs\ac022\AC022PART068.pdf,pdf_serial_row_count,ok
2026,22,69,872,,,data\rolls\2026\pdfs\ac022\AC022PART069.pdf,pdf_serial_row_count,ok
2026,22,70,705,,,data\rolls\2026\pdfs\ac022\AC022PART070.pdf,pdf_serial_row_count,ok
2026,22,71,1326,,,data\rolls\2026\pdfs\ac022\AC022PART071.pdf,pdf_serial_row_count,ok
2026,22,72,769,,,data\rolls\2026\pdfs\ac022\AC022PART072.pdf,pdf_serial_row_count,ok
2026,22,73,915,,,data\rolls\2026\pdfs\ac022\AC022PART073.pdf,pdf_serial_row_count,ok
2026,22,74,696,,,data\rolls\2026\pdfs\ac022\AC022PART074.pdf,pdf_serial_row_count,ok
2026,22,75,656,,,data\rolls\2026\pdfs\ac022\AC022PART075.pdf,pdf_serial_row_count,ok
2026,22,76,812,,,data\rolls\2026\pdfs\ac022\AC022PART076.pdf,pdf_serial_row_count,ok
2026,22,77,1022,,,data\rolls\2026\pdfs\ac022\AC022PART077.pdf,pdf_serial_row_count,ok
2026,22,78,549,,,data\rolls\2026\pdfs\ac022\AC022PART078.pdf,pdf_serial_row_count,ok
2026,22,79,670,,,data\rolls\2026\pdfs\ac022\AC022PART079.pdf,pdf_serial_row_count,ok
2026,22,80,594,,,data\rolls\2026\pdfs\ac022\AC022PART080.pdf,pdf_serial_row_count,ok
2026,22,81,895,,,data\rolls\2026\pdfs\ac022\AC022PART081.pdf,pdf_serial_row_count,ok
2026,22,82,639,,,data\rolls\2026\pdfs\ac022\AC022PART082.pdf,pdf_serial_row_count,ok
2026,22,83,391,,,data\rolls\2026\pdfs\ac022\AC022PART083.pdf,pdf_serial_row_count,ok
2026,22,84,392,,,data\rolls\2026\pdfs\ac022\AC022PART084.pdf,pdf_serial_row_count,ok
2026,22,85,645,,,data\rolls\2026\pdfs\ac022\AC022PART085.pdf,pdf_serial_row_count,ok
2026,22,86,773,,,data\rolls\2026\pdfs\ac022\AC022PART086.pdf,pdf_serial_row_count,ok
2026,22,87,605,,,data\rolls\2026\pdfs\ac022\AC022PART087.pdf,pdf_serial_row_count,ok
2026,22,88,876,,,data\rolls\2026\pdfs\ac022\AC022PART088.pdf,pdf_serial_row_count,ok
2026,22,89,501,,,data\rolls\2026\pdfs\ac022\AC022PART089.pdf,pdf_serial_row_count,ok
2026,22,90,436,,,data\rolls\2026\pdfs\ac022\AC022PART090.pdf,pdf_serial_row_count,ok
2026,22,91,326,,,data\rolls\2026\pdfs\ac022\AC022PART091.pdf,pdf_serial_row_count,ok
2026,22,92,623,,,data\rolls\2026\pdfs\ac022\AC022PART092.pdf,pdf_serial_row_count,ok
2026,22,93,606,,,data\rolls\2026\pdfs\ac022\AC022PART093.pdf,pdf_serial_row_count,ok
2026,22,94,609,,,data\rolls\2026\pdfs\ac022\AC022PART094.pdf,pdf_serial_row_count,ok
2026,22,95,360,,,data\rolls\2026\pdfs\ac022\AC022PART095.pdf,pdf_serial_row_count,ok
2026,22,96,512,,,data\rolls\2026\pdfs\ac022\AC022PART096.pdf,pdf_serial_row_count,ok
2026,22,97,662,,,data\rolls\2026\pdfs\ac022\AC022PART097.pdf,pdf_serial_row_count,ok
2026,22,98,472,,,data\rolls\2026\pdfs\ac022\AC022PART098.pdf,pdf_serial_row_count,ok
2026,22,99,569,,,data\rolls\2026\pdfs\ac022\AC022PART099.pdf,pdf_serial_row_count,ok
2026,22,100,545,,,data\rolls\2026\pdfs\ac022\AC022PART100.pdf,pdf_serial_row_count,ok
2026,22,101,411,,,data\rolls\2026\pdfs\ac022\AC022PART101.pdf,pdf_serial_row_count,ok
2026,22,102,442,,,data\rolls\2026\pdfs\ac022\AC022PART102.pdf,pdf_serial_row_count,ok
2026,22,103,341,,,data\rolls\2026\pdfs\ac022\AC022PART103.pdf,pdf_serial_row_count,ok
2026,22,104,454,,,data\rolls\2026\pdfs\ac022\AC022PART104.pdf,pdf_serial_row_count,ok
2026,22,105,525,,,data\rolls\2026\pdfs\ac022\AC022PART105.pdf,pdf_serial_row_count,ok
2026,22,106,456,,,data\rolls\2026\pdfs\ac022\AC022PART106.pdf,pdf_serial_row_count,ok
2026,22,107,784,,,data\rolls\2026\pdfs\ac022\AC022PART107.pdf,pdf_serial_row_count,ok
2026,22,108,388,,,data\rolls\2026\pdfs\ac022\AC022PART108.pdf,pdf_serial_row_count,ok
2026,22,109,501,,,data\rolls\2026\pdfs\ac022\AC022PART109.pdf,pdf_serial_row_count,ok
2026,22,110,707,,,data\rolls\2026\pdfs\ac022\AC022PART110.pdf,pdf_serial_row_count,ok
2026,22,111,333,,,data\rolls\2026\pdfs\ac022\AC022PART111.pdf,pdf_serial_row_count,ok
2026,22,112,949,,,data\rolls\2026\pdfs\ac022\AC022PART112.pdf,pdf_serial_row_count,ok
2026,22,113,839,,,data\rolls\2026\pdfs\ac022\AC022PART113.pdf,pdf_serial_row_count,ok
2026,22,114,255,,,data\rolls\2026\pdfs\ac022\AC022PART114.pdf,pdf_serial_row_count,ok
2026,22,115,969,,,data\rolls\2026\pdfs\ac022\AC022PART115.pdf,pdf_serial_row_count,ok
2026,22,116,553,,,data\rolls\2026\pdfs\ac022\AC022PART116.pdf,pdf_serial_row_count,ok
2026,22,117,671,,,data\rolls\2026\pdfs\ac022\AC022PART117.pdf,pdf_serial_row_count,ok
2026,22,118,903,,,data\rolls\2026\pdfs\ac022\AC022PART118.pdf,pdf_serial_row_count,ok
2026,22,119,623,,,data\rolls\2026\pdfs\ac022\AC022PART119.pdf,pdf_serial_row_count,ok
2026,22,120,740,,,data\rolls\2026\pdfs\ac022\AC022PART120.pdf,pdf_serial_row_count,ok
2026,22,121,405,,,data\rolls\2026\pdfs\ac022\AC022PART121.pdf,pdf_serial_row_count,ok
2026,22,122,580,,,data\rolls\2026\pdfs\ac022\AC022PART122.pdf,pdf_serial_row_count,ok
2026,22,123,595,,,data\rolls\2026\pdfs\ac022\AC022PART123.pdf,pdf_serial_row_count,ok
2026,22,124,910,,,data\rolls\2026\pdfs\ac022\AC022PART124.pdf,pdf_serial_row_count,ok
2026,22,125,691,,,data\rolls\2026\pdfs\ac022\AC022PART125.pdf,pdf_serial_row_count,ok
2026,22,126,892,,,data\rolls\2026\pdfs\ac022\AC022PART126.pdf,pdf_serial_row_count,ok
2026,22,127,924,,,data\rolls\2026\pdfs\ac022\AC022PART127.pdf,pdf_serial_row_count,ok
2026,22,128,996,,,data\rolls\2026\pdfs\ac022\AC022PART128.pdf,pdf_serial_row_count,ok
2026,22,129,996,,,data\rolls\2026\pdfs\ac022\AC022PART129.pdf,pdf_serial_row_count,ok
2026,22,130,553,,,data\rolls\2026\pdfs\ac022\AC022PART130.pdf,pdf_serial_row_count,ok
2026,22,131,971,,,data\rolls\2026\pdfs\ac022\AC022PART131.pdf,pdf_serial_row_count,ok
2026,22,132,453,,,data\rolls\2026\pdfs\ac022\AC022PART132.pdf,pdf_serial_row_count,ok
2026,22,133,751,,,data\rolls\2026\pdfs\ac022\AC022PART133.pdf,pdf_serial_row_count,ok
2026,22,134,767,,,data\rolls\2026\pdfs\ac022\AC022PART134.pdf,pdf_serial_row_count,ok
2026,22,135,496,,,data\rolls\2026\pdfs\ac022\AC022PART135.pdf,pdf_serial_row_count,ok
2026,22,136,439,,,data\rolls\2026\pdfs\ac022\AC022PART136.pdf,pdf_serial_row_count,ok
2026,22,137,440,,,data\rolls\2026\pdfs\ac022\AC022PART137.pdf,pdf_serial_row_count,ok
2026,22,138,588,,,data\rolls\2026\pdfs\ac022\AC022PART138.pdf,pdf_serial_row_count,ok
2026,22,139,777,,,data\rolls\2026\pdfs\ac022\AC022PART139.pdf,pdf_serial_row_count,ok
2026,22,140,711,,,data\rolls\2026\pdfs\ac022\AC022PART140.pdf,pdf_serial_row_count,ok
2026,22,141,614,,,data\rolls\2026\pdfs\ac022\AC022PART141.pdf,pdf_serial_row_count,ok
2026,22,142,845,,,data\rolls\2026\pdfs\ac022\AC022PART142.pdf,pdf_serial_row_count,ok
2026,22,143,615,,,data\rolls\2026\pdfs\ac022\AC022PART143.pdf,pdf_serial_row_count,ok
2026,22,144,1028,,,data\rolls\2026\pdfs\ac022\AC022PART144.pdf,pdf_serial_row_count,ok
2026,22,145,875,,,data\rolls\2026\pdfs\ac022\AC022PART145.pdf,pdf_serial_row_count,ok
2026,22,146,614,,,data\rolls\2026\pdfs\ac022\AC022PART146.pdf,pdf_serial_row_count,ok
2026,22,147,1051,,,data\rolls\2026\pdfs\ac022\AC022PART147.pdf,pdf_serial_row_count,ok
2026,22,148,828,,,data\rolls\2026\pdfs\ac022\AC022PART148.pdf,pdf_serial_row_count,ok
2026,22,149,835,,,data\rolls\2026\pdfs\ac022\AC022PART149.pdf,pdf_serial_row_count,ok
2026,22,150,814,,,data\rolls\2026\pdfs\ac022\AC022PART150.pdf,pdf_serial_row_count,ok
2026,22,151,877,,,data\rolls\2026\pdfs\ac022\AC022PART151.pdf,pdf_serial_row_count,ok
2026,22,152,985,,,data\rolls\2026\pdfs\ac022\AC022PART152.pdf,pdf_serial_row_count,ok
2026,22,153,953,,,data\rolls\2026\pdfs\ac022\AC022PART153.pdf,pdf_serial_row_count,ok
2026,22,154,1076,,,data\rolls\2026\pdfs\ac022\AC022PART154.pdf,pdf_serial_row_count,ok
2026,22,155,858,,,data\rolls\2026\pdfs\ac022\AC022PART155.pdf,pdf_serial_row_count,ok
2026,22,156,838,,,data\rolls\2026\pdfs\ac022\AC022PART156.pdf,pdf_serial_row_count,ok
2026,22,157,391,,,data\rolls\2026\pdfs\ac022\AC022PART157.pdf,pdf_serial_row_count,ok
2026,22,158,827,,,data\rolls\2026\pdfs\ac022\AC022PART158.pdf,pdf_serial_row_count,ok
2026,22,159,1122,,,data\rolls\2026\pdfs\ac022\AC022PART159.pdf,pdf_serial_row_count,ok
2026,22,160,567,,,data\rolls\2026\pdfs\ac022\AC022PART160.pdf,pdf_serial_row_count,ok
2026,22,161,912,,,data\rolls\2026\pdfs\ac022\AC022PART161.pdf,pdf_serial_row_count,ok
2026,22,162,804,,,data\rolls\2026\pdfs\ac022\AC022PART162.pdf,pdf_serial_row_count,ok
2026,22,163,786,,,data\rolls\2026\pdfs\ac022\AC022PART163.pdf,pdf_serial_row_count,ok
2026,22,164,728,,,data\rolls\2026\pdfs\ac022\AC022PART164.pdf,pdf_serial_row_count,ok
2026,22,165,1023,,,data\rolls\2026\pdfs\ac022\AC022PART165.pdf,pdf_serial_row_count,ok
2026,22,166,797,,,data\rolls\2026\pdfs\ac022\AC022PART166.pdf,pdf_serial_row_count,ok
2026,22,167,658,,,data\rolls\2026\pdfs\ac022\AC022PART167.pdf,pdf_serial_row_count,ok
2026,22,168,443,,,data\rolls\2026\pdfs\ac022\AC022PART168.pdf,pdf_serial_row_count,ok
2026,22,169,450,,,data\rolls\2026\pdfs\ac022\AC022PART169.pdf,pdf_serial_row_count,ok
2026,22,170,465,,,data\rolls\2026\pdfs\ac022\AC022PART170.pdf,pdf_serial_row_count,ok
2026,22,171,490,,,data\rolls\2026\pdfs\ac022\AC022PART171.pdf,pdf_serial_row_count,ok
2026,22,172,451,,,data\rolls\2026\pdfs\ac022\AC022PART172.pdf,pdf_serial_row_count,ok
2026,22,173,555,,,data\rolls\2026\pdfs\ac022\AC022PART173.pdf,pdf_serial_row_count,ok
2026,22,174,453,,,data\rolls\2026\pdfs\ac022\AC022PART174.pdf,pdf_serial_row_count,ok
2026,22,175,480,,,data\rolls\2026\pdfs\ac022\AC022PART175.pdf,pdf_serial_row_count,ok
2026,22,176,291,,,data\rolls\2026\pdfs\ac022\AC022PART176.pdf,pdf_serial_row_count,ok
2026,22,177,415,,,data\rolls\2026\pdfs\ac022\AC022PART177.pdf,pdf_serial_row_count,ok
2026,22,178,885,,,data\rolls\2026\pdfs\ac022\AC022PART178.pdf,pdf_serial_row_count,ok
2026,22,179,207,,,data\rolls\2026\pdfs\ac022\AC022PART179.pdf,pdf_serial_row_count,ok
2026,22,180,224,,,data\rolls\2026\pdfs\ac022\AC022PART180.pdf,pdf_serial_row_count,ok
2026,22,181,804,,,data\rolls\2026\pdfs\ac022\AC022PART181.pdf,pdf_serial_row_count,ok
2026,22,182,851,,,data\rolls\2026\pdfs\ac022\AC022PART182.pdf,pdf_serial_row_count,ok
2026,22,183,691,,,data\rolls\2026\pdfs\ac022\AC022PART183.pdf,pdf_serial_row_count,ok
2026,22,184,811,,,data\rolls\2026\pdfs\ac022\AC022PART184.pdf,pdf_serial_row_count,ok
2026,22,185,911,,,data\rolls\2026\pdfs\ac022\AC022PART185.pdf,pdf_serial_row_count,ok
2026,22,186,207,,,data\rolls\2026\pdfs\ac022\AC022PART186.pdf,pdf_serial_row_count,ok
2026,22,187,979,,,data\rolls\2026\pdfs\ac022\AC022PART187.pdf,pdf_serial_row_count,ok
2026,22,188,465,,,data\rolls\2026\pdfs\ac022\AC022PART188.pdf,pdf_serial_row_count,ok
2026,22,189,1001,,,data\rolls\2026\pdfs\ac022\AC022PART189.pdf,pdf_serial_row_count,ok
2026,22,190,555,,,data\rolls\2026\pdfs\ac022\AC022PART190.pdf,pdf_serial_row_count,ok
2026,22,191,659,,,data\rolls\2026\pdfs\ac022\AC022PART191.pdf,pdf_serial_row_count,ok
2026,22,192,840,,,data\rolls\2026\pdfs\ac022\AC022PART192.pdf,pdf_serial_row_count,ok
2026,22,193,393,,,data\rolls\2026\pdfs\ac022\AC022PART193.pdf,pdf_serial_row_count,ok
2026,22,194,551,,,data\rolls\2026\pdfs\ac022\AC022PART194.pdf,pdf_serial_row_count,ok
2026,22,195,432,,,data\rolls\2026\pdfs\ac022\AC022PART195.pdf,pdf_serial_row_count,ok
2026,22,196,566,,,data\rolls\2026\pdfs\ac022\AC022PART196.pdf,pdf_serial_row_count,ok
2026,22,197,416,,,data\rolls\2026\pdfs\ac022\AC022PART197.pdf,pdf_serial_row_count,ok
2026,22,198,579,,,data\rolls\2026\pdfs\ac022\AC022PART198.pdf,pdf_serial_row_count,ok
2026,22,199,834,,,data\rolls\2026\pdfs\ac022\AC022PART199.pdf,pdf_serial_row_count,ok
2026,22,200,779,,,data\rolls\2026\pdfs\ac022\AC022PART200.pdf,pdf_serial_row_count,ok
2026,22,201,956,,,data\rolls\2026\pdfs\ac022\AC022PART201.pdf,pdf_serial_row_count,ok
2026,22,202,733,,,data\rolls\2026\pdfs\ac022\AC022PART202.pdf,pdf_serial_row_count,ok
2026,22,203,967,,,data\rolls\2026\pdfs\ac022\AC022PART203.pdf,pdf_serial_row_count,ok
2026,22,204,755,,,data\rolls\2026\pdfs\ac022\AC022PART204.pdf,pdf_serial_row_count,ok
2026,22,205,1106,,,data\rolls\2026\pdfs\ac022\AC022PART205.pdf,pdf_serial_row_count,ok
2026,22,206,476,,,data\rolls\2026\pdfs\ac022\AC022PART206.pdf,pdf_serial_row_count,ok
2026,22,207,575,,,data\rolls\2026\pdfs\ac022\AC022PART207.pdf,pdf_serial_row_count,ok
2026,22,208,1126,,,data\rolls\2026\pdfs\ac022\AC022PART208.pdf,pdf_serial_row_count,ok
2026,22,209,914,,,data\rolls\2026\pdfs\ac022\AC022PART209.pdf,pdf_serial_row_count,ok
2026,22,210,1130,,,data\rolls\2026\pdfs\ac022\AC022PART210.pdf,pdf_serial_row_count,ok
2026,22,211,734,,,data\rolls\2026\pdfs\ac022\AC022PART211.pdf,pdf_serial_row_count,ok
2026,22,212,475,,,data\rolls\2026\pdfs\ac022\AC022PART212.pdf,pdf_serial_row_count,ok
2026,22,213,501,,,data\rolls\2026\pdfs\ac022\AC022PART213.pdf,pdf_serial_row_count,ok
2026,22,214,869,,,data\rolls\2026\pdfs\ac022\AC022PART214.pdf,pdf_serial_row_count,ok
2026,22,215,753,,,data\rolls\2026\pdfs\ac022\AC022PART215.pdf,pdf_serial_row_count,ok
2026,22,216,422,,,data\rolls\2026\pdfs\ac022\AC022PART216.pdf,pdf_serial_row_count,ok
2026,22,217,707,,,data\rolls\2026\pdfs\ac022\AC022PART217.pdf,pdf_serial_row_count,ok
2026,22,218,722,,,data\rolls\2026\pdfs\ac022\AC022PART218.pdf,pdf_serial_row_count,ok
2026,22,219,485,,,data\rolls\2026\pdfs\ac022\AC022PART219.pdf,pdf_serial_row_count,ok
2026,23,1,597,,,data\rolls\2026\pdfs\ac023\AC023PART001.pdf,pdf_serial_row_count,ok
2026,23,2,1129,,,data\rolls\2026\pdfs\ac023\AC023PART002.pdf,pdf_serial_row_count,ok
2026,23,3,765,,,data\rolls\2026\pdfs\ac023\AC023PART003.pdf,pdf_serial_row_count,ok
2026,23,4,680,,,data\rolls\2026\pdfs\ac023\AC023PART004.pdf,pdf_serial_row_count,ok
2026,23,5,503,,,data\rolls\2026\pdfs\ac023\AC023PART005.pdf,pdf_serial_row_count,ok
2026,23,6,641,,,data\rolls\2026\pdfs\ac023\AC023PART006.pdf,pdf_serial_row_count,ok
2026,23,7,746,,,data\rolls\2026\pdfs\ac023\AC023PART007.pdf,pdf_serial_row_count,ok
2026,23,8,767,,,data\rolls\2026\pdfs\ac023\AC023PART008.pdf,pdf_serial_row_count,ok
2026,23,9,527,,,data\rolls\2026\pdfs\ac023\AC023PART009.pdf,pdf_serial_row_count,ok
2026,23,10,841,,,data\rolls\2026\pdfs\ac023\AC023PART010.pdf,pdf_serial_row_count,ok
2026,23,11,850,,,data\rolls\2026\pdfs\ac023\AC023PART011.pdf,pdf_serial_row_count,ok
2026,23,12,644,,,data\rolls\2026\pdfs\ac023\AC023PART012.pdf,pdf_serial_row_count,ok
2026,23,13,926,,,data\rolls\2026\pdfs\ac023\AC023PART013.pdf,pdf_serial_row_count,ok
2026,23,14,554,,,data\rolls\2026\pdfs\ac023\AC023PART014.pdf,pdf_serial_row_count,ok
2026,23,15,656,,,data\rolls\2026\pdfs\ac023\AC023PART015.pdf,pdf_serial_row_count,ok
2026,23,16,465,,,data\rolls\2026\pdfs\ac023\AC023PART016.pdf,pdf_serial_row_count,ok
2026,23,17,686,,,data\rolls\2026\pdfs\ac023\AC023PART017.pdf,pdf_serial_row_count,ok
2026,23,18,517,,,data\rolls\2026\pdfs\ac023\AC023PART018.pdf,pdf_serial_row_count,ok
2026,23,19,421,,,data\rolls\2026\pdfs\ac023\AC023PART019.pdf,pdf_serial_row_count,ok
2026,23,20,621,,,data\rolls\2026\pdfs\ac023\AC023PART020.pdf,pdf_serial_row_count,ok
2026,23,21,853,,,data\rolls\2026\pdfs\ac023\AC023PART021.pdf,pdf_serial_row_count,ok
2026,23,22,795,,,data\rolls\2026\pdfs\ac023\AC023PART022.pdf,pdf_serial_row_count,ok
2026,23,23,619,,,data\rolls\2026\pdfs\ac023\AC023PART023.pdf,pdf_serial_row_count,ok
2026,23,24,869,,,data\rolls\2026\pdfs\ac023\AC023PART024.pdf,pdf_serial_row_count,ok
2026,23,25,665,,,data\rolls\2026\pdfs\ac023\AC023PART025.pdf,pdf_serial_row_count,ok
2026,23,26,800,,,data\rolls\2026\pdfs\ac023\AC023PART026.pdf,pdf_serial_row_count,ok
2026,23,27,648,,,data\rolls\2026\pdfs\ac023\AC023PART027.pdf,pdf_serial_row_count,ok
2026,23,28,455,,,data\rolls\2026\pdfs\ac023\AC023PART028.pdf,pdf_serial_row_count,ok
2026,23,29,645,,,data\rolls\2026\pdfs\ac023\AC023PART029.pdf,pdf_serial_row_count,ok
2026,23,30,884,,,data\rolls\2026\pdfs\ac023\AC023PART030.pdf,pdf_serial_row_count,ok
2026,23,31,595,,,data\rolls\2026\pdfs\ac023\AC023PART031.pdf,pdf_serial_row_count,ok
2026,23,32,957,,,data\rolls\2026\pdfs\ac023\AC023PART032.pdf,pdf_serial_row_count,ok
2026,23,33,759,,,data\rolls\2026\pdfs\ac023\AC023PART033.pdf,pdf_serial_row_count,ok
2026,23,34,558,,,data\rolls\2026\pdfs\ac023\AC023PART034.pdf,pdf_serial_row_count,ok
2026,23,35,860,,,data\rolls\2026\pdfs\ac023\AC023PART035.pdf,pdf_serial_row_count,ok
2026,23,36,434,,,data\rolls\2026\pdfs\ac023\AC023PART036.pdf,pdf_serial_row_count,ok
2026,23,37,658,,,data\rolls\2026\pdfs\ac023\AC023PART037.pdf,pdf_serial_row_count,ok
2026,23,38,1057,,,data\rolls\2026\pdfs\ac023\AC023PART038.pdf,pdf_serial_row_count,ok
2026,23,39,580,,,data\rolls\2026\pdfs\ac023\AC023PART039.pdf,pdf_serial_row_count,ok
2026,23,40,953,,,data\rolls\2026\pdfs\ac023\AC023PART040.pdf,pdf_serial_row_count,ok
2026,23,41,625,,,data\rolls\2026\pdfs\ac023\AC023PART041.pdf,pdf_serial_row_count,ok
2026,23,42,1015,,,data\rolls\2026\pdfs\ac023\AC023PART042.pdf,pdf_serial_row_count,ok
2026,23,43,770,,,data\rolls\2026\pdfs\ac023\AC023PART043.pdf,pdf_serial_row_count,ok
2026,23,44,793,,,data\rolls\2026\pdfs\ac023\AC023PART044.pdf,pdf_serial_row_count,ok
2026,23,45,579,,,data\rolls\2026\pdfs\ac023\AC023PART045.pdf,pdf_serial_row_count,ok
2026,23,46,449,,,data\rolls\2026\pdfs\ac023\AC023PART046.pdf,pdf_serial_row_count,ok
2026,23,47,1205,,,data\rolls\2026\pdfs\ac023\AC023PART047.pdf,pdf_serial_row_count,ok
2026,23,48,610,,,data\rolls\2026\pdfs\ac023\AC023PART048.pdf,pdf_serial_row_count,ok
2026,23,49,658,,,data\rolls\2026\pdfs\ac023\AC023PART049.pdf,pdf_serial_row_count,ok
2026,23,50,630,,,data\rolls\2026\pdfs\ac023\AC023PART050.pdf,pdf_serial_row_count,ok
2026,23,51,570,,,data\rolls\2026\pdfs\ac023\AC023PART051.pdf,pdf_serial_row_count,ok
2026,23,52,841,,,data\rolls\2026\pdfs\ac023\AC023PART052.pdf,pdf_serial_row_count,ok
2026,23,53,574,,,data\rolls\2026\pdfs\ac023\AC023PART053.pdf,pdf_serial_row_count,ok
2026,23,54,763,,,data\rolls\2026\pdfs\ac023\AC023PART054.pdf,pdf_serial_row_count,ok
2026,23,55,366,,,data\rolls\2026\pdfs\ac023\AC023PART055.pdf,pdf_serial_row_count,ok
2026,23,56,1052,,,data\rolls\2026\pdfs\ac023\AC023PART056.pdf,pdf_serial_row_count,ok
2026,23,57,526,,,data\rolls\2026\pdfs\ac023\AC023PART057.pdf,pdf_serial_row_count,ok
2026,23,58,1100,,,data\rolls\2026\pdfs\ac023\AC023PART058.pdf,pdf_serial_row_count,ok
2026,23,59,268,,,data\rolls\2026\pdfs\ac023\AC023PART059.pdf,pdf_serial_row_count,ok
2026,23,60,544,,,data\rolls\2026\pdfs\ac023\AC023PART060.pdf,pdf_serial_row_count,ok
2026,23,61,500,,,data\rolls\2026\pdfs\ac023\AC023PART061.pdf,pdf_serial_row_count,ok
2026,23,62,539,,,data\rolls\2026\pdfs\ac023\AC023PART062.pdf,pdf_serial_row_count,ok
2026,23,63,809,,,data\rolls\2026\pdfs\ac023\AC023PART063.pdf,pdf_serial_row_count,ok
2026,23,64,877,,,data\rolls\2026\pdfs\ac023\AC023PART064.pdf,pdf_serial_row_count,ok
2026,23,65,658,,,data\rolls\2026\pdfs\ac023\AC023PART065.pdf,pdf_serial_row_count,ok
2026,23,66,809,,,data\rolls\2026\pdfs\ac023\AC023PART066.pdf,pdf_serial_row_count,ok
2026,23,67,352,,,data\rolls\2026\pdfs\ac023\AC023PART067.pdf,pdf_serial_row_count,ok
2026,23,68,996,,,data\rolls\2026\pdfs\ac023\AC023PART068.pdf,pdf_serial_row_count,ok
2026,23,69,611,,,data\rolls\2026\pdfs\ac023\AC023PART069.pdf,pdf_serial_row_count,ok
2026,23,70,1302,,,data\rolls\2026\pdfs\ac023\AC023PART070.pdf,pdf_serial_row_count,ok
2026,23,71,524,,,data\rolls\2026\pdfs\ac023\AC023PART071.pdf,pdf_serial_row_count,ok
2026,23,72,493,,,data\rolls\2026\pdfs\ac023\AC023PART072.pdf,pdf_serial_row_count,ok
2026,23,73,619,,,data\rolls\2026\pdfs\ac023\AC023PART073.pdf,pdf_serial_row_count,ok
2026,23,74,693,,,data\rolls\2026\pdfs\ac023\AC023PART074.pdf,pdf_serial_row_count,ok
2026,23,75,1127,,,data\rolls\2026\pdfs\ac023\AC023PART075.pdf,pdf_serial_row_count,ok
2026,23,76,497,,,data\rolls\2026\pdfs\ac023\AC023PART076.pdf,pdf_serial_row_count,ok
2026,23,77,1043,,,data\rolls\2026\pdfs\ac023\AC023PART077.pdf,pdf_serial_row_count,ok
2026,23,78,897,,,data\rolls\2026\pdfs\ac023\AC023PART078.pdf,pdf_serial_row_count,ok
2026,23,79,487,,,data\rolls\2026\pdfs\ac023\AC023PART079.pdf,pdf_serial_row_count,ok
2026,23,80,1089,,,data\rolls\2026\pdfs\ac023\AC023PART080.pdf,pdf_serial_row_count,ok
2026,23,81,554,,,data\rolls\2026\pdfs\ac023\AC023PART081.pdf,pdf_serial_row_count,ok
2026,23,82,990,,,data\rolls\2026\pdfs\ac023\AC023PART082.pdf,pdf_serial_row_count,ok
2026,23,83,661,,,data\rolls\2026\pdfs\ac023\AC023PART083.pdf,pdf_serial_row_count,ok
2026,23,84,986,,,data\rolls\2026\pdfs\ac023\AC023PART084.pdf,pdf_serial_row_count,ok
2026,23,85,863,,,data\rolls\2026\pdfs\ac023\AC023PART085.pdf,pdf_serial_row_count,ok
2026,23,86,1206,,,data\rolls\2026\pdfs\ac023\AC023PART086.pdf,pdf_serial_row_count,ok
2026,23,87,938,,,data\rolls\2026\pdfs\ac023\AC023PART087.pdf,pdf_serial_row_count,ok
2026,23,88,812,,,data\rolls\2026\pdfs\ac023\AC023PART088.pdf,pdf_serial_row_count,ok
2026,23,89,661,,,data\rolls\2026\pdfs\ac023\AC023PART089.pdf,pdf_serial_row_count,ok
2026,23,90,1026,,,data\rolls\2026\pdfs\ac023\AC023PART090.pdf,pdf_serial_row_count,ok
2026,23,91,902,,,data\rolls\2026\pdfs\ac023\AC023PART091.pdf,pdf_serial_row_count,ok
2026,23,92,1069,,,data\rolls\2026\pdfs\ac023\AC023PART092.pdf,pdf_serial_row_count,ok
2026,23,93,610,,,data\rolls\2026\pdfs\ac023\AC023PART093.pdf,pdf_serial_row_count,ok
2026,23,94,667,,,data\rolls\2026\pdfs\ac023\AC023PART094.pdf,pdf_serial_row_count,ok
2026,23,95,739,,,data\rolls\2026\pdfs\ac023\AC023PART095.pdf,pdf_serial_row_count,ok
2026,23,96,736,,,data\rolls\2026\pdfs\ac023\AC023PART096.pdf,pdf_serial_row_count,ok
2026,23,97,1087,,,data\rolls\2026\pdfs\ac023\AC023PART097.pdf,pdf_serial_row_count,ok
2026,23,98,878,,,data\rolls\2026\pdfs\ac023\AC023PART098.pdf,pdf_serial_row_count,ok
2026,23,99,792,,,data\rolls\2026\pdfs\ac023\AC023PART099.pdf,pdf_serial_row_count,ok
2026,23,100,883,,,data\rolls\2026\pdfs\ac023\AC023PART100.pdf,pdf_serial_row_count,ok
2026,23,101,986,,,data\rolls\2026\pdfs\ac023\AC023PART101.pdf,pdf_serial_row_count,ok
2026,23,102,1131,,,data\rolls\2026\pdfs\ac023\AC023PART102.pdf,pdf_serial_row_count,ok
2026,23,103,832,,,data\rolls\2026\pdfs\ac023\AC023PART103.pdf,pdf_serial_row_count,ok
2026,23,104,1104,,,data\rolls\2026\pdfs\ac023\AC023PART104.pdf,pdf_serial_row_count,ok
2026,23,105,747,,,data\rolls\2026\pdfs\ac023\AC023PART105.pdf,pdf_serial_row_count,ok
2026,23,106,395,,,data\rolls\2026\pdfs\ac023\AC023PART106.pdf,pdf_serial_row_count,ok
2026,23,107,855,,,data\rolls\2026\pdfs\ac023\AC023PART107.pdf,pdf_serial_row_count,ok
2026,23,108,716,,,data\rolls\2026\pdfs\ac023\AC023PART108.pdf,pdf_serial_row_count,ok
2026,23,109,732,,,data\rolls\2026\pdfs\ac023\AC023PART109.pdf,pdf_serial_row_count,ok
2026,23,110,561,,,data\rolls\2026\pdfs\ac023\AC023PART110.pdf,pdf_serial_row_count,ok
2026,23,111,1106,,,data\rolls\2026\pdfs\ac023\AC023PART111.pdf,pdf_serial_row_count,ok
2026,23,112,691,,,data\rolls\2026\pdfs\ac023\AC023PART112.pdf,pdf_serial_row_count,ok
2026,23,113,568,,,data\rolls\2026\pdfs\ac023\AC023PART113.pdf,pdf_serial_row_count,ok
2026,23,114,644,,,data\rolls\2026\pdfs\ac023\AC023PART114.pdf,pdf_serial_row_count,ok
2026,23,115,764,,,data\rolls\2026\pdfs\ac023\AC023PART115.pdf,pdf_serial_row_count,ok
2026,23,116,420,,,data\rolls\2026\pdfs\ac023\AC023PART116.pdf,pdf_serial_row_count,ok
2026,23,117,560,,,data\rolls\2026\pdfs\ac023\AC023PART117.pdf,pdf_serial_row_count,ok
2026,23,118,280,,,data\rolls\2026\pdfs\ac023\AC023PART118.pdf,pdf_serial_row_count,ok
2026,23,119,824,,,data\rolls\2026\pdfs\ac023\AC023PART119.pdf,pdf_serial_row_count,ok
2026,23,120,754,,,data\rolls\2026\pdfs\ac023\AC023PART120.pdf,pdf_serial_row_count,ok
2026,23,121,622,,,data\rolls\2026\pdfs\ac023\AC023PART121.pdf,pdf_serial_row_count,ok
2026,23,122,723,,,data\rolls\2026\pdfs\ac023\AC023PART122.pdf,pdf_serial_row_count,ok
2026,23,123,612,,,data\rolls\2026\pdfs\ac023\AC023PART123.pdf,pdf_serial_row_count,ok
2026,23,124,759,,,data\rolls\2026\pdfs\ac023\AC023PART124.pdf,pdf_serial_row_count,ok
2026,23,125,315,,,data\rolls\2026\pdfs\ac023\AC023PART125.pdf,pdf_serial_row_count,ok
2026,23,126,710,,,data\rolls\2026\pdfs\ac023\AC023PART126.pdf,pdf_serial_row_count,ok
2026,23,127,807,,,data\rolls\2026\pdfs\ac023\AC023PART127.pdf,pdf_serial_row_count,ok
2026,23,128,481,,,data\rolls\2026\pdfs\ac023\AC023PART128.pdf,pdf_serial_row_count,ok
2026,23,129,963,,,data\rolls\2026\pdfs\ac023\AC023PART129.pdf,pdf_serial_row_count,ok
2026,23,130,855,,,data\rolls\2026\pdfs\ac023\AC023PART130.pdf,pdf_serial_row_count,ok
2026,23,131,327,,,data\rolls\2026\pdfs\ac023\AC023PART131.pdf,pdf_serial_row_count,ok
2026,23,132,955,,,data\rolls\2026\pdfs\ac023\AC023PART132.pdf,pdf_serial_row_count,ok
2026,23,133,571,,,data\rolls\2026\pdfs\ac023\AC023PART133.pdf,pdf_serial_row_count,ok
2026,23,134,709,,,data\rolls\2026\pdfs\ac023\AC023PART134.pdf,pdf_serial_row_count,ok
2026,23,135,870,,,data\rolls\2026\pdfs\ac023\AC023PART135.pdf,pdf_serial_row_count,ok
2026,23,136,752,,,data\rolls\2026\pdfs\ac023\AC023PART136.pdf,pdf_serial_row_count,ok
2026,23,137,686,,,data\rolls\2026\pdfs\ac023\AC023PART137.pdf,pdf_serial_row_count,ok
2026,23,138,639,,,data\rolls\2026\pdfs\ac023\AC023PART138.pdf,pdf_serial_row_count,ok
2026,23,139,472,,,data\rolls\2026\pdfs\ac023\AC023PART139.pdf,pdf_serial_row_count,ok
2026,23,140,514,,,data\rolls\2026\pdfs\ac023\AC023PART140.pdf,pdf_serial_row_count,ok
2026,23,141,815,,,data\rolls\2026\pdfs\ac023\AC023PART141.pdf,pdf_serial_row_count,ok
2026,23,142,611,,,data\rolls\2026\pdfs\ac023\AC023PART142.pdf,pdf_serial_row_count,ok
2026,23,143,851,,,data\rolls\2026\pdfs\ac023\AC023PART143.pdf,pdf_serial_row_count,ok
2026,23,144,559,,,data\rolls\2026\pdfs\ac023\AC023PART144.pdf,pdf_serial_row_count,ok
2026,23,145,645,,,data\rolls\2026\pdfs\ac023\AC023PART145.pdf,pdf_serial_row_count,ok
2026,23,146,735,,,data\rolls\2026\pdfs\ac023\AC023PART146.pdf,pdf_serial_row_count,ok
2026,23,147,720,,,data\rolls\2026\pdfs\ac023\AC023PART147.pdf,pdf_serial_row_count,ok
2026,23,148,669,,,data\rolls\2026\pdfs\ac023\AC023PART148.pdf,pdf_serial_row_count,ok
2026,23,149,840,,,data\rolls\2026\pdfs\ac023\AC023PART149.pdf,pdf_serial_row_count,ok
2026,23,150,747,,,data\rolls\2026\pdfs\ac023\AC023PART150.pdf,pdf_serial_row_count,ok
2026,23,151,536,,,data\rolls\2026\pdfs\ac023\AC023PART151.pdf,pdf_serial_row_count,ok
2026,23,152,696,,,data\rolls\2026\pdfs\ac023\AC023PART152.pdf,pdf_serial_row_count,ok
2026,23,153,248,,,data\rolls\2026\pdfs\ac023\AC023PART153.pdf,pdf_serial_row_count,ok
2026,23,154,627,,,data\rolls\2026\pdfs\ac023\AC023PART154.pdf,pdf_serial_row_count,ok
2026,23,155,1003,,,data\rolls\2026\pdfs\ac023\AC023PART155.pdf,pdf_serial_row_count,ok
2026,23,156,841,,,data\rolls\2026\pdfs\ac023\AC023PART156.pdf,pdf_serial_row_count,ok
2026,23,157,1006,,,data\rolls\2026\pdfs\ac023\AC023PART157.pdf,pdf_serial_row_count,ok
2026,23,158,200,,,data\rolls\2026\pdfs\ac023\AC023PART158.pdf,pdf_serial_row_count,ok
2026,23,159,1056,,,data\rolls\2026\pdfs\ac023\AC023PART159.pdf,pdf_serial_row_count,ok
2026,23,160,755,,,data\rolls\2026\pdfs\ac023\AC023PART160.pdf,pdf_serial_row_count,ok
2026,23,161,860,,,data\rolls\2026\pdfs\ac023\AC023PART161.pdf,pdf_serial_row_count,ok
2026,23,162,639,,,data\rolls\2026\pdfs\ac023\AC023PART162.pdf,pdf_serial_row_count,ok
2026,23,163,981,,,data\rolls\2026\pdfs\ac023\AC023PART163.pdf,pdf_serial_row_count,ok
2026,23,164,625,,,data\rolls\2026\pdfs\ac023\AC023PART164.pdf,pdf_serial_row_count,ok
2026,23,165,827,,,data\rolls\2026\pdfs\ac023\AC023PART165.pdf,pdf_serial_row_count,ok
2026,23,166,1006,,,data\rolls\2026\pdfs\ac023\AC023PART166.pdf,pdf_serial_row_count,ok
2026,23,167,1279,,,data\rolls\2026\pdfs\ac023\AC023PART167.pdf,pdf_serial_row_count,ok
2026,23,168,621,,,data\rolls\2026\pdfs\ac023\AC023PART168.pdf,pdf_serial_row_count,ok
2026,23,169,412,,,data\rolls\2026\pdfs\ac023\AC023PART169.pdf,pdf_serial_row_count,ok
2026,23,170,438,,,data\rolls\2026\pdfs\ac023\AC023PART170.pdf,pdf_serial_row_count,ok
2026,23,171,781,,,data\rolls\2026\pdfs\ac023\AC023PART171.pdf,pdf_serial_row_count,ok
2026,23,172,740,,,data\rolls\2026\pdfs\ac023\AC023PART172.pdf,pdf_serial_row_count,ok
2026,23,173,900,,,data\rolls\2026\pdfs\ac023\AC023PART173.pdf,pdf_serial_row_count,ok
2026,23,174,1097,,,data\rolls\2026\pdfs\ac023\AC023PART174.pdf,pdf_serial_row_count,ok
2026,23,175,768,,,data\rolls\2026\pdfs\ac023\AC023PART175.pdf,pdf_serial_row_count,ok
2026,23,176,930,,,data\rolls\2026\pdfs\ac023\AC023PART176.pdf,pdf_serial_row_count,ok
2026,23,177,820,,,data\rolls\2026\pdfs\ac023\AC023PART177.pdf,pdf_serial_row_count,ok
2026,23,178,687,,,data\rolls\2026\pdfs\ac023\AC023PART178.pdf,pdf_serial_row_count,ok
2026,23,179,768,,,data\rolls\2026\pdfs\ac023\AC023PART179.pdf,pdf_serial_row_count,ok
2026,23,180,904,,,data\rolls\2026\pdfs\ac023\AC023PART180.pdf,pdf_serial_row_count,ok
2026,23,181,831,,,data\rolls\2026\pdfs\ac023\AC023PART181.pdf,pdf_serial_row_count,ok
2026,23,182,737,,,data\rolls\2026\pdfs\ac023\AC023PART182.pdf,pdf_serial_row_count,ok
2026,23,183,789,,,data\rolls\2026\pdfs\ac023\AC023PART183.pdf,pdf_serial_row_count,ok
2026,23,184,609,,,data\rolls\2026\pdfs\ac023\AC023PART184.pdf,pdf_serial_row_count,ok
2026,23,185,685,,,data\rolls\2026\pdfs\ac023\AC023PART185.pdf,pdf_serial_row_count,ok
2026,23,186,634,,,data\rolls\2026\pdfs\ac023\AC023PART186.pdf,pdf_serial_row_count,ok
2026,23,187,567,,,data\rolls\2026\pdfs\ac023\AC023PART187.pdf,pdf_serial_row_count,ok
2026,23,188,1160,,,data\rolls\2026\pdfs\ac023\AC023PART188.pdf,pdf_serial_row_count,ok
2026,23,189,474,,,data\rolls\2026\pdfs\ac023\AC023PART189.pdf,pdf_serial_row_count,ok
2026,23,190,1127,,,data\rolls\2026\pdfs\ac023\AC023PART190.pdf,pdf_serial_row_count,ok
2026,23,191,848,,,data\rolls\2026\pdfs\ac023\AC023PART191.pdf,pdf_serial_row_count,ok
2026,23,192,1087,,,data\rolls\2026\pdfs\ac023\AC023PART192.pdf,pdf_serial_row_count,ok
2026,23,193,467,,,data\rolls\2026\pdfs\ac023\AC023PART193.pdf,pdf_serial_row_count,ok
2026,23,194,1022,,,data\rolls\2026\pdfs\ac023\AC023PART194.pdf,pdf_serial_row_count,ok
2026,23,195,668,,,data\rolls\2026\pdfs\ac023\AC023PART195.pdf,pdf_serial_row_count,ok
2026,23,196,464,,,data\rolls\2026\pdfs\ac023\AC023PART196.pdf,pdf_serial_row_count,ok
2026,23,197,732,,,data\rolls\2026\pdfs\ac023\AC023PART197.pdf,pdf_serial_row_count,ok
2026,23,198,644,,,data\rolls\2026\pdfs\ac023\AC023PART198.pdf,pdf_serial_row_count,ok
2026,23,199,787,,,data\rolls\2026\pdfs\ac023\AC023PART199.pdf,pdf_serial_row_count,ok
2026,23,200,695,,,data\rolls\2026\pdfs\ac023\AC023PART200.pdf,pdf_serial_row_count,ok
2026,23,201,883,,,data\rolls\2026\pdfs\ac023\AC023PART201.pdf,pdf_serial_row_count,ok
2026,23,202,545,,,data\rolls\2026\pdfs\ac023\AC023PART202.pdf,pdf_serial_row_count,ok
2026,23,203,689,,,data\rolls\2026\pdfs\ac023\AC023PART203.pdf,pdf_serial_row_count,ok
2026,23,204,517,,,data\rolls\2026\pdfs\ac023\AC023PART204.pdf,pdf_serial_row_count,ok
2026,23,205,649,,,data\rolls\2026\pdfs\ac023\AC023PART205.pdf,pdf_serial_row_count,ok
2026,23,206,832,,,data\rolls\2026\pdfs\ac023\AC023PART206.pdf,pdf_serial_row_count,ok
2026,23,207,654,,,data\rolls\2026\pdfs\ac023\AC023PART207.pdf,pdf_serial_row_count,ok
2026,23,208,686,,,data\rolls\2026\pdfs\ac023\AC023PART208.pdf,pdf_serial_row_count,ok
2026,23,209,824,,,data\rolls\2026\pdfs\ac023\AC023PART209.pdf,pdf_serial_row_count,ok
2026,23,210,660,,,data\rolls\2026\pdfs\ac023\AC023PART210.pdf,pdf_serial_row_count,ok
2026,23,211,615,,,data\rolls\2026\pdfs\ac023\AC023PART211.pdf,pdf_serial_row_count,ok
2026,23,212,1071,,,data\rolls\2026\pdfs\ac023\AC023PART212.pdf,pdf_serial_row_count,ok
2026,23,213,940,,,data\rolls\2026\pdfs\ac023\AC023PART213.pdf,pdf_serial_row_count,ok
2026,23,214,658,,,data\rolls\2026\pdfs\ac023\AC023PART214.pdf,pdf_serial_row_count,ok
2026,23,215,855,,,data\rolls\2026\pdfs\ac023\AC023PART215.pdf,pdf_serial_row_count,ok
2026,23,216,827,,,data\rolls\2026\pdfs\ac023\AC023PART216.pdf,pdf_serial_row_count,ok
2026,23,217,576,,,data\rolls\2026\pdfs\ac023\AC023PART217.pdf,pdf_serial_row_count,ok
2026,23,218,543,,,data\rolls\2026\pdfs\ac023\AC023PART218.pdf,pdf_serial_row_count,ok
2026,23,219,576,,,data\rolls\2026\pdfs\ac023\AC023PART219.pdf,pdf_serial_row_count,ok
2026,23,220,678,,,data\rolls\2026\pdfs\ac023\AC023PART220.pdf,pdf_serial_row_count,ok
2026,23,221,327,,,data\rolls\2026\pdfs\ac023\AC023PART221.pdf,pdf_serial_row_count,ok
2026,24,1,591,,,data\rolls\2026\pdfs\ac024\AC024PART001.pdf,pdf_serial_row_count,ok
2026,24,2,687,,,data\rolls\2026\pdfs\ac024\AC024PART002.pdf,pdf_serial_row_count,ok
2026,24,3,535,,,data\rolls\2026\pdfs\ac024\AC024PART003.pdf,pdf_serial_row_count,ok
2026,24,4,609,,,data\rolls\2026\pdfs\ac024\AC024PART004.pdf,pdf_serial_row_count,ok
2026,24,5,536,,,data\rolls\2026\pdfs\ac024\AC024PART005.pdf,pdf_serial_row_count,ok
2026,24,6,519,,,data\rolls\2026\pdfs\ac024\AC024PART006.pdf,pdf_serial_row_count,ok
2026,24,7,552,,,data\rolls\2026\pdfs\ac024\AC024PART007.pdf,pdf_serial_row_count,ok
2026,24,8,422,,,data\rolls\2026\pdfs\ac024\AC024PART008.pdf,pdf_serial_row_count,ok
2026,24,9,729,,,data\rolls\2026\pdfs\ac024\AC024PART009.pdf,pdf_serial_row_count,ok
2026,24,10,1119,,,data\rolls\2026\pdfs\ac024\AC024PART010.pdf,pdf_serial_row_count,ok
2026,24,11,465,,,data\rolls\2026\pdfs\ac024\AC024PART011.pdf,pdf_serial_row_count,ok
2026,24,12,529,,,data\rolls\2026\pdfs\ac024\AC024PART012.pdf,pdf_serial_row_count,ok
2026,24,13,369,,,data\rolls\2026\pdfs\ac024\AC024PART013.pdf,pdf_serial_row_count,ok
2026,24,14,799,,,data\rolls\2026\pdfs\ac024\AC024PART014.pdf,pdf_serial_row_count,ok
2026,24,15,1110,,,data\rolls\2026\pdfs\ac024\AC024PART015.pdf,pdf_serial_row_count,ok
2026,24,16,481,,,data\rolls\2026\pdfs\ac024\AC024PART016.pdf,pdf_serial_row_count,ok
2026,24,17,717,,,data\rolls\2026\pdfs\ac024\AC024PART017.pdf,pdf_serial_row_count,ok
2026,24,18,631,,,data\rolls\2026\pdfs\ac024\AC024PART018.pdf,pdf_serial_row_count,ok
2026,24,19,838,,,data\rolls\2026\pdfs\ac024\AC024PART019.pdf,pdf_serial_row_count,ok
2026,24,20,785,,,data\rolls\2026\pdfs\ac024\AC024PART020.pdf,pdf_serial_row_count,ok
2026,24,21,346,,,data\rolls\2026\pdfs\ac024\AC024PART021.pdf,pdf_serial_row_count,ok
2026,24,22,1008,,,data\rolls\2026\pdfs\ac024\AC024PART022.pdf,pdf_serial_row_count,ok
2026,24,23,659,,,data\rolls\2026\pdfs\ac024\AC024PART023.pdf,pdf_serial_row_count,ok
2026,24,24,782,,,data\rolls\2026\pdfs\ac024\AC024PART024.pdf,pdf_serial_row_count,ok
2026,24,25,422,,,data\rolls\2026\pdfs\ac024\AC024PART025.pdf,pdf_serial_row_count,ok
2026,24,26,631,,,data\rolls\2026\pdfs\ac024\AC024PART026.pdf,pdf_serial_row_count,ok
2026,24,27,716,,,data\rolls\2026\pdfs\ac024\AC024PART027.pdf,pdf_serial_row_count,ok
2026,24,28,771,,,data\rolls\2026\pdfs\ac024\AC024PART028.pdf,pdf_serial_row_count,ok
2026,24,29,710,,,data\rolls\2026\pdfs\ac024\AC024PART029.pdf,pdf_serial_row_count,ok
2026,24,30,923,,,data\rolls\2026\pdfs\ac024\AC024PART030.pdf,pdf_serial_row_count,ok
2026,24,31,521,,,data\rolls\2026\pdfs\ac024\AC024PART031.pdf,pdf_serial_row_count,ok
2026,24,32,559,,,data\rolls\2026\pdfs\ac024\AC024PART032.pdf,pdf_serial_row_count,ok
2026,24,33,744,,,data\rolls\2026\pdfs\ac024\AC024PART033.pdf,pdf_serial_row_count,ok
2026,24,34,467,,,data\rolls\2026\pdfs\ac024\AC024PART034.pdf,pdf_serial_row_count,ok
2026,24,35,873,,,data\rolls\2026\pdfs\ac024\AC024PART035.pdf,pdf_serial_row_count,ok
2026,24,36,415,,,data\rolls\2026\pdfs\ac024\AC024PART036.pdf,pdf_serial_row_count,ok
2026,24,37,724,,,data\rolls\2026\pdfs\ac024\AC024PART037.pdf,pdf_serial_row_count,ok
2026,24,38,780,,,data\rolls\2026\pdfs\ac024\AC024PART038.pdf,pdf_serial_row_count,ok
2026,24,39,728,,,data\rolls\2026\pdfs\ac024\AC024PART039.pdf,pdf_serial_row_count,ok
2026,24,40,962,,,data\rolls\2026\pdfs\ac024\AC024PART040.pdf,pdf_serial_row_count,ok
2026,24,41,848,,,data\rolls\2026\pdfs\ac024\AC024PART041.pdf,pdf_serial_row_count,ok
2026,24,42,853,,,data\rolls\2026\pdfs\ac024\AC024PART042.pdf,pdf_serial_row_count,ok
2026,24,43,600,,,data\rolls\2026\pdfs\ac024\AC024PART043.pdf,pdf_serial_row_count,ok
2026,24,44,788,,,data\rolls\2026\pdfs\ac024\AC024PART044.pdf,pdf_serial_row_count,ok
2026,24,45,729,,,data\rolls\2026\pdfs\ac024\AC024PART045.pdf,pdf_serial_row_count,ok
2026,24,46,1061,,,data\rolls\2026\pdfs\ac024\AC024PART046.pdf,pdf_serial_row_count,ok
2026,24,47,620,,,data\rolls\2026\pdfs\ac024\AC024PART047.pdf,pdf_serial_row_count,ok
2026,24,48,950,,,data\rolls\2026\pdfs\ac024\AC024PART048.pdf,pdf_serial_row_count,ok
2026,24,49,594,,,data\rolls\2026\pdfs\ac024\AC024PART049.pdf,pdf_serial_row_count,ok
2026,24,50,883,,,data\rolls\2026\pdfs\ac024\AC024PART050.pdf,pdf_serial_row_count,ok
2026,24,51,816,,,data\rolls\2026\pdfs\ac024\AC024PART051.pdf,pdf_serial_row_count,ok
2026,24,52,464,,,data\rolls\2026\pdfs\ac024\AC024PART052.pdf,pdf_serial_row_count,ok
2026,24,53,526,,,data\rolls\2026\pdfs\ac024\AC024PART053.pdf,pdf_serial_row_count,ok
2026,24,54,984,,,data\rolls\2026\pdfs\ac024\AC024PART054.pdf,pdf_serial_row_count,ok
2026,24,55,671,,,data\rolls\2026\pdfs\ac024\AC024PART055.pdf,pdf_serial_row_count,ok
2026,24,56,1124,,,data\rolls\2026\pdfs\ac024\AC024PART056.pdf,pdf_serial_row_count,ok
2026,24,57,1017,,,data\rolls\2026\pdfs\ac024\AC024PART057.pdf,pdf_serial_row_count,ok
2026,24,58,828,,,data\rolls\2026\pdfs\ac024\AC024PART058.pdf,pdf_serial_row_count,ok
2026,24,59,985,,,data\rolls\2026\pdfs\ac024\AC024PART059.pdf,pdf_serial_row_count,ok
2026,24,60,918,,,data\rolls\2026\pdfs\ac024\AC024PART060.pdf,pdf_serial_row_count,ok
2026,24,61,743,,,data\rolls\2026\pdfs\ac024\AC024PART061.pdf,pdf_serial_row_count,ok
2026,24,62,903,,,data\rolls\2026\pdfs\ac024\AC024PART062.pdf,pdf_serial_row_count,ok
2026,24,63,715,,,data\rolls\2026\pdfs\ac024\AC024PART063.pdf,pdf_serial_row_count,ok
2026,24,64,902,,,data\rolls\2026\pdfs\ac024\AC024PART064.pdf,pdf_serial_row_count,ok
2026,24,65,734,,,data\rolls\2026\pdfs\ac024\AC024PART065.pdf,pdf_serial_row_count,ok
2026,24,66,836,,,data\rolls\2026\pdfs\ac024\AC024PART066.pdf,pdf_serial_row_count,ok
2026,24,67,753,,,data\rolls\2026\pdfs\ac024\AC024PART067.pdf,pdf_serial_row_count,ok
2026,24,68,685,,,data\rolls\2026\pdfs\ac024\AC024PART068.pdf,pdf_serial_row_count,ok
2026,24,69,395,,,data\rolls\2026\pdfs\ac024\AC024PART069.pdf,pdf_serial_row_count,ok
2026,24,70,700,,,data\rolls\2026\pdfs\ac024\AC024PART070.pdf,pdf_serial_row_count,ok
2026,24,71,662,,,data\rolls\2026\pdfs\ac024\AC024PART071.pdf,pdf_serial_row_count,ok
2026,24,72,789,,,data\rolls\2026\pdfs\ac024\AC024PART072.pdf,pdf_serial_row_count,ok
2026,24,73,702,,,data\rolls\2026\pdfs\ac024\AC024PART073.pdf,pdf_serial_row_count,ok
2026,24,74,641,,,data\rolls\2026\pdfs\ac024\AC024PART074.pdf,pdf_serial_row_count,ok
2026,24,75,744,,,data\rolls\2026\pdfs\ac024\AC024PART075.pdf,pdf_serial_row_count,ok
2026,24,76,659,,,data\rolls\2026\pdfs\ac024\AC024PART076.pdf,pdf_serial_row_count,ok
2026,24,77,633,,,data\rolls\2026\pdfs\ac024\AC024PART077.pdf,pdf_serial_row_count,ok
2026,24,78,1123,,,data\rolls\2026\pdfs\ac024\AC024PART078.pdf,pdf_serial_row_count,ok
2026,24,79,923,,,data\rolls\2026\pdfs\ac024\AC024PART079.pdf,pdf_serial_row_count,ok
2026,24,80,699,,,data\rolls\2026\pdfs\ac024\AC024PART080.pdf,pdf_serial_row_count,ok
2026,24,81,1027,,,data\rolls\2026\pdfs\ac024\AC024PART081.pdf,pdf_serial_row_count,ok
2026,24,82,642,,,data\rolls\2026\pdfs\ac024\AC024PART082.pdf,pdf_serial_row_count,ok
2026,24,83,493,,,data\rolls\2026\pdfs\ac024\AC024PART083.pdf,pdf_serial_row_count,ok
2026,24,84,993,,,data\rolls\2026\pdfs\ac024\AC024PART084.pdf,pdf_serial_row_count,ok
2026,24,85,920,,,data\rolls\2026\pdfs\ac024\AC024PART085.pdf,pdf_serial_row_count,ok
2026,24,86,724,,,data\rolls\2026\pdfs\ac024\AC024PART086.pdf,pdf_serial_row_count,ok
2026,24,87,502,,,data\rolls\2026\pdfs\ac024\AC024PART087.pdf,pdf_serial_row_count,ok
2026,24,88,972,,,data\rolls\2026\pdfs\ac024\AC024PART088.pdf,pdf_serial_row_count,ok
2026,24,89,1085,,,data\rolls\2026\pdfs\ac024\AC024PART089.pdf,pdf_serial_row_count,ok
2026,24,90,749,,,data\rolls\2026\pdfs\ac024\AC024PART090.pdf,pdf_serial_row_count,ok
2026,24,91,1110,,,data\rolls\2026\pdfs\ac024\AC024PART091.pdf,pdf_serial_row_count,ok
2026,24,92,945,,,data\rolls\2026\pdfs\ac024\AC024PART092.pdf,pdf_serial_row_count,ok
2026,24,93,609,,,data\rolls\2026\pdfs\ac024\AC024PART093.pdf,pdf_serial_row_count,ok
2026,24,94,931,,,data\rolls\2026\pdfs\ac024\AC024PART094.pdf,pdf_serial_row_count,ok
2026,24,95,455,,,data\rolls\2026\pdfs\ac024\AC024PART095.pdf,pdf_serial_row_count,ok
2026,24,96,754,,,data\rolls\2026\pdfs\ac024\AC024PART096.pdf,pdf_serial_row_count,ok
2026,24,97,840,,,data\rolls\2026\pdfs\ac024\AC024PART097.pdf,pdf_serial_row_count,ok
2026,24,98,986,,,data\rolls\2026\pdfs\ac024\AC024PART098.pdf,pdf_serial_row_count,ok
2026,24,99,718,,,data\rolls\2026\pdfs\ac024\AC024PART099.pdf,pdf_serial_row_count,ok
2026,24,100,561,,,data\rolls\2026\pdfs\ac024\AC024PART100.pdf,pdf_serial_row_count,ok
2026,24,101,418,,,data\rolls\2026\pdfs\ac024\AC024PART101.pdf,pdf_serial_row_count,ok
2026,24,102,546,,,data\rolls\2026\pdfs\ac024\AC024PART102.pdf,pdf_serial_row_count,ok
2026,24,103,1036,,,data\rolls\2026\pdfs\ac024\AC024PART103.pdf,pdf_serial_row_count,ok
2026,24,104,786,,,data\rolls\2026\pdfs\ac024\AC024PART104.pdf,pdf_serial_row_count,ok
2026,24,105,686,,,data\rolls\2026\pdfs\ac024\AC024PART105.pdf,pdf_serial_row_count,ok
2026,24,106,515,,,data\rolls\2026\pdfs\ac024\AC024PART106.pdf,pdf_serial_row_count,ok
2026,24,107,973,,,data\rolls\2026\pdfs\ac024\AC024PART107.pdf,pdf_serial_row_count,ok
2026,24,108,754,,,data\rolls\2026\pdfs\ac024\AC024PART108.pdf,pdf_serial_row_count,ok
2026,24,109,611,,,data\rolls\2026\pdfs\ac024\AC024PART109.pdf,pdf_serial_row_count,ok
2026,24,110,731,,,data\rolls\2026\pdfs\ac024\AC024PART110.pdf,pdf_serial_row_count,ok
2026,24,111,597,,,data\rolls\2026\pdfs\ac024\AC024PART111.pdf,pdf_serial_row_count,ok
2026,24,112,715,,,data\rolls\2026\pdfs\ac024\AC024PART112.pdf,pdf_serial_row_count,ok
2026,24,113,900,,,data\rolls\2026\pdfs\ac024\AC024PART113.pdf,pdf_serial_row_count,ok
2026,24,114,813,,,data\rolls\2026\pdfs\ac024\AC024PART114.pdf,pdf_serial_row_count,ok
2026,24,115,881,,,data\rolls\2026\pdfs\ac024\AC024PART115.pdf,pdf_serial_row_count,ok
2026,24,116,880,,,data\rolls\2026\pdfs\ac024\AC024PART116.pdf,pdf_serial_row_count,ok
2026,24,117,378,,,data\rolls\2026\pdfs\ac024\AC024PART117.pdf,pdf_serial_row_count,ok
2026,24,118,849,,,data\rolls\2026\pdfs\ac024\AC024PART118.pdf,pdf_serial_row_count,ok
2026,24,119,768,,,data\rolls\2026\pdfs\ac024\AC024PART119.pdf,pdf_serial_row_count,ok
2026,24,120,613,,,data\rolls\2026\pdfs\ac024\AC024PART120.pdf,pdf_serial_row_count,ok
2026,24,121,514,,,data\rolls\2026\pdfs\ac024\AC024PART121.pdf,pdf_serial_row_count,ok
2026,24,122,651,,,data\rolls\2026\pdfs\ac024\AC024PART122.pdf,pdf_serial_row_count,ok
2026,24,123,661,,,data\rolls\2026\pdfs\ac024\AC024PART123.pdf,pdf_serial_row_count,ok
2026,24,124,811,,,data\rolls\2026\pdfs\ac024\AC024PART124.pdf,pdf_serial_row_count,ok
2026,24,125,697,,,data\rolls\2026\pdfs\ac024\AC024PART125.pdf,pdf_serial_row_count,ok
2026,24,126,648,,,data\rolls\2026\pdfs\ac024\AC024PART126.pdf,pdf_serial_row_count,ok
2026,24,127,722,,,data\rolls\2026\pdfs\ac024\AC024PART127.pdf,pdf_serial_row_count,ok
2026,24,128,810,,,data\rolls\2026\pdfs\ac024\AC024PART128.pdf,pdf_serial_row_count,ok
2026,24,129,995,,,data\rolls\2026\pdfs\ac024\AC024PART129.pdf,pdf_serial_row_count,ok
2026,24,130,1099,,,data\rolls\2026\pdfs\ac024\AC024PART130.pdf,pdf_serial_row_count,ok
2026,24,131,1058,,,data\rolls\2026\pdfs\ac024\AC024PART131.pdf,pdf_serial_row_count,ok
2026,24,132,580,,,data\rolls\2026\pdfs\ac024\AC024PART132.pdf,pdf_serial_row_count,ok
2026,24,133,348,,,data\rolls\2026\pdfs\ac024\AC024PART133.pdf,pdf_serial_row_count,ok
2026,24,134,577,,,data\rolls\2026\pdfs\ac024\AC024PART134.pdf,pdf_serial_row_count,ok
2026,24,135,406,,,data\rolls\2026\pdfs\ac024\AC024PART135.pdf,pdf_serial_row_count,ok
2026,24,136,696,,,data\rolls\2026\pdfs\ac024\AC024PART136.pdf,pdf_serial_row_count,ok
2026,24,137,481,,,data\rolls\2026\pdfs\ac024\AC024PART137.pdf,pdf_serial_row_count,ok
2026,24,138,730,,,data\rolls\2026\pdfs\ac024\AC024PART138.pdf,pdf_serial_row_count,ok
2026,24,139,520,,,data\rolls\2026\pdfs\ac024\AC024PART139.pdf,pdf_serial_row_count,ok
2026,24,140,570,,,data\rolls\2026\pdfs\ac024\AC024PART140.pdf,pdf_serial_row_count,ok
2026,24,141,769,,,data\rolls\2026\pdfs\ac024\AC024PART141.pdf,pdf_serial_row_count,ok
2026,24,142,887,,,data\rolls\2026\pdfs\ac024\AC024PART142.pdf,pdf_serial_row_count,ok
2026,24,143,592,,,data\rolls\2026\pdfs\ac024\AC024PART143.pdf,pdf_serial_row_count,ok
2026,24,144,432,,,data\rolls\2026\pdfs\ac024\AC024PART144.pdf,pdf_serial_row_count,ok
2026,24,145,564,,,data\rolls\2026\pdfs\ac024\AC024PART145.pdf,pdf_serial_row_count,ok
2026,24,146,941,,,data\rolls\2026\pdfs\ac024\AC024PART146.pdf,pdf_serial_row_count,ok
2026,24,147,582,,,data\rolls\2026\pdfs\ac024\AC024PART147.pdf,pdf_serial_row_count,ok
2026,24,148,401,,,data\rolls\2026\pdfs\ac024\AC024PART148.pdf,pdf_serial_row_count,ok
2026,24,149,507,,,data\rolls\2026\pdfs\ac024\AC024PART149.pdf,pdf_serial_row_count,ok
2026,24,150,980,,,data\rolls\2026\pdfs\ac024\AC024PART150.pdf,pdf_serial_row_count,ok
2026,24,151,519,,,data\rolls\2026\pdfs\ac024\AC024PART151.pdf,pdf_serial_row_count,ok
2026,24,152,580,,,data\rolls\2026\pdfs\ac024\AC024PART152.pdf,pdf_serial_row_count,ok
2026,24,153,837,,,data\rolls\2026\pdfs\ac024\AC024PART153.pdf,pdf_serial_row_count,ok
2026,24,154,982,,,data\rolls\2026\pdfs\ac024\AC024PART154.pdf,pdf_serial_row_count,ok
2026,24,155,548,,,data\rolls\2026\pdfs\ac024\AC024PART155.pdf,pdf_serial_row_count,ok
2026,24,156,627,,,data\rolls\2026\pdfs\ac024\AC024PART156.pdf,pdf_serial_row_count,ok
2026,24,157,842,,,data\rolls\2026\pdfs\ac024\AC024PART157.pdf,pdf_serial_row_count,ok
2026,24,158,621,,,data\rolls\2026\pdfs\ac024\AC024PART158.pdf,pdf_serial_row_count,ok
2026,24,159,831,,,data\rolls\2026\pdfs\ac024\AC024PART159.pdf,pdf_serial_row_count,ok
2026,24,160,721,,,data\rolls\2026\pdfs\ac024\AC024PART160.pdf,pdf_serial_row_count,ok
2026,24,161,914,,,data\rolls\2026\pdfs\ac024\AC024PART161.pdf,pdf_serial_row_count,ok
2026,24,162,589,,,data\rolls\2026\pdfs\ac024\AC024PART162.pdf,pdf_serial_row_count,ok
2026,24,163,522,,,data\rolls\2026\pdfs\ac024\AC024PART163.pdf,pdf_serial_row_count,ok
2026,24,164,391,,,data\rolls\2026\pdfs\ac024\AC024PART164.pdf,pdf_serial_row_count,ok
2026,24,165,771,,,data\rolls\2026\pdfs\ac024\AC024PART165.pdf,pdf_serial_row_count,ok
2026,24,166,603,,,data\rolls\2026\pdfs\ac024\AC024PART166.pdf,pdf_serial_row_count,ok
2026,24,167,552,,,data\rolls\2026\pdfs\ac024\AC024PART167.pdf,pdf_serial_row_count,ok
2026,24,168,866,,,data\rolls\2026\pdfs\ac024\AC024PART168.pdf,pdf_serial_row_count,ok
2026,24,169,696,,,data\rolls\2026\pdfs\ac024\AC024PART169.pdf,pdf_serial_row_count,ok
2026,24,170,626,,,data\rolls\2026\pdfs\ac024\AC024PART170.pdf,pdf_serial_row_count,ok
2026,24,171,532,,,data\rolls\2026\pdfs\ac024\AC024PART171.pdf,pdf_serial_row_count,ok
2026,24,172,1048,,,data\rolls\2026\pdfs\ac024\AC024PART172.pdf,pdf_serial_row_count,ok
2026,24,173,374,,,data\rolls\2026\pdfs\ac024\AC024PART173.pdf,pdf_serial_row_count,ok
2026,24,174,352,,,data\rolls\2026\pdfs\ac024\AC024PART174.pdf,pdf_serial_row_count,ok
2026,24,175,719,,,data\rolls\2026\pdfs\ac024\AC024PART175.pdf,pdf_serial_row_count,ok
2026,24,176,567,,,data\rolls\2026\pdfs\ac024\AC024PART176.pdf,pdf_serial_row_count,ok
2026,24,177,808,,,data\rolls\2026\pdfs\ac024\AC024PART177.pdf,pdf_serial_row_count,ok
2026,24,178,766,,,data\rolls\2026\pdfs\ac024\AC024PART178.pdf,pdf_serial_row_count,ok
2026,24,179,556,,,data\rolls\2026\pdfs\ac024\AC024PART179.pdf,pdf_serial_row_count,ok
2026,24,180,663,,,data\rolls\2026\pdfs\ac024\AC024PART180.pdf,pdf_serial_row_count,ok
2026,24,181,968,,,data\rolls\2026\pdfs\ac024\AC024PART181.pdf,pdf_serial_row_count,ok
2026,24,182,466,,,data\rolls\2026\pdfs\ac024\AC024PART182.pdf,pdf_serial_row_count,ok
2026,24,183,510,,,data\rolls\2026\pdfs\ac024\AC024PART183.pdf,pdf_serial_row_count,ok
2026,24,184,588,,,data\rolls\2026\pdfs\ac024\AC024PART184.pdf,pdf_serial_row_count,ok
2026,24,185,568,,,data\rolls\2026\pdfs\ac024\AC024PART185.pdf,pdf_serial_row_count,ok
2026,24,186,493,,,data\rolls\2026\pdfs\ac024\AC024PART186.pdf,pdf_serial_row_count,ok
2026,24,187,535,,,data\rolls\2026\pdfs\ac024\AC024PART187.pdf,pdf_serial_row_count,ok
2026,24,188,600,,,data\rolls\2026\pdfs\ac024\AC024PART188.pdf,pdf_serial_row_count,ok
2026,24,189,584,,,data\rolls\2026\pdfs\ac024\AC024PART189.pdf,pdf_serial_row_count,ok
2026,24,190,564,,,data\rolls\2026\pdfs\ac024\AC024PART190.pdf,pdf_serial_row_count,ok
2026,24,191,902,,,data\rolls\2026\pdfs\ac024\AC024PART191.pdf,pdf_serial_row_count,ok
2026,24,192,650,,,data\rolls\2026\pdfs\ac024\AC024PART192.pdf,pdf_serial_row_count,ok
2026,24,193,582,,,data\rolls\2026\pdfs\ac024\AC024PART193.pdf,pdf_serial_row_count,ok
2026,24,194,801,,,data\rolls\2026\pdfs\ac024\AC024PART194.pdf,pdf_serial_row_count,ok
2026,24,195,1142,,,data\rolls\2026\pdfs\ac024\AC024PART195.pdf,pdf_serial_row_count,ok
2026,24,196,946,,,data\rolls\2026\pdfs\ac024\AC024PART196.pdf,pdf_serial_row_count,ok
2026,24,197,550,,,data\rolls\2026\pdfs\ac024\AC024PART197.pdf,pdf_serial_row_count,ok
2026,24,198,655,,,data\rolls\2026\pdfs\ac024\AC024PART198.pdf,pdf_serial_row_count,ok
2026,24,199,633,,,data\rolls\2026\pdfs\ac024\AC024PART199.pdf,pdf_serial_row_count,ok
2026,24,200,699,,,data\rolls\2026\pdfs\ac024\AC024PART200.pdf,pdf_serial_row_count,ok
2026,24,201,804,,,data\rolls\2026\pdfs\ac024\AC024PART201.pdf,pdf_serial_row_count,ok
2026,24,202,757,,,data\rolls\2026\pdfs\ac024\AC024PART202.pdf,pdf_serial_row_count,ok
2026,24,203,891,,,data\rolls\2026\pdfs\ac024\AC024PART203.pdf,pdf_serial_row_count,ok
2026,24,204,700,,,data\rolls\2026\pdfs\ac024\AC024PART204.pdf,pdf_serial_row_count,ok
2026,24,205,741,,,data\rolls\2026\pdfs\ac024\AC024PART205.pdf,pdf_serial_row_count,ok
2026,24,206,552,,,data\rolls\2026\pdfs\ac024\AC024PART206.pdf,pdf_serial_row_count,ok
2026,24,207,1083,,,data\rolls\2026\pdfs\ac024\AC024PART207.pdf,pdf_serial_row_count,ok
2026,24,208,999,,,data\rolls\2026\pdfs\ac024\AC024PART208.pdf,pdf_serial_row_count,ok
2026,24,209,988,,,data\rolls\2026\pdfs\ac024\AC024PART209.pdf,pdf_serial_row_count,ok
2026,24,210,531,,,data\rolls\2026\pdfs\ac024\AC024PART210.pdf,pdf_serial_row_count,ok
2026,24,211,614,,,data\rolls\2026\pdfs\ac024\AC024PART211.pdf,pdf_serial_row_count,ok
2026,24,212,770,,,data\rolls\2026\pdfs\ac024\AC024PART212.pdf,pdf_serial_row_count,ok
2026,24,213,377,,,data\rolls\2026\pdfs\ac024\AC024PART213.pdf,pdf_serial_row_count,ok
2026,24,214,329,,,data\rolls\2026\pdfs\ac024\AC024PART214.pdf,pdf_serial_row_count,ok
2026,24,215,312,,,data\rolls\2026\pdfs\ac024\AC024PART215.pdf,pdf_serial_row_count,ok
2026,24,216,599,,,data\rolls\2026\pdfs\ac024\AC024PART216.pdf,pdf_serial_row_count,ok
2026,24,217,345,,,data\rolls\2026\pdfs\ac024\AC024PART217.pdf,pdf_serial_row_count,ok
2026,24,218,681,,,data\rolls\2026\pdfs\ac024\AC024PART218.pdf,pdf_serial_row_count,ok
2026,24,219,822,,,data\rolls\2026\pdfs\ac024\AC024PART219.pdf,pdf_serial_row_count,ok
2026,24,220,590,,,data\rolls\2026\pdfs\ac024\AC024PART220.pdf,pdf_serial_row_count,ok
2026,24,221,657,,,data\rolls\2026\pdfs\ac024\AC024PART221.pdf,pdf_serial_row_count,ok
2026,24,222,564,,,data\rolls\2026\pdfs\ac024\AC024PART222.pdf,pdf_serial_row_count,ok
2026,24,223,943,,,data\rolls\2026\pdfs\ac024\AC024PART223.pdf,pdf_serial_row_count,ok
2026,25,1,821,,,data\rolls\2026\pdfs\ac025\AC025PART001.pdf,pdf_serial_row_count,ok
2026,25,2,644,,,data\rolls\2026\pdfs\ac025\AC025PART002.pdf,pdf_serial_row_count,ok
2026,25,3,586,,,data\rolls\2026\pdfs\ac025\AC025PART003.pdf,pdf_serial_row_count,ok
2026,25,4,598,,,data\rolls\2026\pdfs\ac025\AC025PART004.pdf,pdf_serial_row_count,ok
2026,25,5,758,,,data\rolls\2026\pdfs\ac025\AC025PART005.pdf,pdf_serial_row_count,ok
2026,25,6,651,,,data\rolls\2026\pdfs\ac025\AC025PART006.pdf,pdf_serial_row_count,ok
2026,25,7,590,,,data\rolls\2026\pdfs\ac025\AC025PART007.pdf,pdf_serial_row_count,ok
2026,25,8,1157,,,data\rolls\2026\pdfs\ac025\AC025PART008.pdf,pdf_serial_row_count,ok
2026,25,9,628,,,data\rolls\2026\pdfs\ac025\AC025PART009.pdf,pdf_serial_row_count,ok
2026,25,10,689,,,data\rolls\2026\pdfs\ac025\AC025PART010.pdf,pdf_serial_row_count,ok
2026,25,11,1061,,,data\rolls\2026\pdfs\ac025\AC025PART011.pdf,pdf_serial_row_count,ok
2026,25,12,756,,,data\rolls\2026\pdfs\ac025\AC025PART012.pdf,pdf_serial_row_count,ok
2026,25,13,1127,,,data\rolls\2026\pdfs\ac025\AC025PART013.pdf,pdf_serial_row_count,ok
2026,25,14,1327,,,data\rolls\2026\pdfs\ac025\AC025PART014.pdf,pdf_serial_row_count,ok
2026,25,15,596,,,data\rolls\2026\pdfs\ac025\AC025PART015.pdf,pdf_serial_row_count,ok
2026,25,16,1061,,,data\rolls\2026\pdfs\ac025\AC025PART016.pdf,pdf_serial_row_count,ok
2026,25,17,685,,,data\rolls\2026\pdfs\ac025\AC025PART017.pdf,pdf_serial_row_count,ok
2026,25,18,595,,,data\rolls\2026\pdfs\ac025\AC025PART018.pdf,pdf_serial_row_count,ok
2026,25,19,861,,,data\rolls\2026\pdfs\ac025\AC025PART019.pdf,pdf_serial_row_count,ok
2026,25,20,763,,,data\rolls\2026\pdfs\ac025\AC025PART020.pdf,pdf_serial_row_count,ok
2026,25,21,961,,,data\rolls\2026\pdfs\ac025\AC025PART021.pdf,pdf_serial_row_count,ok
2026,25,22,946,,,data\rolls\2026\pdfs\ac025\AC025PART022.pdf,pdf_serial_row_count,ok
2026,25,23,1025,,,data\rolls\2026\pdfs\ac025\AC025PART023.pdf,pdf_serial_row_count,ok
2026,25,24,746,,,data\rolls\2026\pdfs\ac025\AC025PART024.pdf,pdf_serial_row_count,ok
2026,25,25,614,,,data\rolls\2026\pdfs\ac025\AC025PART025.pdf,pdf_serial_row_count,ok
2026,25,26,622,,,data\rolls\2026\pdfs\ac025\AC025PART026.pdf,pdf_serial_row_count,ok
2026,25,27,758,,,data\rolls\2026\pdfs\ac025\AC025PART027.pdf,pdf_serial_row_count,ok
2026,25,28,988,,,data\rolls\2026\pdfs\ac025\AC025PART028.pdf,pdf_serial_row_count,ok
2026,25,29,768,,,data\rolls\2026\pdfs\ac025\AC025PART029.pdf,pdf_serial_row_count,ok
2026,25,30,449,,,data\rolls\2026\pdfs\ac025\AC025PART030.pdf,pdf_serial_row_count,ok
2026,25,31,906,,,data\rolls\2026\pdfs\ac025\AC025PART031.pdf,pdf_serial_row_count,ok
2026,25,32,469,,,data\rolls\2026\pdfs\ac025\AC025PART032.pdf,pdf_serial_row_count,ok
2026,25,33,694,,,data\rolls\2026\pdfs\ac025\AC025PART033.pdf,pdf_serial_row_count,ok
2026,25,34,658,,,data\rolls\2026\pdfs\ac025\AC025PART034.pdf,pdf_serial_row_count,ok
2026,25,35,728,,,data\rolls\2026\pdfs\ac025\AC025PART035.pdf,pdf_serial_row_count,ok
2026,25,36,772,,,data\rolls\2026\pdfs\ac025\AC025PART036.pdf,pdf_serial_row_count,ok
2026,25,37,884,,,data\rolls\2026\pdfs\ac025\AC025PART037.pdf,pdf_serial_row_count,ok
2026,25,38,890,,,data\rolls\2026\pdfs\ac025\AC025PART038.pdf,pdf_serial_row_count,ok
2026,25,39,589,,,data\rolls\2026\pdfs\ac025\AC025PART039.pdf,pdf_serial_row_count,ok
2026,25,40,801,,,data\rolls\2026\pdfs\ac025\AC025PART040.pdf,pdf_serial_row_count,ok
2026,25,41,584,,,data\rolls\2026\pdfs\ac025\AC025PART041.pdf,pdf_serial_row_count,ok
2026,25,42,515,,,data\rolls\2026\pdfs\ac025\AC025PART042.pdf,pdf_serial_row_count,ok
2026,25,43,1356,,,data\rolls\2026\pdfs\ac025\AC025PART043.pdf,pdf_serial_row_count,ok
2026,25,44,986,,,data\rolls\2026\pdfs\ac025\AC025PART044.pdf,pdf_serial_row_count,ok
2026,25,45,623,,,data\rolls\2026\pdfs\ac025\AC025PART045.pdf,pdf_serial_row_count,ok
2026,25,46,543,,,data\rolls\2026\pdfs\ac025\AC025PART046.pdf,pdf_serial_row_count,ok
2026,25,47,777,,,data\rolls\2026\pdfs\ac025\AC025PART047.pdf,pdf_serial_row_count,ok
2026,25,48,936,,,data\rolls\2026\pdfs\ac025\AC025PART048.pdf,pdf_serial_row_count,ok
2026,25,49,808,,,data\rolls\2026\pdfs\ac025\AC025PART049.pdf,pdf_serial_row_count,ok
2026,25,50,747,,,data\rolls\2026\pdfs\ac025\AC025PART050.pdf,pdf_serial_row_count,ok
2026,25,51,1059,,,data\rolls\2026\pdfs\ac025\AC025PART051.pdf,pdf_serial_row_count,ok
2026,25,52,1133,,,data\rolls\2026\pdfs\ac025\AC025PART052.pdf,pdf_serial_row_count,ok
2026,25,53,988,,,data\rolls\2026\pdfs\ac025\AC025PART053.pdf,pdf_serial_row_count,ok
2026,25,54,1285,,,data\rolls\2026\pdfs\ac025\AC025PART054.pdf,pdf_serial_row_count,ok
2026,25,55,864,,,data\rolls\2026\pdfs\ac025\AC025PART055.pdf,pdf_serial_row_count,ok
2026,25,56,781,,,data\rolls\2026\pdfs\ac025\AC025PART056.pdf,pdf_serial_row_count,ok
2026,25,57,872,,,data\rolls\2026\pdfs\ac025\AC025PART057.pdf,pdf_serial_row_count,ok
2026,25,58,524,,,data\rolls\2026\pdfs\ac025\AC025PART058.pdf,pdf_serial_row_count,ok
2026,25,59,422,,,data\rolls\2026\pdfs\ac025\AC025PART059.pdf,pdf_serial_row_count,ok
2026,25,60,966,,,data\rolls\2026\pdfs\ac025\AC025PART060.pdf,pdf_serial_row_count,ok
2026,25,61,949,,,data\rolls\2026\pdfs\ac025\AC025PART061.pdf,pdf_serial_row_count,ok
2026,25,62,458,,,data\rolls\2026\pdfs\ac025\AC025PART062.pdf,pdf_serial_row_count,ok
2026,25,63,521,,,data\rolls\2026\pdfs\ac025\AC025PART063.pdf,pdf_serial_row_count,ok
2026,25,64,594,,,data\rolls\2026\pdfs\ac025\AC025PART064.pdf,pdf_serial_row_count,ok
2026,25,65,978,,,data\rolls\2026\pdfs\ac025\AC025PART065.pdf,pdf_serial_row_count,ok
2026,25,66,776,,,data\rolls\2026\pdfs\ac025\AC025PART066.pdf,pdf_serial_row_count,ok
2026,25,67,760,,,data\rolls\2026\pdfs\ac025\AC025PART067.pdf,pdf_serial_row_count,ok
2026,25,68,662,,,data\rolls\2026\pdfs\ac025\AC025PART068.pdf,pdf_serial_row_count,ok
2026,25,69,795,,,data\rolls\2026\pdfs\ac025\AC025PART069.pdf,pdf_serial_row_count,ok
2026,25,70,1075,,,data\rolls\2026\pdfs\ac025\AC025PART070.pdf,pdf_serial_row_count,ok
2026,25,71,1283,,,data\rolls\2026\pdfs\ac025\AC025PART071.pdf,pdf_serial_row_count,ok
2026,25,72,1072,,,data\rolls\2026\pdfs\ac025\AC025PART072.pdf,pdf_serial_row_count,ok
2026,25,73,1230,,,data\rolls\2026\pdfs\ac025\AC025PART073.pdf,pdf_serial_row_count,ok
2026,25,74,1194,,,data\rolls\2026\pdfs\ac025\AC025PART074.pdf,pdf_serial_row_count,ok
2026,25,75,560,,,data\rolls\2026\pdfs\ac025\AC025PART075.pdf,pdf_serial_row_count,ok
2026,25,76,835,,,data\rolls\2026\pdfs\ac025\AC025PART076.pdf,pdf_serial_row_count,ok
2026,25,77,954,,,data\rolls\2026\pdfs\ac025\AC025PART077.pdf,pdf_serial_row_count,ok
2026,25,78,1630,,,data\rolls\2026\pdfs\ac025\AC025PART078.pdf,pdf_serial_row_count,ok
2026,25,79,670,,,data\rolls\2026\pdfs\ac025\AC025PART079.pdf,pdf_serial_row_count,ok
2026,25,80,980,,,data\rolls\2026\pdfs\ac025\AC025PART080.pdf,pdf_serial_row_count,ok
2026,25,81,457,,,data\rolls\2026\pdfs\ac025\AC025PART081.pdf,pdf_serial_row_count,ok
2026,25,82,435,,,data\rolls\2026\pdfs\ac025\AC025PART082.pdf,pdf_serial_row_count,ok
2026,25,83,683,,,data\rolls\2026\pdfs\ac025\AC025PART083.pdf,pdf_serial_row_count,ok
2026,25,84,561,,,data\rolls\2026\pdfs\ac025\AC025PART084.pdf,pdf_serial_row_count,ok
2026,25,85,701,,,data\rolls\2026\pdfs\ac025\AC025PART085.pdf,pdf_serial_row_count,ok
2026,25,86,664,,,data\rolls\2026\pdfs\ac025\AC025PART086.pdf,pdf_serial_row_count,ok
2026,25,87,678,,,data\rolls\2026\pdfs\ac025\AC025PART087.pdf,pdf_serial_row_count,ok
2026,25,88,1032,,,data\rolls\2026\pdfs\ac025\AC025PART088.pdf,pdf_serial_row_count,ok
2026,25,89,597,,,data\rolls\2026\pdfs\ac025\AC025PART089.pdf,pdf_serial_row_count,ok
2026,25,90,782,,,data\rolls\2026\pdfs\ac025\AC025PART090.pdf,pdf_serial_row_count,ok
2026,25,91,582,,,data\rolls\2026\pdfs\ac025\AC025PART091.pdf,pdf_serial_row_count,ok
2026,25,92,1064,,,data\rolls\2026\pdfs\ac025\AC025PART092.pdf,pdf_serial_row_count,ok
2026,25,93,988,,,data\rolls\2026\pdfs\ac025\AC025PART093.pdf,pdf_serial_row_count,ok
2026,25,94,1002,,,data\rolls\2026\pdfs\ac025\AC025PART094.pdf,pdf_serial_row_count,ok
2026,25,95,535,,,data\rolls\2026\pdfs\ac025\AC025PART095.pdf,pdf_serial_row_count,ok
2026,25,96,257,,,data\rolls\2026\pdfs\ac025\AC025PART096.pdf,pdf_serial_row_count,ok
2026,25,97,544,,,data\rolls\2026\pdfs\ac025\AC025PART097.pdf,pdf_serial_row_count,ok
2026,25,98,766,,,data\rolls\2026\pdfs\ac025\AC025PART098.pdf,pdf_serial_row_count,ok
2026,25,99,585,,,data\rolls\2026\pdfs\ac025\AC025PART099.pdf,pdf_serial_row_count,ok
2026,25,100,780,,,data\rolls\2026\pdfs\ac025\AC025PART100.pdf,pdf_serial_row_count,ok
2026,25,101,759,,,data\rolls\2026\pdfs\ac025\AC025PART101.pdf,pdf_serial_row_count,ok
2026,25,102,740,,,data\rolls\2026\pdfs\ac025\AC025PART102.pdf,pdf_serial_row_count,ok
2026,25,103,724,,,data\rolls\2026\pdfs\ac025\AC025PART103.pdf,pdf_serial_row_count,ok
2026,25,104,1043,,,data\rolls\2026\pdfs\ac025\AC025PART104.pdf,pdf_serial_row_count,ok
2026,25,105,793,,,data\rolls\2026\pdfs\ac025\AC025PART105.pdf,pdf_serial_row_count,ok
2026,25,106,525,,,data\rolls\2026\pdfs\ac025\AC025PART106.pdf,pdf_serial_row_count,ok
2026,25,107,1000,,,data\rolls\2026\pdfs\ac025\AC025PART107.pdf,pdf_serial_row_count,ok
2026,25,108,663,,,data\rolls\2026\pdfs\ac025\AC025PART108.pdf,pdf_serial_row_count,ok
2026,25,109,1139,,,data\rolls\2026\pdfs\ac025\AC025PART109.pdf,pdf_serial_row_count,ok
2026,25,110,1082,,,data\rolls\2026\pdfs\ac025\AC025PART110.pdf,pdf_serial_row_count,ok
2026,25,111,927,,,data\rolls\2026\pdfs\ac025\AC025PART111.pdf,pdf_serial_row_count,ok
2026,25,112,933,,,data\rolls\2026\pdfs\ac025\AC025PART112.pdf,pdf_serial_row_count,ok
2026,25,113,795,,,data\rolls\2026\pdfs\ac025\AC025PART113.pdf,pdf_serial_row_count,ok
2026,25,114,585,,,data\rolls\2026\pdfs\ac025\AC025PART114.pdf,pdf_serial_row_count,ok
2026,25,115,935,,,data\rolls\2026\pdfs\ac025\AC025PART115.pdf,pdf_serial_row_count,ok
2026,25,116,589,,,data\rolls\2026\pdfs\ac025\AC025PART116.pdf,pdf_serial_row_count,ok
2026,25,117,1055,,,data\rolls\2026\pdfs\ac025\AC025PART117.pdf,pdf_serial_row_count,ok
2026,25,118,1173,,,data\rolls\2026\pdfs\ac025\AC025PART118.pdf,pdf_serial_row_count,ok
2026,25,119,958,,,data\rolls\2026\pdfs\ac025\AC025PART119.pdf,pdf_serial_row_count,ok
2026,25,120,683,,,data\rolls\2026\pdfs\ac025\AC025PART120.pdf,pdf_serial_row_count,ok
2026,25,121,775,,,data\rolls\2026\pdfs\ac025\AC025PART121.pdf,pdf_serial_row_count,ok
2026,25,122,953,,,data\rolls\2026\pdfs\ac025\AC025PART122.pdf,pdf_serial_row_count,ok
2026,25,123,1206,,,data\rolls\2026\pdfs\ac025\AC025PART123.pdf,pdf_serial_row_count,ok
2026,25,124,1020,,,data\rolls\2026\pdfs\ac025\AC025PART124.pdf,pdf_serial_row_count,ok
2026,25,125,899,,,data\rolls\2026\pdfs\ac025\AC025PART125.pdf,pdf_serial_row_count,ok
2026,25,126,640,,,data\rolls\2026\pdfs\ac025\AC025PART126.pdf,pdf_serial_row_count,ok
2026,25,127,732,,,data\rolls\2026\pdfs\ac025\AC025PART127.pdf,pdf_serial_row_count,ok
2026,25,128,920,,,data\rolls\2026\pdfs\ac025\AC025PART128.pdf,pdf_serial_row_count,ok
2026,25,129,634,,,data\rolls\2026\pdfs\ac025\AC025PART129.pdf,pdf_serial_row_count,ok
2026,25,130,883,,,data\rolls\2026\pdfs\ac025\AC025PART130.pdf,pdf_serial_row_count,ok
2026,25,131,537,,,data\rolls\2026\pdfs\ac025\AC025PART131.pdf,pdf_serial_row_count,ok
2026,25,132,716,,,data\rolls\2026\pdfs\ac025\AC025PART132.pdf,pdf_serial_row_count,ok
2026,25,133,634,,,data\rolls\2026\pdfs\ac025\AC025PART133.pdf,pdf_serial_row_count,ok
2026,25,134,383,,,data\rolls\2026\pdfs\ac025\AC025PART134.pdf,pdf_serial_row_count,ok
2026,25,135,613,,,data\rolls\2026\pdfs\ac025\AC025PART135.pdf,pdf_serial_row_count,ok
2026,25,136,759,,,data\rolls\2026\pdfs\ac025\AC025PART136.pdf,pdf_serial_row_count,ok
2026,25,137,822,,,data\rolls\2026\pdfs\ac025\AC025PART137.pdf,pdf_serial_row_count,ok
2026,25,138,594,,,data\rolls\2026\pdfs\ac025\AC025PART138.pdf,pdf_serial_row_count,ok
2026,25,139,402,,,data\rolls\2026\pdfs\ac025\AC025PART139.pdf,pdf_serial_row_count,ok
2026,25,140,916,,,data\rolls\2026\pdfs\ac025\AC025PART140.pdf,pdf_serial_row_count,ok
2026,25,141,755,,,data\rolls\2026\pdfs\ac025\AC025PART141.pdf,pdf_serial_row_count,ok
2026,25,142,447,,,data\rolls\2026\pdfs\ac025\AC025PART142.pdf,pdf_serial_row_count,ok
2026,25,143,714,,,data\rolls\2026\pdfs\ac025\AC025PART143.pdf,pdf_serial_row_count,ok
2026,25,144,493,,,data\rolls\2026\pdfs\ac025\AC025PART144.pdf,pdf_serial_row_count,ok
2026,25,145,775,,,data\rolls\2026\pdfs\ac025\AC025PART145.pdf,pdf_serial_row_count,ok
2026,25,146,223,,,data\rolls\2026\pdfs\ac025\AC025PART146.pdf,pdf_serial_row_count,ok
2026,25,147,209,,,data\rolls\2026\pdfs\ac025\AC025PART147.pdf,pdf_serial_row_count,ok
2026,25,148,443,,,data\rolls\2026\pdfs\ac025\AC025PART148.pdf,pdf_serial_row_count,ok
2026,25,149,370,,,data\rolls\2026\pdfs\ac025\AC025PART149.pdf,pdf_serial_row_count,ok
2026,25,150,494,,,data\rolls\2026\pdfs\ac025\AC025PART150.pdf,pdf_serial_row_count,ok
2026,25,151,804,,,data\rolls\2026\pdfs\ac025\AC025PART151.pdf,pdf_serial_row_count,ok
2026,25,152,592,,,data\rolls\2026\pdfs\ac025\AC025PART152.pdf,pdf_serial_row_count,ok
2026,25,153,115,,,data\rolls\2026\pdfs\ac025\AC025PART153.pdf,pdf_serial_row_count,ok
2026,25,154,713,,,data\rolls\2026\pdfs\ac025\AC025PART154.pdf,pdf_serial_row_count,ok
2026,25,155,172,,,data\rolls\2026\pdfs\ac025\AC025PART155.pdf,pdf_serial_row_count,ok
2026,25,156,848,,,data\rolls\2026\pdfs\ac025\AC025PART156.pdf,pdf_serial_row_count,ok
2026,25,157,584,,,data\rolls\2026\pdfs\ac025\AC025PART157.pdf,pdf_serial_row_count,ok
2026,25,158,243,,,data\rolls\2026\pdfs\ac025\AC025PART158.pdf,pdf_serial_row_count,ok
2026,25,159,818,,,data\rolls\2026\pdfs\ac025\AC025PART159.pdf,pdf_serial_row_count,ok
2026,25,160,558,,,data\rolls\2026\pdfs\ac025\AC025PART160.pdf,pdf_serial_row_count,ok
2026,25,161,905,,,data\rolls\2026\pdfs\ac025\AC025PART161.pdf,pdf_serial_row_count,ok
2026,25,162,535,,,data\rolls\2026\pdfs\ac025\AC025PART162.pdf,pdf_serial_row_count,ok
2026,25,163,716,,,data\rolls\2026\pdfs\ac025\AC025PART163.pdf,pdf_serial_row_count,ok
2026,25,164,646,,,data\rolls\2026\pdfs\ac025\AC025PART164.pdf,pdf_serial_row_count,ok
2026,25,165,421,,,data\rolls\2026\pdfs\ac025\AC025PART165.pdf,pdf_serial_row_count,ok
2026,25,166,590,,,data\rolls\2026\pdfs\ac025\AC025PART166.pdf,pdf_serial_row_count,ok
2026,25,167,555,,,data\rolls\2026\pdfs\ac025\AC025PART167.pdf,pdf_serial_row_count,ok
2026,25,168,664,,,data\rolls\2026\pdfs\ac025\AC025PART168.pdf,pdf_serial_row_count,ok
2026,25,169,609,,,data\rolls\2026\pdfs\ac025\AC025PART169.pdf,pdf_serial_row_count,ok
2026,25,170,99,,,data\rolls\2026\pdfs\ac025\AC025PART170.pdf,pdf_serial_row_count,ok
2026,25,171,398,,,data\rolls\2026\pdfs\ac025\AC025PART171.pdf,pdf_serial_row_count,ok
2026,25,172,344,,,data\rolls\2026\pdfs\ac025\AC025PART172.pdf,pdf_serial_row_count,ok
2026,25,173,770,,,data\rolls\2026\pdfs\ac025\AC025PART173.pdf,pdf_serial_row_count,ok
2026,25,174,618,,,data\rolls\2026\pdfs\ac025\AC025PART174.pdf,pdf_serial_row_count,ok
2026,25,175,656,,,data\rolls\2026\pdfs\ac025\AC025PART175.pdf,pdf_serial_row_count,ok
2026,25,176,692,,,data\rolls\2026\pdfs\ac025\AC025PART176.pdf,pdf_serial_row_count,ok
2026,25,177,901,,,data\rolls\2026\pdfs\ac025\AC025PART177.pdf,pdf_serial_row_count,ok
2026,25,178,1003,,,data\rolls\2026\pdfs\ac025\AC025PART178.pdf,pdf_serial_row_count,ok
2026,25,179,719,,,data\rolls\2026\pdfs\ac025\AC025PART179.pdf,pdf_serial_row_count,ok
2026,25,180,215,,,data\rolls\2026\pdfs\ac025\AC025PART180.pdf,pdf_serial_row_count,ok
2026,25,181,421,,,data\rolls\2026\pdfs\ac025\AC025PART181.pdf,pdf_serial_row_count,ok
2026,25,182,375,,,data\rolls\2026\pdfs\ac025\AC025PART182.pdf,pdf_serial_row_count,ok
2026,25,183,782,,,data\rolls\2026\pdfs\ac025\AC025PART183.pdf,pdf_serial_row_count,ok
2026,25,184,488,,,data\rolls\2026\pdfs\ac025\AC025PART184.pdf,pdf_serial_row_count,ok
2026,25,185,495,,,data\rolls\2026\pdfs\ac025\AC025PART185.pdf,pdf_serial_row_count,ok
2026,25,186,746,,,data\rolls\2026\pdfs\ac025\AC025PART186.pdf,pdf_serial_row_count,ok
2026,25,187,446,,,data\rolls\2026\pdfs\ac025\AC025PART187.pdf,pdf_serial_row_count,ok
2026,25,188,295,,,data\rolls\2026\pdfs\ac025\AC025PART188.pdf,pdf_serial_row_count,ok
2026,25,189,767,,,data\rolls\2026\pdfs\ac025\AC025PART189.pdf,pdf_serial_row_count,ok
2026,25,190,887,,,data\rolls\2026\pdfs\ac025\AC025PART190.pdf,pdf_serial_row_count,ok
2026,25,191,656,,,data\rolls\2026\pdfs\ac025\AC025PART191.pdf,pdf_serial_row_count,ok
2026,25,192,815,,,data\rolls\2026\pdfs\ac025\AC025PART192.pdf,pdf_serial_row_count,ok
2026,25,193,764,,,data\rolls\2026\pdfs\ac025\AC025PART193.pdf,pdf_serial_row_count,ok
2026,25,194,547,,,data\rolls\2026\pdfs\ac025\AC025PART194.pdf,pdf_serial_row_count,ok
2026,25,195,744,,,data\rolls\2026\pdfs\ac025\AC025PART195.pdf,pdf_serial_row_count,ok
2026,25,196,586,,,data\rolls\2026\pdfs\ac025\AC025PART196.pdf,pdf_serial_row_count,ok
2026,25,197,558,,,data\rolls\2026\pdfs\ac025\AC025PART197.pdf,pdf_serial_row_count,ok
2026,25,198,335,,,data\rolls\2026\pdfs\ac025\AC025PART198.pdf,pdf_serial_row_count,ok
2026,25,199,692,,,data\rolls\2026\pdfs\ac025\AC025PART199.pdf,pdf_serial_row_count,ok
2026,25,200,486,,,data\rolls\2026\pdfs\ac025\AC025PART200.pdf,pdf_serial_row_count,ok
2026,25,201,616,,,data\rolls\2026\pdfs\ac025\AC025PART201.pdf,pdf_serial_row_count,ok
2026,25,202,518,,,data\rolls\2026\pdfs\ac025\AC025PART202.pdf,pdf_serial_row_count,ok
2026,25,203,765,,,data\rolls\2026\pdfs\ac025\AC025PART203.pdf,pdf_serial_row_count,ok
2026,25,204,340,,,data\rolls\2026\pdfs\ac025\AC025PART204.pdf,pdf_serial_row_count,ok
2026,25,205,151,,,data\rolls\2026\pdfs\ac025\AC025PART205.pdf,pdf_serial_row_count,ok
2026,25,206,256,,,data\rolls\2026\pdfs\ac025\AC025PART206.pdf,pdf_serial_row_count,ok
2026,25,207,623,,,data\rolls\2026\pdfs\ac025\AC025PART207.pdf,pdf_serial_row_count,ok
2026,25,208,535,,,data\rolls\2026\pdfs\ac025\AC025PART208.pdf,pdf_serial_row_count,ok
2026,25,209,431,,,data\rolls\2026\pdfs\ac025\AC025PART209.pdf,pdf_serial_row_count,ok
2026,25,210,684,,,data\rolls\2026\pdfs\ac025\AC025PART210.pdf,pdf_serial_row_count,ok
2026,25,211,440,,,data\rolls\2026\pdfs\ac025\AC025PART211.pdf,pdf_serial_row_count,ok
2026,25,212,597,,,data\rolls\2026\pdfs\ac025\AC025PART212.pdf,pdf_serial_row_count,ok
2026,25,213,594,,,data\rolls\2026\pdfs\ac025\AC025PART213.pdf,pdf_serial_row_count,ok
2026,25,214,619,,,data\rolls\2026\pdfs\ac025\AC025PART214.pdf,pdf_serial_row_count,ok
2026,25,215,278,,,data\rolls\2026\pdfs\ac025\AC025PART215.pdf,pdf_serial_row_count,ok
2026,25,216,765,,,data\rolls\2026\pdfs\ac025\AC025PART216.pdf,pdf_serial_row_count,ok
2026,25,217,645,,,data\rolls\2026\pdfs\ac025\AC025PART217.pdf,pdf_serial_row_count,ok
2026,25,218,759,,,data\rolls\2026\pdfs\ac025\AC025PART218.pdf,pdf_serial_row_count,ok
2026,25,219,767,,,data\rolls\2026\pdfs\ac025\AC025PART219.pdf,pdf_serial_row_count,ok
2026,25,220,733,,,data\rolls\2026\pdfs\ac025\AC025PART220.pdf,pdf_serial_row_count,ok
2026,25,221,646,,,data\rolls\2026\pdfs\ac025\AC025PART221.pdf,pdf_serial_row_count,ok
2026,25,222,541,,,data\rolls\2026\pdfs\ac025\AC025PART222.pdf,pdf_serial_row_count,ok
2026,25,223,537,,,data\rolls\2026\pdfs\ac025\AC025PART223.pdf,pdf_serial_row_count,ok
2026,25,224,575,,,data\rolls\2026\pdfs\ac025\AC025PART224.pdf,pdf_serial_row_count,ok
2026,25,225,742,,,data\rolls\2026\pdfs\ac025\AC025PART225.pdf,pdf_serial_row_count,ok
2026,25,226,297,,,data\rolls\2026\pdfs\ac025\AC025PART226.pdf,pdf_serial_row_count,ok
2026,25,227,162,,,data\rolls\2026\pdfs\ac025\AC025PART227.pdf,pdf_serial_row_count,ok
2026,25,228,287,,,data\rolls\2026\pdfs\ac025\AC025PART228.pdf,pdf_serial_row_count,ok
2026,25,229,363,,,data\rolls\2026\pdfs\ac025\AC025PART229.pdf,pdf_serial_row_count,ok
2026,25,230,277,,,data\rolls\2026\pdfs\ac025\AC025PART230.pdf,pdf_serial_row_count,ok
2026,25,231,192,,,data\rolls\2026\pdfs\ac025\AC025PART231.pdf,pdf_serial_row_count,ok
2026,25,232,621,,,data\rolls\2026\pdfs\ac025\AC025PART232.pdf,pdf_serial_row_count,ok
2026,25,233,962,,,data\rolls\2026\pdfs\ac025\AC025PART233.pdf,pdf_serial_row_count,ok
2026,25,234,884,,,data\rolls\2026\pdfs\ac025\AC025PART234.pdf,pdf_serial_row_count,ok
2026,25,235,707,,,data\rolls\2026\pdfs\ac025\AC025PART235.pdf,pdf_serial_row_count,ok
2026,25,236,648,,,data\rolls\2026\pdfs\ac025\AC025PART236.pdf,pdf_serial_row_count,ok
2026,25,237,513,,,data\rolls\2026\pdfs\ac025\AC025PART237.pdf,pdf_serial_row_count,ok
2026,25,238,894,,,data\rolls\2026\pdfs\ac025\AC025PART238.pdf,pdf_serial_row_count,ok
2026,25,239,549,,,data\rolls\2026\pdfs\ac025\AC025PART239.pdf,pdf_serial_row_count,ok
2026,25,240,288,,,data\rolls\2026\pdfs\ac025\AC025PART240.pdf,pdf_serial_row_count,ok
2026,25,241,592,,,data\rolls\2026\pdfs\ac025\AC025PART241.pdf,pdf_serial_row_count,ok
2026,25,242,911,,,data\rolls\2026\pdfs\ac025\AC025PART242.pdf,pdf_serial_row_count,ok
2026,25,243,594,,,data\rolls\2026\pdfs\ac025\AC025PART243.pdf,pdf_serial_row_count,ok
2026,25,244,131,,,data\rolls\2026\pdfs\ac025\AC025PART244.pdf,pdf_serial_row_count,ok
2026,25,245,706,,,data\rolls\2026\pdfs\ac025\AC025PART245.pdf,pdf_serial_row_count,ok
2026,25,246,974,,,data\rolls\2026\pdfs\ac025\AC025PART246.pdf,pdf_serial_row_count,ok
2026,25,247,773,,,data\rolls\2026\pdfs\ac025\AC025PART247.pdf,pdf_serial_row_count,ok
2026,25,248,467,,,data\rolls\2026\pdfs\ac025\AC025PART248.pdf,pdf_serial_row_count,ok
2026,25,249,545,,,data\rolls\2026\pdfs\ac025\AC025PART249.pdf,pdf_serial_row_count,ok
2026,25,250,574,,,data\rolls\2026\pdfs\ac025\AC025PART250.pdf,pdf_serial_row_count,ok
2026,25,251,602,,,data\rolls\2026\pdfs\ac025\AC025PART251.pdf,pdf_serial_row_count,ok
2026,25,252,398,,,data\rolls\2026\pdfs\ac025\AC025PART252.pdf,pdf_serial_row_count,ok
2026,25,253,617,,,data\rolls\2026\pdfs\ac025\AC025PART253.pdf,pdf_serial_row_count,ok
2026,25,254,449,,,data\rolls\2026\pdfs\ac025\AC025PART254.pdf,pdf_serial_row_count,ok
2026,25,255,541,,,data\rolls\2026\pdfs\ac025\AC025PART255.pdf,pdf_serial_row_count,ok
2026,25,256,261,,,data\rolls\2026\pdfs\ac025\AC025PART256.pdf,pdf_serial_row_count,ok
2026,25,257,627,,,data\rolls\2026\pdfs\ac025\AC025PART257.pdf,pdf_serial_row_count,ok
2026,25,258,323,,,data\rolls\2026\pdfs\ac025\AC025PART258.pdf,pdf_serial_row_count,ok
2026,25,259,141,,,data\rolls\2026\pdfs\ac025\AC025PART259.pdf,pdf_serial_row_count,ok
2026,25,260,690,,,data\rolls\2026\pdfs\ac025\AC025PART260.pdf,pdf_serial_row_count,ok
2026,25,261,600,,,data\rolls\2026\pdfs\ac025\AC025PART261.pdf,pdf_serial_row_count,ok
2026,25,262,531,,,data\rolls\2026\pdfs\ac025\AC025PART262.pdf,pdf_serial_row_count,ok
2026,25,263,367,,,data\rolls\2026\pdfs\ac025\AC025PART263.pdf,pdf_serial_row_count,ok
2026,25,264,489,,,data\rolls\2026\pdfs\ac025\AC025PART264.pdf,pdf_serial_row_count,ok
2026,25,265,519,,,data\rolls\2026\pdfs\ac025\AC025PART265.pdf,pdf_serial_row_count,ok
2026,25,266,612,,,data\rolls\2026\pdfs\ac025\AC025PART266.pdf,pdf_serial_row_count,ok
2026,25,267,786,,,data\rolls\2026\pdfs\ac025\AC025PART267.pdf,pdf_serial_row_count,ok
2026,25,268,709,,,data\rolls\2026\pdfs\ac025\AC025PART268.pdf,pdf_serial_row_count,ok
2026,25,269,774,,,data\rolls\2026\pdfs\ac025\AC025PART269.pdf,pdf_serial_row_count,ok
2026,25,270,527,,,data\rolls\2026\pdfs\ac025\AC025PART270.pdf,pdf_serial_row_count,ok
2026,25,271,447,,,data\rolls\2026\pdfs\ac025\AC025PART271.pdf,pdf_serial_row_count,ok
2026,25,272,775,,,data\rolls\2026\pdfs\ac025\AC025PART272.pdf,pdf_serial_row_count,ok
2026,25,273,761,,,data\rolls\2026\pdfs\ac025\AC025PART273.pdf,pdf_serial_row_count,ok
2026,25,274,1062,,,data\rolls\2026\pdfs\ac025\AC025PART274.pdf,pdf_serial_row_count,ok
2026,25,275,813,,,data\rolls\2026\pdfs\ac025\AC025PART275.pdf,pdf_serial_row_count,ok
2026,25,276,488,,,data\rolls\2026\pdfs\ac025\AC025PART276.pdf,pdf_serial_row_count,ok
2026,25,277,866,,,data\rolls\2026\pdfs\ac025\AC025PART277.pdf,pdf_serial_row_count,ok
2026,25,278,548,,,data\rolls\2026\pdfs\ac025\AC025PART278.pdf,pdf_serial_row_count,ok
2026,25,279,883,,,data\rolls\2026\pdfs\ac025\AC025PART279.pdf,pdf_serial_row_count,ok
2026,25,280,451,,,data\rolls\2026\pdfs\ac025\AC025PART280.pdf,pdf_serial_row_count,ok
2026,25,281,878,,,data\rolls\2026\pdfs\ac025\AC025PART281.pdf,pdf_serial_row_count,ok
2026,25,282,606,,,data\rolls\2026\pdfs\ac025\AC025PART282.pdf,pdf_serial_row_count,ok
2026,25,283,90,,,data\rolls\2026\pdfs\ac025\AC025PART283.pdf,pdf_serial_row_count,ok
2026,25,284,656,,,data\rolls\2026\pdfs\ac025\AC025PART284.pdf,pdf_serial_row_count,ok
2026,25,285,475,,,data\rolls\2026\pdfs\ac025\AC025PART285.pdf,pdf_serial_row_count,ok
2026,25,286,796,,,data\rolls\2026\pdfs\ac025\AC025PART286.pdf,pdf_serial_row_count,ok
2026,25,287,914,,,data\rolls\2026\pdfs\ac025\AC025PART287.pdf,pdf_serial_row_count,ok
2026,25,288,1010,,,data\rolls\2026\pdfs\ac025\AC025PART288.pdf,pdf_serial_row_count,ok
2026,25,289,785,,,data\rolls\2026\pdfs\ac025\AC025PART289.pdf,pdf_serial_row_count,ok
2026,25,290,240,,,data\rolls\2026\pdfs\ac025\AC025PART290.pdf,pdf_serial_row_count,ok
2026,25,291,244,,,data\rolls\2026\pdfs\ac025\AC025PART291.pdf,pdf_serial_row_count,ok
2026,25,292,546,,,data\rolls\2026\pdfs\ac025\AC025PART292.pdf,pdf_serial_row_count,ok
2026,25,293,509,,,data\rolls\2026\pdfs\ac025\AC025PART293.pdf,pdf_serial_row_count,ok
2026,25,294,609,,,data\rolls\2026\pdfs\ac025\AC025PART294.pdf,pdf_serial_row_count,ok
2026,25,295,592,,,data\rolls\2026\pdfs\ac025\AC025PART295.pdf,pdf_serial_row_count,ok
2026,25,296,699,,,data\rolls\2026\pdfs\ac025\AC025PART296.pdf,pdf_serial_row_count,ok
2026,25,297,591,,,data\rolls\2026\pdfs\ac025\AC025PART297.pdf,pdf_serial_row_count,ok
2026,25,298,876,,,data\rolls\2026\pdfs\ac025\AC025PART298.pdf,pdf_serial_row_count,ok
2026,25,299,671,,,data\rolls\2026\pdfs\ac025\AC025PART299.pdf,pdf_serial_row_count,ok
2026,25,300,466,,,data\rolls\2026\pdfs\ac025\AC025PART300.pdf,pdf_serial_row_count,ok
2026,25,301,699,,,data\rolls\2026\pdfs\ac025\AC025PART301.pdf,pdf_serial_row_count,ok
2026,25,302,725,,,data\rolls\2026\pdfs\ac025\AC025PART302.pdf,pdf_serial_row_count,ok
2026,25,303,832,,,data\rolls\2026\pdfs\ac025\AC025PART303.pdf,pdf_serial_row_count,ok
2026,25,304,604,,,data\rolls\2026\pdfs\ac025\AC025PART304.pdf,pdf_serial_row_count,ok
2026,25,305,808,,,data\rolls\2026\pdfs\ac025\AC025PART305.pdf,pdf_serial_row_count,ok
2026,25,306,598,,,data\rolls\2026\pdfs\ac025\AC025PART306.pdf,pdf_serial_row_count,ok
2026,25,307,494,,,data\rolls\2026\pdfs\ac025\AC025PART307.pdf,pdf_serial_row_count,ok
2026,25,308,531,,,data\rolls\2026\pdfs\ac025\AC025PART308.pdf,pdf_serial_row_count,ok
2026,25,309,889,,,data\rolls\2026\pdfs\ac025\AC025PART309.pdf,pdf_serial_row_count,ok
2026,25,310,622,,,data\rolls\2026\pdfs\ac025\AC025PART310.pdf,pdf_serial_row_count,ok
2026,25,311,571,,,data\rolls\2026\pdfs\ac025\AC025PART311.pdf,pdf_serial_row_count,ok
2026,25,312,694,,,data\rolls\2026\pdfs\ac025\AC025PART312.pdf,pdf_serial_row_count,ok
2026,25,313,406,,,data\rolls\2026\pdfs\ac025\AC025PART313.pdf,pdf_serial_row_count,ok
2026,25,314,503,,,data\rolls\2026\pdfs\ac025\AC025PART314.pdf,pdf_serial_row_count,ok
2026,25,315,684,,,data\rolls\2026\pdfs\ac025\AC025PART315.pdf,pdf_serial_row_count,ok
2026,25,316,506,,,data\rolls\2026\pdfs\ac025\AC025PART316.pdf,pdf_serial_row_count,ok
2026,25,317,739,,,data\rolls\2026\pdfs\ac025\AC025PART317.pdf,pdf_serial_row_count,ok
2026,25,318,516,,,data\rolls\2026\pdfs\ac025\AC025PART318.pdf,pdf_serial_row_count,ok
2026,25,319,799,,,data\rolls\2026\pdfs\ac025\AC025PART319.pdf,pdf_serial_row_count,ok
2026,25,320,657,,,data\rolls\2026\pdfs\ac025\AC025PART320.pdf,pdf_serial_row_count,ok
2026,25,321,607,,,data\rolls\2026\pdfs\ac025\AC025PART321.pdf,pdf_serial_row_count,ok
2026,25,322,605,,,data\rolls\2026\pdfs\ac025\AC025PART322.pdf,pdf_serial_row_count,ok
2026,25,323,525,,,data\rolls\2026\pdfs\ac025\AC025PART323.pdf,pdf_serial_row_count,ok
2026,25,324,711,,,data\rolls\2026\pdfs\ac025\AC025PART324.pdf,pdf_serial_row_count,ok
2026,25,325,936,,,data\rolls\2026\pdfs\ac025\AC025PART325.pdf,pdf_serial_row_count,ok
2026,25,326,1028,,,data\rolls\2026\pdfs\ac025\AC025PART326.pdf,pdf_serial_row_count,ok
2026,25,327,584,,,data\rolls\2026\pdfs\ac025\AC025PART327.pdf,pdf_serial_row_count,ok
2026,25,328,613,,,data\rolls\2026\pdfs\ac025\AC025PART328.pdf,pdf_serial_row_count,ok
2026,25,329,380,,,data\rolls\2026\pdfs\ac025\AC025PART329.pdf,pdf_serial_row_count,ok
2026,25,330,535,,,data\rolls\2026\pdfs\ac025\AC025PART330.pdf,pdf_serial_row_count,ok
2026,25,331,853,,,data\rolls\2026\pdfs\ac025\AC025PART331.pdf,pdf_serial_row_count,ok
2026,25,332,707,,,data\rolls\2026\pdfs\ac025\AC025PART332.pdf,pdf_serial_row_count,ok
2026,25,333,376,,,data\rolls\2026\pdfs\ac025\AC025PART333.pdf,pdf_serial_row_count,ok
2026,25,334,961,,,data\rolls\2026\pdfs\ac025\AC025PART334.pdf,pdf_serial_row_count,ok
2026,25,335,674,,,data\rolls\2026\pdfs\ac025\AC025PART335.pdf,pdf_serial_row_count,ok
2026,25,336,508,,,data\rolls\2026\pdfs\ac025\AC025PART336.pdf,pdf_serial_row_count,ok
2026,25,337,813,,,data\rolls\2026\pdfs\ac025\AC025PART337.pdf,pdf_serial_row_count,ok
2026,25,338,854,,,data\rolls\2026\pdfs\ac025\AC025PART338.pdf,pdf_serial_row_count,ok
2026,25,339,616,,,data\rolls\2026\pdfs\ac025\AC025PART339.pdf,pdf_serial_row_count,ok
2026,25,340,406,,,data\rolls\2026\pdfs\ac025\AC025PART340.pdf,pdf_serial_row_count,ok
2026,25,341,747,,,data\rolls\2026\pdfs\ac025\AC025PART341.pdf,pdf_serial_row_count,ok
2026,25,342,498,,,data\rolls\2026\pdfs\ac025\AC025PART342.pdf,pdf_serial_row_count,ok
2026,25,343,429,,,data\rolls\2026\pdfs\ac025\AC025PART343.pdf,pdf_serial_row_count,ok
2026,25,344,765,,,data\rolls\2026\pdfs\ac025\AC025PART344.pdf,pdf_serial_row_count,ok
2026,25,345,688,,,data\rolls\2026\pdfs\ac025\AC025PART345.pdf,pdf_serial_row_count,ok
2026,25,346,715,,,data\rolls\2026\pdfs\ac025\AC025PART346.pdf,pdf_serial_row_count,ok
2026,25,347,245,,,data\rolls\2026\pdfs\ac025\AC025PART347.pdf,pdf_serial_row_count,ok
2026,25,348,768,,,data\rolls\2026\pdfs\ac025\AC025PART348.pdf,pdf_serial_row_count,ok
2026,25,349,924,,,data\rolls\2026\pdfs\ac025\AC025PART349.pdf,pdf_serial_row_count,ok
2026,25,350,862,,,data\rolls\2026\pdfs\ac025\AC025PART350.pdf,pdf_serial_row_count,ok
2026,25,351,882,,,data\rolls\2026\pdfs\ac025\AC025PART351.pdf,pdf_serial_row_count,ok
2026,25,352,200,,,data\rolls\2026\pdfs\ac025\AC025PART352.pdf,pdf_serial_row_count,ok
2026,25,353,964,,,data\rolls\2026\pdfs\ac025\AC025PART353.pdf,pdf_serial_row_count,ok
2026,25,354,617,,,data\rolls\2026\pdfs\ac025\AC025PART354.pdf,pdf_serial_row_count,ok
2026,25,355,520,,,data\rolls\2026\pdfs\ac025\AC025PART355.pdf,pdf_serial_row_count,ok
2026,25,356,782,,,data\rolls\2026\pdfs\ac025\AC025PART356.pdf,pdf_serial_row_count,ok
2026,25,357,1016,,,data\rolls\2026\pdfs\ac025\AC025PART357.pdf,pdf_serial_row_count,ok
2026,25,358,978,,,data\rolls\2026\pdfs\ac025\AC025PART358.pdf,pdf_serial_row_count,ok
2026,25,359,268,,,data\rolls\2026\pdfs\ac025\AC025PART359.pdf,pdf_serial_row_count,ok
2026,26,1,741,,,data\rolls\2026\pdfs\ac026\AC026PART001.pdf,pdf_serial_row_count,ok
2026,26,2,340,,,data\rolls\2026\pdfs\ac026\AC026PART002.pdf,pdf_serial_row_count,ok
2026,26,3,635,,,data\rolls\2026\pdfs\ac026\AC026PART003.pdf,pdf_serial_row_count,ok
2026,26,4,768,,,data\rolls\2026\pdfs\ac026\AC026PART004.pdf,pdf_serial_row_count,ok
2026,26,5,732,,,data\rolls\2026\pdfs\ac026\AC026PART005.pdf,pdf_serial_row_count,ok
2026,26,6,656,,,data\rolls\2026\pdfs\ac026\AC026PART006.pdf,pdf_serial_row_count,ok
2026,26,7,672,,,data\rolls\2026\pdfs\ac026\AC026PART007.pdf,pdf_serial_row_count,ok
2026,26,8,707,,,data\rolls\2026\pdfs\ac026\AC026PART008.pdf,pdf_serial_row_count,ok
2026,26,9,804,,,data\rolls\2026\pdfs\ac026\AC026PART009.pdf,pdf_serial_row_count,ok
2026,26,10,629,,,data\rolls\2026\pdfs\ac026\AC026PART010.pdf,pdf_serial_row_count,ok
2026,26,11,631,,,data\rolls\2026\pdfs\ac026\AC026PART011.pdf,pdf_serial_row_count,ok
2026,26,12,968,,,data\rolls\2026\pdfs\ac026\AC026PART012.pdf,pdf_serial_row_count,ok
2026,26,13,717,,,data\rolls\2026\pdfs\ac026\AC026PART013.pdf,pdf_serial_row_count,ok
2026,26,14,861,,,data\rolls\2026\pdfs\ac026\AC026PART014.pdf,pdf_serial_row_count,ok
2026,26,15,787,,,data\rolls\2026\pdfs\ac026\AC026PART015.pdf,pdf_serial_row_count,ok
2026,26,16,567,,,data\rolls\2026\pdfs\ac026\AC026PART016.pdf,pdf_serial_row_count,ok
2026,26,17,833,,,data\rolls\2026\pdfs\ac026\AC026PART017.pdf,pdf_serial_row_count,ok
2026,26,18,514,,,data\rolls\2026\pdfs\ac026\AC026PART018.pdf,pdf_serial_row_count,ok
2026,26,19,337,,,data\rolls\2026\pdfs\ac026\AC026PART019.pdf,pdf_serial_row_count,ok
2026,26,20,952,,,data\rolls\2026\pdfs\ac026\AC026PART020.pdf,pdf_serial_row_count,ok
2026,26,21,862,,,data\rolls\2026\pdfs\ac026\AC026PART021.pdf,pdf_serial_row_count,ok
2026,26,22,812,,,data\rolls\2026\pdfs\ac026\AC026PART022.pdf,pdf_serial_row_count,ok
2026,26,23,673,,,data\rolls\2026\pdfs\ac026\AC026PART023.pdf,pdf_serial_row_count,ok
2026,26,24,557,,,data\rolls\2026\pdfs\ac026\AC026PART024.pdf,pdf_serial_row_count,ok
2026,26,25,524,,,data\rolls\2026\pdfs\ac026\AC026PART025.pdf,pdf_serial_row_count,ok
2026,26,26,641,,,data\rolls\2026\pdfs\ac026\AC026PART026.pdf,pdf_serial_row_count,ok
2026,26,27,637,,,data\rolls\2026\pdfs\ac026\AC026PART027.pdf,pdf_serial_row_count,ok
2026,26,28,587,,,data\rolls\2026\pdfs\ac026\AC026PART028.pdf,pdf_serial_row_count,ok
2026,26,29,399,,,data\rolls\2026\pdfs\ac026\AC026PART029.pdf,pdf_serial_row_count,ok
2026,26,30,777,,,data\rolls\2026\pdfs\ac026\AC026PART030.pdf,pdf_serial_row_count,ok
2026,26,31,640,,,data\rolls\2026\pdfs\ac026\AC026PART031.pdf,pdf_serial_row_count,ok
2026,26,32,519,,,data\rolls\2026\pdfs\ac026\AC026PART032.pdf,pdf_serial_row_count,ok
2026,26,33,554,,,data\rolls\2026\pdfs\ac026\AC026PART033.pdf,pdf_serial_row_count,ok
2026,26,34,613,,,data\rolls\2026\pdfs\ac026\AC026PART034.pdf,pdf_serial_row_count,ok
2026,26,35,596,,,data\rolls\2026\pdfs\ac026\AC026PART035.pdf,pdf_serial_row_count,ok
2026,26,36,487,,,data\rolls\2026\pdfs\ac026\AC026PART036.pdf,pdf_serial_row_count,ok
2026,26,37,819,,,data\rolls\2026\pdfs\ac026\AC026PART037.pdf,pdf_serial_row_count,ok
2026,26,38,621,,,data\rolls\2026\pdfs\ac026\AC026PART038.pdf,pdf_serial_row_count,ok
2026,26,39,1020,,,data\rolls\2026\pdfs\ac026\AC026PART039.pdf,pdf_serial_row_count,ok
2026,26,40,710,,,data\rolls\2026\pdfs\ac026\AC026PART040.pdf,pdf_serial_row_count,ok
2026,26,41,467,,,data\rolls\2026\pdfs\ac026\AC026PART041.pdf,pdf_serial_row_count,ok
2026,26,42,813,,,data\rolls\2026\pdfs\ac026\AC026PART042.pdf,pdf_serial_row_count,ok
2026,26,43,795,,,data\rolls\2026\pdfs\ac026\AC026PART043.pdf,pdf_serial_row_count,ok
2026,26,44,586,,,data\rolls\2026\pdfs\ac026\AC026PART044.pdf,pdf_serial_row_count,ok
2026,26,45,716,,,data\rolls\2026\pdfs\ac026\AC026PART045.pdf,pdf_serial_row_count,ok
2026,26,46,741,,,data\rolls\2026\pdfs\ac026\AC026PART046.pdf,pdf_serial_row_count,ok
2026,26,47,529,,,data\rolls\2026\pdfs\ac026\AC026PART047.pdf,pdf_serial_row_count,ok
2026,26,48,678,,,data\rolls\2026\pdfs\ac026\AC026PART048.pdf,pdf_serial_row_count,ok
2026,26,49,774,,,data\rolls\2026\pdfs\ac026\AC026PART049.pdf,pdf_serial_row_count,ok
2026,26,50,383,,,data\rolls\2026\pdfs\ac026\AC026PART050.pdf,pdf_serial_row_count,ok
2026,26,51,1076,,,data\rolls\2026\pdfs\ac026\AC026PART051.pdf,pdf_serial_row_count,ok
2026,26,52,505,,,data\rolls\2026\pdfs\ac026\AC026PART052.pdf,pdf_serial_row_count,ok
2026,26,53,855,,,data\rolls\2026\pdfs\ac026\AC026PART053.pdf,pdf_serial_row_count,ok
2026,26,54,326,,,data\rolls\2026\pdfs\ac026\AC026PART054.pdf,pdf_serial_row_count,ok
2026,26,55,823,,,data\rolls\2026\pdfs\ac026\AC026PART055.pdf,pdf_serial_row_count,ok
2026,26,56,923,,,data\rolls\2026\pdfs\ac026\AC026PART056.pdf,pdf_serial_row_count,ok
2026,26,57,873,,,data\rolls\2026\pdfs\ac026\AC026PART057.pdf,pdf_serial_row_count,ok
2026,26,58,450,,,data\rolls\2026\pdfs\ac026\AC026PART058.pdf,pdf_serial_row_count,ok
2026,26,59,712,,,data\rolls\2026\pdfs\ac026\AC026PART059.pdf,pdf_serial_row_count,ok
2026,26,60,709,,,data\rolls\2026\pdfs\ac026\AC026PART060.pdf,pdf_serial_row_count,ok
2026,26,61,517,,,data\rolls\2026\pdfs\ac026\AC026PART061.pdf,pdf_serial_row_count,ok
2026,26,62,708,,,data\rolls\2026\pdfs\ac026\AC026PART062.pdf,pdf_serial_row_count,ok
2026,26,63,578,,,data\rolls\2026\pdfs\ac026\AC026PART063.pdf,pdf_serial_row_count,ok
2026,26,64,620,,,data\rolls\2026\pdfs\ac026\AC026PART064.pdf,pdf_serial_row_count,ok
2026,26,65,692,,,data\rolls\2026\pdfs\ac026\AC026PART065.pdf,pdf_serial_row_count,ok
2026,26,66,958,,,data\rolls\2026\pdfs\ac026\AC026PART066.pdf,pdf_serial_row_count,ok
2026,26,67,527,,,data\rolls\2026\pdfs\ac026\AC026PART067.pdf,pdf_serial_row_count,ok
2026,26,68,601,,,data\rolls\2026\pdfs\ac026\AC026PART068.pdf,pdf_serial_row_count,ok
2026,26,69,594,,,data\rolls\2026\pdfs\ac026\AC026PART069.pdf,pdf_serial_row_count,ok
2026,26,70,673,,,data\rolls\2026\pdfs\ac026\AC026PART070.pdf,pdf_serial_row_count,ok
2026,26,71,791,,,data\rolls\2026\pdfs\ac026\AC026PART071.pdf,pdf_serial_row_count,ok
2026,26,72,443,,,data\rolls\2026\pdfs\ac026\AC026PART072.pdf,pdf_serial_row_count,ok
2026,26,73,747,,,data\rolls\2026\pdfs\ac026\AC026PART073.pdf,pdf_serial_row_count,ok
2026,26,74,767,,,data\rolls\2026\pdfs\ac026\AC026PART074.pdf,pdf_serial_row_count,ok
2026,26,75,535,,,data\rolls\2026\pdfs\ac026\AC026PART075.pdf,pdf_serial_row_count,ok
2026,26,76,1072,,,data\rolls\2026\pdfs\ac026\AC026PART076.pdf,pdf_serial_row_count,ok
2026,26,77,501,,,data\rolls\2026\pdfs\ac026\AC026PART077.pdf,pdf_serial_row_count,ok
2026,26,78,803,,,data\rolls\2026\pdfs\ac026\AC026PART078.pdf,pdf_serial_row_count,ok
2026,26,79,862,,,data\rolls\2026\pdfs\ac026\AC026PART079.pdf,pdf_serial_row_count,ok
2026,26,80,604,,,data\rolls\2026\pdfs\ac026\AC026PART080.pdf,pdf_serial_row_count,ok
2026,26,81,490,,,data\rolls\2026\pdfs\ac026\AC026PART081.pdf,pdf_serial_row_count,ok
2026,26,82,617,,,data\rolls\2026\pdfs\ac026\AC026PART082.pdf,pdf_serial_row_count,ok
2026,26,83,488,,,data\rolls\2026\pdfs\ac026\AC026PART083.pdf,pdf_serial_row_count,ok
2026,26,84,758,,,data\rolls\2026\pdfs\ac026\AC026PART084.pdf,pdf_serial_row_count,ok
2026,26,85,789,,,data\rolls\2026\pdfs\ac026\AC026PART085.pdf,pdf_serial_row_count,ok
2026,26,86,780,,,data\rolls\2026\pdfs\ac026\AC026PART086.pdf,pdf_serial_row_count,ok
2026,26,87,797,,,data\rolls\2026\pdfs\ac026\AC026PART087.pdf,pdf_serial_row_count,ok
2026,26,88,428,,,data\rolls\2026\pdfs\ac026\AC026PART088.pdf,pdf_serial_row_count,ok
2026,26,89,635,,,data\rolls\2026\pdfs\ac026\AC026PART089.pdf,pdf_serial_row_count,ok
2026,26,90,675,,,data\rolls\2026\pdfs\ac026\AC026PART090.pdf,pdf_serial_row_count,ok
2026,26,91,659,,,data\rolls\2026\pdfs\ac026\AC026PART091.pdf,pdf_serial_row_count,ok
2026,26,92,960,,,data\rolls\2026\pdfs\ac026\AC026PART092.pdf,pdf_serial_row_count,ok
2026,26,93,733,,,data\rolls\2026\pdfs\ac026\AC026PART093.pdf,pdf_serial_row_count,ok
2026,26,94,580,,,data\rolls\2026\pdfs\ac026\AC026PART094.pdf,pdf_serial_row_count,ok
2026,26,95,754,,,data\rolls\2026\pdfs\ac026\AC026PART095.pdf,pdf_serial_row_count,ok
2026,26,96,513,,,data\rolls\2026\pdfs\ac026\AC026PART096.pdf,pdf_serial_row_count,ok
2026,26,97,715,,,data\rolls\2026\pdfs\ac026\AC026PART097.pdf,pdf_serial_row_count,ok
2026,26,98,634,,,data\rolls\2026\pdfs\ac026\AC026PART098.pdf,pdf_serial_row_count,ok
2026,26,99,466,,,data\rolls\2026\pdfs\ac026\AC026PART099.pdf,pdf_serial_row_count,ok
2026,26,100,983,,,data\rolls\2026\pdfs\ac026\AC026PART100.pdf,pdf_serial_row_count,ok
2026,26,101,1089,,,data\rolls\2026\pdfs\ac026\AC026PART101.pdf,pdf_serial_row_count,ok
2026,26,102,874,,,data\rolls\2026\pdfs\ac026\AC026PART102.pdf,pdf_serial_row_count,ok
2026,26,103,815,,,data\rolls\2026\pdfs\ac026\AC026PART103.pdf,pdf_serial_row_count,ok
2026,26,104,713,,,data\rolls\2026\pdfs\ac026\AC026PART104.pdf,pdf_serial_row_count,ok
2026,26,105,853,,,data\rolls\2026\pdfs\ac026\AC026PART105.pdf,pdf_serial_row_count,ok
2026,26,106,984,,,data\rolls\2026\pdfs\ac026\AC026PART106.pdf,pdf_serial_row_count,ok
2026,26,107,801,,,data\rolls\2026\pdfs\ac026\AC026PART107.pdf,pdf_serial_row_count,ok
2026,26,108,718,,,data\rolls\2026\pdfs\ac026\AC026PART108.pdf,pdf_serial_row_count,ok
2026,26,109,730,,,data\rolls\2026\pdfs\ac026\AC026PART109.pdf,pdf_serial_row_count,ok
2026,26,110,713,,,data\rolls\2026\pdfs\ac026\AC026PART110.pdf,pdf_serial_row_count,ok
2026,26,111,459,,,data\rolls\2026\pdfs\ac026\AC026PART111.pdf,pdf_serial_row_count,ok
2026,26,112,544,,,data\rolls\2026\pdfs\ac026\AC026PART112.pdf,pdf_serial_row_count,ok
2026,26,113,445,,,data\rolls\2026\pdfs\ac026\AC026PART113.pdf,pdf_serial_row_count,ok
2026,26,114,727,,,data\rolls\2026\pdfs\ac026\AC026PART114.pdf,pdf_serial_row_count,ok
2026,26,115,532,,,data\rolls\2026\pdfs\ac026\AC026PART115.pdf,pdf_serial_row_count,ok
2026,26,116,593,,,data\rolls\2026\pdfs\ac026\AC026PART116.pdf,pdf_serial_row_count,ok
2026,26,117,940,,,data\rolls\2026\pdfs\ac026\AC026PART117.pdf,pdf_serial_row_count,ok
2026,26,118,542,,,data\rolls\2026\pdfs\ac026\AC026PART118.pdf,pdf_serial_row_count,ok
2026,26,119,586,,,data\rolls\2026\pdfs\ac026\AC026PART119.pdf,pdf_serial_row_count,ok
2026,26,120,707,,,data\rolls\2026\pdfs\ac026\AC026PART120.pdf,pdf_serial_row_count,ok
2026,26,121,413,,,data\rolls\2026\pdfs\ac026\AC026PART121.pdf,pdf_serial_row_count,ok
2026,26,122,651,,,data\rolls\2026\pdfs\ac026\AC026PART122.pdf,pdf_serial_row_count,ok
2026,26,123,548,,,data\rolls\2026\pdfs\ac026\AC026PART123.pdf,pdf_serial_row_count,ok
2026,26,124,820,,,data\rolls\2026\pdfs\ac026\AC026PART124.pdf,pdf_serial_row_count,ok
2026,26,125,891,,,data\rolls\2026\pdfs\ac026\AC026PART125.pdf,pdf_serial_row_count,ok
2026,26,126,947,,,data\rolls\2026\pdfs\ac026\AC026PART126.pdf,pdf_serial_row_count,ok
2026,26,127,817,,,data\rolls\2026\pdfs\ac026\AC026PART127.pdf,pdf_serial_row_count,ok
2026,26,128,673,,,data\rolls\2026\pdfs\ac026\AC026PART128.pdf,pdf_serial_row_count,ok
2026,26,129,532,,,data\rolls\2026\pdfs\ac026\AC026PART129.pdf,pdf_serial_row_count,ok
2026,26,130,589,,,data\rolls\2026\pdfs\ac026\AC026PART130.pdf,pdf_serial_row_count,ok
2026,26,131,683,,,data\rolls\2026\pdfs\ac026\AC026PART131.pdf,pdf_serial_row_count,ok
2026,26,132,732,,,data\rolls\2026\pdfs\ac026\AC026PART132.pdf,pdf_serial_row_count,ok
2026,26,133,985,,,data\rolls\2026\pdfs\ac026\AC026PART133.pdf,pdf_serial_row_count,ok
2026,26,134,474,,,data\rolls\2026\pdfs\ac026\AC026PART134.pdf,pdf_serial_row_count,ok
2026,26,135,685,,,data\rolls\2026\pdfs\ac026\AC026PART135.pdf,pdf_serial_row_count,ok
2026,26,136,696,,,data\rolls\2026\pdfs\ac026\AC026PART136.pdf,pdf_serial_row_count,ok
2026,26,137,478,,,data\rolls\2026\pdfs\ac026\AC026PART137.pdf,pdf_serial_row_count,ok
2026,26,138,871,,,data\rolls\2026\pdfs\ac026\AC026PART138.pdf,pdf_serial_row_count,ok
2026,26,139,988,,,data\rolls\2026\pdfs\ac026\AC026PART139.pdf,pdf_serial_row_count,ok
2026,26,140,857,,,data\rolls\2026\pdfs\ac026\AC026PART140.pdf,pdf_serial_row_count,ok
2026,26,141,680,,,data\rolls\2026\pdfs\ac026\AC026PART141.pdf,pdf_serial_row_count,ok
2026,26,142,522,,,data\rolls\2026\pdfs\ac026\AC026PART142.pdf,pdf_serial_row_count,ok
2026,26,143,581,,,data\rolls\2026\pdfs\ac026\AC026PART143.pdf,pdf_serial_row_count,ok
2026,26,144,720,,,data\rolls\2026\pdfs\ac026\AC026PART144.pdf,pdf_serial_row_count,ok
2026,26,145,771,,,data\rolls\2026\pdfs\ac026\AC026PART145.pdf,pdf_serial_row_count,ok
2026,26,146,701,,,data\rolls\2026\pdfs\ac026\AC026PART146.pdf,pdf_serial_row_count,ok
2026,26,147,714,,,data\rolls\2026\pdfs\ac026\AC026PART147.pdf,pdf_serial_row_count,ok
2026,26,148,720,,,data\rolls\2026\pdfs\ac026\AC026PART148.pdf,pdf_serial_row_count,ok
2026,26,149,535,,,data\rolls\2026\pdfs\ac026\AC026PART149.pdf,pdf_serial_row_count,ok
2026,26,150,594,,,data\rolls\2026\pdfs\ac026\AC026PART150.pdf,pdf_serial_row_count,ok
2026,26,151,842,,,data\rolls\2026\pdfs\ac026\AC026PART151.pdf,pdf_serial_row_count,ok
2026,26,152,660,,,data\rolls\2026\pdfs\ac026\AC026PART152.pdf,pdf_serial_row_count,ok
2026,26,153,688,,,data\rolls\2026\pdfs\ac026\AC026PART153.pdf,pdf_serial_row_count,ok
2026,26,154,704,,,data\rolls\2026\pdfs\ac026\AC026PART154.pdf,pdf_serial_row_count,ok
2026,26,155,544,,,data\rolls\2026\pdfs\ac026\AC026PART155.pdf,pdf_serial_row_count,ok
2026,26,156,712,,,data\rolls\2026\pdfs\ac026\AC026PART156.pdf,pdf_serial_row_count,ok
2026,26,157,809,,,data\rolls\2026\pdfs\ac026\AC026PART157.pdf,pdf_serial_row_count,ok
2026,26,158,799,,,data\rolls\2026\pdfs\ac026\AC026PART158.pdf,pdf_serial_row_count,ok
2026,26,159,469,,,data\rolls\2026\pdfs\ac026\AC026PART159.pdf,pdf_serial_row_count,ok
2026,26,160,484,,,data\rolls\2026\pdfs\ac026\AC026PART160.pdf,pdf_serial_row_count,ok
2026,26,161,755,,,data\rolls\2026\pdfs\ac026\AC026PART161.pdf,pdf_serial_row_count,ok
2026,26,162,431,,,data\rolls\2026\pdfs\ac026\AC026PART162.pdf,pdf_serial_row_count,ok
2026,26,163,686,,,data\rolls\2026\pdfs\ac026\AC026PART163.pdf,pdf_serial_row_count,ok
2026,26,164,662,,,data\rolls\2026\pdfs\ac026\AC026PART164.pdf,pdf_serial_row_count,ok
2026,26,165,881,,,data\rolls\2026\pdfs\ac026\AC026PART165.pdf,pdf_serial_row_count,ok
2026,26,166,696,,,data\rolls\2026\pdfs\ac026\AC026PART166.pdf,pdf_serial_row_count,ok
2026,26,167,729,,,data\rolls\2026\pdfs\ac026\AC026PART167.pdf,pdf_serial_row_count,ok
2026,26,168,826,,,data\rolls\2026\pdfs\ac026\AC026PART168.pdf,pdf_serial_row_count,ok
2026,26,169,817,,,data\rolls\2026\pdfs\ac026\AC026PART169.pdf,pdf_serial_row_count,ok
2026,26,170,383,,,data\rolls\2026\pdfs\ac026\AC026PART170.pdf,pdf_serial_row_count,ok
2026,26,171,834,,,data\rolls\2026\pdfs\ac026\AC026PART171.pdf,pdf_serial_row_count,ok
2026,26,172,515,,,data\rolls\2026\pdfs\ac026\AC026PART172.pdf,pdf_serial_row_count,ok
2026,26,173,448,,,data\rolls\2026\pdfs\ac026\AC026PART173.pdf,pdf_serial_row_count,ok
2026,26,174,861,,,data\rolls\2026\pdfs\ac026\AC026PART174.pdf,pdf_serial_row_count,ok
2026,26,175,778,,,data\rolls\2026\pdfs\ac026\AC026PART175.pdf,pdf_serial_row_count,ok
2026,26,176,663,,,data\rolls\2026\pdfs\ac026\AC026PART176.pdf,pdf_serial_row_count,ok
2026,26,177,832,,,data\rolls\2026\pdfs\ac026\AC026PART177.pdf,pdf_serial_row_count,ok
2026,26,178,550,,,data\rolls\2026\pdfs\ac026\AC026PART178.pdf,pdf_serial_row_count,ok
2026,26,179,642,,,data\rolls\2026\pdfs\ac026\AC026PART179.pdf,pdf_serial_row_count,ok
2026,26,180,457,,,data\rolls\2026\pdfs\ac026\AC026PART180.pdf,pdf_serial_row_count,ok
2026,26,181,659,,,data\rolls\2026\pdfs\ac026\AC026PART181.pdf,pdf_serial_row_count,ok
2026,26,182,749,,,data\rolls\2026\pdfs\ac026\AC026PART182.pdf,pdf_serial_row_count,ok
2026,26,183,616,,,data\rolls\2026\pdfs\ac026\AC026PART183.pdf,pdf_serial_row_count,ok
2026,26,184,306,,,data\rolls\2026\pdfs\ac026\AC026PART184.pdf,pdf_serial_row_count,ok
2026,26,185,884,,,data\rolls\2026\pdfs\ac026\AC026PART185.pdf,pdf_serial_row_count,ok
2026,26,186,665,,,data\rolls\2026\pdfs\ac026\AC026PART186.pdf,pdf_serial_row_count,ok
2026,26,187,731,,,data\rolls\2026\pdfs\ac026\AC026PART187.pdf,pdf_serial_row_count,ok
2026,26,188,731,,,data\rolls\2026\pdfs\ac026\AC026PART188.pdf,pdf_serial_row_count,ok
2026,26,189,625,,,data\rolls\2026\pdfs\ac026\AC026PART189.pdf,pdf_serial_row_count,ok
2026,26,190,956,,,data\rolls\2026\pdfs\ac026\AC026PART190.pdf,pdf_serial_row_count,ok
2026,26,191,559,,,data\rolls\2026\pdfs\ac026\AC026PART191.pdf,pdf_serial_row_count,ok
2026,26,192,856,,,data\rolls\2026\pdfs\ac026\AC026PART192.pdf,pdf_serial_row_count,ok
2026,26,193,898,,,data\rolls\2026\pdfs\ac026\AC026PART193.pdf,pdf_serial_row_count,ok
2026,26,194,985,,,data\rolls\2026\pdfs\ac026\AC026PART194.pdf,pdf_serial_row_count,ok
2026,26,195,627,,,data\rolls\2026\pdfs\ac026\AC026PART195.pdf,pdf_serial_row_count,ok
2026,26,196,649,,,data\rolls\2026\pdfs\ac026\AC026PART196.pdf,pdf_serial_row_count,ok
2026,26,197,446,,,data\rolls\2026\pdfs\ac026\AC026PART197.pdf,pdf_serial_row_count,ok
2026,26,198,525,,,data\rolls\2026\pdfs\ac026\AC026PART198.pdf,pdf_serial_row_count,ok
2026,26,199,378,,,data\rolls\2026\pdfs\ac026\AC026PART199.pdf,pdf_serial_row_count,ok
2026,26,200,824,,,data\rolls\2026\pdfs\ac026\AC026PART200.pdf,pdf_serial_row_count,ok
2026,26,201,640,,,data\rolls\2026\pdfs\ac026\AC026PART201.pdf,pdf_serial_row_count,ok
2026,26,202,519,,,data\rolls\2026\pdfs\ac026\AC026PART202.pdf,pdf_serial_row_count,ok
2026,26,203,806,,,data\rolls\2026\pdfs\ac026\AC026PART203.pdf,pdf_serial_row_count,ok
2026,26,204,531,,,data\rolls\2026\pdfs\ac026\AC026PART204.pdf,pdf_serial_row_count,ok
2026,26,205,429,,,data\rolls\2026\pdfs\ac026\AC026PART205.pdf,pdf_serial_row_count,ok
2026,26,206,924,,,data\rolls\2026\pdfs\ac026\AC026PART206.pdf,pdf_serial_row_count,ok
2026,26,207,836,,,data\rolls\2026\pdfs\ac026\AC026PART207.pdf,pdf_serial_row_count,ok
2026,26,208,933,,,data\rolls\2026\pdfs\ac026\AC026PART208.pdf,pdf_serial_row_count,ok
2026,26,209,879,,,data\rolls\2026\pdfs\ac026\AC026PART209.pdf,pdf_serial_row_count,ok
2026,26,210,613,,,data\rolls\2026\pdfs\ac026\AC026PART210.pdf,pdf_serial_row_count,ok
2026,26,211,734,,,data\rolls\2026\pdfs\ac026\AC026PART211.pdf,pdf_serial_row_count,ok
2026,26,212,865,,,data\rolls\2026\pdfs\ac026\AC026PART212.pdf,pdf_serial_row_count,ok
2026,26,213,549,,,data\rolls\2026\pdfs\ac026\AC026PART213.pdf,pdf_serial_row_count,ok
2026,26,214,766,,,data\rolls\2026\pdfs\ac026\AC026PART214.pdf,pdf_serial_row_count,ok
2026,26,215,809,,,data\rolls\2026\pdfs\ac026\AC026PART215.pdf,pdf_serial_row_count,ok
2026,26,216,771,,,data\rolls\2026\pdfs\ac026\AC026PART216.pdf,pdf_serial_row_count,ok
2026,26,217,599,,,data\rolls\2026\pdfs\ac026\AC026PART217.pdf,pdf_serial_row_count,ok
2026,26,218,467,,,data\rolls\2026\pdfs\ac026\AC026PART218.pdf,pdf_serial_row_count,ok
2026,26,219,552,,,data\rolls\2026\pdfs\ac026\AC026PART219.pdf,pdf_serial_row_count,ok
2026,26,220,489,,,data\rolls\2026\pdfs\ac026\AC026PART220.pdf,pdf_serial_row_count,ok
2026,26,221,460,,,data\rolls\2026\pdfs\ac026\AC026PART221.pdf,pdf_serial_row_count,ok
2026,26,222,592,,,data\rolls\2026\pdfs\ac026\AC026PART222.pdf,pdf_serial_row_count,ok
2026,26,223,544,,,data\rolls\2026\pdfs\ac026\AC026PART223.pdf,pdf_serial_row_count,ok
2026,26,224,657,,,data\rolls\2026\pdfs\ac026\AC026PART224.pdf,pdf_serial_row_count,ok
2026,26,225,713,,,data\rolls\2026\pdfs\ac026\AC026PART225.pdf,pdf_serial_row_count,ok
2026,26,226,612,,,data\rolls\2026\pdfs\ac026\AC026PART226.pdf,pdf_serial_row_count,ok
2026,26,227,662,,,data\rolls\2026\pdfs\ac026\AC026PART227.pdf,pdf_serial_row_count,ok
2026,26,228,495,,,data\rolls\2026\pdfs\ac026\AC026PART228.pdf,pdf_serial_row_count,ok
2026,26,229,491,,,data\rolls\2026\pdfs\ac026\AC026PART229.pdf,pdf_serial_row_count,ok
2026,26,230,503,,,data\rolls\2026\pdfs\ac026\AC026PART230.pdf,pdf_serial_row_count,ok
2026,26,231,873,,,data\rolls\2026\pdfs\ac026\AC026PART231.pdf,pdf_serial_row_count,ok
2026,26,232,764,,,data\rolls\2026\pdfs\ac026\AC026PART232.pdf,pdf_serial_row_count,ok
2026,26,233,708,,,data\rolls\2026\pdfs\ac026\AC026PART233.pdf,pdf_serial_row_count,ok
2026,26,234,606,,,data\rolls\2026\pdfs\ac026\AC026PART234.pdf,pdf_serial_row_count,ok
2026,26,235,975,,,data\rolls\2026\pdfs\ac026\AC026PART235.pdf,pdf_serial_row_count,ok
2026,26,236,1018,,,data\rolls\2026\pdfs\ac026\AC026PART236.pdf,pdf_serial_row_count,ok
2026,26,237,636,,,data\rolls\2026\pdfs\ac026\AC026PART237.pdf,pdf_serial_row_count,ok
2026,26,238,969,,,data\rolls\2026\pdfs\ac026\AC026PART238.pdf,pdf_serial_row_count,ok
2026,26,239,990,,,data\rolls\2026\pdfs\ac026\AC026PART239.pdf,pdf_serial_row_count,ok
2026,26,240,1027,,,data\rolls\2026\pdfs\ac026\AC026PART240.pdf,pdf_serial_row_count,ok
2026,26,241,829,,,data\rolls\2026\pdfs\ac026\AC026PART241.pdf,pdf_serial_row_count,ok
2026,26,242,603,,,data\rolls\2026\pdfs\ac026\AC026PART242.pdf,pdf_serial_row_count,ok
2026,26,243,917,,,data\rolls\2026\pdfs\ac026\AC026PART243.pdf,pdf_serial_row_count,ok
2026,26,244,708,,,data\rolls\2026\pdfs\ac026\AC026PART244.pdf,pdf_serial_row_count,ok
2026,26,245,440,,,data\rolls\2026\pdfs\ac026\AC026PART245.pdf,pdf_serial_row_count,ok
2026,26,246,696,,,data\rolls\2026\pdfs\ac026\AC026PART246.pdf,pdf_serial_row_count,ok
2026,26,247,431,,,data\rolls\2026\pdfs\ac026\AC026PART247.pdf,pdf_serial_row_count,ok
2026,26,248,880,,,data\rolls\2026\pdfs\ac026\AC026PART248.pdf,pdf_serial_row_count,ok
2026,26,249,769,,,data\rolls\2026\pdfs\ac026\AC026PART249.pdf,pdf_serial_row_count,ok
2026,26,250,718,,,data\rolls\2026\pdfs\ac026\AC026PART250.pdf,pdf_serial_row_count,ok
2026,26,251,379,,,data\rolls\2026\pdfs\ac026\AC026PART251.pdf,pdf_serial_row_count,ok
2026,26,252,231,,,data\rolls\2026\pdfs\ac026\AC026PART252.pdf,pdf_serial_row_count,ok
2026,26,253,789,,,data\rolls\2026\pdfs\ac026\AC026PART253.pdf,pdf_serial_row_count,ok
2026,26,254,521,,,data\rolls\2026\pdfs\ac026\AC026PART254.pdf,pdf_serial_row_count,ok
2026,26,255,757,,,data\rolls\2026\pdfs\ac026\AC026PART255.pdf,pdf_serial_row_count,ok
2026,26,256,562,,,data\rolls\2026\pdfs\ac026\AC026PART256.pdf,pdf_serial_row_count,ok
2026,26,257,592,,,data\rolls\2026\pdfs\ac026\AC026PART257.pdf,pdf_serial_row_count,ok
2026,26,258,602,,,data\rolls\2026\pdfs\ac026\AC026PART258.pdf,pdf_serial_row_count,ok
2026,26,259,551,,,data\rolls\2026\pdfs\ac026\AC026PART259.pdf,pdf_serial_row_count,ok
2026,26,260,450,,,data\rolls\2026\pdfs\ac026\AC026PART260.pdf,pdf_serial_row_count,ok
2026,26,261,1016,,,data\rolls\2026\pdfs\ac026\AC026PART261.pdf,pdf_serial_row_count,ok
2026,26,262,1057,,,data\rolls\2026\pdfs\ac026\AC026PART262.pdf,pdf_serial_row_count,ok
2026,26,263,814,,,data\rolls\2026\pdfs\ac026\AC026PART263.pdf,pdf_serial_row_count,ok
2026,26,264,389,,,data\rolls\2026\pdfs\ac026\AC026PART264.pdf,pdf_serial_row_count,ok
2026,26,265,439,,,data\rolls\2026\pdfs\ac026\AC026PART265.pdf,pdf_serial_row_count,ok
2026,26,266,712,,,data\rolls\2026\pdfs\ac026\AC026PART266.pdf,pdf_serial_row_count,ok
2026,26,267,583,,,data\rolls\2026\pdfs\ac026\AC026PART267.pdf,pdf_serial_row_count,ok
2026,26,268,683,,,data\rolls\2026\pdfs\ac026\AC026PART268.pdf,pdf_serial_row_count,ok
2026,26,269,636,,,data\rolls\2026\pdfs\ac026\AC026PART269.pdf,pdf_serial_row_count,ok
2026,26,270,685,,,data\rolls\2026\pdfs\ac026\AC026PART270.pdf,pdf_serial_row_count,ok
2026,26,271,891,,,data\rolls\2026\pdfs\ac026\AC026PART271.pdf,pdf_serial_row_count,ok
2026,26,272,726,,,data\rolls\2026\pdfs\ac026\AC026PART272.pdf,pdf_serial_row_count,ok
2026,26,273,508,,,data\rolls\2026\pdfs\ac026\AC026PART273.pdf,pdf_serial_row_count,ok
2026,26,274,570,,,data\rolls\2026\pdfs\ac026\AC026PART274.pdf,pdf_serial_row_count,ok
2026,26,275,787,,,data\rolls\2026\pdfs\ac026\AC026PART275.pdf,pdf_serial_row_count,ok
2026,26,276,706,,,data\rolls\2026\pdfs\ac026\AC026PART276.pdf,pdf_serial_row_count,ok
2026,26,277,764,,,data\rolls\2026\pdfs\ac026\AC026PART277.pdf,pdf_serial_row_count,ok
2026,26,278,478,,,data\rolls\2026\pdfs\ac026\AC026PART278.pdf,pdf_serial_row_count,ok
2026,26,279,1263,,,data\rolls\2026\pdfs\ac026\AC026PART279.pdf,pdf_serial_row_count,ok
2026,26,280,881,,,data\rolls\2026\pdfs\ac026\AC026PART280.pdf,pdf_serial_row_count,ok
2026,26,281,657,,,data\rolls\2026\pdfs\ac026\AC026PART281.pdf,pdf_serial_row_count,ok
2026,26,282,527,,,data\rolls\2026\pdfs\ac026\AC026PART282.pdf,pdf_serial_row_count,ok
2026,26,283,846,,,data\rolls\2026\pdfs\ac026\AC026PART283.pdf,pdf_serial_row_count,ok
2026,26,284,738,,,data\rolls\2026\pdfs\ac026\AC026PART284.pdf,pdf_serial_row_count,ok
2026,26,285,868,,,data\rolls\2026\pdfs\ac026\AC026PART285.pdf,pdf_serial_row_count,ok
2026,26,286,765,,,data\rolls\2026\pdfs\ac026\AC026PART286.pdf,pdf_serial_row_count,ok
2026,26,287,788,,,data\rolls\2026\pdfs\ac026\AC026PART287.pdf,pdf_serial_row_count,ok
2026,26,288,625,,,data\rolls\2026\pdfs\ac026\AC026PART288.pdf,pdf_serial_row_count,ok
2026,26,289,585,,,data\rolls\2026\pdfs\ac026\AC026PART289.pdf,pdf_serial_row_count,ok
2026,26,290,545,,,data\rolls\2026\pdfs\ac026\AC026PART290.pdf,pdf_serial_row_count,ok
2026,26,291,878,,,data\rolls\2026\pdfs\ac026\AC026PART291.pdf,pdf_serial_row_count,ok
2026,26,292,974,,,data\rolls\2026\pdfs\ac026\AC026PART292.pdf,pdf_serial_row_count,ok
2026,26,293,913,,,data\rolls\2026\pdfs\ac026\AC026PART293.pdf,pdf_serial_row_count,ok
2026,26,294,868,,,data\rolls\2026\pdfs\ac026\AC026PART294.pdf,pdf_serial_row_count,ok
2026,26,295,469,,,data\rolls\2026\pdfs\ac026\AC026PART295.pdf,pdf_serial_row_count,ok
2026,26,296,559,,,data\rolls\2026\pdfs\ac026\AC026PART296.pdf,pdf_serial_row_count,ok
2026,26,297,601,,,data\rolls\2026\pdfs\ac026\AC026PART297.pdf,pdf_serial_row_count,ok
2026,26,298,571,,,data\rolls\2026\pdfs\ac026\AC026PART298.pdf,pdf_serial_row_count,ok
2026,27,1,604,,,data\rolls\2026\pdfs\ac027\AC027PART001.pdf,pdf_serial_row_count,ok
2026,27,2,395,,,data\rolls\2026\pdfs\ac027\AC027PART002.pdf,pdf_serial_row_count,ok
2026,27,3,676,,,data\rolls\2026\pdfs\ac027\AC027PART003.pdf,pdf_serial_row_count,ok
2026,27,4,448,,,data\rolls\2026\pdfs\ac027\AC027PART004.pdf,pdf_serial_row_count,ok
2026,27,5,477,,,data\rolls\2026\pdfs\ac027\AC027PART005.pdf,pdf_serial_row_count,ok
2026,27,6,625,,,data\rolls\2026\pdfs\ac027\AC027PART006.pdf,pdf_serial_row_count,ok
2026,27,7,537,,,data\rolls\2026\pdfs\ac027\AC027PART007.pdf,pdf_serial_row_count,ok
2026,27,8,633,,,data\rolls\2026\pdfs\ac027\AC027PART008.pdf,pdf_serial_row_count,ok
2026,27,9,799,,,data\rolls\2026\pdfs\ac027\AC027PART009.pdf,pdf_serial_row_count,ok
2026,27,10,714,,,data\rolls\2026\pdfs\ac027\AC027PART010.pdf,pdf_serial_row_count,ok
2026,27,11,473,,,data\rolls\2026\pdfs\ac027\AC027PART011.pdf,pdf_serial_row_count,ok
2026,27,12,899,,,data\rolls\2026\pdfs\ac027\AC027PART012.pdf,pdf_serial_row_count,ok
2026,27,13,925,,,data\rolls\2026\pdfs\ac027\AC027PART013.pdf,pdf_serial_row_count,ok
2026,27,14,833,,,data\rolls\2026\pdfs\ac027\AC027PART014.pdf,pdf_serial_row_count,ok
2026,27,15,634,,,data\rolls\2026\pdfs\ac027\AC027PART015.pdf,pdf_serial_row_count,ok
2026,27,16,562,,,data\rolls\2026\pdfs\ac027\AC027PART016.pdf,pdf_serial_row_count,ok
2026,27,17,792,,,data\rolls\2026\pdfs\ac027\AC027PART017.pdf,pdf_serial_row_count,ok
2026,27,18,938,,,data\rolls\2026\pdfs\ac027\AC027PART018.pdf,pdf_serial_row_count,ok
2026,27,19,898,,,data\rolls\2026\pdfs\ac027\AC027PART019.pdf,pdf_serial_row_count,ok
2026,27,20,564,,,data\rolls\2026\pdfs\ac027\AC027PART020.pdf,pdf_serial_row_count,ok
2026,27,21,831,,,data\rolls\2026\pdfs\ac027\AC027PART021.pdf,pdf_serial_row_count,ok
2026,27,22,1000,,,data\rolls\2026\pdfs\ac027\AC027PART022.pdf,pdf_serial_row_count,ok
2026,27,23,819,,,data\rolls\2026\pdfs\ac027\AC027PART023.pdf,pdf_serial_row_count,ok
2026,27,24,523,,,data\rolls\2026\pdfs\ac027\AC027PART024.pdf,pdf_serial_row_count,ok
2026,27,25,572,,,data\rolls\2026\pdfs\ac027\AC027PART025.pdf,pdf_serial_row_count,ok
2026,27,26,494,,,data\rolls\2026\pdfs\ac027\AC027PART026.pdf,pdf_serial_row_count,ok
2026,27,27,796,,,data\rolls\2026\pdfs\ac027\AC027PART027.pdf,pdf_serial_row_count,ok
2026,27,28,652,,,data\rolls\2026\pdfs\ac027\AC027PART028.pdf,pdf_serial_row_count,ok
2026,27,29,761,,,data\rolls\2026\pdfs\ac027\AC027PART029.pdf,pdf_serial_row_count,ok
2026,27,30,1015,,,data\rolls\2026\pdfs\ac027\AC027PART030.pdf,pdf_serial_row_count,ok
2026,27,31,596,,,data\rolls\2026\pdfs\ac027\AC027PART031.pdf,pdf_serial_row_count,ok
2026,27,32,676,,,data\rolls\2026\pdfs\ac027\AC027PART032.pdf,pdf_serial_row_count,ok
2026,27,33,567,,,data\rolls\2026\pdfs\ac027\AC027PART033.pdf,pdf_serial_row_count,ok
2026,27,34,774,,,data\rolls\2026\pdfs\ac027\AC027PART034.pdf,pdf_serial_row_count,ok
2026,27,35,877,,,data\rolls\2026\pdfs\ac027\AC027PART035.pdf,pdf_serial_row_count,ok
2026,27,36,890,,,data\rolls\2026\pdfs\ac027\AC027PART036.pdf,pdf_serial_row_count,ok
2026,27,37,627,,,data\rolls\2026\pdfs\ac027\AC027PART037.pdf,pdf_serial_row_count,ok
2026,27,38,670,,,data\rolls\2026\pdfs\ac027\AC027PART038.pdf,pdf_serial_row_count,ok
2026,27,39,961,,,data\rolls\2026\pdfs\ac027\AC027PART039.pdf,pdf_serial_row_count,ok
2026,27,40,636,,,data\rolls\2026\pdfs\ac027\AC027PART040.pdf,pdf_serial_row_count,ok
2026,27,41,552,,,data\rolls\2026\pdfs\ac027\AC027PART041.pdf,pdf_serial_row_count,ok
2026,27,42,748,,,data\rolls\2026\pdfs\ac027\AC027PART042.pdf,pdf_serial_row_count,ok
2026,27,43,772,,,data\rolls\2026\pdfs\ac027\AC027PART043.pdf,pdf_serial_row_count,ok
2026,27,44,670,,,data\rolls\2026\pdfs\ac027\AC027PART044.pdf,pdf_serial_row_count,ok
2026,27,45,843,,,data\rolls\2026\pdfs\ac027\AC027PART045.pdf,pdf_serial_row_count,ok
2026,27,46,1144,,,data\rolls\2026\pdfs\ac027\AC027PART046.pdf,pdf_serial_row_count,ok
2026,27,47,988,,,data\rolls\2026\pdfs\ac027\AC027PART047.pdf,pdf_serial_row_count,ok
2026,27,48,687,,,data\rolls\2026\pdfs\ac027\AC027PART048.pdf,pdf_serial_row_count,ok
2026,27,49,478,,,data\rolls\2026\pdfs\ac027\AC027PART049.pdf,pdf_serial_row_count,ok
2026,27,50,708,,,data\rolls\2026\pdfs\ac027\AC027PART050.pdf,pdf_serial_row_count,ok
2026,27,51,973,,,data\rolls\2026\pdfs\ac027\AC027PART051.pdf,pdf_serial_row_count,ok
2026,27,52,904,,,data\rolls\2026\pdfs\ac027\AC027PART052.pdf,pdf_serial_row_count,ok
2026,27,53,743,,,data\rolls\2026\pdfs\ac027\AC027PART053.pdf,pdf_serial_row_count,ok
2026,27,54,606,,,data\rolls\2026\pdfs\ac027\AC027PART054.pdf,pdf_serial_row_count,ok
2026,27,55,601,,,data\rolls\2026\pdfs\ac027\AC027PART055.pdf,pdf_serial_row_count,ok
2026,27,56,856,,,data\rolls\2026\pdfs\ac027\AC027PART056.pdf,pdf_serial_row_count,ok
2026,27,57,770,,,data\rolls\2026\pdfs\ac027\AC027PART057.pdf,pdf_serial_row_count,ok
2026,27,58,443,,,data\rolls\2026\pdfs\ac027\AC027PART058.pdf,pdf_serial_row_count,ok
2026,27,59,636,,,data\rolls\2026\pdfs\ac027\AC027PART059.pdf,pdf_serial_row_count,ok
2026,27,60,687,,,data\rolls\2026\pdfs\ac027\AC027PART060.pdf,pdf_serial_row_count,ok
2026,27,61,1013,,,data\rolls\2026\pdfs\ac027\AC027PART061.pdf,pdf_serial_row_count,ok
2026,27,62,720,,,data\rolls\2026\pdfs\ac027\AC027PART062.pdf,pdf_serial_row_count,ok
2026,27,63,699,,,data\rolls\2026\pdfs\ac027\AC027PART063.pdf,pdf_serial_row_count,ok
2026,27,64,589,,,data\rolls\2026\pdfs\ac027\AC027PART064.pdf,pdf_serial_row_count,ok
2026,27,65,489,,,data\rolls\2026\pdfs\ac027\AC027PART065.pdf,pdf_serial_row_count,ok
2026,27,66,534,,,data\rolls\2026\pdfs\ac027\AC027PART066.pdf,pdf_serial_row_count,ok
2026,27,67,657,,,data\rolls\2026\pdfs\ac027\AC027PART067.pdf,pdf_serial_row_count,ok
2026,27,68,913,,,data\rolls\2026\pdfs\ac027\AC027PART068.pdf,pdf_serial_row_count,ok
2026,27,69,703,,,data\rolls\2026\pdfs\ac027\AC027PART069.pdf,pdf_serial_row_count,ok
2026,27,70,963,,,data\rolls\2026\pdfs\ac027\AC027PART070.pdf,pdf_serial_row_count,ok
2026,27,71,517,,,data\rolls\2026\pdfs\ac027\AC027PART071.pdf,pdf_serial_row_count,ok
2026,27,72,693,,,data\rolls\2026\pdfs\ac027\AC027PART072.pdf,pdf_serial_row_count,ok
2026,27,73,671,,,data\rolls\2026\pdfs\ac027\AC027PART073.pdf,pdf_serial_row_count,ok
2026,27,74,1033,,,data\rolls\2026\pdfs\ac027\AC027PART074.pdf,pdf_serial_row_count,ok
2026,27,75,649,,,data\rolls\2026\pdfs\ac027\AC027PART075.pdf,pdf_serial_row_count,ok
2026,27,76,792,,,data\rolls\2026\pdfs\ac027\AC027PART076.pdf,pdf_serial_row_count,ok
2026,27,77,567,,,data\rolls\2026\pdfs\ac027\AC027PART077.pdf,pdf_serial_row_count,ok
2026,27,78,796,,,data\rolls\2026\pdfs\ac027\AC027PART078.pdf,pdf_serial_row_count,ok
2026,27,79,634,,,data\rolls\2026\pdfs\ac027\AC027PART079.pdf,pdf_serial_row_count,ok
2026,27,80,673,,,data\rolls\2026\pdfs\ac027\AC027PART080.pdf,pdf_serial_row_count,ok
2026,27,81,663,,,data\rolls\2026\pdfs\ac027\AC027PART081.pdf,pdf_serial_row_count,ok
2026,27,82,514,,,data\rolls\2026\pdfs\ac027\AC027PART082.pdf,pdf_serial_row_count,ok
2026,27,83,1041,,,data\rolls\2026\pdfs\ac027\AC027PART083.pdf,pdf_serial_row_count,ok
2026,27,84,803,,,data\rolls\2026\pdfs\ac027\AC027PART084.pdf,pdf_serial_row_count,ok
2026,27,85,610,,,data\rolls\2026\pdfs\ac027\AC027PART085.pdf,pdf_serial_row_count,ok
2026,27,86,603,,,data\rolls\2026\pdfs\ac027\AC027PART086.pdf,pdf_serial_row_count,ok
2026,27,87,549,,,data\rolls\2026\pdfs\ac027\AC027PART087.pdf,pdf_serial_row_count,ok
2026,27,88,935,,,data\rolls\2026\pdfs\ac027\AC027PART088.pdf,pdf_serial_row_count,ok
2026,27,89,783,,,data\rolls\2026\pdfs\ac027\AC027PART089.pdf,pdf_serial_row_count,ok
2026,27,90,623,,,data\rolls\2026\pdfs\ac027\AC027PART090.pdf,pdf_serial_row_count,ok
2026,27,91,699,,,data\rolls\2026\pdfs\ac027\AC027PART091.pdf,pdf_serial_row_count,ok
2026,27,92,624,,,data\rolls\2026\pdfs\ac027\AC027PART092.pdf,pdf_serial_row_count,ok
2026,27,93,860,,,data\rolls\2026\pdfs\ac027\AC027PART093.pdf,pdf_serial_row_count,ok
2026,27,94,1028,,,data\rolls\2026\pdfs\ac027\AC027PART094.pdf,pdf_serial_row_count,ok
2026,27,95,637,,,data\rolls\2026\pdfs\ac027\AC027PART095.pdf,pdf_serial_row_count,ok
2026,27,96,837,,,data\rolls\2026\pdfs\ac027\AC027PART096.pdf,pdf_serial_row_count,ok
2026,27,97,1000,,,data\rolls\2026\pdfs\ac027\AC027PART097.pdf,pdf_serial_row_count,ok
2026,27,98,684,,,data\rolls\2026\pdfs\ac027\AC027PART098.pdf,pdf_serial_row_count,ok
2026,27,99,634,,,data\rolls\2026\pdfs\ac027\AC027PART099.pdf,pdf_serial_row_count,ok
2026,27,100,407,,,data\rolls\2026\pdfs\ac027\AC027PART100.pdf,pdf_serial_row_count,ok
2026,27,101,539,,,data\rolls\2026\pdfs\ac027\AC027PART101.pdf,pdf_serial_row_count,ok
2026,27,102,541,,,data\rolls\2026\pdfs\ac027\AC027PART102.pdf,pdf_serial_row_count,ok
2026,27,103,860,,,data\rolls\2026\pdfs\ac027\AC027PART103.pdf,pdf_serial_row_count,ok
2026,27,104,708,,,data\rolls\2026\pdfs\ac027\AC027PART104.pdf,pdf_serial_row_count,ok
2026,27,105,568,,,data\rolls\2026\pdfs\ac027\AC027PART105.pdf,pdf_serial_row_count,ok
2026,27,106,861,,,data\rolls\2026\pdfs\ac027\AC027PART106.pdf,pdf_serial_row_count,ok
2026,27,107,612,,,data\rolls\2026\pdfs\ac027\AC027PART107.pdf,pdf_serial_row_count,ok
2026,27,108,925,,,data\rolls\2026\pdfs\ac027\AC027PART108.pdf,pdf_serial_row_count,ok
2026,27,109,611,,,data\rolls\2026\pdfs\ac027\AC027PART109.pdf,pdf_serial_row_count,ok
2026,27,110,618,,,data\rolls\2026\pdfs\ac027\AC027PART110.pdf,pdf_serial_row_count,ok
2026,27,111,979,,,data\rolls\2026\pdfs\ac027\AC027PART111.pdf,pdf_serial_row_count,ok
2026,27,112,846,,,data\rolls\2026\pdfs\ac027\AC027PART112.pdf,pdf_serial_row_count,ok
2026,27,113,773,,,data\rolls\2026\pdfs\ac027\AC027PART113.pdf,pdf_serial_row_count,ok
2026,27,114,746,,,data\rolls\2026\pdfs\ac027\AC027PART114.pdf,pdf_serial_row_count,ok
2026,27,115,556,,,data\rolls\2026\pdfs\ac027\AC027PART115.pdf,pdf_serial_row_count,ok
2026,27,116,648,,,data\rolls\2026\pdfs\ac027\AC027PART116.pdf,pdf_serial_row_count,ok
2026,27,117,937,,,data\rolls\2026\pdfs\ac027\AC027PART117.pdf,pdf_serial_row_count,ok
2026,27,118,640,,,data\rolls\2026\pdfs\ac027\AC027PART118.pdf,pdf_serial_row_count,ok
2026,27,119,1035,,,data\rolls\2026\pdfs\ac027\AC027PART119.pdf,pdf_serial_row_count,ok
2026,27,120,812,,,data\rolls\2026\pdfs\ac027\AC027PART120.pdf,pdf_serial_row_count,ok
2026,27,121,662,,,data\rolls\2026\pdfs\ac027\AC027PART121.pdf,pdf_serial_row_count,ok
2026,27,122,643,,,data\rolls\2026\pdfs\ac027\AC027PART122.pdf,pdf_serial_row_count,ok
2026,27,123,717,,,data\rolls\2026\pdfs\ac027\AC027PART123.pdf,pdf_serial_row_count,ok
2026,27,124,428,,,data\rolls\2026\pdfs\ac027\AC027PART124.pdf,pdf_serial_row_count,ok
2026,27,125,731,,,data\rolls\2026\pdfs\ac027\AC027PART125.pdf,pdf_serial_row_count,ok
2026,27,126,669,,,data\rolls\2026\pdfs\ac027\AC027PART126.pdf,pdf_serial_row_count,ok
2026,27,127,686,,,data\rolls\2026\pdfs\ac027\AC027PART127.pdf,pdf_serial_row_count,ok
2026,27,128,648,,,data\rolls\2026\pdfs\ac027\AC027PART128.pdf,pdf_serial_row_count,ok
2026,27,129,823,,,data\rolls\2026\pdfs\ac027\AC027PART129.pdf,pdf_serial_row_count,ok
2026,27,130,741,,,data\rolls\2026\pdfs\ac027\AC027PART130.pdf,pdf_serial_row_count,ok
2026,27,131,626,,,data\rolls\2026\pdfs\ac027\AC027PART131.pdf,pdf_serial_row_count,ok
2026,27,132,601,,,data\rolls\2026\pdfs\ac027\AC027PART132.pdf,pdf_serial_row_count,ok
2026,27,133,662,,,data\rolls\2026\pdfs\ac027\AC027PART133.pdf,pdf_serial_row_count,ok
2026,27,134,775,,,data\rolls\2026\pdfs\ac027\AC027PART134.pdf,pdf_serial_row_count,ok
2026,27,135,636,,,data\rolls\2026\pdfs\ac027\AC027PART135.pdf,pdf_serial_row_count,ok
2026,27,136,882,,,data\rolls\2026\pdfs\ac027\AC027PART136.pdf,pdf_serial_row_count,ok
2026,27,137,1155,,,data\rolls\2026\pdfs\ac027\AC027PART137.pdf,pdf_serial_row_count,ok
2026,27,138,554,,,data\rolls\2026\pdfs\ac027\AC027PART138.pdf,pdf_serial_row_count,ok
2026,27,139,597,,,data\rolls\2026\pdfs\ac027\AC027PART139.pdf,pdf_serial_row_count,ok
2026,27,140,825,,,data\rolls\2026\pdfs\ac027\AC027PART140.pdf,pdf_serial_row_count,ok
2026,27,141,710,,,data\rolls\2026\pdfs\ac027\AC027PART141.pdf,pdf_serial_row_count,ok
2026,27,142,460,,,data\rolls\2026\pdfs\ac027\AC027PART142.pdf,pdf_serial_row_count,ok
2026,27,143,910,,,data\rolls\2026\pdfs\ac027\AC027PART143.pdf,pdf_serial_row_count,ok
2026,27,144,802,,,data\rolls\2026\pdfs\ac027\AC027PART144.pdf,pdf_serial_row_count,ok
2026,27,145,466,,,data\rolls\2026\pdfs\ac027\AC027PART145.pdf,pdf_serial_row_count,ok
2026,27,146,725,,,data\rolls\2026\pdfs\ac027\AC027PART146.pdf,pdf_serial_row_count,ok
2026,27,147,844,,,data\rolls\2026\pdfs\ac027\AC027PART147.pdf,pdf_serial_row_count,ok
2026,27,148,897,,,data\rolls\2026\pdfs\ac027\AC027PART148.pdf,pdf_serial_row_count,ok
2026,27,149,1012,,,data\rolls\2026\pdfs\ac027\AC027PART149.pdf,pdf_serial_row_count,ok
2026,27,150,633,,,data\rolls\2026\pdfs\ac027\AC027PART150.pdf,pdf_serial_row_count,ok
2026,27,151,728,,,data\rolls\2026\pdfs\ac027\AC027PART151.pdf,pdf_serial_row_count,ok
2026,27,152,1010,,,data\rolls\2026\pdfs\ac027\AC027PART152.pdf,pdf_serial_row_count,ok
2026,27,153,1180,,,data\rolls\2026\pdfs\ac027\AC027PART153.pdf,pdf_serial_row_count,ok
2026,27,154,940,,,data\rolls\2026\pdfs\ac027\AC027PART154.pdf,pdf_serial_row_count,ok
2026,27,155,450,,,data\rolls\2026\pdfs\ac027\AC027PART155.pdf,pdf_serial_row_count,ok
2026,27,156,1045,,,data\rolls\2026\pdfs\ac027\AC027PART156.pdf,pdf_serial_row_count,ok
2026,27,157,607,,,data\rolls\2026\pdfs\ac027\AC027PART157.pdf,pdf_serial_row_count,ok
2026,27,158,1006,,,data\rolls\2026\pdfs\ac027\AC027PART158.pdf,pdf_serial_row_count,ok
2026,27,159,515,,,data\rolls\2026\pdfs\ac027\AC027PART159.pdf,pdf_serial_row_count,ok
2026,27,160,745,,,data\rolls\2026\pdfs\ac027\AC027PART160.pdf,pdf_serial_row_count,ok
2026,27,161,1060,,,data\rolls\2026\pdfs\ac027\AC027PART161.pdf,pdf_serial_row_count,ok
2026,27,162,667,,,data\rolls\2026\pdfs\ac027\AC027PART162.pdf,pdf_serial_row_count,ok
2026,27,163,830,,,data\rolls\2026\pdfs\ac027\AC027PART163.pdf,pdf_serial_row_count,ok
2026,27,164,805,,,data\rolls\2026\pdfs\ac027\AC027PART164.pdf,pdf_serial_row_count,ok
2026,27,165,697,,,data\rolls\2026\pdfs\ac027\AC027PART165.pdf,pdf_serial_row_count,ok
2026,27,166,585,,,data\rolls\2026\pdfs\ac027\AC027PART166.pdf,pdf_serial_row_count,ok
2026,27,167,717,,,data\rolls\2026\pdfs\ac027\AC027PART167.pdf,pdf_serial_row_count,ok
2026,27,168,868,,,data\rolls\2026\pdfs\ac027\AC027PART168.pdf,pdf_serial_row_count,ok
2026,27,169,969,,,data\rolls\2026\pdfs\ac027\AC027PART169.pdf,pdf_serial_row_count,ok
2026,27,170,1290,,,data\rolls\2026\pdfs\ac027\AC027PART170.pdf,pdf_serial_row_count,ok
2026,27,171,694,,,data\rolls\2026\pdfs\ac027\AC027PART171.pdf,pdf_serial_row_count,ok
2026,27,172,823,,,data\rolls\2026\pdfs\ac027\AC027PART172.pdf,pdf_serial_row_count,ok
2026,27,173,689,,,data\rolls\2026\pdfs\ac027\AC027PART173.pdf,pdf_serial_row_count,ok
2026,27,174,814,,,data\rolls\2026\pdfs\ac027\AC027PART174.pdf,pdf_serial_row_count,ok
2026,27,175,579,,,data\rolls\2026\pdfs\ac027\AC027PART175.pdf,pdf_serial_row_count,ok
2026,27,176,1100,,,data\rolls\2026\pdfs\ac027\AC027PART176.pdf,pdf_serial_row_count,ok
2026,27,177,909,,,data\rolls\2026\pdfs\ac027\AC027PART177.pdf,pdf_serial_row_count,ok
2026,27,178,936,,,data\rolls\2026\pdfs\ac027\AC027PART178.pdf,pdf_serial_row_count,ok
2026,27,179,838,,,data\rolls\2026\pdfs\ac027\AC027PART179.pdf,pdf_serial_row_count,ok
2026,27,180,866,,,data\rolls\2026\pdfs\ac027\AC027PART180.pdf,pdf_serial_row_count,ok
2026,27,181,497,,,data\rolls\2026\pdfs\ac027\AC027PART181.pdf,pdf_serial_row_count,ok
2026,28,1,540,,,data\rolls\2026\pdfs\ac028\AC028PART001.pdf,pdf_serial_row_count,ok
2026,28,2,856,,,data\rolls\2026\pdfs\ac028\AC028PART002.pdf,pdf_serial_row_count,ok
2026,28,3,441,,,data\rolls\2026\pdfs\ac028\AC028PART003.pdf,pdf_serial_row_count,ok
2026,28,4,928,,,data\rolls\2026\pdfs\ac028\AC028PART004.pdf,pdf_serial_row_count,ok
2026,28,5,813,,,data\rolls\2026\pdfs\ac028\AC028PART005.pdf,pdf_serial_row_count,ok
2026,28,6,645,,,data\rolls\2026\pdfs\ac028\AC028PART006.pdf,pdf_serial_row_count,ok
2026,28,7,618,,,data\rolls\2026\pdfs\ac028\AC028PART007.pdf,pdf_serial_row_count,ok
2026,28,8,815,,,data\rolls\2026\pdfs\ac028\AC028PART008.pdf,pdf_serial_row_count,ok
2026,28,9,744,,,data\rolls\2026\pdfs\ac028\AC028PART009.pdf,pdf_serial_row_count,ok
2026,28,10,573,,,data\rolls\2026\pdfs\ac028\AC028PART010.pdf,pdf_serial_row_count,ok
2026,28,11,598,,,data\rolls\2026\pdfs\ac028\AC028PART011.pdf,pdf_serial_row_count,ok
2026,28,12,1000,,,data\rolls\2026\pdfs\ac028\AC028PART012.pdf,pdf_serial_row_count,ok
2026,28,13,950,,,data\rolls\2026\pdfs\ac028\AC028PART013.pdf,pdf_serial_row_count,ok
2026,28,14,880,,,data\rolls\2026\pdfs\ac028\AC028PART014.pdf,pdf_serial_row_count,ok
2026,28,15,684,,,data\rolls\2026\pdfs\ac028\AC028PART015.pdf,pdf_serial_row_count,ok
2026,28,16,499,,,data\rolls\2026\pdfs\ac028\AC028PART016.pdf,pdf_serial_row_count,ok
2026,28,17,618,,,data\rolls\2026\pdfs\ac028\AC028PART017.pdf,pdf_serial_row_count,ok
2026,28,18,712,,,data\rolls\2026\pdfs\ac028\AC028PART018.pdf,pdf_serial_row_count,ok
2026,28,19,473,,,data\rolls\2026\pdfs\ac028\AC028PART019.pdf,pdf_serial_row_count,ok
2026,28,20,566,,,data\rolls\2026\pdfs\ac028\AC028PART020.pdf,pdf_serial_row_count,ok
2026,28,21,658,,,data\rolls\2026\pdfs\ac028\AC028PART021.pdf,pdf_serial_row_count,ok
2026,28,22,730,,,data\rolls\2026\pdfs\ac028\AC028PART022.pdf,pdf_serial_row_count,ok
2026,28,23,657,,,data\rolls\2026\pdfs\ac028\AC028PART023.pdf,pdf_serial_row_count,ok
2026,28,24,823,,,data\rolls\2026\pdfs\ac028\AC028PART024.pdf,pdf_serial_row_count,ok
2026,28,25,897,,,data\rolls\2026\pdfs\ac028\AC028PART025.pdf,pdf_serial_row_count,ok
2026,28,26,627,,,data\rolls\2026\pdfs\ac028\AC028PART026.pdf,pdf_serial_row_count,ok
2026,28,27,599,,,data\rolls\2026\pdfs\ac028\AC028PART027.pdf,pdf_serial_row_count,ok
2026,28,28,550,,,data\rolls\2026\pdfs\ac028\AC028PART028.pdf,pdf_serial_row_count,ok
2026,28,29,807,,,data\rolls\2026\pdfs\ac028\AC028PART029.pdf,pdf_serial_row_count,ok
2026,28,30,962,,,data\rolls\2026\pdfs\ac028\AC028PART030.pdf,pdf_serial_row_count,ok
2026,28,31,829,,,data\rolls\2026\pdfs\ac028\AC028PART031.pdf,pdf_serial_row_count,ok
2026,28,32,768,,,data\rolls\2026\pdfs\ac028\AC028PART032.pdf,pdf_serial_row_count,ok
2026,28,33,1007,,,data\rolls\2026\pdfs\ac028\AC028PART033.pdf,pdf_serial_row_count,ok
2026,28,34,875,,,data\rolls\2026\pdfs\ac028\AC028PART034.pdf,pdf_serial_row_count,ok
2026,28,35,883,,,data\rolls\2026\pdfs\ac028\AC028PART035.pdf,pdf_serial_row_count,ok
2026,28,36,558,,,data\rolls\2026\pdfs\ac028\AC028PART036.pdf,pdf_serial_row_count,ok
2026,28,37,677,,,data\rolls\2026\pdfs\ac028\AC028PART037.pdf,pdf_serial_row_count,ok
2026,28,38,496,,,data\rolls\2026\pdfs\ac028\AC028PART038.pdf,pdf_serial_row_count,ok
2026,28,39,605,,,data\rolls\2026\pdfs\ac028\AC028PART039.pdf,pdf_serial_row_count,ok
2026,28,40,770,,,data\rolls\2026\pdfs\ac028\AC028PART040.pdf,pdf_serial_row_count,ok
2026,28,41,750,,,data\rolls\2026\pdfs\ac028\AC028PART041.pdf,pdf_serial_row_count,ok
2026,28,42,1265,,,data\rolls\2026\pdfs\ac028\AC028PART042.pdf,pdf_serial_row_count,ok
2026,28,43,894,,,data\rolls\2026\pdfs\ac028\AC028PART043.pdf,pdf_serial_row_count,ok
2026,28,44,1051,,,data\rolls\2026\pdfs\ac028\AC028PART044.pdf,pdf_serial_row_count,ok
2026,28,45,796,,,data\rolls\2026\pdfs\ac028\AC028PART045.pdf,pdf_serial_row_count,ok
2026,28,46,557,,,data\rolls\2026\pdfs\ac028\AC028PART046.pdf,pdf_serial_row_count,ok
2026,28,47,714,,,data\rolls\2026\pdfs\ac028\AC028PART047.pdf,pdf_serial_row_count,ok
2026,28,48,707,,,data\rolls\2026\pdfs\ac028\AC028PART048.pdf,pdf_serial_row_count,ok
2026,28,49,1021,,,data\rolls\2026\pdfs\ac028\AC028PART049.pdf,pdf_serial_row_count,ok
2026,28,50,959,,,data\rolls\2026\pdfs\ac028\AC028PART050.pdf,pdf_serial_row_count,ok
2026,28,51,714,,,data\rolls\2026\pdfs\ac028\AC028PART051.pdf,pdf_serial_row_count,ok
2026,28,52,942,,,data\rolls\2026\pdfs\ac028\AC028PART052.pdf,pdf_serial_row_count,ok
2026,28,53,558,,,data\rolls\2026\pdfs\ac028\AC028PART053.pdf,pdf_serial_row_count,ok
2026,28,54,384,,,data\rolls\2026\pdfs\ac028\AC028PART054.pdf,pdf_serial_row_count,ok
2026,28,55,837,,,data\rolls\2026\pdfs\ac028\AC028PART055.pdf,pdf_serial_row_count,ok
2026,28,56,1035,,,data\rolls\2026\pdfs\ac028\AC028PART056.pdf,pdf_serial_row_count,ok
2026,28,57,539,,,data\rolls\2026\pdfs\ac028\AC028PART057.pdf,pdf_serial_row_count,ok
2026,28,58,625,,,data\rolls\2026\pdfs\ac028\AC028PART058.pdf,pdf_serial_row_count,ok
2026,28,59,670,,,data\rolls\2026\pdfs\ac028\AC028PART059.pdf,pdf_serial_row_count,ok
2026,28,60,770,,,data\rolls\2026\pdfs\ac028\AC028PART060.pdf,pdf_serial_row_count,ok
2026,28,61,664,,,data\rolls\2026\pdfs\ac028\AC028PART061.pdf,pdf_serial_row_count,ok
2026,28,62,636,,,data\rolls\2026\pdfs\ac028\AC028PART062.pdf,pdf_serial_row_count,ok
2026,28,63,535,,,data\rolls\2026\pdfs\ac028\AC028PART063.pdf,pdf_serial_row_count,ok
2026,28,64,754,,,data\rolls\2026\pdfs\ac028\AC028PART064.pdf,pdf_serial_row_count,ok
2026,28,65,704,,,data\rolls\2026\pdfs\ac028\AC028PART065.pdf,pdf_serial_row_count,ok
2026,28,66,436,,,data\rolls\2026\pdfs\ac028\AC028PART066.pdf,pdf_serial_row_count,ok
2026,28,67,636,,,data\rolls\2026\pdfs\ac028\AC028PART067.pdf,pdf_serial_row_count,ok
2026,28,68,660,,,data\rolls\2026\pdfs\ac028\AC028PART068.pdf,pdf_serial_row_count,ok
2026,28,69,996,,,data\rolls\2026\pdfs\ac028\AC028PART069.pdf,pdf_serial_row_count,ok
2026,28,70,714,,,data\rolls\2026\pdfs\ac028\AC028PART070.pdf,pdf_serial_row_count,ok
2026,28,71,716,,,data\rolls\2026\pdfs\ac028\AC028PART071.pdf,pdf_serial_row_count,ok
2026,28,72,698,,,data\rolls\2026\pdfs\ac028\AC028PART072.pdf,pdf_serial_row_count,ok
2026,28,73,566,,,data\rolls\2026\pdfs\ac028\AC028PART073.pdf,pdf_serial_row_count,ok
2026,28,74,627,,,data\rolls\2026\pdfs\ac028\AC028PART074.pdf,pdf_serial_row_count,ok
2026,28,75,812,,,data\rolls\2026\pdfs\ac028\AC028PART075.pdf,pdf_serial_row_count,ok
2026,28,76,601,,,data\rolls\2026\pdfs\ac028\AC028PART076.pdf,pdf_serial_row_count,ok
2026,28,77,702,,,data\rolls\2026\pdfs\ac028\AC028PART077.pdf,pdf_serial_row_count,ok
2026,28,78,967,,,data\rolls\2026\pdfs\ac028\AC028PART078.pdf,pdf_serial_row_count,ok
2026,28,79,861,,,data\rolls\2026\pdfs\ac028\AC028PART079.pdf,pdf_serial_row_count,ok
2026,28,80,866,,,data\rolls\2026\pdfs\ac028\AC028PART080.pdf,pdf_serial_row_count,ok
2026,28,81,569,,,data\rolls\2026\pdfs\ac028\AC028PART081.pdf,pdf_serial_row_count,ok
2026,28,82,668,,,data\rolls\2026\pdfs\ac028\AC028PART082.pdf,pdf_serial_row_count,ok
2026,28,83,780,,,data\rolls\2026\pdfs\ac028\AC028PART083.pdf,pdf_serial_row_count,ok
2026,28,84,633,,,data\rolls\2026\pdfs\ac028\AC028PART084.pdf,pdf_serial_row_count,ok
2026,28,85,735,,,data\rolls\2026\pdfs\ac028\AC028PART085.pdf,pdf_serial_row_count,ok
2026,28,86,555,,,data\rolls\2026\pdfs\ac028\AC028PART086.pdf,pdf_serial_row_count,ok
2026,28,87,909,,,data\rolls\2026\pdfs\ac028\AC028PART087.pdf,pdf_serial_row_count,ok
2026,28,88,605,,,data\rolls\2026\pdfs\ac028\AC028PART088.pdf,pdf_serial_row_count,ok
2026,28,89,775,,,data\rolls\2026\pdfs\ac028\AC028PART089.pdf,pdf_serial_row_count,ok
2026,28,90,451,,,data\rolls\2026\pdfs\ac028\AC028PART090.pdf,pdf_serial_row_count,ok
2026,28,91,889,,,data\rolls\2026\pdfs\ac028\AC028PART091.pdf,pdf_serial_row_count,ok
2026,28,92,809,,,data\rolls\2026\pdfs\ac028\AC028PART092.pdf,pdf_serial_row_count,ok
2026,28,93,623,,,data\rolls\2026\pdfs\ac028\AC028PART093.pdf,pdf_serial_row_count,ok
2026,28,94,469,,,data\rolls\2026\pdfs\ac028\AC028PART094.pdf,pdf_serial_row_count,ok
2026,28,95,761,,,data\rolls\2026\pdfs\ac028\AC028PART095.pdf,pdf_serial_row_count,ok
2026,28,96,896,,,data\rolls\2026\pdfs\ac028\AC028PART096.pdf,pdf_serial_row_count,ok
2026,28,97,655,,,data\rolls\2026\pdfs\ac028\AC028PART097.pdf,pdf_serial_row_count,ok
2026,28,98,742,,,data\rolls\2026\pdfs\ac028\AC028PART098.pdf,pdf_serial_row_count,ok
2026,28,99,655,,,data\rolls\2026\pdfs\ac028\AC028PART099.pdf,pdf_serial_row_count,ok
2026,28,100,497,,,data\rolls\2026\pdfs\ac028\AC028PART100.pdf,pdf_serial_row_count,ok
2026,28,101,757,,,data\rolls\2026\pdfs\ac028\AC028PART101.pdf,pdf_serial_row_count,ok
2026,28,102,653,,,data\rolls\2026\pdfs\ac028\AC028PART102.pdf,pdf_serial_row_count,ok
2026,28,103,953,,,data\rolls\2026\pdfs\ac028\AC028PART103.pdf,pdf_serial_row_count,ok
2026,28,104,384,,,data\rolls\2026\pdfs\ac028\AC028PART104.pdf,pdf_serial_row_count,ok
2026,28,105,828,,,data\rolls\2026\pdfs\ac028\AC028PART105.pdf,pdf_serial_row_count,ok
2026,28,106,907,,,data\rolls\2026\pdfs\ac028\AC028PART106.pdf,pdf_serial_row_count,ok
2026,28,107,513,,,data\rolls\2026\pdfs\ac028\AC028PART107.pdf,pdf_serial_row_count,ok
2026,28,108,825,,,data\rolls\2026\pdfs\ac028\AC028PART108.pdf,pdf_serial_row_count,ok
2026,28,109,869,,,data\rolls\2026\pdfs\ac028\AC028PART109.pdf,pdf_serial_row_count,ok
2026,28,110,1017,,,data\rolls\2026\pdfs\ac028\AC028PART110.pdf,pdf_serial_row_count,ok
2026,28,111,624,,,data\rolls\2026\pdfs\ac028\AC028PART111.pdf,pdf_serial_row_count,ok
2026,28,112,884,,,data\rolls\2026\pdfs\ac028\AC028PART112.pdf,pdf_serial_row_count,ok
2026,28,113,843,,,data\rolls\2026\pdfs\ac028\AC028PART113.pdf,pdf_serial_row_count,ok
2026,28,114,806,,,data\rolls\2026\pdfs\ac028\AC028PART114.pdf,pdf_serial_row_count,ok
2026,28,115,635,,,data\rolls\2026\pdfs\ac028\AC028PART115.pdf,pdf_serial_row_count,ok
2026,28,116,1037,,,data\rolls\2026\pdfs\ac028\AC028PART116.pdf,pdf_serial_row_count,ok
2026,28,117,665,,,data\rolls\2026\pdfs\ac028\AC028PART117.pdf,pdf_serial_row_count,ok
2026,28,118,536,,,data\rolls\2026\pdfs\ac028\AC028PART118.pdf,pdf_serial_row_count,ok
2026,28,119,751,,,data\rolls\2026\pdfs\ac028\AC028PART119.pdf,pdf_serial_row_count,ok
2026,28,120,410,,,data\rolls\2026\pdfs\ac028\AC028PART120.pdf,pdf_serial_row_count,ok
2026,28,121,506,,,data\rolls\2026\pdfs\ac028\AC028PART121.pdf,pdf_serial_row_count,ok
2026,28,122,461,,,data\rolls\2026\pdfs\ac028\AC028PART122.pdf,pdf_serial_row_count,ok
2026,28,123,583,,,data\rolls\2026\pdfs\ac028\AC028PART123.pdf,pdf_serial_row_count,ok
2026,28,124,683,,,data\rolls\2026\pdfs\ac028\AC028PART124.pdf,pdf_serial_row_count,ok
2026,28,125,502,,,data\rolls\2026\pdfs\ac028\AC028PART125.pdf,pdf_serial_row_count,ok
2026,28,126,493,,,data\rolls\2026\pdfs\ac028\AC028PART126.pdf,pdf_serial_row_count,ok
2026,28,127,532,,,data\rolls\2026\pdfs\ac028\AC028PART127.pdf,pdf_serial_row_count,ok
2026,28,128,727,,,data\rolls\2026\pdfs\ac028\AC028PART128.pdf,pdf_serial_row_count,ok
2026,28,129,927,,,data\rolls\2026\pdfs\ac028\AC028PART129.pdf,pdf_serial_row_count,ok
2026,28,130,792,,,data\rolls\2026\pdfs\ac028\AC028PART130.pdf,pdf_serial_row_count,ok
2026,28,131,524,,,data\rolls\2026\pdfs\ac028\AC028PART131.pdf,pdf_serial_row_count,ok
2026,28,132,522,,,data\rolls\2026\pdfs\ac028\AC028PART132.pdf,pdf_serial_row_count,ok
2026,28,133,720,,,data\rolls\2026\pdfs\ac028\AC028PART133.pdf,pdf_serial_row_count,ok
2026,28,134,631,,,data\rolls\2026\pdfs\ac028\AC028PART134.pdf,pdf_serial_row_count,ok
2026,28,135,374,,,data\rolls\2026\pdfs\ac028\AC028PART135.pdf,pdf_serial_row_count,ok
2026,28,136,652,,,data\rolls\2026\pdfs\ac028\AC028PART136.pdf,pdf_serial_row_count,ok
2026,28,137,582,,,data\rolls\2026\pdfs\ac028\AC028PART137.pdf,pdf_serial_row_count,ok
2026,28,138,784,,,data\rolls\2026\pdfs\ac028\AC028PART138.pdf,pdf_serial_row_count,ok
2026,28,139,642,,,data\rolls\2026\pdfs\ac028\AC028PART139.pdf,pdf_serial_row_count,ok
2026,28,140,830,,,data\rolls\2026\pdfs\ac028\AC028PART140.pdf,pdf_serial_row_count,ok
2026,28,141,685,,,data\rolls\2026\pdfs\ac028\AC028PART141.pdf,pdf_serial_row_count,ok
2026,28,142,311,,,data\rolls\2026\pdfs\ac028\AC028PART142.pdf,pdf_serial_row_count,ok
2026,28,143,625,,,data\rolls\2026\pdfs\ac028\AC028PART143.pdf,pdf_serial_row_count,ok
2026,28,144,550,,,data\rolls\2026\pdfs\ac028\AC028PART144.pdf,pdf_serial_row_count,ok
2026,28,145,434,,,data\rolls\2026\pdfs\ac028\AC028PART145.pdf,pdf_serial_row_count,ok
2026,28,146,676,,,data\rolls\2026\pdfs\ac028\AC028PART146.pdf,pdf_serial_row_count,ok
2026,28,147,419,,,data\rolls\2026\pdfs\ac028\AC028PART147.pdf,pdf_serial_row_count,ok
2026,28,148,700,,,data\rolls\2026\pdfs\ac028\AC028PART148.pdf,pdf_serial_row_count,ok
2026,28,149,725,,,data\rolls\2026\pdfs\ac028\AC028PART149.pdf,pdf_serial_row_count,ok
2026,28,150,489,,,data\rolls\2026\pdfs\ac028\AC028PART150.pdf,pdf_serial_row_count,ok
2026,28,151,654,,,data\rolls\2026\pdfs\ac028\AC028PART151.pdf,pdf_serial_row_count,ok
2026,28,152,629,,,data\rolls\2026\pdfs\ac028\AC028PART152.pdf,pdf_serial_row_count,ok
2026,28,153,497,,,data\rolls\2026\pdfs\ac028\AC028PART153.pdf,pdf_serial_row_count,ok
2026,28,154,574,,,data\rolls\2026\pdfs\ac028\AC028PART154.pdf,pdf_serial_row_count,ok
2026,28,155,672,,,data\rolls\2026\pdfs\ac028\AC028PART155.pdf,pdf_serial_row_count,ok
2026,28,156,736,,,data\rolls\2026\pdfs\ac028\AC028PART156.pdf,pdf_serial_row_count,ok
2026,28,157,362,,,data\rolls\2026\pdfs\ac028\AC028PART157.pdf,pdf_serial_row_count,ok
2026,28,158,531,,,data\rolls\2026\pdfs\ac028\AC028PART158.pdf,pdf_serial_row_count,ok
2026,28,159,526,,,data\rolls\2026\pdfs\ac028\AC028PART159.pdf,pdf_serial_row_count,ok
2026,28,160,386,,,data\rolls\2026\pdfs\ac028\AC028PART160.pdf,pdf_serial_row_count,ok
2026,28,161,520,,,data\rolls\2026\pdfs\ac028\AC028PART161.pdf,pdf_serial_row_count,ok
2026,28,162,823,,,data\rolls\2026\pdfs\ac028\AC028PART162.pdf,pdf_serial_row_count,ok
2026,28,163,436,,,data\rolls\2026\pdfs\ac028\AC028PART163.pdf,pdf_serial_row_count,ok
2026,28,164,508,,,data\rolls\2026\pdfs\ac028\AC028PART164.pdf,pdf_serial_row_count,ok
2026,28,165,697,,,data\rolls\2026\pdfs\ac028\AC028PART165.pdf,pdf_serial_row_count,ok
2026,28,166,767,,,data\rolls\2026\pdfs\ac028\AC028PART166.pdf,pdf_serial_row_count,ok
2026,28,167,628,,,data\rolls\2026\pdfs\ac028\AC028PART167.pdf,pdf_serial_row_count,ok
2026,28,168,569,,,data\rolls\2026\pdfs\ac028\AC028PART168.pdf,pdf_serial_row_count,ok
2026,28,169,283,,,data\rolls\2026\pdfs\ac028\AC028PART169.pdf,pdf_serial_row_count,ok
2026,28,170,697,,,data\rolls\2026\pdfs\ac028\AC028PART170.pdf,pdf_serial_row_count,ok
2026,28,171,898,,,data\rolls\2026\pdfs\ac028\AC028PART171.pdf,pdf_serial_row_count,ok
2026,28,172,576,,,data\rolls\2026\pdfs\ac028\AC028PART172.pdf,pdf_serial_row_count,ok
2026,28,173,555,,,data\rolls\2026\pdfs\ac028\AC028PART173.pdf,pdf_serial_row_count,ok
2026,28,174,411,,,data\rolls\2026\pdfs\ac028\AC028PART174.pdf,pdf_serial_row_count,ok
2026,28,175,623,,,data\rolls\2026\pdfs\ac028\AC028PART175.pdf,pdf_serial_row_count,ok
2026,28,176,821,,,data\rolls\2026\pdfs\ac028\AC028PART176.pdf,pdf_serial_row_count,ok
2026,28,177,879,,,data\rolls\2026\pdfs\ac028\AC028PART177.pdf,pdf_serial_row_count,ok
2026,28,178,442,,,data\rolls\2026\pdfs\ac028\AC028PART178.pdf,pdf_serial_row_count,ok
2026,28,179,515,,,data\rolls\2026\pdfs\ac028\AC028PART179.pdf,pdf_serial_row_count,ok
2026,28,180,563,,,data\rolls\2026\pdfs\ac028\AC028PART180.pdf,pdf_serial_row_count,ok
2026,28,181,557,,,data\rolls\2026\pdfs\ac028\AC028PART181.pdf,pdf_serial_row_count,ok
2026,28,182,439,,,data\rolls\2026\pdfs\ac028\AC028PART182.pdf,pdf_serial_row_count,ok
2026,28,183,305,,,data\rolls\2026\pdfs\ac028\AC028PART183.pdf,pdf_serial_row_count,ok
2026,28,184,703,,,data\rolls\2026\pdfs\ac028\AC028PART184.pdf,pdf_serial_row_count,ok
2026,28,185,400,,,data\rolls\2026\pdfs\ac028\AC028PART185.pdf,pdf_serial_row_count,ok
2026,28,186,475,,,data\rolls\2026\pdfs\ac028\AC028PART186.pdf,pdf_serial_row_count,ok
2026,28,187,741,,,data\rolls\2026\pdfs\ac028\AC028PART187.pdf,pdf_serial_row_count,ok
2026,28,188,485,,,data\rolls\2026\pdfs\ac028\AC028PART188.pdf,pdf_serial_row_count,ok
2026,28,189,599,,,data\rolls\2026\pdfs\ac028\AC028PART189.pdf,pdf_serial_row_count,ok
2026,28,190,711,,,data\rolls\2026\pdfs\ac028\AC028PART190.pdf,pdf_serial_row_count,ok
2026,28,191,602,,,data\rolls\2026\pdfs\ac028\AC028PART191.pdf,pdf_serial_row_count,ok
2026,28,192,551,,,data\rolls\2026\pdfs\ac028\AC028PART192.pdf,pdf_serial_row_count,ok
2026,28,193,725,,,data\rolls\2026\pdfs\ac028\AC028PART193.pdf,pdf_serial_row_count,ok
2026,28,194,667,,,data\rolls\2026\pdfs\ac028\AC028PART194.pdf,pdf_serial_row_count,ok
2026,28,195,532,,,data\rolls\2026\pdfs\ac028\AC028PART195.pdf,pdf_serial_row_count,ok
2026,28,196,336,,,data\rolls\2026\pdfs\ac028\AC028PART196.pdf,pdf_serial_row_count,ok
2026,28,197,634,,,data\rolls\2026\pdfs\ac028\AC028PART197.pdf,pdf_serial_row_count,ok
2026,28,198,657,,,data\rolls\2026\pdfs\ac028\AC028PART198.pdf,pdf_serial_row_count,ok
2026,28,199,567,,,data\rolls\2026\pdfs\ac028\AC028PART199.pdf,pdf_serial_row_count,ok
2026,28,200,556,,,data\rolls\2026\pdfs\ac028\AC028PART200.pdf,pdf_serial_row_count,ok
2026,28,201,636,,,data\rolls\2026\pdfs\ac028\AC028PART201.pdf,pdf_serial_row_count,ok
2026,28,202,605,,,data\rolls\2026\pdfs\ac028\AC028PART202.pdf,pdf_serial_row_count,ok
2026,28,203,491,,,data\rolls\2026\pdfs\ac028\AC028PART203.pdf,pdf_serial_row_count,ok
2026,28,204,502,,,data\rolls\2026\pdfs\ac028\AC028PART204.pdf,pdf_serial_row_count,ok
2026,28,205,527,,,data\rolls\2026\pdfs\ac028\AC028PART205.pdf,pdf_serial_row_count,ok
2026,28,206,589,,,data\rolls\2026\pdfs\ac028\AC028PART206.pdf,pdf_serial_row_count,ok
2026,28,207,503,,,data\rolls\2026\pdfs\ac028\AC028PART207.pdf,pdf_serial_row_count,ok
2026,28,208,641,,,data\rolls\2026\pdfs\ac028\AC028PART208.pdf,pdf_serial_row_count,ok
2026,28,209,673,,,data\rolls\2026\pdfs\ac028\AC028PART209.pdf,pdf_serial_row_count,ok
2026,28,210,498,,,data\rolls\2026\pdfs\ac028\AC028PART210.pdf,pdf_serial_row_count,ok
2026,28,211,665,,,data\rolls\2026\pdfs\ac028\AC028PART211.pdf,pdf_serial_row_count,ok
2026,28,212,702,,,data\rolls\2026\pdfs\ac028\AC028PART212.pdf,pdf_serial_row_count,ok
2026,28,213,448,,,data\rolls\2026\pdfs\ac028\AC028PART213.pdf,pdf_serial_row_count,ok
2026,28,214,796,,,data\rolls\2026\pdfs\ac028\AC028PART214.pdf,pdf_serial_row_count,ok
2026,28,215,765,,,data\rolls\2026\pdfs\ac028\AC028PART215.pdf,pdf_serial_row_count,ok
2026,28,216,513,,,data\rolls\2026\pdfs\ac028\AC028PART216.pdf,pdf_serial_row_count,ok
2026,28,217,517,,,data\rolls\2026\pdfs\ac028\AC028PART217.pdf,pdf_serial_row_count,ok
2026,28,218,730,,,data\rolls\2026\pdfs\ac028\AC028PART218.pdf,pdf_serial_row_count,ok
2026,28,219,730,,,data\rolls\2026\pdfs\ac028\AC028PART219.pdf,pdf_serial_row_count,ok
2026,29,1,661,,,data\rolls\2026\pdfs\ac029\AC029PART001.pdf,pdf_serial_row_count,ok
2026,29,2,596,,,data\rolls\2026\pdfs\ac029\AC029PART002.pdf,pdf_serial_row_count,ok
2026,29,3,450,,,data\rolls\2026\pdfs\ac029\AC029PART003.pdf,pdf_serial_row_count,ok
2026,29,4,330,,,data\rolls\2026\pdfs\ac029\AC029PART004.pdf,pdf_serial_row_count,ok
2026,29,5,948,,,data\rolls\2026\pdfs\ac029\AC029PART005.pdf,pdf_serial_row_count,ok
2026,29,6,605,,,data\rolls\2026\pdfs\ac029\AC029PART006.pdf,pdf_serial_row_count,ok
2026,29,7,522,,,data\rolls\2026\pdfs\ac029\AC029PART007.pdf,pdf_serial_row_count,ok
2026,29,8,589,,,data\rolls\2026\pdfs\ac029\AC029PART008.pdf,pdf_serial_row_count,ok
2026,29,9,671,,,data\rolls\2026\pdfs\ac029\AC029PART009.pdf,pdf_serial_row_count,ok
2026,29,10,560,,,data\rolls\2026\pdfs\ac029\AC029PART010.pdf,pdf_serial_row_count,ok
2026,29,11,534,,,data\rolls\2026\pdfs\ac029\AC029PART011.pdf,pdf_serial_row_count,ok
2026,29,12,782,,,data\rolls\2026\pdfs\ac029\AC029PART012.pdf,pdf_serial_row_count,ok
2026,29,13,418,,,data\rolls\2026\pdfs\ac029\AC029PART013.pdf,pdf_serial_row_count,ok
2026,29,14,779,,,data\rolls\2026\pdfs\ac029\AC029PART014.pdf,pdf_serial_row_count,ok
2026,29,15,638,,,data\rolls\2026\pdfs\ac029\AC029PART015.pdf,pdf_serial_row_count,ok
2026,29,16,607,,,data\rolls\2026\pdfs\ac029\AC029PART016.pdf,pdf_serial_row_count,ok
2026,29,17,744,,,data\rolls\2026\pdfs\ac029\AC029PART017.pdf,pdf_serial_row_count,ok
2026,29,18,405,,,data\rolls\2026\pdfs\ac029\AC029PART018.pdf,pdf_serial_row_count,ok
2026,29,19,847,,,data\rolls\2026\pdfs\ac029\AC029PART019.pdf,pdf_serial_row_count,ok
2026,29,20,517,,,data\rolls\2026\pdfs\ac029\AC029PART020.pdf,pdf_serial_row_count,ok
2026,29,21,268,,,data\rolls\2026\pdfs\ac029\AC029PART021.pdf,pdf_serial_row_count,ok
2026,29,22,767,,,data\rolls\2026\pdfs\ac029\AC029PART022.pdf,pdf_serial_row_count,ok
2026,29,23,279,,,data\rolls\2026\pdfs\ac029\AC029PART023.pdf,pdf_serial_row_count,ok
2026,29,24,446,,,data\rolls\2026\pdfs\ac029\AC029PART024.pdf,pdf_serial_row_count,ok
2026,29,25,434,,,data\rolls\2026\pdfs\ac029\AC029PART025.pdf,pdf_serial_row_count,ok
2026,29,26,709,,,data\rolls\2026\pdfs\ac029\AC029PART026.pdf,pdf_serial_row_count,ok
2026,29,27,861,,,data\rolls\2026\pdfs\ac029\AC029PART027.pdf,pdf_serial_row_count,ok
2026,29,28,866,,,data\rolls\2026\pdfs\ac029\AC029PART028.pdf,pdf_serial_row_count,ok
2026,29,29,496,,,data\rolls\2026\pdfs\ac029\AC029PART029.pdf,pdf_serial_row_count,ok
2026,29,30,462,,,data\rolls\2026\pdfs\ac029\AC029PART030.pdf,pdf_serial_row_count,ok
2026,29,31,746,,,data\rolls\2026\pdfs\ac029\AC029PART031.pdf,pdf_serial_row_count,ok
2026,29,32,705,,,data\rolls\2026\pdfs\ac029\AC029PART032.pdf,pdf_serial_row_count,ok
2026,29,33,913,,,data\rolls\2026\pdfs\ac029\AC029PART033.pdf,pdf_serial_row_count,ok
2026,29,34,622,,,data\rolls\2026\pdfs\ac029\AC029PART034.pdf,pdf_serial_row_count,ok
2026,29,35,601,,,data\rolls\2026\pdfs\ac029\AC029PART035.pdf,pdf_serial_row_count,ok
2026,29,36,613,,,data\rolls\2026\pdfs\ac029\AC029PART036.pdf,pdf_serial_row_count,ok
2026,29,37,453,,,data\rolls\2026\pdfs\ac029\AC029PART037.pdf,pdf_serial_row_count,ok
2026,29,38,510,,,data\rolls\2026\pdfs\ac029\AC029PART038.pdf,pdf_serial_row_count,ok
2026,29,39,391,,,data\rolls\2026\pdfs\ac029\AC029PART039.pdf,pdf_serial_row_count,ok
2026,29,40,510,,,data\rolls\2026\pdfs\ac029\AC029PART040.pdf,pdf_serial_row_count,ok
2026,29,41,554,,,data\rolls\2026\pdfs\ac029\AC029PART041.pdf,pdf_serial_row_count,ok
2026,29,42,635,,,data\rolls\2026\pdfs\ac029\AC029PART042.pdf,pdf_serial_row_count,ok
2026,29,43,529,,,data\rolls\2026\pdfs\ac029\AC029PART043.pdf,pdf_serial_row_count,ok
2026,29,44,432,,,data\rolls\2026\pdfs\ac029\AC029PART044.pdf,pdf_serial_row_count,ok
2026,29,45,740,,,data\rolls\2026\pdfs\ac029\AC029PART045.pdf,pdf_serial_row_count,ok
2026,29,46,437,,,data\rolls\2026\pdfs\ac029\AC029PART046.pdf,pdf_serial_row_count,ok
2026,29,47,596,,,data\rolls\2026\pdfs\ac029\AC029PART047.pdf,pdf_serial_row_count,ok
2026,29,48,615,,,data\rolls\2026\pdfs\ac029\AC029PART048.pdf,pdf_serial_row_count,ok
2026,29,49,383,,,data\rolls\2026\pdfs\ac029\AC029PART049.pdf,pdf_serial_row_count,ok
2026,29,50,868,,,data\rolls\2026\pdfs\ac029\AC029PART050.pdf,pdf_serial_row_count,ok
2026,29,51,559,,,data\rolls\2026\pdfs\ac029\AC029PART051.pdf,pdf_serial_row_count,ok
2026,29,52,469,,,data\rolls\2026\pdfs\ac029\AC029PART052.pdf,pdf_serial_row_count,ok
2026,29,53,640,,,data\rolls\2026\pdfs\ac029\AC029PART053.pdf,pdf_serial_row_count,ok
2026,29,54,671,,,data\rolls\2026\pdfs\ac029\AC029PART054.pdf,pdf_serial_row_count,ok
2026,29,55,370,,,data\rolls\2026\pdfs\ac029\AC029PART055.pdf,pdf_serial_row_count,ok
2026,29,56,534,,,data\rolls\2026\pdfs\ac029\AC029PART056.pdf,pdf_serial_row_count,ok
2026,29,57,420,,,data\rolls\2026\pdfs\ac029\AC029PART057.pdf,pdf_serial_row_count,ok
2026,29,58,419,,,data\rolls\2026\pdfs\ac029\AC029PART058.pdf,pdf_serial_row_count,ok
2026,29,59,372,,,data\rolls\2026\pdfs\ac029\AC029PART059.pdf,pdf_serial_row_count,ok
2026,29,60,515,,,data\rolls\2026\pdfs\ac029\AC029PART060.pdf,pdf_serial_row_count,ok
2026,29,61,715,,,data\rolls\2026\pdfs\ac029\AC029PART061.pdf,pdf_serial_row_count,ok
2026,29,62,503,,,data\rolls\2026\pdfs\ac029\AC029PART062.pdf,pdf_serial_row_count,ok
2026,29,63,378,,,data\rolls\2026\pdfs\ac029\AC029PART063.pdf,pdf_serial_row_count,ok
2026,29,64,654,,,data\rolls\2026\pdfs\ac029\AC029PART064.pdf,pdf_serial_row_count,ok
2026,29,65,789,,,data\rolls\2026\pdfs\ac029\AC029PART065.pdf,pdf_serial_row_count,ok
2026,29,66,639,,,data\rolls\2026\pdfs\ac029\AC029PART066.pdf,pdf_serial_row_count,ok
2026,29,67,404,,,data\rolls\2026\pdfs\ac029\AC029PART067.pdf,pdf_serial_row_count,ok
2026,29,68,404,,,data\rolls\2026\pdfs\ac029\AC029PART068.pdf,pdf_serial_row_count,ok
2026,29,69,551,,,data\rolls\2026\pdfs\ac029\AC029PART069.pdf,pdf_serial_row_count,ok
2026,29,70,736,,,data\rolls\2026\pdfs\ac029\AC029PART070.pdf,pdf_serial_row_count,ok
2026,29,71,551,,,data\rolls\2026\pdfs\ac029\AC029PART071.pdf,pdf_serial_row_count,ok
2026,29,72,624,,,data\rolls\2026\pdfs\ac029\AC029PART072.pdf,pdf_serial_row_count,ok
2026,29,73,697,,,data\rolls\2026\pdfs\ac029\AC029PART073.pdf,pdf_serial_row_count,ok
2026,29,74,522,,,data\rolls\2026\pdfs\ac029\AC029PART074.pdf,pdf_serial_row_count,ok
2026,29,75,799,,,data\rolls\2026\pdfs\ac029\AC029PART075.pdf,pdf_serial_row_count,ok
2026,29,76,798,,,data\rolls\2026\pdfs\ac029\AC029PART076.pdf,pdf_serial_row_count,ok
2026,29,77,369,,,data\rolls\2026\pdfs\ac029\AC029PART077.pdf,pdf_serial_row_count,ok
2026,29,78,390,,,data\rolls\2026\pdfs\ac029\AC029PART078.pdf,pdf_serial_row_count,ok
2026,29,79,588,,,data\rolls\2026\pdfs\ac029\AC029PART079.pdf,pdf_serial_row_count,ok
2026,29,80,505,,,data\rolls\2026\pdfs\ac029\AC029PART080.pdf,pdf_serial_row_count,ok
2026,29,81,547,,,data\rolls\2026\pdfs\ac029\AC029PART081.pdf,pdf_serial_row_count,ok
2026,29,82,429,,,data\rolls\2026\pdfs\ac029\AC029PART082.pdf,pdf_serial_row_count,ok
2026,29,83,802,,,data\rolls\2026\pdfs\ac029\AC029PART083.pdf,pdf_serial_row_count,ok
2026,29,84,449,,,data\rolls\2026\pdfs\ac029\AC029PART084.pdf,pdf_serial_row_count,ok
2026,29,85,817,,,data\rolls\2026\pdfs\ac029\AC029PART085.pdf,pdf_serial_row_count,ok
2026,29,86,886,,,data\rolls\2026\pdfs\ac029\AC029PART086.pdf,pdf_serial_row_count,ok
2026,29,87,746,,,data\rolls\2026\pdfs\ac029\AC029PART087.pdf,pdf_serial_row_count,ok
2026,29,88,608,,,data\rolls\2026\pdfs\ac029\AC029PART088.pdf,pdf_serial_row_count,ok
2026,29,89,825,,,data\rolls\2026\pdfs\ac029\AC029PART089.pdf,pdf_serial_row_count,ok
2026,29,90,385,,,data\rolls\2026\pdfs\ac029\AC029PART090.pdf,pdf_serial_row_count,ok
2026,29,91,718,,,data\rolls\2026\pdfs\ac029\AC029PART091.pdf,pdf_serial_row_count,ok
2026,29,92,755,,,data\rolls\2026\pdfs\ac029\AC029PART092.pdf,pdf_serial_row_count,ok
2026,29,93,643,,,data\rolls\2026\pdfs\ac029\AC029PART093.pdf,pdf_serial_row_count,ok
2026,29,94,732,,,data\rolls\2026\pdfs\ac029\AC029PART094.pdf,pdf_serial_row_count,ok
2026,29,95,579,,,data\rolls\2026\pdfs\ac029\AC029PART095.pdf,pdf_serial_row_count,ok
2026,29,96,383,,,data\rolls\2026\pdfs\ac029\AC029PART096.pdf,pdf_serial_row_count,ok
2026,29,97,431,,,data\rolls\2026\pdfs\ac029\AC029PART097.pdf,pdf_serial_row_count,ok
2026,29,98,656,,,data\rolls\2026\pdfs\ac029\AC029PART098.pdf,pdf_serial_row_count,ok
2026,29,99,645,,,data\rolls\2026\pdfs\ac029\AC029PART099.pdf,pdf_serial_row_count,ok
2026,29,100,432,,,data\rolls\2026\pdfs\ac029\AC029PART100.pdf,pdf_serial_row_count,ok
2026,29,101,735,,,data\rolls\2026\pdfs\ac029\AC029PART101.pdf,pdf_serial_row_count,ok
2026,29,102,303,,,data\rolls\2026\pdfs\ac029\AC029PART102.pdf,pdf_serial_row_count,ok
2026,29,103,704,,,data\rolls\2026\pdfs\ac029\AC029PART103.pdf,pdf_serial_row_count,ok
2026,29,104,957,,,data\rolls\2026\pdfs\ac029\AC029PART104.pdf,pdf_serial_row_count,ok
2026,29,105,490,,,data\rolls\2026\pdfs\ac029\AC029PART105.pdf,pdf_serial_row_count,ok
2026,29,106,527,,,data\rolls\2026\pdfs\ac029\AC029PART106.pdf,pdf_serial_row_count,ok
2026,29,107,504,,,data\rolls\2026\pdfs\ac029\AC029PART107.pdf,pdf_serial_row_count,ok
2026,29,108,830,,,data\rolls\2026\pdfs\ac029\AC029PART108.pdf,pdf_serial_row_count,ok
2026,29,109,779,,,data\rolls\2026\pdfs\ac029\AC029PART109.pdf,pdf_serial_row_count,ok
2026,29,110,821,,,data\rolls\2026\pdfs\ac029\AC029PART110.pdf,pdf_serial_row_count,ok
2026,29,111,669,,,data\rolls\2026\pdfs\ac029\AC029PART111.pdf,pdf_serial_row_count,ok
2026,29,112,432,,,data\rolls\2026\pdfs\ac029\AC029PART112.pdf,pdf_serial_row_count,ok
2026,29,113,641,,,data\rolls\2026\pdfs\ac029\AC029PART113.pdf,pdf_serial_row_count,ok
2026,29,114,434,,,data\rolls\2026\pdfs\ac029\AC029PART114.pdf,pdf_serial_row_count,ok
2026,29,115,500,,,data\rolls\2026\pdfs\ac029\AC029PART115.pdf,pdf_serial_row_count,ok
2026,29,116,560,,,data\rolls\2026\pdfs\ac029\AC029PART116.pdf,pdf_serial_row_count,ok
2026,29,117,616,,,data\rolls\2026\pdfs\ac029\AC029PART117.pdf,pdf_serial_row_count,ok
2026,29,118,694,,,data\rolls\2026\pdfs\ac029\AC029PART118.pdf,pdf_serial_row_count,ok
2026,29,119,410,,,data\rolls\2026\pdfs\ac029\AC029PART119.pdf,pdf_serial_row_count,ok
2026,29,120,723,,,data\rolls\2026\pdfs\ac029\AC029PART120.pdf,pdf_serial_row_count,ok
2026,29,121,475,,,data\rolls\2026\pdfs\ac029\AC029PART121.pdf,pdf_serial_row_count,ok
2026,29,122,365,,,data\rolls\2026\pdfs\ac029\AC029PART122.pdf,pdf_serial_row_count,ok
2026,29,123,329,,,data\rolls\2026\pdfs\ac029\AC029PART123.pdf,pdf_serial_row_count,ok
2026,29,124,448,,,data\rolls\2026\pdfs\ac029\AC029PART124.pdf,pdf_serial_row_count,ok
2026,29,125,670,,,data\rolls\2026\pdfs\ac029\AC029PART125.pdf,pdf_serial_row_count,ok
2026,29,126,664,,,data\rolls\2026\pdfs\ac029\AC029PART126.pdf,pdf_serial_row_count,ok
2026,29,127,602,,,data\rolls\2026\pdfs\ac029\AC029PART127.pdf,pdf_serial_row_count,ok
2026,29,128,552,,,data\rolls\2026\pdfs\ac029\AC029PART128.pdf,pdf_serial_row_count,ok
2026,29,129,615,,,data\rolls\2026\pdfs\ac029\AC029PART129.pdf,pdf_serial_row_count,ok
2026,29,130,506,,,data\rolls\2026\pdfs\ac029\AC029PART130.pdf,pdf_serial_row_count,ok
2026,29,131,399,,,data\rolls\2026\pdfs\ac029\AC029PART131.pdf,pdf_serial_row_count,ok
2026,29,132,737,,,data\rolls\2026\pdfs\ac029\AC029PART132.pdf,pdf_serial_row_count,ok
2026,29,133,505,,,data\rolls\2026\pdfs\ac029\AC029PART133.pdf,pdf_serial_row_count,ok
2026,29,134,511,,,data\rolls\2026\pdfs\ac029\AC029PART134.pdf,pdf_serial_row_count,ok
2026,29,135,681,,,data\rolls\2026\pdfs\ac029\AC029PART135.pdf,pdf_serial_row_count,ok
2026,29,136,491,,,data\rolls\2026\pdfs\ac029\AC029PART136.pdf,pdf_serial_row_count,ok
2026,29,137,764,,,data\rolls\2026\pdfs\ac029\AC029PART137.pdf,pdf_serial_row_count,ok
2026,29,138,660,,,data\rolls\2026\pdfs\ac029\AC029PART138.pdf,pdf_serial_row_count,ok
2026,29,139,747,,,data\rolls\2026\pdfs\ac029\AC029PART139.pdf,pdf_serial_row_count,ok
2026,29,140,312,,,data\rolls\2026\pdfs\ac029\AC029PART140.pdf,pdf_serial_row_count,ok
2026,29,141,661,,,data\rolls\2026\pdfs\ac029\AC029PART141.pdf,pdf_serial_row_count,ok
2026,29,142,516,,,data\rolls\2026\pdfs\ac029\AC029PART142.pdf,pdf_serial_row_count,ok
2026,29,143,746,,,data\rolls\2026\pdfs\ac029\AC029PART143.pdf,pdf_serial_row_count,ok
2026,29,144,343,,,data\rolls\2026\pdfs\ac029\AC029PART144.pdf,pdf_serial_row_count,ok
2026,29,145,456,,,data\rolls\2026\pdfs\ac029\AC029PART145.pdf,pdf_serial_row_count,ok
2026,29,146,417,,,data\rolls\2026\pdfs\ac029\AC029PART146.pdf,pdf_serial_row_count,ok
2026,29,147,587,,,data\rolls\2026\pdfs\ac029\AC029PART147.pdf,pdf_serial_row_count,ok
2026,29,148,421,,,data\rolls\2026\pdfs\ac029\AC029PART148.pdf,pdf_serial_row_count,ok
2026,29,149,458,,,data\rolls\2026\pdfs\ac029\AC029PART149.pdf,pdf_serial_row_count,ok
2026,29,150,348,,,data\rolls\2026\pdfs\ac029\AC029PART150.pdf,pdf_serial_row_count,ok
2026,29,151,362,,,data\rolls\2026\pdfs\ac029\AC029PART151.pdf,pdf_serial_row_count,ok
2026,29,152,618,,,data\rolls\2026\pdfs\ac029\AC029PART152.pdf,pdf_serial_row_count,ok
2026,29,153,519,,,data\rolls\2026\pdfs\ac029\AC029PART153.pdf,pdf_serial_row_count,ok
2026,29,154,668,,,data\rolls\2026\pdfs\ac029\AC029PART154.pdf,pdf_serial_row_count,ok
2026,29,155,672,,,data\rolls\2026\pdfs\ac029\AC029PART155.pdf,pdf_serial_row_count,ok
2026,29,156,569,,,data\rolls\2026\pdfs\ac029\AC029PART156.pdf,pdf_serial_row_count,ok
2026,29,157,466,,,data\rolls\2026\pdfs\ac029\AC029PART157.pdf,pdf_serial_row_count,ok
2026,29,158,683,,,data\rolls\2026\pdfs\ac029\AC029PART158.pdf,pdf_serial_row_count,ok
2026,29,159,683,,,data\rolls\2026\pdfs\ac029\AC029PART159.pdf,pdf_serial_row_count,ok
2026,29,160,910,,,data\rolls\2026\pdfs\ac029\AC029PART160.pdf,pdf_serial_row_count,ok
2026,29,161,588,,,data\rolls\2026\pdfs\ac029\AC029PART161.pdf,pdf_serial_row_count,ok
2026,29,162,476,,,data\rolls\2026\pdfs\ac029\AC029PART162.pdf,pdf_serial_row_count,ok
2026,29,163,969,,,data\rolls\2026\pdfs\ac029\AC029PART163.pdf,pdf_serial_row_count,ok
2026,29,164,496,,,data\rolls\2026\pdfs\ac029\AC029PART164.pdf,pdf_serial_row_count,ok
2026,29,165,694,,,data\rolls\2026\pdfs\ac029\AC029PART165.pdf,pdf_serial_row_count,ok
2026,29,166,744,,,data\rolls\2026\pdfs\ac029\AC029PART166.pdf,pdf_serial_row_count,ok
2026,29,167,714,,,data\rolls\2026\pdfs\ac029\AC029PART167.pdf,pdf_serial_row_count,ok
2026,29,168,656,,,data\rolls\2026\pdfs\ac029\AC029PART168.pdf,pdf_serial_row_count,ok
2026,29,169,501,,,data\rolls\2026\pdfs\ac029\AC029PART169.pdf,pdf_serial_row_count,ok
2026,29,170,824,,,data\rolls\2026\pdfs\ac029\AC029PART170.pdf,pdf_serial_row_count,ok
2026,29,171,858,,,data\rolls\2026\pdfs\ac029\AC029PART171.pdf,pdf_serial_row_count,ok
2026,29,172,650,,,data\rolls\2026\pdfs\ac029\AC029PART172.pdf,pdf_serial_row_count,ok
2026,29,173,881,,,data\rolls\2026\pdfs\ac029\AC029PART173.pdf,pdf_serial_row_count,ok
2026,29,174,572,,,data\rolls\2026\pdfs\ac029\AC029PART174.pdf,pdf_serial_row_count,ok
2026,29,175,745,,,data\rolls\2026\pdfs\ac029\AC029PART175.pdf,pdf_serial_row_count,ok
2026,29,176,779,,,data\rolls\2026\pdfs\ac029\AC029PART176.pdf,pdf_serial_row_count,ok
2026,29,177,843,,,data\rolls\2026\pdfs\ac029\AC029PART177.pdf,pdf_serial_row_count,ok
2026,29,178,539,,,data\rolls\2026\pdfs\ac029\AC029PART178.pdf,pdf_serial_row_count,ok
2026,29,179,894,,,data\rolls\2026\pdfs\ac029\AC029PART179.pdf,pdf_serial_row_count,ok
2026,29,180,416,,,data\rolls\2026\pdfs\ac029\AC029PART180.pdf,pdf_serial_row_count,ok
2026,29,181,711,,,data\rolls\2026\pdfs\ac029\AC029PART181.pdf,pdf_serial_row_count,ok
2026,29,182,529,,,data\rolls\2026\pdfs\ac029\AC029PART182.pdf,pdf_serial_row_count,ok
2026,29,183,430,,,data\rolls\2026\pdfs\ac029\AC029PART183.pdf,pdf_serial_row_count,ok
2026,29,184,694,,,data\rolls\2026\pdfs\ac029\AC029PART184.pdf,pdf_serial_row_count,ok
2026,29,185,375,,,data\rolls\2026\pdfs\ac029\AC029PART185.pdf,pdf_serial_row_count,ok
2026,29,186,613,,,data\rolls\2026\pdfs\ac029\AC029PART186.pdf,pdf_serial_row_count,ok
2026,29,187,489,,,data\rolls\2026\pdfs\ac029\AC029PART187.pdf,pdf_serial_row_count,ok
2026,29,188,989,,,data\rolls\2026\pdfs\ac029\AC029PART188.pdf,pdf_serial_row_count,ok
2026,29,189,830,,,data\rolls\2026\pdfs\ac029\AC029PART189.pdf,pdf_serial_row_count,ok
2026,29,190,386,,,data\rolls\2026\pdfs\ac029\AC029PART190.pdf,pdf_serial_row_count,ok
2026,29,191,817,,,data\rolls\2026\pdfs\ac029\AC029PART191.pdf,pdf_serial_row_count,ok
2026,29,192,490,,,data\rolls\2026\pdfs\ac029\AC029PART192.pdf,pdf_serial_row_count,ok
2026,29,193,594,,,data\rolls\2026\pdfs\ac029\AC029PART193.pdf,pdf_serial_row_count,ok
2026,29,194,477,,,data\rolls\2026\pdfs\ac029\AC029PART194.pdf,pdf_serial_row_count,ok
2026,29,195,477,,,data\rolls\2026\pdfs\ac029\AC029PART195.pdf,pdf_serial_row_count,ok
2026,29,196,236,,,data\rolls\2026\pdfs\ac029\AC029PART196.pdf,pdf_serial_row_count,ok
2026,29,197,705,,,data\rolls\2026\pdfs\ac029\AC029PART197.pdf,pdf_serial_row_count,ok
2026,29,198,716,,,data\rolls\2026\pdfs\ac029\AC029PART198.pdf,pdf_serial_row_count,ok
2026,29,199,597,,,data\rolls\2026\pdfs\ac029\AC029PART199.pdf,pdf_serial_row_count,ok
2026,29,200,290,,,data\rolls\2026\pdfs\ac029\AC029PART200.pdf,pdf_serial_row_count,ok
2026,29,201,415,,,data\rolls\2026\pdfs\ac029\AC029PART201.pdf,pdf_serial_row_count,ok
2026,29,202,597,,,data\rolls\2026\pdfs\ac029\AC029PART202.pdf,pdf_serial_row_count,ok
2026,29,203,580,,,data\rolls\2026\pdfs\ac029\AC029PART203.pdf,pdf_serial_row_count,ok
2026,29,204,839,,,data\rolls\2026\pdfs\ac029\AC029PART204.pdf,pdf_serial_row_count,ok
2026,29,205,832,,,data\rolls\2026\pdfs\ac029\AC029PART205.pdf,pdf_serial_row_count,ok
2026,29,206,751,,,data\rolls\2026\pdfs\ac029\AC029PART206.pdf,pdf_serial_row_count,ok
2026,29,207,659,,,data\rolls\2026\pdfs\ac029\AC029PART207.pdf,pdf_serial_row_count,ok
2026,29,208,623,,,data\rolls\2026\pdfs\ac029\AC029PART208.pdf,pdf_serial_row_count,ok
2026,29,209,523,,,data\rolls\2026\pdfs\ac029\AC029PART209.pdf,pdf_serial_row_count,ok
2026,29,210,616,,,data\rolls\2026\pdfs\ac029\AC029PART210.pdf,pdf_serial_row_count,ok
2026,29,211,650,,,data\rolls\2026\pdfs\ac029\AC029PART211.pdf,pdf_serial_row_count,ok
2026,29,212,530,,,data\rolls\2026\pdfs\ac029\AC029PART212.pdf,pdf_serial_row_count,ok
2026,29,213,463,,,data\rolls\2026\pdfs\ac029\AC029PART213.pdf,pdf_serial_row_count,ok
2026,29,214,663,,,data\rolls\2026\pdfs\ac029\AC029PART214.pdf,pdf_serial_row_count,ok
2026,29,215,608,,,data\rolls\2026\pdfs\ac029\AC029PART215.pdf,pdf_serial_row_count,ok
2026,29,216,1073,,,data\rolls\2026\pdfs\ac029\AC029PART216.pdf,pdf_serial_row_count,ok
2026,29,217,721,,,data\rolls\2026\pdfs\ac029\AC029PART217.pdf,pdf_serial_row_count,ok
2026,29,218,795,,,data\rolls\2026\pdfs\ac029\AC029PART218.pdf,pdf_serial_row_count,ok
2026,29,219,624,,,data\rolls\2026\pdfs\ac029\AC029PART219.pdf,pdf_serial_row_count,ok
2026,29,220,555,,,data\rolls\2026\pdfs\ac029\AC029PART220.pdf,pdf_serial_row_count,ok
2026,29,221,751,,,data\rolls\2026\pdfs\ac029\AC029PART221.pdf,pdf_serial_row_count,ok
2026,29,222,612,,,data\rolls\2026\pdfs\ac029\AC029PART222.pdf,pdf_serial_row_count,ok
2026,29,223,587,,,data\rolls\2026\pdfs\ac029\AC029PART223.pdf,pdf_serial_row_count,ok
2026,29,224,563,,,data\rolls\2026\pdfs\ac029\AC029PART224.pdf,pdf_serial_row_count,ok
2026,29,225,476,,,data\rolls\2026\pdfs\ac029\AC029PART225.pdf,pdf_serial_row_count,ok
2026,29,226,650,,,data\rolls\2026\pdfs\ac029\AC029PART226.pdf,pdf_serial_row_count,ok
2026,29,227,338,,,data\rolls\2026\pdfs\ac029\AC029PART227.pdf,pdf_serial_row_count,ok
2026,29,228,1041,,,data\rolls\2026\pdfs\ac029\AC029PART228.pdf,pdf_serial_row_count,ok
2026,29,229,681,,,data\rolls\2026\pdfs\ac029\AC029PART229.pdf,pdf_serial_row_count,ok
2026,29,230,519,,,data\rolls\2026\pdfs\ac029\AC029PART230.pdf,pdf_serial_row_count,ok
2026,29,231,853,,,data\rolls\2026\pdfs\ac029\AC029PART231.pdf,pdf_serial_row_count,ok
2026,29,232,920,,,data\rolls\2026\pdfs\ac029\AC029PART232.pdf,pdf_serial_row_count,ok
2026,29,233,540,,,data\rolls\2026\pdfs\ac029\AC029PART233.pdf,pdf_serial_row_count,ok
2026,29,234,476,,,data\rolls\2026\pdfs\ac029\AC029PART234.pdf,pdf_serial_row_count,ok
2026,29,235,574,,,data\rolls\2026\pdfs\ac029\AC029PART235.pdf,pdf_serial_row_count,ok
2026,29,236,460,,,data\rolls\2026\pdfs\ac029\AC029PART236.pdf,pdf_serial_row_count,ok
2026,29,237,832,,,data\rolls\2026\pdfs\ac029\AC029PART237.pdf,pdf_serial_row_count,ok
2026,29,238,439,,,data\rolls\2026\pdfs\ac029\AC029PART238.pdf,pdf_serial_row_count,ok
2026,29,239,680,,,data\rolls\2026\pdfs\ac029\AC029PART239.pdf,pdf_serial_row_count,ok
2026,29,240,596,,,data\rolls\2026\pdfs\ac029\AC029PART240.pdf,pdf_serial_row_count,ok
2026,29,241,593,,,data\rolls\2026\pdfs\ac029\AC029PART241.pdf,pdf_serial_row_count,ok
2026,29,242,961,,,data\rolls\2026\pdfs\ac029\AC029PART242.pdf,pdf_serial_row_count,ok
2026,29,243,651,,,data\rolls\2026\pdfs\ac029\AC029PART243.pdf,pdf_serial_row_count,ok
2026,29,244,549,,,data\rolls\2026\pdfs\ac029\AC029PART244.pdf,pdf_serial_row_count,ok
2026,29,245,734,,,data\rolls\2026\pdfs\ac029\AC029PART245.pdf,pdf_serial_row_count,ok
2026,29,246,765,,,data\rolls\2026\pdfs\ac029\AC029PART246.pdf,pdf_serial_row_count,ok
2026,29,247,698,,,data\rolls\2026\pdfs\ac029\AC029PART247.pdf,pdf_serial_row_count,ok
2026,29,248,802,,,data\rolls\2026\pdfs\ac029\AC029PART248.pdf,pdf_serial_row_count,ok
2026,29,249,739,,,data\rolls\2026\pdfs\ac029\AC029PART249.pdf,pdf_serial_row_count,ok
2026,29,250,648,,,data\rolls\2026\pdfs\ac029\AC029PART250.pdf,pdf_serial_row_count,ok
2026,29,251,453,,,data\rolls\2026\pdfs\ac029\AC029PART251.pdf,pdf_serial_row_count,ok
2026,29,252,555,,,data\rolls\2026\pdfs\ac029\AC029PART252.pdf,pdf_serial_row_count,ok
2026,29,253,446,,,data\rolls\2026\pdfs\ac029\AC029PART253.pdf,pdf_serial_row_count,ok
2026,29,254,756,,,data\rolls\2026\pdfs\ac029\AC029PART254.pdf,pdf_serial_row_count,ok
2026,29,255,799,,,data\rolls\2026\pdfs\ac029\AC029PART255.pdf,pdf_serial_row_count,ok
2026,29,256,354,,,data\rolls\2026\pdfs\ac029\AC029PART256.pdf,pdf_serial_row_count,ok
2026,29,257,655,,,data\rolls\2026\pdfs\ac029\AC029PART257.pdf,pdf_serial_row_count,ok
2026,29,258,576,,,data\rolls\2026\pdfs\ac029\AC029PART258.pdf,pdf_serial_row_count,ok
2026,30,1,720,,,data\rolls\2026\pdfs\ac030\AC030PART001.pdf,pdf_serial_row_count,ok
2026,30,2,630,,,data\rolls\2026\pdfs\ac030\AC030PART002.pdf,pdf_serial_row_count,ok
2026,30,3,1019,,,data\rolls\2026\pdfs\ac030\AC030PART003.pdf,pdf_serial_row_count,ok
2026,30,4,505,,,data\rolls\2026\pdfs\ac030\AC030PART004.pdf,pdf_serial_row_count,ok
2026,30,5,633,,,data\rolls\2026\pdfs\ac030\AC030PART005.pdf,pdf_serial_row_count,ok
2026,30,6,363,,,data\rolls\2026\pdfs\ac030\AC030PART006.pdf,pdf_serial_row_count,ok
2026,30,7,692,,,data\rolls\2026\pdfs\ac030\AC030PART007.pdf,pdf_serial_row_count,ok
2026,30,8,684,,,data\rolls\2026\pdfs\ac030\AC030PART008.pdf,pdf_serial_row_count,ok
2026,30,9,871,,,data\rolls\2026\pdfs\ac030\AC030PART009.pdf,pdf_serial_row_count,ok
2026,30,10,571,,,data\rolls\2026\pdfs\ac030\AC030PART010.pdf,pdf_serial_row_count,ok
2026,30,11,428,,,data\rolls\2026\pdfs\ac030\AC030PART011.pdf,pdf_serial_row_count,ok
2026,30,12,422,,,data\rolls\2026\pdfs\ac030\AC030PART012.pdf,pdf_serial_row_count,ok
2026,30,13,638,,,data\rolls\2026\pdfs\ac030\AC030PART013.pdf,pdf_serial_row_count,ok
2026,30,14,556,,,data\rolls\2026\pdfs\ac030\AC030PART014.pdf,pdf_serial_row_count,ok
2026,30,15,398,,,data\rolls\2026\pdfs\ac030\AC030PART015.pdf,pdf_serial_row_count,ok
2026,30,16,699,,,data\rolls\2026\pdfs\ac030\AC030PART016.pdf,pdf_serial_row_count,ok
2026,30,17,363,,,data\rolls\2026\pdfs\ac030\AC030PART017.pdf,pdf_serial_row_count,ok
2026,30,18,860,,,data\rolls\2026\pdfs\ac030\AC030PART018.pdf,pdf_serial_row_count,ok
2026,30,19,641,,,data\rolls\2026\pdfs\ac030\AC030PART019.pdf,pdf_serial_row_count,ok
2026,30,20,549,,,data\rolls\2026\pdfs\ac030\AC030PART020.pdf,pdf_serial_row_count,ok
2026,30,21,654,,,data\rolls\2026\pdfs\ac030\AC030PART021.pdf,pdf_serial_row_count,ok
2026,30,22,822,,,data\rolls\2026\pdfs\ac030\AC030PART022.pdf,pdf_serial_row_count,ok
2026,30,23,612,,,data\rolls\2026\pdfs\ac030\AC030PART023.pdf,pdf_serial_row_count,ok
2026,30,24,377,,,data\rolls\2026\pdfs\ac030\AC030PART024.pdf,pdf_serial_row_count,ok
2026,30,25,538,,,data\rolls\2026\pdfs\ac030\AC030PART025.pdf,pdf_serial_row_count,ok
2026,30,26,643,,,data\rolls\2026\pdfs\ac030\AC030PART026.pdf,pdf_serial_row_count,ok
2026,30,27,411,,,data\rolls\2026\pdfs\ac030\AC030PART027.pdf,pdf_serial_row_count,ok
2026,30,28,425,,,data\rolls\2026\pdfs\ac030\AC030PART028.pdf,pdf_serial_row_count,ok
2026,30,29,592,,,data\rolls\2026\pdfs\ac030\AC030PART029.pdf,pdf_serial_row_count,ok
2026,30,30,361,,,data\rolls\2026\pdfs\ac030\AC030PART030.pdf,pdf_serial_row_count,ok
2026,30,31,783,,,data\rolls\2026\pdfs\ac030\AC030PART031.pdf,pdf_serial_row_count,ok
2026,30,32,397,,,data\rolls\2026\pdfs\ac030\AC030PART032.pdf,pdf_serial_row_count,ok
2026,30,33,327,,,data\rolls\2026\pdfs\ac030\AC030PART033.pdf,pdf_serial_row_count,ok
2026,30,34,526,,,data\rolls\2026\pdfs\ac030\AC030PART034.pdf,pdf_serial_row_count,ok
2026,30,35,577,,,data\rolls\2026\pdfs\ac030\AC030PART035.pdf,pdf_serial_row_count,ok
2026,30,36,851,,,data\rolls\2026\pdfs\ac030\AC030PART036.pdf,pdf_serial_row_count,ok
2026,30,37,549,,,data\rolls\2026\pdfs\ac030\AC030PART037.pdf,pdf_serial_row_count,ok
2026,30,38,833,,,data\rolls\2026\pdfs\ac030\AC030PART038.pdf,pdf_serial_row_count,ok
2026,30,39,697,,,data\rolls\2026\pdfs\ac030\AC030PART039.pdf,pdf_serial_row_count,ok
2026,30,40,583,,,data\rolls\2026\pdfs\ac030\AC030PART040.pdf,pdf_serial_row_count,ok
2026,30,41,462,,,data\rolls\2026\pdfs\ac030\AC030PART041.pdf,pdf_serial_row_count,ok
2026,30,42,394,,,data\rolls\2026\pdfs\ac030\AC030PART042.pdf,pdf_serial_row_count,ok
2026,30,43,876,,,data\rolls\2026\pdfs\ac030\AC030PART043.pdf,pdf_serial_row_count,ok
2026,30,44,627,,,data\rolls\2026\pdfs\ac030\AC030PART044.pdf,pdf_serial_row_count,ok
2026,30,45,919,,,data\rolls\2026\pdfs\ac030\AC030PART045.pdf,pdf_serial_row_count,ok
2026,30,46,788,,,data\rolls\2026\pdfs\ac030\AC030PART046.pdf,pdf_serial_row_count,ok
2026,30,47,707,,,data\rolls\2026\pdfs\ac030\AC030PART047.pdf,pdf_serial_row_count,ok
2026,30,48,554,,,data\rolls\2026\pdfs\ac030\AC030PART048.pdf,pdf_serial_row_count,ok
2026,30,49,634,,,data\rolls\2026\pdfs\ac030\AC030PART049.pdf,pdf_serial_row_count,ok
2026,30,50,870,,,data\rolls\2026\pdfs\ac030\AC030PART050.pdf,pdf_serial_row_count,ok
2026,30,51,444,,,data\rolls\2026\pdfs\ac030\AC030PART051.pdf,pdf_serial_row_count,ok
2026,30,52,844,,,data\rolls\2026\pdfs\ac030\AC030PART052.pdf,pdf_serial_row_count,ok
2026,30,53,370,,,data\rolls\2026\pdfs\ac030\AC030PART053.pdf,pdf_serial_row_count,ok
2026,30,54,604,,,data\rolls\2026\pdfs\ac030\AC030PART054.pdf,pdf_serial_row_count,ok
2026,30,55,444,,,data\rolls\2026\pdfs\ac030\AC030PART055.pdf,pdf_serial_row_count,ok
2026,30,56,888,,,data\rolls\2026\pdfs\ac030\AC030PART056.pdf,pdf_serial_row_count,ok
2026,30,57,771,,,data\rolls\2026\pdfs\ac030\AC030PART057.pdf,pdf_serial_row_count,ok
2026,30,58,560,,,data\rolls\2026\pdfs\ac030\AC030PART058.pdf,pdf_serial_row_count,ok
2026,30,59,801,,,data\rolls\2026\pdfs\ac030\AC030PART059.pdf,pdf_serial_row_count,ok
2026,30,60,927,,,data\rolls\2026\pdfs\ac030\AC030PART060.pdf,pdf_serial_row_count,ok
2026,30,61,1111,,,data\rolls\2026\pdfs\ac030\AC030PART061.pdf,pdf_serial_row_count,ok
2026,30,62,603,,,data\rolls\2026\pdfs\ac030\AC030PART062.pdf,pdf_serial_row_count,ok
2026,30,63,769,,,data\rolls\2026\pdfs\ac030\AC030PART063.pdf,pdf_serial_row_count,ok
2026,30,64,702,,,data\rolls\2026\pdfs\ac030\AC030PART064.pdf,pdf_serial_row_count,ok
2026,30,65,695,,,data\rolls\2026\pdfs\ac030\AC030PART065.pdf,pdf_serial_row_count,ok
2026,30,66,910,,,data\rolls\2026\pdfs\ac030\AC030PART066.pdf,pdf_serial_row_count,ok
2026,30,67,571,,,data\rolls\2026\pdfs\ac030\AC030PART067.pdf,pdf_serial_row_count,ok
2026,30,68,643,,,data\rolls\2026\pdfs\ac030\AC030PART068.pdf,pdf_serial_row_count,ok
2026,30,69,472,,,data\rolls\2026\pdfs\ac030\AC030PART069.pdf,pdf_serial_row_count,ok
2026,30,70,578,,,data\rolls\2026\pdfs\ac030\AC030PART070.pdf,pdf_serial_row_count,ok
2026,30,71,790,,,data\rolls\2026\pdfs\ac030\AC030PART071.pdf,pdf_serial_row_count,ok
2026,30,72,772,,,data\rolls\2026\pdfs\ac030\AC030PART072.pdf,pdf_serial_row_count,ok
2026,30,73,633,,,data\rolls\2026\pdfs\ac030\AC030PART073.pdf,pdf_serial_row_count,ok
2026,30,74,446,,,data\rolls\2026\pdfs\ac030\AC030PART074.pdf,pdf_serial_row_count,ok
2026,30,75,732,,,data\rolls\2026\pdfs\ac030\AC030PART075.pdf,pdf_serial_row_count,ok
2026,30,76,691,,,data\rolls\2026\pdfs\ac030\AC030PART076.pdf,pdf_serial_row_count,ok
2026,30,77,660,,,data\rolls\2026\pdfs\ac030\AC030PART077.pdf,pdf_serial_row_count,ok
2026,30,78,618,,,data\rolls\2026\pdfs\ac030\AC030PART078.pdf,pdf_serial_row_count,ok
2026,30,79,566,,,data\rolls\2026\pdfs\ac030\AC030PART079.pdf,pdf_serial_row_count,ok
2026,30,80,797,,,data\rolls\2026\pdfs\ac030\AC030PART080.pdf,pdf_serial_row_count,ok
2026,30,81,590,,,data\rolls\2026\pdfs\ac030\AC030PART081.pdf,pdf_serial_row_count,ok
2026,30,82,641,,,data\rolls\2026\pdfs\ac030\AC030PART082.pdf,pdf_serial_row_count,ok
2026,30,83,595,,,data\rolls\2026\pdfs\ac030\AC030PART083.pdf,pdf_serial_row_count,ok
2026,30,84,532,,,data\rolls\2026\pdfs\ac030\AC030PART084.pdf,pdf_serial_row_count,ok
2026,30,85,762,,,data\rolls\2026\pdfs\ac030\AC030PART085.pdf,pdf_serial_row_count,ok
2026,30,86,581,,,data\rolls\2026\pdfs\ac030\AC030PART086.pdf,pdf_serial_row_count,ok
2026,30,87,554,,,data\rolls\2026\pdfs\ac030\AC030PART087.pdf,pdf_serial_row_count,ok
2026,30,88,731,,,data\rolls\2026\pdfs\ac030\AC030PART088.pdf,pdf_serial_row_count,ok
2026,30,89,531,,,data\rolls\2026\pdfs\ac030\AC030PART089.pdf,pdf_serial_row_count,ok
2026,30,90,471,,,data\rolls\2026\pdfs\ac030\AC030PART090.pdf,pdf_serial_row_count,ok
2026,30,91,869,,,data\rolls\2026\pdfs\ac030\AC030PART091.pdf,pdf_serial_row_count,ok
2026,30,92,778,,,data\rolls\2026\pdfs\ac030\AC030PART092.pdf,pdf_serial_row_count,ok
2026,30,93,630,,,data\rolls\2026\pdfs\ac030\AC030PART093.pdf,pdf_serial_row_count,ok
2026,30,94,496,,,data\rolls\2026\pdfs\ac030\AC030PART094.pdf,pdf_serial_row_count,ok
2026,30,95,1057,,,data\rolls\2026\pdfs\ac030\AC030PART095.pdf,pdf_serial_row_count,ok
2026,30,96,655,,,data\rolls\2026\pdfs\ac030\AC030PART096.pdf,pdf_serial_row_count,ok
2026,30,97,646,,,data\rolls\2026\pdfs\ac030\AC030PART097.pdf,pdf_serial_row_count,ok
2026,30,98,655,,,data\rolls\2026\pdfs\ac030\AC030PART098.pdf,pdf_serial_row_count,ok
2026,30,99,429,,,data\rolls\2026\pdfs\ac030\AC030PART099.pdf,pdf_serial_row_count,ok
2026,30,100,558,,,data\rolls\2026\pdfs\ac030\AC030PART100.pdf,pdf_serial_row_count,ok
2026,30,101,670,,,data\rolls\2026\pdfs\ac030\AC030PART101.pdf,pdf_serial_row_count,ok
2026,30,102,849,,,data\rolls\2026\pdfs\ac030\AC030PART102.pdf,pdf_serial_row_count,ok
2026,30,103,605,,,data\rolls\2026\pdfs\ac030\AC030PART103.pdf,pdf_serial_row_count,ok
2026,30,104,700,,,data\rolls\2026\pdfs\ac030\AC030PART104.pdf,pdf_serial_row_count,ok
2026,30,105,808,,,data\rolls\2026\pdfs\ac030\AC030PART105.pdf,pdf_serial_row_count,ok
2026,30,106,880,,,data\rolls\2026\pdfs\ac030\AC030PART106.pdf,pdf_serial_row_count,ok
2026,30,107,915,,,data\rolls\2026\pdfs\ac030\AC030PART107.pdf,pdf_serial_row_count,ok
2026,30,108,615,,,data\rolls\2026\pdfs\ac030\AC030PART108.pdf,pdf_serial_row_count,ok
2026,30,109,589,,,data\rolls\2026\pdfs\ac030\AC030PART109.pdf,pdf_serial_row_count,ok
2026,30,110,795,,,data\rolls\2026\pdfs\ac030\AC030PART110.pdf,pdf_serial_row_count,ok
2026,30,111,654,,,data\rolls\2026\pdfs\ac030\AC030PART111.pdf,pdf_serial_row_count,ok
2026,30,112,613,,,data\rolls\2026\pdfs\ac030\AC030PART112.pdf,pdf_serial_row_count,ok
2026,30,113,634,,,data\rolls\2026\pdfs\ac030\AC030PART113.pdf,pdf_serial_row_count,ok
2026,30,114,1015,,,data\rolls\2026\pdfs\ac030\AC030PART114.pdf,pdf_serial_row_count,ok
2026,30,115,583,,,data\rolls\2026\pdfs\ac030\AC030PART115.pdf,pdf_serial_row_count,ok
2026,30,116,660,,,data\rolls\2026\pdfs\ac030\AC030PART116.pdf,pdf_serial_row_count,ok
2026,30,117,1023,,,data\rolls\2026\pdfs\ac030\AC030PART117.pdf,pdf_serial_row_count,ok
2026,30,118,768,,,data\rolls\2026\pdfs\ac030\AC030PART118.pdf,pdf_serial_row_count,ok
2026,30,119,691,,,data\rolls\2026\pdfs\ac030\AC030PART119.pdf,pdf_serial_row_count,ok
2026,30,120,644,,,data\rolls\2026\pdfs\ac030\AC030PART120.pdf,pdf_serial_row_count,ok
2026,30,121,544,,,data\rolls\2026\pdfs\ac030\AC030PART121.pdf,pdf_serial_row_count,ok
2026,30,122,428,,,data\rolls\2026\pdfs\ac030\AC030PART122.pdf,pdf_serial_row_count,ok
2026,30,123,791,,,data\rolls\2026\pdfs\ac030\AC030PART123.pdf,pdf_serial_row_count,ok
2026,30,124,745,,,data\rolls\2026\pdfs\ac030\AC030PART124.pdf,pdf_serial_row_count,ok
2026,30,125,682,,,data\rolls\2026\pdfs\ac030\AC030PART125.pdf,pdf_serial_row_count,ok
2026,30,126,376,,,data\rolls\2026\pdfs\ac030\AC030PART126.pdf,pdf_serial_row_count,ok
2026,30,127,565,,,data\rolls\2026\pdfs\ac030\AC030PART127.pdf,pdf_serial_row_count,ok
2026,30,128,941,,,data\rolls\2026\pdfs\ac030\AC030PART128.pdf,pdf_serial_row_count,ok
2026,30,129,668,,,data\rolls\2026\pdfs\ac030\AC030PART129.pdf,pdf_serial_row_count,ok
2026,30,130,732,,,data\rolls\2026\pdfs\ac030\AC030PART130.pdf,pdf_serial_row_count,ok
2026,30,131,698,,,data\rolls\2026\pdfs\ac030\AC030PART131.pdf,pdf_serial_row_count,ok
2026,30,132,498,,,data\rolls\2026\pdfs\ac030\AC030PART132.pdf,pdf_serial_row_count,ok
2026,30,133,855,,,data\rolls\2026\pdfs\ac030\AC030PART133.pdf,pdf_serial_row_count,ok
2026,30,134,514,,,data\rolls\2026\pdfs\ac030\AC030PART134.pdf,pdf_serial_row_count,ok
2026,30,135,577,,,data\rolls\2026\pdfs\ac030\AC030PART135.pdf,pdf_serial_row_count,ok
2026,30,136,835,,,data\rolls\2026\pdfs\ac030\AC030PART136.pdf,pdf_serial_row_count,ok
2026,30,137,717,,,data\rolls\2026\pdfs\ac030\AC030PART137.pdf,pdf_serial_row_count,ok
2026,30,138,785,,,data\rolls\2026\pdfs\ac030\AC030PART138.pdf,pdf_serial_row_count,ok
2026,30,139,905,,,data\rolls\2026\pdfs\ac030\AC030PART139.pdf,pdf_serial_row_count,ok
2026,30,140,369,,,data\rolls\2026\pdfs\ac030\AC030PART140.pdf,pdf_serial_row_count,ok
2026,30,141,778,,,data\rolls\2026\pdfs\ac030\AC030PART141.pdf,pdf_serial_row_count,ok
2026,30,142,677,,,data\rolls\2026\pdfs\ac030\AC030PART142.pdf,pdf_serial_row_count,ok
2026,30,143,774,,,data\rolls\2026\pdfs\ac030\AC030PART143.pdf,pdf_serial_row_count,ok
2026,30,144,824,,,data\rolls\2026\pdfs\ac030\AC030PART144.pdf,pdf_serial_row_count,ok
2026,30,145,807,,,data\rolls\2026\pdfs\ac030\AC030PART145.pdf,pdf_serial_row_count,ok
2026,30,146,827,,,data\rolls\2026\pdfs\ac030\AC030PART146.pdf,pdf_serial_row_count,ok
2026,30,147,647,,,data\rolls\2026\pdfs\ac030\AC030PART147.pdf,pdf_serial_row_count,ok
2026,30,148,931,,,data\rolls\2026\pdfs\ac030\AC030PART148.pdf,pdf_serial_row_count,ok
2026,30,149,794,,,data\rolls\2026\pdfs\ac030\AC030PART149.pdf,pdf_serial_row_count,ok
2026,30,150,1001,,,data\rolls\2026\pdfs\ac030\AC030PART150.pdf,pdf_serial_row_count,ok
2026,30,151,784,,,data\rolls\2026\pdfs\ac030\AC030PART151.pdf,pdf_serial_row_count,ok
2026,30,152,766,,,data\rolls\2026\pdfs\ac030\AC030PART152.pdf,pdf_serial_row_count,ok
2026,30,153,602,,,data\rolls\2026\pdfs\ac030\AC030PART153.pdf,pdf_serial_row_count,ok
2026,30,154,657,,,data\rolls\2026\pdfs\ac030\AC030PART154.pdf,pdf_serial_row_count,ok
2026,30,155,295,,,data\rolls\2026\pdfs\ac030\AC030PART155.pdf,pdf_serial_row_count,ok
2026,30,156,628,,,data\rolls\2026\pdfs\ac030\AC030PART156.pdf,pdf_serial_row_count,ok
2026,30,157,677,,,data\rolls\2026\pdfs\ac030\AC030PART157.pdf,pdf_serial_row_count,ok
2026,30,158,548,,,data\rolls\2026\pdfs\ac030\AC030PART158.pdf,pdf_serial_row_count,ok
2026,30,159,535,,,data\rolls\2026\pdfs\ac030\AC030PART159.pdf,pdf_serial_row_count,ok
2026,30,160,1015,,,data\rolls\2026\pdfs\ac030\AC030PART160.pdf,pdf_serial_row_count,ok
2026,30,161,483,,,data\rolls\2026\pdfs\ac030\AC030PART161.pdf,pdf_serial_row_count,ok
2026,30,162,949,,,data\rolls\2026\pdfs\ac030\AC030PART162.pdf,pdf_serial_row_count,ok
2026,30,163,871,,,data\rolls\2026\pdfs\ac030\AC030PART163.pdf,pdf_serial_row_count,ok
2026,30,164,742,,,data\rolls\2026\pdfs\ac030\AC030PART164.pdf,pdf_serial_row_count,ok
2026,30,165,757,,,data\rolls\2026\pdfs\ac030\AC030PART165.pdf,pdf_serial_row_count,ok
2026,30,166,1019,,,data\rolls\2026\pdfs\ac030\AC030PART166.pdf,pdf_serial_row_count,ok
2026,30,167,1015,,,data\rolls\2026\pdfs\ac030\AC030PART167.pdf,pdf_serial_row_count,ok
2026,30,168,670,,,data\rolls\2026\pdfs\ac030\AC030PART168.pdf,pdf_serial_row_count,ok
2026,30,169,443,,,data\rolls\2026\pdfs\ac030\AC030PART169.pdf,pdf_serial_row_count,ok
2026,30,170,580,,,data\rolls\2026\pdfs\ac030\AC030PART170.pdf,pdf_serial_row_count,ok
2026,30,171,739,,,data\rolls\2026\pdfs\ac030\AC030PART171.pdf,pdf_serial_row_count,ok
2026,30,172,756,,,data\rolls\2026\pdfs\ac030\AC030PART172.pdf,pdf_serial_row_count,ok
2026,30,173,843,,,data\rolls\2026\pdfs\ac030\AC030PART173.pdf,pdf_serial_row_count,ok
2026,30,174,824,,,data\rolls\2026\pdfs\ac030\AC030PART174.pdf,pdf_serial_row_count,ok
2026,30,175,784,,,data\rolls\2026\pdfs\ac030\AC030PART175.pdf,pdf_serial_row_count,ok
2026,30,176,797,,,data\rolls\2026\pdfs\ac030\AC030PART176.pdf,pdf_serial_row_count,ok
2026,30,177,1121,,,data\rolls\2026\pdfs\ac030\AC030PART177.pdf,pdf_serial_row_count,ok
2026,30,178,993,,,data\rolls\2026\pdfs\ac030\AC030PART178.pdf,pdf_serial_row_count,ok
2026,30,179,749,,,data\rolls\2026\pdfs\ac030\AC030PART179.pdf,pdf_serial_row_count,ok
2026,30,180,822,,,data\rolls\2026\pdfs\ac030\AC030PART180.pdf,pdf_serial_row_count,ok
2026,30,181,884,,,data\rolls\2026\pdfs\ac030\AC030PART181.pdf,pdf_serial_row_count,ok
2026,30,182,936,,,data\rolls\2026\pdfs\ac030\AC030PART182.pdf,pdf_serial_row_count,ok
2026,30,183,708,,,data\rolls\2026\pdfs\ac030\AC030PART183.pdf,pdf_serial_row_count,ok
2026,30,184,854,,,data\rolls\2026\pdfs\ac030\AC030PART184.pdf,pdf_serial_row_count,ok
2026,30,185,596,,,data\rolls\2026\pdfs\ac030\AC030PART185.pdf,pdf_serial_row_count,ok
2026,30,186,635,,,data\rolls\2026\pdfs\ac030\AC030PART186.pdf,pdf_serial_row_count,ok
2026,30,187,936,,,data\rolls\2026\pdfs\ac030\AC030PART187.pdf,pdf_serial_row_count,ok
2026,30,188,717,,,data\rolls\2026\pdfs\ac030\AC030PART188.pdf,pdf_serial_row_count,ok
2026,30,189,671,,,data\rolls\2026\pdfs\ac030\AC030PART189.pdf,pdf_serial_row_count,ok
2026,30,190,458,,,data\rolls\2026\pdfs\ac030\AC030PART190.pdf,pdf_serial_row_count,ok
2026,30,191,774,,,data\rolls\2026\pdfs\ac030\AC030PART191.pdf,pdf_serial_row_count,ok
2026,30,192,696,,,data\rolls\2026\pdfs\ac030\AC030PART192.pdf,pdf_serial_row_count,ok
2026,30,193,757,,,data\rolls\2026\pdfs\ac030\AC030PART193.pdf,pdf_serial_row_count,ok
2026,30,194,709,,,data\rolls\2026\pdfs\ac030\AC030PART194.pdf,pdf_serial_row_count,ok
2026,30,195,1054,,,data\rolls\2026\pdfs\ac030\AC030PART195.pdf,pdf_serial_row_count,ok
2026,30,196,602,,,data\rolls\2026\pdfs\ac030\AC030PART196.pdf,pdf_serial_row_count,ok
2026,30,197,613,,,data\rolls\2026\pdfs\ac030\AC030PART197.pdf,pdf_serial_row_count,ok
2026,30,198,566,,,data\rolls\2026\pdfs\ac030\AC030PART198.pdf,pdf_serial_row_count,ok
2026,30,199,863,,,data\rolls\2026\pdfs\ac030\AC030PART199.pdf,pdf_serial_row_count,ok
2026,30,200,925,,,data\rolls\2026\pdfs\ac030\AC030PART200.pdf,pdf_serial_row_count,ok
2026,30,201,595,,,data\rolls\2026\pdfs\ac030\AC030PART201.pdf,pdf_serial_row_count,ok
2026,30,202,1140,,,data\rolls\2026\pdfs\ac030\AC030PART202.pdf,pdf_serial_row_count,ok
2026,30,203,908,,,data\rolls\2026\pdfs\ac030\AC030PART203.pdf,pdf_serial_row_count,ok
2026,30,204,505,,,data\rolls\2026\pdfs\ac030\AC030PART204.pdf,pdf_serial_row_count,ok
2026,30,205,970,,,data\rolls\2026\pdfs\ac030\AC030PART205.pdf,pdf_serial_row_count,ok
2026,30,206,623,,,data\rolls\2026\pdfs\ac030\AC030PART206.pdf,pdf_serial_row_count,ok
2026,30,207,764,,,data\rolls\2026\pdfs\ac030\AC030PART207.pdf,pdf_serial_row_count,ok
2026,30,208,982,,,data\rolls\2026\pdfs\ac030\AC030PART208.pdf,pdf_serial_row_count,ok
2026,30,209,511,,,data\rolls\2026\pdfs\ac030\AC030PART209.pdf,pdf_serial_row_count,ok
2026,30,210,975,,,data\rolls\2026\pdfs\ac030\AC030PART210.pdf,pdf_serial_row_count,ok
2026,30,211,990,,,data\rolls\2026\pdfs\ac030\AC030PART211.pdf,pdf_serial_row_count,ok
2026,30,212,869,,,data\rolls\2026\pdfs\ac030\AC030PART212.pdf,pdf_serial_row_count,ok
2026,30,213,925,,,data\rolls\2026\pdfs\ac030\AC030PART213.pdf,pdf_serial_row_count,ok
2026,30,214,1008,,,data\rolls\2026\pdfs\ac030\AC030PART214.pdf,pdf_serial_row_count,ok
2026,30,215,483,,,data\rolls\2026\pdfs\ac030\AC030PART215.pdf,pdf_serial_row_count,ok
2026,30,216,564,,,data\rolls\2026\pdfs\ac030\AC030PART216.pdf,pdf_serial_row_count,ok
2026,30,217,705,,,data\rolls\2026\pdfs\ac030\AC030PART217.pdf,pdf_serial_row_count,ok
2026,30,218,786,,,data\rolls\2026\pdfs\ac030\AC030PART218.pdf,pdf_serial_row_count,ok
2026,30,219,720,,,data\rolls\2026\pdfs\ac030\AC030PART219.pdf,pdf_serial_row_count,ok
2026,30,220,814,,,data\rolls\2026\pdfs\ac030\AC030PART220.pdf,pdf_serial_row_count,ok
2026,30,221,399,,,data\rolls\2026\pdfs\ac030\AC030PART221.pdf,pdf_serial_row_count,ok
2026,30,222,684,,,data\rolls\2026\pdfs\ac030\AC030PART222.pdf,pdf_serial_row_count,ok
2026,30,223,740,,,data\rolls\2026\pdfs\ac030\AC030PART223.pdf,pdf_serial_row_count,ok
2026,30,224,686,,,data\rolls\2026\pdfs\ac030\AC030PART224.pdf,pdf_serial_row_count,ok
2026,30,225,508,,,data\rolls\2026\pdfs\ac030\AC030PART225.pdf,pdf_serial_row_count,ok
2026,30,226,651,,,data\rolls\2026\pdfs\ac030\AC030PART226.pdf,pdf_serial_row_count,ok
2026,30,227,1018,,,data\rolls\2026\pdfs\ac030\AC030PART227.pdf,pdf_serial_row_count,ok
2026,30,228,565,,,data\rolls\2026\pdfs\ac030\AC030PART228.pdf,pdf_serial_row_count,ok
2026,30,229,671,,,data\rolls\2026\pdfs\ac030\AC030PART229.pdf,pdf_serial_row_count,ok
2026,30,230,995,,,data\rolls\2026\pdfs\ac030\AC030PART230.pdf,pdf_serial_row_count,ok
2026,30,231,616,,,data\rolls\2026\pdfs\ac030\AC030PART231.pdf,pdf_serial_row_count,ok
2026,30,232,587,,,data\rolls\2026\pdfs\ac030\AC030PART232.pdf,pdf_serial_row_count,ok
2026,30,233,681,,,data\rolls\2026\pdfs\ac030\AC030PART233.pdf,pdf_serial_row_count,ok
2026,30,234,571,,,data\rolls\2026\pdfs\ac030\AC030PART234.pdf,pdf_serial_row_count,ok
2026,30,235,904,,,data\rolls\2026\pdfs\ac030\AC030PART235.pdf,pdf_serial_row_count,ok
2026,30,236,857,,,data\rolls\2026\pdfs\ac030\AC030PART236.pdf,pdf_serial_row_count,ok
2026,30,237,674,,,data\rolls\2026\pdfs\ac030\AC030PART237.pdf,pdf_serial_row_count,ok
2026,30,238,704,,,data\rolls\2026\pdfs\ac030\AC030PART238.pdf,pdf_serial_row_count,ok
2026,30,239,829,,,data\rolls\2026\pdfs\ac030\AC030PART239.pdf,pdf_serial_row_count,ok
2026,30,240,760,,,data\rolls\2026\pdfs\ac030\AC030PART240.pdf,pdf_serial_row_count,ok
2026,30,241,573,,,data\rolls\2026\pdfs\ac030\AC030PART241.pdf,pdf_serial_row_count,ok
2026,30,242,971,,,data\rolls\2026\pdfs\ac030\AC030PART242.pdf,pdf_serial_row_count,ok
2026,30,243,594,,,data\rolls\2026\pdfs\ac030\AC030PART243.pdf,pdf_serial_row_count,ok
2026,30,244,721,,,data\rolls\2026\pdfs\ac030\AC030PART244.pdf,pdf_serial_row_count,ok
2026,30,245,835,,,data\rolls\2026\pdfs\ac030\AC030PART245.pdf,pdf_serial_row_count,ok
2026,30,246,713,,,data\rolls\2026\pdfs\ac030\AC030PART246.pdf,pdf_serial_row_count,ok
2026,30,247,645,,,data\rolls\2026\pdfs\ac030\AC030PART247.pdf,pdf_serial_row_count,ok
2026,30,248,599,,,data\rolls\2026\pdfs\ac030\AC030PART248.pdf,pdf_serial_row_count,ok
2026,30,249,568,,,data\rolls\2026\pdfs\ac030\AC030PART249.pdf,pdf_serial_row_count,ok
2026,30,250,1103,,,data\rolls\2026\pdfs\ac030\AC030PART250.pdf,pdf_serial_row_count,ok
2026,30,251,686,,,data\rolls\2026\pdfs\ac030\AC030PART251.pdf,pdf_serial_row_count,ok
2026,30,252,586,,,data\rolls\2026\pdfs\ac030\AC030PART252.pdf,pdf_serial_row_count,ok
2026,30,253,706,,,data\rolls\2026\pdfs\ac030\AC030PART253.pdf,pdf_serial_row_count,ok
2026,30,254,601,,,data\rolls\2026\pdfs\ac030\AC030PART254.pdf,pdf_serial_row_count,ok
2026,30,255,522,,,data\rolls\2026\pdfs\ac030\AC030PART255.pdf,pdf_serial_row_count,ok
2026,30,256,752,,,data\rolls\2026\pdfs\ac030\AC030PART256.pdf,pdf_serial_row_count,ok
2026,30,257,1016,,,data\rolls\2026\pdfs\ac030\AC030PART257.pdf,pdf_serial_row_count,ok
2026,30,258,643,,,data\rolls\2026\pdfs\ac030\AC030PART258.pdf,pdf_serial_row_count,ok
2026,30,259,642,,,data\rolls\2026\pdfs\ac030\AC030PART259.pdf,pdf_serial_row_count,ok
2026,30,260,773,,,data\rolls\2026\pdfs\ac030\AC030PART260.pdf,pdf_serial_row_count,ok
2026,30,261,460,,,data\rolls\2026\pdfs\ac030\AC030PART261.pdf,pdf_serial_row_count,ok
2026,30,262,616,,,data\rolls\2026\pdfs\ac030\AC030PART262.pdf,pdf_serial_row_count,ok
2026,31,1,649,,,data\rolls\2026\pdfs\ac031\AC031PART001.pdf,pdf_serial_row_count,ok
2026,31,2,793,,,data\rolls\2026\pdfs\ac031\AC031PART002.pdf,pdf_serial_row_count,ok
2026,31,3,1117,,,data\rolls\2026\pdfs\ac031\AC031PART003.pdf,pdf_serial_row_count,ok
2026,31,4,769,,,data\rolls\2026\pdfs\ac031\AC031PART004.pdf,pdf_serial_row_count,ok
2026,31,5,625,,,data\rolls\2026\pdfs\ac031\AC031PART005.pdf,pdf_serial_row_count,ok
2026,31,6,933,,,data\rolls\2026\pdfs\ac031\AC031PART006.pdf,pdf_serial_row_count,ok
2026,31,7,878,,,data\rolls\2026\pdfs\ac031\AC031PART007.pdf,pdf_serial_row_count,ok
2026,31,8,1069,,,data\rolls\2026\pdfs\ac031\AC031PART008.pdf,pdf_serial_row_count,ok
2026,31,9,975,,,data\rolls\2026\pdfs\ac031\AC031PART009.pdf,pdf_serial_row_count,ok
2026,31,10,851,,,data\rolls\2026\pdfs\ac031\AC031PART010.pdf,pdf_serial_row_count,ok
2026,31,11,535,,,data\rolls\2026\pdfs\ac031\AC031PART011.pdf,pdf_serial_row_count,ok
2026,31,12,603,,,data\rolls\2026\pdfs\ac031\AC031PART012.pdf,pdf_serial_row_count,ok
2026,31,13,969,,,data\rolls\2026\pdfs\ac031\AC031PART013.pdf,pdf_serial_row_count,ok
2026,31,14,936,,,data\rolls\2026\pdfs\ac031\AC031PART014.pdf,pdf_serial_row_count,ok
2026,31,15,690,,,data\rolls\2026\pdfs\ac031\AC031PART015.pdf,pdf_serial_row_count,ok
2026,31,16,846,,,data\rolls\2026\pdfs\ac031\AC031PART016.pdf,pdf_serial_row_count,ok
2026,31,17,935,,,data\rolls\2026\pdfs\ac031\AC031PART017.pdf,pdf_serial_row_count,ok
2026,31,18,658,,,data\rolls\2026\pdfs\ac031\AC031PART018.pdf,pdf_serial_row_count,ok
2026,31,19,1074,,,data\rolls\2026\pdfs\ac031\AC031PART019.pdf,pdf_serial_row_count,ok
2026,31,20,947,,,data\rolls\2026\pdfs\ac031\AC031PART020.pdf,pdf_serial_row_count,ok
2026,31,21,614,,,data\rolls\2026\pdfs\ac031\AC031PART021.pdf,pdf_serial_row_count,ok
2026,31,22,584,,,data\rolls\2026\pdfs\ac031\AC031PART022.pdf,pdf_serial_row_count,ok
2026,31,23,919,,,data\rolls\2026\pdfs\ac031\AC031PART023.pdf,pdf_serial_row_count,ok
2026,31,24,714,,,data\rolls\2026\pdfs\ac031\AC031PART024.pdf,pdf_serial_row_count,ok
2026,31,25,941,,,data\rolls\2026\pdfs\ac031\AC031PART025.pdf,pdf_serial_row_count,ok
2026,31,26,634,,,data\rolls\2026\pdfs\ac031\AC031PART026.pdf,pdf_serial_row_count,ok
2026,31,27,891,,,data\rolls\2026\pdfs\ac031\AC031PART027.pdf,pdf_serial_row_count,ok
2026,31,28,674,,,data\rolls\2026\pdfs\ac031\AC031PART028.pdf,pdf_serial_row_count,ok
2026,31,29,612,,,data\rolls\2026\pdfs\ac031\AC031PART029.pdf,pdf_serial_row_count,ok
2026,31,30,480,,,data\rolls\2026\pdfs\ac031\AC031PART030.pdf,pdf_serial_row_count,ok
2026,31,31,846,,,data\rolls\2026\pdfs\ac031\AC031PART031.pdf,pdf_serial_row_count,ok
2026,31,32,880,,,data\rolls\2026\pdfs\ac031\AC031PART032.pdf,pdf_serial_row_count,ok
2026,31,33,822,,,data\rolls\2026\pdfs\ac031\AC031PART033.pdf,pdf_serial_row_count,ok
2026,31,34,870,,,data\rolls\2026\pdfs\ac031\AC031PART034.pdf,pdf_serial_row_count,ok
2026,31,35,495,,,data\rolls\2026\pdfs\ac031\AC031PART035.pdf,pdf_serial_row_count,ok
2026,31,36,999,,,data\rolls\2026\pdfs\ac031\AC031PART036.pdf,pdf_serial_row_count,ok
2026,31,37,550,,,data\rolls\2026\pdfs\ac031\AC031PART037.pdf,pdf_serial_row_count,ok
2026,31,38,662,,,data\rolls\2026\pdfs\ac031\AC031PART038.pdf,pdf_serial_row_count,ok
2026,31,39,825,,,data\rolls\2026\pdfs\ac031\AC031PART039.pdf,pdf_serial_row_count,ok
2026,31,40,418,,,data\rolls\2026\pdfs\ac031\AC031PART040.pdf,pdf_serial_row_count,ok
2026,31,41,768,,,data\rolls\2026\pdfs\ac031\AC031PART041.pdf,pdf_serial_row_count,ok
2026,31,42,525,,,data\rolls\2026\pdfs\ac031\AC031PART042.pdf,pdf_serial_row_count,ok
2026,31,43,645,,,data\rolls\2026\pdfs\ac031\AC031PART043.pdf,pdf_serial_row_count,ok
2026,31,44,577,,,data\rolls\2026\pdfs\ac031\AC031PART044.pdf,pdf_serial_row_count,ok
2026,31,45,1105,,,data\rolls\2026\pdfs\ac031\AC031PART045.pdf,pdf_serial_row_count,ok
2026,31,46,695,,,data\rolls\2026\pdfs\ac031\AC031PART046.pdf,pdf_serial_row_count,ok
2026,31,47,470,,,data\rolls\2026\pdfs\ac031\AC031PART047.pdf,pdf_serial_row_count,ok
2026,31,48,607,,,data\rolls\2026\pdfs\ac031\AC031PART048.pdf,pdf_serial_row_count,ok
2026,31,49,799,,,data\rolls\2026\pdfs\ac031\AC031PART049.pdf,pdf_serial_row_count,ok
2026,31,50,881,,,data\rolls\2026\pdfs\ac031\AC031PART050.pdf,pdf_serial_row_count,ok
2026,31,51,649,,,data\rolls\2026\pdfs\ac031\AC031PART051.pdf,pdf_serial_row_count,ok
2026,31,52,723,,,data\rolls\2026\pdfs\ac031\AC031PART052.pdf,pdf_serial_row_count,ok
2026,31,53,945,,,data\rolls\2026\pdfs\ac031\AC031PART053.pdf,pdf_serial_row_count,ok
2026,31,54,573,,,data\rolls\2026\pdfs\ac031\AC031PART054.pdf,pdf_serial_row_count,ok
2026,31,55,746,,,data\rolls\2026\pdfs\ac031\AC031PART055.pdf,pdf_serial_row_count,ok
2026,31,56,646,,,data\rolls\2026\pdfs\ac031\AC031PART056.pdf,pdf_serial_row_count,ok
2026,31,57,964,,,data\rolls\2026\pdfs\ac031\AC031PART057.pdf,pdf_serial_row_count,ok
2026,31,58,825,,,data\rolls\2026\pdfs\ac031\AC031PART058.pdf,pdf_serial_row_count,ok
2026,31,59,883,,,data\rolls\2026\pdfs\ac031\AC031PART059.pdf,pdf_serial_row_count,ok
2026,31,60,663,,,data\rolls\2026\pdfs\ac031\AC031PART060.pdf,pdf_serial_row_count,ok
2026,31,61,861,,,data\rolls\2026\pdfs\ac031\AC031PART061.pdf,pdf_serial_row_count,ok
2026,31,62,866,,,data\rolls\2026\pdfs\ac031\AC031PART062.pdf,pdf_serial_row_count,ok
2026,31,63,544,,,data\rolls\2026\pdfs\ac031\AC031PART063.pdf,pdf_serial_row_count,ok
2026,31,64,714,,,data\rolls\2026\pdfs\ac031\AC031PART064.pdf,pdf_serial_row_count,ok
2026,31,65,624,,,data\rolls\2026\pdfs\ac031\AC031PART065.pdf,pdf_serial_row_count,ok
2026,31,66,550,,,data\rolls\2026\pdfs\ac031\AC031PART066.pdf,pdf_serial_row_count,ok
2026,31,67,800,,,data\rolls\2026\pdfs\ac031\AC031PART067.pdf,pdf_serial_row_count,ok
2026,31,68,842,,,data\rolls\2026\pdfs\ac031\AC031PART068.pdf,pdf_serial_row_count,ok
2026,31,69,850,,,data\rolls\2026\pdfs\ac031\AC031PART069.pdf,pdf_serial_row_count,ok
2026,31,70,665,,,data\rolls\2026\pdfs\ac031\AC031PART070.pdf,pdf_serial_row_count,ok
2026,31,71,549,,,data\rolls\2026\pdfs\ac031\AC031PART071.pdf,pdf_serial_row_count,ok
2026,31,72,535,,,data\rolls\2026\pdfs\ac031\AC031PART072.pdf,pdf_serial_row_count,ok
2026,31,73,799,,,data\rolls\2026\pdfs\ac031\AC031PART073.pdf,pdf_serial_row_count,ok
2026,31,74,1038,,,data\rolls\2026\pdfs\ac031\AC031PART074.pdf,pdf_serial_row_count,ok
2026,31,75,733,,,data\rolls\2026\pdfs\ac031\AC031PART075.pdf,pdf_serial_row_count,ok
2026,31,76,482,,,data\rolls\2026\pdfs\ac031\AC031PART076.pdf,pdf_serial_row_count,ok
2026,31,77,912,,,data\rolls\2026\pdfs\ac031\AC031PART077.pdf,pdf_serial_row_count,ok
2026,31,78,923,,,data\rolls\2026\pdfs\ac031\AC031PART078.pdf,pdf_serial_row_count,ok
2026,31,79,598,,,data\rolls\2026\pdfs\ac031\AC031PART079.pdf,pdf_serial_row_count,ok
2026,31,80,566,,,data\rolls\2026\pdfs\ac031\AC031PART080.pdf,pdf_serial_row_count,ok
2026,31,81,758,,,data\rolls\2026\pdfs\ac031\AC031PART081.pdf,pdf_serial_row_count,ok
2026,31,82,635,,,data\rolls\2026\pdfs\ac031\AC031PART082.pdf,pdf_serial_row_count,ok
2026,31,83,857,,,data\rolls\2026\pdfs\ac031\AC031PART083.pdf,pdf_serial_row_count,ok
2026,31,84,705,,,data\rolls\2026\pdfs\ac031\AC031PART084.pdf,pdf_serial_row_count,ok
2026,31,85,990,,,data\rolls\2026\pdfs\ac031\AC031PART085.pdf,pdf_serial_row_count,ok
2026,31,86,1105,,,data\rolls\2026\pdfs\ac031\AC031PART086.pdf,pdf_serial_row_count,ok
2026,31,87,750,,,data\rolls\2026\pdfs\ac031\AC031PART087.pdf,pdf_serial_row_count,ok
2026,31,88,1008,,,data\rolls\2026\pdfs\ac031\AC031PART088.pdf,pdf_serial_row_count,ok
2026,31,89,1135,,,data\rolls\2026\pdfs\ac031\AC031PART089.pdf,pdf_serial_row_count,ok
2026,31,90,806,,,data\rolls\2026\pdfs\ac031\AC031PART090.pdf,pdf_serial_row_count,ok
2026,31,91,778,,,data\rolls\2026\pdfs\ac031\AC031PART091.pdf,pdf_serial_row_count,ok
2026,31,92,861,,,data\rolls\2026\pdfs\ac031\AC031PART092.pdf,pdf_serial_row_count,ok
2026,31,93,892,,,data\rolls\2026\pdfs\ac031\AC031PART093.pdf,pdf_serial_row_count,ok
2026,31,94,701,,,data\rolls\2026\pdfs\ac031\AC031PART094.pdf,pdf_serial_row_count,ok
2026,31,95,1000,,,data\rolls\2026\pdfs\ac031\AC031PART095.pdf,pdf_serial_row_count,ok
2026,31,96,609,,,data\rolls\2026\pdfs\ac031\AC031PART096.pdf,pdf_serial_row_count,ok
2026,31,97,659,,,data\rolls\2026\pdfs\ac031\AC031PART097.pdf,pdf_serial_row_count,ok
2026,31,98,633,,,data\rolls\2026\pdfs\ac031\AC031PART098.pdf,pdf_serial_row_count,ok
2026,31,99,1084,,,data\rolls\2026\pdfs\ac031\AC031PART099.pdf,pdf_serial_row_count,ok
2026,31,100,597,,,data\rolls\2026\pdfs\ac031\AC031PART100.pdf,pdf_serial_row_count,ok
2026,31,101,504,,,data\rolls\2026\pdfs\ac031\AC031PART101.pdf,pdf_serial_row_count,ok
2026,31,102,498,,,data\rolls\2026\pdfs\ac031\AC031PART102.pdf,pdf_serial_row_count,ok
2026,31,103,1017,,,data\rolls\2026\pdfs\ac031\AC031PART103.pdf,pdf_serial_row_count,ok
2026,31,104,558,,,data\rolls\2026\pdfs\ac031\AC031PART104.pdf,pdf_serial_row_count,ok
2026,31,105,1078,,,data\rolls\2026\pdfs\ac031\AC031PART105.pdf,pdf_serial_row_count,ok
2026,31,106,731,,,data\rolls\2026\pdfs\ac031\AC031PART106.pdf,pdf_serial_row_count,ok
2026,31,107,943,,,data\rolls\2026\pdfs\ac031\AC031PART107.pdf,pdf_serial_row_count,ok
2026,31,108,1049,,,data\rolls\2026\pdfs\ac031\AC031PART108.pdf,pdf_serial_row_count,ok
2026,31,109,955,,,data\rolls\2026\pdfs\ac031\AC031PART109.pdf,pdf_serial_row_count,ok
2026,31,110,706,,,data\rolls\2026\pdfs\ac031\AC031PART110.pdf,pdf_serial_row_count,ok
2026,31,111,559,,,data\rolls\2026\pdfs\ac031\AC031PART111.pdf,pdf_serial_row_count,ok
2026,31,112,624,,,data\rolls\2026\pdfs\ac031\AC031PART112.pdf,pdf_serial_row_count,ok
2026,31,113,976,,,data\rolls\2026\pdfs\ac031\AC031PART113.pdf,pdf_serial_row_count,ok
2026,31,114,1130,,,data\rolls\2026\pdfs\ac031\AC031PART114.pdf,pdf_serial_row_count,ok
2026,31,115,944,,,data\rolls\2026\pdfs\ac031\AC031PART115.pdf,pdf_serial_row_count,ok
2026,31,116,1084,,,data\rolls\2026\pdfs\ac031\AC031PART116.pdf,pdf_serial_row_count,ok
2026,31,117,642,,,data\rolls\2026\pdfs\ac031\AC031PART117.pdf,pdf_serial_row_count,ok
2026,31,118,577,,,data\rolls\2026\pdfs\ac031\AC031PART118.pdf,pdf_serial_row_count,ok
2026,31,119,1128,,,data\rolls\2026\pdfs\ac031\AC031PART119.pdf,pdf_serial_row_count,ok
2026,31,120,820,,,data\rolls\2026\pdfs\ac031\AC031PART120.pdf,pdf_serial_row_count,ok
2026,31,121,990,,,data\rolls\2026\pdfs\ac031\AC031PART121.pdf,pdf_serial_row_count,ok
2026,31,122,975,,,data\rolls\2026\pdfs\ac031\AC031PART122.pdf,pdf_serial_row_count,ok
2026,31,123,998,,,data\rolls\2026\pdfs\ac031\AC031PART123.pdf,pdf_serial_row_count,ok
2026,31,124,715,,,data\rolls\2026\pdfs\ac031\AC031PART124.pdf,pdf_serial_row_count,ok
2026,31,125,648,,,data\rolls\2026\pdfs\ac031\AC031PART125.pdf,pdf_serial_row_count,ok
2026,31,126,584,,,data\rolls\2026\pdfs\ac031\AC031PART126.pdf,pdf_serial_row_count,ok
2026,31,127,718,,,data\rolls\2026\pdfs\ac031\AC031PART127.pdf,pdf_serial_row_count,ok
2026,31,128,711,,,data\rolls\2026\pdfs\ac031\AC031PART128.pdf,pdf_serial_row_count,ok
2026,31,129,1068,,,data\rolls\2026\pdfs\ac031\AC031PART129.pdf,pdf_serial_row_count,ok
2026,31,130,827,,,data\rolls\2026\pdfs\ac031\AC031PART130.pdf,pdf_serial_row_count,ok
2026,31,131,603,,,data\rolls\2026\pdfs\ac031\AC031PART131.pdf,pdf_serial_row_count,ok
2026,31,132,519,,,data\rolls\2026\pdfs\ac031\AC031PART132.pdf,pdf_serial_row_count,ok
2026,31,133,1063,,,data\rolls\2026\pdfs\ac031\AC031PART133.pdf,pdf_serial_row_count,ok
2026,31,134,1064,,,data\rolls\2026\pdfs\ac031\AC031PART134.pdf,pdf_serial_row_count,ok
2026,31,135,737,,,data\rolls\2026\pdfs\ac031\AC031PART135.pdf,pdf_serial_row_count,ok
2026,31,136,734,,,data\rolls\2026\pdfs\ac031\AC031PART136.pdf,pdf_serial_row_count,ok
2026,31,137,728,,,data\rolls\2026\pdfs\ac031\AC031PART137.pdf,pdf_serial_row_count,ok
2026,31,138,553,,,data\rolls\2026\pdfs\ac031\AC031PART138.pdf,pdf_serial_row_count,ok
2026,31,139,607,,,data\rolls\2026\pdfs\ac031\AC031PART139.pdf,pdf_serial_row_count,ok
2026,31,140,813,,,data\rolls\2026\pdfs\ac031\AC031PART140.pdf,pdf_serial_row_count,ok
2026,31,141,856,,,data\rolls\2026\pdfs\ac031\AC031PART141.pdf,pdf_serial_row_count,ok
2026,31,142,933,,,data\rolls\2026\pdfs\ac031\AC031PART142.pdf,pdf_serial_row_count,ok
2026,31,143,991,,,data\rolls\2026\pdfs\ac031\AC031PART143.pdf,pdf_serial_row_count,ok
2026,31,144,562,,,data\rolls\2026\pdfs\ac031\AC031PART144.pdf,pdf_serial_row_count,ok
2026,31,145,614,,,data\rolls\2026\pdfs\ac031\AC031PART145.pdf,pdf_serial_row_count,ok
2026,31,146,927,,,data\rolls\2026\pdfs\ac031\AC031PART146.pdf,pdf_serial_row_count,ok
2026,31,147,452,,,data\rolls\2026\pdfs\ac031\AC031PART147.pdf,pdf_serial_row_count,ok
2026,31,148,564,,,data\rolls\2026\pdfs\ac031\AC031PART148.pdf,pdf_serial_row_count,ok
2026,31,149,953,,,data\rolls\2026\pdfs\ac031\AC031PART149.pdf,pdf_serial_row_count,ok
2026,31,150,581,,,data\rolls\2026\pdfs\ac031\AC031PART150.pdf,pdf_serial_row_count,ok
2026,31,151,590,,,data\rolls\2026\pdfs\ac031\AC031PART151.pdf,pdf_serial_row_count,ok
2026,31,152,536,,,data\rolls\2026\pdfs\ac031\AC031PART152.pdf,pdf_serial_row_count,ok
2026,31,153,446,,,data\rolls\2026\pdfs\ac031\AC031PART153.pdf,pdf_serial_row_count,ok
2026,31,154,661,,,data\rolls\2026\pdfs\ac031\AC031PART154.pdf,pdf_serial_row_count,ok
2026,31,155,909,,,data\rolls\2026\pdfs\ac031\AC031PART155.pdf,pdf_serial_row_count,ok
2026,31,156,465,,,data\rolls\2026\pdfs\ac031\AC031PART156.pdf,pdf_serial_row_count,ok
2026,31,157,816,,,data\rolls\2026\pdfs\ac031\AC031PART157.pdf,pdf_serial_row_count,ok
2026,31,158,977,,,data\rolls\2026\pdfs\ac031\AC031PART158.pdf,pdf_serial_row_count,ok
2026,31,159,603,,,data\rolls\2026\pdfs\ac031\AC031PART159.pdf,pdf_serial_row_count,ok
2026,31,160,585,,,data\rolls\2026\pdfs\ac031\AC031PART160.pdf,pdf_serial_row_count,ok
2026,31,161,848,,,data\rolls\2026\pdfs\ac031\AC031PART161.pdf,pdf_serial_row_count,ok
2026,31,162,691,,,data\rolls\2026\pdfs\ac031\AC031PART162.pdf,pdf_serial_row_count,ok
2026,31,163,670,,,data\rolls\2026\pdfs\ac031\AC031PART163.pdf,pdf_serial_row_count,ok
2026,31,164,592,,,data\rolls\2026\pdfs\ac031\AC031PART164.pdf,pdf_serial_row_count,ok
2026,31,165,751,,,data\rolls\2026\pdfs\ac031\AC031PART165.pdf,pdf_serial_row_count,ok
2026,31,166,624,,,data\rolls\2026\pdfs\ac031\AC031PART166.pdf,pdf_serial_row_count,ok
2026,31,167,408,,,data\rolls\2026\pdfs\ac031\AC031PART167.pdf,pdf_serial_row_count,ok
2026,31,168,520,,,data\rolls\2026\pdfs\ac031\AC031PART168.pdf,pdf_serial_row_count,ok
2026,31,169,865,,,data\rolls\2026\pdfs\ac031\AC031PART169.pdf,pdf_serial_row_count,ok
2026,31,170,507,,,data\rolls\2026\pdfs\ac031\AC031PART170.pdf,pdf_serial_row_count,ok
2026,31,171,1056,,,data\rolls\2026\pdfs\ac031\AC031PART171.pdf,pdf_serial_row_count,ok
2026,31,172,840,,,data\rolls\2026\pdfs\ac031\AC031PART172.pdf,pdf_serial_row_count,ok
2026,31,173,736,,,data\rolls\2026\pdfs\ac031\AC031PART173.pdf,pdf_serial_row_count,ok
2026,31,174,1130,,,data\rolls\2026\pdfs\ac031\AC031PART174.pdf,pdf_serial_row_count,ok
2026,31,175,636,,,data\rolls\2026\pdfs\ac031\AC031PART175.pdf,pdf_serial_row_count,ok
2026,31,176,530,,,data\rolls\2026\pdfs\ac031\AC031PART176.pdf,pdf_serial_row_count,ok
2026,31,177,650,,,data\rolls\2026\pdfs\ac031\AC031PART177.pdf,pdf_serial_row_count,ok
2026,31,178,687,,,data\rolls\2026\pdfs\ac031\AC031PART178.pdf,pdf_serial_row_count,ok
2026,31,179,859,,,data\rolls\2026\pdfs\ac031\AC031PART179.pdf,pdf_serial_row_count,ok
2026,31,180,688,,,data\rolls\2026\pdfs\ac031\AC031PART180.pdf,pdf_serial_row_count,ok
2026,31,181,727,,,data\rolls\2026\pdfs\ac031\AC031PART181.pdf,pdf_serial_row_count,ok
2026,31,182,1036,,,data\rolls\2026\pdfs\ac031\AC031PART182.pdf,pdf_serial_row_count,ok
2026,31,183,692,,,data\rolls\2026\pdfs\ac031\AC031PART183.pdf,pdf_serial_row_count,ok
2026,31,184,604,,,data\rolls\2026\pdfs\ac031\AC031PART184.pdf,pdf_serial_row_count,ok
2026,31,185,718,,,data\rolls\2026\pdfs\ac031\AC031PART185.pdf,pdf_serial_row_count,ok
2026,31,186,494,,,data\rolls\2026\pdfs\ac031\AC031PART186.pdf,pdf_serial_row_count,ok
2026,31,187,781,,,data\rolls\2026\pdfs\ac031\AC031PART187.pdf,pdf_serial_row_count,ok
2026,31,188,1013,,,data\rolls\2026\pdfs\ac031\AC031PART188.pdf,pdf_serial_row_count,ok
2026,31,189,981,,,data\rolls\2026\pdfs\ac031\AC031PART189.pdf,pdf_serial_row_count,ok
2026,31,190,545,,,data\rolls\2026\pdfs\ac031\AC031PART190.pdf,pdf_serial_row_count,ok
2026,31,191,749,,,data\rolls\2026\pdfs\ac031\AC031PART191.pdf,pdf_serial_row_count,ok
2026,31,192,571,,,data\rolls\2026\pdfs\ac031\AC031PART192.pdf,pdf_serial_row_count,ok
2026,31,193,521,,,data\rolls\2026\pdfs\ac031\AC031PART193.pdf,pdf_serial_row_count,ok
2026,31,194,776,,,data\rolls\2026\pdfs\ac031\AC031PART194.pdf,pdf_serial_row_count,ok
2026,31,195,811,,,data\rolls\2026\pdfs\ac031\AC031PART195.pdf,pdf_serial_row_count,ok
2026,31,196,955,,,data\rolls\2026\pdfs\ac031\AC031PART196.pdf,pdf_serial_row_count,ok
2026,31,197,598,,,data\rolls\2026\pdfs\ac031\AC031PART197.pdf,pdf_serial_row_count,ok
2026,31,198,827,,,data\rolls\2026\pdfs\ac031\AC031PART198.pdf,pdf_serial_row_count,ok
2026,31,199,1050,,,data\rolls\2026\pdfs\ac031\AC031PART199.pdf,pdf_serial_row_count,ok
2026,31,200,795,,,data\rolls\2026\pdfs\ac031\AC031PART200.pdf,pdf_serial_row_count,ok
2026,31,201,1028,,,data\rolls\2026\pdfs\ac031\AC031PART201.pdf,pdf_serial_row_count,ok
2026,31,202,658,,,data\rolls\2026\pdfs\ac031\AC031PART202.pdf,pdf_serial_row_count,ok
2026,31,203,753,,,data\rolls\2026\pdfs\ac031\AC031PART203.pdf,pdf_serial_row_count,ok
2026,31,204,742,,,data\rolls\2026\pdfs\ac031\AC031PART204.pdf,pdf_serial_row_count,ok
2026,31,205,811,,,data\rolls\2026\pdfs\ac031\AC031PART205.pdf,pdf_serial_row_count,ok
2026,31,206,429,,,data\rolls\2026\pdfs\ac031\AC031PART206.pdf,pdf_serial_row_count,ok
2026,31,207,909,,,data\rolls\2026\pdfs\ac031\AC031PART207.pdf,pdf_serial_row_count,ok
2026,31,208,585,,,data\rolls\2026\pdfs\ac031\AC031PART208.pdf,pdf_serial_row_count,ok
2026,31,209,810,,,data\rolls\2026\pdfs\ac031\AC031PART209.pdf,pdf_serial_row_count,ok
2026,31,210,543,,,data\rolls\2026\pdfs\ac031\AC031PART210.pdf,pdf_serial_row_count,ok
2026,31,211,537,,,data\rolls\2026\pdfs\ac031\AC031PART211.pdf,pdf_serial_row_count,ok
2026,31,212,768,,,data\rolls\2026\pdfs\ac031\AC031PART212.pdf,pdf_serial_row_count,ok
2026,31,213,817,,,data\rolls\2026\pdfs\ac031\AC031PART213.pdf,pdf_serial_row_count,ok
2026,31,214,652,,,data\rolls\2026\pdfs\ac031\AC031PART214.pdf,pdf_serial_row_count,ok
2026,31,215,1115,,,data\rolls\2026\pdfs\ac031\AC031PART215.pdf,pdf_serial_row_count,ok
2026,31,216,808,,,data\rolls\2026\pdfs\ac031\AC031PART216.pdf,pdf_serial_row_count,ok
2026,31,217,655,,,data\rolls\2026\pdfs\ac031\AC031PART217.pdf,pdf_serial_row_count,ok
2026,31,218,857,,,data\rolls\2026\pdfs\ac031\AC031PART218.pdf,pdf_serial_row_count,ok
2026,31,219,1040,,,data\rolls\2026\pdfs\ac031\AC031PART219.pdf,pdf_serial_row_count,ok
2026,31,220,554,,,data\rolls\2026\pdfs\ac031\AC031PART220.pdf,pdf_serial_row_count,ok
2026,31,221,562,,,data\rolls\2026\pdfs\ac031\AC031PART221.pdf,pdf_serial_row_count,ok
2026,31,222,668,,,data\rolls\2026\pdfs\ac031\AC031PART222.pdf,pdf_serial_row_count,ok
2026,31,223,766,,,data\rolls\2026\pdfs\ac031\AC031PART223.pdf,pdf_serial_row_count,ok
2026,31,224,985,,,data\rolls\2026\pdfs\ac031\AC031PART224.pdf,pdf_serial_row_count,ok
2026,31,225,1125,,,data\rolls\2026\pdfs\ac031\AC031PART225.pdf,pdf_serial_row_count,ok
2026,31,226,1181,,,data\rolls\2026\pdfs\ac031\AC031PART226.pdf,pdf_serial_row_count,ok
2026,31,227,1009,,,data\rolls\2026\pdfs\ac031\AC031PART227.pdf,pdf_serial_row_count,ok
2026,31,228,658,,,data\rolls\2026\pdfs\ac031\AC031PART228.pdf,pdf_serial_row_count,ok
2026,31,229,1076,,,data\rolls\2026\pdfs\ac031\AC031PART229.pdf,pdf_serial_row_count,ok
2026,31,230,618,,,data\rolls\2026\pdfs\ac031\AC031PART230.pdf,pdf_serial_row_count,ok
2026,31,231,786,,,data\rolls\2026\pdfs\ac031\AC031PART231.pdf,pdf_serial_row_count,ok
2026,31,232,916,,,data\rolls\2026\pdfs\ac031\AC031PART232.pdf,pdf_serial_row_count,ok
2026,31,233,1037,,,data\rolls\2026\pdfs\ac031\AC031PART233.pdf,pdf_serial_row_count,ok
2026,31,234,1081,,,data\rolls\2026\pdfs\ac031\AC031PART234.pdf,pdf_serial_row_count,ok
2026,31,235,574,,,data\rolls\2026\pdfs\ac031\AC031PART235.pdf,pdf_serial_row_count,ok
2026,31,236,677,,,data\rolls\2026\pdfs\ac031\AC031PART236.pdf,pdf_serial_row_count,ok
2026,31,237,597,,,data\rolls\2026\pdfs\ac031\AC031PART237.pdf,pdf_serial_row_count,ok
2026,31,238,650,,,data\rolls\2026\pdfs\ac031\AC031PART238.pdf,pdf_serial_row_count,ok
2026,31,239,1113,,,data\rolls\2026\pdfs\ac031\AC031PART239.pdf,pdf_serial_row_count,ok
2026,31,240,1091,,,data\rolls\2026\pdfs\ac031\AC031PART240.pdf,pdf_serial_row_count,ok
2026,31,241,993,,,data\rolls\2026\pdfs\ac031\AC031PART241.pdf,pdf_serial_row_count,ok
2026,31,242,1062,,,data\rolls\2026\pdfs\ac031\AC031PART242.pdf,pdf_serial_row_count,ok
2026,32,1,978,,,data\rolls\2026\pdfs\ac032\AC032PART001.pdf,pdf_serial_row_count,ok
2026,32,2,734,,,data\rolls\2026\pdfs\ac032\AC032PART002.pdf,pdf_serial_row_count,ok
2026,32,3,1046,,,data\rolls\2026\pdfs\ac032\AC032PART003.pdf,pdf_serial_row_count,ok
2026,32,4,551,,,data\rolls\2026\pdfs\ac032\AC032PART004.pdf,pdf_serial_row_count,ok
2026,32,5,1046,,,data\rolls\2026\pdfs\ac032\AC032PART005.pdf,pdf_serial_row_count,ok
2026,32,6,958,,,data\rolls\2026\pdfs\ac032\AC032PART006.pdf,pdf_serial_row_count,ok
2026,32,7,636,,,data\rolls\2026\pdfs\ac032\AC032PART007.pdf,pdf_serial_row_count,ok
2026,32,8,787,,,data\rolls\2026\pdfs\ac032\AC032PART008.pdf,pdf_serial_row_count,ok
2026,32,9,951,,,data\rolls\2026\pdfs\ac032\AC032PART009.pdf,pdf_serial_row_count,ok
2026,32,10,1045,,,data\rolls\2026\pdfs\ac032\AC032PART010.pdf,pdf_serial_row_count,ok
2026,32,11,703,,,data\rolls\2026\pdfs\ac032\AC032PART011.pdf,pdf_serial_row_count,ok
2026,32,12,560,,,data\rolls\2026\pdfs\ac032\AC032PART012.pdf,pdf_serial_row_count,ok
2026,32,13,854,,,data\rolls\2026\pdfs\ac032\AC032PART013.pdf,pdf_serial_row_count,ok
2026,32,14,790,,,data\rolls\2026\pdfs\ac032\AC032PART014.pdf,pdf_serial_row_count,ok
2026,32,15,825,,,data\rolls\2026\pdfs\ac032\AC032PART015.pdf,pdf_serial_row_count,ok
2026,32,16,867,,,data\rolls\2026\pdfs\ac032\AC032PART016.pdf,pdf_serial_row_count,ok
2026,32,17,436,,,data\rolls\2026\pdfs\ac032\AC032PART017.pdf,pdf_serial_row_count,ok
2026,32,18,793,,,data\rolls\2026\pdfs\ac032\AC032PART018.pdf,pdf_serial_row_count,ok
2026,32,19,648,,,data\rolls\2026\pdfs\ac032\AC032PART019.pdf,pdf_serial_row_count,ok
2026,32,20,637,,,data\rolls\2026\pdfs\ac032\AC032PART020.pdf,pdf_serial_row_count,ok
2026,32,21,586,,,data\rolls\2026\pdfs\ac032\AC032PART021.pdf,pdf_serial_row_count,ok
2026,32,22,660,,,data\rolls\2026\pdfs\ac032\AC032PART022.pdf,pdf_serial_row_count,ok
2026,32,23,676,,,data\rolls\2026\pdfs\ac032\AC032PART023.pdf,pdf_serial_row_count,ok
2026,32,24,619,,,data\rolls\2026\pdfs\ac032\AC032PART024.pdf,pdf_serial_row_count,ok
2026,32,25,634,,,data\rolls\2026\pdfs\ac032\AC032PART025.pdf,pdf_serial_row_count,ok
2026,32,26,558,,,data\rolls\2026\pdfs\ac032\AC032PART026.pdf,pdf_serial_row_count,ok
2026,32,27,1081,,,data\rolls\2026\pdfs\ac032\AC032PART027.pdf,pdf_serial_row_count,ok
2026,32,28,1119,,,data\rolls\2026\pdfs\ac032\AC032PART028.pdf,pdf_serial_row_count,ok
2026,32,29,617,,,data\rolls\2026\pdfs\ac032\AC032PART029.pdf,pdf_serial_row_count,ok
2026,32,30,711,,,data\rolls\2026\pdfs\ac032\AC032PART030.pdf,pdf_serial_row_count,ok
2026,32,31,874,,,data\rolls\2026\pdfs\ac032\AC032PART031.pdf,pdf_serial_row_count,ok
2026,32,32,706,,,data\rolls\2026\pdfs\ac032\AC032PART032.pdf,pdf_serial_row_count,ok
2026,32,33,636,,,data\rolls\2026\pdfs\ac032\AC032PART033.pdf,pdf_serial_row_count,ok
2026,32,34,598,,,data\rolls\2026\pdfs\ac032\AC032PART034.pdf,pdf_serial_row_count,ok
2026,32,35,789,,,data\rolls\2026\pdfs\ac032\AC032PART035.pdf,pdf_serial_row_count,ok
2026,32,36,680,,,data\rolls\2026\pdfs\ac032\AC032PART036.pdf,pdf_serial_row_count,ok
2026,32,37,837,,,data\rolls\2026\pdfs\ac032\AC032PART037.pdf,pdf_serial_row_count,ok
2026,32,38,1302,,,data\rolls\2026\pdfs\ac032\AC032PART038.pdf,pdf_serial_row_count,ok
2026,32,39,923,,,data\rolls\2026\pdfs\ac032\AC032PART039.pdf,pdf_serial_row_count,ok
2026,32,40,874,,,data\rolls\2026\pdfs\ac032\AC032PART040.pdf,pdf_serial_row_count,ok
2026,32,41,1100,,,data\rolls\2026\pdfs\ac032\AC032PART041.pdf,pdf_serial_row_count,ok
2026,32,42,983,,,data\rolls\2026\pdfs\ac032\AC032PART042.pdf,pdf_serial_row_count,ok
2026,32,43,866,,,data\rolls\2026\pdfs\ac032\AC032PART043.pdf,pdf_serial_row_count,ok
2026,32,44,696,,,data\rolls\2026\pdfs\ac032\AC032PART044.pdf,pdf_serial_row_count,ok
2026,32,45,914,,,data\rolls\2026\pdfs\ac032\AC032PART045.pdf,pdf_serial_row_count,ok
2026,32,46,809,,,data\rolls\2026\pdfs\ac032\AC032PART046.pdf,pdf_serial_row_count,ok
2026,32,47,613,,,data\rolls\2026\pdfs\ac032\AC032PART047.pdf,pdf_serial_row_count,ok
2026,32,48,688,,,data\rolls\2026\pdfs\ac032\AC032PART048.pdf,pdf_serial_row_count,ok
2026,32,49,769,,,data\rolls\2026\pdfs\ac032\AC032PART049.pdf,pdf_serial_row_count,ok
2026,32,50,1168,,,data\rolls\2026\pdfs\ac032\AC032PART050.pdf,pdf_serial_row_count,ok
2026,32,51,742,,,data\rolls\2026\pdfs\ac032\AC032PART051.pdf,pdf_serial_row_count,ok
2026,32,52,973,,,data\rolls\2026\pdfs\ac032\AC032PART052.pdf,pdf_serial_row_count,ok
2026,32,53,453,,,data\rolls\2026\pdfs\ac032\AC032PART053.pdf,pdf_serial_row_count,ok
2026,32,54,867,,,data\rolls\2026\pdfs\ac032\AC032PART054.pdf,pdf_serial_row_count,ok
2026,32,55,616,,,data\rolls\2026\pdfs\ac032\AC032PART055.pdf,pdf_serial_row_count,ok
2026,32,56,765,,,data\rolls\2026\pdfs\ac032\AC032PART056.pdf,pdf_serial_row_count,ok
2026,32,57,559,,,data\rolls\2026\pdfs\ac032\AC032PART057.pdf,pdf_serial_row_count,ok
2026,32,58,857,,,data\rolls\2026\pdfs\ac032\AC032PART058.pdf,pdf_serial_row_count,ok
2026,32,59,989,,,data\rolls\2026\pdfs\ac032\AC032PART059.pdf,pdf_serial_row_count,ok
2026,32,60,546,,,data\rolls\2026\pdfs\ac032\AC032PART060.pdf,pdf_serial_row_count,ok
2026,32,61,570,,,data\rolls\2026\pdfs\ac032\AC032PART061.pdf,pdf_serial_row_count,ok
2026,32,62,1104,,,data\rolls\2026\pdfs\ac032\AC032PART062.pdf,pdf_serial_row_count,ok
2026,32,63,721,,,data\rolls\2026\pdfs\ac032\AC032PART063.pdf,pdf_serial_row_count,ok
2026,32,64,953,,,data\rolls\2026\pdfs\ac032\AC032PART064.pdf,pdf_serial_row_count,ok
2026,32,65,747,,,data\rolls\2026\pdfs\ac032\AC032PART065.pdf,pdf_serial_row_count,ok
2026,32,66,652,,,data\rolls\2026\pdfs\ac032\AC032PART066.pdf,pdf_serial_row_count,ok
2026,32,67,822,,,data\rolls\2026\pdfs\ac032\AC032PART067.pdf,pdf_serial_row_count,ok
2026,32,68,984,,,data\rolls\2026\pdfs\ac032\AC032PART068.pdf,pdf_serial_row_count,ok
2026,32,69,1012,,,data\rolls\2026\pdfs\ac032\AC032PART069.pdf,pdf_serial_row_count,ok
2026,32,70,799,,,data\rolls\2026\pdfs\ac032\AC032PART070.pdf,pdf_serial_row_count,ok
2026,32,71,751,,,data\rolls\2026\pdfs\ac032\AC032PART071.pdf,pdf_serial_row_count,ok
2026,32,72,724,,,data\rolls\2026\pdfs\ac032\AC032PART072.pdf,pdf_serial_row_count,ok
2026,32,73,729,,,data\rolls\2026\pdfs\ac032\AC032PART073.pdf,pdf_serial_row_count,ok
2026,32,74,923,,,data\rolls\2026\pdfs\ac032\AC032PART074.pdf,pdf_serial_row_count,ok
2026,32,75,740,,,data\rolls\2026\pdfs\ac032\AC032PART075.pdf,pdf_serial_row_count,ok
2026,32,76,838,,,data\rolls\2026\pdfs\ac032\AC032PART076.pdf,pdf_serial_row_count,ok
2026,32,77,670,,,data\rolls\2026\pdfs\ac032\AC032PART077.pdf,pdf_serial_row_count,ok
2026,32,78,793,,,data\rolls\2026\pdfs\ac032\AC032PART078.pdf,pdf_serial_row_count,ok
2026,32,79,758,,,data\rolls\2026\pdfs\ac032\AC032PART079.pdf,pdf_serial_row_count,ok
2026,32,80,625,,,data\rolls\2026\pdfs\ac032\AC032PART080.pdf,pdf_serial_row_count,ok
2026,32,81,770,,,data\rolls\2026\pdfs\ac032\AC032PART081.pdf,pdf_serial_row_count,ok
2026,32,82,1004,,,data\rolls\2026\pdfs\ac032\AC032PART082.pdf,pdf_serial_row_count,ok
2026,32,83,814,,,data\rolls\2026\pdfs\ac032\AC032PART083.pdf,pdf_serial_row_count,ok
2026,32,84,613,,,data\rolls\2026\pdfs\ac032\AC032PART084.pdf,pdf_serial_row_count,ok
2026,32,85,1023,,,data\rolls\2026\pdfs\ac032\AC032PART085.pdf,pdf_serial_row_count,ok
2026,32,86,799,,,data\rolls\2026\pdfs\ac032\AC032PART086.pdf,pdf_serial_row_count,ok
2026,32,87,632,,,data\rolls\2026\pdfs\ac032\AC032PART087.pdf,pdf_serial_row_count,ok
2026,32,88,808,,,data\rolls\2026\pdfs\ac032\AC032PART088.pdf,pdf_serial_row_count,ok
2026,32,89,969,,,data\rolls\2026\pdfs\ac032\AC032PART089.pdf,pdf_serial_row_count,ok
2026,32,90,568,,,data\rolls\2026\pdfs\ac032\AC032PART090.pdf,pdf_serial_row_count,ok
2026,32,91,617,,,data\rolls\2026\pdfs\ac032\AC032PART091.pdf,pdf_serial_row_count,ok
2026,32,92,852,,,data\rolls\2026\pdfs\ac032\AC032PART092.pdf,pdf_serial_row_count,ok
2026,32,93,466,,,data\rolls\2026\pdfs\ac032\AC032PART093.pdf,pdf_serial_row_count,ok
2026,32,94,642,,,data\rolls\2026\pdfs\ac032\AC032PART094.pdf,pdf_serial_row_count,ok
2026,32,95,721,,,data\rolls\2026\pdfs\ac032\AC032PART095.pdf,pdf_serial_row_count,ok
2026,32,96,855,,,data\rolls\2026\pdfs\ac032\AC032PART096.pdf,pdf_serial_row_count,ok
2026,32,97,553,,,data\rolls\2026\pdfs\ac032\AC032PART097.pdf,pdf_serial_row_count,ok
2026,32,98,687,,,data\rolls\2026\pdfs\ac032\AC032PART098.pdf,pdf_serial_row_count,ok
2026,32,99,594,,,data\rolls\2026\pdfs\ac032\AC032PART099.pdf,pdf_serial_row_count,ok
2026,32,100,594,,,data\rolls\2026\pdfs\ac032\AC032PART100.pdf,pdf_serial_row_count,ok
2026,32,101,583,,,data\rolls\2026\pdfs\ac032\AC032PART101.pdf,pdf_serial_row_count,ok
2026,32,102,961,,,data\rolls\2026\pdfs\ac032\AC032PART102.pdf,pdf_serial_row_count,ok
2026,32,103,916,,,data\rolls\2026\pdfs\ac032\AC032PART103.pdf,pdf_serial_row_count,ok
2026,32,104,981,,,data\rolls\2026\pdfs\ac032\AC032PART104.pdf,pdf_serial_row_count,ok
2026,32,105,550,,,data\rolls\2026\pdfs\ac032\AC032PART105.pdf,pdf_serial_row_count,ok
2026,32,106,746,,,data\rolls\2026\pdfs\ac032\AC032PART106.pdf,pdf_serial_row_count,ok
2026,32,107,1038,,,data\rolls\2026\pdfs\ac032\AC032PART107.pdf,pdf_serial_row_count,ok
2026,32,108,814,,,data\rolls\2026\pdfs\ac032\AC032PART108.pdf,pdf_serial_row_count,ok
2026,32,109,614,,,data\rolls\2026\pdfs\ac032\AC032PART109.pdf,pdf_serial_row_count,ok
2026,32,110,579,,,data\rolls\2026\pdfs\ac032\AC032PART110.pdf,pdf_serial_row_count,ok
2026,32,111,756,,,data\rolls\2026\pdfs\ac032\AC032PART111.pdf,pdf_serial_row_count,ok
2026,32,112,819,,,data\rolls\2026\pdfs\ac032\AC032PART112.pdf,pdf_serial_row_count,ok
2026,32,113,596,,,data\rolls\2026\pdfs\ac032\AC032PART113.pdf,pdf_serial_row_count,ok
2026,32,114,978,,,data\rolls\2026\pdfs\ac032\AC032PART114.pdf,pdf_serial_row_count,ok
2026,32,115,616,,,data\rolls\2026\pdfs\ac032\AC032PART115.pdf,pdf_serial_row_count,ok
2026,32,116,642,,,data\rolls\2026\pdfs\ac032\AC032PART116.pdf,pdf_serial_row_count,ok
2026,32,117,865,,,data\rolls\2026\pdfs\ac032\AC032PART117.pdf,pdf_serial_row_count,ok
2026,32,118,623,,,data\rolls\2026\pdfs\ac032\AC032PART118.pdf,pdf_serial_row_count,ok
2026,32,119,862,,,data\rolls\2026\pdfs\ac032\AC032PART119.pdf,pdf_serial_row_count,ok
2026,32,120,579,,,data\rolls\2026\pdfs\ac032\AC032PART120.pdf,pdf_serial_row_count,ok
2026,32,121,738,,,data\rolls\2026\pdfs\ac032\AC032PART121.pdf,pdf_serial_row_count,ok
2026,32,122,619,,,data\rolls\2026\pdfs\ac032\AC032PART122.pdf,pdf_serial_row_count,ok
2026,32,123,593,,,data\rolls\2026\pdfs\ac032\AC032PART123.pdf,pdf_serial_row_count,ok
2026,32,124,586,,,data\rolls\2026\pdfs\ac032\AC032PART124.pdf,pdf_serial_row_count,ok
2026,32,125,597,,,data\rolls\2026\pdfs\ac032\AC032PART125.pdf,pdf_serial_row_count,ok
2026,32,126,944,,,data\rolls\2026\pdfs\ac032\AC032PART126.pdf,pdf_serial_row_count,ok
2026,32,127,487,,,data\rolls\2026\pdfs\ac032\AC032PART127.pdf,pdf_serial_row_count,ok
2026,32,128,662,,,data\rolls\2026\pdfs\ac032\AC032PART128.pdf,pdf_serial_row_count,ok
2026,32,129,652,,,data\rolls\2026\pdfs\ac032\AC032PART129.pdf,pdf_serial_row_count,ok
2026,32,130,755,,,data\rolls\2026\pdfs\ac032\AC032PART130.pdf,pdf_serial_row_count,ok
2026,32,131,567,,,data\rolls\2026\pdfs\ac032\AC032PART131.pdf,pdf_serial_row_count,ok
2026,32,132,637,,,data\rolls\2026\pdfs\ac032\AC032PART132.pdf,pdf_serial_row_count,ok
2026,32,133,559,,,data\rolls\2026\pdfs\ac032\AC032PART133.pdf,pdf_serial_row_count,ok
2026,32,134,551,,,data\rolls\2026\pdfs\ac032\AC032PART134.pdf,pdf_serial_row_count,ok
2026,32,135,978,,,data\rolls\2026\pdfs\ac032\AC032PART135.pdf,pdf_serial_row_count,ok
2026,32,136,703,,,data\rolls\2026\pdfs\ac032\AC032PART136.pdf,pdf_serial_row_count,ok
2026,32,137,726,,,data\rolls\2026\pdfs\ac032\AC032PART137.pdf,pdf_serial_row_count,ok
2026,32,138,567,,,data\rolls\2026\pdfs\ac032\AC032PART138.pdf,pdf_serial_row_count,ok
2026,32,139,643,,,data\rolls\2026\pdfs\ac032\AC032PART139.pdf,pdf_serial_row_count,ok
2026,32,140,795,,,data\rolls\2026\pdfs\ac032\AC032PART140.pdf,pdf_serial_row_count,ok
2026,32,141,777,,,data\rolls\2026\pdfs\ac032\AC032PART141.pdf,pdf_serial_row_count,ok
2026,32,142,609,,,data\rolls\2026\pdfs\ac032\AC032PART142.pdf,pdf_serial_row_count,ok
2026,32,143,556,,,data\rolls\2026\pdfs\ac032\AC032PART143.pdf,pdf_serial_row_count,ok
2026,32,144,497,,,data\rolls\2026\pdfs\ac032\AC032PART144.pdf,pdf_serial_row_count,ok
2026,32,145,513,,,data\rolls\2026\pdfs\ac032\AC032PART145.pdf,pdf_serial_row_count,ok
2026,32,146,416,,,data\rolls\2026\pdfs\ac032\AC032PART146.pdf,pdf_serial_row_count,ok
2026,32,147,756,,,data\rolls\2026\pdfs\ac032\AC032PART147.pdf,pdf_serial_row_count,ok
2026,32,148,697,,,data\rolls\2026\pdfs\ac032\AC032PART148.pdf,pdf_serial_row_count,ok
2026,32,149,573,,,data\rolls\2026\pdfs\ac032\AC032PART149.pdf,pdf_serial_row_count,ok
2026,32,150,660,,,data\rolls\2026\pdfs\ac032\AC032PART150.pdf,pdf_serial_row_count,ok
2026,32,151,909,,,data\rolls\2026\pdfs\ac032\AC032PART151.pdf,pdf_serial_row_count,ok
2026,32,152,883,,,data\rolls\2026\pdfs\ac032\AC032PART152.pdf,pdf_serial_row_count,ok
2026,32,153,806,,,data\rolls\2026\pdfs\ac032\AC032PART153.pdf,pdf_serial_row_count,ok
2026,32,154,394,,,data\rolls\2026\pdfs\ac032\AC032PART154.pdf,pdf_serial_row_count,ok
2026,32,155,791,,,data\rolls\2026\pdfs\ac032\AC032PART155.pdf,pdf_serial_row_count,ok
2026,32,156,714,,,data\rolls\2026\pdfs\ac032\AC032PART156.pdf,pdf_serial_row_count,ok
2026,32,157,541,,,data\rolls\2026\pdfs\ac032\AC032PART157.pdf,pdf_serial_row_count,ok
2026,32,158,1049,,,data\rolls\2026\pdfs\ac032\AC032PART158.pdf,pdf_serial_row_count,ok
2026,32,159,775,,,data\rolls\2026\pdfs\ac032\AC032PART159.pdf,pdf_serial_row_count,ok
2026,32,160,632,,,data\rolls\2026\pdfs\ac032\AC032PART160.pdf,pdf_serial_row_count,ok
2026,32,161,786,,,data\rolls\2026\pdfs\ac032\AC032PART161.pdf,pdf_serial_row_count,ok
2026,32,162,703,,,data\rolls\2026\pdfs\ac032\AC032PART162.pdf,pdf_serial_row_count,ok
2026,32,163,701,,,data\rolls\2026\pdfs\ac032\AC032PART163.pdf,pdf_serial_row_count,ok
2026,32,164,603,,,data\rolls\2026\pdfs\ac032\AC032PART164.pdf,pdf_serial_row_count,ok
2026,32,165,747,,,data\rolls\2026\pdfs\ac032\AC032PART165.pdf,pdf_serial_row_count,ok
2026,32,166,411,,,data\rolls\2026\pdfs\ac032\AC032PART166.pdf,pdf_serial_row_count,ok
2026,32,167,730,,,data\rolls\2026\pdfs\ac032\AC032PART167.pdf,pdf_serial_row_count,ok
2026,32,168,564,,,data\rolls\2026\pdfs\ac032\AC032PART168.pdf,pdf_serial_row_count,ok
2026,32,169,513,,,data\rolls\2026\pdfs\ac032\AC032PART169.pdf,pdf_serial_row_count,ok
2026,32,170,638,,,data\rolls\2026\pdfs\ac032\AC032PART170.pdf,pdf_serial_row_count,ok
2026,32,171,648,,,data\rolls\2026\pdfs\ac032\AC032PART171.pdf,pdf_serial_row_count,ok
2026,32,172,520,,,data\rolls\2026\pdfs\ac032\AC032PART172.pdf,pdf_serial_row_count,ok
2026,32,173,649,,,data\rolls\2026\pdfs\ac032\AC032PART173.pdf,pdf_serial_row_count,ok
2026,32,174,527,,,data\rolls\2026\pdfs\ac032\AC032PART174.pdf,pdf_serial_row_count,ok
2026,32,175,568,,,data\rolls\2026\pdfs\ac032\AC032PART175.pdf,pdf_serial_row_count,ok
2026,32,176,680,,,data\rolls\2026\pdfs\ac032\AC032PART176.pdf,pdf_serial_row_count,ok
2026,32,177,674,,,data\rolls\2026\pdfs\ac032\AC032PART177.pdf,pdf_serial_row_count,ok
2026,32,178,615,,,data\rolls\2026\pdfs\ac032\AC032PART178.pdf,pdf_serial_row_count,ok
2026,32,179,561,,,data\rolls\2026\pdfs\ac032\AC032PART179.pdf,pdf_serial_row_count,ok
2026,32,180,603,,,data\rolls\2026\pdfs\ac032\AC032PART180.pdf,pdf_serial_row_count,ok
2026,32,181,1028,,,data\rolls\2026\pdfs\ac032\AC032PART181.pdf,pdf_serial_row_count,ok
2026,32,182,544,,,data\rolls\2026\pdfs\ac032\AC032PART182.pdf,pdf_serial_row_count,ok
2026,32,183,559,,,data\rolls\2026\pdfs\ac032\AC032PART183.pdf,pdf_serial_row_count,ok
2026,32,184,828,,,data\rolls\2026\pdfs\ac032\AC032PART184.pdf,pdf_serial_row_count,ok
2026,32,185,999,,,data\rolls\2026\pdfs\ac032\AC032PART185.pdf,pdf_serial_row_count,ok
2026,32,186,773,,,data\rolls\2026\pdfs\ac032\AC032PART186.pdf,pdf_serial_row_count,ok
2026,32,187,384,,,data\rolls\2026\pdfs\ac032\AC032PART187.pdf,pdf_serial_row_count,ok
2026,32,188,1024,,,data\rolls\2026\pdfs\ac032\AC032PART188.pdf,pdf_serial_row_count,ok
2026,32,189,815,,,data\rolls\2026\pdfs\ac032\AC032PART189.pdf,pdf_serial_row_count,ok
2026,32,190,913,,,data\rolls\2026\pdfs\ac032\AC032PART190.pdf,pdf_serial_row_count,ok
2026,32,191,988,,,data\rolls\2026\pdfs\ac032\AC032PART191.pdf,pdf_serial_row_count,ok
2026,32,192,867,,,data\rolls\2026\pdfs\ac032\AC032PART192.pdf,pdf_serial_row_count,ok
2026,32,193,856,,,data\rolls\2026\pdfs\ac032\AC032PART193.pdf,pdf_serial_row_count,ok
2026,32,194,625,,,data\rolls\2026\pdfs\ac032\AC032PART194.pdf,pdf_serial_row_count,ok
2026,32,195,671,,,data\rolls\2026\pdfs\ac032\AC032PART195.pdf,pdf_serial_row_count,ok
2026,32,196,862,,,data\rolls\2026\pdfs\ac032\AC032PART196.pdf,pdf_serial_row_count,ok
2026,32,197,725,,,data\rolls\2026\pdfs\ac032\AC032PART197.pdf,pdf_serial_row_count,ok
2026,32,198,680,,,data\rolls\2026\pdfs\ac032\AC032PART198.pdf,pdf_serial_row_count,ok
2026,32,199,706,,,data\rolls\2026\pdfs\ac032\AC032PART199.pdf,pdf_serial_row_count,ok
2026,32,200,964,,,data\rolls\2026\pdfs\ac032\AC032PART200.pdf,pdf_serial_row_count,ok
2026,32,201,842,,,data\rolls\2026\pdfs\ac032\AC032PART201.pdf,pdf_serial_row_count,ok
2026,32,202,484,,,data\rolls\2026\pdfs\ac032\AC032PART202.pdf,pdf_serial_row_count,ok
2026,32,203,569,,,data\rolls\2026\pdfs\ac032\AC032PART203.pdf,pdf_serial_row_count,ok
2026,32,204,708,,,data\rolls\2026\pdfs\ac032\AC032PART204.pdf,pdf_serial_row_count,ok
2026,32,205,740,,,data\rolls\2026\pdfs\ac032\AC032PART205.pdf,pdf_serial_row_count,ok
2026,32,206,774,,,data\rolls\2026\pdfs\ac032\AC032PART206.pdf,pdf_serial_row_count,ok
2026,32,207,474,,,data\rolls\2026\pdfs\ac032\AC032PART207.pdf,pdf_serial_row_count,ok
2026,32,208,749,,,data\rolls\2026\pdfs\ac032\AC032PART208.pdf,pdf_serial_row_count,ok
2026,32,209,1047,,,data\rolls\2026\pdfs\ac032\AC032PART209.pdf,pdf_serial_row_count,ok
2026,32,210,894,,,data\rolls\2026\pdfs\ac032\AC032PART210.pdf,pdf_serial_row_count,ok
2026,32,211,644,,,data\rolls\2026\pdfs\ac032\AC032PART211.pdf,pdf_serial_row_count,ok
2026,32,212,695,,,data\rolls\2026\pdfs\ac032\AC032PART212.pdf,pdf_serial_row_count,ok
2026,32,213,512,,,data\rolls\2026\pdfs\ac032\AC032PART213.pdf,pdf_serial_row_count,ok
2026,32,214,626,,,data\rolls\2026\pdfs\ac032\AC032PART214.pdf,pdf_serial_row_count,ok
2026,32,215,768,,,data\rolls\2026\pdfs\ac032\AC032PART215.pdf,pdf_serial_row_count,ok
2026,32,216,699,,,data\rolls\2026\pdfs\ac032\AC032PART216.pdf,pdf_serial_row_count,ok
2026,32,217,579,,,data\rolls\2026\pdfs\ac032\AC032PART217.pdf,pdf_serial_row_count,ok
2026,33,1,776,,,data\rolls\2026\pdfs\ac033\AC033PART001.pdf,pdf_serial_row_count,ok
2026,33,2,666,,,data\rolls\2026\pdfs\ac033\AC033PART002.pdf,pdf_serial_row_count,ok
2026,33,3,702,,,data\rolls\2026\pdfs\ac033\AC033PART003.pdf,pdf_serial_row_count,ok
2026,33,4,656,,,data\rolls\2026\pdfs\ac033\AC033PART004.pdf,pdf_serial_row_count,ok
2026,33,5,901,,,data\rolls\2026\pdfs\ac033\AC033PART005.pdf,pdf_serial_row_count,ok
2026,33,6,688,,,data\rolls\2026\pdfs\ac033\AC033PART006.pdf,pdf_serial_row_count,ok
2026,33,7,486,,,data\rolls\2026\pdfs\ac033\AC033PART007.pdf,pdf_serial_row_count,ok
2026,33,8,711,,,data\rolls\2026\pdfs\ac033\AC033PART008.pdf,pdf_serial_row_count,ok
2026,33,9,703,,,data\rolls\2026\pdfs\ac033\AC033PART009.pdf,pdf_serial_row_count,ok
2026,33,10,714,,,data\rolls\2026\pdfs\ac033\AC033PART010.pdf,pdf_serial_row_count,ok
2026,33,11,659,,,data\rolls\2026\pdfs\ac033\AC033PART011.pdf,pdf_serial_row_count,ok
2026,33,12,594,,,data\rolls\2026\pdfs\ac033\AC033PART012.pdf,pdf_serial_row_count,ok
2026,33,13,686,,,data\rolls\2026\pdfs\ac033\AC033PART013.pdf,pdf_serial_row_count,ok
2026,33,14,630,,,data\rolls\2026\pdfs\ac033\AC033PART014.pdf,pdf_serial_row_count,ok
2026,33,15,675,,,data\rolls\2026\pdfs\ac033\AC033PART015.pdf,pdf_serial_row_count,ok
2026,33,16,669,,,data\rolls\2026\pdfs\ac033\AC033PART016.pdf,pdf_serial_row_count,ok
2026,33,17,481,,,data\rolls\2026\pdfs\ac033\AC033PART017.pdf,pdf_serial_row_count,ok
2026,33,18,701,,,data\rolls\2026\pdfs\ac033\AC033PART018.pdf,pdf_serial_row_count,ok
2026,33,19,455,,,data\rolls\2026\pdfs\ac033\AC033PART019.pdf,pdf_serial_row_count,ok
2026,33,20,713,,,data\rolls\2026\pdfs\ac033\AC033PART020.pdf,pdf_serial_row_count,ok
2026,33,21,768,,,data\rolls\2026\pdfs\ac033\AC033PART021.pdf,pdf_serial_row_count,ok
2026,33,22,878,,,data\rolls\2026\pdfs\ac033\AC033PART022.pdf,pdf_serial_row_count,ok
2026,33,23,948,,,data\rolls\2026\pdfs\ac033\AC033PART023.pdf,pdf_serial_row_count,ok
2026,33,24,901,,,data\rolls\2026\pdfs\ac033\AC033PART024.pdf,pdf_serial_row_count,ok
2026,33,25,511,,,data\rolls\2026\pdfs\ac033\AC033PART025.pdf,pdf_serial_row_count,ok
2026,33,26,485,,,data\rolls\2026\pdfs\ac033\AC033PART026.pdf,pdf_serial_row_count,ok
2026,33,27,552,,,data\rolls\2026\pdfs\ac033\AC033PART027.pdf,pdf_serial_row_count,ok
2026,33,28,461,,,data\rolls\2026\pdfs\ac033\AC033PART028.pdf,pdf_serial_row_count,ok
2026,33,29,923,,,data\rolls\2026\pdfs\ac033\AC033PART029.pdf,pdf_serial_row_count,ok
2026,33,30,542,,,data\rolls\2026\pdfs\ac033\AC033PART030.pdf,pdf_serial_row_count,ok
2026,33,31,402,,,data\rolls\2026\pdfs\ac033\AC033PART031.pdf,pdf_serial_row_count,ok
2026,33,32,924,,,data\rolls\2026\pdfs\ac033\AC033PART032.pdf,pdf_serial_row_count,ok
2026,33,33,917,,,data\rolls\2026\pdfs\ac033\AC033PART033.pdf,pdf_serial_row_count,ok
2026,33,34,995,,,data\rolls\2026\pdfs\ac033\AC033PART034.pdf,pdf_serial_row_count,ok
2026,33,35,825,,,data\rolls\2026\pdfs\ac033\AC033PART035.pdf,pdf_serial_row_count,ok
2026,33,36,699,,,data\rolls\2026\pdfs\ac033\AC033PART036.pdf,pdf_serial_row_count,ok
2026,33,37,345,,,data\rolls\2026\pdfs\ac033\AC033PART037.pdf,pdf_serial_row_count,ok
2026,33,38,450,,,data\rolls\2026\pdfs\ac033\AC033PART038.pdf,pdf_serial_row_count,ok
2026,33,39,623,,,data\rolls\2026\pdfs\ac033\AC033PART039.pdf,pdf_serial_row_count,ok
2026,33,40,537,,,data\rolls\2026\pdfs\ac033\AC033PART040.pdf,pdf_serial_row_count,ok
2026,33,41,504,,,data\rolls\2026\pdfs\ac033\AC033PART041.pdf,pdf_serial_row_count,ok
2026,33,42,942,,,data\rolls\2026\pdfs\ac033\AC033PART042.pdf,pdf_serial_row_count,ok
2026,33,43,875,,,data\rolls\2026\pdfs\ac033\AC033PART043.pdf,pdf_serial_row_count,ok
2026,33,44,905,,,data\rolls\2026\pdfs\ac033\AC033PART044.pdf,pdf_serial_row_count,ok
2026,33,45,677,,,data\rolls\2026\pdfs\ac033\AC033PART045.pdf,pdf_serial_row_count,ok
2026,33,46,532,,,data\rolls\2026\pdfs\ac033\AC033PART046.pdf,pdf_serial_row_count,ok
2026,33,47,599,,,data\rolls\2026\pdfs\ac033\AC033PART047.pdf,pdf_serial_row_count,ok
2026,33,48,847,,,data\rolls\2026\pdfs\ac033\AC033PART048.pdf,pdf_serial_row_count,ok
2026,33,49,591,,,data\rolls\2026\pdfs\ac033\AC033PART049.pdf,pdf_serial_row_count,ok
2026,33,50,572,,,data\rolls\2026\pdfs\ac033\AC033PART050.pdf,pdf_serial_row_count,ok
2026,33,51,608,,,data\rolls\2026\pdfs\ac033\AC033PART051.pdf,pdf_serial_row_count,ok
2026,33,52,788,,,data\rolls\2026\pdfs\ac033\AC033PART052.pdf,pdf_serial_row_count,ok
2026,33,53,786,,,data\rolls\2026\pdfs\ac033\AC033PART053.pdf,pdf_serial_row_count,ok
2026,33,54,851,,,data\rolls\2026\pdfs\ac033\AC033PART054.pdf,pdf_serial_row_count,ok
2026,33,55,656,,,data\rolls\2026\pdfs\ac033\AC033PART055.pdf,pdf_serial_row_count,ok
2026,33,56,600,,,data\rolls\2026\pdfs\ac033\AC033PART056.pdf,pdf_serial_row_count,ok
2026,33,57,701,,,data\rolls\2026\pdfs\ac033\AC033PART057.pdf,pdf_serial_row_count,ok
2026,33,58,574,,,data\rolls\2026\pdfs\ac033\AC033PART058.pdf,pdf_serial_row_count,ok
2026,33,59,858,,,data\rolls\2026\pdfs\ac033\AC033PART059.pdf,pdf_serial_row_count,ok
2026,33,60,588,,,data\rolls\2026\pdfs\ac033\AC033PART060.pdf,pdf_serial_row_count,ok
2026,33,61,764,,,data\rolls\2026\pdfs\ac033\AC033PART061.pdf,pdf_serial_row_count,ok
2026,33,62,953,,,data\rolls\2026\pdfs\ac033\AC033PART062.pdf,pdf_serial_row_count,ok
2026,33,63,575,,,data\rolls\2026\pdfs\ac033\AC033PART063.pdf,pdf_serial_row_count,ok
2026,33,64,497,,,data\rolls\2026\pdfs\ac033\AC033PART064.pdf,pdf_serial_row_count,ok
2026,33,65,755,,,data\rolls\2026\pdfs\ac033\AC033PART065.pdf,pdf_serial_row_count,ok
2026,33,66,784,,,data\rolls\2026\pdfs\ac033\AC033PART066.pdf,pdf_serial_row_count,ok
2026,33,67,535,,,data\rolls\2026\pdfs\ac033\AC033PART067.pdf,pdf_serial_row_count,ok
2026,33,68,925,,,data\rolls\2026\pdfs\ac033\AC033PART068.pdf,pdf_serial_row_count,ok
2026,33,69,501,,,data\rolls\2026\pdfs\ac033\AC033PART069.pdf,pdf_serial_row_count,ok
2026,33,70,567,,,data\rolls\2026\pdfs\ac033\AC033PART070.pdf,pdf_serial_row_count,ok
2026,33,71,528,,,data\rolls\2026\pdfs\ac033\AC033PART071.pdf,pdf_serial_row_count,ok
2026,33,72,412,,,data\rolls\2026\pdfs\ac033\AC033PART072.pdf,pdf_serial_row_count,ok
2026,33,73,551,,,data\rolls\2026\pdfs\ac033\AC033PART073.pdf,pdf_serial_row_count,ok
2026,33,74,580,,,data\rolls\2026\pdfs\ac033\AC033PART074.pdf,pdf_serial_row_count,ok
2026,33,75,865,,,data\rolls\2026\pdfs\ac033\AC033PART075.pdf,pdf_serial_row_count,ok
2026,33,76,499,,,data\rolls\2026\pdfs\ac033\AC033PART076.pdf,pdf_serial_row_count,ok
2026,33,77,947,,,data\rolls\2026\pdfs\ac033\AC033PART077.pdf,pdf_serial_row_count,ok
2026,33,78,600,,,data\rolls\2026\pdfs\ac033\AC033PART078.pdf,pdf_serial_row_count,ok
2026,33,79,580,,,data\rolls\2026\pdfs\ac033\AC033PART079.pdf,pdf_serial_row_count,ok
2026,33,80,622,,,data\rolls\2026\pdfs\ac033\AC033PART080.pdf,pdf_serial_row_count,ok
2026,33,81,482,,,data\rolls\2026\pdfs\ac033\AC033PART081.pdf,pdf_serial_row_count,ok
2026,33,82,637,,,data\rolls\2026\pdfs\ac033\AC033PART082.pdf,pdf_serial_row_count,ok
2026,33,83,554,,,data\rolls\2026\pdfs\ac033\AC033PART083.pdf,pdf_serial_row_count,ok
2026,33,84,466,,,data\rolls\2026\pdfs\ac033\AC033PART084.pdf,pdf_serial_row_count,ok
2026,33,85,564,,,data\rolls\2026\pdfs\ac033\AC033PART085.pdf,pdf_serial_row_count,ok
2026,33,86,892,,,data\rolls\2026\pdfs\ac033\AC033PART086.pdf,pdf_serial_row_count,ok
2026,33,87,571,,,data\rolls\2026\pdfs\ac033\AC033PART087.pdf,pdf_serial_row_count,ok
2026,33,88,1037,,,data\rolls\2026\pdfs\ac033\AC033PART088.pdf,pdf_serial_row_count,ok
2026,33,89,702,,,data\rolls\2026\pdfs\ac033\AC033PART089.pdf,pdf_serial_row_count,ok
2026,33,90,405,,,data\rolls\2026\pdfs\ac033\AC033PART090.pdf,pdf_serial_row_count,ok
2026,33,91,638,,,data\rolls\2026\pdfs\ac033\AC033PART091.pdf,pdf_serial_row_count,ok
2026,33,92,650,,,data\rolls\2026\pdfs\ac033\AC033PART092.pdf,pdf_serial_row_count,ok
2026,33,93,456,,,data\rolls\2026\pdfs\ac033\AC033PART093.pdf,pdf_serial_row_count,ok
2026,33,94,730,,,data\rolls\2026\pdfs\ac033\AC033PART094.pdf,pdf_serial_row_count,ok
2026,33,95,803,,,data\rolls\2026\pdfs\ac033\AC033PART095.pdf,pdf_serial_row_count,ok
2026,33,96,1010,,,data\rolls\2026\pdfs\ac033\AC033PART096.pdf,pdf_serial_row_count,ok
2026,33,97,773,,,data\rolls\2026\pdfs\ac033\AC033PART097.pdf,pdf_serial_row_count,ok
2026,33,98,617,,,data\rolls\2026\pdfs\ac033\AC033PART098.pdf,pdf_serial_row_count,ok
2026,33,99,867,,,data\rolls\2026\pdfs\ac033\AC033PART099.pdf,pdf_serial_row_count,ok
2026,33,100,899,,,data\rolls\2026\pdfs\ac033\AC033PART100.pdf,pdf_serial_row_count,ok
2026,33,101,557,,,data\rolls\2026\pdfs\ac033\AC033PART101.pdf,pdf_serial_row_count,ok
2026,33,102,1135,,,data\rolls\2026\pdfs\ac033\AC033PART102.pdf,pdf_serial_row_count,ok
2026,33,103,998,,,data\rolls\2026\pdfs\ac033\AC033PART103.pdf,pdf_serial_row_count,ok
2026,33,104,595,,,data\rolls\2026\pdfs\ac033\AC033PART104.pdf,pdf_serial_row_count,ok
2026,33,105,886,,,data\rolls\2026\pdfs\ac033\AC033PART105.pdf,pdf_serial_row_count,ok
2026,33,106,810,,,data\rolls\2026\pdfs\ac033\AC033PART106.pdf,pdf_serial_row_count,ok
2026,33,107,537,,,data\rolls\2026\pdfs\ac033\AC033PART107.pdf,pdf_serial_row_count,ok
2026,33,108,814,,,data\rolls\2026\pdfs\ac033\AC033PART108.pdf,pdf_serial_row_count,ok
2026,33,109,800,,,data\rolls\2026\pdfs\ac033\AC033PART109.pdf,pdf_serial_row_count,ok
2026,33,110,534,,,data\rolls\2026\pdfs\ac033\AC033PART110.pdf,pdf_serial_row_count,ok
2026,33,111,670,,,data\rolls\2026\pdfs\ac033\AC033PART111.pdf,pdf_serial_row_count,ok
2026,33,112,981,,,data\rolls\2026\pdfs\ac033\AC033PART112.pdf,pdf_serial_row_count,ok
2026,33,113,748,,,data\rolls\2026\pdfs\ac033\AC033PART113.pdf,pdf_serial_row_count,ok
2026,33,114,1117,,,data\rolls\2026\pdfs\ac033\AC033PART114.pdf,pdf_serial_row_count,ok
2026,33,115,932,,,data\rolls\2026\pdfs\ac033\AC033PART115.pdf,pdf_serial_row_count,ok
2026,33,116,1186,,,data\rolls\2026\pdfs\ac033\AC033PART116.pdf,pdf_serial_row_count,ok
2026,33,117,571,,,data\rolls\2026\pdfs\ac033\AC033PART117.pdf,pdf_serial_row_count,ok
2026,33,118,652,,,data\rolls\2026\pdfs\ac033\AC033PART118.pdf,pdf_serial_row_count,ok
2026,33,119,585,,,data\rolls\2026\pdfs\ac033\AC033PART119.pdf,pdf_serial_row_count,ok
2026,33,120,539,,,data\rolls\2026\pdfs\ac033\AC033PART120.pdf,pdf_serial_row_count,ok
2026,33,121,744,,,data\rolls\2026\pdfs\ac033\AC033PART121.pdf,pdf_serial_row_count,ok
2026,33,122,659,,,data\rolls\2026\pdfs\ac033\AC033PART122.pdf,pdf_serial_row_count,ok
2026,33,123,1013,,,data\rolls\2026\pdfs\ac033\AC033PART123.pdf,pdf_serial_row_count,ok
2026,33,124,395,,,data\rolls\2026\pdfs\ac033\AC033PART124.pdf,pdf_serial_row_count,ok
2026,33,125,808,,,data\rolls\2026\pdfs\ac033\AC033PART125.pdf,pdf_serial_row_count,ok
2026,33,126,809,,,data\rolls\2026\pdfs\ac033\AC033PART126.pdf,pdf_serial_row_count,ok
2026,33,127,975,,,data\rolls\2026\pdfs\ac033\AC033PART127.pdf,pdf_serial_row_count,ok
2026,33,128,777,,,data\rolls\2026\pdfs\ac033\AC033PART128.pdf,pdf_serial_row_count,ok
2026,33,129,427,,,data\rolls\2026\pdfs\ac033\AC033PART129.pdf,pdf_serial_row_count,ok
2026,33,130,605,,,data\rolls\2026\pdfs\ac033\AC033PART130.pdf,pdf_serial_row_count,ok
2026,33,131,563,,,data\rolls\2026\pdfs\ac033\AC033PART131.pdf,pdf_serial_row_count,ok
2026,33,132,987,,,data\rolls\2026\pdfs\ac033\AC033PART132.pdf,pdf_serial_row_count,ok
2026,33,133,915,,,data\rolls\2026\pdfs\ac033\AC033PART133.pdf,pdf_serial_row_count,ok
2026,33,134,888,,,data\rolls\2026\pdfs\ac033\AC033PART134.pdf,pdf_serial_row_count,ok
2026,33,135,1023,,,data\rolls\2026\pdfs\ac033\AC033PART135.pdf,pdf_serial_row_count,ok
2026,33,136,897,,,data\rolls\2026\pdfs\ac033\AC033PART136.pdf,pdf_serial_row_count,ok
2026,33,137,785,,,data\rolls\2026\pdfs\ac033\AC033PART137.pdf,pdf_serial_row_count,ok
2026,33,138,491,,,data\rolls\2026\pdfs\ac033\AC033PART138.pdf,pdf_serial_row_count,ok
2026,33,139,740,,,data\rolls\2026\pdfs\ac033\AC033PART139.pdf,pdf_serial_row_count,ok
2026,33,140,538,,,data\rolls\2026\pdfs\ac033\AC033PART140.pdf,pdf_serial_row_count,ok
2026,33,141,740,,,data\rolls\2026\pdfs\ac033\AC033PART141.pdf,pdf_serial_row_count,ok
2026,33,142,401,,,data\rolls\2026\pdfs\ac033\AC033PART142.pdf,pdf_serial_row_count,ok
2026,33,143,804,,,data\rolls\2026\pdfs\ac033\AC033PART143.pdf,pdf_serial_row_count,ok
2026,33,144,1032,,,data\rolls\2026\pdfs\ac033\AC033PART144.pdf,pdf_serial_row_count,ok
2026,33,145,978,,,data\rolls\2026\pdfs\ac033\AC033PART145.pdf,pdf_serial_row_count,ok
2026,33,146,1030,,,data\rolls\2026\pdfs\ac033\AC033PART146.pdf,pdf_serial_row_count,ok
2026,33,147,737,,,data\rolls\2026\pdfs\ac033\AC033PART147.pdf,pdf_serial_row_count,ok
2026,33,148,573,,,data\rolls\2026\pdfs\ac033\AC033PART148.pdf,pdf_serial_row_count,ok
2026,33,149,625,,,data\rolls\2026\pdfs\ac033\AC033PART149.pdf,pdf_serial_row_count,ok
2026,33,150,655,,,data\rolls\2026\pdfs\ac033\AC033PART150.pdf,pdf_serial_row_count,ok
2026,33,151,645,,,data\rolls\2026\pdfs\ac033\AC033PART151.pdf,pdf_serial_row_count,ok
2026,33,152,884,,,data\rolls\2026\pdfs\ac033\AC033PART152.pdf,pdf_serial_row_count,ok
2026,33,153,1082,,,data\rolls\2026\pdfs\ac033\AC033PART153.pdf,pdf_serial_row_count,ok
2026,33,154,824,,,data\rolls\2026\pdfs\ac033\AC033PART154.pdf,pdf_serial_row_count,ok
2026,33,155,586,,,data\rolls\2026\pdfs\ac033\AC033PART155.pdf,pdf_serial_row_count,ok
2026,33,156,935,,,data\rolls\2026\pdfs\ac033\AC033PART156.pdf,pdf_serial_row_count,ok
2026,33,157,676,,,data\rolls\2026\pdfs\ac033\AC033PART157.pdf,pdf_serial_row_count,ok
2026,33,158,746,,,data\rolls\2026\pdfs\ac033\AC033PART158.pdf,pdf_serial_row_count,ok
2026,33,159,1074,,,data\rolls\2026\pdfs\ac033\AC033PART159.pdf,pdf_serial_row_count,ok
2026,33,160,996,,,data\rolls\2026\pdfs\ac033\AC033PART160.pdf,pdf_serial_row_count,ok
2026,33,161,1043,,,data\rolls\2026\pdfs\ac033\AC033PART161.pdf,pdf_serial_row_count,ok
2026,33,162,1100,,,data\rolls\2026\pdfs\ac033\AC033PART162.pdf,pdf_serial_row_count,ok
2026,33,163,905,,,data\rolls\2026\pdfs\ac033\AC033PART163.pdf,pdf_serial_row_count,ok
2026,33,164,882,,,data\rolls\2026\pdfs\ac033\AC033PART164.pdf,pdf_serial_row_count,ok
2026,33,165,546,,,data\rolls\2026\pdfs\ac033\AC033PART165.pdf,pdf_serial_row_count,ok
2026,33,166,609,,,data\rolls\2026\pdfs\ac033\AC033PART166.pdf,pdf_serial_row_count,ok
2026,33,167,842,,,data\rolls\2026\pdfs\ac033\AC033PART167.pdf,pdf_serial_row_count,ok
2026,33,168,400,,,data\rolls\2026\pdfs\ac033\AC033PART168.pdf,pdf_serial_row_count,ok
2026,33,169,993,,,data\rolls\2026\pdfs\ac033\AC033PART169.pdf,pdf_serial_row_count,ok
2026,33,170,878,,,data\rolls\2026\pdfs\ac033\AC033PART170.pdf,pdf_serial_row_count,ok
2026,33,171,934,,,data\rolls\2026\pdfs\ac033\AC033PART171.pdf,pdf_serial_row_count,ok
2026,33,172,918,,,data\rolls\2026\pdfs\ac033\AC033PART172.pdf,pdf_serial_row_count,ok
2026,33,173,1185,,,data\rolls\2026\pdfs\ac033\AC033PART173.pdf,pdf_serial_row_count,ok
2026,33,174,1098,,,data\rolls\2026\pdfs\ac033\AC033PART174.pdf,pdf_serial_row_count,ok
2026,33,175,557,,,data\rolls\2026\pdfs\ac033\AC033PART175.pdf,pdf_serial_row_count,ok
2026,33,176,435,,,data\rolls\2026\pdfs\ac033\AC033PART176.pdf,pdf_serial_row_count,ok
2026,33,177,439,,,data\rolls\2026\pdfs\ac033\AC033PART177.pdf,pdf_serial_row_count,ok
2026,33,178,683,,,data\rolls\2026\pdfs\ac033\AC033PART178.pdf,pdf_serial_row_count,ok
2026,33,179,898,,,data\rolls\2026\pdfs\ac033\AC033PART179.pdf,pdf_serial_row_count,ok
2026,33,180,1072,,,data\rolls\2026\pdfs\ac033\AC033PART180.pdf,pdf_serial_row_count,ok
2026,33,181,633,,,data\rolls\2026\pdfs\ac033\AC033PART181.pdf,pdf_serial_row_count,ok
2026,33,182,535,,,data\rolls\2026\pdfs\ac033\AC033PART182.pdf,pdf_serial_row_count,ok
2026,33,183,648,,,data\rolls\2026\pdfs\ac033\AC033PART183.pdf,pdf_serial_row_count,ok
2026,33,184,454,,,data\rolls\2026\pdfs\ac033\AC033PART184.pdf,pdf_serial_row_count,ok
2026,33,185,593,,,data\rolls\2026\pdfs\ac033\AC033PART185.pdf,pdf_serial_row_count,ok
2026,33,186,508,,,data\rolls\2026\pdfs\ac033\AC033PART186.pdf,pdf_serial_row_count,ok
2026,33,187,512,,,data\rolls\2026\pdfs\ac033\AC033PART187.pdf,pdf_serial_row_count,ok
2026,33,188,593,,,data\rolls\2026\pdfs\ac033\AC033PART188.pdf,pdf_serial_row_count,ok
2026,33,189,698,,,data\rolls\2026\pdfs\ac033\AC033PART189.pdf,pdf_serial_row_count,ok
2026,33,190,503,,,data\rolls\2026\pdfs\ac033\AC033PART190.pdf,pdf_serial_row_count,ok
2026,33,191,556,,,data\rolls\2026\pdfs\ac033\AC033PART191.pdf,pdf_serial_row_count,ok
2026,33,192,591,,,data\rolls\2026\pdfs\ac033\AC033PART192.pdf,pdf_serial_row_count,ok
2026,33,193,639,,,data\rolls\2026\pdfs\ac033\AC033PART193.pdf,pdf_serial_row_count,ok
2026,33,194,641,,,data\rolls\2026\pdfs\ac033\AC033PART194.pdf,pdf_serial_row_count,ok
2026,33,195,534,,,data\rolls\2026\pdfs\ac033\AC033PART195.pdf,pdf_serial_row_count,ok
2026,33,196,684,,,data\rolls\2026\pdfs\ac033\AC033PART196.pdf,pdf_serial_row_count,ok
2026,33,197,953,,,data\rolls\2026\pdfs\ac033\AC033PART197.pdf,pdf_serial_row_count,ok
2026,33,198,714,,,data\rolls\2026\pdfs\ac033\AC033PART198.pdf,pdf_serial_row_count,ok
2026,33,199,603,,,data\rolls\2026\pdfs\ac033\AC033PART199.pdf,pdf_serial_row_count,ok
2026,33,200,1070,,,data\rolls\2026\pdfs\ac033\AC033PART200.pdf,pdf_serial_row_count,ok
2026,33,201,1010,,,data\rolls\2026\pdfs\ac033\AC033PART201.pdf,pdf_serial_row_count,ok
2026,33,202,1059,,,data\rolls\2026\pdfs\ac033\AC033PART202.pdf,pdf_serial_row_count,ok
2026,33,203,1131,,,data\rolls\2026\pdfs\ac033\AC033PART203.pdf,pdf_serial_row_count,ok
2026,33,204,1004,,,data\rolls\2026\pdfs\ac033\AC033PART204.pdf,pdf_serial_row_count,ok
2026,33,205,570,,,data\rolls\2026\pdfs\ac033\AC033PART205.pdf,pdf_serial_row_count,ok
2026,33,206,638,,,data\rolls\2026\pdfs\ac033\AC033PART206.pdf,pdf_serial_row_count,ok
2026,34,1,809,,,data\rolls\2026\pdfs\ac034\AC034PART001.pdf,pdf_serial_row_count,ok
2026,34,2,715,,,data\rolls\2026\pdfs\ac034\AC034PART002.pdf,pdf_serial_row_count,ok
2026,34,3,1115,,,data\rolls\2026\pdfs\ac034\AC034PART003.pdf,pdf_serial_row_count,ok
2026,34,4,513,,,data\rolls\2026\pdfs\ac034\AC034PART004.pdf,pdf_serial_row_count,ok
2026,34,5,1090,,,data\rolls\2026\pdfs\ac034\AC034PART005.pdf,pdf_serial_row_count,ok
2026,34,6,653,,,data\rolls\2026\pdfs\ac034\AC034PART006.pdf,pdf_serial_row_count,ok
2026,34,7,729,,,data\rolls\2026\pdfs\ac034\AC034PART007.pdf,pdf_serial_row_count,ok
2026,34,8,512,,,data\rolls\2026\pdfs\ac034\AC034PART008.pdf,pdf_serial_row_count,ok
2026,34,9,656,,,data\rolls\2026\pdfs\ac034\AC034PART009.pdf,pdf_serial_row_count,ok
2026,34,10,749,,,data\rolls\2026\pdfs\ac034\AC034PART010.pdf,pdf_serial_row_count,ok
2026,34,11,488,,,data\rolls\2026\pdfs\ac034\AC034PART011.pdf,pdf_serial_row_count,ok
2026,34,12,769,,,data\rolls\2026\pdfs\ac034\AC034PART012.pdf,pdf_serial_row_count,ok
2026,34,13,480,,,data\rolls\2026\pdfs\ac034\AC034PART013.pdf,pdf_serial_row_count,ok
2026,34,14,812,,,data\rolls\2026\pdfs\ac034\AC034PART014.pdf,pdf_serial_row_count,ok
2026,34,15,862,,,data\rolls\2026\pdfs\ac034\AC034PART015.pdf,pdf_serial_row_count,ok
2026,34,16,699,,,data\rolls\2026\pdfs\ac034\AC034PART016.pdf,pdf_serial_row_count,ok
2026,34,17,955,,,data\rolls\2026\pdfs\ac034\AC034PART017.pdf,pdf_serial_row_count,ok
2026,34,18,489,,,data\rolls\2026\pdfs\ac034\AC034PART018.pdf,pdf_serial_row_count,ok
2026,34,19,721,,,data\rolls\2026\pdfs\ac034\AC034PART019.pdf,pdf_serial_row_count,ok
2026,34,20,890,,,data\rolls\2026\pdfs\ac034\AC034PART020.pdf,pdf_serial_row_count,ok
2026,34,21,447,,,data\rolls\2026\pdfs\ac034\AC034PART021.pdf,pdf_serial_row_count,ok
2026,34,22,508,,,data\rolls\2026\pdfs\ac034\AC034PART022.pdf,pdf_serial_row_count,ok
2026,34,23,619,,,data\rolls\2026\pdfs\ac034\AC034PART023.pdf,pdf_serial_row_count,ok
2026,34,24,678,,,data\rolls\2026\pdfs\ac034\AC034PART024.pdf,pdf_serial_row_count,ok
2026,34,25,712,,,data\rolls\2026\pdfs\ac034\AC034PART025.pdf,pdf_serial_row_count,ok
2026,34,26,829,,,data\rolls\2026\pdfs\ac034\AC034PART026.pdf,pdf_serial_row_count,ok
2026,34,27,756,,,data\rolls\2026\pdfs\ac034\AC034PART027.pdf,pdf_serial_row_count,ok
2026,34,28,895,,,data\rolls\2026\pdfs\ac034\AC034PART028.pdf,pdf_serial_row_count,ok
2026,34,29,1013,,,data\rolls\2026\pdfs\ac034\AC034PART029.pdf,pdf_serial_row_count,ok
2026,34,30,939,,,data\rolls\2026\pdfs\ac034\AC034PART030.pdf,pdf_serial_row_count,ok
2026,34,31,1132,,,data\rolls\2026\pdfs\ac034\AC034PART031.pdf,pdf_serial_row_count,ok
2026,34,32,565,,,data\rolls\2026\pdfs\ac034\AC034PART032.pdf,pdf_serial_row_count,ok
2026,34,33,902,,,data\rolls\2026\pdfs\ac034\AC034PART033.pdf,pdf_serial_row_count,ok
2026,34,34,661,,,data\rolls\2026\pdfs\ac034\AC034PART034.pdf,pdf_serial_row_count,ok
2026,34,35,801,,,data\rolls\2026\pdfs\ac034\AC034PART035.pdf,pdf_serial_row_count,ok
2026,34,36,979,,,data\rolls\2026\pdfs\ac034\AC034PART036.pdf,pdf_serial_row_count,ok
2026,34,37,1045,,,data\rolls\2026\pdfs\ac034\AC034PART037.pdf,pdf_serial_row_count,ok
2026,34,38,1066,,,data\rolls\2026\pdfs\ac034\AC034PART038.pdf,pdf_serial_row_count,ok
2026,34,39,690,,,data\rolls\2026\pdfs\ac034\AC034PART039.pdf,pdf_serial_row_count,ok
2026,34,40,922,,,data\rolls\2026\pdfs\ac034\AC034PART040.pdf,pdf_serial_row_count,ok
2026,34,41,1028,,,data\rolls\2026\pdfs\ac034\AC034PART041.pdf,pdf_serial_row_count,ok
2026,34,42,1009,,,data\rolls\2026\pdfs\ac034\AC034PART042.pdf,pdf_serial_row_count,ok
2026,34,43,561,,,data\rolls\2026\pdfs\ac034\AC034PART043.pdf,pdf_serial_row_count,ok
2026,34,44,588,,,data\rolls\2026\pdfs\ac034\AC034PART044.pdf,pdf_serial_row_count,ok
2026,34,45,755,,,data\rolls\2026\pdfs\ac034\AC034PART045.pdf,pdf_serial_row_count,ok
2026,34,46,584,,,data\rolls\2026\pdfs\ac034\AC034PART046.pdf,pdf_serial_row_count,ok
2026,34,47,617,,,data\rolls\2026\pdfs\ac034\AC034PART047.pdf,pdf_serial_row_count,ok
2026,34,48,625,,,data\rolls\2026\pdfs\ac034\AC034PART048.pdf,pdf_serial_row_count,ok
2026,34,49,797,,,data\rolls\2026\pdfs\ac034\AC034PART049.pdf,pdf_serial_row_count,ok
2026,34,50,817,,,data\rolls\2026\pdfs\ac034\AC034PART050.pdf,pdf_serial_row_count,ok
2026,34,51,388,,,data\rolls\2026\pdfs\ac034\AC034PART051.pdf,pdf_serial_row_count,ok
2026,34,52,922,,,data\rolls\2026\pdfs\ac034\AC034PART052.pdf,pdf_serial_row_count,ok
2026,34,53,782,,,data\rolls\2026\pdfs\ac034\AC034PART053.pdf,pdf_serial_row_count,ok
2026,34,54,669,,,data\rolls\2026\pdfs\ac034\AC034PART054.pdf,pdf_serial_row_count,ok
2026,34,55,754,,,data\rolls\2026\pdfs\ac034\AC034PART055.pdf,pdf_serial_row_count,ok
2026,34,56,880,,,data\rolls\2026\pdfs\ac034\AC034PART056.pdf,pdf_serial_row_count,ok
2026,34,57,664,,,data\rolls\2026\pdfs\ac034\AC034PART057.pdf,pdf_serial_row_count,ok
2026,34,58,848,,,data\rolls\2026\pdfs\ac034\AC034PART058.pdf,pdf_serial_row_count,ok
2026,34,59,824,,,data\rolls\2026\pdfs\ac034\AC034PART059.pdf,pdf_serial_row_count,ok
2026,34,60,721,,,data\rolls\2026\pdfs\ac034\AC034PART060.pdf,pdf_serial_row_count,ok
2026,34,61,854,,,data\rolls\2026\pdfs\ac034\AC034PART061.pdf,pdf_serial_row_count,ok
2026,34,62,782,,,data\rolls\2026\pdfs\ac034\AC034PART062.pdf,pdf_serial_row_count,ok
2026,34,63,1177,,,data\rolls\2026\pdfs\ac034\AC034PART063.pdf,pdf_serial_row_count,ok
2026,34,64,1172,,,data\rolls\2026\pdfs\ac034\AC034PART064.pdf,pdf_serial_row_count,ok
2026,34,65,912,,,data\rolls\2026\pdfs\ac034\AC034PART065.pdf,pdf_serial_row_count,ok
2026,34,66,926,,,data\rolls\2026\pdfs\ac034\AC034PART066.pdf,pdf_serial_row_count,ok
2026,34,67,691,,,data\rolls\2026\pdfs\ac034\AC034PART067.pdf,pdf_serial_row_count,ok
2026,34,68,768,,,data\rolls\2026\pdfs\ac034\AC034PART068.pdf,pdf_serial_row_count,ok
2026,34,69,722,,,data\rolls\2026\pdfs\ac034\AC034PART069.pdf,pdf_serial_row_count,ok
2026,34,70,680,,,data\rolls\2026\pdfs\ac034\AC034PART070.pdf,pdf_serial_row_count,ok
2026,34,71,697,,,data\rolls\2026\pdfs\ac034\AC034PART071.pdf,pdf_serial_row_count,ok
2026,34,72,514,,,data\rolls\2026\pdfs\ac034\AC034PART072.pdf,pdf_serial_row_count,ok
2026,34,73,796,,,data\rolls\2026\pdfs\ac034\AC034PART073.pdf,pdf_serial_row_count,ok
2026,34,74,584,,,data\rolls\2026\pdfs\ac034\AC034PART074.pdf,pdf_serial_row_count,ok
2026,34,75,659,,,data\rolls\2026\pdfs\ac034\AC034PART075.pdf,pdf_serial_row_count,ok
2026,34,76,578,,,data\rolls\2026\pdfs\ac034\AC034PART076.pdf,pdf_serial_row_count,ok
2026,34,77,1053,,,data\rolls\2026\pdfs\ac034\AC034PART077.pdf,pdf_serial_row_count,ok
2026,34,78,962,,,data\rolls\2026\pdfs\ac034\AC034PART078.pdf,pdf_serial_row_count,ok
2026,34,79,776,,,data\rolls\2026\pdfs\ac034\AC034PART079.pdf,pdf_serial_row_count,ok
2026,34,80,649,,,data\rolls\2026\pdfs\ac034\AC034PART080.pdf,pdf_serial_row_count,ok
2026,34,81,803,,,data\rolls\2026\pdfs\ac034\AC034PART081.pdf,pdf_serial_row_count,ok
2026,34,82,754,,,data\rolls\2026\pdfs\ac034\AC034PART082.pdf,pdf_serial_row_count,ok
2026,34,83,865,,,data\rolls\2026\pdfs\ac034\AC034PART083.pdf,pdf_serial_row_count,ok
2026,34,84,841,,,data\rolls\2026\pdfs\ac034\AC034PART084.pdf,pdf_serial_row_count,ok
2026,34,85,578,,,data\rolls\2026\pdfs\ac034\AC034PART085.pdf,pdf_serial_row_count,ok
2026,34,86,831,,,data\rolls\2026\pdfs\ac034\AC034PART086.pdf,pdf_serial_row_count,ok
2026,34,87,854,,,data\rolls\2026\pdfs\ac034\AC034PART087.pdf,pdf_serial_row_count,ok
2026,34,88,853,,,data\rolls\2026\pdfs\ac034\AC034PART088.pdf,pdf_serial_row_count,ok
2026,34,89,547,,,data\rolls\2026\pdfs\ac034\AC034PART089.pdf,pdf_serial_row_count,ok
2026,34,90,917,,,data\rolls\2026\pdfs\ac034\AC034PART090.pdf,pdf_serial_row_count,ok
2026,34,91,899,,,data\rolls\2026\pdfs\ac034\AC034PART091.pdf,pdf_serial_row_count,ok
2026,34,92,553,,,data\rolls\2026\pdfs\ac034\AC034PART092.pdf,pdf_serial_row_count,ok
2026,34,93,1006,,,data\rolls\2026\pdfs\ac034\AC034PART093.pdf,pdf_serial_row_count,ok
2026,34,94,666,,,data\rolls\2026\pdfs\ac034\AC034PART094.pdf,pdf_serial_row_count,ok
2026,34,95,718,,,data\rolls\2026\pdfs\ac034\AC034PART095.pdf,pdf_serial_row_count,ok
2026,34,96,446,,,data\rolls\2026\pdfs\ac034\AC034PART096.pdf,pdf_serial_row_count,ok
2026,34,97,688,,,data\rolls\2026\pdfs\ac034\AC034PART097.pdf,pdf_serial_row_count,ok
2026,34,98,639,,,data\rolls\2026\pdfs\ac034\AC034PART098.pdf,pdf_serial_row_count,ok
2026,34,99,734,,,data\rolls\2026\pdfs\ac034\AC034PART099.pdf,pdf_serial_row_count,ok
2026,34,100,792,,,data\rolls\2026\pdfs\ac034\AC034PART100.pdf,pdf_serial_row_count,ok
2026,34,101,708,,,data\rolls\2026\pdfs\ac034\AC034PART101.pdf,pdf_serial_row_count,ok
2026,34,102,715,,,data\rolls\2026\pdfs\ac034\AC034PART102.pdf,pdf_serial_row_count,ok
2026,34,103,814,,,data\rolls\2026\pdfs\ac034\AC034PART103.pdf,pdf_serial_row_count,ok
2026,34,104,398,,,data\rolls\2026\pdfs\ac034\AC034PART104.pdf,pdf_serial_row_count,ok
2026,34,105,615,,,data\rolls\2026\pdfs\ac034\AC034PART105.pdf,pdf_serial_row_count,ok
2026,34,106,1016,,,data\rolls\2026\pdfs\ac034\AC034PART106.pdf,pdf_serial_row_count,ok
2026,34,107,894,,,data\rolls\2026\pdfs\ac034\AC034PART107.pdf,pdf_serial_row_count,ok
2026,34,108,741,,,data\rolls\2026\pdfs\ac034\AC034PART108.pdf,pdf_serial_row_count,ok
2026,34,109,1043,,,data\rolls\2026\pdfs\ac034\AC034PART109.pdf,pdf_serial_row_count,ok
2026,34,110,1010,,,data\rolls\2026\pdfs\ac034\AC034PART110.pdf,pdf_serial_row_count,ok
2026,34,111,820,,,data\rolls\2026\pdfs\ac034\AC034PART111.pdf,pdf_serial_row_count,ok
2026,34,112,743,,,data\rolls\2026\pdfs\ac034\AC034PART112.pdf,pdf_serial_row_count,ok
2026,34,113,634,,,data\rolls\2026\pdfs\ac034\AC034PART113.pdf,pdf_serial_row_count,ok
2026,34,114,863,,,data\rolls\2026\pdfs\ac034\AC034PART114.pdf,pdf_serial_row_count,ok
2026,34,115,648,,,data\rolls\2026\pdfs\ac034\AC034PART115.pdf,pdf_serial_row_count,ok
2026,34,116,824,,,data\rolls\2026\pdfs\ac034\AC034PART116.pdf,pdf_serial_row_count,ok
2026,34,117,673,,,data\rolls\2026\pdfs\ac034\AC034PART117.pdf,pdf_serial_row_count,ok
2026,34,118,564,,,data\rolls\2026\pdfs\ac034\AC034PART118.pdf,pdf_serial_row_count,ok
2026,34,119,860,,,data\rolls\2026\pdfs\ac034\AC034PART119.pdf,pdf_serial_row_count,ok
2026,34,120,647,,,data\rolls\2026\pdfs\ac034\AC034PART120.pdf,pdf_serial_row_count,ok
2026,34,121,839,,,data\rolls\2026\pdfs\ac034\AC034PART121.pdf,pdf_serial_row_count,ok
2026,34,122,643,,,data\rolls\2026\pdfs\ac034\AC034PART122.pdf,pdf_serial_row_count,ok
2026,34,123,500,,,data\rolls\2026\pdfs\ac034\AC034PART123.pdf,pdf_serial_row_count,ok
2026,34,124,1128,,,data\rolls\2026\pdfs\ac034\AC034PART124.pdf,pdf_serial_row_count,ok
2026,34,125,732,,,data\rolls\2026\pdfs\ac034\AC034PART125.pdf,pdf_serial_row_count,ok
2026,34,126,920,,,data\rolls\2026\pdfs\ac034\AC034PART126.pdf,pdf_serial_row_count,ok
2026,34,127,633,,,data\rolls\2026\pdfs\ac034\AC034PART127.pdf,pdf_serial_row_count,ok
2026,34,128,908,,,data\rolls\2026\pdfs\ac034\AC034PART128.pdf,pdf_serial_row_count,ok
2026,34,129,669,,,data\rolls\2026\pdfs\ac034\AC034PART129.pdf,pdf_serial_row_count,ok
2026,34,130,551,,,data\rolls\2026\pdfs\ac034\AC034PART130.pdf,pdf_serial_row_count,ok
2026,34,131,772,,,data\rolls\2026\pdfs\ac034\AC034PART131.pdf,pdf_serial_row_count,ok
2026,34,132,936,,,data\rolls\2026\pdfs\ac034\AC034PART132.pdf,pdf_serial_row_count,ok
2026,34,133,446,,,data\rolls\2026\pdfs\ac034\AC034PART133.pdf,pdf_serial_row_count,ok
2026,34,134,783,,,data\rolls\2026\pdfs\ac034\AC034PART134.pdf,pdf_serial_row_count,ok
2026,34,135,633,,,data\rolls\2026\pdfs\ac034\AC034PART135.pdf,pdf_serial_row_count,ok
2026,34,136,603,,,data\rolls\2026\pdfs\ac034\AC034PART136.pdf,pdf_serial_row_count,ok
2026,34,137,1107,,,data\rolls\2026\pdfs\ac034\AC034PART137.pdf,pdf_serial_row_count,ok
2026,34,138,939,,,data\rolls\2026\pdfs\ac034\AC034PART138.pdf,pdf_serial_row_count,ok
2026,34,139,858,,,data\rolls\2026\pdfs\ac034\AC034PART139.pdf,pdf_serial_row_count,ok
2026,34,140,760,,,data\rolls\2026\pdfs\ac034\AC034PART140.pdf,pdf_serial_row_count,ok
2026,34,141,935,,,data\rolls\2026\pdfs\ac034\AC034PART141.pdf,pdf_serial_row_count,ok
2026,34,142,730,,,data\rolls\2026\pdfs\ac034\AC034PART142.pdf,pdf_serial_row_count,ok
2026,34,143,801,,,data\rolls\2026\pdfs\ac034\AC034PART143.pdf,pdf_serial_row_count,ok
2026,34,144,769,,,data\rolls\2026\pdfs\ac034\AC034PART144.pdf,pdf_serial_row_count,ok
2026,34,145,392,,,data\rolls\2026\pdfs\ac034\AC034PART145.pdf,pdf_serial_row_count,ok
2026,34,146,683,,,data\rolls\2026\pdfs\ac034\AC034PART146.pdf,pdf_serial_row_count,ok
2026,34,147,852,,,data\rolls\2026\pdfs\ac034\AC034PART147.pdf,pdf_serial_row_count,ok
2026,34,148,1114,,,data\rolls\2026\pdfs\ac034\AC034PART148.pdf,pdf_serial_row_count,ok
2026,34,149,648,,,data\rolls\2026\pdfs\ac034\AC034PART149.pdf,pdf_serial_row_count,ok
2026,34,150,542,,,data\rolls\2026\pdfs\ac034\AC034PART150.pdf,pdf_serial_row_count,ok
2026,34,151,658,,,data\rolls\2026\pdfs\ac034\AC034PART151.pdf,pdf_serial_row_count,ok
2026,34,152,993,,,data\rolls\2026\pdfs\ac034\AC034PART152.pdf,pdf_serial_row_count,ok
2026,34,153,865,,,data\rolls\2026\pdfs\ac034\AC034PART153.pdf,pdf_serial_row_count,ok
2026,34,154,486,,,data\rolls\2026\pdfs\ac034\AC034PART154.pdf,pdf_serial_row_count,ok
2026,34,155,802,,,data\rolls\2026\pdfs\ac034\AC034PART155.pdf,pdf_serial_row_count,ok
2026,34,156,840,,,data\rolls\2026\pdfs\ac034\AC034PART156.pdf,pdf_serial_row_count,ok
2026,34,157,856,,,data\rolls\2026\pdfs\ac034\AC034PART157.pdf,pdf_serial_row_count,ok
2026,34,158,650,,,data\rolls\2026\pdfs\ac034\AC034PART158.pdf,pdf_serial_row_count,ok
2026,34,159,1152,,,data\rolls\2026\pdfs\ac034\AC034PART159.pdf,pdf_serial_row_count,ok
2026,34,160,611,,,data\rolls\2026\pdfs\ac034\AC034PART160.pdf,pdf_serial_row_count,ok
2026,34,161,504,,,data\rolls\2026\pdfs\ac034\AC034PART161.pdf,pdf_serial_row_count,ok
2026,34,162,616,,,data\rolls\2026\pdfs\ac034\AC034PART162.pdf,pdf_serial_row_count,ok
2026,34,163,653,,,data\rolls\2026\pdfs\ac034\AC034PART163.pdf,pdf_serial_row_count,ok
2026,34,164,432,,,data\rolls\2026\pdfs\ac034\AC034PART164.pdf,pdf_serial_row_count,ok
2026,34,165,718,,,data\rolls\2026\pdfs\ac034\AC034PART165.pdf,pdf_serial_row_count,ok
2026,34,166,771,,,data\rolls\2026\pdfs\ac034\AC034PART166.pdf,pdf_serial_row_count,ok
2026,34,167,625,,,data\rolls\2026\pdfs\ac034\AC034PART167.pdf,pdf_serial_row_count,ok
2026,34,168,459,,,data\rolls\2026\pdfs\ac034\AC034PART168.pdf,pdf_serial_row_count,ok
2026,34,169,715,,,data\rolls\2026\pdfs\ac034\AC034PART169.pdf,pdf_serial_row_count,ok
2026,34,170,1006,,,data\rolls\2026\pdfs\ac034\AC034PART170.pdf,pdf_serial_row_count,ok
2026,34,171,1124,,,data\rolls\2026\pdfs\ac034\AC034PART171.pdf,pdf_serial_row_count,ok
2026,34,172,639,,,data\rolls\2026\pdfs\ac034\AC034PART172.pdf,pdf_serial_row_count,ok
2026,34,173,899,,,data\rolls\2026\pdfs\ac034\AC034PART173.pdf,pdf_serial_row_count,ok
2026,34,174,413,,,data\rolls\2026\pdfs\ac034\AC034PART174.pdf,pdf_serial_row_count,ok
2026,34,175,596,,,data\rolls\2026\pdfs\ac034\AC034PART175.pdf,pdf_serial_row_count,ok
2026,34,176,698,,,data\rolls\2026\pdfs\ac034\AC034PART176.pdf,pdf_serial_row_count,ok
2026,34,177,623,,,data\rolls\2026\pdfs\ac034\AC034PART177.pdf,pdf_serial_row_count,ok
2026,34,178,820,,,data\rolls\2026\pdfs\ac034\AC034PART178.pdf,pdf_serial_row_count,ok
2026,34,179,934,,,data\rolls\2026\pdfs\ac034\AC034PART179.pdf,pdf_serial_row_count,ok
2026,34,180,461,,,data\rolls\2026\pdfs\ac034\AC034PART180.pdf,pdf_serial_row_count,ok
2026,34,181,1011,,,data\rolls\2026\pdfs\ac034\AC034PART181.pdf,pdf_serial_row_count,ok
2026,34,182,640,,,data\rolls\2026\pdfs\ac034\AC034PART182.pdf,pdf_serial_row_count,ok
2026,34,183,410,,,data\rolls\2026\pdfs\ac034\AC034PART183.pdf,pdf_serial_row_count,ok
2026,34,184,544,,,data\rolls\2026\pdfs\ac034\AC034PART184.pdf,pdf_serial_row_count,ok
2026,34,185,720,,,data\rolls\2026\pdfs\ac034\AC034PART185.pdf,pdf_serial_row_count,ok
2026,34,186,843,,,data\rolls\2026\pdfs\ac034\AC034PART186.pdf,pdf_serial_row_count,ok
2026,34,187,897,,,data\rolls\2026\pdfs\ac034\AC034PART187.pdf,pdf_serial_row_count,ok
2026,34,188,1115,,,data\rolls\2026\pdfs\ac034\AC034PART188.pdf,pdf_serial_row_count,ok
2026,34,189,705,,,data\rolls\2026\pdfs\ac034\AC034PART189.pdf,pdf_serial_row_count,ok
2026,34,190,1092,,,data\rolls\2026\pdfs\ac034\AC034PART190.pdf,pdf_serial_row_count,ok
2026,34,191,737,,,data\rolls\2026\pdfs\ac034\AC034PART191.pdf,pdf_serial_row_count,ok
2026,34,192,932,,,data\rolls\2026\pdfs\ac034\AC034PART192.pdf,pdf_serial_row_count,ok
2026,34,193,432,,,data\rolls\2026\pdfs\ac034\AC034PART193.pdf,pdf_serial_row_count,ok
2026,34,194,905,,,data\rolls\2026\pdfs\ac034\AC034PART194.pdf,pdf_serial_row_count,ok
2026,34,195,587,,,data\rolls\2026\pdfs\ac034\AC034PART195.pdf,pdf_serial_row_count,ok
2026,34,196,1027,,,data\rolls\2026\pdfs\ac034\AC034PART196.pdf,pdf_serial_row_count,ok
2026,34,197,572,,,data\rolls\2026\pdfs\ac034\AC034PART197.pdf,pdf_serial_row_count,ok
2026,34,198,954,,,data\rolls\2026\pdfs\ac034\AC034PART198.pdf,pdf_serial_row_count,ok
2026,34,199,653,,,data\rolls\2026\pdfs\ac034\AC034PART199.pdf,pdf_serial_row_count,ok
2026,34,200,676,,,data\rolls\2026\pdfs\ac034\AC034PART200.pdf,pdf_serial_row_count,ok
2026,35,1,847,,,data\rolls\2026\pdfs\ac035\AC035PART001.pdf,pdf_serial_row_count,ok
2026,35,2,749,,,data\rolls\2026\pdfs\ac035\AC035PART002.pdf,pdf_serial_row_count,ok
2026,35,3,958,,,data\rolls\2026\pdfs\ac035\AC035PART003.pdf,pdf_serial_row_count,ok
2026,35,4,661,,,data\rolls\2026\pdfs\ac035\AC035PART004.pdf,pdf_serial_row_count,ok
2026,35,5,660,,,data\rolls\2026\pdfs\ac035\AC035PART005.pdf,pdf_serial_row_count,ok
2026,35,6,955,,,data\rolls\2026\pdfs\ac035\AC035PART006.pdf,pdf_serial_row_count,ok
2026,35,7,699,,,data\rolls\2026\pdfs\ac035\AC035PART007.pdf,pdf_serial_row_count,ok
2026,35,8,534,,,data\rolls\2026\pdfs\ac035\AC035PART008.pdf,pdf_serial_row_count,ok
2026,35,9,809,,,data\rolls\2026\pdfs\ac035\AC035PART009.pdf,pdf_serial_row_count,ok
2026,35,10,807,,,data\rolls\2026\pdfs\ac035\AC035PART010.pdf,pdf_serial_row_count,ok
2026,35,11,1023,,,data\rolls\2026\pdfs\ac035\AC035PART011.pdf,pdf_serial_row_count,ok
2026,35,12,658,,,data\rolls\2026\pdfs\ac035\AC035PART012.pdf,pdf_serial_row_count,ok
2026,35,13,905,,,data\rolls\2026\pdfs\ac035\AC035PART013.pdf,pdf_serial_row_count,ok
2026,35,14,577,,,data\rolls\2026\pdfs\ac035\AC035PART014.pdf,pdf_serial_row_count,ok
2026,35,15,527,,,data\rolls\2026\pdfs\ac035\AC035PART015.pdf,pdf_serial_row_count,ok
2026,35,16,980,,,data\rolls\2026\pdfs\ac035\AC035PART016.pdf,pdf_serial_row_count,ok
2026,35,17,885,,,data\rolls\2026\pdfs\ac035\AC035PART017.pdf,pdf_serial_row_count,ok
2026,35,18,691,,,data\rolls\2026\pdfs\ac035\AC035PART018.pdf,pdf_serial_row_count,ok
2026,35,19,832,,,data\rolls\2026\pdfs\ac035\AC035PART019.pdf,pdf_serial_row_count,ok
2026,35,20,470,,,data\rolls\2026\pdfs\ac035\AC035PART020.pdf,pdf_serial_row_count,ok
2026,35,21,810,,,data\rolls\2026\pdfs\ac035\AC035PART021.pdf,pdf_serial_row_count,ok
2026,35,22,636,,,data\rolls\2026\pdfs\ac035\AC035PART022.pdf,pdf_serial_row_count,ok
2026,35,23,451,,,data\rolls\2026\pdfs\ac035\AC035PART023.pdf,pdf_serial_row_count,ok
2026,35,24,720,,,data\rolls\2026\pdfs\ac035\AC035PART024.pdf,pdf_serial_row_count,ok
2026,35,25,770,,,data\rolls\2026\pdfs\ac035\AC035PART025.pdf,pdf_serial_row_count,ok
2026,35,26,538,,,data\rolls\2026\pdfs\ac035\AC035PART026.pdf,pdf_serial_row_count,ok
2026,35,27,994,,,data\rolls\2026\pdfs\ac035\AC035PART027.pdf,pdf_serial_row_count,ok
2026,35,28,793,,,data\rolls\2026\pdfs\ac035\AC035PART028.pdf,pdf_serial_row_count,ok
2026,35,29,587,,,data\rolls\2026\pdfs\ac035\AC035PART029.pdf,pdf_serial_row_count,ok
2026,35,30,621,,,data\rolls\2026\pdfs\ac035\AC035PART030.pdf,pdf_serial_row_count,ok
2026,35,31,717,,,data\rolls\2026\pdfs\ac035\AC035PART031.pdf,pdf_serial_row_count,ok
2026,35,32,509,,,data\rolls\2026\pdfs\ac035\AC035PART032.pdf,pdf_serial_row_count,ok
2026,35,33,601,,,data\rolls\2026\pdfs\ac035\AC035PART033.pdf,pdf_serial_row_count,ok
2026,35,34,815,,,data\rolls\2026\pdfs\ac035\AC035PART034.pdf,pdf_serial_row_count,ok
2026,35,35,766,,,data\rolls\2026\pdfs\ac035\AC035PART035.pdf,pdf_serial_row_count,ok
2026,35,36,469,,,data\rolls\2026\pdfs\ac035\AC035PART036.pdf,pdf_serial_row_count,ok
2026,35,37,910,,,data\rolls\2026\pdfs\ac035\AC035PART037.pdf,pdf_serial_row_count,ok
2026,35,38,991,,,data\rolls\2026\pdfs\ac035\AC035PART038.pdf,pdf_serial_row_count,ok
2026,35,39,847,,,data\rolls\2026\pdfs\ac035\AC035PART039.pdf,pdf_serial_row_count,ok
2026,35,40,918,,,data\rolls\2026\pdfs\ac035\AC035PART040.pdf,pdf_serial_row_count,ok
2026,35,41,794,,,data\rolls\2026\pdfs\ac035\AC035PART041.pdf,pdf_serial_row_count,ok
2026,35,42,352,,,data\rolls\2026\pdfs\ac035\AC035PART042.pdf,pdf_serial_row_count,ok
2026,35,43,491,,,data\rolls\2026\pdfs\ac035\AC035PART043.pdf,pdf_serial_row_count,ok
2026,35,44,701,,,data\rolls\2026\pdfs\ac035\AC035PART044.pdf,pdf_serial_row_count,ok
2026,35,45,600,,,data\rolls\2026\pdfs\ac035\AC035PART045.pdf,pdf_serial_row_count,ok
2026,35,46,693,,,data\rolls\2026\pdfs\ac035\AC035PART046.pdf,pdf_serial_row_count,ok
2026,35,47,574,,,data\rolls\2026\pdfs\ac035\AC035PART047.pdf,pdf_serial_row_count,ok
2026,35,48,708,,,data\rolls\2026\pdfs\ac035\AC035PART048.pdf,pdf_serial_row_count,ok
2026,35,49,725,,,data\rolls\2026\pdfs\ac035\AC035PART049.pdf,pdf_serial_row_count,ok
2026,35,50,903,,,data\rolls\2026\pdfs\ac035\AC035PART050.pdf,pdf_serial_row_count,ok
2026,35,51,1193,,,data\rolls\2026\pdfs\ac035\AC035PART051.pdf,pdf_serial_row_count,ok
2026,35,52,822,,,data\rolls\2026\pdfs\ac035\AC035PART052.pdf,pdf_serial_row_count,ok
2026,35,53,922,,,data\rolls\2026\pdfs\ac035\AC035PART053.pdf,pdf_serial_row_count,ok
2026,35,54,713,,,data\rolls\2026\pdfs\ac035\AC035PART054.pdf,pdf_serial_row_count,ok
2026,35,55,1104,,,data\rolls\2026\pdfs\ac035\AC035PART055.pdf,pdf_serial_row_count,ok
2026,35,56,1026,,,data\rolls\2026\pdfs\ac035\AC035PART056.pdf,pdf_serial_row_count,ok
2026,35,57,997,,,data\rolls\2026\pdfs\ac035\AC035PART057.pdf,pdf_serial_row_count,ok
2026,35,58,633,,,data\rolls\2026\pdfs\ac035\AC035PART058.pdf,pdf_serial_row_count,ok
2026,35,59,654,,,data\rolls\2026\pdfs\ac035\AC035PART059.pdf,pdf_serial_row_count,ok
2026,35,60,730,,,data\rolls\2026\pdfs\ac035\AC035PART060.pdf,pdf_serial_row_count,ok
2026,35,61,708,,,data\rolls\2026\pdfs\ac035\AC035PART061.pdf,pdf_serial_row_count,ok
2026,35,62,593,,,data\rolls\2026\pdfs\ac035\AC035PART062.pdf,pdf_serial_row_count,ok
2026,35,63,545,,,data\rolls\2026\pdfs\ac035\AC035PART063.pdf,pdf_serial_row_count,ok
2026,35,64,786,,,data\rolls\2026\pdfs\ac035\AC035PART064.pdf,pdf_serial_row_count,ok
2026,35,65,636,,,data\rolls\2026\pdfs\ac035\AC035PART065.pdf,pdf_serial_row_count,ok
2026,35,66,832,,,data\rolls\2026\pdfs\ac035\AC035PART066.pdf,pdf_serial_row_count,ok
2026,35,67,640,,,data\rolls\2026\pdfs\ac035\AC035PART067.pdf,pdf_serial_row_count,ok
2026,35,68,855,,,data\rolls\2026\pdfs\ac035\AC035PART068.pdf,pdf_serial_row_count,ok
2026,35,69,561,,,data\rolls\2026\pdfs\ac035\AC035PART069.pdf,pdf_serial_row_count,ok
2026,35,70,414,,,data\rolls\2026\pdfs\ac035\AC035PART070.pdf,pdf_serial_row_count,ok
2026,35,71,680,,,data\rolls\2026\pdfs\ac035\AC035PART071.pdf,pdf_serial_row_count,ok
2026,35,72,864,,,data\rolls\2026\pdfs\ac035\AC035PART072.pdf,pdf_serial_row_count,ok
2026,35,73,419,,,data\rolls\2026\pdfs\ac035\AC035PART073.pdf,pdf_serial_row_count,ok
2026,35,74,733,,,data\rolls\2026\pdfs\ac035\AC035PART074.pdf,pdf_serial_row_count,ok
2026,35,75,577,,,data\rolls\2026\pdfs\ac035\AC035PART075.pdf,pdf_serial_row_count,ok
2026,35,76,792,,,data\rolls\2026\pdfs\ac035\AC035PART076.pdf,pdf_serial_row_count,ok
2026,35,77,767,,,data\rolls\2026\pdfs\ac035\AC035PART077.pdf,pdf_serial_row_count,ok
2026,35,78,787,,,data\rolls\2026\pdfs\ac035\AC035PART078.pdf,pdf_serial_row_count,ok
2026,35,79,620,,,data\rolls\2026\pdfs\ac035\AC035PART079.pdf,pdf_serial_row_count,ok
2026,35,80,1100,,,data\rolls\2026\pdfs\ac035\AC035PART080.pdf,pdf_serial_row_count,ok
2026,35,81,1228,,,data\rolls\2026\pdfs\ac035\AC035PART081.pdf,pdf_serial_row_count,ok
2026,35,82,452,,,data\rolls\2026\pdfs\ac035\AC035PART082.pdf,pdf_serial_row_count,ok
2026,35,83,735,,,data\rolls\2026\pdfs\ac035\AC035PART083.pdf,pdf_serial_row_count,ok
2026,35,84,572,,,data\rolls\2026\pdfs\ac035\AC035PART084.pdf,pdf_serial_row_count,ok
2026,35,85,542,,,data\rolls\2026\pdfs\ac035\AC035PART085.pdf,pdf_serial_row_count,ok
2026,35,86,587,,,data\rolls\2026\pdfs\ac035\AC035PART086.pdf,pdf_serial_row_count,ok
2026,35,87,638,,,data\rolls\2026\pdfs\ac035\AC035PART087.pdf,pdf_serial_row_count,ok
2026,35,88,513,,,data\rolls\2026\pdfs\ac035\AC035PART088.pdf,pdf_serial_row_count,ok
2026,35,89,1024,,,data\rolls\2026\pdfs\ac035\AC035PART089.pdf,pdf_serial_row_count,ok
2026,35,90,677,,,data\rolls\2026\pdfs\ac035\AC035PART090.pdf,pdf_serial_row_count,ok
2026,35,91,541,,,data\rolls\2026\pdfs\ac035\AC035PART091.pdf,pdf_serial_row_count,ok
2026,35,92,926,,,data\rolls\2026\pdfs\ac035\AC035PART092.pdf,pdf_serial_row_count,ok
2026,35,93,508,,,data\rolls\2026\pdfs\ac035\AC035PART093.pdf,pdf_serial_row_count,ok
2026,35,94,908,,,data\rolls\2026\pdfs\ac035\AC035PART094.pdf,pdf_serial_row_count,ok
2026,35,95,383,,,data\rolls\2026\pdfs\ac035\AC035PART095.pdf,pdf_serial_row_count,ok
2026,35,96,697,,,data\rolls\2026\pdfs\ac035\AC035PART096.pdf,pdf_serial_row_count,ok
2026,35,97,593,,,data\rolls\2026\pdfs\ac035\AC035PART097.pdf,pdf_serial_row_count,ok
2026,35,98,707,,,data\rolls\2026\pdfs\ac035\AC035PART098.pdf,pdf_serial_row_count,ok
2026,35,99,615,,,data\rolls\2026\pdfs\ac035\AC035PART099.pdf,pdf_serial_row_count,ok
2026,35,100,995,,,data\rolls\2026\pdfs\ac035\AC035PART100.pdf,pdf_serial_row_count,ok
2026,35,101,499,,,data\rolls\2026\pdfs\ac035\AC035PART101.pdf,pdf_serial_row_count,ok
2026,35,102,919,,,data\rolls\2026\pdfs\ac035\AC035PART102.pdf,pdf_serial_row_count,ok
2026,35,103,793,,,data\rolls\2026\pdfs\ac035\AC035PART103.pdf,pdf_serial_row_count,ok
2026,35,104,809,,,data\rolls\2026\pdfs\ac035\AC035PART104.pdf,pdf_serial_row_count,ok
2026,35,105,491,,,data\rolls\2026\pdfs\ac035\AC035PART105.pdf,pdf_serial_row_count,ok
2026,35,106,780,,,data\rolls\2026\pdfs\ac035\AC035PART106.pdf,pdf_serial_row_count,ok
2026,35,107,678,,,data\rolls\2026\pdfs\ac035\AC035PART107.pdf,pdf_serial_row_count,ok
2026,35,108,669,,,data\rolls\2026\pdfs\ac035\AC035PART108.pdf,pdf_serial_row_count,ok
2026,35,109,747,,,data\rolls\2026\pdfs\ac035\AC035PART109.pdf,pdf_serial_row_count,ok
2026,35,110,507,,,data\rolls\2026\pdfs\ac035\AC035PART110.pdf,pdf_serial_row_count,ok
2026,35,111,744,,,data\rolls\2026\pdfs\ac035\AC035PART111.pdf,pdf_serial_row_count,ok
2026,35,112,645,,,data\rolls\2026\pdfs\ac035\AC035PART112.pdf,pdf_serial_row_count,ok
2026,35,113,943,,,data\rolls\2026\pdfs\ac035\AC035PART113.pdf,pdf_serial_row_count,ok
2026,35,114,671,,,data\rolls\2026\pdfs\ac035\AC035PART114.pdf,pdf_serial_row_count,ok
2026,35,115,870,,,data\rolls\2026\pdfs\ac035\AC035PART115.pdf,pdf_serial_row_count,ok
2026,35,116,518,,,data\rolls\2026\pdfs\ac035\AC035PART116.pdf,pdf_serial_row_count,ok
2026,35,117,617,,,data\rolls\2026\pdfs\ac035\AC035PART117.pdf,pdf_serial_row_count,ok
2026,35,118,950,,,data\rolls\2026\pdfs\ac035\AC035PART118.pdf,pdf_serial_row_count,ok
2026,35,119,894,,,data\rolls\2026\pdfs\ac035\AC035PART119.pdf,pdf_serial_row_count,ok
2026,35,120,646,,,data\rolls\2026\pdfs\ac035\AC035PART120.pdf,pdf_serial_row_count,ok
2026,35,121,501,,,data\rolls\2026\pdfs\ac035\AC035PART121.pdf,pdf_serial_row_count,ok
2026,35,122,610,,,data\rolls\2026\pdfs\ac035\AC035PART122.pdf,pdf_serial_row_count,ok
2026,35,123,611,,,data\rolls\2026\pdfs\ac035\AC035PART123.pdf,pdf_serial_row_count,ok
2026,35,124,776,,,data\rolls\2026\pdfs\ac035\AC035PART124.pdf,pdf_serial_row_count,ok
2026,35,125,662,,,data\rolls\2026\pdfs\ac035\AC035PART125.pdf,pdf_serial_row_count,ok
2026,35,126,632,,,data\rolls\2026\pdfs\ac035\AC035PART126.pdf,pdf_serial_row_count,ok
2026,35,127,724,,,data\rolls\2026\pdfs\ac035\AC035PART127.pdf,pdf_serial_row_count,ok
2026,35,128,512,,,data\rolls\2026\pdfs\ac035\AC035PART128.pdf,pdf_serial_row_count,ok
2026,35,129,477,,,data\rolls\2026\pdfs\ac035\AC035PART129.pdf,pdf_serial_row_count,ok
2026,35,130,911,,,data\rolls\2026\pdfs\ac035\AC035PART130.pdf,pdf_serial_row_count,ok
2026,35,131,757,,,data\rolls\2026\pdfs\ac035\AC035PART131.pdf,pdf_serial_row_count,ok
2026,35,132,968,,,data\rolls\2026\pdfs\ac035\AC035PART132.pdf,pdf_serial_row_count,ok
2026,35,133,648,,,data\rolls\2026\pdfs\ac035\AC035PART133.pdf,pdf_serial_row_count,ok
2026,35,134,601,,,data\rolls\2026\pdfs\ac035\AC035PART134.pdf,pdf_serial_row_count,ok
2026,35,135,592,,,data\rolls\2026\pdfs\ac035\AC035PART135.pdf,pdf_serial_row_count,ok
2026,35,136,560,,,data\rolls\2026\pdfs\ac035\AC035PART136.pdf,pdf_serial_row_count,ok
2026,35,137,813,,,data\rolls\2026\pdfs\ac035\AC035PART137.pdf,pdf_serial_row_count,ok
2026,35,138,766,,,data\rolls\2026\pdfs\ac035\AC035PART138.pdf,pdf_serial_row_count,ok
2026,35,139,588,,,data\rolls\2026\pdfs\ac035\AC035PART139.pdf,pdf_serial_row_count,ok
2026,35,140,904,,,data\rolls\2026\pdfs\ac035\AC035PART140.pdf,pdf_serial_row_count,ok
2026,35,141,876,,,data\rolls\2026\pdfs\ac035\AC035PART141.pdf,pdf_serial_row_count,ok
2026,35,142,380,,,data\rolls\2026\pdfs\ac035\AC035PART142.pdf,pdf_serial_row_count,ok
2026,35,143,735,,,data\rolls\2026\pdfs\ac035\AC035PART143.pdf,pdf_serial_row_count,ok
2026,35,144,765,,,data\rolls\2026\pdfs\ac035\AC035PART144.pdf,pdf_serial_row_count,ok
2026,35,145,768,,,data\rolls\2026\pdfs\ac035\AC035PART145.pdf,pdf_serial_row_count,ok
2026,35,146,557,,,data\rolls\2026\pdfs\ac035\AC035PART146.pdf,pdf_serial_row_count,ok
2026,35,147,597,,,data\rolls\2026\pdfs\ac035\AC035PART147.pdf,pdf_serial_row_count,ok
2026,35,148,557,,,data\rolls\2026\pdfs\ac035\AC035PART148.pdf,pdf_serial_row_count,ok
2026,35,149,835,,,data\rolls\2026\pdfs\ac035\AC035PART149.pdf,pdf_serial_row_count,ok
2026,35,150,561,,,data\rolls\2026\pdfs\ac035\AC035PART150.pdf,pdf_serial_row_count,ok
2026,35,151,624,,,data\rolls\2026\pdfs\ac035\AC035PART151.pdf,pdf_serial_row_count,ok
2026,35,152,716,,,data\rolls\2026\pdfs\ac035\AC035PART152.pdf,pdf_serial_row_count,ok
2026,35,153,406,,,data\rolls\2026\pdfs\ac035\AC035PART153.pdf,pdf_serial_row_count,ok
2026,35,154,735,,,data\rolls\2026\pdfs\ac035\AC035PART154.pdf,pdf_serial_row_count,ok
2026,35,155,1001,,,data\rolls\2026\pdfs\ac035\AC035PART155.pdf,pdf_serial_row_count,ok
2026,35,156,783,,,data\rolls\2026\pdfs\ac035\AC035PART156.pdf,pdf_serial_row_count,ok
2026,35,157,975,,,data\rolls\2026\pdfs\ac035\AC035PART157.pdf,pdf_serial_row_count,ok
2026,35,158,760,,,data\rolls\2026\pdfs\ac035\AC035PART158.pdf,pdf_serial_row_count,ok
2026,35,159,917,,,data\rolls\2026\pdfs\ac035\AC035PART159.pdf,pdf_serial_row_count,ok
2026,35,160,692,,,data\rolls\2026\pdfs\ac035\AC035PART160.pdf,pdf_serial_row_count,ok
2026,35,161,662,,,data\rolls\2026\pdfs\ac035\AC035PART161.pdf,pdf_serial_row_count,ok
2026,35,162,865,,,data\rolls\2026\pdfs\ac035\AC035PART162.pdf,pdf_serial_row_count,ok
2026,35,163,594,,,data\rolls\2026\pdfs\ac035\AC035PART163.pdf,pdf_serial_row_count,ok
2026,35,164,749,,,data\rolls\2026\pdfs\ac035\AC035PART164.pdf,pdf_serial_row_count,ok
2026,35,165,974,,,data\rolls\2026\pdfs\ac035\AC035PART165.pdf,pdf_serial_row_count,ok
2026,35,166,775,,,data\rolls\2026\pdfs\ac035\AC035PART166.pdf,pdf_serial_row_count,ok
2026,35,167,681,,,data\rolls\2026\pdfs\ac035\AC035PART167.pdf,pdf_serial_row_count,ok
2026,35,168,582,,,data\rolls\2026\pdfs\ac035\AC035PART168.pdf,pdf_serial_row_count,ok
2026,35,169,798,,,data\rolls\2026\pdfs\ac035\AC035PART169.pdf,pdf_serial_row_count,ok
2026,35,170,679,,,data\rolls\2026\pdfs\ac035\AC035PART170.pdf,pdf_serial_row_count,ok
2026,35,171,643,,,data\rolls\2026\pdfs\ac035\AC035PART171.pdf,pdf_serial_row_count,ok
2026,35,172,776,,,data\rolls\2026\pdfs\ac035\AC035PART172.pdf,pdf_serial_row_count,ok
2026,35,173,938,,,data\rolls\2026\pdfs\ac035\AC035PART173.pdf,pdf_serial_row_count,ok
2026,35,174,676,,,data\rolls\2026\pdfs\ac035\AC035PART174.pdf,pdf_serial_row_count,ok
2026,35,175,379,,,data\rolls\2026\pdfs\ac035\AC035PART175.pdf,pdf_serial_row_count,ok
2026,35,176,545,,,data\rolls\2026\pdfs\ac035\AC035PART176.pdf,pdf_serial_row_count,ok
2026,35,177,818,,,data\rolls\2026\pdfs\ac035\AC035PART177.pdf,pdf_serial_row_count,ok
2026,35,178,874,,,data\rolls\2026\pdfs\ac035\AC035PART178.pdf,pdf_serial_row_count,ok
2026,35,179,850,,,data\rolls\2026\pdfs\ac035\AC035PART179.pdf,pdf_serial_row_count,ok
2026,35,180,866,,,data\rolls\2026\pdfs\ac035\AC035PART180.pdf,pdf_serial_row_count,ok
2026,35,181,785,,,data\rolls\2026\pdfs\ac035\AC035PART181.pdf,pdf_serial_row_count,ok
2026,35,182,817,,,data\rolls\2026\pdfs\ac035\AC035PART182.pdf,pdf_serial_row_count,ok
2026,35,183,1134,,,data\rolls\2026\pdfs\ac035\AC035PART183.pdf,pdf_serial_row_count,ok
2026,35,184,800,,,data\rolls\2026\pdfs\ac035\AC035PART184.pdf,pdf_serial_row_count,ok
2026,35,185,429,,,data\rolls\2026\pdfs\ac035\AC035PART185.pdf,pdf_serial_row_count,ok
2026,35,186,988,,,data\rolls\2026\pdfs\ac035\AC035PART186.pdf,pdf_serial_row_count,ok
2026,35,187,778,,,data\rolls\2026\pdfs\ac035\AC035PART187.pdf,pdf_serial_row_count,ok
2026,35,188,1071,,,data\rolls\2026\pdfs\ac035\AC035PART188.pdf,pdf_serial_row_count,ok
2026,35,189,579,,,data\rolls\2026\pdfs\ac035\AC035PART189.pdf,pdf_serial_row_count,ok
2026,35,190,568,,,data\rolls\2026\pdfs\ac035\AC035PART190.pdf,pdf_serial_row_count,ok
2026,35,191,483,,,data\rolls\2026\pdfs\ac035\AC035PART191.pdf,pdf_serial_row_count,ok
2026,35,192,870,,,data\rolls\2026\pdfs\ac035\AC035PART192.pdf,pdf_serial_row_count,ok
2026,35,193,552,,,data\rolls\2026\pdfs\ac035\AC035PART193.pdf,pdf_serial_row_count,ok
2026,35,194,880,,,data\rolls\2026\pdfs\ac035\AC035PART194.pdf,pdf_serial_row_count,ok
2026,35,195,870,,,data\rolls\2026\pdfs\ac035\AC035PART195.pdf,pdf_serial_row_count,ok
2026,35,196,857,,,data\rolls\2026\pdfs\ac035\AC035PART196.pdf,pdf_serial_row_count,ok
2026,35,197,968,,,data\rolls\2026\pdfs\ac035\AC035PART197.pdf,pdf_serial_row_count,ok
2026,35,198,924,,,data\rolls\2026\pdfs\ac035\AC035PART198.pdf,pdf_serial_row_count,ok
2026,35,199,634,,,data\rolls\2026\pdfs\ac035\AC035PART199.pdf,pdf_serial_row_count,ok
2026,35,200,972,,,data\rolls\2026\pdfs\ac035\AC035PART200.pdf,pdf_serial_row_count,ok
2026,35,201,966,,,data\rolls\2026\pdfs\ac035\AC035PART201.pdf,pdf_serial_row_count,ok
2026,35,202,660,,,data\rolls\2026\pdfs\ac035\AC035PART202.pdf,pdf_serial_row_count,ok
2026,35,203,692,,,data\rolls\2026\pdfs\ac035\AC035PART203.pdf,pdf_serial_row_count,ok
2026,35,204,920,,,data\rolls\2026\pdfs\ac035\AC035PART204.pdf,pdf_serial_row_count,ok
2026,35,205,1019,,,data\rolls\2026\pdfs\ac035\AC035PART205.pdf,pdf_serial_row_count,ok
2026,35,206,1099,,,data\rolls\2026\pdfs\ac035\AC035PART206.pdf,pdf_serial_row_count,ok
2026,35,207,1068,,,data\rolls\2026\pdfs\ac035\AC035PART207.pdf,pdf_serial_row_count,ok
2026,35,208,640,,,data\rolls\2026\pdfs\ac035\AC035PART208.pdf,pdf_serial_row_count,ok
2026,35,209,796,,,data\rolls\2026\pdfs\ac035\AC035PART209.pdf,pdf_serial_row_count,ok
2026,35,210,1033,,,data\rolls\2026\pdfs\ac035\AC035PART210.pdf,pdf_serial_row_count,ok
2026,35,211,909,,,data\rolls\2026\pdfs\ac035\AC035PART211.pdf,pdf_serial_row_count,ok
2026,35,212,786,,,data\rolls\2026\pdfs\ac035\AC035PART212.pdf,pdf_serial_row_count,ok
2026,35,213,747,,,data\rolls\2026\pdfs\ac035\AC035PART213.pdf,pdf_serial_row_count,ok
2026,35,214,986,,,data\rolls\2026\pdfs\ac035\AC035PART214.pdf,pdf_serial_row_count,ok
2026,35,215,602,,,data\rolls\2026\pdfs\ac035\AC035PART215.pdf,pdf_serial_row_count,ok
2026,35,216,678,,,data\rolls\2026\pdfs\ac035\AC035PART216.pdf,pdf_serial_row_count,ok
2026,35,217,452,,,data\rolls\2026\pdfs\ac035\AC035PART217.pdf,pdf_serial_row_count,ok
2026,35,218,862,,,data\rolls\2026\pdfs\ac035\AC035PART218.pdf,pdf_serial_row_count,ok
2026,35,219,596,,,data\rolls\2026\pdfs\ac035\AC035PART219.pdf,pdf_serial_row_count,ok
2026,35,220,751,,,data\rolls\2026\pdfs\ac035\AC035PART220.pdf,pdf_serial_row_count,ok
2026,35,221,834,,,data\rolls\2026\pdfs\ac035\AC035PART221.pdf,pdf_serial_row_count,ok
2026,35,222,635,,,data\rolls\2026\pdfs\ac035\AC035PART222.pdf,pdf_serial_row_count,ok
2026,35,223,768,,,data\rolls\2026\pdfs\ac035\AC035PART223.pdf,pdf_serial_row_count,ok
2026,35,224,910,,,data\rolls\2026\pdfs\ac035\AC035PART224.pdf,pdf_serial_row_count,ok
2026,35,225,772,,,data\rolls\2026\pdfs\ac035\AC035PART225.pdf,pdf_serial_row_count,ok
2026,35,226,877,,,data\rolls\2026\pdfs\ac035\AC035PART226.pdf,pdf_serial_row_count,ok
2026,35,227,918,,,data\rolls\2026\pdfs\ac035\AC035PART227.pdf,pdf_serial_row_count,ok
2026,35,228,609,,,data\rolls\2026\pdfs\ac035\AC035PART228.pdf,pdf_serial_row_count,ok
2026,35,229,533,,,data\rolls\2026\pdfs\ac035\AC035PART229.pdf,pdf_serial_row_count,ok
2026,35,230,670,,,data\rolls\2026\pdfs\ac035\AC035PART230.pdf,pdf_serial_row_count,ok
2026,35,231,1114,,,data\rolls\2026\pdfs\ac035\AC035PART231.pdf,pdf_serial_row_count,ok
2026,35,232,885,,,data\rolls\2026\pdfs\ac035\AC035PART232.pdf,pdf_serial_row_count,ok
2026,35,233,807,,,data\rolls\2026\pdfs\ac035\AC035PART233.pdf,pdf_serial_row_count,ok
2026,35,234,750,,,data\rolls\2026\pdfs\ac035\AC035PART234.pdf,pdf_serial_row_count,ok
2026,35,235,661,,,data\rolls\2026\pdfs\ac035\AC035PART235.pdf,pdf_serial_row_count,ok
2026,35,236,661,,,data\rolls\2026\pdfs\ac035\AC035PART236.pdf,pdf_serial_row_count,ok
2026,35,237,649,,,data\rolls\2026\pdfs\ac035\AC035PART237.pdf,pdf_serial_row_count,ok
2026,35,238,1089,,,data\rolls\2026\pdfs\ac035\AC035PART238.pdf,pdf_serial_row_count,ok
2026,35,239,833,,,data\rolls\2026\pdfs\ac035\AC035PART239.pdf,pdf_serial_row_count,ok
2026,35,240,959,,,data\rolls\2026\pdfs\ac035\AC035PART240.pdf,pdf_serial_row_count,ok
2026,35,241,552,,,data\rolls\2026\pdfs\ac035\AC035PART241.pdf,pdf_serial_row_count,ok
2026,35,242,709,,,data\rolls\2026\pdfs\ac035\AC035PART242.pdf,pdf_serial_row_count,ok
2026,35,243,754,,,data\rolls\2026\pdfs\ac035\AC035PART243.pdf,pdf_serial_row_count,ok
2026,35,244,709,,,data\rolls\2026\pdfs\ac035\AC035PART244.pdf,pdf_serial_row_count,ok
2026,35,245,1205,,,data\rolls\2026\pdfs\ac035\AC035PART245.pdf,pdf_serial_row_count,ok
2026,36,1,646,,,data\rolls\2026\pdfs\ac036\AC036PART001.pdf,pdf_serial_row_count,ok
2026,36,2,647,,,data\rolls\2026\pdfs\ac036\AC036PART002.pdf,pdf_serial_row_count,ok
2026,36,3,734,,,data\rolls\2026\pdfs\ac036\AC036PART003.pdf,pdf_serial_row_count,ok
2026,36,4,768,,,data\rolls\2026\pdfs\ac036\AC036PART004.pdf,pdf_serial_row_count,ok
2026,36,5,799,,,data\rolls\2026\pdfs\ac036\AC036PART005.pdf,pdf_serial_row_count,ok
2026,36,6,517,,,data\rolls\2026\pdfs\ac036\AC036PART006.pdf,pdf_serial_row_count,ok
2026,36,7,362,,,data\rolls\2026\pdfs\ac036\AC036PART007.pdf,pdf_serial_row_count,ok
2026,36,8,701,,,data\rolls\2026\pdfs\ac036\AC036PART008.pdf,pdf_serial_row_count,ok
2026,36,9,642,,,data\rolls\2026\pdfs\ac036\AC036PART009.pdf,pdf_serial_row_count,ok
2026,36,10,923,,,data\rolls\2026\pdfs\ac036\AC036PART010.pdf,pdf_serial_row_count,ok
2026,36,11,707,,,data\rolls\2026\pdfs\ac036\AC036PART011.pdf,pdf_serial_row_count,ok
2026,36,12,859,,,data\rolls\2026\pdfs\ac036\AC036PART012.pdf,pdf_serial_row_count,ok
2026,36,13,794,,,data\rolls\2026\pdfs\ac036\AC036PART013.pdf,pdf_serial_row_count,ok
2026,36,14,744,,,data\rolls\2026\pdfs\ac036\AC036PART014.pdf,pdf_serial_row_count,ok
2026,36,15,616,,,data\rolls\2026\pdfs\ac036\AC036PART015.pdf,pdf_serial_row_count,ok
2026,36,16,661,,,data\rolls\2026\pdfs\ac036\AC036PART016.pdf,pdf_serial_row_count,ok
2026,36,17,879,,,data\rolls\2026\pdfs\ac036\AC036PART017.pdf,pdf_serial_row_count,ok
2026,36,18,526,,,data\rolls\2026\pdfs\ac036\AC036PART018.pdf,pdf_serial_row_count,ok
2026,36,19,532,,,data\rolls\2026\pdfs\ac036\AC036PART019.pdf,pdf_serial_row_count,ok
2026,36,20,599,,,data\rolls\2026\pdfs\ac036\AC036PART020.pdf,pdf_serial_row_count,ok
2026,36,21,873,,,data\rolls\2026\pdfs\ac036\AC036PART021.pdf,pdf_serial_row_count,ok
2026,36,22,737,,,data\rolls\2026\pdfs\ac036\AC036PART022.pdf,pdf_serial_row_count,ok
2026,36,23,527,,,data\rolls\2026\pdfs\ac036\AC036PART023.pdf,pdf_serial_row_count,ok
2026,36,24,909,,,data\rolls\2026\pdfs\ac036\AC036PART024.pdf,pdf_serial_row_count,ok
2026,36,25,737,,,data\rolls\2026\pdfs\ac036\AC036PART025.pdf,pdf_serial_row_count,ok
2026,36,26,574,,,data\rolls\2026\pdfs\ac036\AC036PART026.pdf,pdf_serial_row_count,ok
2026,36,27,532,,,data\rolls\2026\pdfs\ac036\AC036PART027.pdf,pdf_serial_row_count,ok
2026,36,28,655,,,data\rolls\2026\pdfs\ac036\AC036PART028.pdf,pdf_serial_row_count,ok
2026,36,29,881,,,data\rolls\2026\pdfs\ac036\AC036PART029.pdf,pdf_serial_row_count,ok
2026,36,30,724,,,data\rolls\2026\pdfs\ac036\AC036PART030.pdf,pdf_serial_row_count,ok
2026,36,31,799,,,data\rolls\2026\pdfs\ac036\AC036PART031.pdf,pdf_serial_row_count,ok
2026,36,32,977,,,data\rolls\2026\pdfs\ac036\AC036PART032.pdf,pdf_serial_row_count,ok
2026,36,33,645,,,data\rolls\2026\pdfs\ac036\AC036PART033.pdf,pdf_serial_row_count,ok
2026,36,34,566,,,data\rolls\2026\pdfs\ac036\AC036PART034.pdf,pdf_serial_row_count,ok
2026,36,35,700,,,data\rolls\2026\pdfs\ac036\AC036PART035.pdf,pdf_serial_row_count,ok
2026,36,36,665,,,data\rolls\2026\pdfs\ac036\AC036PART036.pdf,pdf_serial_row_count,ok
2026,36,37,673,,,data\rolls\2026\pdfs\ac036\AC036PART037.pdf,pdf_serial_row_count,ok
2026,36,38,508,,,data\rolls\2026\pdfs\ac036\AC036PART038.pdf,pdf_serial_row_count,ok
2026,36,39,557,,,data\rolls\2026\pdfs\ac036\AC036PART039.pdf,pdf_serial_row_count,ok
2026,36,40,500,,,data\rolls\2026\pdfs\ac036\AC036PART040.pdf,pdf_serial_row_count,ok
2026,36,41,776,,,data\rolls\2026\pdfs\ac036\AC036PART041.pdf,pdf_serial_row_count,ok
2026,36,42,782,,,data\rolls\2026\pdfs\ac036\AC036PART042.pdf,pdf_serial_row_count,ok
2026,36,43,743,,,data\rolls\2026\pdfs\ac036\AC036PART043.pdf,pdf_serial_row_count,ok
2026,36,44,649,,,data\rolls\2026\pdfs\ac036\AC036PART044.pdf,pdf_serial_row_count,ok
2026,36,45,623,,,data\rolls\2026\pdfs\ac036\AC036PART045.pdf,pdf_serial_row_count,ok
2026,36,46,482,,,data\rolls\2026\pdfs\ac036\AC036PART046.pdf,pdf_serial_row_count,ok
2026,36,47,635,,,data\rolls\2026\pdfs\ac036\AC036PART047.pdf,pdf_serial_row_count,ok
2026,36,48,549,,,data\rolls\2026\pdfs\ac036\AC036PART048.pdf,pdf_serial_row_count,ok
2026,36,49,722,,,data\rolls\2026\pdfs\ac036\AC036PART049.pdf,pdf_serial_row_count,ok
2026,36,50,763,,,data\rolls\2026\pdfs\ac036\AC036PART050.pdf,pdf_serial_row_count,ok
2026,36,51,602,,,data\rolls\2026\pdfs\ac036\AC036PART051.pdf,pdf_serial_row_count,ok
2026,36,52,833,,,data\rolls\2026\pdfs\ac036\AC036PART052.pdf,pdf_serial_row_count,ok
2026,36,53,960,,,data\rolls\2026\pdfs\ac036\AC036PART053.pdf,pdf_serial_row_count,ok
2026,36,54,494,,,data\rolls\2026\pdfs\ac036\AC036PART054.pdf,pdf_serial_row_count,ok
2026,36,55,410,,,data\rolls\2026\pdfs\ac036\AC036PART055.pdf,pdf_serial_row_count,ok
2026,36,56,860,,,data\rolls\2026\pdfs\ac036\AC036PART056.pdf,pdf_serial_row_count,ok
2026,36,57,483,,,data\rolls\2026\pdfs\ac036\AC036PART057.pdf,pdf_serial_row_count,ok
2026,36,58,636,,,data\rolls\2026\pdfs\ac036\AC036PART058.pdf,pdf_serial_row_count,ok
2026,36,59,667,,,data\rolls\2026\pdfs\ac036\AC036PART059.pdf,pdf_serial_row_count,ok
2026,36,60,380,,,data\rolls\2026\pdfs\ac036\AC036PART060.pdf,pdf_serial_row_count,ok
2026,36,61,784,,,data\rolls\2026\pdfs\ac036\AC036PART061.pdf,pdf_serial_row_count,ok
2026,36,62,704,,,data\rolls\2026\pdfs\ac036\AC036PART062.pdf,pdf_serial_row_count,ok
2026,36,63,261,,,data\rolls\2026\pdfs\ac036\AC036PART063.pdf,pdf_serial_row_count,ok
2026,36,64,676,,,data\rolls\2026\pdfs\ac036\AC036PART064.pdf,pdf_serial_row_count,ok
2026,36,65,875,,,data\rolls\2026\pdfs\ac036\AC036PART065.pdf,pdf_serial_row_count,ok
2026,36,66,557,,,data\rolls\2026\pdfs\ac036\AC036PART066.pdf,pdf_serial_row_count,ok
2026,36,67,737,,,data\rolls\2026\pdfs\ac036\AC036PART067.pdf,pdf_serial_row_count,ok
2026,36,68,489,,,data\rolls\2026\pdfs\ac036\AC036PART068.pdf,pdf_serial_row_count,ok
2026,36,69,822,,,data\rolls\2026\pdfs\ac036\AC036PART069.pdf,pdf_serial_row_count,ok
2026,36,70,895,,,data\rolls\2026\pdfs\ac036\AC036PART070.pdf,pdf_serial_row_count,ok
2026,36,71,478,,,data\rolls\2026\pdfs\ac036\AC036PART071.pdf,pdf_serial_row_count,ok
2026,36,72,774,,,data\rolls\2026\pdfs\ac036\AC036PART072.pdf,pdf_serial_row_count,ok
2026,36,73,621,,,data\rolls\2026\pdfs\ac036\AC036PART073.pdf,pdf_serial_row_count,ok
2026,36,74,858,,,data\rolls\2026\pdfs\ac036\AC036PART074.pdf,pdf_serial_row_count,ok
2026,36,75,848,,,data\rolls\2026\pdfs\ac036\AC036PART075.pdf,pdf_serial_row_count,ok
2026,36,76,737,,,data\rolls\2026\pdfs\ac036\AC036PART076.pdf,pdf_serial_row_count,ok
2026,36,77,664,,,data\rolls\2026\pdfs\ac036\AC036PART077.pdf,pdf_serial_row_count,ok
2026,36,78,846,,,data\rolls\2026\pdfs\ac036\AC036PART078.pdf,pdf_serial_row_count,ok
2026,36,79,479,,,data\rolls\2026\pdfs\ac036\AC036PART079.pdf,pdf_serial_row_count,ok
2026,36,80,637,,,data\rolls\2026\pdfs\ac036\AC036PART080.pdf,pdf_serial_row_count,ok
2026,36,81,599,,,data\rolls\2026\pdfs\ac036\AC036PART081.pdf,pdf_serial_row_count,ok
2026,36,82,873,,,data\rolls\2026\pdfs\ac036\AC036PART082.pdf,pdf_serial_row_count,ok
2026,36,83,654,,,data\rolls\2026\pdfs\ac036\AC036PART083.pdf,pdf_serial_row_count,ok
2026,36,84,975,,,data\rolls\2026\pdfs\ac036\AC036PART084.pdf,pdf_serial_row_count,ok
2026,36,85,683,,,data\rolls\2026\pdfs\ac036\AC036PART085.pdf,pdf_serial_row_count,ok
2026,36,86,614,,,data\rolls\2026\pdfs\ac036\AC036PART086.pdf,pdf_serial_row_count,ok
2026,36,87,592,,,data\rolls\2026\pdfs\ac036\AC036PART087.pdf,pdf_serial_row_count,ok
2026,36,88,763,,,data\rolls\2026\pdfs\ac036\AC036PART088.pdf,pdf_serial_row_count,ok
2026,36,89,478,,,data\rolls\2026\pdfs\ac036\AC036PART089.pdf,pdf_serial_row_count,ok
2026,36,90,641,,,data\rolls\2026\pdfs\ac036\AC036PART090.pdf,pdf_serial_row_count,ok
2026,36,91,486,,,data\rolls\2026\pdfs\ac036\AC036PART091.pdf,pdf_serial_row_count,ok
2026,36,92,622,,,data\rolls\2026\pdfs\ac036\AC036PART092.pdf,pdf_serial_row_count,ok
2026,36,93,571,,,data\rolls\2026\pdfs\ac036\AC036PART093.pdf,pdf_serial_row_count,ok
2026,36,94,428,,,data\rolls\2026\pdfs\ac036\AC036PART094.pdf,pdf_serial_row_count,ok
2026,36,95,536,,,data\rolls\2026\pdfs\ac036\AC036PART095.pdf,pdf_serial_row_count,ok
2026,36,96,524,,,data\rolls\2026\pdfs\ac036\AC036PART096.pdf,pdf_serial_row_count,ok
2026,36,97,1026,,,data\rolls\2026\pdfs\ac036\AC036PART097.pdf,pdf_serial_row_count,ok
2026,36,98,988,,,data\rolls\2026\pdfs\ac036\AC036PART098.pdf,pdf_serial_row_count,ok
2026,36,99,916,,,data\rolls\2026\pdfs\ac036\AC036PART099.pdf,pdf_serial_row_count,ok
2026,36,100,550,,,data\rolls\2026\pdfs\ac036\AC036PART100.pdf,pdf_serial_row_count,ok
2026,36,101,419,,,data\rolls\2026\pdfs\ac036\AC036PART101.pdf,pdf_serial_row_count,ok
2026,36,102,317,,,data\rolls\2026\pdfs\ac036\AC036PART102.pdf,pdf_serial_row_count,ok
2026,36,103,711,,,data\rolls\2026\pdfs\ac036\AC036PART103.pdf,pdf_serial_row_count,ok
2026,36,104,815,,,data\rolls\2026\pdfs\ac036\AC036PART104.pdf,pdf_serial_row_count,ok
2026,36,105,844,,,data\rolls\2026\pdfs\ac036\AC036PART105.pdf,pdf_serial_row_count,ok
2026,36,106,828,,,data\rolls\2026\pdfs\ac036\AC036PART106.pdf,pdf_serial_row_count,ok
2026,36,107,815,,,data\rolls\2026\pdfs\ac036\AC036PART107.pdf,pdf_serial_row_count,ok
2026,36,108,593,,,data\rolls\2026\pdfs\ac036\AC036PART108.pdf,pdf_serial_row_count,ok
2026,36,109,596,,,data\rolls\2026\pdfs\ac036\AC036PART109.pdf,pdf_serial_row_count,ok
2026,36,110,769,,,data\rolls\2026\pdfs\ac036\AC036PART110.pdf,pdf_serial_row_count,ok
2026,36,111,601,,,data\rolls\2026\pdfs\ac036\AC036PART111.pdf,pdf_serial_row_count,ok
2026,36,112,555,,,data\rolls\2026\pdfs\ac036\AC036PART112.pdf,pdf_serial_row_count,ok
2026,36,113,616,,,data\rolls\2026\pdfs\ac036\AC036PART113.pdf,pdf_serial_row_count,ok
2026,36,114,633,,,data\rolls\2026\pdfs\ac036\AC036PART114.pdf,pdf_serial_row_count,ok
2026,36,115,829,,,data\rolls\2026\pdfs\ac036\AC036PART115.pdf,pdf_serial_row_count,ok
2026,36,116,501,,,data\rolls\2026\pdfs\ac036\AC036PART116.pdf,pdf_serial_row_count,ok
2026,36,117,725,,,data\rolls\2026\pdfs\ac036\AC036PART117.pdf,pdf_serial_row_count,ok
2026,36,118,404,,,data\rolls\2026\pdfs\ac036\AC036PART118.pdf,pdf_serial_row_count,ok
2026,36,119,660,,,data\rolls\2026\pdfs\ac036\AC036PART119.pdf,pdf_serial_row_count,ok
2026,36,120,321,,,data\rolls\2026\pdfs\ac036\AC036PART120.pdf,pdf_serial_row_count,ok
2026,36,121,435,,,data\rolls\2026\pdfs\ac036\AC036PART121.pdf,pdf_serial_row_count,ok
2026,36,122,781,,,data\rolls\2026\pdfs\ac036\AC036PART122.pdf,pdf_serial_row_count,ok
2026,36,123,498,,,data\rolls\2026\pdfs\ac036\AC036PART123.pdf,pdf_serial_row_count,ok
2026,36,124,716,,,data\rolls\2026\pdfs\ac036\AC036PART124.pdf,pdf_serial_row_count,ok
2026,36,125,455,,,data\rolls\2026\pdfs\ac036\AC036PART125.pdf,pdf_serial_row_count,ok
2026,36,126,807,,,data\rolls\2026\pdfs\ac036\AC036PART126.pdf,pdf_serial_row_count,ok
2026,36,127,431,,,data\rolls\2026\pdfs\ac036\AC036PART127.pdf,pdf_serial_row_count,ok
2026,36,128,777,,,data\rolls\2026\pdfs\ac036\AC036PART128.pdf,pdf_serial_row_count,ok
2026,36,129,404,,,data\rolls\2026\pdfs\ac036\AC036PART129.pdf,pdf_serial_row_count,ok
2026,36,130,325,,,data\rolls\2026\pdfs\ac036\AC036PART130.pdf,pdf_serial_row_count,ok
2026,36,131,627,,,data\rolls\2026\pdfs\ac036\AC036PART131.pdf,pdf_serial_row_count,ok
2026,36,132,369,,,data\rolls\2026\pdfs\ac036\AC036PART132.pdf,pdf_serial_row_count,ok
2026,36,133,894,,,data\rolls\2026\pdfs\ac036\AC036PART133.pdf,pdf_serial_row_count,ok
2026,36,134,709,,,data\rolls\2026\pdfs\ac036\AC036PART134.pdf,pdf_serial_row_count,ok
2026,36,135,610,,,data\rolls\2026\pdfs\ac036\AC036PART135.pdf,pdf_serial_row_count,ok
2026,36,136,285,,,data\rolls\2026\pdfs\ac036\AC036PART136.pdf,pdf_serial_row_count,ok
2026,36,137,947,,,data\rolls\2026\pdfs\ac036\AC036PART137.pdf,pdf_serial_row_count,ok
2026,36,138,834,,,data\rolls\2026\pdfs\ac036\AC036PART138.pdf,pdf_serial_row_count,ok
2026,36,139,620,,,data\rolls\2026\pdfs\ac036\AC036PART139.pdf,pdf_serial_row_count,ok
2026,36,140,833,,,data\rolls\2026\pdfs\ac036\AC036PART140.pdf,pdf_serial_row_count,ok
2026,36,141,834,,,data\rolls\2026\pdfs\ac036\AC036PART141.pdf,pdf_serial_row_count,ok
2026,36,142,731,,,data\rolls\2026\pdfs\ac036\AC036PART142.pdf,pdf_serial_row_count,ok
2026,36,143,437,,,data\rolls\2026\pdfs\ac036\AC036PART143.pdf,pdf_serial_row_count,ok
2026,36,144,621,,,data\rolls\2026\pdfs\ac036\AC036PART144.pdf,pdf_serial_row_count,ok
2026,36,145,509,,,data\rolls\2026\pdfs\ac036\AC036PART145.pdf,pdf_serial_row_count,ok
2026,36,146,672,,,data\rolls\2026\pdfs\ac036\AC036PART146.pdf,pdf_serial_row_count,ok
2026,36,147,649,,,data\rolls\2026\pdfs\ac036\AC036PART147.pdf,pdf_serial_row_count,ok
2026,36,148,655,,,data\rolls\2026\pdfs\ac036\AC036PART148.pdf,pdf_serial_row_count,ok
2026,36,149,613,,,data\rolls\2026\pdfs\ac036\AC036PART149.pdf,pdf_serial_row_count,ok
2026,36,150,433,,,data\rolls\2026\pdfs\ac036\AC036PART150.pdf,pdf_serial_row_count,ok
2026,36,151,467,,,data\rolls\2026\pdfs\ac036\AC036PART151.pdf,pdf_serial_row_count,ok
2026,36,152,520,,,data\rolls\2026\pdfs\ac036\AC036PART152.pdf,pdf_serial_row_count,ok
2026,36,153,491,,,data\rolls\2026\pdfs\ac036\AC036PART153.pdf,pdf_serial_row_count,ok
2026,36,154,683,,,data\rolls\2026\pdfs\ac036\AC036PART154.pdf,pdf_serial_row_count,ok
2026,36,155,403,,,data\rolls\2026\pdfs\ac036\AC036PART155.pdf,pdf_serial_row_count,ok
2026,36,156,566,,,data\rolls\2026\pdfs\ac036\AC036PART156.pdf,pdf_serial_row_count,ok
2026,36,157,397,,,data\rolls\2026\pdfs\ac036\AC036PART157.pdf,pdf_serial_row_count,ok
2026,36,158,745,,,data\rolls\2026\pdfs\ac036\AC036PART158.pdf,pdf_serial_row_count,ok
2026,36,159,681,,,data\rolls\2026\pdfs\ac036\AC036PART159.pdf,pdf_serial_row_count,ok
2026,36,160,472,,,data\rolls\2026\pdfs\ac036\AC036PART160.pdf,pdf_serial_row_count,ok
2026,36,161,516,,,data\rolls\2026\pdfs\ac036\AC036PART161.pdf,pdf_serial_row_count,ok
2026,36,162,309,,,data\rolls\2026\pdfs\ac036\AC036PART162.pdf,pdf_serial_row_count,ok
2026,36,163,540,,,data\rolls\2026\pdfs\ac036\AC036PART163.pdf,pdf_serial_row_count,ok
2026,36,164,716,,,data\rolls\2026\pdfs\ac036\AC036PART164.pdf,pdf_serial_row_count,ok
2026,36,165,590,,,data\rolls\2026\pdfs\ac036\AC036PART165.pdf,pdf_serial_row_count,ok
2026,36,166,733,,,data\rolls\2026\pdfs\ac036\AC036PART166.pdf,pdf_serial_row_count,ok
2026,36,167,554,,,data\rolls\2026\pdfs\ac036\AC036PART167.pdf,pdf_serial_row_count,ok
2026,36,168,442,,,data\rolls\2026\pdfs\ac036\AC036PART168.pdf,pdf_serial_row_count,ok
2026,36,169,803,,,data\rolls\2026\pdfs\ac036\AC036PART169.pdf,pdf_serial_row_count,ok
2026,36,170,875,,,data\rolls\2026\pdfs\ac036\AC036PART170.pdf,pdf_serial_row_count,ok
2026,36,171,964,,,data\rolls\2026\pdfs\ac036\AC036PART171.pdf,pdf_serial_row_count,ok
2026,36,172,784,,,data\rolls\2026\pdfs\ac036\AC036PART172.pdf,pdf_serial_row_count,ok
2026,36,173,988,,,data\rolls\2026\pdfs\ac036\AC036PART173.pdf,pdf_serial_row_count,ok
2026,36,174,388,,,data\rolls\2026\pdfs\ac036\AC036PART174.pdf,pdf_serial_row_count,ok
2026,36,175,780,,,data\rolls\2026\pdfs\ac036\AC036PART175.pdf,pdf_serial_row_count,ok
2026,36,176,509,,,data\rolls\2026\pdfs\ac036\AC036PART176.pdf,pdf_serial_row_count,ok
2026,36,177,745,,,data\rolls\2026\pdfs\ac036\AC036PART177.pdf,pdf_serial_row_count,ok
2026,36,178,885,,,data\rolls\2026\pdfs\ac036\AC036PART178.pdf,pdf_serial_row_count,ok
2026,36,179,970,,,data\rolls\2026\pdfs\ac036\AC036PART179.pdf,pdf_serial_row_count,ok
2026,36,180,797,,,data\rolls\2026\pdfs\ac036\AC036PART180.pdf,pdf_serial_row_count,ok
2026,36,181,645,,,data\rolls\2026\pdfs\ac036\AC036PART181.pdf,pdf_serial_row_count,ok
2026,36,182,414,,,data\rolls\2026\pdfs\ac036\AC036PART182.pdf,pdf_serial_row_count,ok
2026,36,183,720,,,data\rolls\2026\pdfs\ac036\AC036PART183.pdf,pdf_serial_row_count,ok
2026,36,184,701,,,data\rolls\2026\pdfs\ac036\AC036PART184.pdf,pdf_serial_row_count,ok
2026,36,185,632,,,data\rolls\2026\pdfs\ac036\AC036PART185.pdf,pdf_serial_row_count,ok
2026,36,186,672,,,data\rolls\2026\pdfs\ac036\AC036PART186.pdf,pdf_serial_row_count,ok
2026,36,187,624,,,data\rolls\2026\pdfs\ac036\AC036PART187.pdf,pdf_serial_row_count,ok
2026,36,188,512,,,data\rolls\2026\pdfs\ac036\AC036PART188.pdf,pdf_serial_row_count,ok
2026,36,189,580,,,data\rolls\2026\pdfs\ac036\AC036PART189.pdf,pdf_serial_row_count,ok
2026,36,190,451,,,data\rolls\2026\pdfs\ac036\AC036PART190.pdf,pdf_serial_row_count,ok
2026,36,191,723,,,data\rolls\2026\pdfs\ac036\AC036PART191.pdf,pdf_serial_row_count,ok
2026,36,192,748,,,data\rolls\2026\pdfs\ac036\AC036PART192.pdf,pdf_serial_row_count,ok
2026,36,193,375,,,data\rolls\2026\pdfs\ac036\AC036PART193.pdf,pdf_serial_row_count,ok
2026,36,194,526,,,data\rolls\2026\pdfs\ac036\AC036PART194.pdf,pdf_serial_row_count,ok
2026,36,195,689,,,data\rolls\2026\pdfs\ac036\AC036PART195.pdf,pdf_serial_row_count,ok
2026,36,196,610,,,data\rolls\2026\pdfs\ac036\AC036PART196.pdf,pdf_serial_row_count,ok
2026,36,197,482,,,data\rolls\2026\pdfs\ac036\AC036PART197.pdf,pdf_serial_row_count,ok
2026,36,198,971,,,data\rolls\2026\pdfs\ac036\AC036PART198.pdf,pdf_serial_row_count,ok
2026,36,199,713,,,data\rolls\2026\pdfs\ac036\AC036PART199.pdf,pdf_serial_row_count,ok
2026,36,200,540,,,data\rolls\2026\pdfs\ac036\AC036PART200.pdf,pdf_serial_row_count,ok
2026,36,201,482,,,data\rolls\2026\pdfs\ac036\AC036PART201.pdf,pdf_serial_row_count,ok
2026,36,202,468,,,data\rolls\2026\pdfs\ac036\AC036PART202.pdf,pdf_serial_row_count,ok
2026,36,203,817,,,data\rolls\2026\pdfs\ac036\AC036PART203.pdf,pdf_serial_row_count,ok
2026,36,204,592,,,data\rolls\2026\pdfs\ac036\AC036PART204.pdf,pdf_serial_row_count,ok
2026,36,205,796,,,data\rolls\2026\pdfs\ac036\AC036PART205.pdf,pdf_serial_row_count,ok
2026,36,206,548,,,data\rolls\2026\pdfs\ac036\AC036PART206.pdf,pdf_serial_row_count,ok
2026,36,207,876,,,data\rolls\2026\pdfs\ac036\AC036PART207.pdf,pdf_serial_row_count,ok
2026,36,208,608,,,data\rolls\2026\pdfs\ac036\AC036PART208.pdf,pdf_serial_row_count,ok
2026,36,209,817,,,data\rolls\2026\pdfs\ac036\AC036PART209.pdf,pdf_serial_row_count,ok
2026,36,210,560,,,data\rolls\2026\pdfs\ac036\AC036PART210.pdf,pdf_serial_row_count,ok
2026,36,211,532,,,data\rolls\2026\pdfs\ac036\AC036PART211.pdf,pdf_serial_row_count,ok
2026,37,1,864,,,data\rolls\2026\pdfs\ac037\AC037PART001.pdf,pdf_serial_row_count,ok
2026,37,2,889,,,data\rolls\2026\pdfs\ac037\AC037PART002.pdf,pdf_serial_row_count,ok
2026,37,3,640,,,data\rolls\2026\pdfs\ac037\AC037PART003.pdf,pdf_serial_row_count,ok
2026,37,4,760,,,data\rolls\2026\pdfs\ac037\AC037PART004.pdf,pdf_serial_row_count,ok
2026,37,5,914,,,data\rolls\2026\pdfs\ac037\AC037PART005.pdf,pdf_serial_row_count,ok
2026,37,6,838,,,data\rolls\2026\pdfs\ac037\AC037PART006.pdf,pdf_serial_row_count,ok
2026,37,7,997,,,data\rolls\2026\pdfs\ac037\AC037PART007.pdf,pdf_serial_row_count,ok
2026,37,8,871,,,data\rolls\2026\pdfs\ac037\AC037PART008.pdf,pdf_serial_row_count,ok
2026,37,9,751,,,data\rolls\2026\pdfs\ac037\AC037PART009.pdf,pdf_serial_row_count,ok
2026,37,10,598,,,data\rolls\2026\pdfs\ac037\AC037PART010.pdf,pdf_serial_row_count,ok
2026,37,11,536,,,data\rolls\2026\pdfs\ac037\AC037PART011.pdf,pdf_serial_row_count,ok
2026,37,12,674,,,data\rolls\2026\pdfs\ac037\AC037PART012.pdf,pdf_serial_row_count,ok
2026,37,13,1014,,,data\rolls\2026\pdfs\ac037\AC037PART013.pdf,pdf_serial_row_count,ok
2026,37,14,736,,,data\rolls\2026\pdfs\ac037\AC037PART014.pdf,pdf_serial_row_count,ok
2026,37,15,486,,,data\rolls\2026\pdfs\ac037\AC037PART015.pdf,pdf_serial_row_count,ok
2026,37,16,925,,,data\rolls\2026\pdfs\ac037\AC037PART016.pdf,pdf_serial_row_count,ok
2026,37,17,757,,,data\rolls\2026\pdfs\ac037\AC037PART017.pdf,pdf_serial_row_count,ok
2026,37,18,635,,,data\rolls\2026\pdfs\ac037\AC037PART018.pdf,pdf_serial_row_count,ok
2026,37,19,822,,,data\rolls\2026\pdfs\ac037\AC037PART019.pdf,pdf_serial_row_count,ok
2026,37,20,856,,,data\rolls\2026\pdfs\ac037\AC037PART020.pdf,pdf_serial_row_count,ok
2026,37,21,731,,,data\rolls\2026\pdfs\ac037\AC037PART021.pdf,pdf_serial_row_count,ok
2026,37,22,543,,,data\rolls\2026\pdfs\ac037\AC037PART022.pdf,pdf_serial_row_count,ok
2026,37,23,817,,,data\rolls\2026\pdfs\ac037\AC037PART023.pdf,pdf_serial_row_count,ok
2026,37,24,663,,,data\rolls\2026\pdfs\ac037\AC037PART024.pdf,pdf_serial_row_count,ok
2026,37,25,646,,,data\rolls\2026\pdfs\ac037\AC037PART025.pdf,pdf_serial_row_count,ok
2026,37,26,703,,,data\rolls\2026\pdfs\ac037\AC037PART026.pdf,pdf_serial_row_count,ok
2026,37,27,704,,,data\rolls\2026\pdfs\ac037\AC037PART027.pdf,pdf_serial_row_count,ok
2026,37,28,1103,,,data\rolls\2026\pdfs\ac037\AC037PART028.pdf,pdf_serial_row_count,ok
2026,37,29,622,,,data\rolls\2026\pdfs\ac037\AC037PART029.pdf,pdf_serial_row_count,ok
2026,37,30,352,,,data\rolls\2026\pdfs\ac037\AC037PART030.pdf,pdf_serial_row_count,ok
2026,37,31,1043,,,data\rolls\2026\pdfs\ac037\AC037PART031.pdf,pdf_serial_row_count,ok
2026,37,32,597,,,data\rolls\2026\pdfs\ac037\AC037PART032.pdf,pdf_serial_row_count,ok
2026,37,33,622,,,data\rolls\2026\pdfs\ac037\AC037PART033.pdf,pdf_serial_row_count,ok
2026,37,34,616,,,data\rolls\2026\pdfs\ac037\AC037PART034.pdf,pdf_serial_row_count,ok
2026,37,35,666,,,data\rolls\2026\pdfs\ac037\AC037PART035.pdf,pdf_serial_row_count,ok
2026,37,36,490,,,data\rolls\2026\pdfs\ac037\AC037PART036.pdf,pdf_serial_row_count,ok
2026,37,37,522,,,data\rolls\2026\pdfs\ac037\AC037PART037.pdf,pdf_serial_row_count,ok
2026,37,38,662,,,data\rolls\2026\pdfs\ac037\AC037PART038.pdf,pdf_serial_row_count,ok
2026,37,39,597,,,data\rolls\2026\pdfs\ac037\AC037PART039.pdf,pdf_serial_row_count,ok
2026,37,40,563,,,data\rolls\2026\pdfs\ac037\AC037PART040.pdf,pdf_serial_row_count,ok
2026,37,41,583,,,data\rolls\2026\pdfs\ac037\AC037PART041.pdf,pdf_serial_row_count,ok
2026,37,42,520,,,data\rolls\2026\pdfs\ac037\AC037PART042.pdf,pdf_serial_row_count,ok
2026,37,43,542,,,data\rolls\2026\pdfs\ac037\AC037PART043.pdf,pdf_serial_row_count,ok
2026,37,44,721,,,data\rolls\2026\pdfs\ac037\AC037PART044.pdf,pdf_serial_row_count,ok
2026,37,45,860,,,data\rolls\2026\pdfs\ac037\AC037PART045.pdf,pdf_serial_row_count,ok
2026,37,46,769,,,data\rolls\2026\pdfs\ac037\AC037PART046.pdf,pdf_serial_row_count,ok
2026,37,47,953,,,data\rolls\2026\pdfs\ac037\AC037PART047.pdf,pdf_serial_row_count,ok
2026,37,48,782,,,data\rolls\2026\pdfs\ac037\AC037PART048.pdf,pdf_serial_row_count,ok
2026,37,49,657,,,data\rolls\2026\pdfs\ac037\AC037PART049.pdf,pdf_serial_row_count,ok
2026,37,50,777,,,data\rolls\2026\pdfs\ac037\AC037PART050.pdf,pdf_serial_row_count,ok
2026,37,51,773,,,data\rolls\2026\pdfs\ac037\AC037PART051.pdf,pdf_serial_row_count,ok
2026,37,52,933,,,data\rolls\2026\pdfs\ac037\AC037PART052.pdf,pdf_serial_row_count,ok
2026,37,53,890,,,data\rolls\2026\pdfs\ac037\AC037PART053.pdf,pdf_serial_row_count,ok
2026,37,54,753,,,data\rolls\2026\pdfs\ac037\AC037PART054.pdf,pdf_serial_row_count,ok
2026,37,55,508,,,data\rolls\2026\pdfs\ac037\AC037PART055.pdf,pdf_serial_row_count,ok
2026,37,56,538,,,data\rolls\2026\pdfs\ac037\AC037PART056.pdf,pdf_serial_row_count,ok
2026,37,57,731,,,data\rolls\2026\pdfs\ac037\AC037PART057.pdf,pdf_serial_row_count,ok
2026,37,58,841,,,data\rolls\2026\pdfs\ac037\AC037PART058.pdf,pdf_serial_row_count,ok
2026,37,59,936,,,data\rolls\2026\pdfs\ac037\AC037PART059.pdf,pdf_serial_row_count,ok
2026,37,60,764,,,data\rolls\2026\pdfs\ac037\AC037PART060.pdf,pdf_serial_row_count,ok
2026,37,61,798,,,data\rolls\2026\pdfs\ac037\AC037PART061.pdf,pdf_serial_row_count,ok
2026,37,62,563,,,data\rolls\2026\pdfs\ac037\AC037PART062.pdf,pdf_serial_row_count,ok
2026,37,63,726,,,data\rolls\2026\pdfs\ac037\AC037PART063.pdf,pdf_serial_row_count,ok
2026,37,64,511,,,data\rolls\2026\pdfs\ac037\AC037PART064.pdf,pdf_serial_row_count,ok
2026,37,65,500,,,data\rolls\2026\pdfs\ac037\AC037PART065.pdf,pdf_serial_row_count,ok
2026,37,66,751,,,data\rolls\2026\pdfs\ac037\AC037PART066.pdf,pdf_serial_row_count,ok
2026,37,67,595,,,data\rolls\2026\pdfs\ac037\AC037PART067.pdf,pdf_serial_row_count,ok
2026,37,68,356,,,data\rolls\2026\pdfs\ac037\AC037PART068.pdf,pdf_serial_row_count,ok
2026,37,69,887,,,data\rolls\2026\pdfs\ac037\AC037PART069.pdf,pdf_serial_row_count,ok
2026,37,70,729,,,data\rolls\2026\pdfs\ac037\AC037PART070.pdf,pdf_serial_row_count,ok
2026,37,71,703,,,data\rolls\2026\pdfs\ac037\AC037PART071.pdf,pdf_serial_row_count,ok
2026,37,72,429,,,data\rolls\2026\pdfs\ac037\AC037PART072.pdf,pdf_serial_row_count,ok
2026,37,73,642,,,data\rolls\2026\pdfs\ac037\AC037PART073.pdf,pdf_serial_row_count,ok
2026,37,74,946,,,data\rolls\2026\pdfs\ac037\AC037PART074.pdf,pdf_serial_row_count,ok
2026,37,75,886,,,data\rolls\2026\pdfs\ac037\AC037PART075.pdf,pdf_serial_row_count,ok
2026,37,76,700,,,data\rolls\2026\pdfs\ac037\AC037PART076.pdf,pdf_serial_row_count,ok
2026,37,77,886,,,data\rolls\2026\pdfs\ac037\AC037PART077.pdf,pdf_serial_row_count,ok
2026,37,78,664,,,data\rolls\2026\pdfs\ac037\AC037PART078.pdf,pdf_serial_row_count,ok
2026,37,79,624,,,data\rolls\2026\pdfs\ac037\AC037PART079.pdf,pdf_serial_row_count,ok
2026,37,80,780,,,data\rolls\2026\pdfs\ac037\AC037PART080.pdf,pdf_serial_row_count,ok
2026,37,81,691,,,data\rolls\2026\pdfs\ac037\AC037PART081.pdf,pdf_serial_row_count,ok
2026,37,82,716,,,data\rolls\2026\pdfs\ac037\AC037PART082.pdf,pdf_serial_row_count,ok
2026,37,83,443,,,data\rolls\2026\pdfs\ac037\AC037PART083.pdf,pdf_serial_row_count,ok
2026,37,84,985,,,data\rolls\2026\pdfs\ac037\AC037PART084.pdf,pdf_serial_row_count,ok
2026,37,85,920,,,data\rolls\2026\pdfs\ac037\AC037PART085.pdf,pdf_serial_row_count,ok
2026,37,86,658,,,data\rolls\2026\pdfs\ac037\AC037PART086.pdf,pdf_serial_row_count,ok
2026,37,87,820,,,data\rolls\2026\pdfs\ac037\AC037PART087.pdf,pdf_serial_row_count,ok
2026,37,88,810,,,data\rolls\2026\pdfs\ac037\AC037PART088.pdf,pdf_serial_row_count,ok
2026,37,89,560,,,data\rolls\2026\pdfs\ac037\AC037PART089.pdf,pdf_serial_row_count,ok
2026,37,90,653,,,data\rolls\2026\pdfs\ac037\AC037PART090.pdf,pdf_serial_row_count,ok
2026,37,91,889,,,data\rolls\2026\pdfs\ac037\AC037PART091.pdf,pdf_serial_row_count,ok
2026,37,92,468,,,data\rolls\2026\pdfs\ac037\AC037PART092.pdf,pdf_serial_row_count,ok
2026,37,93,497,,,data\rolls\2026\pdfs\ac037\AC037PART093.pdf,pdf_serial_row_count,ok
2026,37,94,552,,,data\rolls\2026\pdfs\ac037\AC037PART094.pdf,pdf_serial_row_count,ok
2026,37,95,969,,,data\rolls\2026\pdfs\ac037\AC037PART095.pdf,pdf_serial_row_count,ok
2026,37,96,703,,,data\rolls\2026\pdfs\ac037\AC037PART096.pdf,pdf_serial_row_count,ok
2026,37,97,986,,,data\rolls\2026\pdfs\ac037\AC037PART097.pdf,pdf_serial_row_count,ok
2026,37,98,608,,,data\rolls\2026\pdfs\ac037\AC037PART098.pdf,pdf_serial_row_count,ok
2026,37,99,591,,,data\rolls\2026\pdfs\ac037\AC037PART099.pdf,pdf_serial_row_count,ok
2026,37,100,868,,,data\rolls\2026\pdfs\ac037\AC037PART100.pdf,pdf_serial_row_count,ok
2026,37,101,425,,,data\rolls\2026\pdfs\ac037\AC037PART101.pdf,pdf_serial_row_count,ok
2026,37,102,844,,,data\rolls\2026\pdfs\ac037\AC037PART102.pdf,pdf_serial_row_count,ok
2026,37,103,838,,,data\rolls\2026\pdfs\ac037\AC037PART103.pdf,pdf_serial_row_count,ok
2026,37,104,763,,,data\rolls\2026\pdfs\ac037\AC037PART104.pdf,pdf_serial_row_count,ok
2026,37,105,904,,,data\rolls\2026\pdfs\ac037\AC037PART105.pdf,pdf_serial_row_count,ok
2026,37,106,433,,,data\rolls\2026\pdfs\ac037\AC037PART106.pdf,pdf_serial_row_count,ok
2026,37,107,659,,,data\rolls\2026\pdfs\ac037\AC037PART107.pdf,pdf_serial_row_count,ok
2026,37,108,741,,,data\rolls\2026\pdfs\ac037\AC037PART108.pdf,pdf_serial_row_count,ok
2026,37,109,826,,,data\rolls\2026\pdfs\ac037\AC037PART109.pdf,pdf_serial_row_count,ok
2026,37,110,558,,,data\rolls\2026\pdfs\ac037\AC037PART110.pdf,pdf_serial_row_count,ok
2026,37,111,508,,,data\rolls\2026\pdfs\ac037\AC037PART111.pdf,pdf_serial_row_count,ok
2026,37,112,667,,,data\rolls\2026\pdfs\ac037\AC037PART112.pdf,pdf_serial_row_count,ok
2026,37,113,558,,,data\rolls\2026\pdfs\ac037\AC037PART113.pdf,pdf_serial_row_count,ok
2026,37,114,768,,,data\rolls\2026\pdfs\ac037\AC037PART114.pdf,pdf_serial_row_count,ok
2026,37,115,765,,,data\rolls\2026\pdfs\ac037\AC037PART115.pdf,pdf_serial_row_count,ok
2026,37,116,555,,,data\rolls\2026\pdfs\ac037\AC037PART116.pdf,pdf_serial_row_count,ok
2026,37,117,800,,,data\rolls\2026\pdfs\ac037\AC037PART117.pdf,pdf_serial_row_count,ok
2026,37,118,858,,,data\rolls\2026\pdfs\ac037\AC037PART118.pdf,pdf_serial_row_count,ok
2026,37,119,954,,,data\rolls\2026\pdfs\ac037\AC037PART119.pdf,pdf_serial_row_count,ok
2026,37,120,811,,,data\rolls\2026\pdfs\ac037\AC037PART120.pdf,pdf_serial_row_count,ok
2026,37,121,795,,,data\rolls\2026\pdfs\ac037\AC037PART121.pdf,pdf_serial_row_count,ok
2026,37,122,604,,,data\rolls\2026\pdfs\ac037\AC037PART122.pdf,pdf_serial_row_count,ok
2026,37,123,621,,,data\rolls\2026\pdfs\ac037\AC037PART123.pdf,pdf_serial_row_count,ok
2026,37,124,550,,,data\rolls\2026\pdfs\ac037\AC037PART124.pdf,pdf_serial_row_count,ok
2026,37,125,731,,,data\rolls\2026\pdfs\ac037\AC037PART125.pdf,pdf_serial_row_count,ok
2026,37,126,574,,,data\rolls\2026\pdfs\ac037\AC037PART126.pdf,pdf_serial_row_count,ok
2026,37,127,713,,,data\rolls\2026\pdfs\ac037\AC037PART127.pdf,pdf_serial_row_count,ok
2026,37,128,627,,,data\rolls\2026\pdfs\ac037\AC037PART128.pdf,pdf_serial_row_count,ok
2026,37,129,703,,,data\rolls\2026\pdfs\ac037\AC037PART129.pdf,pdf_serial_row_count,ok
2026,37,130,946,,,data\rolls\2026\pdfs\ac037\AC037PART130.pdf,pdf_serial_row_count,ok
2026,37,131,1102,,,data\rolls\2026\pdfs\ac037\AC037PART131.pdf,pdf_serial_row_count,ok
2026,37,132,730,,,data\rolls\2026\pdfs\ac037\AC037PART132.pdf,pdf_serial_row_count,ok
2026,37,133,485,,,data\rolls\2026\pdfs\ac037\AC037PART133.pdf,pdf_serial_row_count,ok
2026,37,134,597,,,data\rolls\2026\pdfs\ac037\AC037PART134.pdf,pdf_serial_row_count,ok
2026,37,135,727,,,data\rolls\2026\pdfs\ac037\AC037PART135.pdf,pdf_serial_row_count,ok
2026,37,136,592,,,data\rolls\2026\pdfs\ac037\AC037PART136.pdf,pdf_serial_row_count,ok
2026,37,137,646,,,data\rolls\2026\pdfs\ac037\AC037PART137.pdf,pdf_serial_row_count,ok
2026,37,138,507,,,data\rolls\2026\pdfs\ac037\AC037PART138.pdf,pdf_serial_row_count,ok
2026,37,139,927,,,data\rolls\2026\pdfs\ac037\AC037PART139.pdf,pdf_serial_row_count,ok
2026,37,140,957,,,data\rolls\2026\pdfs\ac037\AC037PART140.pdf,pdf_serial_row_count,ok
2026,37,141,621,,,data\rolls\2026\pdfs\ac037\AC037PART141.pdf,pdf_serial_row_count,ok
2026,37,142,996,,,data\rolls\2026\pdfs\ac037\AC037PART142.pdf,pdf_serial_row_count,ok
2026,37,143,544,,,data\rolls\2026\pdfs\ac037\AC037PART143.pdf,pdf_serial_row_count,ok
2026,37,144,560,,,data\rolls\2026\pdfs\ac037\AC037PART144.pdf,pdf_serial_row_count,ok
2026,37,145,561,,,data\rolls\2026\pdfs\ac037\AC037PART145.pdf,pdf_serial_row_count,ok
2026,37,146,749,,,data\rolls\2026\pdfs\ac037\AC037PART146.pdf,pdf_serial_row_count,ok
2026,37,147,441,,,data\rolls\2026\pdfs\ac037\AC037PART147.pdf,pdf_serial_row_count,ok
2026,37,148,1001,,,data\rolls\2026\pdfs\ac037\AC037PART148.pdf,pdf_serial_row_count,ok
2026,37,149,680,,,data\rolls\2026\pdfs\ac037\AC037PART149.pdf,pdf_serial_row_count,ok
2026,37,150,889,,,data\rolls\2026\pdfs\ac037\AC037PART150.pdf,pdf_serial_row_count,ok
2026,37,151,489,,,data\rolls\2026\pdfs\ac037\AC037PART151.pdf,pdf_serial_row_count,ok
2026,37,152,814,,,data\rolls\2026\pdfs\ac037\AC037PART152.pdf,pdf_serial_row_count,ok
2026,37,153,753,,,data\rolls\2026\pdfs\ac037\AC037PART153.pdf,pdf_serial_row_count,ok
2026,37,154,664,,,data\rolls\2026\pdfs\ac037\AC037PART154.pdf,pdf_serial_row_count,ok
2026,37,155,813,,,data\rolls\2026\pdfs\ac037\AC037PART155.pdf,pdf_serial_row_count,ok
2026,37,156,925,,,data\rolls\2026\pdfs\ac037\AC037PART156.pdf,pdf_serial_row_count,ok
2026,37,157,860,,,data\rolls\2026\pdfs\ac037\AC037PART157.pdf,pdf_serial_row_count,ok
2026,37,158,684,,,data\rolls\2026\pdfs\ac037\AC037PART158.pdf,pdf_serial_row_count,ok
2026,37,159,688,,,data\rolls\2026\pdfs\ac037\AC037PART159.pdf,pdf_serial_row_count,ok
2026,37,160,460,,,data\rolls\2026\pdfs\ac037\AC037PART160.pdf,pdf_serial_row_count,ok
2026,37,161,809,,,data\rolls\2026\pdfs\ac037\AC037PART161.pdf,pdf_serial_row_count,ok
2026,37,162,558,,,data\rolls\2026\pdfs\ac037\AC037PART162.pdf,pdf_serial_row_count,ok
2026,37,163,879,,,data\rolls\2026\pdfs\ac037\AC037PART163.pdf,pdf_serial_row_count,ok
2026,37,164,775,,,data\rolls\2026\pdfs\ac037\AC037PART164.pdf,pdf_serial_row_count,ok
2026,37,165,834,,,data\rolls\2026\pdfs\ac037\AC037PART165.pdf,pdf_serial_row_count,ok
2026,37,166,434,,,data\rolls\2026\pdfs\ac037\AC037PART166.pdf,pdf_serial_row_count,ok
2026,37,167,990,,,data\rolls\2026\pdfs\ac037\AC037PART167.pdf,pdf_serial_row_count,ok
2026,37,168,1035,,,data\rolls\2026\pdfs\ac037\AC037PART168.pdf,pdf_serial_row_count,ok
2026,37,169,645,,,data\rolls\2026\pdfs\ac037\AC037PART169.pdf,pdf_serial_row_count,ok
2026,37,170,855,,,data\rolls\2026\pdfs\ac037\AC037PART170.pdf,pdf_serial_row_count,ok
2026,37,171,607,,,data\rolls\2026\pdfs\ac037\AC037PART171.pdf,pdf_serial_row_count,ok
2026,37,172,818,,,data\rolls\2026\pdfs\ac037\AC037PART172.pdf,pdf_serial_row_count,ok
2026,37,173,1004,,,data\rolls\2026\pdfs\ac037\AC037PART173.pdf,pdf_serial_row_count,ok
2026,37,174,917,,,data\rolls\2026\pdfs\ac037\AC037PART174.pdf,pdf_serial_row_count,ok
2026,37,175,543,,,data\rolls\2026\pdfs\ac037\AC037PART175.pdf,pdf_serial_row_count,ok
2026,37,176,709,,,data\rolls\2026\pdfs\ac037\AC037PART176.pdf,pdf_serial_row_count,ok
2026,37,177,523,,,data\rolls\2026\pdfs\ac037\AC037PART177.pdf,pdf_serial_row_count,ok
2026,37,178,927,,,data\rolls\2026\pdfs\ac037\AC037PART178.pdf,pdf_serial_row_count,ok
2026,37,179,426,,,data\rolls\2026\pdfs\ac037\AC037PART179.pdf,pdf_serial_row_count,ok
2026,37,180,705,,,data\rolls\2026\pdfs\ac037\AC037PART180.pdf,pdf_serial_row_count,ok
2026,37,181,1004,,,data\rolls\2026\pdfs\ac037\AC037PART181.pdf,pdf_serial_row_count,ok
2026,37,182,971,,,data\rolls\2026\pdfs\ac037\AC037PART182.pdf,pdf_serial_row_count,ok
2026,37,183,746,,,data\rolls\2026\pdfs\ac037\AC037PART183.pdf,pdf_serial_row_count,ok
2026,37,184,731,,,data\rolls\2026\pdfs\ac037\AC037PART184.pdf,pdf_serial_row_count,ok
2026,37,185,837,,,data\rolls\2026\pdfs\ac037\AC037PART185.pdf,pdf_serial_row_count,ok
2026,37,186,816,,,data\rolls\2026\pdfs\ac037\AC037PART186.pdf,pdf_serial_row_count,ok
2026,37,187,698,,,data\rolls\2026\pdfs\ac037\AC037PART187.pdf,pdf_serial_row_count,ok
2026,37,188,736,,,data\rolls\2026\pdfs\ac037\AC037PART188.pdf,pdf_serial_row_count,ok
2026,37,189,775,,,data\rolls\2026\pdfs\ac037\AC037PART189.pdf,pdf_serial_row_count,ok
2026,37,190,813,,,data\rolls\2026\pdfs\ac037\AC037PART190.pdf,pdf_serial_row_count,ok
2026,37,191,543,,,data\rolls\2026\pdfs\ac037\AC037PART191.pdf,pdf_serial_row_count,ok
2026,37,192,561,,,data\rolls\2026\pdfs\ac037\AC037PART192.pdf,pdf_serial_row_count,ok
2026,37,193,706,,,data\rolls\2026\pdfs\ac037\AC037PART193.pdf,pdf_serial_row_count,ok
2026,37,194,920,,,data\rolls\2026\pdfs\ac037\AC037PART194.pdf,pdf_serial_row_count,ok
2026,37,195,1103,,,data\rolls\2026\pdfs\ac037\AC037PART195.pdf,pdf_serial_row_count,ok
2026,37,196,982,,,data\rolls\2026\pdfs\ac037\AC037PART196.pdf,pdf_serial_row_count,ok
2026,37,197,778,,,data\rolls\2026\pdfs\ac037\AC037PART197.pdf,pdf_serial_row_count,ok
2026,37,198,727,,,data\rolls\2026\pdfs\ac037\AC037PART198.pdf,pdf_serial_row_count,ok
2026,37,199,833,,,data\rolls\2026\pdfs\ac037\AC037PART199.pdf,pdf_serial_row_count,ok
2026,37,200,734,,,data\rolls\2026\pdfs\ac037\AC037PART200.pdf,pdf_serial_row_count,ok
2026,37,201,674,,,data\rolls\2026\pdfs\ac037\AC037PART201.pdf,pdf_serial_row_count,ok
2026,37,202,812,,,data\rolls\2026\pdfs\ac037\AC037PART202.pdf,pdf_serial_row_count,ok
2026,37,203,937,,,data\rolls\2026\pdfs\ac037\AC037PART203.pdf,pdf_serial_row_count,ok
2026,37,204,1077,,,data\rolls\2026\pdfs\ac037\AC037PART204.pdf,pdf_serial_row_count,ok
2026,37,205,1006,,,data\rolls\2026\pdfs\ac037\AC037PART205.pdf,pdf_serial_row_count,ok
2026,37,206,708,,,data\rolls\2026\pdfs\ac037\AC037PART206.pdf,pdf_serial_row_count,ok
2026,37,207,672,,,data\rolls\2026\pdfs\ac037\AC037PART207.pdf,pdf_serial_row_count,ok
2026,37,208,455,,,data\rolls\2026\pdfs\ac037\AC037PART208.pdf,pdf_serial_row_count,ok
2026,37,209,611,,,data\rolls\2026\pdfs\ac037\AC037PART209.pdf,pdf_serial_row_count,ok
2026,37,210,452,,,data\rolls\2026\pdfs\ac037\AC037PART210.pdf,pdf_serial_row_count,ok
2026,37,211,732,,,data\rolls\2026\pdfs\ac037\AC037PART211.pdf,pdf_serial_row_count,ok
2026,37,212,719,,,data\rolls\2026\pdfs\ac037\AC037PART212.pdf,pdf_serial_row_count,ok
2026,37,213,757,,,data\rolls\2026\pdfs\ac037\AC037PART213.pdf,pdf_serial_row_count,ok
2026,37,214,681,,,data\rolls\2026\pdfs\ac037\AC037PART214.pdf,pdf_serial_row_count,ok
2026,37,215,995,,,data\rolls\2026\pdfs\ac037\AC037PART215.pdf,pdf_serial_row_count,ok
2026,37,216,641,,,data\rolls\2026\pdfs\ac037\AC037PART216.pdf,pdf_serial_row_count,ok
2026,37,217,776,,,data\rolls\2026\pdfs\ac037\AC037PART217.pdf,pdf_serial_row_count,ok
2026,37,218,561,,,data\rolls\2026\pdfs\ac037\AC037PART218.pdf,pdf_serial_row_count,ok
2026,37,219,666,,,data\rolls\2026\pdfs\ac037\AC037PART219.pdf,pdf_serial_row_count,ok
2026,37,220,700,,,data\rolls\2026\pdfs\ac037\AC037PART220.pdf,pdf_serial_row_count,ok
2026,37,221,598,,,data\rolls\2026\pdfs\ac037\AC037PART221.pdf,pdf_serial_row_count,ok
2026,37,222,525,,,data\rolls\2026\pdfs\ac037\AC037PART222.pdf,pdf_serial_row_count,ok
2026,37,223,939,,,data\rolls\2026\pdfs\ac037\AC037PART223.pdf,pdf_serial_row_count,ok
2026,37,224,773,,,data\rolls\2026\pdfs\ac037\AC037PART224.pdf,pdf_serial_row_count,ok
2026,37,225,705,,,data\rolls\2026\pdfs\ac037\AC037PART225.pdf,pdf_serial_row_count,ok
2026,38,1,762,,,data\rolls\2026\pdfs\ac038\AC038PART001.pdf,pdf_serial_row_count,ok
2026,38,2,915,,,data\rolls\2026\pdfs\ac038\AC038PART002.pdf,pdf_serial_row_count,ok
2026,38,3,908,,,data\rolls\2026\pdfs\ac038\AC038PART003.pdf,pdf_serial_row_count,ok
2026,38,4,786,,,data\rolls\2026\pdfs\ac038\AC038PART004.pdf,pdf_serial_row_count,ok
2026,38,5,726,,,data\rolls\2026\pdfs\ac038\AC038PART005.pdf,pdf_serial_row_count,ok
2026,38,6,732,,,data\rolls\2026\pdfs\ac038\AC038PART006.pdf,pdf_serial_row_count,ok
2026,38,7,613,,,data\rolls\2026\pdfs\ac038\AC038PART007.pdf,pdf_serial_row_count,ok
2026,38,8,680,,,data\rolls\2026\pdfs\ac038\AC038PART008.pdf,pdf_serial_row_count,ok
2026,38,9,876,,,data\rolls\2026\pdfs\ac038\AC038PART009.pdf,pdf_serial_row_count,ok
2026,38,10,380,,,data\rolls\2026\pdfs\ac038\AC038PART010.pdf,pdf_serial_row_count,ok
2026,38,11,834,,,data\rolls\2026\pdfs\ac038\AC038PART011.pdf,pdf_serial_row_count,ok
2026,38,12,744,,,data\rolls\2026\pdfs\ac038\AC038PART012.pdf,pdf_serial_row_count,ok
2026,38,13,862,,,data\rolls\2026\pdfs\ac038\AC038PART013.pdf,pdf_serial_row_count,ok
2026,38,14,561,,,data\rolls\2026\pdfs\ac038\AC038PART014.pdf,pdf_serial_row_count,ok
2026,38,15,561,,,data\rolls\2026\pdfs\ac038\AC038PART015.pdf,pdf_serial_row_count,ok
2026,38,16,630,,,data\rolls\2026\pdfs\ac038\AC038PART016.pdf,pdf_serial_row_count,ok
2026,38,17,946,,,data\rolls\2026\pdfs\ac038\AC038PART017.pdf,pdf_serial_row_count,ok
2026,38,18,583,,,data\rolls\2026\pdfs\ac038\AC038PART018.pdf,pdf_serial_row_count,ok
2026,38,19,845,,,data\rolls\2026\pdfs\ac038\AC038PART019.pdf,pdf_serial_row_count,ok
2026,38,20,543,,,data\rolls\2026\pdfs\ac038\AC038PART020.pdf,pdf_serial_row_count,ok
2026,38,21,606,,,data\rolls\2026\pdfs\ac038\AC038PART021.pdf,pdf_serial_row_count,ok
2026,38,22,805,,,data\rolls\2026\pdfs\ac038\AC038PART022.pdf,pdf_serial_row_count,ok
2026,38,23,923,,,data\rolls\2026\pdfs\ac038\AC038PART023.pdf,pdf_serial_row_count,ok
2026,38,24,822,,,data\rolls\2026\pdfs\ac038\AC038PART024.pdf,pdf_serial_row_count,ok
2026,38,25,613,,,data\rolls\2026\pdfs\ac038\AC038PART025.pdf,pdf_serial_row_count,ok
2026,38,26,680,,,data\rolls\2026\pdfs\ac038\AC038PART026.pdf,pdf_serial_row_count,ok
2026,38,27,728,,,data\rolls\2026\pdfs\ac038\AC038PART027.pdf,pdf_serial_row_count,ok
2026,38,28,550,,,data\rolls\2026\pdfs\ac038\AC038PART028.pdf,pdf_serial_row_count,ok
2026,38,29,588,,,data\rolls\2026\pdfs\ac038\AC038PART029.pdf,pdf_serial_row_count,ok
2026,38,30,779,,,data\rolls\2026\pdfs\ac038\AC038PART030.pdf,pdf_serial_row_count,ok
2026,38,31,870,,,data\rolls\2026\pdfs\ac038\AC038PART031.pdf,pdf_serial_row_count,ok
2026,38,32,533,,,data\rolls\2026\pdfs\ac038\AC038PART032.pdf,pdf_serial_row_count,ok
2026,38,33,791,,,data\rolls\2026\pdfs\ac038\AC038PART033.pdf,pdf_serial_row_count,ok
2026,38,34,1029,,,data\rolls\2026\pdfs\ac038\AC038PART034.pdf,pdf_serial_row_count,ok
2026,38,35,860,,,data\rolls\2026\pdfs\ac038\AC038PART035.pdf,pdf_serial_row_count,ok
2026,38,36,818,,,data\rolls\2026\pdfs\ac038\AC038PART036.pdf,pdf_serial_row_count,ok
2026,38,37,619,,,data\rolls\2026\pdfs\ac038\AC038PART037.pdf,pdf_serial_row_count,ok
2026,38,38,833,,,data\rolls\2026\pdfs\ac038\AC038PART038.pdf,pdf_serial_row_count,ok
2026,38,39,1121,,,data\rolls\2026\pdfs\ac038\AC038PART039.pdf,pdf_serial_row_count,ok
2026,38,40,567,,,data\rolls\2026\pdfs\ac038\AC038PART040.pdf,pdf_serial_row_count,ok
2026,38,41,653,,,data\rolls\2026\pdfs\ac038\AC038PART041.pdf,pdf_serial_row_count,ok
2026,38,42,812,,,data\rolls\2026\pdfs\ac038\AC038PART042.pdf,pdf_serial_row_count,ok
2026,38,43,780,,,data\rolls\2026\pdfs\ac038\AC038PART043.pdf,pdf_serial_row_count,ok
2026,38,44,888,,,data\rolls\2026\pdfs\ac038\AC038PART044.pdf,pdf_serial_row_count,ok
2026,38,45,782,,,data\rolls\2026\pdfs\ac038\AC038PART045.pdf,pdf_serial_row_count,ok
2026,38,46,951,,,data\rolls\2026\pdfs\ac038\AC038PART046.pdf,pdf_serial_row_count,ok
2026,38,47,756,,,data\rolls\2026\pdfs\ac038\AC038PART047.pdf,pdf_serial_row_count,ok
2026,38,48,805,,,data\rolls\2026\pdfs\ac038\AC038PART048.pdf,pdf_serial_row_count,ok
2026,38,49,645,,,data\rolls\2026\pdfs\ac038\AC038PART049.pdf,pdf_serial_row_count,ok
2026,38,50,960,,,data\rolls\2026\pdfs\ac038\AC038PART050.pdf,pdf_serial_row_count,ok
2026,38,51,941,,,data\rolls\2026\pdfs\ac038\AC038PART051.pdf,pdf_serial_row_count,ok
2026,38,52,825,,,data\rolls\2026\pdfs\ac038\AC038PART052.pdf,pdf_serial_row_count,ok
2026,38,53,1176,,,data\rolls\2026\pdfs\ac038\AC038PART053.pdf,pdf_serial_row_count,ok
2026,38,54,589,,,data\rolls\2026\pdfs\ac038\AC038PART054.pdf,pdf_serial_row_count,ok
2026,38,55,893,,,data\rolls\2026\pdfs\ac038\AC038PART055.pdf,pdf_serial_row_count,ok
2026,38,56,621,,,data\rolls\2026\pdfs\ac038\AC038PART056.pdf,pdf_serial_row_count,ok
2026,38,57,416,,,data\rolls\2026\pdfs\ac038\AC038PART057.pdf,pdf_serial_row_count,ok
2026,38,58,925,,,data\rolls\2026\pdfs\ac038\AC038PART058.pdf,pdf_serial_row_count,ok
2026,38,59,875,,,data\rolls\2026\pdfs\ac038\AC038PART059.pdf,pdf_serial_row_count,ok
2026,38,60,904,,,data\rolls\2026\pdfs\ac038\AC038PART060.pdf,pdf_serial_row_count,ok
2026,38,61,348,,,data\rolls\2026\pdfs\ac038\AC038PART061.pdf,pdf_serial_row_count,ok
2026,38,62,653,,,data\rolls\2026\pdfs\ac038\AC038PART062.pdf,pdf_serial_row_count,ok
2026,38,63,616,,,data\rolls\2026\pdfs\ac038\AC038PART063.pdf,pdf_serial_row_count,ok
2026,38,64,642,,,data\rolls\2026\pdfs\ac038\AC038PART064.pdf,pdf_serial_row_count,ok
2026,38,65,647,,,data\rolls\2026\pdfs\ac038\AC038PART065.pdf,pdf_serial_row_count,ok
2026,38,66,541,,,data\rolls\2026\pdfs\ac038\AC038PART066.pdf,pdf_serial_row_count,ok
2026,38,67,601,,,data\rolls\2026\pdfs\ac038\AC038PART067.pdf,pdf_serial_row_count,ok
2026,38,68,720,,,data\rolls\2026\pdfs\ac038\AC038PART068.pdf,pdf_serial_row_count,ok
2026,38,69,825,,,data\rolls\2026\pdfs\ac038\AC038PART069.pdf,pdf_serial_row_count,ok
2026,38,70,691,,,data\rolls\2026\pdfs\ac038\AC038PART070.pdf,pdf_serial_row_count,ok
2026,38,71,752,,,data\rolls\2026\pdfs\ac038\AC038PART071.pdf,pdf_serial_row_count,ok
2026,38,72,757,,,data\rolls\2026\pdfs\ac038\AC038PART072.pdf,pdf_serial_row_count,ok
2026,38,73,514,,,data\rolls\2026\pdfs\ac038\AC038PART073.pdf,pdf_serial_row_count,ok
2026,38,74,597,,,data\rolls\2026\pdfs\ac038\AC038PART074.pdf,pdf_serial_row_count,ok
2026,38,75,964,,,data\rolls\2026\pdfs\ac038\AC038PART075.pdf,pdf_serial_row_count,ok
2026,38,76,853,,,data\rolls\2026\pdfs\ac038\AC038PART076.pdf,pdf_serial_row_count,ok
2026,38,77,697,,,data\rolls\2026\pdfs\ac038\AC038PART077.pdf,pdf_serial_row_count,ok
2026,38,78,597,,,data\rolls\2026\pdfs\ac038\AC038PART078.pdf,pdf_serial_row_count,ok
2026,38,79,533,,,data\rolls\2026\pdfs\ac038\AC038PART079.pdf,pdf_serial_row_count,ok
2026,38,80,544,,,data\rolls\2026\pdfs\ac038\AC038PART080.pdf,pdf_serial_row_count,ok
2026,38,81,604,,,data\rolls\2026\pdfs\ac038\AC038PART081.pdf,pdf_serial_row_count,ok
2026,38,82,714,,,data\rolls\2026\pdfs\ac038\AC038PART082.pdf,pdf_serial_row_count,ok
2026,38,83,542,,,data\rolls\2026\pdfs\ac038\AC038PART083.pdf,pdf_serial_row_count,ok
2026,38,84,736,,,data\rolls\2026\pdfs\ac038\AC038PART084.pdf,pdf_serial_row_count,ok
2026,38,85,918,,,data\rolls\2026\pdfs\ac038\AC038PART085.pdf,pdf_serial_row_count,ok
2026,38,86,778,,,data\rolls\2026\pdfs\ac038\AC038PART086.pdf,pdf_serial_row_count,ok
2026,38,87,763,,,data\rolls\2026\pdfs\ac038\AC038PART087.pdf,pdf_serial_row_count,ok
2026,38,88,772,,,data\rolls\2026\pdfs\ac038\AC038PART088.pdf,pdf_serial_row_count,ok
2026,38,89,693,,,data\rolls\2026\pdfs\ac038\AC038PART089.pdf,pdf_serial_row_count,ok
2026,38,90,686,,,data\rolls\2026\pdfs\ac038\AC038PART090.pdf,pdf_serial_row_count,ok
2026,38,91,909,,,data\rolls\2026\pdfs\ac038\AC038PART091.pdf,pdf_serial_row_count,ok
2026,38,92,806,,,data\rolls\2026\pdfs\ac038\AC038PART092.pdf,pdf_serial_row_count,ok
2026,38,93,546,,,data\rolls\2026\pdfs\ac038\AC038PART093.pdf,pdf_serial_row_count,ok
2026,38,94,602,,,data\rolls\2026\pdfs\ac038\AC038PART094.pdf,pdf_serial_row_count,ok
2026,38,95,578,,,data\rolls\2026\pdfs\ac038\AC038PART095.pdf,pdf_serial_row_count,ok
2026,38,96,616,,,data\rolls\2026\pdfs\ac038\AC038PART096.pdf,pdf_serial_row_count,ok
2026,38,97,706,,,data\rolls\2026\pdfs\ac038\AC038PART097.pdf,pdf_serial_row_count,ok
2026,38,98,558,,,data\rolls\2026\pdfs\ac038\AC038PART098.pdf,pdf_serial_row_count,ok
2026,38,99,636,,,data\rolls\2026\pdfs\ac038\AC038PART099.pdf,pdf_serial_row_count,ok
2026,38,100,891,,,data\rolls\2026\pdfs\ac038\AC038PART100.pdf,pdf_serial_row_count,ok
2026,38,101,892,,,data\rolls\2026\pdfs\ac038\AC038PART101.pdf,pdf_serial_row_count,ok
2026,38,102,628,,,data\rolls\2026\pdfs\ac038\AC038PART102.pdf,pdf_serial_row_count,ok
2026,38,103,524,,,data\rolls\2026\pdfs\ac038\AC038PART103.pdf,pdf_serial_row_count,ok
2026,38,104,684,,,data\rolls\2026\pdfs\ac038\AC038PART104.pdf,pdf_serial_row_count,ok
2026,38,105,610,,,data\rolls\2026\pdfs\ac038\AC038PART105.pdf,pdf_serial_row_count,ok
2026,38,106,553,,,data\rolls\2026\pdfs\ac038\AC038PART106.pdf,pdf_serial_row_count,ok
2026,38,107,601,,,data\rolls\2026\pdfs\ac038\AC038PART107.pdf,pdf_serial_row_count,ok
2026,38,108,546,,,data\rolls\2026\pdfs\ac038\AC038PART108.pdf,pdf_serial_row_count,ok
2026,38,109,404,,,data\rolls\2026\pdfs\ac038\AC038PART109.pdf,pdf_serial_row_count,ok
2026,38,110,781,,,data\rolls\2026\pdfs\ac038\AC038PART110.pdf,pdf_serial_row_count,ok
2026,38,111,628,,,data\rolls\2026\pdfs\ac038\AC038PART111.pdf,pdf_serial_row_count,ok
2026,38,112,487,,,data\rolls\2026\pdfs\ac038\AC038PART112.pdf,pdf_serial_row_count,ok
2026,38,113,532,,,data\rolls\2026\pdfs\ac038\AC038PART113.pdf,pdf_serial_row_count,ok
2026,38,114,440,,,data\rolls\2026\pdfs\ac038\AC038PART114.pdf,pdf_serial_row_count,ok
2026,38,115,452,,,data\rolls\2026\pdfs\ac038\AC038PART115.pdf,pdf_serial_row_count,ok
2026,38,116,634,,,data\rolls\2026\pdfs\ac038\AC038PART116.pdf,pdf_serial_row_count,ok
2026,38,117,612,,,data\rolls\2026\pdfs\ac038\AC038PART117.pdf,pdf_serial_row_count,ok
2026,38,118,600,,,data\rolls\2026\pdfs\ac038\AC038PART118.pdf,pdf_serial_row_count,ok
2026,38,119,785,,,data\rolls\2026\pdfs\ac038\AC038PART119.pdf,pdf_serial_row_count,ok
2026,38,120,475,,,data\rolls\2026\pdfs\ac038\AC038PART120.pdf,pdf_serial_row_count,ok
2026,38,121,613,,,data\rolls\2026\pdfs\ac038\AC038PART121.pdf,pdf_serial_row_count,ok
2026,38,122,768,,,data\rolls\2026\pdfs\ac038\AC038PART122.pdf,pdf_serial_row_count,ok
2026,38,123,764,,,data\rolls\2026\pdfs\ac038\AC038PART123.pdf,pdf_serial_row_count,ok
2026,38,124,470,,,data\rolls\2026\pdfs\ac038\AC038PART124.pdf,pdf_serial_row_count,ok
2026,38,125,569,,,data\rolls\2026\pdfs\ac038\AC038PART125.pdf,pdf_serial_row_count,ok
2026,38,126,704,,,data\rolls\2026\pdfs\ac038\AC038PART126.pdf,pdf_serial_row_count,ok
2026,38,127,450,,,data\rolls\2026\pdfs\ac038\AC038PART127.pdf,pdf_serial_row_count,ok
2026,38,128,928,,,data\rolls\2026\pdfs\ac038\AC038PART128.pdf,pdf_serial_row_count,ok
2026,38,129,651,,,data\rolls\2026\pdfs\ac038\AC038PART129.pdf,pdf_serial_row_count,ok
2026,38,130,553,,,data\rolls\2026\pdfs\ac038\AC038PART130.pdf,pdf_serial_row_count,ok
2026,38,131,600,,,data\rolls\2026\pdfs\ac038\AC038PART131.pdf,pdf_serial_row_count,ok
2026,38,132,496,,,data\rolls\2026\pdfs\ac038\AC038PART132.pdf,pdf_serial_row_count,ok
2026,38,133,573,,,data\rolls\2026\pdfs\ac038\AC038PART133.pdf,pdf_serial_row_count,ok
2026,38,134,559,,,data\rolls\2026\pdfs\ac038\AC038PART134.pdf,pdf_serial_row_count,ok
2026,38,135,498,,,data\rolls\2026\pdfs\ac038\AC038PART135.pdf,pdf_serial_row_count,ok
2026,38,136,576,,,data\rolls\2026\pdfs\ac038\AC038PART136.pdf,pdf_serial_row_count,ok
2026,38,137,815,,,data\rolls\2026\pdfs\ac038\AC038PART137.pdf,pdf_serial_row_count,ok
2026,38,138,778,,,data\rolls\2026\pdfs\ac038\AC038PART138.pdf,pdf_serial_row_count,ok
2026,38,139,531,,,data\rolls\2026\pdfs\ac038\AC038PART139.pdf,pdf_serial_row_count,ok
2026,38,140,541,,,data\rolls\2026\pdfs\ac038\AC038PART140.pdf,pdf_serial_row_count,ok
2026,38,141,547,,,data\rolls\2026\pdfs\ac038\AC038PART141.pdf,pdf_serial_row_count,ok
2026,38,142,891,,,data\rolls\2026\pdfs\ac038\AC038PART142.pdf,pdf_serial_row_count,ok
2026,38,143,668,,,data\rolls\2026\pdfs\ac038\AC038PART143.pdf,pdf_serial_row_count,ok
2026,38,144,766,,,data\rolls\2026\pdfs\ac038\AC038PART144.pdf,pdf_serial_row_count,ok
2026,38,145,841,,,data\rolls\2026\pdfs\ac038\AC038PART145.pdf,pdf_serial_row_count,ok
2026,38,146,515,,,data\rolls\2026\pdfs\ac038\AC038PART146.pdf,pdf_serial_row_count,ok
2026,38,147,735,,,data\rolls\2026\pdfs\ac038\AC038PART147.pdf,pdf_serial_row_count,ok
2026,38,148,599,,,data\rolls\2026\pdfs\ac038\AC038PART148.pdf,pdf_serial_row_count,ok
2026,38,149,424,,,data\rolls\2026\pdfs\ac038\AC038PART149.pdf,pdf_serial_row_count,ok
2026,38,150,744,,,data\rolls\2026\pdfs\ac038\AC038PART150.pdf,pdf_serial_row_count,ok
2026,38,151,448,,,data\rolls\2026\pdfs\ac038\AC038PART151.pdf,pdf_serial_row_count,ok
2026,38,152,687,,,data\rolls\2026\pdfs\ac038\AC038PART152.pdf,pdf_serial_row_count,ok
2026,38,153,463,,,data\rolls\2026\pdfs\ac038\AC038PART153.pdf,pdf_serial_row_count,ok
2026,38,154,693,,,data\rolls\2026\pdfs\ac038\AC038PART154.pdf,pdf_serial_row_count,ok
2026,38,155,666,,,data\rolls\2026\pdfs\ac038\AC038PART155.pdf,pdf_serial_row_count,ok
2026,38,156,759,,,data\rolls\2026\pdfs\ac038\AC038PART156.pdf,pdf_serial_row_count,ok
2026,38,157,531,,,data\rolls\2026\pdfs\ac038\AC038PART157.pdf,pdf_serial_row_count,ok
2026,38,158,809,,,data\rolls\2026\pdfs\ac038\AC038PART158.pdf,pdf_serial_row_count,ok
2026,38,159,497,,,data\rolls\2026\pdfs\ac038\AC038PART159.pdf,pdf_serial_row_count,ok
2026,38,160,619,,,data\rolls\2026\pdfs\ac038\AC038PART160.pdf,pdf_serial_row_count,ok
2026,38,161,458,,,data\rolls\2026\pdfs\ac038\AC038PART161.pdf,pdf_serial_row_count,ok
2026,38,162,849,,,data\rolls\2026\pdfs\ac038\AC038PART162.pdf,pdf_serial_row_count,ok
2026,38,163,616,,,data\rolls\2026\pdfs\ac038\AC038PART163.pdf,pdf_serial_row_count,ok
2026,38,164,634,,,data\rolls\2026\pdfs\ac038\AC038PART164.pdf,pdf_serial_row_count,ok
2026,38,165,594,,,data\rolls\2026\pdfs\ac038\AC038PART165.pdf,pdf_serial_row_count,ok
2026,38,166,874,,,data\rolls\2026\pdfs\ac038\AC038PART166.pdf,pdf_serial_row_count,ok
2026,38,167,558,,,data\rolls\2026\pdfs\ac038\AC038PART167.pdf,pdf_serial_row_count,ok
2026,38,168,473,,,data\rolls\2026\pdfs\ac038\AC038PART168.pdf,pdf_serial_row_count,ok
2026,38,169,815,,,data\rolls\2026\pdfs\ac038\AC038PART169.pdf,pdf_serial_row_count,ok
2026,38,170,634,,,data\rolls\2026\pdfs\ac038\AC038PART170.pdf,pdf_serial_row_count,ok
2026,38,171,549,,,data\rolls\2026\pdfs\ac038\AC038PART171.pdf,pdf_serial_row_count,ok
2026,38,172,900,,,data\rolls\2026\pdfs\ac038\AC038PART172.pdf,pdf_serial_row_count,ok
2026,38,173,484,,,data\rolls\2026\pdfs\ac038\AC038PART173.pdf,pdf_serial_row_count,ok
2026,38,174,727,,,data\rolls\2026\pdfs\ac038\AC038PART174.pdf,pdf_serial_row_count,ok
2026,38,175,344,,,data\rolls\2026\pdfs\ac038\AC038PART175.pdf,pdf_serial_row_count,ok
2026,38,176,627,,,data\rolls\2026\pdfs\ac038\AC038PART176.pdf,pdf_serial_row_count,ok
2026,38,177,535,,,data\rolls\2026\pdfs\ac038\AC038PART177.pdf,pdf_serial_row_count,ok
2026,38,178,657,,,data\rolls\2026\pdfs\ac038\AC038PART178.pdf,pdf_serial_row_count,ok
2026,38,179,716,,,data\rolls\2026\pdfs\ac038\AC038PART179.pdf,pdf_serial_row_count,ok
2026,38,180,821,,,data\rolls\2026\pdfs\ac038\AC038PART180.pdf,pdf_serial_row_count,ok
2026,38,181,777,,,data\rolls\2026\pdfs\ac038\AC038PART181.pdf,pdf_serial_row_count,ok
2026,38,182,487,,,data\rolls\2026\pdfs\ac038\AC038PART182.pdf,pdf_serial_row_count,ok
2026,38,183,441,,,data\rolls\2026\pdfs\ac038\AC038PART183.pdf,pdf_serial_row_count,ok
2026,38,184,533,,,data\rolls\2026\pdfs\ac038\AC038PART184.pdf,pdf_serial_row_count,ok
2026,38,185,862,,,data\rolls\2026\pdfs\ac038\AC038PART185.pdf,pdf_serial_row_count,ok
2026,38,186,557,,,data\rolls\2026\pdfs\ac038\AC038PART186.pdf,pdf_serial_row_count,ok
2026,38,187,419,,,data\rolls\2026\pdfs\ac038\AC038PART187.pdf,pdf_serial_row_count,ok
2026,38,188,487,,,data\rolls\2026\pdfs\ac038\AC038PART188.pdf,pdf_serial_row_count,ok
2026,38,189,469,,,data\rolls\2026\pdfs\ac038\AC038PART189.pdf,pdf_serial_row_count,ok
2026,38,190,435,,,data\rolls\2026\pdfs\ac038\AC038PART190.pdf,pdf_serial_row_count,ok
2026,38,191,783,,,data\rolls\2026\pdfs\ac038\AC038PART191.pdf,pdf_serial_row_count,ok
2026,38,192,624,,,data\rolls\2026\pdfs\ac038\AC038PART192.pdf,pdf_serial_row_count,ok
2026,38,193,486,,,data\rolls\2026\pdfs\ac038\AC038PART193.pdf,pdf_serial_row_count,ok
2026,38,194,412,,,data\rolls\2026\pdfs\ac038\AC038PART194.pdf,pdf_serial_row_count,ok
2026,38,195,568,,,data\rolls\2026\pdfs\ac038\AC038PART195.pdf,pdf_serial_row_count,ok
2026,38,196,570,,,data\rolls\2026\pdfs\ac038\AC038PART196.pdf,pdf_serial_row_count,ok
2026,39,1,669,,,data\rolls\2026\pdfs\ac039\AC039PART001.pdf,pdf_serial_row_count,ok
2026,39,2,596,,,data\rolls\2026\pdfs\ac039\AC039PART002.pdf,pdf_serial_row_count,ok
2026,39,3,893,,,data\rolls\2026\pdfs\ac039\AC039PART003.pdf,pdf_serial_row_count,ok
2026,39,4,926,,,data\rolls\2026\pdfs\ac039\AC039PART004.pdf,pdf_serial_row_count,ok
2026,39,5,676,,,data\rolls\2026\pdfs\ac039\AC039PART005.pdf,pdf_serial_row_count,ok
2026,39,6,912,,,data\rolls\2026\pdfs\ac039\AC039PART006.pdf,pdf_serial_row_count,ok
2026,39,7,1108,,,data\rolls\2026\pdfs\ac039\AC039PART007.pdf,pdf_serial_row_count,ok
2026,39,8,733,,,data\rolls\2026\pdfs\ac039\AC039PART008.pdf,pdf_serial_row_count,ok
2026,39,9,660,,,data\rolls\2026\pdfs\ac039\AC039PART009.pdf,pdf_serial_row_count,ok
2026,39,10,624,,,data\rolls\2026\pdfs\ac039\AC039PART010.pdf,pdf_serial_row_count,ok
2026,39,11,679,,,data\rolls\2026\pdfs\ac039\AC039PART011.pdf,pdf_serial_row_count,ok
2026,39,12,857,,,data\rolls\2026\pdfs\ac039\AC039PART012.pdf,pdf_serial_row_count,ok
2026,39,13,573,,,data\rolls\2026\pdfs\ac039\AC039PART013.pdf,pdf_serial_row_count,ok
2026,39,14,527,,,data\rolls\2026\pdfs\ac039\AC039PART014.pdf,pdf_serial_row_count,ok
2026,39,15,1020,,,data\rolls\2026\pdfs\ac039\AC039PART015.pdf,pdf_serial_row_count,ok
2026,39,16,999,,,data\rolls\2026\pdfs\ac039\AC039PART016.pdf,pdf_serial_row_count,ok
2026,39,17,987,,,data\rolls\2026\pdfs\ac039\AC039PART017.pdf,pdf_serial_row_count,ok
2026,39,18,547,,,data\rolls\2026\pdfs\ac039\AC039PART018.pdf,pdf_serial_row_count,ok
2026,39,19,506,,,data\rolls\2026\pdfs\ac039\AC039PART019.pdf,pdf_serial_row_count,ok
2026,39,20,598,,,data\rolls\2026\pdfs\ac039\AC039PART020.pdf,pdf_serial_row_count,ok
2026,39,21,842,,,data\rolls\2026\pdfs\ac039\AC039PART021.pdf,pdf_serial_row_count,ok
2026,39,22,943,,,data\rolls\2026\pdfs\ac039\AC039PART022.pdf,pdf_serial_row_count,ok
2026,39,23,498,,,data\rolls\2026\pdfs\ac039\AC039PART023.pdf,pdf_serial_row_count,ok
2026,39,24,487,,,data\rolls\2026\pdfs\ac039\AC039PART024.pdf,pdf_serial_row_count,ok
2026,39,25,563,,,data\rolls\2026\pdfs\ac039\AC039PART025.pdf,pdf_serial_row_count,ok
2026,39,26,758,,,data\rolls\2026\pdfs\ac039\AC039PART026.pdf,pdf_serial_row_count,ok
2026,39,27,540,,,data\rolls\2026\pdfs\ac039\AC039PART027.pdf,pdf_serial_row_count,ok
2026,39,28,558,,,data\rolls\2026\pdfs\ac039\AC039PART028.pdf,pdf_serial_row_count,ok
2026,39,29,909,,,data\rolls\2026\pdfs\ac039\AC039PART029.pdf,pdf_serial_row_count,ok
2026,39,30,851,,,data\rolls\2026\pdfs\ac039\AC039PART030.pdf,pdf_serial_row_count,ok
2026,39,31,667,,,data\rolls\2026\pdfs\ac039\AC039PART031.pdf,pdf_serial_row_count,ok
2026,39,32,554,,,data\rolls\2026\pdfs\ac039\AC039PART032.pdf,pdf_serial_row_count,ok
2026,39,33,586,,,data\rolls\2026\pdfs\ac039\AC039PART033.pdf,pdf_serial_row_count,ok
2026,39,34,892,,,data\rolls\2026\pdfs\ac039\AC039PART034.pdf,pdf_serial_row_count,ok
2026,39,35,792,,,data\rolls\2026\pdfs\ac039\AC039PART035.pdf,pdf_serial_row_count,ok
2026,39,36,800,,,data\rolls\2026\pdfs\ac039\AC039PART036.pdf,pdf_serial_row_count,ok
2026,39,37,496,,,data\rolls\2026\pdfs\ac039\AC039PART037.pdf,pdf_serial_row_count,ok
2026,39,38,533,,,data\rolls\2026\pdfs\ac039\AC039PART038.pdf,pdf_serial_row_count,ok
2026,39,39,918,,,data\rolls\2026\pdfs\ac039\AC039PART039.pdf,pdf_serial_row_count,ok
2026,39,40,473,,,data\rolls\2026\pdfs\ac039\AC039PART040.pdf,pdf_serial_row_count,ok
2026,39,41,567,,,data\rolls\2026\pdfs\ac039\AC039PART041.pdf,pdf_serial_row_count,ok
2026,39,42,730,,,data\rolls\2026\pdfs\ac039\AC039PART042.pdf,pdf_serial_row_count,ok
2026,39,43,943,,,data\rolls\2026\pdfs\ac039\AC039PART043.pdf,pdf_serial_row_count,ok
2026,39,44,790,,,data\rolls\2026\pdfs\ac039\AC039PART044.pdf,pdf_serial_row_count,ok
2026,39,45,932,,,data\rolls\2026\pdfs\ac039\AC039PART045.pdf,pdf_serial_row_count,ok
2026,39,46,431,,,data\rolls\2026\pdfs\ac039\AC039PART046.pdf,pdf_serial_row_count,ok
2026,39,47,560,,,data\rolls\2026\pdfs\ac039\AC039PART047.pdf,pdf_serial_row_count,ok
2026,39,48,549,,,data\rolls\2026\pdfs\ac039\AC039PART048.pdf,pdf_serial_row_count,ok
2026,39,49,729,,,data\rolls\2026\pdfs\ac039\AC039PART049.pdf,pdf_serial_row_count,ok
2026,39,50,1007,,,data\rolls\2026\pdfs\ac039\AC039PART050.pdf,pdf_serial_row_count,ok
2026,39,51,558,,,data\rolls\2026\pdfs\ac039\AC039PART051.pdf,pdf_serial_row_count,ok
2026,39,52,457,,,data\rolls\2026\pdfs\ac039\AC039PART052.pdf,pdf_serial_row_count,ok
2026,39,53,536,,,data\rolls\2026\pdfs\ac039\AC039PART053.pdf,pdf_serial_row_count,ok
2026,39,54,989,,,data\rolls\2026\pdfs\ac039\AC039PART054.pdf,pdf_serial_row_count,ok
2026,39,55,653,,,data\rolls\2026\pdfs\ac039\AC039PART055.pdf,pdf_serial_row_count,ok
2026,39,56,724,,,data\rolls\2026\pdfs\ac039\AC039PART056.pdf,pdf_serial_row_count,ok
2026,39,57,638,,,data\rolls\2026\pdfs\ac039\AC039PART057.pdf,pdf_serial_row_count,ok
2026,39,58,1003,,,data\rolls\2026\pdfs\ac039\AC039PART058.pdf,pdf_serial_row_count,ok
2026,39,59,675,,,data\rolls\2026\pdfs\ac039\AC039PART059.pdf,pdf_serial_row_count,ok
2026,39,60,747,,,data\rolls\2026\pdfs\ac039\AC039PART060.pdf,pdf_serial_row_count,ok
2026,39,61,739,,,data\rolls\2026\pdfs\ac039\AC039PART061.pdf,pdf_serial_row_count,ok
2026,39,62,689,,,data\rolls\2026\pdfs\ac039\AC039PART062.pdf,pdf_serial_row_count,ok
2026,39,63,819,,,data\rolls\2026\pdfs\ac039\AC039PART063.pdf,pdf_serial_row_count,ok
2026,39,64,766,,,data\rolls\2026\pdfs\ac039\AC039PART064.pdf,pdf_serial_row_count,ok
2026,39,65,917,,,data\rolls\2026\pdfs\ac039\AC039PART065.pdf,pdf_serial_row_count,ok
2026,39,66,650,,,data\rolls\2026\pdfs\ac039\AC039PART066.pdf,pdf_serial_row_count,ok
2026,39,67,557,,,data\rolls\2026\pdfs\ac039\AC039PART067.pdf,pdf_serial_row_count,ok
2026,39,68,645,,,data\rolls\2026\pdfs\ac039\AC039PART068.pdf,pdf_serial_row_count,ok
2026,39,69,573,,,data\rolls\2026\pdfs\ac039\AC039PART069.pdf,pdf_serial_row_count,ok
2026,39,70,986,,,data\rolls\2026\pdfs\ac039\AC039PART070.pdf,pdf_serial_row_count,ok
2026,39,71,549,,,data\rolls\2026\pdfs\ac039\AC039PART071.pdf,pdf_serial_row_count,ok
2026,39,72,546,,,data\rolls\2026\pdfs\ac039\AC039PART072.pdf,pdf_serial_row_count,ok
2026,39,73,1249,,,data\rolls\2026\pdfs\ac039\AC039PART073.pdf,pdf_serial_row_count,ok
2026,39,74,999,,,data\rolls\2026\pdfs\ac039\AC039PART074.pdf,pdf_serial_row_count,ok
2026,39,75,712,,,data\rolls\2026\pdfs\ac039\AC039PART075.pdf,pdf_serial_row_count,ok
2026,39,76,869,,,data\rolls\2026\pdfs\ac039\AC039PART076.pdf,pdf_serial_row_count,ok
2026,39,77,531,,,data\rolls\2026\pdfs\ac039\AC039PART077.pdf,pdf_serial_row_count,ok
2026,39,78,565,,,data\rolls\2026\pdfs\ac039\AC039PART078.pdf,pdf_serial_row_count,ok
2026,39,79,652,,,data\rolls\2026\pdfs\ac039\AC039PART079.pdf,pdf_serial_row_count,ok
2026,39,80,662,,,data\rolls\2026\pdfs\ac039\AC039PART080.pdf,pdf_serial_row_count,ok
2026,39,81,803,,,data\rolls\2026\pdfs\ac039\AC039PART081.pdf,pdf_serial_row_count,ok
2026,39,82,1008,,,data\rolls\2026\pdfs\ac039\AC039PART082.pdf,pdf_serial_row_count,ok
2026,39,83,624,,,data\rolls\2026\pdfs\ac039\AC039PART083.pdf,pdf_serial_row_count,ok
2026,39,84,603,,,data\rolls\2026\pdfs\ac039\AC039PART084.pdf,pdf_serial_row_count,ok
2026,39,85,895,,,data\rolls\2026\pdfs\ac039\AC039PART085.pdf,pdf_serial_row_count,ok
2026,39,86,613,,,data\rolls\2026\pdfs\ac039\AC039PART086.pdf,pdf_serial_row_count,ok
2026,39,87,456,,,data\rolls\2026\pdfs\ac039\AC039PART087.pdf,pdf_serial_row_count,ok
2026,39,88,534,,,data\rolls\2026\pdfs\ac039\AC039PART088.pdf,pdf_serial_row_count,ok
2026,39,89,893,,,data\rolls\2026\pdfs\ac039\AC039PART089.pdf,pdf_serial_row_count,ok
2026,39,90,692,,,data\rolls\2026\pdfs\ac039\AC039PART090.pdf,pdf_serial_row_count,ok
2026,39,91,690,,,data\rolls\2026\pdfs\ac039\AC039PART091.pdf,pdf_serial_row_count,ok
2026,39,92,536,,,data\rolls\2026\pdfs\ac039\AC039PART092.pdf,pdf_serial_row_count,ok
2026,39,93,689,,,data\rolls\2026\pdfs\ac039\AC039PART093.pdf,pdf_serial_row_count,ok
2026,39,94,627,,,data\rolls\2026\pdfs\ac039\AC039PART094.pdf,pdf_serial_row_count,ok
2026,39,95,441,,,data\rolls\2026\pdfs\ac039\AC039PART095.pdf,pdf_serial_row_count,ok
2026,39,96,491,,,data\rolls\2026\pdfs\ac039\AC039PART096.pdf,pdf_serial_row_count,ok
2026,39,97,624,,,data\rolls\2026\pdfs\ac039\AC039PART097.pdf,pdf_serial_row_count,ok
2026,39,98,636,,,data\rolls\2026\pdfs\ac039\AC039PART098.pdf,pdf_serial_row_count,ok
2026,39,99,507,,,data\rolls\2026\pdfs\ac039\AC039PART099.pdf,pdf_serial_row_count,ok
2026,39,100,695,,,data\rolls\2026\pdfs\ac039\AC039PART100.pdf,pdf_serial_row_count,ok
2026,39,101,845,,,data\rolls\2026\pdfs\ac039\AC039PART101.pdf,pdf_serial_row_count,ok
2026,39,102,940,,,data\rolls\2026\pdfs\ac039\AC039PART102.pdf,pdf_serial_row_count,ok
2026,39,103,453,,,data\rolls\2026\pdfs\ac039\AC039PART103.pdf,pdf_serial_row_count,ok
2026,39,104,515,,,data\rolls\2026\pdfs\ac039\AC039PART104.pdf,pdf_serial_row_count,ok
2026,39,105,837,,,data\rolls\2026\pdfs\ac039\AC039PART105.pdf,pdf_serial_row_count,ok
2026,39,106,979,,,data\rolls\2026\pdfs\ac039\AC039PART106.pdf,pdf_serial_row_count,ok
2026,39,107,729,,,data\rolls\2026\pdfs\ac039\AC039PART107.pdf,pdf_serial_row_count,ok
2026,39,108,565,,,data\rolls\2026\pdfs\ac039\AC039PART108.pdf,pdf_serial_row_count,ok
2026,39,109,412,,,data\rolls\2026\pdfs\ac039\AC039PART109.pdf,pdf_serial_row_count,ok
2026,39,110,754,,,data\rolls\2026\pdfs\ac039\AC039PART110.pdf,pdf_serial_row_count,ok
2026,39,111,420,,,data\rolls\2026\pdfs\ac039\AC039PART111.pdf,pdf_serial_row_count,ok
2026,39,112,613,,,data\rolls\2026\pdfs\ac039\AC039PART112.pdf,pdf_serial_row_count,ok
2026,39,113,842,,,data\rolls\2026\pdfs\ac039\AC039PART113.pdf,pdf_serial_row_count,ok
2026,39,114,398,,,data\rolls\2026\pdfs\ac039\AC039PART114.pdf,pdf_serial_row_count,ok
2026,39,115,739,,,data\rolls\2026\pdfs\ac039\AC039PART115.pdf,pdf_serial_row_count,ok
2026,39,116,749,,,data\rolls\2026\pdfs\ac039\AC039PART116.pdf,pdf_serial_row_count,ok
2026,39,117,1114,,,data\rolls\2026\pdfs\ac039\AC039PART117.pdf,pdf_serial_row_count,ok
2026,39,118,364,,,data\rolls\2026\pdfs\ac039\AC039PART118.pdf,pdf_serial_row_count,ok
2026,39,119,809,,,data\rolls\2026\pdfs\ac039\AC039PART119.pdf,pdf_serial_row_count,ok
2026,39,120,745,,,data\rolls\2026\pdfs\ac039\AC039PART120.pdf,pdf_serial_row_count,ok
2026,39,121,639,,,data\rolls\2026\pdfs\ac039\AC039PART121.pdf,pdf_serial_row_count,ok
2026,39,122,845,,,data\rolls\2026\pdfs\ac039\AC039PART122.pdf,pdf_serial_row_count,ok
2026,39,123,697,,,data\rolls\2026\pdfs\ac039\AC039PART123.pdf,pdf_serial_row_count,ok
2026,39,124,442,,,data\rolls\2026\pdfs\ac039\AC039PART124.pdf,pdf_serial_row_count,ok
2026,39,125,490,,,data\rolls\2026\pdfs\ac039\AC039PART125.pdf,pdf_serial_row_count,ok
2026,39,126,725,,,data\rolls\2026\pdfs\ac039\AC039PART126.pdf,pdf_serial_row_count,ok
2026,39,127,844,,,data\rolls\2026\pdfs\ac039\AC039PART127.pdf,pdf_serial_row_count,ok
2026,39,128,533,,,data\rolls\2026\pdfs\ac039\AC039PART128.pdf,pdf_serial_row_count,ok
2026,39,129,501,,,data\rolls\2026\pdfs\ac039\AC039PART129.pdf,pdf_serial_row_count,ok
2026,39,130,579,,,data\rolls\2026\pdfs\ac039\AC039PART130.pdf,pdf_serial_row_count,ok
2026,39,131,905,,,data\rolls\2026\pdfs\ac039\AC039PART131.pdf,pdf_serial_row_count,ok
2026,39,132,580,,,data\rolls\2026\pdfs\ac039\AC039PART132.pdf,pdf_serial_row_count,ok
2026,39,133,976,,,data\rolls\2026\pdfs\ac039\AC039PART133.pdf,pdf_serial_row_count,ok
2026,39,134,692,,,data\rolls\2026\pdfs\ac039\AC039PART134.pdf,pdf_serial_row_count,ok
2026,39,135,486,,,data\rolls\2026\pdfs\ac039\AC039PART135.pdf,pdf_serial_row_count,ok
2026,39,136,1024,,,data\rolls\2026\pdfs\ac039\AC039PART136.pdf,pdf_serial_row_count,ok
2026,39,137,568,,,data\rolls\2026\pdfs\ac039\AC039PART137.pdf,pdf_serial_row_count,ok
2026,39,138,1022,,,data\rolls\2026\pdfs\ac039\AC039PART138.pdf,pdf_serial_row_count,ok
2026,39,139,947,,,data\rolls\2026\pdfs\ac039\AC039PART139.pdf,pdf_serial_row_count,ok
2026,39,140,758,,,data\rolls\2026\pdfs\ac039\AC039PART140.pdf,pdf_serial_row_count,ok
2026,39,141,502,,,data\rolls\2026\pdfs\ac039\AC039PART141.pdf,pdf_serial_row_count,ok
2026,39,142,537,,,data\rolls\2026\pdfs\ac039\AC039PART142.pdf,pdf_serial_row_count,ok
2026,39,143,628,,,data\rolls\2026\pdfs\ac039\AC039PART143.pdf,pdf_serial_row_count,ok
2026,39,144,506,,,data\rolls\2026\pdfs\ac039\AC039PART144.pdf,pdf_serial_row_count,ok
2026,39,145,633,,,data\rolls\2026\pdfs\ac039\AC039PART145.pdf,pdf_serial_row_count,ok
2026,39,146,870,,,data\rolls\2026\pdfs\ac039\AC039PART146.pdf,pdf_serial_row_count,ok
2026,39,147,801,,,data\rolls\2026\pdfs\ac039\AC039PART147.pdf,pdf_serial_row_count,ok
2026,39,148,570,,,data\rolls\2026\pdfs\ac039\AC039PART148.pdf,pdf_serial_row_count,ok
2026,39,149,721,,,data\rolls\2026\pdfs\ac039\AC039PART149.pdf,pdf_serial_row_count,ok
2026,39,150,661,,,data\rolls\2026\pdfs\ac039\AC039PART150.pdf,pdf_serial_row_count,ok
2026,39,151,503,,,data\rolls\2026\pdfs\ac039\AC039PART151.pdf,pdf_serial_row_count,ok
2026,39,152,730,,,data\rolls\2026\pdfs\ac039\AC039PART152.pdf,pdf_serial_row_count,ok
2026,39,153,712,,,data\rolls\2026\pdfs\ac039\AC039PART153.pdf,pdf_serial_row_count,ok
2026,39,154,476,,,data\rolls\2026\pdfs\ac039\AC039PART154.pdf,pdf_serial_row_count,ok
2026,39,155,533,,,data\rolls\2026\pdfs\ac039\AC039PART155.pdf,pdf_serial_row_count,ok
2026,39,156,796,,,data\rolls\2026\pdfs\ac039\AC039PART156.pdf,pdf_serial_row_count,ok
2026,39,157,540,,,data\rolls\2026\pdfs\ac039\AC039PART157.pdf,pdf_serial_row_count,ok
2026,39,158,886,,,data\rolls\2026\pdfs\ac039\AC039PART158.pdf,pdf_serial_row_count,ok
2026,39,159,516,,,data\rolls\2026\pdfs\ac039\AC039PART159.pdf,pdf_serial_row_count,ok
2026,39,160,717,,,data\rolls\2026\pdfs\ac039\AC039PART160.pdf,pdf_serial_row_count,ok
2026,39,161,609,,,data\rolls\2026\pdfs\ac039\AC039PART161.pdf,pdf_serial_row_count,ok
2026,39,162,619,,,data\rolls\2026\pdfs\ac039\AC039PART162.pdf,pdf_serial_row_count,ok
2026,39,163,1045,,,data\rolls\2026\pdfs\ac039\AC039PART163.pdf,pdf_serial_row_count,ok
2026,39,164,779,,,data\rolls\2026\pdfs\ac039\AC039PART164.pdf,pdf_serial_row_count,ok
2026,39,165,476,,,data\rolls\2026\pdfs\ac039\AC039PART165.pdf,pdf_serial_row_count,ok
2026,39,166,472,,,data\rolls\2026\pdfs\ac039\AC039PART166.pdf,pdf_serial_row_count,ok
2026,39,167,551,,,data\rolls\2026\pdfs\ac039\AC039PART167.pdf,pdf_serial_row_count,ok
2026,39,168,703,,,data\rolls\2026\pdfs\ac039\AC039PART168.pdf,pdf_serial_row_count,ok
2026,39,169,334,,,data\rolls\2026\pdfs\ac039\AC039PART169.pdf,pdf_serial_row_count,ok
2026,39,170,841,,,data\rolls\2026\pdfs\ac039\AC039PART170.pdf,pdf_serial_row_count,ok
2026,39,171,487,,,data\rolls\2026\pdfs\ac039\AC039PART171.pdf,pdf_serial_row_count,ok
2026,39,172,569,,,data\rolls\2026\pdfs\ac039\AC039PART172.pdf,pdf_serial_row_count,ok
2026,39,173,583,,,data\rolls\2026\pdfs\ac039\AC039PART173.pdf,pdf_serial_row_count,ok
2026,39,174,674,,,data\rolls\2026\pdfs\ac039\AC039PART174.pdf,pdf_serial_row_count,ok
2026,39,175,777,,,data\rolls\2026\pdfs\ac039\AC039PART175.pdf,pdf_serial_row_count,ok
2026,39,176,530,,,data\rolls\2026\pdfs\ac039\AC039PART176.pdf,pdf_serial_row_count,ok
2026,39,177,703,,,data\rolls\2026\pdfs\ac039\AC039PART177.pdf,pdf_serial_row_count,ok
2026,39,178,885,,,data\rolls\2026\pdfs\ac039\AC039PART178.pdf,pdf_serial_row_count,ok
2026,39,179,663,,,data\rolls\2026\pdfs\ac039\AC039PART179.pdf,pdf_serial_row_count,ok
2026,39,180,627,,,data\rolls\2026\pdfs\ac039\AC039PART180.pdf,pdf_serial_row_count,ok
2026,39,181,448,,,data\rolls\2026\pdfs\ac039\AC039PART181.pdf,pdf_serial_row_count,ok
2026,39,182,479,,,data\rolls\2026\pdfs\ac039\AC039PART182.pdf,pdf_serial_row_count,ok
2026,39,183,1004,,,data\rolls\2026\pdfs\ac039\AC039PART183.pdf,pdf_serial_row_count,ok
2026,39,184,916,,,data\rolls\2026\pdfs\ac039\AC039PART184.pdf,pdf_serial_row_count,ok
2026,39,185,506,,,data\rolls\2026\pdfs\ac039\AC039PART185.pdf,pdf_serial_row_count,ok
2026,39,186,631,,,data\rolls\2026\pdfs\ac039\AC039PART186.pdf,pdf_serial_row_count,ok
2026,39,187,603,,,data\rolls\2026\pdfs\ac039\AC039PART187.pdf,pdf_serial_row_count,ok
2026,39,188,400,,,data\rolls\2026\pdfs\ac039\AC039PART188.pdf,pdf_serial_row_count,ok
2026,39,189,651,,,data\rolls\2026\pdfs\ac039\AC039PART189.pdf,pdf_serial_row_count,ok
2026,39,190,732,,,data\rolls\2026\pdfs\ac039\AC039PART190.pdf,pdf_serial_row_count,ok
2026,39,191,587,,,data\rolls\2026\pdfs\ac039\AC039PART191.pdf,pdf_serial_row_count,ok
2026,39,192,385,,,data\rolls\2026\pdfs\ac039\AC039PART192.pdf,pdf_serial_row_count,ok
2026,40,1,540,,,data\rolls\2026\pdfs\ac040\AC040PART001.pdf,pdf_serial_row_count,ok
2026,40,2,727,,,data\rolls\2026\pdfs\ac040\AC040PART002.pdf,pdf_serial_row_count,ok
2026,40,3,795,,,data\rolls\2026\pdfs\ac040\AC040PART003.pdf,pdf_serial_row_count,ok
2026,40,4,603,,,data\rolls\2026\pdfs\ac040\AC040PART004.pdf,pdf_serial_row_count,ok
2026,40,5,805,,,data\rolls\2026\pdfs\ac040\AC040PART005.pdf,pdf_serial_row_count,ok
2026,40,6,690,,,data\rolls\2026\pdfs\ac040\AC040PART006.pdf,pdf_serial_row_count,ok
2026,40,7,598,,,data\rolls\2026\pdfs\ac040\AC040PART007.pdf,pdf_serial_row_count,ok
2026,40,8,947,,,data\rolls\2026\pdfs\ac040\AC040PART008.pdf,pdf_serial_row_count,ok
2026,40,9,590,,,data\rolls\2026\pdfs\ac040\AC040PART009.pdf,pdf_serial_row_count,ok
2026,40,10,650,,,data\rolls\2026\pdfs\ac040\AC040PART010.pdf,pdf_serial_row_count,ok
2026,40,11,504,,,data\rolls\2026\pdfs\ac040\AC040PART011.pdf,pdf_serial_row_count,ok
2026,40,12,1087,,,data\rolls\2026\pdfs\ac040\AC040PART012.pdf,pdf_serial_row_count,ok
2026,40,13,710,,,data\rolls\2026\pdfs\ac040\AC040PART013.pdf,pdf_serial_row_count,ok
2026,40,14,910,,,data\rolls\2026\pdfs\ac040\AC040PART014.pdf,pdf_serial_row_count,ok
2026,40,15,975,,,data\rolls\2026\pdfs\ac040\AC040PART015.pdf,pdf_serial_row_count,ok
2026,40,16,704,,,data\rolls\2026\pdfs\ac040\AC040PART016.pdf,pdf_serial_row_count,ok
2026,40,17,505,,,data\rolls\2026\pdfs\ac040\AC040PART017.pdf,pdf_serial_row_count,ok
2026,40,18,882,,,data\rolls\2026\pdfs\ac040\AC040PART018.pdf,pdf_serial_row_count,ok
2026,40,19,884,,,data\rolls\2026\pdfs\ac040\AC040PART019.pdf,pdf_serial_row_count,ok
2026,40,20,888,,,data\rolls\2026\pdfs\ac040\AC040PART020.pdf,pdf_serial_row_count,ok
2026,40,21,592,,,data\rolls\2026\pdfs\ac040\AC040PART021.pdf,pdf_serial_row_count,ok
2026,40,22,630,,,data\rolls\2026\pdfs\ac040\AC040PART022.pdf,pdf_serial_row_count,ok
2026,40,23,929,,,data\rolls\2026\pdfs\ac040\AC040PART023.pdf,pdf_serial_row_count,ok
2026,40,24,608,,,data\rolls\2026\pdfs\ac040\AC040PART024.pdf,pdf_serial_row_count,ok
2026,40,25,576,,,data\rolls\2026\pdfs\ac040\AC040PART025.pdf,pdf_serial_row_count,ok
2026,40,26,730,,,data\rolls\2026\pdfs\ac040\AC040PART026.pdf,pdf_serial_row_count,ok
2026,40,27,688,,,data\rolls\2026\pdfs\ac040\AC040PART027.pdf,pdf_serial_row_count,ok
2026,40,28,1001,,,data\rolls\2026\pdfs\ac040\AC040PART028.pdf,pdf_serial_row_count,ok
2026,40,29,1010,,,data\rolls\2026\pdfs\ac040\AC040PART029.pdf,pdf_serial_row_count,ok
2026,40,30,714,,,data\rolls\2026\pdfs\ac040\AC040PART030.pdf,pdf_serial_row_count,ok
2026,40,31,949,,,data\rolls\2026\pdfs\ac040\AC040PART031.pdf,pdf_serial_row_count,ok
2026,40,32,801,,,data\rolls\2026\pdfs\ac040\AC040PART032.pdf,pdf_serial_row_count,ok
2026,40,33,813,,,data\rolls\2026\pdfs\ac040\AC040PART033.pdf,pdf_serial_row_count,ok
2026,40,34,689,,,data\rolls\2026\pdfs\ac040\AC040PART034.pdf,pdf_serial_row_count,ok
2026,40,35,1102,,,data\rolls\2026\pdfs\ac040\AC040PART035.pdf,pdf_serial_row_count,ok
2026,40,36,976,,,data\rolls\2026\pdfs\ac040\AC040PART036.pdf,pdf_serial_row_count,ok
2026,40,37,692,,,data\rolls\2026\pdfs\ac040\AC040PART037.pdf,pdf_serial_row_count,ok
2026,40,38,934,,,data\rolls\2026\pdfs\ac040\AC040PART038.pdf,pdf_serial_row_count,ok
2026,40,39,525,,,data\rolls\2026\pdfs\ac040\AC040PART039.pdf,pdf_serial_row_count,ok
2026,40,40,952,,,data\rolls\2026\pdfs\ac040\AC040PART040.pdf,pdf_serial_row_count,ok
2026,40,41,981,,,data\rolls\2026\pdfs\ac040\AC040PART041.pdf,pdf_serial_row_count,ok
2026,40,42,964,,,data\rolls\2026\pdfs\ac040\AC040PART042.pdf,pdf_serial_row_count,ok
2026,40,43,396,,,data\rolls\2026\pdfs\ac040\AC040PART043.pdf,pdf_serial_row_count,ok
2026,40,44,799,,,data\rolls\2026\pdfs\ac040\AC040PART044.pdf,pdf_serial_row_count,ok
2026,40,45,689,,,data\rolls\2026\pdfs\ac040\AC040PART045.pdf,pdf_serial_row_count,ok
2026,40,46,533,,,data\rolls\2026\pdfs\ac040\AC040PART046.pdf,pdf_serial_row_count,ok
2026,40,47,737,,,data\rolls\2026\pdfs\ac040\AC040PART047.pdf,pdf_serial_row_count,ok
2026,40,48,1037,,,data\rolls\2026\pdfs\ac040\AC040PART048.pdf,pdf_serial_row_count,ok
2026,40,49,568,,,data\rolls\2026\pdfs\ac040\AC040PART049.pdf,pdf_serial_row_count,ok
2026,40,50,597,,,data\rolls\2026\pdfs\ac040\AC040PART050.pdf,pdf_serial_row_count,ok
2026,40,51,932,,,data\rolls\2026\pdfs\ac040\AC040PART051.pdf,pdf_serial_row_count,ok
2026,40,52,1040,,,data\rolls\2026\pdfs\ac040\AC040PART052.pdf,pdf_serial_row_count,ok
2026,40,53,959,,,data\rolls\2026\pdfs\ac040\AC040PART053.pdf,pdf_serial_row_count,ok
2026,40,54,897,,,data\rolls\2026\pdfs\ac040\AC040PART054.pdf,pdf_serial_row_count,ok
2026,40,55,518,,,data\rolls\2026\pdfs\ac040\AC040PART055.pdf,pdf_serial_row_count,ok
2026,40,56,693,,,data\rolls\2026\pdfs\ac040\AC040PART056.pdf,pdf_serial_row_count,ok
2026,40,57,1001,,,data\rolls\2026\pdfs\ac040\AC040PART057.pdf,pdf_serial_row_count,ok
2026,40,58,843,,,data\rolls\2026\pdfs\ac040\AC040PART058.pdf,pdf_serial_row_count,ok
2026,40,59,717,,,data\rolls\2026\pdfs\ac040\AC040PART059.pdf,pdf_serial_row_count,ok
2026,40,60,784,,,data\rolls\2026\pdfs\ac040\AC040PART060.pdf,pdf_serial_row_count,ok
2026,40,61,510,,,data\rolls\2026\pdfs\ac040\AC040PART061.pdf,pdf_serial_row_count,ok
2026,40,62,602,,,data\rolls\2026\pdfs\ac040\AC040PART062.pdf,pdf_serial_row_count,ok
2026,40,63,657,,,data\rolls\2026\pdfs\ac040\AC040PART063.pdf,pdf_serial_row_count,ok
2026,40,64,816,,,data\rolls\2026\pdfs\ac040\AC040PART064.pdf,pdf_serial_row_count,ok
2026,40,65,792,,,data\rolls\2026\pdfs\ac040\AC040PART065.pdf,pdf_serial_row_count,ok
2026,40,66,502,,,data\rolls\2026\pdfs\ac040\AC040PART066.pdf,pdf_serial_row_count,ok
2026,40,67,859,,,data\rolls\2026\pdfs\ac040\AC040PART067.pdf,pdf_serial_row_count,ok
2026,40,68,466,,,data\rolls\2026\pdfs\ac040\AC040PART068.pdf,pdf_serial_row_count,ok
2026,40,69,822,,,data\rolls\2026\pdfs\ac040\AC040PART069.pdf,pdf_serial_row_count,ok
2026,40,70,813,,,data\rolls\2026\pdfs\ac040\AC040PART070.pdf,pdf_serial_row_count,ok
2026,40,71,713,,,data\rolls\2026\pdfs\ac040\AC040PART071.pdf,pdf_serial_row_count,ok
2026,40,72,556,,,data\rolls\2026\pdfs\ac040\AC040PART072.pdf,pdf_serial_row_count,ok
2026,40,73,534,,,data\rolls\2026\pdfs\ac040\AC040PART073.pdf,pdf_serial_row_count,ok
2026,40,74,758,,,data\rolls\2026\pdfs\ac040\AC040PART074.pdf,pdf_serial_row_count,ok
2026,40,75,719,,,data\rolls\2026\pdfs\ac040\AC040PART075.pdf,pdf_serial_row_count,ok
2026,40,76,774,,,data\rolls\2026\pdfs\ac040\AC040PART076.pdf,pdf_serial_row_count,ok
2026,40,77,967,,,data\rolls\2026\pdfs\ac040\AC040PART077.pdf,pdf_serial_row_count,ok
2026,40,78,618,,,data\rolls\2026\pdfs\ac040\AC040PART078.pdf,pdf_serial_row_count,ok
2026,40,79,766,,,data\rolls\2026\pdfs\ac040\AC040PART079.pdf,pdf_serial_row_count,ok
2026,40,80,713,,,data\rolls\2026\pdfs\ac040\AC040PART080.pdf,pdf_serial_row_count,ok
2026,40,81,721,,,data\rolls\2026\pdfs\ac040\AC040PART081.pdf,pdf_serial_row_count,ok
2026,40,82,958,,,data\rolls\2026\pdfs\ac040\AC040PART082.pdf,pdf_serial_row_count,ok
2026,40,83,582,,,data\rolls\2026\pdfs\ac040\AC040PART083.pdf,pdf_serial_row_count,ok
2026,40,84,573,,,data\rolls\2026\pdfs\ac040\AC040PART084.pdf,pdf_serial_row_count,ok
2026,40,85,763,,,data\rolls\2026\pdfs\ac040\AC040PART085.pdf,pdf_serial_row_count,ok
2026,40,86,1138,,,data\rolls\2026\pdfs\ac040\AC040PART086.pdf,pdf_serial_row_count,ok
2026,40,87,646,,,data\rolls\2026\pdfs\ac040\AC040PART087.pdf,pdf_serial_row_count,ok
2026,40,88,891,,,data\rolls\2026\pdfs\ac040\AC040PART088.pdf,pdf_serial_row_count,ok
2026,40,89,831,,,data\rolls\2026\pdfs\ac040\AC040PART089.pdf,pdf_serial_row_count,ok
2026,40,90,1136,,,data\rolls\2026\pdfs\ac040\AC040PART090.pdf,pdf_serial_row_count,ok
2026,40,91,671,,,data\rolls\2026\pdfs\ac040\AC040PART091.pdf,pdf_serial_row_count,ok
2026,40,92,853,,,data\rolls\2026\pdfs\ac040\AC040PART092.pdf,pdf_serial_row_count,ok
2026,40,93,756,,,data\rolls\2026\pdfs\ac040\AC040PART093.pdf,pdf_serial_row_count,ok
2026,40,94,604,,,data\rolls\2026\pdfs\ac040\AC040PART094.pdf,pdf_serial_row_count,ok
2026,40,95,660,,,data\rolls\2026\pdfs\ac040\AC040PART095.pdf,pdf_serial_row_count,ok
2026,40,96,1086,,,data\rolls\2026\pdfs\ac040\AC040PART096.pdf,pdf_serial_row_count,ok
2026,40,97,782,,,data\rolls\2026\pdfs\ac040\AC040PART097.pdf,pdf_serial_row_count,ok
2026,40,98,808,,,data\rolls\2026\pdfs\ac040\AC040PART098.pdf,pdf_serial_row_count,ok
2026,40,99,963,,,data\rolls\2026\pdfs\ac040\AC040PART099.pdf,pdf_serial_row_count,ok
2026,40,100,370,,,data\rolls\2026\pdfs\ac040\AC040PART100.pdf,pdf_serial_row_count,ok
2026,40,101,776,,,data\rolls\2026\pdfs\ac040\AC040PART101.pdf,pdf_serial_row_count,ok
2026,40,102,789,,,data\rolls\2026\pdfs\ac040\AC040PART102.pdf,pdf_serial_row_count,ok
2026,40,103,842,,,data\rolls\2026\pdfs\ac040\AC040PART103.pdf,pdf_serial_row_count,ok
2026,40,104,907,,,data\rolls\2026\pdfs\ac040\AC040PART104.pdf,pdf_serial_row_count,ok
2026,40,105,731,,,data\rolls\2026\pdfs\ac040\AC040PART105.pdf,pdf_serial_row_count,ok
2026,40,106,996,,,data\rolls\2026\pdfs\ac040\AC040PART106.pdf,pdf_serial_row_count,ok
2026,40,107,1130,,,data\rolls\2026\pdfs\ac040\AC040PART107.pdf,pdf_serial_row_count,ok
2026,40,108,746,,,data\rolls\2026\pdfs\ac040\AC040PART108.pdf,pdf_serial_row_count,ok
2026,40,109,531,,,data\rolls\2026\pdfs\ac040\AC040PART109.pdf,pdf_serial_row_count,ok
2026,40,110,877,,,data\rolls\2026\pdfs\ac040\AC040PART110.pdf,pdf_serial_row_count,ok
2026,40,111,681,,,data\rolls\2026\pdfs\ac040\AC040PART111.pdf,pdf_serial_row_count,ok
2026,40,112,813,,,data\rolls\2026\pdfs\ac040\AC040PART112.pdf,pdf_serial_row_count,ok
2026,40,113,610,,,data\rolls\2026\pdfs\ac040\AC040PART113.pdf,pdf_serial_row_count,ok
2026,40,114,827,,,data\rolls\2026\pdfs\ac040\AC040PART114.pdf,pdf_serial_row_count,ok
2026,40,115,1136,,,data\rolls\2026\pdfs\ac040\AC040PART115.pdf,pdf_serial_row_count,ok
2026,40,116,445,,,data\rolls\2026\pdfs\ac040\AC040PART116.pdf,pdf_serial_row_count,ok
2026,40,117,643,,,data\rolls\2026\pdfs\ac040\AC040PART117.pdf,pdf_serial_row_count,ok
2026,40,118,907,,,data\rolls\2026\pdfs\ac040\AC040PART118.pdf,pdf_serial_row_count,ok
2026,40,119,496,,,data\rolls\2026\pdfs\ac040\AC040PART119.pdf,pdf_serial_row_count,ok
2026,40,120,508,,,data\rolls\2026\pdfs\ac040\AC040PART120.pdf,pdf_serial_row_count,ok
2026,40,121,869,,,data\rolls\2026\pdfs\ac040\AC040PART121.pdf,pdf_serial_row_count,ok
2026,40,122,558,,,data\rolls\2026\pdfs\ac040\AC040PART122.pdf,pdf_serial_row_count,ok
2026,40,123,709,,,data\rolls\2026\pdfs\ac040\AC040PART123.pdf,pdf_serial_row_count,ok
2026,40,124,1100,,,data\rolls\2026\pdfs\ac040\AC040PART124.pdf,pdf_serial_row_count,ok
2026,40,125,545,,,data\rolls\2026\pdfs\ac040\AC040PART125.pdf,pdf_serial_row_count,ok
2026,40,126,656,,,data\rolls\2026\pdfs\ac040\AC040PART126.pdf,pdf_serial_row_count,ok
2026,40,127,725,,,data\rolls\2026\pdfs\ac040\AC040PART127.pdf,pdf_serial_row_count,ok
2026,40,128,723,,,data\rolls\2026\pdfs\ac040\AC040PART128.pdf,pdf_serial_row_count,ok
2026,40,129,553,,,data\rolls\2026\pdfs\ac040\AC040PART129.pdf,pdf_serial_row_count,ok
2026,40,130,882,,,data\rolls\2026\pdfs\ac040\AC040PART130.pdf,pdf_serial_row_count,ok
2026,40,131,831,,,data\rolls\2026\pdfs\ac040\AC040PART131.pdf,pdf_serial_row_count,ok
2026,40,132,1044,,,data\rolls\2026\pdfs\ac040\AC040PART132.pdf,pdf_serial_row_count,ok
2026,40,133,632,,,data\rolls\2026\pdfs\ac040\AC040PART133.pdf,pdf_serial_row_count,ok
2026,40,134,465,,,data\rolls\2026\pdfs\ac040\AC040PART134.pdf,pdf_serial_row_count,ok
2026,40,135,1006,,,data\rolls\2026\pdfs\ac040\AC040PART135.pdf,pdf_serial_row_count,ok
2026,40,136,910,,,data\rolls\2026\pdfs\ac040\AC040PART136.pdf,pdf_serial_row_count,ok
2026,40,137,905,,,data\rolls\2026\pdfs\ac040\AC040PART137.pdf,pdf_serial_row_count,ok
2026,40,138,584,,,data\rolls\2026\pdfs\ac040\AC040PART138.pdf,pdf_serial_row_count,ok
2026,40,139,710,,,data\rolls\2026\pdfs\ac040\AC040PART139.pdf,pdf_serial_row_count,ok
2026,40,140,896,,,data\rolls\2026\pdfs\ac040\AC040PART140.pdf,pdf_serial_row_count,ok
2026,40,141,987,,,data\rolls\2026\pdfs\ac040\AC040PART141.pdf,pdf_serial_row_count,ok
2026,40,142,1031,,,data\rolls\2026\pdfs\ac040\AC040PART142.pdf,pdf_serial_row_count,ok
2026,40,143,809,,,data\rolls\2026\pdfs\ac040\AC040PART143.pdf,pdf_serial_row_count,ok
2026,40,144,754,,,data\rolls\2026\pdfs\ac040\AC040PART144.pdf,pdf_serial_row_count,ok
2026,40,145,737,,,data\rolls\2026\pdfs\ac040\AC040PART145.pdf,pdf_serial_row_count,ok
2026,40,146,955,,,data\rolls\2026\pdfs\ac040\AC040PART146.pdf,pdf_serial_row_count,ok
2026,40,147,1113,,,data\rolls\2026\pdfs\ac040\AC040PART147.pdf,pdf_serial_row_count,ok
2026,40,148,816,,,data\rolls\2026\pdfs\ac040\AC040PART148.pdf,pdf_serial_row_count,ok
2026,40,149,660,,,data\rolls\2026\pdfs\ac040\AC040PART149.pdf,pdf_serial_row_count,ok
2026,40,150,475,,,data\rolls\2026\pdfs\ac040\AC040PART150.pdf,pdf_serial_row_count,ok
2026,40,151,961,,,data\rolls\2026\pdfs\ac040\AC040PART151.pdf,pdf_serial_row_count,ok
2026,40,152,663,,,data\rolls\2026\pdfs\ac040\AC040PART152.pdf,pdf_serial_row_count,ok
2026,40,153,790,,,data\rolls\2026\pdfs\ac040\AC040PART153.pdf,pdf_serial_row_count,ok
2026,40,154,906,,,data\rolls\2026\pdfs\ac040\AC040PART154.pdf,pdf_serial_row_count,ok
2026,40,155,990,,,data\rolls\2026\pdfs\ac040\AC040PART155.pdf,pdf_serial_row_count,ok
2026,40,156,731,,,data\rolls\2026\pdfs\ac040\AC040PART156.pdf,pdf_serial_row_count,ok
2026,40,157,547,,,data\rolls\2026\pdfs\ac040\AC040PART157.pdf,pdf_serial_row_count,ok
2026,40,158,580,,,data\rolls\2026\pdfs\ac040\AC040PART158.pdf,pdf_serial_row_count,ok
2026,40,159,715,,,data\rolls\2026\pdfs\ac040\AC040PART159.pdf,pdf_serial_row_count,ok
2026,40,160,506,,,data\rolls\2026\pdfs\ac040\AC040PART160.pdf,pdf_serial_row_count,ok
2026,40,161,566,,,data\rolls\2026\pdfs\ac040\AC040PART161.pdf,pdf_serial_row_count,ok
2026,40,162,1352,,,data\rolls\2026\pdfs\ac040\AC040PART162.pdf,pdf_serial_row_count,ok
2026,40,163,972,,,data\rolls\2026\pdfs\ac040\AC040PART163.pdf,pdf_serial_row_count,ok
2026,40,164,573,,,data\rolls\2026\pdfs\ac040\AC040PART164.pdf,pdf_serial_row_count,ok
2026,40,165,610,,,data\rolls\2026\pdfs\ac040\AC040PART165.pdf,pdf_serial_row_count,ok
2026,40,166,836,,,data\rolls\2026\pdfs\ac040\AC040PART166.pdf,pdf_serial_row_count,ok
2026,40,167,873,,,data\rolls\2026\pdfs\ac040\AC040PART167.pdf,pdf_serial_row_count,ok
2026,40,168,834,,,data\rolls\2026\pdfs\ac040\AC040PART168.pdf,pdf_serial_row_count,ok
2026,40,169,734,,,data\rolls\2026\pdfs\ac040\AC040PART169.pdf,pdf_serial_row_count,ok
2026,40,170,567,,,data\rolls\2026\pdfs\ac040\AC040PART170.pdf,pdf_serial_row_count,ok
2026,40,171,502,,,data\rolls\2026\pdfs\ac040\AC040PART171.pdf,pdf_serial_row_count,ok
2026,40,172,658,,,data\rolls\2026\pdfs\ac040\AC040PART172.pdf,pdf_serial_row_count,ok
2026,40,173,815,,,data\rolls\2026\pdfs\ac040\AC040PART173.pdf,pdf_serial_row_count,ok
2026,40,174,631,,,data\rolls\2026\pdfs\ac040\AC040PART174.pdf,pdf_serial_row_count,ok
2026,40,175,868,,,data\rolls\2026\pdfs\ac040\AC040PART175.pdf,pdf_serial_row_count,ok
2026,40,176,1024,,,data\rolls\2026\pdfs\ac040\AC040PART176.pdf,pdf_serial_row_count,ok
2026,40,177,1130,,,data\rolls\2026\pdfs\ac040\AC040PART177.pdf,pdf_serial_row_count,ok
2026,40,178,508,,,data\rolls\2026\pdfs\ac040\AC040PART178.pdf,pdf_serial_row_count,ok
2026,40,179,557,,,data\rolls\2026\pdfs\ac040\AC040PART179.pdf,pdf_serial_row_count,ok
2026,40,180,784,,,data\rolls\2026\pdfs\ac040\AC040PART180.pdf,pdf_serial_row_count,ok
2026,40,181,863,,,data\rolls\2026\pdfs\ac040\AC040PART181.pdf,pdf_serial_row_count,ok
2026,40,182,767,,,data\rolls\2026\pdfs\ac040\AC040PART182.pdf,pdf_serial_row_count,ok
2026,40,183,586,,,data\rolls\2026\pdfs\ac040\AC040PART183.pdf,pdf_serial_row_count,ok
2026,40,184,615,,,data\rolls\2026\pdfs\ac040\AC040PART184.pdf,pdf_serial_row_count,ok
2026,40,185,667,,,data\rolls\2026\pdfs\ac040\AC040PART185.pdf,pdf_serial_row_count,ok
2026,40,186,528,,,data\rolls\2026\pdfs\ac040\AC040PART186.pdf,pdf_serial_row_count,ok
2026,40,187,973,,,data\rolls\2026\pdfs\ac040\AC040PART187.pdf,pdf_serial_row_count,ok
2026,40,188,885,,,data\rolls\2026\pdfs\ac040\AC040PART188.pdf,pdf_serial_row_count,ok
2026,40,189,903,,,data\rolls\2026\pdfs\ac040\AC040PART189.pdf,pdf_serial_row_count,ok
2026,40,190,557,,,data\rolls\2026\pdfs\ac040\AC040PART190.pdf,pdf_serial_row_count,ok
2026,40,191,565,,,data\rolls\2026\pdfs\ac040\AC040PART191.pdf,pdf_serial_row_count,ok
2026,40,192,602,,,data\rolls\2026\pdfs\ac040\AC040PART192.pdf,pdf_serial_row_count,ok
2026,40,193,788,,,data\rolls\2026\pdfs\ac040\AC040PART193.pdf,pdf_serial_row_count,ok
2026,40,194,845,,,data\rolls\2026\pdfs\ac040\AC040PART194.pdf,pdf_serial_row_count,ok
2026,40,195,931,,,data\rolls\2026\pdfs\ac040\AC040PART195.pdf,pdf_serial_row_count,ok
2026,40,196,568,,,data\rolls\2026\pdfs\ac040\AC040PART196.pdf,pdf_serial_row_count,ok
2026,41,1,686,,,data\rolls\2026\pdfs\ac041\AC041PART001.pdf,pdf_serial_row_count,ok
2026,41,2,571,,,data\rolls\2026\pdfs\ac041\AC041PART002.pdf,pdf_serial_row_count,ok
2026,41,3,534,,,data\rolls\2026\pdfs\ac041\AC041PART003.pdf,pdf_serial_row_count,ok
2026,41,4,613,,,data\rolls\2026\pdfs\ac041\AC041PART004.pdf,pdf_serial_row_count,ok
2026,41,5,786,,,data\rolls\2026\pdfs\ac041\AC041PART005.pdf,pdf_serial_row_count,ok
2026,41,6,682,,,data\rolls\2026\pdfs\ac041\AC041PART006.pdf,pdf_serial_row_count,ok
2026,41,7,1070,,,data\rolls\2026\pdfs\ac041\AC041PART007.pdf,pdf_serial_row_count,ok
2026,41,8,858,,,data\rolls\2026\pdfs\ac041\AC041PART008.pdf,pdf_serial_row_count,ok
2026,41,9,659,,,data\rolls\2026\pdfs\ac041\AC041PART009.pdf,pdf_serial_row_count,ok
2026,41,10,848,,,data\rolls\2026\pdfs\ac041\AC041PART010.pdf,pdf_serial_row_count,ok
2026,41,11,818,,,data\rolls\2026\pdfs\ac041\AC041PART011.pdf,pdf_serial_row_count,ok
2026,41,12,465,,,data\rolls\2026\pdfs\ac041\AC041PART012.pdf,pdf_serial_row_count,ok
2026,41,13,704,,,data\rolls\2026\pdfs\ac041\AC041PART013.pdf,pdf_serial_row_count,ok
2026,41,14,706,,,data\rolls\2026\pdfs\ac041\AC041PART014.pdf,pdf_serial_row_count,ok
2026,41,15,697,,,data\rolls\2026\pdfs\ac041\AC041PART015.pdf,pdf_serial_row_count,ok
2026,41,16,760,,,data\rolls\2026\pdfs\ac041\AC041PART016.pdf,pdf_serial_row_count,ok
2026,41,17,470,,,data\rolls\2026\pdfs\ac041\AC041PART017.pdf,pdf_serial_row_count,ok
2026,41,18,579,,,data\rolls\2026\pdfs\ac041\AC041PART018.pdf,pdf_serial_row_count,ok
2026,41,19,653,,,data\rolls\2026\pdfs\ac041\AC041PART019.pdf,pdf_serial_row_count,ok
2026,41,20,505,,,data\rolls\2026\pdfs\ac041\AC041PART020.pdf,pdf_serial_row_count,ok
2026,41,21,880,,,data\rolls\2026\pdfs\ac041\AC041PART021.pdf,pdf_serial_row_count,ok
2026,41,22,634,,,data\rolls\2026\pdfs\ac041\AC041PART022.pdf,pdf_serial_row_count,ok
2026,41,23,967,,,data\rolls\2026\pdfs\ac041\AC041PART023.pdf,pdf_serial_row_count,ok
2026,41,24,593,,,data\rolls\2026\pdfs\ac041\AC041PART024.pdf,pdf_serial_row_count,ok
2026,41,25,566,,,data\rolls\2026\pdfs\ac041\AC041PART025.pdf,pdf_serial_row_count,ok
2026,41,26,734,,,data\rolls\2026\pdfs\ac041\AC041PART026.pdf,pdf_serial_row_count,ok
2026,41,27,862,,,data\rolls\2026\pdfs\ac041\AC041PART027.pdf,pdf_serial_row_count,ok
2026,41,28,806,,,data\rolls\2026\pdfs\ac041\AC041PART028.pdf,pdf_serial_row_count,ok
2026,41,29,594,,,data\rolls\2026\pdfs\ac041\AC041PART029.pdf,pdf_serial_row_count,ok
2026,41,30,672,,,data\rolls\2026\pdfs\ac041\AC041PART030.pdf,pdf_serial_row_count,ok
2026,41,31,989,,,data\rolls\2026\pdfs\ac041\AC041PART031.pdf,pdf_serial_row_count,ok
2026,41,32,1086,,,data\rolls\2026\pdfs\ac041\AC041PART032.pdf,pdf_serial_row_count,ok
2026,41,33,888,,,data\rolls\2026\pdfs\ac041\AC041PART033.pdf,pdf_serial_row_count,ok
2026,41,34,601,,,data\rolls\2026\pdfs\ac041\AC041PART034.pdf,pdf_serial_row_count,ok
2026,41,35,747,,,data\rolls\2026\pdfs\ac041\AC041PART035.pdf,pdf_serial_row_count,ok
2026,41,36,608,,,data\rolls\2026\pdfs\ac041\AC041PART036.pdf,pdf_serial_row_count,ok
2026,41,37,697,,,data\rolls\2026\pdfs\ac041\AC041PART037.pdf,pdf_serial_row_count,ok
2026,41,38,665,,,data\rolls\2026\pdfs\ac041\AC041PART038.pdf,pdf_serial_row_count,ok
2026,41,39,944,,,data\rolls\2026\pdfs\ac041\AC041PART039.pdf,pdf_serial_row_count,ok
2026,41,40,760,,,data\rolls\2026\pdfs\ac041\AC041PART040.pdf,pdf_serial_row_count,ok
2026,41,41,843,,,data\rolls\2026\pdfs\ac041\AC041PART041.pdf,pdf_serial_row_count,ok
2026,41,42,1012,,,data\rolls\2026\pdfs\ac041\AC041PART042.pdf,pdf_serial_row_count,ok
2026,41,43,695,,,data\rolls\2026\pdfs\ac041\AC041PART043.pdf,pdf_serial_row_count,ok
2026,41,44,634,,,data\rolls\2026\pdfs\ac041\AC041PART044.pdf,pdf_serial_row_count,ok
2026,41,45,830,,,data\rolls\2026\pdfs\ac041\AC041PART045.pdf,pdf_serial_row_count,ok
2026,41,46,836,,,data\rolls\2026\pdfs\ac041\AC041PART046.pdf,pdf_serial_row_count,ok
2026,41,47,732,,,data\rolls\2026\pdfs\ac041\AC041PART047.pdf,pdf_serial_row_count,ok
2026,41,48,1005,,,data\rolls\2026\pdfs\ac041\AC041PART048.pdf,pdf_serial_row_count,ok
2026,41,49,715,,,data\rolls\2026\pdfs\ac041\AC041PART049.pdf,pdf_serial_row_count,ok
2026,41,50,573,,,data\rolls\2026\pdfs\ac041\AC041PART050.pdf,pdf_serial_row_count,ok
2026,41,51,1045,,,data\rolls\2026\pdfs\ac041\AC041PART051.pdf,pdf_serial_row_count,ok
2026,41,52,753,,,data\rolls\2026\pdfs\ac041\AC041PART052.pdf,pdf_serial_row_count,ok
2026,41,53,662,,,data\rolls\2026\pdfs\ac041\AC041PART053.pdf,pdf_serial_row_count,ok
2026,41,54,723,,,data\rolls\2026\pdfs\ac041\AC041PART054.pdf,pdf_serial_row_count,ok
2026,41,55,895,,,data\rolls\2026\pdfs\ac041\AC041PART055.pdf,pdf_serial_row_count,ok
2026,41,56,667,,,data\rolls\2026\pdfs\ac041\AC041PART056.pdf,pdf_serial_row_count,ok
2026,41,57,678,,,data\rolls\2026\pdfs\ac041\AC041PART057.pdf,pdf_serial_row_count,ok
2026,41,58,881,,,data\rolls\2026\pdfs\ac041\AC041PART058.pdf,pdf_serial_row_count,ok
2026,41,59,885,,,data\rolls\2026\pdfs\ac041\AC041PART059.pdf,pdf_serial_row_count,ok
2026,41,60,922,,,data\rolls\2026\pdfs\ac041\AC041PART060.pdf,pdf_serial_row_count,ok
2026,41,61,752,,,data\rolls\2026\pdfs\ac041\AC041PART061.pdf,pdf_serial_row_count,ok
2026,41,62,573,,,data\rolls\2026\pdfs\ac041\AC041PART062.pdf,pdf_serial_row_count,ok
2026,41,63,665,,,data\rolls\2026\pdfs\ac041\AC041PART063.pdf,pdf_serial_row_count,ok
2026,41,64,967,,,data\rolls\2026\pdfs\ac041\AC041PART064.pdf,pdf_serial_row_count,ok
2026,41,65,906,,,data\rolls\2026\pdfs\ac041\AC041PART065.pdf,pdf_serial_row_count,ok
2026,41,66,500,,,data\rolls\2026\pdfs\ac041\AC041PART066.pdf,pdf_serial_row_count,ok
2026,41,67,741,,,data\rolls\2026\pdfs\ac041\AC041PART067.pdf,pdf_serial_row_count,ok
2026,41,68,741,,,data\rolls\2026\pdfs\ac041\AC041PART068.pdf,pdf_serial_row_count,ok
2026,41,69,622,,,data\rolls\2026\pdfs\ac041\AC041PART069.pdf,pdf_serial_row_count,ok
2026,41,70,910,,,data\rolls\2026\pdfs\ac041\AC041PART070.pdf,pdf_serial_row_count,ok
2026,41,71,638,,,data\rolls\2026\pdfs\ac041\AC041PART071.pdf,pdf_serial_row_count,ok
2026,41,72,474,,,data\rolls\2026\pdfs\ac041\AC041PART072.pdf,pdf_serial_row_count,ok
2026,41,73,802,,,data\rolls\2026\pdfs\ac041\AC041PART073.pdf,pdf_serial_row_count,ok
2026,41,74,733,,,data\rolls\2026\pdfs\ac041\AC041PART074.pdf,pdf_serial_row_count,ok
2026,41,75,544,,,data\rolls\2026\pdfs\ac041\AC041PART075.pdf,pdf_serial_row_count,ok
2026,41,76,668,,,data\rolls\2026\pdfs\ac041\AC041PART076.pdf,pdf_serial_row_count,ok
2026,41,77,723,,,data\rolls\2026\pdfs\ac041\AC041PART077.pdf,pdf_serial_row_count,ok
2026,41,78,749,,,data\rolls\2026\pdfs\ac041\AC041PART078.pdf,pdf_serial_row_count,ok
2026,41,79,931,,,data\rolls\2026\pdfs\ac041\AC041PART079.pdf,pdf_serial_row_count,ok
2026,41,80,424,,,data\rolls\2026\pdfs\ac041\AC041PART080.pdf,pdf_serial_row_count,ok
2026,41,81,725,,,data\rolls\2026\pdfs\ac041\AC041PART081.pdf,pdf_serial_row_count,ok
2026,41,82,696,,,data\rolls\2026\pdfs\ac041\AC041PART082.pdf,pdf_serial_row_count,ok
2026,41,83,513,,,data\rolls\2026\pdfs\ac041\AC041PART083.pdf,pdf_serial_row_count,ok
2026,41,84,652,,,data\rolls\2026\pdfs\ac041\AC041PART084.pdf,pdf_serial_row_count,ok
2026,41,85,688,,,data\rolls\2026\pdfs\ac041\AC041PART085.pdf,pdf_serial_row_count,ok
2026,41,86,511,,,data\rolls\2026\pdfs\ac041\AC041PART086.pdf,pdf_serial_row_count,ok
2026,41,87,752,,,data\rolls\2026\pdfs\ac041\AC041PART087.pdf,pdf_serial_row_count,ok
2026,41,88,651,,,data\rolls\2026\pdfs\ac041\AC041PART088.pdf,pdf_serial_row_count,ok
2026,41,89,801,,,data\rolls\2026\pdfs\ac041\AC041PART089.pdf,pdf_serial_row_count,ok
2026,41,90,549,,,data\rolls\2026\pdfs\ac041\AC041PART090.pdf,pdf_serial_row_count,ok
2026,41,91,553,,,data\rolls\2026\pdfs\ac041\AC041PART091.pdf,pdf_serial_row_count,ok
2026,41,92,965,,,data\rolls\2026\pdfs\ac041\AC041PART092.pdf,pdf_serial_row_count,ok
2026,41,93,653,,,data\rolls\2026\pdfs\ac041\AC041PART093.pdf,pdf_serial_row_count,ok
2026,41,94,645,,,data\rolls\2026\pdfs\ac041\AC041PART094.pdf,pdf_serial_row_count,ok
2026,41,95,1092,,,data\rolls\2026\pdfs\ac041\AC041PART095.pdf,pdf_serial_row_count,ok
2026,41,96,691,,,data\rolls\2026\pdfs\ac041\AC041PART096.pdf,pdf_serial_row_count,ok
2026,41,97,951,,,data\rolls\2026\pdfs\ac041\AC041PART097.pdf,pdf_serial_row_count,ok
2026,41,98,587,,,data\rolls\2026\pdfs\ac041\AC041PART098.pdf,pdf_serial_row_count,ok
2026,41,99,560,,,data\rolls\2026\pdfs\ac041\AC041PART099.pdf,pdf_serial_row_count,ok
2026,41,100,517,,,data\rolls\2026\pdfs\ac041\AC041PART100.pdf,pdf_serial_row_count,ok
2026,41,101,631,,,data\rolls\2026\pdfs\ac041\AC041PART101.pdf,pdf_serial_row_count,ok
2026,41,102,613,,,data\rolls\2026\pdfs\ac041\AC041PART102.pdf,pdf_serial_row_count,ok
2026,41,103,676,,,data\rolls\2026\pdfs\ac041\AC041PART103.pdf,pdf_serial_row_count,ok
2026,41,104,727,,,data\rolls\2026\pdfs\ac041\AC041PART104.pdf,pdf_serial_row_count,ok
2026,41,105,670,,,data\rolls\2026\pdfs\ac041\AC041PART105.pdf,pdf_serial_row_count,ok
2026,41,106,672,,,data\rolls\2026\pdfs\ac041\AC041PART106.pdf,pdf_serial_row_count,ok
2026,41,107,643,,,data\rolls\2026\pdfs\ac041\AC041PART107.pdf,pdf_serial_row_count,ok
2026,41,108,640,,,data\rolls\2026\pdfs\ac041\AC041PART108.pdf,pdf_serial_row_count,ok
2026,41,109,1160,,,data\rolls\2026\pdfs\ac041\AC041PART109.pdf,pdf_serial_row_count,ok
2026,41,110,992,,,data\rolls\2026\pdfs\ac041\AC041PART110.pdf,pdf_serial_row_count,ok
2026,41,111,730,,,data\rolls\2026\pdfs\ac041\AC041PART111.pdf,pdf_serial_row_count,ok
2026,41,112,987,,,data\rolls\2026\pdfs\ac041\AC041PART112.pdf,pdf_serial_row_count,ok
2026,41,113,1083,,,data\rolls\2026\pdfs\ac041\AC041PART113.pdf,pdf_serial_row_count,ok
2026,41,114,677,,,data\rolls\2026\pdfs\ac041\AC041PART114.pdf,pdf_serial_row_count,ok
2026,41,115,779,,,data\rolls\2026\pdfs\ac041\AC041PART115.pdf,pdf_serial_row_count,ok
2026,41,116,640,,,data\rolls\2026\pdfs\ac041\AC041PART116.pdf,pdf_serial_row_count,ok
2026,41,117,998,,,data\rolls\2026\pdfs\ac041\AC041PART117.pdf,pdf_serial_row_count,ok
2026,41,118,702,,,data\rolls\2026\pdfs\ac041\AC041PART118.pdf,pdf_serial_row_count,ok
2026,41,119,617,,,data\rolls\2026\pdfs\ac041\AC041PART119.pdf,pdf_serial_row_count,ok
2026,41,120,1145,,,data\rolls\2026\pdfs\ac041\AC041PART120.pdf,pdf_serial_row_count,ok
2026,41,121,1134,,,data\rolls\2026\pdfs\ac041\AC041PART121.pdf,pdf_serial_row_count,ok
2026,41,122,563,,,data\rolls\2026\pdfs\ac041\AC041PART122.pdf,pdf_serial_row_count,ok
2026,41,123,402,,,data\rolls\2026\pdfs\ac041\AC041PART123.pdf,pdf_serial_row_count,ok
2026,41,124,747,,,data\rolls\2026\pdfs\ac041\AC041PART124.pdf,pdf_serial_row_count,ok
2026,41,125,582,,,data\rolls\2026\pdfs\ac041\AC041PART125.pdf,pdf_serial_row_count,ok
2026,41,126,754,,,data\rolls\2026\pdfs\ac041\AC041PART126.pdf,pdf_serial_row_count,ok
2026,41,127,416,,,data\rolls\2026\pdfs\ac041\AC041PART127.pdf,pdf_serial_row_count,ok
2026,41,128,643,,,data\rolls\2026\pdfs\ac041\AC041PART128.pdf,pdf_serial_row_count,ok
2026,41,129,728,,,data\rolls\2026\pdfs\ac041\AC041PART129.pdf,pdf_serial_row_count,ok
2026,41,130,696,,,data\rolls\2026\pdfs\ac041\AC041PART130.pdf,pdf_serial_row_count,ok
2026,41,131,748,,,data\rolls\2026\pdfs\ac041\AC041PART131.pdf,pdf_serial_row_count,ok
2026,41,132,566,,,data\rolls\2026\pdfs\ac041\AC041PART132.pdf,pdf_serial_row_count,ok
2026,41,133,584,,,data\rolls\2026\pdfs\ac041\AC041PART133.pdf,pdf_serial_row_count,ok
2026,41,134,601,,,data\rolls\2026\pdfs\ac041\AC041PART134.pdf,pdf_serial_row_count,ok
2026,41,135,527,,,data\rolls\2026\pdfs\ac041\AC041PART135.pdf,pdf_serial_row_count,ok
2026,41,136,423,,,data\rolls\2026\pdfs\ac041\AC041PART136.pdf,pdf_serial_row_count,ok
2026,41,137,628,,,data\rolls\2026\pdfs\ac041\AC041PART137.pdf,pdf_serial_row_count,ok
2026,41,138,968,,,data\rolls\2026\pdfs\ac041\AC041PART138.pdf,pdf_serial_row_count,ok
2026,41,139,951,,,data\rolls\2026\pdfs\ac041\AC041PART139.pdf,pdf_serial_row_count,ok
2026,41,140,557,,,data\rolls\2026\pdfs\ac041\AC041PART140.pdf,pdf_serial_row_count,ok
2026,41,141,444,,,data\rolls\2026\pdfs\ac041\AC041PART141.pdf,pdf_serial_row_count,ok
2026,41,142,910,,,data\rolls\2026\pdfs\ac041\AC041PART142.pdf,pdf_serial_row_count,ok
2026,41,143,704,,,data\rolls\2026\pdfs\ac041\AC041PART143.pdf,pdf_serial_row_count,ok
2026,41,144,681,,,data\rolls\2026\pdfs\ac041\AC041PART144.pdf,pdf_serial_row_count,ok
2026,41,145,683,,,data\rolls\2026\pdfs\ac041\AC041PART145.pdf,pdf_serial_row_count,ok
2026,41,146,771,,,data\rolls\2026\pdfs\ac041\AC041PART146.pdf,pdf_serial_row_count,ok
2026,41,147,686,,,data\rolls\2026\pdfs\ac041\AC041PART147.pdf,pdf_serial_row_count,ok
2026,41,148,1011,,,data\rolls\2026\pdfs\ac041\AC041PART148.pdf,pdf_serial_row_count,ok
2026,41,149,845,,,data\rolls\2026\pdfs\ac041\AC041PART149.pdf,pdf_serial_row_count,ok
2026,41,150,505,,,data\rolls\2026\pdfs\ac041\AC041PART150.pdf,pdf_serial_row_count,ok
2026,41,151,571,,,data\rolls\2026\pdfs\ac041\AC041PART151.pdf,pdf_serial_row_count,ok
2026,41,152,658,,,data\rolls\2026\pdfs\ac041\AC041PART152.pdf,pdf_serial_row_count,ok
2026,41,153,873,,,data\rolls\2026\pdfs\ac041\AC041PART153.pdf,pdf_serial_row_count,ok
2026,41,154,816,,,data\rolls\2026\pdfs\ac041\AC041PART154.pdf,pdf_serial_row_count,ok
2026,41,155,934,,,data\rolls\2026\pdfs\ac041\AC041PART155.pdf,pdf_serial_row_count,ok
2026,41,156,739,,,data\rolls\2026\pdfs\ac041\AC041PART156.pdf,pdf_serial_row_count,ok
2026,41,157,615,,,data\rolls\2026\pdfs\ac041\AC041PART157.pdf,pdf_serial_row_count,ok
2026,41,158,446,,,data\rolls\2026\pdfs\ac041\AC041PART158.pdf,pdf_serial_row_count,ok
2026,41,159,814,,,data\rolls\2026\pdfs\ac041\AC041PART159.pdf,pdf_serial_row_count,ok
2026,41,160,737,,,data\rolls\2026\pdfs\ac041\AC041PART160.pdf,pdf_serial_row_count,ok
2026,41,161,620,,,data\rolls\2026\pdfs\ac041\AC041PART161.pdf,pdf_serial_row_count,ok
2026,41,162,408,,,data\rolls\2026\pdfs\ac041\AC041PART162.pdf,pdf_serial_row_count,ok
2026,41,163,555,,,data\rolls\2026\pdfs\ac041\AC041PART163.pdf,pdf_serial_row_count,ok
2026,41,164,429,,,data\rolls\2026\pdfs\ac041\AC041PART164.pdf,pdf_serial_row_count,ok
2026,41,165,864,,,data\rolls\2026\pdfs\ac041\AC041PART165.pdf,pdf_serial_row_count,ok
2026,41,166,301,,,data\rolls\2026\pdfs\ac041\AC041PART166.pdf,pdf_serial_row_count,ok
2026,41,167,517,,,data\rolls\2026\pdfs\ac041\AC041PART167.pdf,pdf_serial_row_count,ok
2026,41,168,636,,,data\rolls\2026\pdfs\ac041\AC041PART168.pdf,pdf_serial_row_count,ok
2026,41,169,853,,,data\rolls\2026\pdfs\ac041\AC041PART169.pdf,pdf_serial_row_count,ok
2026,41,170,993,,,data\rolls\2026\pdfs\ac041\AC041PART170.pdf,pdf_serial_row_count,ok
2026,41,171,777,,,data\rolls\2026\pdfs\ac041\AC041PART171.pdf,pdf_serial_row_count,ok
2026,41,172,358,,,data\rolls\2026\pdfs\ac041\AC041PART172.pdf,pdf_serial_row_count,ok
2026,41,173,648,,,data\rolls\2026\pdfs\ac041\AC041PART173.pdf,pdf_serial_row_count,ok
2026,41,174,841,,,data\rolls\2026\pdfs\ac041\AC041PART174.pdf,pdf_serial_row_count,ok
2026,41,175,673,,,data\rolls\2026\pdfs\ac041\AC041PART175.pdf,pdf_serial_row_count,ok
2026,41,176,468,,,data\rolls\2026\pdfs\ac041\AC041PART176.pdf,pdf_serial_row_count,ok
2026,41,177,496,,,data\rolls\2026\pdfs\ac041\AC041PART177.pdf,pdf_serial_row_count,ok
2026,41,178,525,,,data\rolls\2026\pdfs\ac041\AC041PART178.pdf,pdf_serial_row_count,ok
2026,41,179,612,,,data\rolls\2026\pdfs\ac041\AC041PART179.pdf,pdf_serial_row_count,ok
2026,41,180,507,,,data\rolls\2026\pdfs\ac041\AC041PART180.pdf,pdf_serial_row_count,ok
2026,41,181,693,,,data\rolls\2026\pdfs\ac041\AC041PART181.pdf,pdf_serial_row_count,ok
2026,41,182,696,,,data\rolls\2026\pdfs\ac041\AC041PART182.pdf,pdf_serial_row_count,ok
2026,41,183,946,,,data\rolls\2026\pdfs\ac041\AC041PART183.pdf,pdf_serial_row_count,ok
2026,41,184,666,,,data\rolls\2026\pdfs\ac041\AC041PART184.pdf,pdf_serial_row_count,ok
2026,41,185,432,,,data\rolls\2026\pdfs\ac041\AC041PART185.pdf,pdf_serial_row_count,ok
2026,41,186,757,,,data\rolls\2026\pdfs\ac041\AC041PART186.pdf,pdf_serial_row_count,ok
2026,41,187,764,,,data\rolls\2026\pdfs\ac041\AC041PART187.pdf,pdf_serial_row_count,ok
2026,41,188,842,,,data\rolls\2026\pdfs\ac041\AC041PART188.pdf,pdf_serial_row_count,ok
2026,41,189,902,,,data\rolls\2026\pdfs\ac041\AC041PART189.pdf,pdf_serial_row_count,ok
2026,41,190,802,,,data\rolls\2026\pdfs\ac041\AC041PART190.pdf,pdf_serial_row_count,ok
2026,41,191,610,,,data\rolls\2026\pdfs\ac041\AC041PART191.pdf,pdf_serial_row_count,ok
2026,41,192,749,,,data\rolls\2026\pdfs\ac041\AC041PART192.pdf,pdf_serial_row_count,ok
2026,41,193,845,,,data\rolls\2026\pdfs\ac041\AC041PART193.pdf,pdf_serial_row_count,ok
2026,41,194,954,,,data\rolls\2026\pdfs\ac041\AC041PART194.pdf,pdf_serial_row_count,ok
2026,41,195,711,,,data\rolls\2026\pdfs\ac041\AC041PART195.pdf,pdf_serial_row_count,ok
2026,41,196,566,,,data\rolls\2026\pdfs\ac041\AC041PART196.pdf,pdf_serial_row_count,ok
2026,41,197,581,,,data\rolls\2026\pdfs\ac041\AC041PART197.pdf,pdf_serial_row_count,ok
2026,41,198,540,,,data\rolls\2026\pdfs\ac041\AC041PART198.pdf,pdf_serial_row_count,ok
2026,41,199,960,,,data\rolls\2026\pdfs\ac041\AC041PART199.pdf,pdf_serial_row_count,ok
2026,41,200,746,,,data\rolls\2026\pdfs\ac041\AC041PART200.pdf,pdf_serial_row_count,ok
2026,41,201,595,,,data\rolls\2026\pdfs\ac041\AC041PART201.pdf,pdf_serial_row_count,ok
2026,41,202,803,,,data\rolls\2026\pdfs\ac041\AC041PART202.pdf,pdf_serial_row_count,ok
2026,42,1,962,,,data\rolls\2026\pdfs\ac042\AC042PART001.pdf,pdf_serial_row_count,ok
2026,42,2,302,,,data\rolls\2026\pdfs\ac042\AC042PART002.pdf,pdf_serial_row_count,ok
2026,42,3,679,,,data\rolls\2026\pdfs\ac042\AC042PART003.pdf,pdf_serial_row_count,ok
2026,42,4,767,,,data\rolls\2026\pdfs\ac042\AC042PART004.pdf,pdf_serial_row_count,ok
2026,42,5,578,,,data\rolls\2026\pdfs\ac042\AC042PART005.pdf,pdf_serial_row_count,ok
2026,42,6,474,,,data\rolls\2026\pdfs\ac042\AC042PART006.pdf,pdf_serial_row_count,ok
2026,42,7,620,,,data\rolls\2026\pdfs\ac042\AC042PART007.pdf,pdf_serial_row_count,ok
2026,42,8,551,,,data\rolls\2026\pdfs\ac042\AC042PART008.pdf,pdf_serial_row_count,ok
2026,42,9,567,,,data\rolls\2026\pdfs\ac042\AC042PART009.pdf,pdf_serial_row_count,ok
2026,42,10,883,,,data\rolls\2026\pdfs\ac042\AC042PART010.pdf,pdf_serial_row_count,ok
2026,42,11,759,,,data\rolls\2026\pdfs\ac042\AC042PART011.pdf,pdf_serial_row_count,ok
2026,42,12,956,,,data\rolls\2026\pdfs\ac042\AC042PART012.pdf,pdf_serial_row_count,ok
2026,42,13,736,,,data\rolls\2026\pdfs\ac042\AC042PART013.pdf,pdf_serial_row_count,ok
2026,42,14,847,,,data\rolls\2026\pdfs\ac042\AC042PART014.pdf,pdf_serial_row_count,ok
2026,42,15,609,,,data\rolls\2026\pdfs\ac042\AC042PART015.pdf,pdf_serial_row_count,ok
2026,42,16,679,,,data\rolls\2026\pdfs\ac042\AC042PART016.pdf,pdf_serial_row_count,ok
2026,42,17,513,,,data\rolls\2026\pdfs\ac042\AC042PART017.pdf,pdf_serial_row_count,ok
2026,42,18,618,,,data\rolls\2026\pdfs\ac042\AC042PART018.pdf,pdf_serial_row_count,ok
2026,42,19,1115,,,data\rolls\2026\pdfs\ac042\AC042PART019.pdf,pdf_serial_row_count,ok
2026,42,20,962,,,data\rolls\2026\pdfs\ac042\AC042PART020.pdf,pdf_serial_row_count,ok
2026,42,21,655,,,data\rolls\2026\pdfs\ac042\AC042PART021.pdf,pdf_serial_row_count,ok
2026,42,22,690,,,data\rolls\2026\pdfs\ac042\AC042PART022.pdf,pdf_serial_row_count,ok
2026,42,23,646,,,data\rolls\2026\pdfs\ac042\AC042PART023.pdf,pdf_serial_row_count,ok
2026,42,24,796,,,data\rolls\2026\pdfs\ac042\AC042PART024.pdf,pdf_serial_row_count,ok
2026,42,25,741,,,data\rolls\2026\pdfs\ac042\AC042PART025.pdf,pdf_serial_row_count,ok
2026,42,26,852,,,data\rolls\2026\pdfs\ac042\AC042PART026.pdf,pdf_serial_row_count,ok
2026,42,27,1079,,,data\rolls\2026\pdfs\ac042\AC042PART027.pdf,pdf_serial_row_count,ok
2026,42,28,998,,,data\rolls\2026\pdfs\ac042\AC042PART028.pdf,pdf_serial_row_count,ok
2026,42,29,510,,,data\rolls\2026\pdfs\ac042\AC042PART029.pdf,pdf_serial_row_count,ok
2026,42,30,765,,,data\rolls\2026\pdfs\ac042\AC042PART030.pdf,pdf_serial_row_count,ok
2026,42,31,952,,,data\rolls\2026\pdfs\ac042\AC042PART031.pdf,pdf_serial_row_count,ok
2026,42,32,434,,,data\rolls\2026\pdfs\ac042\AC042PART032.pdf,pdf_serial_row_count,ok
2026,42,33,654,,,data\rolls\2026\pdfs\ac042\AC042PART033.pdf,pdf_serial_row_count,ok
2026,42,34,924,,,data\rolls\2026\pdfs\ac042\AC042PART034.pdf,pdf_serial_row_count,ok
2026,42,35,439,,,data\rolls\2026\pdfs\ac042\AC042PART035.pdf,pdf_serial_row_count,ok
2026,42,36,491,,,data\rolls\2026\pdfs\ac042\AC042PART036.pdf,pdf_serial_row_count,ok
2026,42,37,561,,,data\rolls\2026\pdfs\ac042\AC042PART037.pdf,pdf_serial_row_count,ok
2026,42,38,989,,,data\rolls\2026\pdfs\ac042\AC042PART038.pdf,pdf_serial_row_count,ok
2026,42,39,729,,,data\rolls\2026\pdfs\ac042\AC042PART039.pdf,pdf_serial_row_count,ok
2026,42,40,797,,,data\rolls\2026\pdfs\ac042\AC042PART040.pdf,pdf_serial_row_count,ok
2026,42,41,974,,,data\rolls\2026\pdfs\ac042\AC042PART041.pdf,pdf_serial_row_count,ok
2026,42,42,1068,,,data\rolls\2026\pdfs\ac042\AC042PART042.pdf,pdf_serial_row_count,ok
2026,42,43,928,,,data\rolls\2026\pdfs\ac042\AC042PART043.pdf,pdf_serial_row_count,ok
2026,42,44,762,,,data\rolls\2026\pdfs\ac042\AC042PART044.pdf,pdf_serial_row_count,ok
2026,42,45,293,,,data\rolls\2026\pdfs\ac042\AC042PART045.pdf,pdf_serial_row_count,ok
2026,42,46,730,,,data\rolls\2026\pdfs\ac042\AC042PART046.pdf,pdf_serial_row_count,ok
2026,42,47,746,,,data\rolls\2026\pdfs\ac042\AC042PART047.pdf,pdf_serial_row_count,ok
2026,42,48,473,,,data\rolls\2026\pdfs\ac042\AC042PART048.pdf,pdf_serial_row_count,ok
2026,42,49,788,,,data\rolls\2026\pdfs\ac042\AC042PART049.pdf,pdf_serial_row_count,ok
2026,42,50,954,,,data\rolls\2026\pdfs\ac042\AC042PART050.pdf,pdf_serial_row_count,ok
2026,42,51,967,,,data\rolls\2026\pdfs\ac042\AC042PART051.pdf,pdf_serial_row_count,ok
2026,42,52,971,,,data\rolls\2026\pdfs\ac042\AC042PART052.pdf,pdf_serial_row_count,ok
2026,42,53,922,,,data\rolls\2026\pdfs\ac042\AC042PART053.pdf,pdf_serial_row_count,ok
2026,42,54,909,,,data\rolls\2026\pdfs\ac042\AC042PART054.pdf,pdf_serial_row_count,ok
2026,42,55,635,,,data\rolls\2026\pdfs\ac042\AC042PART055.pdf,pdf_serial_row_count,ok
2026,42,56,547,,,data\rolls\2026\pdfs\ac042\AC042PART056.pdf,pdf_serial_row_count,ok
2026,42,57,467,,,data\rolls\2026\pdfs\ac042\AC042PART057.pdf,pdf_serial_row_count,ok
2026,42,58,548,,,data\rolls\2026\pdfs\ac042\AC042PART058.pdf,pdf_serial_row_count,ok
2026,42,59,525,,,data\rolls\2026\pdfs\ac042\AC042PART059.pdf,pdf_serial_row_count,ok
2026,42,60,656,,,data\rolls\2026\pdfs\ac042\AC042PART060.pdf,pdf_serial_row_count,ok
2026,42,61,655,,,data\rolls\2026\pdfs\ac042\AC042PART061.pdf,pdf_serial_row_count,ok
2026,42,62,593,,,data\rolls\2026\pdfs\ac042\AC042PART062.pdf,pdf_serial_row_count,ok
2026,42,63,885,,,data\rolls\2026\pdfs\ac042\AC042PART063.pdf,pdf_serial_row_count,ok
2026,42,64,820,,,data\rolls\2026\pdfs\ac042\AC042PART064.pdf,pdf_serial_row_count,ok
2026,42,65,587,,,data\rolls\2026\pdfs\ac042\AC042PART065.pdf,pdf_serial_row_count,ok
2026,42,66,631,,,data\rolls\2026\pdfs\ac042\AC042PART066.pdf,pdf_serial_row_count,ok
2026,42,67,581,,,data\rolls\2026\pdfs\ac042\AC042PART067.pdf,pdf_serial_row_count,ok
2026,42,68,744,,,data\rolls\2026\pdfs\ac042\AC042PART068.pdf,pdf_serial_row_count,ok
2026,42,69,683,,,data\rolls\2026\pdfs\ac042\AC042PART069.pdf,pdf_serial_row_count,ok
2026,42,70,872,,,data\rolls\2026\pdfs\ac042\AC042PART070.pdf,pdf_serial_row_count,ok
2026,42,71,337,,,data\rolls\2026\pdfs\ac042\AC042PART071.pdf,pdf_serial_row_count,ok
2026,42,72,561,,,data\rolls\2026\pdfs\ac042\AC042PART072.pdf,pdf_serial_row_count,ok
2026,42,73,516,,,data\rolls\2026\pdfs\ac042\AC042PART073.pdf,pdf_serial_row_count,ok
2026,42,74,430,,,data\rolls\2026\pdfs\ac042\AC042PART074.pdf,pdf_serial_row_count,ok
2026,42,75,762,,,data\rolls\2026\pdfs\ac042\AC042PART075.pdf,pdf_serial_row_count,ok
2026,42,76,744,,,data\rolls\2026\pdfs\ac042\AC042PART076.pdf,pdf_serial_row_count,ok
2026,42,77,835,,,data\rolls\2026\pdfs\ac042\AC042PART077.pdf,pdf_serial_row_count,ok
2026,42,78,1177,,,data\rolls\2026\pdfs\ac042\AC042PART078.pdf,pdf_serial_row_count,ok
2026,42,79,476,,,data\rolls\2026\pdfs\ac042\AC042PART079.pdf,pdf_serial_row_count,ok
2026,42,80,648,,,data\rolls\2026\pdfs\ac042\AC042PART080.pdf,pdf_serial_row_count,ok
2026,42,81,842,,,data\rolls\2026\pdfs\ac042\AC042PART081.pdf,pdf_serial_row_count,ok
2026,42,82,480,,,data\rolls\2026\pdfs\ac042\AC042PART082.pdf,pdf_serial_row_count,ok
2026,42,83,513,,,data\rolls\2026\pdfs\ac042\AC042PART083.pdf,pdf_serial_row_count,ok
2026,42,84,772,,,data\rolls\2026\pdfs\ac042\AC042PART084.pdf,pdf_serial_row_count,ok
2026,42,85,886,,,data\rolls\2026\pdfs\ac042\AC042PART085.pdf,pdf_serial_row_count,ok
2026,42,86,947,,,data\rolls\2026\pdfs\ac042\AC042PART086.pdf,pdf_serial_row_count,ok
2026,42,87,843,,,data\rolls\2026\pdfs\ac042\AC042PART087.pdf,pdf_serial_row_count,ok
2026,42,88,861,,,data\rolls\2026\pdfs\ac042\AC042PART088.pdf,pdf_serial_row_count,ok
2026,42,89,532,,,data\rolls\2026\pdfs\ac042\AC042PART089.pdf,pdf_serial_row_count,ok
2026,42,90,829,,,data\rolls\2026\pdfs\ac042\AC042PART090.pdf,pdf_serial_row_count,ok
2026,42,91,1073,,,data\rolls\2026\pdfs\ac042\AC042PART091.pdf,pdf_serial_row_count,ok
2026,42,92,255,,,data\rolls\2026\pdfs\ac042\AC042PART092.pdf,pdf_serial_row_count,ok
2026,42,93,1161,,,data\rolls\2026\pdfs\ac042\AC042PART093.pdf,pdf_serial_row_count,ok
2026,42,94,896,,,data\rolls\2026\pdfs\ac042\AC042PART094.pdf,pdf_serial_row_count,ok
2026,42,95,892,,,data\rolls\2026\pdfs\ac042\AC042PART095.pdf,pdf_serial_row_count,ok
2026,42,96,700,,,data\rolls\2026\pdfs\ac042\AC042PART096.pdf,pdf_serial_row_count,ok
2026,42,97,552,,,data\rolls\2026\pdfs\ac042\AC042PART097.pdf,pdf_serial_row_count,ok
2026,42,98,566,,,data\rolls\2026\pdfs\ac042\AC042PART098.pdf,pdf_serial_row_count,ok
2026,42,99,847,,,data\rolls\2026\pdfs\ac042\AC042PART099.pdf,pdf_serial_row_count,ok
2026,42,100,1000,,,data\rolls\2026\pdfs\ac042\AC042PART100.pdf,pdf_serial_row_count,ok
2026,42,101,710,,,data\rolls\2026\pdfs\ac042\AC042PART101.pdf,pdf_serial_row_count,ok
2026,42,102,870,,,data\rolls\2026\pdfs\ac042\AC042PART102.pdf,pdf_serial_row_count,ok
2026,42,103,794,,,data\rolls\2026\pdfs\ac042\AC042PART103.pdf,pdf_serial_row_count,ok
2026,42,104,706,,,data\rolls\2026\pdfs\ac042\AC042PART104.pdf,pdf_serial_row_count,ok
2026,42,105,768,,,data\rolls\2026\pdfs\ac042\AC042PART105.pdf,pdf_serial_row_count,ok
2026,42,106,958,,,data\rolls\2026\pdfs\ac042\AC042PART106.pdf,pdf_serial_row_count,ok
2026,42,107,753,,,data\rolls\2026\pdfs\ac042\AC042PART107.pdf,pdf_serial_row_count,ok
2026,42,108,637,,,data\rolls\2026\pdfs\ac042\AC042PART108.pdf,pdf_serial_row_count,ok
2026,42,109,791,,,data\rolls\2026\pdfs\ac042\AC042PART109.pdf,pdf_serial_row_count,ok
2026,42,110,354,,,data\rolls\2026\pdfs\ac042\AC042PART110.pdf,pdf_serial_row_count,ok
2026,42,111,875,,,data\rolls\2026\pdfs\ac042\AC042PART111.pdf,pdf_serial_row_count,ok
2026,42,112,632,,,data\rolls\2026\pdfs\ac042\AC042PART112.pdf,pdf_serial_row_count,ok
2026,42,113,588,,,data\rolls\2026\pdfs\ac042\AC042PART113.pdf,pdf_serial_row_count,ok
2026,42,114,782,,,data\rolls\2026\pdfs\ac042\AC042PART114.pdf,pdf_serial_row_count,ok
2026,42,115,752,,,data\rolls\2026\pdfs\ac042\AC042PART115.pdf,pdf_serial_row_count,ok
2026,42,116,778,,,data\rolls\2026\pdfs\ac042\AC042PART116.pdf,pdf_serial_row_count,ok
2026,42,117,953,,,data\rolls\2026\pdfs\ac042\AC042PART117.pdf,pdf_serial_row_count,ok
2026,42,118,1040,,,data\rolls\2026\pdfs\ac042\AC042PART118.pdf,pdf_serial_row_count,ok
2026,42,119,676,,,data\rolls\2026\pdfs\ac042\AC042PART119.pdf,pdf_serial_row_count,ok
2026,42,120,479,,,data\rolls\2026\pdfs\ac042\AC042PART120.pdf,pdf_serial_row_count,ok
2026,42,121,828,,,data\rolls\2026\pdfs\ac042\AC042PART121.pdf,pdf_serial_row_count,ok
2026,42,122,733,,,data\rolls\2026\pdfs\ac042\AC042PART122.pdf,pdf_serial_row_count,ok
2026,42,123,755,,,data\rolls\2026\pdfs\ac042\AC042PART123.pdf,pdf_serial_row_count,ok
2026,42,124,921,,,data\rolls\2026\pdfs\ac042\AC042PART124.pdf,pdf_serial_row_count,ok
2026,42,125,940,,,data\rolls\2026\pdfs\ac042\AC042PART125.pdf,pdf_serial_row_count,ok
2026,42,126,880,,,data\rolls\2026\pdfs\ac042\AC042PART126.pdf,pdf_serial_row_count,ok
2026,42,127,660,,,data\rolls\2026\pdfs\ac042\AC042PART127.pdf,pdf_serial_row_count,ok
2026,42,128,681,,,data\rolls\2026\pdfs\ac042\AC042PART128.pdf,pdf_serial_row_count,ok
2026,42,129,829,,,data\rolls\2026\pdfs\ac042\AC042PART129.pdf,pdf_serial_row_count,ok
2026,42,130,1121,,,data\rolls\2026\pdfs\ac042\AC042PART130.pdf,pdf_serial_row_count,ok
2026,42,131,852,,,data\rolls\2026\pdfs\ac042\AC042PART131.pdf,pdf_serial_row_count,ok
2026,42,132,666,,,data\rolls\2026\pdfs\ac042\AC042PART132.pdf,pdf_serial_row_count,ok
2026,42,133,774,,,data\rolls\2026\pdfs\ac042\AC042PART133.pdf,pdf_serial_row_count,ok
2026,42,134,924,,,data\rolls\2026\pdfs\ac042\AC042PART134.pdf,pdf_serial_row_count,ok
2026,42,135,899,,,data\rolls\2026\pdfs\ac042\AC042PART135.pdf,pdf_serial_row_count,ok
2026,42,136,1051,,,data\rolls\2026\pdfs\ac042\AC042PART136.pdf,pdf_serial_row_count,ok
2026,42,137,747,,,data\rolls\2026\pdfs\ac042\AC042PART137.pdf,pdf_serial_row_count,ok
2026,42,138,987,,,data\rolls\2026\pdfs\ac042\AC042PART138.pdf,pdf_serial_row_count,ok
2026,42,139,803,,,data\rolls\2026\pdfs\ac042\AC042PART139.pdf,pdf_serial_row_count,ok
2026,42,140,393,,,data\rolls\2026\pdfs\ac042\AC042PART140.pdf,pdf_serial_row_count,ok
2026,42,141,696,,,data\rolls\2026\pdfs\ac042\AC042PART141.pdf,pdf_serial_row_count,ok
2026,42,142,613,,,data\rolls\2026\pdfs\ac042\AC042PART142.pdf,pdf_serial_row_count,ok
2026,42,143,779,,,data\rolls\2026\pdfs\ac042\AC042PART143.pdf,pdf_serial_row_count,ok
2026,42,144,650,,,data\rolls\2026\pdfs\ac042\AC042PART144.pdf,pdf_serial_row_count,ok
2026,42,145,718,,,data\rolls\2026\pdfs\ac042\AC042PART145.pdf,pdf_serial_row_count,ok
2026,42,146,825,,,data\rolls\2026\pdfs\ac042\AC042PART146.pdf,pdf_serial_row_count,ok
2026,42,147,629,,,data\rolls\2026\pdfs\ac042\AC042PART147.pdf,pdf_serial_row_count,ok
2026,42,148,663,,,data\rolls\2026\pdfs\ac042\AC042PART148.pdf,pdf_serial_row_count,ok
2026,42,149,835,,,data\rolls\2026\pdfs\ac042\AC042PART149.pdf,pdf_serial_row_count,ok
2026,42,150,631,,,data\rolls\2026\pdfs\ac042\AC042PART150.pdf,pdf_serial_row_count,ok
2026,42,151,683,,,data\rolls\2026\pdfs\ac042\AC042PART151.pdf,pdf_serial_row_count,ok
2026,42,152,859,,,data\rolls\2026\pdfs\ac042\AC042PART152.pdf,pdf_serial_row_count,ok
2026,42,153,372,,,data\rolls\2026\pdfs\ac042\AC042PART153.pdf,pdf_serial_row_count,ok
2026,42,154,1018,,,data\rolls\2026\pdfs\ac042\AC042PART154.pdf,pdf_serial_row_count,ok
2026,42,155,1141,,,data\rolls\2026\pdfs\ac042\AC042PART155.pdf,pdf_serial_row_count,ok
2026,42,156,770,,,data\rolls\2026\pdfs\ac042\AC042PART156.pdf,pdf_serial_row_count,ok
2026,42,157,592,,,data\rolls\2026\pdfs\ac042\AC042PART157.pdf,pdf_serial_row_count,ok
2026,42,158,690,,,data\rolls\2026\pdfs\ac042\AC042PART158.pdf,pdf_serial_row_count,ok
2026,42,159,565,,,data\rolls\2026\pdfs\ac042\AC042PART159.pdf,pdf_serial_row_count,ok
2026,42,160,740,,,data\rolls\2026\pdfs\ac042\AC042PART160.pdf,pdf_serial_row_count,ok
2026,42,161,963,,,data\rolls\2026\pdfs\ac042\AC042PART161.pdf,pdf_serial_row_count,ok
2026,42,162,807,,,data\rolls\2026\pdfs\ac042\AC042PART162.pdf,pdf_serial_row_count,ok
2026,42,163,617,,,data\rolls\2026\pdfs\ac042\AC042PART163.pdf,pdf_serial_row_count,ok
2026,42,164,711,,,data\rolls\2026\pdfs\ac042\AC042PART164.pdf,pdf_serial_row_count,ok
2026,42,165,649,,,data\rolls\2026\pdfs\ac042\AC042PART165.pdf,pdf_serial_row_count,ok
2026,42,166,768,,,data\rolls\2026\pdfs\ac042\AC042PART166.pdf,pdf_serial_row_count,ok
2026,42,167,616,,,data\rolls\2026\pdfs\ac042\AC042PART167.pdf,pdf_serial_row_count,ok
2026,42,168,485,,,data\rolls\2026\pdfs\ac042\AC042PART168.pdf,pdf_serial_row_count,ok
2026,42,169,829,,,data\rolls\2026\pdfs\ac042\AC042PART169.pdf,pdf_serial_row_count,ok
2026,42,170,719,,,data\rolls\2026\pdfs\ac042\AC042PART170.pdf,pdf_serial_row_count,ok
2026,42,171,912,,,data\rolls\2026\pdfs\ac042\AC042PART171.pdf,pdf_serial_row_count,ok
2026,42,172,819,,,data\rolls\2026\pdfs\ac042\AC042PART172.pdf,pdf_serial_row_count,ok
2026,42,173,673,,,data\rolls\2026\pdfs\ac042\AC042PART173.pdf,pdf_serial_row_count,ok
2026,42,174,855,,,data\rolls\2026\pdfs\ac042\AC042PART174.pdf,pdf_serial_row_count,ok
2026,42,175,551,,,data\rolls\2026\pdfs\ac042\AC042PART175.pdf,pdf_serial_row_count,ok
2026,42,176,554,,,data\rolls\2026\pdfs\ac042\AC042PART176.pdf,pdf_serial_row_count,ok
2026,42,177,733,,,data\rolls\2026\pdfs\ac042\AC042PART177.pdf,pdf_serial_row_count,ok
2026,42,178,893,,,data\rolls\2026\pdfs\ac042\AC042PART178.pdf,pdf_serial_row_count,ok
2026,42,179,489,,,data\rolls\2026\pdfs\ac042\AC042PART179.pdf,pdf_serial_row_count,ok
2026,42,180,578,,,data\rolls\2026\pdfs\ac042\AC042PART180.pdf,pdf_serial_row_count,ok
2026,42,181,647,,,data\rolls\2026\pdfs\ac042\AC042PART181.pdf,pdf_serial_row_count,ok
2026,42,182,682,,,data\rolls\2026\pdfs\ac042\AC042PART182.pdf,pdf_serial_row_count,ok
2026,42,183,715,,,data\rolls\2026\pdfs\ac042\AC042PART183.pdf,pdf_serial_row_count,ok
2026,42,184,1036,,,data\rolls\2026\pdfs\ac042\AC042PART184.pdf,pdf_serial_row_count,ok
2026,42,185,1138,,,data\rolls\2026\pdfs\ac042\AC042PART185.pdf,pdf_serial_row_count,ok
2026,42,186,1256,,,data\rolls\2026\pdfs\ac042\AC042PART186.pdf,pdf_serial_row_count,ok
2026,42,187,1272,,,data\rolls\2026\pdfs\ac042\AC042PART187.pdf,pdf_serial_row_count,ok
2026,42,188,633,,,data\rolls\2026\pdfs\ac042\AC042PART188.pdf,pdf_serial_row_count,ok
2026,42,189,754,,,data\rolls\2026\pdfs\ac042\AC042PART189.pdf,pdf_serial_row_count,ok
2026,42,190,944,,,data\rolls\2026\pdfs\ac042\AC042PART190.pdf,pdf_serial_row_count,ok
2026,42,191,872,,,data\rolls\2026\pdfs\ac042\AC042PART191.pdf,pdf_serial_row_count,ok
2026,42,192,579,,,data\rolls\2026\pdfs\ac042\AC042PART192.pdf,pdf_serial_row_count,ok
2026,42,193,974,,,data\rolls\2026\pdfs\ac042\AC042PART193.pdf,pdf_serial_row_count,ok
2026,42,194,785,,,data\rolls\2026\pdfs\ac042\AC042PART194.pdf,pdf_serial_row_count,ok
2026,42,195,807,,,data\rolls\2026\pdfs\ac042\AC042PART195.pdf,pdf_serial_row_count,ok
2026,42,196,841,,,data\rolls\2026\pdfs\ac042\AC042PART196.pdf,pdf_serial_row_count,ok
2026,42,197,351,,,data\rolls\2026\pdfs\ac042\AC042PART197.pdf,pdf_serial_row_count,ok
2026,43,1,706,,,data\rolls\2026\pdfs\ac043\AC043PART001.pdf,pdf_serial_row_count,ok
2026,43,2,857,,,data\rolls\2026\pdfs\ac043\AC043PART002.pdf,pdf_serial_row_count,ok
2026,43,3,949,,,data\rolls\2026\pdfs\ac043\AC043PART003.pdf,pdf_serial_row_count,ok
2026,43,4,929,,,data\rolls\2026\pdfs\ac043\AC043PART004.pdf,pdf_serial_row_count,ok
2026,43,5,590,,,data\rolls\2026\pdfs\ac043\AC043PART005.pdf,pdf_serial_row_count,ok
2026,43,6,1028,,,data\rolls\2026\pdfs\ac043\AC043PART006.pdf,pdf_serial_row_count,ok
2026,43,7,958,,,data\rolls\2026\pdfs\ac043\AC043PART007.pdf,pdf_serial_row_count,ok
2026,43,8,963,,,data\rolls\2026\pdfs\ac043\AC043PART008.pdf,pdf_serial_row_count,ok
2026,43,9,488,,,data\rolls\2026\pdfs\ac043\AC043PART009.pdf,pdf_serial_row_count,ok
2026,43,10,841,,,data\rolls\2026\pdfs\ac043\AC043PART010.pdf,pdf_serial_row_count,ok
2026,43,11,534,,,data\rolls\2026\pdfs\ac043\AC043PART011.pdf,pdf_serial_row_count,ok
2026,43,12,634,,,data\rolls\2026\pdfs\ac043\AC043PART012.pdf,pdf_serial_row_count,ok
2026,43,13,958,,,data\rolls\2026\pdfs\ac043\AC043PART013.pdf,pdf_serial_row_count,ok
2026,43,14,841,,,data\rolls\2026\pdfs\ac043\AC043PART014.pdf,pdf_serial_row_count,ok
2026,43,15,874,,,data\rolls\2026\pdfs\ac043\AC043PART015.pdf,pdf_serial_row_count,ok
2026,43,16,606,,,data\rolls\2026\pdfs\ac043\AC043PART016.pdf,pdf_serial_row_count,ok
2026,43,17,767,,,data\rolls\2026\pdfs\ac043\AC043PART017.pdf,pdf_serial_row_count,ok
2026,43,18,465,,,data\rolls\2026\pdfs\ac043\AC043PART018.pdf,pdf_serial_row_count,ok
2026,43,19,710,,,data\rolls\2026\pdfs\ac043\AC043PART019.pdf,pdf_serial_row_count,ok
2026,43,20,738,,,data\rolls\2026\pdfs\ac043\AC043PART020.pdf,pdf_serial_row_count,ok
2026,43,21,838,,,data\rolls\2026\pdfs\ac043\AC043PART021.pdf,pdf_serial_row_count,ok
2026,43,22,705,,,data\rolls\2026\pdfs\ac043\AC043PART022.pdf,pdf_serial_row_count,ok
2026,43,23,791,,,data\rolls\2026\pdfs\ac043\AC043PART023.pdf,pdf_serial_row_count,ok
2026,43,24,828,,,data\rolls\2026\pdfs\ac043\AC043PART024.pdf,pdf_serial_row_count,ok
2026,43,25,486,,,data\rolls\2026\pdfs\ac043\AC043PART025.pdf,pdf_serial_row_count,ok
2026,43,26,743,,,data\rolls\2026\pdfs\ac043\AC043PART026.pdf,pdf_serial_row_count,ok
2026,43,27,412,,,data\rolls\2026\pdfs\ac043\AC043PART027.pdf,pdf_serial_row_count,ok
2026,43,28,788,,,data\rolls\2026\pdfs\ac043\AC043PART028.pdf,pdf_serial_row_count,ok
2026,43,29,659,,,data\rolls\2026\pdfs\ac043\AC043PART029.pdf,pdf_serial_row_count,ok
2026,43,30,665,,,data\rolls\2026\pdfs\ac043\AC043PART030.pdf,pdf_serial_row_count,ok
2026,43,31,381,,,data\rolls\2026\pdfs\ac043\AC043PART031.pdf,pdf_serial_row_count,ok
2026,43,32,570,,,data\rolls\2026\pdfs\ac043\AC043PART032.pdf,pdf_serial_row_count,ok
2026,43,33,874,,,data\rolls\2026\pdfs\ac043\AC043PART033.pdf,pdf_serial_row_count,ok
2026,43,34,688,,,data\rolls\2026\pdfs\ac043\AC043PART034.pdf,pdf_serial_row_count,ok
2026,43,35,583,,,data\rolls\2026\pdfs\ac043\AC043PART035.pdf,pdf_serial_row_count,ok
2026,43,36,490,,,data\rolls\2026\pdfs\ac043\AC043PART036.pdf,pdf_serial_row_count,ok
2026,43,37,506,,,data\rolls\2026\pdfs\ac043\AC043PART037.pdf,pdf_serial_row_count,ok
2026,43,38,973,,,data\rolls\2026\pdfs\ac043\AC043PART038.pdf,pdf_serial_row_count,ok
2026,43,39,811,,,data\rolls\2026\pdfs\ac043\AC043PART039.pdf,pdf_serial_row_count,ok
2026,43,40,967,,,data\rolls\2026\pdfs\ac043\AC043PART040.pdf,pdf_serial_row_count,ok
2026,43,41,744,,,data\rolls\2026\pdfs\ac043\AC043PART041.pdf,pdf_serial_row_count,ok
2026,43,42,607,,,data\rolls\2026\pdfs\ac043\AC043PART042.pdf,pdf_serial_row_count,ok
2026,43,43,785,,,data\rolls\2026\pdfs\ac043\AC043PART043.pdf,pdf_serial_row_count,ok
2026,43,44,561,,,data\rolls\2026\pdfs\ac043\AC043PART044.pdf,pdf_serial_row_count,ok
2026,43,45,635,,,data\rolls\2026\pdfs\ac043\AC043PART045.pdf,pdf_serial_row_count,ok
2026,43,46,468,,,data\rolls\2026\pdfs\ac043\AC043PART046.pdf,pdf_serial_row_count,ok
2026,43,47,763,,,data\rolls\2026\pdfs\ac043\AC043PART047.pdf,pdf_serial_row_count,ok
2026,43,48,504,,,data\rolls\2026\pdfs\ac043\AC043PART048.pdf,pdf_serial_row_count,ok
2026,43,49,565,,,data\rolls\2026\pdfs\ac043\AC043PART049.pdf,pdf_serial_row_count,ok
2026,43,50,471,,,data\rolls\2026\pdfs\ac043\AC043PART050.pdf,pdf_serial_row_count,ok
2026,43,51,656,,,data\rolls\2026\pdfs\ac043\AC043PART051.pdf,pdf_serial_row_count,ok
2026,43,52,461,,,data\rolls\2026\pdfs\ac043\AC043PART052.pdf,pdf_serial_row_count,ok
2026,43,53,895,,,data\rolls\2026\pdfs\ac043\AC043PART053.pdf,pdf_serial_row_count,ok
2026,43,54,477,,,data\rolls\2026\pdfs\ac043\AC043PART054.pdf,pdf_serial_row_count,ok
2026,43,55,746,,,data\rolls\2026\pdfs\ac043\AC043PART055.pdf,pdf_serial_row_count,ok
2026,43,56,542,,,data\rolls\2026\pdfs\ac043\AC043PART056.pdf,pdf_serial_row_count,ok
2026,43,57,549,,,data\rolls\2026\pdfs\ac043\AC043PART057.pdf,pdf_serial_row_count,ok
2026,43,58,972,,,data\rolls\2026\pdfs\ac043\AC043PART058.pdf,pdf_serial_row_count,ok
2026,43,59,1110,,,data\rolls\2026\pdfs\ac043\AC043PART059.pdf,pdf_serial_row_count,ok
2026,43,60,925,,,data\rolls\2026\pdfs\ac043\AC043PART060.pdf,pdf_serial_row_count,ok
2026,43,61,856,,,data\rolls\2026\pdfs\ac043\AC043PART061.pdf,pdf_serial_row_count,ok
2026,43,62,367,,,data\rolls\2026\pdfs\ac043\AC043PART062.pdf,pdf_serial_row_count,ok
2026,43,63,744,,,data\rolls\2026\pdfs\ac043\AC043PART063.pdf,pdf_serial_row_count,ok
2026,43,64,554,,,data\rolls\2026\pdfs\ac043\AC043PART064.pdf,pdf_serial_row_count,ok
2026,43,65,813,,,data\rolls\2026\pdfs\ac043\AC043PART065.pdf,pdf_serial_row_count,ok
2026,43,66,804,,,data\rolls\2026\pdfs\ac043\AC043PART066.pdf,pdf_serial_row_count,ok
2026,43,67,834,,,data\rolls\2026\pdfs\ac043\AC043PART067.pdf,pdf_serial_row_count,ok
2026,43,68,705,,,data\rolls\2026\pdfs\ac043\AC043PART068.pdf,pdf_serial_row_count,ok
2026,43,69,982,,,data\rolls\2026\pdfs\ac043\AC043PART069.pdf,pdf_serial_row_count,ok
2026,43,70,722,,,data\rolls\2026\pdfs\ac043\AC043PART070.pdf,pdf_serial_row_count,ok
2026,43,71,503,,,data\rolls\2026\pdfs\ac043\AC043PART071.pdf,pdf_serial_row_count,ok
2026,43,72,730,,,data\rolls\2026\pdfs\ac043\AC043PART072.pdf,pdf_serial_row_count,ok
2026,43,73,452,,,data\rolls\2026\pdfs\ac043\AC043PART073.pdf,pdf_serial_row_count,ok
2026,43,74,760,,,data\rolls\2026\pdfs\ac043\AC043PART074.pdf,pdf_serial_row_count,ok
2026,43,75,586,,,data\rolls\2026\pdfs\ac043\AC043PART075.pdf,pdf_serial_row_count,ok
2026,43,76,653,,,data\rolls\2026\pdfs\ac043\AC043PART076.pdf,pdf_serial_row_count,ok
2026,43,77,876,,,data\rolls\2026\pdfs\ac043\AC043PART077.pdf,pdf_serial_row_count,ok
2026,43,78,902,,,data\rolls\2026\pdfs\ac043\AC043PART078.pdf,pdf_serial_row_count,ok
2026,43,79,895,,,data\rolls\2026\pdfs\ac043\AC043PART079.pdf,pdf_serial_row_count,ok
2026,43,80,787,,,data\rolls\2026\pdfs\ac043\AC043PART080.pdf,pdf_serial_row_count,ok
2026,43,81,763,,,data\rolls\2026\pdfs\ac043\AC043PART081.pdf,pdf_serial_row_count,ok
2026,43,82,1146,,,data\rolls\2026\pdfs\ac043\AC043PART082.pdf,pdf_serial_row_count,ok
2026,43,83,946,,,data\rolls\2026\pdfs\ac043\AC043PART083.pdf,pdf_serial_row_count,ok
2026,43,84,813,,,data\rolls\2026\pdfs\ac043\AC043PART084.pdf,pdf_serial_row_count,ok
2026,43,85,875,,,data\rolls\2026\pdfs\ac043\AC043PART085.pdf,pdf_serial_row_count,ok
2026,43,86,507,,,data\rolls\2026\pdfs\ac043\AC043PART086.pdf,pdf_serial_row_count,ok
2026,43,87,702,,,data\rolls\2026\pdfs\ac043\AC043PART087.pdf,pdf_serial_row_count,ok
2026,43,88,644,,,data\rolls\2026\pdfs\ac043\AC043PART088.pdf,pdf_serial_row_count,ok
2026,43,89,461,,,data\rolls\2026\pdfs\ac043\AC043PART089.pdf,pdf_serial_row_count,ok
2026,43,90,655,,,data\rolls\2026\pdfs\ac043\AC043PART090.pdf,pdf_serial_row_count,ok
2026,43,91,969,,,data\rolls\2026\pdfs\ac043\AC043PART091.pdf,pdf_serial_row_count,ok
2026,43,92,927,,,data\rolls\2026\pdfs\ac043\AC043PART092.pdf,pdf_serial_row_count,ok
2026,43,93,1042,,,data\rolls\2026\pdfs\ac043\AC043PART093.pdf,pdf_serial_row_count,ok
2026,43,94,879,,,data\rolls\2026\pdfs\ac043\AC043PART094.pdf,pdf_serial_row_count,ok
2026,43,95,739,,,data\rolls\2026\pdfs\ac043\AC043PART095.pdf,pdf_serial_row_count,ok
2026,43,96,749,,,data\rolls\2026\pdfs\ac043\AC043PART096.pdf,pdf_serial_row_count,ok
2026,43,97,882,,,data\rolls\2026\pdfs\ac043\AC043PART097.pdf,pdf_serial_row_count,ok
2026,43,98,678,,,data\rolls\2026\pdfs\ac043\AC043PART098.pdf,pdf_serial_row_count,ok
2026,43,99,655,,,data\rolls\2026\pdfs\ac043\AC043PART099.pdf,pdf_serial_row_count,ok
2026,43,100,752,,,data\rolls\2026\pdfs\ac043\AC043PART100.pdf,pdf_serial_row_count,ok
2026,43,101,601,,,data\rolls\2026\pdfs\ac043\AC043PART101.pdf,pdf_serial_row_count,ok
2026,43,102,618,,,data\rolls\2026\pdfs\ac043\AC043PART102.pdf,pdf_serial_row_count,ok
2026,43,103,542,,,data\rolls\2026\pdfs\ac043\AC043PART103.pdf,pdf_serial_row_count,ok
2026,43,104,750,,,data\rolls\2026\pdfs\ac043\AC043PART104.pdf,pdf_serial_row_count,ok
2026,43,105,732,,,data\rolls\2026\pdfs\ac043\AC043PART105.pdf,pdf_serial_row_count,ok
2026,43,106,506,,,data\rolls\2026\pdfs\ac043\AC043PART106.pdf,pdf_serial_row_count,ok
2026,43,107,539,,,data\rolls\2026\pdfs\ac043\AC043PART107.pdf,pdf_serial_row_count,ok
2026,43,108,697,,,data\rolls\2026\pdfs\ac043\AC043PART108.pdf,pdf_serial_row_count,ok
2026,43,109,494,,,data\rolls\2026\pdfs\ac043\AC043PART109.pdf,pdf_serial_row_count,ok
2026,43,110,775,,,data\rolls\2026\pdfs\ac043\AC043PART110.pdf,pdf_serial_row_count,ok
2026,43,111,963,,,data\rolls\2026\pdfs\ac043\AC043PART111.pdf,pdf_serial_row_count,ok
2026,43,112,944,,,data\rolls\2026\pdfs\ac043\AC043PART112.pdf,pdf_serial_row_count,ok
2026,43,113,454,,,data\rolls\2026\pdfs\ac043\AC043PART113.pdf,pdf_serial_row_count,ok
2026,43,114,1008,,,data\rolls\2026\pdfs\ac043\AC043PART114.pdf,pdf_serial_row_count,ok
2026,43,115,799,,,data\rolls\2026\pdfs\ac043\AC043PART115.pdf,pdf_serial_row_count,ok
2026,43,116,477,,,data\rolls\2026\pdfs\ac043\AC043PART116.pdf,pdf_serial_row_count,ok
2026,43,117,568,,,data\rolls\2026\pdfs\ac043\AC043PART117.pdf,pdf_serial_row_count,ok
2026,43,118,859,,,data\rolls\2026\pdfs\ac043\AC043PART118.pdf,pdf_serial_row_count,ok
2026,43,119,627,,,data\rolls\2026\pdfs\ac043\AC043PART119.pdf,pdf_serial_row_count,ok
2026,43,120,585,,,data\rolls\2026\pdfs\ac043\AC043PART120.pdf,pdf_serial_row_count,ok
2026,43,121,593,,,data\rolls\2026\pdfs\ac043\AC043PART121.pdf,pdf_serial_row_count,ok
2026,43,122,643,,,data\rolls\2026\pdfs\ac043\AC043PART122.pdf,pdf_serial_row_count,ok
2026,43,123,989,,,data\rolls\2026\pdfs\ac043\AC043PART123.pdf,pdf_serial_row_count,ok
2026,43,124,871,,,data\rolls\2026\pdfs\ac043\AC043PART124.pdf,pdf_serial_row_count,ok
2026,43,125,799,,,data\rolls\2026\pdfs\ac043\AC043PART125.pdf,pdf_serial_row_count,ok
2026,43,126,871,,,data\rolls\2026\pdfs\ac043\AC043PART126.pdf,pdf_serial_row_count,ok
2026,43,127,1016,,,data\rolls\2026\pdfs\ac043\AC043PART127.pdf,pdf_serial_row_count,ok
2026,43,128,678,,,data\rolls\2026\pdfs\ac043\AC043PART128.pdf,pdf_serial_row_count,ok
2026,43,129,759,,,data\rolls\2026\pdfs\ac043\AC043PART129.pdf,pdf_serial_row_count,ok
2026,43,130,1101,,,data\rolls\2026\pdfs\ac043\AC043PART130.pdf,pdf_serial_row_count,ok
2026,43,131,390,,,data\rolls\2026\pdfs\ac043\AC043PART131.pdf,pdf_serial_row_count,ok
2026,43,132,399,,,data\rolls\2026\pdfs\ac043\AC043PART132.pdf,pdf_serial_row_count,ok
2026,43,133,600,,,data\rolls\2026\pdfs\ac043\AC043PART133.pdf,pdf_serial_row_count,ok
2026,43,134,673,,,data\rolls\2026\pdfs\ac043\AC043PART134.pdf,pdf_serial_row_count,ok
2026,43,135,885,,,data\rolls\2026\pdfs\ac043\AC043PART135.pdf,pdf_serial_row_count,ok
2026,43,136,918,,,data\rolls\2026\pdfs\ac043\AC043PART136.pdf,pdf_serial_row_count,ok
2026,43,137,728,,,data\rolls\2026\pdfs\ac043\AC043PART137.pdf,pdf_serial_row_count,ok
2026,43,138,628,,,data\rolls\2026\pdfs\ac043\AC043PART138.pdf,pdf_serial_row_count,ok
2026,43,139,918,,,data\rolls\2026\pdfs\ac043\AC043PART139.pdf,pdf_serial_row_count,ok
2026,43,140,464,,,data\rolls\2026\pdfs\ac043\AC043PART140.pdf,pdf_serial_row_count,ok
2026,43,141,598,,,data\rolls\2026\pdfs\ac043\AC043PART141.pdf,pdf_serial_row_count,ok
2026,43,142,860,,,data\rolls\2026\pdfs\ac043\AC043PART142.pdf,pdf_serial_row_count,ok
2026,43,143,827,,,data\rolls\2026\pdfs\ac043\AC043PART143.pdf,pdf_serial_row_count,ok
2026,43,144,993,,,data\rolls\2026\pdfs\ac043\AC043PART144.pdf,pdf_serial_row_count,ok
2026,43,145,403,,,data\rolls\2026\pdfs\ac043\AC043PART145.pdf,pdf_serial_row_count,ok
2026,43,146,597,,,data\rolls\2026\pdfs\ac043\AC043PART146.pdf,pdf_serial_row_count,ok
2026,43,147,619,,,data\rolls\2026\pdfs\ac043\AC043PART147.pdf,pdf_serial_row_count,ok
2026,43,148,837,,,data\rolls\2026\pdfs\ac043\AC043PART148.pdf,pdf_serial_row_count,ok
2026,43,149,695,,,data\rolls\2026\pdfs\ac043\AC043PART149.pdf,pdf_serial_row_count,ok
2026,43,150,740,,,data\rolls\2026\pdfs\ac043\AC043PART150.pdf,pdf_serial_row_count,ok
2026,43,151,846,,,data\rolls\2026\pdfs\ac043\AC043PART151.pdf,pdf_serial_row_count,ok
2026,43,152,847,,,data\rolls\2026\pdfs\ac043\AC043PART152.pdf,pdf_serial_row_count,ok
2026,43,153,515,,,data\rolls\2026\pdfs\ac043\AC043PART153.pdf,pdf_serial_row_count,ok
2026,43,154,1018,,,data\rolls\2026\pdfs\ac043\AC043PART154.pdf,pdf_serial_row_count,ok
2026,43,155,810,,,data\rolls\2026\pdfs\ac043\AC043PART155.pdf,pdf_serial_row_count,ok
2026,43,156,566,,,data\rolls\2026\pdfs\ac043\AC043PART156.pdf,pdf_serial_row_count,ok
2026,43,157,919,,,data\rolls\2026\pdfs\ac043\AC043PART157.pdf,pdf_serial_row_count,ok
2026,43,158,583,,,data\rolls\2026\pdfs\ac043\AC043PART158.pdf,pdf_serial_row_count,ok
2026,43,159,1022,,,data\rolls\2026\pdfs\ac043\AC043PART159.pdf,pdf_serial_row_count,ok
2026,43,160,777,,,data\rolls\2026\pdfs\ac043\AC043PART160.pdf,pdf_serial_row_count,ok
2026,43,161,497,,,data\rolls\2026\pdfs\ac043\AC043PART161.pdf,pdf_serial_row_count,ok
2026,43,162,743,,,data\rolls\2026\pdfs\ac043\AC043PART162.pdf,pdf_serial_row_count,ok
2026,43,163,994,,,data\rolls\2026\pdfs\ac043\AC043PART163.pdf,pdf_serial_row_count,ok
2026,43,164,970,,,data\rolls\2026\pdfs\ac043\AC043PART164.pdf,pdf_serial_row_count,ok
2026,43,165,846,,,data\rolls\2026\pdfs\ac043\AC043PART165.pdf,pdf_serial_row_count,ok
2026,43,166,1098,,,data\rolls\2026\pdfs\ac043\AC043PART166.pdf,pdf_serial_row_count,ok
2026,43,167,1064,,,data\rolls\2026\pdfs\ac043\AC043PART167.pdf,pdf_serial_row_count,ok
2026,43,168,975,,,data\rolls\2026\pdfs\ac043\AC043PART168.pdf,pdf_serial_row_count,ok
2026,43,169,758,,,data\rolls\2026\pdfs\ac043\AC043PART169.pdf,pdf_serial_row_count,ok
2026,43,170,797,,,data\rolls\2026\pdfs\ac043\AC043PART170.pdf,pdf_serial_row_count,ok
2026,43,171,1107,,,data\rolls\2026\pdfs\ac043\AC043PART171.pdf,pdf_serial_row_count,ok
2026,43,172,409,,,data\rolls\2026\pdfs\ac043\AC043PART172.pdf,pdf_serial_row_count,ok
2026,43,173,769,,,data\rolls\2026\pdfs\ac043\AC043PART173.pdf,pdf_serial_row_count,ok
2026,43,174,847,,,data\rolls\2026\pdfs\ac043\AC043PART174.pdf,pdf_serial_row_count,ok
2026,43,175,493,,,data\rolls\2026\pdfs\ac043\AC043PART175.pdf,pdf_serial_row_count,ok
2026,43,176,426,,,data\rolls\2026\pdfs\ac043\AC043PART176.pdf,pdf_serial_row_count,ok
2026,43,177,862,,,data\rolls\2026\pdfs\ac043\AC043PART177.pdf,pdf_serial_row_count,ok
2026,43,178,482,,,data\rolls\2026\pdfs\ac043\AC043PART178.pdf,pdf_serial_row_count,ok
2026,43,179,886,,,data\rolls\2026\pdfs\ac043\AC043PART179.pdf,pdf_serial_row_count,ok
2026,43,180,860,,,data\rolls\2026\pdfs\ac043\AC043PART180.pdf,pdf_serial_row_count,ok
2026,43,181,671,,,data\rolls\2026\pdfs\ac043\AC043PART181.pdf,pdf_serial_row_count,ok
2026,43,182,380,,,data\rolls\2026\pdfs\ac043\AC043PART182.pdf,pdf_serial_row_count,ok
2026,44,1,877,,,data\rolls\2026\pdfs\ac044\AC044PART001.pdf,pdf_serial_row_count,ok
2026,44,2,716,,,data\rolls\2026\pdfs\ac044\AC044PART002.pdf,pdf_serial_row_count,ok
2026,44,3,866,,,data\rolls\2026\pdfs\ac044\AC044PART003.pdf,pdf_serial_row_count,ok
2026,44,4,732,,,data\rolls\2026\pdfs\ac044\AC044PART004.pdf,pdf_serial_row_count,ok
2026,44,5,784,,,data\rolls\2026\pdfs\ac044\AC044PART005.pdf,pdf_serial_row_count,ok
2026,44,6,560,,,data\rolls\2026\pdfs\ac044\AC044PART006.pdf,pdf_serial_row_count,ok
2026,44,7,877,,,data\rolls\2026\pdfs\ac044\AC044PART007.pdf,pdf_serial_row_count,ok
2026,44,8,661,,,data\rolls\2026\pdfs\ac044\AC044PART008.pdf,pdf_serial_row_count,ok
2026,44,9,334,,,data\rolls\2026\pdfs\ac044\AC044PART009.pdf,pdf_serial_row_count,ok
2026,44,10,647,,,data\rolls\2026\pdfs\ac044\AC044PART010.pdf,pdf_serial_row_count,ok
2026,44,11,502,,,data\rolls\2026\pdfs\ac044\AC044PART011.pdf,pdf_serial_row_count,ok
2026,44,12,897,,,data\rolls\2026\pdfs\ac044\AC044PART012.pdf,pdf_serial_row_count,ok
2026,44,13,712,,,data\rolls\2026\pdfs\ac044\AC044PART013.pdf,pdf_serial_row_count,ok
2026,44,14,827,,,data\rolls\2026\pdfs\ac044\AC044PART014.pdf,pdf_serial_row_count,ok
2026,44,15,486,,,data\rolls\2026\pdfs\ac044\AC044PART015.pdf,pdf_serial_row_count,ok
2026,44,16,528,,,data\rolls\2026\pdfs\ac044\AC044PART016.pdf,pdf_serial_row_count,ok
2026,44,17,441,,,data\rolls\2026\pdfs\ac044\AC044PART017.pdf,pdf_serial_row_count,ok
2026,44,18,509,,,data\rolls\2026\pdfs\ac044\AC044PART018.pdf,pdf_serial_row_count,ok
2026,44,19,542,,,data\rolls\2026\pdfs\ac044\AC044PART019.pdf,pdf_serial_row_count,ok
2026,44,20,424,,,data\rolls\2026\pdfs\ac044\AC044PART020.pdf,pdf_serial_row_count,ok
2026,44,21,834,,,data\rolls\2026\pdfs\ac044\AC044PART021.pdf,pdf_serial_row_count,ok
2026,44,22,812,,,data\rolls\2026\pdfs\ac044\AC044PART022.pdf,pdf_serial_row_count,ok
2026,44,23,746,,,data\rolls\2026\pdfs\ac044\AC044PART023.pdf,pdf_serial_row_count,ok
2026,44,24,932,,,data\rolls\2026\pdfs\ac044\AC044PART024.pdf,pdf_serial_row_count,ok
2026,44,25,957,,,data\rolls\2026\pdfs\ac044\AC044PART025.pdf,pdf_serial_row_count,ok
2026,44,26,897,,,data\rolls\2026\pdfs\ac044\AC044PART026.pdf,pdf_serial_row_count,ok
2026,44,27,638,,,data\rolls\2026\pdfs\ac044\AC044PART027.pdf,pdf_serial_row_count,ok
2026,44,28,513,,,data\rolls\2026\pdfs\ac044\AC044PART028.pdf,pdf_serial_row_count,ok
2026,44,29,812,,,data\rolls\2026\pdfs\ac044\AC044PART029.pdf,pdf_serial_row_count,ok
2026,44,30,536,,,data\rolls\2026\pdfs\ac044\AC044PART030.pdf,pdf_serial_row_count,ok
2026,44,31,685,,,data\rolls\2026\pdfs\ac044\AC044PART031.pdf,pdf_serial_row_count,ok
2026,44,32,574,,,data\rolls\2026\pdfs\ac044\AC044PART032.pdf,pdf_serial_row_count,ok
2026,44,33,710,,,data\rolls\2026\pdfs\ac044\AC044PART033.pdf,pdf_serial_row_count,ok
2026,44,34,962,,,data\rolls\2026\pdfs\ac044\AC044PART034.pdf,pdf_serial_row_count,ok
2026,44,35,725,,,data\rolls\2026\pdfs\ac044\AC044PART035.pdf,pdf_serial_row_count,ok
2026,44,36,1002,,,data\rolls\2026\pdfs\ac044\AC044PART036.pdf,pdf_serial_row_count,ok
2026,44,37,867,,,data\rolls\2026\pdfs\ac044\AC044PART037.pdf,pdf_serial_row_count,ok
2026,44,38,951,,,data\rolls\2026\pdfs\ac044\AC044PART038.pdf,pdf_serial_row_count,ok
2026,44,39,929,,,data\rolls\2026\pdfs\ac044\AC044PART039.pdf,pdf_serial_row_count,ok
2026,44,40,827,,,data\rolls\2026\pdfs\ac044\AC044PART040.pdf,pdf_serial_row_count,ok
2026,44,41,1160,,,data\rolls\2026\pdfs\ac044\AC044PART041.pdf,pdf_serial_row_count,ok
2026,44,42,645,,,data\rolls\2026\pdfs\ac044\AC044PART042.pdf,pdf_serial_row_count,ok
2026,44,43,690,,,data\rolls\2026\pdfs\ac044\AC044PART043.pdf,pdf_serial_row_count,ok
2026,44,44,517,,,data\rolls\2026\pdfs\ac044\AC044PART044.pdf,pdf_serial_row_count,ok
2026,44,45,543,,,data\rolls\2026\pdfs\ac044\AC044PART045.pdf,pdf_serial_row_count,ok
2026,44,46,936,,,data\rolls\2026\pdfs\ac044\AC044PART046.pdf,pdf_serial_row_count,ok
2026,44,47,951,,,data\rolls\2026\pdfs\ac044\AC044PART047.pdf,pdf_serial_row_count,ok
2026,44,48,951,,,data\rolls\2026\pdfs\ac044\AC044PART048.pdf,pdf_serial_row_count,ok
2026,44,49,1021,,,data\rolls\2026\pdfs\ac044\AC044PART049.pdf,pdf_serial_row_count,ok
2026,44,50,993,,,data\rolls\2026\pdfs\ac044\AC044PART050.pdf,pdf_serial_row_count,ok
2026,44,51,1087,,,data\rolls\2026\pdfs\ac044\AC044PART051.pdf,pdf_serial_row_count,ok
2026,44,52,457,,,data\rolls\2026\pdfs\ac044\AC044PART052.pdf,pdf_serial_row_count,ok
2026,44,53,724,,,data\rolls\2026\pdfs\ac044\AC044PART053.pdf,pdf_serial_row_count,ok
2026,44,54,877,,,data\rolls\2026\pdfs\ac044\AC044PART054.pdf,pdf_serial_row_count,ok
2026,44,55,877,,,data\rolls\2026\pdfs\ac044\AC044PART055.pdf,pdf_serial_row_count,ok
2026,44,56,975,,,data\rolls\2026\pdfs\ac044\AC044PART056.pdf,pdf_serial_row_count,ok
2026,44,57,822,,,data\rolls\2026\pdfs\ac044\AC044PART057.pdf,pdf_serial_row_count,ok
2026,44,58,946,,,data\rolls\2026\pdfs\ac044\AC044PART058.pdf,pdf_serial_row_count,ok
2026,44,59,634,,,data\rolls\2026\pdfs\ac044\AC044PART059.pdf,pdf_serial_row_count,ok
2026,44,60,831,,,data\rolls\2026\pdfs\ac044\AC044PART060.pdf,pdf_serial_row_count,ok
2026,44,61,864,,,data\rolls\2026\pdfs\ac044\AC044PART061.pdf,pdf_serial_row_count,ok
2026,44,62,657,,,data\rolls\2026\pdfs\ac044\AC044PART062.pdf,pdf_serial_row_count,ok
2026,44,63,854,,,data\rolls\2026\pdfs\ac044\AC044PART063.pdf,pdf_serial_row_count,ok
2026,44,64,1005,,,data\rolls\2026\pdfs\ac044\AC044PART064.pdf,pdf_serial_row_count,ok
2026,44,65,662,,,data\rolls\2026\pdfs\ac044\AC044PART065.pdf,pdf_serial_row_count,ok
2026,44,66,599,,,data\rolls\2026\pdfs\ac044\AC044PART066.pdf,pdf_serial_row_count,ok
2026,44,67,676,,,data\rolls\2026\pdfs\ac044\AC044PART067.pdf,pdf_serial_row_count,ok
2026,44,68,891,,,data\rolls\2026\pdfs\ac044\AC044PART068.pdf,pdf_serial_row_count,ok
2026,44,69,792,,,data\rolls\2026\pdfs\ac044\AC044PART069.pdf,pdf_serial_row_count,ok
2026,44,70,934,,,data\rolls\2026\pdfs\ac044\AC044PART070.pdf,pdf_serial_row_count,ok
2026,44,71,1195,,,data\rolls\2026\pdfs\ac044\AC044PART071.pdf,pdf_serial_row_count,ok
2026,44,72,679,,,data\rolls\2026\pdfs\ac044\AC044PART072.pdf,pdf_serial_row_count,ok
2026,44,73,570,,,data\rolls\2026\pdfs\ac044\AC044PART073.pdf,pdf_serial_row_count,ok
2026,44,74,856,,,data\rolls\2026\pdfs\ac044\AC044PART074.pdf,pdf_serial_row_count,ok
2026,44,75,1152,,,data\rolls\2026\pdfs\ac044\AC044PART075.pdf,pdf_serial_row_count,ok
2026,44,76,847,,,data\rolls\2026\pdfs\ac044\AC044PART076.pdf,pdf_serial_row_count,ok
2026,44,77,404,,,data\rolls\2026\pdfs\ac044\AC044PART077.pdf,pdf_serial_row_count,ok
2026,44,78,590,,,data\rolls\2026\pdfs\ac044\AC044PART078.pdf,pdf_serial_row_count,ok
2026,44,79,783,,,data\rolls\2026\pdfs\ac044\AC044PART079.pdf,pdf_serial_row_count,ok
2026,44,80,840,,,data\rolls\2026\pdfs\ac044\AC044PART080.pdf,pdf_serial_row_count,ok
2026,44,81,795,,,data\rolls\2026\pdfs\ac044\AC044PART081.pdf,pdf_serial_row_count,ok
2026,44,82,868,,,data\rolls\2026\pdfs\ac044\AC044PART082.pdf,pdf_serial_row_count,ok
2026,44,83,559,,,data\rolls\2026\pdfs\ac044\AC044PART083.pdf,pdf_serial_row_count,ok
2026,44,84,800,,,data\rolls\2026\pdfs\ac044\AC044PART084.pdf,pdf_serial_row_count,ok
2026,44,85,867,,,data\rolls\2026\pdfs\ac044\AC044PART085.pdf,pdf_serial_row_count,ok
2026,44,86,558,,,data\rolls\2026\pdfs\ac044\AC044PART086.pdf,pdf_serial_row_count,ok
2026,44,87,849,,,data\rolls\2026\pdfs\ac044\AC044PART087.pdf,pdf_serial_row_count,ok
2026,44,88,456,,,data\rolls\2026\pdfs\ac044\AC044PART088.pdf,pdf_serial_row_count,ok
2026,44,89,600,,,data\rolls\2026\pdfs\ac044\AC044PART089.pdf,pdf_serial_row_count,ok
2026,44,90,596,,,data\rolls\2026\pdfs\ac044\AC044PART090.pdf,pdf_serial_row_count,ok
2026,44,91,846,,,data\rolls\2026\pdfs\ac044\AC044PART091.pdf,pdf_serial_row_count,ok
2026,44,92,706,,,data\rolls\2026\pdfs\ac044\AC044PART092.pdf,pdf_serial_row_count,ok
2026,44,93,633,,,data\rolls\2026\pdfs\ac044\AC044PART093.pdf,pdf_serial_row_count,ok
2026,44,94,1013,,,data\rolls\2026\pdfs\ac044\AC044PART094.pdf,pdf_serial_row_count,ok
2026,44,95,664,,,data\rolls\2026\pdfs\ac044\AC044PART095.pdf,pdf_serial_row_count,ok
2026,44,96,780,,,data\rolls\2026\pdfs\ac044\AC044PART096.pdf,pdf_serial_row_count,ok
2026,44,97,697,,,data\rolls\2026\pdfs\ac044\AC044PART097.pdf,pdf_serial_row_count,ok
2026,44,98,532,,,data\rolls\2026\pdfs\ac044\AC044PART098.pdf,pdf_serial_row_count,ok
2026,44,99,945,,,data\rolls\2026\pdfs\ac044\AC044PART099.pdf,pdf_serial_row_count,ok
2026,44,100,888,,,data\rolls\2026\pdfs\ac044\AC044PART100.pdf,pdf_serial_row_count,ok
2026,44,101,936,,,data\rolls\2026\pdfs\ac044\AC044PART101.pdf,pdf_serial_row_count,ok
2026,44,102,1050,,,data\rolls\2026\pdfs\ac044\AC044PART102.pdf,pdf_serial_row_count,ok
2026,44,103,795,,,data\rolls\2026\pdfs\ac044\AC044PART103.pdf,pdf_serial_row_count,ok
2026,44,104,1009,,,data\rolls\2026\pdfs\ac044\AC044PART104.pdf,pdf_serial_row_count,ok
2026,44,105,920,,,data\rolls\2026\pdfs\ac044\AC044PART105.pdf,pdf_serial_row_count,ok
2026,44,106,832,,,data\rolls\2026\pdfs\ac044\AC044PART106.pdf,pdf_serial_row_count,ok
2026,44,107,798,,,data\rolls\2026\pdfs\ac044\AC044PART107.pdf,pdf_serial_row_count,ok
2026,44,108,640,,,data\rolls\2026\pdfs\ac044\AC044PART108.pdf,pdf_serial_row_count,ok
2026,44,109,598,,,data\rolls\2026\pdfs\ac044\AC044PART109.pdf,pdf_serial_row_count,ok
2026,44,110,589,,,data\rolls\2026\pdfs\ac044\AC044PART110.pdf,pdf_serial_row_count,ok
2026,44,111,973,,,data\rolls\2026\pdfs\ac044\AC044PART111.pdf,pdf_serial_row_count,ok
2026,44,112,885,,,data\rolls\2026\pdfs\ac044\AC044PART112.pdf,pdf_serial_row_count,ok
2026,44,113,931,,,data\rolls\2026\pdfs\ac044\AC044PART113.pdf,pdf_serial_row_count,ok
2026,44,114,530,,,data\rolls\2026\pdfs\ac044\AC044PART114.pdf,pdf_serial_row_count,ok
2026,44,115,654,,,data\rolls\2026\pdfs\ac044\AC044PART115.pdf,pdf_serial_row_count,ok
2026,44,116,517,,,data\rolls\2026\pdfs\ac044\AC044PART116.pdf,pdf_serial_row_count,ok
2026,44,117,604,,,data\rolls\2026\pdfs\ac044\AC044PART117.pdf,pdf_serial_row_count,ok
2026,44,118,715,,,data\rolls\2026\pdfs\ac044\AC044PART118.pdf,pdf_serial_row_count,ok
2026,44,119,888,,,data\rolls\2026\pdfs\ac044\AC044PART119.pdf,pdf_serial_row_count,ok
2026,44,120,775,,,data\rolls\2026\pdfs\ac044\AC044PART120.pdf,pdf_serial_row_count,ok
2026,44,121,856,,,data\rolls\2026\pdfs\ac044\AC044PART121.pdf,pdf_serial_row_count,ok
2026,44,122,669,,,data\rolls\2026\pdfs\ac044\AC044PART122.pdf,pdf_serial_row_count,ok
2026,44,123,1044,,,data\rolls\2026\pdfs\ac044\AC044PART123.pdf,pdf_serial_row_count,ok
2026,44,124,878,,,data\rolls\2026\pdfs\ac044\AC044PART124.pdf,pdf_serial_row_count,ok
2026,44,125,626,,,data\rolls\2026\pdfs\ac044\AC044PART125.pdf,pdf_serial_row_count,ok
2026,44,126,953,,,data\rolls\2026\pdfs\ac044\AC044PART126.pdf,pdf_serial_row_count,ok
2026,44,127,778,,,data\rolls\2026\pdfs\ac044\AC044PART127.pdf,pdf_serial_row_count,ok
2026,44,128,612,,,data\rolls\2026\pdfs\ac044\AC044PART128.pdf,pdf_serial_row_count,ok
2026,44,129,721,,,data\rolls\2026\pdfs\ac044\AC044PART129.pdf,pdf_serial_row_count,ok
2026,44,130,658,,,data\rolls\2026\pdfs\ac044\AC044PART130.pdf,pdf_serial_row_count,ok
2026,44,131,755,,,data\rolls\2026\pdfs\ac044\AC044PART131.pdf,pdf_serial_row_count,ok
2026,44,132,712,,,data\rolls\2026\pdfs\ac044\AC044PART132.pdf,pdf_serial_row_count,ok
2026,44,133,643,,,data\rolls\2026\pdfs\ac044\AC044PART133.pdf,pdf_serial_row_count,ok
2026,44,134,639,,,data\rolls\2026\pdfs\ac044\AC044PART134.pdf,pdf_serial_row_count,ok
2026,44,135,764,,,data\rolls\2026\pdfs\ac044\AC044PART135.pdf,pdf_serial_row_count,ok
2026,44,136,659,,,data\rolls\2026\pdfs\ac044\AC044PART136.pdf,pdf_serial_row_count,ok
2026,44,137,845,,,data\rolls\2026\pdfs\ac044\AC044PART137.pdf,pdf_serial_row_count,ok
2026,44,138,895,,,data\rolls\2026\pdfs\ac044\AC044PART138.pdf,pdf_serial_row_count,ok
2026,44,139,583,,,data\rolls\2026\pdfs\ac044\AC044PART139.pdf,pdf_serial_row_count,ok
2026,44,140,838,,,data\rolls\2026\pdfs\ac044\AC044PART140.pdf,pdf_serial_row_count,ok
2026,44,141,798,,,data\rolls\2026\pdfs\ac044\AC044PART141.pdf,pdf_serial_row_count,ok
2026,44,142,764,,,data\rolls\2026\pdfs\ac044\AC044PART142.pdf,pdf_serial_row_count,ok
2026,44,143,654,,,data\rolls\2026\pdfs\ac044\AC044PART143.pdf,pdf_serial_row_count,ok
2026,44,144,838,,,data\rolls\2026\pdfs\ac044\AC044PART144.pdf,pdf_serial_row_count,ok
2026,44,145,615,,,data\rolls\2026\pdfs\ac044\AC044PART145.pdf,pdf_serial_row_count,ok
2026,44,146,614,,,data\rolls\2026\pdfs\ac044\AC044PART146.pdf,pdf_serial_row_count,ok
2026,44,147,999,,,data\rolls\2026\pdfs\ac044\AC044PART147.pdf,pdf_serial_row_count,ok
2026,44,148,767,,,data\rolls\2026\pdfs\ac044\AC044PART148.pdf,pdf_serial_row_count,ok
2026,44,149,629,,,data\rolls\2026\pdfs\ac044\AC044PART149.pdf,pdf_serial_row_count,ok
2026,44,150,549,,,data\rolls\2026\pdfs\ac044\AC044PART150.pdf,pdf_serial_row_count,ok
2026,44,151,487,,,data\rolls\2026\pdfs\ac044\AC044PART151.pdf,pdf_serial_row_count,ok
2026,44,152,625,,,data\rolls\2026\pdfs\ac044\AC044PART152.pdf,pdf_serial_row_count,ok
2026,44,153,607,,,data\rolls\2026\pdfs\ac044\AC044PART153.pdf,pdf_serial_row_count,ok
2026,44,154,632,,,data\rolls\2026\pdfs\ac044\AC044PART154.pdf,pdf_serial_row_count,ok
2026,44,155,835,,,data\rolls\2026\pdfs\ac044\AC044PART155.pdf,pdf_serial_row_count,ok
2026,44,156,755,,,data\rolls\2026\pdfs\ac044\AC044PART156.pdf,pdf_serial_row_count,ok
2026,44,157,500,,,data\rolls\2026\pdfs\ac044\AC044PART157.pdf,pdf_serial_row_count,ok
2026,44,158,807,,,data\rolls\2026\pdfs\ac044\AC044PART158.pdf,pdf_serial_row_count,ok
2026,44,159,896,,,data\rolls\2026\pdfs\ac044\AC044PART159.pdf,pdf_serial_row_count,ok
2026,44,160,852,,,data\rolls\2026\pdfs\ac044\AC044PART160.pdf,pdf_serial_row_count,ok
2026,44,161,782,,,data\rolls\2026\pdfs\ac044\AC044PART161.pdf,pdf_serial_row_count,ok
2026,44,162,856,,,data\rolls\2026\pdfs\ac044\AC044PART162.pdf,pdf_serial_row_count,ok
2026,44,163,734,,,data\rolls\2026\pdfs\ac044\AC044PART163.pdf,pdf_serial_row_count,ok
2026,44,164,554,,,data\rolls\2026\pdfs\ac044\AC044PART164.pdf,pdf_serial_row_count,ok
2026,44,165,772,,,data\rolls\2026\pdfs\ac044\AC044PART165.pdf,pdf_serial_row_count,ok
2026,44,166,592,,,data\rolls\2026\pdfs\ac044\AC044PART166.pdf,pdf_serial_row_count,ok
2026,44,167,648,,,data\rolls\2026\pdfs\ac044\AC044PART167.pdf,pdf_serial_row_count,ok
2026,44,168,541,,,data\rolls\2026\pdfs\ac044\AC044PART168.pdf,pdf_serial_row_count,ok
2026,44,169,562,,,data\rolls\2026\pdfs\ac044\AC044PART169.pdf,pdf_serial_row_count,ok
2026,44,170,821,,,data\rolls\2026\pdfs\ac044\AC044PART170.pdf,pdf_serial_row_count,ok
2026,44,171,725,,,data\rolls\2026\pdfs\ac044\AC044PART171.pdf,pdf_serial_row_count,ok
2026,45,1,714,,,data\rolls\2026\pdfs\ac045\AC045PART001.pdf,pdf_serial_row_count,ok
2026,45,2,1028,,,data\rolls\2026\pdfs\ac045\AC045PART002.pdf,pdf_serial_row_count,ok
2026,45,3,779,,,data\rolls\2026\pdfs\ac045\AC045PART003.pdf,pdf_serial_row_count,ok
2026,45,4,634,,,data\rolls\2026\pdfs\ac045\AC045PART004.pdf,pdf_serial_row_count,ok
2026,45,5,742,,,data\rolls\2026\pdfs\ac045\AC045PART005.pdf,pdf_serial_row_count,ok
2026,45,6,518,,,data\rolls\2026\pdfs\ac045\AC045PART006.pdf,pdf_serial_row_count,ok
2026,45,7,644,,,data\rolls\2026\pdfs\ac045\AC045PART007.pdf,pdf_serial_row_count,ok
2026,45,8,481,,,data\rolls\2026\pdfs\ac045\AC045PART008.pdf,pdf_serial_row_count,ok
2026,45,9,713,,,data\rolls\2026\pdfs\ac045\AC045PART009.pdf,pdf_serial_row_count,ok
2026,45,10,978,,,data\rolls\2026\pdfs\ac045\AC045PART010.pdf,pdf_serial_row_count,ok
2026,45,11,678,,,data\rolls\2026\pdfs\ac045\AC045PART011.pdf,pdf_serial_row_count,ok
2026,45,12,832,,,data\rolls\2026\pdfs\ac045\AC045PART012.pdf,pdf_serial_row_count,ok
2026,45,13,753,,,data\rolls\2026\pdfs\ac045\AC045PART013.pdf,pdf_serial_row_count,ok
2026,45,14,525,,,data\rolls\2026\pdfs\ac045\AC045PART014.pdf,pdf_serial_row_count,ok
2026,45,15,655,,,data\rolls\2026\pdfs\ac045\AC045PART015.pdf,pdf_serial_row_count,ok
2026,45,16,668,,,data\rolls\2026\pdfs\ac045\AC045PART016.pdf,pdf_serial_row_count,ok
2026,45,17,668,,,data\rolls\2026\pdfs\ac045\AC045PART017.pdf,pdf_serial_row_count,ok
2026,45,18,580,,,data\rolls\2026\pdfs\ac045\AC045PART018.pdf,pdf_serial_row_count,ok
2026,45,19,589,,,data\rolls\2026\pdfs\ac045\AC045PART019.pdf,pdf_serial_row_count,ok
2026,45,20,965,,,data\rolls\2026\pdfs\ac045\AC045PART020.pdf,pdf_serial_row_count,ok
2026,45,21,600,,,data\rolls\2026\pdfs\ac045\AC045PART021.pdf,pdf_serial_row_count,ok
2026,45,22,767,,,data\rolls\2026\pdfs\ac045\AC045PART022.pdf,pdf_serial_row_count,ok
2026,45,23,816,,,data\rolls\2026\pdfs\ac045\AC045PART023.pdf,pdf_serial_row_count,ok
2026,45,24,1175,,,data\rolls\2026\pdfs\ac045\AC045PART024.pdf,pdf_serial_row_count,ok
2026,45,25,805,,,data\rolls\2026\pdfs\ac045\AC045PART025.pdf,pdf_serial_row_count,ok
2026,45,26,664,,,data\rolls\2026\pdfs\ac045\AC045PART026.pdf,pdf_serial_row_count,ok
2026,45,27,1075,,,data\rolls\2026\pdfs\ac045\AC045PART027.pdf,pdf_serial_row_count,ok
2026,45,28,922,,,data\rolls\2026\pdfs\ac045\AC045PART028.pdf,pdf_serial_row_count,ok
2026,45,29,629,,,data\rolls\2026\pdfs\ac045\AC045PART029.pdf,pdf_serial_row_count,ok
2026,45,30,1002,,,data\rolls\2026\pdfs\ac045\AC045PART030.pdf,pdf_serial_row_count,ok
2026,45,31,661,,,data\rolls\2026\pdfs\ac045\AC045PART031.pdf,pdf_serial_row_count,ok
2026,45,32,712,,,data\rolls\2026\pdfs\ac045\AC045PART032.pdf,pdf_serial_row_count,ok
2026,45,33,746,,,data\rolls\2026\pdfs\ac045\AC045PART033.pdf,pdf_serial_row_count,ok
2026,45,34,1020,,,data\rolls\2026\pdfs\ac045\AC045PART034.pdf,pdf_serial_row_count,ok
2026,45,35,1185,,,data\rolls\2026\pdfs\ac045\AC045PART035.pdf,pdf_serial_row_count,ok
2026,45,36,1055,,,data\rolls\2026\pdfs\ac045\AC045PART036.pdf,pdf_serial_row_count,ok
2026,45,37,1136,,,data\rolls\2026\pdfs\ac045\AC045PART037.pdf,pdf_serial_row_count,ok
2026,45,38,556,,,data\rolls\2026\pdfs\ac045\AC045PART038.pdf,pdf_serial_row_count,ok
2026,45,39,779,,,data\rolls\2026\pdfs\ac045\AC045PART039.pdf,pdf_serial_row_count,ok
2026,45,40,604,,,data\rolls\2026\pdfs\ac045\AC045PART040.pdf,pdf_serial_row_count,ok
2026,45,41,650,,,data\rolls\2026\pdfs\ac045\AC045PART041.pdf,pdf_serial_row_count,ok
2026,45,42,910,,,data\rolls\2026\pdfs\ac045\AC045PART042.pdf,pdf_serial_row_count,ok
2026,45,43,1316,,,data\rolls\2026\pdfs\ac045\AC045PART043.pdf,pdf_serial_row_count,ok
2026,45,44,1020,,,data\rolls\2026\pdfs\ac045\AC045PART044.pdf,pdf_serial_row_count,ok
2026,45,45,773,,,data\rolls\2026\pdfs\ac045\AC045PART045.pdf,pdf_serial_row_count,ok
2026,45,46,315,,,data\rolls\2026\pdfs\ac045\AC045PART046.pdf,pdf_serial_row_count,ok
2026,45,47,411,,,data\rolls\2026\pdfs\ac045\AC045PART047.pdf,pdf_serial_row_count,ok
2026,45,48,1367,,,data\rolls\2026\pdfs\ac045\AC045PART048.pdf,pdf_serial_row_count,ok
2026,45,49,903,,,data\rolls\2026\pdfs\ac045\AC045PART049.pdf,pdf_serial_row_count,ok
2026,45,50,627,,,data\rolls\2026\pdfs\ac045\AC045PART050.pdf,pdf_serial_row_count,ok
2026,45,51,882,,,data\rolls\2026\pdfs\ac045\AC045PART051.pdf,pdf_serial_row_count,ok
2026,45,52,1008,,,data\rolls\2026\pdfs\ac045\AC045PART052.pdf,pdf_serial_row_count,ok
2026,45,53,760,,,data\rolls\2026\pdfs\ac045\AC045PART053.pdf,pdf_serial_row_count,ok
2026,45,54,425,,,data\rolls\2026\pdfs\ac045\AC045PART054.pdf,pdf_serial_row_count,ok
2026,45,55,709,,,data\rolls\2026\pdfs\ac045\AC045PART055.pdf,pdf_serial_row_count,ok
2026,45,56,927,,,data\rolls\2026\pdfs\ac045\AC045PART056.pdf,pdf_serial_row_count,ok
2026,45,57,741,,,data\rolls\2026\pdfs\ac045\AC045PART057.pdf,pdf_serial_row_count,ok
2026,45,58,671,,,data\rolls\2026\pdfs\ac045\AC045PART058.pdf,pdf_serial_row_count,ok
2026,45,59,1066,,,data\rolls\2026\pdfs\ac045\AC045PART059.pdf,pdf_serial_row_count,ok
2026,45,60,899,,,data\rolls\2026\pdfs\ac045\AC045PART060.pdf,pdf_serial_row_count,ok
2026,45,61,852,,,data\rolls\2026\pdfs\ac045\AC045PART061.pdf,pdf_serial_row_count,ok
2026,45,62,562,,,data\rolls\2026\pdfs\ac045\AC045PART062.pdf,pdf_serial_row_count,ok
2026,45,63,920,,,data\rolls\2026\pdfs\ac045\AC045PART063.pdf,pdf_serial_row_count,ok
2026,45,64,580,,,data\rolls\2026\pdfs\ac045\AC045PART064.pdf,pdf_serial_row_count,ok
2026,45,65,473,,,data\rolls\2026\pdfs\ac045\AC045PART065.pdf,pdf_serial_row_count,ok
2026,45,66,910,,,data\rolls\2026\pdfs\ac045\AC045PART066.pdf,pdf_serial_row_count,ok
2026,45,67,640,,,data\rolls\2026\pdfs\ac045\AC045PART067.pdf,pdf_serial_row_count,ok
2026,45,68,647,,,data\rolls\2026\pdfs\ac045\AC045PART068.pdf,pdf_serial_row_count,ok
2026,45,69,583,,,data\rolls\2026\pdfs\ac045\AC045PART069.pdf,pdf_serial_row_count,ok
2026,45,70,1083,,,data\rolls\2026\pdfs\ac045\AC045PART070.pdf,pdf_serial_row_count,ok
2026,45,71,609,,,data\rolls\2026\pdfs\ac045\AC045PART071.pdf,pdf_serial_row_count,ok
2026,45,72,580,,,data\rolls\2026\pdfs\ac045\AC045PART072.pdf,pdf_serial_row_count,ok
2026,45,73,618,,,data\rolls\2026\pdfs\ac045\AC045PART073.pdf,pdf_serial_row_count,ok
2026,45,74,1041,,,data\rolls\2026\pdfs\ac045\AC045PART074.pdf,pdf_serial_row_count,ok
2026,45,75,874,,,data\rolls\2026\pdfs\ac045\AC045PART075.pdf,pdf_serial_row_count,ok
2026,45,76,743,,,data\rolls\2026\pdfs\ac045\AC045PART076.pdf,pdf_serial_row_count,ok
2026,45,77,701,,,data\rolls\2026\pdfs\ac045\AC045PART077.pdf,pdf_serial_row_count,ok
2026,45,78,469,,,data\rolls\2026\pdfs\ac045\AC045PART078.pdf,pdf_serial_row_count,ok
2026,45,79,783,,,data\rolls\2026\pdfs\ac045\AC045PART079.pdf,pdf_serial_row_count,ok
2026,45,80,859,,,data\rolls\2026\pdfs\ac045\AC045PART080.pdf,pdf_serial_row_count,ok
2026,45,81,615,,,data\rolls\2026\pdfs\ac045\AC045PART081.pdf,pdf_serial_row_count,ok
2026,45,82,638,,,data\rolls\2026\pdfs\ac045\AC045PART082.pdf,pdf_serial_row_count,ok
2026,45,83,470,,,data\rolls\2026\pdfs\ac045\AC045PART083.pdf,pdf_serial_row_count,ok
2026,45,84,587,,,data\rolls\2026\pdfs\ac045\AC045PART084.pdf,pdf_serial_row_count,ok
2026,45,85,745,,,data\rolls\2026\pdfs\ac045\AC045PART085.pdf,pdf_serial_row_count,ok
2026,45,86,695,,,data\rolls\2026\pdfs\ac045\AC045PART086.pdf,pdf_serial_row_count,ok
2026,45,87,711,,,data\rolls\2026\pdfs\ac045\AC045PART087.pdf,pdf_serial_row_count,ok
2026,45,88,500,,,data\rolls\2026\pdfs\ac045\AC045PART088.pdf,pdf_serial_row_count,ok
2026,45,89,589,,,data\rolls\2026\pdfs\ac045\AC045PART089.pdf,pdf_serial_row_count,ok
2026,45,90,683,,,data\rolls\2026\pdfs\ac045\AC045PART090.pdf,pdf_serial_row_count,ok
2026,45,91,535,,,data\rolls\2026\pdfs\ac045\AC045PART091.pdf,pdf_serial_row_count,ok
2026,45,92,524,,,data\rolls\2026\pdfs\ac045\AC045PART092.pdf,pdf_serial_row_count,ok
2026,45,93,668,,,data\rolls\2026\pdfs\ac045\AC045PART093.pdf,pdf_serial_row_count,ok
2026,45,94,832,,,data\rolls\2026\pdfs\ac045\AC045PART094.pdf,pdf_serial_row_count,ok
2026,45,95,736,,,data\rolls\2026\pdfs\ac045\AC045PART095.pdf,pdf_serial_row_count,ok
2026,45,96,552,,,data\rolls\2026\pdfs\ac045\AC045PART096.pdf,pdf_serial_row_count,ok
2026,45,97,962,,,data\rolls\2026\pdfs\ac045\AC045PART097.pdf,pdf_serial_row_count,ok
2026,45,98,526,,,data\rolls\2026\pdfs\ac045\AC045PART098.pdf,pdf_serial_row_count,ok
2026,45,99,667,,,data\rolls\2026\pdfs\ac045\AC045PART099.pdf,pdf_serial_row_count,ok
2026,45,100,861,,,data\rolls\2026\pdfs\ac045\AC045PART100.pdf,pdf_serial_row_count,ok
2026,45,101,417,,,data\rolls\2026\pdfs\ac045\AC045PART101.pdf,pdf_serial_row_count,ok
2026,45,102,666,,,data\rolls\2026\pdfs\ac045\AC045PART102.pdf,pdf_serial_row_count,ok
2026,45,103,460,,,data\rolls\2026\pdfs\ac045\AC045PART103.pdf,pdf_serial_row_count,ok
2026,45,104,610,,,data\rolls\2026\pdfs\ac045\AC045PART104.pdf,pdf_serial_row_count,ok
2026,45,105,644,,,data\rolls\2026\pdfs\ac045\AC045PART105.pdf,pdf_serial_row_count,ok
2026,45,106,564,,,data\rolls\2026\pdfs\ac045\AC045PART106.pdf,pdf_serial_row_count,ok
2026,45,107,753,,,data\rolls\2026\pdfs\ac045\AC045PART107.pdf,pdf_serial_row_count,ok
2026,45,108,387,,,data\rolls\2026\pdfs\ac045\AC045PART108.pdf,pdf_serial_row_count,ok
2026,45,109,853,,,data\rolls\2026\pdfs\ac045\AC045PART109.pdf,pdf_serial_row_count,ok
2026,45,110,897,,,data\rolls\2026\pdfs\ac045\AC045PART110.pdf,pdf_serial_row_count,ok
2026,45,111,699,,,data\rolls\2026\pdfs\ac045\AC045PART111.pdf,pdf_serial_row_count,ok
2026,45,112,743,,,data\rolls\2026\pdfs\ac045\AC045PART112.pdf,pdf_serial_row_count,ok
2026,45,113,1088,,,data\rolls\2026\pdfs\ac045\AC045PART113.pdf,pdf_serial_row_count,ok
2026,45,114,712,,,data\rolls\2026\pdfs\ac045\AC045PART114.pdf,pdf_serial_row_count,ok
2026,45,115,682,,,data\rolls\2026\pdfs\ac045\AC045PART115.pdf,pdf_serial_row_count,ok
2026,45,116,552,,,data\rolls\2026\pdfs\ac045\AC045PART116.pdf,pdf_serial_row_count,ok
2026,45,117,897,,,data\rolls\2026\pdfs\ac045\AC045PART117.pdf,pdf_serial_row_count,ok
2026,45,118,940,,,data\rolls\2026\pdfs\ac045\AC045PART118.pdf,pdf_serial_row_count,ok
2026,45,119,626,,,data\rolls\2026\pdfs\ac045\AC045PART119.pdf,pdf_serial_row_count,ok
2026,45,120,846,,,data\rolls\2026\pdfs\ac045\AC045PART120.pdf,pdf_serial_row_count,ok
2026,45,121,1020,,,data\rolls\2026\pdfs\ac045\AC045PART121.pdf,pdf_serial_row_count,ok
2026,45,122,617,,,data\rolls\2026\pdfs\ac045\AC045PART122.pdf,pdf_serial_row_count,ok
2026,45,123,896,,,data\rolls\2026\pdfs\ac045\AC045PART123.pdf,pdf_serial_row_count,ok
2026,45,124,560,,,data\rolls\2026\pdfs\ac045\AC045PART124.pdf,pdf_serial_row_count,ok
2026,45,125,1264,,,data\rolls\2026\pdfs\ac045\AC045PART125.pdf,pdf_serial_row_count,ok
2026,45,126,696,,,data\rolls\2026\pdfs\ac045\AC045PART126.pdf,pdf_serial_row_count,ok
2026,45,127,872,,,data\rolls\2026\pdfs\ac045\AC045PART127.pdf,pdf_serial_row_count,ok
2026,45,128,1014,,,data\rolls\2026\pdfs\ac045\AC045PART128.pdf,pdf_serial_row_count,ok
2026,45,129,804,,,data\rolls\2026\pdfs\ac045\AC045PART129.pdf,pdf_serial_row_count,ok
2026,45,130,1039,,,data\rolls\2026\pdfs\ac045\AC045PART130.pdf,pdf_serial_row_count,ok
2026,45,131,726,,,data\rolls\2026\pdfs\ac045\AC045PART131.pdf,pdf_serial_row_count,ok
2026,45,132,829,,,data\rolls\2026\pdfs\ac045\AC045PART132.pdf,pdf_serial_row_count,ok
2026,45,133,1022,,,data\rolls\2026\pdfs\ac045\AC045PART133.pdf,pdf_serial_row_count,ok
2026,45,134,816,,,data\rolls\2026\pdfs\ac045\AC045PART134.pdf,pdf_serial_row_count,ok
2026,45,135,687,,,data\rolls\2026\pdfs\ac045\AC045PART135.pdf,pdf_serial_row_count,ok
2026,45,136,572,,,data\rolls\2026\pdfs\ac045\AC045PART136.pdf,pdf_serial_row_count,ok
2026,45,137,872,,,data\rolls\2026\pdfs\ac045\AC045PART137.pdf,pdf_serial_row_count,ok
2026,45,138,1043,,,data\rolls\2026\pdfs\ac045\AC045PART138.pdf,pdf_serial_row_count,ok
2026,45,139,1115,,,data\rolls\2026\pdfs\ac045\AC045PART139.pdf,pdf_serial_row_count,ok
2026,45,140,1067,,,data\rolls\2026\pdfs\ac045\AC045PART140.pdf,pdf_serial_row_count,ok
2026,45,141,1139,,,data\rolls\2026\pdfs\ac045\AC045PART141.pdf,pdf_serial_row_count,ok
2026,45,142,619,,,data\rolls\2026\pdfs\ac045\AC045PART142.pdf,pdf_serial_row_count,ok
2026,45,143,609,,,data\rolls\2026\pdfs\ac045\AC045PART143.pdf,pdf_serial_row_count,ok
2026,45,144,1396,,,data\rolls\2026\pdfs\ac045\AC045PART144.pdf,pdf_serial_row_count,ok
2026,45,145,762,,,data\rolls\2026\pdfs\ac045\AC045PART145.pdf,pdf_serial_row_count,ok
2026,45,146,711,,,data\rolls\2026\pdfs\ac045\AC045PART146.pdf,pdf_serial_row_count,ok
2026,45,147,524,,,data\rolls\2026\pdfs\ac045\AC045PART147.pdf,pdf_serial_row_count,ok
2026,45,148,895,,,data\rolls\2026\pdfs\ac045\AC045PART148.pdf,pdf_serial_row_count,ok
2026,45,149,929,,,data\rolls\2026\pdfs\ac045\AC045PART149.pdf,pdf_serial_row_count,ok
2026,45,150,624,,,data\rolls\2026\pdfs\ac045\AC045PART150.pdf,pdf_serial_row_count,ok
2026,45,151,794,,,data\rolls\2026\pdfs\ac045\AC045PART151.pdf,pdf_serial_row_count,ok
2026,45,152,746,,,data\rolls\2026\pdfs\ac045\AC045PART152.pdf,pdf_serial_row_count,ok
2026,45,153,444,,,data\rolls\2026\pdfs\ac045\AC045PART153.pdf,pdf_serial_row_count,ok
2026,45,154,1009,,,data\rolls\2026\pdfs\ac045\AC045PART154.pdf,pdf_serial_row_count,ok
2026,45,155,719,,,data\rolls\2026\pdfs\ac045\AC045PART155.pdf,pdf_serial_row_count,ok
2026,45,156,521,,,data\rolls\2026\pdfs\ac045\AC045PART156.pdf,pdf_serial_row_count,ok
2026,45,157,800,,,data\rolls\2026\pdfs\ac045\AC045PART157.pdf,pdf_serial_row_count,ok
2026,45,158,484,,,data\rolls\2026\pdfs\ac045\AC045PART158.pdf,pdf_serial_row_count,ok
2026,45,159,703,,,data\rolls\2026\pdfs\ac045\AC045PART159.pdf,pdf_serial_row_count,ok
2026,45,160,668,,,data\rolls\2026\pdfs\ac045\AC045PART160.pdf,pdf_serial_row_count,ok
2026,45,161,590,,,data\rolls\2026\pdfs\ac045\AC045PART161.pdf,pdf_serial_row_count,ok
2026,45,162,976,,,data\rolls\2026\pdfs\ac045\AC045PART162.pdf,pdf_serial_row_count,ok
2026,45,163,586,,,data\rolls\2026\pdfs\ac045\AC045PART163.pdf,pdf_serial_row_count,ok
2026,45,164,559,,,data\rolls\2026\pdfs\ac045\AC045PART164.pdf,pdf_serial_row_count,ok
2026,45,165,913,,,data\rolls\2026\pdfs\ac045\AC045PART165.pdf,pdf_serial_row_count,ok
2026,45,166,827,,,data\rolls\2026\pdfs\ac045\AC045PART166.pdf,pdf_serial_row_count,ok
2026,45,167,974,,,data\rolls\2026\pdfs\ac045\AC045PART167.pdf,pdf_serial_row_count,ok
2026,45,168,707,,,data\rolls\2026\pdfs\ac045\AC045PART168.pdf,pdf_serial_row_count,ok
2026,45,169,744,,,data\rolls\2026\pdfs\ac045\AC045PART169.pdf,pdf_serial_row_count,ok
2026,45,170,717,,,data\rolls\2026\pdfs\ac045\AC045PART170.pdf,pdf_serial_row_count,ok
2026,45,171,875,,,data\rolls\2026\pdfs\ac045\AC045PART171.pdf,pdf_serial_row_count,ok
2026,45,172,843,,,data\rolls\2026\pdfs\ac045\AC045PART172.pdf,pdf_serial_row_count,ok
2026,45,173,808,,,data\rolls\2026\pdfs\ac045\AC045PART173.pdf,pdf_serial_row_count,ok
2026,45,174,952,,,data\rolls\2026\pdfs\ac045\AC045PART174.pdf,pdf_serial_row_count,ok
2026,45,175,524,,,data\rolls\2026\pdfs\ac045\AC045PART175.pdf,pdf_serial_row_count,ok
2026,45,176,889,,,data\rolls\2026\pdfs\ac045\AC045PART176.pdf,pdf_serial_row_count,ok
2026,45,177,1081,,,data\rolls\2026\pdfs\ac045\AC045PART177.pdf,pdf_serial_row_count,ok
2026,45,178,1055,,,data\rolls\2026\pdfs\ac045\AC045PART178.pdf,pdf_serial_row_count,ok
2026,45,179,548,,,data\rolls\2026\pdfs\ac045\AC045PART179.pdf,pdf_serial_row_count,ok
2026,45,180,553,,,data\rolls\2026\pdfs\ac045\AC045PART180.pdf,pdf_serial_row_count,ok
2026,45,181,623,,,data\rolls\2026\pdfs\ac045\AC045PART181.pdf,pdf_serial_row_count,ok
2026,45,182,774,,,data\rolls\2026\pdfs\ac045\AC045PART182.pdf,pdf_serial_row_count,ok
2026,45,183,670,,,data\rolls\2026\pdfs\ac045\AC045PART183.pdf,pdf_serial_row_count,ok
2026,45,184,635,,,data\rolls\2026\pdfs\ac045\AC045PART184.pdf,pdf_serial_row_count,ok
2026,45,185,740,,,data\rolls\2026\pdfs\ac045\AC045PART185.pdf,pdf_serial_row_count,ok
2026,45,186,709,,,data\rolls\2026\pdfs\ac045\AC045PART186.pdf,pdf_serial_row_count,ok
2026,45,187,531,,,data\rolls\2026\pdfs\ac045\AC045PART187.pdf,pdf_serial_row_count,ok
2026,45,188,561,,,data\rolls\2026\pdfs\ac045\AC045PART188.pdf,pdf_serial_row_count,ok
2026,45,189,495,,,data\rolls\2026\pdfs\ac045\AC045PART189.pdf,pdf_serial_row_count,ok
2026,45,190,803,,,data\rolls\2026\pdfs\ac045\AC045PART190.pdf,pdf_serial_row_count,ok
2026,45,191,789,,,data\rolls\2026\pdfs\ac045\AC045PART191.pdf,pdf_serial_row_count,ok
2026,45,192,376,,,data\rolls\2026\pdfs\ac045\AC045PART192.pdf,pdf_serial_row_count,ok
2026,45,193,835,,,data\rolls\2026\pdfs\ac045\AC045PART193.pdf,pdf_serial_row_count,ok
2026,45,194,426,,,data\rolls\2026\pdfs\ac045\AC045PART194.pdf,pdf_serial_row_count,ok
2026,45,195,685,,,data\rolls\2026\pdfs\ac045\AC045PART195.pdf,pdf_serial_row_count,ok
2026,45,196,1087,,,data\rolls\2026\pdfs\ac045\AC045PART196.pdf,pdf_serial_row_count,ok
2026,45,197,743,,,data\rolls\2026\pdfs\ac045\AC045PART197.pdf,pdf_serial_row_count,ok
2026,45,198,628,,,data\rolls\2026\pdfs\ac045\AC045PART198.pdf,pdf_serial_row_count,ok
2026,45,199,619,,,data\rolls\2026\pdfs\ac045\AC045PART199.pdf,pdf_serial_row_count,ok
2026,45,200,511,,,data\rolls\2026\pdfs\ac045\AC045PART200.pdf,pdf_serial_row_count,ok
2026,45,201,609,,,data\rolls\2026\pdfs\ac045\AC045PART201.pdf,pdf_serial_row_count,ok
2026,45,202,635,,,data\rolls\2026\pdfs\ac045\AC045PART202.pdf,pdf_serial_row_count,ok
2026,45,203,611,,,data\rolls\2026\pdfs\ac045\AC045PART203.pdf,pdf_serial_row_count,ok
2026,45,204,551,,,data\rolls\2026\pdfs\ac045\AC045PART204.pdf,pdf_serial_row_count,ok
2026,45,205,821,,,data\rolls\2026\pdfs\ac045\AC045PART205.pdf,pdf_serial_row_count,ok
2026,45,206,836,,,data\rolls\2026\pdfs\ac045\AC045PART206.pdf,pdf_serial_row_count,ok
2026,45,207,860,,,data\rolls\2026\pdfs\ac045\AC045PART207.pdf,pdf_serial_row_count,ok
2026,45,208,659,,,data\rolls\2026\pdfs\ac045\AC045PART208.pdf,pdf_serial_row_count,ok
2026,45,209,670,,,data\rolls\2026\pdfs\ac045\AC045PART209.pdf,pdf_serial_row_count,ok
2026,45,210,976,,,data\rolls\2026\pdfs\ac045\AC045PART210.pdf,pdf_serial_row_count,ok
2026,45,211,689,,,data\rolls\2026\pdfs\ac045\AC045PART211.pdf,pdf_serial_row_count,ok
2026,45,212,452,,,data\rolls\2026\pdfs\ac045\AC045PART212.pdf,pdf_serial_row_count,ok
2026,45,213,736,,,data\rolls\2026\pdfs\ac045\AC045PART213.pdf,pdf_serial_row_count,ok
2026,45,214,591,,,data\rolls\2026\pdfs\ac045\AC045PART214.pdf,pdf_serial_row_count,ok
2026,45,215,737,,,data\rolls\2026\pdfs\ac045\AC045PART215.pdf,pdf_serial_row_count,ok
2026,45,216,738,,,data\rolls\2026\pdfs\ac045\AC045PART216.pdf,pdf_serial_row_count,ok
2026,45,217,898,,,data\rolls\2026\pdfs\ac045\AC045PART217.pdf,pdf_serial_row_count,ok
2026,45,218,913,,,data\rolls\2026\pdfs\ac045\AC045PART218.pdf,pdf_serial_row_count,ok
2026,45,219,737,,,data\rolls\2026\pdfs\ac045\AC045PART219.pdf,pdf_serial_row_count,ok
2026,45,220,873,,,data\rolls\2026\pdfs\ac045\AC045PART220.pdf,pdf_serial_row_count,ok
2026,45,221,624,,,data\rolls\2026\pdfs\ac045\AC045PART221.pdf,pdf_serial_row_count,ok
2026,45,222,556,,,data\rolls\2026\pdfs\ac045\AC045PART222.pdf,pdf_serial_row_count,ok
2026,46,1,688,,,data\rolls\2026\pdfs\ac046\AC046PART001.pdf,pdf_serial_row_count,ok
2026,46,2,599,,,data\rolls\2026\pdfs\ac046\AC046PART002.pdf,pdf_serial_row_count,ok
2026,46,3,757,,,data\rolls\2026\pdfs\ac046\AC046PART003.pdf,pdf_serial_row_count,ok
2026,46,4,1001,,,data\rolls\2026\pdfs\ac046\AC046PART004.pdf,pdf_serial_row_count,ok
2026,46,5,1130,,,data\rolls\2026\pdfs\ac046\AC046PART005.pdf,pdf_serial_row_count,ok
2026,46,6,1012,,,data\rolls\2026\pdfs\ac046\AC046PART006.pdf,pdf_serial_row_count,ok
2026,46,7,687,,,data\rolls\2026\pdfs\ac046\AC046PART007.pdf,pdf_serial_row_count,ok
2026,46,8,1009,,,data\rolls\2026\pdfs\ac046\AC046PART008.pdf,pdf_serial_row_count,ok
2026,46,9,1074,,,data\rolls\2026\pdfs\ac046\AC046PART009.pdf,pdf_serial_row_count,ok
2026,46,10,1174,,,data\rolls\2026\pdfs\ac046\AC046PART010.pdf,pdf_serial_row_count,ok
2026,46,11,984,,,data\rolls\2026\pdfs\ac046\AC046PART011.pdf,pdf_serial_row_count,ok
2026,46,12,850,,,data\rolls\2026\pdfs\ac046\AC046PART012.pdf,pdf_serial_row_count,ok
2026,46,13,800,,,data\rolls\2026\pdfs\ac046\AC046PART013.pdf,pdf_serial_row_count,ok
2026,46,14,1090,,,data\rolls\2026\pdfs\ac046\AC046PART014.pdf,pdf_serial_row_count,ok
2026,46,15,655,,,data\rolls\2026\pdfs\ac046\AC046PART015.pdf,pdf_serial_row_count,ok
2026,46,16,567,,,data\rolls\2026\pdfs\ac046\AC046PART016.pdf,pdf_serial_row_count,ok
2026,46,17,1548,,,data\rolls\2026\pdfs\ac046\AC046PART017.pdf,pdf_serial_row_count,ok
2026,46,18,596,,,data\rolls\2026\pdfs\ac046\AC046PART018.pdf,pdf_serial_row_count,ok
2026,46,19,694,,,data\rolls\2026\pdfs\ac046\AC046PART019.pdf,pdf_serial_row_count,ok
2026,46,20,1015,,,data\rolls\2026\pdfs\ac046\AC046PART020.pdf,pdf_serial_row_count,ok
2026,46,21,621,,,data\rolls\2026\pdfs\ac046\AC046PART021.pdf,pdf_serial_row_count,ok
2026,46,22,683,,,data\rolls\2026\pdfs\ac046\AC046PART022.pdf,pdf_serial_row_count,ok
2026,46,23,562,,,data\rolls\2026\pdfs\ac046\AC046PART023.pdf,pdf_serial_row_count,ok
2026,46,24,820,,,data\rolls\2026\pdfs\ac046\AC046PART024.pdf,pdf_serial_row_count,ok
2026,46,25,709,,,data\rolls\2026\pdfs\ac046\AC046PART025.pdf,pdf_serial_row_count,ok
2026,46,26,1038,,,data\rolls\2026\pdfs\ac046\AC046PART026.pdf,pdf_serial_row_count,ok
2026,46,27,1009,,,data\rolls\2026\pdfs\ac046\AC046PART027.pdf,pdf_serial_row_count,ok
2026,46,28,1096,,,data\rolls\2026\pdfs\ac046\AC046PART028.pdf,pdf_serial_row_count,ok
2026,46,29,720,,,data\rolls\2026\pdfs\ac046\AC046PART029.pdf,pdf_serial_row_count,ok
2026,46,30,858,,,data\rolls\2026\pdfs\ac046\AC046PART030.pdf,pdf_serial_row_count,ok
2026,46,31,989,,,data\rolls\2026\pdfs\ac046\AC046PART031.pdf,pdf_serial_row_count,ok
2026,46,32,869,,,data\rolls\2026\pdfs\ac046\AC046PART032.pdf,pdf_serial_row_count,ok
2026,46,33,737,,,data\rolls\2026\pdfs\ac046\AC046PART033.pdf,pdf_serial_row_count,ok
2026,46,34,1067,,,data\rolls\2026\pdfs\ac046\AC046PART034.pdf,pdf_serial_row_count,ok
2026,46,35,849,,,data\rolls\2026\pdfs\ac046\AC046PART035.pdf,pdf_serial_row_count,ok
2026,46,36,928,,,data\rolls\2026\pdfs\ac046\AC046PART036.pdf,pdf_serial_row_count,ok
2026,46,37,725,,,data\rolls\2026\pdfs\ac046\AC046PART037.pdf,pdf_serial_row_count,ok
2026,46,38,450,,,data\rolls\2026\pdfs\ac046\AC046PART038.pdf,pdf_serial_row_count,ok
2026,46,39,915,,,data\rolls\2026\pdfs\ac046\AC046PART039.pdf,pdf_serial_row_count,ok
2026,46,40,870,,,data\rolls\2026\pdfs\ac046\AC046PART040.pdf,pdf_serial_row_count,ok
2026,46,41,950,,,data\rolls\2026\pdfs\ac046\AC046PART041.pdf,pdf_serial_row_count,ok
2026,46,42,486,,,data\rolls\2026\pdfs\ac046\AC046PART042.pdf,pdf_serial_row_count,ok
2026,46,43,581,,,data\rolls\2026\pdfs\ac046\AC046PART043.pdf,pdf_serial_row_count,ok
2026,46,44,898,,,data\rolls\2026\pdfs\ac046\AC046PART044.pdf,pdf_serial_row_count,ok
2026,46,45,1080,,,data\rolls\2026\pdfs\ac046\AC046PART045.pdf,pdf_serial_row_count,ok
2026,46,46,711,,,data\rolls\2026\pdfs\ac046\AC046PART046.pdf,pdf_serial_row_count,ok
2026,46,47,618,,,data\rolls\2026\pdfs\ac046\AC046PART047.pdf,pdf_serial_row_count,ok
2026,46,48,701,,,data\rolls\2026\pdfs\ac046\AC046PART048.pdf,pdf_serial_row_count,ok
2026,46,49,806,,,data\rolls\2026\pdfs\ac046\AC046PART049.pdf,pdf_serial_row_count,ok
2026,46,50,539,,,data\rolls\2026\pdfs\ac046\AC046PART050.pdf,pdf_serial_row_count,ok
2026,46,51,644,,,data\rolls\2026\pdfs\ac046\AC046PART051.pdf,pdf_serial_row_count,ok
2026,46,52,611,,,data\rolls\2026\pdfs\ac046\AC046PART052.pdf,pdf_serial_row_count,ok
2026,46,53,845,,,data\rolls\2026\pdfs\ac046\AC046PART053.pdf,pdf_serial_row_count,ok
2026,46,54,979,,,data\rolls\2026\pdfs\ac046\AC046PART054.pdf,pdf_serial_row_count,ok
2026,46,55,652,,,data\rolls\2026\pdfs\ac046\AC046PART055.pdf,pdf_serial_row_count,ok
2026,46,56,781,,,data\rolls\2026\pdfs\ac046\AC046PART056.pdf,pdf_serial_row_count,ok
2026,46,57,813,,,data\rolls\2026\pdfs\ac046\AC046PART057.pdf,pdf_serial_row_count,ok
2026,46,58,1033,,,data\rolls\2026\pdfs\ac046\AC046PART058.pdf,pdf_serial_row_count,ok
2026,46,59,784,,,data\rolls\2026\pdfs\ac046\AC046PART059.pdf,pdf_serial_row_count,ok
2026,46,60,706,,,data\rolls\2026\pdfs\ac046\AC046PART060.pdf,pdf_serial_row_count,ok
2026,46,61,824,,,data\rolls\2026\pdfs\ac046\AC046PART061.pdf,pdf_serial_row_count,ok
2026,46,62,979,,,data\rolls\2026\pdfs\ac046\AC046PART062.pdf,pdf_serial_row_count,ok
2026,46,63,641,,,data\rolls\2026\pdfs\ac046\AC046PART063.pdf,pdf_serial_row_count,ok
2026,46,64,817,,,data\rolls\2026\pdfs\ac046\AC046PART064.pdf,pdf_serial_row_count,ok
2026,46,65,1241,,,data\rolls\2026\pdfs\ac046\AC046PART065.pdf,pdf_serial_row_count,ok
2026,46,66,836,,,data\rolls\2026\pdfs\ac046\AC046PART066.pdf,pdf_serial_row_count,ok
2026,46,67,694,,,data\rolls\2026\pdfs\ac046\AC046PART067.pdf,pdf_serial_row_count,ok
2026,46,68,723,,,data\rolls\2026\pdfs\ac046\AC046PART068.pdf,pdf_serial_row_count,ok
2026,46,69,945,,,data\rolls\2026\pdfs\ac046\AC046PART069.pdf,pdf_serial_row_count,ok
2026,46,70,723,,,data\rolls\2026\pdfs\ac046\AC046PART070.pdf,pdf_serial_row_count,ok
2026,46,71,1070,,,data\rolls\2026\pdfs\ac046\AC046PART071.pdf,pdf_serial_row_count,ok
2026,46,72,635,,,data\rolls\2026\pdfs\ac046\AC046PART072.pdf,pdf_serial_row_count,ok
2026,46,73,779,,,data\rolls\2026\pdfs\ac046\AC046PART073.pdf,pdf_serial_row_count,ok
2026,46,74,512,,,data\rolls\2026\pdfs\ac046\AC046PART074.pdf,pdf_serial_row_count,ok
2026,46,75,570,,,data\rolls\2026\pdfs\ac046\AC046PART075.pdf,pdf_serial_row_count,ok
2026,46,76,1042,,,data\rolls\2026\pdfs\ac046\AC046PART076.pdf,pdf_serial_row_count,ok
2026,46,77,539,,,data\rolls\2026\pdfs\ac046\AC046PART077.pdf,pdf_serial_row_count,ok
2026,46,78,648,,,data\rolls\2026\pdfs\ac046\AC046PART078.pdf,pdf_serial_row_count,ok
2026,46,79,975,,,data\rolls\2026\pdfs\ac046\AC046PART079.pdf,pdf_serial_row_count,ok
2026,46,80,805,,,data\rolls\2026\pdfs\ac046\AC046PART080.pdf,pdf_serial_row_count,ok
2026,46,81,663,,,data\rolls\2026\pdfs\ac046\AC046PART081.pdf,pdf_serial_row_count,ok
2026,46,82,952,,,data\rolls\2026\pdfs\ac046\AC046PART082.pdf,pdf_serial_row_count,ok
2026,46,83,905,,,data\rolls\2026\pdfs\ac046\AC046PART083.pdf,pdf_serial_row_count,ok
2026,46,84,710,,,data\rolls\2026\pdfs\ac046\AC046PART084.pdf,pdf_serial_row_count,ok
2026,46,85,586,,,data\rolls\2026\pdfs\ac046\AC046PART085.pdf,pdf_serial_row_count,ok
2026,46,86,610,,,data\rolls\2026\pdfs\ac046\AC046PART086.pdf,pdf_serial_row_count,ok
2026,46,87,614,,,data\rolls\2026\pdfs\ac046\AC046PART087.pdf,pdf_serial_row_count,ok
2026,46,88,651,,,data\rolls\2026\pdfs\ac046\AC046PART088.pdf,pdf_serial_row_count,ok
2026,46,89,679,,,data\rolls\2026\pdfs\ac046\AC046PART089.pdf,pdf_serial_row_count,ok
2026,46,90,893,,,data\rolls\2026\pdfs\ac046\AC046PART090.pdf,pdf_serial_row_count,ok
2026,46,91,627,,,data\rolls\2026\pdfs\ac046\AC046PART091.pdf,pdf_serial_row_count,ok
2026,46,92,608,,,data\rolls\2026\pdfs\ac046\AC046PART092.pdf,pdf_serial_row_count,ok
2026,46,93,803,,,data\rolls\2026\pdfs\ac046\AC046PART093.pdf,pdf_serial_row_count,ok
2026,46,94,748,,,data\rolls\2026\pdfs\ac046\AC046PART094.pdf,pdf_serial_row_count,ok
2026,46,95,681,,,data\rolls\2026\pdfs\ac046\AC046PART095.pdf,pdf_serial_row_count,ok
2026,46,96,715,,,data\rolls\2026\pdfs\ac046\AC046PART096.pdf,pdf_serial_row_count,ok
2026,46,97,733,,,data\rolls\2026\pdfs\ac046\AC046PART097.pdf,pdf_serial_row_count,ok
2026,46,98,897,,,data\rolls\2026\pdfs\ac046\AC046PART098.pdf,pdf_serial_row_count,ok
2026,46,99,792,,,data\rolls\2026\pdfs\ac046\AC046PART099.pdf,pdf_serial_row_count,ok
2026,46,100,481,,,data\rolls\2026\pdfs\ac046\AC046PART100.pdf,pdf_serial_row_count,ok
2026,46,101,658,,,data\rolls\2026\pdfs\ac046\AC046PART101.pdf,pdf_serial_row_count,ok
2026,46,102,808,,,data\rolls\2026\pdfs\ac046\AC046PART102.pdf,pdf_serial_row_count,ok
2026,46,103,1211,,,data\rolls\2026\pdfs\ac046\AC046PART103.pdf,pdf_serial_row_count,ok
2026,46,104,783,,,data\rolls\2026\pdfs\ac046\AC046PART104.pdf,pdf_serial_row_count,ok
2026,46,105,640,,,data\rolls\2026\pdfs\ac046\AC046PART105.pdf,pdf_serial_row_count,ok
2026,46,106,805,,,data\rolls\2026\pdfs\ac046\AC046PART106.pdf,pdf_serial_row_count,ok
2026,46,107,732,,,data\rolls\2026\pdfs\ac046\AC046PART107.pdf,pdf_serial_row_count,ok
2026,46,108,844,,,data\rolls\2026\pdfs\ac046\AC046PART108.pdf,pdf_serial_row_count,ok
2026,46,109,424,,,data\rolls\2026\pdfs\ac046\AC046PART109.pdf,pdf_serial_row_count,ok
2026,46,110,600,,,data\rolls\2026\pdfs\ac046\AC046PART110.pdf,pdf_serial_row_count,ok
2026,46,111,864,,,data\rolls\2026\pdfs\ac046\AC046PART111.pdf,pdf_serial_row_count,ok
2026,46,112,862,,,data\rolls\2026\pdfs\ac046\AC046PART112.pdf,pdf_serial_row_count,ok
2026,46,113,946,,,data\rolls\2026\pdfs\ac046\AC046PART113.pdf,pdf_serial_row_count,ok
2026,46,114,621,,,data\rolls\2026\pdfs\ac046\AC046PART114.pdf,pdf_serial_row_count,ok
2026,46,115,669,,,data\rolls\2026\pdfs\ac046\AC046PART115.pdf,pdf_serial_row_count,ok
2026,46,116,929,,,data\rolls\2026\pdfs\ac046\AC046PART116.pdf,pdf_serial_row_count,ok
2026,46,117,788,,,data\rolls\2026\pdfs\ac046\AC046PART117.pdf,pdf_serial_row_count,ok
2026,46,118,674,,,data\rolls\2026\pdfs\ac046\AC046PART118.pdf,pdf_serial_row_count,ok
2026,46,119,580,,,data\rolls\2026\pdfs\ac046\AC046PART119.pdf,pdf_serial_row_count,ok
2026,46,120,536,,,data\rolls\2026\pdfs\ac046\AC046PART120.pdf,pdf_serial_row_count,ok
2026,46,121,787,,,data\rolls\2026\pdfs\ac046\AC046PART121.pdf,pdf_serial_row_count,ok
2026,46,122,896,,,data\rolls\2026\pdfs\ac046\AC046PART122.pdf,pdf_serial_row_count,ok
2026,46,123,542,,,data\rolls\2026\pdfs\ac046\AC046PART123.pdf,pdf_serial_row_count,ok
2026,46,124,550,,,data\rolls\2026\pdfs\ac046\AC046PART124.pdf,pdf_serial_row_count,ok
2026,46,125,661,,,data\rolls\2026\pdfs\ac046\AC046PART125.pdf,pdf_serial_row_count,ok
2026,46,126,775,,,data\rolls\2026\pdfs\ac046\AC046PART126.pdf,pdf_serial_row_count,ok
2026,46,127,646,,,data\rolls\2026\pdfs\ac046\AC046PART127.pdf,pdf_serial_row_count,ok
2026,46,128,779,,,data\rolls\2026\pdfs\ac046\AC046PART128.pdf,pdf_serial_row_count,ok
2026,46,129,595,,,data\rolls\2026\pdfs\ac046\AC046PART129.pdf,pdf_serial_row_count,ok
2026,46,130,501,,,data\rolls\2026\pdfs\ac046\AC046PART130.pdf,pdf_serial_row_count,ok
2026,46,131,601,,,data\rolls\2026\pdfs\ac046\AC046PART131.pdf,pdf_serial_row_count,ok
2026,46,132,770,,,data\rolls\2026\pdfs\ac046\AC046PART132.pdf,pdf_serial_row_count,ok
2026,46,133,631,,,data\rolls\2026\pdfs\ac046\AC046PART133.pdf,pdf_serial_row_count,ok
2026,46,134,1020,,,data\rolls\2026\pdfs\ac046\AC046PART134.pdf,pdf_serial_row_count,ok
2026,46,135,837,,,data\rolls\2026\pdfs\ac046\AC046PART135.pdf,pdf_serial_row_count,ok
2026,46,136,725,,,data\rolls\2026\pdfs\ac046\AC046PART136.pdf,pdf_serial_row_count,ok
2026,46,137,712,,,data\rolls\2026\pdfs\ac046\AC046PART137.pdf,pdf_serial_row_count,ok
2026,46,138,888,,,data\rolls\2026\pdfs\ac046\AC046PART138.pdf,pdf_serial_row_count,ok
2026,46,139,740,,,data\rolls\2026\pdfs\ac046\AC046PART139.pdf,pdf_serial_row_count,ok
2026,46,140,694,,,data\rolls\2026\pdfs\ac046\AC046PART140.pdf,pdf_serial_row_count,ok
2026,46,141,917,,,data\rolls\2026\pdfs\ac046\AC046PART141.pdf,pdf_serial_row_count,ok
2026,46,142,725,,,data\rolls\2026\pdfs\ac046\AC046PART142.pdf,pdf_serial_row_count,ok
2026,46,143,450,,,data\rolls\2026\pdfs\ac046\AC046PART143.pdf,pdf_serial_row_count,ok
2026,46,144,336,,,data\rolls\2026\pdfs\ac046\AC046PART144.pdf,pdf_serial_row_count,ok
2026,46,145,812,,,data\rolls\2026\pdfs\ac046\AC046PART145.pdf,pdf_serial_row_count,ok
2026,46,146,1126,,,data\rolls\2026\pdfs\ac046\AC046PART146.pdf,pdf_serial_row_count,ok
2026,46,147,574,,,data\rolls\2026\pdfs\ac046\AC046PART147.pdf,pdf_serial_row_count,ok
2026,46,148,545,,,data\rolls\2026\pdfs\ac046\AC046PART148.pdf,pdf_serial_row_count,ok
2026,46,149,1102,,,data\rolls\2026\pdfs\ac046\AC046PART149.pdf,pdf_serial_row_count,ok
2026,46,150,639,,,data\rolls\2026\pdfs\ac046\AC046PART150.pdf,pdf_serial_row_count,ok
2026,46,151,829,,,data\rolls\2026\pdfs\ac046\AC046PART151.pdf,pdf_serial_row_count,ok
2026,46,152,614,,,data\rolls\2026\pdfs\ac046\AC046PART152.pdf,pdf_serial_row_count,ok
2026,46,153,585,,,data\rolls\2026\pdfs\ac046\AC046PART153.pdf,pdf_serial_row_count,ok
2026,46,154,948,,,data\rolls\2026\pdfs\ac046\AC046PART154.pdf,pdf_serial_row_count,ok
2026,46,155,657,,,data\rolls\2026\pdfs\ac046\AC046PART155.pdf,pdf_serial_row_count,ok
2026,46,156,642,,,data\rolls\2026\pdfs\ac046\AC046PART156.pdf,pdf_serial_row_count,ok
2026,46,157,601,,,data\rolls\2026\pdfs\ac046\AC046PART157.pdf,pdf_serial_row_count,ok
2026,46,158,923,,,data\rolls\2026\pdfs\ac046\AC046PART158.pdf,pdf_serial_row_count,ok
2026,46,159,1240,,,data\rolls\2026\pdfs\ac046\AC046PART159.pdf,pdf_serial_row_count,ok
2026,46,160,841,,,data\rolls\2026\pdfs\ac046\AC046PART160.pdf,pdf_serial_row_count,ok
2026,46,161,833,,,data\rolls\2026\pdfs\ac046\AC046PART161.pdf,pdf_serial_row_count,ok
2026,46,162,680,,,data\rolls\2026\pdfs\ac046\AC046PART162.pdf,pdf_serial_row_count,ok
2026,46,163,602,,,data\rolls\2026\pdfs\ac046\AC046PART163.pdf,pdf_serial_row_count,ok
2026,46,164,733,,,data\rolls\2026\pdfs\ac046\AC046PART164.pdf,pdf_serial_row_count,ok
2026,46,165,861,,,data\rolls\2026\pdfs\ac046\AC046PART165.pdf,pdf_serial_row_count,ok
2026,46,166,574,,,data\rolls\2026\pdfs\ac046\AC046PART166.pdf,pdf_serial_row_count,ok
2026,46,167,685,,,data\rolls\2026\pdfs\ac046\AC046PART167.pdf,pdf_serial_row_count,ok
2026,46,168,770,,,data\rolls\2026\pdfs\ac046\AC046PART168.pdf,pdf_serial_row_count,ok
2026,46,169,665,,,data\rolls\2026\pdfs\ac046\AC046PART169.pdf,pdf_serial_row_count,ok
2026,46,170,599,,,data\rolls\2026\pdfs\ac046\AC046PART170.pdf,pdf_serial_row_count,ok
2026,46,171,1104,,,data\rolls\2026\pdfs\ac046\AC046PART171.pdf,pdf_serial_row_count,ok
2026,46,172,880,,,data\rolls\2026\pdfs\ac046\AC046PART172.pdf,pdf_serial_row_count,ok
2026,46,173,520,,,data\rolls\2026\pdfs\ac046\AC046PART173.pdf,pdf_serial_row_count,ok
2026,46,174,711,,,data\rolls\2026\pdfs\ac046\AC046PART174.pdf,pdf_serial_row_count,ok
2026,46,175,917,,,data\rolls\2026\pdfs\ac046\AC046PART175.pdf,pdf_serial_row_count,ok
2026,46,176,615,,,data\rolls\2026\pdfs\ac046\AC046PART176.pdf,pdf_serial_row_count,ok
2026,46,177,813,,,data\rolls\2026\pdfs\ac046\AC046PART177.pdf,pdf_serial_row_count,ok
2026,46,178,597,,,data\rolls\2026\pdfs\ac046\AC046PART178.pdf,pdf_serial_row_count,ok
2026,46,179,499,,,data\rolls\2026\pdfs\ac046\AC046PART179.pdf,pdf_serial_row_count,ok
2026,46,180,866,,,data\rolls\2026\pdfs\ac046\AC046PART180.pdf,pdf_serial_row_count,ok
2026,46,181,708,,,data\rolls\2026\pdfs\ac046\AC046PART181.pdf,pdf_serial_row_count,ok
2026,46,182,390,,,data\rolls\2026\pdfs\ac046\AC046PART182.pdf,pdf_serial_row_count,ok
2026,46,183,614,,,data\rolls\2026\pdfs\ac046\AC046PART183.pdf,pdf_serial_row_count,ok
2026,46,184,624,,,data\rolls\2026\pdfs\ac046\AC046PART184.pdf,pdf_serial_row_count,ok
2026,46,185,528,,,data\rolls\2026\pdfs\ac046\AC046PART185.pdf,pdf_serial_row_count,ok
2026,46,186,567,,,data\rolls\2026\pdfs\ac046\AC046PART186.pdf,pdf_serial_row_count,ok
2026,46,187,713,,,data\rolls\2026\pdfs\ac046\AC046PART187.pdf,pdf_serial_row_count,ok
2026,46,188,607,,,data\rolls\2026\pdfs\ac046\AC046PART188.pdf,pdf_serial_row_count,ok
2026,46,189,844,,,data\rolls\2026\pdfs\ac046\AC046PART189.pdf,pdf_serial_row_count,ok
2026,46,190,522,,,data\rolls\2026\pdfs\ac046\AC046PART190.pdf,pdf_serial_row_count,ok
2026,46,191,561,,,data\rolls\2026\pdfs\ac046\AC046PART191.pdf,pdf_serial_row_count,ok
2026,46,192,959,,,data\rolls\2026\pdfs\ac046\AC046PART192.pdf,pdf_serial_row_count,ok
2026,46,193,587,,,data\rolls\2026\pdfs\ac046\AC046PART193.pdf,pdf_serial_row_count,ok
2026,46,194,538,,,data\rolls\2026\pdfs\ac046\AC046PART194.pdf,pdf_serial_row_count,ok
2026,46,195,689,,,data\rolls\2026\pdfs\ac046\AC046PART195.pdf,pdf_serial_row_count,ok
2026,46,196,629,,,data\rolls\2026\pdfs\ac046\AC046PART196.pdf,pdf_serial_row_count,ok
2026,46,197,569,,,data\rolls\2026\pdfs\ac046\AC046PART197.pdf,pdf_serial_row_count,ok
2026,46,198,585,,,data\rolls\2026\pdfs\ac046\AC046PART198.pdf,pdf_serial_row_count,ok
2026,46,199,512,,,data\rolls\2026\pdfs\ac046\AC046PART199.pdf,pdf_serial_row_count,ok
2026,46,200,493,,,data\rolls\2026\pdfs\ac046\AC046PART200.pdf,pdf_serial_row_count,ok
2026,46,201,592,,,data\rolls\2026\pdfs\ac046\AC046PART201.pdf,pdf_serial_row_count,ok
2026,46,202,586,,,data\rolls\2026\pdfs\ac046\AC046PART202.pdf,pdf_serial_row_count,ok
2026,46,203,957,,,data\rolls\2026\pdfs\ac046\AC046PART203.pdf,pdf_serial_row_count,ok
2026,46,204,971,,,data\rolls\2026\pdfs\ac046\AC046PART204.pdf,pdf_serial_row_count,ok
2026,46,205,671,,,data\rolls\2026\pdfs\ac046\AC046PART205.pdf,pdf_serial_row_count,ok
2026,46,206,734,,,data\rolls\2026\pdfs\ac046\AC046PART206.pdf,pdf_serial_row_count,ok
2026,46,207,1020,,,data\rolls\2026\pdfs\ac046\AC046PART207.pdf,pdf_serial_row_count,ok
2026,46,208,1099,,,data\rolls\2026\pdfs\ac046\AC046PART208.pdf,pdf_serial_row_count,ok
2026,46,209,533,,,data\rolls\2026\pdfs\ac046\AC046PART209.pdf,pdf_serial_row_count,ok
2026,46,210,933,,,data\rolls\2026\pdfs\ac046\AC046PART210.pdf,pdf_serial_row_count,ok
2026,46,211,867,,,data\rolls\2026\pdfs\ac046\AC046PART211.pdf,pdf_serial_row_count,ok
2026,47,1,299,,,data\rolls\2026\pdfs\ac047\AC047PART001.pdf,pdf_serial_row_count,ok
2026,47,2,577,,,data\rolls\2026\pdfs\ac047\AC047PART002.pdf,pdf_serial_row_count,ok
2026,47,3,509,,,data\rolls\2026\pdfs\ac047\AC047PART003.pdf,pdf_serial_row_count,ok
2026,47,4,503,,,data\rolls\2026\pdfs\ac047\AC047PART004.pdf,pdf_serial_row_count,ok
2026,47,5,685,,,data\rolls\2026\pdfs\ac047\AC047PART005.pdf,pdf_serial_row_count,ok
2026,47,6,718,,,data\rolls\2026\pdfs\ac047\AC047PART006.pdf,pdf_serial_row_count,ok
2026,47,7,813,,,data\rolls\2026\pdfs\ac047\AC047PART007.pdf,pdf_serial_row_count,ok
2026,47,8,406,,,data\rolls\2026\pdfs\ac047\AC047PART008.pdf,pdf_serial_row_count,ok
2026,47,9,617,,,data\rolls\2026\pdfs\ac047\AC047PART009.pdf,pdf_serial_row_count,ok
2026,47,10,746,,,data\rolls\2026\pdfs\ac047\AC047PART010.pdf,pdf_serial_row_count,ok
2026,47,11,1020,,,data\rolls\2026\pdfs\ac047\AC047PART011.pdf,pdf_serial_row_count,ok
2026,47,12,518,,,data\rolls\2026\pdfs\ac047\AC047PART012.pdf,pdf_serial_row_count,ok
2026,47,13,668,,,data\rolls\2026\pdfs\ac047\AC047PART013.pdf,pdf_serial_row_count,ok
2026,47,14,834,,,data\rolls\2026\pdfs\ac047\AC047PART014.pdf,pdf_serial_row_count,ok
2026,47,15,547,,,data\rolls\2026\pdfs\ac047\AC047PART015.pdf,pdf_serial_row_count,ok
2026,47,16,806,,,data\rolls\2026\pdfs\ac047\AC047PART016.pdf,pdf_serial_row_count,ok
2026,47,17,886,,,data\rolls\2026\pdfs\ac047\AC047PART017.pdf,pdf_serial_row_count,ok
2026,47,18,710,,,data\rolls\2026\pdfs\ac047\AC047PART018.pdf,pdf_serial_row_count,ok
2026,47,19,712,,,data\rolls\2026\pdfs\ac047\AC047PART019.pdf,pdf_serial_row_count,ok
2026,47,20,713,,,data\rolls\2026\pdfs\ac047\AC047PART020.pdf,pdf_serial_row_count,ok
2026,47,21,768,,,data\rolls\2026\pdfs\ac047\AC047PART021.pdf,pdf_serial_row_count,ok
2026,47,22,794,,,data\rolls\2026\pdfs\ac047\AC047PART022.pdf,pdf_serial_row_count,ok
2026,47,23,598,,,data\rolls\2026\pdfs\ac047\AC047PART023.pdf,pdf_serial_row_count,ok
2026,47,24,639,,,data\rolls\2026\pdfs\ac047\AC047PART024.pdf,pdf_serial_row_count,ok
2026,47,25,575,,,data\rolls\2026\pdfs\ac047\AC047PART025.pdf,pdf_serial_row_count,ok
2026,47,26,666,,,data\rolls\2026\pdfs\ac047\AC047PART026.pdf,pdf_serial_row_count,ok
2026,47,27,597,,,data\rolls\2026\pdfs\ac047\AC047PART027.pdf,pdf_serial_row_count,ok
2026,47,28,668,,,data\rolls\2026\pdfs\ac047\AC047PART028.pdf,pdf_serial_row_count,ok
2026,47,29,759,,,data\rolls\2026\pdfs\ac047\AC047PART029.pdf,pdf_serial_row_count,ok
2026,47,30,506,,,data\rolls\2026\pdfs\ac047\AC047PART030.pdf,pdf_serial_row_count,ok
2026,47,31,529,,,data\rolls\2026\pdfs\ac047\AC047PART031.pdf,pdf_serial_row_count,ok
2026,47,32,650,,,data\rolls\2026\pdfs\ac047\AC047PART032.pdf,pdf_serial_row_count,ok
2026,47,33,603,,,data\rolls\2026\pdfs\ac047\AC047PART033.pdf,pdf_serial_row_count,ok
2026,47,34,460,,,data\rolls\2026\pdfs\ac047\AC047PART034.pdf,pdf_serial_row_count,ok
2026,47,35,912,,,data\rolls\2026\pdfs\ac047\AC047PART035.pdf,pdf_serial_row_count,ok
2026,47,36,892,,,data\rolls\2026\pdfs\ac047\AC047PART036.pdf,pdf_serial_row_count,ok
2026,47,37,918,,,data\rolls\2026\pdfs\ac047\AC047PART037.pdf,pdf_serial_row_count,ok
2026,47,38,751,,,data\rolls\2026\pdfs\ac047\AC047PART038.pdf,pdf_serial_row_count,ok
2026,47,39,677,,,data\rolls\2026\pdfs\ac047\AC047PART039.pdf,pdf_serial_row_count,ok
2026,47,40,739,,,data\rolls\2026\pdfs\ac047\AC047PART040.pdf,pdf_serial_row_count,ok
2026,47,41,530,,,data\rolls\2026\pdfs\ac047\AC047PART041.pdf,pdf_serial_row_count,ok
2026,47,42,536,,,data\rolls\2026\pdfs\ac047\AC047PART042.pdf,pdf_serial_row_count,ok
2026,47,43,593,,,data\rolls\2026\pdfs\ac047\AC047PART043.pdf,pdf_serial_row_count,ok
2026,47,44,527,,,data\rolls\2026\pdfs\ac047\AC047PART044.pdf,pdf_serial_row_count,ok
2026,47,45,648,,,data\rolls\2026\pdfs\ac047\AC047PART045.pdf,pdf_serial_row_count,ok
2026,47,46,580,,,data\rolls\2026\pdfs\ac047\AC047PART046.pdf,pdf_serial_row_count,ok
2026,47,47,559,,,data\rolls\2026\pdfs\ac047\AC047PART047.pdf,pdf_serial_row_count,ok
2026,47,48,605,,,data\rolls\2026\pdfs\ac047\AC047PART048.pdf,pdf_serial_row_count,ok
2026,47,49,1207,,,data\rolls\2026\pdfs\ac047\AC047PART049.pdf,pdf_serial_row_count,ok
2026,47,50,809,,,data\rolls\2026\pdfs\ac047\AC047PART050.pdf,pdf_serial_row_count,ok
2026,47,51,767,,,data\rolls\2026\pdfs\ac047\AC047PART051.pdf,pdf_serial_row_count,ok
2026,47,52,555,,,data\rolls\2026\pdfs\ac047\AC047PART052.pdf,pdf_serial_row_count,ok
2026,47,53,553,,,data\rolls\2026\pdfs\ac047\AC047PART053.pdf,pdf_serial_row_count,ok
2026,47,54,1035,,,data\rolls\2026\pdfs\ac047\AC047PART054.pdf,pdf_serial_row_count,ok
2026,47,55,796,,,data\rolls\2026\pdfs\ac047\AC047PART055.pdf,pdf_serial_row_count,ok
2026,47,56,779,,,data\rolls\2026\pdfs\ac047\AC047PART056.pdf,pdf_serial_row_count,ok
2026,47,57,602,,,data\rolls\2026\pdfs\ac047\AC047PART057.pdf,pdf_serial_row_count,ok
2026,47,58,726,,,data\rolls\2026\pdfs\ac047\AC047PART058.pdf,pdf_serial_row_count,ok
2026,47,59,940,,,data\rolls\2026\pdfs\ac047\AC047PART059.pdf,pdf_serial_row_count,ok
2026,47,60,918,,,data\rolls\2026\pdfs\ac047\AC047PART060.pdf,pdf_serial_row_count,ok
2026,47,61,588,,,data\rolls\2026\pdfs\ac047\AC047PART061.pdf,pdf_serial_row_count,ok
2026,47,62,648,,,data\rolls\2026\pdfs\ac047\AC047PART062.pdf,pdf_serial_row_count,ok
2026,47,63,600,,,data\rolls\2026\pdfs\ac047\AC047PART063.pdf,pdf_serial_row_count,ok
2026,47,64,612,,,data\rolls\2026\pdfs\ac047\AC047PART064.pdf,pdf_serial_row_count,ok
2026,47,65,595,,,data\rolls\2026\pdfs\ac047\AC047PART065.pdf,pdf_serial_row_count,ok
2026,47,66,509,,,data\rolls\2026\pdfs\ac047\AC047PART066.pdf,pdf_serial_row_count,ok
2026,47,67,493,,,data\rolls\2026\pdfs\ac047\AC047PART067.pdf,pdf_serial_row_count,ok
2026,47,68,704,,,data\rolls\2026\pdfs\ac047\AC047PART068.pdf,pdf_serial_row_count,ok
2026,47,69,464,,,data\rolls\2026\pdfs\ac047\AC047PART069.pdf,pdf_serial_row_count,ok
2026,47,70,683,,,data\rolls\2026\pdfs\ac047\AC047PART070.pdf,pdf_serial_row_count,ok
2026,47,71,662,,,data\rolls\2026\pdfs\ac047\AC047PART071.pdf,pdf_serial_row_count,ok
2026,47,72,724,,,data\rolls\2026\pdfs\ac047\AC047PART072.pdf,pdf_serial_row_count,ok
2026,47,73,919,,,data\rolls\2026\pdfs\ac047\AC047PART073.pdf,pdf_serial_row_count,ok
2026,47,74,248,,,data\rolls\2026\pdfs\ac047\AC047PART074.pdf,pdf_serial_row_count,ok
2026,47,75,377,,,data\rolls\2026\pdfs\ac047\AC047PART075.pdf,pdf_serial_row_count,ok
2026,47,76,186,,,data\rolls\2026\pdfs\ac047\AC047PART076.pdf,pdf_serial_row_count,ok
2026,47,77,803,,,data\rolls\2026\pdfs\ac047\AC047PART077.pdf,pdf_serial_row_count,ok
2026,47,78,625,,,data\rolls\2026\pdfs\ac047\AC047PART078.pdf,pdf_serial_row_count,ok
2026,47,79,695,,,data\rolls\2026\pdfs\ac047\AC047PART079.pdf,pdf_serial_row_count,ok
2026,47,80,933,,,data\rolls\2026\pdfs\ac047\AC047PART080.pdf,pdf_serial_row_count,ok
2026,47,81,895,,,data\rolls\2026\pdfs\ac047\AC047PART081.pdf,pdf_serial_row_count,ok
2026,47,82,732,,,data\rolls\2026\pdfs\ac047\AC047PART082.pdf,pdf_serial_row_count,ok
2026,47,83,883,,,data\rolls\2026\pdfs\ac047\AC047PART083.pdf,pdf_serial_row_count,ok
2026,47,84,675,,,data\rolls\2026\pdfs\ac047\AC047PART084.pdf,pdf_serial_row_count,ok
2026,47,85,659,,,data\rolls\2026\pdfs\ac047\AC047PART085.pdf,pdf_serial_row_count,ok
2026,47,86,597,,,data\rolls\2026\pdfs\ac047\AC047PART086.pdf,pdf_serial_row_count,ok
2026,47,87,697,,,data\rolls\2026\pdfs\ac047\AC047PART087.pdf,pdf_serial_row_count,ok
2026,47,88,769,,,data\rolls\2026\pdfs\ac047\AC047PART088.pdf,pdf_serial_row_count,ok
2026,47,89,432,,,data\rolls\2026\pdfs\ac047\AC047PART089.pdf,pdf_serial_row_count,ok
2026,47,90,577,,,data\rolls\2026\pdfs\ac047\AC047PART090.pdf,pdf_serial_row_count,ok
2026,47,91,874,,,data\rolls\2026\pdfs\ac047\AC047PART091.pdf,pdf_serial_row_count,ok
2026,47,92,551,,,data\rolls\2026\pdfs\ac047\AC047PART092.pdf,pdf_serial_row_count,ok
2026,47,93,470,,,data\rolls\2026\pdfs\ac047\AC047PART093.pdf,pdf_serial_row_count,ok
2026,47,94,758,,,data\rolls\2026\pdfs\ac047\AC047PART094.pdf,pdf_serial_row_count,ok
2026,47,95,506,,,data\rolls\2026\pdfs\ac047\AC047PART095.pdf,pdf_serial_row_count,ok
2026,47,96,800,,,data\rolls\2026\pdfs\ac047\AC047PART096.pdf,pdf_serial_row_count,ok
2026,47,97,861,,,data\rolls\2026\pdfs\ac047\AC047PART097.pdf,pdf_serial_row_count,ok
2026,47,98,760,,,data\rolls\2026\pdfs\ac047\AC047PART098.pdf,pdf_serial_row_count,ok
2026,47,99,680,,,data\rolls\2026\pdfs\ac047\AC047PART099.pdf,pdf_serial_row_count,ok
2026,47,100,712,,,data\rolls\2026\pdfs\ac047\AC047PART100.pdf,pdf_serial_row_count,ok
2026,47,101,997,,,data\rolls\2026\pdfs\ac047\AC047PART101.pdf,pdf_serial_row_count,ok
2026,47,102,635,,,data\rolls\2026\pdfs\ac047\AC047PART102.pdf,pdf_serial_row_count,ok
2026,47,103,854,,,data\rolls\2026\pdfs\ac047\AC047PART103.pdf,pdf_serial_row_count,ok
2026,47,104,693,,,data\rolls\2026\pdfs\ac047\AC047PART104.pdf,pdf_serial_row_count,ok
2026,47,105,1855,,,data\rolls\2026\pdfs\ac047\AC047PART105.pdf,pdf_serial_row_count,ok
2026,47,106,768,,,data\rolls\2026\pdfs\ac047\AC047PART106.pdf,pdf_serial_row_count,ok
2026,47,107,499,,,data\rolls\2026\pdfs\ac047\AC047PART107.pdf,pdf_serial_row_count,ok
2026,47,108,396,,,data\rolls\2026\pdfs\ac047\AC047PART108.pdf,pdf_serial_row_count,ok
2026,47,109,8,,,data\rolls\2026\pdfs\ac047\AC047PART109.pdf,pdf_serial_row_count,ok
2026,47,110,432,,,data\rolls\2026\pdfs\ac047\AC047PART110.pdf,pdf_serial_row_count,ok
2026,47,111,664,,,data\rolls\2026\pdfs\ac047\AC047PART111.pdf,pdf_serial_row_count,ok
2026,47,112,493,,,data\rolls\2026\pdfs\ac047\AC047PART112.pdf,pdf_serial_row_count,ok
2026,47,113,8,,,data\rolls\2026\pdfs\ac047\AC047PART113.pdf,pdf_serial_row_count,ok
2026,47,114,533,,,data\rolls\2026\pdfs\ac047\AC047PART114.pdf,pdf_serial_row_count,ok
2026,47,115,8,,,data\rolls\2026\pdfs\ac047\AC047PART115.pdf,pdf_serial_row_count,ok
2026,47,116,8,,,data\rolls\2026\pdfs\ac047\AC047PART116.pdf,pdf_serial_row_count,ok
2026,47,117,8,,,data\rolls\2026\pdfs\ac047\AC047PART117.pdf,pdf_serial_row_count,ok
2026,47,118,8,,,data\rolls\2026\pdfs\ac047\AC047PART118.pdf,pdf_serial_row_count,ok
2026,47,119,8,,,data\rolls\2026\pdfs\ac047\AC047PART119.pdf,pdf_serial_row_count,ok
2026,47,120,8,,,data\rolls\2026\pdfs\ac047\AC047PART120.pdf,pdf_serial_row_count,ok
2026,47,121,429,,,data\rolls\2026\pdfs\ac047\AC047PART121.pdf,pdf_serial_row_count,ok
2026,47,122,412,,,data\rolls\2026\pdfs\ac047\AC047PART122.pdf,pdf_serial_row_count,ok
2026,47,123,8,,,data\rolls\2026\pdfs\ac047\AC047PART123.pdf,pdf_serial_row_count,ok
2026,47,124,337,,,data\rolls\2026\pdfs\ac047\AC047PART124.pdf,pdf_serial_row_count,ok
2026,47,125,8,,,data\rolls\2026\pdfs\ac047\AC047PART125.pdf,pdf_serial_row_count,ok
2026,47,126,758,,,data\rolls\2026\pdfs\ac047\AC047PART126.pdf,pdf_serial_row_count,ok
2026,47,127,375,,,data\rolls\2026\pdfs\ac047\AC047PART127.pdf,pdf_serial_row_count,ok
2026,47,128,885,,,data\rolls\2026\pdfs\ac047\AC047PART128.pdf,pdf_serial_row_count,ok
2026,47,129,1142,,,data\rolls\2026\pdfs\ac047\AC047PART129.pdf,pdf_serial_row_count,ok
2026,47,130,798,,,data\rolls\2026\pdfs\ac047\AC047PART130.pdf,pdf_serial_row_count,ok
2026,47,131,843,,,data\rolls\2026\pdfs\ac047\AC047PART131.pdf,pdf_serial_row_count,ok
2026,47,132,476,,,data\rolls\2026\pdfs\ac047\AC047PART132.pdf,pdf_serial_row_count,ok
2026,47,133,615,,,data\rolls\2026\pdfs\ac047\AC047PART133.pdf,pdf_serial_row_count,ok
2026,47,134,909,,,data\rolls\2026\pdfs\ac047\AC047PART134.pdf,pdf_serial_row_count,ok
2026,47,135,741,,,data\rolls\2026\pdfs\ac047\AC047PART135.pdf,pdf_serial_row_count,ok
2026,47,136,499,,,data\rolls\2026\pdfs\ac047\AC047PART136.pdf,pdf_serial_row_count,ok
2026,47,137,592,,,data\rolls\2026\pdfs\ac047\AC047PART137.pdf,pdf_serial_row_count,ok
2026,47,138,571,,,data\rolls\2026\pdfs\ac047\AC047PART138.pdf,pdf_serial_row_count,ok
2026,47,139,542,,,data\rolls\2026\pdfs\ac047\AC047PART139.pdf,pdf_serial_row_count,ok
2026,47,140,348,,,data\rolls\2026\pdfs\ac047\AC047PART140.pdf,pdf_serial_row_count,ok
2026,47,141,1032,,,data\rolls\2026\pdfs\ac047\AC047PART141.pdf,pdf_serial_row_count,ok
2026,47,142,621,,,data\rolls\2026\pdfs\ac047\AC047PART142.pdf,pdf_serial_row_count,ok
2026,47,143,405,,,data\rolls\2026\pdfs\ac047\AC047PART143.pdf,pdf_serial_row_count,ok
2026,47,144,935,,,data\rolls\2026\pdfs\ac047\AC047PART144.pdf,pdf_serial_row_count,ok
2026,47,145,451,,,data\rolls\2026\pdfs\ac047\AC047PART145.pdf,pdf_serial_row_count,ok
2026,47,146,911,,,data\rolls\2026\pdfs\ac047\AC047PART146.pdf,pdf_serial_row_count,ok
2026,47,147,1433,,,data\rolls\2026\pdfs\ac047\AC047PART147.pdf,pdf_serial_row_count,ok
2026,47,148,701,,,data\rolls\2026\pdfs\ac047\AC047PART148.pdf,pdf_serial_row_count,ok
2026,47,149,1524,,,data\rolls\2026\pdfs\ac047\AC047PART149.pdf,pdf_serial_row_count,ok
2026,47,150,742,,,data\rolls\2026\pdfs\ac047\AC047PART150.pdf,pdf_serial_row_count,ok
2026,47,151,1030,,,data\rolls\2026\pdfs\ac047\AC047PART151.pdf,pdf_serial_row_count,ok
2026,47,152,753,,,data\rolls\2026\pdfs\ac047\AC047PART152.pdf,pdf_serial_row_count,ok
2026,47,153,995,,,data\rolls\2026\pdfs\ac047\AC047PART153.pdf,pdf_serial_row_count,ok
2026,47,154,880,,,data\rolls\2026\pdfs\ac047\AC047PART154.pdf,pdf_serial_row_count,ok
2026,47,155,502,,,data\rolls\2026\pdfs\ac047\AC047PART155.pdf,pdf_serial_row_count,ok
2026,47,156,924,,,data\rolls\2026\pdfs\ac047\AC047PART156.pdf,pdf_serial_row_count,ok
2026,47,157,580,,,data\rolls\2026\pdfs\ac047\AC047PART157.pdf,pdf_serial_row_count,ok
2026,47,158,620,,,data\rolls\2026\pdfs\ac047\AC047PART158.pdf,pdf_serial_row_count,ok
2026,47,159,441,,,data\rolls\2026\pdfs\ac047\AC047PART159.pdf,pdf_serial_row_count,ok
2026,47,160,822,,,data\rolls\2026\pdfs\ac047\AC047PART160.pdf,pdf_serial_row_count,ok
2026,47,161,758,,,data\rolls\2026\pdfs\ac047\AC047PART161.pdf,pdf_serial_row_count,ok
2026,47,162,765,,,data\rolls\2026\pdfs\ac047\AC047PART162.pdf,pdf_serial_row_count,ok
2026,47,163,745,,,data\rolls\2026\pdfs\ac047\AC047PART163.pdf,pdf_serial_row_count,ok
2026,47,164,534,,,data\rolls\2026\pdfs\ac047\AC047PART164.pdf,pdf_serial_row_count,ok
2026,47,165,725,,,data\rolls\2026\pdfs\ac047\AC047PART165.pdf,pdf_serial_row_count,ok
2026,47,166,623,,,data\rolls\2026\pdfs\ac047\AC047PART166.pdf,pdf_serial_row_count,ok
2026,47,167,652,,,data\rolls\2026\pdfs\ac047\AC047PART167.pdf,pdf_serial_row_count,ok
2026,47,168,827,,,data\rolls\2026\pdfs\ac047\AC047PART168.pdf,pdf_serial_row_count,ok
2026,47,169,493,,,data\rolls\2026\pdfs\ac047\AC047PART169.pdf,pdf_serial_row_count,ok
2026,47,170,994,,,data\rolls\2026\pdfs\ac047\AC047PART170.pdf,pdf_serial_row_count,ok
2026,47,171,762,,,data\rolls\2026\pdfs\ac047\AC047PART171.pdf,pdf_serial_row_count,ok
2026,47,172,952,,,data\rolls\2026\pdfs\ac047\AC047PART172.pdf,pdf_serial_row_count,ok
2026,47,173,537,,,data\rolls\2026\pdfs\ac047\AC047PART173.pdf,pdf_serial_row_count,ok
2026,47,174,512,,,data\rolls\2026\pdfs\ac047\AC047PART174.pdf,pdf_serial_row_count,ok
2026,47,175,773,,,data\rolls\2026\pdfs\ac047\AC047PART175.pdf,pdf_serial_row_count,ok
2026,47,176,417,,,data\rolls\2026\pdfs\ac047\AC047PART176.pdf,pdf_serial_row_count,ok
2026,47,177,516,,,data\rolls\2026\pdfs\ac047\AC047PART177.pdf,pdf_serial_row_count,ok
2026,47,178,756,,,data\rolls\2026\pdfs\ac047\AC047PART178.pdf,pdf_serial_row_count,ok
2026,47,179,492,,,data\rolls\2026\pdfs\ac047\AC047PART179.pdf,pdf_serial_row_count,ok
2026,47,180,492,,,data\rolls\2026\pdfs\ac047\AC047PART180.pdf,pdf_serial_row_count,ok
2026,47,181,638,,,data\rolls\2026\pdfs\ac047\AC047PART181.pdf,pdf_serial_row_count,ok
2026,47,182,683,,,data\rolls\2026\pdfs\ac047\AC047PART182.pdf,pdf_serial_row_count,ok
2026,47,183,338,,,data\rolls\2026\pdfs\ac047\AC047PART183.pdf,pdf_serial_row_count,ok
2026,47,184,955,,,data\rolls\2026\pdfs\ac047\AC047PART184.pdf,pdf_serial_row_count,ok
2026,47,185,679,,,data\rolls\2026\pdfs\ac047\AC047PART185.pdf,pdf_serial_row_count,ok
2026,47,186,420,,,data\rolls\2026\pdfs\ac047\AC047PART186.pdf,pdf_serial_row_count,ok
2026,47,187,675,,,data\rolls\2026\pdfs\ac047\AC047PART187.pdf,pdf_serial_row_count,ok
2026,47,188,794,,,data\rolls\2026\pdfs\ac047\AC047PART188.pdf,pdf_serial_row_count,ok
2026,47,189,617,,,data\rolls\2026\pdfs\ac047\AC047PART189.pdf,pdf_serial_row_count,ok
2026,47,190,590,,,data\rolls\2026\pdfs\ac047\AC047PART190.pdf,pdf_serial_row_count,ok
2026,48,1,1155,,,data\rolls\2026\pdfs\ac048\AC048PART001.pdf,pdf_serial_row_count,ok
2026,48,2,803,,,data\rolls\2026\pdfs\ac048\AC048PART002.pdf,pdf_serial_row_count,ok
2026,48,3,641,,,data\rolls\2026\pdfs\ac048\AC048PART003.pdf,pdf_serial_row_count,ok
2026,48,4,509,,,data\rolls\2026\pdfs\ac048\AC048PART004.pdf,pdf_serial_row_count,ok
2026,48,5,726,,,data\rolls\2026\pdfs\ac048\AC048PART005.pdf,pdf_serial_row_count,ok
2026,48,6,681,,,data\rolls\2026\pdfs\ac048\AC048PART006.pdf,pdf_serial_row_count,ok
2026,48,7,598,,,data\rolls\2026\pdfs\ac048\AC048PART007.pdf,pdf_serial_row_count,ok
2026,48,8,819,,,data\rolls\2026\pdfs\ac048\AC048PART008.pdf,pdf_serial_row_count,ok
2026,48,9,678,,,data\rolls\2026\pdfs\ac048\AC048PART009.pdf,pdf_serial_row_count,ok
2026,48,10,677,,,data\rolls\2026\pdfs\ac048\AC048PART010.pdf,pdf_serial_row_count,ok
2026,48,11,362,,,data\rolls\2026\pdfs\ac048\AC048PART011.pdf,pdf_serial_row_count,ok
2026,48,12,823,,,data\rolls\2026\pdfs\ac048\AC048PART012.pdf,pdf_serial_row_count,ok
2026,48,13,975,,,data\rolls\2026\pdfs\ac048\AC048PART013.pdf,pdf_serial_row_count,ok
2026,48,14,544,,,data\rolls\2026\pdfs\ac048\AC048PART014.pdf,pdf_serial_row_count,ok
2026,48,15,785,,,data\rolls\2026\pdfs\ac048\AC048PART015.pdf,pdf_serial_row_count,ok
2026,48,16,721,,,data\rolls\2026\pdfs\ac048\AC048PART016.pdf,pdf_serial_row_count,ok
2026,48,17,614,,,data\rolls\2026\pdfs\ac048\AC048PART017.pdf,pdf_serial_row_count,ok
2026,48,18,694,,,data\rolls\2026\pdfs\ac048\AC048PART018.pdf,pdf_serial_row_count,ok
2026,48,19,452,,,data\rolls\2026\pdfs\ac048\AC048PART019.pdf,pdf_serial_row_count,ok
2026,48,20,806,,,data\rolls\2026\pdfs\ac048\AC048PART020.pdf,pdf_serial_row_count,ok
2026,48,21,852,,,data\rolls\2026\pdfs\ac048\AC048PART021.pdf,pdf_serial_row_count,ok
2026,48,22,733,,,data\rolls\2026\pdfs\ac048\AC048PART022.pdf,pdf_serial_row_count,ok
2026,48,23,416,,,data\rolls\2026\pdfs\ac048\AC048PART023.pdf,pdf_serial_row_count,ok
2026,48,24,540,,,data\rolls\2026\pdfs\ac048\AC048PART024.pdf,pdf_serial_row_count,ok
2026,48,25,651,,,data\rolls\2026\pdfs\ac048\AC048PART025.pdf,pdf_serial_row_count,ok
2026,48,26,650,,,data\rolls\2026\pdfs\ac048\AC048PART026.pdf,pdf_serial_row_count,ok
2026,48,27,566,,,data\rolls\2026\pdfs\ac048\AC048PART027.pdf,pdf_serial_row_count,ok
2026,48,28,819,,,data\rolls\2026\pdfs\ac048\AC048PART028.pdf,pdf_serial_row_count,ok
2026,48,29,637,,,data\rolls\2026\pdfs\ac048\AC048PART029.pdf,pdf_serial_row_count,ok
2026,48,30,432,,,data\rolls\2026\pdfs\ac048\AC048PART030.pdf,pdf_serial_row_count,ok
2026,48,31,988,,,data\rolls\2026\pdfs\ac048\AC048PART031.pdf,pdf_serial_row_count,ok
2026,48,32,846,,,data\rolls\2026\pdfs\ac048\AC048PART032.pdf,pdf_serial_row_count,ok
2026,48,33,305,,,data\rolls\2026\pdfs\ac048\AC048PART033.pdf,pdf_serial_row_count,ok
2026,48,34,719,,,data\rolls\2026\pdfs\ac048\AC048PART034.pdf,pdf_serial_row_count,ok
2026,48,35,972,,,data\rolls\2026\pdfs\ac048\AC048PART035.pdf,pdf_serial_row_count,ok
2026,48,36,901,,,data\rolls\2026\pdfs\ac048\AC048PART036.pdf,pdf_serial_row_count,ok
2026,48,37,698,,,data\rolls\2026\pdfs\ac048\AC048PART037.pdf,pdf_serial_row_count,ok
2026,48,38,682,,,data\rolls\2026\pdfs\ac048\AC048PART038.pdf,pdf_serial_row_count,ok
2026,48,39,1011,,,data\rolls\2026\pdfs\ac048\AC048PART039.pdf,pdf_serial_row_count,ok
2026,48,40,268,,,data\rolls\2026\pdfs\ac048\AC048PART040.pdf,pdf_serial_row_count,ok
2026,48,41,635,,,data\rolls\2026\pdfs\ac048\AC048PART041.pdf,pdf_serial_row_count,ok
2026,48,42,360,,,data\rolls\2026\pdfs\ac048\AC048PART042.pdf,pdf_serial_row_count,ok
2026,48,43,949,,,data\rolls\2026\pdfs\ac048\AC048PART043.pdf,pdf_serial_row_count,ok
2026,48,44,806,,,data\rolls\2026\pdfs\ac048\AC048PART044.pdf,pdf_serial_row_count,ok
2026,48,45,823,,,data\rolls\2026\pdfs\ac048\AC048PART045.pdf,pdf_serial_row_count,ok
2026,48,46,663,,,data\rolls\2026\pdfs\ac048\AC048PART046.pdf,pdf_serial_row_count,ok
2026,48,47,1104,,,data\rolls\2026\pdfs\ac048\AC048PART047.pdf,pdf_serial_row_count,ok
2026,48,48,895,,,data\rolls\2026\pdfs\ac048\AC048PART048.pdf,pdf_serial_row_count,ok
2026,48,49,545,,,data\rolls\2026\pdfs\ac048\AC048PART049.pdf,pdf_serial_row_count,ok
2026,48,50,565,,,data\rolls\2026\pdfs\ac048\AC048PART050.pdf,pdf_serial_row_count,ok
2026,48,51,756,,,data\rolls\2026\pdfs\ac048\AC048PART051.pdf,pdf_serial_row_count,ok
2026,48,52,696,,,data\rolls\2026\pdfs\ac048\AC048PART052.pdf,pdf_serial_row_count,ok
2026,48,53,642,,,data\rolls\2026\pdfs\ac048\AC048PART053.pdf,pdf_serial_row_count,ok
2026,48,54,824,,,data\rolls\2026\pdfs\ac048\AC048PART054.pdf,pdf_serial_row_count,ok
2026,48,55,459,,,data\rolls\2026\pdfs\ac048\AC048PART055.pdf,pdf_serial_row_count,ok
2026,48,56,638,,,data\rolls\2026\pdfs\ac048\AC048PART056.pdf,pdf_serial_row_count,ok
2026,48,57,718,,,data\rolls\2026\pdfs\ac048\AC048PART057.pdf,pdf_serial_row_count,ok
2026,48,58,921,,,data\rolls\2026\pdfs\ac048\AC048PART058.pdf,pdf_serial_row_count,ok
2026,48,59,493,,,data\rolls\2026\pdfs\ac048\AC048PART059.pdf,pdf_serial_row_count,ok
2026,48,60,618,,,data\rolls\2026\pdfs\ac048\AC048PART060.pdf,pdf_serial_row_count,ok
2026,48,61,607,,,data\rolls\2026\pdfs\ac048\AC048PART061.pdf,pdf_serial_row_count,ok
2026,48,62,756,,,data\rolls\2026\pdfs\ac048\AC048PART062.pdf,pdf_serial_row_count,ok
2026,48,63,909,,,data\rolls\2026\pdfs\ac048\AC048PART063.pdf,pdf_serial_row_count,ok
2026,48,64,492,,,data\rolls\2026\pdfs\ac048\AC048PART064.pdf,pdf_serial_row_count,ok
2026,48,65,469,,,data\rolls\2026\pdfs\ac048\AC048PART065.pdf,pdf_serial_row_count,ok
2026,48,66,612,,,data\rolls\2026\pdfs\ac048\AC048PART066.pdf,pdf_serial_row_count,ok
2026,48,67,912,,,data\rolls\2026\pdfs\ac048\AC048PART067.pdf,pdf_serial_row_count,ok
2026,48,68,430,,,data\rolls\2026\pdfs\ac048\AC048PART068.pdf,pdf_serial_row_count,ok
2026,48,69,832,,,data\rolls\2026\pdfs\ac048\AC048PART069.pdf,pdf_serial_row_count,ok
2026,48,70,714,,,data\rolls\2026\pdfs\ac048\AC048PART070.pdf,pdf_serial_row_count,ok
2026,48,71,739,,,data\rolls\2026\pdfs\ac048\AC048PART071.pdf,pdf_serial_row_count,ok
2026,48,72,468,,,data\rolls\2026\pdfs\ac048\AC048PART072.pdf,pdf_serial_row_count,ok
2026,48,73,662,,,data\rolls\2026\pdfs\ac048\AC048PART073.pdf,pdf_serial_row_count,ok
2026,48,74,599,,,data\rolls\2026\pdfs\ac048\AC048PART074.pdf,pdf_serial_row_count,ok
2026,48,75,568,,,data\rolls\2026\pdfs\ac048\AC048PART075.pdf,pdf_serial_row_count,ok
2026,48,76,828,,,data\rolls\2026\pdfs\ac048\AC048PART076.pdf,pdf_serial_row_count,ok
2026,48,77,1171,,,data\rolls\2026\pdfs\ac048\AC048PART077.pdf,pdf_serial_row_count,ok
2026,48,78,779,,,data\rolls\2026\pdfs\ac048\AC048PART078.pdf,pdf_serial_row_count,ok
2026,48,79,644,,,data\rolls\2026\pdfs\ac048\AC048PART079.pdf,pdf_serial_row_count,ok
2026,48,80,877,,,data\rolls\2026\pdfs\ac048\AC048PART080.pdf,pdf_serial_row_count,ok
2026,48,81,477,,,data\rolls\2026\pdfs\ac048\AC048PART081.pdf,pdf_serial_row_count,ok
2026,48,82,560,,,data\rolls\2026\pdfs\ac048\AC048PART082.pdf,pdf_serial_row_count,ok
2026,48,83,463,,,data\rolls\2026\pdfs\ac048\AC048PART083.pdf,pdf_serial_row_count,ok
2026,48,84,447,,,data\rolls\2026\pdfs\ac048\AC048PART084.pdf,pdf_serial_row_count,ok
2026,48,85,546,,,data\rolls\2026\pdfs\ac048\AC048PART085.pdf,pdf_serial_row_count,ok
2026,48,86,537,,,data\rolls\2026\pdfs\ac048\AC048PART086.pdf,pdf_serial_row_count,ok
2026,48,87,589,,,data\rolls\2026\pdfs\ac048\AC048PART087.pdf,pdf_serial_row_count,ok
2026,48,88,992,,,data\rolls\2026\pdfs\ac048\AC048PART088.pdf,pdf_serial_row_count,ok
2026,48,89,953,,,data\rolls\2026\pdfs\ac048\AC048PART089.pdf,pdf_serial_row_count,ok
2026,48,90,600,,,data\rolls\2026\pdfs\ac048\AC048PART090.pdf,pdf_serial_row_count,ok
2026,48,91,562,,,data\rolls\2026\pdfs\ac048\AC048PART091.pdf,pdf_serial_row_count,ok
2026,48,92,695,,,data\rolls\2026\pdfs\ac048\AC048PART092.pdf,pdf_serial_row_count,ok
2026,48,93,483,,,data\rolls\2026\pdfs\ac048\AC048PART093.pdf,pdf_serial_row_count,ok
2026,48,94,756,,,data\rolls\2026\pdfs\ac048\AC048PART094.pdf,pdf_serial_row_count,ok
2026,48,95,680,,,data\rolls\2026\pdfs\ac048\AC048PART095.pdf,pdf_serial_row_count,ok
2026,48,96,593,,,data\rolls\2026\pdfs\ac048\AC048PART096.pdf,pdf_serial_row_count,ok
2026,48,97,681,,,data\rolls\2026\pdfs\ac048\AC048PART097.pdf,pdf_serial_row_count,ok
2026,48,98,636,,,data\rolls\2026\pdfs\ac048\AC048PART098.pdf,pdf_serial_row_count,ok
2026,48,99,789,,,data\rolls\2026\pdfs\ac048\AC048PART099.pdf,pdf_serial_row_count,ok
2026,48,100,679,,,data\rolls\2026\pdfs\ac048\AC048PART100.pdf,pdf_serial_row_count,ok
2026,48,101,570,,,data\rolls\2026\pdfs\ac048\AC048PART101.pdf,pdf_serial_row_count,ok
2026,48,102,648,,,data\rolls\2026\pdfs\ac048\AC048PART102.pdf,pdf_serial_row_count,ok
2026,48,103,593,,,data\rolls\2026\pdfs\ac048\AC048PART103.pdf,pdf_serial_row_count,ok
2026,48,104,502,,,data\rolls\2026\pdfs\ac048\AC048PART104.pdf,pdf_serial_row_count,ok
2026,48,105,1044,,,data\rolls\2026\pdfs\ac048\AC048PART105.pdf,pdf_serial_row_count,ok
2026,48,106,333,,,data\rolls\2026\pdfs\ac048\AC048PART106.pdf,pdf_serial_row_count,ok
2026,48,107,775,,,data\rolls\2026\pdfs\ac048\AC048PART107.pdf,pdf_serial_row_count,ok
2026,48,108,814,,,data\rolls\2026\pdfs\ac048\AC048PART108.pdf,pdf_serial_row_count,ok
2026,48,109,536,,,data\rolls\2026\pdfs\ac048\AC048PART109.pdf,pdf_serial_row_count,ok
2026,48,110,753,,,data\rolls\2026\pdfs\ac048\AC048PART110.pdf,pdf_serial_row_count,ok
2026,48,111,992,,,data\rolls\2026\pdfs\ac048\AC048PART111.pdf,pdf_serial_row_count,ok
2026,48,112,1040,,,data\rolls\2026\pdfs\ac048\AC048PART112.pdf,pdf_serial_row_count,ok
2026,48,113,768,,,data\rolls\2026\pdfs\ac048\AC048PART113.pdf,pdf_serial_row_count,ok
2026,48,114,914,,,data\rolls\2026\pdfs\ac048\AC048PART114.pdf,pdf_serial_row_count,ok
2026,48,115,556,,,data\rolls\2026\pdfs\ac048\AC048PART115.pdf,pdf_serial_row_count,ok
2026,48,116,754,,,data\rolls\2026\pdfs\ac048\AC048PART116.pdf,pdf_serial_row_count,ok
2026,48,117,729,,,data\rolls\2026\pdfs\ac048\AC048PART117.pdf,pdf_serial_row_count,ok
2026,48,118,941,,,data\rolls\2026\pdfs\ac048\AC048PART118.pdf,pdf_serial_row_count,ok
2026,48,119,956,,,data\rolls\2026\pdfs\ac048\AC048PART119.pdf,pdf_serial_row_count,ok
2026,48,120,885,,,data\rolls\2026\pdfs\ac048\AC048PART120.pdf,pdf_serial_row_count,ok
2026,48,121,687,,,data\rolls\2026\pdfs\ac048\AC048PART121.pdf,pdf_serial_row_count,ok
2026,48,122,671,,,data\rolls\2026\pdfs\ac048\AC048PART122.pdf,pdf_serial_row_count,ok
2026,48,123,658,,,data\rolls\2026\pdfs\ac048\AC048PART123.pdf,pdf_serial_row_count,ok
2026,48,124,875,,,data\rolls\2026\pdfs\ac048\AC048PART124.pdf,pdf_serial_row_count,ok
2026,48,125,891,,,data\rolls\2026\pdfs\ac048\AC048PART125.pdf,pdf_serial_row_count,ok
2026,48,126,533,,,data\rolls\2026\pdfs\ac048\AC048PART126.pdf,pdf_serial_row_count,ok
2026,48,127,673,,,data\rolls\2026\pdfs\ac048\AC048PART127.pdf,pdf_serial_row_count,ok
2026,48,128,608,,,data\rolls\2026\pdfs\ac048\AC048PART128.pdf,pdf_serial_row_count,ok
2026,48,129,740,,,data\rolls\2026\pdfs\ac048\AC048PART129.pdf,pdf_serial_row_count,ok
2026,48,130,967,,,data\rolls\2026\pdfs\ac048\AC048PART130.pdf,pdf_serial_row_count,ok
2026,48,131,876,,,data\rolls\2026\pdfs\ac048\AC048PART131.pdf,pdf_serial_row_count,ok
2026,48,132,593,,,data\rolls\2026\pdfs\ac048\AC048PART132.pdf,pdf_serial_row_count,ok
2026,48,133,456,,,data\rolls\2026\pdfs\ac048\AC048PART133.pdf,pdf_serial_row_count,ok
2026,48,134,621,,,data\rolls\2026\pdfs\ac048\AC048PART134.pdf,pdf_serial_row_count,ok
2026,48,135,740,,,data\rolls\2026\pdfs\ac048\AC048PART135.pdf,pdf_serial_row_count,ok
2026,48,136,871,,,data\rolls\2026\pdfs\ac048\AC048PART136.pdf,pdf_serial_row_count,ok
2026,48,137,932,,,data\rolls\2026\pdfs\ac048\AC048PART137.pdf,pdf_serial_row_count,ok
2026,48,138,529,,,data\rolls\2026\pdfs\ac048\AC048PART138.pdf,pdf_serial_row_count,ok
2026,48,139,922,,,data\rolls\2026\pdfs\ac048\AC048PART139.pdf,pdf_serial_row_count,ok
2026,48,140,484,,,data\rolls\2026\pdfs\ac048\AC048PART140.pdf,pdf_serial_row_count,ok
2026,48,141,583,,,data\rolls\2026\pdfs\ac048\AC048PART141.pdf,pdf_serial_row_count,ok
2026,48,142,711,,,data\rolls\2026\pdfs\ac048\AC048PART142.pdf,pdf_serial_row_count,ok
2026,48,143,1152,,,data\rolls\2026\pdfs\ac048\AC048PART143.pdf,pdf_serial_row_count,ok
2026,48,144,614,,,data\rolls\2026\pdfs\ac048\AC048PART144.pdf,pdf_serial_row_count,ok
2026,48,145,841,,,data\rolls\2026\pdfs\ac048\AC048PART145.pdf,pdf_serial_row_count,ok
2026,48,146,401,,,data\rolls\2026\pdfs\ac048\AC048PART146.pdf,pdf_serial_row_count,ok
2026,48,147,850,,,data\rolls\2026\pdfs\ac048\AC048PART147.pdf,pdf_serial_row_count,ok
2026,48,148,881,,,data\rolls\2026\pdfs\ac048\AC048PART148.pdf,pdf_serial_row_count,ok
2026,48,149,613,,,data\rolls\2026\pdfs\ac048\AC048PART149.pdf,pdf_serial_row_count,ok
2026,48,150,541,,,data\rolls\2026\pdfs\ac048\AC048PART150.pdf,pdf_serial_row_count,ok
2026,48,151,817,,,data\rolls\2026\pdfs\ac048\AC048PART151.pdf,pdf_serial_row_count,ok
2026,48,152,617,,,data\rolls\2026\pdfs\ac048\AC048PART152.pdf,pdf_serial_row_count,ok
2026,48,153,808,,,data\rolls\2026\pdfs\ac048\AC048PART153.pdf,pdf_serial_row_count,ok
2026,48,154,764,,,data\rolls\2026\pdfs\ac048\AC048PART154.pdf,pdf_serial_row_count,ok
2026,48,155,624,,,data\rolls\2026\pdfs\ac048\AC048PART155.pdf,pdf_serial_row_count,ok
2026,48,156,876,,,data\rolls\2026\pdfs\ac048\AC048PART156.pdf,pdf_serial_row_count,ok
2026,48,157,654,,,data\rolls\2026\pdfs\ac048\AC048PART157.pdf,pdf_serial_row_count,ok
2026,48,158,510,,,data\rolls\2026\pdfs\ac048\AC048PART158.pdf,pdf_serial_row_count,ok
2026,48,159,789,,,data\rolls\2026\pdfs\ac048\AC048PART159.pdf,pdf_serial_row_count,ok
2026,48,160,1079,,,data\rolls\2026\pdfs\ac048\AC048PART160.pdf,pdf_serial_row_count,ok
2026,48,161,909,,,data\rolls\2026\pdfs\ac048\AC048PART161.pdf,pdf_serial_row_count,ok
2026,48,162,1067,,,data\rolls\2026\pdfs\ac048\AC048PART162.pdf,pdf_serial_row_count,ok
2026,48,163,1039,,,data\rolls\2026\pdfs\ac048\AC048PART163.pdf,pdf_serial_row_count,ok
2026,48,164,759,,,data\rolls\2026\pdfs\ac048\AC048PART164.pdf,pdf_serial_row_count,ok
2026,48,165,1131,,,data\rolls\2026\pdfs\ac048\AC048PART165.pdf,pdf_serial_row_count,ok
2026,48,166,702,,,data\rolls\2026\pdfs\ac048\AC048PART166.pdf,pdf_serial_row_count,ok
2026,48,167,747,,,data\rolls\2026\pdfs\ac048\AC048PART167.pdf,pdf_serial_row_count,ok
2026,48,168,970,,,data\rolls\2026\pdfs\ac048\AC048PART168.pdf,pdf_serial_row_count,ok
2026,48,169,501,,,data\rolls\2026\pdfs\ac048\AC048PART169.pdf,pdf_serial_row_count,ok
2026,48,170,1240,,,data\rolls\2026\pdfs\ac048\AC048PART170.pdf,pdf_serial_row_count,ok
2026,48,171,954,,,data\rolls\2026\pdfs\ac048\AC048PART171.pdf,pdf_serial_row_count,ok
2026,48,172,662,,,data\rolls\2026\pdfs\ac048\AC048PART172.pdf,pdf_serial_row_count,ok
2026,48,173,511,,,data\rolls\2026\pdfs\ac048\AC048PART173.pdf,pdf_serial_row_count,ok
2026,48,174,736,,,data\rolls\2026\pdfs\ac048\AC048PART174.pdf,pdf_serial_row_count,ok
2026,48,175,624,,,data\rolls\2026\pdfs\ac048\AC048PART175.pdf,pdf_serial_row_count,ok
2026,48,176,640,,,data\rolls\2026\pdfs\ac048\AC048PART176.pdf,pdf_serial_row_count,ok
2026,48,177,565,,,data\rolls\2026\pdfs\ac048\AC048PART177.pdf,pdf_serial_row_count,ok
2026,48,178,901,,,data\rolls\2026\pdfs\ac048\AC048PART178.pdf,pdf_serial_row_count,ok
2026,48,179,683,,,data\rolls\2026\pdfs\ac048\AC048PART179.pdf,pdf_serial_row_count,ok
2026,48,180,807,,,data\rolls\2026\pdfs\ac048\AC048PART180.pdf,pdf_serial_row_count,ok
2026,48,181,950,,,data\rolls\2026\pdfs\ac048\AC048PART181.pdf,pdf_serial_row_count,ok
2026,48,182,838,,,data\rolls\2026\pdfs\ac048\AC048PART182.pdf,pdf_serial_row_count,ok
2026,48,183,925,,,data\rolls\2026\pdfs\ac048\AC048PART183.pdf,pdf_serial_row_count,ok
2026,48,184,708,,,data\rolls\2026\pdfs\ac048\AC048PART184.pdf,pdf_serial_row_count,ok
2026,49,1,290,,,data\rolls\2026\pdfs\ac049\AC049PART001.pdf,pdf_serial_row_count,ok
2026,49,2,822,,,data\rolls\2026\pdfs\ac049\AC049PART002.pdf,pdf_serial_row_count,ok
2026,49,3,536,,,data\rolls\2026\pdfs\ac049\AC049PART003.pdf,pdf_serial_row_count,ok
2026,49,4,657,,,data\rolls\2026\pdfs\ac049\AC049PART004.pdf,pdf_serial_row_count,ok
2026,49,5,597,,,data\rolls\2026\pdfs\ac049\AC049PART005.pdf,pdf_serial_row_count,ok
2026,49,6,670,,,data\rolls\2026\pdfs\ac049\AC049PART006.pdf,pdf_serial_row_count,ok
2026,49,7,686,,,data\rolls\2026\pdfs\ac049\AC049PART007.pdf,pdf_serial_row_count,ok
2026,49,8,982,,,data\rolls\2026\pdfs\ac049\AC049PART008.pdf,pdf_serial_row_count,ok
2026,49,9,970,,,data\rolls\2026\pdfs\ac049\AC049PART009.pdf,pdf_serial_row_count,ok
2026,49,10,736,,,data\rolls\2026\pdfs\ac049\AC049PART010.pdf,pdf_serial_row_count,ok
2026,49,11,530,,,data\rolls\2026\pdfs\ac049\AC049PART011.pdf,pdf_serial_row_count,ok
2026,49,12,778,,,data\rolls\2026\pdfs\ac049\AC049PART012.pdf,pdf_serial_row_count,ok
2026,49,13,629,,,data\rolls\2026\pdfs\ac049\AC049PART013.pdf,pdf_serial_row_count,ok
2026,49,14,677,,,data\rolls\2026\pdfs\ac049\AC049PART014.pdf,pdf_serial_row_count,ok
2026,49,15,761,,,data\rolls\2026\pdfs\ac049\AC049PART015.pdf,pdf_serial_row_count,ok
2026,49,16,831,,,data\rolls\2026\pdfs\ac049\AC049PART016.pdf,pdf_serial_row_count,ok
2026,49,17,666,,,data\rolls\2026\pdfs\ac049\AC049PART017.pdf,pdf_serial_row_count,ok
2026,49,18,469,,,data\rolls\2026\pdfs\ac049\AC049PART018.pdf,pdf_serial_row_count,ok
2026,49,19,723,,,data\rolls\2026\pdfs\ac049\AC049PART019.pdf,pdf_serial_row_count,ok
2026,49,20,695,,,data\rolls\2026\pdfs\ac049\AC049PART020.pdf,pdf_serial_row_count,ok
2026,49,21,959,,,data\rolls\2026\pdfs\ac049\AC049PART021.pdf,pdf_serial_row_count,ok
2026,49,22,556,,,data\rolls\2026\pdfs\ac049\AC049PART022.pdf,pdf_serial_row_count,ok
2026,49,23,660,,,data\rolls\2026\pdfs\ac049\AC049PART023.pdf,pdf_serial_row_count,ok
2026,49,24,662,,,data\rolls\2026\pdfs\ac049\AC049PART024.pdf,pdf_serial_row_count,ok
2026,49,25,599,,,data\rolls\2026\pdfs\ac049\AC049PART025.pdf,pdf_serial_row_count,ok
2026,49,26,863,,,data\rolls\2026\pdfs\ac049\AC049PART026.pdf,pdf_serial_row_count,ok
2026,49,27,674,,,data\rolls\2026\pdfs\ac049\AC049PART027.pdf,pdf_serial_row_count,ok
2026,49,28,645,,,data\rolls\2026\pdfs\ac049\AC049PART028.pdf,pdf_serial_row_count,ok
2026,49,29,855,,,data\rolls\2026\pdfs\ac049\AC049PART029.pdf,pdf_serial_row_count,ok
2026,49,30,762,,,data\rolls\2026\pdfs\ac049\AC049PART030.pdf,pdf_serial_row_count,ok
2026,49,31,592,,,data\rolls\2026\pdfs\ac049\AC049PART031.pdf,pdf_serial_row_count,ok
2026,49,32,572,,,data\rolls\2026\pdfs\ac049\AC049PART032.pdf,pdf_serial_row_count,ok
2026,49,33,591,,,data\rolls\2026\pdfs\ac049\AC049PART033.pdf,pdf_serial_row_count,ok
2026,49,34,433,,,data\rolls\2026\pdfs\ac049\AC049PART034.pdf,pdf_serial_row_count,ok
2026,49,35,772,,,data\rolls\2026\pdfs\ac049\AC049PART035.pdf,pdf_serial_row_count,ok
2026,49,36,798,,,data\rolls\2026\pdfs\ac049\AC049PART036.pdf,pdf_serial_row_count,ok
2026,49,37,570,,,data\rolls\2026\pdfs\ac049\AC049PART037.pdf,pdf_serial_row_count,ok
2026,49,38,789,,,data\rolls\2026\pdfs\ac049\AC049PART038.pdf,pdf_serial_row_count,ok
2026,49,39,777,,,data\rolls\2026\pdfs\ac049\AC049PART039.pdf,pdf_serial_row_count,ok
2026,49,40,533,,,data\rolls\2026\pdfs\ac049\AC049PART040.pdf,pdf_serial_row_count,ok
2026,49,41,374,,,data\rolls\2026\pdfs\ac049\AC049PART041.pdf,pdf_serial_row_count,ok
2026,49,42,661,,,data\rolls\2026\pdfs\ac049\AC049PART042.pdf,pdf_serial_row_count,ok
2026,49,43,882,,,data\rolls\2026\pdfs\ac049\AC049PART043.pdf,pdf_serial_row_count,ok
2026,49,44,889,,,data\rolls\2026\pdfs\ac049\AC049PART044.pdf,pdf_serial_row_count,ok
2026,49,45,486,,,data\rolls\2026\pdfs\ac049\AC049PART045.pdf,pdf_serial_row_count,ok
2026,49,46,342,,,data\rolls\2026\pdfs\ac049\AC049PART046.pdf,pdf_serial_row_count,ok
2026,49,47,1018,,,data\rolls\2026\pdfs\ac049\AC049PART047.pdf,pdf_serial_row_count,ok
2026,49,48,798,,,data\rolls\2026\pdfs\ac049\AC049PART048.pdf,pdf_serial_row_count,ok
2026,49,49,814,,,data\rolls\2026\pdfs\ac049\AC049PART049.pdf,pdf_serial_row_count,ok
2026,49,50,545,,,data\rolls\2026\pdfs\ac049\AC049PART050.pdf,pdf_serial_row_count,ok
2026,49,51,499,,,data\rolls\2026\pdfs\ac049\AC049PART051.pdf,pdf_serial_row_count,ok
2026,49,52,635,,,data\rolls\2026\pdfs\ac049\AC049PART052.pdf,pdf_serial_row_count,ok
2026,49,53,828,,,data\rolls\2026\pdfs\ac049\AC049PART053.pdf,pdf_serial_row_count,ok
2026,49,54,579,,,data\rolls\2026\pdfs\ac049\AC049PART054.pdf,pdf_serial_row_count,ok
2026,49,55,806,,,data\rolls\2026\pdfs\ac049\AC049PART055.pdf,pdf_serial_row_count,ok
2026,49,56,788,,,data\rolls\2026\pdfs\ac049\AC049PART056.pdf,pdf_serial_row_count,ok
2026,49,57,462,,,data\rolls\2026\pdfs\ac049\AC049PART057.pdf,pdf_serial_row_count,ok
2026,49,58,527,,,data\rolls\2026\pdfs\ac049\AC049PART058.pdf,pdf_serial_row_count,ok
2026,49,59,882,,,data\rolls\2026\pdfs\ac049\AC049PART059.pdf,pdf_serial_row_count,ok
2026,49,60,377,,,data\rolls\2026\pdfs\ac049\AC049PART060.pdf,pdf_serial_row_count,ok
2026,49,61,653,,,data\rolls\2026\pdfs\ac049\AC049PART061.pdf,pdf_serial_row_count,ok
2026,49,62,525,,,data\rolls\2026\pdfs\ac049\AC049PART062.pdf,pdf_serial_row_count,ok
2026,49,63,843,,,data\rolls\2026\pdfs\ac049\AC049PART063.pdf,pdf_serial_row_count,ok
2026,49,64,551,,,data\rolls\2026\pdfs\ac049\AC049PART064.pdf,pdf_serial_row_count,ok
2026,49,65,542,,,data\rolls\2026\pdfs\ac049\AC049PART065.pdf,pdf_serial_row_count,ok
2026,49,66,751,,,data\rolls\2026\pdfs\ac049\AC049PART066.pdf,pdf_serial_row_count,ok
2026,49,67,586,,,data\rolls\2026\pdfs\ac049\AC049PART067.pdf,pdf_serial_row_count,ok
2026,49,68,557,,,data\rolls\2026\pdfs\ac049\AC049PART068.pdf,pdf_serial_row_count,ok
2026,49,69,798,,,data\rolls\2026\pdfs\ac049\AC049PART069.pdf,pdf_serial_row_count,ok
2026,49,70,399,,,data\rolls\2026\pdfs\ac049\AC049PART070.pdf,pdf_serial_row_count,ok
2026,49,71,693,,,data\rolls\2026\pdfs\ac049\AC049PART071.pdf,pdf_serial_row_count,ok
2026,49,72,490,,,data\rolls\2026\pdfs\ac049\AC049PART072.pdf,pdf_serial_row_count,ok
2026,49,73,653,,,data\rolls\2026\pdfs\ac049\AC049PART073.pdf,pdf_serial_row_count,ok
2026,49,74,536,,,data\rolls\2026\pdfs\ac049\AC049PART074.pdf,pdf_serial_row_count,ok
2026,49,75,716,,,data\rolls\2026\pdfs\ac049\AC049PART075.pdf,pdf_serial_row_count,ok
2026,49,76,639,,,data\rolls\2026\pdfs\ac049\AC049PART076.pdf,pdf_serial_row_count,ok
2026,49,77,603,,,data\rolls\2026\pdfs\ac049\AC049PART077.pdf,pdf_serial_row_count,ok
2026,49,78,632,,,data\rolls\2026\pdfs\ac049\AC049PART078.pdf,pdf_serial_row_count,ok
2026,49,79,668,,,data\rolls\2026\pdfs\ac049\AC049PART079.pdf,pdf_serial_row_count,ok
2026,49,80,602,,,data\rolls\2026\pdfs\ac049\AC049PART080.pdf,pdf_serial_row_count,ok
2026,49,81,550,,,data\rolls\2026\pdfs\ac049\AC049PART081.pdf,pdf_serial_row_count,ok
2026,49,82,840,,,data\rolls\2026\pdfs\ac049\AC049PART082.pdf,pdf_serial_row_count,ok
2026,49,83,1193,,,data\rolls\2026\pdfs\ac049\AC049PART083.pdf,pdf_serial_row_count,ok
2026,49,84,703,,,data\rolls\2026\pdfs\ac049\AC049PART084.pdf,pdf_serial_row_count,ok
2026,49,85,552,,,data\rolls\2026\pdfs\ac049\AC049PART085.pdf,pdf_serial_row_count,ok
2026,49,86,980,,,data\rolls\2026\pdfs\ac049\AC049PART086.pdf,pdf_serial_row_count,ok
2026,49,87,1081,,,data\rolls\2026\pdfs\ac049\AC049PART087.pdf,pdf_serial_row_count,ok
2026,49,88,903,,,data\rolls\2026\pdfs\ac049\AC049PART088.pdf,pdf_serial_row_count,ok
2026,49,89,950,,,data\rolls\2026\pdfs\ac049\AC049PART089.pdf,pdf_serial_row_count,ok
2026,49,90,849,,,data\rolls\2026\pdfs\ac049\AC049PART090.pdf,pdf_serial_row_count,ok
2026,49,91,633,,,data\rolls\2026\pdfs\ac049\AC049PART091.pdf,pdf_serial_row_count,ok
2026,49,92,616,,,data\rolls\2026\pdfs\ac049\AC049PART092.pdf,pdf_serial_row_count,ok
2026,49,93,711,,,data\rolls\2026\pdfs\ac049\AC049PART093.pdf,pdf_serial_row_count,ok
2026,49,94,588,,,data\rolls\2026\pdfs\ac049\AC049PART094.pdf,pdf_serial_row_count,ok
2026,49,95,480,,,data\rolls\2026\pdfs\ac049\AC049PART095.pdf,pdf_serial_row_count,ok
2026,49,96,560,,,data\rolls\2026\pdfs\ac049\AC049PART096.pdf,pdf_serial_row_count,ok
2026,49,97,812,,,data\rolls\2026\pdfs\ac049\AC049PART097.pdf,pdf_serial_row_count,ok
2026,49,98,898,,,data\rolls\2026\pdfs\ac049\AC049PART098.pdf,pdf_serial_row_count,ok
2026,49,99,297,,,data\rolls\2026\pdfs\ac049\AC049PART099.pdf,pdf_serial_row_count,ok
2026,49,100,756,,,data\rolls\2026\pdfs\ac049\AC049PART100.pdf,pdf_serial_row_count,ok
2026,49,101,869,,,data\rolls\2026\pdfs\ac049\AC049PART101.pdf,pdf_serial_row_count,ok
2026,49,102,727,,,data\rolls\2026\pdfs\ac049\AC049PART102.pdf,pdf_serial_row_count,ok
2026,49,103,384,,,data\rolls\2026\pdfs\ac049\AC049PART103.pdf,pdf_serial_row_count,ok
2026,49,104,680,,,data\rolls\2026\pdfs\ac049\AC049PART104.pdf,pdf_serial_row_count,ok
2026,49,105,815,,,data\rolls\2026\pdfs\ac049\AC049PART105.pdf,pdf_serial_row_count,ok
2026,49,106,761,,,data\rolls\2026\pdfs\ac049\AC049PART106.pdf,pdf_serial_row_count,ok
2026,49,107,1007,,,data\rolls\2026\pdfs\ac049\AC049PART107.pdf,pdf_serial_row_count,ok
2026,49,108,879,,,data\rolls\2026\pdfs\ac049\AC049PART108.pdf,pdf_serial_row_count,ok
2026,49,109,832,,,data\rolls\2026\pdfs\ac049\AC049PART109.pdf,pdf_serial_row_count,ok
2026,49,110,875,,,data\rolls\2026\pdfs\ac049\AC049PART110.pdf,pdf_serial_row_count,ok
2026,49,111,886,,,data\rolls\2026\pdfs\ac049\AC049PART111.pdf,pdf_serial_row_count,ok
2026,49,112,533,,,data\rolls\2026\pdfs\ac049\AC049PART112.pdf,pdf_serial_row_count,ok
2026,49,113,720,,,data\rolls\2026\pdfs\ac049\AC049PART113.pdf,pdf_serial_row_count,ok
2026,49,114,702,,,data\rolls\2026\pdfs\ac049\AC049PART114.pdf,pdf_serial_row_count,ok
2026,49,115,631,,,data\rolls\2026\pdfs\ac049\AC049PART115.pdf,pdf_serial_row_count,ok
2026,49,116,403,,,data\rolls\2026\pdfs\ac049\AC049PART116.pdf,pdf_serial_row_count,ok
2026,49,117,679,,,data\rolls\2026\pdfs\ac049\AC049PART117.pdf,pdf_serial_row_count,ok
2026,49,118,558,,,data\rolls\2026\pdfs\ac049\AC049PART118.pdf,pdf_serial_row_count,ok
2026,49,119,690,,,data\rolls\2026\pdfs\ac049\AC049PART119.pdf,pdf_serial_row_count,ok
2026,49,120,630,,,data\rolls\2026\pdfs\ac049\AC049PART120.pdf,pdf_serial_row_count,ok
2026,49,121,562,,,data\rolls\2026\pdfs\ac049\AC049PART121.pdf,pdf_serial_row_count,ok
2026,49,122,916,,,data\rolls\2026\pdfs\ac049\AC049PART122.pdf,pdf_serial_row_count,ok
2026,49,123,938,,,data\rolls\2026\pdfs\ac049\AC049PART123.pdf,pdf_serial_row_count,ok
2026,49,124,953,,,data\rolls\2026\pdfs\ac049\AC049PART124.pdf,pdf_serial_row_count,ok
2026,49,125,625,,,data\rolls\2026\pdfs\ac049\AC049PART125.pdf,pdf_serial_row_count,ok
2026,49,126,823,,,data\rolls\2026\pdfs\ac049\AC049PART126.pdf,pdf_serial_row_count,ok
2026,49,127,648,,,data\rolls\2026\pdfs\ac049\AC049PART127.pdf,pdf_serial_row_count,ok
2026,49,128,680,,,data\rolls\2026\pdfs\ac049\AC049PART128.pdf,pdf_serial_row_count,ok
2026,49,129,630,,,data\rolls\2026\pdfs\ac049\AC049PART129.pdf,pdf_serial_row_count,ok
2026,49,130,813,,,data\rolls\2026\pdfs\ac049\AC049PART130.pdf,pdf_serial_row_count,ok
2026,49,131,495,,,data\rolls\2026\pdfs\ac049\AC049PART131.pdf,pdf_serial_row_count,ok
2026,49,132,595,,,data\rolls\2026\pdfs\ac049\AC049PART132.pdf,pdf_serial_row_count,ok
2026,49,133,703,,,data\rolls\2026\pdfs\ac049\AC049PART133.pdf,pdf_serial_row_count,ok
2026,49,134,624,,,data\rolls\2026\pdfs\ac049\AC049PART134.pdf,pdf_serial_row_count,ok
2026,49,135,836,,,data\rolls\2026\pdfs\ac049\AC049PART135.pdf,pdf_serial_row_count,ok
2026,49,136,796,,,data\rolls\2026\pdfs\ac049\AC049PART136.pdf,pdf_serial_row_count,ok
2026,49,137,786,,,data\rolls\2026\pdfs\ac049\AC049PART137.pdf,pdf_serial_row_count,ok
2026,49,138,977,,,data\rolls\2026\pdfs\ac049\AC049PART138.pdf,pdf_serial_row_count,ok
2026,49,139,653,,,data\rolls\2026\pdfs\ac049\AC049PART139.pdf,pdf_serial_row_count,ok
2026,49,140,871,,,data\rolls\2026\pdfs\ac049\AC049PART140.pdf,pdf_serial_row_count,ok
2026,49,141,758,,,data\rolls\2026\pdfs\ac049\AC049PART141.pdf,pdf_serial_row_count,ok
2026,49,142,855,,,data\rolls\2026\pdfs\ac049\AC049PART142.pdf,pdf_serial_row_count,ok
2026,49,143,911,,,data\rolls\2026\pdfs\ac049\AC049PART143.pdf,pdf_serial_row_count,ok
2026,49,144,686,,,data\rolls\2026\pdfs\ac049\AC049PART144.pdf,pdf_serial_row_count,ok
2026,49,145,662,,,data\rolls\2026\pdfs\ac049\AC049PART145.pdf,pdf_serial_row_count,ok
2026,49,146,1020,,,data\rolls\2026\pdfs\ac049\AC049PART146.pdf,pdf_serial_row_count,ok
2026,49,147,644,,,data\rolls\2026\pdfs\ac049\AC049PART147.pdf,pdf_serial_row_count,ok
2026,49,148,668,,,data\rolls\2026\pdfs\ac049\AC049PART148.pdf,pdf_serial_row_count,ok
2026,49,149,685,,,data\rolls\2026\pdfs\ac049\AC049PART149.pdf,pdf_serial_row_count,ok
2026,49,150,541,,,data\rolls\2026\pdfs\ac049\AC049PART150.pdf,pdf_serial_row_count,ok
2026,49,151,657,,,data\rolls\2026\pdfs\ac049\AC049PART151.pdf,pdf_serial_row_count,ok
2026,49,152,824,,,data\rolls\2026\pdfs\ac049\AC049PART152.pdf,pdf_serial_row_count,ok
2026,49,153,651,,,data\rolls\2026\pdfs\ac049\AC049PART153.pdf,pdf_serial_row_count,ok
2026,49,154,409,,,data\rolls\2026\pdfs\ac049\AC049PART154.pdf,pdf_serial_row_count,ok
2026,49,155,693,,,data\rolls\2026\pdfs\ac049\AC049PART155.pdf,pdf_serial_row_count,ok
2026,49,156,613,,,data\rolls\2026\pdfs\ac049\AC049PART156.pdf,pdf_serial_row_count,ok
2026,49,157,514,,,data\rolls\2026\pdfs\ac049\AC049PART157.pdf,pdf_serial_row_count,ok
2026,49,158,531,,,data\rolls\2026\pdfs\ac049\AC049PART158.pdf,pdf_serial_row_count,ok
2026,49,159,662,,,data\rolls\2026\pdfs\ac049\AC049PART159.pdf,pdf_serial_row_count,ok
2026,49,160,605,,,data\rolls\2026\pdfs\ac049\AC049PART160.pdf,pdf_serial_row_count,ok
2026,49,161,736,,,data\rolls\2026\pdfs\ac049\AC049PART161.pdf,pdf_serial_row_count,ok
2026,49,162,769,,,data\rolls\2026\pdfs\ac049\AC049PART162.pdf,pdf_serial_row_count,ok
2026,49,163,589,,,data\rolls\2026\pdfs\ac049\AC049PART163.pdf,pdf_serial_row_count,ok
2026,49,164,530,,,data\rolls\2026\pdfs\ac049\AC049PART164.pdf,pdf_serial_row_count,ok
2026,49,165,668,,,data\rolls\2026\pdfs\ac049\AC049PART165.pdf,pdf_serial_row_count,ok
2026,49,166,616,,,data\rolls\2026\pdfs\ac049\AC049PART166.pdf,pdf_serial_row_count,ok
2026,49,167,721,,,data\rolls\2026\pdfs\ac049\AC049PART167.pdf,pdf_serial_row_count,ok
2026,49,168,1044,,,data\rolls\2026\pdfs\ac049\AC049PART168.pdf,pdf_serial_row_count,ok
2026,49,169,420,,,data\rolls\2026\pdfs\ac049\AC049PART169.pdf,pdf_serial_row_count,ok
2026,49,170,580,,,data\rolls\2026\pdfs\ac049\AC049PART170.pdf,pdf_serial_row_count,ok
2026,49,171,666,,,data\rolls\2026\pdfs\ac049\AC049PART171.pdf,pdf_serial_row_count,ok
2026,49,172,612,,,data\rolls\2026\pdfs\ac049\AC049PART172.pdf,pdf_serial_row_count,ok
2026,49,173,606,,,data\rolls\2026\pdfs\ac049\AC049PART173.pdf,pdf_serial_row_count,ok
2026,49,174,1101,,,data\rolls\2026\pdfs\ac049\AC049PART174.pdf,pdf_serial_row_count,ok
2026,49,175,771,,,data\rolls\2026\pdfs\ac049\AC049PART175.pdf,pdf_serial_row_count,ok
2026,49,176,865,,,data\rolls\2026\pdfs\ac049\AC049PART176.pdf,pdf_serial_row_count,ok
2026,49,177,846,,,data\rolls\2026\pdfs\ac049\AC049PART177.pdf,pdf_serial_row_count,ok
2026,49,178,619,,,data\rolls\2026\pdfs\ac049\AC049PART178.pdf,pdf_serial_row_count,ok
2026,49,179,562,,,data\rolls\2026\pdfs\ac049\AC049PART179.pdf,pdf_serial_row_count,ok
2026,49,180,910,,,data\rolls\2026\pdfs\ac049\AC049PART180.pdf,pdf_serial_row_count,ok
2026,49,181,746,,,data\rolls\2026\pdfs\ac049\AC049PART181.pdf,pdf_serial_row_count,ok
2026,49,182,985,,,data\rolls\2026\pdfs\ac049\AC049PART182.pdf,pdf_serial_row_count,ok
2026,49,183,404,,,data\rolls\2026\pdfs\ac049\AC049PART183.pdf,pdf_serial_row_count,ok
2026,49,184,665,,,data\rolls\2026\pdfs\ac049\AC049PART184.pdf,pdf_serial_row_count,ok
2026,49,185,652,,,data\rolls\2026\pdfs\ac049\AC049PART185.pdf,pdf_serial_row_count,ok
2026,49,186,648,,,data\rolls\2026\pdfs\ac049\AC049PART186.pdf,pdf_serial_row_count,ok
2026,49,187,1037,,,data\rolls\2026\pdfs\ac049\AC049PART187.pdf,pdf_serial_row_count,ok
2026,49,188,784,,,data\rolls\2026\pdfs\ac049\AC049PART188.pdf,pdf_serial_row_count,ok
2026,49,189,738,,,data\rolls\2026\pdfs\ac049\AC049PART189.pdf,pdf_serial_row_count,ok
2026,49,190,740,,,data\rolls\2026\pdfs\ac049\AC049PART190.pdf,pdf_serial_row_count,ok
2026,49,191,691,,,data\rolls\2026\pdfs\ac049\AC049PART191.pdf,pdf_serial_row_count,ok
2026,49,192,987,,,data\rolls\2026\pdfs\ac049\AC049PART192.pdf,pdf_serial_row_count,ok
2026,49,193,784,,,data\rolls\2026\pdfs\ac049\AC049PART193.pdf,pdf_serial_row_count,ok
2026,49,194,411,,,data\rolls\2026\pdfs\ac049\AC049PART194.pdf,pdf_serial_row_count,ok
2026,49,195,1110,,,data\rolls\2026\pdfs\ac049\AC049PART195.pdf,pdf_serial_row_count,ok
2026,49,196,742,,,data\rolls\2026\pdfs\ac049\AC049PART196.pdf,pdf_serial_row_count,ok
2026,49,197,735,,,data\rolls\2026\pdfs\ac049\AC049PART197.pdf,pdf_serial_row_count,ok
2026,49,198,756,,,data\rolls\2026\pdfs\ac049\AC049PART198.pdf,pdf_serial_row_count,ok
2026,49,199,800,,,data\rolls\2026\pdfs\ac049\AC049PART199.pdf,pdf_serial_row_count,ok
2026,49,200,895,,,data\rolls\2026\pdfs\ac049\AC049PART200.pdf,pdf_serial_row_count,ok
2026,49,201,836,,,data\rolls\2026\pdfs\ac049\AC049PART201.pdf,pdf_serial_row_count,ok
2026,49,202,757,,,data\rolls\2026\pdfs\ac049\AC049PART202.pdf,pdf_serial_row_count,ok
2026,49,203,973,,,data\rolls\2026\pdfs\ac049\AC049PART203.pdf,pdf_serial_row_count,ok
2026,49,204,772,,,data\rolls\2026\pdfs\ac049\AC049PART204.pdf,pdf_serial_row_count,ok
2026,49,205,823,,,data\rolls\2026\pdfs\ac049\AC049PART205.pdf,pdf_serial_row_count,ok
2026,49,206,982,,,data\rolls\2026\pdfs\ac049\AC049PART206.pdf,pdf_serial_row_count,ok
2026,49,207,668,,,data\rolls\2026\pdfs\ac049\AC049PART207.pdf,pdf_serial_row_count,ok
2026,49,208,717,,,data\rolls\2026\pdfs\ac049\AC049PART208.pdf,pdf_serial_row_count,ok
2026,49,209,743,,,data\rolls\2026\pdfs\ac049\AC049PART209.pdf,pdf_serial_row_count,ok
2026,49,210,596,,,data\rolls\2026\pdfs\ac049\AC049PART210.pdf,pdf_serial_row_count,ok
2026,49,211,915,,,data\rolls\2026\pdfs\ac049\AC049PART211.pdf,pdf_serial_row_count,ok
2026,49,212,851,,,data\rolls\2026\pdfs\ac049\AC049PART212.pdf,pdf_serial_row_count,ok
2026,49,213,672,,,data\rolls\2026\pdfs\ac049\AC049PART213.pdf,pdf_serial_row_count,ok
2026,49,214,571,,,data\rolls\2026\pdfs\ac049\AC049PART214.pdf,pdf_serial_row_count,ok
2026,49,215,759,,,data\rolls\2026\pdfs\ac049\AC049PART215.pdf,pdf_serial_row_count,ok
2026,49,216,996,,,data\rolls\2026\pdfs\ac049\AC049PART216.pdf,pdf_serial_row_count,ok
2026,49,217,668,,,data\rolls\2026\pdfs\ac049\AC049PART217.pdf,pdf_serial_row_count,ok
2026,49,218,542,,,data\rolls\2026\pdfs\ac049\AC049PART218.pdf,pdf_serial_row_count,ok
2026,49,219,399,,,data\rolls\2026\pdfs\ac049\AC049PART219.pdf,pdf_serial_row_count,ok
2026,49,220,585,,,data\rolls\2026\pdfs\ac049\AC049PART220.pdf,pdf_serial_row_count,ok
2026,49,221,1084,,,data\rolls\2026\pdfs\ac049\AC049PART221.pdf,pdf_serial_row_count,ok
2026,49,222,603,,,data\rolls\2026\pdfs\ac049\AC049PART222.pdf,pdf_serial_row_count,ok
2026,49,223,618,,,data\rolls\2026\pdfs\ac049\AC049PART223.pdf,pdf_serial_row_count,ok
2026,49,224,671,,,data\rolls\2026\pdfs\ac049\AC049PART224.pdf,pdf_serial_row_count,ok
2026,49,225,589,,,data\rolls\2026\pdfs\ac049\AC049PART225.pdf,pdf_serial_row_count,ok
2026,49,226,711,,,data\rolls\2026\pdfs\ac049\AC049PART226.pdf,pdf_serial_row_count,ok
2026,49,227,854,,,data\rolls\2026\pdfs\ac049\AC049PART227.pdf,pdf_serial_row_count,ok
2026,49,228,571,,,data\rolls\2026\pdfs\ac049\AC049PART228.pdf,pdf_serial_row_count,ok
2026,49,229,610,,,data\rolls\2026\pdfs\ac049\AC049PART229.pdf,pdf_serial_row_count,ok
2026,49,230,811,,,data\rolls\2026\pdfs\ac049\AC049PART230.pdf,pdf_serial_row_count,ok
2026,49,231,928,,,data\rolls\2026\pdfs\ac049\AC049PART231.pdf,pdf_serial_row_count,ok
2026,49,232,743,,,data\rolls\2026\pdfs\ac049\AC049PART232.pdf,pdf_serial_row_count,ok
2026,49,233,627,,,data\rolls\2026\pdfs\ac049\AC049PART233.pdf,pdf_serial_row_count,ok
2026,50,1,972,,,data\rolls\2026\pdfs\ac050\AC050PART001.pdf,pdf_serial_row_count,ok
2026,50,2,703,,,data\rolls\2026\pdfs\ac050\AC050PART002.pdf,pdf_serial_row_count,ok
2026,50,3,446,,,data\rolls\2026\pdfs\ac050\AC050PART003.pdf,pdf_serial_row_count,ok
2026,50,4,666,,,data\rolls\2026\pdfs\ac050\AC050PART004.pdf,pdf_serial_row_count,ok
2026,50,5,522,,,data\rolls\2026\pdfs\ac050\AC050PART005.pdf,pdf_serial_row_count,ok
2026,50,6,697,,,data\rolls\2026\pdfs\ac050\AC050PART006.pdf,pdf_serial_row_count,ok
2026,50,7,608,,,data\rolls\2026\pdfs\ac050\AC050PART007.pdf,pdf_serial_row_count,ok
2026,50,8,468,,,data\rolls\2026\pdfs\ac050\AC050PART008.pdf,pdf_serial_row_count,ok
2026,50,9,976,,,data\rolls\2026\pdfs\ac050\AC050PART009.pdf,pdf_serial_row_count,ok
2026,50,10,940,,,data\rolls\2026\pdfs\ac050\AC050PART010.pdf,pdf_serial_row_count,ok
2026,50,11,1105,,,data\rolls\2026\pdfs\ac050\AC050PART011.pdf,pdf_serial_row_count,ok
2026,50,12,662,,,data\rolls\2026\pdfs\ac050\AC050PART012.pdf,pdf_serial_row_count,ok
2026,50,13,827,,,data\rolls\2026\pdfs\ac050\AC050PART013.pdf,pdf_serial_row_count,ok
2026,50,14,464,,,data\rolls\2026\pdfs\ac050\AC050PART014.pdf,pdf_serial_row_count,ok
2026,50,15,437,,,data\rolls\2026\pdfs\ac050\AC050PART015.pdf,pdf_serial_row_count,ok
2026,50,16,516,,,data\rolls\2026\pdfs\ac050\AC050PART016.pdf,pdf_serial_row_count,ok
2026,50,17,634,,,data\rolls\2026\pdfs\ac050\AC050PART017.pdf,pdf_serial_row_count,ok
2026,50,18,414,,,data\rolls\2026\pdfs\ac050\AC050PART018.pdf,pdf_serial_row_count,ok
2026,50,19,360,,,data\rolls\2026\pdfs\ac050\AC050PART019.pdf,pdf_serial_row_count,ok
2026,50,20,437,,,data\rolls\2026\pdfs\ac050\AC050PART020.pdf,pdf_serial_row_count,ok
2026,50,21,382,,,data\rolls\2026\pdfs\ac050\AC050PART021.pdf,pdf_serial_row_count,ok
2026,50,22,691,,,data\rolls\2026\pdfs\ac050\AC050PART022.pdf,pdf_serial_row_count,ok
2026,50,23,703,,,data\rolls\2026\pdfs\ac050\AC050PART023.pdf,pdf_serial_row_count,ok
2026,50,24,951,,,data\rolls\2026\pdfs\ac050\AC050PART024.pdf,pdf_serial_row_count,ok
2026,50,25,671,,,data\rolls\2026\pdfs\ac050\AC050PART025.pdf,pdf_serial_row_count,ok
2026,50,26,655,,,data\rolls\2026\pdfs\ac050\AC050PART026.pdf,pdf_serial_row_count,ok
2026,50,27,619,,,data\rolls\2026\pdfs\ac050\AC050PART027.pdf,pdf_serial_row_count,ok
2026,50,28,592,,,data\rolls\2026\pdfs\ac050\AC050PART028.pdf,pdf_serial_row_count,ok
2026,50,29,769,,,data\rolls\2026\pdfs\ac050\AC050PART029.pdf,pdf_serial_row_count,ok
2026,50,30,751,,,data\rolls\2026\pdfs\ac050\AC050PART030.pdf,pdf_serial_row_count,ok
2026,50,31,548,,,data\rolls\2026\pdfs\ac050\AC050PART031.pdf,pdf_serial_row_count,ok
2026,50,32,464,,,data\rolls\2026\pdfs\ac050\AC050PART032.pdf,pdf_serial_row_count,ok
2026,50,33,633,,,data\rolls\2026\pdfs\ac050\AC050PART033.pdf,pdf_serial_row_count,ok
2026,50,34,950,,,data\rolls\2026\pdfs\ac050\AC050PART034.pdf,pdf_serial_row_count,ok
2026,50,35,420,,,data\rolls\2026\pdfs\ac050\AC050PART035.pdf,pdf_serial_row_count,ok
2026,50,36,372,,,data\rolls\2026\pdfs\ac050\AC050PART036.pdf,pdf_serial_row_count,ok
2026,50,37,562,,,data\rolls\2026\pdfs\ac050\AC050PART037.pdf,pdf_serial_row_count,ok
2026,50,38,643,,,data\rolls\2026\pdfs\ac050\AC050PART038.pdf,pdf_serial_row_count,ok
2026,50,39,518,,,data\rolls\2026\pdfs\ac050\AC050PART039.pdf,pdf_serial_row_count,ok
2026,50,40,590,,,data\rolls\2026\pdfs\ac050\AC050PART040.pdf,pdf_serial_row_count,ok
2026,50,41,637,,,data\rolls\2026\pdfs\ac050\AC050PART041.pdf,pdf_serial_row_count,ok
2026,50,42,581,,,data\rolls\2026\pdfs\ac050\AC050PART042.pdf,pdf_serial_row_count,ok
2026,50,43,596,,,data\rolls\2026\pdfs\ac050\AC050PART043.pdf,pdf_serial_row_count,ok
2026,50,44,963,,,data\rolls\2026\pdfs\ac050\AC050PART044.pdf,pdf_serial_row_count,ok
2026,50,45,865,,,data\rolls\2026\pdfs\ac050\AC050PART045.pdf,pdf_serial_row_count,ok
2026,50,46,816,,,data\rolls\2026\pdfs\ac050\AC050PART046.pdf,pdf_serial_row_count,ok
2026,50,47,611,,,data\rolls\2026\pdfs\ac050\AC050PART047.pdf,pdf_serial_row_count,ok
2026,50,48,541,,,data\rolls\2026\pdfs\ac050\AC050PART048.pdf,pdf_serial_row_count,ok
2026,50,49,537,,,data\rolls\2026\pdfs\ac050\AC050PART049.pdf,pdf_serial_row_count,ok
2026,50,50,578,,,data\rolls\2026\pdfs\ac050\AC050PART050.pdf,pdf_serial_row_count,ok
2026,50,51,837,,,data\rolls\2026\pdfs\ac050\AC050PART051.pdf,pdf_serial_row_count,ok
2026,50,52,608,,,data\rolls\2026\pdfs\ac050\AC050PART052.pdf,pdf_serial_row_count,ok
2026,50,53,626,,,data\rolls\2026\pdfs\ac050\AC050PART053.pdf,pdf_serial_row_count,ok
2026,50,54,823,,,data\rolls\2026\pdfs\ac050\AC050PART054.pdf,pdf_serial_row_count,ok
2026,50,55,968,,,data\rolls\2026\pdfs\ac050\AC050PART055.pdf,pdf_serial_row_count,ok
2026,50,56,658,,,data\rolls\2026\pdfs\ac050\AC050PART056.pdf,pdf_serial_row_count,ok
2026,50,57,788,,,data\rolls\2026\pdfs\ac050\AC050PART057.pdf,pdf_serial_row_count,ok
2026,50,58,816,,,data\rolls\2026\pdfs\ac050\AC050PART058.pdf,pdf_serial_row_count,ok
2026,50,59,1050,,,data\rolls\2026\pdfs\ac050\AC050PART059.pdf,pdf_serial_row_count,ok
2026,50,60,675,,,data\rolls\2026\pdfs\ac050\AC050PART060.pdf,pdf_serial_row_count,ok
2026,50,61,765,,,data\rolls\2026\pdfs\ac050\AC050PART061.pdf,pdf_serial_row_count,ok
2026,50,62,644,,,data\rolls\2026\pdfs\ac050\AC050PART062.pdf,pdf_serial_row_count,ok
2026,50,63,539,,,data\rolls\2026\pdfs\ac050\AC050PART063.pdf,pdf_serial_row_count,ok
2026,50,64,656,,,data\rolls\2026\pdfs\ac050\AC050PART064.pdf,pdf_serial_row_count,ok
2026,50,65,597,,,data\rolls\2026\pdfs\ac050\AC050PART065.pdf,pdf_serial_row_count,ok
2026,50,66,1000,,,data\rolls\2026\pdfs\ac050\AC050PART066.pdf,pdf_serial_row_count,ok
2026,50,67,789,,,data\rolls\2026\pdfs\ac050\AC050PART067.pdf,pdf_serial_row_count,ok
2026,50,68,977,,,data\rolls\2026\pdfs\ac050\AC050PART068.pdf,pdf_serial_row_count,ok
2026,50,69,1092,,,data\rolls\2026\pdfs\ac050\AC050PART069.pdf,pdf_serial_row_count,ok
2026,50,70,565,,,data\rolls\2026\pdfs\ac050\AC050PART070.pdf,pdf_serial_row_count,ok
2026,50,71,681,,,data\rolls\2026\pdfs\ac050\AC050PART071.pdf,pdf_serial_row_count,ok
2026,50,72,955,,,data\rolls\2026\pdfs\ac050\AC050PART072.pdf,pdf_serial_row_count,ok
2026,50,73,810,,,data\rolls\2026\pdfs\ac050\AC050PART073.pdf,pdf_serial_row_count,ok
2026,50,74,905,,,data\rolls\2026\pdfs\ac050\AC050PART074.pdf,pdf_serial_row_count,ok
2026,50,75,525,,,data\rolls\2026\pdfs\ac050\AC050PART075.pdf,pdf_serial_row_count,ok
2026,50,76,643,,,data\rolls\2026\pdfs\ac050\AC050PART076.pdf,pdf_serial_row_count,ok
2026,50,77,629,,,data\rolls\2026\pdfs\ac050\AC050PART077.pdf,pdf_serial_row_count,ok
2026,50,78,553,,,data\rolls\2026\pdfs\ac050\AC050PART078.pdf,pdf_serial_row_count,ok
2026,50,79,602,,,data\rolls\2026\pdfs\ac050\AC050PART079.pdf,pdf_serial_row_count,ok
2026,50,80,613,,,data\rolls\2026\pdfs\ac050\AC050PART080.pdf,pdf_serial_row_count,ok
2026,50,81,680,,,data\rolls\2026\pdfs\ac050\AC050PART081.pdf,pdf_serial_row_count,ok
2026,50,82,653,,,data\rolls\2026\pdfs\ac050\AC050PART082.pdf,pdf_serial_row_count,ok
2026,50,83,404,,,data\rolls\2026\pdfs\ac050\AC050PART083.pdf,pdf_serial_row_count,ok
2026,50,84,974,,,data\rolls\2026\pdfs\ac050\AC050PART084.pdf,pdf_serial_row_count,ok
2026,50,85,666,,,data\rolls\2026\pdfs\ac050\AC050PART085.pdf,pdf_serial_row_count,ok
2026,50,86,690,,,data\rolls\2026\pdfs\ac050\AC050PART086.pdf,pdf_serial_row_count,ok
2026,50,87,624,,,data\rolls\2026\pdfs\ac050\AC050PART087.pdf,pdf_serial_row_count,ok
2026,50,88,545,,,data\rolls\2026\pdfs\ac050\AC050PART088.pdf,pdf_serial_row_count,ok
2026,50,89,605,,,data\rolls\2026\pdfs\ac050\AC050PART089.pdf,pdf_serial_row_count,ok
2026,50,90,576,,,data\rolls\2026\pdfs\ac050\AC050PART090.pdf,pdf_serial_row_count,ok
2026,50,91,632,,,data\rolls\2026\pdfs\ac050\AC050PART091.pdf,pdf_serial_row_count,ok
2026,50,92,549,,,data\rolls\2026\pdfs\ac050\AC050PART092.pdf,pdf_serial_row_count,ok
2026,50,93,552,,,data\rolls\2026\pdfs\ac050\AC050PART093.pdf,pdf_serial_row_count,ok
2026,50,94,691,,,data\rolls\2026\pdfs\ac050\AC050PART094.pdf,pdf_serial_row_count,ok
2026,50,95,652,,,data\rolls\2026\pdfs\ac050\AC050PART095.pdf,pdf_serial_row_count,ok
2026,50,96,812,,,data\rolls\2026\pdfs\ac050\AC050PART096.pdf,pdf_serial_row_count,ok
2026,50,97,803,,,data\rolls\2026\pdfs\ac050\AC050PART097.pdf,pdf_serial_row_count,ok
2026,50,98,599,,,data\rolls\2026\pdfs\ac050\AC050PART098.pdf,pdf_serial_row_count,ok
2026,50,99,625,,,data\rolls\2026\pdfs\ac050\AC050PART099.pdf,pdf_serial_row_count,ok
2026,50,100,597,,,data\rolls\2026\pdfs\ac050\AC050PART100.pdf,pdf_serial_row_count,ok
2026,50,101,535,,,data\rolls\2026\pdfs\ac050\AC050PART101.pdf,pdf_serial_row_count,ok
2026,50,102,817,,,data\rolls\2026\pdfs\ac050\AC050PART102.pdf,pdf_serial_row_count,ok
2026,50,103,618,,,data\rolls\2026\pdfs\ac050\AC050PART103.pdf,pdf_serial_row_count,ok
2026,50,104,549,,,data\rolls\2026\pdfs\ac050\AC050PART104.pdf,pdf_serial_row_count,ok
2026,50,105,581,,,data\rolls\2026\pdfs\ac050\AC050PART105.pdf,pdf_serial_row_count,ok
2026,50,106,553,,,data\rolls\2026\pdfs\ac050\AC050PART106.pdf,pdf_serial_row_count,ok
2026,50,107,500,,,data\rolls\2026\pdfs\ac050\AC050PART107.pdf,pdf_serial_row_count,ok
2026,50,108,827,,,data\rolls\2026\pdfs\ac050\AC050PART108.pdf,pdf_serial_row_count,ok
2026,50,109,571,,,data\rolls\2026\pdfs\ac050\AC050PART109.pdf,pdf_serial_row_count,ok
2026,50,110,679,,,data\rolls\2026\pdfs\ac050\AC050PART110.pdf,pdf_serial_row_count,ok
2026,50,111,738,,,data\rolls\2026\pdfs\ac050\AC050PART111.pdf,pdf_serial_row_count,ok
2026,50,112,706,,,data\rolls\2026\pdfs\ac050\AC050PART112.pdf,pdf_serial_row_count,ok
2026,50,113,605,,,data\rolls\2026\pdfs\ac050\AC050PART113.pdf,pdf_serial_row_count,ok
2026,50,114,594,,,data\rolls\2026\pdfs\ac050\AC050PART114.pdf,pdf_serial_row_count,ok
2026,50,115,1000,,,data\rolls\2026\pdfs\ac050\AC050PART115.pdf,pdf_serial_row_count,ok
2026,50,116,770,,,data\rolls\2026\pdfs\ac050\AC050PART116.pdf,pdf_serial_row_count,ok
2026,50,117,545,,,data\rolls\2026\pdfs\ac050\AC050PART117.pdf,pdf_serial_row_count,ok
2026,50,118,811,,,data\rolls\2026\pdfs\ac050\AC050PART118.pdf,pdf_serial_row_count,ok
2026,50,119,901,,,data\rolls\2026\pdfs\ac050\AC050PART119.pdf,pdf_serial_row_count,ok
2026,50,120,1055,,,data\rolls\2026\pdfs\ac050\AC050PART120.pdf,pdf_serial_row_count,ok
2026,50,121,592,,,data\rolls\2026\pdfs\ac050\AC050PART121.pdf,pdf_serial_row_count,ok
2026,50,122,732,,,data\rolls\2026\pdfs\ac050\AC050PART122.pdf,pdf_serial_row_count,ok
2026,50,123,696,,,data\rolls\2026\pdfs\ac050\AC050PART123.pdf,pdf_serial_row_count,ok
2026,50,124,513,,,data\rolls\2026\pdfs\ac050\AC050PART124.pdf,pdf_serial_row_count,ok
2026,50,125,537,,,data\rolls\2026\pdfs\ac050\AC050PART125.pdf,pdf_serial_row_count,ok
2026,50,126,561,,,data\rolls\2026\pdfs\ac050\AC050PART126.pdf,pdf_serial_row_count,ok
2026,50,127,974,,,data\rolls\2026\pdfs\ac050\AC050PART127.pdf,pdf_serial_row_count,ok
2026,50,128,459,,,data\rolls\2026\pdfs\ac050\AC050PART128.pdf,pdf_serial_row_count,ok
2026,50,129,740,,,data\rolls\2026\pdfs\ac050\AC050PART129.pdf,pdf_serial_row_count,ok
2026,50,130,804,,,data\rolls\2026\pdfs\ac050\AC050PART130.pdf,pdf_serial_row_count,ok
2026,50,131,929,,,data\rolls\2026\pdfs\ac050\AC050PART131.pdf,pdf_serial_row_count,ok
2026,50,132,514,,,data\rolls\2026\pdfs\ac050\AC050PART132.pdf,pdf_serial_row_count,ok
2026,50,133,719,,,data\rolls\2026\pdfs\ac050\AC050PART133.pdf,pdf_serial_row_count,ok
2026,50,134,780,,,data\rolls\2026\pdfs\ac050\AC050PART134.pdf,pdf_serial_row_count,ok
2026,50,135,470,,,data\rolls\2026\pdfs\ac050\AC050PART135.pdf,pdf_serial_row_count,ok
2026,50,136,1169,,,data\rolls\2026\pdfs\ac050\AC050PART136.pdf,pdf_serial_row_count,ok
2026,50,137,765,,,data\rolls\2026\pdfs\ac050\AC050PART137.pdf,pdf_serial_row_count,ok
2026,50,138,905,,,data\rolls\2026\pdfs\ac050\AC050PART138.pdf,pdf_serial_row_count,ok
2026,50,139,672,,,data\rolls\2026\pdfs\ac050\AC050PART139.pdf,pdf_serial_row_count,ok
2026,50,140,1031,,,data\rolls\2026\pdfs\ac050\AC050PART140.pdf,pdf_serial_row_count,ok
2026,50,141,771,,,data\rolls\2026\pdfs\ac050\AC050PART141.pdf,pdf_serial_row_count,ok
2026,50,142,641,,,data\rolls\2026\pdfs\ac050\AC050PART142.pdf,pdf_serial_row_count,ok
2026,50,143,1020,,,data\rolls\2026\pdfs\ac050\AC050PART143.pdf,pdf_serial_row_count,ok
2026,50,144,890,,,data\rolls\2026\pdfs\ac050\AC050PART144.pdf,pdf_serial_row_count,ok
2026,50,145,891,,,data\rolls\2026\pdfs\ac050\AC050PART145.pdf,pdf_serial_row_count,ok
2026,50,146,656,,,data\rolls\2026\pdfs\ac050\AC050PART146.pdf,pdf_serial_row_count,ok
2026,50,147,675,,,data\rolls\2026\pdfs\ac050\AC050PART147.pdf,pdf_serial_row_count,ok
2026,50,148,520,,,data\rolls\2026\pdfs\ac050\AC050PART148.pdf,pdf_serial_row_count,ok
2026,50,149,480,,,data\rolls\2026\pdfs\ac050\AC050PART149.pdf,pdf_serial_row_count,ok
2026,50,150,791,,,data\rolls\2026\pdfs\ac050\AC050PART150.pdf,pdf_serial_row_count,ok
2026,50,151,514,,,data\rolls\2026\pdfs\ac050\AC050PART151.pdf,pdf_serial_row_count,ok
2026,50,152,781,,,data\rolls\2026\pdfs\ac050\AC050PART152.pdf,pdf_serial_row_count,ok
2026,50,153,623,,,data\rolls\2026\pdfs\ac050\AC050PART153.pdf,pdf_serial_row_count,ok
2026,50,154,759,,,data\rolls\2026\pdfs\ac050\AC050PART154.pdf,pdf_serial_row_count,ok
2026,50,155,645,,,data\rolls\2026\pdfs\ac050\AC050PART155.pdf,pdf_serial_row_count,ok
2026,50,156,514,,,data\rolls\2026\pdfs\ac050\AC050PART156.pdf,pdf_serial_row_count,ok
2026,50,157,850,,,data\rolls\2026\pdfs\ac050\AC050PART157.pdf,pdf_serial_row_count,ok
2026,50,158,372,,,data\rolls\2026\pdfs\ac050\AC050PART158.pdf,pdf_serial_row_count,ok
2026,50,159,625,,,data\rolls\2026\pdfs\ac050\AC050PART159.pdf,pdf_serial_row_count,ok
2026,50,160,381,,,data\rolls\2026\pdfs\ac050\AC050PART160.pdf,pdf_serial_row_count,ok
2026,50,161,553,,,data\rolls\2026\pdfs\ac050\AC050PART161.pdf,pdf_serial_row_count,ok
2026,50,162,751,,,data\rolls\2026\pdfs\ac050\AC050PART162.pdf,pdf_serial_row_count,ok
2026,50,163,700,,,data\rolls\2026\pdfs\ac050\AC050PART163.pdf,pdf_serial_row_count,ok
2026,50,164,663,,,data\rolls\2026\pdfs\ac050\AC050PART164.pdf,pdf_serial_row_count,ok
2026,50,165,536,,,data\rolls\2026\pdfs\ac050\AC050PART165.pdf,pdf_serial_row_count,ok
2026,50,166,905,,,data\rolls\2026\pdfs\ac050\AC050PART166.pdf,pdf_serial_row_count,ok
2026,50,167,976,,,data\rolls\2026\pdfs\ac050\AC050PART167.pdf,pdf_serial_row_count,ok
2026,50,168,710,,,data\rolls\2026\pdfs\ac050\AC050PART168.pdf,pdf_serial_row_count,ok
2026,50,169,1020,,,data\rolls\2026\pdfs\ac050\AC050PART169.pdf,pdf_serial_row_count,ok
2026,50,170,888,,,data\rolls\2026\pdfs\ac050\AC050PART170.pdf,pdf_serial_row_count,ok
2026,50,171,673,,,data\rolls\2026\pdfs\ac050\AC050PART171.pdf,pdf_serial_row_count,ok
2026,50,172,448,,,data\rolls\2026\pdfs\ac050\AC050PART172.pdf,pdf_serial_row_count,ok
2026,50,173,850,,,data\rolls\2026\pdfs\ac050\AC050PART173.pdf,pdf_serial_row_count,ok
2026,50,174,768,,,data\rolls\2026\pdfs\ac050\AC050PART174.pdf,pdf_serial_row_count,ok
2026,50,175,777,,,data\rolls\2026\pdfs\ac050\AC050PART175.pdf,pdf_serial_row_count,ok
2026,50,176,1005,,,data\rolls\2026\pdfs\ac050\AC050PART176.pdf,pdf_serial_row_count,ok
2026,50,177,689,,,data\rolls\2026\pdfs\ac050\AC050PART177.pdf,pdf_serial_row_count,ok
2026,50,178,703,,,data\rolls\2026\pdfs\ac050\AC050PART178.pdf,pdf_serial_row_count,ok
2026,50,179,494,,,data\rolls\2026\pdfs\ac050\AC050PART179.pdf,pdf_serial_row_count,ok
2026,50,180,695,,,data\rolls\2026\pdfs\ac050\AC050PART180.pdf,pdf_serial_row_count,ok
2026,50,181,632,,,data\rolls\2026\pdfs\ac050\AC050PART181.pdf,pdf_serial_row_count,ok
2026,50,182,425,,,data\rolls\2026\pdfs\ac050\AC050PART182.pdf,pdf_serial_row_count,ok
2026,50,183,624,,,data\rolls\2026\pdfs\ac050\AC050PART183.pdf,pdf_serial_row_count,ok
2026,50,184,976,,,data\rolls\2026\pdfs\ac050\AC050PART184.pdf,pdf_serial_row_count,ok
2026,50,185,754,,,data\rolls\2026\pdfs\ac050\AC050PART185.pdf,pdf_serial_row_count,ok
2026,50,186,563,,,data\rolls\2026\pdfs\ac050\AC050PART186.pdf,pdf_serial_row_count,ok
2026,51,1,805,,,data\rolls\2026\pdfs\ac051\AC051PART001.pdf,pdf_serial_row_count,ok
2026,51,2,915,,,data\rolls\2026\pdfs\ac051\AC051PART002.pdf,pdf_serial_row_count,ok
2026,51,3,630,,,data\rolls\2026\pdfs\ac051\AC051PART003.pdf,pdf_serial_row_count,ok
2026,51,4,657,,,data\rolls\2026\pdfs\ac051\AC051PART004.pdf,pdf_serial_row_count,ok
2026,51,5,606,,,data\rolls\2026\pdfs\ac051\AC051PART005.pdf,pdf_serial_row_count,ok
2026,51,6,673,,,data\rolls\2026\pdfs\ac051\AC051PART006.pdf,pdf_serial_row_count,ok
2026,51,7,930,,,data\rolls\2026\pdfs\ac051\AC051PART007.pdf,pdf_serial_row_count,ok
2026,51,8,673,,,data\rolls\2026\pdfs\ac051\AC051PART008.pdf,pdf_serial_row_count,ok
2026,51,9,601,,,data\rolls\2026\pdfs\ac051\AC051PART009.pdf,pdf_serial_row_count,ok
2026,51,10,580,,,data\rolls\2026\pdfs\ac051\AC051PART010.pdf,pdf_serial_row_count,ok
2026,51,11,553,,,data\rolls\2026\pdfs\ac051\AC051PART011.pdf,pdf_serial_row_count,ok
2026,51,12,596,,,data\rolls\2026\pdfs\ac051\AC051PART012.pdf,pdf_serial_row_count,ok
2026,51,13,844,,,data\rolls\2026\pdfs\ac051\AC051PART013.pdf,pdf_serial_row_count,ok
2026,51,14,638,,,data\rolls\2026\pdfs\ac051\AC051PART014.pdf,pdf_serial_row_count,ok
2026,51,15,439,,,data\rolls\2026\pdfs\ac051\AC051PART015.pdf,pdf_serial_row_count,ok
2026,51,16,739,,,data\rolls\2026\pdfs\ac051\AC051PART016.pdf,pdf_serial_row_count,ok
2026,51,17,535,,,data\rolls\2026\pdfs\ac051\AC051PART017.pdf,pdf_serial_row_count,ok
2026,51,18,569,,,data\rolls\2026\pdfs\ac051\AC051PART018.pdf,pdf_serial_row_count,ok
2026,51,19,795,,,data\rolls\2026\pdfs\ac051\AC051PART019.pdf,pdf_serial_row_count,ok
2026,51,20,700,,,data\rolls\2026\pdfs\ac051\AC051PART020.pdf,pdf_serial_row_count,ok
2026,51,21,1053,,,data\rolls\2026\pdfs\ac051\AC051PART021.pdf,pdf_serial_row_count,ok
2026,51,22,492,,,data\rolls\2026\pdfs\ac051\AC051PART022.pdf,pdf_serial_row_count,ok
2026,51,23,1008,,,data\rolls\2026\pdfs\ac051\AC051PART023.pdf,pdf_serial_row_count,ok
2026,51,24,517,,,data\rolls\2026\pdfs\ac051\AC051PART024.pdf,pdf_serial_row_count,ok
2026,51,25,754,,,data\rolls\2026\pdfs\ac051\AC051PART025.pdf,pdf_serial_row_count,ok
2026,51,26,693,,,data\rolls\2026\pdfs\ac051\AC051PART026.pdf,pdf_serial_row_count,ok
2026,51,27,450,,,data\rolls\2026\pdfs\ac051\AC051PART027.pdf,pdf_serial_row_count,ok
2026,51,28,615,,,data\rolls\2026\pdfs\ac051\AC051PART028.pdf,pdf_serial_row_count,ok
2026,51,29,730,,,data\rolls\2026\pdfs\ac051\AC051PART029.pdf,pdf_serial_row_count,ok
2026,51,30,769,,,data\rolls\2026\pdfs\ac051\AC051PART030.pdf,pdf_serial_row_count,ok
2026,51,31,983,,,data\rolls\2026\pdfs\ac051\AC051PART031.pdf,pdf_serial_row_count,ok
2026,51,32,479,,,data\rolls\2026\pdfs\ac051\AC051PART032.pdf,pdf_serial_row_count,ok
2026,51,33,499,,,data\rolls\2026\pdfs\ac051\AC051PART033.pdf,pdf_serial_row_count,ok
2026,51,34,712,,,data\rolls\2026\pdfs\ac051\AC051PART034.pdf,pdf_serial_row_count,ok
2026,51,35,496,,,data\rolls\2026\pdfs\ac051\AC051PART035.pdf,pdf_serial_row_count,ok
2026,51,36,710,,,data\rolls\2026\pdfs\ac051\AC051PART036.pdf,pdf_serial_row_count,ok
2026,51,37,584,,,data\rolls\2026\pdfs\ac051\AC051PART037.pdf,pdf_serial_row_count,ok
2026,51,38,563,,,data\rolls\2026\pdfs\ac051\AC051PART038.pdf,pdf_serial_row_count,ok
2026,51,39,644,,,data\rolls\2026\pdfs\ac051\AC051PART039.pdf,pdf_serial_row_count,ok
2026,51,40,1023,,,data\rolls\2026\pdfs\ac051\AC051PART040.pdf,pdf_serial_row_count,ok
2026,51,41,650,,,data\rolls\2026\pdfs\ac051\AC051PART041.pdf,pdf_serial_row_count,ok
2026,51,42,448,,,data\rolls\2026\pdfs\ac051\AC051PART042.pdf,pdf_serial_row_count,ok
2026,51,43,775,,,data\rolls\2026\pdfs\ac051\AC051PART043.pdf,pdf_serial_row_count,ok
2026,51,44,834,,,data\rolls\2026\pdfs\ac051\AC051PART044.pdf,pdf_serial_row_count,ok
2026,51,45,914,,,data\rolls\2026\pdfs\ac051\AC051PART045.pdf,pdf_serial_row_count,ok
2026,51,46,508,,,data\rolls\2026\pdfs\ac051\AC051PART046.pdf,pdf_serial_row_count,ok
2026,51,47,692,,,data\rolls\2026\pdfs\ac051\AC051PART047.pdf,pdf_serial_row_count,ok
2026,51,48,498,,,data\rolls\2026\pdfs\ac051\AC051PART048.pdf,pdf_serial_row_count,ok
2026,51,49,662,,,data\rolls\2026\pdfs\ac051\AC051PART049.pdf,pdf_serial_row_count,ok
2026,51,50,490,,,data\rolls\2026\pdfs\ac051\AC051PART050.pdf,pdf_serial_row_count,ok
2026,51,51,819,,,data\rolls\2026\pdfs\ac051\AC051PART051.pdf,pdf_serial_row_count,ok
2026,51,52,985,,,data\rolls\2026\pdfs\ac051\AC051PART052.pdf,pdf_serial_row_count,ok
2026,51,53,1064,,,data\rolls\2026\pdfs\ac051\AC051PART053.pdf,pdf_serial_row_count,ok
2026,51,54,470,,,data\rolls\2026\pdfs\ac051\AC051PART054.pdf,pdf_serial_row_count,ok
2026,51,55,1001,,,data\rolls\2026\pdfs\ac051\AC051PART055.pdf,pdf_serial_row_count,ok
2026,51,56,788,,,data\rolls\2026\pdfs\ac051\AC051PART056.pdf,pdf_serial_row_count,ok
2026,51,57,493,,,data\rolls\2026\pdfs\ac051\AC051PART057.pdf,pdf_serial_row_count,ok
2026,51,58,804,,,data\rolls\2026\pdfs\ac051\AC051PART058.pdf,pdf_serial_row_count,ok
2026,51,59,613,,,data\rolls\2026\pdfs\ac051\AC051PART059.pdf,pdf_serial_row_count,ok
2026,51,60,687,,,data\rolls\2026\pdfs\ac051\AC051PART060.pdf,pdf_serial_row_count,ok
2026,51,61,849,,,data\rolls\2026\pdfs\ac051\AC051PART061.pdf,pdf_serial_row_count,ok
2026,51,62,832,,,data\rolls\2026\pdfs\ac051\AC051PART062.pdf,pdf_serial_row_count,ok
2026,51,63,528,,,data\rolls\2026\pdfs\ac051\AC051PART063.pdf,pdf_serial_row_count,ok
2026,51,64,930,,,data\rolls\2026\pdfs\ac051\AC051PART064.pdf,pdf_serial_row_count,ok
2026,51,65,1066,,,data\rolls\2026\pdfs\ac051\AC051PART065.pdf,pdf_serial_row_count,ok
2026,51,66,750,,,data\rolls\2026\pdfs\ac051\AC051PART066.pdf,pdf_serial_row_count,ok
2026,51,67,586,,,data\rolls\2026\pdfs\ac051\AC051PART067.pdf,pdf_serial_row_count,ok
2026,51,68,750,,,data\rolls\2026\pdfs\ac051\AC051PART068.pdf,pdf_serial_row_count,ok
2026,51,69,756,,,data\rolls\2026\pdfs\ac051\AC051PART069.pdf,pdf_serial_row_count,ok
2026,51,70,753,,,data\rolls\2026\pdfs\ac051\AC051PART070.pdf,pdf_serial_row_count,ok
2026,51,71,763,,,data\rolls\2026\pdfs\ac051\AC051PART071.pdf,pdf_serial_row_count,ok
2026,51,72,802,,,data\rolls\2026\pdfs\ac051\AC051PART072.pdf,pdf_serial_row_count,ok
2026,51,73,703,,,data\rolls\2026\pdfs\ac051\AC051PART073.pdf,pdf_serial_row_count,ok
2026,51,74,773,,,data\rolls\2026\pdfs\ac051\AC051PART074.pdf,pdf_serial_row_count,ok
2026,51,75,843,,,data\rolls\2026\pdfs\ac051\AC051PART075.pdf,pdf_serial_row_count,ok
2026,51,76,755,,,data\rolls\2026\pdfs\ac051\AC051PART076.pdf,pdf_serial_row_count,ok
2026,51,77,888,,,data\rolls\2026\pdfs\ac051\AC051PART077.pdf,pdf_serial_row_count,ok
2026,51,78,699,,,data\rolls\2026\pdfs\ac051\AC051PART078.pdf,pdf_serial_row_count,ok
2026,51,79,452,,,data\rolls\2026\pdfs\ac051\AC051PART079.pdf,pdf_serial_row_count,ok
2026,51,80,727,,,data\rolls\2026\pdfs\ac051\AC051PART080.pdf,pdf_serial_row_count,ok
2026,51,81,571,,,data\rolls\2026\pdfs\ac051\AC051PART081.pdf,pdf_serial_row_count,ok
2026,51,82,573,,,data\rolls\2026\pdfs\ac051\AC051PART082.pdf,pdf_serial_row_count,ok
2026,51,83,634,,,data\rolls\2026\pdfs\ac051\AC051PART083.pdf,pdf_serial_row_count,ok
2026,51,84,690,,,data\rolls\2026\pdfs\ac051\AC051PART084.pdf,pdf_serial_row_count,ok
2026,51,85,761,,,data\rolls\2026\pdfs\ac051\AC051PART085.pdf,pdf_serial_row_count,ok
2026,51,86,521,,,data\rolls\2026\pdfs\ac051\AC051PART086.pdf,pdf_serial_row_count,ok
2026,51,87,649,,,data\rolls\2026\pdfs\ac051\AC051PART087.pdf,pdf_serial_row_count,ok
2026,51,88,658,,,data\rolls\2026\pdfs\ac051\AC051PART088.pdf,pdf_serial_row_count,ok
2026,51,89,670,,,data\rolls\2026\pdfs\ac051\AC051PART089.pdf,pdf_serial_row_count,ok
2026,51,90,604,,,data\rolls\2026\pdfs\ac051\AC051PART090.pdf,pdf_serial_row_count,ok
2026,51,91,667,,,data\rolls\2026\pdfs\ac051\AC051PART091.pdf,pdf_serial_row_count,ok
2026,51,92,980,,,data\rolls\2026\pdfs\ac051\AC051PART092.pdf,pdf_serial_row_count,ok
2026,51,93,497,,,data\rolls\2026\pdfs\ac051\AC051PART093.pdf,pdf_serial_row_count,ok
2026,51,94,779,,,data\rolls\2026\pdfs\ac051\AC051PART094.pdf,pdf_serial_row_count,ok
2026,51,95,799,,,data\rolls\2026\pdfs\ac051\AC051PART095.pdf,pdf_serial_row_count,ok
2026,51,96,1011,,,data\rolls\2026\pdfs\ac051\AC051PART096.pdf,pdf_serial_row_count,ok
2026,51,97,744,,,data\rolls\2026\pdfs\ac051\AC051PART097.pdf,pdf_serial_row_count,ok
2026,51,98,422,,,data\rolls\2026\pdfs\ac051\AC051PART098.pdf,pdf_serial_row_count,ok
2026,51,99,512,,,data\rolls\2026\pdfs\ac051\AC051PART099.pdf,pdf_serial_row_count,ok
2026,51,100,579,,,data\rolls\2026\pdfs\ac051\AC051PART100.pdf,pdf_serial_row_count,ok
2026,51,101,531,,,data\rolls\2026\pdfs\ac051\AC051PART101.pdf,pdf_serial_row_count,ok
2026,51,102,619,,,data\rolls\2026\pdfs\ac051\AC051PART102.pdf,pdf_serial_row_count,ok
2026,51,103,328,,,data\rolls\2026\pdfs\ac051\AC051PART103.pdf,pdf_serial_row_count,ok
2026,51,104,614,,,data\rolls\2026\pdfs\ac051\AC051PART104.pdf,pdf_serial_row_count,ok
2026,51,105,622,,,data\rolls\2026\pdfs\ac051\AC051PART105.pdf,pdf_serial_row_count,ok
2026,51,106,697,,,data\rolls\2026\pdfs\ac051\AC051PART106.pdf,pdf_serial_row_count,ok
2026,51,107,855,,,data\rolls\2026\pdfs\ac051\AC051PART107.pdf,pdf_serial_row_count,ok
2026,51,108,941,,,data\rolls\2026\pdfs\ac051\AC051PART108.pdf,pdf_serial_row_count,ok
2026,51,109,654,,,data\rolls\2026\pdfs\ac051\AC051PART109.pdf,pdf_serial_row_count,ok
2026,51,110,566,,,data\rolls\2026\pdfs\ac051\AC051PART110.pdf,pdf_serial_row_count,ok
2026,51,111,948,,,data\rolls\2026\pdfs\ac051\AC051PART111.pdf,pdf_serial_row_count,ok
2026,51,112,736,,,data\rolls\2026\pdfs\ac051\AC051PART112.pdf,pdf_serial_row_count,ok
2026,51,113,870,,,data\rolls\2026\pdfs\ac051\AC051PART113.pdf,pdf_serial_row_count,ok
2026,51,114,1003,,,data\rolls\2026\pdfs\ac051\AC051PART114.pdf,pdf_serial_row_count,ok
2026,51,115,481,,,data\rolls\2026\pdfs\ac051\AC051PART115.pdf,pdf_serial_row_count,ok
2026,51,116,619,,,data\rolls\2026\pdfs\ac051\AC051PART116.pdf,pdf_serial_row_count,ok
2026,51,117,651,,,data\rolls\2026\pdfs\ac051\AC051PART117.pdf,pdf_serial_row_count,ok
2026,51,118,848,,,data\rolls\2026\pdfs\ac051\AC051PART118.pdf,pdf_serial_row_count,ok
2026,51,119,500,,,data\rolls\2026\pdfs\ac051\AC051PART119.pdf,pdf_serial_row_count,ok
2026,51,120,727,,,data\rolls\2026\pdfs\ac051\AC051PART120.pdf,pdf_serial_row_count,ok
2026,51,121,519,,,data\rolls\2026\pdfs\ac051\AC051PART121.pdf,pdf_serial_row_count,ok
2026,51,122,580,,,data\rolls\2026\pdfs\ac051\AC051PART122.pdf,pdf_serial_row_count,ok
2026,51,123,685,,,data\rolls\2026\pdfs\ac051\AC051PART123.pdf,pdf_serial_row_count,ok
2026,51,124,727,,,data\rolls\2026\pdfs\ac051\AC051PART124.pdf,pdf_serial_row_count,ok
2026,51,125,978,,,data\rolls\2026\pdfs\ac051\AC051PART125.pdf,pdf_serial_row_count,ok
2026,51,126,945,,,data\rolls\2026\pdfs\ac051\AC051PART126.pdf,pdf_serial_row_count,ok
2026,51,127,540,,,data\rolls\2026\pdfs\ac051\AC051PART127.pdf,pdf_serial_row_count,ok
2026,51,128,793,,,data\rolls\2026\pdfs\ac051\AC051PART128.pdf,pdf_serial_row_count,ok
2026,51,129,550,,,data\rolls\2026\pdfs\ac051\AC051PART129.pdf,pdf_serial_row_count,ok
2026,51,130,445,,,data\rolls\2026\pdfs\ac051\AC051PART130.pdf,pdf_serial_row_count,ok
2026,51,131,946,,,data\rolls\2026\pdfs\ac051\AC051PART131.pdf,pdf_serial_row_count,ok
2026,51,132,467,,,data\rolls\2026\pdfs\ac051\AC051PART132.pdf,pdf_serial_row_count,ok
2026,51,133,662,,,data\rolls\2026\pdfs\ac051\AC051PART133.pdf,pdf_serial_row_count,ok
2026,51,134,768,,,data\rolls\2026\pdfs\ac051\AC051PART134.pdf,pdf_serial_row_count,ok
2026,51,135,674,,,data\rolls\2026\pdfs\ac051\AC051PART135.pdf,pdf_serial_row_count,ok
2026,51,136,769,,,data\rolls\2026\pdfs\ac051\AC051PART136.pdf,pdf_serial_row_count,ok
2026,51,137,850,,,data\rolls\2026\pdfs\ac051\AC051PART137.pdf,pdf_serial_row_count,ok
2026,51,138,1006,,,data\rolls\2026\pdfs\ac051\AC051PART138.pdf,pdf_serial_row_count,ok
2026,51,139,1035,,,data\rolls\2026\pdfs\ac051\AC051PART139.pdf,pdf_serial_row_count,ok
2026,51,140,218,,,data\rolls\2026\pdfs\ac051\AC051PART140.pdf,pdf_serial_row_count,ok
2026,51,141,445,,,data\rolls\2026\pdfs\ac051\AC051PART141.pdf,pdf_serial_row_count,ok
2026,51,142,607,,,data\rolls\2026\pdfs\ac051\AC051PART142.pdf,pdf_serial_row_count,ok
2026,51,143,587,,,data\rolls\2026\pdfs\ac051\AC051PART143.pdf,pdf_serial_row_count,ok
2026,51,144,494,,,data\rolls\2026\pdfs\ac051\AC051PART144.pdf,pdf_serial_row_count,ok
2026,51,145,1168,,,data\rolls\2026\pdfs\ac051\AC051PART145.pdf,pdf_serial_row_count,ok
2026,51,146,915,,,data\rolls\2026\pdfs\ac051\AC051PART146.pdf,pdf_serial_row_count,ok
2026,51,147,707,,,data\rolls\2026\pdfs\ac051\AC051PART147.pdf,pdf_serial_row_count,ok
2026,51,148,929,,,data\rolls\2026\pdfs\ac051\AC051PART148.pdf,pdf_serial_row_count,ok
2026,51,149,788,,,data\rolls\2026\pdfs\ac051\AC051PART149.pdf,pdf_serial_row_count,ok
2026,51,150,768,,,data\rolls\2026\pdfs\ac051\AC051PART150.pdf,pdf_serial_row_count,ok
2026,51,151,363,,,data\rolls\2026\pdfs\ac051\AC051PART151.pdf,pdf_serial_row_count,ok
2026,51,152,634,,,data\rolls\2026\pdfs\ac051\AC051PART152.pdf,pdf_serial_row_count,ok
2026,51,153,931,,,data\rolls\2026\pdfs\ac051\AC051PART153.pdf,pdf_serial_row_count,ok
2026,51,154,504,,,data\rolls\2026\pdfs\ac051\AC051PART154.pdf,pdf_serial_row_count,ok
2026,51,155,718,,,data\rolls\2026\pdfs\ac051\AC051PART155.pdf,pdf_serial_row_count,ok
2026,51,156,571,,,data\rolls\2026\pdfs\ac051\AC051PART156.pdf,pdf_serial_row_count,ok
2026,51,157,661,,,data\rolls\2026\pdfs\ac051\AC051PART157.pdf,pdf_serial_row_count,ok
2026,51,158,869,,,data\rolls\2026\pdfs\ac051\AC051PART158.pdf,pdf_serial_row_count,ok
2026,51,159,713,,,data\rolls\2026\pdfs\ac051\AC051PART159.pdf,pdf_serial_row_count,ok
2026,51,160,602,,,data\rolls\2026\pdfs\ac051\AC051PART160.pdf,pdf_serial_row_count,ok
2026,51,161,625,,,data\rolls\2026\pdfs\ac051\AC051PART161.pdf,pdf_serial_row_count,ok
2026,51,162,776,,,data\rolls\2026\pdfs\ac051\AC051PART162.pdf,pdf_serial_row_count,ok
2026,51,163,691,,,data\rolls\2026\pdfs\ac051\AC051PART163.pdf,pdf_serial_row_count,ok
2026,51,164,893,,,data\rolls\2026\pdfs\ac051\AC051PART164.pdf,pdf_serial_row_count,ok
2026,51,165,972,,,data\rolls\2026\pdfs\ac051\AC051PART165.pdf,pdf_serial_row_count,ok
2026,51,166,787,,,data\rolls\2026\pdfs\ac051\AC051PART166.pdf,pdf_serial_row_count,ok
2026,51,167,948,,,data\rolls\2026\pdfs\ac051\AC051PART167.pdf,pdf_serial_row_count,ok
2026,51,168,873,,,data\rolls\2026\pdfs\ac051\AC051PART168.pdf,pdf_serial_row_count,ok
2026,51,169,460,,,data\rolls\2026\pdfs\ac051\AC051PART169.pdf,pdf_serial_row_count,ok
2026,51,170,571,,,data\rolls\2026\pdfs\ac051\AC051PART170.pdf,pdf_serial_row_count,ok
2026,51,171,728,,,data\rolls\2026\pdfs\ac051\AC051PART171.pdf,pdf_serial_row_count,ok
2026,51,172,593,,,data\rolls\2026\pdfs\ac051\AC051PART172.pdf,pdf_serial_row_count,ok
2026,51,173,976,,,data\rolls\2026\pdfs\ac051\AC051PART173.pdf,pdf_serial_row_count,ok
2026,51,174,739,,,data\rolls\2026\pdfs\ac051\AC051PART174.pdf,pdf_serial_row_count,ok
2026,51,175,820,,,data\rolls\2026\pdfs\ac051\AC051PART175.pdf,pdf_serial_row_count,ok
2026,51,176,857,,,data\rolls\2026\pdfs\ac051\AC051PART176.pdf,pdf_serial_row_count,ok
2026,51,177,912,,,data\rolls\2026\pdfs\ac051\AC051PART177.pdf,pdf_serial_row_count,ok
2026,51,178,825,,,data\rolls\2026\pdfs\ac051\AC051PART178.pdf,pdf_serial_row_count,ok
2026,51,179,660,,,data\rolls\2026\pdfs\ac051\AC051PART179.pdf,pdf_serial_row_count,ok
2026,51,180,970,,,data\rolls\2026\pdfs\ac051\AC051PART180.pdf,pdf_serial_row_count,ok
2026,51,181,541,,,data\rolls\2026\pdfs\ac051\AC051PART181.pdf,pdf_serial_row_count,ok
2026,51,182,584,,,data\rolls\2026\pdfs\ac051\AC051PART182.pdf,pdf_serial_row_count,ok
2026,51,183,844,,,data\rolls\2026\pdfs\ac051\AC051PART183.pdf,pdf_serial_row_count,ok
2026,51,184,794,,,data\rolls\2026\pdfs\ac051\AC051PART184.pdf,pdf_serial_row_count,ok
2026,51,185,994,,,data\rolls\2026\pdfs\ac051\AC051PART185.pdf,pdf_serial_row_count,ok
2026,51,186,800,,,data\rolls\2026\pdfs\ac051\AC051PART186.pdf,pdf_serial_row_count,ok
2026,51,187,456,,,data\rolls\2026\pdfs\ac051\AC051PART187.pdf,pdf_serial_row_count,ok
2026,51,188,614,,,data\rolls\2026\pdfs\ac051\AC051PART188.pdf,pdf_serial_row_count,ok
2026,51,189,779,,,data\rolls\2026\pdfs\ac051\AC051PART189.pdf,pdf_serial_row_count,ok
2026,51,190,944,,,data\rolls\2026\pdfs\ac051\AC051PART190.pdf,pdf_serial_row_count,ok
2026,51,191,1051,,,data\rolls\2026\pdfs\ac051\AC051PART191.pdf,pdf_serial_row_count,ok
2026,51,192,942,,,data\rolls\2026\pdfs\ac051\AC051PART192.pdf,pdf_serial_row_count,ok
2026,51,193,748,,,data\rolls\2026\pdfs\ac051\AC051PART193.pdf,pdf_serial_row_count,ok
2026,51,194,946,,,data\rolls\2026\pdfs\ac051\AC051PART194.pdf,pdf_serial_row_count,ok
2026,51,195,892,,,data\rolls\2026\pdfs\ac051\AC051PART195.pdf,pdf_serial_row_count,ok
2026,51,196,864,,,data\rolls\2026\pdfs\ac051\AC051PART196.pdf,pdf_serial_row_count,ok
2026,51,197,585,,,data\rolls\2026\pdfs\ac051\AC051PART197.pdf,pdf_serial_row_count,ok
2026,51,198,664,,,data\rolls\2026\pdfs\ac051\AC051PART198.pdf,pdf_serial_row_count,ok
2026,51,199,976,,,data\rolls\2026\pdfs\ac051\AC051PART199.pdf,pdf_serial_row_count,ok
2026,51,200,606,,,data\rolls\2026\pdfs\ac051\AC051PART200.pdf,pdf_serial_row_count,ok
2026,51,201,709,,,data\rolls\2026\pdfs\ac051\AC051PART201.pdf,pdf_serial_row_count,ok
2026,52,1,990,,,data\rolls\2026\pdfs\ac052\AC052PART001.pdf,pdf_serial_row_count,ok
2026,52,2,562,,,data\rolls\2026\pdfs\ac052\AC052PART002.pdf,pdf_serial_row_count,ok
2026,52,3,790,,,data\rolls\2026\pdfs\ac052\AC052PART003.pdf,pdf_serial_row_count,ok
2026,52,4,427,,,data\rolls\2026\pdfs\ac052\AC052PART004.pdf,pdf_serial_row_count,ok
2026,52,5,959,,,data\rolls\2026\pdfs\ac052\AC052PART005.pdf,pdf_serial_row_count,ok
2026,52,6,688,,,data\rolls\2026\pdfs\ac052\AC052PART006.pdf,pdf_serial_row_count,ok
2026,52,7,577,,,data\rolls\2026\pdfs\ac052\AC052PART007.pdf,pdf_serial_row_count,ok
2026,52,8,699,,,data\rolls\2026\pdfs\ac052\AC052PART008.pdf,pdf_serial_row_count,ok
2026,52,9,951,,,data\rolls\2026\pdfs\ac052\AC052PART009.pdf,pdf_serial_row_count,ok
2026,52,10,369,,,data\rolls\2026\pdfs\ac052\AC052PART010.pdf,pdf_serial_row_count,ok
2026,52,11,664,,,data\rolls\2026\pdfs\ac052\AC052PART011.pdf,pdf_serial_row_count,ok
2026,52,12,621,,,data\rolls\2026\pdfs\ac052\AC052PART012.pdf,pdf_serial_row_count,ok
2026,52,13,1024,,,data\rolls\2026\pdfs\ac052\AC052PART013.pdf,pdf_serial_row_count,ok
2026,52,14,986,,,data\rolls\2026\pdfs\ac052\AC052PART014.pdf,pdf_serial_row_count,ok
2026,52,15,742,,,data\rolls\2026\pdfs\ac052\AC052PART015.pdf,pdf_serial_row_count,ok
2026,52,16,479,,,data\rolls\2026\pdfs\ac052\AC052PART016.pdf,pdf_serial_row_count,ok
2026,52,17,580,,,data\rolls\2026\pdfs\ac052\AC052PART017.pdf,pdf_serial_row_count,ok
2026,52,18,995,,,data\rolls\2026\pdfs\ac052\AC052PART018.pdf,pdf_serial_row_count,ok
2026,52,19,968,,,data\rolls\2026\pdfs\ac052\AC052PART019.pdf,pdf_serial_row_count,ok
2026,52,20,716,,,data\rolls\2026\pdfs\ac052\AC052PART020.pdf,pdf_serial_row_count,ok
2026,52,21,552,,,data\rolls\2026\pdfs\ac052\AC052PART021.pdf,pdf_serial_row_count,ok
2026,52,22,724,,,data\rolls\2026\pdfs\ac052\AC052PART022.pdf,pdf_serial_row_count,ok
2026,52,23,1031,,,data\rolls\2026\pdfs\ac052\AC052PART023.pdf,pdf_serial_row_count,ok
2026,52,24,612,,,data\rolls\2026\pdfs\ac052\AC052PART024.pdf,pdf_serial_row_count,ok
2026,52,25,1020,,,data\rolls\2026\pdfs\ac052\AC052PART025.pdf,pdf_serial_row_count,ok
2026,52,26,779,,,data\rolls\2026\pdfs\ac052\AC052PART026.pdf,pdf_serial_row_count,ok
2026,52,27,504,,,data\rolls\2026\pdfs\ac052\AC052PART027.pdf,pdf_serial_row_count,ok
2026,52,28,843,,,data\rolls\2026\pdfs\ac052\AC052PART028.pdf,pdf_serial_row_count,ok
2026,52,29,810,,,data\rolls\2026\pdfs\ac052\AC052PART029.pdf,pdf_serial_row_count,ok
2026,52,30,435,,,data\rolls\2026\pdfs\ac052\AC052PART030.pdf,pdf_serial_row_count,ok
2026,52,31,809,,,data\rolls\2026\pdfs\ac052\AC052PART031.pdf,pdf_serial_row_count,ok
2026,52,32,699,,,data\rolls\2026\pdfs\ac052\AC052PART032.pdf,pdf_serial_row_count,ok
2026,52,33,592,,,data\rolls\2026\pdfs\ac052\AC052PART033.pdf,pdf_serial_row_count,ok
2026,52,34,859,,,data\rolls\2026\pdfs\ac052\AC052PART034.pdf,pdf_serial_row_count,ok
2026,52,35,1081,,,data\rolls\2026\pdfs\ac052\AC052PART035.pdf,pdf_serial_row_count,ok
2026,52,36,737,,,data\rolls\2026\pdfs\ac052\AC052PART036.pdf,pdf_serial_row_count,ok
2026,52,37,768,,,data\rolls\2026\pdfs\ac052\AC052PART037.pdf,pdf_serial_row_count,ok
2026,52,38,895,,,data\rolls\2026\pdfs\ac052\AC052PART038.pdf,pdf_serial_row_count,ok
2026,52,39,709,,,data\rolls\2026\pdfs\ac052\AC052PART039.pdf,pdf_serial_row_count,ok
2026,52,40,553,,,data\rolls\2026\pdfs\ac052\AC052PART040.pdf,pdf_serial_row_count,ok
2026,52,41,883,,,data\rolls\2026\pdfs\ac052\AC052PART041.pdf,pdf_serial_row_count,ok
2026,52,42,686,,,data\rolls\2026\pdfs\ac052\AC052PART042.pdf,pdf_serial_row_count,ok
2026,52,43,959,,,data\rolls\2026\pdfs\ac052\AC052PART043.pdf,pdf_serial_row_count,ok
2026,52,44,739,,,data\rolls\2026\pdfs\ac052\AC052PART044.pdf,pdf_serial_row_count,ok
2026,52,45,723,,,data\rolls\2026\pdfs\ac052\AC052PART045.pdf,pdf_serial_row_count,ok
2026,52,46,898,,,data\rolls\2026\pdfs\ac052\AC052PART046.pdf,pdf_serial_row_count,ok
2026,52,47,553,,,data\rolls\2026\pdfs\ac052\AC052PART047.pdf,pdf_serial_row_count,ok
2026,52,48,466,,,data\rolls\2026\pdfs\ac052\AC052PART048.pdf,pdf_serial_row_count,ok
2026,52,49,800,,,data\rolls\2026\pdfs\ac052\AC052PART049.pdf,pdf_serial_row_count,ok
2026,52,50,921,,,data\rolls\2026\pdfs\ac052\AC052PART050.pdf,pdf_serial_row_count,ok
2026,52,51,938,,,data\rolls\2026\pdfs\ac052\AC052PART051.pdf,pdf_serial_row_count,ok
2026,52,52,926,,,data\rolls\2026\pdfs\ac052\AC052PART052.pdf,pdf_serial_row_count,ok
2026,52,53,831,,,data\rolls\2026\pdfs\ac052\AC052PART053.pdf,pdf_serial_row_count,ok
2026,52,54,728,,,data\rolls\2026\pdfs\ac052\AC052PART054.pdf,pdf_serial_row_count,ok
2026,52,55,653,,,data\rolls\2026\pdfs\ac052\AC052PART055.pdf,pdf_serial_row_count,ok
2026,52,56,776,,,data\rolls\2026\pdfs\ac052\AC052PART056.pdf,pdf_serial_row_count,ok
2026,52,57,893,,,data\rolls\2026\pdfs\ac052\AC052PART057.pdf,pdf_serial_row_count,ok
2026,52,58,649,,,data\rolls\2026\pdfs\ac052\AC052PART058.pdf,pdf_serial_row_count,ok
2026,52,59,829,,,data\rolls\2026\pdfs\ac052\AC052PART059.pdf,pdf_serial_row_count,ok
2026,52,60,715,,,data\rolls\2026\pdfs\ac052\AC052PART060.pdf,pdf_serial_row_count,ok
2026,52,61,391,,,data\rolls\2026\pdfs\ac052\AC052PART061.pdf,pdf_serial_row_count,ok
2026,52,62,586,,,data\rolls\2026\pdfs\ac052\AC052PART062.pdf,pdf_serial_row_count,ok
2026,52,63,993,,,data\rolls\2026\pdfs\ac052\AC052PART063.pdf,pdf_serial_row_count,ok
2026,52,64,599,,,data\rolls\2026\pdfs\ac052\AC052PART064.pdf,pdf_serial_row_count,ok
2026,52,65,825,,,data\rolls\2026\pdfs\ac052\AC052PART065.pdf,pdf_serial_row_count,ok
2026,52,66,1010,,,data\rolls\2026\pdfs\ac052\AC052PART066.pdf,pdf_serial_row_count,ok
2026,52,67,888,,,data\rolls\2026\pdfs\ac052\AC052PART067.pdf,pdf_serial_row_count,ok
2026,52,68,905,,,data\rolls\2026\pdfs\ac052\AC052PART068.pdf,pdf_serial_row_count,ok
2026,52,69,710,,,data\rolls\2026\pdfs\ac052\AC052PART069.pdf,pdf_serial_row_count,ok
2026,52,70,590,,,data\rolls\2026\pdfs\ac052\AC052PART070.pdf,pdf_serial_row_count,ok
2026,52,71,606,,,data\rolls\2026\pdfs\ac052\AC052PART071.pdf,pdf_serial_row_count,ok
2026,52,72,577,,,data\rolls\2026\pdfs\ac052\AC052PART072.pdf,pdf_serial_row_count,ok
2026,52,73,697,,,data\rolls\2026\pdfs\ac052\AC052PART073.pdf,pdf_serial_row_count,ok
2026,52,74,888,,,data\rolls\2026\pdfs\ac052\AC052PART074.pdf,pdf_serial_row_count,ok
2026,52,75,828,,,data\rolls\2026\pdfs\ac052\AC052PART075.pdf,pdf_serial_row_count,ok
2026,52,76,736,,,data\rolls\2026\pdfs\ac052\AC052PART076.pdf,pdf_serial_row_count,ok
2026,52,77,698,,,data\rolls\2026\pdfs\ac052\AC052PART077.pdf,pdf_serial_row_count,ok
2026,52,78,600,,,data\rolls\2026\pdfs\ac052\AC052PART078.pdf,pdf_serial_row_count,ok
2026,52,79,654,,,data\rolls\2026\pdfs\ac052\AC052PART079.pdf,pdf_serial_row_count,ok
2026,52,80,778,,,data\rolls\2026\pdfs\ac052\AC052PART080.pdf,pdf_serial_row_count,ok
2026,52,81,765,,,data\rolls\2026\pdfs\ac052\AC052PART081.pdf,pdf_serial_row_count,ok
2026,52,82,951,,,data\rolls\2026\pdfs\ac052\AC052PART082.pdf,pdf_serial_row_count,ok
2026,52,83,775,,,data\rolls\2026\pdfs\ac052\AC052PART083.pdf,pdf_serial_row_count,ok
2026,52,84,973,,,data\rolls\2026\pdfs\ac052\AC052PART084.pdf,pdf_serial_row_count,ok
2026,52,85,932,,,data\rolls\2026\pdfs\ac052\AC052PART085.pdf,pdf_serial_row_count,ok
2026,52,86,568,,,data\rolls\2026\pdfs\ac052\AC052PART086.pdf,pdf_serial_row_count,ok
2026,52,87,863,,,data\rolls\2026\pdfs\ac052\AC052PART087.pdf,pdf_serial_row_count,ok
2026,52,88,653,,,data\rolls\2026\pdfs\ac052\AC052PART088.pdf,pdf_serial_row_count,ok
2026,52,89,415,,,data\rolls\2026\pdfs\ac052\AC052PART089.pdf,pdf_serial_row_count,ok
2026,52,90,1116,,,data\rolls\2026\pdfs\ac052\AC052PART090.pdf,pdf_serial_row_count,ok
2026,52,91,747,,,data\rolls\2026\pdfs\ac052\AC052PART091.pdf,pdf_serial_row_count,ok
2026,52,92,932,,,data\rolls\2026\pdfs\ac052\AC052PART092.pdf,pdf_serial_row_count,ok
2026,52,93,840,,,data\rolls\2026\pdfs\ac052\AC052PART093.pdf,pdf_serial_row_count,ok
2026,52,94,398,,,data\rolls\2026\pdfs\ac052\AC052PART094.pdf,pdf_serial_row_count,ok
2026,52,95,1115,,,data\rolls\2026\pdfs\ac052\AC052PART095.pdf,pdf_serial_row_count,ok
2026,52,96,1054,,,data\rolls\2026\pdfs\ac052\AC052PART096.pdf,pdf_serial_row_count,ok
2026,52,97,536,,,data\rolls\2026\pdfs\ac052\AC052PART097.pdf,pdf_serial_row_count,ok
2026,52,98,497,,,data\rolls\2026\pdfs\ac052\AC052PART098.pdf,pdf_serial_row_count,ok
2026,52,99,766,,,data\rolls\2026\pdfs\ac052\AC052PART099.pdf,pdf_serial_row_count,ok
2026,52,100,680,,,data\rolls\2026\pdfs\ac052\AC052PART100.pdf,pdf_serial_row_count,ok
2026,52,101,737,,,data\rolls\2026\pdfs\ac052\AC052PART101.pdf,pdf_serial_row_count,ok
2026,52,102,983,,,data\rolls\2026\pdfs\ac052\AC052PART102.pdf,pdf_serial_row_count,ok
2026,52,103,606,,,data\rolls\2026\pdfs\ac052\AC052PART103.pdf,pdf_serial_row_count,ok
2026,52,104,472,,,data\rolls\2026\pdfs\ac052\AC052PART104.pdf,pdf_serial_row_count,ok
2026,52,105,853,,,data\rolls\2026\pdfs\ac052\AC052PART105.pdf,pdf_serial_row_count,ok
2026,52,106,725,,,data\rolls\2026\pdfs\ac052\AC052PART106.pdf,pdf_serial_row_count,ok
2026,52,107,997,,,data\rolls\2026\pdfs\ac052\AC052PART107.pdf,pdf_serial_row_count,ok
2026,52,108,866,,,data\rolls\2026\pdfs\ac052\AC052PART108.pdf,pdf_serial_row_count,ok
2026,52,109,631,,,data\rolls\2026\pdfs\ac052\AC052PART109.pdf,pdf_serial_row_count,ok
2026,52,110,404,,,data\rolls\2026\pdfs\ac052\AC052PART110.pdf,pdf_serial_row_count,ok
2026,52,111,922,,,data\rolls\2026\pdfs\ac052\AC052PART111.pdf,pdf_serial_row_count,ok
2026,52,112,932,,,data\rolls\2026\pdfs\ac052\AC052PART112.pdf,pdf_serial_row_count,ok
2026,52,113,935,,,data\rolls\2026\pdfs\ac052\AC052PART113.pdf,pdf_serial_row_count,ok
2026,52,114,1085,,,data\rolls\2026\pdfs\ac052\AC052PART114.pdf,pdf_serial_row_count,ok
2026,52,115,452,,,data\rolls\2026\pdfs\ac052\AC052PART115.pdf,pdf_serial_row_count,ok
2026,52,116,836,,,data\rolls\2026\pdfs\ac052\AC052PART116.pdf,pdf_serial_row_count,ok
2026,52,117,640,,,data\rolls\2026\pdfs\ac052\AC052PART117.pdf,pdf_serial_row_count,ok
2026,52,118,700,,,data\rolls\2026\pdfs\ac052\AC052PART118.pdf,pdf_serial_row_count,ok
2026,52,119,567,,,data\rolls\2026\pdfs\ac052\AC052PART119.pdf,pdf_serial_row_count,ok
2026,52,120,878,,,data\rolls\2026\pdfs\ac052\AC052PART120.pdf,pdf_serial_row_count,ok
2026,52,121,907,,,data\rolls\2026\pdfs\ac052\AC052PART121.pdf,pdf_serial_row_count,ok
2026,52,122,1021,,,data\rolls\2026\pdfs\ac052\AC052PART122.pdf,pdf_serial_row_count,ok
2026,52,123,848,,,data\rolls\2026\pdfs\ac052\AC052PART123.pdf,pdf_serial_row_count,ok
2026,52,124,844,,,data\rolls\2026\pdfs\ac052\AC052PART124.pdf,pdf_serial_row_count,ok
2026,52,125,587,,,data\rolls\2026\pdfs\ac052\AC052PART125.pdf,pdf_serial_row_count,ok
2026,52,126,610,,,data\rolls\2026\pdfs\ac052\AC052PART126.pdf,pdf_serial_row_count,ok
2026,52,127,798,,,data\rolls\2026\pdfs\ac052\AC052PART127.pdf,pdf_serial_row_count,ok
2026,52,128,932,,,data\rolls\2026\pdfs\ac052\AC052PART128.pdf,pdf_serial_row_count,ok
2026,52,129,830,,,data\rolls\2026\pdfs\ac052\AC052PART129.pdf,pdf_serial_row_count,ok
2026,52,130,854,,,data\rolls\2026\pdfs\ac052\AC052PART130.pdf,pdf_serial_row_count,ok
2026,52,131,693,,,data\rolls\2026\pdfs\ac052\AC052PART131.pdf,pdf_serial_row_count,ok
2026,52,132,616,,,data\rolls\2026\pdfs\ac052\AC052PART132.pdf,pdf_serial_row_count,ok
2026,52,133,957,,,data\rolls\2026\pdfs\ac052\AC052PART133.pdf,pdf_serial_row_count,ok
2026,52,134,580,,,data\rolls\2026\pdfs\ac052\AC052PART134.pdf,pdf_serial_row_count,ok
2026,52,135,493,,,data\rolls\2026\pdfs\ac052\AC052PART135.pdf,pdf_serial_row_count,ok
2026,52,136,838,,,data\rolls\2026\pdfs\ac052\AC052PART136.pdf,pdf_serial_row_count,ok
2026,52,137,787,,,data\rolls\2026\pdfs\ac052\AC052PART137.pdf,pdf_serial_row_count,ok
2026,52,138,542,,,data\rolls\2026\pdfs\ac052\AC052PART138.pdf,pdf_serial_row_count,ok
2026,52,139,912,,,data\rolls\2026\pdfs\ac052\AC052PART139.pdf,pdf_serial_row_count,ok
2026,52,140,519,,,data\rolls\2026\pdfs\ac052\AC052PART140.pdf,pdf_serial_row_count,ok
2026,52,141,766,,,data\rolls\2026\pdfs\ac052\AC052PART141.pdf,pdf_serial_row_count,ok
2026,52,142,721,,,data\rolls\2026\pdfs\ac052\AC052PART142.pdf,pdf_serial_row_count,ok
2026,52,143,455,,,data\rolls\2026\pdfs\ac052\AC052PART143.pdf,pdf_serial_row_count,ok
2026,52,144,679,,,data\rolls\2026\pdfs\ac052\AC052PART144.pdf,pdf_serial_row_count,ok
2026,52,145,990,,,data\rolls\2026\pdfs\ac052\AC052PART145.pdf,pdf_serial_row_count,ok
2026,52,146,624,,,data\rolls\2026\pdfs\ac052\AC052PART146.pdf,pdf_serial_row_count,ok
2026,52,147,539,,,data\rolls\2026\pdfs\ac052\AC052PART147.pdf,pdf_serial_row_count,ok
2026,52,148,658,,,data\rolls\2026\pdfs\ac052\AC052PART148.pdf,pdf_serial_row_count,ok
2026,52,149,422,,,data\rolls\2026\pdfs\ac052\AC052PART149.pdf,pdf_serial_row_count,ok
2026,52,150,1157,,,data\rolls\2026\pdfs\ac052\AC052PART150.pdf,pdf_serial_row_count,ok
2026,52,151,1058,,,data\rolls\2026\pdfs\ac052\AC052PART151.pdf,pdf_serial_row_count,ok
2026,52,152,993,,,data\rolls\2026\pdfs\ac052\AC052PART152.pdf,pdf_serial_row_count,ok
2026,52,153,770,,,data\rolls\2026\pdfs\ac052\AC052PART153.pdf,pdf_serial_row_count,ok
2026,52,154,1003,,,data\rolls\2026\pdfs\ac052\AC052PART154.pdf,pdf_serial_row_count,ok
2026,52,155,897,,,data\rolls\2026\pdfs\ac052\AC052PART155.pdf,pdf_serial_row_count,ok
2026,52,156,612,,,data\rolls\2026\pdfs\ac052\AC052PART156.pdf,pdf_serial_row_count,ok
2026,52,157,331,,,data\rolls\2026\pdfs\ac052\AC052PART157.pdf,pdf_serial_row_count,ok
2026,52,158,535,,,data\rolls\2026\pdfs\ac052\AC052PART158.pdf,pdf_serial_row_count,ok
2026,52,159,857,,,data\rolls\2026\pdfs\ac052\AC052PART159.pdf,pdf_serial_row_count,ok
2026,52,160,530,,,data\rolls\2026\pdfs\ac052\AC052PART160.pdf,pdf_serial_row_count,ok
2026,52,161,750,,,data\rolls\2026\pdfs\ac052\AC052PART161.pdf,pdf_serial_row_count,ok
2026,52,162,609,,,data\rolls\2026\pdfs\ac052\AC052PART162.pdf,pdf_serial_row_count,ok
2026,52,163,968,,,data\rolls\2026\pdfs\ac052\AC052PART163.pdf,pdf_serial_row_count,ok
2026,52,164,762,,,data\rolls\2026\pdfs\ac052\AC052PART164.pdf,pdf_serial_row_count,ok
2026,52,165,500,,,data\rolls\2026\pdfs\ac052\AC052PART165.pdf,pdf_serial_row_count,ok
2026,52,166,506,,,data\rolls\2026\pdfs\ac052\AC052PART166.pdf,pdf_serial_row_count,ok
2026,52,167,267,,,data\rolls\2026\pdfs\ac052\AC052PART167.pdf,pdf_serial_row_count,ok
2026,52,168,1054,,,data\rolls\2026\pdfs\ac052\AC052PART168.pdf,pdf_serial_row_count,ok
2026,52,169,508,,,data\rolls\2026\pdfs\ac052\AC052PART169.pdf,pdf_serial_row_count,ok
2026,52,170,599,,,data\rolls\2026\pdfs\ac052\AC052PART170.pdf,pdf_serial_row_count,ok
2026,52,171,702,,,data\rolls\2026\pdfs\ac052\AC052PART171.pdf,pdf_serial_row_count,ok
2026,52,172,628,,,data\rolls\2026\pdfs\ac052\AC052PART172.pdf,pdf_serial_row_count,ok
2026,52,173,395,,,data\rolls\2026\pdfs\ac052\AC052PART173.pdf,pdf_serial_row_count,ok
2026,52,174,873,,,data\rolls\2026\pdfs\ac052\AC052PART174.pdf,pdf_serial_row_count,ok
2026,52,175,659,,,data\rolls\2026\pdfs\ac052\AC052PART175.pdf,pdf_serial_row_count,ok
2026,52,176,637,,,data\rolls\2026\pdfs\ac052\AC052PART176.pdf,pdf_serial_row_count,ok
2026,52,177,906,,,data\rolls\2026\pdfs\ac052\AC052PART177.pdf,pdf_serial_row_count,ok
2026,52,178,743,,,data\rolls\2026\pdfs\ac052\AC052PART178.pdf,pdf_serial_row_count,ok
2026,52,179,659,,,data\rolls\2026\pdfs\ac052\AC052PART179.pdf,pdf_serial_row_count,ok
2026,52,180,719,,,data\rolls\2026\pdfs\ac052\AC052PART180.pdf,pdf_serial_row_count,ok
2026,52,181,609,,,data\rolls\2026\pdfs\ac052\AC052PART181.pdf,pdf_serial_row_count,ok
2026,52,182,903,,,data\rolls\2026\pdfs\ac052\AC052PART182.pdf,pdf_serial_row_count,ok
2026,52,183,661,,,data\rolls\2026\pdfs\ac052\AC052PART183.pdf,pdf_serial_row_count,ok
2026,52,184,397,,,data\rolls\2026\pdfs\ac052\AC052PART184.pdf,pdf_serial_row_count,ok
2026,52,185,636,,,data\rolls\2026\pdfs\ac052\AC052PART185.pdf,pdf_serial_row_count,ok
2026,52,186,463,,,data\rolls\2026\pdfs\ac052\AC052PART186.pdf,pdf_serial_row_count,ok
2026,52,187,718,,,data\rolls\2026\pdfs\ac052\AC052PART187.pdf,pdf_serial_row_count,ok
2026,52,188,453,,,data\rolls\2026\pdfs\ac052\AC052PART188.pdf,pdf_serial_row_count,ok
2026,52,189,773,,,data\rolls\2026\pdfs\ac052\AC052PART189.pdf,pdf_serial_row_count,ok
2026,53,1,679,,,data\rolls\2026\pdfs\ac053\AC053PART001.pdf,pdf_serial_row_count,ok
2026,53,2,693,,,data\rolls\2026\pdfs\ac053\AC053PART002.pdf,pdf_serial_row_count,ok
2026,53,3,853,,,data\rolls\2026\pdfs\ac053\AC053PART003.pdf,pdf_serial_row_count,ok
2026,53,4,775,,,data\rolls\2026\pdfs\ac053\AC053PART004.pdf,pdf_serial_row_count,ok
2026,53,5,549,,,data\rolls\2026\pdfs\ac053\AC053PART005.pdf,pdf_serial_row_count,ok
2026,53,6,702,,,data\rolls\2026\pdfs\ac053\AC053PART006.pdf,pdf_serial_row_count,ok
2026,53,7,530,,,data\rolls\2026\pdfs\ac053\AC053PART007.pdf,pdf_serial_row_count,ok
2026,53,8,746,,,data\rolls\2026\pdfs\ac053\AC053PART008.pdf,pdf_serial_row_count,ok
2026,53,9,748,,,data\rolls\2026\pdfs\ac053\AC053PART009.pdf,pdf_serial_row_count,ok
2026,53,10,533,,,data\rolls\2026\pdfs\ac053\AC053PART010.pdf,pdf_serial_row_count,ok
2026,53,11,882,,,data\rolls\2026\pdfs\ac053\AC053PART011.pdf,pdf_serial_row_count,ok
2026,53,12,499,,,data\rolls\2026\pdfs\ac053\AC053PART012.pdf,pdf_serial_row_count,ok
2026,53,13,881,,,data\rolls\2026\pdfs\ac053\AC053PART013.pdf,pdf_serial_row_count,ok
2026,53,14,933,,,data\rolls\2026\pdfs\ac053\AC053PART014.pdf,pdf_serial_row_count,ok
2026,53,15,760,,,data\rolls\2026\pdfs\ac053\AC053PART015.pdf,pdf_serial_row_count,ok
2026,53,16,689,,,data\rolls\2026\pdfs\ac053\AC053PART016.pdf,pdf_serial_row_count,ok
2026,53,17,854,,,data\rolls\2026\pdfs\ac053\AC053PART017.pdf,pdf_serial_row_count,ok
2026,53,18,442,,,data\rolls\2026\pdfs\ac053\AC053PART018.pdf,pdf_serial_row_count,ok
2026,53,19,530,,,data\rolls\2026\pdfs\ac053\AC053PART019.pdf,pdf_serial_row_count,ok
2026,53,20,602,,,data\rolls\2026\pdfs\ac053\AC053PART020.pdf,pdf_serial_row_count,ok
2026,53,21,764,,,data\rolls\2026\pdfs\ac053\AC053PART021.pdf,pdf_serial_row_count,ok
2026,53,22,503,,,data\rolls\2026\pdfs\ac053\AC053PART022.pdf,pdf_serial_row_count,ok
2026,53,23,537,,,data\rolls\2026\pdfs\ac053\AC053PART023.pdf,pdf_serial_row_count,ok
2026,53,24,610,,,data\rolls\2026\pdfs\ac053\AC053PART024.pdf,pdf_serial_row_count,ok
2026,53,25,796,,,data\rolls\2026\pdfs\ac053\AC053PART025.pdf,pdf_serial_row_count,ok
2026,53,26,686,,,data\rolls\2026\pdfs\ac053\AC053PART026.pdf,pdf_serial_row_count,ok
2026,53,27,911,,,data\rolls\2026\pdfs\ac053\AC053PART027.pdf,pdf_serial_row_count,ok
2026,53,28,565,,,data\rolls\2026\pdfs\ac053\AC053PART028.pdf,pdf_serial_row_count,ok
2026,53,29,616,,,data\rolls\2026\pdfs\ac053\AC053PART029.pdf,pdf_serial_row_count,ok
2026,53,30,847,,,data\rolls\2026\pdfs\ac053\AC053PART030.pdf,pdf_serial_row_count,ok
2026,53,31,556,,,data\rolls\2026\pdfs\ac053\AC053PART031.pdf,pdf_serial_row_count,ok
2026,53,32,717,,,data\rolls\2026\pdfs\ac053\AC053PART032.pdf,pdf_serial_row_count,ok
2026,53,33,573,,,data\rolls\2026\pdfs\ac053\AC053PART033.pdf,pdf_serial_row_count,ok
2026,53,34,678,,,data\rolls\2026\pdfs\ac053\AC053PART034.pdf,pdf_serial_row_count,ok
2026,53,35,713,,,data\rolls\2026\pdfs\ac053\AC053PART035.pdf,pdf_serial_row_count,ok
2026,53,36,805,,,data\rolls\2026\pdfs\ac053\AC053PART036.pdf,pdf_serial_row_count,ok
2026,53,37,554,,,data\rolls\2026\pdfs\ac053\AC053PART037.pdf,pdf_serial_row_count,ok
2026,53,38,802,,,data\rolls\2026\pdfs\ac053\AC053PART038.pdf,pdf_serial_row_count,ok
2026,53,39,877,,,data\rolls\2026\pdfs\ac053\AC053PART039.pdf,pdf_serial_row_count,ok
2026,53,40,879,,,data\rolls\2026\pdfs\ac053\AC053PART040.pdf,pdf_serial_row_count,ok
2026,53,41,578,,,data\rolls\2026\pdfs\ac053\AC053PART041.pdf,pdf_serial_row_count,ok
2026,53,42,511,,,data\rolls\2026\pdfs\ac053\AC053PART042.pdf,pdf_serial_row_count,ok
2026,53,43,574,,,data\rolls\2026\pdfs\ac053\AC053PART043.pdf,pdf_serial_row_count,ok
2026,53,44,863,,,data\rolls\2026\pdfs\ac053\AC053PART044.pdf,pdf_serial_row_count,ok
2026,53,45,893,,,data\rolls\2026\pdfs\ac053\AC053PART045.pdf,pdf_serial_row_count,ok
2026,53,46,583,,,data\rolls\2026\pdfs\ac053\AC053PART046.pdf,pdf_serial_row_count,ok
2026,53,47,607,,,data\rolls\2026\pdfs\ac053\AC053PART047.pdf,pdf_serial_row_count,ok
2026,53,48,580,,,data\rolls\2026\pdfs\ac053\AC053PART048.pdf,pdf_serial_row_count,ok
2026,53,49,571,,,data\rolls\2026\pdfs\ac053\AC053PART049.pdf,pdf_serial_row_count,ok
2026,53,50,696,,,data\rolls\2026\pdfs\ac053\AC053PART050.pdf,pdf_serial_row_count,ok
2026,53,51,852,,,data\rolls\2026\pdfs\ac053\AC053PART051.pdf,pdf_serial_row_count,ok
2026,53,52,526,,,data\rolls\2026\pdfs\ac053\AC053PART052.pdf,pdf_serial_row_count,ok
2026,53,53,694,,,data\rolls\2026\pdfs\ac053\AC053PART053.pdf,pdf_serial_row_count,ok
2026,53,54,571,,,data\rolls\2026\pdfs\ac053\AC053PART054.pdf,pdf_serial_row_count,ok
2026,53,55,824,,,data\rolls\2026\pdfs\ac053\AC053PART055.pdf,pdf_serial_row_count,ok
2026,53,56,802,,,data\rolls\2026\pdfs\ac053\AC053PART056.pdf,pdf_serial_row_count,ok
2026,53,57,466,,,data\rolls\2026\pdfs\ac053\AC053PART057.pdf,pdf_serial_row_count,ok
2026,53,58,665,,,data\rolls\2026\pdfs\ac053\AC053PART058.pdf,pdf_serial_row_count,ok
2026,53,59,800,,,data\rolls\2026\pdfs\ac053\AC053PART059.pdf,pdf_serial_row_count,ok
2026,53,60,899,,,data\rolls\2026\pdfs\ac053\AC053PART060.pdf,pdf_serial_row_count,ok
2026,53,61,820,,,data\rolls\2026\pdfs\ac053\AC053PART061.pdf,pdf_serial_row_count,ok
2026,53,62,406,,,data\rolls\2026\pdfs\ac053\AC053PART062.pdf,pdf_serial_row_count,ok
2026,53,63,589,,,data\rolls\2026\pdfs\ac053\AC053PART063.pdf,pdf_serial_row_count,ok
2026,53,64,586,,,data\rolls\2026\pdfs\ac053\AC053PART064.pdf,pdf_serial_row_count,ok
2026,53,65,800,,,data\rolls\2026\pdfs\ac053\AC053PART065.pdf,pdf_serial_row_count,ok
2026,53,66,707,,,data\rolls\2026\pdfs\ac053\AC053PART066.pdf,pdf_serial_row_count,ok
2026,53,67,940,,,data\rolls\2026\pdfs\ac053\AC053PART067.pdf,pdf_serial_row_count,ok
2026,53,68,834,,,data\rolls\2026\pdfs\ac053\AC053PART068.pdf,pdf_serial_row_count,ok
2026,53,69,785,,,data\rolls\2026\pdfs\ac053\AC053PART069.pdf,pdf_serial_row_count,ok
2026,53,70,663,,,data\rolls\2026\pdfs\ac053\AC053PART070.pdf,pdf_serial_row_count,ok
2026,53,71,532,,,data\rolls\2026\pdfs\ac053\AC053PART071.pdf,pdf_serial_row_count,ok
2026,53,72,418,,,data\rolls\2026\pdfs\ac053\AC053PART072.pdf,pdf_serial_row_count,ok
2026,53,73,761,,,data\rolls\2026\pdfs\ac053\AC053PART073.pdf,pdf_serial_row_count,ok
2026,53,74,695,,,data\rolls\2026\pdfs\ac053\AC053PART074.pdf,pdf_serial_row_count,ok
2026,53,75,664,,,data\rolls\2026\pdfs\ac053\AC053PART075.pdf,pdf_serial_row_count,ok
2026,53,76,772,,,data\rolls\2026\pdfs\ac053\AC053PART076.pdf,pdf_serial_row_count,ok
2026,53,77,995,,,data\rolls\2026\pdfs\ac053\AC053PART077.pdf,pdf_serial_row_count,ok
2026,53,78,916,,,data\rolls\2026\pdfs\ac053\AC053PART078.pdf,pdf_serial_row_count,ok
2026,53,79,879,,,data\rolls\2026\pdfs\ac053\AC053PART079.pdf,pdf_serial_row_count,ok
2026,53,80,747,,,data\rolls\2026\pdfs\ac053\AC053PART080.pdf,pdf_serial_row_count,ok
2026,53,81,969,,,data\rolls\2026\pdfs\ac053\AC053PART081.pdf,pdf_serial_row_count,ok
2026,53,82,582,,,data\rolls\2026\pdfs\ac053\AC053PART082.pdf,pdf_serial_row_count,ok
2026,53,83,755,,,data\rolls\2026\pdfs\ac053\AC053PART083.pdf,pdf_serial_row_count,ok
2026,53,84,756,,,data\rolls\2026\pdfs\ac053\AC053PART084.pdf,pdf_serial_row_count,ok
2026,53,85,765,,,data\rolls\2026\pdfs\ac053\AC053PART085.pdf,pdf_serial_row_count,ok
2026,53,86,732,,,data\rolls\2026\pdfs\ac053\AC053PART086.pdf,pdf_serial_row_count,ok
2026,53,87,1027,,,data\rolls\2026\pdfs\ac053\AC053PART087.pdf,pdf_serial_row_count,ok
2026,53,88,572,,,data\rolls\2026\pdfs\ac053\AC053PART088.pdf,pdf_serial_row_count,ok
2026,53,89,458,,,data\rolls\2026\pdfs\ac053\AC053PART089.pdf,pdf_serial_row_count,ok
2026,53,90,771,,,data\rolls\2026\pdfs\ac053\AC053PART090.pdf,pdf_serial_row_count,ok
2026,53,91,738,,,data\rolls\2026\pdfs\ac053\AC053PART091.pdf,pdf_serial_row_count,ok
2026,53,92,698,,,data\rolls\2026\pdfs\ac053\AC053PART092.pdf,pdf_serial_row_count,ok
2026,53,93,885,,,data\rolls\2026\pdfs\ac053\AC053PART093.pdf,pdf_serial_row_count,ok
2026,53,94,628,,,data\rolls\2026\pdfs\ac053\AC053PART094.pdf,pdf_serial_row_count,ok
2026,53,95,1162,,,data\rolls\2026\pdfs\ac053\AC053PART095.pdf,pdf_serial_row_count,ok
2026,53,96,220,,,data\rolls\2026\pdfs\ac053\AC053PART096.pdf,pdf_serial_row_count,ok
2026,53,97,656,,,data\rolls\2026\pdfs\ac053\AC053PART097.pdf,pdf_serial_row_count,ok
2026,53,98,795,,,data\rolls\2026\pdfs\ac053\AC053PART098.pdf,pdf_serial_row_count,ok
2026,53,99,795,,,data\rolls\2026\pdfs\ac053\AC053PART099.pdf,pdf_serial_row_count,ok
2026,53,100,637,,,data\rolls\2026\pdfs\ac053\AC053PART100.pdf,pdf_serial_row_count,ok
2026,53,101,359,,,data\rolls\2026\pdfs\ac053\AC053PART101.pdf,pdf_serial_row_count,ok
2026,53,102,769,,,data\rolls\2026\pdfs\ac053\AC053PART102.pdf,pdf_serial_row_count,ok
2026,53,103,910,,,data\rolls\2026\pdfs\ac053\AC053PART103.pdf,pdf_serial_row_count,ok
2026,53,104,986,,,data\rolls\2026\pdfs\ac053\AC053PART104.pdf,pdf_serial_row_count,ok
2026,53,105,493,,,data\rolls\2026\pdfs\ac053\AC053PART105.pdf,pdf_serial_row_count,ok
2026,53,106,862,,,data\rolls\2026\pdfs\ac053\AC053PART106.pdf,pdf_serial_row_count,ok
2026,53,107,929,,,data\rolls\2026\pdfs\ac053\AC053PART107.pdf,pdf_serial_row_count,ok
2026,53,108,840,,,data\rolls\2026\pdfs\ac053\AC053PART108.pdf,pdf_serial_row_count,ok
2026,53,109,779,,,data\rolls\2026\pdfs\ac053\AC053PART109.pdf,pdf_serial_row_count,ok
2026,53,110,504,,,data\rolls\2026\pdfs\ac053\AC053PART110.pdf,pdf_serial_row_count,ok
2026,53,111,800,,,data\rolls\2026\pdfs\ac053\AC053PART111.pdf,pdf_serial_row_count,ok
2026,53,112,611,,,data\rolls\2026\pdfs\ac053\AC053PART112.pdf,pdf_serial_row_count,ok
2026,53,113,878,,,data\rolls\2026\pdfs\ac053\AC053PART113.pdf,pdf_serial_row_count,ok
2026,53,114,903,,,data\rolls\2026\pdfs\ac053\AC053PART114.pdf,pdf_serial_row_count,ok
2026,53,115,556,,,data\rolls\2026\pdfs\ac053\AC053PART115.pdf,pdf_serial_row_count,ok
2026,53,116,1119,,,data\rolls\2026\pdfs\ac053\AC053PART116.pdf,pdf_serial_row_count,ok
2026,53,117,994,,,data\rolls\2026\pdfs\ac053\AC053PART117.pdf,pdf_serial_row_count,ok
2026,53,118,624,,,data\rolls\2026\pdfs\ac053\AC053PART118.pdf,pdf_serial_row_count,ok
2026,53,119,1061,,,data\rolls\2026\pdfs\ac053\AC053PART119.pdf,pdf_serial_row_count,ok
2026,53,120,1108,,,data\rolls\2026\pdfs\ac053\AC053PART120.pdf,pdf_serial_row_count,ok
2026,53,121,594,,,data\rolls\2026\pdfs\ac053\AC053PART121.pdf,pdf_serial_row_count,ok
2026,53,122,586,,,data\rolls\2026\pdfs\ac053\AC053PART122.pdf,pdf_serial_row_count,ok
2026,53,123,797,,,data\rolls\2026\pdfs\ac053\AC053PART123.pdf,pdf_serial_row_count,ok
2026,53,124,360,,,data\rolls\2026\pdfs\ac053\AC053PART124.pdf,pdf_serial_row_count,ok
2026,53,125,895,,,data\rolls\2026\pdfs\ac053\AC053PART125.pdf,pdf_serial_row_count,ok
2026,53,126,848,,,data\rolls\2026\pdfs\ac053\AC053PART126.pdf,pdf_serial_row_count,ok
2026,53,127,521,,,data\rolls\2026\pdfs\ac053\AC053PART127.pdf,pdf_serial_row_count,ok
2026,53,128,711,,,data\rolls\2026\pdfs\ac053\AC053PART128.pdf,pdf_serial_row_count,ok
2026,53,129,775,,,data\rolls\2026\pdfs\ac053\AC053PART129.pdf,pdf_serial_row_count,ok
2026,53,130,825,,,data\rolls\2026\pdfs\ac053\AC053PART130.pdf,pdf_serial_row_count,ok
2026,53,131,1083,,,data\rolls\2026\pdfs\ac053\AC053PART131.pdf,pdf_serial_row_count,ok
2026,53,132,800,,,data\rolls\2026\pdfs\ac053\AC053PART132.pdf,pdf_serial_row_count,ok
2026,53,133,431,,,data\rolls\2026\pdfs\ac053\AC053PART133.pdf,pdf_serial_row_count,ok
2026,53,134,634,,,data\rolls\2026\pdfs\ac053\AC053PART134.pdf,pdf_serial_row_count,ok
2026,53,135,630,,,data\rolls\2026\pdfs\ac053\AC053PART135.pdf,pdf_serial_row_count,ok
2026,53,136,712,,,data\rolls\2026\pdfs\ac053\AC053PART136.pdf,pdf_serial_row_count,ok
2026,53,137,553,,,data\rolls\2026\pdfs\ac053\AC053PART137.pdf,pdf_serial_row_count,ok
2026,53,138,700,,,data\rolls\2026\pdfs\ac053\AC053PART138.pdf,pdf_serial_row_count,ok
2026,53,139,553,,,data\rolls\2026\pdfs\ac053\AC053PART139.pdf,pdf_serial_row_count,ok
2026,53,140,1112,,,data\rolls\2026\pdfs\ac053\AC053PART140.pdf,pdf_serial_row_count,ok
2026,53,141,304,,,data\rolls\2026\pdfs\ac053\AC053PART141.pdf,pdf_serial_row_count,ok
2026,53,142,534,,,data\rolls\2026\pdfs\ac053\AC053PART142.pdf,pdf_serial_row_count,ok
2026,53,143,1103,,,data\rolls\2026\pdfs\ac053\AC053PART143.pdf,pdf_serial_row_count,ok
2026,53,144,1212,,,data\rolls\2026\pdfs\ac053\AC053PART144.pdf,pdf_serial_row_count,ok
2026,53,145,978,,,data\rolls\2026\pdfs\ac053\AC053PART145.pdf,pdf_serial_row_count,ok
2026,53,146,853,,,data\rolls\2026\pdfs\ac053\AC053PART146.pdf,pdf_serial_row_count,ok
2026,53,147,993,,,data\rolls\2026\pdfs\ac053\AC053PART147.pdf,pdf_serial_row_count,ok
2026,53,148,608,,,data\rolls\2026\pdfs\ac053\AC053PART148.pdf,pdf_serial_row_count,ok
2026,53,149,705,,,data\rolls\2026\pdfs\ac053\AC053PART149.pdf,pdf_serial_row_count,ok
2026,53,150,723,,,data\rolls\2026\pdfs\ac053\AC053PART150.pdf,pdf_serial_row_count,ok
2026,53,151,517,,,data\rolls\2026\pdfs\ac053\AC053PART151.pdf,pdf_serial_row_count,ok
2026,53,152,557,,,data\rolls\2026\pdfs\ac053\AC053PART152.pdf,pdf_serial_row_count,ok
2026,53,153,1099,,,data\rolls\2026\pdfs\ac053\AC053PART153.pdf,pdf_serial_row_count,ok
2026,53,154,930,,,data\rolls\2026\pdfs\ac053\AC053PART154.pdf,pdf_serial_row_count,ok
2026,53,155,556,,,data\rolls\2026\pdfs\ac053\AC053PART155.pdf,pdf_serial_row_count,ok
2026,53,156,1012,,,data\rolls\2026\pdfs\ac053\AC053PART156.pdf,pdf_serial_row_count,ok
2026,53,157,769,,,data\rolls\2026\pdfs\ac053\AC053PART157.pdf,pdf_serial_row_count,ok
2026,53,158,479,,,data\rolls\2026\pdfs\ac053\AC053PART158.pdf,pdf_serial_row_count,ok
2026,53,159,818,,,data\rolls\2026\pdfs\ac053\AC053PART159.pdf,pdf_serial_row_count,ok
2026,53,160,534,,,data\rolls\2026\pdfs\ac053\AC053PART160.pdf,pdf_serial_row_count,ok
2026,53,161,837,,,data\rolls\2026\pdfs\ac053\AC053PART161.pdf,pdf_serial_row_count,ok
2026,53,162,784,,,data\rolls\2026\pdfs\ac053\AC053PART162.pdf,pdf_serial_row_count,ok
2026,53,163,473,,,data\rolls\2026\pdfs\ac053\AC053PART163.pdf,pdf_serial_row_count,ok
2026,53,164,751,,,data\rolls\2026\pdfs\ac053\AC053PART164.pdf,pdf_serial_row_count,ok
2026,53,165,692,,,data\rolls\2026\pdfs\ac053\AC053PART165.pdf,pdf_serial_row_count,ok
2026,53,166,384,,,data\rolls\2026\pdfs\ac053\AC053PART166.pdf,pdf_serial_row_count,ok
2026,53,167,895,,,data\rolls\2026\pdfs\ac053\AC053PART167.pdf,pdf_serial_row_count,ok
2026,53,168,910,,,data\rolls\2026\pdfs\ac053\AC053PART168.pdf,pdf_serial_row_count,ok
2026,53,169,688,,,data\rolls\2026\pdfs\ac053\AC053PART169.pdf,pdf_serial_row_count,ok
2026,53,170,896,,,data\rolls\2026\pdfs\ac053\AC053PART170.pdf,pdf_serial_row_count,ok
2026,53,171,1000,,,data\rolls\2026\pdfs\ac053\AC053PART171.pdf,pdf_serial_row_count,ok
2026,53,172,462,,,data\rolls\2026\pdfs\ac053\AC053PART172.pdf,pdf_serial_row_count,ok
2026,53,173,695,,,data\rolls\2026\pdfs\ac053\AC053PART173.pdf,pdf_serial_row_count,ok
2026,53,174,1099,,,data\rolls\2026\pdfs\ac053\AC053PART174.pdf,pdf_serial_row_count,ok
2026,53,175,1117,,,data\rolls\2026\pdfs\ac053\AC053PART175.pdf,pdf_serial_row_count,ok
2026,53,176,812,,,data\rolls\2026\pdfs\ac053\AC053PART176.pdf,pdf_serial_row_count,ok
2026,53,177,726,,,data\rolls\2026\pdfs\ac053\AC053PART177.pdf,pdf_serial_row_count,ok
2026,53,178,542,,,data\rolls\2026\pdfs\ac053\AC053PART178.pdf,pdf_serial_row_count,ok
2026,53,179,1019,,,data\rolls\2026\pdfs\ac053\AC053PART179.pdf,pdf_serial_row_count,ok
2026,53,180,889,,,data\rolls\2026\pdfs\ac053\AC053PART180.pdf,pdf_serial_row_count,ok
2026,53,181,593,,,data\rolls\2026\pdfs\ac053\AC053PART181.pdf,pdf_serial_row_count,ok
2026,53,182,682,,,data\rolls\2026\pdfs\ac053\AC053PART182.pdf,pdf_serial_row_count,ok
2026,54,1,449,,,data\rolls\2026\pdfs\ac054\AC054PART001.pdf,pdf_serial_row_count,ok
2026,54,2,776,,,data\rolls\2026\pdfs\ac054\AC054PART002.pdf,pdf_serial_row_count,ok
2026,54,3,498,,,data\rolls\2026\pdfs\ac054\AC054PART003.pdf,pdf_serial_row_count,ok
2026,54,4,892,,,data\rolls\2026\pdfs\ac054\AC054PART004.pdf,pdf_serial_row_count,ok
2026,54,5,593,,,data\rolls\2026\pdfs\ac054\AC054PART005.pdf,pdf_serial_row_count,ok
2026,54,6,809,,,data\rolls\2026\pdfs\ac054\AC054PART006.pdf,pdf_serial_row_count,ok
2026,54,7,500,,,data\rolls\2026\pdfs\ac054\AC054PART007.pdf,pdf_serial_row_count,ok
2026,54,8,704,,,data\rolls\2026\pdfs\ac054\AC054PART008.pdf,pdf_serial_row_count,ok
2026,54,9,725,,,data\rolls\2026\pdfs\ac054\AC054PART009.pdf,pdf_serial_row_count,ok
2026,54,10,712,,,data\rolls\2026\pdfs\ac054\AC054PART010.pdf,pdf_serial_row_count,ok
2026,54,11,624,,,data\rolls\2026\pdfs\ac054\AC054PART011.pdf,pdf_serial_row_count,ok
2026,54,12,701,,,data\rolls\2026\pdfs\ac054\AC054PART012.pdf,pdf_serial_row_count,ok
2026,54,13,859,,,data\rolls\2026\pdfs\ac054\AC054PART013.pdf,pdf_serial_row_count,ok
2026,54,14,698,,,data\rolls\2026\pdfs\ac054\AC054PART014.pdf,pdf_serial_row_count,ok
2026,54,15,799,,,data\rolls\2026\pdfs\ac054\AC054PART015.pdf,pdf_serial_row_count,ok
2026,54,16,512,,,data\rolls\2026\pdfs\ac054\AC054PART016.pdf,pdf_serial_row_count,ok
2026,54,17,620,,,data\rolls\2026\pdfs\ac054\AC054PART017.pdf,pdf_serial_row_count,ok
2026,54,18,426,,,data\rolls\2026\pdfs\ac054\AC054PART018.pdf,pdf_serial_row_count,ok
2026,54,19,718,,,data\rolls\2026\pdfs\ac054\AC054PART019.pdf,pdf_serial_row_count,ok
2026,54,20,756,,,data\rolls\2026\pdfs\ac054\AC054PART020.pdf,pdf_serial_row_count,ok
2026,54,21,427,,,data\rolls\2026\pdfs\ac054\AC054PART021.pdf,pdf_serial_row_count,ok
2026,54,22,711,,,data\rolls\2026\pdfs\ac054\AC054PART022.pdf,pdf_serial_row_count,ok
2026,54,23,691,,,data\rolls\2026\pdfs\ac054\AC054PART023.pdf,pdf_serial_row_count,ok
2026,54,24,731,,,data\rolls\2026\pdfs\ac054\AC054PART024.pdf,pdf_serial_row_count,ok
2026,54,25,404,,,data\rolls\2026\pdfs\ac054\AC054PART025.pdf,pdf_serial_row_count,ok
2026,54,26,561,,,data\rolls\2026\pdfs\ac054\AC054PART026.pdf,pdf_serial_row_count,ok
2026,54,27,572,,,data\rolls\2026\pdfs\ac054\AC054PART027.pdf,pdf_serial_row_count,ok
2026,54,28,493,,,data\rolls\2026\pdfs\ac054\AC054PART028.pdf,pdf_serial_row_count,ok
2026,54,29,685,,,data\rolls\2026\pdfs\ac054\AC054PART029.pdf,pdf_serial_row_count,ok
2026,54,30,659,,,data\rolls\2026\pdfs\ac054\AC054PART030.pdf,pdf_serial_row_count,ok
2026,54,31,655,,,data\rolls\2026\pdfs\ac054\AC054PART031.pdf,pdf_serial_row_count,ok
2026,54,32,922,,,data\rolls\2026\pdfs\ac054\AC054PART032.pdf,pdf_serial_row_count,ok
2026,54,33,580,,,data\rolls\2026\pdfs\ac054\AC054PART033.pdf,pdf_serial_row_count,ok
2026,54,34,780,,,data\rolls\2026\pdfs\ac054\AC054PART034.pdf,pdf_serial_row_count,ok
2026,54,35,686,,,data\rolls\2026\pdfs\ac054\AC054PART035.pdf,pdf_serial_row_count,ok
2026,54,36,1001,,,data\rolls\2026\pdfs\ac054\AC054PART036.pdf,pdf_serial_row_count,ok
2026,54,37,716,,,data\rolls\2026\pdfs\ac054\AC054PART037.pdf,pdf_serial_row_count,ok
2026,54,38,831,,,data\rolls\2026\pdfs\ac054\AC054PART038.pdf,pdf_serial_row_count,ok
2026,54,39,841,,,data\rolls\2026\pdfs\ac054\AC054PART039.pdf,pdf_serial_row_count,ok
2026,54,40,865,,,data\rolls\2026\pdfs\ac054\AC054PART040.pdf,pdf_serial_row_count,ok
2026,54,41,783,,,data\rolls\2026\pdfs\ac054\AC054PART041.pdf,pdf_serial_row_count,ok
2026,54,42,1010,,,data\rolls\2026\pdfs\ac054\AC054PART042.pdf,pdf_serial_row_count,ok
2026,54,43,819,,,data\rolls\2026\pdfs\ac054\AC054PART043.pdf,pdf_serial_row_count,ok
2026,54,44,527,,,data\rolls\2026\pdfs\ac054\AC054PART044.pdf,pdf_serial_row_count,ok
2026,54,45,835,,,data\rolls\2026\pdfs\ac054\AC054PART045.pdf,pdf_serial_row_count,ok
2026,54,46,513,,,data\rolls\2026\pdfs\ac054\AC054PART046.pdf,pdf_serial_row_count,ok
2026,54,47,885,,,data\rolls\2026\pdfs\ac054\AC054PART047.pdf,pdf_serial_row_count,ok
2026,54,48,549,,,data\rolls\2026\pdfs\ac054\AC054PART048.pdf,pdf_serial_row_count,ok
2026,54,49,989,,,data\rolls\2026\pdfs\ac054\AC054PART049.pdf,pdf_serial_row_count,ok
2026,54,50,957,,,data\rolls\2026\pdfs\ac054\AC054PART050.pdf,pdf_serial_row_count,ok
2026,54,51,707,,,data\rolls\2026\pdfs\ac054\AC054PART051.pdf,pdf_serial_row_count,ok
2026,54,52,477,,,data\rolls\2026\pdfs\ac054\AC054PART052.pdf,pdf_serial_row_count,ok
2026,54,53,681,,,data\rolls\2026\pdfs\ac054\AC054PART053.pdf,pdf_serial_row_count,ok
2026,54,54,558,,,data\rolls\2026\pdfs\ac054\AC054PART054.pdf,pdf_serial_row_count,ok
2026,54,55,1015,,,data\rolls\2026\pdfs\ac054\AC054PART055.pdf,pdf_serial_row_count,ok
2026,54,56,969,,,data\rolls\2026\pdfs\ac054\AC054PART056.pdf,pdf_serial_row_count,ok
2026,54,57,611,,,data\rolls\2026\pdfs\ac054\AC054PART057.pdf,pdf_serial_row_count,ok
2026,54,58,296,,,data\rolls\2026\pdfs\ac054\AC054PART058.pdf,pdf_serial_row_count,ok
2026,54,59,677,,,data\rolls\2026\pdfs\ac054\AC054PART059.pdf,pdf_serial_row_count,ok
2026,54,60,527,,,data\rolls\2026\pdfs\ac054\AC054PART060.pdf,pdf_serial_row_count,ok
2026,54,61,774,,,data\rolls\2026\pdfs\ac054\AC054PART061.pdf,pdf_serial_row_count,ok
2026,54,62,668,,,data\rolls\2026\pdfs\ac054\AC054PART062.pdf,pdf_serial_row_count,ok
2026,54,63,474,,,data\rolls\2026\pdfs\ac054\AC054PART063.pdf,pdf_serial_row_count,ok
2026,54,64,538,,,data\rolls\2026\pdfs\ac054\AC054PART064.pdf,pdf_serial_row_count,ok
2026,54,65,597,,,data\rolls\2026\pdfs\ac054\AC054PART065.pdf,pdf_serial_row_count,ok
2026,54,66,645,,,data\rolls\2026\pdfs\ac054\AC054PART066.pdf,pdf_serial_row_count,ok
2026,54,67,531,,,data\rolls\2026\pdfs\ac054\AC054PART067.pdf,pdf_serial_row_count,ok
2026,54,68,592,,,data\rolls\2026\pdfs\ac054\AC054PART068.pdf,pdf_serial_row_count,ok
2026,54,69,982,,,data\rolls\2026\pdfs\ac054\AC054PART069.pdf,pdf_serial_row_count,ok
2026,54,70,975,,,data\rolls\2026\pdfs\ac054\AC054PART070.pdf,pdf_serial_row_count,ok
2026,54,71,898,,,data\rolls\2026\pdfs\ac054\AC054PART071.pdf,pdf_serial_row_count,ok
2026,54,72,895,,,data\rolls\2026\pdfs\ac054\AC054PART072.pdf,pdf_serial_row_count,ok
2026,54,73,641,,,data\rolls\2026\pdfs\ac054\AC054PART073.pdf,pdf_serial_row_count,ok
2026,54,74,743,,,data\rolls\2026\pdfs\ac054\AC054PART074.pdf,pdf_serial_row_count,ok
2026,54,75,714,,,data\rolls\2026\pdfs\ac054\AC054PART075.pdf,pdf_serial_row_count,ok
2026,54,76,724,,,data\rolls\2026\pdfs\ac054\AC054PART076.pdf,pdf_serial_row_count,ok
2026,54,77,725,,,data\rolls\2026\pdfs\ac054\AC054PART077.pdf,pdf_serial_row_count,ok
2026,54,78,710,,,data\rolls\2026\pdfs\ac054\AC054PART078.pdf,pdf_serial_row_count,ok
2026,54,79,933,,,data\rolls\2026\pdfs\ac054\AC054PART079.pdf,pdf_serial_row_count,ok
2026,54,80,691,,,data\rolls\2026\pdfs\ac054\AC054PART080.pdf,pdf_serial_row_count,ok
2026,54,81,1003,,,data\rolls\2026\pdfs\ac054\AC054PART081.pdf,pdf_serial_row_count,ok
2026,54,82,560,,,data\rolls\2026\pdfs\ac054\AC054PART082.pdf,pdf_serial_row_count,ok
2026,54,83,460,,,data\rolls\2026\pdfs\ac054\AC054PART083.pdf,pdf_serial_row_count,ok
2026,54,84,714,,,data\rolls\2026\pdfs\ac054\AC054PART084.pdf,pdf_serial_row_count,ok
2026,54,85,494,,,data\rolls\2026\pdfs\ac054\AC054PART085.pdf,pdf_serial_row_count,ok
2026,54,86,515,,,data\rolls\2026\pdfs\ac054\AC054PART086.pdf,pdf_serial_row_count,ok
2026,54,87,509,,,data\rolls\2026\pdfs\ac054\AC054PART087.pdf,pdf_serial_row_count,ok
2026,54,88,762,,,data\rolls\2026\pdfs\ac054\AC054PART088.pdf,pdf_serial_row_count,ok
2026,54,89,589,,,data\rolls\2026\pdfs\ac054\AC054PART089.pdf,pdf_serial_row_count,ok
2026,54,90,563,,,data\rolls\2026\pdfs\ac054\AC054PART090.pdf,pdf_serial_row_count,ok
2026,54,91,453,,,data\rolls\2026\pdfs\ac054\AC054PART091.pdf,pdf_serial_row_count,ok
2026,54,92,689,,,data\rolls\2026\pdfs\ac054\AC054PART092.pdf,pdf_serial_row_count,ok
2026,54,93,578,,,data\rolls\2026\pdfs\ac054\AC054PART093.pdf,pdf_serial_row_count,ok
2026,54,94,669,,,data\rolls\2026\pdfs\ac054\AC054PART094.pdf,pdf_serial_row_count,ok
2026,54,95,738,,,data\rolls\2026\pdfs\ac054\AC054PART095.pdf,pdf_serial_row_count,ok
2026,54,96,736,,,data\rolls\2026\pdfs\ac054\AC054PART096.pdf,pdf_serial_row_count,ok
2026,54,97,933,,,data\rolls\2026\pdfs\ac054\AC054PART097.pdf,pdf_serial_row_count,ok
2026,54,98,622,,,data\rolls\2026\pdfs\ac054\AC054PART098.pdf,pdf_serial_row_count,ok
2026,54,99,477,,,data\rolls\2026\pdfs\ac054\AC054PART099.pdf,pdf_serial_row_count,ok
2026,54,100,792,,,data\rolls\2026\pdfs\ac054\AC054PART100.pdf,pdf_serial_row_count,ok
2026,54,101,597,,,data\rolls\2026\pdfs\ac054\AC054PART101.pdf,pdf_serial_row_count,ok
2026,54,102,603,,,data\rolls\2026\pdfs\ac054\AC054PART102.pdf,pdf_serial_row_count,ok
2026,54,103,796,,,data\rolls\2026\pdfs\ac054\AC054PART103.pdf,pdf_serial_row_count,ok
2026,54,104,874,,,data\rolls\2026\pdfs\ac054\AC054PART104.pdf,pdf_serial_row_count,ok
2026,54,105,499,,,data\rolls\2026\pdfs\ac054\AC054PART105.pdf,pdf_serial_row_count,ok
2026,54,106,896,,,data\rolls\2026\pdfs\ac054\AC054PART106.pdf,pdf_serial_row_count,ok
2026,54,107,521,,,data\rolls\2026\pdfs\ac054\AC054PART107.pdf,pdf_serial_row_count,ok
2026,54,108,694,,,data\rolls\2026\pdfs\ac054\AC054PART108.pdf,pdf_serial_row_count,ok
2026,54,109,665,,,data\rolls\2026\pdfs\ac054\AC054PART109.pdf,pdf_serial_row_count,ok
2026,54,110,781,,,data\rolls\2026\pdfs\ac054\AC054PART110.pdf,pdf_serial_row_count,ok
2026,54,111,950,,,data\rolls\2026\pdfs\ac054\AC054PART111.pdf,pdf_serial_row_count,ok
2026,54,112,847,,,data\rolls\2026\pdfs\ac054\AC054PART112.pdf,pdf_serial_row_count,ok
2026,54,113,761,,,data\rolls\2026\pdfs\ac054\AC054PART113.pdf,pdf_serial_row_count,ok
2026,54,114,761,,,data\rolls\2026\pdfs\ac054\AC054PART114.pdf,pdf_serial_row_count,ok
2026,54,115,825,,,data\rolls\2026\pdfs\ac054\AC054PART115.pdf,pdf_serial_row_count,ok
2026,54,116,621,,,data\rolls\2026\pdfs\ac054\AC054PART116.pdf,pdf_serial_row_count,ok
2026,54,117,824,,,data\rolls\2026\pdfs\ac054\AC054PART117.pdf,pdf_serial_row_count,ok
2026,54,118,1027,,,data\rolls\2026\pdfs\ac054\AC054PART118.pdf,pdf_serial_row_count,ok
2026,54,119,589,,,data\rolls\2026\pdfs\ac054\AC054PART119.pdf,pdf_serial_row_count,ok
2026,54,120,431,,,data\rolls\2026\pdfs\ac054\AC054PART120.pdf,pdf_serial_row_count,ok
2026,54,121,572,,,data\rolls\2026\pdfs\ac054\AC054PART121.pdf,pdf_serial_row_count,ok
2026,54,122,824,,,data\rolls\2026\pdfs\ac054\AC054PART122.pdf,pdf_serial_row_count,ok
2026,54,123,888,,,data\rolls\2026\pdfs\ac054\AC054PART123.pdf,pdf_serial_row_count,ok
2026,54,124,693,,,data\rolls\2026\pdfs\ac054\AC054PART124.pdf,pdf_serial_row_count,ok
2026,54,125,745,,,data\rolls\2026\pdfs\ac054\AC054PART125.pdf,pdf_serial_row_count,ok
2026,54,126,784,,,data\rolls\2026\pdfs\ac054\AC054PART126.pdf,pdf_serial_row_count,ok
2026,54,127,709,,,data\rolls\2026\pdfs\ac054\AC054PART127.pdf,pdf_serial_row_count,ok
2026,54,128,682,,,data\rolls\2026\pdfs\ac054\AC054PART128.pdf,pdf_serial_row_count,ok
2026,54,129,741,,,data\rolls\2026\pdfs\ac054\AC054PART129.pdf,pdf_serial_row_count,ok
2026,54,130,515,,,data\rolls\2026\pdfs\ac054\AC054PART130.pdf,pdf_serial_row_count,ok
2026,54,131,686,,,data\rolls\2026\pdfs\ac054\AC054PART131.pdf,pdf_serial_row_count,ok
2026,54,132,717,,,data\rolls\2026\pdfs\ac054\AC054PART132.pdf,pdf_serial_row_count,ok
2026,54,133,706,,,data\rolls\2026\pdfs\ac054\AC054PART133.pdf,pdf_serial_row_count,ok
2026,54,134,846,,,data\rolls\2026\pdfs\ac054\AC054PART134.pdf,pdf_serial_row_count,ok
2026,54,135,940,,,data\rolls\2026\pdfs\ac054\AC054PART135.pdf,pdf_serial_row_count,ok
2026,54,136,540,,,data\rolls\2026\pdfs\ac054\AC054PART136.pdf,pdf_serial_row_count,ok
2026,54,137,576,,,data\rolls\2026\pdfs\ac054\AC054PART137.pdf,pdf_serial_row_count,ok
2026,54,138,648,,,data\rolls\2026\pdfs\ac054\AC054PART138.pdf,pdf_serial_row_count,ok
2026,54,139,553,,,data\rolls\2026\pdfs\ac054\AC054PART139.pdf,pdf_serial_row_count,ok
2026,54,140,701,,,data\rolls\2026\pdfs\ac054\AC054PART140.pdf,pdf_serial_row_count,ok
2026,54,141,528,,,data\rolls\2026\pdfs\ac054\AC054PART141.pdf,pdf_serial_row_count,ok
2026,54,142,554,,,data\rolls\2026\pdfs\ac054\AC054PART142.pdf,pdf_serial_row_count,ok
2026,54,143,592,,,data\rolls\2026\pdfs\ac054\AC054PART143.pdf,pdf_serial_row_count,ok
2026,54,144,958,,,data\rolls\2026\pdfs\ac054\AC054PART144.pdf,pdf_serial_row_count,ok
2026,54,145,773,,,data\rolls\2026\pdfs\ac054\AC054PART145.pdf,pdf_serial_row_count,ok
2026,54,146,594,,,data\rolls\2026\pdfs\ac054\AC054PART146.pdf,pdf_serial_row_count,ok
2026,54,147,462,,,data\rolls\2026\pdfs\ac054\AC054PART147.pdf,pdf_serial_row_count,ok
2026,54,148,624,,,data\rolls\2026\pdfs\ac054\AC054PART148.pdf,pdf_serial_row_count,ok
2026,54,149,445,,,data\rolls\2026\pdfs\ac054\AC054PART149.pdf,pdf_serial_row_count,ok
2026,54,150,495,,,data\rolls\2026\pdfs\ac054\AC054PART150.pdf,pdf_serial_row_count,ok
2026,54,151,1084,,,data\rolls\2026\pdfs\ac054\AC054PART151.pdf,pdf_serial_row_count,ok
2026,54,152,673,,,data\rolls\2026\pdfs\ac054\AC054PART152.pdf,pdf_serial_row_count,ok
2026,54,153,768,,,data\rolls\2026\pdfs\ac054\AC054PART153.pdf,pdf_serial_row_count,ok
2026,54,154,990,,,data\rolls\2026\pdfs\ac054\AC054PART154.pdf,pdf_serial_row_count,ok
2026,54,155,830,,,data\rolls\2026\pdfs\ac054\AC054PART155.pdf,pdf_serial_row_count,ok
2026,54,156,726,,,data\rolls\2026\pdfs\ac054\AC054PART156.pdf,pdf_serial_row_count,ok
2026,54,157,657,,,data\rolls\2026\pdfs\ac054\AC054PART157.pdf,pdf_serial_row_count,ok
2026,54,158,772,,,data\rolls\2026\pdfs\ac054\AC054PART158.pdf,pdf_serial_row_count,ok
2026,54,159,849,,,data\rolls\2026\pdfs\ac054\AC054PART159.pdf,pdf_serial_row_count,ok
2026,54,160,442,,,data\rolls\2026\pdfs\ac054\AC054PART160.pdf,pdf_serial_row_count,ok
2026,54,161,732,,,data\rolls\2026\pdfs\ac054\AC054PART161.pdf,pdf_serial_row_count,ok
2026,54,162,667,,,data\rolls\2026\pdfs\ac054\AC054PART162.pdf,pdf_serial_row_count,ok
2026,54,163,506,,,data\rolls\2026\pdfs\ac054\AC054PART163.pdf,pdf_serial_row_count,ok
2026,54,164,830,,,data\rolls\2026\pdfs\ac054\AC054PART164.pdf,pdf_serial_row_count,ok
2026,54,165,579,,,data\rolls\2026\pdfs\ac054\AC054PART165.pdf,pdf_serial_row_count,ok
2026,54,166,574,,,data\rolls\2026\pdfs\ac054\AC054PART166.pdf,pdf_serial_row_count,ok
2026,54,167,711,,,data\rolls\2026\pdfs\ac054\AC054PART167.pdf,pdf_serial_row_count,ok
2026,54,168,659,,,data\rolls\2026\pdfs\ac054\AC054PART168.pdf,pdf_serial_row_count,ok
2026,54,169,790,,,data\rolls\2026\pdfs\ac054\AC054PART169.pdf,pdf_serial_row_count,ok
2026,54,170,697,,,data\rolls\2026\pdfs\ac054\AC054PART170.pdf,pdf_serial_row_count,ok
2026,54,171,617,,,data\rolls\2026\pdfs\ac054\AC054PART171.pdf,pdf_serial_row_count,ok
2026,54,172,755,,,data\rolls\2026\pdfs\ac054\AC054PART172.pdf,pdf_serial_row_count,ok
2026,54,173,1109,,,data\rolls\2026\pdfs\ac054\AC054PART173.pdf,pdf_serial_row_count,ok
2026,54,174,642,,,data\rolls\2026\pdfs\ac054\AC054PART174.pdf,pdf_serial_row_count,ok
2026,54,175,880,,,data\rolls\2026\pdfs\ac054\AC054PART175.pdf,pdf_serial_row_count,ok
2026,54,176,688,,,data\rolls\2026\pdfs\ac054\AC054PART176.pdf,pdf_serial_row_count,ok
2026,54,177,279,,,data\rolls\2026\pdfs\ac054\AC054PART177.pdf,pdf_serial_row_count,ok
2026,54,178,668,,,data\rolls\2026\pdfs\ac054\AC054PART178.pdf,pdf_serial_row_count,ok
2026,54,179,604,,,data\rolls\2026\pdfs\ac054\AC054PART179.pdf,pdf_serial_row_count,ok
2026,54,180,649,,,data\rolls\2026\pdfs\ac054\AC054PART180.pdf,pdf_serial_row_count,ok
2026,54,181,696,,,data\rolls\2026\pdfs\ac054\AC054PART181.pdf,pdf_serial_row_count,ok
2026,54,182,842,,,data\rolls\2026\pdfs\ac054\AC054PART182.pdf,pdf_serial_row_count,ok
2026,54,183,929,,,data\rolls\2026\pdfs\ac054\AC054PART183.pdf,pdf_serial_row_count,ok
2026,54,184,775,,,data\rolls\2026\pdfs\ac054\AC054PART184.pdf,pdf_serial_row_count,ok
2026,54,185,803,,,data\rolls\2026\pdfs\ac054\AC054PART185.pdf,pdf_serial_row_count,ok
2026,54,186,939,,,data\rolls\2026\pdfs\ac054\AC054PART186.pdf,pdf_serial_row_count,ok
2026,54,187,853,,,data\rolls\2026\pdfs\ac054\AC054PART187.pdf,pdf_serial_row_count,ok
2026,54,188,1018,,,data\rolls\2026\pdfs\ac054\AC054PART188.pdf,pdf_serial_row_count,ok
2026,54,189,804,,,data\rolls\2026\pdfs\ac054\AC054PART189.pdf,pdf_serial_row_count,ok
2026,54,190,913,,,data\rolls\2026\pdfs\ac054\AC054PART190.pdf,pdf_serial_row_count,ok
2026,54,191,643,,,data\rolls\2026\pdfs\ac054\AC054PART191.pdf,pdf_serial_row_count,ok
2026,54,192,916,,,data\rolls\2026\pdfs\ac054\AC054PART192.pdf,pdf_serial_row_count,ok
2026,54,193,621,,,data\rolls\2026\pdfs\ac054\AC054PART193.pdf,pdf_serial_row_count,ok
2026,54,194,307,,,data\rolls\2026\pdfs\ac054\AC054PART194.pdf,pdf_serial_row_count,ok
2026,54,195,898,,,data\rolls\2026\pdfs\ac054\AC054PART195.pdf,pdf_serial_row_count,ok
2026,54,196,658,,,data\rolls\2026\pdfs\ac054\AC054PART196.pdf,pdf_serial_row_count,ok
2026,54,197,551,,,data\rolls\2026\pdfs\ac054\AC054PART197.pdf,pdf_serial_row_count,ok
2026,54,198,609,,,data\rolls\2026\pdfs\ac054\AC054PART198.pdf,pdf_serial_row_count,ok
2026,54,199,823,,,data\rolls\2026\pdfs\ac054\AC054PART199.pdf,pdf_serial_row_count,ok
2026,54,200,579,,,data\rolls\2026\pdfs\ac054\AC054PART200.pdf,pdf_serial_row_count,ok
2026,54,201,478,,,data\rolls\2026\pdfs\ac054\AC054PART201.pdf,pdf_serial_row_count,ok
2026,54,202,408,,,data\rolls\2026\pdfs\ac054\AC054PART202.pdf,pdf_serial_row_count,ok
2026,54,203,710,,,data\rolls\2026\pdfs\ac054\AC054PART203.pdf,pdf_serial_row_count,ok
2026,54,204,584,,,data\rolls\2026\pdfs\ac054\AC054PART204.pdf,pdf_serial_row_count,ok
2026,54,205,645,,,data\rolls\2026\pdfs\ac054\AC054PART205.pdf,pdf_serial_row_count,ok
2026,54,206,981,,,data\rolls\2026\pdfs\ac054\AC054PART206.pdf,pdf_serial_row_count,ok
