ac_no,polling_station,row_count,candidate_count,candidate_vote_sum,total_valid_votes,total_votes_cast,placeholder_candidates,has_total_valid,candidate_sum_gt_total_valid,candidate_sum_lt_total_valid,low_candidate_count,high_candidate_count,has_placeholder_candidate
1,10,1,1,246,,,0,False,False,False,True,False,False
1,10(A),1,1,317,,,0,False,False,False,True,False,False
1,11,1,1,447,,,0,False,False,False,True,False,False
1,12,1,1,152,,,0,False,False,False,True,False,False
1,12(A),1,1,275,,,0,False,False,False,True,False,False
1,13,1,1,225,,,0,False,False,False,True,False,False
1,13(A),1,1,219,,,0,False,False,False,True,False,False
1,14,1,1,459,,,0,False,False,False,True,False,False
1,15,1,1,482,,,0,False,False,False,True,False,False
1,16,1,1,337,,,0,False,False,False,True,False,False
1,17,1,1,182,,,0,False,False,False,True,False,False
1,17(A),1,1,215,,,0,False,False,False,True,False,False
1,18,1,1,396,,,0,False,False,False,True,False,False
1,188,2,2,15,,,2,False,False,False,False,False,True
1,19,1,1,304,,,0,False,False,False,True,False,False
1,227,2,2,363,,,2,False,False,False,False,False,True
1,228,1,1,346,,,1,False,False,False,True,False,True
1,229,2,2,405,,,2,False,False,False,False,False,True
1,230,2,2,406,,,2,False,False,False,False,False,True
1,231,2,2,266,,,2,False,False,False,False,False,True
1,232,2,2,336,,,2,False,False,False,False,False,True
1,232(A),2,2,218,,,2,False,False,False,False,False,True
1,233,2,2,383,,,2,False,False,False,False,False,True
1,234,2,2,206,,,2,False,False,False,False,False,True
1,235,2,2,226,,,2,False,False,False,False,False,True
1,252,1,1,189,431.0,685.0,0,True,False,True,True,False,False
1,253,1,1,190,467.0,945.0,0,True,False,True,True,False,False
1,254,1,1,191,355.0,754.0,0,True,False,True,True,False,False
1,255,1,1,192,422.0,857.0,0,True,False,True,True,False,False
1,256,1,1,193,203.0,561.0,0,True,False,False,True,False,False
1,257,1,1,194,406.0,499.0,0,True,False,True,True,False,False
1,258,1,1,195,237.0,402.0,0,True,False,False,True,False,False
1,259,1,1,196,237.0,572.0,0,True,False,False,True,False,False
1,260,1,1,197,374.0,686.0,0,True,False,True,True,False,False
1,261,1,1,198,266.0,610.0,0,True,False,True,True,False,False
1,262,1,1,199,264.0,611.0,0,True,False,True,True,False,False
1,263,1,1,200,237.0,560.0,0,True,False,False,True,False,False
1,264,1,1,201,278.0,800.0,0,True,False,True,True,False,False
1,265,1,1,202,,,0,False,False,False,True,False,False
1,266,1,1,203,221.0,590.0,0,True,False,False,True,False,False
1,267,1,1,204,209.0,555.0,0,True,False,False,True,False,False
1,268,1,1,205,,,0,False,False,False,True,False,False
1,269,1,1,206,324.0,550.0,0,True,False,True,True,False,False
1,270,1,1,207,252.0,415.0,0,True,False,False,True,False,False
1,3,1,1,318,,,0,False,False,False,True,False,False
1,4,1,1,305,,,0,False,False,False,True,False,False
1,470,3,3,6,,,3,False,False,False,False,False,True
1,5,1,1,262,,,0,False,False,False,True,False,False
1,5(A),1,1,248,,,0,False,False,False,True,False,False
1,6,1,1,267,,,0,False,False,False,True,False,False
1,7,1,1,338,,,0,False,False,False,True,False,False
1,7(A),1,1,245,,,0,False,False,False,True,False,False
1,8,1,1,350,,,0,False,False,False,True,False,False
1,82(A),1,1,320,,,0,False,False,False,True,False,False
1,9,1,1,359,,,0,False,False,False,True,False,False
1,93,1,1,304,,,0,False,False,False,True,False,False
2,100,4,4,388,,,4,False,False,False,False,False,True
2,100A,4,4,410,,,4,False,False,False,False,False,True
2,101,4,4,445,,,4,False,False,False,False,False,True
2,11,14,7,1582,853.0,855.0,0,True,True,False,False,False,False
2,12,14,7,1292,818.0,823.0,0,True,True,False,False,False,False
2,13,7,7,474,618.0,627.0,0,True,False,True,False,False,False
2,16,14,7,1195,739.0,745.0,0,True,True,False,False,False,False
2,18,14,7,1125,685.0,688.0,0,True,True,False,False,False,False
2,210,7,7,312,866.0,869.0,0,True,False,True,False,False,False
2,23,14,13,1259,697.0,704.0,0,True,True,False,False,False,False
2,231,7,7,561,,,1,False,False,False,False,False,True
2,231A,7,7,588,,,1,False,False,False,False,False,True
2,232,8,8,484,484.0,491.0,1,True,False,False,False,False,True
2,232A,7,7,511,,,1,False,False,False,False,False,True
2,233,7,7,850,,,1,False,False,False,False,False,True
2,235,7,7,527,,,1,False,False,False,False,False,True
2,236,7,7,911,,,1,False,False,False,False,False,True
2,238,7,7,864,,,1,False,False,False,False,False,True
2,239A,7,7,545,,,1,False,False,False,False,False,True
2,240,7,7,827,,,1,False,False,False,False,False,True
2,241,7,7,691,,,1,False,False,False,False,False,True
2,242,7,7,787,,,1,False,False,False,False,False,True
2,243,7,7,670,,,1,False,False,False,False,False,True
2,245,7,7,831,,,1,False,False,False,False,False,True
2,26,14,13,1149,536.0,539.0,0,True,True,False,False,False,False
2,37,15,14,1477,799.0,917.0,0,True,True,False,False,False,False
2,87A,4,4,414,,,4,False,False,False,False,False,True
2,88,4,4,736,,,4,False,False,False,False,False,True
2,89,4,4,632,,,4,False,False,False,False,False,True
2,9,14,7,1169,652.0,655.0,0,True,True,False,False,False,False
2,90,4,4,488,,,4,False,False,False,False,False,True
2,90A,4,4,495,,,4,False,False,False,False,False,True
2,91,4,4,518,,,4,False,False,False,False,False,True
2,91A,4,4,485,,,4,False,False,False,False,False,True
2,92,4,4,519,,,4,False,False,False,False,False,True
2,93,4,4,843,,,4,False,False,False,False,False,True
2,94,4,4,793,,,4,False,False,False,False,False,True
2,95,4,4,721,,,4,False,False,False,False,False,True
2,96,4,4,770,,,4,False,False,False,False,False,True
2,97,4,4,549,,,4,False,False,False,False,False,True
2,98,4,4,623,,,4,False,False,False,False,False,True
2,99,4,4,461,,,4,False,False,False,False,False,True
2,99A,4,4,506,,,4,False,False,False,False,False,True
3,15,2,2,11,,,2,False,False,False,False,False,True
3,16,3,2,504,10.0,,3,True,True,False,False,False,True
3,208,2,2,327,,,2,False,False,False,False,False,True
3,24,4,4,1376,,,2,False,False,False,False,False,True
3,244,2,2,367,325.0,,0,True,True,False,False,False,False
3,245,2,2,276,412.0,,0,True,False,True,False,False,False
3,246,2,2,265,377.0,,0,True,False,True,False,False,False
3,29,2,2,671,,,2,False,False,False,False,False,True
3,317,2,2,496,,,2,False,False,False,False,False,True
3,33,2,2,833,,,2,False,False,False,False,False,True
3,337,5,5,1037,788.0,792.0,0,True,True,False,False,False,False
3,338,5,5,844,751.0,765.0,0,True,True,False,False,False,False
3,339,5,5,1005,730.0,736.0,0,True,True,False,False,False,False
3,34,2,2,4,7.0,,2,True,False,True,False,False,True
3,341,5,5,680,622.0,628.0,0,True,True,False,False,False,False
3,342,5,5,881,519.0,522.0,0,True,True,False,False,False,False
3,344,5,5,827,674.0,683.0,0,True,True,False,False,False,False
3,345,5,5,938,717.0,722.0,0,True,True,False,False,False,False
3,346,5,5,975,670.0,678.0,0,True,True,False,False,False,False
3,347,5,5,933,785.0,792.0,0,True,True,False,False,False,False
3,348,5,5,1042,487.0,490.0,0,True,True,False,False,False,False
3,349,5,5,751,492.0,495.0,0,True,True,False,False,False,False
3,350,5,5,757,597.0,599.0,0,True,True,False,False,False,False
3,352,5,5,915,690.0,697.0,0,True,True,False,False,False,False
3,353,5,5,960,574.0,580.0,0,True,True,False,False,False,False
3,354,5,5,844,545.0,547.0,0,True,True,False,False,False,False
3,355,4,4,542,780.0,791.0,0,True,False,True,False,False,False
3,356,5,5,1031,430.0,434.0,0,True,True,False,False,False,False
3,36,2,2,825,,,2,False,False,False,False,False,True
3,37,2,2,835,,,2,False,False,False,False,False,True
3,38,2,2,439,,,2,False,False,False,False,False,True
3,47,2,2,426,,,2,False,False,False,False,False,True
3,50,2,2,7,,,2,False,False,False,False,False,True
3,51,2,2,638,,,2,False,False,False,False,False,True
3,67,2,2,652,,,2,False,False,False,False,False,True
3,7,1,1,265,,,0,False,False,False,True,False,False
3,88,2,2,651,,,2,False,False,False,False,False,True
3,9,6,6,1467,,,2,False,False,False,False,False,True
4,10,15,7,957,781.0,787.0,15,True,True,False,False,False,True
4,100,4,4,35,789.0,,4,True,False,True,False,False,True
4,101,4,4,19,551.0,,4,True,False,True,False,False,True
4,101(A),4,4,22,542.0,,4,True,False,True,False,False,True
4,102,4,4,27,786.0,,4,True,False,True,False,False,True
4,103,4,4,39,778.0,,4,True,False,True,False,False,True
4,104,4,4,17,778.0,,4,True,False,True,False,False,True
4,105,4,4,18,584.0,,4,True,False,True,False,False,True
4,106,4,4,29,734.0,,4,True,False,True,False,False,True
4,107,4,4,15,594.0,,4,True,False,True,False,False,True
4,108,4,4,21,698.0,,4,True,False,True,False,False,True
4,109,4,4,36,635.0,,4,True,False,True,False,False,True
4,11,10,8,919,779.0,,7,True,True,False,False,False,True
4,110,4,4,30,709.0,,4,True,False,True,False,False,True
4,12,13,10,1085,738.0,,10,True,True,False,False,False,True
4,13,18,10,1132,509.0,522.0,15,True,True,False,False,False,True
4,13(A),7,7,592,,,4,False,False,False,False,False,True
4,14,16,11,701,555.0,557.0,13,True,True,False,False,False,True
4,14(A),7,7,486,,,4,False,False,False,False,False,True
4,15,13,10,1307,839.0,845.0,10,True,True,False,False,False,True
4,16,7,7,898,,,4,False,False,False,False,False,True
4,164,9,9,977,834.0,840.0,0,True,True,False,False,False,False
4,17,6,6,482,,,4,False,False,False,False,False,True
4,17(A),6,6,179,,,3,False,False,False,False,False,True
4,18,24,7,1416,769.0,487.0,24,True,True,False,False,False,True
4,19,3,3,113,579.0,,3,True,False,True,False,False,True
4,20,15,7,1060,847.0,829.0,15,True,True,False,False,False,True
4,21,3,3,227,502.0,,3,True,False,True,False,False,True
4,22,3,3,147,472.0,,3,True,False,True,False,False,True
4,227,6,6,389,585.0,,2,True,False,True,False,False,True
4,228,8,8,485,488.0,,4,True,False,False,False,False,True
4,229,8,8,500,501.0,,4,True,False,False,False,False,True
4,23,6,3,688,785.0,,6,True,False,False,False,False,True
4,230,8,8,702,706.0,,4,True,False,False,False,False,True
4,231,8,8,645,647.0,,4,True,False,False,False,False,True
4,232,8,8,718,720.0,,4,True,False,False,False,False,True
4,233,8,8,514,521.0,,4,True,False,False,False,False,True
4,234,8,8,803,809.0,,4,True,False,False,False,False,True
4,235,8,8,711,716.0,,4,True,False,False,False,False,True
4,236,8,8,691,694.0,,4,True,False,False,False,False,True
4,239,8,8,575,583.0,,4,True,False,False,False,False,True
4,24,6,6,255,490.0,517.0,6,True,False,True,False,False,True
4,243,8,8,483,484.0,,4,True,False,False,False,False,True
4,247,8,8,805,808.0,,4,True,False,False,False,False,True
4,26,8,8,534,557.0,,7,True,False,False,False,False,True
4,27,9,8,675,569.0,,8,True,True,False,False,False,True
4,28,5,5,278,467.0,,4,True,False,True,False,False,True
4,29,9,8,1077,724.0,,8,True,True,False,False,False,True
4,299,8,8,448,,,4,False,False,False,False,False,True
4,3,4,4,804,,,4,False,False,False,False,False,True
4,30,8,8,647,538.0,,7,True,True,False,False,False,True
4,300,8,8,302,,,4,False,False,False,False,False,True
4,302,8,8,500,,,4,False,False,False,False,False,True
4,303,8,8,559,,,4,False,False,False,False,False,True
4,304,8,8,416,,,4,False,False,False,False,False,True
4,306,8,8,522,,,4,False,False,False,False,False,True
4,307,8,8,524,,,4,False,False,False,False,False,True
4,308,8,8,598,,,4,False,False,False,False,False,True
4,31,9,8,521,504.0,,8,True,True,False,False,False,True
4,310,8,8,471,,,4,False,False,False,False,False,True
4,311,8,8,377,,,4,False,False,False,False,False,True
4,313,5,5,481,844.0,,5,True,False,True,False,False,True
4,314,5,5,453,653.0,,5,True,False,True,False,False,True
4,315,5,5,395,484.0,,5,True,False,False,False,False,True
4,316,5,5,455,530.0,,5,True,False,False,False,False,True
4,317,5,5,394,457.0,,5,True,False,False,False,False,True
4,32,11,10,555,701.0,854.0,10,True,False,True,False,False,True
4,33,6,6,373,759.0,,5,True,False,True,False,False,True
4,34,6,6,215,803.0,,5,True,False,True,False,False,True
4,35,6,6,834,,,5,False,False,False,False,False,True
4,36,5,5,417,619.0,,4,True,False,True,False,False,True
4,37,24,10,1817,919.0,923.0,23,True,True,False,False,False,True
4,38,5,5,403,463.0,,4,True,False,False,False,False,True
4,39,6,6,577,782.0,,5,True,False,True,False,False,True
4,4,5,5,514,,,4,False,False,False,False,False,True
4,40,6,6,381,662.0,,5,True,False,True,False,False,True
4,41,6,6,274,578.0,,5,True,False,True,False,False,True
4,42,12,10,801,737.0,743.0,11,True,True,False,False,False,True
4,43,9,8,1801,478.0,,8,True,True,False,False,False,True
4,44,5,5,252,493.0,,4,True,False,True,False,False,True
4,45,6,6,197,747.0,,5,True,False,True,False,False,True
4,46,6,6,335,804.0,,5,True,False,True,False,False,True
4,47,6,6,213,625.0,,5,True,False,True,False,False,True
4,50,6,6,620,,,6,False,False,False,False,False,True
4,51,3,3,514,616.0,,3,True,False,False,False,False,True
4,55,6,6,477,,,6,False,False,False,False,False,True
4,58,6,6,650,789.0,790.0,6,True,False,False,False,False,True
4,6,6,6,340,452.0,473.0,6,True,False,True,False,False,True
4,67,3,3,309,554.0,,3,True,False,True,False,False,True
4,7,6,6,214,469.0,746.0,6,True,False,True,False,False,True
4,72,3,3,462,548.0,,3,True,False,False,False,False,True
4,73,4,4,594,,,4,False,False,False,False,False,True
4,74,4,4,528,541.0,,4,True,False,False,False,False,True
4,75,4,4,431,821.0,,4,True,False,True,False,False,True
4,76,4,4,253,807.0,,4,True,False,True,False,False,True
4,77,4,4,276,575.0,,4,True,False,True,False,False,True
4,78,4,4,361,524.0,,4,True,False,True,False,False,True
4,79,7,6,667,570.0,,7,True,True,False,False,False,True
4,8,9,7,461,833.0,,9,True,False,True,False,False,True
4,80,4,4,429,904.0,,4,True,False,True,False,False,True
4,81,4,4,404,695.0,,4,True,False,True,False,False,True
4,82,4,4,450,804.0,,4,True,False,True,False,False,True
4,83,4,4,222,495.0,,4,True,False,True,False,False,True
4,84,4,4,106,490.0,,4,True,False,True,False,False,True
4,85,5,5,413,500.0,,5,True,False,False,False,False,True
4,86,4,4,223,516.0,,4,True,False,True,False,False,True
4,87,5,5,539,903.0,,5,True,False,True,False,False,True
4,88,5,5,332,800.0,,5,True,False,True,False,False,True
4,89,5,5,321,586.0,,5,True,False,True,False,False,True
4,90,5,5,358,506.0,,5,True,False,True,False,False,True
4,91,8,8,421,791.0,,8,True,False,True,False,False,True
4,92,9,8,360,720.0,,9,True,False,True,False,False,True
4,93,9,8,471,847.0,,9,True,False,True,False,False,True
4,94,9,8,476,886.0,,9,True,False,True,False,False,True
4,95,9,8,367,679.0,,9,True,False,True,False,False,True
4,95(A),4,4,11,548.0,,4,True,False,True,False,False,True
4,96,4,4,49,856.0,,4,True,False,True,False,False,True
4,97,4,4,39,872.0,,4,True,False,True,False,False,True
4,98,4,4,16,597.0,,4,True,False,True,False,False,True
4,99,4,4,11,507.0,,4,True,False,True,False,False,True
4,99(A),4,4,24,523.0,,4,True,False,True,False,False,True
5,90,5,5,770,661.0,,0,True,True,False,False,False,False
6,1,3,2,306,359.0,462.0,1,True,False,False,False,False,True
6,1(A),1,1,5,356.0,454.0,0,True,False,True,True,False,False
6,10,7,2,1745,437.0,697.0,4,True,True,False,False,False,True
6,11,6,1,1367,379.0,571.0,0,True,True,False,True,False,False
6,12,8,2,2004,289.0,559.0,2,True,True,False,False,False,True
6,13,1,1,4,382.0,692.0,0,True,False,True,True,False,False
6,14,4,3,543,409.0,712.0,3,True,True,False,False,False,True
6,15,2,1,256,,,0,False,False,False,True,False,False
6,16,2,2,418,81.0,555.0,1,True,True,False,False,False,True
6,16(A),1,1,2,63.0,479.0,0,True,False,True,True,False,False
6,17,1,1,2,304.0,739.0,0,True,False,True,True,False,False
6,174(A),8,8,469,430.0,431.0,0,True,True,False,False,False,False
6,18,2,1,294,384.0,549.0,0,True,False,True,True,False,False
6,18(A),1,1,10,108.0,490.0,0,True,False,True,True,False,False
6,180,6,6,329,653.0,657.0,0,True,False,True,False,False,False
6,19,2,1,128,435.0,738.0,0,True,False,True,True,False,False
6,2,4,2,586,310.0,513.0,1,True,True,False,False,False,True
6,2(A),1,1,3,247.0,489.0,0,True,False,True,True,False,False
6,20,1,1,314,,,0,False,False,False,True,False,False
6,23,1,1,455,,,0,False,False,False,True,False,False
6,27,14,12,1510,546.0,,0,True,True,False,False,False,False
6,29,13,12,1028,498.0,,0,True,True,False,False,False,False
6,3,11,2,1840,37.0,626.0,4,True,True,False,False,False,True
6,3(A),1,1,12,,,0,False,False,False,True,False,False
6,32,13,12,1512,826.0,,0,True,True,False,False,False,False
6,33,13,12,1430,609.0,,0,True,True,False,False,False,False
6,34,13,12,1264,632.0,,0,True,True,False,False,False,False
6,392,9,9,1789,,,2,False,False,False,False,False,True
6,396,9,9,768,524.0,1053.0,2,True,True,False,False,False,True
6,398,9,9,698,463.0,464.0,2,True,True,False,False,False,True
6,4,12,2,2159,498.0,851.0,4,True,True,False,False,False,True
6,400,9,9,854,575.0,577.0,2,True,True,False,False,False,True
6,401,9,9,725,,,2,False,False,False,False,False,True
6,403,9,9,783,,,2,False,False,False,False,False,True
6,405,9,9,694,,,2,False,False,False,False,False,True
6,407,9,9,918,639.0,643.0,2,True,True,False,False,False,True
6,408,9,9,736,,,2,False,False,False,False,False,True
6,409,9,9,887,,,2,False,False,False,False,False,True
6,410,9,9,977,,,2,False,False,False,False,False,True
6,411,9,9,820,530.0,533.0,2,True,True,False,False,False,True
6,413,9,9,821,,,2,False,False,False,False,False,True
6,43,13,12,1610,788.0,,0,True,True,False,False,False,False
6,44,13,12,993,481.0,,0,True,True,False,False,False,False
6,46,13,12,1599,791.0,,0,True,True,False,False,False,False
6,5,9,2,1316,265.0,402.0,3,True,True,False,False,False,True
6,51,12,11,1081,614.0,,0,True,True,False,False,False,False
6,56,1,1,336,,,0,False,False,False,True,False,False
6,57,1,1,5,284.0,290.0,0,True,False,True,True,False,False
6,57(A),1,1,7,131.0,132.0,0,True,False,True,True,False,False
6,58,1,1,6,399.0,403.0,0,True,False,True,True,False,False
6,58(A),1,1,2,283.0,287.0,0,True,False,True,True,False,False
6,59,1,1,9,288.0,295.0,0,True,False,True,True,False,False
6,6,7,1,1275,147.0,443.0,0,True,True,False,True,False,False
6,60,1,1,5,279.0,282.0,0,True,False,True,True,False,False
6,60(A),1,1,2,274.0,275.0,0,True,False,True,True,False,False
6,61,1,1,1,321.0,325.0,0,True,False,True,True,False,False
6,61(A),1,1,5,304.0,308.0,0,True,False,True,True,False,False
6,62,1,1,16,220.0,222.0,0,True,False,True,True,False,False
6,63,1,1,8,143.0,143.0,0,True,False,True,True,False,False
6,63(A),1,1,6,163.0,163.0,0,True,False,True,True,False,False
6,64,1,1,10,370.0,375.0,0,True,False,True,True,False,False
6,65,1,1,10,338.0,343.0,0,True,False,True,True,False,False
6,65(A),1,1,2,157.0,159.0,0,True,False,True,True,False,False
6,66,1,1,7,473.0,479.0,0,True,False,True,True,False,False
6,67,1,1,12,391.0,401.0,0,True,False,True,True,False,False
6,68,1,1,6,526.0,531.0,0,True,False,True,True,False,False
6,69,1,1,3,122.0,124.0,0,True,False,True,True,False,False
6,7,4,2,746,143.0,620.0,3,True,True,False,False,False,True
6,7(A),1,1,11,31.0,604.0,0,True,False,True,True,False,False
6,70,1,1,2,419.0,422.0,0,True,False,True,True,False,False
6,70(A),1,1,10,149.0,152.0,0,True,False,True,True,False,False
6,71,1,1,5,320.0,324.0,0,True,False,True,True,False,False
6,72,1,1,0,316.0,320.0,0,True,False,True,True,False,False
6,73,1,1,7,389.0,392.0,0,True,False,True,True,False,False
6,74,1,1,23,72.0,73.0,0,True,False,True,True,False,False
6,75,1,1,4,188.0,195.0,0,True,False,True,True,False,False
6,8,5,2,945,461.0,563.0,1,True,True,False,False,False,True
6,8(A),1,1,19,230.0,550.0,0,True,False,True,True,False,False
6,9,3,2,495,292.0,389.0,1,True,True,False,False,False,True
7,316,11,11,1347,629.0,631.0,0,True,True,False,False,False,False
8,1,3,3,761,,,3,False,False,False,False,False,True
8,10,2,2,551,,,2,False,False,False,False,False,True
8,11,2,2,331,,,2,False,False,False,False,False,True
8,12,2,2,434,,,2,False,False,False,False,False,True
8,13,2,2,345,,,2,False,False,False,False,False,True
8,13A,2,2,380,,,2,False,False,False,False,False,True
8,14,3,3,736,,,3,False,False,False,False,False,True
8,15,1,1,7,382.0,560.0,0,True,False,True,True,False,False
8,16,1,1,24,389.0,710.0,0,True,False,True,True,False,False
8,17,1,1,16,487.0,849.0,0,True,False,True,True,False,False
8,18,1,1,35,192.0,770.0,0,True,False,True,True,False,False
8,19,1,1,10,288.0,508.0,0,True,False,True,True,False,False
8,19A,1,1,9,351.0,511.0,0,True,False,True,True,False,False
8,2,2,2,256,,,2,False,False,False,False,False,True
8,20,1,1,10,552.0,791.0,0,True,False,True,True,False,False
8,203,10,10,884,608.0,,2,True,True,False,False,False,True
8,203A,3,3,330,603.0,,2,True,False,True,False,False,True
8,204,9,9,832,508.0,,2,True,True,False,False,False,True
8,204A,3,3,352,464.0,,2,True,False,True,False,False,True
8,205,10,10,1312,664.0,,2,True,True,False,False,False,True
8,206,10,10,1231,626.0,,2,True,True,False,False,False,True
8,207,10,10,1096,715.0,,2,True,True,False,False,False,True
8,208,9,9,925,717.0,,2,True,True,False,False,False,True
8,209,3,3,401,825.0,,2,True,False,True,False,False,True
8,21,1,1,24,349.0,680.0,0,True,False,True,True,False,False
8,210,3,3,554,844.0,,2,True,False,True,False,False,True
8,211,3,3,244,570.0,,2,True,False,True,False,False,True
8,212,3,3,197,756.0,,2,True,False,True,False,False,True
8,213,3,3,357,510.0,,2,True,False,True,False,False,True
8,213A,3,3,284,423.0,,2,True,False,True,False,False,True
8,214,3,3,314,519.0,,2,True,False,True,False,False,True
8,214A,3,3,305,561.0,,2,True,False,True,False,False,True
8,215,3,3,560,900.0,,2,True,False,True,False,False,True
8,216,3,3,642,895.0,,2,True,False,True,False,False,True
8,217,3,3,638,742.0,,2,True,False,False,False,False,True
8,218,3,3,460,751.0,,2,True,False,True,False,False,True
8,22,1,1,26,425.0,806.0,0,True,False,True,True,False,False
8,23,1,1,19,570.0,750.0,0,True,False,True,True,False,False
8,24,1,1,24,277.0,673.0,0,True,False,True,True,False,False
8,25,1,1,16,311.0,556.0,0,True,False,True,True,False,False
8,26,1,1,21,308.0,563.0,0,True,False,True,True,False,False
8,27,1,1,18,498.0,841.0,0,True,False,True,True,False,False
8,28,1,1,18,474.0,808.0,0,True,False,True,True,False,False
8,29,1,1,53,372.0,833.0,0,True,False,True,True,False,False
8,3,2,2,387,,,2,False,False,False,False,False,True
8,30,1,1,11,187.0,333.0,0,True,False,True,True,False,False
8,31,1,1,10,198.0,519.0,0,True,False,True,True,False,False
8,31A,1,1,32,249.0,558.0,0,True,False,True,True,False,False
8,32,1,1,24,427.0,655.0,0,True,False,True,True,False,False
8,33,1,1,12,430.0,617.0,0,True,False,True,True,False,False
8,34,1,1,23,338.0,791.0,0,True,False,True,True,False,False
8,35,1,1,28,259.0,530.0,0,True,False,True,True,False,False
8,35A,1,1,26,120.0,434.0,0,True,False,True,True,False,False
8,36,1,1,16,467.0,959.0,0,True,False,True,True,False,False
8,37,1,1,19,195.0,578.0,0,True,False,True,True,False,False
8,38,1,1,14,296.0,655.0,0,True,False,True,True,False,False
8,3A,2,2,339,,,2,False,False,False,False,False,True
8,4,2,2,242,,,2,False,False,False,False,False,True
8,4A,2,2,240,,,2,False,False,False,False,False,True
8,5,2,2,331,,,2,False,False,False,False,False,True
8,6,2,2,316,,,2,False,False,False,False,False,True
8,7,2,2,554,,,2,False,False,False,False,False,True
8,8,2,2,410,,,2,False,False,False,False,False,True
8,8A,2,2,396,,,2,False,False,False,False,False,True
8,9,2,2,273,,,2,False,False,False,False,False,True
8,9A,3,3,570,,,3,False,False,False,False,False,True
9,10,6,6,490,755.0,,0,True,False,True,False,False,False
9,104,4,4,907,,,4,False,False,False,False,False,True
9,114(A),6,6,450,,,4,False,False,False,False,False,True
9,122,6,6,891,,,4,False,False,False,False,False,True
9,123,7,7,821,,,5,False,False,False,False,False,True
9,124,7,7,746,,,5,False,False,False,False,False,True
9,125,7,7,576,,,5,False,False,False,False,False,True
9,126,6,6,593,,,4,False,False,False,False,False,True
9,127,7,7,629,,,5,False,False,False,False,False,True
9,128,6,6,470,,,4,False,False,False,False,False,True
9,129,7,7,966,,,5,False,False,False,False,False,True
9,13,6,6,453,826.0,,0,True,False,True,False,False,False
9,130,7,7,957,,,5,False,False,False,False,False,True
9,131,7,7,907,,,5,False,False,False,False,False,True
9,132,7,7,872,,,5,False,False,False,False,False,True
9,133,7,7,716,,,5,False,False,False,False,False,True
9,134,7,7,622,,,5,False,False,False,False,False,True
9,135,6,6,479,,,4,False,False,False,False,False,True
9,136,7,7,749,,,5,False,False,False,False,False,True
9,137,6,6,613,,,5,False,False,False,False,False,True
9,138,6,6,981,,,5,False,False,False,False,False,True
9,139,7,7,780,,,5,False,False,False,False,False,True
9,14,6,6,524,453.0,,0,True,True,False,False,False,False
9,140,7,7,697,,,5,False,False,False,False,False,True
9,141,6,6,571,,,4,False,False,False,False,False,True
9,142,7,7,960,,,5,False,False,False,False,False,True
9,143,7,7,654,,,5,False,False,False,False,False,True
9,145,5,5,295,,,2,False,False,False,False,False,True
9,146,7,7,472,711.0,,4,True,False,True,False,False,True
9,147,8,8,826,541.0,,5,True,True,False,False,False,True
9,148,8,8,657,556.0,,5,True,True,False,False,False,True
9,15,6,6,709,533.0,,0,True,True,False,False,False,False
9,150,8,8,815,700.0,,5,True,True,False,False,False,True
9,151,8,8,990,872.0,,5,True,True,False,False,False,True
9,152,8,8,692,573.0,,5,True,True,False,False,False,True
9,153,8,8,485,365.0,,5,True,True,False,False,False,True
9,154,8,8,647,526.0,,5,True,True,False,False,False,True
9,155,7,7,508,508.0,,4,True,False,False,False,False,True
9,156,8,8,875,754.0,,5,True,True,False,False,False,True
9,157,8,8,804,680.0,,5,True,True,False,False,False,True
9,158,8,8,980,855.0,,5,True,True,False,False,False,True
9,159,8,8,560,435.0,,5,True,True,False,False,False,True
9,160,8,8,670,543.0,,5,True,True,False,False,False,True
9,161,7,7,468,468.0,,4,True,False,False,False,False,True
9,162,8,8,689,564.0,,5,True,True,False,False,False,True
9,163,8,8,817,688.0,,5,True,True,False,False,False,True
9,164,8,8,843,714.0,,5,True,True,False,False,False,True
9,165,7,7,758,,,5,False,False,False,False,False,True
9,166,8,8,749,620.0,,5,True,True,False,False,False,True
9,167,8,8,880,755.0,,5,True,True,False,False,False,True
9,168,8,8,674,540.0,,5,True,True,False,False,False,True
9,17,6,6,682,643.0,,0,True,True,False,False,False,False
9,19,6,6,509,666.0,,0,True,False,True,False,False,False
9,20,6,6,550,513.0,,0,True,True,False,False,False,False
9,217,7,7,685,548.0,,0,True,True,False,False,False,False
9,22,6,6,589,500.0,,0,True,True,False,False,False,False
9,221,8,8,492,445.0,453.0,0,True,True,False,False,False,False
9,222,8,8,443,671.0,675.0,0,True,False,True,False,False,False
9,223,8,8,672,639.0,646.0,0,True,True,False,False,False,False
9,224,8,8,644,532.0,537.0,0,True,True,False,False,False,False
9,225,8,8,527,462.0,466.0,0,True,True,False,False,False,False
9,226,8,8,464,693.0,701.0,0,True,False,True,False,False,False
9,227,8,8,697,671.0,683.0,0,True,True,False,False,False,False
9,228,8,8,665,483.0,488.0,0,True,True,False,False,False,False
9,230,8,8,474,627.0,634.0,0,True,False,True,False,False,False
9,231,8,8,628,516.0,521.0,0,True,True,False,False,False,False
9,234,8,8,438,633.0,641.0,0,True,False,True,False,False,False
9,236,8,8,624,860.0,866.0,0,True,False,True,False,False,False
9,239,8,8,731,688.0,692.0,0,True,True,False,False,False,False
9,245,8,8,782,528.0,532.0,0,True,True,False,False,False,False
9,246,8,8,528,475.0,479.0,0,True,True,False,False,False,False
9,247,8,8,475,669.0,672.0,0,True,False,True,False,False,False
9,251,8,8,493,459.0,467.0,0,True,True,False,False,False,False
9,252,8,8,459,787.0,797.0,0,True,False,True,False,False,False
9,253,8,8,787,576.0,582.0,0,True,True,False,False,False,False
9,254,8,8,576,826.0,832.0,0,True,False,True,False,False,False
9,255,8,8,826,547.0,548.0,0,True,True,False,False,False,False
9,256,8,8,547,508.0,512.0,0,True,True,False,False,False,False
9,258,8,8,549,462.0,465.0,0,True,True,False,False,False,False
9,261,8,8,643,881.0,897.0,0,True,False,True,False,False,False
9,262,8,8,881,844.0,856.0,0,True,True,False,False,False,False
9,289,8,8,1113,,,6,False,False,False,False,False,True
9,290,8,8,2005,,,6,False,False,False,False,False,True
9,291,8,8,1687,,,6,False,False,False,False,False,True
9,292,8,8,868,708.0,,6,True,True,False,False,False,True
9,293,8,8,1581,,,6,False,False,False,False,False,True
9,294,8,8,886,664.0,,6,True,True,False,False,False,True
9,295,7,7,663,865.0,,5,True,False,True,False,False,True
9,296,8,8,1097,868.0,,6,True,True,False,False,False,True
9,297,8,8,1102,,,6,False,False,False,False,False,True
9,298,8,8,911,766.0,,6,True,True,False,False,False,True
9,299,8,8,1003,,,6,False,False,False,False,False,True
9,3,6,6,610,442.0,,0,True,True,False,False,False,False
9,300,8,8,796,555.0,,6,True,True,False,False,False,True
9,301,7,7,554,524.0,,5,True,True,False,False,False,True
9,302,8,8,764,595.0,,6,True,True,False,False,False,True
9,303,7,7,594,550.0,,5,True,True,False,False,False,True
9,304,8,8,788,455.0,,6,True,True,False,False,False,True
9,305,7,7,453,663.0,,5,True,False,True,False,False,True
9,306,8,8,904,647.0,,6,True,True,False,False,False,True
9,307,7,7,647,,,5,False,False,False,False,False,True
9,308,8,8,767,558.0,,6,True,True,False,False,False,True
9,309,7,7,556,685.0,,5,True,False,False,False,False,True
9,310,8,8,928,712.0,,6,True,True,False,False,False,True
9,311,8,8,957,650.0,,6,True,True,False,False,False,True
9,4,6,6,768,623.0,,0,True,True,False,False,False,False
9,5,6,6,559,783.0,,0,True,False,True,False,False,False
9,74,7,7,569,495.0,498.0,0,True,True,False,False,False,False
9,78,7,7,947,740.0,912.0,0,True,True,False,False,False,False
9,8,6,6,584,543.0,,0,True,True,False,False,False,False
9,81,7,7,931,881.0,890.0,0,True,True,False,False,False,False
9,82,7,7,938,611.0,888.0,0,True,True,False,False,False,False
9,84,7,7,960,907.0,923.0,0,True,True,False,False,False,False
9,85,7,7,733,672.0,682.0,0,True,True,False,False,False,False
9,87,7,7,890,829.0,837.0,0,True,True,False,False,False,False
9,88,7,7,733,665.0,672.0,0,True,True,False,False,False,False
9,89,7,7,540,473.0,490.0,0,True,True,False,False,False,False
9,9,6,6,770,607.0,,0,True,True,False,False,False,False
9,95,7,7,798,729.0,734.0,0,True,True,False,False,False,False
10,121,1,1,547,,,0,False,False,False,True,False,False
10,122,1,1,396,,,0,False,False,False,True,False,False
10,123,1,1,413,,,0,False,False,False,True,False,False
10,124,1,1,421,,,0,False,False,False,True,False,False
10,125,1,1,424,,,0,False,False,False,True,False,False
10,126,1,1,518,,,0,False,False,False,True,False,False
10,127,1,1,320,,,0,False,False,False,True,False,False
10,128,1,1,307,,,0,False,False,False,True,False,False
10,129,1,1,532,,,0,False,False,False,True,False,False
10,13,6,6,751,,,1,False,False,False,False,False,True
10,130,1,1,243,,,0,False,False,False,True,False,False
10,131,1,1,229,,,0,False,False,False,True,False,False
10,132,1,1,404,,,0,False,False,False,True,False,False
10,133,1,1,324,,,0,False,False,False,True,False,False
10,134,1,1,330,,,0,False,False,False,True,False,False
10,135,1,1,478,,,0,False,False,False,True,False,False
10,136,1,1,349,,,0,False,False,False,True,False,False
10,137,1,1,326,,,0,False,False,False,True,False,False
10,138,1,1,324,,,0,False,False,False,True,False,False
10,139,1,1,246,,,0,False,False,False,True,False,False
10,140,1,1,276,,,0,False,False,False,True,False,False
10,141,1,1,396,,,0,False,False,False,True,False,False
10,142,1,1,378,,,0,False,False,False,True,False,False
10,143,1,1,217,,,0,False,False,False,True,False,False
10,17,6,6,845,,,1,False,False,False,False,False,True
10,171,4,4,631,499.0,541.0,0,True,True,False,False,False,False
10,173,4,4,599,458.0,501.0,0,True,True,False,False,False,False
10,177,4,4,961,838.0,844.0,0,True,True,False,False,False,False
10,178,4,4,937,803.0,816.0,0,True,True,False,False,False,False
10,179,4,4,953,830.0,840.0,0,True,True,False,False,False,False
10,180,4,4,839,707.0,715.0,0,True,True,False,False,False,False
10,181,4,4,722,578.0,581.0,0,True,True,False,False,False,False
10,182,4,4,879,758.0,763.0,0,True,True,False,False,False,False
10,183,4,4,885,749.0,753.0,0,True,True,False,False,False,False
10,184,4,4,1077,948.0,953.0,0,True,True,False,False,False,False
10,185,4,4,619,470.0,472.0,0,True,True,False,False,False,False
10,187,4,4,604,453.0,462.0,0,True,True,False,False,False,False
10,189,4,4,995,843.0,847.0,0,True,True,False,False,False,False
10,190,4,4,808,668.0,671.0,0,True,True,False,False,False,False
10,191,4,4,636,484.0,491.0,0,True,True,False,False,False,False
10,193,6,6,872,719.0,724.0,0,True,True,False,False,False,False
10,194,6,6,703,546.0,552.0,0,True,True,False,False,False,False
10,196,6,6,923,762.0,767.0,0,True,True,False,False,False,False
10,197,6,6,1048,895.0,900.0,0,True,True,False,False,False,False
10,198,6,6,865,703.0,707.0,0,True,True,False,False,False,False
10,199,6,6,882,726.0,731.0,0,True,True,False,False,False,False
10,2,5,5,430,,,1,False,False,False,False,False,True
10,200,6,6,745,584.0,585.0,0,True,True,False,False,False,False
10,201,6,6,853,689.0,694.0,0,True,True,False,False,False,False
10,202,6,6,829,660.0,667.0,0,True,True,False,False,False,False
10,203,6,6,803,638.0,642.0,0,True,True,False,False,False,False
10,204,6,6,745,578.0,584.0,0,True,True,False,False,False,False
10,205,6,6,1022,858.0,867.0,0,True,True,False,False,False,False
10,206,6,6,1108,954.0,964.0,0,True,True,False,False,False,False
10,207,6,6,841,673.0,677.0,0,True,True,False,False,False,False
10,208,6,6,928,765.0,772.0,0,True,True,False,False,False,False
10,209,6,6,1036,872.0,880.0,0,True,True,False,False,False,False
10,210,6,6,966,796.0,798.0,0,True,True,False,False,False,False
10,211,6,6,956,791.0,800.0,0,True,True,False,False,False,False
10,212,6,6,942,783.0,797.0,0,True,True,False,False,False,False
10,213,6,6,710,541.0,548.0,0,True,True,False,False,False,False
10,214,6,6,821,653.0,659.0,0,True,True,False,False,False,False
10,215,6,6,934,765.0,774.0,0,True,True,False,False,False,False
10,217,2,2,201,460.0,,0,True,False,True,False,False,False
10,218,6,6,632,460.0,,0,True,True,False,False,False,False
10,220,6,6,560,378.0,,0,True,True,False,False,False,False
10,221,6,6,744,564.0,,0,True,True,False,False,False,False
10,222,6,6,1013,841.0,,0,True,True,False,False,False,False
10,223,6,6,694,512.0,,0,True,True,False,False,False,False
10,224,6,6,963,780.0,,0,True,True,False,False,False,False
10,225,6,6,944,766.0,,0,True,True,False,False,False,False
10,226,6,6,896,715.0,,0,True,True,False,False,False,False
10,227,6,6,592,410.0,,0,True,True,False,False,False,False
10,229,6,6,880,698.0,,0,True,True,False,False,False,False
10,230,6,6,672,485.0,,0,True,True,False,False,False,False
10,231,6,6,1038,857.0,,0,True,True,False,False,False,False
10,232,6,6,759,567.0,,0,True,True,False,False,False,False
10,233,6,6,719,529.0,,0,True,True,False,False,False,False
10,235,6,6,623,432.0,,0,True,True,False,False,False,False
10,237,6,6,894,703.0,,0,True,True,False,False,False,False
10,238,6,6,827,636.0,,0,True,True,False,False,False,False
10,239,6,6,773,587.0,,0,True,True,False,False,False,False
10,241,4,4,717,,,4,False,False,False,False,False,True
10,242,4,4,723,,,4,False,False,False,False,False,True
10,243,4,4,458,,,4,False,False,False,False,False,True
10,244,4,4,468,,,4,False,False,False,False,False,True
10,245,4,4,464,,,4,False,False,False,False,False,True
10,246,4,4,468,,,4,False,False,False,False,False,True
10,247,4,4,578,,,4,False,False,False,False,False,True
10,248,4,4,669,,,4,False,False,False,False,False,True
10,249,4,4,758,,,4,False,False,False,False,False,True
10,250,4,4,427,,,4,False,False,False,False,False,True
10,251,4,4,486,,,4,False,False,False,False,False,True
10,252,4,4,476,,,4,False,False,False,False,False,True
10,253,4,4,497,,,4,False,False,False,False,False,True
10,254,4,4,724,,,4,False,False,False,False,False,True
10,255,4,4,497,,,4,False,False,False,False,False,True
10,256,4,4,539,,,4,False,False,False,False,False,True
10,257,4,4,473,,,4,False,False,False,False,False,True
10,258,4,4,497,,,4,False,False,False,False,False,True
10,259,4,4,563,,,4,False,False,False,False,False,True
10,260,4,4,531,,,4,False,False,False,False,False,True
10,261,4,4,514,,,4,False,False,False,False,False,True
10,262,4,4,476,,,4,False,False,False,False,False,True
10,263,4,4,675,,,4,False,False,False,False,False,True
10,289,1,1,79,638.0,647.0,0,True,False,True,True,False,False
10,314,5,5,489,455.0,491.0,0,True,True,False,False,False,False
10,315,6,6,701,455.0,491.0,0,True,True,False,False,False,False
10,316,6,6,1111,869.0,880.0,0,True,True,False,False,False,False
10,317,6,6,660,403.0,407.0,0,True,True,False,False,False,False
10,319,6,6,1104,853.0,862.0,0,True,True,False,False,False,False
10,320,6,6,649,395.0,397.0,0,True,True,False,False,False,False
10,321,6,6,706,445.0,446.0,0,True,True,False,False,False,False
10,323,6,6,1002,751.0,754.0,0,True,True,False,False,False,False
10,324,6,6,798,543.0,547.0,0,True,True,False,False,False,False
10,325,6,6,1008,754.0,762.0,0,True,True,False,False,False,False
10,326,6,6,1143,885.0,897.0,0,True,True,False,False,False,False
10,327,6,6,1005,754.0,759.0,0,True,True,False,False,False,False
10,328,6,6,844,579.0,582.0,0,True,True,False,False,False,False
10,329,6,6,1017,757.0,762.0,0,True,True,False,False,False,False
10,330,6,6,987,727.0,735.0,0,True,True,False,False,False,False
10,331,6,6,840,577.0,588.0,0,True,True,False,False,False,False
10,332,6,6,837,572.0,578.0,0,True,True,False,False,False,False
10,334,6,6,949,686.0,693.0,0,True,True,False,False,False,False
10,335,6,6,1012,744.0,750.0,0,True,True,False,False,False,False
10,338,6,6,1152,849.0,,0,True,True,False,False,False,False
10,339,5,5,519,508.0,,0,True,True,False,False,False,False
10,34(A),4,4,525,,,4,False,False,False,False,False,True
10,340,6,6,839,582.0,,0,True,True,False,False,False,False
10,341,6,6,1106,862.0,,0,True,True,False,False,False,False
10,342,6,6,952,697.0,,0,True,True,False,False,False,False
10,343,6,6,814,496.0,,0,True,True,False,False,False,False
10,345,6,6,845,556.0,,0,True,True,False,False,False,False
10,347,6,6,831,581.0,,0,True,True,False,False,False,False
10,348,6,6,1100,826.0,,0,True,True,False,False,False,False
10,349,6,6,1000,717.0,,0,True,True,False,False,False,False
10,35,4,4,537,,,4,False,False,False,False,False,True
10,351,6,6,867,586.0,,0,True,True,False,False,False,False
10,353,6,6,1213,941.0,,0,True,True,False,False,False,False
10,354,6,6,1070,789.0,,0,True,True,False,False,False,False
10,355,6,6,957,677.0,,0,True,True,False,False,False,False
10,356,6,6,1032,746.0,,0,True,True,False,False,False,False
10,357,6,6,850,565.0,,0,True,True,False,False,False,False
10,359,6,6,1056,780.0,,0,True,True,False,False,False,False
10,36,4,4,794,,,4,False,False,False,False,False,True
10,37,4,4,406,,,4,False,False,False,False,False,True
10,37(A),4,4,435,,,4,False,False,False,False,False,True
10,38,4,4,256,,,4,False,False,False,False,False,True
10,39,4,4,427,,,4,False,False,False,False,False,True
10,39(A),4,4,416,,,4,False,False,False,False,False,True
10,40,4,4,379,,,4,False,False,False,False,False,True
10,40(A),4,4,401,,,4,False,False,False,False,False,True
10,41,4,4,452,,,4,False,False,False,False,False,True
11,6,9,9,780,,,1,False,False,False,False,False,True
12,10,10,6,2459,,,6,False,False,False,False,False,True
12,101,6,6,766,545.0,,6,True,True,False,False,False,True
12,104,2,2,718,,,2,False,False,False,False,False,True
12,105,2,2,496,,,2,False,False,False,False,False,True
12,109,2,2,654,,,2,False,False,False,False,False,True
12,11,13,9,2334,630.0,,9,True,True,False,False,False,True
12,12,14,9,2034,664.0,,10,True,True,False,False,False,True
12,121,2,2,592,,,2,False,False,False,False,False,True
12,130,5,5,343,475.0,,5,True,False,True,False,False,True
12,132,5,5,452,891.0,,0,True,False,True,False,False,False
12,133,6,6,769,706.0,,0,True,True,False,False,False,False
12,135,6,6,672,644.0,,0,True,True,False,False,False,False
12,14,17,11,2522,613.0,,13,True,True,False,False,False,True
12,140,8,8,1132,494.0,,2,True,True,False,False,False,True
12,15,6,6,1574,,,2,False,False,False,False,False,True
12,157,2,2,321,,,2,False,False,False,False,False,True
12,159,2,2,654,,,2,False,False,False,False,False,True
12,16,11,9,1907,552.0,,7,True,True,False,False,False,True
12,168,2,2,361,,,2,False,False,False,False,False,True
12,17,6,6,1175,,,2,False,False,False,False,False,True
12,18,12,10,1782,668.0,,8,True,True,False,False,False,True
12,186,2,2,208,,,2,False,False,False,False,False,True
12,190,1,1,58,334.0,,0,True,False,True,True,False,False
12,191,1,1,49,194.0,,0,True,False,True,True,False,False
12,192,1,1,48,150.0,,0,True,False,True,True,False,False
12,193,1,1,65,218.0,,0,True,False,True,True,False,False
12,194,1,1,117,264.0,,0,True,False,True,True,False,False
12,195,1,1,102,252.0,,0,True,False,True,True,False,False
12,196,7,7,977,755.0,759.0,0,True,True,False,False,False,False
12,196(A),1,1,67,173.0,,0,True,False,True,True,False,False
12,197,7,7,903,679.0,684.0,0,True,True,False,False,False,False
12,197(A),1,1,76,147.0,,0,True,False,True,True,False,False
12,198,7,7,1158,937.0,944.0,0,True,True,False,False,False,False
12,199,7,7,825,620.0,633.0,0,True,True,False,False,False,False
12,20,12,10,1927,501.0,,8,True,True,False,False,False,True
12,200,7,7,947,759.0,762.0,0,True,True,False,False,False,False
12,201,7,7,674,467.0,473.0,0,True,True,False,False,False,False
12,201(A),1,1,64,150.0,,0,True,False,True,True,False,False
12,202,7,7,530,494.0,,0,True,True,False,False,False,False
12,202(A),1,1,34,177.0,,0,True,False,True,True,False,False
12,203,7,7,697,460.0,467.0,0,True,True,False,False,False,False
12,204,1,1,47,186.0,,0,True,False,True,True,False,False
12,204(A),1,1,53,179.0,,0,True,False,True,True,False,False
12,205,7,7,878,601.0,,0,True,True,False,False,False,False
12,206,3,3,592,179.0,,2,True,True,False,False,False,True
12,207,7,7,750,549.0,551.0,0,True,True,False,False,False,False
12,208,1,1,26,375.0,,0,True,False,True,True,False,False
12,209,6,6,638,494.0,497.0,0,True,True,False,False,False,False
12,21,4,2,1028,,,4,False,False,False,False,False,True
12,211,6,6,671,514.0,516.0,0,True,True,False,False,False,False
12,213,6,6,583,423.0,429.0,0,True,True,False,False,False,False
12,215,6,6,420,259.0,263.0,0,True,True,False,False,False,False
12,22,14,5,2257,637.0,,14,True,True,False,False,False,True
12,23,9,5,2007,674.0,,9,True,True,False,False,False,True
12,24,19,6,1854,629.0,,19,True,True,False,False,False,True
12,240,2,2,384,,,2,False,False,False,False,False,True
12,241,2,2,306,,,2,False,False,False,False,False,True
12,25,7,5,1116,658.0,,7,True,True,False,False,False,True
12,250,10,10,1076,,,2,False,False,False,False,False,True
12,258,9,9,505,1.0,1.0,1,True,True,False,False,False,True
12,26,12,5,1501,721.0,,12,True,True,False,False,False,True
12,27,2,2,205,,,2,False,False,False,False,False,True
12,272,2,2,299,,,2,False,False,False,False,False,True
12,277,2,2,275,,,2,False,False,False,False,False,True
12,28,4,2,990,,,4,False,False,False,False,False,True
12,29,2,2,436,,,2,False,False,False,False,False,True
12,30,2,2,459,,,2,False,False,False,False,False,True
12,31,8,6,988,563.0,,8,True,True,False,False,False,True
12,32,2,2,481,,,2,False,False,False,False,False,True
12,326,2,2,189,,,2,False,False,False,False,False,True
12,33,7,5,1060,656.0,,7,True,True,False,False,False,True
12,34,12,6,971,502.0,,12,True,True,False,False,False,True
12,347,2,2,244,,,2,False,False,False,False,False,True
12,352,2,2,253,,,2,False,False,False,False,False,True
12,37,4,2,556,,,4,False,False,False,False,False,True
12,38,2,2,460,,,2,False,False,False,False,False,True
12,39,2,2,694,,,2,False,False,False,False,False,True
12,391,5,5,835,,,5,False,False,False,False,False,True
12,40,16,7,1684,771.0,,16,True,True,False,False,False,True
12,400,2,2,136,,,2,False,False,False,False,False,True
12,405,2,2,204,,,2,False,False,False,False,False,True
12,409,2,2,314,,,2,False,False,False,False,False,True
12,41,8,6,1135,685.0,,8,True,True,False,False,False,True
12,42,4,2,1053,,,4,False,False,False,False,False,True
12,43,8,6,1502,487.0,,8,True,True,False,False,False,True
12,44,12,6,1151,5596.0,,12,True,False,True,False,False,True
12,441,2,2,217,,,2,False,False,False,False,False,True
12,45,4,2,1273,,,4,False,False,False,False,False,True
12,451,2,2,342,,,2,False,False,False,False,False,True
12,46,6,6,590,643.0,,6,True,False,False,False,False,True
12,47,4,2,701,,,4,False,False,False,False,False,True
12,48,10,6,1962,824.0,,10,True,True,False,False,False,True
12,51,7,5,1246,821.0,,7,True,True,False,False,False,True
12,53,6,6,493,621.0,,6,True,False,True,False,False,True
12,54,16,11,1442,725.0,,10,True,True,False,False,False,True
12,55,5,5,783,843.0,,5,True,False,False,False,False,True
12,56,2,2,532,,,2,False,False,False,False,False,True
12,60,21,15,3015,725.0,,13,True,True,False,False,False,True
12,62,10,10,1262,,,2,False,False,False,False,False,True
12,63,20,14,2525,869.0,,12,True,True,False,False,False,True
12,66,10,10,965,,,2,False,False,False,False,False,True
12,67,10,10,968,,,2,False,False,False,False,False,True
12,68,10,10,1027,,,2,False,False,False,False,False,True
12,7,7,5,1154,712.0,,7,True,True,False,False,False,True
12,70,10,10,1215,,,2,False,False,False,False,False,True
12,73,10,10,1507,,,2,False,False,False,False,False,True
12,74,14,14,1189,711.0,,6,True,True,False,False,False,True
12,75,2,2,734,,,2,False,False,False,False,False,True
12,76,2,2,513,,,2,False,False,False,False,False,True
12,77,2,2,504,,,2,False,False,False,False,False,True
12,78,2,2,399,,,2,False,False,False,False,False,True
12,80,2,2,411,,,2,False,False,False,False,False,True
12,82,2,2,402,,,2,False,False,False,False,False,True
12,83,8,6,1025,552.0,,8,True,True,False,False,False,True
12,84,2,2,406,,,2,False,False,False,False,False,True
12,88,2,2,719,,,2,False,False,False,False,False,True
12,89,5,5,588,682.0,,5,True,False,False,False,False,True
12,9,6,6,934,,,2,False,False,False,False,False,True
12,95,2,2,533,,,2,False,False,False,False,False,True
12,97,2,2,393,,,2,False,False,False,False,False,True
12,99,2,2,802,,,2,False,False,False,False,False,True
13,100,8,8,476,,,2,False,False,False,False,False,True
13,100A,8,8,459,,,2,False,False,False,False,False,True
13,101,8,8,803,,,2,False,False,False,False,False,True
13,102,8,8,880,,,2,False,False,False,False,False,True
13,103,8,8,583,,,2,False,False,False,False,False,True
13,104,7,7,755,,,2,False,False,False,False,False,True
13,105,7,7,808,,,2,False,False,False,False,False,True
13,106,4,4,529,550.0,,3,True,False,False,False,False,True
13,107,4,4,688,702.0,,3,True,False,False,False,False,True
13,108,4,4,623,631.0,,3,True,False,False,False,False,True
13,109,4,4,684,695.0,,3,True,False,False,False,False,True
13,110,4,4,805,813.0,,3,True,False,False,False,False,True
13,111,4,4,836,859.0,,3,True,False,False,False,False,True
13,112,4,4,481,492.0,,3,True,False,False,False,False,True
13,112A,4,4,526,533.0,,3,True,False,False,False,False,True
13,113,4,4,544,565.0,,3,True,False,False,False,False,True
13,113A,4,4,548,556.0,,3,True,False,False,False,False,True
13,114,4,4,602,611.0,,3,True,False,False,False,False,True
13,114A,4,4,578,595.0,,3,True,False,False,False,False,True
13,115,4,4,485,495.0,,3,True,False,False,False,False,True
13,115A,4,4,474,477.0,,3,True,False,False,False,False,True
13,116,4,4,792,804.0,,3,True,False,False,False,False,True
13,117,4,4,750,758.0,,3,True,False,False,False,False,True
13,118,4,4,875,890.0,,3,True,False,False,False,False,True
13,119,4,4,782,810.0,,3,True,False,False,False,False,True
13,120,4,4,909,925.0,,3,True,False,False,False,False,True
13,121,4,4,773,787.0,,3,True,False,False,False,False,True
13,122,4,4,599,623.0,,3,True,False,False,False,False,True
13,123,4,4,860,872.0,,3,True,False,False,False,False,True
13,124,4,4,772,794.0,,3,True,False,False,False,False,True
13,125,4,4,853,877.0,,3,True,False,False,False,False,True
13,149,8,8,1504,,,2,False,False,False,False,False,True
13,150,8,8,1447,,,2,False,False,False,False,False,True
13,151,8,8,1515,,,2,False,False,False,False,False,True
13,152,8,8,1091,,,2,False,False,False,False,False,True
13,153,8,8,913,,,2,False,False,False,False,False,True
13,153A,8,8,874,,,2,False,False,False,False,False,True
13,154,8,8,1723,,,2,False,False,False,False,False,True
13,155,8,8,1717,,,2,False,False,False,False,False,True
13,156,8,8,1711,,,2,False,False,False,False,False,True
13,157,8,8,947,,,2,False,False,False,False,False,True
13,157A,8,8,962,,,2,False,False,False,False,False,True
13,158,8,8,1509,,,2,False,False,False,False,False,True
13,159,8,8,991,,,2,False,False,False,False,False,True
13,159A,8,8,961,,,2,False,False,False,False,False,True
13,160,8,8,1056,,,2,False,False,False,False,False,True
13,160A,8,8,1123,,,2,False,False,False,False,False,True
13,161,8,8,993,,,2,False,False,False,False,False,True
13,161A,8,8,1003,,,2,False,False,False,False,False,True
13,162,8,8,1610,,,2,False,False,False,False,False,True
13,163,8,8,1592,,,2,False,False,False,False,False,True
13,164,8,8,1702,,,2,False,False,False,False,False,True
13,165,8,8,918,,,2,False,False,False,False,False,True
13,165A,8,8,953,,,2,False,False,False,False,False,True
13,166,8,8,1054,,,2,False,False,False,False,False,True
13,166A,8,8,512,512.0,513.0,2,True,False,False,False,False,True
13,167,8,8,813,813.0,814.0,2,True,False,False,False,False,True
13,168,8,8,723,723.0,724.0,2,True,False,False,False,False,True
13,169,8,8,598,598.0,601.0,2,True,False,False,False,False,True
13,169A,8,8,596,596.0,597.0,2,True,False,False,False,False,True
13,170,8,8,532,532.0,541.0,2,True,False,False,False,False,True
13,170A,8,8,532,532.0,538.0,2,True,False,False,False,False,True
13,171,8,8,479,479.0,484.0,2,True,False,False,False,False,True
13,171A,8,8,475,475.0,478.0,2,True,False,False,False,False,True
13,172,8,8,718,718.0,722.0,2,True,False,False,False,False,True
13,173,8,8,424,424.0,427.0,2,True,False,False,False,False,True
13,174,8,8,858,858.0,860.0,2,True,False,False,False,False,True
13,175,8,8,618,618.0,621.0,2,True,False,False,False,False,True
13,176,7,7,583,583.0,587.0,1,True,False,False,False,False,True
13,176A,8,8,605,605.0,612.0,2,True,False,False,False,False,True
13,177,8,8,514,514.0,517.0,2,True,False,False,False,False,True
13,178,8,8,477,477.0,481.0,2,True,False,False,False,False,True
13,178A,8,8,494,494.0,496.0,2,True,False,False,False,False,True
13,179,8,8,707,707.0,714.0,2,True,False,False,False,False,True
13,180,8,8,639,639.0,644.0,2,True,False,False,False,False,True
13,181,8,8,594,594.0,600.0,2,True,False,False,False,False,True
13,181A,8,8,609,609.0,609.0,2,True,False,False,False,False,True
13,182,7,7,633,636.0,638.0,1,True,False,False,False,False,True
13,183,7,7,619,,,1,False,False,False,False,False,True
13,28,8,8,648,648.0,,2,True,False,False,False,False,True
13,282,8,8,535,535.0,542.0,4,True,False,False,False,False,True
13,283,8,8,491,491.0,496.0,4,True,False,False,False,False,True
13,284,8,8,607,607.0,613.0,4,True,False,False,False,False,True
13,285,8,8,514,514.0,516.0,3,True,False,False,False,False,True
13,286,8,8,829,829.0,833.0,4,True,False,False,False,False,True
13,287,8,8,880,880.0,887.0,4,True,False,False,False,False,True
13,288,8,8,560,560.0,561.0,4,True,False,False,False,False,True
13,289,8,8,452,452.0,453.0,4,True,False,False,False,False,True
13,29,8,8,688,688.0,,2,True,False,False,False,False,True
13,290,8,8,496,496.0,499.0,4,True,False,False,False,False,True
13,291,8,8,451,451.0,455.0,3,True,False,False,False,False,True
13,292,8,8,544,544.0,547.0,4,True,False,False,False,False,True
13,293,8,8,504,504.0,505.0,3,True,False,False,False,False,True
13,294,8,8,552,552.0,556.0,4,True,False,False,False,False,True
13,295,8,8,508,508.0,511.0,4,True,False,False,False,False,True
13,296,8,8,669,669.0,676.0,3,True,False,False,False,False,True
13,297,8,8,593,593.0,597.0,4,True,False,False,False,False,True
13,298,8,8,548,548.0,552.0,3,True,False,False,False,False,True
13,299,8,8,526,526.0,534.0,4,True,False,False,False,False,True
13,30,8,8,697,697.0,,2,True,False,False,False,False,True
13,300,8,8,556,556.0,558.0,4,True,False,False,False,False,True
13,301,7,7,755,757.0,769.0,3,True,False,False,False,False,True
13,302,8,8,801,801.0,811.0,4,True,False,False,False,False,True
13,303,8,8,644,644.0,651.0,4,True,False,False,False,False,True
13,304,8,8,542,542.0,543.0,4,True,False,False,False,False,True
13,305,8,8,512,512.0,519.0,4,True,False,False,False,False,True
13,31,8,8,666,666.0,,2,True,False,False,False,False,True
13,32,8,8,609,609.0,,2,True,False,False,False,False,True
13,33,8,8,676,676.0,,2,True,False,False,False,False,True
13,34,8,8,638,638.0,,2,True,False,False,False,False,True
13,35,8,8,444,444.0,,2,True,False,False,False,False,True
13,35A,8,8,439,439.0,,2,True,False,False,False,False,True
13,36,8,8,815,815.0,,2,True,False,False,False,False,True
13,37,8,8,554,554.0,,2,True,False,False,False,False,True
13,37A,8,8,466,466.0,,2,True,False,False,False,False,True
13,38,8,8,711,711.0,,2,True,False,False,False,False,True
13,39,8,8,881,881.0,,2,True,False,False,False,False,True
13,40,8,8,424,424.0,,2,True,False,False,False,False,True
13,40A,8,8,440,440.0,,2,True,False,False,False,False,True
13,41,8,8,774,774.0,,2,True,False,False,False,False,True
13,42,8,8,895,895.0,,2,True,False,False,False,False,True
13,43,8,8,534,534.0,,2,True,False,False,False,False,True
13,43A,8,8,476,476.0,,2,True,False,False,False,False,True
13,44,7,7,768,778.0,,2,True,False,False,False,False,True
13,71,8,8,613,613.0,617.0,2,True,False,False,False,False,True
13,71A,8,8,611,611.0,619.0,2,True,False,False,False,False,True
13,72,8,8,555,555.0,566.0,2,True,False,False,False,False,True
13,72A,8,8,551,551.0,556.0,2,True,False,False,False,False,True
13,73,8,8,483,483.0,485.0,2,True,False,False,False,False,True
13,73A,8,8,501,501.0,505.0,2,True,False,False,False,False,True
13,74,8,8,616,616.0,618.0,2,True,False,False,False,False,True
13,75,8,8,706,706.0,712.0,2,True,False,False,False,False,True
13,76,8,8,481,481.0,482.0,2,True,False,False,False,False,True
13,76A,8,8,461,461.0,466.0,2,True,False,False,False,False,True
13,77,8,8,873,873.0,878.0,2,True,False,False,False,False,True
13,78,8,8,668,668.0,674.0,2,True,False,False,False,False,True
13,79,8,8,614,614.0,615.0,2,True,False,False,False,False,True
13,80,8,8,633,633.0,637.0,2,True,False,False,False,False,True
13,81,8,8,523,523.0,528.0,2,True,False,False,False,False,True
13,81A,8,8,556,556.0,560.0,2,True,False,False,False,False,True
13,82,8,8,576,576.0,578.0,2,True,False,False,False,False,True
13,82A,8,8,549,,,2,False,False,False,False,False,True
13,83,8,8,776,776.0,778.0,2,True,False,False,False,False,True
13,84,8,8,560,560.0,563.0,2,True,False,False,False,False,True
13,85,8,8,807,807.0,813.0,2,True,False,False,False,False,True
13,86,7,7,519,520.0,523.0,2,True,False,False,False,False,True
13,87,8,8,792,,,2,False,False,False,False,False,True
13,88,8,8,789,,,2,False,False,False,False,False,True
13,89,8,8,809,,,2,False,False,False,False,False,True
13,90,8,8,608,,,2,False,False,False,False,False,True
13,90A,8,8,631,,,2,False,False,False,False,False,True
13,91,8,8,470,,,2,False,False,False,False,False,True
13,91A,8,8,499,,,2,False,False,False,False,False,True
13,92,8,8,908,,,2,False,False,False,False,False,True
13,93,8,8,739,,,2,False,False,False,False,False,True
13,94,8,8,918,,,2,False,False,False,False,False,True
13,95,8,8,828,,,2,False,False,False,False,False,True
13,96,8,8,710,,,2,False,False,False,False,False,True
13,97,8,8,435,,,2,False,False,False,False,False,True
13,97A,8,8,477,,,2,False,False,False,False,False,True
13,98,8,8,446,,,2,False,False,False,False,False,True
13,98A,8,8,465,,,2,False,False,False,False,False,True
13,99,8,8,709,,,2,False,False,False,False,False,True
14,10,7,7,490,717.0,,0,True,False,True,False,False,False
14,100,2,2,9,,,2,False,False,False,False,False,True
14,101,3,3,85,,,3,False,False,False,False,False,True
14,102,3,3,89,,,3,False,False,False,False,False,True
14,103,3,3,88,,,3,False,False,False,False,False,True
14,104,3,3,89,,,3,False,False,False,False,False,True
14,105,3,3,101,,,3,False,False,False,False,False,True
14,106,3,3,94,,,3,False,False,False,False,False,True
14,107,3,3,92,,,3,False,False,False,False,False,True
14,108,3,3,96,,,3,False,False,False,False,False,True
14,109,2,2,8,,,2,False,False,False,False,False,True
14,11,7,7,691,497.0,,0,True,True,False,False,False,False
14,110,3,3,112,,,3,False,False,False,False,False,True
14,111,3,3,93,,,3,False,False,False,False,False,True
14,112,3,3,95,,,3,False,False,False,False,False,True
14,113,2,2,1,,,2,False,False,False,False,False,True
14,114,3,3,108,,,3,False,False,False,False,False,True
14,115,3,3,98,,,3,False,False,False,False,False,True
14,116,3,3,102,,,3,False,False,False,False,False,True
14,117,2,2,8,,,2,False,False,False,False,False,True
14,118,3,3,99,,,3,False,False,False,False,False,True
14,119,3,3,98,,,3,False,False,False,False,False,True
14,12,7,7,776,692.0,,0,True,True,False,False,False,False
14,13,7,7,452,773.0,,0,True,False,True,False,False,False
14,14(A),7,7,374,347.0,,0,True,True,False,False,False,False
14,145,3,3,656,,,3,False,False,False,False,False,True
14,146,3,3,526,,,3,False,False,False,False,False,True
14,147,3,3,848,,,3,False,False,False,False,False,True
14,148,3,3,680,,,3,False,False,False,False,False,True
14,149,3,3,825,,,3,False,False,False,False,False,True
14,15,7,7,452,378.0,,0,True,True,False,False,False,False
14,150,3,3,497,,,3,False,False,False,False,False,True
14,151,3,3,508,,,3,False,False,False,False,False,True
14,152,4,4,692,,,4,False,False,False,False,False,True
14,153,4,4,511,,,4,False,False,False,False,False,True
14,154,4,4,790,,,4,False,False,False,False,False,True
14,155,4,4,529,,,4,False,False,False,False,False,True
14,156,3,3,330,,,3,False,False,False,False,False,True
14,157,4,4,499,,,4,False,False,False,False,False,True
14,158,4,4,606,,,4,False,False,False,False,False,True
14,159,3,3,491,,,3,False,False,False,False,False,True
14,160,4,4,620,,,4,False,False,False,False,False,True
14,161,4,4,648,,,4,False,False,False,False,False,True
14,162,4,4,783,,,4,False,False,False,False,False,True
14,163,4,4,656,,,4,False,False,False,False,False,True
14,164,4,4,682,,,4,False,False,False,False,False,True
14,165,4,4,693,,,4,False,False,False,False,False,True
14,166,4,4,619,,,4,False,False,False,False,False,True
14,167,4,4,688,,,4,False,False,False,False,False,True
14,17,7,7,444,702.0,,0,True,False,True,False,False,False
14,193,7,7,617,471.0,477.0,0,True,True,False,False,False,False
14,195,7,7,735,586.0,594.0,0,True,True,False,False,False,False
14,197,7,7,823,686.0,702.0,0,True,True,False,False,False,False
14,198,7,7,740,587.0,598.0,0,True,True,False,False,False,False
14,199,7,7,846,700.0,717.0,0,True,True,False,False,False,False
14,2,7,7,535,435.0,,0,True,True,False,False,False,False
14,200,7,7,814,667.0,685.0,0,True,True,False,False,False,False
14,201,7,7,651,502.0,517.0,0,True,True,False,False,False,False
14,203,7,7,925,783.0,816.0,0,True,True,False,False,False,False
14,204,7,7,588,432.0,439.0,0,True,True,False,False,False,False
14,205,7,7,696,539.0,559.0,0,True,True,False,False,False,False
14,206,7,7,774,615.0,631.0,0,True,True,False,False,False,False
14,208,7,7,612,455.0,475.0,0,True,True,False,False,False,False
14,209,7,7,921,771.0,814.0,0,True,True,False,False,False,False
14,211,7,7,639,488.0,504.0,0,True,True,False,False,False,False
14,212,7,7,842,690.0,698.0,0,True,True,False,False,False,False
14,213,7,7,785,624.0,638.0,0,True,True,False,False,False,False
14,214,7,7,923,765.0,772.0,0,True,True,False,False,False,False
14,215,7,7,633,463.0,476.0,0,True,True,False,False,False,False
14,292,1,1,268,,,1,False,False,False,True,False,True
14,293,2,2,331,,,2,False,False,False,False,False,True
14,294,1,1,215,,,1,False,False,False,True,False,True
14,295,2,2,405,,,2,False,False,False,False,False,True
14,296,1,1,285,,,1,False,False,False,True,False,True
14,297,2,2,484,,,2,False,False,False,False,False,True
14,298,1,1,307,,,1,False,False,False,True,False,True
14,3,7,7,590,575.0,,0,True,True,False,False,False,False
14,4,7,7,431,595.0,,0,True,False,True,False,False,False
14,4(A),7,7,449,415.0,,0,True,True,False,False,False,False
14,5,7,7,628,460.0,,0,True,True,False,False,False,False
14,6,7,7,340,624.0,,0,True,False,True,False,False,False
14,73,1,1,398,,,1,False,False,False,True,False,True
14,74,1,1,296,,,1,False,False,False,True,False,True
14,75,1,1,253,,,1,False,False,False,True,False,True
14,76,1,1,258,,,1,False,False,False,True,False,True
14,77,1,1,237,,,1,False,False,False,True,False,True
14,78,1,1,270,,,1,False,False,False,True,False,True
14,79,1,1,204,,,1,False,False,False,True,False,True
14,80,2,2,380,,,2,False,False,False,False,False,True
14,81,2,2,263,,,2,False,False,False,False,False,True
14,82,1,1,276,,,1,False,False,False,True,False,True
14,83,2,2,290,,,2,False,False,False,False,False,True
14,84,1,1,268,,,1,False,False,False,True,False,True
14,85,2,2,363,,,2,False,False,False,False,False,True
14,86,1,1,267,,,1,False,False,False,True,False,True
14,87,2,2,658,,,2,False,False,False,False,False,True
14,88,2,2,540,,,2,False,False,False,False,False,True
14,89,2,2,360,,,2,False,False,False,False,False,True
14,9,7,7,729,684.0,,0,True,True,False,False,False,False
14,90,2,2,458,,,2,False,False,False,False,False,True
14,91,2,2,236,,,2,False,False,False,False,False,True
14,92,2,2,539,,,2,False,False,False,False,False,True
14,93,2,2,537,,,2,False,False,False,False,False,True
14,94,2,2,555,,,2,False,False,False,False,False,True
14,95,2,2,528,,,2,False,False,False,False,False,True
14,97,3,3,87,,,3,False,False,False,False,False,True
14,98,3,3,82,,,3,False,False,False,False,False,True
14,99,3,3,88,,,3,False,False,False,False,False,True
15,134A,7,7,262,654.0,661.0,0,True,False,True,False,False,False
15,183A,5,5,353,847.0,,0,True,False,True,False,False,False
15,184,5,5,830,546.0,,0,True,True,False,False,False,False
15,185,5,5,532,908.0,,0,True,False,True,False,False,False
15,187,5,5,858,702.0,,0,True,True,False,False,False,False
15,188,5,5,671,620.0,,0,True,True,False,False,False,False
15,189,5,5,610,541.0,,0,True,True,False,False,False,False
15,189A,5,5,529,460.0,,0,True,True,False,False,False,False
15,190,5,5,453,877.0,,0,True,False,True,False,False,False
15,191,5,5,850,647.0,,0,True,True,False,False,False,False
15,192A,5,5,293,514.0,,0,True,False,True,False,False,False
15,193,5,5,510,440.0,,0,True,True,False,False,False,False
15,194,5,5,524,440.0,,0,True,True,False,False,False,False
15,194A,5,5,436,648.0,,0,True,False,True,False,False,False
15,195,5,5,638,391.0,,0,True,True,False,False,False,False
15,196,5,5,388,849.0,,0,True,False,True,False,False,False
15,197,5,5,838,774.0,,0,True,True,False,False,False,False
15,199,5,5,873,527.0,,0,True,True,False,False,False,False
15,200,5,5,522,453.0,,0,True,True,False,False,False,False
15,200A,5,5,451,580.0,,0,True,False,True,False,False,False
16,141,16,13,920,484.0,,0,True,True,False,False,False,False
16,151,9,9,342,642.0,652.0,0,True,False,True,False,False,False
16,154,18,12,1691,742.0,764.0,0,True,True,False,False,False,False
16,157,17,15,940,556.0,1087.0,0,True,True,False,False,False,False
16,216,16,12,589,399.0,808.0,0,True,True,False,False,False,False
16,218,16,12,849,509.0,1025.0,0,True,True,False,False,False,False
16,220,25,17,1947,497.0,1001.0,0,True,True,False,False,False,False
16,221,16,12,839,503.0,1014.0,0,True,True,False,False,False,False
16,222,16,12,748,349.0,704.0,0,True,True,False,False,False,False
16,227,8,8,260,487.0,982.0,0,True,False,True,False,False,False
16,232,8,8,584,570.0,,0,True,True,False,False,False,False
16,243,13,13,1287,775.0,789.0,0,True,True,False,False,False,False
16,244,13,13,1067,510.0,519.0,0,True,True,False,False,False,False
16,245,13,13,1248,781.0,788.0,0,True,True,False,False,False,False
16,246,19,17,1040,552.0,1064.0,0,True,True,False,False,False,False
16,247,13,13,1295,912.0,925.0,0,True,True,False,False,False,False
16,249,13,13,944,570.0,574.0,0,True,True,False,False,False,False
16,250,12,12,690,498.0,506.0,0,True,True,False,False,False,False
16,251,13,13,1547,910.0,918.0,0,True,True,False,False,False,False
16,252,13,13,1426,826.0,844.0,0,True,True,False,False,False,False
16,253,13,13,1145,721.0,734.0,0,True,True,False,False,False,False
16,255,15,14,1613,738.0,751.0,0,True,True,False,False,False,False
16,256,15,14,1159,519.0,522.0,0,True,True,False,False,False,False
16,257,14,13,1033,540.0,544.0,0,True,True,False,False,False,False
16,258,15,14,1761,847.0,867.0,0,True,True,False,False,False,False
16,259,15,14,1467,612.0,621.0,0,True,True,False,False,False,False
16,260,15,14,1625,738.0,745.0,0,True,True,False,False,False,False
16,261,15,14,1403,560.0,567.0,0,True,True,False,False,False,False
16,263,14,12,1329,439.0,883.0,0,True,True,False,False,False,False
16,289,9,9,870,628.0,,0,True,True,False,False,False,False
16,292,8,8,265,557.0,1120.0,0,True,False,True,False,False,False
16,309,8,8,624,933.0,1874.0,0,True,False,True,False,False,False
16,332,8,8,376,708.0,1433.0,0,True,False,True,False,False,False
16,341,8,8,280,621.0,1247.0,0,True,False,True,False,False,False
16,345,17,14,1803,834.0,1679.0,0,True,True,False,False,False,False
16,362,8,8,491,765.0,,0,True,False,True,False,False,False
16,368,8,8,209,577.0,1164.0,0,True,False,True,False,False,False
16,378,8,8,188,576.0,1159.0,0,True,False,True,False,False,False
16,387,8,8,158,545.0,1098.0,0,True,False,True,False,False,False
16,390,9,9,1290,873.0,,0,True,True,False,False,False,False
16,417,8,8,384,801.0,1612.0,0,True,False,True,False,False,False
16,431,8,8,509,940.0,1893.0,0,True,False,True,False,False,False
17,111,7,7,788,456.0,460.0,0,True,True,False,False,False,False
17,114,7,7,320,702.0,707.0,0,True,False,True,False,False,False
17,114(A),7,7,416,322.0,325.0,0,True,True,False,False,False,False
17,115,7,7,520,420.0,422.0,0,True,True,False,False,False,False
17,1151(A),9,9,327,486.0,986.0,0,True,False,True,False,False,False
17,116,7,7,731,523.0,536.0,0,True,True,False,False,False,False
17,118,7,7,531,685.0,701.0,0,True,False,True,False,False,False
17,148,9,9,484,665.0,1344.0,0,True,False,True,False,False,False
17,149,9,9,416,885.0,1798.0,0,True,False,True,False,False,False
17,150,9,9,451,725.0,1474.0,0,True,False,True,False,False,False
17,153,9,9,417,804.0,1630.0,0,True,False,True,False,False,False
17,154,9,9,466,685.0,1390.0,0,True,False,True,False,False,False
17,155,9,9,431,683.0,1384.0,0,True,False,True,False,False,False
17,156(A),9,9,274,641.0,1318.0,0,True,False,True,False,False,False
17,157,9,9,257,544.0,1108.0,0,True,False,True,False,False,False
17,158,9,9,562,937.0,1358.0,0,True,False,True,False,False,False
17,159,9,9,457,842.0,1807.0,0,True,False,True,False,False,False
17,160(A),9,9,219,569.0,1162.0,0,True,False,True,False,False,False
17,162,9,9,354,640.0,1300.0,0,True,False,True,False,False,False
17,163(A),3,3,298,449.0,578.0,0,True,False,True,False,False,False
17,164,3,3,283,453.0,461.0,0,True,False,True,False,False,False
17,164(A),3,3,342,554.0,561.0,0,True,False,True,False,False,False
17,165,3,3,291,563.0,569.0,0,True,False,True,False,False,False
17,167,3,3,197,861.0,881.0,0,True,False,True,False,False,False
17,167(A),3,3,112,527.0,531.0,0,True,False,True,False,False,False
17,168,3,3,307,433.0,438.0,0,True,False,True,False,False,False
17,169,3,3,241,713.0,720.0,0,True,False,True,False,False,False
17,169(A),3,3,225,542.0,545.0,0,True,False,True,False,False,False
17,170,3,3,360,536.0,539.0,0,True,False,True,False,False,False
17,170(A),3,3,266,530.0,545.0,0,True,False,True,False,False,False
17,171,3,3,374,587.0,597.0,0,True,False,True,False,False,False
17,172,3,3,199,761.0,783.0,0,True,False,True,False,False,False
17,172(A),3,3,224,510.0,517.0,0,True,False,True,False,False,False
17,173,3,3,334,493.0,502.0,0,True,False,True,False,False,False
17,173(A),3,3,252,526.0,529.0,0,True,False,True,False,False,False
17,174,3,3,316,485.0,494.0,0,True,False,True,False,False,False
17,174(A),3,3,240,537.0,540.0,0,True,False,True,False,False,False
17,175,3,3,286,476.0,484.0,0,True,False,True,False,False,False
17,175(A),3,3,278,548.0,555.0,0,True,False,True,False,False,False
17,177,3,3,417,948.0,965.0,0,True,False,True,False,False,False
17,178,3,3,752,613.0,617.0,0,True,True,False,False,False,False
17,197,9,9,766,,,3,False,False,False,False,False,True
17,198,9,9,491,,,3,False,False,False,False,False,True
17,198(A),9,9,880,,,3,False,False,False,False,False,True
17,199,9,9,612,,,3,False,False,False,False,False,True
17,200,9,9,879,,,3,False,False,False,False,False,True
17,201,9,9,489,,,3,False,False,False,False,False,True
17,202,9,9,410,,,3,False,False,False,False,False,True
17,203,18,18,655,,,3,False,False,False,False,False,True
17,203(A),9,9,432,,,3,False,False,False,False,False,True
17,204,9,9,947,,,3,False,False,False,False,False,True
17,205,9,9,560,,,3,False,False,False,False,False,True
17,205(A),9,9,634,,,3,False,False,False,False,False,True
17,206,9,9,911,,,3,False,False,False,False,False,True
17,207,8,8,771,,,2,False,False,False,False,False,True
17,208,9,9,629,,,3,False,False,False,False,False,True
17,208(A),9,9,535,,,3,False,False,False,False,False,True
17,209,9,9,765,,,3,False,False,False,False,False,True
17,211,9,9,667,,,3,False,False,False,False,False,True
17,212,8,8,562,,,3,False,False,False,False,False,True
17,213,9,9,629,,,3,False,False,False,False,False,True
17,214,9,9,728,,,3,False,False,False,False,False,True
17,215,9,9,557,,,3,False,False,False,False,False,True
17,215(A),9,9,484,,,3,False,False,False,False,False,True
17,216,9,9,544,,,3,False,False,False,False,False,True
17,216(A),9,9,436,,,3,False,False,False,False,False,True
17,79,10,10,1076,838.0,853.0,0,True,True,False,False,False,False
18,124,5,5,425,588.0,,5,True,False,True,False,False,True
18,136,10,5,716,530.0,,10,True,True,False,False,False,True
18,145,5,5,411,571.0,,5,True,False,True,False,False,True
18,147,5,5,227,397.0,,5,True,False,True,False,False,True
18,184,5,5,278,491.0,,5,True,False,True,False,False,True
18,189,5,5,498,712.0,,5,True,False,True,False,False,True
18,198,5,5,353,564.0,,5,True,False,True,False,False,True
18,201,5,5,295,,,5,False,False,False,False,False,True
18,205,5,5,318,550.0,,5,True,False,True,False,False,True
18,206,5,5,210,447.0,,5,True,False,True,False,False,True
18,207,5,5,445,686.0,,5,True,False,True,False,False,True
18,217,5,5,399,625.0,,5,True,False,True,False,False,True
18,217A,6,6,210,404.0,413.0,0,True,False,True,False,False,False
18,225,12,12,1204,560.0,,5,True,True,False,False,False,True
18,226,12,12,933,576.0,,5,True,True,False,False,False,True
18,241,5,5,280,537.0,,5,True,False,True,False,False,True
18,249,5,5,185,477.0,,5,True,False,True,False,False,True
18,258,5,5,258,557.0,,5,True,False,True,False,False,True
18,279,5,5,211,514.0,,5,True,False,True,False,False,True
18,33,5,5,300,,,5,False,False,False,False,False,True
18,34,5,5,295,,,5,False,False,False,False,False,True
18,35,5,5,84,,,5,False,False,False,False,False,True
18,35A,5,5,151,,,5,False,False,False,False,False,True
18,36,5,5,191,,,5,False,False,False,False,False,True
18,36A,5,5,236,,,5,False,False,False,False,False,True
18,37,5,5,127,,,5,False,False,False,False,False,True
18,375,5,5,394,785.0,,5,True,False,True,False,False,True
19,138,6,6,9,334.0,,6,True,False,True,False,False,True
19,150,6,6,8,430.0,,6,True,False,True,False,False,True
19,154,12,6,16,445.0,,12,True,False,True,False,False,True
19,155,1,1,30,240.0,442.0,0,True,False,True,True,False,False
19,157,7,7,254,487.0,590.0,6,True,False,True,False,False,True
19,158,1,1,204,480.0,767.0,0,True,False,True,True,False,False
19,159,2,1,254,302.0,591.0,0,True,False,False,True,False,False
19,159A,1,1,140,188.0,359.0,0,True,False,True,True,False,False
19,160,1,1,287,,,0,False,False,False,True,False,False
19,161,1,1,161,242.0,442.0,0,True,False,True,True,False,False
19,162,1,1,122,336.0,493.0,0,True,False,True,True,False,False
19,163,1,1,72,367.0,457.0,0,True,False,True,True,False,False
19,163A,1,1,60,265.0,338.0,0,True,False,True,True,False,False
19,164,1,1,339,,,0,False,False,False,True,False,False
19,165,1,1,194,214.0,463.0,0,True,False,False,True,False,False
19,166,1,1,258,274.0,587.0,0,True,False,False,True,False,False
19,166A,1,1,193,199.0,433.0,0,True,False,False,True,False,False
19,167,1,1,233,267.0,560.0,0,True,False,False,True,False,False
19,167A,1,1,225,,,0,False,False,False,True,False,False
19,168,2,1,319,316.0,687.0,0,True,False,False,True,False,False
19,169,1,1,192,,,0,False,False,False,True,False,False
19,170,1,1,278,,,0,False,False,False,True,False,False
19,171,1,1,350,,,0,False,False,False,True,False,False
19,172,2,1,298,287.0,489.0,0,True,True,False,True,False,False
19,173,7,7,187,525.0,507.0,6,True,False,True,False,False,True
19,173A,1,1,171,237.0,470.0,0,True,False,True,True,False,False
19,174,1,1,290,342.0,723.0,0,True,False,False,True,False,False
19,175,1,1,345,,,0,False,False,False,True,False,False
19,176,2,1,302,249.0,451.0,0,True,True,False,True,False,False
19,177,2,1,225,249.0,443.0,0,True,False,False,True,False,False
19,177A,1,1,220,,,0,False,False,False,True,False,False
19,178,7,7,24,280.0,418.0,6,True,False,True,False,False,True
19,180,1,1,22,291.0,502.0,0,True,False,True,True,False,False
19,183,1,1,12,250.0,456.0,0,True,False,True,True,False,False
19,184,6,6,575,,,6,False,False,False,False,False,True
19,187,6,6,10,619.0,,6,True,False,True,False,False,True
19,190,1,1,21,339.0,583.0,0,True,False,True,True,False,False
19,193,6,6,7,483.0,,6,True,False,True,False,False,True
19,194,1,1,31,322.0,569.0,0,True,False,True,True,False,False
19,196,7,7,43,276.0,517.0,6,True,False,True,False,False,True
19,198,7,7,641,264.0,504.0,6,True,True,False,False,False,True
19,209,2,1,52,294.0,552.0,0,True,False,True,True,False,False
19,223,1,1,48,364.0,650.0,0,True,False,True,True,False,False
19,230,1,1,48,236.0,519.0,0,True,False,True,True,False,False
19,233,1,1,31,359.0,642.0,0,True,False,True,True,False,False
19,237,6,6,15,629.0,,6,True,False,True,False,False,True
19,238,12,6,33,657.0,,12,True,False,True,False,False,True
19,244,1,1,43,246.0,546.0,0,True,False,True,True,False,False
19,256,1,1,43,326.0,638.0,0,True,False,True,True,False,False
19,263,5,5,59,674.0,803.0,4,True,False,True,False,False,True
19,274,2,1,92,402.0,748.0,0,True,False,True,True,False,False
19,278,2,1,58,358.0,683.0,0,True,False,True,True,False,False
19,288,6,6,11,657.0,,6,True,False,True,False,False,True
19,325,1,1,31,365.0,735.0,0,True,False,True,True,False,False
19,342,6,6,13,463.0,,6,True,False,True,False,False,True
19,353,6,6,26,766.0,,6,True,False,True,False,False,True
19,400,6,6,17,977.0,,6,True,False,True,False,False,True
19,407,1,1,43,372.0,855.0,0,True,False,True,True,False,False
20,10,12,9,1503,442.0,,0,True,True,False,False,False,False
20,102,5,5,557,821.0,851.0,0,True,False,True,False,False,False
20,11,11,8,1693,602.0,,0,True,True,False,False,False,False
20,121,5,5,399,607.0,619.0,0,True,False,True,False,False,False
20,13,17,9,2708,835.0,,0,True,True,False,False,False,False
20,14,12,9,2111,741.0,,0,True,True,False,False,False,False
20,15,17,9,3269,605.0,,0,True,True,False,False,False,False
20,153,2,1,123,257.0,530.0,0,True,False,True,True,False,False
20,158,1,1,35,279.0,516.0,0,True,False,True,True,False,False
20,16,10,6,1082,769.0,,0,True,True,False,False,False,False
20,164,5,5,480,400.0,,0,True,True,False,False,False,False
20,169,5,5,549,487.0,489.0,0,True,True,False,False,False,False
20,17,12,6,1986,843.0,,0,True,True,False,False,False,False
20,172,6,5,562,750.0,779.0,0,True,False,True,False,False,False
20,176,5,5,562,797.0,808.0,0,True,False,True,False,False,False
20,177,5,5,697,562.0,573.0,0,True,True,False,False,False,False
20,178,5,5,744,697.0,712.0,0,True,True,False,False,False,False
20,178A,5,5,511,744.0,749.0,0,True,False,True,False,False,False
20,179,4,4,742,511.0,516.0,0,True,True,False,False,False,False
20,180,6,5,871,750.0,789.0,0,True,True,False,False,False,False
20,181,5,5,865,814.0,829.0,0,True,True,False,False,False,False
20,182,5,5,369,865.0,884.0,0,True,False,True,False,False,False
20,182A,5,5,459,369.0,391.0,0,True,True,False,False,False,False
20,183,5,5,755,459.0,478.0,0,True,True,False,False,False,False
20,184,5,5,486,755.0,776.0,0,True,False,True,False,False,False
20,186,1,1,14,415.0,428.0,0,True,False,True,True,False,False
20,19,11,6,1821,697.0,,0,True,True,False,False,False,False
20,199,1,1,41,335.0,819.0,0,True,False,True,True,False,False
20,206,3,3,684,835.0,,2,True,False,False,False,False,True
20,21,6,6,1022,782.0,,0,True,True,False,False,False,False
20,210,2,1,47,281.0,683.0,0,True,False,True,True,False,False
20,223,1,1,20,262.0,621.0,0,True,False,True,True,False,False
20,23,6,6,989,763.0,,0,True,True,False,False,False,False
20,248,3,3,247,609.0,,2,True,False,True,False,False,True
20,248A,3,3,383,566.0,,2,True,False,True,False,False,True
20,249,3,3,379,616.0,,2,True,False,True,False,False,True
20,249A,3,3,207,529.0,,2,True,False,True,False,False,True
20,250,3,3,348,644.0,,2,True,False,True,False,False,True
20,251,3,3,460,654.0,,2,True,False,True,False,False,True
20,252,3,3,264,426.0,,2,True,False,True,False,False,True
20,253,3,3,486,880.0,,2,True,False,True,False,False,True
20,254,3,3,353,717.0,,2,True,False,True,False,False,True
20,255,3,3,525,832.0,,2,True,False,True,False,False,True
20,256,3,3,167,778.0,,2,True,False,True,False,False,True
20,257,3,3,155,504.0,,2,True,False,True,False,False,True
20,258A,2,2,157,572.0,,1,True,False,True,False,False,True
20,259,3,3,282,647.0,,2,True,False,True,False,False,True
20,25B,2,2,126,636.0,,1,True,False,True,False,False,True
20,260,3,3,226,544.0,,2,True,False,True,False,False,True
20,260A,3,3,213,380.0,,2,True,False,True,False,False,True
20,261,3,3,281,446.0,,2,True,False,True,False,False,True
20,262,3,3,351,670.0,,2,True,False,True,False,False,True
20,263,3,3,211,443.0,,2,True,False,True,False,False,True
20,264,3,3,193,625.0,,2,True,False,True,False,False,True
20,264A,3,3,251,476.0,,2,True,False,True,False,False,True
20,265,3,3,517,615.0,,2,True,False,False,False,False,True
20,265A,3,3,263,444.0,,2,True,False,True,False,False,True
20,267,4,4,488,569.0,818.0,2,True,False,False,False,False,True
20,268,3,3,273,601.0,,2,True,False,True,False,False,True
20,268A,2,2,231,326.0,580.0,0,True,False,True,False,False,False
20,28,6,6,638,605.0,,0,True,True,False,False,False,False
20,309,1,1,33,463.0,732.0,0,True,False,True,True,False,False
20,314,1,1,101,198.0,381.0,0,True,False,True,True,False,False
20,321,1,1,19,320.0,712.0,0,True,False,True,True,False,False
20,327,2,1,39,242.0,791.0,0,True,False,True,True,False,False
20,329,1,1,16,261.0,775.0,0,True,False,True,True,False,False
20,330,1,1,7,108.0,503.0,0,True,False,True,True,False,False
20,339,2,1,27,137.0,620.0,0,True,False,True,True,False,False
20,369,1,1,5,183.0,650.0,0,True,False,True,True,False,False
20,379,1,1,62,342.0,580.0,0,True,False,True,True,False,False
20,460,1,1,30,234.0,438.0,0,True,False,True,True,False,False
20,50,6,6,816,696.0,,0,True,True,False,False,False,False
20,51,5,5,587,477.0,,0,True,True,False,False,False,False
20,53,6,6,616,584.0,,0,True,True,False,False,False,False
20,6,12,9,2062,497.0,,0,True,True,False,False,False,False
20,7,24,9,3419,525.0,,0,True,True,False,False,False,False
20,8,12,9,1545,428.0,,0,True,True,False,False,False,False
20,9,18,9,2253,648.0,,0,True,True,False,False,False,False
21,254,8,8,490,379.0,,0,True,True,False,False,False,False
22,1,15,14,85,235.0,12.0,2,True,False,True,False,False,True
22,12,4,4,18,6.0,375.0,0,True,True,False,False,False,False
22,16,4,4,10,4.0,501.0,0,True,True,False,False,False,False
22,17,11,11,557,350.0,106.0,0,True,True,False,False,False,False
22,196,14,14,955,,,1,False,False,False,False,False,True
22,3,11,11,468,4.0,6.0,0,True,True,False,False,False,False
22,6,12,11,451,9.0,751.0,0,True,True,False,False,False,False
22,65,4,4,235,,,1,False,False,False,False,False,True
22,66,4,4,387,,,1,False,False,False,False,False,True
22,67,4,4,737,,,1,False,False,False,False,False,True
22,68,4,4,258,,,1,False,False,False,False,False,True
22,69,3,3,145,,,1,False,False,False,False,False,True
22,70,4,4,274,,,1,False,False,False,False,False,True
22,71,4,4,220,,,1,False,False,False,False,False,True
22,72,4,4,366,,,1,False,False,False,False,False,True
22,74,4,4,106,,,1,False,False,False,False,False,True
22,75,4,4,311,,,1,False,False,False,False,False,True
22,76,4,4,346,,,1,False,False,False,False,False,True
22,77,4,4,342,,,1,False,False,False,False,False,True
22,78,4,4,264,,,1,False,False,False,False,False,True
22,79,4,4,373,,,1,False,False,False,False,False,True
22,8,4,4,11,9.0,741.0,0,True,True,False,False,False,False
22,80,3,3,288,,,1,False,False,False,False,False,True
23,148,10,10,641,507.0,517.0,2,True,True,False,False,False,True
23,149,10,10,524,389.0,393.0,2,True,True,False,False,False,True
23,150,10,10,469,333.0,338.0,2,True,True,False,False,False,True
23,151,10,10,658,521.0,528.0,2,True,True,False,False,False,True
23,152,10,10,588,450.0,460.0,2,True,True,False,False,False,True
23,153,10,10,569,430.0,436.0,2,True,True,False,False,False,True
23,154,10,10,564,424.0,427.0,2,True,True,False,False,False,True
23,155,10,10,445,304.0,312.0,1,True,True,False,False,False,True
23,156,10,10,624,482.0,492.0,1,True,True,False,False,False,True
23,157,10,10,485,342.0,346.0,1,True,True,False,False,False,True
23,158,10,10,631,487.0,494.0,2,True,True,False,False,False,True
23,159,10,10,725,580.0,588.0,2,True,True,False,False,False,True
23,160,10,10,717,571.0,584.0,1,True,True,False,False,False,True
23,161,10,10,502,355.0,360.0,1,True,True,False,False,False,True
23,162,10,10,599,451.0,460.0,2,True,True,False,False,False,True
23,163,10,10,692,543.0,555.0,2,True,True,False,False,False,True
23,164,10,10,506,356.0,366.0,2,True,True,False,False,False,True
23,165,9,9,353,353.0,358.0,2,True,False,False,False,False,True
23,166,10,10,736,585.0,597.0,2,True,True,False,False,False,True
23,167,10,10,481,329.0,334.0,2,True,True,False,False,False,True
23,168,9,9,261,261.0,269.0,2,True,False,False,False,False,True
23,169,10,10,601,448.0,462.0,0,True,True,False,False,False,False
23,170,10,10,710,556.0,571.0,0,True,True,False,False,False,False
23,171,10,10,427,272.0,279.0,0,True,True,False,False,False,False
23,172,10,10,778,622.0,630.0,0,True,True,False,False,False,False
23,173,10,10,809,652.0,675.0,0,True,True,False,False,False,False
23,174,10,10,601,443.0,457.0,0,True,True,False,False,False,False
23,175,10,10,807,648.0,667.0,0,True,True,False,False,False,False
23,176,10,10,594,434.0,446.0,0,True,True,False,False,False,False
23,177,10,10,434,273.0,276.0,0,True,True,False,False,False,False
23,178,10,10,699,537.0,543.0,0,True,True,False,False,False,False
23,179,10,10,509,346.0,357.0,0,True,True,False,False,False,False
23,180,10,10,505,341.0,349.0,0,True,True,False,False,False,False
23,181,10,10,585,420.0,426.0,0,True,True,False,False,False,False
23,182,10,10,830,664.0,674.0,0,True,True,False,False,False,False
23,183,10,10,722,555.0,564.0,0,True,True,False,False,False,False
23,184,10,10,517,349.0,353.0,0,True,True,False,False,False,False
23,185,10,10,527,358.0,375.0,0,True,True,False,False,False,False
23,186,10,10,725,555.0,573.0,0,True,True,False,False,False,False
23,187,10,10,632,461.0,474.0,0,True,True,False,False,False,False
23,188,10,10,627,455.0,464.0,0,True,True,False,False,False,False
23,189,10,10,815,642.0,648.0,0,True,True,False,False,False,False
23,190,10,10,569,395.0,402.0,0,True,True,False,False,False,False
23,191,10,10,557,382.0,406.0,0,True,True,False,False,False,False
23,192,10,10,714,538.0,551.0,0,True,True,False,False,False,False
23,193,10,10,643,466.0,472.0,0,True,True,False,False,False,False
23,194,18,10,1260,573.0,582.0,0,True,True,False,False,False,False
23,195,18,10,1133,575.0,583.0,0,True,True,False,False,False,False
23,196,19,10,1058,462.0,473.0,0,True,True,False,False,False,False
23,197,18,10,1013,508.0,516.0,0,True,True,False,False,False,False
23,198,18,10,1162,482.0,495.0,0,True,True,False,False,False,False
23,199,18,10,791,365.0,373.0,0,True,True,False,False,False,False
23,200,19,10,1148,519.0,523.0,0,True,True,False,False,False,False
23,201,18,10,959,357.0,362.0,0,True,True,False,False,False,False
23,202,19,10,1080,509.0,520.0,0,True,True,False,False,False,False
23,203,19,10,1155,507.0,518.0,0,True,True,False,False,False,False
23,204,19,10,1063,530.0,546.0,0,True,True,False,False,False,False
23,205,19,10,952,423.0,427.0,0,True,True,False,False,False,False
23,206,19,10,1068,474.0,479.0,0,True,True,False,False,False,False
23,207,19,10,1257,639.0,656.0,0,True,True,False,False,False,False
23,208,19,10,1031,490.0,502.0,0,True,True,False,False,False,False
23,209,19,10,846,331.0,340.0,0,True,True,False,False,False,False
23,210,18,10,829,455.0,460.0,0,True,True,False,False,False,False
23,253,10,10,507,276.0,281.0,1,True,True,False,False,False,True
23,254,10,10,535,303.0,307.0,1,True,True,False,False,False,True
23,255,10,10,979,746.0,753.0,1,True,True,False,False,False,True
23,256,10,10,468,234.0,235.0,1,True,True,False,False,False,True
23,257,9,9,747,516.0,521.0,1,True,True,False,False,False,True
23,258,10,10,771,535.0,543.0,1,True,True,False,False,False,True
23,259,10,10,587,350.0,353.0,1,True,True,False,False,False,True
23,260,9,9,916,695.0,703.0,1,True,True,False,False,False,True
23,261,10,10,704,465.0,476.0,1,True,True,False,False,False,True
23,262,10,10,700,460.0,469.0,1,True,True,False,False,False,True
23,263,10,10,634,393.0,402.0,1,True,True,False,False,False,True
23,264,9,9,749,514.0,518.0,1,True,True,False,False,False,True
23,265,10,10,758,515.0,519.0,1,True,True,False,False,False,True
23,266,10,10,711,467.0,475.0,1,True,True,False,False,False,True
23,267,10,10,719,474.0,477.0,1,True,True,False,False,False,True
23,268,10,10,740,494.0,504.0,1,True,True,False,False,False,True
23,269,10,10,582,335.0,341.0,1,True,True,False,False,False,True
23,270,10,10,405,,,1,False,False,False,False,False,True
23,271,10,10,576,327.0,329.0,1,True,True,False,False,False,True
23,272,10,10,635,385.0,389.0,1,True,True,False,False,False,True
23,273,10,10,539,288.0,292.0,1,True,True,False,False,False,True
23,274,5,5,513,276.0,282.0,0,True,True,False,False,False,False
23,275,7,7,622,276.0,282.0,0,True,True,False,False,False,False
23,276,7,7,802,387.0,395.0,0,True,True,False,False,False,False
23,278,7,7,730,307.0,314.0,0,True,True,False,False,False,False
23,279,6,6,646,523.0,531.0,0,True,True,False,False,False,False
23,280,7,7,606,378.0,384.0,0,True,True,False,False,False,False
23,281,6,6,649,413.0,430.0,0,True,True,False,False,False,False
23,282,7,7,834,598.0,603.0,0,True,True,False,False,False,False
23,283,7,7,753,551.0,561.0,0,True,True,False,False,False,False
23,284,7,7,670,460.0,464.0,0,True,True,False,False,False,False
23,285,7,7,663,348.0,351.0,0,True,True,False,False,False,False
23,286,7,7,721,530.0,540.0,0,True,True,False,False,False,False
23,287,7,7,748,498.0,507.0,0,True,True,False,False,False,False
23,288,7,7,596,436.0,440.0,0,True,True,False,False,False,False
23,291,7,7,633,337.0,342.0,0,True,True,False,False,False,False
23,292,7,7,679,416.0,424.0,0,True,True,False,False,False,False
23,293,7,7,570,327.0,329.0,0,True,True,False,False,False,False
23,294,7,7,722,348.0,355.0,0,True,True,False,False,False,False
23,296,10,10,865,536.0,543.0,0,True,True,False,False,False,False
23,297,10,10,909,609.0,618.0,0,True,True,False,False,False,False
23,298,10,10,910,613.0,620.0,0,True,True,False,False,False,False
23,299,10,10,931,590.0,596.0,0,True,True,False,False,False,False
23,300,10,10,680,666.0,676.0,0,True,True,False,False,False,False
23,301,10,10,609,304.0,307.0,0,True,True,False,False,False,False
23,302,10,10,997,401.0,411.0,0,True,True,False,False,False,False
23,303,10,10,981,736.0,742.0,0,True,True,False,False,False,False
23,304,10,10,840,695.0,707.0,0,True,True,False,False,False,False
23,305,10,10,919,578.0,584.0,0,True,True,False,False,False,False
23,306,10,10,819,755.0,777.0,0,True,True,False,False,False,False
23,307,10,10,860,404.0,410.0,0,True,True,False,False,False,False
23,308,10,10,670,561.0,566.0,0,True,True,False,False,False,False
23,309,9,9,430,350.0,358.0,0,True,True,False,False,False,False
23,310,10,10,813,426.0,433.0,0,True,True,False,False,False,False
23,311,10,10,797,537.0,549.0,0,True,True,False,False,False,False
23,312,10,10,755,616.0,627.0,0,True,True,False,False,False,False
23,313,10,10,853,374.0,388.0,0,True,True,False,False,False,False
23,314,10,10,1056,574.0,583.0,0,True,True,False,False,False,False
23,315,10,10,964,792.0,799.0,0,True,True,False,False,False,False
23,337,10,10,1009,699.0,707.0,0,True,True,False,False,False,False
23,338,10,10,723,412.0,417.0,0,True,True,False,False,False,False
23,339,10,10,925,613.0,619.0,0,True,True,False,False,False,False
23,340,10,10,921,608.0,611.0,0,True,True,False,False,False,False
23,341,10,10,919,605.0,609.0,0,True,True,False,False,False,False
23,342,10,10,751,436.0,438.0,0,True,True,False,False,False,False
23,344,10,10,1024,708.0,715.0,0,True,True,False,False,False,False
23,345,10,10,813,496.0,503.0,0,True,True,False,False,False,False
23,346,10,10,707,389.0,398.0,0,True,True,False,False,False,False
23,347,10,10,774,455.0,459.0,0,True,True,False,False,False,False
23,348,10,10,775,455.0,458.0,0,True,True,False,False,False,False
23,349,10,10,974,653.0,661.0,0,True,True,False,False,False,False
23,43,2,2,57,665.0,673.0,0,True,False,True,False,False,False
23,44,2,2,51,369.0,376.0,0,True,False,True,False,False,False
23,45,2,2,48,696.0,701.0,0,True,False,True,False,False,False
23,46,2,2,50,606.0,623.0,0,True,False,True,False,False,False
23,47,2,2,48,449.0,459.0,0,True,False,True,False,False,False
23,48,1,1,6,396.0,404.0,0,True,False,True,True,False,False
23,49,2,2,52,588.0,598.0,0,True,False,True,False,False,False
23,50,2,2,53,363.0,371.0,0,True,False,True,False,False,False
23,51,2,2,49,488.0,491.0,0,True,False,True,False,False,False
23,52,2,2,61,573.0,582.0,0,True,False,True,False,False,False
23,53,2,2,59,565.0,576.0,0,True,False,True,False,False,False
23,54,2,2,53,277.0,285.0,0,True,False,True,False,False,False
23,55,2,2,63,367.0,373.0,0,True,False,True,False,False,False
23,56,1,1,7,344.0,345.0,0,True,False,True,True,False,False
23,57,2,2,64,568.0,575.0,0,True,False,True,False,False,False
23,58,2,2,57,641.0,653.0,0,True,False,True,False,False,False
23,59,2,2,64,562.0,566.0,0,True,False,True,False,False,False
23,60,2,2,65,524.0,533.0,0,True,False,True,False,False,False
23,61,2,2,91,435.0,440.0,0,True,False,True,False,False,False
23,62,1,1,10,366.0,369.0,0,True,False,True,True,False,False
23,63,2,2,71,425.0,429.0,0,True,False,True,False,False,False
23,65,10,10,481,423.0,431.0,0,True,True,False,False,False,False
23,66,10,10,724,665.0,675.0,0,True,True,False,False,False,False
23,67,10,10,812,752.0,761.0,0,True,True,False,False,False,False
23,68,10,10,675,614.0,622.0,0,True,True,False,False,False,False
23,69,10,10,660,598.0,603.0,0,True,True,False,False,False,False
23,70,10,10,786,723.0,730.0,0,True,True,False,False,False,False
23,71,10,10,572,508.0,517.0,0,True,True,False,False,False,False
23,72,10,10,724,659.0,665.0,0,True,True,False,False,False,False
23,73,10,10,383,317.0,322.0,0,True,True,False,False,False,False
23,74,10,10,468,401.0,406.0,0,True,True,False,False,False,False
23,75,10,10,586,518.0,524.0,0,True,True,False,False,False,False
23,76,10,10,551,482.0,494.0,0,True,True,False,False,False,False
23,77,10,10,512,442.0,442.0,0,True,True,False,False,False,False
23,79,10,10,314,243.0,248.0,0,True,True,False,False,False,False
23,80,10,10,328,256.0,259.0,0,True,True,False,False,False,False
23,81,10,10,543,470.0,473.0,0,True,True,False,False,False,False
23,82,10,10,505,431.0,434.0,0,True,True,False,False,False,False
23,83,10,10,577,502.0,510.0,0,True,True,False,False,False,False
23,84,10,10,505,429.0,434.0,0,True,True,False,False,False,False
24,101,1,1,94,711.0,,0,True,False,True,True,False,False
24,102,1,1,95,430.0,,0,True,False,True,True,False,False
24,103,1,1,96,550.0,,0,True,False,True,True,False,False
24,104,1,1,97,582.0,,0,True,False,True,True,False,False
24,105,1,1,98,463.0,,0,True,False,True,True,False,False
24,106,1,1,99,451.0,,0,True,False,True,True,False,False
24,107,1,1,100,518.0,,0,True,False,True,True,False,False
24,108,1,1,101,647.0,,0,True,False,True,True,False,False
24,109,1,1,102,804.0,,0,True,False,True,True,False,False
24,110,1,1,103,443.0,,0,True,False,True,True,False,False
24,156,1,1,351,724.0,731.0,0,True,False,True,True,False,False
24,159,2,2,6,511.0,522.0,0,True,False,True,False,False,False
24,174,3,3,418,317.0,763.0,0,True,True,False,False,False,False
24,198,4,4,319,496.0,,0,True,False,True,False,False,False
24,199,9,9,132,,,2,False,False,False,False,False,True
24,200,9,9,657,,,2,False,False,False,False,False,True
24,201,9,9,882,,,2,False,False,False,False,False,True
24,202,9,9,936,,,2,False,False,False,False,False,True
24,203,9,9,509,,,2,False,False,False,False,False,True
24,204,9,9,623,,,2,False,False,False,False,False,True
24,205,9,9,560,,,2,False,False,False,False,False,True
24,206,7,7,406,,,2,False,False,False,False,False,True
24,207,9,9,728,,,2,False,False,False,False,False,True
24,208,9,9,643,,,2,False,False,False,False,False,True
24,209,9,9,584,,,2,False,False,False,False,False,True
24,210,9,9,557,,,2,False,False,False,False,False,True
24,211,8,8,344,,,2,False,False,False,False,False,True
24,212,9,9,737,,,2,False,False,False,False,False,True
24,213,9,9,449,,,2,False,False,False,False,False,True
24,214,9,9,778,,,2,False,False,False,False,False,True
24,215,9,9,464,,,2,False,False,False,False,False,True
24,216,9,9,783,,,2,False,False,False,False,False,True
24,217,9,9,645,,,2,False,False,False,False,False,True
24,218,8,8,419,,,2,False,False,False,False,False,True
24,219,9,9,728,,,2,False,False,False,False,False,True
24,220,9,9,829,,,2,False,False,False,False,False,True
24,223,1,1,200,592.0,,0,True,False,True,True,False,False
24,224,1,1,201,577.0,,0,True,False,True,True,False,False
24,225,1,1,202,459.0,,0,True,False,True,True,False,False
24,226,1,1,203,533.0,,0,True,False,True,True,False,False
24,227,1,1,204,,,0,False,False,False,True,False,False
24,228,1,1,205,356.0,,0,True,False,True,True,False,False
24,230,1,1,206,356.0,,0,True,False,True,True,False,False
24,231,1,1,207,613.0,,0,True,False,True,True,False,False
24,232,1,1,208,542.0,,0,True,False,True,True,False,False
24,233,1,1,209,374.0,,0,True,False,True,True,False,False
24,235,1,1,210,326.0,,0,True,False,True,True,False,False
24,236,1,1,211,549.0,,0,True,False,True,True,False,False
24,237,1,1,212,543.0,,0,True,False,True,True,False,False
24,238,1,1,213,434.0,,0,True,False,True,True,False,False
24,240,1,1,214,672.0,,0,True,False,True,True,False,False
24,241,1,1,275,477.0,,0,True,False,True,True,False,False
24,265,3,3,50,,,1,False,False,False,False,False,True
24,266,7,7,922,,,3,False,False,False,False,False,True
24,267,7,7,894,,,3,False,False,False,False,False,True
24,268,7,7,631,,,3,False,False,False,False,False,True
24,269,5,5,408,,,1,False,False,False,False,False,True
24,270,7,7,832,,,3,False,False,False,False,False,True
24,271,7,7,928,,,3,False,False,False,False,False,True
24,272,7,7,1590,,,3,False,False,False,False,False,True
24,273,7,7,856,,,3,False,False,False,False,False,True
24,274,7,7,924,,,3,False,False,False,False,False,True
24,275,7,7,1023,,,3,False,False,False,False,False,True
24,276,7,7,674,,,3,False,False,False,False,False,True
24,277,6,6,421,,,3,False,False,False,False,False,True
24,279,7,7,804,,,3,False,False,False,False,False,True
24,281,7,7,813,,,3,False,False,False,False,False,True
24,282,7,7,613,,,3,False,False,False,False,False,True
24,283,7,7,508,,,3,False,False,False,False,False,True
24,285,7,7,637,,,3,False,False,False,False,False,True
24,286,6,6,399,,,3,False,False,False,False,False,True
24,309,1,1,269,,,0,False,False,False,True,False,False
24,310,1,1,270,,,0,False,False,False,True,False,False
24,311,1,1,271,310.0,635.0,0,True,False,False,True,False,False
24,312,1,1,272,,,0,False,False,False,True,False,False
24,313,1,1,273,,,0,False,False,False,True,False,False
24,314,1,1,274,,,0,False,False,False,True,False,False
24,315,1,1,275,,,0,False,False,False,True,False,False
24,316,1,1,276,,,0,False,False,False,True,False,False
24,317,1,1,277,,,0,False,False,False,True,False,False
24,318,1,1,278,,,0,False,False,False,True,False,False
24,319,1,1,279,,,0,False,False,False,True,False,False
24,320,1,1,280,,,0,False,False,False,True,False,False
24,321,1,1,281,,,0,False,False,False,True,False,False
24,322,1,1,282,,,0,False,False,False,True,False,False
24,323,1,1,283,,,0,False,False,False,True,False,False
24,324,1,1,284,,,0,False,False,False,True,False,False
24,325,1,1,285,,,0,False,False,False,True,False,False
24,326,1,1,286,,,0,False,False,False,True,False,False
24,328,1,1,287,,,0,False,False,False,True,False,False
24,329,1,1,290,,,0,False,False,False,True,False,False
24,331,1,1,45289,,,0,False,False,False,True,False,False
24,58,2,2,96,159.0,,0,True,False,True,False,False,False
24,67,4,4,150,,,2,False,False,False,False,False,True
24,68,7,7,647,387.0,,1,True,True,False,False,False,True
24,70,8,8,337,268.0,,2,True,True,False,False,False,True
24,71,8,8,682,611.0,,2,True,True,False,False,False,True
24,72,8,8,624,567.0,,2,True,True,False,False,False,True
24,73,6,6,576,,,2,False,False,False,False,False,True
24,74,8,8,566,501.0,,2,True,True,False,False,False,True
24,75,8,8,383,416.0,,2,True,False,False,False,False,True
24,76,8,8,816,749.0,,2,True,True,False,False,False,True
24,77,6,6,255,,,1,False,False,False,False,False,True
24,78,13,13,573,128.0,,2,True,True,False,False,False,True
24,79,8,8,549,480.0,,2,True,True,False,False,False,True
24,80,7,7,613,544.0,,2,True,True,False,False,False,True
24,81,7,7,432,560.0,,1,True,False,True,False,False,True
24,82,8,8,440,468.0,,2,True,False,False,False,False,True
24,83,7,7,373,374.0,,2,True,False,False,False,False,True
24,84,8,8,584,610.0,,2,True,False,False,False,False,True
24,85,8,8,611,741.0,,2,True,False,False,False,False,True
24,86,8,8,703,634.0,,2,True,True,False,False,False,True
24,87,8,8,709,633.0,,2,True,True,False,False,False,True
24,88,8,8,649,570.0,,2,True,True,False,False,False,True
24,89,1,1,240,626.0,,0,True,False,True,True,False,False
24,90,1,1,84,474.0,,0,True,False,True,True,False,False
24,91,1,1,85,572.0,,0,True,False,True,True,False,False
24,92,1,1,86,541.0,,0,True,False,True,True,False,False
24,93,1,1,0,354.0,,0,True,False,True,True,False,False
24,94,1,1,88,386.0,,0,True,False,True,True,False,False
24,96,1,1,89,557.0,,0,True,False,True,True,False,False
24,97,1,1,90,429.0,,0,True,False,True,True,False,False
24,98,1,1,91,520.0,,0,True,False,True,True,False,False
24,99,1,1,0,535.0,,0,True,False,True,True,False,False
25,1,1,1,273,495.0,510.0,0,True,False,True,True,False,False
25,10,1,1,319,622.0,622.0,0,True,False,True,True,False,False
25,11,1,1,218,504.0,506.0,0,True,False,True,True,False,False
25,12,1,1,75,315.0,322.0,0,True,False,True,True,False,False
25,120,6,6,744,622.0,,0,True,True,False,False,False,False
25,13,1,1,103,463.0,475.0,0,True,False,True,True,False,False
25,135,5,5,572,943.0,,0,True,False,True,False,False,False
25,14,1,1,203,435.0,448.0,0,True,False,True,True,False,False
25,14A,1,1,246,872.0,880.0,0,True,False,True,True,False,False
25,15,1,1,510,,,0,False,False,False,True,False,False
25,16,1,1,361,547.0,556.0,0,True,False,True,True,False,False
25,17,1,1,257,561.0,574.0,0,True,False,True,True,False,False
25,17A,1,1,224,783.0,789.0,0,True,False,True,True,False,False
25,18,1,1,430,558.0,564.0,0,True,False,True,True,False,False
25,19,1,1,455,510.0,525.0,0,True,False,False,True,False,False
25,2,1,1,300,450.0,461.0,0,True,False,True,True,False,False
25,203,3,3,422,547.0,559.0,0,True,False,True,False,False,False
25,233,7,7,870,780.0,793.0,0,True,True,False,False,False,False
25,248A,5,5,219,503.0,,0,True,False,True,False,False,False
25,249,4,4,139,509.0,,0,True,False,True,False,False,False
25,249A,5,5,138,523.0,,0,True,False,True,False,False,False
25,250,5,5,109,492.0,,0,True,False,True,False,False,False
25,251,4,4,268,722.0,,0,True,False,True,False,False,False
25,252,5,5,249,668.0,,0,True,False,True,False,False,False
25,253,5,5,178,581.0,,0,True,False,True,False,False,False
25,254,5,5,196,391.0,,0,True,False,True,False,False,False
25,254A,4,4,133,403.0,,0,True,False,True,False,False,False
25,255,5,5,253,678.0,,0,True,False,True,False,False,False
25,256,4,4,280,556.0,,0,True,False,True,False,False,False
25,256A,5,5,199,538.0,,0,True,False,True,False,False,False
25,257,5,5,177,645.0,,0,True,False,True,False,False,False
25,257A,5,5,196,617.0,,0,True,False,True,False,False,False
25,258,5,5,180,601.0,,0,True,False,True,False,False,False
25,259,5,5,166,449.0,,0,True,False,True,False,False,False
25,259A,4,4,93,425.0,,0,True,False,True,False,False,False
25,260,5,5,495,759.0,,0,True,False,True,False,False,False
25,261,5,5,299,750.0,,0,True,False,True,False,False,False
25,262,5,5,168,839.0,,0,True,False,True,False,False,False
25,263,5,5,101,548.0,,0,True,False,True,False,False,False
25,263A,3,3,80,499.0,,0,True,False,True,False,False,False
25,264,5,5,199,918.0,,0,True,False,True,False,False,False
25,265,5,5,391,813.0,,0,True,False,True,False,False,False
25,266,5,5,256,621.0,,0,True,False,True,False,False,False
25,267,5,5,206,579.0,,0,True,False,True,False,False,False
25,269,5,5,244,582.0,,0,True,False,True,False,False,False
25,269A,5,5,165,5527.0,,0,True,False,True,False,False,False
25,270,5,5,204,535.0,,0,True,False,True,False,False,False
25,270A,5,5,143,568.0,,0,True,False,True,False,False,False
25,271,5,5,213,873.0,,0,True,False,True,False,False,False
25,272,5,5,143,877.0,,0,True,False,True,False,False,False
25,273,4,4,208,709.0,,0,True,False,True,False,False,False
25,274,5,5,350,801.0,,0,True,False,True,False,False,False
25,275,5,5,166,449.0,,0,True,False,True,False,False,False
25,3,1,1,569,586.0,586.0,0,True,False,False,True,False,False
25,4,1,1,380,610.0,633.0,0,True,False,True,True,False,False
25,476,4,4,299,778.0,786.0,0,True,False,True,False,False,False
25,5,1,1,311,567.0,587.0,0,True,False,True,True,False,False
25,6,1,1,295,457.0,464.0,0,True,False,True,True,False,False
25,7A,1,1,345,458.0,465.0,0,True,False,True,True,False,False
25,8,1,1,353,465.0,468.0,0,True,False,True,True,False,False
25,8A,1,1,394,720.0,735.0,0,True,False,True,True,False,False
25,9,1,1,612,,,0,False,False,False,True,False,False
26,224,1,1,168,176.0,,0,True,False,False,True,False,False
26,225,1,1,164,243.0,,0,True,False,True,True,False,False
26,230,5,5,375,653.0,,0,True,False,True,False,False,False
27,145,1,1,6,27.0,,0,True,False,True,True,False,False
27,156,1,1,485,,,0,False,False,False,True,False,False
28,117,5,5,336,503.0,505.0,0,True,False,True,False,False,False
28,120,5,5,607,593.0,598.0,0,True,True,False,False,False,False
28,165,5,5,613,513.0,517.0,0,True,True,False,False,False,False
28,167,5,5,501,410.0,415.0,0,True,True,False,False,False,False
28,169,5,5,798,697.0,702.0,0,True,True,False,False,False,False
28,171,5,5,725,618.0,619.0,0,True,True,False,False,False,False
28,172,5,5,616,508.0,512.0,0,True,True,False,False,False,False
28,174,5,5,793,685.0,690.0,0,True,True,False,False,False,False
28,176,5,5,656,549.0,552.0,0,True,True,False,False,False,False
28,178,5,5,673,565.0,571.0,0,True,True,False,False,False,False
28,179,5,5,810,710.0,723.0,0,True,True,False,False,False,False
28,182,5,5,659,547.0,555.0,0,True,True,False,False,False,False
28,184,5,5,627,510.0,514.0,0,True,True,False,False,False,False
28,186,5,5,755,643.0,647.0,0,True,True,False,False,False,False
28,188,5,5,914,801.0,808.0,0,True,True,False,False,False,False
28,189,5,5,627,512.0,518.0,0,True,True,False,False,False,False
28,191,5,5,593,475.0,478.0,0,True,True,False,False,False,False
28,193,5,5,740,620.0,623.0,0,True,True,False,False,False,False
28,195,5,5,596,479.0,482.0,0,True,True,False,False,False,False
28,197,5,5,451,431.0,433.0,0,True,True,False,False,False,False
28,198,4,4,645,593.0,601.0,0,True,True,False,False,False,False
28,199,5,5,598,476.0,476.0,0,True,True,False,False,False,False
28,201,5,5,762,644.0,651.0,0,True,True,False,False,False,False
28,203,5,5,774,657.0,662.0,0,True,True,False,False,False,False
28,204,4,4,480,421.0,427.0,0,True,True,False,False,False,False
28,207,5,5,676,555.0,560.0,0,True,True,False,False,False,False
28,213,10,6,2181,863.0,,0,True,True,False,False,False,False
28,214,10,6,1639,523.0,,0,True,True,False,False,False,False
28,214 A,6,6,962,482.0,,0,True,True,False,False,False,False
28,215,10,6,1452,481.0,,0,True,True,False,False,False,False
28,215 A,6,6,986,493.0,,0,True,True,False,False,False,False
28,216,10,6,2134,665.0,,0,True,True,False,False,False,False
28,217,10,6,1859,701.0,,0,True,True,False,False,False,False
28,218,10,6,1551,576.0,,0,True,True,False,False,False,False
28,219,10,6,1786,585.0,,0,True,True,False,False,False,False
28,220,10,6,1918,678.0,,0,True,True,False,False,False,False
28,221,10,6,2045,651.0,,0,True,True,False,False,False,False
28,222,10,6,1870,703.0,,0,True,True,False,False,False,False
28,223,10,6,1603,607.0,,0,True,True,False,False,False,False
28,224,10,6,1842,699.0,,0,True,True,False,False,False,False
28,225,10,6,1924,760.0,,0,True,True,False,False,False,False
28,294,6,6,689,505.0,508.0,0,True,True,False,False,False,False
28,295,6,6,830,645.0,647.0,0,True,True,False,False,False,False
28,296,6,6,949,763.0,764.0,0,True,True,False,False,False,False
28,297,6,6,594,407.0,408.0,0,True,True,False,False,False,False
28,298,6,6,784,596.0,598.0,0,True,True,False,False,False,False
28,299,6,6,899,710.0,715.0,0,True,True,False,False,False,False
28,300,6,6,654,464.0,467.0,0,True,True,False,False,False,False
28,302,6,6,723,532.0,537.0,0,True,True,False,False,False,False
28,304,6,6,790,598.0,602.0,0,True,True,False,False,False,False
28,306,6,6,624,431.0,435.0,0,True,True,False,False,False,False
28,308,6,6,738,544.0,551.0,0,True,True,False,False,False,False
28,310,6,6,631,436.0,438.0,0,True,True,False,False,False,False
28,311,6,6,824,628.0,628.0,0,True,True,False,False,False,False
28,312,6,6,581,384.0,385.0,0,True,True,False,False,False,False
28,313,5,5,65,399.0,403.0,0,True,False,True,False,False,False
28,314,6,6,644,446.0,451.0,0,True,True,False,False,False,False
28,316,6,6,694,495.0,500.0,0,True,True,False,False,False,False
28,318,6,6,800,600.0,601.0,0,True,True,False,False,False,False
28,319,6,6,959,758.0,759.0,0,True,True,False,False,False,False
28,320,6,6,652,450.0,453.0,0,True,True,False,False,False,False
28,322,6,6,737,534.0,540.0,0,True,True,False,False,False,False
28,324,6,6,638,434.0,437.0,0,True,True,False,False,False,False
28,326,6,6,861,656.0,660.0,0,True,True,False,False,False,False
28,328,6,6,703,497.0,500.0,0,True,True,False,False,False,False
28,330,6,6,1020,813.0,817.0,0,True,True,False,False,False,False
28,331,6,6,1024,816.0,821.0,0,True,True,False,False,False,False
28,332,6,6,676,488.0,493.0,0,True,True,False,False,False,False
28,333,6,6,605,395.0,398.0,0,True,True,False,False,False,False
28,335,6,6,1088,877.0,878.0,0,True,True,False,False,False,False
28,336,6,6,1022,810.0,816.0,0,True,True,False,False,False,False
28,81,10,5,989,554.0,561.0,0,True,True,False,False,False,False
28,83,10,5,915,504.0,508.0,0,True,True,False,False,False,False
29,16,5,5,288,613.0,621.0,0,True,False,True,False,False,False
29,23,5,5,427,417.0,423.0,0,True,True,False,False,False,False
30,108,3,3,94,311.0,387.0,0,True,False,True,False,False,False
30,191,7,7,277,533.0,534.0,0,True,False,True,False,False,False
30,195,6,6,712,584.0,590.0,0,True,True,False,False,False,False
30,196,7,7,672,561.0,571.0,0,True,True,False,False,False,False
30,197,6,6,696,561.0,569.0,0,True,True,False,False,False,False
30,198,7,7,691,558.0,566.0,0,True,True,False,False,False,False
30,199,6,6,702,608.0,615.0,0,True,True,False,False,False,False
30,200,7,7,638,504.0,508.0,0,True,True,False,False,False,False
30,201,6,6,506,370.0,378.0,0,True,True,False,False,False,False
30,203,7,7,434,292.0,301.0,0,True,True,False,False,False,False
30,205,7,7,548,406.0,411.0,0,True,True,False,False,False,False
30,207,7,7,704,570.0,589.0,0,True,True,False,False,False,False
30,208,7,7,740,595.0,602.0,0,True,True,False,False,False,False
30,209,7,7,510,430.0,439.0,0,True,True,False,False,False,False
30,210,7,7,730,582.0,594.0,0,True,True,False,False,False,False
30,211,7,7,746,599.0,605.0,0,True,True,False,False,False,False
30,213,7,7,550,401.0,406.0,0,True,True,False,False,False,False
30,215,7,7,528,377.0,378.0,0,True,True,False,False,False,False
30,217,7,7,848,695.0,697.0,0,True,True,False,False,False,False
30,219,6,6,621,584.0,593.0,0,True,True,False,False,False,False
30,221,6,6,526,399.0,409.0,0,True,True,False,False,False,False
30,223,6,6,541,478.0,483.0,0,True,True,False,False,False,False
30,224,4,4,89,409.0,410.0,0,True,False,True,False,False,False
30,225,7,7,735,584.0,596.0,0,True,True,False,False,False,False
30,226,7,7,706,547.0,553.0,0,True,True,False,False,False,False
30,227,6,6,509,411.0,426.0,0,True,True,False,False,False,False
30,229,6,6,528,379.0,385.0,0,True,True,False,False,False,False
30,231,6,6,1374,703.0,703.0,0,True,True,False,False,False,False
30,232,7,7,512,349.0,360.0,0,True,True,False,False,False,False
30,30,5,5,335,481.0,971.0,0,True,False,True,False,False,False
31,100,2,2,7,542.0,543.0,0,True,False,True,False,False,False
31,102,5,5,235,687.0,689.0,0,True,False,True,False,False,False
31,109,4,4,233,453.0,,0,True,False,True,False,False,False
31,111,4,4,272,614.0,617.0,0,True,False,True,False,False,False
31,112,3,3,197,398.0,447.0,0,True,False,True,False,False,False
31,92,5,5,251,390.0,394.0,0,True,False,True,False,False,False
31,94,4,4,274,427.0,428.0,0,True,False,True,False,False,False
31,95,4,4,93,378.0,380.0,0,True,False,True,False,False,False
31,96,5,5,164,334.0,338.0,0,True,False,True,False,False,False
32,106,17,15,826,,,1,False,False,False,False,False,True
32,112,21,17,1536,,,1,False,False,False,False,False,True
32,117,13,11,908,,,1,False,False,False,False,False,True
32,118,16,16,993,,,1,False,False,False,False,False,True
32,122,16,16,837,,,1,False,False,False,False,False,True
32,123,16,16,794,,,1,False,False,False,False,False,True
32,129,16,16,894,,,1,False,False,False,False,False,True
32,135,11,11,807,,,1,False,False,False,False,False,True
32,138,20,11,1757,748.0,757.0,2,True,True,False,False,False,True
32,148,9,9,650,,,1,False,False,False,False,False,True
32,152,1,1,19,,,0,False,False,False,True,False,False
32,168,1,1,3,,,0,False,False,False,True,False,False
32,173,1,1,11,,,0,False,False,False,True,False,False
32,176,1,1,9,,,0,False,False,False,True,False,False
32,177,1,1,1,,,0,False,False,False,True,False,False
32,186,1,1,56,,,0,False,False,False,True,False,False
32,195,1,1,6,,,0,False,False,False,True,False,False
32,198,1,1,22,,,0,False,False,False,True,False,False
32,211,9,9,473,,,1,False,False,False,False,False,True
32,219,10,10,457,,,1,False,False,False,False,False,True
32,220,1,1,336,,,0,False,False,False,True,False,False
32,228,1,1,2,,,0,False,False,False,True,False,False
32,238,1,1,4,,,0,False,False,False,True,False,False
32,292,9,9,351,,,1,False,False,False,False,False,True
32,296,1,1,3,,,0,False,False,False,True,False,False
32,297,9,9,304,,,1,False,False,False,False,False,True
32,302,1,1,17,,,0,False,False,False,True,False,False
32,307,9,9,305,,,1,False,False,False,False,False,True
32,328,9,9,236,,,1,False,False,False,False,False,True
32,345,1,1,8,,,0,False,False,False,True,False,False
32,366,1,1,6,,,0,False,False,False,True,False,False
32,370,1,1,9,,,0,False,False,False,True,False,False
32,387,1,1,8,,,0,False,False,False,True,False,False
32,396,10,10,166,562.0,569.0,0,True,False,True,False,False,False
32,416,10,10,152,568.0,576.0,0,True,False,True,False,False,False
32,422,9,9,338,,,1,False,False,False,False,False,True
32,434,9,9,390,,,1,False,False,False,False,False,True
32,449,10,10,101,550.0,563.0,0,True,False,True,False,False,False
32,456,10,10,29,615.0,628.0,0,True,False,True,False,False,False
32,464,1,1,32,,,0,False,False,False,True,False,False
32,477,10,10,74,551.0,555.0,0,True,False,True,False,False,False
32,49,13,13,1128,,,1,False,False,False,False,False,True
32,505,9,9,120,,,1,False,False,False,False,False,True
32,517,6,6,86,607.0,,0,True,False,True,False,False,False
32,524,1,1,37,,,0,False,False,False,True,False,False
32,577,2,2,67,668.0,,0,True,False,True,False,False,False
32,59,6,6,524,471.0,,0,True,True,False,False,False,False
32,60,6,6,669,534.0,,0,True,True,False,False,False,False
32,61,6,6,456,697.0,,0,True,False,True,False,False,False
32,63(A),6,6,158,659.0,,0,True,False,True,False,False,False
32,650,9,9,146,,,1,False,False,False,False,False,True
32,66,6,6,208,618.0,,0,True,False,True,False,False,False
32,67,6,6,850,523.0,,0,True,True,False,False,False,False
32,68,10,10,1201,699.0,,0,True,True,False,False,False,False
32,683,9,9,61,,,1,False,False,False,False,False,True
32,69,6,6,11,614.0,,0,True,False,True,False,False,False
32,70,10,10,868,444.0,,0,True,True,False,False,False,False
33,1,1,1,10,20.0,505.0,0,True,False,True,True,False,False
33,10,1,1,203,,,0,False,False,False,True,False,False
33,100,4,4,169,,,3,False,False,False,False,False,True
33,101,3,3,66,,,3,False,False,False,False,False,True
33,102,4,4,370,,,3,False,False,False,False,False,True
33,103,3,3,172,,,3,False,False,False,False,False,True
33,104,4,4,111,,,3,False,False,False,False,False,True
33,105,3,3,194,,,3,False,False,False,False,False,True
33,106,4,4,657,,,3,False,False,False,False,False,True
33,107,4,4,583,,,3,False,False,False,False,False,True
33,108,4,4,98,,,3,False,False,False,False,False,True
33,109,3,3,62,,,3,False,False,False,False,False,True
33,11,1,1,596,,,0,False,False,False,True,False,False
33,110,4,4,251,,,3,False,False,False,False,False,True
33,111,4,4,163,,,3,False,False,False,False,False,True
33,112,4,4,132,,,3,False,False,False,False,False,True
33,113,4,4,105,,,3,False,False,False,False,False,True
33,114,3,3,54,,,3,False,False,False,False,False,True
33,115,4,4,562,,,3,False,False,False,False,False,True
33,116,3,3,456,,,3,False,False,False,False,False,True
33,117,4,4,307,,,3,False,False,False,False,False,True
33,118,4,4,136,,,3,False,False,False,False,False,True
33,119,4,4,89,,,3,False,False,False,False,False,True
33,12,1,1,429,,,0,False,False,False,True,False,False
33,120,4,4,94,,,3,False,False,False,False,False,True
33,13,1,1,125,,,0,False,False,False,True,False,False
33,14,1,1,27,,,0,False,False,False,True,False,False
33,145,4,4,488,,,3,False,False,False,False,False,True
33,146,3,3,386,,,3,False,False,False,False,False,True
33,147,4,4,427,,,3,False,False,False,False,False,True
33,148,3,3,369,,,3,False,False,False,False,False,True
33,149,4,4,322,,,3,False,False,False,False,False,True
33,15,1,1,35,,,0,False,False,False,True,False,False
33,150,3,3,345,,,3,False,False,False,False,False,True
33,151,4,4,245,,,3,False,False,False,False,False,True
33,152,4,4,120,,,3,False,False,False,False,False,True
33,153,4,4,657,,,3,False,False,False,False,False,True
33,154,4,4,515,,,3,False,False,False,False,False,True
33,155,4,4,422,,,3,False,False,False,False,False,True
33,156,3,3,319,,,3,False,False,False,False,False,True
33,157,4,4,461,,,3,False,False,False,False,False,True
33,158,4,4,512,,,3,False,False,False,False,False,True
33,159,3,3,379,,,3,False,False,False,False,False,True
33,16,1,1,213,,,0,False,False,False,True,False,False
33,160,4,4,558,,,3,False,False,False,False,False,True
33,161,3,3,451,,,3,False,False,False,False,False,True
33,162,4,4,161,,,3,False,False,False,False,False,True
33,163,3,3,194,,,3,False,False,False,False,False,True
33,164,4,4,331,,,3,False,False,False,False,False,True
33,165,4,4,447,,,3,False,False,False,False,False,True
33,166,3,3,332,,,3,False,False,False,False,False,True
33,167,4,4,404,,,3,False,False,False,False,False,True
33,168,3,3,318,,,3,False,False,False,False,False,True
33,17,1,1,19,27.0,600.0,0,True,False,True,True,False,False
33,18,1,1,142,,,0,False,False,False,True,False,False
33,19,1,1,39,,,0,False,False,False,True,False,False
33,2,1,1,57,,,0,False,False,False,True,False,False
33,20,1,1,16,28.0,608.0,0,True,False,True,True,False,False
33,21,1,1,20,,,0,False,False,False,True,False,False
33,217,7,7,422,554.0,557.0,6,True,False,True,False,False,True
33,218,6,6,360,541.0,542.0,6,True,False,True,False,False,True
33,219,7,7,416,951.0,954.0,6,True,False,True,False,False,True
33,22,1,1,48,,,0,False,False,False,True,False,False
33,220,7,7,213,541.0,542.0,6,True,False,True,False,False,True
33,221,6,6,287,517.0,520.0,6,True,False,True,False,False,True
33,222,7,7,264,484.0,487.0,6,True,False,True,False,False,True
33,223,6,6,251,529.0,531.0,6,True,False,True,False,False,True
33,224,7,7,326,652.0,653.0,6,True,False,True,False,False,True
33,225,7,7,646,675.0,684.0,6,True,False,False,False,False,True
33,226,7,7,672,930.0,936.0,6,True,False,True,False,False,True
33,227,7,7,178,516.0,516.0,6,True,False,True,False,False,True
33,228,6,6,44,508.0,513.0,6,True,False,True,False,False,True
33,229,7,7,798,903.0,914.0,6,True,False,False,False,False,True
33,23,1,1,377,,,0,False,False,False,True,False,False
33,230,7,7,387,480.0,481.0,6,True,False,False,False,False,True
33,231,6,6,143,381.0,382.0,6,True,False,True,False,False,True
33,232,7,7,514,482.0,488.0,6,True,True,False,False,False,True
33,233,6,6,374,486.0,491.0,6,True,False,True,False,False,True
33,234,7,7,375,546.0,548.0,6,True,False,True,False,False,True
33,235,6,6,405,512.0,519.0,6,True,False,True,False,False,True
33,236,7,7,677,747.0,748.0,6,True,False,False,False,False,True
33,237,7,7,476,491.0,495.0,6,True,False,False,False,False,True
33,238,6,6,203,490.0,496.0,6,True,False,True,False,False,True
33,239,7,7,638,883.0,891.0,6,True,False,True,False,False,True
33,24,1,1,130,,,0,False,False,False,True,False,False
33,240,7,7,500,624.0,631.0,6,True,False,False,False,False,True
33,241,4,4,308,,,3,False,False,False,False,False,True
33,242,3,3,237,,,3,False,False,False,False,False,True
33,243,4,4,235,,,3,False,False,False,False,False,True
33,244,4,4,397,,,3,False,False,False,False,False,True
33,245,4,4,603,,,3,False,False,False,False,False,True
33,246,3,3,405,,,3,False,False,False,False,False,True
33,247,4,4,617,,,3,False,False,False,False,False,True
33,248,4,4,176,,,3,False,False,False,False,False,True
33,249,3,3,55,,,3,False,False,False,False,False,True
33,25,5,5,818,,,4,False,False,False,False,False,True
33,250,4,4,274,,,3,False,False,False,False,False,True
33,251,3,3,323,,,3,False,False,False,False,False,True
33,252,4,4,234,,,3,False,False,False,False,False,True
33,253,3,3,222,,,3,False,False,False,False,False,True
33,254,4,4,616,,,3,False,False,False,False,False,True
33,255,4,4,283,,,3,False,False,False,False,False,True
33,256,4,4,558,,,3,False,False,False,False,False,True
33,257,3,3,102,,,3,False,False,False,False,False,True
33,258,4,4,340,,,3,False,False,False,False,False,True
33,259,3,3,261,,,3,False,False,False,False,False,True
33,26,5,5,456,,,4,False,False,False,False,False,True
33,260,4,4,542,,,3,False,False,False,False,False,True
33,261,4,4,547,,,3,False,False,False,False,False,True
33,262,4,4,706,,,3,False,False,False,False,False,True
33,263,4,4,617,,,3,False,False,False,False,False,True
33,264,4,4,348,,,3,False,False,False,False,False,True
33,265,4,4,181,,,3,False,False,False,False,False,True
33,266,3,3,216,,,3,False,False,False,False,False,True
33,267,4,4,226,,,3,False,False,False,False,False,True
33,268,3,3,117,,,3,False,False,False,False,False,True
33,269,4,4,236,,,3,False,False,False,False,False,True
33,27,4,4,461,,,4,False,False,False,False,False,True
33,270,3,3,32,,,3,False,False,False,False,False,True
33,271,4,4,606,,,3,False,False,False,False,False,True
33,272,3,3,153,,,3,False,False,False,False,False,True
33,273,4,4,222,,,3,False,False,False,False,False,True
33,274,4,4,387,,,3,False,False,False,False,False,True
33,275,4,4,302,,,3,False,False,False,False,False,True
33,276,3,3,469,,,3,False,False,False,False,False,True
33,277,4,4,588,,,3,False,False,False,False,False,True
33,278,3,3,334,,,3,False,False,False,False,False,True
33,279,4,4,416,,,3,False,False,False,False,False,True
33,28,5,5,817,,,4,False,False,False,False,False,True
33,280,3,3,224,,,3,False,False,False,False,False,True
33,281,4,4,552,,,3,False,False,False,False,False,True
33,282,3,3,352,,,3,False,False,False,False,False,True
33,283,4,4,538,,,3,False,False,False,False,False,True
33,284,3,3,361,,,3,False,False,False,False,False,True
33,285,4,4,522,,,3,False,False,False,False,False,True
33,286,3,3,321,,,3,False,False,False,False,False,True
33,287,4,4,504,,,3,False,False,False,False,False,True
33,288,3,3,293,,,3,False,False,False,False,False,True
33,29,5,5,671,,,4,False,False,False,False,False,True
33,3,1,1,253,,,0,False,False,False,True,False,False
33,30,5,5,467,,,4,False,False,False,False,False,True
33,31,4,4,467,,,4,False,False,False,False,False,True
33,313,1,1,10,59.0,609.0,0,True,False,True,True,False,False
33,314,1,1,13,55.0,627.0,0,True,False,True,True,False,False
33,315,1,1,49,58.0,940.0,0,True,False,False,True,False,False
33,316,1,1,333,,,0,False,False,False,True,False,False
33,317,1,1,406,,,0,False,False,False,True,False,False
33,318,1,1,527,,,0,False,False,False,True,False,False
33,319,1,1,158,,,0,False,False,False,True,False,False
33,32,5,5,585,,,4,False,False,False,False,False,True
33,320,1,1,5,22.0,631.0,0,True,False,True,True,False,False
33,321,1,1,160,,,0,False,False,False,True,False,False
33,322,1,1,149,,,0,False,False,False,True,False,False
33,323,1,1,215,,,0,False,False,False,True,False,False
33,324,1,1,67,,,0,False,False,False,True,False,False
33,325,1,1,291,,,0,False,False,False,True,False,False
33,326,1,1,329,,,0,False,False,False,True,False,False
33,327,1,1,190,,,0,False,False,False,True,False,False
33,328,1,1,458,,,0,False,False,False,True,False,False
33,329,1,1,440,,,0,False,False,False,True,False,False
33,33,4,4,578,,,4,False,False,False,False,False,True
33,330,1,1,12,,,0,False,False,False,True,False,False
33,331,1,1,202,,,0,False,False,False,True,False,False
33,332,1,1,492,,,0,False,False,False,True,False,False
33,333,1,1,58,68.0,620.0,0,True,False,False,True,False,False
33,334,1,1,141,,,0,False,False,False,True,False,False
33,335,1,1,263,,,0,False,False,False,True,False,False
33,336,1,1,354,,,0,False,False,False,True,False,False
33,34,5,5,555,,,4,False,False,False,False,False,True
33,35,4,4,493,,,4,False,False,False,False,False,True
33,36,5,5,881,,,4,False,False,False,False,False,True
33,37,5,5,500,,,4,False,False,False,False,False,True
33,38,4,4,479,,,4,False,False,False,False,False,True
33,39,5,5,847,,,4,False,False,False,False,False,True
33,4,1,1,176,,,0,False,False,False,True,False,False
33,40,5,5,563,,,4,False,False,False,False,False,True
33,41,4,4,520,,,4,False,False,False,False,False,True
33,42,5,5,589,,,4,False,False,False,False,False,True
33,43,4,4,521,,,4,False,False,False,False,False,True
33,44,5,5,855,,,4,False,False,False,False,False,True
33,45,5,5,438,,,4,False,False,False,False,False,True
33,46,4,4,489,,,4,False,False,False,False,False,True
33,47,5,5,482,,,4,False,False,False,False,False,True
33,48,4,4,458,,,4,False,False,False,False,False,True
33,49,5,5,470,,,4,False,False,False,False,False,True
33,5,1,1,60,,,0,False,False,False,True,False,False
33,50,4,4,402,,,4,False,False,False,False,False,True
33,51,5,5,727,,,4,False,False,False,False,False,True
33,52,5,5,847,,,4,False,False,False,False,False,True
33,53,5,5,568,,,4,False,False,False,False,False,True
33,54,4,4,536,,,4,False,False,False,False,False,True
33,55,5,5,611,,,4,False,False,False,False,False,True
33,56,4,4,593,,,4,False,False,False,False,False,True
33,57,5,5,896,,,4,False,False,False,False,False,True
33,58,5,5,483,,,4,False,False,False,False,False,True
33,59,4,4,474,,,4,False,False,False,False,False,True
33,6,1,1,39,,,0,False,False,False,True,False,False
33,60,5,5,500,,,4,False,False,False,False,False,True
33,61,4,4,552,,,4,False,False,False,False,False,True
33,62,5,5,588,,,4,False,False,False,False,False,True
33,63,4,4,573,,,4,False,False,False,False,False,True
33,64,5,5,601,,,4,False,False,False,False,False,True
33,65,4,4,610,,,4,False,False,False,False,False,True
33,66,5,5,516,,,4,False,False,False,False,False,True
33,67,4,4,420,,,4,False,False,False,False,False,True
33,68,5,5,661,,,4,False,False,False,False,False,True
33,69,5,5,618,,,4,False,False,False,False,False,True
33,7,1,1,14,58.0,554.0,0,True,False,True,True,False,False
33,70,4,4,571,,,4,False,False,False,False,False,True
33,71,5,5,698,,,4,False,False,False,False,False,True
33,72,5,5,571,,,4,False,False,False,False,False,True
33,8,1,1,134,,,0,False,False,False,True,False,False
33,9,1,1,44,87.0,484.0,0,True,False,True,True,False,False
33,97,4,4,800,,,3,False,False,False,False,False,True
33,98,4,4,244,,,3,False,False,False,False,False,True
33,99,3,3,286,,,3,False,False,False,False,False,True
34,124,7,7,38,553.0,,7,True,False,True,False,False,True
34,130,7,7,45,639.0,,7,True,False,True,False,False,True
34,148,14,7,525,484.0,,14,True,True,False,False,False,True
34,158,7,7,48,844.0,,7,True,False,True,False,False,True
34,177,7,7,499,,,7,False,False,False,False,False,True
34,184,7,7,34,561.0,,7,True,False,True,False,False,True
34,19,7,7,244,,,7,False,False,False,False,False,True
34,191,14,7,31,764.0,,14,True,False,True,False,False,True
34,192,7,7,478,,,7,False,False,False,False,False,True
34,193,7,7,18,544.0,,7,True,False,True,False,False,True
34,204,7,7,39,806.0,,7,True,False,True,False,False,True
34,216,7,7,21,580.0,,7,True,False,True,False,False,True
34,226,7,7,830,,,7,False,False,False,False,False,True
34,239,7,7,676,,,7,False,False,False,False,False,True
34,247,7,7,22,858.0,,7,True,False,True,False,False,True
34,260,7,7,614,,,7,False,False,False,False,False,True
34,279,7,7,28,479.0,,7,True,False,True,False,False,True
34,285,7,7,5,478.0,,7,True,False,True,False,False,True
34,304,7,7,7,678.0,,7,True,False,True,False,False,True
34,388,7,7,13,545.0,,7,True,False,True,False,False,True
34,454,7,7,615,648.0,,7,True,False,False,False,False,True
34,502,7,7,19,664.0,,7,True,False,True,False,False,True
35,112,8,8,179,239.0,241.0,0,True,False,True,False,False,False
35,113,20,14,918,309.0,316.0,0,True,True,False,False,False,False
35,113(A),8,8,305,416.0,419.0,0,True,False,True,False,False,False
35,114,8,8,311,492.0,504.0,0,True,False,True,False,False,False
35,114(A),8,8,292,516.0,532.0,0,True,False,True,False,False,False
35,115,8,8,294,505.0,511.0,0,True,False,True,False,False,False
35,115(A),8,8,271,464.0,482.0,0,True,False,True,False,False,False
35,116,8,8,232,533.0,537.0,0,True,False,True,False,False,False
35,117,8,8,236,510.0,517.0,0,True,False,True,False,False,False
35,117(A),8,8,190,537.0,547.0,0,True,False,True,False,False,False
35,118,8,8,274,523.0,534.0,0,True,False,True,False,False,False
35,119,20,14,992,566.0,571.0,0,True,True,False,False,False,False
35,120,8,8,436,635.0,643.0,0,True,False,True,False,False,False
35,121,8,8,258,371.0,380.0,0,True,False,True,False,False,False
35,121(A),8,8,272,357.0,368.0,0,True,False,True,False,False,False
35,122,8,8,253,379.0,386.0,0,True,False,True,False,False,False
35,123,8,8,390,578.0,581.0,0,True,False,True,False,False,False
35,124(A),8,8,360,533.0,544.0,0,True,False,True,False,False,False
35,125,8,8,440,652.0,664.0,0,True,False,True,False,False,False
35,126,8,8,401,609.0,619.0,0,True,False,True,False,False,False
35,127,8,8,459,640.0,651.0,0,True,False,True,False,False,False
35,128,8,8,371,498.0,509.0,0,True,False,True,False,False,False
35,129,20,14,1231,776.0,788.0,0,True,True,False,False,False,False
35,130,8,8,492,670.0,683.0,0,True,False,True,False,False,False
35,131,8,8,445,576.0,582.0,0,True,False,True,False,False,False
35,132,8,8,305,407.0,408.0,0,True,False,True,False,False,False
35,133,8,8,496,773.0,777.0,0,True,False,True,False,False,False
35,134,19,13,1024,463.0,779.0,0,True,True,False,False,False,False
35,153,11,11,511,664.0,667.0,0,True,False,True,False,False,False
35,95,11,11,366,461.0,465.0,0,True,False,True,False,False,False
37,1,2,2,45,72.0,500.0,0,True,False,True,False,False,False
37,103,2,2,46,377.0,531.0,0,True,False,True,False,False,False
37,104,2,2,26,280.0,563.0,0,True,False,True,False,False,False
37,105,2,2,52,388.0,838.0,0,True,False,True,False,False,False
37,106,2,2,77,388.0,838.0,0,True,False,True,False,False,False
37,108,2,2,115,561.0,1221.0,0,True,False,True,False,False,False
37,109,2,2,237,542.0,1218.0,0,True,False,True,False,False,False
37,10A,2,2,23,316.0,567.0,0,True,False,True,False,False,False
37,11,2,2,34,325.0,564.0,0,True,False,True,False,False,False
37,110,2,2,102,388.0,1048.0,0,True,False,True,False,False,False
37,111,2,2,62,462.0,1028.0,0,True,False,True,False,False,False
37,112,2,2,87,478.0,1045.0,0,True,False,True,False,False,False
37,113,2,2,154,579.0,1329.0,0,True,False,True,False,False,False
37,113A,5,5,314,622.0,622.0,0,True,False,True,False,False,False
37,115,7,7,556,892.0,892.0,0,True,False,True,False,False,False
37,116,7,7,869,830.0,830.0,0,True,True,False,False,False,False
37,118,7,7,591,519.0,583.0,0,True,True,False,False,False,False
37,119,7,7,1181,899.0,899.0,0,True,True,False,False,False,False
37,11A,2,2,19,493.0,586.0,0,True,False,True,False,False,False
37,12,2,2,18,514.0,773.0,0,True,False,True,False,False,False
37,123,7,7,864,739.0,739.0,0,True,True,False,False,False,False
37,124,7,7,1011,877.0,877.0,0,True,True,False,False,False,False
37,125A,5,5,533,476.0,476.0,0,True,True,False,False,False,False
37,127,7,7,922,828.0,828.0,0,True,True,False,False,False,False
37,128,6,6,542,502.0,502.0,0,True,True,False,False,False,False
37,13,2,2,28,506.0,887.0,0,True,False,True,False,False,False
37,130,7,7,646,521.0,521.0,0,True,True,False,False,False,False
37,131,6,6,795,717.0,717.0,0,True,True,False,False,False,False
37,132,6,6,436,355.0,355.0,0,True,True,False,False,False,False
37,133,6,6,584,533.0,533.0,0,True,True,False,False,False,False
37,134,6,6,914,825.0,825.0,0,True,True,False,False,False,False
37,135,6,6,531,510.0,510.0,0,True,True,False,False,False,False
37,136,7,7,667,487.0,487.0,0,True,True,False,False,False,False
37,138,6,6,591,557.0,557.0,0,True,True,False,False,False,False
37,139,6,6,692,649.0,649.0,0,True,True,False,False,False,False
37,14,2,2,27,373.0,637.0,0,True,False,True,False,False,False
37,144,6,6,672,602.0,602.0,0,True,True,False,False,False,False
37,145,7,7,694,554.0,554.0,0,True,True,False,False,False,False
37,148,6,6,500,437.0,437.0,0,True,True,False,False,False,False
37,149,6,6,707,679.0,679.0,0,True,True,False,False,False,False
37,15,2,2,35,407.0,859.0,0,True,False,True,False,False,False
37,151,9,9,1005,464.0,464.0,0,True,True,False,False,False,False
37,154,10,10,1043,562.0,566.0,0,True,True,False,False,False,False
37,155,9,9,1437,518.0,518.0,0,True,True,False,False,False,False
37,159,5,5,461,445.0,446.0,0,True,True,False,False,False,False
37,161,15,5,2093,727.0,743.0,0,True,True,False,False,False,False
37,16A,2,2,26,235.0,577.0,0,True,False,True,False,False,False
37,17,2,2,55,466.0,772.0,0,True,False,True,False,False,False
37,173,5,5,527,462.0,468.0,0,True,True,False,False,False,False
37,174,7,7,527,477.0,1212.0,0,True,True,False,False,False,False
37,175,5,5,458,440.0,444.0,0,True,True,False,False,False,False
37,176A,5,5,552,538.0,540.0,0,True,True,False,False,False,False
37,18,2,2,77,263.0,556.0,0,True,False,True,False,False,False
37,180,5,5,968,944.0,953.0,0,True,True,False,False,False,False
37,181,5,5,978,935.0,940.0,0,True,True,False,False,False,False
37,182A,5,5,546,495.0,499.0,0,True,True,False,False,False,False
37,183,5,5,519,504.0,505.0,0,True,True,False,False,False,False
37,185,5,5,377,367.0,369.0,0,True,True,False,False,False,False
37,18A,2,2,62,302.0,516.0,0,True,False,True,False,False,False
37,19,2,2,42,357.0,494.0,0,True,False,True,False,False,False
37,19A,2,2,46,174.0,523.0,0,True,False,True,False,False,False
37,1A,2,2,42,78.0,516.0,0,True,False,True,False,False,False
37,2,2,2,37,301.0,521.0,0,True,False,True,False,False,False
37,20,2,2,27,289.0,486.0,0,True,False,True,False,False,False
37,20A,2,2,21,184.0,469.0,0,True,False,True,False,False,False
37,21,2,2,56,456.0,792.0,0,True,False,True,False,False,False
37,222,5,5,620,560.0,564.0,0,True,True,False,False,False,False
37,223,5,5,789,765.0,769.0,0,True,True,False,False,False,False
37,22A,2,2,47,370.0,531.0,0,True,False,True,False,False,False
37,23,2,2,118,215.0,505.0,0,True,False,True,False,False,False
37,23A,2,2,149,246.0,519.0,0,True,False,True,False,False,False
37,24,2,2,26,306.0,841.0,0,True,False,True,False,False,False
37,25,2,2,75,341.0,570.0,0,True,False,True,False,False,False
37,254,2,2,106,297.0,605.0,0,True,False,True,False,False,False
37,26,2,2,110,329.0,596.0,0,True,False,True,False,False,False
37,27,2,2,87,299.0,640.0,0,True,False,True,False,False,False
37,28,2,2,29,272.0,527.0,0,True,False,True,False,False,False
37,28A,2,2,32,233.0,529.0,0,True,False,True,False,False,False
37,29,2,2,62,467.0,884.0,0,True,False,True,False,False,False
37,2A,2,2,54,351.0,542.0,0,True,False,True,False,False,False
37,3,2,2,22,366.0,543.0,0,True,False,True,False,False,False
37,30,2,2,216,272.0,745.0,0,True,False,True,False,False,False
37,31,2,2,119,267.0,564.0,0,True,False,True,False,False,False
37,33,2,2,112,429.0,831.0,0,True,False,True,False,False,False
37,34,2,2,53,180.0,688.0,0,True,False,True,False,False,False
37,3A,2,2,38,315.0,566.0,0,True,False,True,False,False,False
37,5,2,2,260,333.0,744.0,0,True,False,True,False,False,False
37,6,2,2,39,500.0,836.0,0,True,False,True,False,False,False
37,7,2,2,17,280.0,492.0,0,True,False,True,False,False,False
37,701,2,2,73,442.0,904.0,0,True,False,True,False,False,False
37,711,2,2,59,331.0,514.0,0,True,False,True,False,False,False
37,72,2,2,9,761.0,1611.0,0,True,False,True,False,False,False
37,731,1,1,25,,,0,False,False,False,True,False,False
37,742,1,1,10,,,0,False,False,False,True,False,False
37,7A,2,2,17,301.0,488.0,0,True,False,True,False,False,False
37,8,2,2,31,375.0,828.0,0,True,False,True,False,False,False
37,9A,2,2,14,108.0,567.0,0,True,False,True,False,False,False
38,109,6,6,560,480.0,482.0,0,True,True,False,False,False,False
38,111,6,6,681,596.0,599.0,0,True,True,False,False,False,False
38,112,6,6,872,786.0,792.0,0,True,True,False,False,False,False
38,113,6,6,747,561.0,662.0,0,True,True,False,False,False,False
38,114,6,6,738,650.0,652.0,0,True,True,False,False,False,False
38,115,6,6,884,735.0,738.0,0,True,True,False,False,False,False
38,116,6,6,710,620.0,623.0,0,True,True,False,False,False,False
38,117,6,6,999,895.0,898.0,0,True,True,False,False,False,False
38,118,6,6,842,750.0,752.0,0,True,True,False,False,False,False
38,119,6,6,603,510.0,510.0,0,True,True,False,False,False,False
38,121,6,6,869,775.0,780.0,0,True,True,False,False,False,False
38,122,6,6,857,762.0,773.0,0,True,True,False,False,False,False
38,123,6,6,744,648.0,655.0,0,True,True,False,False,False,False
38,124,6,6,695,508.0,611.0,0,True,True,False,False,False,False
38,125,6,6,610,512.0,577.0,0,True,True,False,False,False,False
38,126,5,5,536,476.0,479.0,0,True,True,False,False,False,False
38,127,6,6,875,770.0,774.0,0,True,True,False,False,False,False
38,128,6,6,582,492.0,495.0,0,True,True,False,False,False,False
38,130,6,6,719,612.0,618.0,0,True,True,False,False,False,False
38,132,6,6,596,493.0,501.0,0,True,True,False,False,False,False
38,134,6,6,688,584.0,590.0,0,True,True,False,False,False,False
38,136,6,6,964,859.0,866.0,0,True,True,False,False,False,False
38,137,6,6,581,475.0,475.0,0,True,True,False,False,False,False
38,139,6,6,899,792.0,797.0,0,True,True,False,False,False,False
38,140,6,6,492,384.0,386.0,0,True,True,False,False,False,False
38,142,6,6,853,743.0,750.0,0,True,True,False,False,False,False
38,143,6,6,720,609.0,672.0,0,True,True,False,False,False,False
38,144,6,6,621,509.0,513.0,0,True,True,False,False,False,False
38,146,6,6,580,466.0,477.0,0,True,True,False,False,False,False
38,147,6,6,593,478.0,478.0,0,True,True,False,False,False,False
38,148,6,6,635,519.0,519.0,0,True,True,False,False,False,False
38,149,6,6,573,456.0,456.0,0,True,True,False,False,False,False
38,150,6,6,707,589.0,594.0,0,True,True,False,False,False,False
38,151,6,6,663,544.0,549.0,0,True,True,False,False,False,False
38,152,6,6,801,518.0,523.0,0,True,True,False,False,False,False
38,153,6,6,972,851.0,853.0,0,True,True,False,False,False,False
38,154,6,6,628,506.0,510.0,0,True,True,False,False,False,False
38,155,5,5,516,505.0,507.0,0,True,True,False,False,False,False
38,157,6,6,715,590.0,593.0,0,True,True,False,False,False,False
38,158,6,6,707,581.0,585.0,0,True,True,False,False,False,False
38,159,5,5,654,528.0,532.0,0,True,True,False,False,False,False
38,160A,2,2,32,447.0,,1,True,False,True,False,False,True
38,161,2,2,60,451.0,,1,True,False,True,False,False,True
38,162,2,2,24,575.0,,1,True,False,True,False,False,True
38,162A,2,2,16,558.0,,1,True,False,True,False,False,True
38,163,2,2,16,551.0,,1,True,False,True,False,False,True
38,164,2,2,29,805.0,,1,True,False,True,False,False,True
38,165,2,2,10,739.0,,1,True,False,True,False,False,True
38,165A,2,2,26,495.0,,1,True,False,True,False,False,True
38,166,2,2,16,473.0,,1,True,False,True,False,False,True
38,166A,2,2,23,479.0,,1,True,False,True,False,False,True
38,167,2,2,10,498.0,,1,True,False,True,False,False,True
38,168,2,2,27,490.0,,1,True,False,True,False,False,True
38,169,2,2,51,849.0,,1,True,False,True,False,False,True
38,169A,2,2,24,620.0,,1,True,False,True,False,False,True
38,1700,2,2,51,598.0,,1,True,False,True,False,False,True
38,171,2,2,18,675.0,,1,True,False,True,False,False,True
38,171A,2,2,21,557.0,,1,True,False,True,False,False,True
38,172,2,2,24,529.0,,1,True,False,True,False,False,True
38,172A,2,2,16,573.0,,1,True,False,True,False,False,True
38,173,2,2,63,549.0,,1,True,False,True,False,False,True
38,174,2,2,52,642.0,,1,True,False,True,False,False,True
38,175,2,2,48,800.0,,1,True,False,True,False,False,True
38,175A,2,2,53,566.0,,1,True,False,True,False,False,True
38,176,2,2,237,550.0,,1,True,False,True,False,False,True
38,177A,2,2,37,551.0,,1,True,False,True,False,False,True
38,178,2,2,28,366.0,,1,True,False,True,False,False,True
38,179,2,2,67,837.0,,1,True,False,True,False,False,True
38,180,2,2,21,463.0,,1,True,False,True,False,False,True
38,180A,2,2,30,465.0,,1,True,False,True,False,False,True
38,181,2,2,63,624.0,,1,True,False,True,False,False,True
38,181A,2,2,43,572.0,,1,True,False,True,False,False,True
38,182,2,2,52,574.0,,1,True,False,True,False,False,True
38,182A,2,2,66,550.0,,1,True,False,True,False,False,True
38,183,2,2,51,464.0,,1,True,False,True,False,False,True
38,183A,2,2,34,483.0,,1,True,False,True,False,False,True
38,184,2,2,24,486.0,,1,True,False,True,False,False,True
38,184A,2,2,25,528.0,,1,True,False,True,False,False,True
38,185,2,2,114,785.0,,1,True,False,True,False,False,True
38,186,2,2,90,507.0,,1,True,False,True,False,False,True
38,187,2,2,27,768.0,,1,True,False,True,False,False,True
38,188,2,2,43,584.0,,1,True,False,True,False,False,True
38,189,2,2,18,573.0,,1,True,False,True,False,False,True
38,189A,2,2,25,542.0,,1,True,False,True,False,False,True
38,190,2,2,56,610.0,,1,True,False,True,False,False,True
38,191,2,2,90,787.0,,1,True,False,True,False,False,True
38,192,2,2,78,551.0,,1,True,False,True,False,False,True
38,193,2,2,42,485.0,,1,True,False,True,False,False,True
38,193A,2,2,45,447.0,,1,True,False,True,False,False,True
38,194,2,2,49,837.0,,1,True,False,True,False,False,True
38,195,2,2,9,369.0,,1,True,False,True,False,False,True
38,196,2,2,108,800.0,,1,True,False,True,False,False,True
38,197,1,1,14,455.0,457.0,0,True,False,True,True,False,False
38,198,2,2,323,848.0,857.0,0,True,False,True,False,False,False
38,199,2,2,360,657.0,660.0,0,True,False,True,False,False,False
38,200,2,2,337,527.0,531.0,0,True,False,True,False,False,False
38,200A,2,2,186,522.0,529.0,0,True,False,True,False,False,False
38,201A,2,2,282,570.0,575.0,0,True,False,True,False,False,False
38,202,1,1,294,559.0,572.0,0,True,False,True,True,False,False
38,203,2,2,226,536.0,537.0,0,True,False,True,False,False,False
38,203A,2,2,420,582.0,585.0,0,True,False,True,False,False,False
38,204,2,2,300,530.0,815.0,0,True,False,True,False,False,False
38,205,2,2,194,510.0,515.0,0,True,False,True,False,False,False
38,205A,2,2,345,438.0,511.0,0,True,False,True,False,False,False
38,52,2,2,736,,,1,False,False,False,False,False,True
39,5,14,7,1428,745.0,1504.0,0,True,True,False,False,False,False
40,100,2,2,439,564.0,567.0,0,True,False,True,False,False,False
40,101,2,2,376,848.0,862.0,0,True,False,True,False,False,False
40,102,2,2,234,668.0,674.0,0,True,False,True,False,False,False
40,103,2,2,395,508.0,511.0,0,True,False,True,False,False,False
40,104,2,2,333,727.0,731.0,0,True,False,True,False,False,False
40,105,2,2,328,781.0,787.0,0,True,False,True,False,False,False
40,106,2,2,335,706.0,724.0,0,True,False,True,False,False,False
40,107,2,2,374,660.0,664.0,0,True,False,True,False,False,False
40,108,2,2,158,616.0,630.0,0,True,False,True,False,False,False
40,108A,2,2,178,437.0,444.0,0,True,False,True,False,False,False
40,109,2,2,193,451.0,455.0,0,True,False,True,False,False,False
40,109A,2,2,192,552.0,557.0,0,True,False,True,False,False,False
40,110,2,2,230,532.0,536.0,0,True,False,True,False,False,False
40,110A,2,2,219,505.0,528.0,0,True,False,True,False,False,False
40,111,2,2,539,524.0,533.0,0,True,True,False,False,False,False
40,112,2,2,255,791.0,800.0,0,True,False,True,False,False,False
40,112A,2,2,379,607.0,610.0,0,True,False,True,False,False,False
40,113,2,2,212,562.0,564.0,0,True,False,True,False,False,False
40,114,2,2,216,758.0,766.0,0,True,False,True,False,False,False
40,115,2,2,251,538.0,550.0,0,True,False,True,False,False,False
40,116,2,2,376,601.0,616.0,0,True,False,True,False,False,False
40,117,2,2,423,742.0,1508.0,0,True,False,True,False,False,False
40,118,2,2,162,742.0,745.0,0,True,False,True,False,False,False
40,118A,2,2,247,533.0,1069.0,0,True,False,True,False,False,False
40,119,2,2,349,481.0,484.0,0,True,False,True,False,False,False
40,120,2,2,269,636.0,641.0,0,True,False,True,False,False,False
40,122,2,2,384,712.0,1431.0,0,True,False,True,False,False,False
40,123,2,2,194,771.0,,0,True,False,True,False,False,False
40,123A,2,2,248,469.0,939.0,0,True,False,True,False,False,False
40,124,2,2,310,489.0,491.0,0,True,False,True,False,False,False
40,124A,2,2,237,486.0,490.0,0,True,False,True,False,False,False
40,125,2,2,190,501.0,504.0,0,True,False,True,False,False,False
40,125A,2,2,197,506.0,512.0,0,True,False,True,False,False,False
40,126,2,2,351,588.0,1183.0,0,True,False,True,False,False,False
40,126A,2,2,407,613.0,619.0,0,True,False,True,False,False,False
40,127,2,2,365,598.0,600.0,0,True,False,True,False,False,False
40,128,2,2,407,621.0,625.0,0,True,False,True,False,False,False
40,129,2,2,167,639.0,645.0,0,True,False,True,False,False,False
40,129A,2,2,211,441.0,448.0,0,True,False,True,False,False,False
40,130,2,2,287,451.0,452.0,0,True,False,True,False,False,False
40,130A,2,2,323,533.0,537.0,0,True,False,True,False,False,False
40,131,2,2,397,551.0,554.0,0,True,False,True,False,False,False
40,132,2,2,406,879.0,883.0,0,True,False,True,False,False,False
40,133,2,2,221,817.0,,0,True,False,True,False,False,False
40,134,2,2,249,464.0,466.0,0,True,False,True,False,False,False
40,134A,1,1,226,594.0,594.0,0,True,False,True,True,False,False
40,135,2,2,408,589.0,1186.0,0,True,False,True,False,False,False
40,136,2,2,366,722.0,1456.0,0,True,False,True,False,False,False
40,137,2,2,203,706.0,712.0,0,True,False,True,False,False,False
40,137A,2,2,206,599.0,603.0,0,True,False,True,False,False,False
40,138A,2,2,374,547.0,549.0,0,True,False,True,False,False,False
40,1400,2,2,320,553.0,557.0,0,True,False,True,False,False,False
40,177,4,4,277,771.0,777.0,0,True,False,True,False,False,False
40,212,6,6,620,482.0,970.0,0,True,True,False,False,False,False
40,213,6,6,772,618.0,,0,True,True,False,False,False,False
40,221,5,5,268,500.0,5501.0,0,True,False,True,False,False,False
40,2215A,6,6,469,458.0,925.0,0,True,True,False,False,False,False
40,307,2,2,287,705.0,712.0,0,True,False,True,False,False,False
40,355,2,2,12,766.0,773.0,0,True,False,True,False,False,False
40,37,6,6,514,678.0,682.0,0,True,False,True,False,False,False
40,383,2,2,249,636.0,648.0,0,True,False,True,False,False,False
40,97,2,2,215,613.0,615.0,0,True,False,True,False,False,False
40,97A,2,2,210,571.0,575.0,0,True,False,True,False,False,False
40,98,2,2,198,559.0,561.0,0,True,False,True,False,False,False
40,98A,2,2,180,492.0,495.0,0,True,False,True,False,False,False
40,99,2,2,260,506.0,512.0,0,True,False,True,False,False,False
40,999A,2,2,300,503.0,505.0,0,True,False,True,False,False,False
41,191,1,1,4,355.0,500.0,0,True,False,True,True,False,False
41,191A,1,1,4,344.0,513.0,0,True,False,True,True,False,False
41,192,1,1,5,247.0,498.0,0,True,False,True,True,False,False
41,192A,1,1,4,250.0,524.0,0,True,False,True,True,False,False
41,193,1,1,5,658.0,883.0,0,True,False,True,True,False,False
41,194,1,1,1,335.0,686.0,0,True,False,True,True,False,False
41,195,1,1,3,249.0,664.0,0,True,False,True,True,False,False
41,196,2,1,12,201.0,584.0,0,True,False,True,True,False,False
41,197,1,1,2,236.0,457.0,0,True,False,True,True,False,False
41,197A,1,1,4,218.0,452.0,0,True,False,True,True,False,False
41,198,1,1,4,220.0,535.0,0,True,False,True,True,False,False
41,199,1,1,4,277.0,783.0,0,True,False,True,True,False,False
41,199A,1,1,3,272.0,587.0,0,True,False,True,True,False,False
41,20,6,6,621,301.0,,0,True,True,False,False,False,False
41,200,1,1,7,307.0,868.0,0,True,False,True,True,False,False
41,201,1,1,1,189.0,467.0,0,True,False,True,True,False,False
41,2010,1,1,4,216.0,490.0,0,True,False,True,True,False,False
41,201A,1,1,6,237.0,469.0,0,True,False,True,True,False,False
41,202,1,1,6,300.0,723.0,0,True,False,True,True,False,False
41,203,1,1,5,549.0,835.0,0,True,False,True,True,False,False
41,204,1,1,3,191.0,482.0,0,True,False,True,True,False,False
41,204A,1,1,3,187.0,543.0,0,True,False,True,True,False,False
41,205,1,1,3,276.0,664.0,0,True,False,True,True,False,False
41,206,1,1,8,297.0,712.0,0,True,False,True,True,False,False
41,207,1,1,2,242.0,561.0,0,True,False,True,True,False,False
41,207A,1,1,8,240.0,600.0,0,True,False,True,True,False,False
41,208A,1,1,3,236.0,512.0,0,True,False,True,True,False,False
41,209,1,1,3,194.0,401.0,0,True,False,True,True,False,False
41,210,1,1,3,339.0,674.0,0,True,False,True,True,False,False
41,211,1,1,1,325.0,599.0,0,True,False,True,True,False,False
41,212,1,1,2,377.0,584.0,0,True,False,True,True,False,False
41,212A,1,1,1,306.0,627.0,0,True,False,True,True,False,False
41,213,1,1,3,446.0,678.0,0,True,False,True,True,False,False
41,214,1,1,0,413.0,555.0,0,True,False,True,True,False,False
41,214A,1,1,3,373.0,592.0,0,True,False,True,True,False,False
41,215,1,1,5,492.0,732.0,0,True,False,True,True,False,False
41,216,1,1,1,465.0,785.0,0,True,False,True,True,False,False
41,217,1,1,8,394.0,903.0,0,True,False,True,True,False,False
41,218,1,1,7,266.0,375.0,0,True,False,True,True,False,False
41,219,1,1,9,494.0,821.0,0,True,False,True,True,False,False
41,220,1,1,448,,,0,False,False,False,True,False,False
41,221,1,1,315,566.0,,0,True,False,True,True,False,False
41,222,1,1,338,849.0,,0,True,False,True,True,False,False
41,223,1,1,362,517.0,,0,True,False,True,True,False,False
41,224,1,1,241,527.0,,0,True,False,True,True,False,False
41,224A,1,1,201,515.0,,0,True,False,True,True,False,False
41,225,1,1,260,550.0,,0,True,False,True,True,False,False
41,225A,1,1,245,511.0,,0,True,False,True,True,False,False
41,226,1,1,298,678.0,,0,True,False,True,True,False,False
41,227,1,1,243,599.0,,0,True,False,True,True,False,False
41,228,1,1,154,399.0,,0,True,False,True,True,False,False
41,229,1,1,148,634.0,,0,True,False,True,True,False,False
41,230,1,1,324,647.0,,0,True,False,True,True,False,False
41,231,1,1,119,466.0,,0,True,False,True,True,False,False
41,231A,1,1,108,441.0,,0,True,False,True,True,False,False
41,232,1,1,217,714.0,,0,True,False,True,True,False,False
41,233,1,1,464,767.0,,0,True,False,True,True,False,False
41,234,1,1,244,509.0,,0,True,False,True,True,False,False
41,235,1,1,212,540.0,,0,True,False,True,True,False,False
41,236,1,1,273,562.0,,0,True,False,True,True,False,False
41,237,1,1,363,823.0,,0,True,False,True,True,False,False
41,32,3,3,217,355.0,,0,True,False,True,False,False,False
41,34,2,2,182,306.0,,0,True,False,True,False,False,False
42,106,13,10,1187,562.0,,0,True,True,False,False,False,False
42,107,13,10,1269,586.0,,0,True,True,False,False,False,False
42,108,13,10,1058,606.0,,0,True,True,False,False,False,False
42,108A,8,8,956,478.0,,0,True,True,False,False,False,False
42,109,12,9,1571,504.0,,0,True,True,False,False,False,False
42,111,15,14,948,544.0,645.0,0,True,True,False,False,False,False
42,118,15,14,906,411.0,414.0,0,True,True,False,False,False,False
42,119,8,8,715,582.0,,0,True,True,False,False,False,False
42,119A,8,8,629,509.0,,0,True,True,False,False,False,False
42,186,7,7,286,521.0,525.0,0,True,False,True,False,False,False
42,206,1,1,379,388.0,818.0,0,True,False,False,True,False,False
42,208,8,7,539,474.0,766.0,0,True,True,False,False,False,False
42,209,1,1,197,356.0,592.0,0,True,False,True,True,False,False
42,209A,1,1,72,440.0,556.0,0,True,False,True,True,False,False
42,210,1,1,102,360.0,490.0,0,True,False,True,True,False,False
42,210A,1,1,170,219.0,435.0,0,True,False,True,True,False,False
42,211,1,1,322,,,0,False,False,False,True,False,False
42,212,1,1,327,,,0,False,False,False,True,False,False
42,213,1,1,240,,,0,False,False,False,True,False,False
42,213A,1,1,207,216.0,446.0,0,True,False,False,True,False,False
42,214,1,1,125,239.0,409.0,0,True,False,True,True,False,False
42,214A,1,1,173,251.0,443.0,0,True,False,True,True,False,False
42,215,1,1,275,362.0,666.0,0,True,False,True,True,False,False
42,216,1,1,379,,,0,False,False,False,True,False,False
42,217,1,1,412,,,0,False,False,False,True,False,False
42,218,1,1,266,,,0,False,False,False,True,False,False
42,219,1,1,19,430.0,489.0,0,True,False,True,True,False,False
42,219A,1,1,171,292.0,491.0,0,True,False,True,True,False,False
42,220,1,1,196,260.0,477.0,0,True,False,True,True,False,False
42,220A,1,1,228,,,0,False,False,False,True,False,False
42,221,1,1,12,518.0,556.0,0,True,False,True,True,False,False
42,221A,1,1,41,471.0,542.0,0,True,False,True,True,False,False
42,222,1,1,433,,,0,False,False,False,True,False,False
42,227,1,1,351,,,0,False,False,False,True,False,False
42,235,7,7,223,453.0,457.0,0,True,False,True,False,False,False
42,266,11,11,684,463.0,471.0,0,True,True,False,False,False,False
42,303,7,7,166,469.0,475.0,0,True,False,True,False,False,False
42,371,7,7,322,693.0,702.0,0,True,False,True,False,False,False
42,381,7,7,473,855.0,862.0,0,True,False,True,False,False,False
42,444,7,7,357,805.0,813.0,0,True,False,True,False,False,False
42,448,6,6,97,552.0,,0,True,False,True,False,False,False
42,449,7,7,932,850.0,,0,True,True,False,False,False,False
42,460,7,7,316,841.0,850.0,0,True,False,True,False,False,False
42,55,8,8,1421,435.0,565.0,0,True,True,False,False,False,False
42,56,1,1,297,,,0,False,False,False,True,False,False
42,57,1,1,279,431.0,614.0,0,True,False,True,True,False,False
42,58,1,1,250,359.0,651.0,0,True,False,True,True,False,False
42,59,1,1,432,,,0,False,False,False,True,False,False
42,60,1,1,196,,,0,False,False,False,True,False,False
42,61,1,1,429,,,0,False,False,False,True,False,False
42,62,1,1,285,338.0,551.0,0,True,False,False,True,False,False
42,63,1,1,92,297.0,432.0,0,True,False,True,True,False,False
42,64,1,1,77,318.0,452.0,0,True,False,True,True,False,False
42,65,1,1,277,,,0,False,False,False,True,False,False
42,66,1,1,118,378.0,462.0,0,True,False,True,True,False,False
42,67,1,1,207,491.0,744.0,0,True,False,True,True,False,False
42,68,1,1,101,300.0,429.0,0,True,False,True,True,False,False
42,69,1,1,202,242.0,411.0,0,True,False,False,True,False,False
42,70,6,6,850,605.0,,0,True,True,False,False,False,False
42,71,6,6,872,612.0,,0,True,True,False,False,False,False
42,72,6,6,880,614.0,562.0,0,True,True,False,False,False,False
42,73,6,6,895,711.0,534.0,0,True,True,False,False,False,False
42,74,6,6,132,481.0,653.0,0,True,False,True,False,False,False
42,75,6,6,640,476.0,632.0,0,True,True,False,False,False,False
42,75A,5,5,587,468.0,,0,True,True,False,False,False,False
42,76,6,6,992,444.0,,0,True,True,False,False,False,False
42,775,7,7,305,480.0,484.0,0,True,False,True,False,False,False
42,78,6,6,973,859.0,469.0,0,True,True,False,False,False,False
42,79,6,6,726,432.0,,0,True,True,False,False,False,False
42,80,6,6,786,396.0,532.0,0,True,True,False,False,False,False
42,81,6,6,714,631.0,555.0,0,True,True,False,False,False,False
42,82,6,6,627,488.0,538.0,0,True,True,False,False,False,False
42,84,6,6,761,293.0,462.0,0,True,True,False,False,False,False
42,86,6,6,1211,632.0,,0,True,True,False,False,False,False
42,87,6,6,760,463.0,,0,True,True,False,False,False,False
42,88,6,6,1064,852.0,,0,True,True,False,False,False,False
42,90,6,6,1050,551.0,,0,True,True,False,False,False,False
42,92,13,11,978,631.0,444.0,0,True,True,False,False,False,False
42,94,6,6,814,685.0,552.0,0,True,True,False,False,False,False
42,96,13,11,616,431.0,525.0,0,True,True,False,False,False,False
42,97,6,6,911,851.0,583.0,0,True,True,False,False,False,False
42,98,5,5,845,717.0,,0,True,True,False,False,False,False
43,10,3,3,559,,,3,False,False,False,False,False,True
43,119,3,3,246,,,3,False,False,False,False,False,True
43,127,6,3,513,,,6,False,False,False,False,False,True
43,128,3,3,301,,,3,False,False,False,False,False,True
43,137,3,3,269,,,3,False,False,False,False,False,True
43,139,3,3,234,,,3,False,False,False,False,False,True
43,142,3,3,290,,,3,False,False,False,False,False,True
43,152,3,3,469,,,3,False,False,False,False,False,True
43,160,6,3,605,,,6,False,False,False,False,False,True
43,160(A),3,3,350,,,3,False,False,False,False,False,True
43,161,6,3,562,,,6,False,False,False,False,False,True
43,161(A),3,3,356,,,3,False,False,False,False,False,True
43,162,3,3,433,,,3,False,False,False,False,False,True
43,162(A),3,3,398,,,3,False,False,False,False,False,True
43,163,3,3,435,,,3,False,False,False,False,False,True
43,163(A),3,3,388,,,3,False,False,False,False,False,True
43,164,3,3,601,,,3,False,False,False,False,False,True
43,165,6,3,741,,,6,False,False,False,False,False,True
43,165(A),3,3,440,,,3,False,False,False,False,False,True
43,166,3,3,443,,,3,False,False,False,False,False,True
43,167,3,3,608,,,3,False,False,False,False,False,True
43,168,3,3,332,,,3,False,False,False,False,False,True
43,168(A),3,3,345,,,3,False,False,False,False,False,True
43,169,6,3,657,,,6,False,False,False,False,False,True
43,169(A),3,3,365,,,3,False,False,False,False,False,True
43,170,9,3,965,,,9,False,False,False,False,False,True
43,170(A),3,3,451,,,3,False,False,False,False,False,True
43,171,3,3,409,,,3,False,False,False,False,False,True
43,171(A),3,3,434,,,3,False,False,False,False,False,True
43,172,3,3,429,,,3,False,False,False,False,False,True
43,172(A),3,3,443,,,3,False,False,False,False,False,True
43,173,3,3,437,,,3,False,False,False,False,False,True
43,173(A),3,3,419,,,3,False,False,False,False,False,True
43,174(A),3,3,174,,,3,False,False,False,False,False,True
43,175,3,3,454,,,3,False,False,False,False,False,True
43,175(A),3,3,406,,,3,False,False,False,False,False,True
43,176,3,3,435,,,3,False,False,False,False,False,True
43,177,6,3,604,,,6,False,False,False,False,False,True
43,177(A),3,3,409,,,3,False,False,False,False,False,True
43,180,3,3,210,,,3,False,False,False,False,False,True
43,190,9,3,973,,,9,False,False,False,False,False,True
43,191,6,3,1016,,,6,False,False,False,False,False,True
43,192,6,3,993,,,6,False,False,False,False,False,True
43,193,6,3,834,,,6,False,False,False,False,False,True
43,194,6,3,638,,,6,False,False,False,False,False,True
43,195,6,3,970,,,6,False,False,False,False,False,True
43,196,3,3,595,,,3,False,False,False,False,False,True
43,197,3,3,665,,,3,False,False,False,False,False,True
43,198,6,3,682,,,6,False,False,False,False,False,True
43,199,6,3,1016,,,6,False,False,False,False,False,True
43,200,6,3,787,,,6,False,False,False,False,False,True
43,201,3,3,749,,,3,False,False,False,False,False,True
43,202,6,3,857,,,6,False,False,False,False,False,True
43,203,6,3,745,,,6,False,False,False,False,False,True
43,204,6,3,926,,,6,False,False,False,False,False,True
43,205,9,3,771,,,9,False,False,False,False,False,True
43,206,3,3,487,,,3,False,False,False,False,False,True
43,207,3,3,214,,,3,False,False,False,False,False,True
43,209,3,3,331,,,3,False,False,False,False,False,True
43,213,3,3,143,,,3,False,False,False,False,False,True
43,214,3,3,155,,,3,False,False,False,False,False,True
43,215,3,3,239,,,3,False,False,False,False,False,True
43,220,3,3,248,,,3,False,False,False,False,False,True
43,221,3,3,180,,,3,False,False,False,False,False,True
43,230,3,3,260,,,3,False,False,False,False,False,True
43,234,3,3,443,,,3,False,False,False,False,False,True
43,238,6,3,426,,,6,False,False,False,False,False,True
43,242,3,3,441,,,3,False,False,False,False,False,True
43,247,3,3,154,,,3,False,False,False,False,False,True
43,249,3,3,176,,,3,False,False,False,False,False,True
43,260,3,3,222,,,3,False,False,False,False,False,True
43,263,3,3,387,,,3,False,False,False,False,False,True
43,264,3,3,210,,,3,False,False,False,False,False,True
43,268,3,3,168,,,3,False,False,False,False,False,True
43,270,3,3,243,,,3,False,False,False,False,False,True
43,276,6,3,742,,,6,False,False,False,False,False,True
43,279,3,3,235,,,3,False,False,False,False,False,True
43,282,3,3,160,,,3,False,False,False,False,False,True
43,284,5,3,347,,,5,False,False,False,False,False,True
43,290,3,3,237,,,3,False,False,False,False,False,True
43,291,6,3,568,,,6,False,False,False,False,False,True
43,296,3,3,231,,,3,False,False,False,False,False,True
43,298,6,3,790,,,6,False,False,False,False,False,True
43,299,3,3,182,,,3,False,False,False,False,False,True
43,31,2,2,133,,,2,False,False,False,False,False,True
43,317,3,3,269,,,3,False,False,False,False,False,True
43,327,3,3,154,,,3,False,False,False,False,False,True
43,328,3,3,331,,,3,False,False,False,False,False,True
43,332,3,3,260,,,3,False,False,False,False,False,True
43,333,3,3,212,,,3,False,False,False,False,False,True
43,335,3,3,207,,,3,False,False,False,False,False,True
43,339,3,3,264,,,3,False,False,False,False,False,True
43,343,3,3,324,,,3,False,False,False,False,False,True
43,345,3,3,381,,,3,False,False,False,False,False,True
43,376,3,3,232,,,3,False,False,False,False,False,True
43,377,3,3,443,,,3,False,False,False,False,False,True
43,409,3,3,239,,,3,False,False,False,False,False,True
43,424,3,3,265,,,3,False,False,False,False,False,True
43,426,3,3,239,,,3,False,False,False,False,False,True
43,445,3,3,379,,,3,False,False,False,False,False,True
43,500,3,3,279,,,3,False,False,False,False,False,True
43,82,2,2,263,,,2,False,False,False,False,False,True
43,85,3,3,100,,,3,False,False,False,False,False,True
44,1,1,1,1,2.0,494.0,0,True,False,True,True,False,False
44,10,1,1,60,,,0,False,False,False,True,False,False
44,10A,1,1,32,,,0,False,False,False,True,False,False
44,11,1,1,60,,,0,False,False,False,True,False,False
44,12,1,1,15,,,0,False,False,False,True,False,False
44,15,1,1,37,,,0,False,False,False,True,False,False
44,155,13,10,1031,635.0,641.0,0,True,True,False,False,False,False
44,16,1,1,7,,,0,False,False,False,True,False,False
44,17,1,1,58,,,0,False,False,False,True,False,False
44,17A,1,1,33,,,0,False,False,False,True,False,False
44,18A,1,1,1,3.0,3.0,0,True,False,True,True,False,False
44,19,1,1,20,,,0,False,False,False,True,False,False
44,1A,1,1,11,,,0,False,False,False,True,False,False
44,2,1,1,74,,,0,False,False,False,True,False,False
44,20,7,7,665,533.0,541.0,0,True,True,False,False,False,False
44,21,1,1,11,,,0,False,False,False,True,False,False
44,21A,1,1,9,,,0,False,False,False,True,False,False
44,22A,2,2,93,551.0,552.0,0,True,False,True,False,False,False
44,23,14,6,1220,487.0,489.0,0,True,True,False,False,False,False
44,24,2,2,108,791.0,793.0,0,True,False,True,False,False,False
44,24A,2,2,96,618.0,621.0,0,True,False,True,False,False,False
44,25,2,2,326,623.0,623.0,0,True,False,True,False,False,False
44,26A,2,2,266,541.0,543.0,0,True,False,True,False,False,False
44,28,8,6,414,629.0,629.0,0,True,False,True,False,False,False
44,29,16,6,1475,603.0,609.0,0,True,True,False,False,False,False
44,29A,2,2,79,543.0,547.0,0,True,False,True,False,False,False
44,2A,1,1,28,,,0,False,False,False,True,False,False
44,3,1,1,24,,,0,False,False,False,True,False,False
44,30,2,2,242,431.0,433.0,0,True,False,True,False,False,False
44,301,5,5,110,586.0,594.0,0,True,False,True,False,False,False
44,30A,2,2,197,491.0,502.0,0,True,False,True,False,False,False
44,31,8,6,1138,562.0,575.0,0,True,True,False,False,False,False
44,31A,2,2,383,574.0,576.0,0,True,False,True,False,False,False
44,32,2,2,171,535.0,538.0,0,True,False,True,False,False,False
44,33A,2,2,126,547.0,551.0,0,True,False,True,False,False,False
44,34A,2,2,286,542.0,546.0,0,True,False,True,False,False,False
44,35,8,6,819,445.0,447.0,0,True,True,False,False,False,False
44,36,8,6,952,820.0,828.0,0,True,True,False,False,False,False
44,36A,2,2,347,611.0,616.0,0,True,False,True,False,False,False
44,37,8,6,948,553.0,554.0,0,True,True,False,False,False,False
44,38,2,2,399,692.0,693.0,0,True,False,True,False,False,False
44,38A,2,2,177,629.0,633.0,0,True,False,True,False,False,False
44,39,2,2,90,480.0,481.0,0,True,False,True,False,False,False
44,39A,2,2,134,530.0,535.0,0,True,False,True,False,False,False
44,3A,1,1,16,,,0,False,False,False,True,False,False
44,4,4,4,579,550.0,,0,True,True,False,False,False,False
44,40,8,6,690,510.0,512.0,0,True,True,False,False,False,False
44,40A,2,2,372,625.0,627.0,0,True,False,True,False,False,False
44,41,2,2,241,528.0,538.0,0,True,False,True,False,False,False
44,41A,2,2,114,502.0,505.0,0,True,False,True,False,False,False
44,42,8,6,813,432.0,434.0,0,True,True,False,False,False,False
44,42A,2,2,318,583.0,585.0,0,True,False,True,False,False,False
44,43,14,6,4099,570.0,573.0,0,True,True,False,False,False,False
44,43A,2,2,275,481.0,484.0,0,True,False,True,False,False,False
44,44,13,6,1079,545.0,575.0,0,True,True,False,False,False,False
44,45,8,6,933,672.0,675.0,0,True,True,False,False,False,False
44,46,2,2,380,671.0,679.0,0,True,False,True,False,False,False
44,47A,2,2,153,408.0,408.0,0,True,False,True,False,False,False
44,48,8,6,390,572.0,575.0,0,True,False,True,False,False,False
44,48A,2,2,166,239.0,243.0,0,True,False,True,False,False,False
44,4A,1,1,11,,,0,False,False,False,True,False,False
44,5,1,1,21,,,0,False,False,False,True,False,False
44,50,2,2,74,314.0,319.0,0,True,False,True,False,False,False
44,51,8,6,748,344.0,346.0,0,True,True,False,False,False,False
44,51A,2,2,184,366.0,367.0,0,True,False,True,False,False,False
44,52,2,2,175,345.0,348.0,0,True,False,True,False,False,False
44,53,2,2,123,564.0,565.0,0,True,False,True,False,False,False
44,54,2,2,376,366.0,372.0,0,True,True,False,False,False,False
44,55,2,2,26,526.0,529.0,0,True,False,True,False,False,False
44,55A,2,2,179,311.0,314.0,0,True,False,True,False,False,False
44,56,13,6,1377,862.0,880.0,0,True,True,False,False,False,False
44,56A,2,2,158,300.0,304.0,0,True,False,True,False,False,False
44,57,2,2,71,385.0,388.0,0,True,False,True,False,False,False
44,57A,2,2,88,404.0,409.0,0,True,False,True,False,False,False
44,58,2,2,163,506.0,512.0,0,True,False,True,False,False,False
44,59,8,6,786,655.0,662.0,0,True,True,False,False,False,False
44,59A,2,2,193,317.0,319.0,0,True,False,True,False,False,False
44,5A,1,1,18,,,0,False,False,False,True,False,False
44,6,1,1,23,,,0,False,False,False,True,False,False
44,60,8,6,1133,468.0,470.0,0,True,True,False,False,False,False
44,61,2,2,266,402.0,402.0,0,True,False,True,False,False,False
44,62,2,2,100,492.0,498.0,0,True,False,True,False,False,False
44,62A,2,2,71,500.0,501.0,0,True,False,True,False,False,False
44,63,2,2,50,575.0,575.0,0,True,False,True,False,False,False
44,65A,2,2,226,219.0,225.0,0,True,True,False,False,False,False
44,66A,2,2,114,402.0,405.0,0,True,False,True,False,False,False
44,68,8,6,2680,252.0,258.0,0,True,True,False,False,False,False
44,6A,1,1,10,,,0,False,False,False,True,False,False
44,7,1,1,28,,,0,False,False,False,True,False,False
44,75,14,9,835,740.0,747.0,0,True,True,False,False,False,False
44,76,8,8,561,453.0,462.0,0,True,True,False,False,False,False
44,7A,1,1,8,,,0,False,False,False,True,False,False
44,8,1,1,20,,,0,False,False,False,True,False,False
44,80,8,8,705,592.0,594.0,0,True,True,False,False,False,False
44,83A,8,8,548,445.0,449.0,0,True,True,False,False,False,False
44,85A,8,8,511,826.0,832.0,0,True,False,True,False,False,False
44,87,14,9,964,523.0,528.0,0,True,True,False,False,False,False
44,8A,1,1,10,,,0,False,False,False,True,False,False
44,9,1,1,98,,,0,False,False,False,True,False,False
44,90,8,8,545,379.0,380.0,0,True,True,False,False,False,False
44,91,8,8,567,550.0,554.0,0,True,True,False,False,False,False
44,93,8,8,753,500.0,500.0,0,True,True,False,False,False,False
44,94A,8,8,499,456.0,766.0,0,True,True,False,False,False,False
44,96A,8,8,548,529.0,530.0,0,True,True,False,False,False,False
44,97A,8,8,535,491.0,494.0,0,True,True,False,False,False,False
44,98,14,9,642,540.0,544.0,0,True,True,False,False,False,False
44,9A,1,1,93,,,0,False,False,False,True,False,False
45,10,5,5,651,,,1,False,False,False,False,False,True
45,11,5,5,592,,,1,False,False,False,False,False,True
45,12,5,5,450,,,1,False,False,False,False,False,True
45,121,2,2,151,511.0,512.0,1,True,False,True,False,False,True
45,123,6,6,708,624.0,630.0,1,True,True,False,False,False,True
45,125,6,6,808,723.0,727.0,1,True,True,False,False,False,True
45,126,6,6,799,712.0,715.0,1,True,True,False,False,False,True
45,127,6,6,542,458.0,458.0,1,True,True,False,False,False,True
45,129,6,6,865,777.0,781.0,1,True,True,False,False,False,True
45,13,5,5,363,,,1,False,False,False,False,False,True
45,130,6,6,811,722.0,726.0,1,True,True,False,False,False,True
45,131,6,6,641,549.0,549.0,1,True,True,False,False,False,True
45,132,6,6,562,470.0,470.0,1,True,True,False,False,False,True
45,133,6,6,823,733.0,736.0,1,True,True,False,False,False,True
45,134,5,5,542,449.0,450.0,1,True,True,False,False,False,True
45,136,6,6,807,714.0,722.0,1,True,True,False,False,False,True
45,137,6,6,955,859.0,864.0,1,True,True,False,False,False,True
45,138,6,6,603,506.0,508.0,1,True,True,False,False,False,True
45,14,5,5,552,,,1,False,False,False,False,False,True
45,140,6,6,899,800.0,802.0,1,True,True,False,False,False,True
45,141,5,5,849,801.0,807.0,1,True,True,False,False,False,True
45,142,6,6,831,730.0,733.0,1,True,True,False,False,False,True
45,15,5,5,550,,,1,False,False,False,False,False,True
45,16,5,5,768,,,1,False,False,False,False,False,True
45,17,5,5,537,,,1,False,False,False,False,False,True
45,18,5,5,442,,,1,False,False,False,False,False,True
45,19,5,5,536,,,1,False,False,False,False,False,True
45,20,5,5,450,,,1,False,False,False,False,False,True
45,21,5,5,512,,,1,False,False,False,False,False,True
45,218,2,2,70,,,2,False,False,False,False,False,True
45,219,3,3,251,,,3,False,False,False,False,False,True
45,22,5,5,456,,,1,False,False,False,False,False,True
45,220,2,2,112,,,2,False,False,False,False,False,True
45,221,3,3,190,,,3,False,False,False,False,False,True
45,222,2,2,44,,,2,False,False,False,False,False,True
45,223,3,3,225,,,3,False,False,False,False,False,True
45,224,2,2,37,,,2,False,False,False,False,False,True
45,225,3,3,444,,,3,False,False,False,False,False,True
45,226,3,3,500,,,3,False,False,False,False,False,True
45,227,3,3,233,,,3,False,False,False,False,False,True
45,228,3,3,405,,,3,False,False,False,False,False,True
45,229,3,3,256,,,3,False,False,False,False,False,True
45,23,5,5,581,,,1,False,False,False,False,False,True
45,230,2,2,81,,,2,False,False,False,False,False,True
45,231,3,3,287,,,3,False,False,False,False,False,True
45,232,3,3,268,,,3,False,False,False,False,False,True
45,233,1,1,5,,,1,False,False,False,True,False,True
45,234,3,3,209,,,3,False,False,False,False,False,True
45,235,3,3,243,,,3,False,False,False,False,False,True
45,236,3,3,274,,,3,False,False,False,False,False,True
45,237,2,2,46,,,2,False,False,False,False,False,True
45,238,3,3,200,,,3,False,False,False,False,False,True
45,239,3,3,218,,,3,False,False,False,False,False,True
45,24,5,5,528,,,1,False,False,False,False,False,True
45,240,3,3,214,,,3,False,False,False,False,False,True
45,241,4,4,378,264.0,410.0,0,True,True,False,False,False,False
45,243,4,4,365,350.0,504.0,0,True,True,False,False,False,False
45,244,3,3,255,244.0,522.0,0,True,True,False,False,False,False
45,247,4,4,425,287.0,542.0,0,True,True,False,False,False,False
45,25,2,2,74,602.0,,2,True,False,True,False,False,True
45,250,4,4,313,710.0,851.0,0,True,False,True,False,False,False
45,251,4,4,373,286.0,484.0,0,True,True,False,False,False,False
45,252,3,3,134,307.0,444.0,0,True,False,True,False,False,False
45,253,4,4,474,248.0,549.0,0,True,True,False,False,False,False
45,255,4,4,405,574.0,810.0,0,True,False,True,False,False,False
45,26,2,2,72,474.0,,2,True,False,True,False,False,True
45,260,3,3,208,411.0,628.0,0,True,False,True,False,False,False
45,261,3,3,217,278.0,504.0,0,True,False,True,False,False,False
45,262,3,3,182,363.0,551.0,0,True,False,True,False,False,False
45,263,3,3,72,496.0,572.0,0,True,False,True,False,False,False
45,27,2,2,38,421.0,,2,True,False,True,False,False,True
45,28,2,2,20,499.0,,2,True,False,True,False,False,True
45,29,2,2,22,449.0,,2,True,False,True,False,False,True
45,290,2,2,163,,,2,False,False,False,False,False,True
45,291,4,4,369,532.0,,4,True,False,True,False,False,True
45,292,3,3,166,593.0,,3,True,False,True,False,False,True
45,293,4,4,283,567.0,,4,True,False,True,False,False,True
45,294,4,4,860,836.0,,4,True,True,False,False,False,True
45,295,3,3,220,440.0,,3,True,False,True,False,False,True
45,296,4,4,267,432.0,,4,True,False,True,False,False,True
45,297,3,3,137,386.0,,3,True,False,True,False,False,True
45,298,3,3,148,466.0,,3,True,False,True,False,False,True
45,299,2,2,246,454.0,,2,True,False,True,False,False,True
45,30,2,2,38,579.0,,2,True,False,True,False,False,True
45,300,4,4,561,468.0,,4,True,True,False,False,False,True
45,301,4,4,438,683.0,,4,True,False,True,False,False,True
45,302,4,4,458,761.0,,4,True,False,True,False,False,True
45,303,4,4,267,781.0,,4,True,False,True,False,False,True
45,304,3,3,945,821.0,,3,True,True,False,False,False,True
45,305,4,4,635,690.0,,4,True,False,False,False,False,True
45,307,3,3,324,589.0,,3,True,False,True,False,False,True
45,308,3,3,224,583.0,,3,True,False,True,False,False,True
45,309,3,3,57,464.0,,3,True,False,True,False,False,True
45,31,2,2,19,784.0,,2,True,False,True,False,False,True
45,310,3,3,387,502.0,,3,True,False,True,False,False,True
45,311,4,4,398,473.0,,4,True,False,False,False,False,True
45,313,1,1,2,495.0,,1,True,False,True,True,False,True
45,314,1,1,1,492.0,,1,True,False,True,True,False,True
45,315,1,1,1,543.0,,1,True,False,True,True,False,True
45,316,1,1,4,516.0,,1,True,False,True,True,False,True
45,317,1,1,1,496.0,,1,True,False,True,True,False,True
45,318,1,1,5,518.0,,1,True,False,True,True,False,True
45,319,1,1,1,668.0,,1,True,False,True,True,False,True
45,32,2,2,14,596.0,,2,True,False,True,False,False,True
45,320,1,1,2,640.0,,1,True,False,True,True,False,True
45,321,1,1,8,738.0,,1,True,False,True,True,False,True
45,322,1,1,0,394.0,,1,True,False,True,True,False,True
45,323,1,1,1,659.0,,1,True,False,True,True,False,True
45,324,1,1,1,741.0,,1,True,False,True,True,False,True
45,325,1,1,2,524.0,,1,True,False,True,True,False,True
45,326,1,1,3,460.0,,1,True,False,True,True,False,True
45,327,1,1,2,769.0,,1,True,False,True,True,False,True
45,328,1,1,0,610.0,,1,True,False,True,True,False,True
45,329,1,1,1,430.0,,1,True,False,True,True,False,True
45,33,2,2,12,511.0,,2,True,False,True,False,False,True
45,330,1,1,5,467.0,,1,True,False,True,True,False,True
45,331,1,1,4,705.0,,1,True,False,True,True,False,True
45,332,1,1,3,744.0,,1,True,False,True,True,False,True
45,333,1,1,0,704.0,,1,True,False,True,True,False,True
45,334,2,2,35,782.0,,2,True,False,True,False,False,True
45,335,1,1,1,650.0,,1,True,False,True,True,False,True
45,34,2,2,36,554.0,,2,True,False,True,False,False,True
45,35,2,2,50,417.0,,2,True,False,True,False,False,True
45,36,2,2,48,520.0,,2,True,False,True,False,False,True
45,37,2,2,55,433.0,,2,True,False,True,False,False,True
45,38,2,2,8,498.0,,2,True,False,True,False,False,True
45,39,2,2,17,415.0,,2,True,False,True,False,False,True
45,40,2,2,96,577.0,,2,True,False,True,False,False,True
45,41,2,2,38,712.0,,2,True,False,True,False,False,True
45,42,2,2,29,731.0,,2,True,False,True,False,False,True
45,43,2,2,57,536.0,,2,True,False,True,False,False,True
45,44,2,2,23,447.0,,2,True,False,True,False,False,True
45,45,2,2,21,516.0,,2,True,False,True,False,False,True
45,46,1,1,5,443.0,,1,True,False,True,True,False,True
45,47,2,2,67,539.0,,2,True,False,True,False,False,True
45,50,4,4,601,,,3,False,False,False,False,False,True
45,51,4,4,726,709.0,,3,True,True,False,False,False,True
45,52,4,4,230,814.0,,3,True,False,True,False,False,True
45,53,3,3,475,535.0,,2,True,False,False,False,False,True
45,54,4,4,482,476.0,,3,True,False,False,False,False,True
45,55,3,3,506,534.0,,2,True,False,False,False,False,True
45,56,4,4,538,506.0,,3,True,True,False,False,False,True
45,57,3,3,239,417.0,,2,True,False,True,False,False,True
45,58,4,4,395,468.0,,3,True,False,False,False,False,True
45,59,4,4,515,745.0,,3,True,False,True,False,False,True
45,60,4,4,574,542.0,,3,True,True,False,False,False,True
45,61,3,3,275,458.0,,2,True,False,True,False,False,True
45,62,4,4,406,381.0,,3,True,True,False,False,False,True
45,63,4,4,357,571.0,,3,True,False,True,False,False,True
45,64,3,3,564,593.0,,2,True,False,False,False,False,True
45,65,4,4,681,658.0,,3,True,True,False,False,False,True
45,66,3,3,261,480.0,,2,True,False,True,False,False,True
45,67,3,3,403,415.0,,2,True,False,False,False,False,True
45,68,3,3,208,199.0,,2,True,True,False,False,False,True
45,69,4,4,621,587.0,,3,True,True,False,False,False,True
45,7,5,5,572,,,1,False,False,False,False,False,True
45,70,3,3,502,521.0,,2,True,False,False,False,False,True
45,71,4,4,428,421.0,,3,True,False,False,False,False,True
45,74,7,7,883,,,1,False,False,False,False,False,True
45,75,7,7,563,510.0,590.0,1,True,True,False,False,False,True
45,76,7,7,642,588.0,599.0,1,True,True,False,False,False,True
45,77,7,7,652,,,1,False,False,False,False,False,True
45,79,7,7,780,724.0,728.0,1,True,True,False,False,False,True
45,80,7,7,650,593.0,603.0,1,True,True,False,False,False,True
45,81,7,7,558,500.0,503.0,1,True,True,False,False,False,True
45,83,7,7,574,515.0,518.0,1,True,True,False,False,False,True
45,85,6,6,623,618.0,622.0,1,True,False,False,False,False,True
45,87,7,7,816,755.0,758.0,1,True,True,False,False,False,True
45,9,5,5,802,,,1,False,False,False,False,False,True
45,90,7,7,850,787.0,790.0,1,True,True,False,False,False,True
45,91,7,7,503,439.0,441.0,1,True,True,False,False,False,True
45,92,7,7,724,659.0,661.0,1,True,True,False,False,False,True
45,93,7,7,552,486.0,487.0,1,True,True,False,False,False,True
45,95,5,5,532,542.0,545.0,1,True,False,False,False,False,True
46,159,4,4,520,498.0,,0,True,True,False,False,False,False
46,161,4,4,606,586.0,,0,True,True,False,False,False,False
46,28,1,1,20,568.0,571.0,0,True,False,True,True,False,False
46,29,1,1,21,627.0,628.0,0,True,False,True,True,False,False
46,30,1,1,22,580.0,582.0,0,True,False,True,True,False,False
46,31,1,1,23,480.0,481.0,0,True,False,True,True,False,False
46,33,1,1,24,671.0,672.0,0,True,False,True,True,False,False
46,34,1,1,25,573.0,573.0,0,True,False,True,True,False,False
46,35,6,6,58,507.0,508.0,5,True,False,True,False,False,True
46,35(A),5,5,15,441.0,,5,True,False,True,False,False,True
46,36,5,5,159,486.0,,5,True,False,True,False,False,True
46,36(A),4,4,265,,,4,False,False,False,False,False,True
46,37,6,6,327,490.0,491.0,5,True,False,True,False,False,True
46,37(A),5,5,335,496.0,,5,True,False,True,False,False,True
46,38,5,5,309,790.0,,5,True,False,True,False,False,True
46,39,6,6,187,663.0,491.0,5,True,False,True,False,False,True
46,40,5,5,210,691.0,,5,True,False,True,False,False,True
46,41,6,6,90,730.0,739.0,5,True,False,True,False,False,True
46,41(A),5,5,79,458.0,,5,True,False,True,False,False,True
46,42,6,6,65,803.0,808.0,5,True,False,True,False,False,True
46,42(A),5,5,95,596.0,,5,True,False,True,False,False,True
46,43,6,6,120,535.0,469.0,5,True,False,True,False,False,True
46,43(A),5,5,263,556.0,,5,True,False,True,False,False,True
46,44,5,5,459,740.0,,5,True,False,True,False,False,True
46,45,6,6,186,761.0,769.0,5,True,False,True,False,False,True
46,45(A),5,5,147,468.0,,5,True,False,True,False,False,True
46,46,6,6,415,585.0,587.0,5,True,False,True,False,False,True
46,46(A),5,5,343,384.0,,5,True,False,False,False,False,True
46,47,5,5,85,450.0,,5,True,False,True,False,False,True
46,47(A),5,5,279,453.0,,5,True,False,True,False,False,True
46,48,6,6,177,621.0,,5,True,False,True,False,False,True
46,48(A),5,5,78,518.0,,5,True,False,True,False,False,True
47,188,12,12,972,402.0,417.0,0,True,True,False,False,False,False
47,189,11,11,1037,633.0,641.0,0,True,True,False,False,False,False
47,190,12,12,1438,681.0,689.0,0,True,True,False,False,False,False
47,191,12,12,1022,475.0,478.0,0,True,True,False,False,False,False
47,192,11,11,1019,641.0,647.0,0,True,True,False,False,False,False
47,193,12,12,1082,472.0,476.0,0,True,True,False,False,False,False
47,194,11,11,1146,645.0,654.0,0,True,True,False,False,False,False
47,195,12,12,1101,508.0,510.0,0,True,True,False,False,False,False
47,196,11,11,1074,650.0,660.0,0,True,True,False,False,False,False
47,197,12,12,1440,580.0,587.0,0,True,True,False,False,False,False
47,198,12,12,1493,521.0,524.0,0,True,True,False,False,False,False
47,199,12,12,1133,538.0,545.0,0,True,True,False,False,False,False
47,200,11,11,1139,690.0,695.0,0,True,True,False,False,False,False
47,201,12,12,1336,746.0,756.0,0,True,True,False,False,False,False
47,202,11,11,876,453.0,455.0,0,True,True,False,False,False,False
47,203,12,12,1191,547.0,554.0,0,True,True,False,False,False,False
47,204,11,11,1191,678.0,683.0,0,True,True,False,False,False,False
47,205,12,12,1558,851.0,860.0,0,True,True,False,False,False,False
47,206,12,12,1097,398.0,398.0,0,True,True,False,False,False,False
47,207,11,11,977,418.0,423.0,0,True,True,False,False,False,False
47,208,12,12,1308,665.0,675.0,0,True,True,False,False,False,False
47,209,11,11,903,466.0,474.0,0,True,True,False,False,False,False
47,210,12,12,1137,539.0,548.0,0,True,True,False,False,False,False
47,211,11,11,1078,660.0,672.0,0,True,True,False,False,False,False
47,212,12,12,1300,696.0,706.0,0,True,True,False,False,False,False
47,213,12,12,1783,823.0,844.0,0,True,True,False,False,False,False
47,214,12,12,1443,731.0,744.0,0,True,True,False,False,False,False
47,215,11,11,1215,748.0,771.0,0,True,True,False,False,False,False
47,216,12,12,1173,570.0,574.0,0,True,True,False,False,False,False
48,117A,8,8,786,537.0,1096.0,0,True,True,False,False,False,False
48,119,13,13,1173,706.0,1424.0,0,True,True,False,False,False,False
48,16,8,8,489,421.0,,0,True,True,False,False,False,False
48,18,8,8,416,719.0,733.0,0,True,False,True,False,False,False
48,19,8,8,716,673.0,685.0,0,True,True,False,False,False,False
48,30,8,8,353,644.0,665.0,0,True,False,True,False,False,False
49,1,1,1,1,265.0,265.0,0,True,False,True,True,False,False
49,10,1,1,8,623.0,634.0,0,True,False,True,True,False,False
49,11,1,1,9,543.0,547.0,0,True,False,True,True,False,False
49,12,1,1,10,477.0,485.0,0,True,False,True,True,False,False
49,14,1,1,11,446.0,450.0,0,True,False,True,True,False,False
49,16,1,1,12,555.0,559.0,0,True,False,True,True,False,False
49,18,1,1,13,638.0,641.0,0,True,False,True,True,False,False
49,19,1,1,14,522.0,526.0,0,True,False,True,True,False,False
49,2,1,1,2,407.0,410.0,0,True,False,True,True,False,False
49,20,1,1,15,599.0,603.0,0,True,False,True,True,False,False
49,22,1,1,16,830.0,834.0,0,True,False,True,True,False,False
49,23,1,1,17,435.0,436.0,0,True,False,True,True,False,False
49,24,6,5,585,524.0,534.0,0,True,True,False,False,False,False
49,26,6,5,558,827.0,845.0,0,True,False,True,False,False,False
49,27,6,5,590,546.0,551.0,0,True,True,False,False,False,False
49,29,6,5,596,502.0,507.0,0,True,True,False,False,False,False
49,3,1,1,3,804.0,807.0,0,True,False,True,True,False,False
49,31,6,5,544,825.0,829.0,0,True,False,True,False,False,False
49,338,8,8,285,644.0,652.0,3,True,False,True,False,False,True
49,339,7,7,597,623.0,624.0,2,True,False,False,False,False,True
49,340,9,9,1156,925.0,928.0,3,True,True,False,False,False,True
49,341,9,9,1066,834.0,838.0,2,True,True,False,False,False,True
49,342,9,9,1081,848.0,853.0,3,True,True,False,False,False,True
49,343,9,9,1008,774.0,775.0,3,True,True,False,False,False,True
49,344,9,9,1003,768.0,770.0,3,True,True,False,False,False,True
49,345,9,9,881,645.0,650.0,3,True,True,False,False,False,True
49,346,9,9,818,581.0,585.0,2,True,True,False,False,False,True
49,347,8,8,577,577.0,578.0,3,True,False,False,False,False,True
49,348,9,9,629,391.0,391.0,3,True,True,False,False,False,True
49,349,8,8,423,423.0,423.0,2,True,False,False,False,False,True
49,350,9,9,727,488.0,492.0,3,True,True,False,False,False,True
49,351,8,8,356,356.0,357.0,3,True,False,False,False,False,True
49,352,9,9,747,507.0,513.0,3,True,True,False,False,False,True
49,353,8,8,533,533.0,537.0,3,True,False,False,False,False,True
49,354,8,8,729,489.0,493.0,3,True,True,False,False,False,True
49,355,8,8,455,455.0,460.0,3,True,False,False,False,False,True
49,4,1,1,4,529.0,535.0,0,True,False,True,True,False,False
49,46,12,9,1025,443.0,893.0,0,True,True,False,False,False,False
49,6,1,1,5,633.0,638.0,0,True,False,True,True,False,False
49,7,1,1,6,645.0,647.0,0,True,False,True,True,False,False
49,8,1,1,7,498.0,502.0,0,True,False,True,True,False,False
51,156,12,12,746,345.0,348.0,0,True,True,False,False,False,False
52,100,18,15,1402,574.0,581.0,0,True,True,False,False,False,False
52,102,19,15,1184,521.0,524.0,0,True,True,False,False,False,False
52,103,18,14,1297,684.0,698.0,0,True,True,False,False,False,False
52,105,18,14,1066,534.0,541.0,0,True,True,False,False,False,False
52,106,19,15,1268,496.0,497.0,0,True,True,False,False,False,False
52,107,18,15,1098,426.0,435.0,0,True,True,False,False,False,False
52,108,18,14,1512,906.0,915.0,0,True,True,False,False,False,False
52,112,19,15,1595,788.0,795.0,0,True,True,False,False,False,False
52,113,19,15,984,390.0,396.0,0,True,True,False,False,False,False
52,116,18,14,1512,507.0,513.0,0,True,True,False,False,False,False
52,117,18,14,1191,573.0,585.0,0,True,True,False,False,False,False
52,118,18,14,1135,604.0,614.0,0,True,True,False,False,False,False
52,12,18,18,1143,562.0,571.0,0,True,True,False,False,False,False
52,13,18,18,1311,710.0,722.0,0,True,True,False,False,False,False
52,14,18,18,1026,504.0,517.0,0,True,True,False,False,False,False
52,15,18,18,1228,707.0,715.0,0,True,True,False,False,False,False
52,16,18,18,1521,709.0,727.0,0,True,True,False,False,False,False
52,17,18,18,1490,736.0,742.0,0,True,True,False,False,False,False
52,172,8,8,448,434.0,442.0,0,True,True,False,False,False,False
52,179,14,13,1469,728.0,731.0,0,True,True,False,False,False,False
52,18,18,18,1112,658.0,661.0,0,True,True,False,False,False,False
52,181,13,12,1101,571.0,578.0,0,True,True,False,False,False,False
52,182,14,13,1340,464.0,470.0,0,True,True,False,False,False,False
52,183,14,13,1336,475.0,491.0,0,True,True,False,False,False,False
52,19,18,18,1335,842.0,851.0,0,True,True,False,False,False,False
52,21,18,18,926,459.0,461.0,0,True,True,False,False,False,False
52,22,18,18,1088,597.0,598.0,0,True,True,False,False,False,False
52,24,18,18,1406,450.0,457.0,0,True,True,False,False,False,False
52,27,18,18,990,485.0,486.0,0,True,True,False,False,False,False
52,28,17,17,1481,512.0,,0,True,True,False,False,False,False
52,3,19,17,1133,492.0,503.0,0,True,True,False,False,False,False
52,31,18,18,884,782.0,788.0,0,True,True,False,False,False,False
52,5,18,16,1405,478.0,485.0,0,True,True,False,False,False,False
52,7,10,10,533,513.0,514.0,0,True,True,False,False,False,False
52,9,18,18,2138,540.0,547.0,0,True,True,False,False,False,False
52,91,19,15,1190,574.0,591.0,0,True,True,False,False,False,False
52,94,18,14,1101,549.0,554.0,0,True,True,False,False,False,False
52,96,18,14,1108,614.0,620.0,0,True,True,False,False,False,False
52,99,19,15,1430,467.0,473.0,0,True,True,False,False,False,False
53,100,6,6,375,259.0,835.0,0,True,True,False,False,False,False
53,122,15,14,938,337.0,934.0,0,True,True,False,False,False,False
53,123,14,14,868,319.0,893.0,0,True,True,False,False,False,False
53,125,14,14,766,318.0,821.0,0,True,True,False,False,False,False
53,133,14,12,894,401.0,806.0,0,True,True,False,False,False,False
53,167,15,15,1222,637.0,644.0,0,True,True,False,False,False,False
53,168,16,15,1147,465.0,487.0,0,True,True,False,False,False,False
53,169,15,15,1243,707.0,722.0,0,True,True,False,False,False,False
53,170,16,15,1432,509.0,512.0,0,True,True,False,False,False,False
53,229A,7,7,610,558.0,,0,True,True,False,False,False,False
54,13,6,6,251,503.0,507.0,0,True,False,True,False,False,False
54,14,6,6,145,409.0,415.0,0,True,False,True,False,False,False
54,155,13,11,910,750.0,754.0,0,True,True,False,False,False,False
54,156,14,12,1530,576.0,581.0,0,True,True,False,False,False,False
54,157,14,12,1732,866.0,871.0,0,True,True,False,False,False,False
54,158,14,12,1470,804.0,806.0,0,True,True,False,False,False,False
54,159,13,11,1204,615.0,619.0,0,True,True,False,False,False,False
54,16,6,6,292,540.0,543.0,0,True,False,True,False,False,False
54,160,14,12,1253,642.0,646.0,0,True,True,False,False,False,False
54,161,13,11,977,566.0,570.0,0,True,True,False,False,False,False
54,17,6,6,342,543.0,545.0,0,True,False,True,False,False,False
54,23,12,7,969,497.0,502.0,0,True,True,False,False,False,False
54,24,12,7,1060,641.0,648.0,0,True,True,False,False,False,False
54,25,12,7,1068,566.0,570.0,0,True,True,False,False,False,False
54,26,12,7,1283,592.0,611.0,0,True,True,False,False,False,False
54,27,12,7,999,427.0,436.0,0,True,True,False,False,False,False
54,28,12,7,990,436.0,444.0,0,True,True,False,False,False,False
54,29,12,7,1078,531.0,533.0,0,True,True,False,False,False,False
54,30,11,7,1344,509.0,512.0,0,True,True,False,False,False,False
54,31,12,7,971,455.0,460.0,0,True,True,False,False,False,False
54,32,12,7,1310,430.0,431.0,0,True,True,False,False,False,False
54,33,12,7,1062,527.0,531.0,0,True,True,False,False,False,False
54,34,12,7,1103,525.0,530.0,0,True,True,False,False,False,False
54,5,6,6,441,805.0,814.0,0,True,False,True,False,False,False
55,10,12,6,1426,874.0,874.0,0,True,True,False,False,False,False
55,10A,6,6,524,456.0,457.0,0,True,True,False,False,False,False
55,11,12,6,2247,525.0,534.0,0,True,True,False,False,False,False
55,11A,6,6,494,472.0,474.0,0,True,True,False,False,False,False
55,12,6,6,577,500.0,502.0,0,True,True,False,False,False,False
55,13,12,6,1758,578.0,580.0,0,True,True,False,False,False,False
55,14,30,6,4771,687.0,690.0,0,True,True,False,False,False,False
55,15,18,6,3972,696.0,707.0,0,True,True,False,False,False,False
55,18,12,11,1470,410.0,414.0,0,True,True,False,False,False,False
55,1A,6,6,607,581.0,585.0,0,True,True,False,False,False,False
55,2,12,6,1778,609.0,611.0,0,True,True,False,False,False,False
55,20,12,11,1793,747.0,808.0,0,True,True,False,False,False,False
55,24,12,11,1316,282.0,286.0,0,True,True,False,False,False,False
55,3,18,6,2895,809.0,814.0,0,True,True,False,False,False,False
55,4,6,6,895,828.0,846.0,0,True,True,False,False,False,False
55,5,12,6,1677,894.0,895.0,0,True,True,False,False,False,False
55,6,30,6,5499,722.0,727.0,0,True,True,False,False,False,False
55,6A,6,6,574,540.0,549.0,0,True,True,False,False,False,False
55,7,12,6,1873,578.0,585.0,0,True,True,False,False,False,False
55,79,12,6,1511,592.0,595.0,0,True,True,False,False,False,False
55,8,18,6,2956,814.0,823.0,0,True,True,False,False,False,False
55,9,12,6,1802,764.0,769.0,0,True,True,False,False,False,False
57,13,13,13,754,643.0,653.0,0,True,True,False,False,False,False
57,16,22,12,768,571.0,,0,True,True,False,False,False,False
57,18,12,12,539,864.0,,0,True,False,True,False,False,False
57,19,5,5,59,787.0,,0,True,False,True,False,False,False
57,20,5,5,58,450.0,,0,True,False,True,False,False,False
57,21,5,5,20,609.0,,0,True,False,True,False,False,False
57,24,5,5,11,564.0,,0,True,False,True,False,False,False
57,25,5,5,32,685.0,,0,True,False,True,False,False,False
57,35,5,5,30,559.0,,0,True,False,True,False,False,False
57,36,5,5,13,482.0,,0,True,False,True,False,False,False
57,37,10,5,180,742.0,,0,True,False,True,False,False,False
57,38,5,5,18,661.0,,0,True,False,True,False,False,False
57,39,5,5,42,553.0,,0,True,False,True,False,False,False
57,43,15,5,236,899.0,,0,True,False,True,False,False,False
57,46,5,5,23,819.0,,0,True,False,True,False,False,False
57,53,5,5,56,572.0,,0,True,False,True,False,False,False
57,54,5,5,26,603.0,,0,True,False,True,False,False,False
57,58,5,5,88,508.0,,0,True,False,True,False,False,False
57,6,12,12,452,827.0,446.0,0,True,False,True,False,False,False
57,67,5,5,209,703.0,,0,True,False,True,False,False,False
57,7,18,13,510,762.0,488.0,0,True,False,True,False,False,False
57,82,12,12,539,410.0,,0,True,True,False,False,False,False
57,9,5,5,56,589.0,,0,True,False,True,False,False,False
59,129,1,1,526,,,0,False,False,False,True,False,False
59,130,1,1,424,,,0,False,False,False,True,False,False
59,131,1,1,251,,,0,False,False,False,True,False,False
59,132,1,1,535,,,0,False,False,False,True,False,False
59,133,1,1,262,,,0,False,False,False,True,False,False
59,134,1,1,103,,,0,False,False,False,True,False,False
59,134A,1,1,77,,,0,False,False,False,True,False,False
59,135,1,1,585,,,0,False,False,False,True,False,False
59,135A,1,1,352,,,0,False,False,False,True,False,False
59,136,1,1,635,,,0,False,False,False,True,False,False
59,136A,1,1,368,,,0,False,False,False,True,False,False
59,137,1,1,219,,,0,False,False,False,True,False,False
59,137A,1,1,485,,,0,False,False,False,True,False,False
59,138,1,1,290,,,0,False,False,False,True,False,False
59,138A,1,1,227,,,0,False,False,False,True,False,False
59,139,1,1,405,,,0,False,False,False,True,False,False
59,140,1,1,461,,,0,False,False,False,True,False,False
59,140A,1,1,289,,,0,False,False,False,True,False,False
59,141,1,1,284,,,0,False,False,False,True,False,False
59,141A,1,1,160,,,0,False,False,False,True,False,False
59,142,1,1,74,,,0,False,False,False,True,False,False
59,143,1,1,606,,,0,False,False,False,True,False,False
59,144,1,1,211,,,0,False,False,False,True,False,False
59,144A,1,1,131,,,0,False,False,False,True,False,False
59,145,1,1,482,,,0,False,False,False,True,False,False
59,146,1,1,496,,,0,False,False,False,True,False,False
59,147,1,1,304,,,0,False,False,False,True,False,False
59,148,1,1,441,,,0,False,False,False,True,False,False
59,149,1,1,383,,,0,False,False,False,True,False,False
59,149A,1,1,219,,,0,False,False,False,True,False,False
59,150,1,1,385,,,0,False,False,False,True,False,False
59,151,1,1,559,,,0,False,False,False,True,False,False
59,152,1,1,543,,,0,False,False,False,True,False,False
60,100,1,1,24,,,0,False,False,False,True,False,False
60,100A,1,1,6,,,0,False,False,False,True,False,False
60,101,1,1,96,,,0,False,False,False,True,False,False
60,101A,1,1,46,,,0,False,False,False,True,False,False
60,102,1,1,8,,,0,False,False,False,True,False,False
60,103,1,1,489,,,0,False,False,False,True,False,False
60,104,1,1,730,,,0,False,False,False,True,False,False
60,105,1,1,13,,,0,False,False,False,True,False,False
60,106,1,1,449,,,0,False,False,False,True,False,False
60,107,1,1,367,,,0,False,False,False,True,False,False
60,108,1,1,3,6.0,79.0,0,True,False,True,True,False,False
60,108A,1,1,1,1.0,59.0,0,True,False,False,True,False,False
60,109,1,1,48,,,0,False,False,False,True,False,False
60,145,1,1,58,,,0,False,False,False,True,False,False
60,146,1,1,313,,,0,False,False,False,True,False,False
60,146A,1,1,282,,,0,False,False,False,True,False,False
60,147,1,1,489,,,0,False,False,False,True,False,False
60,148,1,1,207,,,0,False,False,False,True,False,False
60,149,1,1,17,,,0,False,False,False,True,False,False
60,150,1,1,227,,,0,False,False,False,True,False,False
60,150A,1,1,235,,,0,False,False,False,True,False,False
60,151,1,1,5,,,0,False,False,False,True,False,False
60,151A,1,1,1,2.0,137.0,0,True,False,True,True,False,False
60,152,1,1,419,,,0,False,False,False,True,False,False
60,153,1,1,3,,,0,False,False,False,True,False,False
60,153A,1,1,3,,,0,False,False,False,True,False,False
60,154,1,1,1,1.0,91.0,0,True,False,False,True,False,False
60,154A,1,1,3,,,0,False,False,False,True,False,False
60,155,1,1,1,3.0,108.0,0,True,False,True,True,False,False
60,156,1,1,7,,,0,False,False,False,True,False,False
60,157,1,1,6,,,0,False,False,False,True,False,False
60,158,1,1,7,,,0,False,False,False,True,False,False
60,159,1,1,14,,,0,False,False,False,True,False,False
60,160,1,1,13,,,0,False,False,False,True,False,False
60,161,1,1,1,,,0,False,False,False,True,False,False
60,161A,1,1,10,,,0,False,False,False,True,False,False
60,162,1,1,1,5.0,103.0,0,True,False,True,True,False,False
60,162A,1,1,2,2.0,117.0,0,True,False,False,True,False,False
60,163,1,1,3,,,0,False,False,False,True,False,False
60,164,1,1,1,1.0,221.0,0,True,False,False,True,False,False
60,164A,1,1,2,,,0,False,False,False,True,False,False
60,165,1,1,7,,,0,False,False,False,True,False,False
60,165A,1,1,4,,,0,False,False,False,True,False,False
60,166,1,1,3,,,0,False,False,False,True,False,False
60,167,1,1,110,,,0,False,False,False,True,False,False
60,168,1,1,87,,,0,False,False,False,True,False,False
60,169,1,1,246,,,0,False,False,False,True,False,False
60,170,1,1,312,,,0,False,False,False,True,False,False
60,170A,1,1,352,,,0,False,False,False,True,False,False
60,171,1,1,1,1.0,205.0,0,True,False,False,True,False,False
60,171A,1,1,2,,,0,False,False,False,True,False,False
60,172,1,1,4,5.0,160.0,0,True,False,False,True,False,False
60,172A,1,1,4,,,0,False,False,False,True,False,False
60,77A,1,1,9,479.0,485.0,0,True,False,True,True,False,False
60,78,1,1,4,336.0,382.0,0,True,False,True,True,False,False
60,78A,1,1,4,387.0,400.0,0,True,False,True,True,False,False
60,79,1,1,388,,,0,False,False,False,True,False,False
60,79A,1,1,417,,,0,False,False,False,True,False,False
60,80,1,1,462,,,0,False,False,False,True,False,False
60,81,1,1,45,,,0,False,False,False,True,False,False
60,82,1,1,17,,,0,False,False,False,True,False,False
60,83,1,1,0,3.0,23.0,0,True,False,True,True,False,False
60,84,1,1,4,,,0,False,False,False,True,False,False
60,85,1,1,11,,,0,False,False,False,True,False,False
60,85A,1,1,10,,,0,False,False,False,True,False,False
60,86,1,1,6,,,0,False,False,False,True,False,False
60,87,1,1,223,,,0,False,False,False,True,False,False
60,88,1,1,146,,,0,False,False,False,True,False,False
60,89,1,1,206,,,0,False,False,False,True,False,False
60,89A,1,1,204,,,0,False,False,False,True,False,False
60,90,1,1,31,,,0,False,False,False,True,False,False
60,91,1,1,34,,,0,False,False,False,True,False,False
60,92,1,1,22,,,0,False,False,False,True,False,False
60,94,1,1,211,,,0,False,False,False,True,False,False
60,95,1,1,285,,,0,False,False,False,True,False,False
60,96,1,1,138,,,0,False,False,False,True,False,False
60,97,1,1,428,,,0,False,False,False,True,False,False
60,98,1,1,38,,,0,False,False,False,True,False,False
60,99,1,1,68,,,0,False,False,False,True,False,False
61,152,6,6,208,534.0,,0,True,False,True,False,False,False
61,156,6,6,283,823.0,,0,True,False,True,False,False,False
61,83,8,8,609,579.0,1160.0,0,True,True,False,False,False,False
62,131A,8,8,587,494.0,,0,True,True,False,False,False,False
62,136,8,8,896,698.0,,0,True,True,False,False,False,False
62,153,7,7,297,882.0,,0,True,False,True,False,False,False
62,157,7,7,401,520.0,,0,True,False,True,False,False,False
62,159,9,9,323,405.0,,0,True,False,True,False,False,False
62,162,8,8,429,592.0,,0,True,False,True,False,False,False
63,146,16,16,1648,909.0,,5,True,True,False,False,False,True
63,147,16,16,1234,562.0,,5,True,True,False,False,False,True
63,148,15,15,1052,588.0,,4,True,True,False,False,False,True
63,149,16,16,1164,720.0,,5,True,True,False,False,False,True
63,150,16,16,1282,547.0,,5,True,True,False,False,False,True
63,151,16,16,1263,613.0,,5,True,True,False,False,False,True
63,152,16,16,1241,754.0,,5,True,True,False,False,False,True
63,153,16,16,1280,,,5,False,False,False,False,False,True
63,154,16,16,903,477.0,,5,True,True,False,False,False,True
63,155,16,16,1213,,,5,False,False,False,False,False,True
63,156,16,16,1563,,,5,False,False,False,False,False,True
63,157,16,16,1441,,,5,False,False,False,False,False,True
63,158,16,16,1155,,,5,False,False,False,False,False,True
63,159,16,16,1322,734.0,,5,True,True,False,False,False,True
63,160,16,16,1063,486.0,,5,True,True,False,False,False,True
63,161,15,15,1036,573.0,,4,True,True,False,False,False,True
63,162,16,16,1474,586.0,,5,True,True,False,False,False,True
63,163,16,16,2096,,,5,False,False,False,False,False,True
63,164,16,16,1682,,,5,False,False,False,False,False,True
63,165,16,16,1089,,,5,False,False,False,False,False,True
63,166,16,16,1517,,,5,False,False,False,False,False,True
63,167,16,16,1335,449.0,,5,True,True,False,False,False,True
63,168,16,16,1703,,,5,False,False,False,False,False,True
63,169,16,16,1347,,,5,False,False,False,False,False,True
63,170,16,16,1102,,,5,False,False,False,False,False,True
63,171,4,4,858,,,3,False,False,False,False,False,True
63,172,6,6,1080,510.0,,5,True,True,False,False,False,True
63,173,6,6,874,,,5,False,False,False,False,False,True
63,174,5,5,831,,,4,False,False,False,False,False,True
63,175,5,5,901,578.0,,4,True,True,False,False,False,True
63,175A,1,1,473,544.0,,0,True,False,False,True,False,False
63,176,5,5,1008,,,4,False,False,False,False,False,True
63,177,6,6,951,656.0,,5,True,True,False,False,False,True
63,178,5,5,1004,,,4,False,False,False,False,False,True
63,179,6,6,1084,,,5,False,False,False,False,False,True
63,179A,1,1,309,489.0,,0,True,False,True,True,False,False
63,180,6,6,1329,516.0,,5,True,True,False,False,False,True
63,180A,1,1,307,484.0,,0,True,False,True,True,False,False
63,181,6,6,1074,512.0,,5,True,True,False,False,False,True
63,182,5,5,1021,,,4,False,False,False,False,False,True
63,183,6,6,1327,727.0,,5,True,True,False,False,False,True
63,184,6,6,1132,,,5,False,False,False,False,False,True
63,185,1,1,589,,,0,False,False,False,True,False,False
63,186,1,1,235,,,0,False,False,False,True,False,False
63,186A,1,1,291,,,0,False,False,False,True,False,False
63,187,1,1,342,,,0,False,False,False,True,False,False
63,188,1,1,296,,,0,False,False,False,True,False,False
63,188A,1,1,285,,,0,False,False,False,True,False,False
63,189,1,1,325,463.0,,0,True,False,True,True,False,False
63,190,1,1,568,,,0,False,False,False,True,False,False
63,191,1,1,569,,,0,False,False,False,True,False,False
63,192,1,1,176,,,0,False,False,False,True,False,False
63,193,1,1,174,,,0,False,False,False,True,False,False
63,194,1,1,192,,,0,False,False,False,True,False,False
63,195,1,1,310,,,0,False,False,False,True,False,False
63,196,1,1,296,,,0,False,False,False,True,False,False
63,196A,1,1,218,539.0,,0,True,False,True,True,False,False
63,197,1,1,312,,,0,False,False,False,True,False,False
63,198,1,1,268,469.0,,0,True,False,True,True,False,False
63,198A,1,1,288,470.0,,0,True,False,True,True,False,False
63,199,1,1,324,,,0,False,False,False,True,False,False
63,199A,1,1,334,,,0,False,False,False,True,False,False
63,200,1,1,318,,,0,False,False,False,True,False,False
63,201,1,1,440,,,0,False,False,False,True,False,False
63,341,8,8,290,525.0,,0,True,False,True,False,False,False
63,342,8,8,1068,804.0,,0,True,True,False,False,False,False
64,101,10,10,503,679.0,,0,True,False,True,False,False,False
64,205,6,6,159,737.0,,0,True,False,True,False,False,False
64,208,8,8,109,611.0,,0,True,False,True,False,False,False
64,209,7,7,55,933.0,,0,True,False,True,False,False,False
64,210,7,7,452,568.0,,0,True,False,True,False,False,False
64,214,7,7,307,494.0,,0,True,False,True,False,False,False
64,219,6,6,430,551.0,,0,True,False,True,False,False,False
64,220,7,7,1153,656.0,,0,True,True,False,False,False,False
64,234,5,5,29,9.0,,0,True,True,False,False,False,False
64,240,2,2,0,5.0,428.0,0,True,False,True,False,False,False
64,28,22,11,819,424.0,,0,True,True,False,False,False,False
64,42,11,11,877,827.0,,0,True,True,False,False,False,False
64,46,11,11,676,616.0,,0,True,True,False,False,False,False
64,49,8,8,340,567.0,,0,True,False,True,False,False,False
64,50,8,7,516,649.0,,0,True,False,True,False,False,False
64,58A,7,7,166,573.0,,0,True,False,True,False,False,False
64,59,6,5,551,700.0,,0,True,False,True,False,False,False
64,63,6,6,614,772.0,,0,True,False,True,False,False,False
64,67,6,6,182,542.0,,0,True,False,True,False,False,False
64,74,8,8,587,780.0,,0,True,False,True,False,False,False
64,96,10,10,93,468.0,,0,True,False,True,False,False,False
64,97,10,10,509,480.0,,0,True,True,False,False,False,False
65,100,4,4,409,788.0,,0,True,False,True,False,False,False
65,109,7,7,970,603.0,,1,True,True,False,False,False,True
65,11,4,4,855,713.0,,0,True,True,False,False,False,False
65,115,3,3,216,331.0,,1,True,False,True,False,False,True
65,123,3,3,145,468.0,,1,True,False,True,False,False,True
65,157,1,1,366,,,0,False,False,False,True,False,False
65,238,6,6,930,472.0,,1,True,True,False,False,False,True
65,242,6,6,934,760.0,,1,True,True,False,False,False,True
65,262,3,3,411,673.0,,1,True,False,True,False,False,True
65,318,3,3,580,898.0,,1,True,False,True,False,False,True
65,370,3,3,167,517.0,,1,True,False,True,False,False,True
65,377,3,3,117,494.0,,1,True,False,True,False,False,True
65,392,3,3,195,587.0,,1,True,False,True,False,False,True
65,512,3,3,56,568.0,,1,True,False,True,False,False,True
65,551,3,3,134,685.0,,1,True,False,True,False,False,True
65,88A,4,4,476,416.0,,0,True,True,False,False,False,False
65,94A,4,4,580,560.0,,0,True,True,False,False,False,False
65,99,7,7,1152,705.0,,1,True,True,False,False,False,True
69,100,7,7,439,439.0,449.0,1,True,False,False,False,False,True
69,100A,7,7,411,411.0,421.0,1,True,False,False,False,False,True
69,101,7,7,515,515.0,520.0,1,True,False,False,False,False,True
69,101A,7,7,545,545.0,545.0,1,True,False,False,False,False,True
69,102,7,7,597,597.0,606.0,1,True,False,False,False,False,True
69,103,7,7,407,407.0,409.0,1,True,False,False,False,False,True
69,103A,7,7,444,444.0,451.0,1,True,False,False,False,False,True
69,104,7,7,595,595.0,597.0,1,True,False,False,False,False,True
69,105,7,7,604,604.0,610.0,1,True,False,False,False,False,True
69,106,7,7,484,484.0,487.0,1,True,False,False,False,False,True
69,106A,7,7,424,424.0,432.0,1,True,False,False,False,False,True
69,107,7,7,587,587.0,605.0,1,True,False,False,False,False,True
69,108,7,7,491,491.0,496.0,1,True,False,False,False,False,True
69,109,7,7,648,648.0,651.0,1,True,False,False,False,False,True
69,110,7,7,519,519.0,519.0,1,True,False,False,False,False,True
69,111,7,7,630,630.0,635.0,1,True,False,False,False,False,True
69,112,7,7,518,518.0,525.0,1,True,False,False,False,False,True
69,112A,7,7,444,444.0,456.0,1,True,False,False,False,False,True
69,113,7,7,559,559.0,569.0,1,True,False,False,False,False,True
69,114,7,7,503,503.0,505.0,1,True,False,False,False,False,True
69,114A,7,7,489,489.0,508.0,1,True,False,False,False,False,True
69,115,7,7,590,590.0,600.0,1,True,False,False,False,False,True
69,116,6,6,576,,,1,False,False,False,False,False,True
69,121,6,6,435,,,1,False,False,False,False,False,True
69,124,6,6,465,,,1,False,False,False,False,False,True
69,126,6,6,836,,,1,False,False,False,False,False,True
69,132,5,5,822,,,1,False,False,False,False,False,True
69,133,5,5,790,,,1,False,False,False,False,False,True
69,135,6,6,447,,,1,False,False,False,False,False,True
69,137,6,6,442,,,1,False,False,False,False,False,True
69,16A,1,1,373,,,0,False,False,False,True,False,False
69,17,1,1,263,,,0,False,False,False,True,False,False
69,18,1,1,207,,,0,False,False,False,True,False,False
69,18A,1,1,400,,,0,False,False,False,True,False,False
69,19,1,1,13,,,0,False,False,False,True,False,False
69,20,1,1,354,,,0,False,False,False,True,False,False
69,21,1,1,200,,,0,False,False,False,True,False,False
69,22,1,1,91,,,0,False,False,False,True,False,False
69,22A,1,1,12,,,0,False,False,False,True,False,False
69,23,1,1,7,,,0,False,False,False,True,False,False
69,24,1,1,524,,,0,False,False,False,True,False,False
69,25,1,1,386,,,0,False,False,False,True,False,False
69,26,1,1,562,,,0,False,False,False,True,False,False
69,27,1,1,574,,,0,False,False,False,True,False,False
69,28,1,1,239,,,0,False,False,False,True,False,False
69,29,1,1,411,,,0,False,False,False,True,False,False
69,30,1,1,9,,,0,False,False,False,True,False,False
69,31,1,1,5,,,0,False,False,False,True,False,False
69,32,1,1,7,,,0,False,False,False,True,False,False
69,33,1,1,8,,,0,False,False,False,True,False,False
69,34,1,1,35,,,0,False,False,False,True,False,False
69,35,1,1,399,,,0,False,False,False,True,False,False
69,352,1,1,156,,,0,False,False,False,True,False,False
69,36,1,1,538,,,0,False,False,False,True,False,False
69,37,1,1,366,,,0,False,False,False,True,False,False
69,39,1,1,330,,,0,False,False,False,True,False,False
69,40,1,1,552,,,0,False,False,False,True,False,False
69,41,1,1,664,,,0,False,False,False,True,False,False
69,42,1,1,23,,,0,False,False,False,True,False,False
69,43,1,1,524,,,0,False,False,False,True,False,False
69,94,7,7,424,424.0,427.0,1,True,False,False,False,False,True
69,94A,7,7,420,420.0,424.0,1,True,False,False,False,False,True
69,95,7,7,467,467.0,469.0,1,True,False,False,False,False,True
69,95A,7,7,483,483.0,497.0,1,True,False,False,False,False,True
69,96,7,7,442,442.0,447.0,1,True,False,False,False,False,True
69,96A,7,7,453,453.0,460.0,1,True,False,False,False,False,True
69,97,7,7,451,451.0,455.0,1,True,False,False,False,False,True
69,97A,7,7,463,463.0,464.0,1,True,False,False,False,False,True
69,98,7,7,402,402.0,410.0,1,True,False,False,False,False,True
69,98A,7,7,411,411.0,414.0,1,True,False,False,False,False,True
69,99,7,7,520,520.0,531.0,1,True,False,False,False,False,True
71,1,3,3,522,,,1,False,False,False,False,False,True
71,10,3,3,584,,,1,False,False,False,False,False,True
71,11,3,3,794,,,1,False,False,False,False,False,True
71,12,3,3,711,,,1,False,False,False,False,False,True
71,13,3,3,617,,,1,False,False,False,False,False,True
71,14,3,3,453,,,1,False,False,False,False,False,True
71,146A,1,1,85,350.0,452.0,0,True,False,True,True,False,False
71,147,1,1,135,427.0,577.0,0,True,False,True,True,False,False
71,148,1,1,183,566.0,801.0,0,True,False,True,True,False,False
71,149,1,1,106,642.0,764.0,0,True,False,True,True,False,False
71,15,3,3,427,,,1,False,False,False,False,False,True
71,150,1,1,152,389.0,556.0,0,True,False,True,True,False,False
71,151,1,1,126,481.0,626.0,0,True,False,True,True,False,False
71,152,1,1,74,433.0,519.0,0,True,False,True,True,False,False
71,152A,1,1,118,387.0,522.0,0,True,False,True,True,False,False
71,153,1,1,114,394.0,525.0,0,True,False,True,True,False,False
71,153A,1,1,124,370.0,511.0,0,True,False,True,True,False,False
71,154,1,1,159,276.0,449.0,0,True,False,True,True,False,False
71,154A,1,1,134,306.0,446.0,0,True,False,True,True,False,False
71,155,1,1,115,349.0,606.0,0,True,False,True,True,False,False
71,155A,1,1,133,358.0,561.0,0,True,False,True,True,False,False
71,156,1,1,78,344.0,437.0,0,True,False,True,True,False,False
71,156A,1,1,109,285.0,411.0,0,True,False,True,True,False,False
71,157,1,1,80,258.0,502.0,0,True,False,True,True,False,False
71,157A,1,1,46,306.0,474.0,0,True,False,True,True,False,False
71,158,1,1,20,683.0,717.0,0,True,False,True,True,False,False
71,159,1,1,17,496.0,532.0,0,True,False,True,True,False,False
71,159A,1,1,24,453.0,502.0,0,True,False,True,True,False,False
71,16,3,3,695,,,1,False,False,False,False,False,True
71,160,1,1,19,503.0,579.0,0,True,False,True,True,False,False
71,161,1,1,31,573.0,666.0,0,True,False,True,True,False,False
71,162,1,1,43,,,0,False,False,False,True,False,False
71,162A,1,1,40,42.0,539.0,0,True,False,False,True,False,False
71,163,1,1,46,,,0,False,False,False,True,False,False
71,164,1,1,9,163.0,363.0,0,True,False,True,True,False,False
71,165,1,1,21,,,0,False,False,False,True,False,False
71,166,1,1,100,,,0,False,False,False,True,False,False
71,167,1,1,42,,,0,False,False,False,True,False,False
71,167A,1,1,30,,,0,False,False,False,True,False,False
71,168,1,1,38,,,0,False,False,False,True,False,False
71,168A,1,1,27,,,0,False,False,False,True,False,False
71,169,2,2,74,462.0,547.0,0,True,False,True,False,False,False
71,17,3,3,508,,,1,False,False,False,False,False,True
71,170,2,2,96,511.0,639.0,0,True,False,True,False,False,False
71,171,2,2,192,377.0,602.0,0,True,False,True,False,False,False
71,173,2,2,78,472.0,561.0,0,True,False,True,False,False,False
71,173A,2,2,91,448.0,550.0,0,True,False,True,False,False,False
71,178,2,2,114,638.0,769.0,0,True,False,True,False,False,False
71,179,2,2,63,355.0,421.0,0,True,False,True,False,False,False
71,17A,3,3,548,,,1,False,False,False,False,False,True
71,18,3,3,807,,,1,False,False,False,False,False,True
71,180,2,2,42,487.0,535.0,0,True,False,True,False,False,False
71,180A,2,2,61,439.0,508.0,0,True,False,True,False,False,False
71,181,2,2,97,494.0,599.0,0,True,False,True,False,False,False
71,182,2,2,66,454.0,532.0,0,True,False,True,False,False,False
71,183,2,2,45,347.0,399.0,0,True,False,True,False,False,False
71,184,2,2,74,638.0,730.0,0,True,False,True,False,False,False
71,185,2,2,104,499.0,629.0,0,True,False,True,False,False,False
71,186,2,2,51,562.0,632.0,0,True,False,True,False,False,False
71,187,2,2,54,554.0,625.0,0,True,False,True,False,False,False
71,188,2,2,76,394.0,479.0,0,True,False,True,False,False,False
71,189,2,2,193,400.0,605.0,0,True,False,True,False,False,False
71,189A,2,2,113,452.0,579.0,0,True,False,True,False,False,False
71,190,2,2,56,696.0,764.0,0,True,False,True,False,False,False
71,191,2,2,29,521.0,556.0,0,True,False,True,False,False,False
71,192,2,2,63,511.0,580.0,0,True,False,True,False,False,False
71,193,2,2,203,407.0,614.0,0,True,False,True,False,False,False
71,194,2,2,128,500.0,647.0,0,True,False,True,False,False,False
71,195,2,2,102,573.0,689.0,0,True,False,True,False,False,False
71,196,2,2,187,393.0,599.0,0,True,False,True,False,False,False
71,197,2,2,17,419.0,448.0,0,True,False,True,False,False,False
71,197A,2,2,9,410.0,435.0,0,True,False,True,False,False,False
71,2,3,3,492,,,1,False,False,False,False,False,True
71,3,3,3,659,,,1,False,False,False,False,False,True
71,4,3,3,674,,,1,False,False,False,False,False,True
71,45,1,1,99,394.0,588.0,0,True,False,True,True,False,False
71,46,1,1,73,331.0,453.0,0,True,False,True,True,False,False
71,46A,1,1,63,341.0,466.0,0,True,False,True,True,False,False
71,47,1,1,46,310.0,400.0,0,True,False,True,True,False,False
71,47A,1,1,58,337.0,424.0,0,True,False,True,True,False,False
71,48,1,1,77,415.0,540.0,0,True,False,True,True,False,False
71,49,1,1,45,,,0,False,False,False,True,False,False
71,49A,1,1,42,,,0,False,False,False,True,False,False
71,5,3,3,440,,,1,False,False,False,False,False,True
71,50,1,1,74,,,0,False,False,False,True,False,False
71,51,1,1,61,134.0,463.0,0,True,False,True,True,False,False
71,51A,1,1,70,143.0,482.0,0,True,False,True,True,False,False
71,52,1,1,90,342.0,557.0,0,True,False,True,True,False,False
71,53,1,1,77,532.0,692.0,0,True,False,True,True,False,False
71,54,1,1,77,502.0,732.0,0,True,False,True,True,False,False
71,55,1,1,67,,,0,False,False,False,True,False,False
71,55A,1,1,43,210.0,597.0,0,True,False,True,True,False,False
71,56,1,1,86,101.0,796.0,0,True,False,False,True,False,False
71,57,1,1,89,,,0,False,False,False,True,False,False
71,58,1,1,59,531.0,667.0,0,True,False,True,True,False,False
71,59,1,1,54,412.0,510.0,0,True,False,True,True,False,False
71,6,3,3,664,,,1,False,False,False,False,False,True
71,60,1,1,28,396.0,625.0,0,True,False,True,True,False,False
71,61,1,1,55,598.0,724.0,0,True,False,True,True,False,False
71,62,1,1,41,300.0,411.0,0,True,False,True,True,False,False
71,63,1,1,20,723.0,832.0,0,True,False,True,True,False,False
71,64,1,1,55,612.0,780.0,0,True,False,True,True,False,False
71,65,1,1,100,305.0,576.0,0,True,False,True,True,False,False
71,65A,1,1,77,277.0,588.0,0,True,False,True,True,False,False
71,66,1,1,51,,,0,False,False,False,True,False,False
71,67,1,1,64,,,0,False,False,False,True,False,False
71,68,1,1,52,484.0,658.0,0,True,False,True,True,False,False
71,69,1,1,186,,,0,False,False,False,True,False,False
71,69A,1,1,118,,,0,False,False,False,True,False,False
71,7,3,3,766,,,1,False,False,False,False,False,True
71,70,1,1,33,,,0,False,False,False,True,False,False
71,71,1,1,30,34.0,502.0,0,True,False,False,True,False,False
71,71A,1,1,28,,,0,False,False,False,True,False,False
71,72,1,1,15,,,0,False,False,False,True,False,False
71,72A,1,1,22,,,0,False,False,False,True,False,False
71,73,1,1,14,,,0,False,False,False,True,False,False
71,73A,1,1,11,,,0,False,False,False,True,False,False
71,74,1,1,23,730.0,830.0,0,True,False,True,True,False,False
71,75,1,1,37,381.0,498.0,0,True,False,True,True,False,False
71,75A,1,1,46,148.0,454.0,0,True,False,True,True,False,False
71,76,1,1,72,131.0,505.0,0,True,False,True,True,False,False
71,76A,1,1,153,,,0,False,False,False,True,False,False
71,77,1,1,162,,,0,False,False,False,True,False,False
71,78,1,1,183,,,0,False,False,False,True,False,False
71,79,1,1,132,,,0,False,False,False,True,False,False
71,79A,1,1,168,,,0,False,False,False,True,False,False
71,8,3,3,627,,,1,False,False,False,False,False,True
71,80,1,1,42,359.0,642.0,0,True,False,True,True,False,False
71,81,1,1,78,,,0,False,False,False,True,False,False
71,82,1,1,40,,,0,False,False,False,True,False,False
71,83,1,1,172,,,0,False,False,False,True,False,False
71,84,1,1,212,,,0,False,False,False,True,False,False
71,85,1,1,87,,,0,False,False,False,True,False,False
71,86,1,1,98,,,0,False,False,False,True,False,False
71,86A,1,1,116,,,0,False,False,False,True,False,False
71,87,1,1,175,,,0,False,False,False,True,False,False
71,88,1,1,126,,,0,False,False,False,True,False,False
71,88A,1,1,144,,,0,False,False,False,True,False,False
71,89,1,1,326,,,0,False,False,False,True,False,False
71,9,3,3,477,,,1,False,False,False,False,False,True
71,90,1,1,170,,,0,False,False,False,True,False,False
71,91,1,1,57,566.0,719.0,0,True,False,True,True,False,False
71,92,1,1,34,,,0,False,False,False,True,False,False
71,93,1,1,131,,,0,False,False,False,True,False,False
71,93A,1,1,158,,,0,False,False,False,True,False,False
71,94,1,1,175,,,0,False,False,False,True,False,False
71,9A,3,3,446,,,1,False,False,False,False,False,True
72,101,6,6,387,362.0,368.0,0,True,True,False,False,False,False
72,102,7,7,747,663.0,669.0,0,True,True,False,False,False,False
72,103,7,7,388,303.0,311.0,0,True,True,False,False,False,False
72,104,7,7,541,456.0,462.0,0,True,True,False,False,False,False
72,117,12,12,1178,575.0,582.0,0,True,True,False,False,False,False
72,119,12,12,907,312.0,328.0,0,True,True,False,False,False,False
72,120,12,12,839,410.0,417.0,0,True,True,False,False,False,False
72,121,12,12,1323,712.0,721.0,0,True,True,False,False,False,False
72,122,12,12,1177,738.0,748.0,0,True,True,False,False,False,False
72,123,12,12,1341,696.0,701.0,0,True,True,False,False,False,False
72,124,11,11,907,520.0,534.0,0,True,True,False,False,False,False
72,125,12,12,1105,562.0,574.0,0,True,True,False,False,False,False
72,126,12,12,1165,708.0,717.0,0,True,True,False,False,False,False
72,127,11,11,979,561.0,566.0,0,True,True,False,False,False,False
72,128,12,12,1430,797.0,820.0,0,True,True,False,False,False,False
72,129,12,12,1289,739.0,747.0,0,True,True,False,False,False,False
72,130,12,12,1047,481.0,490.0,0,True,True,False,False,False,False
72,131,12,12,944,434.0,442.0,0,True,True,False,False,False,False
72,132,11,11,889,540.0,548.0,0,True,True,False,False,False,False
72,133,12,12,1074,577.0,586.0,0,True,True,False,False,False,False
72,134,12,12,961,428.0,432.0,0,True,True,False,False,False,False
72,135,12,12,702,340.0,342.0,0,True,True,False,False,False,False
72,186,4,4,61,475.0,,0,True,False,True,False,False,False
72,188,7,7,738,584.0,,0,True,True,False,False,False,False
72,189,7,7,611,456.0,,0,True,True,False,False,False,False
72,190,7,7,480,324.0,,0,True,True,False,False,False,False
72,191,7,7,629,472.0,,0,True,True,False,False,False,False
72,192,7,7,631,472.0,,0,True,True,False,False,False,False
72,193,7,7,452,292.0,,0,True,True,False,False,False,False
72,194,7,7,555,394.0,,0,True,True,False,False,False,False
72,195,7,7,513,351.0,,0,True,True,False,False,False,False
72,196,7,7,731,568.0,,0,True,True,False,False,False,False
72,197,7,7,691,527.0,,0,True,True,False,False,False,False
72,198,7,7,710,545.0,,0,True,True,False,False,False,False
72,199,7,7,561,396.0,,0,True,True,False,False,False,False
72,200,7,7,900,733.0,,0,True,True,False,False,False,False
72,201,7,7,838,671.0,,0,True,True,False,False,False,False
72,202,7,7,646,477.0,,0,True,True,False,False,False,False
72,204,7,7,568,398.0,,0,True,True,False,False,False,False
72,206,7,7,698,527.0,,0,True,True,False,False,False,False
72,277,4,4,744,526.0,528.0,0,True,True,False,False,False,False
72,278,5,5,214,530.0,540.0,0,True,False,True,False,False,False
72,279,8,8,1048,820.0,839.0,0,True,True,False,False,False,False
72,280,8,8,976,747.0,758.0,0,True,True,False,False,False,False
72,281,8,8,704,474.0,483.0,0,True,True,False,False,False,False
72,283,8,8,624,393.0,396.0,0,True,True,False,False,False,False
72,284,8,8,1004,772.0,774.0,0,True,True,False,False,False,False
72,285,8,8,601,368.0,370.0,0,True,True,False,False,False,False
72,286,8,8,885,651.0,655.0,0,True,True,False,False,False,False
72,287,8,8,1119,884.0,895.0,0,True,True,False,False,False,False
72,288,8,8,972,736.0,742.0,0,True,True,False,False,False,False
72,289,8,8,787,550.0,553.0,0,True,True,False,False,False,False
72,290,8,8,1028,790.0,801.0,0,True,True,False,False,False,False
72,291,8,8,759,520.0,531.0,0,True,True,False,False,False,False
72,292,8,8,833,593.0,605.0,0,True,True,False,False,False,False
72,293,8,8,1084,843.0,862.0,0,True,True,False,False,False,False
72,294,8,8,734,492.0,502.0,0,True,True,False,False,False,False
72,296,8,8,996,753.0,759.0,0,True,True,False,False,False,False
72,297,8,8,741,497.0,503.0,0,True,True,False,False,False,False
72,94,5,5,615,484.0,488.0,0,True,True,False,False,False,False
72,95,7,7,317,546.0,551.0,0,True,False,True,False,False,False
72,96,7,7,587,561.0,569.0,0,True,True,False,False,False,False
72,97,7,7,515,430.0,439.0,0,True,True,False,False,False,False
72,98,7,7,565,459.0,466.0,0,True,True,False,False,False,False
72,99,7,7,611,542.0,547.0,0,True,True,False,False,False,False
73,100,8,8,818,,,2,False,False,False,False,False,True
73,101,7,7,370,,,2,False,False,False,False,False,True
73,103,8,8,675,,,2,False,False,False,False,False,True
73,104,8,8,727,,,2,False,False,False,False,False,True
73,105,14,13,826,,,2,False,False,False,False,False,True
73,105A,8,8,464,,,2,False,False,False,False,False,True
73,106,8,8,606,,,2,False,False,False,False,False,True
73,107,8,8,584,,,2,False,False,False,False,False,True
73,107A,8,8,544,,,2,False,False,False,False,False,True
73,108,8,8,547,,,2,False,False,False,False,False,True
73,109,8,8,598,,,2,False,False,False,False,False,True
73,109A,8,8,399,,,2,False,False,False,False,False,True
73,110,8,8,623,,,2,False,False,False,False,False,True
73,110A,8,8,549,,,2,False,False,False,False,False,True
73,111,8,8,700,,,2,False,False,False,False,False,True
73,112,7,7,624,,,1,False,False,False,False,False,True
73,22A,10,10,314,480.0,,0,True,False,True,False,False,False
73,24,10,10,239,408.0,,0,True,False,True,False,False,False
73,25,9,9,413,698.0,,0,True,False,True,False,False,False
73,26,10,10,415,691.0,,0,True,False,True,False,False,False
73,269,1,1,3,397.0,655.0,0,True,False,True,True,False,False
73,27,10,10,499,785.0,,0,True,False,True,False,False,False
73,270,1,1,3,302.0,550.0,0,True,False,True,True,False,False
73,270A,1,1,5,255.0,485.0,0,True,False,True,True,False,False
73,271,1,1,7,241.0,476.0,0,True,False,True,True,False,False
73,272,1,1,53,164.0,451.0,0,True,False,True,True,False,False
73,272A,1,1,4,213.0,471.0,0,True,False,True,True,False,False
73,273,1,1,8,438.0,617.0,0,True,False,True,True,False,False
73,274,1,1,2,294.0,551.0,0,True,False,True,True,False,False
73,274A,1,1,7,272.0,524.0,0,True,False,True,True,False,False
73,275,1,1,88,122.0,397.0,0,True,False,True,True,False,False
73,28,10,10,562,891.0,,0,True,False,True,False,False,False
73,29,10,10,231,492.0,,0,True,False,True,False,False,False
73,29A,10,10,254,505.0,,0,True,False,True,False,False,False
73,3,29,22,2073,582.0,,2,True,True,False,False,True,True
73,31,10,10,235,480.0,,0,True,False,True,False,False,False
73,32,10,10,264,527.0,,0,True,False,True,False,False,False
73,32A,10,10,295,558.0,,0,True,False,True,False,False,False
73,33,17,15,857,461.0,,0,True,True,False,False,False,False
73,33A,10,10,342,492.0,,0,True,False,True,False,False,False
73,34,10,10,268,394.0,,0,True,False,True,False,False,False
73,35,10,10,294,506.0,,0,True,False,True,False,False,False
73,36,10,10,255,440.0,,0,True,False,True,False,False,False
73,36A,10,10,280,488.0,,0,True,False,True,False,False,False
73,37,10,10,324,632.0,,0,True,False,True,False,False,False
73,38,10,10,312,707.0,,0,True,False,True,False,False,False
73,39,17,15,1117,722.0,,0,True,True,False,False,False,False
73,40,10,10,406,603.0,,0,True,False,True,False,False,False
73,41,17,15,1075,796.0,,0,True,True,False,False,False,False
73,42,17,15,1176,642.0,,0,True,True,False,False,False,False
73,43,9,9,336,576.0,,0,True,False,True,False,False,False
73,44,10,10,215,471.0,,0,True,False,True,False,False,False
73,44A,10,10,215,474.0,,0,True,False,True,False,False,False
73,45,10,10,385,535.0,,0,True,False,True,False,False,False
73,45A,10,10,331,500.0,,0,True,False,True,False,False,False
73,46,10,10,402,676.0,,0,True,False,True,False,False,False
73,47,9,9,132,485.0,,0,True,False,True,False,False,False
73,48,10,10,410,633.0,,0,True,False,True,False,False,False
73,49,9,9,239,604.0,,0,True,False,True,False,False,False
73,50,9,9,31,777.0,,0,True,False,True,False,False,False
73,51,10,10,480,754.0,,0,True,False,True,False,False,False
73,52,2,2,273,329.0,,1,True,False,False,False,False,True
73,53,2,2,573,,,1,False,False,False,False,False,True
73,54,2,2,334,,,1,False,False,False,False,False,True
73,55,2,2,503,,,1,False,False,False,False,False,True
73,56,2,2,264,,,1,False,False,False,False,False,True
73,57,2,2,325,491.0,,1,True,False,True,False,False,True
73,58,2,2,448,,,1,False,False,False,False,False,True
73,59,2,2,360,,,1,False,False,False,False,False,True
73,59A,1,1,9,135.0,,1,True,False,True,True,False,True
73,60,2,2,248,,,1,False,False,False,False,False,True
73,60A,2,2,422,,,1,False,False,False,False,False,True
73,61,2,2,279,,,1,False,False,False,False,False,True
73,62,2,2,519,,,1,False,False,False,False,False,True
73,63,1,1,333,,,0,False,False,False,True,False,False
73,64,2,2,430,,,1,False,False,False,False,False,True
73,64A,2,2,297,,,1,False,False,False,False,False,True
73,65,2,2,230,,,1,False,False,False,False,False,True
73,65A,2,2,301,,,1,False,False,False,False,False,True
73,66,2,2,301,497.0,,1,True,False,True,False,False,True
73,67,2,2,404,352.0,,1,True,True,False,False,False,True
73,68,9,8,627,,,1,False,False,False,False,False,True
73,68A,2,2,373,,,1,False,False,False,False,False,True
73,69,2,2,220,,,1,False,False,False,False,False,True
73,71,2,2,356,,,1,False,False,False,False,False,True
73,71A,2,2,221,,,1,False,False,False,False,False,True
73,72,9,8,796,,,1,False,False,False,False,False,True
73,73,2,2,443,,,1,False,False,False,False,False,True
73,74,2,2,184,331.0,,1,True,False,True,False,False,True
73,75,2,2,341,400.0,,1,True,False,False,False,False,True
73,76,2,2,307,396.0,,1,True,False,True,False,False,True
73,77,2,2,365,,,1,False,False,False,False,False,True
73,78,2,2,512,,,1,False,False,False,False,False,True
73,79,2,2,254,271.0,,1,True,False,False,False,False,True
73,80,1,1,9,430.0,,1,True,False,True,True,False,True
73,81,2,2,380,,,1,False,False,False,False,False,True
73,82,2,2,293,,,1,False,False,False,False,False,True
73,82A,2,2,302,,,1,False,False,False,False,False,True
73,83A,8,8,481,,,2,False,False,False,False,False,True
73,84,8,8,758,,,2,False,False,False,False,False,True
73,85,8,8,653,,,2,False,False,False,False,False,True
73,86,8,8,779,,,2,False,False,False,False,False,True
73,87,8,8,685,,,2,False,False,False,False,False,True
73,87A,8,8,426,,,2,False,False,False,False,False,True
73,88,7,7,619,,,2,False,False,False,False,False,True
73,88A,8,8,555,,,2,False,False,False,False,False,True
73,89,8,8,579,,,2,False,False,False,False,False,True
73,90,8,8,479,,,2,False,False,False,False,False,True
73,90A,8,8,509,,,2,False,False,False,False,False,True
73,91,8,8,766,,,2,False,False,False,False,False,True
73,92,7,7,484,,,2,False,False,False,False,False,True
73,93,8,8,598,,,2,False,False,False,False,False,True
73,94,8,8,936,,,2,False,False,False,False,False,True
73,95,8,8,920,,,2,False,False,False,False,False,True
73,96,8,8,821,,,2,False,False,False,False,False,True
73,97,8,8,830,,,2,False,False,False,False,False,True
73,98,8,8,744,,,2,False,False,False,False,False,True
73,99,15,14,895,,,2,False,False,False,False,False,True
74,1,4,4,775,,,4,False,False,False,False,False,True
74,10,9,9,1426,,,4,False,False,False,False,False,True
74,100,1,1,0,105.0,724.0,0,True,False,True,True,False,False
74,101,1,1,0,39.0,436.0,0,True,False,True,True,False,False
74,102,1,1,6,28.0,488.0,0,True,False,True,True,False,False
74,103,1,1,471,,,0,False,False,False,True,False,False
74,104,1,1,454,,,0,False,False,False,True,False,False
74,105,1,1,108,,,0,False,False,False,True,False,False
74,106,1,1,96,156.0,525.0,0,True,False,True,True,False,False
74,12,6,4,1344,,,6,False,False,False,False,False,True
74,156,4,4,332,,,3,False,False,False,False,False,True
74,160,4,4,640,,,4,False,False,False,False,False,True
74,18,5,4,924,,,5,False,False,False,False,False,True
74,186,2,2,135,384.0,385.0,0,True,False,True,False,False,False
74,187,2,2,239,505.0,506.0,0,True,False,True,False,False,False
74,190,2,2,240,327.0,327.0,0,True,False,True,False,False,False
74,196,2,2,328,312.0,313.0,0,True,True,False,False,False,False
74,198,2,2,157,309.0,310.0,0,True,False,True,False,False,False
74,199,2,2,164,604.0,614.0,0,True,False,True,False,False,False
74,2,19,9,2680,,,8,False,False,False,False,False,True
74,200,2,2,174,542.0,543.0,0,True,False,True,False,False,False
74,201,6,6,329,444.0,445.0,3,True,False,True,False,False,True
74,203,2,2,55,391.0,391.0,0,True,False,True,False,False,False
74,206,6,6,480,521.0,521.0,3,True,False,False,False,False,True
74,21,4,4,724,,,4,False,False,False,False,False,True
74,243,4,4,539,,,4,False,False,False,False,False,True
74,270,4,4,198,,,3,False,False,False,False,False,True
74,3,53,9,7536,,,38,False,False,False,False,False,True
74,318,4,4,145,,,3,False,False,False,False,False,True
74,319,2,2,53,,,2,False,False,False,False,False,True
74,334,4,4,162,,,3,False,False,False,False,False,True
74,340,2,2,110,,,2,False,False,False,False,False,True
74,343,4,4,229,,,4,False,False,False,False,False,True
74,344,2,2,76,,,2,False,False,False,False,False,True
74,355,5,5,111,76.0,567.0,0,True,True,False,False,False,False
74,4,9,7,1856,,,4,False,False,False,False,False,True
74,401,4,4,141,,,3,False,False,False,False,False,True
74,498,4,4,132,,,3,False,False,False,False,False,True
74,5,40,13,5410,,,25,False,False,False,False,False,True
74,50,8,8,217,556.0,,1,True,False,True,False,False,True
74,51,8,8,497,501.0,,1,True,False,False,False,False,True
74,51(A),8,8,472,473.0,,1,True,False,False,False,False,True
74,52,8,8,431,433.0,,1,True,False,False,False,False,True
74,53,8,8,464,464.0,,1,True,False,False,False,False,True
74,53(A),7,7,387,,,1,False,False,False,False,False,True
74,54,8,8,673,675.0,,1,True,False,False,False,False,True
74,55,8,8,708,712.0,,1,True,False,False,False,False,True
74,56,8,8,492,492.0,,1,True,False,False,False,False,True
74,56(A),16,8,1553,483.0,,2,True,True,False,False,False,True
74,57,8,8,727,728.0,,1,True,False,False,False,False,True
74,58,8,8,849,859.0,,1,True,False,False,False,False,True
74,59,8,8,1170,,,1,False,False,False,False,False,True
74,6,18,5,4124,,,17,False,False,False,False,False,True
74,60,8,8,727,737.0,,1,True,False,False,False,False,True
74,62,8,8,691,692.0,,1,True,False,False,False,False,True
74,63,8,8,797,504.0,,1,True,True,False,False,False,True
74,63(A),8,8,490,493.0,,1,True,False,False,False,False,True
74,64,8,8,462,467.0,,1,True,False,False,False,False,True
74,65,8,8,648,652.0,,1,True,False,False,False,False,True
74,66,8,8,437,438.0,,1,True,False,False,False,False,True
74,67,17,9,1538,535.0,,3,True,True,False,False,False,True
74,7,4,4,615,,,3,False,False,False,False,False,True
74,75,4,4,682,,,4,False,False,False,False,False,True
74,8,4,4,658,,,4,False,False,False,False,False,True
74,84,5,5,697,,,5,False,False,False,False,False,True
74,86,1,1,76,,,0,False,False,False,True,False,False
74,86(A),1,1,46,,,0,False,False,False,True,False,False
74,87,1,1,6,74.0,766.0,0,True,False,True,True,False,False
74,88,1,1,3,82.0,716.0,0,True,False,True,True,False,False
74,89,1,1,541,,,0,False,False,False,True,False,False
74,9,17,5,3274,,,16,False,False,False,False,False,True
74,90,1,1,223,,,0,False,False,False,True,False,False
74,91,1,1,233,,,0,False,False,False,True,False,False
74,92,1,1,309,,,0,False,False,False,True,False,False
74,93,1,1,8,46.0,453.0,0,True,False,True,True,False,False
74,94,1,1,7,64.0,485.0,0,True,False,True,True,False,False
74,96,1,1,400,,,0,False,False,False,True,False,False
74,97,1,1,223,,,0,False,False,False,True,False,False
74,98,1,1,122,132.0,612.0,0,True,False,False,True,False,False
74,99,1,1,96,,,0,False,False,False,True,False,False
75,10,9,9,591,591.0,593.0,2,True,False,False,False,False,True
75,11,8,8,525,526.0,530.0,1,True,False,False,False,False,True
75,11A,9,9,357,357.0,358.0,2,True,False,False,False,False,True
75,12,9,9,886,886.0,896.0,2,True,False,False,False,False,True
75,13,9,9,469,469.0,487.0,2,True,False,False,False,False,True
75,14,9,9,543,543.0,547.0,2,True,False,False,False,False,True
75,14A,9,9,488,488.0,495.0,2,True,False,False,False,False,True
75,15,9,9,503,503.0,507.0,2,True,False,False,False,False,True
75,15A,9,9,461,461.0,466.0,2,True,False,False,False,False,True
75,16,9,9,798,798.0,811.0,2,True,False,False,False,False,True
75,17,9,9,780,780.0,786.0,2,True,False,False,False,False,True
75,18,9,9,491,491.0,494.0,2,True,False,False,False,False,True
75,18A,9,9,625,625.0,637.0,2,True,False,False,False,False,True
75,19,9,9,468,468.0,478.0,2,True,False,False,False,False,True
75,19A,9,9,529,529.0,542.0,2,True,False,False,False,False,True
75,20,2,2,352,533.0,540.0,0,True,False,True,False,False,False
75,21,7,7,181,533.0,540.0,0,True,False,True,False,False,False
75,329,8,8,399,728.0,740.0,0,True,False,True,False,False,False
75,340,7,7,767,,,7,False,False,False,False,False,True
75,456,9,9,390,838.0,845.0,2,True,False,True,False,False,True
75,50A,7,7,176,622.0,,7,True,False,True,False,False,True
75,51,7,7,120,494.0,,7,True,False,True,False,False,True
75,52,7,7,123,503.0,,7,True,False,True,False,False,True
75,52A,7,7,86,406.0,,7,True,False,True,False,False,True
75,53,7,7,271,733.0,,7,True,False,True,False,False,True
75,54,7,7,241,534.0,,7,True,False,True,False,False,True
75,55,7,7,220,502.0,,7,True,False,True,False,False,True
75,57,7,7,301,556.0,,7,True,False,True,False,False,True
75,57A,7,7,297,523.0,,7,True,False,True,False,False,True
75,58,7,7,260,534.0,,7,True,False,True,False,False,True
75,58A,7,7,255,455.0,,7,True,False,True,False,False,True
75,59,7,7,263,490.0,,7,True,False,True,False,False,True
75,5A,9,9,482,482.0,490.0,2,True,False,False,False,False,True
75,6,9,9,499,499.0,509.0,2,True,False,False,False,False,True
75,60,7,7,360,557.0,,7,True,False,True,False,False,True
75,60A,7,7,157,398.0,,7,True,False,True,False,False,True
75,61,7,7,195,757.0,,7,True,False,True,False,False,True
75,62,7,7,251,831.0,,7,True,False,True,False,False,True
75,63,7,7,128,387.0,,7,True,False,True,False,False,True
75,64,7,7,262,620.0,,7,True,False,True,False,False,True
75,65,7,7,508,847.0,,7,True,False,True,False,False,True
75,66,7,7,354,605.0,,7,True,False,True,False,False,True
75,67,7,7,417,639.0,,7,True,False,True,False,False,True
75,68,7,7,309,756.0,,7,True,False,True,False,False,True
75,69,7,7,210,486.0,,7,True,False,True,False,False,True
75,69A,7,7,238,457.0,,7,True,False,True,False,False,True
75,6A,9,9,515,515.0,522.0,2,True,False,False,False,False,True
75,7,9,9,627,627.0,635.0,2,True,False,False,False,False,True
75,70,7,7,195,461.0,,7,True,False,True,False,False,True
75,70A,7,7,223,479.0,,7,True,False,True,False,False,True
75,71,7,7,264,614.0,,7,True,False,True,False,False,True
75,72,7,7,267,586.0,,7,True,False,True,False,False,True
75,73,7,7,207,570.0,,7,True,False,True,False,False,True
75,73A,7,7,249,521.0,,7,True,False,True,False,False,True
75,74,7,7,388,746.0,,7,True,False,True,False,False,True
75,75,7,7,167,596.0,,7,True,False,True,False,False,True
75,76,7,7,187,535.0,,7,True,False,True,False,False,True
75,76A,7,7,192,499.0,,7,True,False,True,False,False,True
75,77,7,7,164,586.0,,7,True,False,True,False,False,True
75,78,7,7,215,895.0,,7,True,False,True,False,False,True
75,8,9,9,628,628.0,648.0,2,True,False,False,False,False,True
75,8A,9,9,477,477.0,486.0,2,True,False,False,False,False,True
75,9,9,9,706,706.0,712.0,2,True,False,False,False,False,True
76,21,9,9,146,448.0,452.0,0,True,False,True,False,False,False
76,262,15,13,1522,561.0,1132.0,0,True,True,False,False,False,False
76,263,15,13,1202,479.0,488.0,0,True,True,False,False,False,False
76,264,15,13,1684,675.0,1350.0,0,True,True,False,False,False,False
76,265,15,13,1492,652.0,1318.0,0,True,True,False,False,False,False
76,266,15,13,1378,702.0,1414.0,0,True,True,False,False,False,False
76,267,15,13,1349,425.0,854.0,0,True,True,False,False,False,False
76,268,15,13,1379,695.0,1414.0,0,True,True,False,False,False,False
76,269,14,13,1002,592.0,1198.0,0,True,True,False,False,False,False
77,048,7,7,715,600.0,600.0,0,True,True,False,False,False,False
77,050,7,7,617,578.0,579.0,0,True,True,False,False,False,False
77,052,7,7,888,750.0,758.0,0,True,True,False,False,False,False
77,053,7,7,750,531.0,532.0,0,True,True,False,False,False,False
77,056,7,7,870,832.0,839.0,0,True,True,False,False,False,False
77,057,7,7,832,752.0,758.0,0,True,True,False,False,False,False
77,058,7,7,752,578.0,582.0,0,True,True,False,False,False,False
77,061,7,7,513,465.0,469.0,0,True,True,False,False,False,False
77,061A,7,7,465,672.0,672.0,0,True,False,True,False,False,False
77,062,7,7,672,637.0,638.0,0,True,True,False,False,False,False
77,063,7,7,637,548.0,549.0,0,True,True,False,False,False,False
77,067A,7,7,536,928.0,941.0,0,True,False,True,False,False,False
77,59A,7,7,493,701.0,707.0,0,True,False,True,False,False,False
77,65A,7,7,497,453.0,454.0,0,True,True,False,False,False,False
78,1,15,13,2552,570.0,579.0,0,True,True,False,False,False,False
78,10,15,13,1850,882.0,889.0,0,True,True,False,False,False,False
78,106,1,1,353,,,0,False,False,False,True,False,False
78,106A,1,1,435,,,0,False,False,False,True,False,False
78,107,1,1,521,,,0,False,False,False,True,False,False
78,108,1,1,548,,,0,False,False,False,True,False,False
78,109,1,1,418,,,0,False,False,False,True,False,False
78,11,15,13,1344,549.0,556.0,0,True,True,False,False,False,False
78,110,1,1,535,,,0,False,False,False,True,False,False
78,111,1,1,379,,,0,False,False,False,True,False,False
78,111A,1,1,299,,,0,False,False,False,True,False,False
78,112,1,1,538,,,0,False,False,False,True,False,False
78,113,1,1,368,,,0,False,False,False,True,False,False
78,114,1,1,469,,,0,False,False,False,True,False,False
78,115,1,1,301,,,0,False,False,False,True,False,False
78,116,1,1,398,,,0,False,False,False,True,False,False
78,117,1,1,204,,,0,False,False,False,True,False,False
78,118,1,1,261,,,0,False,False,False,True,False,False
78,118A,1,1,310,,,0,False,False,False,True,False,False
78,119,1,1,420,,,0,False,False,False,True,False,False
78,12,14,12,1317,820.0,822.0,0,True,True,False,False,False,False
78,120,1,1,409,,,0,False,False,False,True,False,False
78,121,1,1,471,,,0,False,False,False,True,False,False
78,122,1,1,448,,,0,False,False,False,True,False,False
78,123,1,1,379,,,0,False,False,False,True,False,False
78,124,1,1,24,,,0,False,False,False,True,False,False
78,124A,1,1,167,,,0,False,False,False,True,False,False
78,125,1,1,12,,,0,False,False,False,True,False,False
78,126,1,1,16,,,0,False,False,False,True,False,False
78,127,1,1,13,,,0,False,False,False,True,False,False
78,127A,1,1,6,,,0,False,False,False,True,False,False
78,128,1,1,40,,,0,False,False,False,True,False,False
78,128A,1,1,352,,,0,False,False,False,True,False,False
78,129,1,1,72,,,0,False,False,False,True,False,False
78,129A,1,1,39,,,0,False,False,False,True,False,False
78,13,15,13,1296,606.0,609.0,0,True,True,False,False,False,False
78,130,1,1,7,,,0,False,False,False,True,False,False
78,130A,1,1,26,,,0,False,False,False,True,False,False
78,131,1,1,458,,,0,False,False,False,True,False,False
78,131A,1,1,249,,,0,False,False,False,True,False,False
78,132,1,1,26,,,0,False,False,False,True,False,False
78,133,1,1,56,,,0,False,False,False,True,False,False
78,134,1,1,1,,,0,False,False,False,True,False,False
78,134A,1,1,4,,,0,False,False,False,True,False,False
78,135,1,1,25,,,0,False,False,False,True,False,False
78,136,1,1,111,,,0,False,False,False,True,False,False
78,136A,1,1,145,,,0,False,False,False,True,False,False
78,137,1,1,179,,,0,False,False,False,True,False,False
78,138,1,1,7,,,0,False,False,False,True,False,False
78,138A,1,1,11,,,0,False,False,False,True,False,False
78,139,1,1,2,,,0,False,False,False,True,False,False
78,14,15,13,1580,844.0,861.0,0,True,True,False,False,False,False
78,140,1,1,306,,,0,False,False,False,True,False,False
78,140A,1,1,15,,,0,False,False,False,True,False,False
78,141,1,1,6,,,0,False,False,False,True,False,False
78,141A,1,1,4,,,0,False,False,False,True,False,False
78,142,1,1,188,,,0,False,False,False,True,False,False
78,143,1,1,391,,,0,False,False,False,True,False,False
78,143A,1,1,337,,,0,False,False,False,True,False,False
78,144,1,1,296,,,0,False,False,False,True,False,False
78,145,1,1,329,,,0,False,False,False,True,False,False
78,146,1,1,280,,,0,False,False,False,True,False,False
78,146A,1,1,117,,,0,False,False,False,True,False,False
78,147,1,1,283,,,0,False,False,False,True,False,False
78,148,1,1,350,,,0,False,False,False,True,False,False
78,149,1,1,283,,,0,False,False,False,True,False,False
78,149A,1,1,71,,,0,False,False,False,True,False,False
78,15,15,13,1851,826.0,843.0,0,True,True,False,False,False,False
78,150,1,1,291,,,0,False,False,False,True,False,False
78,151,1,1,4,,,0,False,False,False,True,False,False
78,151A,1,1,4,,,0,False,False,False,True,False,False
78,152,1,1,203,,,0,False,False,False,True,False,False
78,153,1,1,336,,,0,False,False,False,True,False,False
78,153A,1,1,312,,,0,False,False,False,True,False,False
78,154,1,1,274,,,0,False,False,False,True,False,False
78,155,1,1,323,,,0,False,False,False,True,False,False
78,156,1,1,15,,,0,False,False,False,True,False,False
78,156A,1,1,32,,,0,False,False,False,True,False,False
78,157,1,1,239,,,0,False,False,False,True,False,False
78,159,1,1,440,684.0,692.0,0,True,False,True,True,False,False
78,16,15,13,1791,807.0,810.0,0,True,True,False,False,False,False
78,160,1,1,460,767.0,780.0,0,True,False,True,True,False,False
78,161,1,1,430,745.0,762.0,0,True,False,True,True,False,False
78,162,1,1,393,710.0,714.0,0,True,False,True,True,False,False
78,163,1,1,303,586.0,590.0,0,True,False,True,True,False,False
78,164,1,1,421,729.0,740.0,0,True,False,True,True,False,False
78,165,1,1,430,611.0,621.0,0,True,False,True,True,False,False
78,165A,1,1,390,506.0,515.0,0,True,False,True,True,False,False
78,166,1,1,356,540.0,548.0,0,True,False,True,True,False,False
78,166A,1,1,324,478.0,479.0,0,True,False,True,True,False,False
78,167,1,1,359,507.0,509.0,0,True,False,True,True,False,False
78,168,1,1,618,846.0,861.0,0,True,False,True,True,False,False
78,169,1,1,393,494.0,496.0,0,True,False,True,True,False,False
78,169A,1,1,391,533.0,538.0,0,True,False,True,True,False,False
78,17,15,13,1238,501.0,501.0,0,True,True,False,False,False,False
78,170,1,1,503,625.0,630.0,0,True,False,False,True,False,False
78,171,1,1,561,682.0,687.0,0,True,False,False,True,False,False
78,172,1,1,246,595.0,598.0,0,True,False,True,True,False,False
78,172A,1,1,355,498.0,500.0,0,True,False,True,True,False,False
78,173,1,1,338,455.0,463.0,0,True,False,True,True,False,False
78,174,1,1,362,516.0,519.0,0,True,False,True,True,False,False
78,174A,1,1,354,538.0,538.0,0,True,False,True,True,False,False
78,175,1,1,328,454.0,455.0,0,True,False,True,True,False,False
78,175A,1,1,289,393.0,394.0,0,True,False,True,True,False,False
78,176,1,1,420,804.0,810.0,0,True,False,True,True,False,False
78,177,1,1,631,809.0,812.0,0,True,False,True,True,False,False
78,178,1,1,448,704.0,706.0,0,True,False,True,True,False,False
78,179,1,1,556,822.0,828.0,0,True,False,True,True,False,False
78,18,15,13,1805,775.0,778.0,0,True,True,False,False,False,False
78,180,1,1,311,417.0,419.0,0,True,False,True,True,False,False
78,180A,1,1,287,387.0,391.0,0,True,False,True,True,False,False
78,181,1,1,380,571.0,578.0,0,True,False,True,True,False,False
78,182,1,1,340,488.0,490.0,0,True,False,True,True,False,False
78,183,1,1,387,641.0,647.0,0,True,False,True,True,False,False
78,184,1,1,340,585.0,595.0,0,True,False,True,True,False,False
78,185,1,1,446,680.0,688.0,0,True,False,True,True,False,False
78,186,1,1,471,660.0,661.0,0,True,False,True,True,False,False
78,19,15,13,1423,619.0,627.0,0,True,True,False,False,False,False
78,2,15,13,1824,857.0,870.0,0,True,True,False,False,False,False
78,20,15,13,1872,873.0,873.0,0,True,True,False,False,False,False
78,21,13,10,1356,636.0,638.0,0,True,True,False,False,False,False
78,22,13,10,1335,621.0,626.0,0,True,True,False,False,False,False
78,23,13,10,1483,687.0,693.0,0,True,True,False,False,False,False
78,24,13,10,1325,470.0,472.0,0,True,True,False,False,False,False
78,25,12,10,854,420.0,421.0,0,True,True,False,False,False,False
78,26,13,10,1511,573.0,575.0,0,True,True,False,False,False,False
78,27,12,10,1396,478.0,480.0,0,True,True,False,False,False,False
78,28,13,10,1614,531.0,531.0,0,True,True,False,False,False,False
78,29,12,10,1243,438.0,439.0,0,True,True,False,False,False,False
78,3,15,13,1378,612.0,617.0,0,True,True,False,False,False,False
78,30,13,10,1753,854.0,855.0,0,True,True,False,False,False,False
78,31,13,10,1591,649.0,649.0,0,True,True,False,False,False,False
78,32,13,10,1541,662.0,664.0,0,True,True,False,False,False,False
78,33,12,10,1167,507.0,510.0,0,True,True,False,False,False,False
78,34,13,10,1529,542.0,543.0,0,True,True,False,False,False,False
78,35,13,10,1300,511.0,514.0,0,True,True,False,False,False,False
78,36,12,10,949,399.0,401.0,0,True,True,False,False,False,False
78,4,15,13,1484,658.0,661.0,0,True,True,False,False,False,False
78,5,14,12,933,497.0,503.0,0,True,True,False,False,False,False
78,6,15,13,1684,851.0,861.0,0,True,True,False,False,False,False
78,7,15,13,1442,678.0,688.0,0,True,True,False,False,False,False
78,8,15,13,1494,691.0,699.0,0,True,True,False,False,False,False
78,9,15,13,1963,862.0,884.0,0,True,True,False,False,False,False
79,10,1,1,3,4.0,868.0,0,True,False,True,True,False,False
79,100,7,7,758,732.0,833.0,0,True,True,False,False,False,False
79,102,1,1,5,10.0,,0,True,False,True,True,False,False
79,11,1,1,24,,,0,False,False,False,True,False,False
79,11A,1,1,3,11.0,526.0,0,True,False,True,True,False,False
79,12,1,1,610,,,0,False,False,False,True,False,False
79,13,1,1,427,,,0,False,False,False,True,False,False
79,14,1,1,400,,,0,False,False,False,True,False,False
79,15,1,1,351,,,0,False,False,False,True,False,False
79,153,1,1,4,547.0,,0,True,False,True,True,False,False
79,154,1,1,419,,,0,False,False,False,True,False,False
79,155,1,1,2,546.0,,0,True,False,True,True,False,False
79,156,1,1,9,571.0,,0,True,False,True,True,False,False
79,157,1,1,662,,,0,False,False,False,True,False,False
79,158,1,1,10,676.0,,0,True,False,True,True,False,False
79,159,1,1,6,676.0,,0,True,False,True,True,False,False
79,16,1,1,261,,,0,False,False,False,True,False,False
79,160,1,1,3,666.0,,0,True,False,True,True,False,False
79,161,1,1,7,686.0,,0,True,False,True,True,False,False
79,162,1,1,206,227.0,,0,True,False,False,True,False,False
79,162A,1,1,24,421.0,,0,True,False,True,True,False,False
79,163,1,1,65,693.0,,0,True,False,True,True,False,False
79,164,1,1,569,,,0,False,False,False,True,False,False
79,165,1,1,192,470.0,,0,True,False,True,True,False,False
79,166,1,1,287,,,0,False,False,False,True,False,False
79,167,1,1,434,,,0,False,False,False,True,False,False
79,168,1,1,487,,,0,False,False,False,True,False,False
79,169,1,1,327,,,0,False,False,False,True,False,False
79,169A,1,1,76,441.0,,0,True,False,True,True,False,False
79,16A,1,1,291,,,0,False,False,False,True,False,False
79,17,1,1,450,,,0,False,False,False,True,False,False
79,170,1,1,8,506.0,,0,True,False,True,True,False,False
79,170A,1,1,101,414.0,,0,True,False,True,True,False,False
79,171,1,1,8,303.0,,0,True,False,True,True,False,False
79,171A,1,1,4,351.0,,0,True,False,True,True,False,False
79,172,1,1,8,427.0,,0,True,False,True,True,False,False
79,173,1,1,277,,,0,False,False,False,True,False,False
79,173A,1,1,25,455.0,,0,True,False,True,True,False,False
79,174,1,1,3,450.0,,0,True,False,True,True,False,False
79,174A,1,1,6,338.0,,0,True,False,True,True,False,False
79,175,1,1,273,339.0,,0,True,False,False,True,False,False
79,176,1,1,3,470.0,,0,True,False,True,True,False,False
79,177,1,1,5,607.0,,0,True,False,True,True,False,False
79,178,1,1,13,527.0,,0,True,False,True,True,False,False
79,179,1,1,112,334.0,,0,True,False,True,True,False,False
79,179A,1,1,200,,,0,False,False,False,True,False,False
79,18,1,1,279,,,0,False,False,False,True,False,False
79,180,1,1,297,,,0,False,False,False,True,False,False
79,180A,1,1,7,300.0,,0,True,False,True,True,False,False
79,181,1,1,446,,,0,False,False,False,True,False,False
79,182,1,1,471,,,0,False,False,False,True,False,False
79,19,1,1,393,,,0,False,False,False,True,False,False
79,19A,1,1,303,,,0,False,False,False,True,False,False
79,20,1,1,6,,,0,False,False,False,True,False,False
79,20A,1,1,2,6.0,612.0,0,True,False,True,True,False,False
79,21,1,1,272,,,0,False,False,False,True,False,False
79,3,2,1,583,9.0,567.0,0,True,True,False,True,False,False
79,3A,1,1,3,,,0,False,False,False,True,False,False
79,4,1,1,361,,,0,False,False,False,True,False,False
79,5,1,1,502,,,0,False,False,False,True,False,False
79,6,1,1,423,,,0,False,False,False,True,False,False
79,7,1,1,370,,,0,False,False,False,True,False,False
79,71,5,5,340,756.0,761.0,0,True,False,True,False,False,False
79,72,7,7,408,756.0,761.0,0,True,False,True,False,False,False
79,73,7,7,133,755.0,762.0,0,True,False,True,False,False,False
79,74,6,6,219,547.0,554.0,0,True,False,True,False,False,False
79,75,6,6,266,516.0,524.0,0,True,False,True,False,False,False
79,76,7,7,341,492.0,497.0,0,True,False,True,False,False,False
79,77,7,7,422,670.0,673.0,0,True,False,True,False,False,False
79,77A,7,7,265,463.0,463.0,0,True,False,True,False,False,False
79,78,7,7,577,501.0,507.0,0,True,True,False,False,False,False
79,79,7,7,164,532.0,536.0,0,True,False,True,False,False,False
79,79A,7,7,288,658.0,671.0,0,True,False,True,False,False,False
79,8,1,1,295,,,0,False,False,False,True,False,False
79,80,7,7,163,294.0,295.0,0,True,False,True,False,False,False
79,81,7,7,217,537.0,547.0,0,True,False,True,False,False,False
79,82,7,7,513,684.0,697.0,0,True,False,True,False,False,False
79,88,7,7,81,672.0,695.0,0,True,False,True,False,False,False
79,88A,7,7,75,592.0,686.0,0,True,False,True,False,False,False
79,9,1,1,359,,,0,False,False,False,True,False,False
79,92,7,7,535,495.0,591.0,0,True,True,False,False,False,False
79,96,7,7,373,684.0,882.0,0,True,False,True,False,False,False
79,97,7,7,234,680.0,689.0,0,True,False,True,False,False,False
79,9A,1,1,267,,,0,False,False,False,True,False,False
80,10,6,6,774,467.0,,0,True,True,False,False,False,False
80,2,6,6,466,727.0,,0,True,False,True,False,False,False
80,235,6,6,466,662.0,,0,True,False,True,False,False,False
80,3,6,6,556,470.0,,0,True,True,False,False,False,False
80,32A,6,6,308,713.0,,0,True,False,True,False,False,False
80,33A,6,6,639,582.0,,0,True,True,False,False,False,False
80,38,6,6,728,670.0,,0,True,True,False,False,False,False
80,39,6,6,559,739.0,,0,True,False,True,False,False,False
80,41,6,6,518,452.0,,0,True,True,False,False,False,False
80,5,6,6,891,796.0,,0,True,True,False,False,False,False
80,7A,6,6,425,659.0,,0,True,False,True,False,False,False
80,8,6,6,514,443.0,,0,True,True,False,False,False,False
80,8A,6,6,385,517.0,,0,True,False,True,False,False,False
80,9,6,6,517,413.0,,0,True,True,False,False,False,False
81,10,1,1,5,50.0,65.0,0,True,False,True,True,False,False
81,106,9,9,942,,,2,False,False,False,False,False,True
81,106A,9,9,872,,,2,False,False,False,False,False,True
81,107,9,9,1266,,,2,False,False,False,False,False,True
81,107A,9,9,1144,,,2,False,False,False,False,False,True
81,108,10,10,857,344.0,557.0,2,True,True,False,False,False,True
81,108A,9,9,892,,,2,False,False,False,False,False,True
81,109,9,9,1518,,,2,False,False,False,False,False,True
81,11,1,1,3,24.0,38.0,0,True,False,True,True,False,False
81,110,9,9,1330,,,2,False,False,False,False,False,True
81,111,9,9,1314,,,2,False,False,False,False,False,True
81,112,8,8,702,702.0,708.0,2,True,False,False,False,False,True
81,113,9,9,670,,,2,False,False,False,False,False,True
81,114,9,9,1026,,,2,False,False,False,False,False,True
81,114A,9,9,1070,,,2,False,False,False,False,False,True
81,115,9,9,906,,,2,False,False,False,False,False,True
81,115A,9,9,926,,,2,False,False,False,False,False,True
81,116,9,9,1544,,,2,False,False,False,False,False,True
81,117,9,9,1386,,,2,False,False,False,False,False,True
81,118,9,9,1146,,,2,False,False,False,False,False,True
81,119,9,9,846,,,2,False,False,False,False,False,True
81,119A,9,9,900,,,2,False,False,False,False,False,True
81,12,1,1,0,13.0,17.0,0,True,False,True,True,False,False
81,120,9,9,1650,,,2,False,False,False,False,False,True
81,121,9,9,920,,,2,False,False,False,False,False,True
81,121A,9,9,758,,,2,False,False,False,False,False,True
81,122,8,8,679,679.0,684.0,2,True,False,False,False,False,True
81,123,9,9,866,,,2,False,False,False,False,False,True
81,124,9,9,1188,,,2,False,False,False,False,False,True
81,125,9,9,1264,,,2,False,False,False,False,False,True
81,126,9,9,1336,,,2,False,False,False,False,False,True
81,127,9,9,940,,,2,False,False,False,False,False,True
81,127A,9,9,816,,,2,False,False,False,False,False,True
81,128,9,9,1126,,,2,False,False,False,False,False,True
81,128A,9,9,1082,,,2,False,False,False,False,False,True
81,129,9,9,1286,,,2,False,False,False,False,False,True
81,12A,1,1,10,183.0,192.0,0,True,False,True,True,False,False
81,13,1,1,6,417.0,424.0,0,True,False,True,True,False,False
81,130,9,9,1568,,,2,False,False,False,False,False,True
81,131,9,9,956,,,2,False,False,False,False,False,True
81,131A,9,9,882,,,2,False,False,False,False,False,True
81,132,9,9,1128,,,2,False,False,False,False,False,True
81,132A,9,9,1164,,,2,False,False,False,False,False,True
81,13A,1,1,7,316.0,322.0,0,True,False,True,True,False,False
81,14,1,1,7,7.0,17.0,0,True,False,False,True,False,False
81,15,1,1,7,243.0,262.0,0,True,False,True,True,False,False
81,15A,1,1,2,25.0,64.0,0,True,False,True,True,False,False
81,16,1,1,2,412.0,426.0,0,True,False,True,True,False,False
81,17,1,1,3,612.0,626.0,0,True,False,True,True,False,False
81,18,1,1,0,485.0,490.0,0,True,False,True,True,False,False
81,18A,1,1,2,158.0,165.0,0,True,False,True,True,False,False
81,19,1,1,3,255.0,269.0,0,True,False,True,True,False,False
81,19A,1,1,6,117.0,131.0,0,True,False,True,True,False,False
81,1A,1,1,1,461.0,724.0,0,True,False,True,True,False,False
81,2,1,1,3,276.0,297.0,0,True,False,True,True,False,False
81,205A,4,4,21,15.0,,0,True,True,False,False,False,False
81,210,4,4,13,178.0,,0,True,False,True,False,False,False
81,211A,8,8,533,533.0,,1,True,False,False,False,False,True
81,212,8,8,422,422.0,,1,True,False,False,False,False,True
81,213,8,8,428,428.0,,1,True,False,False,False,False,True
81,213A,8,8,421,421.0,,1,True,False,False,False,False,True
81,214,8,8,764,764.0,,1,True,False,False,False,False,True
81,215,8,8,748,748.0,,1,True,False,False,False,False,True
81,216,8,8,783,783.0,,1,True,False,False,False,False,True
81,217,8,8,679,679.0,,1,True,False,False,False,False,True
81,218,8,8,403,403.0,,1,True,False,False,False,False,True
81,219,8,8,812,812.0,,1,True,False,False,False,False,True
81,220,8,8,493,493.0,,1,True,False,False,False,False,True
81,220A,8,8,460,460.0,,1,True,False,False,False,False,True
81,221,8,8,603,603.0,,1,True,False,False,False,False,True
81,222,8,8,848,848.0,,1,True,False,False,False,False,True
81,223,8,8,525,525.0,,1,True,False,False,False,False,True
81,223A,8,8,492,492.0,,1,True,False,False,False,False,True
81,224,8,8,351,351.0,,1,True,False,False,False,False,True
81,225,8,8,333,333.0,,1,True,False,False,False,False,True
81,226,8,8,643,643.0,,1,True,False,False,False,False,True
81,226A,8,8,557,557.0,,1,True,False,False,False,False,True
81,227,8,8,558,558.0,,1,True,False,False,False,False,True
81,227A,8,8,440,440.0,,1,True,False,False,False,False,True
81,228,8,8,524,524.0,,1,True,False,False,False,False,True
81,228A,8,8,514,514.0,,1,True,False,False,False,False,True
81,229,8,8,514,514.0,,1,True,False,False,False,False,True
81,229A,8,8,507,507.0,,1,True,False,False,False,False,True
81,230,8,8,371,371.0,,1,True,False,False,False,False,True
81,231,8,8,482,482.0,,1,True,False,False,False,False,True
81,231A,8,8,486,486.0,,1,True,False,False,False,False,True
81,232,8,8,840,840.0,,1,True,False,False,False,False,True
81,233,8,8,863,863.0,,1,True,False,False,False,False,True
81,234,8,8,883,883.0,,1,True,False,False,False,False,True
81,235,8,8,480,480.0,,1,True,False,False,False,False,True
81,236,8,8,764,764.0,,1,True,False,False,False,False,True
81,237,8,8,832,832.0,,1,True,False,False,False,False,True
81,238,8,8,633,633.0,,1,True,False,False,False,False,True
81,238A,8,8,640,640.0,,1,True,False,False,False,False,True
81,239,8,8,847,847.0,,1,True,False,False,False,False,True
81,240,8,8,503,411.0,414.0,2,True,True,False,False,False,True
81,240A,8,8,407,690.0,696.0,2,True,False,True,False,False,True
81,241,7,7,688,402.0,404.0,1,True,True,False,False,False,True
81,242,8,8,434,457.0,463.0,2,True,False,False,False,False,True
81,242A,8,8,419,554.0,559.0,2,True,False,True,False,False,True
81,243,7,7,548,542.0,544.0,1,True,False,False,False,False,True
81,244,8,8,542,,,2,False,False,False,False,False,True
81,246,8,8,852,852.0,853.0,2,True,False,False,False,False,True
81,247,7,7,709,,,2,False,False,False,False,False,True
81,248,8,8,869,869.0,871.0,2,True,False,False,False,False,True
81,249,8,8,502,502.0,512.0,2,True,False,False,False,False,True
81,249A,8,8,492,492.0,500.0,2,True,False,False,False,False,True
81,250,8,8,521,521.0,525.0,2,True,False,False,False,False,True
81,250A,8,8,563,563.0,563.0,2,True,False,False,False,False,True
81,251,8,8,412,412.0,416.0,2,True,False,False,False,False,True
81,2A,1,1,1,1.0,6.0,0,True,False,False,True,False,False
81,3,1,1,4,15.0,73.0,0,True,False,True,True,False,False
81,4,1,1,0,290.0,304.0,0,True,False,True,True,False,False
81,5,1,1,2,384.0,390.0,0,True,False,True,True,False,False
81,6,1,1,0,7.0,168.0,0,True,False,True,True,False,False
81,7,1,1,2,5.0,61.0,0,True,False,True,True,False,False
81,8,1,1,1,16.0,66.0,0,True,False,True,True,False,False
81,8A,1,1,5,58.0,114.0,0,True,False,True,True,False,False
81,9,1,1,1,11.0,36.0,0,True,False,True,True,False,False
82,0,136,4,1,218.0,,136,True,False,True,False,False,True
82,281A,4,4,268,,,4,False,False,False,False,False,True
83,105,6,6,904,777.0,784.0,0,True,True,False,False,False,False
83,156,1,1,9,297.0,548.0,0,True,False,True,True,False,False
83,156A,1,1,5,218.0,548.0,0,True,False,True,True,False,False
83,157,1,1,15,349.0,868.0,0,True,False,True,True,False,False
83,158,1,1,4,237.0,456.0,0,True,False,True,True,False,False
83,159,1,1,1,233.0,710.0,0,True,False,True,True,False,False
83,160,1,1,4,422.0,736.0,0,True,False,True,True,False,False
83,161,1,1,1,327.0,856.0,0,True,False,True,True,False,False
83,162,1,1,5,189.0,562.0,0,True,False,True,True,False,False
83,163,1,1,6,372.0,713.0,0,True,False,True,True,False,False
83,164,1,1,3,265.0,830.0,0,True,False,True,True,False,False
83,165,1,1,0,57.0,311.0,0,True,False,True,True,False,False
83,166,1,1,15,180.0,884.0,0,True,False,True,True,False,False
83,167,1,1,5,118.0,481.0,0,True,False,True,True,False,False
83,168,1,1,1,263.0,510.0,0,True,False,True,True,False,False
83,168A,1,1,3,358.0,504.0,0,True,False,True,True,False,False
83,169,1,1,2,233.0,491.0,0,True,False,True,True,False,False
83,169A,1,1,3,220.0,472.0,0,True,False,True,True,False,False
83,170,1,1,8,295.0,903.0,0,True,False,True,True,False,False
83,171,1,1,4,115.0,471.0,0,True,False,True,True,False,False
83,171A,1,1,1,71.0,488.0,0,True,False,True,True,False,False
83,172,1,1,2,103.0,320.0,0,True,False,True,True,False,False
83,172A,1,1,1,174.0,536.0,0,True,False,True,True,False,False
83,173,1,1,4,343.0,827.0,0,True,False,True,True,False,False
83,174,1,1,0,184.0,515.0,0,True,False,True,True,False,False
83,175,1,1,5,341.0,754.0,0,True,False,True,True,False,False
83,176,1,1,3,260.0,877.0,0,True,False,True,True,False,False
83,2,5,5,565,448.0,454.0,0,True,True,False,False,False,False
83,209,6,6,583,589.0,,6,True,False,False,False,False,True
83,210,6,6,564,784.0,788.0,6,True,False,True,False,False,True
83,211,6,6,763,474.0,477.0,6,True,True,False,False,False,True
83,213,6,6,654,657.0,662.0,6,True,False,False,False,False,True
83,214,6,6,601,630.0,632.0,6,True,False,False,False,False,True
83,215,6,6,538,552.0,553.0,6,True,False,False,False,False,True
83,216,6,6,471,487.0,492.0,6,True,False,False,False,False,True
83,217,6,6,595,608.0,608.0,6,True,False,False,False,False,True
83,218,6,6,689,705.0,708.0,6,True,False,False,False,False,True
83,219,6,6,533,547.0,547.0,6,True,False,False,False,False,True
83,220,6,6,757,904.0,912.0,6,True,False,False,False,False,True
83,221,6,6,526,572.0,581.0,6,True,False,False,False,False,True
83,222,6,6,708,837.0,850.0,6,True,False,False,False,False,True
83,223,6,6,442,500.0,505.0,6,True,False,False,False,False,True
83,224,6,6,717,757.0,768.0,6,True,False,False,False,False,True
83,225,6,6,675,815.0,822.0,6,True,False,False,False,False,True
83,226,6,6,536,545.0,549.0,6,True,False,False,False,False,True
83,227,6,6,721,728.0,732.0,6,True,False,False,False,False,True
83,228,6,6,604,616.0,617.0,6,True,False,False,False,False,True
83,229,6,6,817,839.0,843.0,6,True,False,False,False,False,True
83,230,6,6,833,858.0,872.0,6,True,False,False,False,False,True
83,231,6,6,739,784.0,788.0,6,True,False,False,False,False,True
83,232,6,6,708,741.0,753.0,6,True,False,False,False,False,True
83,233,6,6,602,647.0,656.0,6,True,False,False,False,False,True
83,234,6,6,589,618.0,620.0,6,True,False,False,False,False,True
83,261,3,2,577,156.0,692.0,0,True,True,False,False,False,False
83,262,3,2,341,162.0,671.0,0,True,True,False,False,False,False
83,263,3,2,301,213.0,426.0,0,True,True,False,False,False,False
83,264,3,2,477,115.0,664.0,0,True,True,False,False,False,False
83,266,3,2,564,315.0,593.0,0,True,True,False,False,False,False
83,267,3,2,546,403.0,794.0,0,True,True,False,False,False,False
83,269,3,2,277,163.0,830.0,0,True,True,False,False,False,False
83,270,3,2,481,330.0,734.0,0,True,True,False,False,False,False
83,271,1,1,6,421.0,622.0,0,True,False,True,True,False,False
83,272,1,1,5,391.0,726.0,0,True,False,True,True,False,False
83,273,1,1,1,251.0,737.0,0,True,False,True,True,False,False
83,274,1,1,2,250.0,714.0,0,True,False,True,True,False,False
83,275,1,1,0,112.0,441.0,0,True,False,True,True,False,False
83,276,1,1,1,101.0,430.0,0,True,False,True,True,False,False
83,277,1,1,0,109.0,371.0,0,True,False,True,True,False,False
83,278,1,1,3,181.0,454.0,0,True,False,True,True,False,False
83,279,1,1,5,158.0,475.0,0,True,False,True,True,False,False
83,280,1,1,6,150.0,499.0,0,True,False,True,True,False,False
83,281,1,1,5,242.0,588.0,0,True,False,True,True,False,False
83,282,1,1,9,286.0,642.0,0,True,False,True,True,False,False
83,283,1,1,6,248.0,545.0,0,True,False,True,True,False,False
83,284,1,1,3,444.0,530.0,0,True,False,True,True,False,False
83,285,1,1,7,455.0,537.0,0,True,False,True,True,False,False
83,286,1,1,5,62.0,562.0,0,True,False,True,True,False,False
83,325,1,1,1,5.0,531.0,0,True,False,True,True,False,False
83,53,5,5,683,470.0,471.0,0,True,True,False,False,False,False
83,80,7,7,617,901.0,922.0,0,True,False,True,False,False,False
83,82,7,7,449,882.0,897.0,0,True,False,True,False,False,False
83,85,7,7,409,587.0,591.0,0,True,False,True,False,False,False
83,86,7,7,587,570.0,580.0,0,True,True,False,False,False,False
83,89,7,7,668,402.0,410.0,0,True,True,False,False,False,False
83,90,7,7,402,694.0,709.0,0,True,False,True,False,False,False
83,91,7,7,694,472.0,478.0,0,True,True,False,False,False,False
83,92,7,7,472,386.0,393.0,0,True,True,False,False,False,False
83,93,7,7,386,655.0,657.0,0,True,False,True,False,False,False
83,94,7,7,655,638.0,643.0,0,True,True,False,False,False,False
83,95,7,7,638,462.0,464.0,0,True,True,False,False,False,False
84,1,3,3,29,925.0,929.0,3,True,False,True,False,False,True
84,10,3,3,26,532.0,536.0,3,True,False,True,False,False,True
84,10A,3,3,11,446.0,447.0,3,True,False,True,False,False,True
84,11,3,3,34,459.0,467.0,3,True,False,True,False,False,True
84,12,3,3,29,848.0,865.0,3,True,False,True,False,False,True
84,13,3,3,1,440.0,442.0,3,True,False,True,False,False,True
84,13A,3,3,6,480.0,482.0,3,True,False,True,False,False,True
84,14,3,3,5,593.0,594.0,3,True,False,True,False,False,True
84,14A,3,3,7,499.0,506.0,3,True,False,True,False,False,True
84,15,3,3,10,807.0,812.0,3,True,False,True,False,False,True
84,16,3,3,15,922.0,928.0,3,True,False,True,False,False,True
84,17,3,3,11,722.0,732.0,3,True,False,True,False,False,True
84,17A,3,3,4,362.0,362.0,3,True,False,True,False,False,True
84,18,3,3,11,618.0,622.0,3,True,False,True,False,False,True
84,18A,3,3,10,441.0,443.0,3,True,False,True,False,False,True
84,19,3,3,13,490.0,498.0,3,True,False,True,False,False,True
84,19A,3,3,7,501.0,509.0,3,True,False,True,False,False,True
84,2,3,3,27,853.0,861.0,3,True,False,True,False,False,True
84,3,3,3,10,539.0,544.0,3,True,False,True,False,False,True
84,332,5,5,491,881.0,881.0,5,True,False,True,False,False,True
84,333,5,5,240,771.0,771.0,5,True,False,True,False,False,True
84,334,5,5,227,544.0,544.0,5,True,False,True,False,False,True
84,335,5,5,177,490.0,490.0,5,True,False,True,False,False,True
84,336,5,5,425,878.0,878.0,5,True,False,True,False,False,True
84,337,5,5,168,508.0,508.0,5,True,False,True,False,False,True
84,338,5,5,72,437.0,437.0,5,True,False,True,False,False,True
84,339,5,5,281,403.0,403.0,5,True,False,True,False,False,True
84,3A,3,3,11,513.0,518.0,3,True,False,True,False,False,True
84,4,3,3,8,837.0,842.0,3,True,False,True,False,False,True
84,5,3,3,6,679.0,682.0,3,True,False,True,False,False,True
84,6,3,3,25,954.0,960.0,3,True,False,True,False,False,True
84,7,3,3,42,913.0,926.0,3,True,False,True,False,False,True
84,8,3,3,16,541.0,544.0,3,True,False,True,False,False,True
84,9,3,3,19,503.0,516.0,3,True,False,True,False,False,True
84,9A,3,3,11,469.0,471.0,3,True,False,True,False,False,True
85,118,1,1,28,417.0,,0,True,False,True,True,False,False
85,135,1,1,104,431.0,,0,True,False,True,True,False,False
85,140,2,1,44,411.0,,0,True,False,True,True,False,False
85,144,1,1,118,359.0,,0,True,False,True,True,False,False
85,163,1,1,9,293.0,,0,True,False,True,True,False,False
85,164,1,1,8,413.0,,0,True,False,True,True,False,False
85,173,1,1,50,280.0,,0,True,False,True,True,False,False
85,174,2,1,44,294.0,,0,True,False,True,True,False,False
85,179,1,1,6,349.0,,0,True,False,True,True,False,False
85,190,1,1,2,202.0,,0,True,False,True,True,False,False
85,207,1,1,95,174.0,,0,True,False,True,True,False,False
85,222,1,1,55,192.0,,0,True,False,True,True,False,False
85,227,1,1,15,497.0,,0,True,False,True,True,False,False
85,235,1,1,12,273.0,,0,True,False,True,True,False,False
85,239,1,1,14,394.0,,0,True,False,True,True,False,False
85,253,1,1,29,355.0,,0,True,False,True,True,False,False
85,274,1,1,22,391.0,,0,True,False,True,True,False,False
85,283,5,5,837,495.0,,0,True,True,False,False,False,False
85,287,5,5,852,409.0,,0,True,True,False,False,False,False
85,299,5,5,703,430.0,,0,True,True,False,False,False,False
85,316,1,1,8,335.0,,0,True,False,True,True,False,False
85,321,2,1,58,566.0,,0,True,False,True,True,False,False
85,343,1,1,99,,,0,False,False,False,True,False,False
85,363,1,1,85,,,0,False,False,False,True,False,False
85,384,1,1,111,,,0,False,False,False,True,False,False
85,388,1,1,92,305.0,,0,True,False,True,True,False,False
85,393,1,1,60,136.0,,0,True,False,True,True,False,False
85,434,1,1,40,385.0,,0,True,False,True,True,False,False
85,445,1,1,200,,,0,False,False,False,True,False,False
85,460,1,1,88,,,0,False,False,False,True,False,False
85,490,1,1,71,,,0,False,False,False,True,False,False
85,519,1,1,96,,,0,False,False,False,True,False,False
85,96,1,1,22,331.0,,0,True,False,True,True,False,False
87,0,3,3,0,3.0,1491.0,0,True,False,True,False,False,False
87,10,3,3,209,289.0,293.0,0,True,False,True,False,False,False
87,10A,3,3,137,344.0,348.0,0,True,False,True,False,False,False
87,112,11,11,872,465.0,,0,True,True,False,False,False,False
87,115,11,11,1133,531.0,,0,True,True,False,False,False,False
87,116,11,11,1336,616.0,,0,True,True,False,False,False,False
87,117,11,11,1364,739.0,,0,True,True,False,False,False,False
87,119,11,11,1529,805.0,,0,True,True,False,False,False,False
87,136,11,11,1199,478.0,,0,True,True,False,False,False,False
87,137,11,11,1439,734.0,,0,True,True,False,False,False,False
87,141,11,11,796,444.0,,0,True,True,False,False,False,False
87,141A,11,11,950,484.0,,0,True,True,False,False,False,False
87,142A,11,11,1078,501.0,,0,True,True,False,False,False,False
87,18,3,3,343,442.0,450.0,0,True,False,True,False,False,False
87,186,7,7,570,750.0,,0,True,False,True,False,False,False
87,187,8,8,512,483.0,,0,True,True,False,False,False,False
87,188,8,8,574,494.0,,0,True,True,False,False,False,False
87,189,8,8,624,574.0,,0,True,True,False,False,False,False
87,19,11,10,1199,631.0,,0,True,True,False,False,False,False
87,191,8,8,661,590.0,,0,True,True,False,False,False,False
87,192,8,8,855,574.0,,0,True,True,False,False,False,False
87,192A,7,7,496,857.0,,0,True,False,True,False,False,False
87,193,8,8,532,503.0,,0,True,True,False,False,False,False
87,197A,8,8,467,794.0,,0,True,False,True,False,False,False
87,198,8,8,495,460.0,,0,True,True,False,False,False,False
87,2,20,9,1248,497.0,,0,True,True,False,False,False,False
87,200,8,8,633,600.0,,0,True,True,False,False,False,False
87,201,7,7,350,635.0,,0,True,False,True,False,False,False
87,202,8,8,532,733.0,,0,True,False,True,False,False,False
87,202A,8,8,398,533.0,,0,True,False,True,False,False,False
87,204,7,7,352,338.0,,0,True,True,False,False,False,False
87,206,7,7,303,825.0,,0,True,False,True,False,False,False
87,207,8,8,496,476.0,,0,True,True,False,False,False,False
87,208,8,8,807,499.0,,0,True,True,False,False,False,False
87,209,8,8,478,814.0,,0,True,False,True,False,False,False
87,210,8,8,643,460.0,,0,True,True,False,False,False,False
87,211,8,8,766,645.0,,0,True,True,False,False,False,False
87,212,8,8,600,774.0,,0,True,False,True,False,False,False
87,215,8,8,457,801.0,,0,True,False,True,False,False,False
87,218,8,8,427,585.0,,0,True,False,True,False,False,False
87,27,6,3,720,386.0,390.0,0,True,True,False,False,False,False
87,3,3,3,178,541.0,549.0,0,True,False,True,False,False,False
87,302,6,6,201,556.0,,0,True,False,True,False,False,False
87,38,3,3,204,313.0,317.0,0,True,False,True,False,False,False
87,57,3,3,272,263.0,265.0,0,True,True,False,False,False,False
87,58,3,3,311,488.0,488.0,0,True,False,True,False,False,False
87,7,3,3,65,443.0,449.0,0,True,False,True,False,False,False
87,7A,3,3,86,387.0,393.0,0,True,False,True,False,False,False
88,128A,6,6,374,523.0,523.0,0,True,False,True,False,False,False
88,190,1,1,33,421.0,421.0,0,True,False,True,True,False,False
88,190A,1,1,15,445.0,445.0,0,True,False,True,True,False,False
88,191,1,1,23,436.0,436.0,0,True,False,True,True,False,False
88,192,1,1,27,461.0,461.0,0,True,False,True,True,False,False
88,192A,1,1,14,468.0,468.0,0,True,False,True,True,False,False
88,193,1,1,53,940.0,940.0,0,True,False,True,True,False,False
88,194,1,1,91,911.0,911.0,0,True,False,True,True,False,False
88,195,1,1,47,845.0,845.0,0,True,False,True,True,False,False
88,196,1,1,29,443.0,443.0,0,True,False,True,True,False,False
88,197,1,1,26,490.0,490.0,0,True,False,True,True,False,False
88,197A,1,1,26,497.0,497.0,0,True,False,True,True,False,False
88,198,1,1,28,519.0,519.0,0,True,False,True,True,False,False
88,198A,1,1,35,491.0,491.0,0,True,False,True,True,False,False
88,199,1,1,51,760.0,760.0,0,True,False,True,True,False,False
88,200,1,1,13,391.0,391.0,0,True,False,True,True,False,False
88,200A,1,1,12,408.0,408.0,0,True,False,True,True,False,False
88,201,1,1,9,622.0,622.0,0,True,False,True,True,False,False
88,202,1,1,26,726.0,726.0,0,True,False,True,True,False,False
88,203,1,1,14,461.0,461.0,0,True,False,True,True,False,False
88,203A,1,1,16,484.0,484.0,0,True,False,True,True,False,False
88,204,1,1,26,513.0,513.0,0,True,False,True,True,False,False
88,204A,1,1,23,552.0,552.0,0,True,False,True,True,False,False
88,205,1,1,10,659.0,659.0,0,True,False,True,True,False,False
88,206,1,1,15,474.0,474.0,0,True,False,True,True,False,False
88,207,1,1,36,577.0,577.0,0,True,False,True,True,False,False
88,208,1,1,27,620.0,620.0,0,True,False,True,True,False,False
88,209,1,1,36,872.0,872.0,0,True,False,True,True,False,False
88,210,1,1,13,356.0,356.0,0,True,False,True,True,False,False
88,211,1,1,8,434.0,434.0,0,True,False,True,True,False,False
88,211A,1,1,9,455.0,455.0,0,True,False,True,True,False,False
88,212,1,1,10,828.0,828.0,0,True,False,True,True,False,False
88,213,1,1,8,567.0,567.0,0,True,False,True,True,False,False
88,214,1,1,3,559.0,559.0,0,True,False,True,True,False,False
88,215,1,1,6,688.0,688.0,0,True,False,True,True,False,False
88,216,1,1,10,656.0,656.0,0,True,False,True,True,False,False
88,217,1,1,9,811.0,811.0,0,True,False,True,True,False,False
88,218,1,1,11,847.0,847.0,0,True,False,True,True,False,False
88,219,1,1,4,642.0,642.0,0,True,False,True,True,False,False
88,220,1,1,9,777.0,777.0,0,True,False,True,True,False,False
88,221,1,1,13,784.0,784.0,0,True,False,True,True,False,False
88,222,1,1,12,686.0,686.0,0,True,False,True,True,False,False
88,223,1,1,27,549.0,549.0,0,True,False,True,True,False,False
88,224,1,1,25,536.0,536.0,0,True,False,True,True,False,False
88,225,1,1,9,597.0,597.0,0,True,False,True,True,False,False
88,226,1,1,15,742.0,742.0,0,True,False,True,True,False,False
89,137,9,8,739,584.0,584.0,0,True,True,False,False,False,False
89,138,9,8,684,659.0,659.0,0,True,True,False,False,False,False
89,142,9,8,615,559.0,559.0,0,True,True,False,False,False,False
89,143,8,7,374,518.0,518.0,0,True,False,True,False,False,False
89,145,8,7,530,730.0,730.0,0,True,False,True,False,False,False
89,150,8,7,705,561.0,561.0,0,True,True,False,False,False,False
89,151,9,8,452,595.0,595.0,0,True,False,True,False,False,False
89,152,9,8,573,439.0,439.0,0,True,True,False,False,False,False
89,154,8,7,791,576.0,576.0,0,True,True,False,False,False,False
89,155,9,8,605,457.0,457.0,0,True,True,False,False,False,False
89,160,9,8,827,496.0,496.0,0,True,True,False,False,False,False
89,161,9,8,666,635.0,635.0,0,True,True,False,False,False,False
89,164,8,7,452,685.0,685.0,0,True,False,True,False,False,False
89,165,9,8,751,620.0,620.0,0,True,True,False,False,False,False
89,166,9,8,762,669.0,669.0,0,True,True,False,False,False,False
89,168,9,8,970,533.0,533.0,0,True,True,False,False,False,False
89,169,9,8,867,694.0,694.0,0,True,True,False,False,False,False
89,170,9,8,746,473.0,473.0,0,True,True,False,False,False,False
89,172,9,8,691,557.0,557.0,0,True,True,False,False,False,False
89,173,8,7,515,806.0,806.0,0,True,False,True,False,False,False
89,174,9,8,889,372.0,372.0,0,True,True,False,False,False,False
89,175,9,8,728,663.0,663.0,0,True,True,False,False,False,False
89,176,9,8,609,507.0,507.0,0,True,True,False,False,False,False
89,177,9,8,726,567.0,567.0,0,True,True,False,False,False,False
89,179,9,8,812,502.0,502.0,0,True,True,False,False,False,False
89,181,9,8,571,554.0,554.0,0,True,True,False,False,False,False
90,176A,1,1,1,,,0,False,False,False,True,False,False
90,177,1,1,12,,,0,False,False,False,True,False,False
90,178,1,1,9,,,0,False,False,False,True,False,False
90,179,1,1,8,,,0,False,False,False,True,False,False
90,180,1,1,7,,,0,False,False,False,True,False,False
90,180A,1,1,5,,,0,False,False,False,True,False,False
90,181,1,1,1,,,0,False,False,False,True,False,False
90,182,1,1,12,,,0,False,False,False,True,False,False
90,183,1,1,2,,,0,False,False,False,True,False,False
90,184,1,1,1,,,0,False,False,False,True,False,False
90,184A,1,1,6,,,0,False,False,False,True,False,False
90,185,1,1,5,,,0,False,False,False,True,False,False
90,185A,1,1,8,,,0,False,False,False,True,False,False
90,186,1,1,2,,,0,False,False,False,True,False,False
90,187,1,1,6,,,0,False,False,False,True,False,False
90,188,1,1,10,,,0,False,False,False,True,False,False
90,189,1,1,3,,,0,False,False,False,True,False,False
90,190,1,1,6,,,0,False,False,False,True,False,False
90,191,1,1,10,,,0,False,False,False,True,False,False
90,192,1,1,2,,,0,False,False,False,True,False,False
90,192A,1,1,0,0.0,0.0,0,True,False,False,True,False,False
90,193,1,1,3,,,0,False,False,False,True,False,False
90,194,1,1,3,,,0,False,False,False,True,False,False
90,195,1,1,6,,,0,False,False,False,True,False,False
90,196,1,1,5,,,0,False,False,False,True,False,False
90,197,1,1,9,,,0,False,False,False,True,False,False
90,198,1,1,5,,,0,False,False,False,True,False,False
90,199,1,1,4,,,0,False,False,False,True,False,False
90,200,1,1,5,,,0,False,False,False,True,False,False
90,201,1,1,4,,,0,False,False,False,True,False,False
90,202,1,1,5,,,0,False,False,False,True,False,False
90,203,1,1,11,,,0,False,False,False,True,False,False
90,204,1,1,4,,,0,False,False,False,True,False,False
90,205,1,1,2,,,0,False,False,False,True,False,False
90,206,1,1,14,,,0,False,False,False,True,False,False
91,3,6,6,381,,,6,False,False,False,False,False,True
91,332,1,1,15,662.0,,0,True,False,True,True,False,False
91,334,9,9,778,518.0,,3,True,True,False,False,False,True
91,335,8,8,502,502.0,,3,True,False,False,False,False,True
91,336,9,9,935,674.0,,3,True,True,False,False,False,True
91,337,9,9,825,563.0,,3,True,True,False,False,False,True
91,338,9,9,791,528.0,,3,True,True,False,False,False,True
91,339,8,8,528,528.0,,3,True,False,False,False,False,True
91,340,9,9,785,521.0,,3,True,True,False,False,False,True
91,341,9,9,845,580.0,,3,True,True,False,False,False,True
91,342,9,9,941,675.0,,3,True,True,False,False,False,True
91,343,9,9,1073,806.0,,3,True,True,False,False,False,True
92,1,15,13,1469,536.0,486.0,0,True,True,False,False,False,False
92,100,5,5,722,659.0,,5,True,True,False,False,False,True
92,101,6,6,1467,,,5,False,False,False,False,False,True
92,102,5,5,809,736.0,,5,True,True,False,False,False,True
92,103,3,3,765,758.0,,3,True,False,False,False,False,True
92,104,2,2,494,534.0,,2,True,False,False,False,False,True
92,105,5,5,214,,,4,False,False,False,False,False,True
92,106,3,3,6,532.0,,2,True,False,True,False,False,True
92,107,5,5,544,467.0,,5,True,True,False,False,False,True
92,108,5,5,728,657.0,,5,True,True,False,False,False,True
92,109,4,4,598,610.0,,4,True,False,False,False,False,True
92,11,1,1,469,,,0,False,False,False,True,False,False
92,110,5,5,608,533.0,,5,True,True,False,False,False,True
92,111,5,5,793,720.0,,5,True,True,False,False,False,True
92,112,5,5,947,865.0,,5,True,True,False,False,False,True
92,113,3,3,586,544.0,,3,True,True,False,False,False,True
92,114,5,5,130,,,4,False,False,False,False,False,True
92,116,7,7,843,753.0,,6,True,True,False,False,False,True
92,117,7,7,1027,928.0,,6,True,True,False,False,False,True
92,118,5,5,890,810.0,,5,True,True,False,False,False,True
92,119,5,5,581,491.0,,5,True,True,False,False,False,True
92,124,5,5,662,,,5,False,False,False,False,False,True
92,128,6,6,646,,,6,False,False,False,False,False,True
92,131,6,6,587,,,6,False,False,False,False,False,True
92,133,6,6,601,,,6,False,False,False,False,False,True
92,134,5,5,1666,,,5,False,False,False,False,False,True
92,135,6,6,926,,,6,False,False,False,False,False,True
92,137,6,6,521,,,6,False,False,False,False,False,True
92,138,6,6,583,,,6,False,False,False,False,False,True
92,139,5,5,467,,,5,False,False,False,False,False,True
92,140,6,6,386,,,6,False,False,False,False,False,True
92,141,6,6,701,,,6,False,False,False,False,False,True
92,142,6,6,707,,,6,False,False,False,False,False,True
92,143,6,6,456,,,6,False,False,False,False,False,True
92,169,1,1,296,,,0,False,False,False,True,False,False
92,170,1,1,430,480.0,933.0,0,True,False,False,True,False,False
92,171,1,1,274,,,0,False,False,False,True,False,False
92,172,1,1,234,263.0,551.0,0,True,False,False,True,False,False
92,173,1,1,203,,,0,False,False,False,True,False,False
92,174,1,1,190,190.0,423.0,0,True,False,False,True,False,False
92,176,1,1,350,,,0,False,False,False,True,False,False
92,178,1,1,301,401.0,746.0,0,True,False,True,True,False,False
92,179,1,1,302,310.0,670.0,0,True,False,False,True,False,False
92,180,1,1,334,,,0,False,False,False,True,False,False
92,181,1,1,307,,,0,False,False,False,True,False,False
92,182,1,1,273,,,0,False,False,False,True,False,False
92,183,1,1,266,,,0,False,False,False,True,False,False
92,184,1,1,301,,,0,False,False,False,True,False,False
92,185,1,1,168,330.0,524.0,0,True,False,True,True,False,False
92,186,1,1,188,250.0,462.0,0,True,False,True,True,False,False
92,187,1,1,195,325.0,565.0,0,True,False,True,True,False,False
92,188,1,1,195,270.0,498.0,0,True,False,True,True,False,False
92,189,1,1,304,,,0,False,False,False,True,False,False
92,190,1,1,792,,,0,False,False,False,True,False,False
92,191,1,1,200,359.0,602.0,0,True,False,True,True,False,False
92,192,9,8,1083,406.0,772.0,0,True,True,False,False,False,False
92,2,7,7,523,472.0,475.0,0,True,True,False,False,False,False
92,2(A),5,5,239,490.0,498.0,0,True,False,True,False,False,False
92,241,9,9,1490,,,3,False,False,False,False,False,True
92,244,9,9,1045,,,3,False,False,False,False,False,True
92,245,8,8,1388,,,2,False,False,False,False,False,True
92,246,8,8,1644,,,2,False,False,False,False,False,True
92,247,9,9,1236,,,3,False,False,False,False,False,True
92,248,9,9,1164,,,3,False,False,False,False,False,True
92,249,8,8,929,,,2,False,False,False,False,False,True
92,25,5,5,491,,,5,False,False,False,False,False,True
92,250,9,9,1701,,,3,False,False,False,False,False,True
92,252,9,9,1680,,,3,False,False,False,False,False,True
92,253,9,9,1384,,,3,False,False,False,False,False,True
92,254,9,9,1698,,,3,False,False,False,False,False,True
92,255,9,9,1840,,,3,False,False,False,False,False,True
92,256,12,11,2896,,,3,False,False,False,False,False,True
92,257,9,9,1568,,,3,False,False,False,False,False,True
92,258,7,7,1217,,,2,False,False,False,False,False,True
92,259,9,9,1328,,,3,False,False,False,False,False,True
92,26,5,5,417,,,5,False,False,False,False,False,True
92,260,8,8,1047,,,2,False,False,False,False,False,True
92,262,8,8,1117,,,2,False,False,False,False,False,True
92,263,9,9,1449,,,3,False,False,False,False,False,True
92,264,8,8,1183,,,2,False,False,False,False,False,True
92,268,14,13,961,505.0,508.0,0,True,True,False,False,False,False
92,27,6,6,763,,,6,False,False,False,False,False,True
92,270,14,13,1170,517.0,529.0,0,True,True,False,False,False,False
92,273,6,6,432,412.0,441.0,0,True,True,False,False,False,False
92,277,14,13,565,545.0,559.0,0,True,True,False,False,False,False
92,28,6,6,769,,,6,False,False,False,False,False,True
92,281,6,6,920,856.0,873.0,0,True,True,False,False,False,False
92,283,6,6,1408,810.0,826.0,0,True,True,False,False,False,False
92,287,5,5,384,726.0,742.0,0,True,False,True,False,False,False
92,29,6,6,421,,,6,False,False,False,False,False,True
92,291,7,7,979,859.0,877.0,0,True,True,False,False,False,False
92,294,7,7,455,446.0,449.0,0,True,True,False,False,False,False
92,3,7,7,463,716.0,720.0,0,True,False,True,False,False,False
92,30,5,5,418,,,5,False,False,False,False,False,True
92,300,5,5,221,545.0,552.0,0,True,False,True,False,False,False
92,305,7,7,627,507.0,508.0,0,True,True,False,False,False,False
92,308,7,7,583,517.0,524.0,0,True,True,False,False,False,False
92,31,6,6,441,,,6,False,False,False,False,False,True
92,33,6,6,427,,,6,False,False,False,False,False,True
92,34,5,5,385,,,5,False,False,False,False,False,True
92,35,6,6,718,,,6,False,False,False,False,False,True
92,36,6,6,461,,,6,False,False,False,False,False,True
92,37,5,5,422,,,5,False,False,False,False,False,True
92,38,6,6,704,,,6,False,False,False,False,False,True
92,39,5,5,424,,,5,False,False,False,False,False,True
92,4,15,13,1606,379.0,381.0,0,True,True,False,False,False,False
92,40,6,6,433,,,6,False,False,False,False,False,True
92,41,3,3,247,,,3,False,False,False,False,False,True
92,42,6,6,718,,,6,False,False,False,False,False,True
92,45,6,6,499,,,6,False,False,False,False,False,True
92,46,5,5,435,,,5,False,False,False,False,False,True
92,47,5,5,512,,,5,False,False,False,False,False,True
92,5,7,7,651,623.0,626.0,0,True,True,False,False,False,False
92,68,8,8,908,720.0,,0,True,True,False,False,False,False
92,7,15,13,2048,661.0,,0,True,True,False,False,False,False
92,723,6,6,754,,,6,False,False,False,False,False,True
92,726,4,4,110,,,4,False,False,False,False,False,True
92,732,6,6,782,,,6,False,False,False,False,False,True
92,97,6,6,1409,,,5,False,False,False,False,False,True
92,98,5,5,542,475.0,,5,True,True,False,False,False,True
92,99,4,4,785,799.0,,4,True,False,False,False,False,True
93,10,3,2,1051,,,3,False,False,False,False,False,True
93,100,1,1,14,,,1,False,False,False,True,False,True
93,101,1,1,111,,,1,False,False,False,True,False,True
93,102,1,1,54,,,1,False,False,False,True,False,True
93,103,1,1,12,,,1,False,False,False,True,False,True
93,104,1,1,121,,,1,False,False,False,True,False,True
93,105,1,1,38,,,1,False,False,False,True,False,True
93,105(A),1,1,13,,,1,False,False,False,True,False,True
93,106,1,1,21,,,1,False,False,False,True,False,True
93,107,1,1,189,,,1,False,False,False,True,False,True
93,108,2,1,247,,,2,False,False,False,True,False,True
93,109,1,1,22,,,1,False,False,False,True,False,True
93,109(A),1,1,15,,,1,False,False,False,True,False,True
93,11,2,1,625,,,2,False,False,False,True,False,True
93,110,1,1,82,,,1,False,False,False,True,False,True
93,110(A),1,1,31,,,1,False,False,False,True,False,True
93,111,1,1,37,,,1,False,False,False,True,False,True
93,112,1,1,27,,,1,False,False,False,True,False,True
93,113,1,1,24,,,1,False,False,False,True,False,True
93,12,1,1,167,,,1,False,False,False,True,False,True
93,125,1,1,217,,,1,False,False,False,True,False,True
93,13,1,1,295,,,1,False,False,False,True,False,True
93,132,1,1,56,,,1,False,False,False,True,False,True
93,133,1,1,24,,,1,False,False,False,True,False,True
93,134,2,1,26,,,2,False,False,False,True,False,True
93,135,1,1,32,,,1,False,False,False,True,False,True
93,135(A),1,1,49,,,1,False,False,False,True,False,True
93,136,1,1,103,,,1,False,False,False,True,False,True
93,137,1,1,38,,,1,False,False,False,True,False,True
93,138,1,1,23,,,1,False,False,False,True,False,True
93,139,1,1,95,,,1,False,False,False,True,False,True
93,144,1,1,179,,,1,False,False,False,True,False,True
93,145,1,1,150,,,1,False,False,False,True,False,True
93,15,2,2,635,,,2,False,False,False,False,False,True
93,151,1,1,42,,,1,False,False,False,True,False,True
93,152,1,1,40,,,1,False,False,False,True,False,True
93,153,1,1,30,,,1,False,False,False,True,False,True
93,153(A),1,1,48,,,1,False,False,False,True,False,True
93,154,1,1,67,,,1,False,False,False,True,False,True
93,155,1,1,58,,,1,False,False,False,True,False,True
93,156,2,1,270,,,2,False,False,False,True,False,True
93,157,1,1,98,,,1,False,False,False,True,False,True
93,158,1,1,96,,,1,False,False,False,True,False,True
93,16,6,2,1934,,,6,False,False,False,False,False,True
93,161,1,1,143,,,1,False,False,False,True,False,True
93,169,1,1,48,,,1,False,False,False,True,False,True
93,17,3,2,748,,,3,False,False,False,False,False,True
93,170,1,1,36,,,1,False,False,False,True,False,True
93,170(A),1,1,40,,,1,False,False,False,True,False,True
93,171,1,1,44,,,1,False,False,False,True,False,True
93,171(A),1,1,47,,,1,False,False,False,True,False,True
93,172,1,1,41,,,1,False,False,False,True,False,True
93,173,1,1,318,,,1,False,False,False,True,False,True
93,174,1,1,32,,,1,False,False,False,True,False,True
93,175,1,1,48,,,1,False,False,False,True,False,True
93,18,2,2,461,,,2,False,False,False,False,False,True
93,181,1,1,269,,,1,False,False,False,True,False,True
93,183,1,1,122,,,1,False,False,False,True,False,True
93,185,1,1,137,,,1,False,False,False,True,False,True
93,19,2,2,510,,,2,False,False,False,False,False,True
93,20,4,2,918,,,4,False,False,False,False,False,True
93,21,2,1,651,,,2,False,False,False,True,False,True
93,219,1,1,13,,,1,False,False,False,True,False,True
93,22,3,2,886,,,3,False,False,False,False,False,True
93,224,1,1,179,,,1,False,False,False,True,False,True
93,23,1,1,415,,,1,False,False,False,True,False,True
93,230,1,1,10,,,1,False,False,False,True,False,True
93,239,6,6,295,,,6,False,False,False,False,False,True
93,239(A),6,6,243,,,6,False,False,False,False,False,True
93,24,1,1,268,,,1,False,False,False,True,False,True
93,240,6,6,582,,,6,False,False,False,False,False,True
93,241,6,6,538,,,6,False,False,False,False,False,True
93,242,6,6,617,,,6,False,False,False,False,False,True
93,243,7,6,399,,,7,False,False,False,False,False,True
93,244,6,6,480,,,6,False,False,False,False,False,True
93,245,6,6,575,,,6,False,False,False,False,False,True
93,246,7,6,445,,,7,False,False,False,False,False,True
93,247,6,6,609,,,6,False,False,False,False,False,True
93,248,6,6,219,,,6,False,False,False,False,False,True
93,248(A),6,6,188,,,6,False,False,False,False,False,True
93,249,6,6,244,,,6,False,False,False,False,False,True
93,25,2,2,632,,,2,False,False,False,False,False,True
93,250,6,6,229,,,6,False,False,False,False,False,True
93,250(A),6,6,182,,,6,False,False,False,False,False,True
93,251,7,6,726,,,7,False,False,False,False,False,True
93,252,6,6,271,,,6,False,False,False,False,False,True
93,253,6,6,397,,,6,False,False,False,False,False,True
93,254,6,6,238,,,6,False,False,False,False,False,True
93,255,6,6,291,,,6,False,False,False,False,False,True
93,256,6,6,244,,,6,False,False,False,False,False,True
93,26,1,1,287,,,1,False,False,False,True,False,True
93,27,5,2,1207,,,5,False,False,False,False,False,True
93,270,1,1,22,,,1,False,False,False,True,False,True
93,28,4,2,915,,,4,False,False,False,False,False,True
93,29,3,1,1005,,,3,False,False,False,True,False,True
93,30,1,1,284,,,1,False,False,False,True,False,True
93,308,2,1,96,,,2,False,False,False,True,False,True
93,33,3,2,789,,,3,False,False,False,False,False,True
93,34,3,2,1114,,,3,False,False,False,False,False,True
93,35,2,2,542,,,2,False,False,False,False,False,True
93,37,2,2,755,,,2,False,False,False,False,False,True
93,38,2,1,414,,,2,False,False,False,True,False,True
93,39,3,2,1074,,,3,False,False,False,False,False,True
93,40,1,1,239,,,1,False,False,False,True,False,True
93,41,1,1,319,,,1,False,False,False,True,False,True
93,42,1,1,284,,,1,False,False,False,True,False,True
93,44,1,1,368,,,1,False,False,False,True,False,True
93,45,2,1,569,,,2,False,False,False,True,False,True
93,46,2,1,487,,,2,False,False,False,True,False,True
93,47,2,1,871,,,2,False,False,False,True,False,True
93,48,1,1,239,,,1,False,False,False,True,False,True
93,49,1,1,271,,,1,False,False,False,True,False,True
93,50,1,1,412,,,1,False,False,False,True,False,True
93,52,1,1,497,,,1,False,False,False,True,False,True
93,53,1,1,206,,,1,False,False,False,True,False,True
93,54,2,2,677,,,2,False,False,False,False,False,True
93,56,2,2,671,,,2,False,False,False,False,False,True
93,57,1,1,514,,,1,False,False,False,True,False,True
93,59,1,1,539,,,1,False,False,False,True,False,True
93,6,2,2,578,,,2,False,False,False,False,False,True
93,64,1,1,227,,,1,False,False,False,True,False,True
93,65,1,1,344,,,1,False,False,False,True,False,True
93,66,1,1,220,,,1,False,False,False,True,False,True
93,69,2,2,632,,,2,False,False,False,False,False,True
93,71,2,2,730,,,2,False,False,False,False,False,True
93,73,1,1,480,,,1,False,False,False,True,False,True
93,78,1,1,186,,,1,False,False,False,True,False,True
93,84,1,1,99,,,1,False,False,False,True,False,True
93,94,1,1,77,,,1,False,False,False,True,False,True
93,95,1,1,152,,,1,False,False,False,True,False,True
93,95(A),1,1,131,,,1,False,False,False,True,False,True
93,96,1,1,102,,,1,False,False,False,True,False,True
93,96(A),1,1,79,,,1,False,False,False,True,False,True
93,97,1,1,55,,,1,False,False,False,True,False,True
93,98,1,1,118,,,1,False,False,False,True,False,True
93,99,1,1,195,,,1,False,False,False,True,False,True
94,291A,6,6,786,,,6,False,False,False,False,False,True
94,292,4,4,367,,,4,False,False,False,False,False,True
94,293,6,6,1004,629.0,,6,True,True,False,False,False,True
94,294A,6,6,603,439.0,,6,True,True,False,False,False,True
94,295,6,6,1244,847.0,,6,True,True,False,False,False,True
94,296,6,6,779,494.0,,6,True,True,False,False,False,True
94,297,7,7,1232,620.0,,7,True,True,False,False,False,True
94,298,6,6,1181,758.0,,6,True,True,False,False,False,True
94,44,4,4,448,585.0,587.0,0,True,False,True,False,False,False
97,0,3,3,368,,,1,False,False,False,False,False,True
97,10,17,14,1316,517.0,,8,True,True,False,False,False,True
97,100,12,12,1952,661.0,,4,True,True,False,False,False,True
97,101,4,4,795,808.0,,4,True,False,False,False,False,True
97,102,4,4,781,796.0,,4,True,False,False,False,False,True
97,103,12,12,1415,595.0,,4,True,True,False,False,False,True
97,104,4,4,668,690.0,,4,True,False,False,False,False,True
97,105,4,4,736,745.0,,4,True,False,False,False,False,True
97,106,4,4,885,900.0,,4,True,False,False,False,False,True
97,107,4,4,696,707.0,,4,True,False,False,False,False,True
97,108,4,4,646,652.0,,4,True,False,False,False,False,True
97,109,4,4,420,421.0,,4,True,False,False,False,False,True
97,11,6,6,534,,,3,False,False,False,False,False,True
97,110,4,4,562,576.0,,4,True,False,False,False,False,True
97,110(A),4,4,506,515.0,,4,True,False,False,False,False,True
97,111,4,4,678,689.0,,4,True,False,False,False,False,True
97,112,13,13,1927,547.0,,2,True,True,False,False,False,True
97,113,9,9,1915,883.0,,3,True,True,False,False,False,True
97,114,4,3,480,782.0,,4,True,False,True,False,False,True
97,115,3,3,434,521.0,,3,True,False,False,False,False,True
97,116,3,3,284,,,3,False,False,False,False,False,True
97,116(A),3,3,295,500.0,,3,True,False,True,False,False,True
97,117,3,3,556,808.0,,3,True,False,True,False,False,True
97,118,3,3,405,522.0,,3,True,False,True,False,False,True
97,118(A),3,3,425,585.0,,3,True,False,True,False,False,True
97,119,3,3,322,,,3,False,False,False,False,False,True
97,12,10,10,1225,725.0,,4,True,True,False,False,False,True
97,120,3,3,277,611.0,,3,True,False,True,False,False,True
97,121,3,3,328,507.0,,3,True,False,True,False,False,True
97,121(A),2,2,267,360.0,,2,True,False,True,False,False,True
97,122,3,3,15,,,3,False,False,False,False,False,True
97,123,3,3,437,747.0,,3,True,False,True,False,False,True
97,124,3,3,1071,,,3,False,False,False,False,False,True
97,125,3,3,383,568.0,,3,True,False,True,False,False,True
97,126,3,3,264,468.0,,3,True,False,True,False,False,True
97,126(A),3,3,730,,,3,False,False,False,False,False,True
97,127,3,3,338,884.0,,3,True,False,True,False,False,True
97,128,3,3,365,742.0,,3,True,False,True,False,False,True
97,129,8,6,701,881.0,887.0,8,True,False,True,False,False,True
97,130,8,6,1238,795.0,,5,True,True,False,False,False,True
97,130(A),2,2,325,582.0,,2,True,False,True,False,False,True
97,132,7,7,966,658.0,,0,True,True,False,False,False,False
97,133,12,12,821,474.0,,2,True,True,False,False,False,True
97,14,6,6,357,,,4,False,False,False,False,False,True
97,17,13,11,1350,,,3,False,False,False,False,False,True
97,178,4,4,159,,,4,False,False,False,False,False,True
97,179,5,5,253,483.0,,2,True,False,True,False,False,True
97,181,5,5,267,487.0,,2,True,False,True,False,False,True
97,187,5,5,296,512.0,,2,True,False,True,False,False,True
97,193,11,11,966,,,4,False,False,False,False,False,True
97,196,12,12,1043,670.0,,2,True,True,False,False,False,True
97,20,16,4,3402,,,16,False,False,False,False,False,True
97,21,4,4,482,850.0,,4,True,False,True,False,False,True
97,213,9,9,1102,,,3,False,False,False,False,False,True
97,22,13,9,1439,744.0,,11,True,True,False,False,False,True
97,23,10,10,872,628.0,,4,True,True,False,False,False,True
97,232,5,5,441,746.0,,2,True,False,True,False,False,True
97,234,5,5,491,791.0,,2,True,False,True,False,False,True
97,24,12,12,1460,581.0,,4,True,True,False,False,False,True
97,25,4,4,373,686.0,,4,True,False,True,False,False,True
97,26,28,19,2241,848.0,780.0,14,True,True,False,False,False,True
97,266,5,5,439,744.0,,2,True,False,True,False,False,True
97,27,16,15,1387,754.0,,8,True,True,False,False,False,True
97,28,4,4,266,602.0,,4,True,False,True,False,False,True
97,284,5,5,457,813.0,,2,True,False,True,False,False,True
97,286,5,5,473,796.0,,2,True,False,True,False,False,True
97,30,11,11,923,353.0,358.0,5,True,True,False,False,False,True
97,311,5,5,33,352.0,,2,True,False,True,False,False,True
97,312,6,6,308,706.0,710.0,0,True,False,True,False,False,False
97,32,28,19,4517,,,11,False,False,False,False,False,True
97,330,5,5,81,667.0,,2,True,False,True,False,False,True
97,337,5,5,294,780.0,,2,True,False,True,False,False,True
97,34,8,6,733,687.0,,6,True,True,False,False,False,True
97,38,13,13,1087,,,2,False,False,False,False,False,True
97,4,5,5,491,822.0,825.0,0,True,False,True,False,False,False
97,40,15,5,902,712.0,720.0,15,True,True,False,False,False,True
97,41,18,9,1739,819.0,,16,True,True,False,False,False,True
97,42,13,13,1797,504.0,509.0,5,True,True,False,False,False,True
97,44,9,9,723,468.0,,3,True,True,False,False,False,True
97,46,11,11,2581,,,4,False,False,False,False,False,True
97,47,5,5,178,548.0,551.0,5,True,False,True,False,False,True
97,477,5,5,28,593.0,,2,True,False,True,False,False,True
97,48,4,4,214,,,2,False,False,False,False,False,True
97,50,5,5,392,670.0,675.0,0,True,False,True,False,False,False
97,51,16,11,1676,411.0,414.0,10,True,True,False,False,False,True
97,57,5,5,300,,,5,False,False,False,False,False,True
97,64,5,5,164,515.0,521.0,5,True,False,True,False,False,True
97,65,5,5,136,,,2,False,False,False,False,False,True
97,68,5,5,238,638.0,646.0,5,True,False,True,False,False,True
97,72,13,13,1582,704.0,710.0,5,True,True,False,False,False,True
97,75,12,12,2408,,,4,False,False,False,False,False,True
97,79,9,7,637,544.0,,9,True,True,False,False,False,True
97,83,4,4,781,,,4,False,False,False,False,False,True
97,9,6,6,815,,,4,False,False,False,False,False,True
97,91,11,11,877,431.0,,4,True,True,False,False,False,True
97,91(A),4,4,429,440.0,,4,True,False,False,False,False,True
97,92,4,4,549,552.0,,4,True,False,False,False,False,True
97,93,4,4,651,668.0,,4,True,False,False,False,False,True
97,94,4,4,761,772.0,,4,True,False,False,False,False,True
97,95,4,4,758,768.0,,4,True,False,False,False,False,True
97,96,4,4,719,725.0,,4,True,False,False,False,False,True
97,97,4,4,692,707.0,,4,True,False,False,False,False,True
97,98,10,10,1221,838.0,,4,True,True,False,False,False,True
97,99,4,4,586,595.0,,4,True,False,False,False,False,True
98,1,19,9,2383,,,15,False,False,False,False,False,True
98,10,6,6,567,627.0,,5,True,False,False,False,False,True
98,105,6,6,789,737.0,739.0,0,True,True,False,False,False,False
98,106,6,6,862,802.0,812.0,0,True,True,False,False,False,False
98,109,6,6,724,664.0,670.0,0,True,True,False,False,False,False
98,1174,6,6,350,440.0,440.0,0,True,False,True,False,False,False
98,118,6,6,848,788.0,792.0,0,True,True,False,False,False,False
98,119,6,6,821,761.0,763.0,0,True,True,False,False,False,False
98,127,12,10,2301,866.0,869.0,0,True,True,False,False,False,False
98,133,5,5,497,789.0,790.0,0,True,False,True,False,False,False
98,135,6,6,792,732.0,734.0,0,True,True,False,False,False,False
98,136A,6,6,564,498.0,502.0,0,True,True,False,False,False,False
98,14,6,6,474,474.0,,5,True,False,False,False,False,True
98,152A,6,6,618,558.0,562.0,0,True,True,False,False,False,False
98,157,12,6,1624,823.0,824.0,0,True,True,False,False,False,False
98,161,6,6,848,442.0,442.0,0,True,True,False,False,False,False
98,164,13,9,2182,377.0,,10,True,True,False,False,False,True
98,165,6,6,776,776.0,,5,True,False,False,False,False,True
98,166,6,6,708,708.0,,5,True,False,False,False,False,True
98,167,6,6,1456,,,5,False,False,False,False,False,True
98,168,6,6,702,702.0,,5,True,False,False,False,False,True
98,169,6,6,1451,851.0,,5,True,True,False,False,False,True
98,170,6,6,1239,,,5,False,False,False,False,False,True
98,171,6,6,8178,,,5,False,False,False,False,False,True
98,172,6,6,953,953.0,,5,True,False,False,False,False,True
98,173,6,6,602,596.0,,5,True,False,False,False,False,True
98,173A,6,6,572,572.0,,5,True,False,False,False,False,True
98,174,12,12,1350,777.0,566.0,5,True,True,False,False,False,True
98,175,12,12,1544,911.0,634.0,5,True,True,False,False,False,True
98,177,12,12,1101,636.0,465.0,5,True,True,False,False,False,True
98,177A,6,6,490,490.0,,5,True,False,False,False,False,True
98,179,6,6,569,569.0,,5,True,False,False,False,False,True
98,180,13,13,2317,,,5,False,False,False,False,False,True
98,181,6,6,508,508.0,,5,True,False,False,False,False,True
98,183,12,12,1550,438.0,440.0,5,True,True,False,False,False,True
98,186,12,12,1349,918.0,919.0,5,True,True,False,False,False,True
98,191,6,6,368,550.0,553.0,0,True,False,True,False,False,False
98,2,6,6,735,735.0,,5,True,False,False,False,False,True
98,204,12,6,1670,579.0,583.0,0,True,True,False,False,False,False
98,212,6,6,605,563.0,567.0,0,True,True,False,False,False,False
98,24,6,6,556,535.0,,5,True,True,False,False,False,True
98,244,12,6,1822,968.0,972.0,0,True,True,False,False,False,False
98,245,6,6,513,494.0,498.0,0,True,True,False,False,False,False
98,2474,6,6,536,476.0,476.0,0,True,True,False,False,False,False
98,254,12,11,1388,805.0,814.0,0,True,True,False,False,False,False
98,257,12,11,907,565.0,566.0,0,True,True,False,False,False,False
98,26,6,6,876,857.0,,5,True,True,False,False,False,True
98,260,6,6,368,549.0,550.0,0,True,False,True,False,False,False
98,264,12,6,1743,935.0,937.0,0,True,True,False,False,False,False
98,265,6,6,1342,746.0,749.0,0,True,True,False,False,False,False
98,266,6,6,458,446.0,450.0,0,True,True,False,False,False,False
98,266A,6,6,303,492.0,498.0,0,True,False,True,False,False,False
98,269,6,6,1394,794.0,797.0,0,True,True,False,False,False,False
98,27,6,6,666,645.0,,5,True,True,False,False,False,True
98,271,11,7,1528,648.0,653.0,0,True,True,False,False,False,False
98,274,12,6,1084,545.0,550.0,0,True,True,False,False,False,False
98,28,6,6,606,596.0,,5,True,False,False,False,False,True
98,29,11,11,1404,786.0,,5,True,True,False,False,False,True
98,3,6,6,737,737.0,,5,True,False,False,False,False,True
98,30,6,6,738,713.0,,5,True,True,False,False,False,True
98,31,12,12,525,490.0,496.0,5,True,True,False,False,False,True
98,33,12,12,1315,765.0,771.0,5,True,True,False,False,False,True
98,35A,6,6,485,463.0,465.0,0,True,True,False,False,False,False
98,4,13,7,2024,597.0,,10,True,True,False,False,False,True
98,44,6,6,276,515.0,516.0,0,True,False,True,False,False,False
98,49,6,6,783,743.0,790.0,0,True,True,False,False,False,False
98,5,6,6,687,687.0,,5,True,False,False,False,False,True
98,51,6,6,921,849.0,854.0,0,True,True,False,False,False,False
98,52,6,6,493,863.0,875.0,0,True,False,True,False,False,False
98,55,6,6,781,741.0,783.0,0,True,True,False,False,False,False
98,6,6,6,516,510.0,,5,True,False,False,False,False,True
98,6A,6,6,392,513.0,,5,True,False,True,False,False,True
98,7,6,6,753,853.0,,5,True,False,False,False,False,True
98,71,11,11,1298,732.0,,5,True,True,False,False,False,True
98,72,11,11,1437,670.0,,5,True,True,False,False,False,True
98,723,6,6,558,546.0,548.0,0,True,True,False,False,False,False
98,729,6,6,787,747.0,788.0,0,True,True,False,False,False,False
98,744,6,6,468,462.0,,5,True,False,False,False,False,True
98,776,7,7,1287,,,5,False,False,False,False,False,True
98,777,6,6,1119,,,5,False,False,False,False,False,True
98,78,5,5,827,801.0,804.0,0,True,True,False,False,False,False
98,782,7,7,1212,,,5,False,False,False,False,False,True
98,784,13,13,1737,675.0,675.0,5,True,True,False,False,False,True
98,8,6,6,562,562.0,,5,True,False,False,False,False,True
98,80,10,5,1548,451.0,453.0,0,True,True,False,False,False,False
98,83,5,5,848,779.0,783.0,0,True,True,False,False,False,False
98,85,12,12,927,640.0,326.0,5,True,True,False,False,False,True
98,9,6,6,549,547.0,,5,True,False,False,False,False,True
98,93A,6,6,444,432.0,438.0,0,True,True,False,False,False,False
98,95,6,6,390,504.0,506.0,0,True,False,True,False,False,False
99,13,6,6,844,544.0,550.0,0,True,True,False,False,False,False
99,3,6,6,673,613.0,616.0,0,True,True,False,False,False,False
99,4,6,6,824,524.0,524.0,0,True,True,False,False,False,False
99,7,12,6,1639,760.0,767.0,0,True,True,False,False,False,False
100,238,10,10,2694,450.0,,0,True,True,False,False,False,False
100,257,1,1,28,,,0,False,False,False,True,False,False
101,0,16,8,1613,,,16,False,False,False,False,False,True
101,1,16,8,1880,,,16,False,False,False,False,False,True
101,141A,1,1,2,2.0,3.0,0,True,False,False,True,False,False
101,142,1,1,4,,,0,False,False,False,True,False,False
101,143,1,1,2,,,0,False,False,False,True,False,False
101,143A,1,1,0,0.0,0.0,0,True,False,False,True,False,False
101,144,1,1,1,,,0,False,False,False,True,False,False
101,144A,1,1,3,,,0,False,False,False,True,False,False
101,145,1,1,1,,,0,False,False,False,True,False,False
101,145A,1,1,2,,,0,False,False,False,True,False,False
101,146,1,1,1,,,0,False,False,False,True,False,False
101,146A,1,1,9,,,0,False,False,False,True,False,False
101,2,24,8,4035,,,24,False,False,False,False,False,True
101,204,4,4,90,549.0,,4,True,False,True,False,False,True
101,205,4,4,80,563.0,,4,True,False,True,False,False,True
101,205A,4,4,45,359.0,,4,True,False,True,False,False,True
101,206,4,4,53,713.0,,4,True,False,True,False,False,True
101,207,4,4,54,690.0,,4,True,False,True,False,False,True
101,208,4,4,45,513.0,,4,True,False,True,False,False,True
101,208A,4,4,53,458.0,,4,True,False,True,False,False,True
101,209,4,4,112,890.0,,4,True,False,True,False,False,True
101,210,4,4,55,332.0,,4,True,False,True,False,False,True
101,211,4,4,122,597.0,,4,True,False,True,False,False,True
101,212,4,4,61,664.0,,4,True,False,True,False,False,True
101,213,4,4,99,403.0,,4,True,False,True,False,False,True
101,214,4,4,133,651.0,,4,True,False,True,False,False,True
101,215,4,4,157,782.0,,4,True,False,True,False,False,True
101,216,4,4,81,826.0,,4,True,False,True,False,False,True
101,217,4,4,156,674.0,,4,True,False,True,False,False,True
101,217A,4,4,191,455.0,,4,True,False,True,False,False,True
101,242,1,1,8,,,0,False,False,False,True,False,False
101,243,1,1,3,,,0,False,False,False,True,False,False
101,244,1,1,0,,,0,False,False,False,True,False,False
101,245,1,1,7,,,0,False,False,False,True,False,False
101,246,1,1,2,,,0,False,False,False,True,False,False
101,247,1,1,7,,,0,False,False,False,True,False,False
101,247A,1,1,1,,,0,False,False,False,True,False,False
101,248,1,1,5,,,0,False,False,False,True,False,False
101,249,1,1,1,,,0,False,False,False,True,False,False
101,271,4,4,91,,,4,False,False,False,False,False,True
101,3,56,8,7504,,,56,False,False,False,False,False,True
101,4,8,8,929,,,8,False,False,False,False,False,True
101,5,16,8,2593,,,16,False,False,False,False,False,True
101,6,7,7,857,863.0,869.0,7,True,False,False,False,False,True
102,16,4,4,294,249.0,461.0,0,True,True,False,False,False,False
102,18,4,4,475,364.0,776.0,0,True,True,False,False,False,False
102,19,4,4,179,314.0,868.0,0,True,False,True,False,False,False
102,247,8,8,519,,,1,False,False,False,False,False,True
102,247A,8,8,893,,,1,False,False,False,False,False,True
102,248,8,8,687,,,1,False,False,False,False,False,True
102,249,8,8,774,,,1,False,False,False,False,False,True
102,249A,8,8,496,,,1,False,False,False,False,False,True
102,250,8,8,586,,,1,False,False,False,False,False,True
102,251,8,8,401,,,1,False,False,False,False,False,True
102,252,8,8,972,,,1,False,False,False,False,False,True
102,253,8,8,332,,,1,False,False,False,False,False,True
102,253A,8,8,656,,,1,False,False,False,False,False,True
102,28,4,4,246,354.0,808.0,0,True,False,True,False,False,False
102,469,7,7,338,842.0,846.0,0,True,False,True,False,False,False
103,0,4,2,505,610.0,,4,True,False,False,False,False,True
103,1,14,3,1303,729.0,,14,True,True,False,False,False,True
103,12,2,2,319,647.0,,2,True,False,True,False,False,True
103,153,8,8,616,507.0,,0,True,True,False,False,False,False
103,157,8,8,785,673.0,,0,True,True,False,False,False,False
103,158,8,8,628,515.0,,0,True,True,False,False,False,False
103,160,8,8,580,466.0,,0,True,True,False,False,False,False
103,162,8,8,742,627.0,,0,True,True,False,False,False,False
103,163,8,8,572,456.0,,0,True,True,False,False,False,False
103,165,8,8,608,491.0,,0,True,True,False,False,False,False
103,166,8,8,751,633.0,,0,True,True,False,False,False,False
103,167,8,8,559,440.0,,0,True,True,False,False,False,False
103,178,2,2,10,,,2,False,False,False,False,False,True
103,179,2,2,9,11.0,,2,True,False,False,False,False,True
103,180,2,2,4,7.0,,2,True,False,True,False,False,True
103,181,2,2,5,,,2,False,False,False,False,False,True
103,182,2,2,7,5.0,,2,True,True,False,False,False,True
103,183,2,2,17,,,2,False,False,False,False,False,True
103,184,2,2,2,9.0,,2,True,False,True,False,False,True
103,185,4,2,11,6.0,,4,True,True,False,False,False,True
103,190,2,2,6,7.0,,2,True,False,False,False,False,True
103,194,1,1,7,145.0,461.0,0,True,False,True,True,False,False
103,197,1,1,140,,,0,False,False,False,True,False,False
103,198,1,1,142,,,0,False,False,False,True,False,False
103,199,1,1,143,,,0,False,False,False,True,False,False
103,2,13,3,1431,838.0,,13,True,True,False,False,False,True
103,200,1,1,144,,,0,False,False,False,True,False,False
103,201,1,1,145,,,0,False,False,False,True,False,False
103,203,1,1,146,,,0,False,False,False,True,False,False
103,204,1,1,147,,,0,False,False,False,True,False,False
103,205,1,1,148,,,0,False,False,False,True,False,False
103,207,1,1,150,,,0,False,False,False,True,False,False
103,21,1,1,0,34.0,417.0,0,True,False,True,True,False,False
103,22,1,1,2,147.0,149.0,0,True,False,True,True,False,False
103,23,1,1,5,222.0,232.0,0,True,False,True,True,False,False
103,24(A),1,1,2,178.0,179.0,0,True,False,True,True,False,False
103,25,1,1,5,202.0,207.0,0,True,False,True,True,False,False
103,26,1,1,5,157.0,161.0,0,True,False,True,True,False,False
103,266,1,1,201,,,0,False,False,False,True,False,False
103,267,1,1,202,,,0,False,False,False,True,False,False
103,27,1,1,1,177.0,,0,True,False,True,True,False,False
103,270,1,1,203,,,0,False,False,False,True,False,False
103,28,1,1,1,152.0,163.0,0,True,False,True,True,False,False
103,29,1,1,2,188.0,195.0,0,True,False,True,True,False,False
103,3,8,3,564,656.0,,8,True,False,False,False,False,True
103,30,1,1,1,231.0,241.0,0,True,False,True,True,False,False
103,31,1,1,4,279.0,288.0,0,True,False,True,True,False,False
103,32,1,1,1,149.0,159.0,0,True,False,True,True,False,False
103,32(A),1,1,1,184.0,190.0,0,True,False,True,True,False,False
103,33,1,1,8,264.0,274.0,0,True,False,True,True,False,False
103,34,1,1,2,349.0,352.0,0,True,False,True,True,False,False
103,35,1,1,2,223.0,226.0,0,True,False,True,True,False,False
103,36,1,1,2,151.0,154.0,0,True,False,True,True,False,False
103,36(A),1,1,7,174.0,,0,True,False,True,True,False,False
103,37,1,1,3,131.0,,0,True,False,True,True,False,False
103,37(A),1,1,2,139.0,,0,True,False,True,True,False,False
103,38,1,1,6,314.0,,0,True,False,True,True,False,False
103,4,8,3,969,696.0,,8,True,True,False,False,False,True
103,5,8,2,1279,738.0,,8,True,True,False,False,False,True
103,6,6,3,840,765.0,,6,True,True,False,False,False,True
103,7,2,2,239,637.0,,2,True,False,True,False,False,True
103,8,2,2,461,840.0,,2,True,False,True,False,False,True
103,9,2,2,189,711.0,,2,True,False,True,False,False,True
104,1A,5,5,474,474.0,480.0,1,True,False,False,False,False,True
104,2,5,5,549,549.0,563.0,1,True,False,False,False,False,True
104,2A,5,5,469,469.0,474.0,1,True,False,False,False,False,True
104,3,5,5,429,429.0,433.0,1,True,False,False,False,False,True
104,3A,5,5,451,451.0,456.0,1,True,False,False,False,False,True
104,4,5,5,377,377.0,378.0,1,True,False,False,False,False,True
104,45,5,5,919,919.0,929.0,1,True,False,False,False,False,True
104,46,5,5,843,843.0,857.0,1,True,False,False,False,False,True
104,47,5,5,684,684.0,687.0,1,True,False,False,False,False,True
104,48,5,5,546,546.0,552.0,1,True,False,False,False,False,True
104,48A,5,5,502,502.0,511.0,1,True,False,False,False,False,True
104,49,5,5,824,824.0,827.0,1,True,False,False,False,False,True
104,4A,5,5,373,373.0,380.0,1,True,False,False,False,False,True
104,5,5,5,790,790.0,799.0,1,True,False,False,False,False,True
104,50,5,5,678,678.0,692.0,1,True,False,False,False,False,True
104,50A,5,5,567,567.0,573.0,1,True,False,False,False,False,True
104,51,5,5,469,469.0,472.0,1,True,False,False,False,False,True
104,51A,5,5,487,487.0,493.0,1,True,False,False,False,False,True
104,52,5,5,630,630.0,632.0,1,True,False,False,False,False,True
104,53,5,5,613,613.0,616.0,1,True,False,False,False,False,True
104,6,5,5,755,755.0,764.0,1,True,False,False,False,False,True
104,7,5,5,672,672.0,681.0,1,True,False,False,False,False,True
104,8,5,5,405,405.0,408.0,1,True,False,False,False,False,True
104,85,9,6,882,516.0,524.0,1,True,True,False,False,False,True
105,0,4,4,392,,,4,False,False,False,False,False,True
105,2,16,12,1167,,,8,False,False,False,False,False,True
105,3,36,30,3887,,,8,False,False,False,False,True,True
105,4,16,12,1343,,,8,False,False,False,False,False,True
105,5,15,11,1242,,,8,False,False,False,False,False,True
105,6,12,12,1374,,,4,False,False,False,False,False,True
105,7,27,23,2727,,,8,False,False,False,False,True,True
105,8,12,12,993,,,4,False,False,False,False,False,True
105,99,3,3,216,,,3,False,False,False,False,False,True
106,1(A),11,11,501,504.0,,1,True,False,False,False,False,True
106,10,11,11,701,,,1,False,False,False,False,False,True
106,11,11,11,523,,,1,False,False,False,False,False,True
106,12,11,11,470,,,1,False,False,False,False,False,True
106,12(A),11,11,602,,,1,False,False,False,False,False,True
106,13,11,11,514,,,1,False,False,False,False,False,True
106,13(A),11,11,571,,,1,False,False,False,False,False,True
106,14,11,11,477,,,1,False,False,False,False,False,True
106,15,11,11,864,,,1,False,False,False,False,False,True
106,16,11,11,532,,,1,False,False,False,False,False,True
106,16(A),11,11,588,,,1,False,False,False,False,False,True
106,17,11,11,842,,,1,False,False,False,False,False,True
106,18,11,11,451,,,1,False,False,False,False,False,True
106,19,10,10,517,,,1,False,False,False,False,False,True
106,19(A),10,10,589,,,1,False,False,False,False,False,True
106,2,11,11,453,454.0,,1,True,False,False,False,False,True
106,2(A),11,11,426,427.0,,1,True,False,False,False,False,True
106,20,21,11,237183,,,1,False,False,False,False,False,True
106,21,11,11,406,,,1,False,False,False,False,False,True
106,21(A),11,11,404,,,1,False,False,False,False,False,True
106,2314(A),11,11,480,,,1,False,False,False,False,False,True
106,242,10,10,226,473.0,,1,True,False,True,False,False,True
106,2918(A),11,11,465,,,1,False,False,False,False,False,True
106,3,11,11,435,441.0,,1,True,False,False,False,False,True
106,3(A),11,11,455,459.0,,1,True,False,False,False,False,True
106,3320(A),11,11,523,,,1,False,False,False,False,False,True
106,4,11,11,543,545.0,,1,True,False,False,False,False,True
106,4(A),10,10,567,,,1,False,False,False,False,False,True
106,5,10,10,747,752.0,,1,True,False,False,False,False,True
106,6,11,11,488,494.0,,1,True,False,False,False,False,True
106,6(A),10,10,514,,,1,False,False,False,False,False,True
106,7,11,11,552,,,1,False,False,False,False,False,True
106,7(A),11,11,565,,,1,False,False,False,False,False,True
106,8,11,11,845,,,1,False,False,False,False,False,True
106,9,11,11,732,,,1,False,False,False,False,False,True
107,0,6,3,203,,,6,False,False,False,False,False,True
107,11,3,3,263,,,3,False,False,False,False,False,True
107,127,3,3,208,,,3,False,False,False,False,False,True
107,136,3,3,256,,,3,False,False,False,False,False,True
107,154,2,2,51,,,2,False,False,False,False,False,True
107,155,2,2,30,,,2,False,False,False,False,False,True
107,156,2,2,51,,,2,False,False,False,False,False,True
107,157,3,3,225,,,3,False,False,False,False,False,True
107,162,3,3,260,,,3,False,False,False,False,False,True
107,164,3,3,213,,,3,False,False,False,False,False,True
107,169,3,3,185,,,3,False,False,False,False,False,True
107,173,2,2,40,,,2,False,False,False,False,False,True
107,174,3,3,229,,,3,False,False,False,False,False,True
107,177,2,2,16,,,2,False,False,False,False,False,True
107,178,3,3,227,,,3,False,False,False,False,False,True
107,190,3,3,172,,,3,False,False,False,False,False,True
107,192,3,3,213,,,3,False,False,False,False,False,True
107,193,2,2,35,,,2,False,False,False,False,False,True
107,194,6,3,377,,,6,False,False,False,False,False,True
107,197,3,3,194,,,3,False,False,False,False,False,True
107,198,2,2,57,,,2,False,False,False,False,False,True
107,199,2,2,43,,,2,False,False,False,False,False,True
107,2,3,3,292,,,3,False,False,False,False,False,True
107,201,5,3,287,,,5,False,False,False,False,False,True
107,212,7,3,308,,,7,False,False,False,False,False,True
107,213,9,3,678,,,9,False,False,False,False,False,True
107,215,3,3,259,,,3,False,False,False,False,False,True
107,217,6,3,531,,,6,False,False,False,False,False,True
107,218,3,3,376,,,3,False,False,False,False,False,True
107,219,3,3,261,,,3,False,False,False,False,False,True
107,220,3,3,421,,,3,False,False,False,False,False,True
107,221,3,3,276,,,3,False,False,False,False,False,True
107,221(A),3,3,289,,,3,False,False,False,False,False,True
107,222,3,3,393,,,3,False,False,False,False,False,True
107,223,3,3,373,,,3,False,False,False,False,False,True
107,224,3,3,276,,,3,False,False,False,False,False,True
107,226,6,3,565,,,6,False,False,False,False,False,True
107,228,3,3,213,,,3,False,False,False,False,False,True
107,229,3,3,215,,,3,False,False,False,False,False,True
107,233,6,3,373,,,6,False,False,False,False,False,True
107,235,3,3,208,,,3,False,False,False,False,False,True
107,236,3,3,196,,,3,False,False,False,False,False,True
107,238,3,3,268,,,3,False,False,False,False,False,True
107,239,3,3,181,,,3,False,False,False,False,False,True
107,240,3,3,189,,,3,False,False,False,False,False,True
107,242,3,3,377,,,3,False,False,False,False,False,True
107,245,2,2,26,,,2,False,False,False,False,False,True
107,250,3,3,254,,,3,False,False,False,False,False,True
107,254,6,3,427,,,6,False,False,False,False,False,True
107,263,3,3,199,,,3,False,False,False,False,False,True
107,266,3,3,210,,,3,False,False,False,False,False,True
107,268,3,3,156,,,3,False,False,False,False,False,True
107,270,3,3,280,,,3,False,False,False,False,False,True
107,273,3,3,271,,,3,False,False,False,False,False,True
107,274,3,3,158,,,3,False,False,False,False,False,True
107,275,2,2,11,,,2,False,False,False,False,False,True
107,279,3,3,140,,,3,False,False,False,False,False,True
107,283,3,3,258,,,3,False,False,False,False,False,True
107,284,3,3,299,,,3,False,False,False,False,False,True
107,288,5,3,219,,,5,False,False,False,False,False,True
107,299,6,3,482,,,6,False,False,False,False,False,True
107,3,12,3,824,,,12,False,False,False,False,False,True
107,305,3,3,235,,,3,False,False,False,False,False,True
107,313,2,2,24,,,2,False,False,False,False,False,True
107,320,2,2,21,,,2,False,False,False,False,False,True
107,321,6,3,501,,,6,False,False,False,False,False,True
107,333,2,2,15,,,2,False,False,False,False,False,True
107,341,3,3,266,,,3,False,False,False,False,False,True
107,349,3,3,236,,,3,False,False,False,False,False,True
107,353,3,2,119,,,3,False,False,False,False,False,True
107,36,2,2,19,,,2,False,False,False,False,False,True
107,369,2,2,73,,,2,False,False,False,False,False,True
107,37,2,2,20,,,2,False,False,False,False,False,True
107,371,3,3,411,,,3,False,False,False,False,False,True
107,4,9,3,545,,,9,False,False,False,False,False,True
107,400,3,3,336,,,3,False,False,False,False,False,True
107,470,3,3,298,,,3,False,False,False,False,False,True
107,478,3,3,20,,,3,False,False,False,False,False,True
107,5,3,3,294,,,3,False,False,False,False,False,True
107,55,2,2,10,,,2,False,False,False,False,False,True
107,6,6,3,373,,,6,False,False,False,False,False,True
107,61,2,2,19,,,2,False,False,False,False,False,True
107,62,4,2,20,,,4,False,False,False,False,False,True
107,7,3,3,198,,,3,False,False,False,False,False,True
107,72,2,2,21,,,2,False,False,False,False,False,True
107,78,2,2,14,,,2,False,False,False,False,False,True
107,8,3,3,239,,,3,False,False,False,False,False,True
108,121,2,2,93,174.0,,2,True,False,True,False,False,True
108,122,2,2,177,,,2,False,False,False,False,False,True
108,123,3,3,317,500.0,,3,True,False,True,False,False,True
108,124,3,3,292,258.0,,3,True,True,False,False,False,True
108,125,3,3,302,382.0,,3,True,False,True,False,False,True
108,126,3,3,364,,,3,False,False,False,False,False,True
108,127,2,2,251,,,2,False,False,False,False,False,True
108,128,3,3,544,,,3,False,False,False,False,False,True
108,129,3,3,342,,,3,False,False,False,False,False,True
108,130,2,2,175,,,2,False,False,False,False,False,True
108,131,3,3,421,,,3,False,False,False,False,False,True
108,132,3,3,342,,,3,False,False,False,False,False,True
108,133,2,2,237,,,2,False,False,False,False,False,True
108,134,3,3,278,,,3,False,False,False,False,False,True
108,135,3,3,270,,,3,False,False,False,False,False,True
108,136,3,3,270,418.0,,3,True,False,True,False,False,True
108,137,3,3,302,354.0,,3,True,False,False,False,False,True
108,138,3,3,326,345.0,,3,True,False,False,False,False,True
108,139,3,3,364,348.0,,3,True,True,False,False,False,True
108,140,3,3,229,247.0,,3,True,False,False,False,False,True
108,141,2,2,91,177.0,,2,True,False,True,False,False,True
108,142,3,3,300,201.0,,3,True,True,False,False,False,True
108,143,2,2,198,,,2,False,False,False,False,False,True
108,145,2,2,289,,,2,False,False,False,False,False,True
108,146,1,1,145,,,1,False,False,False,True,False,True
108,147,2,2,292,,,2,False,False,False,False,False,True
108,148,2,2,363,,,2,False,False,False,False,False,True
108,149,2,2,289,,,2,False,False,False,False,False,True
108,150,1,1,155,,,1,False,False,False,True,False,True
108,151,2,2,130,,,2,False,False,False,False,False,True
108,152,2,2,151,,,2,False,False,False,False,False,True
108,153,2,2,188,,,2,False,False,False,False,False,True
108,154,2,2,152,,,2,False,False,False,False,False,True
108,155,2,2,240,,,2,False,False,False,False,False,True
108,156,2,2,180,,,2,False,False,False,False,False,True
108,157,2,2,139,,,2,False,False,False,False,False,True
108,158,2,2,169,,,2,False,False,False,False,False,True
108,159,2,2,309,,,2,False,False,False,False,False,True
108,160,2,2,204,,,2,False,False,False,False,False,True
108,161,1,1,170,,,1,False,False,False,True,False,True
108,162,2,2,433,,,2,False,False,False,False,False,True
108,163,2,2,394,,,2,False,False,False,False,False,True
108,164,2,2,246,,,2,False,False,False,False,False,True
108,165,2,2,434,,,2,False,False,False,False,False,True
108,166,2,2,466,,,2,False,False,False,False,False,True
108,167,2,2,147,,,2,False,False,False,False,False,True
108,168,1,1,33,,,1,False,False,False,True,False,True
108,169,6,6,562,423.0,431.0,0,True,True,False,False,False,False
108,171,6,6,634,386.0,390.0,0,True,True,False,False,False,False
108,172,5,5,386,565.0,579.0,0,True,False,True,False,False,False
108,174,6,6,615,474.0,,0,True,True,False,False,False,False
108,176,6,6,922,780.0,790.0,0,True,True,False,False,False,False
108,177,6,6,824,681.0,688.0,0,True,True,False,False,False,False
108,178,6,6,474,330.0,336.0,0,True,True,False,False,False,False
108,180,6,6,403,258.0,262.0,0,True,True,False,False,False,False
108,181,6,6,769,623.0,635.0,0,True,True,False,False,False,False
108,182,6,6,769,622.0,634.0,0,True,True,False,False,False,False
108,183,6,6,550,402.0,412.0,0,True,True,False,False,False,False
108,184,6,6,674,525.0,538.0,0,True,True,False,False,False,False
108,185,6,6,621,471.0,481.0,0,True,True,False,False,False,False
108,187,6,6,380,229.0,232.0,0,True,True,False,False,False,False
108,189,6,6,788,636.0,656.0,0,True,True,False,False,False,False
108,190,6,6,719,566.0,574.0,0,True,True,False,False,False,False
108,191,6,6,568,414.0,425.0,0,True,True,False,False,False,False
108,193,5,5,559,415.0,422.0,0,True,True,False,False,False,False
108,74,3,3,206,,,3,False,False,False,False,False,True
108,75,2,2,58,,,2,False,False,False,False,False,True
108,76,3,3,166,,,3,False,False,False,False,False,True
108,77,4,4,303,,,4,False,False,False,False,False,True
108,78,4,4,343,,,4,False,False,False,False,False,True
108,79,4,4,247,,,4,False,False,False,False,False,True
108,80,3,3,184,,,3,False,False,False,False,False,True
108,81,4,4,364,,,4,False,False,False,False,False,True
108,82,4,4,372,,,4,False,False,False,False,False,True
108,83,4,4,336,,,4,False,False,False,False,False,True
108,84,4,4,301,,,4,False,False,False,False,False,True
108,85,4,4,284,,,4,False,False,False,False,False,True
108,86,4,4,403,,,4,False,False,False,False,False,True
108,87,4,4,419,,,4,False,False,False,False,False,True
108,88,4,4,420,,,4,False,False,False,False,False,True
108,89,4,4,350,,,4,False,False,False,False,False,True
108,90,4,4,343,,,4,False,False,False,False,False,True
108,91,4,4,442,,,4,False,False,False,False,False,True
108,92,4,4,355,,,4,False,False,False,False,False,True
108,93,4,4,356,,,4,False,False,False,False,False,True
108,94,4,4,412,,,4,False,False,False,False,False,True
108,95,4,4,499,,,4,False,False,False,False,False,True
109,131,5,5,417,652.0,660.0,0,True,False,True,False,False,False
109,132,5,5,306,595.0,598.0,0,True,False,True,False,False,False
109,132A,5,5,214,388.0,394.0,0,True,False,True,False,False,False
109,133,5,5,250,453.0,463.0,0,True,False,True,False,False,False
109,133A,5,5,145,471.0,479.0,0,True,False,True,False,False,False
109,134,5,5,568,853.0,876.0,0,True,False,True,False,False,False
109,135,5,5,461,719.0,731.0,0,True,False,True,False,False,False
109,136,5,5,532,793.0,808.0,0,True,False,True,False,False,False
109,137,5,5,428,612.0,615.0,0,True,False,True,False,False,False
109,138,5,5,266,432.0,439.0,0,True,False,True,False,False,False
109,139,5,5,396,609.0,611.0,0,True,False,True,False,False,False
109,140,5,5,305,579.0,592.0,0,True,False,True,False,False,False
109,141,5,5,311,810.0,824.0,0,True,False,True,False,False,False
109,142,5,5,312,468.0,478.0,0,True,False,True,False,False,False
109,142A,5,5,487,699.0,714.0,0,True,False,True,False,False,False
109,143,5,5,86,594.0,606.0,0,True,False,True,False,False,False
109,36,1,1,103,405.0,,0,True,False,True,True,False,False
109,36A,1,1,86,395.0,,0,True,False,True,True,False,False
109,37,1,1,107,568.0,,0,True,False,True,True,False,False
109,38,1,1,97,373.0,,0,True,False,True,True,False,False
109,38A,1,1,83,341.0,,0,True,False,True,True,False,False
109,39,1,1,72,423.0,,0,True,False,True,True,False,False
109,40,1,1,174,650.0,,0,True,False,True,True,False,False
109,41,1,1,141,568.0,,0,True,False,True,True,False,False
109,42,1,1,69,487.0,,0,True,False,True,True,False,False
109,42A,1,1,74,347.0,,0,True,False,True,True,False,False
109,43,1,1,91,331.0,,0,True,False,True,True,False,False
109,43A,1,1,163,518.0,,0,True,False,True,True,False,False
109,44,1,1,119,488.0,,0,True,False,True,True,False,False
109,44A,1,1,74,472.0,,0,True,False,True,True,False,False
109,45,1,1,102,427.0,,0,True,False,True,True,False,False
109,57A,1,1,0,349.0,,1,True,False,True,True,False,True
109,58,1,1,0,575.0,,1,True,False,True,True,False,True
109,59,1,1,1,314.0,,1,True,False,True,True,False,True
109,60,1,1,0,570.0,,1,True,False,True,True,False,True
109,61,1,1,1,662.0,,1,True,False,True,True,False,True
109,62,1,1,1,740.0,,1,True,False,True,True,False,True
109,63,1,1,3,693.0,,1,True,False,True,True,False,True
109,64,1,1,3,425.0,,1,True,False,True,True,False,True
109,65,1,1,0,496.0,,1,True,False,True,True,False,True
109,66,1,1,1,631.0,,1,True,False,True,True,False,True
109,67,1,1,1,602.0,,1,True,False,True,True,False,True
109,68,1,1,0,438.0,,1,True,False,True,True,False,True
109,68A,1,1,3,367.0,,1,True,False,True,True,False,True
109,69,1,1,1,723.0,,1,True,False,True,True,False,True
109,70,1,1,0,652.0,,1,True,False,True,True,False,True
109,71,1,1,3,645.0,,1,True,False,True,True,False,True
110,100,2,1,632,,,0,False,False,False,True,False,False
110,101,1,1,343,,,0,False,False,False,True,False,False
110,102,1,1,306,,,0,False,False,False,True,False,False
110,103,1,1,245,,,0,False,False,False,True,False,False
110,103A,1,1,241,,,0,False,False,False,True,False,False
110,104,1,1,209,,,0,False,False,False,True,False,False
110,104A,1,1,218,,,0,False,False,False,True,False,False
110,105,1,1,275,,,0,False,False,False,True,False,False
110,106,1,1,246,,,0,False,False,False,True,False,False
110,107,1,1,301,,,0,False,False,False,True,False,False
110,108,1,1,198,,,0,False,False,False,True,False,False
110,108A,1,1,210,,,0,False,False,False,True,False,False
110,109,1,1,230,,,0,False,False,False,True,False,False
110,109A,1,1,212,,,0,False,False,False,True,False,False
110,110,1,1,382,,,0,False,False,False,True,False,False
110,111,1,1,278,,,0,False,False,False,True,False,False
110,112,1,1,307,,,0,False,False,False,True,False,False
110,156,8,5,993,666.0,672.0,0,True,True,False,False,False,False
110,157,8,5,772,571.0,575.0,0,True,True,False,False,False,False
110,157A,5,5,343,454.0,456.0,0,True,False,True,False,False,False
110,158,8,5,987,493.0,494.0,0,True,True,False,False,False,False
110,158A,5,5,322,445.0,452.0,0,True,False,True,False,False,False
110,159,8,5,1076,806.0,814.0,0,True,True,False,False,False,False
110,160,8,5,859,543.0,549.0,0,True,True,False,False,False,False
110,161,9,6,915,525.0,529.0,0,True,True,False,False,False,False
110,161A,5,5,313,402.0,405.0,0,True,False,True,False,False,False
110,162,5,5,437,547.0,553.0,0,True,False,True,False,False,False
110,162A,5,5,296,420.0,426.0,0,True,False,True,False,False,False
110,163,9,6,1141,894.0,904.0,0,True,True,False,False,False,False
110,164,9,6,756,714.0,725.0,0,True,True,False,False,False,False
110,165,9,6,1093,547.0,553.0,0,True,True,False,False,False,False
110,166,9,6,970,504.0,510.0,0,True,True,False,False,False,False
110,167,9,6,1180,590.0,595.0,0,True,True,False,False,False,False
110,167A,5,5,202,333.0,338.0,0,True,False,True,False,False,False
110,168,9,6,756,464.0,469.0,0,True,True,False,False,False,False
110,168A,5,5,236,334.0,338.0,0,True,False,True,False,False,False
110,169,9,6,959,499.0,512.0,0,True,True,False,False,False,False
110,185A,1,1,172,,,0,False,False,False,True,False,False
110,187A,1,1,165,,,0,False,False,False,True,False,False
110,188A,1,1,220,,,0,False,False,False,True,False,False
110,189A,1,1,177,,,0,False,False,False,True,False,False
110,190A,1,1,151,,,0,False,False,False,True,False,False
110,192A,1,1,128,,,0,False,False,False,True,False,False
110,241,1,1,249,,,0,False,False,False,True,False,False
110,242,1,1,228,,,0,False,False,False,True,False,False
110,243,1,1,280,,,0,False,False,False,True,False,False
110,244,1,1,149,,,0,False,False,False,True,False,False
110,244A,1,1,162,,,0,False,False,False,True,False,False
110,245,1,1,148,,,0,False,False,False,True,False,False
110,245A,1,1,108,,,0,False,False,False,True,False,False
110,246,1,1,139,,,0,False,False,False,True,False,False
110,246A,1,1,177,,,0,False,False,False,True,False,False
110,247,1,1,198,,,0,False,False,False,True,False,False
110,248,1,1,145,,,0,False,False,False,True,False,False
110,248A,1,1,149,,,0,False,False,False,True,False,False
110,249,1,1,186,,,0,False,False,False,True,False,False
110,250,1,1,218,,,0,False,False,False,True,False,False
110,251,1,1,240,,,0,False,False,False,True,False,False
110,252,1,1,154,,,0,False,False,False,True,False,False
110,252A,1,1,73,,,0,False,False,False,True,False,False
110,253,1,1,181,,,0,False,False,False,True,False,False
110,253A,1,1,174,,,0,False,False,False,True,False,False
110,254,1,1,126,,,0,False,False,False,True,False,False
110,81,1,1,62,,,0,False,False,False,True,False,False
110,97,2,1,601,,,0,False,False,False,True,False,False
110,98,2,1,641,,,0,False,False,False,True,False,False
110,99,2,1,552,,,0,False,False,False,True,False,False
113,201,6,6,768,607.0,624.0,0,True,True,False,False,False,False
113,203,6,6,889,730.0,740.0,0,True,True,False,False,False,False
113,204,6,6,634,473.0,478.0,0,True,True,False,False,False,False
113,206,6,6,764,599.0,604.0,0,True,True,False,False,False,False
113,207,6,6,997,836.0,848.0,0,True,True,False,False,False,False
113,208,5,5,820,655.0,662.0,0,True,True,False,False,False,False
113,209,6,6,767,599.0,604.0,0,True,True,False,False,False,False
113,210,6,6,730,560.0,563.0,0,True,True,False,False,False,False
113,211,6,6,790,621.0,626.0,0,True,True,False,False,False,False
113,212,6,6,898,729.0,733.0,0,True,True,False,False,False,False
113,213,6,6,718,546.0,551.0,0,True,True,False,False,False,False
113,214,6,6,979,810.0,814.0,0,True,True,False,False,False,False
113,215,6,6,693,519.0,524.0,0,True,True,False,False,False,False
113,216,6,6,820,646.0,654.0,0,True,True,False,False,False,False
113,217,6,6,666,491.0,498.0,0,True,True,False,False,False,False
113,219,6,6,971,794.0,805.0,0,True,True,False,False,False,False
113,220,6,6,854,674.0,684.0,0,True,True,False,False,False,False
113,221,6,6,635,456.0,463.0,0,True,True,False,False,False,False
113,223,6,6,724,542.0,554.0,0,True,True,False,False,False,False
113,224,6,6,679,496.0,511.0,0,True,True,False,False,False,False
113,251,6,6,744,543.0,548.0,0,True,True,False,False,False,False
113,252,6,6,701,492.0,503.0,0,True,True,False,False,False,False
113,253,6,6,872,664.0,670.0,0,True,True,False,False,False,False
113,254,6,6,454,243.0,249.0,0,True,True,False,False,False,False
113,255,6,6,713,501.0,514.0,0,True,True,False,False,False,False
113,256,6,6,866,661.0,673.0,0,True,True,False,False,False,False
113,257,6,6,1007,796.0,812.0,0,True,True,False,False,False,False
113,258,6,6,670,455.0,469.0,0,True,True,False,False,False,False
113,260,6,6,732,517.0,522.0,0,True,True,False,False,False,False
113,261,6,6,739,521.0,538.0,0,True,True,False,False,False,False
113,262,6,6,474,257.0,264.0,0,True,True,False,False,False,False
113,263,6,6,656,436.0,446.0,0,True,True,False,False,False,False
113,264,6,6,829,610.0,616.0,0,True,True,False,False,False,False
113,265,6,6,795,573.0,581.0,0,True,True,False,False,False,False
113,266,6,6,863,640.0,654.0,0,True,True,False,False,False,False
113,267,6,6,682,458.0,473.0,0,True,True,False,False,False,False
113,268,6,6,726,502.0,519.0,0,True,True,False,False,False,False
113,269,6,6,893,669.0,681.0,0,True,True,False,False,False,False
113,270,6,6,627,401.0,406.0,0,True,True,False,False,False,False
113,271,6,6,995,768.0,779.0,0,True,True,False,False,False,False
113,272,6,6,690,462.0,468.0,0,True,True,False,False,False,False
113,273,6,6,650,424.0,430.0,0,True,True,False,False,False,False
113,274,6,6,899,671.0,680.0,0,True,True,False,False,False,False
113,278,6,6,807,572.0,579.0,0,True,True,False,False,False,False
113,281,6,6,771,536.0,548.0,0,True,True,False,False,False,False
113,283,6,6,643,405.0,411.0,0,True,True,False,False,False,False
113,285,6,6,940,703.0,708.0,0,True,True,False,False,False,False
113,286,6,6,632,394.0,401.0,0,True,True,False,False,False,False
113,288,6,6,571,331.0,336.0,0,True,True,False,False,False,False
113,289,6,6,842,602.0,613.0,0,True,True,False,False,False,False
113,290,6,6,659,419.0,425.0,0,True,True,False,False,False,False
113,291,6,6,892,649.0,658.0,0,True,True,False,False,False,False
113,292,6,6,554,308.0,314.0,0,True,True,False,False,False,False
113,293,6,6,736,490.0,499.0,0,True,True,False,False,False,False
113,294,6,6,688,441.0,448.0,0,True,True,False,False,False,False
113,295,6,6,862,614.0,620.0,0,True,True,False,False,False,False
113,296,6,6,944,698.0,703.0,0,True,True,False,False,False,False
113,297,6,6,717,467.0,477.0,0,True,True,False,False,False,False
113,298,6,6,924,674.0,687.0,0,True,True,False,False,False,False
113,76,2,2,112,408.0,,2,True,False,True,False,False,True
113,77,2,2,174,700.0,,2,True,False,True,False,False,True
113,78,2,2,243,813.0,,2,True,False,True,False,False,True
113,79,2,2,392,,,2,False,False,False,False,False,True
113,80,2,2,150,703.0,,2,True,False,True,False,False,True
113,81,2,2,115,396.0,,2,True,False,True,False,False,True
113,82,1,1,74,411.0,,1,True,False,True,True,False,True
113,83,2,2,139,644.0,,2,True,False,True,False,False,True
113,84,2,2,141,596.0,,2,True,False,True,False,False,True
113,85,2,2,126,422.0,,2,True,False,True,False,False,True
113,86,2,2,104,373.0,,2,True,False,True,False,False,True
113,87,1,1,59,,,1,False,False,False,True,False,True
113,88,2,2,138,578.0,,2,True,False,True,False,False,True
113,89,2,2,159,630.0,,2,True,False,True,False,False,True
113,90,2,2,138,479.0,,2,True,False,True,False,False,True
113,91,1,1,48,455.0,,1,True,False,True,True,False,True
113,92,2,2,111,349.0,,2,True,False,True,False,False,True
113,93,1,1,38,343.0,,1,True,False,True,True,False,True
113,94,2,2,157,754.0,,2,True,False,True,False,False,True
113,95,2,2,178,590.0,,2,True,False,True,False,False,True
113,96,2,2,136,369.0,,2,True,False,True,False,False,True
113,97,1,1,62,375.0,,1,True,False,True,True,False,True
113,98,2,2,120,311.0,,2,True,False,True,False,False,True
113,99,2,2,109,492.0,,2,True,False,True,False,False,True
114,100,6,2,1349,,,6,False,False,False,False,False,True
114,101,2,2,349,,,2,False,False,False,False,False,True
114,104,4,2,976,,,4,False,False,False,False,False,True
114,105,3,1,870,,,3,False,False,False,True,False,True
114,108,3,2,687,,,3,False,False,False,False,False,True
114,11,2,2,465,,,2,False,False,False,False,False,True
114,111,2,2,690,,,2,False,False,False,False,False,True
114,112,2,1,327,,,2,False,False,False,True,False,True
114,113,1,1,105,,,1,False,False,False,True,False,True
114,114,2,1,437,,,2,False,False,False,True,False,True
114,117,2,2,615,,,2,False,False,False,False,False,True
114,119,1,1,111,,,1,False,False,False,True,False,True
114,12,2,2,320,,,2,False,False,False,False,False,True
114,121,2,2,423,,,2,False,False,False,False,False,True
114,122,1,1,142,,,1,False,False,False,True,False,True
114,125,1,1,193,,,1,False,False,False,True,False,True
114,126,6,2,947,,,6,False,False,False,False,False,True
114,126(A),1,1,53,,,1,False,False,False,True,False,True
114,127,2,1,281,,,2,False,False,False,True,False,True
114,127(A),1,1,60,,,1,False,False,False,True,False,True
114,128,1,1,52,,,1,False,False,False,True,False,True
114,128(A),1,1,47,,,1,False,False,False,True,False,True
114,129,3,2,596,,,3,False,False,False,False,False,True
114,130,3,2,595,,,3,False,False,False,False,False,True
114,130(A),1,1,36,,,1,False,False,False,True,False,True
114,131,2,1,279,,,2,False,False,False,True,False,True
114,131(A),1,1,57,,,1,False,False,False,True,False,True
114,132,2,1,201,,,2,False,False,False,True,False,True
114,132(A),1,1,88,,,1,False,False,False,True,False,True
114,133,1,1,97,,,1,False,False,False,True,False,True
114,134,2,1,324,,,2,False,False,False,True,False,True
114,135,1,1,175,,,1,False,False,False,True,False,True
114,136,1,1,146,,,1,False,False,False,True,False,True
114,137,1,1,157,,,1,False,False,False,True,False,True
114,138,3,2,631,,,3,False,False,False,False,False,True
114,138(A),1,1,16,,,1,False,False,False,True,False,True
114,139,1,1,112,,,1,False,False,False,True,False,True
114,14,1,1,179,,,1,False,False,False,True,False,True
114,140,3,2,707,,,3,False,False,False,False,False,True
114,141,1,1,136,,,1,False,False,False,True,False,True
114,142,1,1,105,,,1,False,False,False,True,False,True
114,145,5,2,1403,,,5,False,False,False,False,False,True
114,148,1,1,199,,,1,False,False,False,True,False,True
114,160,2,1,495,,,2,False,False,False,True,False,True
114,167,1,1,238,,,1,False,False,False,True,False,True
114,182,2,2,556,,,2,False,False,False,False,False,True
114,19,2,2,453,,,2,False,False,False,False,False,True
114,209,1,1,150,,,1,False,False,False,True,False,True
114,22,2,2,483,,,2,False,False,False,False,False,True
114,226,1,1,143,222.0,,1,True,False,True,True,False,True
114,227,1,1,88,161.0,,1,True,False,True,True,False,True
114,228,1,1,104,159.0,,1,True,False,True,True,False,True
114,229,1,1,154,201.0,,1,True,False,True,True,False,True
114,23,2,2,694,,,2,False,False,False,False,False,True
114,230,1,1,127,210.0,,1,True,False,True,True,False,True
114,231,1,1,65,127.0,,1,True,False,True,True,False,True
114,232,1,1,126,235.0,,1,True,False,True,True,False,True
114,233,1,1,95,247.0,,1,True,False,True,True,False,True
114,234,1,1,135,286.0,,1,True,False,True,True,False,True
114,235,1,1,42,206.0,,1,True,False,True,True,False,True
114,235(A),1,1,50,127.0,,1,True,False,True,True,False,True
114,236,1,1,72,102.0,,1,True,False,True,True,False,True
114,236(A),1,1,81,140.0,,1,True,False,True,True,False,True
114,237,1,1,100,255.0,,1,True,False,True,True,False,True
114,238,1,1,67,152.0,,1,True,False,True,True,False,True
114,239,1,1,106,190.0,,1,True,False,True,True,False,True
114,240,1,1,142,250.0,,1,True,False,True,True,False,True
114,241,1,1,169,282.0,,1,True,False,True,True,False,True
114,242,1,1,106,106.0,,1,True,False,False,True,False,True
114,242(A),1,1,109,,,1,False,False,False,True,False,True
114,243,1,1,166,251.0,,1,True,False,True,True,False,True
114,244,1,1,115,139.0,,1,True,False,False,True,False,True
114,244(A),1,1,87,127.0,,1,True,False,True,True,False,True
114,31,2,2,316,,,2,False,False,False,False,False,True
114,33,3,2,490,,,3,False,False,False,False,False,True
114,34,1,1,125,,,1,False,False,False,True,False,True
114,37,3,2,493,,,3,False,False,False,False,False,True
114,38,2,2,571,,,2,False,False,False,False,False,True
114,39,1,1,131,,,1,False,False,False,True,False,True
114,42,1,1,183,,,1,False,False,False,True,False,True
114,44,3,2,425,,,3,False,False,False,False,False,True
114,45,2,2,627,,,2,False,False,False,False,False,True
114,46,2,2,464,,,2,False,False,False,False,False,True
114,47,2,2,365,,,2,False,False,False,False,False,True
114,48,2,2,311,,,2,False,False,False,False,False,True
114,49,2,1,267,,,2,False,False,False,True,False,True
114,5,1,1,55,225.0,,1,True,False,True,True,False,True
114,50,2,2,580,,,2,False,False,False,False,False,True
114,51,2,1,442,,,2,False,False,False,True,False,True
114,52,3,2,486,,,3,False,False,False,False,False,True
114,53,3,1,510,,,3,False,False,False,True,False,True
114,55,3,2,372,,,3,False,False,False,False,False,True
114,56,2,1,300,,,2,False,False,False,True,False,True
114,57,1,1,147,,,1,False,False,False,True,False,True
114,58,3,2,681,,,3,False,False,False,False,False,True
114,59,5,2,1116,,,5,False,False,False,False,False,True
114,61,3,2,587,,,3,False,False,False,False,False,True
114,62,4,2,764,,,4,False,False,False,False,False,True
114,63,2,2,605,,,2,False,False,False,False,False,True
114,66,3,2,458,,,3,False,False,False,False,False,True
114,67,2,1,403,,,2,False,False,False,True,False,True
114,68,3,2,658,,,3,False,False,False,False,False,True
114,69,4,2,817,,,4,False,False,False,False,False,True
114,70,6,2,1219,,,6,False,False,False,False,False,True
114,71,1,1,177,,,1,False,False,False,True,False,True
114,72,4,2,989,,,4,False,False,False,False,False,True
114,73,4,2,560,,,4,False,False,False,False,False,True
114,74,3,2,555,,,3,False,False,False,False,False,True
114,75,4,2,750,,,4,False,False,False,False,False,True
114,76,2,1,259,,,2,False,False,False,True,False,True
114,77,2,1,251,,,2,False,False,False,True,False,True
114,78,6,2,909,,,6,False,False,False,False,False,True
114,79,1,1,71,,,1,False,False,False,True,False,True
114,8,1,1,139,,,1,False,False,False,True,False,True
114,80,5,2,1047,,,5,False,False,False,False,False,True
114,82,1,1,153,,,1,False,False,False,True,False,True
114,83,3,2,551,,,3,False,False,False,False,False,True
114,84,2,2,380,,,2,False,False,False,False,False,True
114,85,2,2,621,,,2,False,False,False,False,False,True
114,86,2,1,295,,,2,False,False,False,True,False,True
114,87,1,1,115,,,1,False,False,False,True,False,True
114,88,2,1,453,,,2,False,False,False,True,False,True
114,89,2,2,421,,,2,False,False,False,False,False,True
114,9,2,2,291,,,2,False,False,False,False,False,True
114,90,5,2,896,,,5,False,False,False,False,False,True
114,91,1,1,147,,,1,False,False,False,True,False,True
114,92,1,1,190,,,1,False,False,False,True,False,True
114,94,1,1,199,,,1,False,False,False,True,False,True
114,95,2,2,502,,,2,False,False,False,False,False,True
114,96,3,2,574,,,3,False,False,False,False,False,True
114,97,2,2,678,,,2,False,False,False,False,False,True
114,98,3,2,727,,,3,False,False,False,False,False,True
114,99,4,2,725,,,4,False,False,False,False,False,True
115,201,2,2,49,414.0,822.0,0,True,False,True,False,False,False
115,203,2,2,64,157.0,543.0,0,True,False,True,False,False,False
115,203A,2,2,63,323.0,526.0,0,True,False,True,False,False,False
115,204,2,2,16,259.0,615.0,0,True,False,True,False,False,False
115,205,2,2,68,403.0,623.0,0,True,False,True,False,False,False
115,205A,2,2,64,324.0,620.0,0,True,False,True,False,False,False
115,206,2,2,75,198.0,805.0,0,True,False,True,False,False,False
115,207,2,2,62,146.0,715.0,0,True,False,True,False,False,False
115,208,2,2,158,391.0,561.0,0,True,False,True,False,False,False
115,208A,2,2,180,353.0,539.0,0,True,False,True,False,False,False
115,209,2,2,16,321.0,556.0,0,True,False,True,False,False,False
115,210,2,2,169,495.0,802.0,0,True,False,True,False,False,False
115,211,2,2,87,325.0,455.0,0,True,False,True,False,False,False
115,211A,2,2,144,309.0,504.0,0,True,False,True,False,False,False
115,212,2,2,67,252.0,578.0,0,True,False,True,False,False,False
115,212A,2,2,93,199.0,470.0,0,True,False,True,False,False,False
115,213,2,2,123,361.0,559.0,0,True,False,True,False,False,False
115,213A,2,2,91,259.0,560.0,0,True,False,True,False,False,False
115,214,2,2,127,265.0,450.0,0,True,False,True,False,False,False
115,22,1,1,9,487.0,488.0,0,True,False,True,True,False,False
115,230A,5,5,493,471.0,471.0,0,True,True,False,False,False,False
115,231A,5,5,353,806.0,809.0,0,True,False,True,False,False,False
115,233A,5,5,561,471.0,472.0,0,True,True,False,False,False,False
115,237,5,5,279,551.0,601.0,0,True,False,True,False,False,False
115,237A,5,5,304,596.0,955.0,0,True,False,True,False,False,False
115,239,5,5,261,490.0,538.0,0,True,False,True,False,False,False
115,239A,5,5,241,534.0,947.0,0,True,False,True,False,False,False
115,24,1,1,763,,,0,False,False,False,True,False,False
115,241,5,5,229,476.0,480.0,0,True,False,True,False,False,False
115,242,4,4,188,518.0,523.0,0,True,False,True,False,False,False
115,242A,4,4,360,815.0,830.0,0,True,False,True,False,False,False
115,243,4,4,293,642.0,651.0,0,True,False,True,False,False,False
115,244,4,4,287,658.0,666.0,0,True,False,True,False,False,False
115,245,4,4,249,504.0,507.0,0,True,False,True,False,False,False
115,246,4,4,271,541.0,543.0,0,True,False,True,False,False,False
115,246A,4,4,292,900.0,902.0,0,True,False,True,False,False,False
115,249,4,4,328,542.0,546.0,0,True,False,True,False,False,False
115,250,4,4,312,646.0,656.0,0,True,False,True,False,False,False
115,250A,4,4,356,702.0,710.0,0,True,False,True,False,False,False
115,251,4,4,324,684.0,687.0,0,True,False,True,False,False,False
115,252,4,4,275,859.0,874.0,0,True,False,True,False,False,False
115,253,4,4,370,657.0,662.0,0,True,False,True,False,False,False
115,254,4,4,264,518.0,519.0,0,True,False,True,False,False,False
115,255,4,4,191,446.0,447.0,0,True,False,True,False,False,False
115,255A,4,4,323,683.0,697.0,0,True,False,True,False,False,False
115,257,1,1,425,,,0,False,False,False,True,False,False
115,258,1,1,330,,,0,False,False,False,True,False,False
115,259,1,1,215,,,0,False,False,False,True,False,False
115,260,1,1,337,,,0,False,False,False,True,False,False
115,261,1,1,535,,,0,False,False,False,True,False,False
115,262,1,1,247,,,0,False,False,False,True,False,False
115,263,1,1,234,,,0,False,False,False,True,False,False
115,264,1,1,176,,,0,False,False,False,True,False,False
115,265,1,1,202,,,0,False,False,False,True,False,False
115,266,1,1,252,,,0,False,False,False,True,False,False
115,267,1,1,248,,,0,False,False,False,True,False,False
115,268,1,1,306,,,0,False,False,False,True,False,False
115,269,1,1,345,,,0,False,False,False,True,False,False
115,27,1,1,676,,,0,False,False,False,True,False,False
115,270,1,1,189,,,0,False,False,False,True,False,False
115,270A,1,1,194,,,0,False,False,False,True,False,False
115,271,1,1,115,,,0,False,False,False,True,False,False
115,272,1,1,132,,,0,False,False,False,True,False,False
115,273,1,1,115,,,0,False,False,False,True,False,False
115,274,1,1,244,,,0,False,False,False,True,False,False
115,275,1,1,258,,,0,False,False,False,True,False,False
115,30,1,1,0,0.0,0.0,0,True,False,False,True,False,False
115,35,1,1,897,,,0,False,False,False,True,False,False
115,38,1,1,712,,,0,False,False,False,True,False,False
117,6A,1,1,188,,,0,False,False,False,True,False,False
119,117,6,6,573,679.0,,6,True,False,False,False,False,True
119,118,6,6,435,549.0,,6,True,False,True,False,False,True
119,119,6,6,320,438.0,,6,True,False,True,False,False,True
119,120,6,6,530,554.0,,6,True,False,False,False,False,True
119,120(A),6,6,488,528.0,,6,True,False,False,False,False,True
119,121,6,6,481,522.0,,6,True,False,False,False,False,True
119,121(A),6,6,491,532.0,,6,True,False,False,False,False,True
119,122,6,6,557,673.0,,6,True,False,False,False,False,True
119,123,6,6,606,668.0,,6,True,False,False,False,False,True
119,124,6,6,401,455.0,,6,True,False,False,False,False,True
119,124(A),6,6,409,457.0,,6,True,False,False,False,False,True
119,125,6,6,716,791.0,,6,True,False,False,False,False,True
119,126,6,6,584,728.0,,6,True,False,False,False,False,True
119,127,6,6,650,721.0,,6,True,False,False,False,False,True
119,128,6,6,432,499.0,,6,True,False,False,False,False,True
119,128(A),6,6,476,547.0,,6,True,False,False,False,False,True
119,129,6,6,371,451.0,,6,True,False,False,False,False,True
119,129(A),6,6,336,416.0,,6,True,False,False,False,False,True
119,130,6,6,410,490.0,,6,True,False,False,False,False,True
119,130(A),6,6,407,492.0,,6,True,False,False,False,False,True
119,131,6,6,426,502.0,,6,True,False,False,False,False,True
119,131(A),6,6,435,488.0,,6,True,False,False,False,False,True
119,133,5,5,418,,,5,False,False,False,False,False,True
119,133(A),6,6,359,570.0,,6,True,False,True,False,False,True
119,134,6,6,501,801.0,,6,True,False,True,False,False,True
119,135,4,4,729,,,4,False,False,False,False,False,True
119,136,5,5,614,,,5,False,False,False,False,False,True
119,137,6,6,479,464.0,,6,True,True,False,False,False,True
119,169,6,6,793,,,6,False,False,False,False,False,True
