ac_no,district,ac_name,candidate,candidate_votes_total,booth_count,is_placeholder_candidate,party,allowed_parties,is_non_candidate_header,needs_review,notes,prefill_source,prefill_score
1,Cooch Behar,,ADHIKARY,6948,23,False,TMC,TMC|BJP|INC|CPM|ISF|OTHER,False,True,,,
1,Cooch Behar,,Serial No,4386,21,False,,TMC|BJP|INC|CPM|ISF|OTHER,True,True,,,
1,Cooch Behar,,candidate_col_1,2959,12,True,,TMC|BJP|INC|CPM|ISF|OTHER,False,True,,,
1,Cooch Behar,,candidate_col_2,217,11,True,,TMC|BJP|INC|CPM|ISF|OTHER,False,True,,,
1,Cooch Behar,,candidate_col_3,0,1,True,,TMC|BJP|INC|CPM|ISF|OTHER,False,True,,,
2,Cooch Behar,Mathabhanga (SC),Girindra Nath,24645,90,False,TMC,TMC|BJP|INC|CPM|ISF|OTHER,False,False,,,
2,Cooch Behar,Mathabhanga (SC),Sushil Barman,24408,90,False,BJP,TMC|BJP|INC|CPM|ISF|OTHER,False,False,,,
2,Cooch Behar,Mathabhanga (SC),Girindra Nath Barman,22815,68,False,TMC,TMC|BJP|INC|CPM|ISF|OTHER,False,False,,,
2,Cooch Behar,Mathabhanga (SC),Haradhan BBarman,12671,20,False,OTHER,TMC|BJP|INC|CPM|ISF|OTHER,False,False,,eci_candidate:Ratan Barman,0.786
2,Cooch Behar,Mathabhanga (SC),Ashok Barman,12228,156,False,CPM,TMC|BJP|INC|CPM|ISF|OTHER,False,False,,,
2,Cooch Behar,Mathabhanga (SC),Sushil Raj Barman,10033,47,False,BJP,TMC|BJP|INC|CPM|ISF|OTHER,False,False,,,
2,Cooch Behar,Mathabhanga (SC),Sushil,7135,20,False,BJP,TMC|BJP|INC|CPM|ISF|OTHER,False,False,,,
2,Cooch Behar,Mathabhanga (SC),Ashok Nath,5681,20,False,OTHER,TMC|BJP|INC|CPM|ISF|OTHER,False,True,,,
2,Cooch Behar,Mathabhanga (SC),candidate_col_3,5363,19,True,,TMC|BJP|INC|CPM|ISF|OTHER,False,True,,,
2,Cooch Behar,Mathabhanga (SC),candidate_col_2,5350,19,True,,TMC|BJP|INC|CPM|ISF|OTHER,False,True,,,
2,Cooch Behar,Mathabhanga (SC),Girindra,5172,20,False,TMC,TMC|BJP|INC|CPM|ISF|OTHER,False,False,,,
2,Cooch Behar,Mathabhanga (SC),Girindra Barman,5117,20,False,TMC,TMC|BJP|INC|CPM|ISF|OTHER,False,False,,,
2,Cooch Behar,Mathabhanga (SC),Sushil Roy,564,1,False,OTHER,TMC|BJP|INC|CPM|ISF|OTHER,False,True,,,
2,Cooch Behar,Mathabhanga (SC),Animesh Roy,377,127,False,OTHER,TMC|BJP|INC|CPM|ISF|OTHER,False,True,,,
2,Cooch Behar,Mathabhanga (SC),Haradhan Barman,338,40,False,OTHER,TMC|BJP|INC|CPM|ISF|OTHER,False,False,,eci_candidate:Ratan Barman,0.815
2,Cooch Behar,Mathabhanga (SC),Ashok,331,20,False,CPM,TMC|BJP|INC|CPM|ISF|OTHER,False,False,,,
2,Cooch Behar,Mathabhanga (SC),Kangsa Barman,265,84,False,OTHER,TMC|BJP|INC|CPM|ISF|OTHER,False,False,,,
2,Cooch Behar,Mathabhanga (SC),Bikash Barman,257,106,False,OTHER,TMC|BJP|INC|CPM|ISF|OTHER,False,False,,,
2,Cooch Behar,Mathabhanga (SC),Ratan Mohanta,229,89,False,OTHER,TMC|BJP|INC|CPM|ISF|OTHER,False,True,,,
2,Cooch Behar,Mathabhanga (SC),Kangsa Raj,219,70,False,OTHER,TMC|BJP|INC|CPM|ISF|OTHER,False,False,,,
2,Cooch Behar,Mathabhanga (SC),Animesh,151,46,False,OTHER,TMC|BJP|INC|CPM|ISF|OTHER,False,False,,,
2,Cooch Behar,Mathabhanga (SC),Bikash Mohanta,125,62,False,OTHER,TMC|BJP|INC|CPM|ISF|OTHER,False,False,,eci_candidate:Animesh Mohanta,0.759
2,Cooch Behar,Mathabhanga (SC),Ratan Roy,110,31,False,OTHER,TMC|BJP|INC|CPM|ISF|OTHER,False,False,,eci_candidate:Haradhan Roy,0.762
2,Cooch Behar,Mathabhanga (SC),candidate_col_7,106,33,True,,TMC|BJP|INC|CPM|ISF|OTHER,False,True,,,
2,Cooch Behar,Mathabhanga (SC),Haradhan Roy,98,20,False,OTHER,TMC|BJP|INC|CPM|ISF|OTHER,False,False,,,
2,Cooch Behar,Mathabhanga (SC),Animesh Mohanta,84,20,False,OTHER,TMC|BJP|INC|CPM|ISF|OTHER,False,False,,,
2,Cooch Behar,Mathabhanga (SC),Ratan Barman,81,59,False,OTHER,TMC|BJP|INC|CPM|ISF|OTHER,False,False,,,
2,Cooch Behar,Mathabhanga (SC),Sushil Raj,70,20,False,BJP,TMC|BJP|INC|CPM|ISF|OTHER,False,False,,eci_candidate:Sushil Barman,0.783
2,Cooch Behar,Mathabhanga (SC),Kangsa,54,20,False,OTHER,TMC|BJP|INC|CPM|ISF|OTHER,False,False,,,
2,Cooch Behar,Mathabhanga (SC),Haradhan,53,21,False,OTHER,TMC|BJP|INC|CPM|ISF|OTHER,False,False,,,
2,Cooch Behar,Mathabhanga (SC),candidate_col_6,24,19,True,,TMC|BJP|INC|CPM|ISF|OTHER,False,True,,,
2,Cooch Behar,Mathabhanga (SC),Bikash,18,19,False,OTHER,TMC|BJP|INC|CPM|ISF|OTHER,False,False,,,
2,Cooch Behar,Mathabhanga (SC),Ratan,17,19,False,OTHER,TMC|BJP|INC|CPM|ISF|OTHER,False,False,,,
2,Cooch Behar,Mathabhanga (SC),Animesh Barman,3,2,False,CPM,TMC|BJP|INC|CPM|ISF|OTHER,False,False,,eci_candidate:Ashok Barman,0.769
2,Cooch Behar,Mathabhanga (SC),Kangsa Raj Barman,3,2,False,OTHER,TMC|BJP|INC|CPM|ISF|OTHER,False,False,,,
3,Cooch Behar,,SAMARESH,7455,20,False,OTHER,TMC|BJP|INC|CPM|ISF|OTHER,False,False,,,
3,Cooch Behar,,Column 5,6660,18,False,OTHER,TMC|BJP|INC|CPM|ISF|OTHER,False,True,,,
3,Cooch Behar,,2,5147,16,False,OTHER,TMC|BJP|INC|CPM|ISF|OTHER,False,True,,,
3,Cooch Behar,,Column 4,4889,18,False,OTHER,TMC|BJP|INC|CPM|ISF|OTHER,False,True,,,
3,Cooch Behar,,candidate_col_1,4673,17,True,,TMC|BJP|INC|CPM|ISF|OTHER,False,True,,,
3,Cooch Behar,,BINAY,4556,17,False,TMC,TMC|BJP|INC|CPM|ISF|OTHER,False,False,,,
3,Cooch Behar,,3,4288,16,False,OTHER,TMC|BJP|INC|CPM|ISF|OTHER,False,True,,,
3,Cooch Behar,,GOPAL,4195,20,False,OTHER,TMC|BJP|INC|CPM|ISF|OTHER,False,False,,,
3,Cooch Behar,,candidate_col_2,3971,17,True,,TMC|BJP|INC|CPM|ISF|OTHER,False,True,,,
3,Cooch Behar,,Rejected,1480,6,False,,TMC|BJP|INC|CPM|ISF|OTHER,True,True,,,
3,Cooch Behar,,ANIL,747,20,False,OTHER,TMC|BJP|INC|CPM|ISF|OTHER,False,False,,,
3,Cooch Behar,,Votes,342,6,False,OTHER,TMC|BJP|INC|CPM|ISF|OTHER,False,True,,,
3,Cooch Behar,,1,249,17,False,OTHER,TMC|BJP|INC|CPM|ISF|OTHER,False,True,,,
3,Cooch Behar,,NARESH,104,20,False,OTHER,TMC|BJP|INC|CPM|ISF|OTHER,False,False,,,
3,Cooch Behar,,4,51,17,False,OTHER,TMC|BJP|INC|CPM|ISF|OTHER,False,True,,,
4,Cooch Behar,,candidate_col_1,20134,88,True,,TMC|BJP|INC|CPM|ISF|OTHER,False,True,,,
4,Cooch Behar,,Khokan Dey,14111,48,False,OTHER,TMC|BJP|INC|CPM|ISF|OTHER,False,True,,,
4,Cooch Behar,,candidate_col_4,12976,94,True,,TMC|BJP|INC|CPM|ISF|OTHER,False,True,,,
4,Cooch Behar,,Avijit Bhowmik,12767,94,False,TMC,TMC|BJP|INC|CPM|ISF|OTHER,False,False,,,
4,Cooch Behar,,candidate_col_2,9477,96,True,,TMC|BJP|INC|CPM|ISF|OTHER,False,True,,,
4,Cooch Behar,,candidate_col_3,9324,84,True,,TMC|BJP|INC|CPM|ISF|OTHER,False,True,,,
4,Cooch Behar,,Nikhil Ranjan Khandakar,6906,46,False,BJP,TMC|BJP|INC|CPM|ISF|OTHER,False,False,,,
4,Cooch Behar,,Akshay Thakur,4097,94,False,OTHER,TMC|BJP|INC|CPM|ISF|OTHER,False,False,,,
4,Cooch Behar,,candidate_col_11,1186,27,True,,TMC|BJP|INC|CPM|ISF|OTHER,False,True,,,
4,Cooch Behar,,candidate_col_8,1086,44,True,,TMC|BJP|INC|CPM|ISF|OTHER,False,True,,,
4,Cooch Behar,,candidate_col_9,751,24,True,,TMC|BJP|INC|CPM|ISF|OTHER,False,True,,,
4,Cooch Behar,,Bidhan,600,22,False,OTHER,TMC|BJP|INC|CPM|ISF|OTHER,False,False,,,
4,Cooch Behar,,Khokan Majumdar,412,56,False,OTHER,TMC|BJP|INC|CPM|ISF|OTHER,False,False,,,
4,Cooch Behar,,candidate_col_10,183,45,True,,TMC|BJP|INC|CPM|ISF|OTHER,False,True,,,
4,Cooch Behar,,Nikhil Khandakar,174,48,False,OTHER,TMC|BJP|INC|CPM|ISF|OTHER,False,True,,,
4,Cooch Behar,,Ranjan Majumdar,130,48,False,OTHER,TMC|BJP|INC|CPM|ISF|OTHER,False,True,,,
4,Cooch Behar,,candidate_col_7,111,41,True,,TMC|BJP|INC|CPM|ISF|OTHER,False,True,,,
4,Cooch Behar,,Rejected Votes,93,22,False,,TMC|BJP|INC|CPM|ISF|OTHER,True,True,,,
4,Cooch Behar,,Deb Paul,80,23,False,OTHER,TMC|BJP|INC|CPM|ISF|OTHER,False,True,,,
4,Cooch Behar,,Anamika Barma,50,48,False,OTHER,TMC|BJP|INC|CPM|ISF|OTHER,False,True,,,
4,Cooch Behar,,Babla Paul,50,48,False,OTHER,TMC|BJP|INC|CPM|ISF|OTHER,False,True,,,
4,Cooch Behar,,Babla Ranjan,48,23,False,OTHER,TMC|BJP|INC|CPM|ISF|OTHER,False,True,,,
4,Cooch Behar,,candidate_col_6,45,17,True,,TMC|BJP|INC|CPM|ISF|OTHER,False,True,,,
4,Cooch Behar,,Nazma Deb,43,48,False,OTHER,TMC|BJP|INC|CPM|ISF|OTHER,False,True,,,
4,Cooch Behar,,Anamika,38,23,False,OTHER,TMC|BJP|INC|CPM|ISF|OTHER,False,False,,,
4,Cooch Behar,,Nazma Barma,33,23,False,OTHER,TMC|BJP|INC|CPM|ISF|OTHER,False,True,,,
4,Cooch Behar,,candidate_col_5,28,22,True,,TMC|BJP|INC|CPM|ISF|OTHER,False,True,,,
4,Cooch Behar,,Akshay Ranjan,9,10,False,OTHER,TMC|BJP|INC|CPM|ISF|OTHER,False,True,,,
4,Cooch Behar,,Avijit Thakur,8,10,False,OTHER,TMC|BJP|INC|CPM|ISF|OTHER,False,True,,,
5,Cooch Behar,,Baren,7493,21,False,BJP,TMC|BJP|INC|CPM|ISF|OTHER,False,False,,,
5,Cooch Behar,,Chandra Barman,6364,21,False,BJP,TMC|BJP|INC|CPM|ISF|OTHER,False,False,,,
5,Cooch Behar,,Partha,6328,21,False,TMC,TMC|BJP|INC|CPM|ISF|OTHER,False,False,,,
5,Cooch Behar,,Partha Pratim,4864,21,False,TMC,TMC|BJP|INC|CPM|ISF|OTHER,False,False,,,
5,Cooch Behar,,Sudhangshu,434,21,False,CPM,TMC|BJP|INC|CPM|ISF|OTHER,False,False,,,
5,Cooch Behar,,Sudhangshu Barman,252,21,False,CPM,TMC|BJP|INC|CPM|ISF|OTHER,False,False,,eci_candidate:Sudhangshu Pramanik,0.833
5,Cooch Behar,,Jagadish,68,20,False,OTHER,TMC|BJP|INC|CPM|ISF|OTHER,False,False,,,
5,Cooch Behar,,Kamala,50,21,False,OTHER,TMC|BJP|INC|CPM|ISF|OTHER,False,False,,,
5,Cooch Behar,,Chandra,41,21,False,OTHER,TMC|BJP|INC|CPM|ISF|OTHER,False,True,,,
5,Cooch Behar,,Kamal Adhikari,26,21,False,OTHER,TMC|BJP|INC|CPM|ISF|OTHER,False,True,,,
6,Cooch Behar,,JAGADISH,17479,114,False,TMC,TMC|BJP|INC|CPM|ISF|OTHER,False,False,,,
6,Cooch Behar,,DIPAK,13259,59,False,BJP,TMC|BJP|INC|CPM|ISF|OTHER,False,False,,,
6,Cooch Behar,,DIPAK ROY,7250,23,False,BJP,TMC|BJP|INC|CPM|ISF|OTHER,False,False,,,
6,Cooch Behar,,KESHAB,7118,59,False,INC,TMC|BJP|INC|CPM|ISF|OTHER,False,False,,,
6,Cooch Behar,,SUNIL,6835,35,False,OTHER,TMC|BJP|INC|CPM|ISF|OTHER,False,False,,,
6,Cooch Behar,,KASHIKANTA,6668,21,False,OTHER,TMC|BJP|INC|CPM|ISF|OTHER,False,False,,,
6,Cooch Behar,,candidate_col_1,6365,12,True,,TMC|BJP|INC|CPM|ISF|OTHER,False,True,,,
6,Cooch Behar,,ANIL,6193,59,False,OTHER,TMC|BJP|INC|CPM|ISF|OTHER,False,False,,,
6,Cooch Behar,,KKUMAR,5939,21,False,OTHER,TMC|BJP|INC|CPM|ISF|OTHER,False,True,,,
6,Cooch Behar,,KESHAB BASUNIA,5809,24,False,OTHER,TMC|BJP|INC|CPM|ISF|OTHER,False,True,,,
6,Cooch Behar,,PRASANNA,5514,45,False,OTHER,TMC|BJP|INC|CPM|ISF|OTHER,False,False,,,
6,Cooch Behar,,Serial No.,442,20,False,,TMC|BJP|INC|CPM|ISF|OTHER,True,True,,,
6,Cooch Behar,,JAGADISH RAY,170,23,False,OTHER,TMC|BJP|INC|CPM|ISF|OTHER,False,True,,,
6,Cooch Behar,,PROSHANTA,137,21,False,OTHER,TMC|BJP|INC|CPM|ISF|OTHER,False,False,,,
6,Cooch Behar,,LALCHAND ROY,127,22,False,OTHER,TMC|BJP|INC|CPM|ISF|OTHER,False,False,,eci_candidate:LALCHAND BARMAN,0.741
6,Cooch Behar,,CHANDRA,111,21,False,OTHER,TMC|BJP|INC|CPM|ISF|OTHER,False,True,,,
6,Cooch Behar,,KASHIKANTA BARMAN,91,23,False,OTHER,TMC|BJP|INC|CPM|ISF|OTHER,False,False,,,
6,Cooch Behar,,LALCHAND,71,34,False,OTHER,TMC|BJP|INC|CPM|ISF|OTHER,False,False,,,
6,Cooch Behar,,ANIL ROY,70,24,False,OTHER,TMC|BJP|INC|CPM|ISF|OTHER,False,False,,,
6,Cooch Behar,,CHANDRA MAHANTA,41,24,False,OTHER,TMC|BJP|INC|CPM|ISF|OTHER,False,True,,,
6,Cooch Behar,,ALAL,36,24,False,OTHER,TMC|BJP|INC|CPM|ISF|OTHER,False,True,,,
6,Cooch Behar,,PRASANNA BARMAN,26,24,False,OTHER,TMC|BJP|INC|CPM|ISF|OTHER,False,False,,eci_candidate:PROSHANTA BARMAN,0.839
6,Cooch Behar,,SUNIL BARMAN,21,24,False,OTHER,TMC|BJP|INC|CPM|ISF|OTHER,False,True,,,
6,Cooch Behar,,KASHIKANT,15,24,False,OTHER,TMC|BJP|INC|CPM|ISF|OTHER,False,False,,,
6,Cooch Behar,,candidate_col_5,15,13,True,,TMC|BJP|INC|CPM|ISF|OTHER,False,True,,,
6,Cooch Behar,,candidate_col_2,12,1,True,,TMC|BJP|INC|CPM|ISF|OTHER,False,True,,,
6,Cooch Behar,,PRASANNAKASHIKANTA,10,14,False,OTHER,TMC|BJP|INC|CPM|ISF|OTHER,False,True,,,
6,Cooch Behar,,candidate_col_6,3,13,True,,TMC|BJP|INC|CPM|ISF|OTHER,False,True,,,
7,Cooch Behar,,NISITH,22562,70,False,BJP,TMC|BJP|INC|CPM|ISF|OTHER,False,False,,,
7,Cooch Behar,,NISITH PRAMANIK,21360,70,False,BJP,TMC|BJP|INC|CPM|ISF|OTHER,False,False,,,
7,Cooch Behar,,UDAYAN GUHA,16270,70,False,TMC,TMC|BJP|INC|CPM|ISF|OTHER,False,False,,,
7,Cooch Behar,,Serial No.,15404,69,False,,TMC|BJP|INC|CPM|ISF|OTHER,True,True,,,
7,Cooch Behar,,UDAYAN,14771,70,False,TMC,TMC|BJP|INC|CPM|ISF|OTHER,False,False,,,
7,Cooch Behar,,PRADIP ROY,9502,101,False,OTHER,TMC|BJP|INC|CPM|ISF|OTHER,False,False,,,
7,Cooch Behar,,NISITH GUHA,8217,31,False,OTHER,TMC|BJP|INC|CPM|ISF|OTHER,False,True,,,
7,Cooch Behar,,ABDUR,1207,70,False,OTHER,TMC|BJP|INC|CPM|ISF|OTHER,False,False,,,
7,Cooch Behar,,ABDUR ROUF,1149,77,False,OTHER,TMC|BJP|INC|CPM|ISF|OTHER,False,False,,,
7,Cooch Behar,,NIRMAL,723,47,False,OTHER,TMC|BJP|INC|CPM|ISF|OTHER,False,False,,,
7,Cooch Behar,,AB DUR ROUF,358,24,False,OTHER,TMC|BJP|INC|CPM|ISF|OTHER,False,False,,,
7,Cooch Behar,,PRADIP,252,70,False,OTHER,TMC|BJP|INC|CPM|ISF|OTHER,False,False,,,
7,Cooch Behar,,NIRMAL CHANDRA MIYAN,243,70,False,OTHER,TMC|BJP|INC|CPM|ISF|OTHER,False,False,,,
7,Cooch Behar,,NIRMAL CHANDRA BARMAN,173,31,False,OTHER,TMC|BJP|INC|CPM|ISF|OTHER,False,False,,,
7,Cooch Behar,,LEBU MIYAN,81,31,False,OTHER,TMC|BJP|INC|CPM|ISF|OTHER,False,False,,,
7,Cooch Behar,,LEBU,58,24,False,OTHER,TMC|BJP|INC|CPM|ISF|OTHER,False,False,,,
8,Cooch Behar,of 13,MIHIR,23637,108,False,BJP,TMC|BJP|INC|CPM|ISF|OTHER,False,False,,,
8,Cooch Behar,of 13,RABINDRA,21842,108,False,TMC,TMC|BJP|INC|CPM|ISF|OTHER,False,False,,,
8,Cooch Behar,of 13,HASSAN,11548,54,False,CPM,TMC|BJP|INC|CPM|ISF|OTHER,False,False,,,
8,Cooch Behar,of 13,MIHIR OOSWAMI,9245,27,False,BJP,TMC|BJP|INC|CPM|ISF|OTHER,False,False,,,
8,Cooch Behar,of 13,MIHIR GOSWAMI,9200,27,False,BJP,TMC|BJP|INC|CPM|ISF|OTHER,False,False,,,
8,Cooch Behar,of 13,ABDUS SALAM,9029,81,False,OTHER,TMC|BJP|INC|CPM|ISF|OTHER,False,False,,,
8,Cooch Behar,of 13,No. of Votes,7562,20,False,OTHER,TMC|BJP|INC|CPM|ISF|OTHER,False,True,,,
8,Cooch Behar,of 13,RABINDRA NATH,7295,27,False,TMC,TMC|BJP|INC|CPM|ISF|OTHER,False,False,,,
8,Cooch Behar,of 13,candidate_col_3,6706,19,True,,TMC|BJP|INC|CPM|ISF|OTHER,False,True,,,
8,Cooch Behar,of 13,RABINDRA NA AHOSH,6329,27,False,TMC,TMC|BJP|INC|CPM|ISF|OTHER,False,False,,eci_candidate:Rabindra Nath Ghosh,0.889
8,Cooch Behar,of 13,AKIK HASSAN,6190,102,False,CPM,TMC|BJP|INC|CPM|ISF|OTHER,False,False,,,
8,Cooch Behar,of 13,candidate_col_4,936,3,True,,TMC|BJP|INC|CPM|ISF|OTHER,False,True,,,
8,Cooch Behar,of 13,AKIK,625,27,False,CPM,TMC|BJP|INC|CPM|ISF|OTHER,False,False,,,
8,Cooch Behar,of 13,Valid Votes cast in favour of,545,27,False,,TMC|BJP|INC|CPM|ISF|OTHER,True,True,,,
8,Cooch Behar,of 13,DALENDRA,336,108,False,OTHER,TMC|BJP|INC|CPM|ISF|OTHER,False,False,,,
8,Cooch Behar,of 13,EKRAMUL,219,108,False,OTHER,TMC|BJP|INC|CPM|ISF|OTHER,False,False,,,
8,Cooch Behar,of 13,candidate_col_2,210,19,True,,TMC|BJP|INC|CPM|ISF|OTHER,False,True,,,
8,Cooch Behar,of 13,SAHIDUL,195,54,False,OTHER,TMC|BJP|INC|CPM|ISF|OTHER,False,False,,,
8,Cooch Behar,of 13,DALENDRA HOSSAIN,100,27,False,OTHER,TMC|BJP|INC|CPM|ISF|OTHER,False,True,,,
8,Cooch Behar,of 13,EKRAMUL HOQUE,97,27,False,OTHER,TMC|BJP|INC|CPM|ISF|OTHER,False,False,,,
8,Cooch Behar,of 13,candidate_col_7,85,20,True,,TMC|BJP|INC|CPM|ISF|OTHER,False,True,,,
8,Cooch Behar,of 13,SAHIDUL HOSSAIN,84,27,False,OTHER,TMC|BJP|INC|CPM|ISF|OTHER,False,False,,,
8,Cooch Behar,of 13,ABDUS SALAM HOQUE,74,27,False,OTHER,TMC|BJP|INC|CPM|ISF|OTHER,False,False,,,
8,Cooch Behar,of 13,candidate_col_6,71,20,True,,TMC|BJP|INC|CPM|ISF|OTHER,False,True,,,
8,Cooch Behar,of 13,DALENDRA RAY,32,27,False,OTHER,TMC|BJP|INC|CPM|ISF|OTHER,False,False,,,
8,Cooch Behar,of 13,EKRAMUL NATH RAY,28,27,False,OTHER,TMC|BJP|INC|CPM|ISF|OTHER,False,False,,,
9,Cooch Behar,,Pranab Dey,24519,83,False,TMC,TMC|BJP|INC|CPM|ISF|OTHER,False,False,,,
9,Cooch Behar,,candidate_col_3,22852,70,True,,TMC|BJP|INC|CPM|ISF|OTHER,False,True,,,
9,Cooch Behar,,candidate_col_2,18984,69,True,,TMC|BJP|INC|CPM|ISF|OTHER,False,True,,,
9,Cooch Behar,,Rabin Roy,14836,63,False,INC,TMC|BJP|INC|CPM|ISF|OTHER,False,False,,,
9,Cooch Behar,,Sushil,11263,70,False,OTHER,TMC|BJP|INC|CPM|ISF|OTHER,False,False,,,
9,Cooch Behar,,Pranab,9113,24,False,TMC,TMC|BJP|INC|CPM|ISF|OTHER,False,False,,,
9,Cooch Behar,,Pranab Rava Roy,8614,23,False,BJP,TMC|BJP|INC|CPM|ISF|OTHER,False,False,,,
9,Cooch Behar,,candidate_col_1,8325,55,True,,TMC|BJP|INC|CPM|ISF|OTHER,False,True,,,
9,Cooch Behar,,Malati Saha,7501,47,False,OTHER,TMC|BJP|INC|CPM|ISF|OTHER,False,True,,,
9,Cooch Behar,,Malati Rava Roy,7245,45,False,BJP,TMC|BJP|INC|CPM|ISF|OTHER,False,False,,,
9,Cooch Behar,,Malati Rava,5427,39,False,BJP,TMC|BJP|INC|CPM|ISF|OTHER,False,False,,,
9,Cooch Behar,,Sushil Kumar,4781,45,False,OTHER,TMC|BJP|INC|CPM|ISF|OTHER,False,True,,,
9,Cooch Behar,,Sushil Kumar Dey,4155,46,False,TMC,TMC|BJP|INC|CPM|ISF|OTHER,False,False,,,
9,Cooch Behar,,Pranab Kumar Dey,2069,41,False,TMC,TMC|BJP|INC|CPM|ISF|OTHER,False,False,,,
9,Cooch Behar,,candidate_col_4,1670,68,True,,TMC|BJP|INC|CPM|ISF|OTHER,False,True,,,
9,Cooch Behar,,Prahallad Das,1007,22,False,OTHER,TMC|BJP|INC|CPM|ISF|OTHER,False,False,,eci_candidate:Prahallad Layek,0.786
9,Cooch Behar,,Prahallad Chandra,732,47,False,OTHER,TMC|BJP|INC|CPM|ISF|OTHER,False,True,,,
9,Cooch Behar,,Bhola Barman,600,22,False,OTHER,TMC|BJP|INC|CPM|ISF|OTHER,False,True,,,
9,Cooch Behar,,Rabin Kumar Roy,392,23,False,INC,TMC|BJP|INC|CPM|ISF|OTHER,False,False,,,
9,Cooch Behar,,Jiban Roy,307,24,False,OTHER,TMC|BJP|INC|CPM|ISF|OTHER,False,True,,,
9,Cooch Behar,,Malati,274,24,False,BJP,TMC|BJP|INC|CPM|ISF|OTHER,False,False,,,
9,Cooch Behar,,Jiban Kumar,172,16,False,OTHER,TMC|BJP|INC|CPM|ISF|OTHER,False,False,,,
9,Cooch Behar,,Layek Chandra Das,109,22,False,OTHER,TMC|BJP|INC|CPM|ISF|OTHER,False,False,,,
9,Cooch Behar,,Dhananjay Barman,105,62,False,OTHER,TMC|BJP|INC|CPM|ISF|OTHER,False,False,,,
9,Cooch Behar,,Malati Roy,105,23,False,BJP,TMC|BJP|INC|CPM|ISF|OTHER,False,False,,,
9,Cooch Behar,,Dhananjay,92,47,False,OTHER,TMC|BJP|INC|CPM|ISF|OTHER,False,False,,,
9,Cooch Behar,,Prahallad Layek Chandra Das,68,16,False,OTHER,TMC|BJP|INC|CPM|ISF|OTHER,False,False,,,
9,Cooch Behar,,Pranab Rava,64,43,False,OTHER,TMC|BJP|INC|CPM|ISF|OTHER,False,True,,,
9,Cooch Behar,,Prahallad Barman,62,23,False,OTHER,TMC|BJP|INC|CPM|ISF|OTHER,False,True,,,
9,Cooch Behar,,Jiban Kumar Saha,58,23,False,OTHER,TMC|BJP|INC|CPM|ISF|OTHER,False,False,,,
9,Cooch Behar,,candidate_col_6,55,23,True,,TMC|BJP|INC|CPM|ISF|OTHER,False,True,,,
9,Cooch Behar,,candidate_col_5,51,46,True,,TMC|BJP|INC|CPM|ISF|OTHER,False,True,,,
9,Cooch Behar,,Sushil Layek Chandra,43,23,False,OTHER,TMC|BJP|INC|CPM|ISF|OTHER,False,False,,,
9,Cooch Behar,,candidate_col_7,42,23,True,,TMC|BJP|INC|CPM|ISF|OTHER,False,True,,,
9,Cooch Behar,,Bhola Kumar Saha,40,24,False,OTHER,TMC|BJP|INC|CPM|ISF|OTHER,False,False,,,
9,Cooch Behar,,Bhola Layek,38,23,False,OTHER,TMC|BJP|INC|CPM|ISF|OTHER,False,True,,,
9,Cooch Behar,,Dhananjay Saha,37,23,False,OTHER,TMC|BJP|INC|CPM|ISF|OTHER,False,False,,eci_candidate:Dhananjay Barman,0.8
9,Cooch Behar,,Dhananjay Layek,34,23,False,OTHER,TMC|BJP|INC|CPM|ISF|OTHER,False,True,,,
9,Cooch Behar,,Jiban Saha,33,22,False,OTHER,TMC|BJP|INC|CPM|ISF|OTHER,False,False,,,
9,Cooch Behar,,Rabin Das,33,23,False,OTHER,TMC|BJP|INC|CPM|ISF|OTHER,False,True,,,
9,Cooch Behar,,Kumar Bhola,30,22,False,OTHER,TMC|BJP|INC|CPM|ISF|OTHER,False,True,,,
9,Cooch Behar,,Jiban Barman,29,23,False,OTHER,TMC|BJP|INC|CPM|ISF|OTHER,False,True,,,
9,Cooch Behar,,Prahallad Saha,25,22,False,OTHER,TMC|BJP|INC|CPM|ISF|OTHER,False,False,,eci_candidate:Prahallad Layek,0.759
9,Cooch Behar,,Bhola,21,24,False,OTHER,TMC|BJP|INC|CPM|ISF|OTHER,False,False,,,
9,Cooch Behar,,Bhola Saha,20,16,False,OTHER,TMC|BJP|INC|CPM|ISF|OTHER,False,False,,,
9,Cooch Behar,,Jiban,19,24,False,OTHER,TMC|BJP|INC|CPM|ISF|OTHER,False,False,,,
9,Cooch Behar,,Rabin,18,24,False,INC,TMC|BJP|INC|CPM|ISF|OTHER,False,False,,,
10,Alipurduar,,LEOS KUJUR,29673,131,False,TMC,TMC|BJP|INC|CPM|ISF|OTHER,False,False,,,
10,Alipurduar,,KALAWATI CHIK,20556,66,False,OTHER,TMC|BJP|INC|CPM|ISF|OTHER,False,False,,,
10,Alipurduar,,KISHOR MINJ,13577,69,False,OTHER,TMC|BJP|INC|CPM|ISF|OTHER,False,False,,,
10,Alipurduar,,candidate_col_3,8673,34,True,,TMC|BJP|INC|CPM|ISF|OTHER,False,True,,,
10,Alipurduar,,No. Of,8398,23,False,OTHER,TMC|BJP|INC|CPM|ISF|OTHER,False,True,,,
10,Alipurduar,,KALAWATI ARAIK,7390,23,False,OTHER,TMC|BJP|INC|CPM|ISF|OTHER,False,False,,eci_candidate:KALAWATI CHIK BARAIK,0.824
10,Alipurduar,,CHIK,7028,23,False,OTHER,TMC|BJP|INC|CPM|ISF|OTHER,False,False,,,
10,Alipurduar,,CHIK BARAIK,6950,23,False,OTHER,TMC|BJP|INC|CPM|ISF|OTHER,False,False,,,
10,Alipurduar,,Shailen,6611,22,False,OTHER,TMC|BJP|INC|CPM|ISF|OTHER,False,False,,,
10,Alipurduar,,Shailen Marandi,6590,89,False,OTHER,TMC|BJP|INC|CPM|ISF|OTHER,False,False,,,
10,Alipurduar,,CHIK Shailen Shrilal Aron Murmu,6433,23,False,OTHER,TMC|BJP|INC|CPM|ISF|OTHER,False,False,,,
10,Alipurduar,,KALAWATI,6431,22,False,OTHER,TMC|BJP|INC|CPM|ISF|OTHER,False,False,,,
10,Alipurduar,,candidate_col_4,5563,34,True,,TMC|BJP|INC|CPM|ISF|OTHER,False,True,,,
10,Alipurduar,,KISHOR MANOJ KUMAR,4761,18,False,BJP,TMC|BJP|INC|CPM|ISF|OTHER,False,False,,,
10,Alipurduar,,candidate_col_2,3103,34,True,,TMC|BJP|INC|CPM|ISF|OTHER,False,True,,,
10,Alipurduar,,MANOJ KISHOR MINJ,2727,18,False,OTHER,TMC|BJP|INC|CPM|ISF|OTHER,False,False,,,
10,Alipurduar,,MANOJ KUMAR,2135,69,False,BJP,TMC|BJP|INC|CPM|ISF|OTHER,False,False,,,
10,Alipurduar,,KALAWATI KUJUR,2100,7,False,OTHER,TMC|BJP|INC|CPM|ISF|OTHER,False,True,,,
10,Alipurduar,,SHAILEN CHIK,1903,7,False,OTHER,TMC|BJP|INC|CPM|ISF|OTHER,False,True,,,
10,Alipurduar,,MANOJ KUMAR ORAON,986,23,False,BJP,TMC|BJP|INC|CPM|ISF|OTHER,False,False,,,
10,Alipurduar,,Shailen KUJUR,970,3,False,OTHER,TMC|BJP|INC|CPM|ISF|OTHER,False,True,,,
10,Alipurduar,,MANOJ UMAR,969,22,False,BJP,TMC|BJP|INC|CPM|ISF|OTHER,False,False,,eci_candidate:MANOJ KUMAR ORAON,0.741
10,Alipurduar,,Shrilal CHIK,957,3,False,OTHER,TMC|BJP|INC|CPM|ISF|OTHER,False,True,,,
10,Alipurduar,,LEOS ORAON (URAO),428,23,False,TMC,TMC|BJP|INC|CPM|ISF|OTHER,False,False,,,
10,Alipurduar,,candidate_col_1,301,11,True,,TMC|BJP|INC|CPM|ISF|OTHER,False,True,,,
10,Alipurduar,,Shri Lal Aron,147,23,False,OTHER,TMC|BJP|INC|CPM|ISF|OTHER,False,False,,eci_candidate:Shrilal Oron,0.88
10,Alipurduar,,Shailen MMurmu,122,23,False,OTHER,TMC|BJP|INC|CPM|ISF|OTHER,False,True,,,
10,Alipurduar,,LEOS KUMAR,111,7,False,OTHER,TMC|BJP|INC|CPM|ISF|OTHER,False,True,,,
10,Alipurduar,,Shrilal Oron Murmu,92,44,False,OTHER,TMC|BJP|INC|CPM|ISF|OTHER,False,False,,,
10,Alipurduar,,Shrilal,82,22,False,OTHER,TMC|BJP|INC|CPM|ISF|OTHER,False,False,,,
10,Alipurduar,,candidate_col_5,82,26,True,,TMC|BJP|INC|CPM|ISF|OTHER,False,True,,,
10,Alipurduar,,LEOS KALAWATI,53,2,False,OTHER,TMC|BJP|INC|CPM|ISF|OTHER,False,True,,,
10,Alipurduar,,Aron Murmu,37,23,False,OTHER,TMC|BJP|INC|CPM|ISF|OTHER,False,False,,,
10,Alipurduar,,Aron,32,22,False,OTHER,TMC|BJP|INC|CPM|ISF|OTHER,False,False,,,
10,Alipurduar,,Shri Lal Oron MMurmu,26,22,False,OTHER,TMC|BJP|INC|CPM|ISF|OTHER,False,False,,eci_candidate:Shrilal Oron,0.75
10,Alipurduar,,MMurmu,22,3,False,OTHER,TMC|BJP|INC|CPM|ISF|OTHER,False,False,,,
10,Alipurduar,,Marandi Oron,8,3,False,OTHER,TMC|BJP|INC|CPM|ISF|OTHER,False,True,,,
11,Alipurduar,,AVIJIT,7680,26,False,INC,TMC|BJP|INC|CPM|ISF|OTHER,False,False,,,
11,Alipurduar,,PASSANGBISHAL,7245,25,False,OTHER,TMC|BJP|INC|CPM|ISF|OTHER,False,True,,,
11,Alipurduar,,ASHOK,5948,24,False,OTHER,TMC|BJP|INC|CPM|ISF|OTHER,False,False,,,
11,Alipurduar,,ASHOK LAMA,4670,25,False,OTHER,TMC|BJP|INC|CPM|ISF|OTHER,False,False,,,
11,Alipurduar,,CHANCHAL,2821,25,False,OTHER,TMC|BJP|INC|CPM|ISF|OTHER,False,False,,,
11,Alipurduar,,No. Of Valid Votes,1461,25,False,,TMC|BJP|INC|CPM|ISF|OTHER,True,True,,,
11,Alipurduar,,REKHA,1178,26,False,OTHER,TMC|BJP|INC|CPM|ISF|OTHER,False,False,,,
11,Alipurduar,,AVIJIT KUMAR,360,25,False,OTHER,TMC|BJP|INC|CPM|ISF|OTHER,False,True,,,
11,Alipurduar,,candidate_col_2,311,1,True,,TMC|BJP|INC|CPM|ISF|OTHER,False,True,,,
11,Alipurduar,,LAKRA,233,24,False,OTHER,TMC|BJP|INC|CPM|ISF|OTHER,False,False,,,
11,Alipurduar,,SUKUMAR,183,24,False,OTHER,TMC|BJP|INC|CPM|ISF|OTHER,False,False,,,
11,Alipurduar,,BINAY,174,25,False,OTHER,TMC|BJP|INC|CPM|ISF|OTHER,False,False,,,
11,Alipurduar,,SUKUMAR KUJUR,133,25,False,OTHER,TMC|BJP|INC|CPM|ISF|OTHER,False,True,,,
11,Alipurduar,,PASSANGBISHALCHANCHAI,95,26,False,OTHER,TMC|BJP|INC|CPM|ISF|OTHER,False,True,,,
11,Alipurduar,,MADAN,81,26,False,OTHER,TMC|BJP|INC|CPM|ISF|OTHER,False,False,,,
11,Alipurduar,,BINAY MINJ,69,22,False,OTHER,TMC|BJP|INC|CPM|ISF|OTHER,False,True,,,
11,Alipurduar,,PRAKASH,51,24,False,OTHER,TMC|BJP|INC|CPM|ISF|OTHER,False,False,,,
11,Alipurduar,,HAKIM,42,25,False,OTHER,TMC|BJP|INC|CPM|ISF|OTHER,False,False,,,
11,Alipurduar,,MADAN HAKIM,39,25,False,OTHER,TMC|BJP|INC|CPM|ISF|OTHER,False,True,,,
11,Alipurduar,,PRAKASH LAKRA,24,25,False,OTHER,TMC|BJP|INC|CPM|ISF|OTHER,False,False,,eci_candidate:PRAKASH KUJUR,0.769
12,Alipurduar,,candidate_col_1,38828,91,True,,TMC|BJP|INC|CPM|ISF|OTHER,False,True,,,
12,Alipurduar,,candidate_col_2,29069,90,True,,TMC|BJP|INC|CPM|ISF|OTHER,False,True,,,
12,Alipurduar,,SOURAV CHAKRABORTY,14069,57,False,TMC,TMC|BJP|INC|CPM|ISF|OTHER,False,False,,,
12,Alipurduar,,SOURAV ROY,8365,24,False,OTHER,TMC|BJP|INC|CPM|ISF|OTHER,False,True,,,
12,Alipurduar,,SUMAN CHAKRABORTY,7822,30,False,OTHER,TMC|BJP|INC|CPM|ISF|OTHER,False,True,,,
12,Alipurduar,,SOURAV ABINASHASHIM ROY,7533,29,False,OTHER,TMC|BJP|INC|CPM|ISF|OTHER,False,True,,,
12,Alipurduar,,PIJUSH CHAKRABORTY,6640,24,False,OTHER,TMC|BJP|INC|CPM|ISF|OTHER,False,True,,,
12,Alipurduar,,No. Of Valid Votes,6101,47,False,,TMC|BJP|INC|CPM|ISF|OTHER,True,True,,,
12,Alipurduar,,PIJUSH KANJILAL,5846,23,False,OTHER,TMC|BJP|INC|CPM|ISF|OTHER,False,True,,,
12,Alipurduar,,PIJUSH KANTI ROY,5834,20,False,OTHER,TMC|BJP|INC|CPM|ISF|OTHER,False,False,,,
12,Alipurduar,,PIJUSH ROY,3590,14,False,OTHER,TMC|BJP|INC|CPM|ISF|OTHER,False,True,,,
12,Alipurduar,,ASHIM DAS,3322,14,False,OTHER,TMC|BJP|INC|CPM|ISF|OTHER,False,True,,,
12,Alipurduar,,DEBA PRASAD ROY,3159,67,False,INC,TMC|BJP|INC|CPM|ISF|OTHER,False,False,,,
12,Alipurduar,,DEBA PRASAD KANTI ROY,2124,14,False,INC,TMC|BJP|INC|CPM|ISF|OTHER,False,False,,,
12,Alipurduar,,DEBA,1574,24,False,INC,TMC|BJP|INC|CPM|ISF|OTHER,False,False,,,
12,Alipurduar,,DEBA PRASAD,1137,30,False,INC,TMC|BJP|INC|CPM|ISF|OTHER,False,False,,,
12,Alipurduar,,candidate_col_8,717,18,True,,TMC|BJP|INC|CPM|ISF|OTHER,False,True,,,
12,Alipurduar,,candidate_col_7,297,33,True,,TMC|BJP|INC|CPM|ISF|OTHER,False,True,,,
12,Alipurduar,,KUSHAL ROY,199,23,False,OTHER,TMC|BJP|INC|CPM|ISF|OTHER,False,False,,,
12,Alipurduar,,HOSHVotes,185,24,False,OTHER,TMC|BJP|INC|CPM|ISF|OTHER,False,True,,,
12,Alipurduar,,KUSHAL SARMA,153,38,False,OTHER,TMC|BJP|INC|CPM|ISF|OTHER,False,True,,,
12,Alipurduar,,PIJUSH KUMARCHANDRA DAS,81,24,False,OTHER,TMC|BJP|INC|CPM|ISF|OTHER,False,True,,,
12,Alipurduar,,NIKHIL RINKU DAS,77,20,False,OTHER,TMC|BJP|INC|CPM|ISF|OTHER,False,True,,,
12,Alipurduar,,ABINASH ROY,63,24,False,OTHER,TMC|BJP|INC|CPM|ISF|OTHER,False,True,,,
12,Alipurduar,,KANTI RAIBIR,54,24,False,OTHER,TMC|BJP|INC|CPM|ISF|OTHER,False,True,,,
12,Alipurduar,,NIKHIL DAS,54,47,False,OTHER,TMC|BJP|INC|CPM|ISF|OTHER,False,True,,,
12,Alipurduar,,candidate_col_6,54,33,True,,TMC|BJP|INC|CPM|ISF|OTHER,False,True,,,
12,Alipurduar,,ABINASHASHIM CHANDRA,48,23,False,OTHER,TMC|BJP|INC|CPM|ISF|OTHER,False,True,,,
12,Alipurduar,,RINKU SARMA,24,23,False,OTHER,TMC|BJP|INC|CPM|ISF|OTHER,False,True,,,
12,Alipurduar,,KUSHALNIKHIL SARMA,22,24,False,OTHER,TMC|BJP|INC|CPM|ISF|OTHER,False,True,,,
12,Alipurduar,,candidate_col_5,22,18,True,,TMC|BJP|INC|CPM|ISF|OTHER,False,True,,,
12,Alipurduar,,PIJUSH RINKU ROY,15,6,False,OTHER,TMC|BJP|INC|CPM|ISF|OTHER,False,True,,,
12,Alipurduar,,candidate_col_4,14,18,True,,TMC|BJP|INC|CPM|ISF|OTHER,False,True,,,
12,Alipurduar,,NIKHIL HOSH,9,6,False,OTHER,TMC|BJP|INC|CPM|ISF|OTHER,False,True,,,
12,Alipurduar,,KUSHAL KANTI DAS,4,6,False,OTHER,TMC|BJP|INC|CPM|ISF|OTHER,False,True,,,
12,Alipurduar,,NIKHIL RAIBIR,4,14,False,OTHER,TMC|BJP|INC|CPM|ISF|OTHER,False,False,,,
13,Alipurduar,Falakata(SC),DIPAK CHANDRA RAY,28633,88,False,OTHER,TMC|BJP|INC|CPM|ISF|OTHER,False,True,,,
13,Alipurduar,Falakata(SC),DIPAK BARMAN,23338,92,False,BJP,TMC|BJP|INC|CPM|ISF|OTHER,False,False,,,
13,Alipurduar,Falakata(SC),SWAPAN ROY,15761,139,False,OTHER,TMC|BJP|INC|CPM|ISF|OTHER,False,False,,,
13,Alipurduar,Falakata(SC),SUBHASH BARMAN,15105,60,False,OTHER,TMC|BJP|INC|CPM|ISF|OTHER,False,True,,,
13,Alipurduar,Falakata(SC),TARANI,13414,92,False,OTHER,TMC|BJP|INC|CPM|ISF|OTHER,False,False,,,
13,Alipurduar,Falakata(SC),DIPAK,12823,45,False,OTHER,TMC|BJP|INC|CPM|ISF|OTHER,False,True,,,
13,Alipurduar,Falakata(SC),TAPAN CHANDRA ROY,12798,48,False,TMC,TMC|BJP|INC|CPM|ISF|OTHER,False,False,,,
13,Alipurduar,Falakata(SC),SUBHASH CHANDRA ROY,12075,71,False,TMC,TMC|BJP|INC|CPM|ISF|OTHER,False,False,,,
13,Alipurduar,Falakata(SC),DIPAK CHANDRA,8295,69,False,OTHER,TMC|BJP|INC|CPM|ISF|OTHER,False,False,,,
13,Alipurduar,Falakata(SC),candidate_col_4,8102,24,True,,TMC|BJP|INC|CPM|ISF|OTHER,False,True,,,
13,Alipurduar,Falakata(SC),SUBHASH ADHIKARI,7619,41,False,OTHER,TMC|BJP|INC|CPM|ISF|OTHER,False,True,,,
13,Alipurduar,Falakata(SC),TAPAN,7588,69,False,OTHER,TMC|BJP|INC|CPM|ISF|OTHER,False,False,,,
13,Alipurduar,Falakata(SC),candidate_col_3,7562,24,True,,TMC|BJP|INC|CPM|ISF|OTHER,False,True,,,
13,Alipurduar,Falakata(SC),DIPAK MANDAL,6904,68,False,OTHER,TMC|BJP|INC|CPM|ISF|OTHER,False,False,,,
13,Alipurduar,Falakata(SC),SUBHASH,6519,69,False,TMC,TMC|BJP|INC|CPM|ISF|OTHER,False,False,,,
13,Alipurduar,Falakata(SC),TARANI ADHIKARI,6441,48,False,OTHER,TMC|BJP|INC|CPM|ISF|OTHER,False,False,,eci_candidate:TAPAN ADHIKARI,0.897
13,Alipurduar,Falakata(SC),DIPAK CHANDRA ROY,6280,48,False,OTHER,TMC|BJP|INC|CPM|ISF|OTHER,False,True,,,
13,Alipurduar,Falakata(SC),KSHITISH,6222,21,False,CPM,TMC|BJP|INC|CPM|ISF|OTHER,False,False,,,
13,Alipurduar,Falakata(SC),TARANI ROY,5092,78,False,OTHER,TMC|BJP|INC|CPM|ISF|OTHER,False,False,,,
13,Alipurduar,Falakata(SC),SUBHASH ROY,3689,15,False,TMC,TMC|BJP|INC|CPM|ISF|OTHER,False,False,,,
13,Alipurduar,Falakata(SC),KSHITISH CHANDRA RAY,1456,39,False,CPM,TMC|BJP|INC|CPM|ISF|OTHER,False,False,,,
13,Alipurduar,Falakata(SC),TAPAN KSHITISH,1072,40,False,OTHER,TMC|BJP|INC|CPM|ISF|OTHER,False,True,,,
13,Alipurduar,Falakata(SC),KSHITISH BARMAN,811,24,False,OTHER,TMC|BJP|INC|CPM|ISF|OTHER,False,True,,,
13,Alipurduar,Falakata(SC),KSHITISHI,771,24,False,CPM,TMC|BJP|INC|CPM|ISF|OTHER,False,False,,,
13,Alipurduar,Falakata(SC),SUBHASH KSHITISH,756,18,False,OTHER,TMC|BJP|INC|CPM|ISF|OTHER,False,True,,,
13,Alipurduar,Falakata(SC),DIPAK KSHITISH CHANDRA RAY,738,23,False,CPM,TMC|BJP|INC|CPM|ISF|OTHER,False,False,,,
13,Alipurduar,Falakata(SC),candidate_col_2,675,24,True,,TMC|BJP|INC|CPM|ISF|OTHER,False,True,,,
13,Alipurduar,Falakata(SC),KSHTTISH,643,24,False,CPM,TMC|BJP|INC|CPM|ISF|OTHER,False,False,,,
13,Alipurduar,Falakata(SC),KSHITISH ROY,500,24,False,OTHER,TMC|BJP|INC|CPM|ISF|OTHER,False,True,,,
13,Alipurduar,Falakata(SC),candidate_col_1,479,21,True,,TMC|BJP|INC|CPM|ISF|OTHER,False,True,,,
13,Alipurduar,Falakata(SC),MANDAL,474,103,False,OTHER,TMC|BJP|INC|CPM|ISF|OTHER,False,False,,,
13,Alipurduar,Falakata(SC),TAPAN DIPAK,471,4,False,OTHER,TMC|BJP|INC|CPM|ISF|OTHER,False,True,,,
13,Alipurduar,Falakata(SC),candidate_col_7,470,116,True,,TMC|BJP|INC|CPM|ISF|OTHER,False,True,,,
13,Alipurduar,Falakata(SC),No. of Valid Votes,374,68,False,,TMC|BJP|INC|CPM|ISF|OTHER,True,True,,,
13,Alipurduar,Falakata(SC),TAPAN ADHIKARI,310,87,False,OTHER,TMC|BJP|INC|CPM|ISF|OTHER,False,False,,,
13,Alipurduar,Falakata(SC),candidate_col_8,211,69,True,,TMC|BJP|INC|CPM|ISF|OTHER,False,True,,,
13,Alipurduar,Falakata(SC),BIMAL ROY,191,109,False,OTHER,TMC|BJP|INC|CPM|ISF|OTHER,False,False,,,
13,Alipurduar,Falakata(SC),DIPAK RAY,176,12,False,BJP,TMC|BJP|INC|CPM|ISF|OTHER,False,False,,eci_candidate:DIPAK BARMAN,0.762
13,Alipurduar,Falakata(SC),BIMAL ROY (SANTOSH),170,64,False,OTHER,TMC|BJP|INC|CPM|ISF|OTHER,False,False,,,
13,Alipurduar,Falakata(SC),SWAPAN ROY (SANTOSH),139,24,False,OTHER,TMC|BJP|INC|CPM|ISF|OTHER,False,False,,,
13,Alipurduar,Falakata(SC),TAPAN KSHITISH CHANDRA RAY,128,11,False,CPM,TMC|BJP|INC|CPM|ISF|OTHER,False,False,,,
13,Alipurduar,Falakata(SC),CHANDRA ROY (SANTOSH),91,22,False,OTHER,TMC|BJP|INC|CPM|ISF|OTHER,False,True,,,
13,Alipurduar,Falakata(SC),candidate_col_10,83,20,True,,TMC|BJP|INC|CPM|ISF|OTHER,False,True,,,
13,Alipurduar,Falakata(SC),candidate_col_9,81,24,True,,TMC|BJP|INC|CPM|ISF|OTHER,False,True,,,
13,Alipurduar,Falakata(SC),Reject Votes,80,23,False,OTHER,TMC|BJP|INC|CPM|ISF|OTHER,False,True,,,
13,Alipurduar,Falakata(SC),candidate_col_6,62,43,True,,TMC|BJP|INC|CPM|ISF|OTHER,False,True,,,
13,Alipurduar,Falakata(SC),TARANI (SANTOSH),35,24,False,OTHER,TMC|BJP|INC|CPM|ISF|OTHER,False,True,,,
13,Alipurduar,Falakata(SC),TARANI ROY (SANTOSH),35,24,False,OTHER,TMC|BJP|INC|CPM|ISF|OTHER,False,False,,,
13,Alipurduar,Falakata(SC),candidate_col_5,34,24,True,,TMC|BJP|INC|CPM|ISF|OTHER,False,True,,,
13,Alipurduar,Falakata(SC),SUBHASH MANDAL,32,24,False,OTHER,TMC|BJP|INC|CPM|ISF|OTHER,False,True,,,
13,Alipurduar,Falakata(SC),DIPAK CHANDRA (SANTOSH),31,15,False,OTHER,TMC|BJP|INC|CPM|ISF|OTHER,False,False,,,
13,Alipurduar,Falakata(SC),DIPAK CHANDRA ROY (SANTOSH),31,24,False,OTHER,TMC|BJP|INC|CPM|ISF|OTHER,False,False,,eci_candidate:DIPAK CHANDRA MANDAL (SANTOSH),0.83
13,Alipurduar,Falakata(SC),No. of Reject Votes,29,24,False,OTHER,TMC|BJP|INC|CPM|ISF|OTHER,False,True,,,
13,Alipurduar,Falakata(SC),MANDAL SWAPAN ROY,23,23,False,OTHER,TMC|BJP|INC|CPM|ISF|OTHER,False,False,,,
13,Alipurduar,Falakata(SC),DIPAK BIMAL ROY MANDAL,14,24,False,OTHER,TMC|BJP|INC|CPM|ISF|OTHER,False,False,,,
14,Alipurduar,,MANOJ,20878,69,False,BJP,TMC|BJP|INC|CPM|ISF|OTHER,False,False,,,
14,Alipurduar,,candidate_col_4,16937,76,True,,TMC|BJP|INC|CPM|ISF|OTHER,False,True,,,
14,Alipurduar,,RAJESH,7985,69,False,TMC,TMC|BJP|INC|CPM|ISF|OTHER,False,False,,,
14,Alipurduar,,PANCHU,6591,45,False,OTHER,TMC|BJP|INC|CPM|ISF|OTHER,False,False,,,
14,Alipurduar,,candidate_col_5,4755,23,True,,TMC|BJP|INC|CPM|ISF|OTHER,False,True,,,
14,Alipurduar,,UTTAM,3136,64,False,OTHER,TMC|BJP|INC|CPM|ISF|OTHER,False,False,,,
14,Alipurduar,,candidate_col_1,3109,28,True,,TMC|BJP|INC|CPM|ISF|OTHER,False,True,,,
14,Alipurduar,,candidate_col_2,2005,41,True,,TMC|BJP|INC|CPM|ISF|OTHER,False,True,,,
14,Alipurduar,,SUBHASH,1213,69,False,OTHER,TMC|BJP|INC|CPM|ISF|OTHER,False,False,,,
14,Alipurduar,,SUDHIST,728,46,False,OTHER,TMC|BJP|INC|CPM|ISF|OTHER,False,False,,,
14,Alipurduar,,PRADEEP,410,68,False,OTHER,TMC|BJP|INC|CPM|ISF|OTHER,False,False,,,
14,Alipurduar,,candidate_col_3,122,26,True,,TMC|BJP|INC|CPM|ISF|OTHER,False,True,,,
14,Alipurduar,,VIVEK,112,23,False,OTHER,TMC|BJP|INC|CPM|ISF|OTHER,False,False,,,
15,Jalpaiguri,,DHIRANJAN ROY,30765,176,False,OTHER,TMC|BJP|INC|CPM|ISF|OTHER,False,False,,,
15,Jalpaiguri,,BAARMAN,16137,26,False,OTHER,TMC|BJP|INC|CPM|ISF|OTHER,False,False,,,
15,Jalpaiguri,,BEDODYUTI ROY,15086,99,False,OTHER,TMC|BJP|INC|CPM|ISF|OTHER,False,False,,,
15,Jalpaiguri,,MITALI ROY,11260,175,False,TMC,TMC|BJP|INC|CPM|ISF|OTHER,False,False,,,
15,Jalpaiguri,,BEDODYUTI,10079,102,False,OTHER,TMC|BJP|INC|CPM|ISF|OTHER,False,False,,,
15,Jalpaiguri,,HRISHIKESH,10056,53,False,OTHER,TMC|BJP|INC|CPM|ISF|OTHER,False,False,,,
15,Jalpaiguri,,PRADIP ROY,7948,27,False,CPM,TMC|BJP|INC|CPM|ISF|OTHER,False,False,,,
15,Jalpaiguri,,SUJAN,7823,26,False,OTHER,TMC|BJP|INC|CPM|ISF|OTHER,False,False,,,
15,Jalpaiguri,,BISHNU ROY,7504,100,False,OTHER,TMC|BJP|INC|CPM|ISF|OTHER,False,True,,,
15,Jalpaiguri,,SUJAN ROY,7384,175,False,OTHER,TMC|BJP|INC|CPM|ISF|OTHER,False,True,,,
15,Jalpaiguri,,DHIRANJAN,7250,26,False,OTHER,TMC|BJP|INC|CPM|ISF|OTHER,False,False,,,
15,Jalpaiguri,,HRISHIKESH ROY,6370,53,False,OTHER,TMC|BJP|INC|CPM|ISF|OTHER,False,False,,,
15,Jalpaiguri,,SUKUMAR ROY,6156,122,False,OTHER,TMC|BJP|INC|CPM|ISF|OTHER,False,False,,,
15,Jalpaiguri,,PRADIP KUMAR ROY,4802,58,False,CPM,TMC|BJP|INC|CPM|ISF|OTHER,False,False,,,
15,Jalpaiguri,,ROY,2243,26,False,OTHER,TMC|BJP|INC|CPM|ISF|OTHER,False,True,,,
15,Jalpaiguri,,PRADIP,886,51,False,CPM,TMC|BJP|INC|CPM|ISF|OTHER,False,False,,,
15,Jalpaiguri,,SUKUMAR,626,26,False,OTHER,TMC|BJP|INC|CPM|ISF|OTHER,False,False,,,
15,Jalpaiguri,,BISHNU RAY,510,26,False,BJP,TMC|BJP|INC|CPM|ISF|OTHER,False,False,,,
15,Jalpaiguri,,Valid Votes,137,25,False,,TMC|BJP|INC|CPM|ISF|OTHER,True,True,,,
15,Jalpaiguri,,HRISHIKESH BAARMAN,79,26,False,OTHER,TMC|BJP|INC|CPM|ISF|OTHER,False,False,,eci_candidate:HRISHIKESH ROY,0.75
15,Jalpaiguri,,NOATA,67,26,False,OTHER,TMC|BJP|INC|CPM|ISF|OTHER,False,False,,,
15,Jalpaiguri,,HRISHIKESH BARMAN,63,27,False,OTHER,TMC|BJP|INC|CPM|ISF|OTHER,False,False,,eci_candidate:HRISHIKESH ROY,0.774
16,Jalpaiguri,,KAUSHIK ROY,34927,157,False,BJP,TMC|BJP|INC|CPM|ISF|OTHER,False,False,,,
16,Jalpaiguri,,NARESH ROY,24845,77,False,OTHER,TMC|BJP|INC|CPM|ISF|OTHER,False,False,,,
16,Jalpaiguri,,UDAY ROY,12702,113,False,OTHER,TMC|BJP|INC|CPM|ISF|OTHER,False,True,,,
16,Jalpaiguri,,GANESH MANDAL,9951,203,False,OTHER,TMC|BJP|INC|CPM|ISF|OTHER,False,False,,,
16,Jalpaiguri,,UDAY BISWANATH SARKAR,8903,26,False,OTHER,TMC|BJP|INC|CPM|ISF|OTHER,False,True,,,
16,Jalpaiguri,,BILASH ROY,8664,46,False,OTHER,TMC|BJP|INC|CPM|ISF|OTHER,False,True,,,
16,Jalpaiguri,,BISWANATH ROY,8474,97,False,OTHER,TMC|BJP|INC|CPM|ISF|OTHER,False,False,,,
16,Jalpaiguri,,MANOJ SHANKARBINAY ROY,6905,26,False,TMC,TMC|BJP|INC|CPM|ISF|OTHER,False,False,,,
16,Jalpaiguri,,ROY,6875,26,False,OTHER,TMC|BJP|INC|CPM|ISF|OTHER,False,True,,,
16,Jalpaiguri,,CHANDRA ADHIKARI,6756,25,False,OTHER,TMC|BJP|INC|CPM|ISF|OTHER,False,True,,,
16,Jalpaiguri,,NARESH CHANDRA ROY,6472,121,False,OTHER,TMC|BJP|INC|CPM|ISF|OTHER,False,False,,,
16,Jalpaiguri,,NARESH CHANDRAA,6218,25,False,OTHER,TMC|BJP|INC|CPM|ISF|OTHER,False,False,,eci_candidate:Naresh Chandra Roy,0.848
16,Jalpaiguri,,MANOJ SHANKAR ROY,6136,52,False,TMC,TMC|BJP|INC|CPM|ISF|OTHER,False,False,,,
16,Jalpaiguri,,UDAY,5864,22,False,OTHER,TMC|BJP|INC|CPM|ISF|OTHER,False,False,,,
16,Jalpaiguri,,Serial No.,2638,15,False,,TMC|BJP|INC|CPM|ISF|OTHER,True,True,,,
16,Jalpaiguri,,BISWANATH SARKAR,1899,70,False,OTHER,TMC|BJP|INC|CPM|ISF|OTHER,False,False,,eci_candidate:Binay Sarkar,0.786
16,Jalpaiguri,,SHYAMAL ROY,1369,70,False,OTHER,TMC|BJP|INC|CPM|ISF|OTHER,False,False,,,
16,Jalpaiguri,,BINAY ROY,1332,96,False,OTHER,TMC|BJP|INC|CPM|ISF|OTHER,False,True,,,
16,Jalpaiguri,,BINAY SARKAR,1104,51,False,OTHER,TMC|BJP|INC|CPM|ISF|OTHER,False,False,,,
16,Jalpaiguri,,SHANKAR ROY,897,74,False,OTHER,TMC|BJP|INC|CPM|ISF|OTHER,False,True,,,
16,Jalpaiguri,,NARESH CHANDRA,630,26,False,OTHER,TMC|BJP|INC|CPM|ISF|OTHER,False,False,,,
16,Jalpaiguri,,UDAY CHANDRA,394,26,False,OTHER,TMC|BJP|INC|CPM|ISF|OTHER,False,True,,,
16,Jalpaiguri,,GANESH ROY,286,25,False,OTHER,TMC|BJP|INC|CPM|ISF|OTHER,False,True,,,
16,Jalpaiguri,,NARESH,223,22,False,OTHER,TMC|BJP|INC|CPM|ISF|OTHER,False,False,,,
16,Jalpaiguri,,CHANDRA,221,25,False,OTHER,TMC|BJP|INC|CPM|ISF|OTHER,False,False,,,
16,Jalpaiguri,,UDAY SARKAR,164,52,False,OTHER,TMC|BJP|INC|CPM|ISF|OTHER,False,False,,eci_candidate:Binay Sarkar,0.783
16,Jalpaiguri,,MANOJ SARKAR,135,49,False,OTHER,TMC|BJP|INC|CPM|ISF|OTHER,False,True,,,
16,Jalpaiguri,,BINAY SHYAMAL ROY,128,26,False,OTHER,TMC|BJP|INC|CPM|ISF|OTHER,False,False,,,
16,Jalpaiguri,,MANOJROY,128,25,False,TMC,TMC|BJP|INC|CPM|ISF|OTHER,False,False,,,
16,Jalpaiguri,,SHYAMAL SARKAR,119,26,False,OTHER,TMC|BJP|INC|CPM|ISF|OTHER,False,True,,,
16,Jalpaiguri,,No of votes rejected,104,26,False,,TMC|BJP|INC|CPM|ISF|OTHER,True,True,,,
16,Jalpaiguri,,UDAY KAUSHIK,96,25,False,OTHER,TMC|BJP|INC|CPM|ISF|OTHER,False,True,,,
16,Jalpaiguri,,GANESH,82,22,False,OTHER,TMC|BJP|INC|CPM|ISF|OTHER,False,False,,,
16,Jalpaiguri,,BINAY SHANKAR ROY,81,26,False,OTHER,TMC|BJP|INC|CPM|ISF|OTHER,False,False,,eci_candidate:Binay Sarkar,0.759
16,Jalpaiguri,,SHYAMAL ADHIKARI,73,26,False,OTHER,TMC|BJP|INC|CPM|ISF|OTHER,False,True,,,
16,Jalpaiguri,,SHANKAR SARKAR,70,20,False,OTHER,TMC|BJP|INC|CPM|ISF|OTHER,False,True,,,
16,Jalpaiguri,,BILASH,64,26,False,OTHER,TMC|BJP|INC|CPM|ISF|OTHER,False,False,,,
16,Jalpaiguri,,BILASH SARKAR,56,26,False,OTHER,TMC|BJP|INC|CPM|ISF|OTHER,False,False,,,
16,Jalpaiguri,,MANOJ ROY,45,26,False,TMC,TMC|BJP|INC|CPM|ISF|OTHER,False,False,,,
16,Jalpaiguri,,No of Votes,38,26,False,OTHER,TMC|BJP|INC|CPM|ISF|OTHER,False,True,,,
17,Jalpaiguri,,DR. SUBHASH KUMAR BARMA,13802,68,False,OTHER,TMC|BJP|INC|CPM|ISF|OTHER,False,False,,eci_candidate:SUBHASH KUMAR SARKAR,0.81
17,Jalpaiguri,,NATH ROY,11480,50,False,OTHER,TMC|BJP|INC|CPM|ISF|OTHER,False,False,,,
17,Jalpaiguri,,PALENDRA ROY,7179,26,False,OTHER,TMC|BJP|INC|CPM|ISF|OTHER,False,False,,,
17,Jalpaiguri,,DR. SUBHASH PRADIPSUKHBILASKUMAR SOUJITISWAR PALENDRAPRAHLADRAKHI,6989,25,False,OTHER,TMC|BJP|INC|CPM|ISF|OTHER,False,True,,,
17,Jalpaiguri,,PALENDRAPRAHLAD RAKHI SARKAR,6711,25,False,OTHER,TMC|BJP|INC|CPM|ISF|OTHER,False,False,,,
17,Jalpaiguri,,PRADIP SARKAR,6476,26,False,OTHER,TMC|BJP|INC|CPM|ISF|OTHER,False,False,,eci_candidate:RAKHI SARKAR,0.8
17,Jalpaiguri,,RAKHI,5388,24,False,OTHER,TMC|BJP|INC|CPM|ISF|OTHER,False,False,,,
17,Jalpaiguri,,PRADIP SARKAR (PIKU),5305,26,False,OTHER,TMC|BJP|INC|CPM|ISF|OTHER,False,True,,,
17,Jalpaiguri,,DR. PRADIP KUMAR BARMA,5270,24,False,TMC,TMC|BJP|INC|CPM|ISF|OTHER,False,False,,,
17,Jalpaiguri,,KUMAR SINGH,3093,52,False,OTHER,TMC|BJP|INC|CPM|ISF|OTHER,False,True,,,
17,Jalpaiguri,,SARKAR,2946,24,False,OTHER,TMC|BJP|INC|CPM|ISF|OTHER,False,True,,,
17,Jalpaiguri,,PRADIP BARMA,2681,10,False,TMC,TMC|BJP|INC|CPM|ISF|OTHER,False,False,,,
17,Jalpaiguri,,DR. SOUJIT KUMAR,2150,10,False,OTHER,TMC|BJP|INC|CPM|ISF|OTHER,False,True,,,
17,Jalpaiguri,,SUBHASH SARKAR,1909,33,False,OTHER,TMC|BJP|INC|CPM|ISF|OTHER,False,False,,,
17,Jalpaiguri,,HAREKRISHNA ROY,1502,10,False,OTHER,TMC|BJP|INC|CPM|ISF|OTHER,False,False,,eci_candidate:HAREKRISHNA SARKAR,0.788
17,Jalpaiguri,,HARIDAS,1441,49,False,OTHER,TMC|BJP|INC|CPM|ISF|OTHER,False,False,,,
17,Jalpaiguri,,KUMAR,1388,24,False,OTHER,TMC|BJP|INC|CPM|ISF|OTHER,False,True,,,
17,Jalpaiguri,,PRADIPSUKHBILAS SARKAR (PIKU),1219,25,False,OTHER,TMC|BJP|INC|CPM|ISF|OTHER,False,True,,,
17,Jalpaiguri,,PRADIPSUKHBILASSUBHASHSOUJIT,1207,24,False,OTHER,TMC|BJP|INC|CPM|ISF|OTHER,False,True,,,
17,Jalpaiguri,,SINGHA,1196,24,False,BJP,TMC|BJP|INC|CPM|ISF|OTHER,False,False,,,
17,Jalpaiguri,,ABHISHEK ROY,1141,26,False,OTHER,TMC|BJP|INC|CPM|ISF|OTHER,False,True,,,
17,Jalpaiguri,,SUKHBILAS SAARKAR,993,10,False,INC,TMC|BJP|INC|CPM|ISF|OTHER,False,False,,eci_candidate:SUKHBILAS BARMA,0.812
17,Jalpaiguri,,RAKHI HARIDAS ROY,710,39,False,OTHER,TMC|BJP|INC|CPM|ISF|OTHER,False,True,,,
17,Jalpaiguri,,candidate_col_10,511,24,True,,TMC|BJP|INC|CPM|ISF|OTHER,False,True,,,
17,Jalpaiguri,,ISWAR PAL,445,10,False,OTHER,TMC|BJP|INC|CPM|ISF|OTHER,False,True,,,
17,Jalpaiguri,,HAISWAR BARAI,383,26,False,OTHER,TMC|BJP|INC|CPM|ISF|OTHER,False,False,,,
17,Jalpaiguri,,RAKHI ROY,307,24,False,OTHER,TMC|BJP|INC|CPM|ISF|OTHER,False,True,,,
17,Jalpaiguri,,RAKHI HARIDAS,184,26,False,OTHER,TMC|BJP|INC|CPM|ISF|OTHER,False,True,,,
17,Jalpaiguri,,SOUJITISWAR PIKU BARAI,161,24,False,OTHER,TMC|BJP|INC|CPM|ISF|OTHER,False,True,,,
17,Jalpaiguri,,HAREKRISHNA SARKAR,153,79,False,OTHER,TMC|BJP|INC|CPM|ISF|OTHER,False,False,,,
17,Jalpaiguri,,HAREKRISHNA,151,49,False,OTHER,TMC|BJP|INC|CPM|ISF|OTHER,False,False,,,
17,Jalpaiguri,,SOUJITISWAR KUMAR SINGHA,140,3,False,OTHER,TMC|BJP|INC|CPM|ISF|OTHER,False,True,,,
17,Jalpaiguri,,SOUJITISWAR ROY,133,25,False,OTHER,TMC|BJP|INC|CPM|ISF|OTHER,False,True,,,
17,Jalpaiguri,,candidate_col_8,117,25,True,,TMC|BJP|INC|CPM|ISF|OTHER,False,True,,,
17,Jalpaiguri,,BARMA,95,24,False,OTHER,TMC|BJP|INC|CPM|ISF|OTHER,False,True,,,
17,Jalpaiguri,,BISWAS SARKAR,81,37,False,OTHER,TMC|BJP|INC|CPM|ISF|OTHER,False,True,,,
17,Jalpaiguri,,HARIDASHAREKRISHNA BISWAS SARKAR,75,25,False,OTHER,TMC|BJP|INC|CPM|ISF|OTHER,False,True,,,
17,Jalpaiguri,,candidate_col_9,66,25,True,,TMC|BJP|INC|CPM|ISF|OTHER,False,True,,,
17,Jalpaiguri,,No. Of Valid Votes,65,24,False,,TMC|BJP|INC|CPM|ISF|OTHER,True,True,,,
17,Jalpaiguri,,ISWARPALENDRAPRAHLAD,63,24,False,OTHER,TMC|BJP|INC|CPM|ISF|OTHER,False,True,,,
17,Jalpaiguri,,PALENDRA NATH ROY,12,3,False,OTHER,TMC|BJP|INC|CPM|ISF|OTHER,False,False,,,
18,Jalpaiguri,,KHAGESWAR ROY,8771,27,False,TMC,TMC|BJP|INC|CPM|ISF|OTHER,False,False,,,
18,Jalpaiguri,,candidate_col_3,6327,26,True,,TMC|BJP|INC|CPM|ISF|OTHER,False,True,,,
18,Jalpaiguri,,SUPEN ROY,5455,27,False,BJP,TMC|BJP|INC|CPM|ISF|OTHER,False,False,,,
18,Jalpaiguri,,candidate_col_4,1374,26,True,,TMC|BJP|INC|CPM|ISF|OTHER,False,True,,,
18,Jalpaiguri,,RATAN KUMAR ROY,720,27,False,CPM,TMC|BJP|INC|CPM|ISF|OTHER,False,False,,,
18,Jalpaiguri,,TAPATI ROY,115,27,False,OTHER,TMC|BJP|INC|CPM|ISF|OTHER,False,False,,,
18,Jalpaiguri,,candidate_col_5,112,26,True,,TMC|BJP|INC|CPM|ISF|OTHER,False,True,,,
18,Jalpaiguri,,SANTI KISHOR ROY,86,26,False,OTHER,TMC|BJP|INC|CPM|ISF|OTHER,False,False,,,
18,Jalpaiguri,,candidate_col_6,69,26,True,,TMC|BJP|INC|CPM|ISF|OTHER,False,True,,,
18,Jalpaiguri,,candidate_col_7,69,26,True,,TMC|BJP|INC|CPM|ISF|OTHER,False,True,,,
18,Jalpaiguri,,UDAY ROY,57,27,False,OTHER,TMC|BJP|INC|CPM|ISF|OTHER,False,False,,,
18,Jalpaiguri,,NIRODE CHANDRA MANDAL,51,27,False,OTHER,TMC|BJP|INC|CPM|ISF|OTHER,False,False,,,
19,Jalpaiguri,,SIKHA,8478,26,False,BJP,TMC|BJP|INC|CPM|ISF|OTHER,False,False,,,
19,Jalpaiguri,,RADHAKRIS,6900,46,False,OTHER,TMC|BJP|INC|CPM|ISF|OTHER,False,False,,,
19,Jalpaiguri,,RADHAKRIS GOUTAM,6187,26,False,OTHER,TMC|BJP|INC|CPM|ISF|OTHER,False,True,,,
19,Jalpaiguri,,candidate_col_9,1193,18,True,,TMC|BJP|INC|CPM|ISF|OTHER,False,True,,,
19,Jalpaiguri,,DILIP SINGH,1000,26,False,CPM,TMC|BJP|INC|CPM|ISF|OTHER,False,False,,,
19,Jalpaiguri,,MAHESWAR,106,26,False,OTHER,TMC|BJP|INC|CPM|ISF|OTHER,False,False,,,
19,Jalpaiguri,,RAKHI,106,26,False,OTHER,TMC|BJP|INC|CPM|ISF|OTHER,False,False,,,
19,Jalpaiguri,,HNA,96,26,False,OTHER,TMC|BJP|INC|CPM|ISF|OTHER,False,True,,,
19,Jalpaiguri,,SUBASH,73,26,False,OTHER,TMC|BJP|INC|CPM|ISF|OTHER,False,False,,,
19,Jalpaiguri,,candidate_col_7,68,18,True,,TMC|BJP|INC|CPM|ISF|OTHER,False,True,,,
19,Jalpaiguri,,AMITAV,58,26,False,OTHER,TMC|BJP|INC|CPM|ISF|OTHER,False,False,,,
19,Jalpaiguri,,SHAMBHU,58,26,False,OTHER,TMC|BJP|INC|CPM|ISF|OTHER,False,False,,,
19,Jalpaiguri,,candidate_col_4,37,17,True,,TMC|BJP|INC|CPM|ISF|OTHER,False,True,,,
19,Jalpaiguri,,candidate_col_8,35,18,True,,TMC|BJP|INC|CPM|ISF|OTHER,False,True,,,
19,Jalpaiguri,,candidate_col_6,33,18,True,,TMC|BJP|INC|CPM|ISF|OTHER,False,True,,,
19,Jalpaiguri,,MANIUL,32,26,False,OTHER,TMC|BJP|INC|CPM|ISF|OTHER,False,False,,,
19,Jalpaiguri,,candidate_col_5,19,17,True,,TMC|BJP|INC|CPM|ISF|OTHER,False,True,,,
20,Jalpaiguri,,MAHESH BAGEY,22438,56,False,BJP,TMC|BJP|INC|CPM|ISF|OTHER,False,False,,,
20,Jalpaiguri,,MANU ORAON,17909,101,False,CPM,TMC|BJP|INC|CPM|ISF|OTHER,False,False,,,
20,Jalpaiguri,,BULU CHIK BARAIK,11173,80,False,TMC,TMC|BJP|INC|CPM|ISF|OTHER,False,False,,,
20,Jalpaiguri,,BABlU MAJHI,11123,19,False,OTHER,TMC|BJP|INC|CPM|ISF|OTHER,False,False,,,
20,Jalpaiguri,,GITA ORAON,8470,109,False,OTHER,TMC|BJP|INC|CPM|ISF|OTHER,False,False,,,
20,Jalpaiguri,,BABLU MAJHI,8331,45,False,OTHER,TMC|BJP|INC|CPM|ISF|OTHER,False,False,,,
20,Jalpaiguri,,No of Tendered votes,8231,27,False,,TMC|BJP|INC|CPM|ISF|OTHER,True,True,,,
20,Jalpaiguri,,MAHESh BAGEY,6761,26,False,BJP,TMC|BJP|INC|CPM|ISF|OTHER,False,False,,,
20,Jalpaiguri,,BULU CHIK,5547,19,False,TMC,TMC|BJP|INC|CPM|ISF|OTHER,False,False,,,
20,Jalpaiguri,,Electors,3767,19,False,OTHER,TMC|BJP|INC|CPM|ISF|OTHER,False,True,,,
20,Jalpaiguri,,MAHESH DAGEY,808,27,False,BJP,TMC|BJP|INC|CPM|ISF|OTHER,False,False,,,
20,Jalpaiguri,,BADLU MAJHI,340,24,False,OTHER,TMC|BJP|INC|CPM|ISF|OTHER,False,False,,,
20,Jalpaiguri,,DARAIK,233,18,False,TMC,TMC|BJP|INC|CPM|ISF|OTHER,False,False,,,
20,Jalpaiguri,,BulU ChIK BaRaIK,219,1,False,TMC,TMC|BJP|INC|CPM|ISF|OTHER,False,False,,,
20,Jalpaiguri,,candidate_col_4,143,27,True,,TMC|BJP|INC|CPM|ISF|OTHER,False,True,,,
20,Jalpaiguri,,BaBLU MAJHI,131,24,False,OTHER,TMC|BJP|INC|CPM|ISF|OTHER,False,False,,,
20,Jalpaiguri,,candidate_col_5,97,25,True,,TMC|BJP|INC|CPM|ISF|OTHER,False,True,,,
20,Jalpaiguri,,No of Votes,12,1,False,OTHER,TMC|BJP|INC|CPM|ISF|OTHER,False,True,,,
21,Jalpaiguri,,PUNA,22878,77,False,BJP,TMC|BJP|INC|CPM|ISF|OTHER,False,False,,,
21,Jalpaiguri,,JOSEPH,16771,77,False,TMC,TMC|BJP|INC|CPM|ISF|OTHER,False,False,,,
21,Jalpaiguri,,ASHAN,15513,51,False,OTHER,TMC|BJP|INC|CPM|ISF|OTHER,False,False,,,
21,Jalpaiguri,,MUNDA,14019,24,False,OTHER,TMC|BJP|INC|CPM|ISF|OTHER,False,True,,,
21,Jalpaiguri,,BENAM,13623,49,False,OTHER,TMC|BJP|INC|CPM|ISF|OTHER,False,False,,,
21,Jalpaiguri,,SUKBIR,1906,75,False,INC,TMC|BJP|INC|CPM|ISF|OTHER,False,False,,,
21,Jalpaiguri,,ROBAT,906,50,False,OTHER,TMC|BJP|INC|CPM|ISF|OTHER,False,False,,,
21,Jalpaiguri,,ORAON,621,48,False,OTHER,TMC|BJP|INC|CPM|ISF|OTHER,False,False,,,
21,Jalpaiguri,,SUBBA,582,77,False,INC,TMC|BJP|INC|CPM|ISF|OTHER,False,False,,,
21,Jalpaiguri,,TIRKEY,494,23,False,OTHER,TMC|BJP|INC|CPM|ISF|OTHER,False,False,,,
21,Jalpaiguri,,BENAM ORAON,150,26,False,OTHER,TMC|BJP|INC|CPM|ISF|OTHER,False,False,,,
22,Kalimpong,Kalimpong (in the case of election from a Parliamentary Constituency),UJJWAL RAI,6661,51,False,OTHER,TMC|BJP|INC|CPM|ISF|OTHER,False,False,,,
22,Kalimpong,Kalimpong (in the case of election from a Parliamentary Constituency),SONGDEN,4263,33,False,OTHER,TMC|BJP|INC|CPM|ISF|OTHER,False,False,,,
22,Kalimpong,Kalimpong (in the case of election from a Parliamentary Constituency),PRADHAN,3067,38,False,OTHER,TMC|BJP|INC|CPM|ISF|OTHER,False,True,,,
22,Kalimpong,Kalimpong (in the case of election from a Parliamentary Constituency),BHUPENDRA,2873,33,False,OTHER,TMC|BJP|INC|CPM|ISF|OTHER,False,False,,,
22,Kalimpong,Kalimpong (in the case of election from a Parliamentary Constituency),SoNCDEN,2853,12,False,OTHER,TMC|BJP|INC|CPM|ISF|OTHER,False,False,,,
22,Kalimpong,Kalimpong (in the case of election from a Parliamentary Constituency),candidate_col_4,2014,16,True,,TMC|BJP|INC|CPM|ISF|OTHER,False,True,,,
22,Kalimpong,Kalimpong (in the case of election from a Parliamentary Constituency),"UJ.lW,\L RAI",1908,12,False,OTHER,TMC|BJP|INC|CPM|ISF|OTHER,False,False,,eci_candidate:UJJWAL RAI,0.8
22,Kalimpong,Kalimpong (in the case of election from a Parliamentary Constituency),SUVA PRADHAN,1761,49,False,BJP,TMC|BJP|INC|CPM|ISF|OTHER,False,False,,,
22,Kalimpong,Kalimpong (in the case of election from a Parliamentary Constituency),DIL-II PRADHAN,1029,14,False,INC,TMC|BJP|INC|CPM|ISF|OTHER,False,False,,,
22,Kalimpong,Kalimpong (in the case of election from a Parliamentary Constituency),DR R R BHIJEI,552,33,False,OTHER,TMC|BJP|INC|CPM|ISF|OTHER,False,False,,eci_candidate:DR. R.B. BHUJEL,0.769
22,Kalimpong,Kalimpong (in the case of election from a Parliamentary Constituency),BHUPENI)RA,465,12,False,OTHER,TMC|BJP|INC|CPM|ISF|OTHER,False,False,,,
22,Kalimpong,Kalimpong (in the case of election from a Parliamentary Constituency),PENJO GOMPI,418,33,False,OTHER,TMC|BJP|INC|CPM|ISF|OTHER,False,False,,eci_candidate:PENJO GOMPU BHUTIA,0.759
22,Kalimpong,Kalimpong (in the case of election from a Parliamentary Constituency),PRADH,353,3,False,OTHER,TMC|BJP|INC|CPM|ISF|OTHER,False,True,,,
22,Kalimpong,Kalimpong (in the case of election from a Parliamentary Constituency),RIDEN SADA,348,33,False,OTHER,TMC|BJP|INC|CPM|ISF|OTHER,False,True,,,
22,Kalimpong,Kalimpong (in the case of election from a Parliamentary Constituency),DR n A ri.rltL,337,12,False,OTHER,TMC|BJP|INC|CPM|ISF|OTHER,False,True,,,
22,Kalimpong,Kalimpong (in the case of election from a Parliamentary Constituency),PENJO,288,3,False,OTHER,TMC|BJP|INC|CPM|ISF|OTHER,False,False,,,
22,Kalimpong,Kalimpong (in the case of election from a Parliamentary Constituency),candidate_col_1,253,2,True,,TMC|BJP|INC|CPM|ISF|OTHER,False,True,,,
22,Kalimpong,Kalimpong (in the case of election from a Parliamentary Constituency),PENJo GOMPU,205,12,False,OTHER,TMC|BJP|INC|CPM|ISF|OTHER,False,False,,,
22,Kalimpong,Kalimpong (in the case of election from a Parliamentary Constituency),RUDI]N SAI,132,12,False,OTHER,TMC|BJP|INC|CPM|ISF|OTHER,False,True,,,
22,Kalimpong,Kalimpong (in the case of election from a Parliamentary Constituency),PENJO COMPI,124,16,False,OTHER,TMC|BJP|INC|CPM|ISF|OTHER,False,True,,,
22,Kalimpong,Kalimpong (in the case of election from a Parliamentary Constituency),SONGDEN LEPCHA,71,17,False,OTHER,TMC|BJP|INC|CPM|ISF|OTHER,False,False,,,
22,Kalimpong,Kalimpong (in the case of election from a Parliamentary Constituency),PENJOGOMPI,57,17,False,OTHER,TMC|BJP|INC|CPM|ISF|OTHER,False,True,,,
22,Kalimpong,Kalimpong (in the case of election from a Parliamentary Constituency),JIJUPENDRA RIDDEN SADA,45,17,False,OTHER,TMC|BJP|INC|CPM|ISF|OTHER,False,True,,,
22,Kalimpong,Kalimpong (in the case of election from a Parliamentary Constituency),PRAI)IIAN,16,3,False,OTHER,TMC|BJP|INC|CPM|ISF|OTHER,False,True,,,
22,Kalimpong,Kalimpong (in the case of election from a Parliamentary Constituency),COMPU,13,3,False,OTHER,TMC|BJP|INC|CPM|ISF|OTHER,False,False,,,
22,Kalimpong,Kalimpong (in the case of election from a Parliamentary Constituency),DII-IP,7,3,False,INC,TMC|BJP|INC|CPM|ISF|OTHER,False,False,,,
23,Darjeeling,,TAMANG,22027,134,False,BJP,TMC|BJP|INC|CPM|ISF|OTHER,False,False,,,
23,Darjeeling,,KESHAV RAJ,12148,96,False,OTHER,TMC|BJP|INC|CPM|ISF|OTHER,False,False,,,
23,Darjeeling,,NEERAJ,11405,92,False,BJP,TMC|BJP|INC|CPM|ISF|OTHER,False,False,,,
23,Darjeeling,,PEMBA,8569,91,False,OTHER,TMC|BJP|INC|CPM|ISF|OTHER,False,False,,,
23,Darjeeling,,KESHAV RAJ SHARMA,8328,84,False,OTHER,TMC|BJP|INC|CPM|ISF|OTHER,False,False,,,
23,Darjeeling,,NEERAJ RAI,8234,64,False,OTHER,TMC|BJP|INC|CPM|ISF|OTHER,False,True,,,
23,Darjeeling,,NIMA GYAMTSHO,8230,84,False,OTHER,TMC|BJP|INC|CPM|ISF|OTHER,False,False,,,
23,Darjeeling,,candidate_col_3,8183,42,True,,TMC|BJP|INC|CPM|ISF|OTHER,False,True,,,
23,Darjeeling,,ANJANI SHARMA,8034,126,False,OTHER,TMC|BJP|INC|CPM|ISF|OTHER,False,False,,,
23,Darjeeling,,NEERAJ RAJ,5502,21,False,OTHER,TMC|BJP|INC|CPM|ISF|OTHER,False,True,,,
23,Darjeeling,,Rai,5377,19,False,OTHER,TMC|BJP|INC|CPM|ISF|OTHER,False,True,,,
23,Darjeeling,,GAUTAM ZIMBA,5257,88,False,OTHER,TMC|BJP|INC|CPM|ISF|OTHER,False,True,,,
23,Darjeeling,,KESHAV RAJ GYAMTSHO,5067,42,False,OTHER,TMC|BJP|INC|CPM|ISF|OTHER,False,False,,,
23,Darjeeling,,NEERAJ RAJ TAMANG,5061,21,False,BJP,TMC|BJP|INC|CPM|ISF|OTHER,False,False,,,
23,Darjeeling,,Tamang,4914,20,False,BJP,TMC|BJP|INC|CPM|ISF|OTHER,False,False,,,
23,Darjeeling,,PEMBA TSHERING,4871,83,False,OTHER,TMC|BJP|INC|CPM|ISF|OTHER,False,False,,,
23,Darjeeling,,PEMBA PRAKASH RAI,4724,21,False,OTHER,TMC|BJP|INC|CPM|ISF|OTHER,False,False,,,
23,Darjeeling,,GAUTAM RAJ TAMANG,4530,15,False,CPM,TMC|BJP|INC|CPM|ISF|OTHER,False,False,,,
23,Darjeeling,,BHARAT PRAKASH RAI,4408,105,False,OTHER,TMC|BJP|INC|CPM|ISF|OTHER,False,False,,,
23,Darjeeling,,TAMANG SHARMA,3870,21,False,OTHER,TMC|BJP|INC|CPM|ISF|OTHER,False,True,,,
23,Darjeeling,,Keshav Raj,3183,20,False,OTHER,TMC|BJP|INC|CPM|ISF|OTHER,False,False,,,
23,Darjeeling,,PEMBA SHERPA,3013,21,False,OTHER,TMC|BJP|INC|CPM|ISF|OTHER,False,False,,eci_candidate:PEMBA TSHERING,0.769
23,Darjeeling,,NEERAJ TAMANG,2875,19,False,BJP,TMC|BJP|INC|CPM|ISF|OTHER,False,False,,,
23,Darjeeling,,KESHAV TSHERING,2806,20,False,OTHER,TMC|BJP|INC|CPM|ISF|OTHER,False,False,,eci_candidate:PEMBA TSHERING,0.759
23,Darjeeling,,Pemba,2441,20,False,OTHER,TMC|BJP|INC|CPM|ISF|OTHER,False,False,,,
23,Darjeeling,,PEMBA MILAN,1262,20,False,OTHER,TMC|BJP|INC|CPM|ISF|OTHER,False,True,,,
23,Darjeeling,,GAUTAM RAJ,1217,92,False,CPM,TMC|BJP|INC|CPM|ISF|OTHER,False,False,,,
23,Darjeeling,,NIMA,907,85,False,OTHER,TMC|BJP|INC|CPM|ISF|OTHER,False,False,,,
23,Darjeeling,,SURAJ,843,96,False,OTHER,TMC|BJP|INC|CPM|ISF|OTHER,False,False,,,
23,Darjeeling,,BHARAT,671,97,False,OTHER,TMC|BJP|INC|CPM|ISF|OTHER,False,False,,,
23,Darjeeling,,SURAJ GURUNG,444,65,False,OTHER,TMC|BJP|INC|CPM|ISF|OTHER,False,False,,,
23,Darjeeling,,ANJANI,427,84,False,OTHER,TMC|BJP|INC|CPM|ISF|OTHER,False,False,,,
23,Darjeeling,,MILAN THOKAR,414,86,False,OTHER,TMC|BJP|INC|CPM|ISF|OTHER,False,False,,,
23,Darjeeling,,MILAN,366,97,False,OTHER,TMC|BJP|INC|CPM|ISF|OTHER,False,False,,,
23,Darjeeling,,NIMA TSHERING,355,42,False,OTHER,TMC|BJP|INC|CPM|ISF|OTHER,False,False,,eci_candidate:PEMBA TSHERING,0.815
23,Darjeeling,,Suraj,212,20,False,OTHER,TMC|BJP|INC|CPM|ISF|OTHER,False,False,,,
23,Darjeeling,,Nima,134,20,False,OTHER,TMC|BJP|INC|CPM|ISF|OTHER,False,False,,,
23,Darjeeling,,Anjani,110,20,False,OTHER,TMC|BJP|INC|CPM|ISF|OTHER,False,False,,,
23,Darjeeling,,Milan,110,20,False,OTHER,TMC|BJP|INC|CPM|ISF|OTHER,False,False,,,
23,Darjeeling,,Zimba,102,20,False,BJP,TMC|BJP|INC|CPM|ISF|OTHER,False,False,,,
23,Darjeeling,,NIMA BHARAT,101,20,False,OTHER,TMC|BJP|INC|CPM|ISF|OTHER,False,True,,,
23,Darjeeling,,GAUTAM RAI,100,19,False,CPM,TMC|BJP|INC|CPM|ISF|OTHER,False,False,,,
23,Darjeeling,,GAUTAM,95,21,False,CPM,TMC|BJP|INC|CPM|ISF|OTHER,False,False,,,
23,Darjeeling,,MILAN GURUNG,93,21,False,OTHER,TMC|BJP|INC|CPM|ISF|OTHER,False,True,,,
23,Darjeeling,,NEERAJ ZIMBA,91,19,False,BJP,TMC|BJP|INC|CPM|ISF|OTHER,False,False,,,
23,Darjeeling,,ANJANI GYAMTSHO,90,20,False,OTHER,TMC|BJP|INC|CPM|ISF|OTHER,False,True,,,
23,Darjeeling,,BHARAT THOKAR,87,21,False,OTHER,TMC|BJP|INC|CPM|ISF|OTHER,False,True,,,
23,Darjeeling,,MILAN THOKAR GURUNG,81,19,False,OTHER,TMC|BJP|INC|CPM|ISF|OTHER,False,False,,,
23,Darjeeling,,candidate_col_7,78,16,True,,TMC|BJP|INC|CPM|ISF|OTHER,False,True,,,
23,Darjeeling,,Bharat,75,20,False,OTHER,TMC|BJP|INC|CPM|ISF|OTHER,False,False,,,
24,Darjeeling,,Bishnu Uttam Brahman,50861,21,False,CPM,TMC|BJP|INC|CPM|ISF|OTHER,False,False,,,
24,Darjeeling,,Narb u Pranav,11284,62,False,OTHER,TMC|BJP|INC|CPM|ISF|OTHER,False,True,,,
24,Darjeeling,,Uttam Prasad,7598,56,False,OTHER,TMC|BJP|INC|CPM|ISF|OTHER,False,True,,,
24,Darjeeling,,Ugam Lama,4607,22,False,OTHER,TMC|BJP|INC|CPM|ISF|OTHER,False,False,,,
24,Darjeeling,,Bishnu,4478,28,False,BJP,TMC|BJP|INC|CPM|ISF|OTHER,False,False,,,
24,Darjeeling,,Ugam Tshering Lama,4467,17,False,OTHER,TMC|BJP|INC|CPM|ISF|OTHER,False,False,,,
24,Darjeeling,,candidate_col_3,4425,17,True,,TMC|BJP|INC|CPM|ISF|OTHER,False,True,,,
24,Darjeeling,,Bishnu Uttam Prasad,4192,36,False,BJP,TMC|BJP|INC|CPM|ISF|OTHER,False,False,,,
24,Darjeeling,,Ugam,4051,22,False,OTHER,TMC|BJP|INC|CPM|ISF|OTHER,False,False,,,
24,Darjeeling,,Uttitm Prasad,3646,16,False,OTHER,TMC|BJP|INC|CPM|ISF|OTHER,False,True,,,
24,Darjeeling,,Utkrm Brahman,3393,18,False,CPM,TMC|BJP|INC|CPM|ISF|OTHER,False,False,,eci_candidate:Uttam Brahman,0.846
24,Darjeeling,,candidate_col_5,3088,18,True,,TMC|BJP|INC|CPM|ISF|OTHER,False,True,,,
24,Darjeeling,,Pranav Ellkram,2944,22,False,OTHER,TMC|BJP|INC|CPM|ISF|OTHER,False,True,,,
24,Darjeeling,,Valid Votes,2839,20,False,,TMC|BJP|INC|CPM|ISF|OTHER,True,True,,,
24,Darjeeling,,Pranav Pradhan,2775,18,False,OTHER,TMC|BJP|INC|CPM|ISF|OTHER,False,False,,,
24,Darjeeling,,Elikram Bhuprlndra Rai,2757,20,False,OTHER,TMC|BJP|INC|CPM|ISF|OTHER,False,True,,,
24,Darjeeling,,Bishnu Uttitm Prasad,2037,14,False,BJP,TMC|BJP|INC|CPM|ISF|OTHER,False,False,,,
24,Darjeeling,,Narbu,2030,13,False,OTHER,TMC|BJP|INC|CPM|ISF|OTHER,False,False,,,
24,Darjeeling,,Ugam Tshering,1927,73,False,OTHER,TMC|BJP|INC|CPM|ISF|OTHER,False,True,,,
24,Darjeeling,,Rejected Votes,1889,21,False,,TMC|BJP|INC|CPM|ISF|OTHER,True,True,,,
24,Darjeeling,,Bishnu Brahman (alias B.P.),1838,20,False,BJP,TMC|BJP|INC|CPM|ISF|OTHER,False,False,,,
24,Darjeeling,,Bhuptrndra Rai,1635,22,False,OTHER,TMC|BJP|INC|CPM|ISF|OTHER,False,True,,,
24,Darjeeling,,Narb u,1611,22,False,OTHER,TMC|BJP|INC|CPM|ISF|OTHER,False,False,,,
24,Darjeeling,,Bhuprrndra Rai,1473,22,False,OTHER,TMC|BJP|INC|CPM|ISF|OTHER,False,True,,,
24,Darjeeling,,Bhupendra Rai,1456,18,False,OTHER,TMC|BJP|INC|CPM|ISF|OTHER,False,False,,eci_candidate:Bhupendra Lepcha,0.759
24,Darjeeling,,Serial No. Of,903,17,False,,TMC|BJP|INC|CPM|ISF|OTHER,True,True,,,
24,Darjeeling,,Pranav,692,22,False,OTHER,TMC|BJP|INC|CPM|ISF|OTHER,False,False,,,
24,Darjeeling,,Narbu Pranav,570,21,False,OTHER,TMC|BJP|INC|CPM|ISF|OTHER,False,True,,,
24,Darjeeling,,No. Of Valid Votes,460,3,False,,TMC|BJP|INC|CPM|ISF|OTHER,True,True,,,
24,Darjeeling,,Uttirm Prasad Sharma,314,17,False,BJP,TMC|BJP|INC|CPM|ISF|OTHER,False,False,,,
24,Darjeeling,,Elikram Bhupondra,231,18,False,OTHER,TMC|BJP|INC|CPM|ISF|OTHER,False,True,,,
24,Darjeeling,,Hikram Bhupr:ndra,195,3,False,OTHER,TMC|BJP|INC|CPM|ISF|OTHER,False,True,,,
24,Darjeeling,,Narb u Lama,150,18,False,OTHER,TMC|BJP|INC|CPM|ISF|OTHER,False,False,,,
24,Darjeeling,,candidate_col_8,134,42,True,,TMC|BJP|INC|CPM|ISF|OTHER,False,True,,,
24,Darjeeling,,candidate_col_4,131,18,True,,TMC|BJP|INC|CPM|ISF|OTHER,False,True,,,
24,Darjeeling,,Lep cha,124,43,False,OTHER,TMC|BJP|INC|CPM|ISF|OTHER,False,True,,,
24,Darjeeling,,Bishnu Sharma,98,22,False,BJP,TMC|BJP|INC|CPM|ISF|OTHER,False,False,,,
24,Darjeeling,,Tshering Narb u,98,21,False,OTHER,TMC|BJP|INC|CPM|ISF|OTHER,False,True,,,
24,Darjeeling,,Tshering Lama,96,22,False,OTHER,TMC|BJP|INC|CPM|ISF|OTHER,False,False,,,
24,Darjeeling,,candidate_col_7,88,22,True,,TMC|BJP|INC|CPM|ISF|OTHER,False,True,,,
24,Darjeeling,,candidate_col_9,65,19,True,,TMC|BJP|INC|CPM|ISF|OTHER,False,True,,,
24,Darjeeling,,Bishnu Prasad,58,1,False,BJP,TMC|BJP|INC|CPM|ISF|OTHER,False,False,,,
24,Darjeeling,,Elikram,0,1,False,OTHER,TMC|BJP|INC|CPM|ISF|OTHER,False,True,,,
25,Darjeeling,,Sankar Barman,36684,135,False,OTHER,TMC|BJP|INC|CPM|ISF|OTHER,False,True,,,
25,Darjeeling,,Rakesh Mondal,21251,100,False,OTHER,TMC|BJP|INC|CPM|ISF|OTHER,False,False,,,
25,Darjeeling,,Sudip Mandal,17845,166,False,OTHER,TMC|BJP|INC|CPM|ISF|OTHER,False,False,,,
25,Darjeeling,,Column 1,17614,71,False,OTHER,TMC|BJP|INC|CPM|ISF|OTHER,False,True,,,
25,Darjeeling,,Anandamay,14523,35,False,BJP,TMC|BJP|INC|CPM|ISF|OTHER,False,False,,,
25,Darjeeling,,Harish Chandra Barman,14407,36,False,OTHER,TMC|BJP|INC|CPM|ISF|OTHER,False,False,,,
25,Darjeeling,,No. of Rajen,11836,35,False,TMC,TMC|BJP|INC|CPM|ISF|OTHER,False,False,,,
25,Darjeeling,,Column 2,9669,68,False,OTHER,TMC|BJP|INC|CPM|ISF|OTHER,False,True,,,
25,Darjeeling,,No. of Votes,7615,23,False,OTHER,TMC|BJP|INC|CPM|ISF|OTHER,False,True,,,
25,Darjeeling,,Rajen Sundas Malakar,6168,36,False,TMC,TMC|BJP|INC|CPM|ISF|OTHER,False,False,,,
25,Darjeeling,,Harish Chandra,6039,94,False,OTHER,TMC|BJP|INC|CPM|ISF|OTHER,False,False,,,
25,Darjeeling,,No. of Sundas,5134,35,False,TMC,TMC|BJP|INC|CPM|ISF|OTHER,False,False,,,
25,Darjeeling,,Sankar,4515,34,False,INC,TMC|BJP|INC|CPM|ISF|OTHER,False,False,,,
25,Darjeeling,,Column 3,2145,68,False,OTHER,TMC|BJP|INC|CPM|ISF|OTHER,False,True,,,
25,Darjeeling,,Harish Chandra MMalakar,1906,31,False,OTHER,TMC|BJP|INC|CPM|ISF|OTHER,False,False,,,
25,Darjeeling,,337,1826,5,False,OTHER,TMC|BJP|INC|CPM|ISF|OTHER,False,True,,,
25,Darjeeling,,No. of Sankar,1614,34,False,INC,TMC|BJP|INC|CPM|ISF|OTHER,False,False,,,
25,Darjeeling,,No. of Rakesh Mondal,1429,34,False,OTHER,TMC|BJP|INC|CPM|ISF|OTHER,False,False,,,
25,Darjeeling,,141,1063,5,False,OTHER,TMC|BJP|INC|CPM|ISF|OTHER,False,True,,,
25,Darjeeling,,46,298,4,False,OTHER,TMC|BJP|INC|CPM|ISF|OTHER,False,True,,,
25,Darjeeling,,Column 6,287,35,False,OTHER,TMC|BJP|INC|CPM|ISF|OTHER,False,True,,,
25,Darjeeling,,Column 5,212,68,False,OTHER,TMC|BJP|INC|CPM|ISF|OTHER,False,True,,,
25,Darjeeling,,Column 4,185,66,False,OTHER,TMC|BJP|INC|CPM|ISF|OTHER,False,True,,,
25,Darjeeling,,Malakar,167,29,False,INC,TMC|BJP|INC|CPM|ISF|OTHER,False,False,,,
25,Darjeeling,,No. of Harish Chandra,133,32,False,OTHER,TMC|BJP|INC|CPM|ISF|OTHER,False,False,,,
25,Darjeeling,,No. of dip Man,114,32,False,OTHER,TMC|BJP|INC|CPM|ISF|OTHER,False,True,,,
25,Darjeeling,,Barman,111,25,False,OTHER,TMC|BJP|INC|CPM|ISF|OTHER,False,True,,,
25,Darjeeling,,4,39,5,False,OTHER,TMC|BJP|INC|CPM|ISF|OTHER,False,True,,,
25,Darjeeling,,2,20,4,False,OTHER,TMC|BJP|INC|CPM|ISF|OTHER,False,True,,,
26,Darjeeling,,eence,5338,23,False,OTHER,TMC|BJP|INC|CPM|ISF|OTHER,False,True,,,
26,Darjeeling,,be,4959,22,False,OTHER,TMC|BJP|INC|CPM|ISF|OTHER,False,True,,,
26,Darjeeling,,of,2722,23,False,OTHER,TMC|BJP|INC|CPM|ISF|OTHER,False,True,,,
26,Darjeeling,,No of Votes in favour of Dr. Omprakash Ghosh,332,2,False,OTHER,TMC|BJP|INC|CPM|ISF|OTHER,False,True,,,
26,Darjeeling,,No.,95,22,False,OTHER,TMC|BJP|INC|CPM|ISF|OTHER,False,True,,,
26,Darjeeling,,Nintu Dutta,55,22,False,OTHER,TMC|BJP|INC|CPM|ISF|OTHER,False,False,,,
26,Darjeeling,,pices,33,21,False,OTHER,TMC|BJP|INC|CPM|ISF|OTHER,False,True,,,
26,Darjeeling,,Chayan Guha,29,22,False,OTHER,TMC|BJP|INC|CPM|ISF|OTHER,False,False,,,
26,Darjeeling,,Sankar Ghosh,26,21,False,BJP,TMC|BJP|INC|CPM|ISF|OTHER,False,False,,,
26,Darjeeling,,pipti Roy,17,22,False,OTHER,TMC|BJP|INC|CPM|ISF|OTHER,False,False,,eci_candidate:Dipti Roy,0.889
26,Darjeeling,,majumdor,15,21,False,OTHER,TMC|BJP|INC|CPM|ISF|OTHER,False,False,,,
27,Darjeeling,,Female,5534,24,False,OTHER,TMC|BJP|INC|CPM|ISF|OTHER,False,True,,,
27,Darjeeling,,Male,200,24,False,OTHER,TMC|BJP|INC|CPM|ISF|OTHER,False,True,,,
28,Uttar Dinajpur,Chopra,Hamidul Rahaman,63158,275,False,TMC,TMC|BJP|INC|CPM|ISF|OTHER,False,False,,,
28,Uttar Dinajpur,Chopra,Ajov Sinha,45298,116,False,OTHER,TMC|BJP|INC|CPM|ISF|OTHER,False,True,,,
28,Uttar Dinajpur,Chopra,Md. Shahin Akhter,20345,173,False,BJP,TMC|BJP|INC|CPM|ISF|OTHER,False,False,,,
28,Uttar Dinajpur,Chopra,Ajoy Sinha,16497,43,False,OTHER,TMC|BJP|INC|CPM|ISF|OTHER,False,False,,,
28,Uttar Dinajpur,Chopra,Anwarul Haque,13627,209,False,CPM,TMC|BJP|INC|CPM|ISF|OTHER,False,False,,,
28,Uttar Dinajpur,Chopra,Md. Akhler Shahin,12409,40,False,OTHER,TMC|BJP|INC|CPM|ISF|OTHER,False,True,,,
28,Uttar Dinajpur,Chopra,No. of valid votes,9601,58,False,,TMC|BJP|INC|CPM|ISF|OTHER,True,True,,,
28,Uttar Dinajpur,Chopra,Md. Akhter,5599,70,False,BJP,TMC|BJP|INC|CPM|ISF|OTHER,False,False,,,
28,Uttar Dinajpur,Chopra,Surojit Kisku,1096,89,False,OTHER,TMC|BJP|INC|CPM|ISF|OTHER,False,False,,,
28,Uttar Dinajpur,Chopra,Ajov Kumar Sinha,680,44,False,OTHER,TMC|BJP|INC|CPM|ISF|OTHER,False,False,,,
28,Uttar Dinajpur,Chopra,Surolit Kumar Kisku,405,43,False,OTHER,TMC|BJP|INC|CPM|ISF|OTHER,False,False,,eci_candidate:SUROJIT KISKU,0.75
28,Uttar Dinajpur,Chopra,Surojit Kumar Kisku,376,41,False,OTHER,TMC|BJP|INC|CPM|ISF|OTHER,False,False,,,
28,Uttar Dinajpur,Chopra,Ajov Kumar,318,40,False,OTHER,TMC|BJP|INC|CPM|ISF|OTHER,False,True,,,
28,Uttar Dinajpur,Chopra,Surqit Kisku,257,40,False,OTHER,TMC|BJP|INC|CPM|ISF|OTHER,False,False,,eci_candidate:SUROJIT KISKU,0.88
28,Uttar Dinajpur,Chopra,Aiov Kumar Sinha,251,43,False,OTHER,TMC|BJP|INC|CPM|ISF|OTHER,False,False,,,
29,Uttar Dinajpur,Islampur,ABDUL KARIM,11798,35,False,TMC,TMC|BJP|INC|CPM|ISF|OTHER,False,False,,,
29,Uttar Dinajpur,Islampur,SAUMYAR,6163,35,False,BJP,TMC|BJP|INC|CPM|ISF|OTHER,False,False,,,
29,Uttar Dinajpur,Islampur,ISLAM,522,34,False,INC,TMC|BJP|INC|CPM|ISF|OTHER,False,False,,,
29,Uttar Dinajpur,Islampur,BIRENDRA NATH,125,35,False,OTHER,TMC|BJP|INC|CPM|ISF|OTHER,False,False,,,
29,Uttar Dinajpur,Islampur,"MD, NAIYAR",58,35,False,OTHER,TMC|BJP|INC|CPM|ISF|OTHER,False,False,,,
30,Uttar Dinajpur,Goalpokhar,MD. SARWAR,13308,39,False,BJP,TMC|BJP|INC|CPM|ISF|OTHER,False,False,,,
30,Uttar Dinajpur,Goalpokhar,MD. GHULAM RABBANI,6487,34,False,TMC,TMC|BJP|INC|CPM|ISF|OTHER,False,False,,,
30,Uttar Dinajpur,Goalpokhar,GHULAM,5134,16,False,OTHER,TMC|BJP|INC|CPM|ISF|OTHER,False,True,,,
30,Uttar Dinajpur,Goalpokhar,MD. MASOOD,3607,27,False,INC,TMC|BJP|INC|CPM|ISF|OTHER,False,False,,,
30,Uttar Dinajpur,Goalpokhar,BISWAS SUNIL,2469,35,False,OTHER,TMC|BJP|INC|CPM|ISF|OTHER,False,False,,,
30,Uttar Dinajpur,Goalpokhar,MD. GHULAM,2282,29,False,TMC,TMC|BJP|INC|CPM|ISF|OTHER,False,False,,,
30,Uttar Dinajpur,Goalpokhar,MASOOD NASEEM,1546,35,False,INC,TMC|BJP|INC|CPM|ISF|OTHER,False,False,,,
30,Uttar Dinajpur,Goalpokhar,SHAMBHU AHSEN,1245,27,False,OTHER,TMC|BJP|INC|CPM|ISF|OTHER,False,True,,,
30,Uttar Dinajpur,Goalpokhar,CHANDRA SINGHA,760,39,False,OTHER,TMC|BJP|INC|CPM|ISF|OTHER,False,False,,,
30,Uttar Dinajpur,Goalpokhar,MD. MASOOD AHSEN,725,3,False,INC,TMC|BJP|INC|CPM|ISF|OTHER,False,False,,,
30,Uttar Dinajpur,Goalpokhar,MD.,511,12,False,OTHER,TMC|BJP|INC|CPM|ISF|OTHER,False,True,,,
30,Uttar Dinajpur,Goalpokhar,RAGHU SINGHA,247,3,False,OTHER,TMC|BJP|INC|CPM|ISF|OTHER,False,False,,,
30,Uttar Dinajpur,Goalpokhar,RAGHU,75,43,False,OTHER,TMC|BJP|INC|CPM|ISF|OTHER,False,False,,,
30,Uttar Dinajpur,Goalpokhar,SHAMBHU LAL ROY,55,39,False,OTHER,TMC|BJP|INC|CPM|ISF|OTHER,False,False,,,
30,Uttar Dinajpur,Goalpokhar,CHANDRA NATH,39,29,False,OTHER,TMC|BJP|INC|CPM|ISF|OTHER,False,True,,,
30,Uttar Dinajpur,Goalpokhar,MD. SUNIL,30,30,False,OTHER,TMC|BJP|INC|CPM|ISF|OTHER,False,False,,,
30,Uttar Dinajpur,Goalpokhar,NATH SINGHA,30,38,False,OTHER,TMC|BJP|INC|CPM|ISF|OTHER,False,False,,,
30,Uttar Dinajpur,Goalpokhar,NABIN SUNIL CHANDRA BISWAS,29,4,False,OTHER,TMC|BJP|INC|CPM|ISF|OTHER,False,False,,,
30,Uttar Dinajpur,Goalpokhar,MASOOD,22,14,False,INC,TMC|BJP|INC|CPM|ISF|OTHER,False,False,,,
30,Uttar Dinajpur,Goalpokhar,NABIN,9,13,False,OTHER,TMC|BJP|INC|CPM|ISF|OTHER,False,False,,,
31,Uttar Dinajpur,Chakulia,Mazhar,19037,63,False,OTHER,TMC|BJP|INC|CPM|ISF|OTHER,False,False,,,
31,Uttar Dinajpur,Chakulia,Ali Imran,8493,32,False,OTHER,TMC|BJP|INC|CPM|ISF|OTHER,False,False,,,
31,Uttar Dinajpur,Chakulia,Azad,6614,61,False,TMC,TMC|BJP|INC|CPM|ISF|OTHER,False,False,,,
31,Uttar Dinajpur,Chakulia,Goutam,6078,60,False,OTHER,TMC|BJP|INC|CPM|ISF|OTHER,False,False,,,
31,Uttar Dinajpur,Chakulia,Sachin,5486,58,False,BJP,TMC|BJP|INC|CPM|ISF|OTHER,False,False,,,
31,Uttar Dinajpur,Chakulia,Ali lmran,1953,25,False,OTHER,TMC|BJP|INC|CPM|ISF|OTHER,False,True,,,
31,Uttar Dinajpur,Chakulia,Kamkshya,184,55,False,OTHER,TMC|BJP|INC|CPM|ISF|OTHER,False,False,,,
32,Uttar Dinajpur,,SUBHAS,22466,99,False,BJP,TMC|BJP|INC|CPM|ISF|OTHER,False,False,,,
32,Uttar Dinajpur,,SUBHAS MD. GOUTAM PAUL,13144,47,False,TMC,TMC|BJP|INC|CPM|ISF|OTHER,False,False,,,
32,Uttar Dinajpur,,SINGHA,12189,21,False,OTHER,TMC|BJP|INC|CPM|ISF|OTHER,False,True,,,
32,Uttar Dinajpur,,BISHWAJIT SINGHA,11886,73,False,OTHER,TMC|BJP|INC|CPM|ISF|OTHER,False,False,,,
32,Uttar Dinajpur,,SUBHAS MD. GOUTAM,11190,48,False,OTHER,TMC|BJP|INC|CPM|ISF|OTHER,False,True,,,
32,Uttar Dinajpur,,SUBHASH,8819,53,False,OTHER,TMC|BJP|INC|CPM|ISF|OTHER,False,False,,,
32,Uttar Dinajpur,,MD. SUBHASH CHANDRA,8641,27,False,OTHER,TMC|BJP|INC|CPM|ISF|OTHER,False,False,,,
32,Uttar Dinajpur,,SUBHAS CHANDRA,8474,22,False,BJP,TMC|BJP|INC|CPM|ISF|OTHER,False,False,,,
32,Uttar Dinajpur,,SUBHASH HARUN,7711,24,False,OTHER,TMC|BJP|INC|CPM|ISF|OTHER,False,True,,,
32,Uttar Dinajpur,,MD. CHANDRA,7312,26,False,OTHER,TMC|BJP|INC|CPM|ISF|OTHER,False,True,,,
32,Uttar Dinajpur,,MD. GOUTAM,6627,43,False,TMC,TMC|BJP|INC|CPM|ISF|OTHER,False,False,,,
32,Uttar Dinajpur,,DINESH SINGHA,5740,23,False,OTHER,TMC|BJP|INC|CPM|ISF|OTHER,False,False,,,
32,Uttar Dinajpur,,SUBHAS MD. SINHA,5518,23,False,BJP,TMC|BJP|INC|CPM|ISF|OTHER,False,False,,,
32,Uttar Dinajpur,,ABDULLAH,5215,51,False,OTHER,TMC|BJP|INC|CPM|ISF|OTHER,False,False,,,
32,Uttar Dinajpur,,MD. HAFIZUL,3013,28,False,OTHER,TMC|BJP|INC|CPM|ISF|OTHER,False,False,,,
32,Uttar Dinajpur,,HARUN SINHA,2687,48,False,OTHER,TMC|BJP|INC|CPM|ISF|OTHER,False,True,,,
32,Uttar Dinajpur,,CHANDRA HARUN,630,26,False,OTHER,TMC|BJP|INC|CPM|ISF|OTHER,False,True,,,
32,Uttar Dinajpur,,HAFIZUL SINHA S/O:,466,27,False,OTHER,TMC|BJP|INC|CPM|ISF|OTHER,False,True,,,
32,Uttar Dinajpur,,GOUTAM,450,54,False,TMC,TMC|BJP|INC|CPM|ISF|OTHER,False,False,,,
32,Uttar Dinajpur,,CHANDRA SINHA,325,23,False,BJP,TMC|BJP|INC|CPM|ISF|OTHER,False,False,,,
32,Uttar Dinajpur,,SUBHAS GOUTAM,291,6,False,OTHER,TMC|BJP|INC|CPM|ISF|OTHER,False,True,,,
32,Uttar Dinajpur,,MD. CHANDRA PAUL,236,5,False,OTHER,TMC|BJP|INC|CPM|ISF|OTHER,False,True,,,
32,Uttar Dinajpur,,HARUN,193,69,False,OTHER,TMC|BJP|INC|CPM|ISF|OTHER,False,False,,,
32,Uttar Dinajpur,,SHANTILAL HASDAK,165,48,False,OTHER,TMC|BJP|INC|CPM|ISF|OTHER,False,False,,eci_candidate:SANTHAPAN HASDAK,0.75
32,Uttar Dinajpur,,BENOY SINHA,139,22,False,OTHER,TMC|BJP|INC|CPM|ISF|OTHER,False,True,,,
32,Uttar Dinajpur,,No. Of Valid Votes,132,25,False,,TMC|BJP|INC|CPM|ISF|OTHER,True,True,,,
32,Uttar Dinajpur,,SANTHAPAN,127,69,False,OTHER,TMC|BJP|INC|CPM|ISF|OTHER,False,False,,,
32,Uttar Dinajpur,,BISHWAJIT,116,73,False,OTHER,TMC|BJP|INC|CPM|ISF|OTHER,False,False,,,
32,Uttar Dinajpur,,Valid Votes,111,21,False,,TMC|BJP|INC|CPM|ISF|OTHER,True,True,,,
32,Uttar Dinajpur,,SHANTILAL,106,119,False,OTHER,TMC|BJP|INC|CPM|ISF|OTHER,False,False,,,
32,Uttar Dinajpur,,BENOYCHANDRA HASDAK,92,23,False,OTHER,TMC|BJP|INC|CPM|ISF|OTHER,False,True,,,
32,Uttar Dinajpur,,S/O: RASHID SINHA,77,21,False,OTHER,TMC|BJP|INC|CPM|ISF|OTHER,False,True,,,
32,Uttar Dinajpur,,DINESH,76,43,False,OTHER,TMC|BJP|INC|CPM|ISF|OTHER,False,False,,,
32,Uttar Dinajpur,,HAFIZUL SINHA,74,27,False,OTHER,TMC|BJP|INC|CPM|ISF|OTHER,False,True,,,
32,Uttar Dinajpur,,SHANTILAL ABDULLAH,67,26,False,OTHER,TMC|BJP|INC|CPM|ISF|OTHER,False,True,,,
32,Uttar Dinajpur,,candidate_col_8,51,22,True,,TMC|BJP|INC|CPM|ISF|OTHER,False,True,,,
32,Uttar Dinajpur,,ABDULLAHCHANDRAKUMAR,37,21,False,OTHER,TMC|BJP|INC|CPM|ISF|OTHER,False,True,,,
32,Uttar Dinajpur,,BENOYCHANDRA,34,21,False,OTHER,TMC|BJP|INC|CPM|ISF|OTHER,False,True,,,
32,Uttar Dinajpur,,CHANDRA KUMAR SINHA,29,28,False,OTHER,TMC|BJP|INC|CPM|ISF|OTHER,False,True,,,
32,Uttar Dinajpur,,SANTHAPAN ABDULLAH,24,28,False,OTHER,TMC|BJP|INC|CPM|ISF|OTHER,False,False,,eci_candidate:SANTHAPAN HASDAK,0.765
32,Uttar Dinajpur,,CHANDRAKUMAR SINHA,23,25,False,OTHER,TMC|BJP|INC|CPM|ISF|OTHER,False,True,,,
32,Uttar Dinajpur,,SANTHA,22,30,False,OTHER,TMC|BJP|INC|CPM|ISF|OTHER,False,False,,,
32,Uttar Dinajpur,,CHANDRA,18,28,False,OTHER,TMC|BJP|INC|CPM|ISF|OTHER,False,True,,,
32,Uttar Dinajpur,,RASHID PAUL,17,23,False,OTHER,TMC|BJP|INC|CPM|ISF|OTHER,False,True,,,
32,Uttar Dinajpur,,BENOY SINGHA,16,20,False,OTHER,TMC|BJP|INC|CPM|ISF|OTHER,False,True,,,
32,Uttar Dinajpur,,HARANARAYAN,16,23,False,BJP,TMC|BJP|INC|CPM|ISF|OTHER,False,False,,,
32,Uttar Dinajpur,,SINHA,16,28,False,OTHER,TMC|BJP|INC|CPM|ISF|OTHER,False,True,,,
32,Uttar Dinajpur,,ABULLAH SINGHA,15,23,False,OTHER,TMC|BJP|INC|CPM|ISF|OTHER,False,True,,,
32,Uttar Dinajpur,,SANTHAPAN SINGHA,15,20,False,OTHER,TMC|BJP|INC|CPM|ISF|OTHER,False,False,,eci_candidate:SANTHAPAN HASDAK,0.75
32,Uttar Dinajpur,,DINESHBENOY,12,28,False,OTHER,TMC|BJP|INC|CPM|ISF|OTHER,False,True,,,
32,Uttar Dinajpur,,CHANDRAKUMAR,8,5,False,OTHER,TMC|BJP|INC|CPM|ISF|OTHER,False,True,,,
32,Uttar Dinajpur,,DINESH DAS,7,20,False,OTHER,TMC|BJP|INC|CPM|ISF|OTHER,False,True,,,
32,Uttar Dinajpur,,S/O: DINESHBENOYCHANDRA SINHA,6,5,False,OTHER,TMC|BJP|INC|CPM|ISF|OTHER,False,False,,eci_candidate:DINESH CHANDRA SINGHA,0.792
32,Uttar Dinajpur,,S/O: HARUN,4,5,False,OTHER,TMC|BJP|INC|CPM|ISF|OTHER,False,False,,,
32,Uttar Dinajpur,,PANABDULLAH,2,5,False,OTHER,TMC|BJP|INC|CPM|ISF|OTHER,False,False,,,
32,Uttar Dinajpur,,HASDAK,0,21,False,OTHER,TMC|BJP|INC|CPM|ISF|OTHER,False,False,,,
33,Uttar Dinajpur,,candidate_col_2,39934,168,True,,TMC|BJP|INC|CPM|ISF|OTHER,False,True,,,
33,Uttar Dinajpur,,BINAY ROY,19206,156,False,OTHER,TMC|BJP|INC|CPM|ISF|OTHER,False,False,,,
33,Uttar Dinajpur,,candidate_col_5,15086,48,True,,TMC|BJP|INC|CPM|ISF|OTHER,False,True,,,
33,Uttar Dinajpur,,candidate_col_4,3553,168,True,,TMC|BJP|INC|CPM|ISF|OTHER,False,True,,,
33,Uttar Dinajpur,,candidate_col_3,630,168,True,,TMC|BJP|INC|CPM|ISF|OTHER,False,True,,,
33,Uttar Dinajpur,,candidate_col_6,133,24,True,,TMC|BJP|INC|CPM|ISF|OTHER,False,True,,,
33,Uttar Dinajpur,,candidate_col_7,71,24,True,,TMC|BJP|INC|CPM|ISF|OTHER,False,True,,,
33,Uttar Dinajpur,,candidate_col_8,42,24,True,,TMC|BJP|INC|CPM|ISF|OTHER,False,True,,,
34,Uttar Dinajpur,,candidate_col_9,3055,22,True,,TMC|BJP|INC|CPM|ISF|OTHER,False,True,,,
34,Uttar Dinajpur,,candidate_col_8,1316,22,True,,TMC|BJP|INC|CPM|ISF|OTHER,False,True,,,
34,Uttar Dinajpur,,candidate_col_3,287,22,True,,TMC|BJP|INC|CPM|ISF|OTHER,False,True,,,
34,Uttar Dinajpur,,candidate_col_7,101,22,True,,TMC|BJP|INC|CPM|ISF|OTHER,False,True,,,
34,Uttar Dinajpur,,candidate_col_6,40,22,True,,TMC|BJP|INC|CPM|ISF|OTHER,False,True,,,
34,Uttar Dinajpur,,candidate_col_4,29,22,True,,TMC|BJP|INC|CPM|ISF|OTHER,False,True,,,
34,Uttar Dinajpur,,candidate_col_5,21,22,True,,TMC|BJP|INC|CPM|ISF|OTHER,False,True,,,
35,Uttar Dinajpur,,RAJU,13990,55,False,OTHER,TMC|BJP|INC|CPM|ISF|OTHER,False,False,,,
35,Uttar Dinajpur,,AGARWAI,8270,29,False,TMC,TMC|BJP|INC|CPM|ISF|OTHER,False,False,,,
35,Uttar Dinajpur,,KRISHNA,7771,31,False,BJP,TMC|BJP|INC|CPM|ISF|OTHER,False,False,,,
35,Uttar Dinajpur,,KANAIAKRISHNA,2641,29,False,OTHER,TMC|BJP|INC|CPM|ISF|OTHER,False,True,,,
35,Uttar Dinajpur,,MOHIT,2551,56,False,INC,TMC|BJP|INC|CPM|ISF|OTHER,False,False,,,
35,Uttar Dinajpur,,MINAKSHI,1220,55,False,OTHER,TMC|BJP|INC|CPM|ISF|OTHER,False,False,,,
35,Uttar Dinajpur,,DAS,51,28,False,OTHER,TMC|BJP|INC|CPM|ISF|OTHER,False,True,,,
35,Uttar Dinajpur,,MANJU,26,31,False,OTHER,TMC|BJP|INC|CPM|ISF|OTHER,False,False,,,
35,Uttar Dinajpur,,GOUTAM,23,56,False,OTHER,TMC|BJP|INC|CPM|ISF|OTHER,False,False,,,
35,Uttar Dinajpur,,BAHAMONI,21,56,False,OTHER,TMC|BJP|INC|CPM|ISF|OTHER,False,False,,,
35,Uttar Dinajpur,,BHABATOSH,21,56,False,OTHER,TMC|BJP|INC|CPM|ISF|OTHER,False,False,,,
35,Uttar Dinajpur,,DIPENDU,19,29,False,OTHER,TMC|BJP|INC|CPM|ISF|OTHER,False,False,,,
35,Uttar Dinajpur,,JYOTI,12,29,False,OTHER,TMC|BJP|INC|CPM|ISF|OTHER,False,False,,,
35,Uttar Dinajpur,,SANATAN,4,26,False,OTHER,TMC|BJP|INC|CPM|ISF|OTHER,False,False,,,
36,Uttar Dinajpur,ITAHAR,No. Of MOSARAF HUSSEN,14427,31,False,TMC,TMC|BJP|INC|CPM|ISF|OTHER,False,False,,,
36,Uttar Dinajpur,ITAHAR,SRIKUMAR,13095,30,False,OTHER,TMC|BJP|INC|CPM|ISF|OTHER,False,False,,,
36,Uttar Dinajpur,ITAHAR,HUSSEN,8336,60,False,TMC,TMC|BJP|INC|CPM|ISF|OTHER,False,False,,,
36,Uttar Dinajpur,ITAHAR,SRIKUMAR MOFAKKER,7693,30,False,OTHER,TMC|BJP|INC|CPM|ISF|OTHER,False,False,,eci_candidate:SRIKUMAR MUKHERJEE,0.743
36,Uttar Dinajpur,ITAHAR,MOFAKKER,3582,30,False,OTHER,TMC|BJP|INC|CPM|ISF|OTHER,False,False,,,
36,Uttar Dinajpur,ITAHAR,No. Of AMIT KUMAR,3051,31,False,BJP,TMC|BJP|INC|CPM|ISF|OTHER,False,False,,,
36,Uttar Dinajpur,ITAHAR,TUFAN,435,30,False,OTHER,TMC|BJP|INC|CPM|ISF|OTHER,False,False,,,
36,Uttar Dinajpur,ITAHAR,No. Of SRIKUMAR MUKHERJE UL ISLAM,416,31,False,OTHER,TMC|BJP|INC|CPM|ISF|OTHER,False,True,,,
36,Uttar Dinajpur,ITAHAR,MUKHERJE UL ISLAM,93,30,False,OTHER,TMC|BJP|INC|CPM|ISF|OTHER,False,True,,,
36,Uttar Dinajpur,ITAHAR,No. Of TUFAN ALAM,83,31,False,OTHER,TMC|BJP|INC|CPM|ISF|OTHER,False,True,,,
36,Uttar Dinajpur,ITAHAR,DILIPKUMA,70,60,False,OTHER,TMC|BJP|INC|CPM|ISF|OTHER,False,True,,,
36,Uttar Dinajpur,ITAHAR,MOJAMMEL,33,60,False,OTHER,TMC|BJP|INC|CPM|ISF|OTHER,False,False,,,
36,Uttar Dinajpur,ITAHAR,FIROJ,21,60,False,OTHER,TMC|BJP|INC|CPM|ISF|OTHER,False,False,,,
36,Uttar Dinajpur,ITAHAR,No. Of DILIPKUMA HAQUE,14,31,False,OTHER,TMC|BJP|INC|CPM|ISF|OTHER,False,True,,,
36,Uttar Dinajpur,ITAHAR,No. Of FIROJ MOJAMMEL,6,31,False,OTHER,TMC|BJP|INC|CPM|ISF|OTHER,False,True,,,
37,Dakshin Dinajpur,Kushmandi (SC) AC,"REKHA SARKAR, IND",17161,50,False,OTHER,TMC|BJP|INC|CPM|ISF|OTHER,False,False,,,
37,Dakshin Dinajpur,Kushmandi (SC) AC,BISWANATH KUMAR,15716,48,False,OTHER,TMC|BJP|INC|CPM|ISF|OTHER,False,False,,eci_candidate:BISWANATH SARKAR,0.774
37,Dakshin Dinajpur,Kushmandi (SC) AC,RANJIT ROYSTIC,13854,48,False,OTHER,TMC|BJP|INC|CPM|ISF|OTHER,False,True,,,
37,Dakshin Dinajpur,Kushmandi (SC) AC,"RANJIT KUMAR ROY, BJP",12698,50,False,BJP,TMC|BJP|INC|CPM|ISF|OTHER,False,False,,,
37,Dakshin Dinajpur,Kushmandi (SC) AC,NARMADA ROY,5399,101,False,OTHER,TMC|BJP|INC|CPM|ISF|OTHER,False,False,,,
37,Dakshin Dinajpur,Kushmandi (SC) AC,NARMADA RSP,2387,31,False,OTHER,TMC|BJP|INC|CPM|ISF|OTHER,False,False,,,
37,Dakshin Dinajpur,Kushmandi (SC) AC,"NARMADA ROY, RSP",1809,50,False,OTHER,TMC|BJP|INC|CPM|ISF|OTHER,False,False,,,
37,Dakshin Dinajpur,Kushmandi (SC) AC,REKITA BHIMNAI,1503,49,False,OTHER,TMC|BJP|INC|CPM|ISF|OTHER,False,True,,,
37,Dakshin Dinajpur,Kushmandi (SC) AC,CHANDRA BSP,1456,48,False,OTHER,TMC|BJP|INC|CPM|ISF|OTHER,False,False,,,
37,Dakshin Dinajpur,Kushmandi (SC) AC,"CHANDRA SARKAR, BSP",913,49,False,OTHER,TMC|BJP|INC|CPM|ISF|OTHER,False,False,,,
37,Dakshin Dinajpur,Kushmandi (SC) AC,BISWANATH RSP,864,3,False,OTHER,TMC|BJP|INC|CPM|ISF|OTHER,False,False,,,
37,Dakshin Dinajpur,Kushmandi (SC) AC,No. of valid votes cast in favor of,733,52,False,,TMC|BJP|INC|CPM|ISF|OTHER,True,True,,,
37,Dakshin Dinajpur,Kushmandi (SC) AC,"REKHI BHIMNAL SARKAR, AITC",704,3,False,OTHER,TMC|BJP|INC|CPM|ISF|OTHER,False,False,,,
37,Dakshin Dinajpur,Kushmandi (SC) AC,RAJIT KUMAR,621,3,False,BJP,TMC|BJP|INC|CPM|ISF|OTHER,False,False,,eci_candidate:RANJIT KUMAR ROY,0.815
37,Dakshin Dinajpur,Kushmandi (SC) AC,"BISWANATH SARKAR, BSP",570,50,False,OTHER,TMC|BJP|INC|CPM|ISF|OTHER,False,False,,,
37,Dakshin Dinajpur,Kushmandi (SC) AC,BHIMNAL,173,50,False,OTHER,TMC|BJP|INC|CPM|ISF|OTHER,False,False,,,
38,Dakshin Dinajpur,Kumarganj AC,TORAF,17256,53,False,TMC,TMC|BJP|INC|CPM|ISF|OTHER,False,False,,,
38,Dakshin Dinajpur,Kumarganj AC,MANAS,10609,53,False,BJP,TMC|BJP|INC|CPM|ISF|OTHER,False,False,,,
38,Dakshin Dinajpur,Kumarganj AC,No. of valid votes cast in favor of,7554,111,False,,TMC|BJP|INC|CPM|ISF|OTHER,True,True,,,
38,Dakshin Dinajpur,Kumarganj AC,CHAUDHURI,5318,51,False,INC,TMC|BJP|INC|CPM|ISF|OTHER,False,False,,,
38,Dakshin Dinajpur,Kumarganj AC,of,3679,14,False,OTHER,TMC|BJP|INC|CPM|ISF|OTHER,False,True,,,
38,Dakshin Dinajpur,Kumarganj AC,RITBEL SARKAR,673,52,False,OTHER,TMC|BJP|INC|CPM|ISF|OTHER,False,False,,eci_candidate:RUBEL SARKAR,0.88
38,Dakshin Dinajpur,Kumarganj AC,candidate_col_5,673,52,True,,TMC|BJP|INC|CPM|ISF|OTHER,False,True,,,
38,Dakshin Dinajpur,Kumarganj AC,RANJIT,266,52,False,OTHER,TMC|BJP|INC|CPM|ISF|OTHER,False,False,,,
39,Dakshin Dinajpur,BALURGHAT,"ASI-IOK LArilRl, BJP",20942,69,False,BJP,TMC|BJP|INC|CPM|ISF|OTHER,False,False,,,
39,Dakshin Dinajpur,BALURGHAT,"ASHOKKUMAR LAHLRI, BSP",18413,66,False,OTHER,TMC|BJP|INC|CPM|ISF|OTHER,False,False,,,
39,Dakshin Dinajpur,BALURGHAT,"SEKHAR BISWAS, RSP",16542,69,False,OTHER,TMC|BJP|INC|CPM|ISF|OTHER,False,False,,,
39,Dakshin Dinajpur,BALURGHAT,"SEKLIAR BISWAS, BMP",12812,66,False,OTHER,TMC|BJP|INC|CPM|ISF|OTHER,False,True,,,
39,Dakshin Dinajpur,BALURGHAT,No. of valid votes cast in favor of ASHOK KIJMAR,7658,27,False,,TMC|BJP|INC|CPM|ISF|OTHER,True,True,,,
39,Dakshin Dinajpur,BALURGHAT,sucnsrx,6780,27,False,OTHER,TMC|BJP|INC|CPM|ISF|OTHER,False,True,,,
39,Dakshin Dinajpur,BALURGHAT,"SUCHETA BARMAN, KPP (U)",4570,66,False,OTHER,TMC|BJP|INC|CPM|ISF|OTHER,False,True,,,
39,Dakshin Dinajpur,BALURGHAT,"SUCIIETA BARMAN, BSP",4346,69,False,OTHER,TMC|BJP|INC|CPM|ISF|OTHER,False,False,,,
39,Dakshin Dinajpur,BALURGHAT,ANU1',1279,27,False,OTHER,TMC|BJP|INC|CPM|ISF|OTHER,False,True,,,
39,Dakshin Dinajpur,BALURGHAT,"JOGESH CHANDRA DASGUPTA, AITC",383,69,False,TMC,TMC|BJP|INC|CPM|ISF|OTHER,False,False,,,
39,Dakshin Dinajpur,BALURGHAT,"NAROITAM MAHANl""A",260,68,False,OTHER,TMC|BJP|INC|CPM|ISF|OTHER,False,False,,eci_candidate:Narottam Saha,0.759
39,Dakshin Dinajpur,BALURGHAT,BIREN AB,232,69,False,OTHER,TMC|BJP|INC|CPM|ISF|OTHER,False,True,,,
39,Dakshin Dinajpur,BALURGHAT,"JOGESH CHANDRA DASGUPTA, RSP",204,66,False,OTHER,TMC|BJP|INC|CPM|ISF|OTHER,False,False,,,
39,Dakshin Dinajpur,BALURGHAT,BIREN BARMAN,161,66,False,OTHER,TMC|BJP|INC|CPM|ISF|OTHER,False,True,,,
39,Dakshin Dinajpur,BALURGHAT,"DULAL SAHA, BMP",138,69,False,OTHER,TMC|BJP|INC|CPM|ISF|OTHER,False,True,,,
39,Dakshin Dinajpur,BALURGHAT,"ANUP BARMAN, KPP(UID)",112,69,False,OTHER,TMC|BJP|INC|CPM|ISF|OTHER,False,False,,,
39,Dakshin Dinajpur,BALURGHAT,CJOOES1! SE!CHAR,112,27,False,OTHER,TMC|BJP|INC|CPM|ISF|OTHER,False,True,,,
39,Dakshin Dinajpur,BALURGHAT,"ANUP SAHA, AB",85,66,False,OTHER,TMC|BJP|INC|CPM|ISF|OTHER,False,True,,,
39,Dakshin Dinajpur,BALURGHAT,"NAROTAM MURMU, SUCI (C)",72,66,False,OTHER,TMC|BJP|INC|CPM|ISF|OTHER,False,False,,,
39,Dakshin Dinajpur,BALURGHAT,DULAL,31,27,False,OTHER,TMC|BJP|INC|CPM|ISF|OTHER,False,False,,,
39,Dakshin Dinajpur,BALURGHAT,NAROTIAM,24,27,False,OTHER,TMC|BJP|INC|CPM|ISF|OTHER,False,False,,,
40,Dakshin Dinajpur,Tapan (ST),"No. of KALICHARA NEKA, K PP(UTD)",18431,56,False,OTHER,TMC|BJP|INC|CPM|ISF|OTHER,False,False,,,
40,Dakshin Dinajpur,Tapan (ST),No. of valid votes cast in favor of,15895,66,False,,TMC|BJP|INC|CPM|ISF|OTHER,True,True,,,
40,Dakshin Dinajpur,Tapan (ST),"No. of BABLU KISKU, BSP",15294,57,False,OTHER,TMC|BJP|INC|CPM|ISF|OTHER,False,False,,,
40,Dakshin Dinajpur,Tapan (ST),KISKU,12889,43,False,OTHER,TMC|BJP|INC|CPM|ISF|OTHER,False,True,,,
40,Dakshin Dinajpur,Tapan (ST),KALPANA,10582,44,False,TMC,TMC|BJP|INC|CPM|ISF|OTHER,False,False,,,
40,Dakshin Dinajpur,Tapan (ST),APP,4928,44,False,OTHER,TMC|BJP|INC|CPM|ISF|OTHER,False,True,,,
40,Dakshin Dinajpur,Tapan (ST),No. of Electors in Assembly Constituency,3305,65,False,OTHER,TMC|BJP|INC|CPM|ISF|OTHER,False,True,,,
40,Dakshin Dinajpur,Tapan (ST),RAGHU,2478,44,False,OTHER,TMC|BJP|INC|CPM|ISF|OTHER,False,False,,,
40,Dakshin Dinajpur,Tapan (ST),"No. of ALARS KALPANA KISU, AITC",2306,57,False,TMC,TMC|BJP|INC|CPM|ISF|OTHER,False,False,,,
40,Dakshin Dinajpur,Tapan (ST),"No. of BUDHRAI TTUDU., BJP",997,57,False,BJP,TMC|BJP|INC|CPM|ISF|OTHER,False,False,,,
40,Dakshin Dinajpur,Tapan (ST),BABLU,625,44,False,OTHER,TMC|BJP|INC|CPM|ISF|OTHER,False,False,,,
40,Dakshin Dinajpur,Tapan (ST),BUD.RAP,193,44,False,OTHER,TMC|BJP|INC|CPM|ISF|OTHER,False,True,,,
41,Dakshin Dinajpur,Gangarampur (SC),No. of valid votes cast in favor of SUDHRA TA,14290,41,False,,TMC|BJP|INC|CPM|ISF|OTHER,True,True,,,
41,Dakshin Dinajpur,Gangarampur (SC),SA'IYENDR,13441,39,False,BJP,TMC|BJP|INC|CPM|ISF|OTHER,False,False,,,
41,Dakshin Dinajpur,Gangarampur (SC),No. of valid votes cast in favor of AMAN NANDI,10456,40,False,,TMC|BJP|INC|CPM|ISF|OTHER,True,True,,,
41,Dakshin Dinajpur,Gangarampur (SC),GOUl'AM,10169,13,False,TMC,TMC|BJP|INC|CPM|ISF|OTHER,False,False,,,
41,Dakshin Dinajpur,Gangarampur (SC),GOLITAM,9720,39,False,OTHER,TMC|BJP|INC|CPM|ISF|OTHER,False,True,,,
41,Dakshin Dinajpur,Gangarampur (SC),SAI'YI\it)R,7653,13,False,OTHER,TMC|BJP|INC|CPM|ISF|OTHER,False,True,,,
41,Dakshin Dinajpur,Gangarampur (SC),No. of valid votes cast in favor of,5737,60,False,,TMC|BJP|INC|CPM|ISF|OTHER,True,True,,,
41,Dakshin Dinajpur,Gangarampur (SC),BALA. BSP,4113,18,False,OTHER,TMC|BJP|INC|CPM|ISF|OTHER,False,False,,,
41,Dakshin Dinajpur,Gangarampur (SC),DAS.AI'I(',3078,18,False,OTHER,TMC|BJP|INC|CPM|ISF|OTHER,False,True,,,
41,Dakshin Dinajpur,Gangarampur (SC),NANDA I,2329,39,False,CPM,TMC|BJP|INC|CPM|ISF|OTHER,False,False,,,
41,Dakshin Dinajpur,Gangarampur (SC),NANDA L 'L,2321,13,False,CPM,TMC|BJP|INC|CPM|ISF|OTHER,False,False,,,
41,Dakshin Dinajpur,Gangarampur (SC),ARUN KANTI GOUTAM,2319,18,False,OTHER,TMC|BJP|INC|CPM|ISF|OTHER,False,False,,,
41,Dakshin Dinajpur,Gangarampur (SC),No. of valid votes cast in favor of SAIYANDER,1576,40,False,,TMC|BJP|INC|CPM|ISF|OTHER,True,True,,,
41,Dakshin Dinajpur,Gangarampur (SC),AKSI.]AY,1144,12,False,OTHER,TMC|BJP|INC|CPM|ISF|OTHER,False,True,,,
41,Dakshin Dinajpur,Gangarampur (SC),No. of valid votes cast in favor of ARTUN KANTI,129,41,False,,TMC|BJP|INC|CPM|ISF|OTHER,True,True,,,
41,Dakshin Dinajpur,Gangarampur (SC),AKSHAY,116,39,False,OTHER,TMC|BJP|INC|CPM|ISF|OTHER,False,False,,,
41,Dakshin Dinajpur,Gangarampur (SC),No. of valid votes cast in favor of ARUN KANTI,97,37,False,,TMC|BJP|INC|CPM|ISF|OTHER,True,True,,,
42,Dakshin Dinajpur,Harihampur Assembly,No. of valid votes cast in favor of,48565,186,False,,TMC|BJP|INC|CPM|ISF|OTHER,True,True,,,
42,Dakshin Dinajpur,Harihampur Assembly,"NILANJAN ROY, BJP",25502,89,False,BJP,TMC|BJP|INC|CPM|ISF|OTHER,False,False,,,
42,Dakshin Dinajpur,Harihampur Assembly,"BIJAN MUKA AHMED, IND",25248,43,False,OTHER,TMC|BJP|INC|CPM|ISF|OTHER,False,False,,,
42,Dakshin Dinajpur,Harihampur Assembly,"PRADIP ROY, BJP",23081,113,False,BJP,TMC|BJP|INC|CPM|ISF|OTHER,False,False,,,
42,Dakshin Dinajpur,Harihampur Assembly,"BIPLAB MITRA, AITC",18260,175,False,TMC,TMC|BJP|INC|CPM|ISF|OTHER,False,False,,,
42,Dakshin Dinajpur,Harihampur Assembly,"SHANKAR MAHISHA, NIRMALAMP",13527,45,False,OTHER,TMC|BJP|INC|CPM|ISF|OTHER,False,True,,,
42,Dakshin Dinajpur,Harihampur Assembly,No. of valid votes Cast in favor of,8517,43,False,,TMC|BJP|INC|CPM|ISF|OTHER,True,True,,,
42,Dakshin Dinajpur,Harihampur Assembly,PRADIP CHAKRA,6425,89,False,OTHER,TMC|BJP|INC|CPM|ISF|OTHER,False,True,,,
42,Dakshin Dinajpur,Harihampur Assembly,KUMAR BORTY,3752,37,False,OTHER,TMC|BJP|INC|CPM|ISF|OTHER,False,True,,,
42,Dakshin Dinajpur,Harihampur Assembly,"JALALUDDIN KUMAR, UC(C)",1147,45,False,OTHER,TMC|BJP|INC|CPM|ISF|OTHER,False,True,,,
42,Dakshin Dinajpur,Harihampur Assembly,"SHANKAR MARDI, IND",1102,37,False,OTHER,TMC|BJP|INC|CPM|ISF|OTHER,False,False,,,
42,Dakshin Dinajpur,Harihampur Assembly,"MAHATO, S N RAJAK",940,37,False,OTHER,TMC|BJP|INC|CPM|ISF|OTHER,False,True,,,
42,Dakshin Dinajpur,Harihampur Assembly,JALALUDDIN N KUMAR,622,46,False,OTHER,TMC|BJP|INC|CPM|ISF|OTHER,False,True,,,
42,Dakshin Dinajpur,Harihampur Assembly,JALALUDDIN KUMAR,574,43,False,OTHER,TMC|BJP|INC|CPM|ISF|OTHER,False,False,,eci_candidate:JALALUDDIN AHMED,0.75
42,Dakshin Dinajpur,Harihampur Assembly,"SHANKAR MARDI, BMP",148,88,False,OTHER,TMC|BJP|INC|CPM|ISF|OTHER,False,False,,,
42,Dakshin Dinajpur,Harihampur Assembly,"NILANJAN MITRA, AITC",119,37,False,TMC,TMC|BJP|INC|CPM|ISF|OTHER,False,False,,,
42,Dakshin Dinajpur,Harihampur Assembly,HARISH MAHATOS,83,45,False,OTHER,TMC|BJP|INC|CPM|ISF|OTHER,False,False,,,
42,Dakshin Dinajpur,Harihampur Assembly,"RAFIKUL LAM, CPI(M)",76,43,False,CPM,TMC|BJP|INC|CPM|ISF|OTHER,False,False,,,
42,Dakshin Dinajpur,Harihampur Assembly,"RAFIKUL ISLAM, CPI(M)",70,46,False,CPM,TMC|BJP|INC|CPM|ISF|OTHER,False,False,,,
42,Dakshin Dinajpur,Harihampur Assembly,"CHAKRAPANI, AIITF",54,45,False,OTHER,TMC|BJP|INC|CPM|ISF|OTHER,False,True,,,
42,Dakshin Dinajpur,Harihampur Assembly,"JALALUDDIN KUMAR, CPI(M)",52,46,False,CPM,TMC|BJP|INC|CPM|ISF|OTHER,False,False,,,
42,Dakshin Dinajpur,Harihampur Assembly,"HARISH MAHATO, S",51,43,False,OTHER,TMC|BJP|INC|CPM|ISF|OTHER,False,False,,,
42,Dakshin Dinajpur,Harihampur Assembly,"BIPLAB ISLAM, CPI(M)",43,37,False,CPM,TMC|BJP|INC|CPM|ISF|OTHER,False,False,,,
42,Dakshin Dinajpur,Harihampur Assembly,"SHANKAR MARDI, MP",28,43,False,OTHER,TMC|BJP|INC|CPM|ISF|OTHER,False,False,,,
43,Malda,,candidate_col_2,19187,103,True,,TMC|BJP|INC|CPM|ISF|OTHER,False,True,,,
43,Malda,,candidate_col_1,15311,103,True,,TMC|BJP|INC|CPM|ISF|OTHER,False,True,,,
43,Malda,,candidate_col_3,9931,101,True,,TMC|BJP|INC|CPM|ISF|OTHER,False,True,,,
44,Malda,,CHINMOY DEB,75338,212,False,BJP,TMC|BJP|INC|CPM|ISF|OTHER,False,False,,,
44,Malda,,ARUN KUMAR,22544,175,False,CPM,TMC|BJP|INC|CPM|ISF|OTHER,False,False,,,
44,Malda,,BASANT,16238,86,False,TMC,TMC|BJP|INC|CPM|ISF|OTHER,False,False,,,
44,Malda,,SANATAN,14352,114,False,OTHER,TMC|BJP|INC|CPM|ISF|OTHER,False,False,,,
44,Malda,,BARMAN,7087,42,False,OTHER,TMC|BJP|INC|CPM|ISF|OTHER,False,True,,,
44,Malda,,BASANTI,6981,74,False,TMC,TMC|BJP|INC|CPM|ISF|OTHER,False,False,,,
44,Malda,,SATISH,4812,82,False,OTHER,TMC|BJP|INC|CPM|ISF|OTHER,False,False,,,
44,Malda,,SUPEN KUMAR,2680,82,False,OTHER,TMC|BJP|INC|CPM|ISF|OTHER,False,False,,,
44,Malda,,ISWAS,1794,41,False,CPM,TMC|BJP|INC|CPM|ISF|OTHER,False,False,,,
44,Malda,,BISWAS,1658,42,False,CPM,TMC|BJP|INC|CPM|ISF|OTHER,False,False,,,
44,Malda,,MINU SARKAR,1367,113,False,OTHER,TMC|BJP|INC|CPM|ISF|OTHER,False,False,,,
44,Malda,,ARUN KUMAR CHINMOY DEB,962,34,False,OTHER,TMC|BJP|INC|CPM|ISF|OTHER,False,True,,,
44,Malda,,BIPAD,926,112,False,OTHER,TMC|BJP|INC|CPM|ISF|OTHER,False,False,,,
45,Malda,,Nihar,17876,44,False,TMC,TMC|BJP|INC|CPM|ISF|OTHER,False,False,,,
45,Malda,,Jhantu Prasad,8476,23,False,OTHER,TMC|BJP|INC|CPM|ISF|OTHER,False,True,,,
45,Malda,,candidate_col_1,8040,74,True,,TMC|BJP|INC|CPM|ISF|OTHER,False,True,,,
45,Malda,,candidate_col_2,7176,97,True,,TMC|BJP|INC|CPM|ISF|OTHER,False,True,,,
45,Malda,,No. Of Rejected,6712,22,False,,TMC|BJP|INC|CPM|ISF|OTHER,True,True,,,
45,Malda,,Nihar Ranjan Kumar,5659,46,False,TMC,TMC|BJP|INC|CPM|ISF|OTHER,False,False,,,
45,Malda,,Jhantu Saha,5596,17,False,OTHER,TMC|BJP|INC|CPM|ISF|OTHER,False,True,,,
45,Malda,,Dipankar,4971,45,False,BJP,TMC|BJP|INC|CPM|ISF|OTHER,False,False,,,
45,Malda,,Younish Ghosh,4945,45,False,OTHER,TMC|BJP|INC|CPM|ISF|OTHER,False,True,,,
45,Malda,,Asif Mehbub (Bankat),4334,28,False,INC,TMC|BJP|INC|CPM|ISF|OTHER,False,False,,,
45,Malda,,Asif,3579,43,False,INC,TMC|BJP|INC|CPM|ISF|OTHER,False,False,,,
45,Malda,,Nihar Rabidas,3046,17,False,OTHER,TMC|BJP|INC|CPM|ISF|OTHER,False,True,,,
45,Malda,,candidate_col_4,2979,20,True,,TMC|BJP|INC|CPM|ISF|OTHER,False,True,,,
45,Malda,,candidate_col_7,623,38,True,,TMC|BJP|INC|CPM|ISF|OTHER,False,True,,,
45,Malda,,Younish Mia,574,17,False,OTHER,TMC|BJP|INC|CPM|ISF|OTHER,False,False,,,
45,Malda,,candidate_col_3,285,77,True,,TMC|BJP|INC|CPM|ISF|OTHER,False,True,,,
45,Malda,,Jhantu,171,44,False,OTHER,TMC|BJP|INC|CPM|ISF|OTHER,False,False,,,
45,Malda,,Younish,143,45,False,OTHER,TMC|BJP|INC|CPM|ISF|OTHER,False,False,,,
45,Malda,,Dipankar Ram,114,46,False,BJP,TMC|BJP|INC|CPM|ISF|OTHER,False,False,,,
45,Malda,,Bhakta Saha,77,23,False,OTHER,TMC|BJP|INC|CPM|ISF|OTHER,False,False,,,
45,Malda,,Dipankar Ghosh,61,16,False,OTHER,TMC|BJP|INC|CPM|ISF|OTHER,False,True,,,
45,Malda,,Bhakta,44,23,False,OTHER,TMC|BJP|INC|CPM|ISF|OTHER,False,False,,,
45,Malda,,candidate_col_6,3,1,True,,TMC|BJP|INC|CPM|ISF|OTHER,False,True,,,
46,Malda,,MD OLIUR,6871,26,False,OTHER,TMC|BJP|INC|CPM|ISF|OTHER,False,False,,,
46,Malda,,candidate_col_4,2811,24,True,,TMC|BJP|INC|CPM|ISF|OTHER,False,True,,,
46,Malda,,MD. RAM MUSARAF,2685,26,False,OTHER,TMC|BJP|INC|CPM|ISF|OTHER,False,True,,,
46,Malda,,SUBRATA DAS,1783,26,False,OTHER,TMC|BJP|INC|CPM|ISF|OTHER,False,False,,,
46,Malda,,candidate_col_2,1360,24,True,,TMC|BJP|INC|CPM|ISF|OTHER,False,True,,,
46,Malda,,ALAM TAJMUL,1133,26,False,OTHER,TMC|BJP|INC|CPM|ISF|OTHER,False,True,,,
46,Malda,,ALAM,405,15,False,OTHER,TMC|BJP|INC|CPM|ISF|OTHER,False,True,,,
46,Malda,,candidate_col_5,187,24,True,,TMC|BJP|INC|CPM|ISF|OTHER,False,True,,,
46,Malda,,candidate_col_1,69,23,True,,TMC|BJP|INC|CPM|ISF|OTHER,False,True,,,
46,Malda,,candidate_col_6,49,24,True,,TMC|BJP|INC|CPM|ISF|OTHER,False,True,,,
47,Malda,MALATIPUR,ABDUR RAHIM Votes,37122,113,False,TMC,TMC|BJP|INC|CPM|ISF|OTHER,False,False,,,
47,Malda,MALATIPUR,Serial No. of BOXI,17015,38,False,,TMC|BJP|INC|CPM|ISF|OTHER,True,True,,,
47,Malda,MALATIPUR,ALBERUNI,13879,94,False,INC,TMC|BJP|INC|CPM|ISF|OTHER,False,False,,,
47,Malda,MALATIPUR,ABDUR RAHIM,11996,47,False,TMC,TMC|BJP|INC|CPM|ISF|OTHER,False,False,,,
47,Malda,MALATIPUR,AB DUR RAHIM,10824,33,False,TMC,TMC|BJP|INC|CPM|ISF|OTHER,False,False,,eci_candidate:ABDUR RAHIM BOXI,0.786
47,Malda,MALATIPUR,MOUSUMI DAS,9049,94,False,BJP,TMC|BJP|INC|CPM|ISF|OTHER,False,False,,,
47,Malda,MALATIPUR,MOTIUR RAHAMAN,8256,94,False,OTHER,TMC|BJP|INC|CPM|ISF|OTHER,False,False,,,
47,Malda,MALATIPUR,ALBERUNI Votes,4560,113,False,OTHER,TMC|BJP|INC|CPM|ISF|OTHER,False,True,,,
47,Malda,MALATIPUR,MOUSUMI DAS Votes,4329,113,False,BJP,TMC|BJP|INC|CPM|ISF|OTHER,False,False,,,
47,Malda,MALATIPUR,MD KAMRUL HODA Votes,2787,113,False,OTHER,TMC|BJP|INC|CPM|ISF|OTHER,False,False,,,
47,Malda,MALATIPUR,MOTIUR RAHAMAN Votes,473,75,False,OTHER,TMC|BJP|INC|CPM|ISF|OTHER,False,False,,,
47,Malda,MALATIPUR,GOLAM FARUQUE Votes,279,113,False,OTHER,TMC|BJP|INC|CPM|ISF|OTHER,False,False,,,
47,Malda,MALATIPUR,GOLAM FARUQUE,240,94,False,OTHER,TMC|BJP|INC|CPM|ISF|OTHER,False,False,,,
47,Malda,MALATIPUR,MD KAMRUL HODA,188,56,False,OTHER,TMC|BJP|INC|CPM|ISF|OTHER,False,False,,,
47,Malda,MALATIPUR,No. of Valid Votes,137,38,False,,TMC|BJP|INC|CPM|ISF|OTHER,True,True,,,
48,Malda,,SAMAR,70512,162,False,TMC,TMC|BJP|INC|CPM|ISF|OTHER,False,False,,,
48,Malda,,ARAFAT ALI,37327,162,False,OTHER,TMC|BJP|INC|CPM|ISF|OTHER,False,False,,,
48,Malda,,ASHOK ARAFAT ALI CHOWDHURY,28529,84,False,OTHER,TMC|BJP|INC|CPM|ISF|OTHER,False,False,,,
48,Malda,,ABISHEK,24360,139,False,BJP,TMC|BJP|INC|CPM|ISF|OTHER,False,False,,,
48,Malda,,ARAFAT ALI CHOWDHURY,23273,42,False,OTHER,TMC|BJP|INC|CPM|ISF|OTHER,False,False,,,
48,Malda,,KHATUN,22168,126,False,OTHER,TMC|BJP|INC|CPM|ISF|OTHER,False,True,,,
48,Malda,,KHATUN NAJEMA,19852,167,False,INC,TMC|BJP|INC|CPM|ISF|OTHER,False,False,,,
48,Malda,,ALI CHOWHURY,14042,41,False,OTHER,TMC|BJP|INC|CPM|ISF|OTHER,False,False,,eci_candidate:Ashok Chowdhury,0.741
48,Malda,,ABISHEK SINGHANIA,11913,85,False,BJP,TMC|BJP|INC|CPM|ISF|OTHER,False,False,,,
48,Malda,,CHAITANYA,4762,162,False,OTHER,TMC|BJP|INC|CPM|ISF|OTHER,False,False,,,
48,Malda,,CHAITANYA RABIDAS,2975,123,False,OTHER,TMC|BJP|INC|CPM|ISF|OTHER,False,False,,,
48,Malda,,PAYEL,2688,162,False,OTHER,TMC|BJP|INC|CPM|ISF|OTHER,False,False,,,
48,Malda,,SABINA,2409,121,False,OTHER,TMC|BJP|INC|CPM|ISF|OTHER,False,False,,,
48,Malda,,CHAITANYA ABIDAS,2337,44,False,OTHER,TMC|BJP|INC|CPM|ISF|OTHER,False,False,,,
48,Malda,,SK ISRAIL,1708,36,False,OTHER,TMC|BJP|INC|CPM|ISF|OTHER,False,False,,,
48,Malda,,ABISHEK INGHANIA,1646,25,False,BJP,TMC|BJP|INC|CPM|ISF|OTHER,False,False,,,
48,Malda,,SAMAR MUKHERJEE,1165,167,False,TMC,TMC|BJP|INC|CPM|ISF|OTHER,False,False,,,
48,Malda,,ASHOK KHATN,745,42,False,OTHER,TMC|BJP|INC|CPM|ISF|OTHER,False,True,,,
48,Malda,,ASHOK,704,162,False,OTHER,TMC|BJP|INC|CPM|ISF|OTHER,False,False,,,
48,Malda,,PAYEL KHATUN,425,84,False,OTHER,TMC|BJP|INC|CPM|ISF|OTHER,False,False,,,
49,Malda,MANIKCHAK,CHANDRA,45421,227,False,BJP,TMC|BJP|INC|CPM|ISF|OTHER,False,False,,,
49,Malda,MANIKCHAK,GOUR,44200,243,False,BJP,TMC|BJP|INC|CPM|ISF|OTHER,False,False,,,
49,Malda,MANIKCHAK,AMAL KUMAR,26494,265,False,OTHER,TMC|BJP|INC|CPM|ISF|OTHER,False,False,,,
49,Malda,MANIKCHAK,CHANCHALA,14045,264,False,OTHER,TMC|BJP|INC|CPM|ISF|OTHER,False,False,,,
49,Malda,MANIKCHAK,ANIL CH,12885,227,False,OTHER,TMC|BJP|INC|CPM|ISF|OTHER,False,False,,,
49,Malda,MANIKCHAK,ALAM,11837,253,False,INC,TMC|BJP|INC|CPM|ISF|OTHER,False,False,,,
49,Malda,MANIKCHAK,CHANDRA MANDAL,11680,38,False,BJP,TMC|BJP|INC|CPM|ISF|OTHER,False,False,,,
49,Malda,MANIKCHAK,SABITRI MITRA,9776,188,False,TMC,TMC|BJP|INC|CPM|ISF|OTHER,False,False,,,
49,Malda,MANIKCHAK,ANIL CH MANDAL,5196,13,False,OTHER,TMC|BJP|INC|CPM|ISF|OTHER,False,False,,,
49,Malda,MANIKCHAK,GOUR ALAM,3687,50,False,OTHER,TMC|BJP|INC|CPM|ISF|OTHER,False,True,,,
49,Malda,MANIKCHAK,CHANCHALA KARMAKAR,3610,18,False,OTHER,TMC|BJP|INC|CPM|ISF|OTHER,False,False,,,
49,Malda,MANIKCHAK,Valid Votes,914,38,False,,TMC|BJP|INC|CPM|ISF|OTHER,True,True,,,
49,Malda,MANIKCHAK,DALIM,829,190,False,OTHER,TMC|BJP|INC|CPM|ISF|OTHER,False,False,,,
49,Malda,MANIKCHAK,DALIM MANDAL,623,13,False,OTHER,TMC|BJP|INC|CPM|ISF|OTHER,False,False,,,
49,Malda,MANIKCHAK,AMAL KUMAR CHANDRA MANDAL,523,17,False,BJP,TMC|BJP|INC|CPM|ISF|OTHER,False,False,,eci_candidate:GOUR CHANDRA MANDAL,0.773
49,Malda,MANIKCHAK,SABITRI,521,76,False,TMC,TMC|BJP|INC|CPM|ISF|OTHER,False,False,,,
49,Malda,MANIKCHAK,MITRA,378,76,False,TMC,TMC|BJP|INC|CPM|ISF|OTHER,False,False,,,
49,Malda,MANIKCHAK,CHANCHALA MANDAL,164,38,False,OTHER,TMC|BJP|INC|CPM|ISF|OTHER,False,False,,eci_candidate:CHANCHALA KARMAKAR,0.765
49,Malda,MANIKCHAK,MOTTAKIN,164,37,False,INC,TMC|BJP|INC|CPM|ISF|OTHER,False,False,,,
49,Malda,MANIKCHAK,candidate_col_8,117,18,True,,TMC|BJP|INC|CPM|ISF|OTHER,False,True,,,
49,Malda,MANIKCHAK,SUMITRA DAS,81,50,False,OTHER,TMC|BJP|INC|CPM|ISF|OTHER,False,False,,,
49,Malda,MANIKCHAK,SABITRI MITRA RABIDAS MANDAL,73,18,False,TMC,TMC|BJP|INC|CPM|ISF|OTHER,False,False,,,
49,Malda,MANIKCHAK,KARMAKAR,71,37,False,OTHER,TMC|BJP|INC|CPM|ISF|OTHER,False,False,,,
49,Malda,MANIKCHAK,candidate_col_7,62,15,True,,TMC|BJP|INC|CPM|ISF|OTHER,False,True,,,
49,Malda,MANIKCHAK,candidate_col_9,19,17,True,,TMC|BJP|INC|CPM|ISF|OTHER,False,True,,,
50,Malda,MALDAHA (SC),UJJWAL KUMAR,16183,76,False,TMC,TMC|BJP|INC|CPM|ISF|OTHER,False,False,,,
50,Malda,MALDAHA (SC),GOPAL CHANDRA SAHA,12337,38,False,BJP,TMC|BJP|INC|CPM|ISF|OTHER,False,False,,,
50,Malda,MALDAHA (SC),GOPAL CHOWDHURY,12180,38,False,OTHER,TMC|BJP|INC|CPM|ISF|OTHER,False,True,,,
50,Malda,MALDAHA (SC),BHUPENDRA NATH HALDER (ARJUN),3652,76,False,INC,TMC|BJP|INC|CPM|ISF|OTHER,False,False,,,
50,Malda,MALDAHA (SC),SUJIT KUMAR,274,38,False,OTHER,TMC|BJP|INC|CPM|ISF|OTHER,False,False,,,
50,Malda,MALDAHA (SC),MUKUL SARKAR,175,75,False,OTHER,TMC|BJP|INC|CPM|ISF|OTHER,False,False,,,
50,Malda,MALDAHA (SC),MIRANA SARKAR,162,76,False,OTHER,TMC|BJP|INC|CPM|ISF|OTHER,False,False,,,
50,Malda,MALDAHA (SC),SANTOSH KUMAR MOULIK,85,76,False,OTHER,TMC|BJP|INC|CPM|ISF|OTHER,False,False,,eci_candidate:Sujit Kumar Moulik,0.789
51,Malda,ENGLISH BAZAR,DU,153320,345,False,BJP,TMC|BJP|INC|CPM|ISF|OTHER,False,False,,,
51,Malda,ENGLISH BAZAR,MITRA,65678,346,False,BJP,TMC|BJP|INC|CPM|ISF|OTHER,False,False,,,
51,Malda,ENGLISH BAZAR,KOUSHIK,20130,344,False,CPM,TMC|BJP|INC|CPM|ISF|OTHER,False,False,,,
51,Malda,ENGLISH BAZAR,KRISHNEN,17190,69,False,TMC,TMC|BJP|INC|CPM|ISF|OTHER,False,False,,,
51,Malda,ENGLISH BAZAR,KOUSHIK (13),12200,38,False,CPM,TMC|BJP|INC|CPM|ISF|OTHER,False,False,,,
51,Malda,ENGLISH BAZAR,SREERUPA (11),4218,38,False,BJP,TMC|BJP|INC|CPM|ISF|OTHER,False,False,,,
51,Malda,ENGLISH BAZAR,KRISHNEN (Y),3029,26,False,TMC,TMC|BJP|INC|CPM|ISF|OTHER,False,False,,,
51,Malda,ENGLISH BAZAR,SREERUPA,2284,69,False,BJP,TMC|BJP|INC|CPM|ISF|OTHER,False,False,,,
51,Malda,ENGLISH BAZAR,ADITYA,1238,309,False,OTHER,TMC|BJP|INC|CPM|ISF|OTHER,False,False,,,
51,Malda,ENGLISH BAZAR,DU (12),984,38,False,OTHER,TMC|BJP|INC|CPM|ISF|OTHER,False,True,,,
51,Malda,ENGLISH BAZAR,SURESH,949,344,False,OTHER,TMC|BJP|INC|CPM|ISF|OTHER,False,False,,,
51,Malda,ENGLISH BAZAR,MITRA (14),89,38,False,BJP,TMC|BJP|INC|CPM|ISF|OTHER,False,False,,,
51,Malda,ENGLISH BAZAR,UMA DAS,62,81,False,OTHER,TMC|BJP|INC|CPM|ISF|OTHER,False,False,,,
51,Malda,ENGLISH BAZAR,GAUTAM,43,74,False,OTHER,TMC|BJP|INC|CPM|ISF|OTHER,False,False,,,
51,Malda,ENGLISH BAZAR,FIROZ,30,43,False,OTHER,TMC|BJP|INC|CPM|ISF|OTHER,False,False,,,
51,Malda,ENGLISH BAZAR,ADITYA (16),28,38,False,OTHER,TMC|BJP|INC|CPM|ISF|OTHER,False,False,,,
51,Malda,ENGLISH BAZAR,SURESH (15),18,38,False,OTHER,TMC|BJP|INC|CPM|ISF|OTHER,False,False,,,
52,Malda,MOTHABARI,SHYAMCHANMST YEASMIN,46717,32,False,OTHER,TMC|BJP|INC|CPM|ISF|OTHER,False,True,,,
52,Malda,MOTHABARI,MD ALI,25157,157,False,OTHER,TMC|BJP|INC|CPM|ISF|OTHER,False,False,,,
52,Malda,MOTHABARI,YEASMIN,19838,70,False,TMC,TMC|BJP|INC|CPM|ISF|OTHER,False,False,,,
52,Malda,MOTHABARI,SHYAMCHAN,15711,49,False,BJP,TMC|BJP|INC|CPM|ISF|OTHER,False,False,,,
52,Malda,MOTHABARI,YEASMIN KHATUN,15503,46,False,OTHER,TMC|BJP|INC|CPM|ISF|OTHER,False,True,,,
52,Malda,MOTHABARI,YEASMIN (NUR HOQUE),7199,30,False,OTHER,TMC|BJP|INC|CPM|ISF|OTHER,False,False,,,
52,Malda,MOTHABARI,MST D GHOSH,5987,30,False,OTHER,TMC|BJP|INC|CPM|ISF|OTHER,False,True,,,
52,Malda,MOTHABARI,MD EBRAHIM HOSSAIN,5688,123,False,OTHER,TMC|BJP|INC|CPM|ISF|OTHER,False,False,,,
52,Malda,MOTHABARI,RAM CHANDRA KALIMULLAH,5635,46,False,OTHER,TMC|BJP|INC|CPM|ISF|OTHER,False,True,,,
52,Malda,MOTHABARI,SUBODH,4759,107,False,OTHER,TMC|BJP|INC|CPM|ISF|OTHER,False,False,,,
52,Malda,MOTHABARI,SHYAMCHAN YEASMIN,4675,34,False,OTHER,TMC|BJP|INC|CPM|ISF|OTHER,False,True,,,
52,Malda,MOTHABARI,Votes,3964,30,False,OTHER,TMC|BJP|INC|CPM|ISF|OTHER,False,True,,,
52,Malda,MOTHABARI,MD FARUQUE GHOSH,3900,30,False,OTHER,TMC|BJP|INC|CPM|ISF|OTHER,False,True,,,
52,Malda,MOTHABARI,MST AKTARI,3799,49,False,OTHER,TMC|BJP|INC|CPM|ISF|OTHER,False,False,,,
52,Malda,MOTHABARI,SHYAMCHAN SABINA (SAHITYARATNA),3591,30,False,OTHER,TMC|BJP|INC|CPM|ISF|OTHER,False,True,,,
52,Malda,MOTHABARI,MD FARUQUE DULAL SK,3178,46,False,INC,TMC|BJP|INC|CPM|ISF|OTHER,False,False,,,
52,Malda,MOTHABARI,AKTARI,3115,41,False,OTHER,TMC|BJP|INC|CPM|ISF|OTHER,False,False,,,
52,Malda,MOTHABARI,DULAL SK KALIMULLAH,2807,46,False,INC,TMC|BJP|INC|CPM|ISF|OTHER,False,False,,,
52,Malda,MOTHABARI,MD ALI DULAL SK,2248,32,False,INC,TMC|BJP|INC|CPM|ISF|OTHER,False,False,,,
52,Malda,MOTHABARI,SHYAMCHANMST,2222,41,False,BJP,TMC|BJP|INC|CPM|ISF|OTHER,False,False,,,
52,Malda,MOTHABARI,MD FARUQUE,1209,141,False,OTHER,TMC|BJP|INC|CPM|ISF|OTHER,False,False,,,
52,Malda,MOTHABARI,SAIDUR,1186,113,False,OTHER,TMC|BJP|INC|CPM|ISF|OTHER,False,False,,,
52,Malda,MOTHABARI,SUBODH SARKAR,1174,32,False,OTHER,TMC|BJP|INC|CPM|ISF|OTHER,False,False,,,
52,Malda,MOTHABARI,SAIDUR RAHAMAN,1167,46,False,OTHER,TMC|BJP|INC|CPM|ISF|OTHER,False,False,,,
52,Malda,MOTHABARI,SAIDUR KALIMULLAH,822,32,False,OTHER,TMC|BJP|INC|CPM|ISF|OTHER,False,True,,,
52,Malda,MOTHABARI,MST AKTARI RAHAMAN,757,46,False,OTHER,TMC|BJP|INC|CPM|ISF|OTHER,False,False,,,
52,Malda,MOTHABARI,RAM CHANDRA,683,114,False,OTHER,TMC|BJP|INC|CPM|ISF|OTHER,False,True,,,
52,Malda,MOTHABARI,CHOWDHURY RAHAMAN,610,32,False,OTHER,TMC|BJP|INC|CPM|ISF|OTHER,False,True,,,
52,Malda,MOTHABARI,SUBODH RAHAMAN,570,30,False,OTHER,TMC|BJP|INC|CPM|ISF|OTHER,False,True,,,
52,Malda,MOTHABARI,RAM CHANDRA KHATUN,568,32,False,OTHER,TMC|BJP|INC|CPM|ISF|OTHER,False,True,,,
52,Malda,MOTHABARI,SAIDUR CHOWDHURY,540,29,False,OTHER,TMC|BJP|INC|CPM|ISF|OTHER,False,True,,,
52,Malda,MOTHABARI,SHYAMCHAN CHOWDHURY,390,46,False,OTHER,TMC|BJP|INC|CPM|ISF|OTHER,False,False,,eci_candidate:RAMCHANDRA CHOWDHURI,0.769
52,Malda,MOTHABARI,MD AKTARI,72,30,False,OTHER,TMC|BJP|INC|CPM|ISF|OTHER,False,False,,,
52,Malda,MOTHABARI,MD ALI SARKAR,67,45,False,OTHER,TMC|BJP|INC|CPM|ISF|OTHER,False,True,,,
52,Malda,MOTHABARI,Valid Votes,40,41,False,,TMC|BJP|INC|CPM|ISF|OTHER,True,True,,,
52,Malda,MOTHABARI,RAM CHANDRA HOSSAIN,17,30,False,OTHER,TMC|BJP|INC|CPM|ISF|OTHER,False,True,,,
53,Malda,SUJAPUR,CHOUDHUR MD ABDUL,40402,86,False,OTHER,TMC|BJP|INC|CPM|ISF|OTHER,False,True,,,
53,Malda,SUJAPUR,SK NASMUL,25599,104,False,OTHER,TMC|BJP|INC|CPM|ISF|OTHER,False,False,,,
53,Malda,SUJAPUR,RAFIKUL GHANI,21497,44,False,OTHER,TMC|BJP|INC|CPM|ISF|OTHER,False,True,,,
53,Malda,SUJAPUR,RAFIKUL HASAN,17897,87,False,OTHER,TMC|BJP|INC|CPM|ISF|OTHER,False,True,,,
53,Malda,SUJAPUR,ISHA KHAN,17566,232,False,INC,TMC|BJP|INC|CPM|ISF|OTHER,False,False,,,
53,Malda,SUJAPUR,MD ABDUL HASAN,17167,38,False,TMC,TMC|BJP|INC|CPM|ISF|OTHER,False,False,,eci_candidate:Md Abdul Ghani,0.857
53,Malda,SUJAPUR,MD ABDUL,15613,44,False,TMC,TMC|BJP|INC|CPM|ISF|OTHER,False,False,,,
53,Malda,SUJAPUR,RAFIKUL ISLAM,13757,44,False,OTHER,TMC|BJP|INC|CPM|ISF|OTHER,False,False,,,
53,Malda,SUJAPUR,MD MANJUR,6400,134,False,OTHER,TMC|BJP|INC|CPM|ISF|OTHER,False,False,,,
53,Malda,SUJAPUR,MD ABDUL GHANI,4873,47,False,TMC,TMC|BJP|INC|CPM|ISF|OTHER,False,False,,,
53,Malda,SUJAPUR,MD NASMUL ISLAM,3930,47,False,OTHER,TMC|BJP|INC|CPM|ISF|OTHER,False,True,,,
53,Malda,SUJAPUR,CHOUDHUR MD ABDUL GHANI,3431,44,False,TMC,TMC|BJP|INC|CPM|ISF|OTHER,False,False,,,
53,Malda,SUJAPUR,MD ABDUL RAFIQUL,2845,44,False,OTHER,TMC|BJP|INC|CPM|ISF|OTHER,False,True,,,
53,Malda,SUJAPUR,SK NASMUL HOQUE,2341,80,False,OTHER,TMC|BJP|INC|CPM|ISF|OTHER,False,False,,,
53,Malda,SUJAPUR,MD NUR ISLAM,2006,80,False,OTHER,TMC|BJP|INC|CPM|ISF|OTHER,False,False,,,
53,Malda,SUJAPUR,SK ZIAUDDIN HOQUE,913,3,False,BJP,TMC|BJP|INC|CPM|ISF|OTHER,False,False,,,
53,Malda,SUJAPUR,SK ISLAM,601,87,False,OTHER,TMC|BJP|INC|CPM|ISF|OTHER,False,True,,,
53,Malda,SUJAPUR,MD RAHIM,509,82,False,OTHER,TMC|BJP|INC|CPM|ISF|OTHER,False,False,,,
53,Malda,SUJAPUR,MD MONIRUL ALAHI,478,3,False,OTHER,TMC|BJP|INC|CPM|ISF|OTHER,False,False,,eci_candidate:Md Monirul Hasan,0.812
53,Malda,SUJAPUR,RAFIKUL,411,87,False,OTHER,TMC|BJP|INC|CPM|ISF|OTHER,False,False,,,
53,Malda,SUJAPUR,MD NUR HASAN,382,44,False,OTHER,TMC|BJP|INC|CPM|ISF|OTHER,False,False,,eci_candidate:Md Monirul Hasan,0.786
53,Malda,SUJAPUR,MD NUR,361,103,False,OTHER,TMC|BJP|INC|CPM|ISF|OTHER,False,False,,,
53,Malda,SUJAPUR,MD HOQUE,360,43,False,OTHER,TMC|BJP|INC|CPM|ISF|OTHER,False,False,,,
53,Malda,SUJAPUR,MD MANJUR ALAHI,250,79,False,OTHER,TMC|BJP|INC|CPM|ISF|OTHER,False,False,,,
53,Malda,SUJAPUR,MD ABDUL ISLAM,200,44,False,OTHER,TMC|BJP|INC|CPM|ISF|OTHER,False,True,,,
53,Malda,SUJAPUR,MD ZIAUDDIN,181,87,False,BJP,TMC|BJP|INC|CPM|ISF|OTHER,False,False,,,
53,Malda,SUJAPUR,MD SAIDUL,180,134,False,OTHER,TMC|BJP|INC|CPM|ISF|OTHER,False,False,,,
53,Malda,SUJAPUR,MD RAFIQUL ISLAM,175,38,False,OTHER,TMC|BJP|INC|CPM|ISF|OTHER,False,False,,,
53,Malda,SUJAPUR,MD MANJUR HOQUE,117,88,False,OTHER,TMC|BJP|INC|CPM|ISF|OTHER,False,True,,,
53,Malda,SUJAPUR,SK BISWAS,106,44,False,OTHER,TMC|BJP|INC|CPM|ISF|OTHER,False,False,,,
53,Malda,SUJAPUR,MD SAIDUL HOQUE,80,43,False,OTHER,TMC|BJP|INC|CPM|ISF|OTHER,False,False,,,
53,Malda,SUJAPUR,MD NASMUL ALAHI,53,44,False,OTHER,TMC|BJP|INC|CPM|ISF|OTHER,False,True,,,
53,Malda,SUJAPUR,MD SAIDUL MONIRUL,41,44,False,OTHER,TMC|BJP|INC|CPM|ISF|OTHER,False,False,,eci_candidate:Md. Saidul Hoque,0.75
53,Malda,SUJAPUR,MD SAIDUL BISWAS,21,38,False,OTHER,TMC|BJP|INC|CPM|ISF|OTHER,False,False,,eci_candidate:Md. Rahim Biswas,0.774
53,Malda,SUJAPUR,MD RAHIM BISWAS,16,44,False,OTHER,TMC|BJP|INC|CPM|ISF|OTHER,False,False,,,
53,Malda,SUJAPUR,MD ISLAM,14,43,False,OTHER,TMC|BJP|INC|CPM|ISF|OTHER,False,False,,,
53,Malda,SUJAPUR,MD SAIDUL HASAN,7,3,False,OTHER,TMC|BJP|INC|CPM|ISF|OTHER,False,False,,eci_candidate:Md Monirul Hasan,0.774
53,Malda,SUJAPUR,MD BISWAS,1,3,False,OTHER,TMC|BJP|INC|CPM|ISF|OTHER,False,False,,,
53,Malda,SUJAPUR,MD MUNSHI HOQUE,0,3,False,OTHER,TMC|BJP|INC|CPM|ISF|OTHER,False,True,,,
54,Malda,BAISNABNAGAR,SWADHIN KUMAR MANDAL,59063,107,False,BJP,TMC|BJP|INC|CPM|ISF|OTHER,False,False,,,
54,Malda,BAISNABNAGAR,CHANDANA SARKAR,45129,169,False,TMC,TMC|BJP|INC|CPM|ISF|OTHER,False,False,,,
54,Malda,BAISNABNAGAR,KURBAN ANSARI,24115,215,False,OTHER,TMC|BJP|INC|CPM|ISF|OTHER,False,False,,,
54,Malda,BAISNABNAGAR,NIKHIL CHANDRA,21280,85,False,OTHER,TMC|BJP|INC|CPM|ISF|OTHER,False,False,,,
54,Malda,BAISNABNAGAR,SWADHIN KUMAR SARKAR,18356,62,False,BJP,TMC|BJP|INC|CPM|ISF|OTHER,False,False,,,
54,Malda,BAISNABNAGAR,AZIZUL HOQUE,17205,147,False,INC,TMC|BJP|INC|CPM|ISF|OTHER,False,False,,,
54,Malda,BAISNABNAGAR,CHANDANA,12418,109,False,TMC,TMC|BJP|INC|CPM|ISF|OTHER,False,False,,,
54,Malda,BAISNABNAGAR,HARENDRANATH,9381,80,False,OTHER,TMC|BJP|INC|CPM|ISF|OTHER,False,False,,,
54,Malda,BAISNABNAGAR,CHANDRA,7135,40,False,OTHER,TMC|BJP|INC|CPM|ISF|OTHER,False,False,,,
54,Malda,BAISNABNAGAR,NIKHIL,3655,40,False,OTHER,TMC|BJP|INC|CPM|ISF|OTHER,False,False,,,
54,Malda,BAISNABNAGAR,SWADHIN KUMAR,844,117,False,BJP,TMC|BJP|INC|CPM|ISF|OTHER,False,False,,,
54,Malda,BAISNABNAGAR,SAMIR GHOSH,825,214,False,OTHER,TMC|BJP|INC|CPM|ISF|OTHER,False,False,,,
54,Malda,BAISNABNAGAR,NIKHIL CHANDRA SARKAR,638,107,False,OTHER,TMC|BJP|INC|CPM|ISF|OTHER,False,False,,,
54,Malda,BAISNABNAGAR,NIKHIL CHANDRA MANDAL,583,62,False,OTHER,TMC|BJP|INC|CPM|ISF|OTHER,False,False,,,
54,Malda,BAISNABNAGAR,HARENDRANATH SARKAR,388,98,False,OTHER,TMC|BJP|INC|CPM|ISF|OTHER,False,False,,,
54,Malda,BAISNABNAGAR,Rejected Votes,140,40,False,,TMC|BJP|INC|CPM|ISF|OTHER,True,True,,,
54,Malda,BAISNABNAGAR,Valid Votes,131,40,False,,TMC|BJP|INC|CPM|ISF|OTHER,True,True,,,
34,Uttar Dinajpur,Kaliaganj,TAPAN DEB SINGHA,,,False,TMC,,False,False,,,
34,Uttar Dinajpur,Kaliaganj,SOUMEN ROY,,,False,BJP,,False,False,,,
34,Uttar Dinajpur,Kaliaganj,PRAVASH SARKAR,,,False,INC,,False,False,,,
34,Uttar Dinajpur,Kaliaganj,ALEN SARKAR,,,False,OTHER,,False,False,,,
34,Uttar Dinajpur,Kaliaganj,Dilip Chandra Ray,,,False,OTHER,,False,False,,,
34,Uttar Dinajpur,Kaliaganj,GOPAL CHUNARY,,,False,OTHER,,False,False,,,
34,Uttar Dinajpur,Kaliaganj,NAMALA KANTA SARKAR,,,False,OTHER,,False,False,,,
34,Uttar Dinajpur,Kaliaganj,SHYAMA SARKAR,,,False,OTHER,,False,False,,,
34,Uttar Dinajpur,Kaliaganj,SUDHIR SARKAR,,,False,OTHER,,False,False,,,
34,Uttar Dinajpur,Kaliaganj,SURESH BARMAN,,,False,OTHER,,False,False,,,
43,Malda,Habibpur,JOYEL MURMU,,,False,BJP,,False,False,,,
43,Malda,Habibpur,PRODIP BASKEY,,,False,TMC,,False,False,,,
43,Malda,Habibpur,THAKUR TUDU,,,False,CPM,,False,False,,,
43,Malda,Habibpur,BABURAM BISWANATH,,,False,OTHER,,False,False,,,
43,Malda,Habibpur,JOY,,,False,OTHER,,False,False,,,
43,Malda,Habibpur,KISKU,,,False,OTHER,,False,False,,,
43,Malda,Habibpur,MARDI,,,False,OTHER,,False,False,,,
43,Malda,Habibpur,NIRMAL KISKU,,,False,OTHER,,False,False,,,
43,Malda,Habibpur,NUMAL PROVATH KISKU,,,False,OTHER,,False,False,,,
43,Malda,Habibpur,SOREN,,,False,OTHER,,False,False,,,
