ac_no,part_no,booth_name
1,1,PAKHIHAGA HAT GOBINDA MOHAN  JUNIOR HIGH SCHOOL
1,2,INDRER KUTHI 5TH PLAN PRY SCHOOL
1,3,"GILADANGA GOVT. PRY. SCHOOL, ROOM NO.1 ."
1,4,"GILADANGA GOVT.PRY. SCHOOL, ROOM NO.2"
1,5,KACHAKHAWA 4TH PLAN PRY. SCHOOL
1,6,JORESIMULI JUNIOR HIGH SCHOOL
1,7,JORESIMULI GOVT.PRY. SCHOOL
1,8,RANGAPANI 5TH PLAN PRY. SCHOOL
1,9,PAGARBARI  5TH PLAN PRY. SCHOOL
1,10,CHHOTO KESHARIBARI GOVT.PRY. SCHOOL
1,11,"KALIRHAT GOVT.PRY. SCHOOL, ROOM NO. 1"
1,12,"KALIRHAT GOVT.PRY. SCHOOL, ROOM NO. 2"
1,13,"PASCHIM BAMUNIA AIDED PRY. SCHOOL, ROOM NO. 1"
1,14,"PASCHIM BAMUNIA AIDED PRY. SCHOOL, ROOM NO. 2"
1,15,UPANIRPAR AIDED PRY  SCHOOL
1,16,RANGAPANI BALASI JUNIOR BASIC SCHOOL
1,17,UCHHALPUKURI AIDED PRY. SCHOOL
1,18,DOLONATH HIGH SCHOOL
1,19,GOPALPUR  AIDED PRY SCHOOL
1,20,GOPALPUR 4TH PLAN PRY. SCHOOL
1,21,PATCHHARA GOPALPUR 1ST PHASE AIDED PRY. SCHOOL
1,22,"DHANDHANIA A. P. SCHOOL, ROOM NO. 1"
1,23,"DHANDHANIA A. P. SCHOOL, ROOM NO. 2"
1,24,BHOGRAMGURI HARISHABHA JUNIOR BASIC SCHOOL
1,25,BHOGRAMGURI ICHHAGANJ BAZAR 4TH PLAN PRY. SCHOOL
1,26,JNANSADHAK 5TH PLAN PRY. SCHOOL
1,27,"BHOGRAMGURI GOVT.PRY. SCHOOL, ROOM NO. 1"
1,28,"BHOGRAMGURI GOVT.PRY. SCHOOL, ROOM NO. 2"
1,29,"TETULARCHHARA 4TH PLAN PRY. SCHOOL, ROOM NO. 1"
1,30,"TETULARCHHARA 4TH PLAN PRY. SCHOOL, ROOM NO. 2"
1,31,BURABURI AIDED PRY. SCHOOL
1,32,DWARIKAMARI ADARSHA AIDED PRY. SCHOOL
1,33,DWARIKAMARI NO.2 GOVT.PRY. SCHOOL
1,34,"JAMALDAH TULSIDEBI HIGHER SECONDARY SCHOOL, ROOM NO. 1"
1,35,"JAMALDAH TULSIDEBI HIGHER SECONDARY SCHOOL, ROOM NO. 2"
1,36,"JAMALDAH JUNIOR BASICLAL SCHOOL, ROOM NO. 1"
1,37,"JAMALDAH JUNIOR BASICLAL SCHOOL, ROOM NO. 2"
1,38,PATCHHARA BURABURI AIDED PRY. SCHOOL
1,39,JAMALDAH NO.2  NEW PRY. SCHOOL
1,40,DWARIKAMARI No. 1 GOVT. PRY. SCHOOL
1,41,KHARIJA JAMALDAH AIDED PRY. SCHOOL
1,42,BAROUNI HARIBASHAR AIDED PRY. SCHOOL
1,43,"KHARIJA GOPALPUR 5TH PLAN PRY, SCHOOL"
1,44,"THUNKIRJHAR GOVT.PRY. SCHOOL, ROOM NO. 1"
1,45,"THUNKIRJHAR GOVT.PRY. SCHOOL,ROOM NO. 2"
1,46,PATCHHARA GOPALPUR C S PRY. SCHOOL
1,47,UCHHALPUKURI NO.2  S.C. PRY. SCHOOL (PACHAR MORE)
1,48,"UCHHALPUKURI NO.1  S.C. PRY. SCHOOL, ROOM NO. 1"
1,49,"UCHHALPUKURI NO.1 SPL. CADRE PRY. SCHOOL, ROOM NO. 2"
1,50,UCHHALPUKURI KRISHAK UDYOG HIGH SCHOOL
1,51,"KALI MEMORIAL SC PRY SCHOOL, ROOM NO. 1"
1,52,"KALI MEMORIAL SC PRY SCHOOL, ROOM NO. 2"
1,53,KAMALANANDA GIRI NEW PRY. SCHOOL
1,54,DHULIA BALDIAHATI NEW PRY. SCHOOL
1,55,BALASIRGHAT AIDED PRY. SCHOOL
1,56,"DHULIAHAT AIDED PRY. SCHOOL, ROOM. NO. 1"
1,57,"DHULIAHAT AIDED PRY. SCHOOL, ROOM. NO. 2"
1,58,DHULIAKHALISHA 1ST PHASE AIDED PRY. SCHOOL
1,59,"CHARCHARABARI NEW PRY. SCHOOL, ROOM NO. 1"
1,60,"CHARCHARABARI NEW PRY. SCHOOL, ROOM NO. 2"
1,61,CHHAT DHULIA RAMSUNDAR DIDED PRY SCHOOL
1,62,UCHHALPUKURI AIDED PRY. SCHOOL(DOKANIR TARI)
1,63,SHALTALI AIDED PRY. SCHOOL
1,64,"UCHHALPUKURI NO. 3, NEW PRY. SCHOOL"
1,65,UTTAR HEMKUMARI AIDED PRY. SCHOOL
1,66,"SOULMARI HIGH SCHOOL, ROOM. NO. 1"
1,67,"SOULMARI HIGH SCHOOL, ROOM. NO. 2"
1,68,SAROHATI NEW PRY. SCHOOL
1,69,CHHAT DHULIA BALDIAHATI AIDED PRY. SCHOOL
1,70,"SOULMARI AIDED PRY. SCHOOL, ROOM NO. 1"
1,71,"SOULMARI AIDED PRY. SCHOOL, ROOM NO. 2"
1,72,KAMAT CHANGRABANDHA 5TH PLAN PRY. SCHOOL
1,73,ALOKJHARI JUNIOR HIGH SCHOOL
1,74,"BOKNABANDHA AIDED PRY. SCHOOL, (1ST PHASE)"
1,75,DORADABURI GOVT. PRY. SCHOOL
1,76,JAMALDAHA IST PHASE AIDED PRY. SCHOOL
1,77,BHOGJAN UPENDRANATH 4TH PLAN NEW PRY. SCHOOL
1,78,BOKNABANDHA NETAJI 4TH PLAN PRY. SCHOOL
1,79,KAMAT CHANGRABANDHA JUNIOR BASIC SCHOOL
1,80,PANISALA STATE PLAN PRY. SCHOOL
1,81,KAMAT CHANGRABANDHA STATE PLAN PRY. SCHOOL
1,82,PANISALA AIDED PRY. SCHOOL
1,83,"KAMAT CHANGRABANDHA 5TH PLAN PRY. SCHOOL, ROOM NO. 1"
1,84,TARAMOHAN 5TH PLAN PRY SCHOOL
1,85,"KAMAT CHANGRABANDHA 5TH PLAN PRY. SCHOOL, ROOM NO. 2"
1,86,"CHANGRABANDHA HIGHER SECONDARY SCHOOL, ROOM NO. 1"
1,87,"CHANGRABANDHA HIGHER SECONDARY SCHOOL, ROOM NO. 2"
1,88,CHANGRABANDHA JUNIOR BASIC SCHOOL
1,89,BHOTBARI NO. 2 A. P. SCHOOL
1,90,RAJKANTA NEW PRY. SCHOOL
1,91,BHOTBARI GOVT PRY. SCHOOL
1,92,"147, PURBA BHOTBARI BASAKTARI 5TH PLAN PRY. SCHOOL"
1,93,"BHOTBARI S.C. PRY. SCHOOL, ROOM NO. 1"
1,94,"BHOTBARI S.C. PRY. SCHOOL, ROOM NO. 2"
1,95,"LOTHAMARI AIDED PRY. SCHOOL, (1ST PHASE)"
1,96,KHARKHARIA AIDED PRY SCHOOL
1,97,JOYHARI AIDED PRY SCHOOL
1,98,RUPSING NEW PRY SCHOOL
1,99,KALYANKUMARI PRY SCHOOL
1,100,UTTAR NIZTARAF AIDED PRY  SCHOOL
1,101,NIZTARAF STATE PLAN PRY  SCHOOL
1,102,BHANDANI AIDED PRY SCHOOL
1,103,HARIJAN AP SCHOOL
1,104,72 NIJTARAF 5TH PLAN PRY. SCHOOL
1,105,"SINGHA PARA SPL. CADRE PRY. SCHOOL, ROOM NO-1"
1,106,"SINGHA PARA SPL. CADRE PRY. SCHOOL, ROOM NO-2"
1,107,"MEKLIGANJ HIGHER SECONDARY SCHOOL, ROOM NO. 1"
1,108,"MEKLIGANJ HIGHER SECONDARY SCHOOL, ROOM NO. 2"
1,109,INDIRADEBI GIRLS&#x27; HIGH SCHOOL
1,110,"SWIDISH MISSION AP SCHOOL, ROOM NO. 1"
1,111,"SWIDISH MISSION AP SCHOOL, ROOM NO. 2"
1,112,NALARTARI 4TH PLAN PRY. SCHOOL
1,113,"FULKADABRI GOVT. PRY. SCHOOL, ROOM NO. 1"
1,114,"FULKADABRI GOVT. PRY. SCHOOL, ROOM NO. 2"
1,115,FULKADABRI NO.1 AIDED PRY. SCHOOL
1,116,"NABIN CHANDRA HIGH  SCHOOL, ROOM NO. 1"
1,117,BAGDOKRA GOVT. PRY. SCHOOL
1,118,"NABIN CHANDRA HIGH  SCHOOL, ROOM NO. 2"
1,119,BHOTBARI CENTRAL SPONSORED . PRY. SCHOOL
1,120,FULKADABRI SPL. CADRE PRY. SCHOOL
1,121,SATI GHATER PAR RAMNIDHI HIGH SCHOOL
1,122,JIGABARI JUNIOR BASIC SCHOOL
1,123,"118, JIGABARI 5TH PLAN PRY. SCHOOL"
1,124,UPONCHOWKI KUCHLIBARI AIDED PRY. SCHOOL
1,125,BRAMATTAR KUCHLIBARI C.S. PRY. SCHOOL
1,126,JABURABARI AIDED PRY. SCHOOL
1,127,EKRIMIA JUNIOR HIGH SCHOOL
1,128,KASHIABARI HARAKANTA 4TH PLAN PRY SCHOOL
1,129,JAMALDAH BALAPUKURI AP SCHOOL
1,130,UPENCHOUKI HIGHER SECONDARY   SCHOOL
1,131,DHAPRAHAT JUNIOR BASIC SCHOOL
1,132,ANDARAN KUCHLIBARI JUNIOR BASIC SCHOOL
1,133,ANDARAN KUCHLIBARI C. S. PRY SCHOOL
1,134,TEESTA PAYASTI AP SCHOOL
1,135,KAMATBINDI GOVT. PRY. SCHOOL
1,136,DARIPATTANI AIDED PRY. SCHOOL
1,137,PER-MEKLIGANJ S.C.PRY. SCHOOL
1,138,GALENGERHAT GOVT. PRY. SCHOOL
1,139,DEWANGANJ HIGH SCHOOL
1,140,SAHEBGANJ NEW  PRY. SCHOOL
1,141,JANGALBOSH 5TH PLAN PRY. SCHOOL
1,142,"BAJEJAMA AP SCHOOL, ROOM NO. 1"
1,143,"BAJEJAMA AP SCHOOL, ROOM NO. 2"
1,144,BOALMARI GOVT. PRY. SCHOOL
1,145,BIBIGANJ JUNIOR BASIC SCHOOL
1,146,BOXIGANJ PAYASTI NO.2 PRY. SCHOOL
1,147,BASARAJBALA NEW PRY. SCHOOL
1,148,"148,KHASBOSH 5TH PLAN PRY. SCHOOL"
1,149,PRAN MAJUMDAR STAT PLAN PRY. SCHOOL
1,150,CHHOTO HALDIBARI NEW PRY. SCHOOL
1,151,BARERDANGA JUNIOR BASIC SCHOOL
1,152,BOXIGANJ NO. 1 GOVT. PRY. SCHOOL
1,153,BASARAJBALA AIDED PRY. SCHOOL
1,154,WAHABUL- UL-ALAM JUNIOR BASIC SCHOOL
1,155,NABAKISHOR HIGH SCHOOL
1,156,WAHABUL- UL-ALAM JUNIOR HIGH SCHOOL
1,157,AMBAGAN 5TH PAN AIDED PRY. SCHOOL
1,158,KASHIABARI JAYANTINAGAR PRY. SCHOOL
1,159,"KASHIABARI  JUNIOR BASIC SCHOOL, ROOM NO. 1"
1,160,"KASHIABARI  JUNIOR BASIC SCHOOL, ROOM NO. 2"
1,161,UTTAR SANTINAGAR PRY. SCHOOL
1,162,"PAYAMARI NEW PRY. SCHOOL, ROOM NO. 1"
1,163,"PAYAMARI NEW PRY. SCHOOL, ROOM NO. 2"
1,164,"KASIABARI NO.1 AIDED PRY SCHOOL, ROOM NO. 1"
1,165,"KASIABARI NO.1 AIDED PRY SCHOOL, ROOM NO. 2"
1,166,DANGAPARA AIDED PRY. SCHOOL
1,167,JHAKUAPARA R.B.M. PRY. SCHOOL
1,168,HALDIBARI PRE BASIC SCHOOL
1,169,NETAJI SUBHASH MAHABIDYALAYA
1,170,BANA CHAND JR. BASIC SCHOOL
1,171,RAMESWAR LAL PRY. SCHOOL(Kshudiram Pally)
1,172,PURBAPARA STATE PLAN PRY.  SCHOOL
1,173,HALDIBARI H. S SCHOOL
1,174,HALDIBARI GIRLS H. S SCHOOL
1,175,PASCHIMPARA 5TH PLAN  PRY. SCHOOL
1,176,BALADANGA JR. BASIC SCHOOL
1,177,DHARANAGAR COLONY STATE  PLAN PRY. SCHOOL
1,178,GANGDOBA NEW PRY.   SCHOOL
1,179,BOALIBARI PRY. SCHOOL
1,180,BALADANGA SIMULTALA S.C. PRY. SCHOOL
1,181,DANGAPARA NEW PRY. SCHOOL
1,182,"DAKSHIN  BARA HALDIBARI n. P. SCHOOL, ROOM NO. 1"
1,183,"DAKSHIN  BARA HALDIBARI n. P. SCHOOL, ROOM NO. 2"
1,184,BOXIGANJ ANDARAN KHASBOSH 5TH PLAN  PRY. SCHOOL
1,185,BARO HALDIBARI PATTAN PARA PRY. SCHOOL
1,186,FATEMAMUD JUNIOR BASIC SCHOOL
1,187,KHASBOSH BAJEJAMMA AIDED PRY SCHOOL(NAUYAPARA)
1,188,"19, JNANDAS  5TH PLAN PRY. SCHOOL, ROOM NO. 1"
1,189,"19, JNANDAS  5TH PLAN PRY. SCHOOL, ROOM NO. 2"
1,190,"HUDUMDANGA  A.P.  SCHOOL, ROOM NO. 1"
1,191,"HUDUMDANGA  A.P.  SCHOOL, ROOM NO. 2"
1,192,SHAMILABOSH JUNIOR BASIC SCHOOL
1,193,DEWANGANJ 5TH PLAN PRY SCHOOL
1,194,HEMKUMARI PASCHIM AIDED PRY. SCHOOL
1,195,DEWANGANJ JUNIOR HIGH SCHOOL
1,196,VIVEKANANDA VIDYAPITH PRY. SCHOOL
1,197,HUDUMDANGA NETAJI AIDED PRY SCHOOL
1,198,HEMKUMARI SOUTH  GOVT. PRY SCHOOL
1,199,PURBO HEMKUMARI  GOVT. PRY SCHOOL
1,200,AMETULLA GOVT. PRY. SCHOOL
1,201,HEMKUMARI PATOWARIPARA JUNIOR BASIC SCHOOL
1,202,HEMKUMARI  AIDED PRY SCHOOL
1,203,"JANGALBOSH JUNIOR BASIC SCHOOL, ROOM. NO. 1"
1,204,"JANGALBOSH JUNIOR BASIC SCHOOL, ROOM. NO. 2"
1,205,"HEMKUMARI HIGH SCHOOL, ROOM NO. 1"
1,206,"HEMKUMARI HIGH SCHOOL, ROOM NO. 2"
1,207,TATTARAM 5TH PLAN  PRY.  SCHOOL
1,208,DEWANBOSH JUNIOR BASIC SCHOOL
1,209,SAMILABOSH NO.2 AIDED PRY. SCHOOL
2,1,"DESBANDHU JR. BASIC SCHOOL, ROOM NO.1"
2,2,"DESBANDHU JR. BASIC SCHOOL, ROOM NO.2"
2,3,PANIGRAM SADHURDANGA A.P. SCHOOL
2,4,PANIGRAM JUNIOR HIGH SCHOOL
2,5,PANIGRAM JR. BASIC SCHOOL
2,6,NAYERHAT PRIMARY SCHOOL
2,7,PUTIMARI PRIMARY SCHOOL
2,8,SIMULGURI 4TH PLAN PRY. SCHOOL
2,9,PURBA KHANDA BAMUNIA GOVT. PRY. SCHOOL
2,10,"GENDUGURI HARISHABHA PRY. SCHOOL, ROOM NO.1"
2,11,"GENDUGURI HARI SHABHA PRY. SCHOOL, ROOM NO.2"
2,12,"GENDUGURI HARI SHABHA PRY. SCHOOL, ROOM NO.3"
2,13,"GENDUGURI 4TH PLAN PRY. SCHOOL, ROOM NO. 1"
2,14,"GENDUGURI 4TH PLAN PRY. SCHOOL, ROOM NO. 2"
2,15,ICHHAGANJ SUKUR CHAND HIGH SCHOOL
2,16,CHONGARKHATA KHAGRIBARI BAROBHITA 5TH PLAN PRY. SCHOOL
2,17,CHONGARKHATA KHAGRIBARI  1ST PHASE PRY. SCHOOL
2,18,"KUKTIKATA JR. BASIC SCHOOL, ROOM NO. 1"
2,19,"KUKTIKATA JR. BASIC SCHOOL, ROOM NO. 2"
2,20,"DUAI SHUAI 5TH PLAN PRIMARY SCHOOL, ROOM NO. 1"
2,21,"DUAI SHUAI 5TH PLAN PRIMARY SCHOOL, ROOM NO. 2"
2,22,GARIBPUR 4TH PLAN PRY. SCHOOL
2,23,TETULERCHHARA PRY. SCHOOL DHAPER HAT
2,24,"ASHOKBARI A.P. SCHOOL, ROOM NO. 1"
2,25,"ASHOKBARI A. P. SCHOOL, ROOM NO. 2"
2,26,"ASHOKBARI AIDED PRY. SCHOOL, ROOM NO. 3"
2,27,JAMIRDANGA (UTTAR) 5TH PLAN PRY. SCHOOL
2,28,"CHENAKATA 4TH PLAN SCHOOL, ROOM NO. 1"
2,29,"CHENAKATA 4TH PLAN SCHOOL, ROOM NO. 2"
2,30,ASHOKBARI PRY. SCHOOL
2,31,ANGARMANI PRY. SCHOOL
2,32,BALARHAT PRY. SCHOOL
2,33,BARODOLA 1ST PHASE PRY. SCHOOL
2,34,GADALERKUTHI JR. BASIC SCHOOL
2,35,"BHESRIRDANGA SHISHUSHIKSHA NIKETAN PRY. SCHOOL, ROOM NO. 1"
2,36,"BHESRIRDANGA SHISHUSHIKSHA NIKETAN PRY. SCHOOL, ROOM NO. 2"
2,37,"SHIKARPUR HIGH SCHOOL, ROOM NO. 1"
2,38,"SHIKARPUR HIGH SCHOOL, ROOM NO. 2"
2,39,"MOHANPUR A. P. SCHOOL, ROOM NO. 1"
2,40,"MOHANPUR A. P. SCHOOL, ROOM NO. 2"
2,41,DARIBASH 5TH PLAN PRY. SCHOOL
2,42,"BAROGHARIA GARKUTA JR. BASIC SCHOOL, ROOM NO.1"
2,43,"BAROGHARIA GARKUTA JR. BASIC SCHOOL, ROOM NO. 2"
2,44,SATGRAM MANABARI SHITAL LAHIRI PRY. SCHOOL
2,45,"NALANGIBARI SPL. CADRE PRY. SCHOOL, ROOM NO. 1"
2,46,"NALANGIBARI 5TH PRY. SCHOOL, ROOM NO. 2"
2,47,PURBA NALANGIBARI 5TH PLAN PRY. SCHOOL
2,48,"DALUARPAR PRY. SCHOOL, ROOM NO. 1"
2,49,"DALUARPAR PRY. SCHOOL, ROOM NO. 2"
2,50,"SATGRAM KURSHAMARI HIGH SCHOOL, ROOM NO. 1"
2,51,"SATGRAM KURSHAMARI HIGH SCHOOL, ROOM NO. 2"
2,52,"SATGRAM 1ST PHASE PRY. SCHOOL, ROOM NO. 1"
2,53,"SATGRAM 1ST PHASE PRY. SCHOOL, ROOM NO. 2"
2,54,"ABASH RATANPUR JR. BASIC SCHOOL, ROOM NO. 1"
2,55,MAHISHCHARU STATE PLAN PRY. SCHOOL
2,56,"ABASH RATANPUR JR. BASIC SCHOOL, ROOM NO. 2"
2,57,"RATHERDANGA A. P. SCHOOL, ROOM NO. 1"
2,58,BARO KHALISHAMARI A. P. 1ST PHASE PRY. SCHOOL
2,59,BARO KHALIMARI SCHOOL (SARDARTARI)
2,60,NENDARPAR PRY. SCHOOL
2,61,CHANDAMARI PRY. SCHOOL
2,62,KHARIJA KAWARDERA 4TH PLAN PRY. SCHOOL
2,63,JOREPATKI JR. HIGH SCHOOL
2,64,BHURKULDANGA AP SCHOOL
2,65,CHHAT JOREPATKI SPL. CADRE PRY. SCHOOL (AMTALI)
2,66,"BACHAGARI R. R. PRY. SCHOOL, ROOM NO. 1"
2,67,"BOCHAGARI R. R. PRY. SCHOOL, ROOM NO. 2"
2,68,JOREPATKI JR. BASIC SCHOOL
2,69,PANAGURI 4TH PLAN PRY. SCHOOL
2,70,"SHIBPUR JR. HIGH SCHOOL (DAKSHIN PARSHA ANGSHA), ROOM NO. 1"
2,71,BOCHAGARI 4TH PLAN PRY. SCHOOL
2,72,"SHIBPUR JR. HIGH SCHOOL (UTTARANGSHA), ROOM NO. 2"
2,73,JATAMARI  N. P. BASIC SCHOOL
2,74,MIOREBHANGA  SAKALI PRY. SCHOOL
2,75,JATAMARI  PRY. SCHOOL (SITERDANGA)
2,76,CHHOTO KHALISHAMARI N. P.  SCHOOL
2,77,"KHALISHA MARI G. P.  SCHOOL, ROOM NO. 1"
2,78,"KHALISHA MARI G. P.  SCHOOL, ROOM NO. 2"
2,79,RUPKANTA SHISHU SIKSHANIKETAN
2,80,SONARCHALUN  G. P. SCHOOL
2,81,SONARCHALUN JR. MADRASAH
2,82,"SONARCHALUN  G. P. SCHOOL, ROOM NO. 2"
2,83,MAHISHMURI  STATE PLAN PRY. SCHOOL
2,84,SHIALDANGA 5TH PLAN PRY. SCHOOL
2,85,MAHISHMURI G.P. SCHOOL
2,86,MAHISHMURI JR. BASIC SCHOOL
2,87,MAHISHMURI JR. HIGH SCHOOL
2,88,SANGARBARI 5TH PLAN PRY. SCHOOL
2,89,RATANPUR A.P. SCHOOL
2,90,CHHOTO MADHUSUDAN GOVT. PRY. SCHOOL
2,91,"RANGAMATI A. P. SCHOOL, ROOM NO. 1"
2,92,"RANGAMATI A. P. SCHOOL, ROOM NO. 2"
2,93,"NALGRAM PRY.  SCHOOL, ROOM NO. 1"
2,94,"NALGRAM PRY.  SCHOOL, ROOM NO. 2"
2,95,"SATIMARI  A. P. SCHOOL, ROOM NO. 1"
2,96,"SATIMARI  A. P. SCHOOL, ROOM NO. 2"
2,97,"BAROKAIMARI  JR. BASIC   SCHOOL, ROOM NO. 1"
2,98,DAKGHARA  JR. HIGH SCHOOL
2,99,"BAROKAIMARI  JR. BASIC   SCHOOL, ROOM NO. 2"
2,100,"NAGAR DAKALIGANJ HIGH SCHOOL,  ROOM NO.1"
2,101,"NAGAR DAKALIGANJ HIGH  SCHOOL,  ROOM NO.2"
2,102,BARO PINJARIRJHAR  JR. BASIC  SCHOOL (BHATAR HAT)
2,103,"BARO PINJARIRJHAR  NARENDRANATH PRY. SCHOOL, ROOM NO. 1"
2,104,"BARO PINJARIRJHAR  NARENDRANATH PRY. SCHOOL, ROOM NO. 2"
2,105,NALGRAM NEW PRY. SCHOOL
2,106,"NAGAR DAKALIGANJ HIGH  SCHOOL,  ROOM NO.3"
2,107,ABUAR PATHAR  G. P. SCHOOL
2,108,KURSHAMARI PRY. SCHOOL
2,109,GANGDHAR PRY. SCHOOL
2,110,BHOGDABRI A. P. SCHOOL
2,111,"PURBA BHOGDABRI 5TH PLAN PRY. SCHOOL, ROOM NO. 1"
2,112,TANTUBAY SAMABAY SAMITI
2,113,"PURBA BHOGDABRI 5TH PLAN PRY. SCHOOL, PURATAN BARI"
2,114,"BHAWAIRTHANA GOVT. PRY. SCHOOL, &#xD;&#xA;ROOM NO. 1"
2,115,"BHAWAIRTHANA GOVT. PRY. SCHOOL, ROOM NO. 2"
2,116,BHAWAIRTHANA HIGH SCHOOL
2,117,NEW BHAWAIRTHANA 5TH PLAN PRY. SCHOOL
2,118,KHENCHI MASHANKURA A. P. SCHOOL
2,119,AWYALIKURA 4TH PLAN PRY. SCHOOL
2,120,"KHENCHI STATE PLAN PRY. SCHOOL, ROOM NO. 1"
2,121,"KHENCHI STATE PLAN PRY. SCHOOL, ROOM NO. 2"
2,122,"BARO MADHUSUDAN SPL. CADRE PRY. SCHOOL, ROOM NO. 1"
2,123,"BARO MADHUSUDAN SPL. CADRE PRY. SCHOOL, ROOM NO. 2"
2,124,CHHOTO PINJARIR JHAR R. M. VIDYAPEETH
2,125,"GOSSAIRHAT HIGH SCHOOL, ROOM NO. 1"
2,126,"GOSSAIRHAT HIGH SCHOOL, ROOM NO. 2"
2,127,KHENCHI KACHARIR GHAT PRY. SCHOOL
2,128,"BARA DHAPERCHATRA A. P. SCHOOL, &#xD;&#xA;ROOM NO. 1"
2,129,NEW DHAPERCHATRA A. P. SCHOOL
2,130,"BARA DHAPERCHATRA A. P. SCHOOL, &#xD;&#xA;ROOM NO. 2"
2,131,GOSSAIRHAT G. P. SCHOOL
2,132,"GARKHOLA  A. P. SCHOOL, ROOM NO. 1"
2,133,"GARKHOLA  A. P. SCHOOL, ROOM NO. 2"
2,134,GOSSAIRHAT JR. BASIC SCHOOL
2,135,ANTARAM PRY. SCHOOL (MAHAKLER DHAM)
2,136,MAHINDRA CHANDRA VIDYAPEETH
2,137,"SARBESWAR JOYDUAR NO.1 A. P. SCHOOL, ROOM NO. 1"
2,138,"SARBESWAR JOYDUAR NO.1 A. P. SCHOOL, ROOM NO. 2"
2,139,"CHHOTA SALBARI JAMIRUDDIN HIGH SCHOOL, ROOM NO. 1"
2,140,"BARO GADAIKHORA A. P. SCHOOL, ROOM NO. 1"
2,141,BARO GADAIKHORA NABIN SANGHA PATHAGAR
2,142,"CHHOTA SALBARI JAMIRUDDIN HIGH SCHOOL, ROOM NO. 2"
2,143,"BARO GADAIKHORA A. P. SCHOOL, ROOM NO. 2"
2,144,BARO GADAIKHORA V. M. HIGH SCHOOL
2,145,DEWANKOT STATE PLAN PRY. SCHOOL
2,146,DEWANKOT JOYDUAR C. S. PRY. SCHOOL
2,147,KHANURDANGA N. P. SCHOOL
2,148,"SARBESWAR JOYDUAR NO. 2 BASIC SCHOOL , ROOM NO.1"
2,149,"SARBESWAR JOYDUAR NO. 2 BASIC SCHOOL , ROOM NO.2"
2,150,"SARBESWAR JOYDUAR NO. 2 JUNIOR BASIC SCHOOL, ROOM NO. 3"
2,151,"ATIABARI JUNIOR BASIC SCHOOL, ROOM NO. 1"
2,152,NAGAR NEPRA A. P. SCHOOL
2,153,"ATIABARI JUNIOR BASIC SCHOOL, ROOM NO. 2"
2,154,"PATLA NEPRA A. P. SCHOOL, ROOM NO. 1"
2,155,"PATLA NEPRA A. P. SCHOOL, ROOM NO. 2"
2,156,"BARO MARICHA HIGH SCHOOL, ROOM NO. 1"
2,157,MARICHA JUNIOR BASIC SCHOOL
2,158,"BARO MARICHA HIGH SCHOOL, ROOM NO. 2"
2,159,LALBAZAR G. P. OFFICE
2,160,KEDARNATH PRY. SCHOOL
2,161,"CHHAT LALBAZAR PRY. SCHOOL, ROOM NO. 1"
2,162,"CHHAT LALBAZAR PRY. SCHOOL, ROOM NO. 2"
2,163,NAGAR LALBAZAR JUNIOR BASIC SCHOOL
2,164,KEDARNATH R. R. PRY. SCHOOL
2,165,"GITALDAHA MARICHA PRY. SCHOOL, ROOM NO. 1"
2,166,"ANGANWADI CENTRE, GITALDAHA MARICHA"
2,167,"GITALDAHA MARICHA PRY. SCHOOL, ROOM NO. 2"
2,168,PUTIA BAROMASIA R. R. PRY. SCHOOL
2,169,PAGLIMARI MADHUSUDAN PRY. SCHOOL
2,170,"BAROMASIA PRY. SCHOOL, ROOM NO. 1"
2,171,"BAROMASIA PRY. SCHOOL, ROOM NO. 2"
2,172,"BAROMASIA JR. HIGH SCHOOL, ROOM NO. 1"
2,173,"BAROMASIA JR. HIGH SCHOOL, ROOM NO. 2"
2,174,"GACHHTALA A. P. SCHOOL, ROOM NO. 1"
2,175,"GACHHTALA A. P. SCHOOL, ROOM NO. 2"
2,176,NAGAR SINGIMARI PRY. SCHOOL
2,177,GOLENOWHATI NO. 2 PRY. SCHOOL
2,178,GOLENOWHATI JAME HIGH MADRASAH
2,179,MIRAPARA BHAKTAMOHAN PRY. SCHOOL
2,180,"MIRAPARA PRY. SCHOOL, ROOM NO. 1"
2,181,"MIRAPARA PRY. SCHOOL, ROOM NO. 2"
2,182,GOLENOWHATI G. P. OFFICE
2,183,"GOLENOWHATI NO. 1 PRY. SCHOOL, ROOM NO. 1"
2,184,"GOLENOWHATI NO. 1 PRY. SCHOOL, ROOM NO. 2"
2,185,JAYGIR NOWHATI PRY. SCHOOL
2,186,"PATHANTULI PRY. SCHOOL, ROOM NO. 1"
2,187,"PATHANTULI PRY. SCHOOL, ROOM NO. 2"
2,188,"GADOPOTA SPL. CADRE PRY. SCHOOL, ROOM NO. 1"
2,189,"GADOPOTA SPL. CADRE PRY. SCHOOL, ROOM NO. 2"
2,190,"RANIGANJ R. R. PRY. SCHOOL, ROOM NO.1"
2,191,"RANIGANJ R. R. PRY. SCHOOL, ROOM NO.2"
2,192,"KRISHNA COLONY A. P. SCHOOL, ROOM NO. 1"
2,193,SITALKUCHI GIRL&#x2019;S A. P. SCHOOL (B. P. M. S. NO. 2)
2,194,"RAJABARI KARJIRDHIGHI PRY. SCHOOL, ROOM NO. 1"
2,195,"RAJABARI KARJIRDHIGHI PRY. SCHOOL, ROOM NO. 2"
2,196,PURBA RAJARBARI N. P. SCHOOL
2,197,"KRISHNA COLONY PRY. SCHOOL, ROOM NO. 2"
2,198,"SITALKUCHI JUNIOR BASIC SCHOOL, ROOM NO. 1"
2,199,GHUGHURDANGA PRY. SCHOOL
2,200,"FULBARI NEW PRY. SCHOOL, RROM NO. 1"
2,201,"SITALKUCHI JUNIOR BASIC SCHOOL, ROOM NO. 2"
2,202,"SITALKUCHI GOPINATH HIGH SCHOOL, ROOM NO. 1"
2,203,"SITALKUCHI GOPINATH HIGH SCHOOL, ROOM NO. 2"
2,204,NAKKATI PRY. SCHOOL
2,205,"RAJARBARI PRY. SCHOOL, ROOM NO. 1"
2,206,DHANIRTARI MOHISHCHANDRA PRY. SCHOOL
2,207,"RAJARBARI PRY. SCHOOL, ROOM NO. 2"
2,208,NETAJI SANGHA CLUB
2,209,"FULBARI NEW PRY. SCHOOL, RROM NO. 2"
3,1,TENGNAMARI AP SCHOOL
3,2,RANGAPANI BALASHI 4TH PLAN PRY. SCHOOL
3,3,KSHETY 1ST PHASE PRY. SCHOOL
3,4,KSHETY HIGH SCHOOL
3,5,KSHETY 5TH PLAN PRY. SCHOOL
3,6,KHARIJA KSHETY A.P. SCHOOL
3,7,FULBARI NO.1 A. P. SCHOOL
3,8,NIGAMANANDA JUNIOR  BASIC SCHOOL
3,9,"AGNA A.P. SCHOOL, AGNA"
3,10,FULBARI SPECIAL CADRE PRY. SCHOOL
3,11,FULBARI MELARMATH PRY. SCHOOL
3,12,"FULBARI HIGH SCHOOL, ROOM NO. 1"
3,13,"FULBARI HIGH SCHOOL, ROOM NO. 2"
3,14,FULBARI JR. BASIC SCHOOL
3,15,DEWANBOSH FULBARI PRY. SCHOOL
3,16,PURBA BALA SUNDAR PRY. SCHOOL
3,17,PASCHIM BALA SUNDAR 5TH PLAN PRY. SCHOOL
3,18,SINGIJANI AIDED PRY. SCHOOL
3,19,DAKSHIN SINGIJANI PRY. SCHOOL(BALASI)
3,20,SINGIJANI GP SCHOOL
3,21,DARIBOSH FULBARI SPL CADRE PRY SCHOOL
3,22,CHHAT FULBARI DORIBOSHNORTH 5TH PLANNEW PRY. SCHOOL
3,23,MUKULDANGA GOVT. PRY. SCHOOL
3,24,DEWANBOSH PRY SCHOOL
3,25,MUKULDANGA NO. 2 PRY. SCHOOL
3,26,"DEBSINGHA PARA 5TH PLAN PRY. SCHOOL, ROOM NO. 1"
3,27,"DEBSINGHA PARA 5TH PLAN PRY. SCHOOL, ROOM NO. 2"
3,28,ASRAM PARA 5TH PLAN PRY SCHOOL
3,29,BARASOULMARI PRY. SCHOOL
3,30,COOCH BEHAR CHA BAGAN DIVISION 5TH PLAN PRY. SCHOOL
3,31,COOCH BEHAR TEAE STATE PRY. SCHOOL
3,32,NAYARHAT MAHAKALI JR. BASIC SCHOOL
3,33,DHARIMARA 4TH PLAN PRY. SCHOOL
3,34,SUTARPARA  PRY. SCHOOL
3,35,"UNISHBISHA SPECIAL CADRE JR. SCHOOL, ROOM NO. 1"
3,36,"UNISHBISHA SPECIAL CADRE JR. SCHOOL, ROOM NO. 2"
3,37,UNISHBISHA STATION BAZAR PRY. SCHOOL
3,38,UNISHBISHA HARIMANDIR 1ST PHASE  PRY. SCHOOL
3,39,"PATAKAMARI JR. BASIC SCHOOL, ROOM NO. 1"
3,40,"PATAKAMARI JR. BASIC SCHOOL, ROOM NO. 2"
3,41,RAJENDRANATH HIGH SCHOOL(PATAKAMARI)
3,42,PANIKHAWA  NO.2 PRY. SCHOOL (HARIMANDIR)
3,43,PANIKHAWA JUNIOR BASIC SCHOOL
3,44,"KHARIKABARI A.P. SCHOOL, ROOM NO. 1"
3,45,"KHARIKABARI A.P. SCHOOL, ROOM NO. 2"
3,46,"GAYABARI A. P. SCHOOL, ROOM NO. 1"
3,47,"GAYABARI A. P. SCHOOL, ROOM NO. 2"
3,48,SILDANGA JUNIOR BASIC SCHOOL
3,49,"LATAPOTA AP SCHOOL, ROOM NO. 1"
3,50,"LATAPOTA AP SCHOOL, ROOM NO. 2"
3,51,LAFABARI WEST 5TH PLAN PRY. SCHOOL
3,52,DEW DANGA A. P. SCHOOL
3,53,GUMANIRHAT JUNIOR HIGH SCHOOL
3,54,GUMANI STATION 5TH PLAN PRY. SCHOOL
3,55,LAFABARI 4TH PLAN PRY. SCHOOL
3,56,PUTIMARI A. P. SCHOOL
3,57,"SOUDERBOSH A. P. SCHOOL(DWARIKAMARI HARI MONDIR), ROOM NO. 1"
3,58,"SOUDERBOSH A. P. SCHOOL, ROOM NO. 2"
3,59,DWARIKAMARI PLAN PRY. SCHOOL
3,60,"KUSHIARBARI HALESWAR HIGH SCHOOL, ROOM NO. 1"
3,61,"KUSHIARBARI HALESWAR HIGH SCHOOL, ROOM NO. 2"
3,62,LAFABARI  A. P. SCHOOL(Nabiner Dola)
3,63,DAKSHIN PUTIMARI 5TH PLAN PRY. SCHOOL
3,64,BARO SIMULGURI GOVT. PRY. SCHOOL
3,65,BHELAKOPA GOVT. PRY. SCHOOL
3,66,BATAL CHANDRA PRY. SCHOOL
3,67,KHOPATULI PRY. SCHOOL
3,68,BAGHMARA SUKANDHIGHI GOVT. PRY. SCHOOL
3,69,CHHOTO SIMULGURI PRY. SCHOOL
3,70,UNISHBISHA GIRLS A. P. SCHOOL
3,71,SRIMANTA BALIKA VIDYALAYA
3,72,GHOKSADANGA PRAMANIK HIGH SCHOOL
3,73,BRISHAKETU DHARMESHWARI GIRLS HIGH SCHOOL
3,74,NISHIGANJ NISHIMAYEE HIGH SCHOOL
3,75,KHOKABARI PARBANANDA PRIMARY SCHOOL
3,76,"PURBA CHAKIARCHHARA PRY. SCHOOL, ROOM NO.1"
3,77,"PURBA CHAKIARCHHARA PRY. SCHOOL, ROOM NO 2"
3,78,PASCHIM CHAKIARCHHARA PRY. SCHOOL
3,79,BHOJONERCHHARA PRY. SCHOOL
3,80,KODALDHOA JUNIOR BASIC SCHOOL
3,81,SITKIBARI Junior BASIC SCHOOL
3,82,SONATOLY  PRY. SCHOOL
3,83,SITKIBARI ROAD SIDE PRIMARY SCHOOL
3,84,NALANGIBARI Junior BASIC SCHOOL
3,85,CHARAKERDANGA PRIMARY. SCHOOL
3,86,PASCHIM BHOGMARA 5TH PLAN PRY SCHOOL
3,87,"BHOGMARA A. P. SCHOOL, ROOM NO. 1"
3,88,"BHOGMARA A. P. SCHOOL, ROOM NO. 2"
3,89,"KABIRDANGA PRY. SCHOOL, ROOM NO.1"
3,90,"KABIRDANGA PRY. SCHOOL, ROOM NO.2"
3,91,MANDIRMOHAN PRIMARY. SCHOOL
3,92,CHHANNAMADAR EKRAMIA JR. HIGH MADRASA
3,93,"KODALKSETY  JR. HIGH SCHOOL, ROOM NO. 1"
3,94,"KODALKSETY  JR. HIGH SCHOOL, ROOM NO. 2"
3,95,"DHALGURI PRIMARY SCHOOL, ROOM No. 1"
3,96,"DHALGURI PRIMARY SCHOOL, ROOM No. 1"
3,97,"PREMERDANGA DEWAN BARMAN HIGH SCHOOL, ROOM NO. 1"
3,98,"PREMERDANGA DEWAN BARMAN HIGH SCHOOL, ROOM NO. 2"
3,99,"KHATTIMARI 1ST PHASE A. P. SCHOOL, ROOM NO. 1"
3,100,"KHATTIMARI 1ST PHASE A. P. SCHOOL, ROOM NO. 2"
3,101,KHATTIMARI SPECIAL CADRE PRIMARY SCHOOL
3,102,"BIRENDRA BARMAN JUNIOR HIGH SCHOOL, ROOM NO. 1"
3,103,"BIRENDRA BARMAN JUNIOR HIGH SCHOOL, ROOM NO. 2"
3,104,"FESHYABARI PRY. SCHOOL, ROOM NO.1"
3,105,DAKSHIN  DUMNIGURI Pry. SCHOOL
3,106,CHHAT SITKIBARI A.P. PRY.  SCHOOL
3,107,"FESHYABARI PRY. SCHOOL, ROOM NO.2"
3,108,"BARO SOULMARI A. P. SCHOOL KANAIYER DHAM, ROOM NO.1"
3,109,"BARO SOULMARI A. P. SCHOOL KANAIYER DHAM, ROOM NO.2"
3,110,"RAMTHANGA GOVT.  PRY. SCHOOL, ROOM NO.1"
3,111,CHHAT DWARIKAMARI 5TH PLAN PRY. SCHOOL
3,112,"RAMTHANGA GOVT.  PRY. SCHOOL, ROOM NO.2"
3,113,"RANGAMATI GOVT. PRY. SCHOOL, ROOM NO. 1"
3,114,"RANGAMATI GOVT. PRY. SCHOOL, ROOM NO. 2"
3,115,PURBA DAWAGURI PRY. SCHOOL
3,116,PASCHIM DAWAGURI PRY. SCHOOL
3,117,PURBA RUIDANGA  PRY. SCHOOL
3,118,ATPUKURI RUIDANGA R.R. PRY SCHOOL
3,119,REBOTIROMON SISHU NIKETAN
3,120,RUIDANGA STATE PLAN PRY SCHOOL
3,121,"ATPUKURI  HIGH SCHOOL, ROOM NO.1"
3,122,"ATPUKURI  HIGH SCHOOL, ROOM NO.2"
3,123,"ANGARKATA PARADUBI HIGH SCHOOL, ROOM NO. 1"
3,124,"ANGRAKATA PARADUBI HIGH SCHOOL, ROOM NO. 2"
3,125,PASCHIM PARADUBI POYASTHI PRY. SCHOOL
3,126,KHATER BARI PRIMARY SCHOOL
3,127,HARIMANDIR PRIMARY SCHOOL
3,128,TAPURDANGA PRIMARY SCHOOL
3,129,BHANURKUTHI PRIMARY SCHOOL
3,130,DOLONGERKUTHI PRIMARY SCHOOL
3,131,"UTTAR BARAI BARI 5TH PLAN PRY, SCHOOL"
3,132,BARAI BARI MANSAI CHAR PRIMARY SCHOOL(HINDUSTHAN)
3,133,TOURIKATA  PRIMARY SCHOOL
3,134,KHALAIGAON STATE PLAN PRY SCHOOL
3,135,NEW MATHABHANGA  HIGH SCHOOL
3,136,BHERBHERY MANABARI 5TH PLAN PRY. SCHOOL
3,137,DAIBHANGI AP SCHOOL
3,138,SHOROTERDAANGA AIDED PRY SCHOOL
3,139,Balasi Netazi 1st Phase Pry. School
3,140,"CHHAT PAKHIHAGA UDBASTU PRIMARY SCHOOL, ROOM NO.1"
3,141,ANDARAN PAKHIHAGA GIRLS PRY. SCHOOL
3,142,"CHHAT PAKHIHAGA UDBASTU PRIMARY SCHOOL, ROOM NO.2"
3,143,"ANDARAN PAKHIHAGA PRIMARY SCHOOL, ROOM NO.1"
3,144,"PAKHIHAGA PRY. SCHOOL, ROOM NO. 1"
3,145,"PAKHIHAGA PRY. SCHOOL, ROOM NO. 2"
3,146,MAHIMER KUTHI SPECIAL CADRE PRY. SCHOOL
3,147,HAZRAHAT NO. 1 G.P. OFFICE
3,148,"HAZRAHAT HARISH CHANDRA HIGH SCHOOL, ROOM NO.1"
3,149,"HAZRAHAT HARISH CHANDRA HIGH SCHOOL, ROOM NO.2"
3,150,BHANGAMORE GOVT. PRY. SCHOOL
3,151,"BHANGAMORE NO.2  A. P. SCHOOL, ROOM NO. 1"
3,152,"BHANGAMORE NO.2  A. P. SCHOOL, ROOM NO. 2"
3,153,KHATERBARI PRY. SCHOOL
3,154,PURBO KHATERBARI 5TH PLAN PRY. SCHOOL
3,155,BARODOLA KHATERBARI A. P. SCHOOL
3,156,KHATERBARI DESBANDHU  PRY. SCHOOL
3,157,"CHHAT KHATERBARI 5TH PLAN PRY SCHOOL, ROOM NO. 1"
3,158,"CHHAT KHATERBARI 5TH PLAN PRY SCHOOL, ROOM NO. 2"
3,159,"MATHABHANGA COLLEGE, ROOM NO. 1"
3,160,"MATHABHANGA COLLEGE, ROOM NO. 2"
3,161,"PACHAGAR AIDED PRY. SCHOOL, ROOM NO. 1"
3,162,"PACHAGAR AIDED PRY. SCHOOL, ROOM NO. 2"
3,163,BAISHGURI (WEST) R.R. PRY. SCHOOL
3,164,"BAISHGURI KALAKARANJAN GOVT. PRY. SCHOOL, ROOM NO.1"
3,165,"BAISHGURI KANAKARANJAN GOVT. PRY. SCHOOL, ROOM NO.2"
3,166,"FAKIRERKUTHI PRIMARY SCHOOL, ROOM NO. 1"
3,167,"FAKIRERKUTHI PRIMARY SCHOOL, ROOM NO. 2"
3,168,"BARO KAWARDERA KUNJABIHARI JUNIOR BASIC SCHOOL, ROOM NO. 1"
3,169,"BARO KAWARDERA KUNJABIHARI JUNIOR BASIC SCHOOL, ROOM NO. 2"
3,170,BARA KAUARDARA 5TH PLAN PRY. SCHOOL
3,171,"MATHABHANGA VIVEKANANDA VIDYAMANDIR, ROOM NO. 1"
3,172,"MATHABHANGA VIVEKANANDA VIDYAMANDIR, ROOM NO. 2"
3,173,SUBHASH PALLY 5TH PLAN PRIMARY SCHOOL
3,174,Harijan PALLY R.R. Pry. School (PROMODNAGAR)
3,175,Harijan PALLY. Pry. School
3,176,"MANGILAL BHADANI HINDI HIGH SCHOOL, ROOM NO. 1"
3,177,"MANGILAL BHADANI HINDI HIGH SCHOOL, ROOM NO. 2"
3,178,MATHABHANGA HIGH SCHOOL
3,179,"MATHABHANGA VIVEKANANDA VIDYAMANDIR, ROOM NO. 3"
3,180,"MATHABHANGA VIVEKANANDA VIDYAMANDIR, ROOM NO. 4"
3,181,"CHHABIRENNESSA JR. BASIC SCHOOL, ROOM NO. 1"
3,182,"CHHABIRENNESSA JR. BASIC SCHOOL, ROOM NO. 2"
3,183,NAZRUL SADAN MATHABHANGA
3,184,"PACHAGARH GIRLS HIGH SCHOOL, ROOM NO.1"
3,185,"PACHAGARH GIRLS HIGH SCHOOL, ROOM NO.2"
3,186,PACHAGARH COLONY 5TH PLAN PRY SCHOOL
3,187,"AJADHIND CLUB, PACHAGARH"
4,1,SIPAITARY  SPL. CADRE  PRY. SCHOOL
4,2,PURB SHAKUNIBALA NO. 1 PRIMARY SCHOOL
4,3,BARARANGRASH NORTH A.P. SCHOOL
4,4,BAUDIAR DANGA HAICHALU BARMAN JUNIOR HIGH SCHOOL
4,5,UTTAR SHIBPUR PRIMARY SCHOOL
4,6,GOPAL DAS HAT PRIMARY SCHOOL
4,7,ATIYALGURI PRIMARY SCHOOL
4,8,KALMANDASGURI GOVT. PRY. SCHOOL
4,9,HATIDHURA GOVT. PRIMARY SCHOOL
4,10,"BARARANGRASH DINESWARI HIGH SCHOOL, ROOM NO.1"
4,11,"BARARANGRASH DINESWARI HIGH SCHOOL, ROOM NO.2"
4,12,"BARARANGRASH DINESWARI HIGH SCHOOL, ROOM NO.3"
4,13,KACHUBAN BARAMKHANA PRY. SCHOOL
4,14,DHARMABARER KUTHI GOVT. PRY. SCHOOL
4,15,PASCHIM DHARMABARER KUTHI GOVT. PRY. SCHOOL
4,16,CHHOTORANGROSH PRIMARY SCHOOL
4,17,BASANTAPUR STATE PLAN PRY. SCHOOL
4,18,NO.2 GOURANGA ASHRAM SCHOOL(Uttar)
4,19,NO.2 GOURANGA ASHRAM SCHOOL(Dakshin)
4,20,RASHERKUTHI PRY. SCHOOL(North)
4,21,RASHERKUTHI PRY. SCHOOL(SOUTH)
4,22,DHANGDHING GURI JUNIOR BASIC SCHOOL(EAST)
4,23,DHANGDHING GURI JUNIOR BASIC SCHOOL(WEST)
4,24,DHANGDHING GURI KACHUA HIGH SCHOOL(NORTH)
4,25,DHANGDHING GURI KACHUA HIGH SCHOOL(EASTH)
4,26,"NAGESWARGURI 1ST PHASE AIDED  PRY. SCHOOL, ROOM NO. 1"
4,27,"NAGESWARGURI 1ST PHASE AIDED  PRY. SCHOOL, ROOM NO. 2"
4,28,"SONARI KAKRIBARI 5TH PLAN PRY. SCHOOL,"
4,29,"KAKRIBARI PRY. SCHOOL,(WEST)"
4,30,"KAKRIBARI PRY. SCHOOL,(EAST)"
4,31,KONAMALI  NEW STATE PLAN PRY. SCHOOL
4,32,KONAMALI PRY. SCHOOL
4,33,CHEKARDANGA PRIMARY SCHOOL
4,34,GOPALPUR PRIMARY SCHOOL
4,35,GOPALPUR HIGH SCHOOL
4,36,GOPALPUR A.P. SCHOOL
4,37,CHHAT GOPALPUR STATE PLAN PRY. SCHOOL
4,38,"GOPALPUR NO. 1 GOVT. PRY. SCHOOL, ROOM NO.1"
4,39,"GOPALPUR NO. 1 GOVT. PRY. SCHOOL, ROOM NO.2"
4,40,IKARCHALA SPL. CADRE PRY. SCHOOL
4,41,SONARI 5TH PLAN  PRY. SCHOOL
4,42,"CHHAGALBER JR. BASIC SCHOOL, ROOM NO.1"
4,43,"CHHAGALBER JR. BASIC SCHOOL, ROOM NO.2"
4,44,UTTAR GOPALPPUR PRY. SCHOOL
4,45,HARINMARA PRY SCHOOL
4,46,SONARI AIDED PRY. SCHOOL
4,47,MANDALPARA PRY. SCHOOL
4,48,MANIDAS COLONY PRY. SCHOOL
4,49,PURBA KHOLTA AIDED  PRY. SCHOOL
4,50,DAKSHIN KHOLTA A. P. SCHOOL
4,51,KHOLTA HIGH SCHOOL
4,52,KHOLTA JUNIOR BASIC SCHOOL(EAST)
4,53,KHOLTA GHATPAR KUMAR PARA PRY SCHOOL
4,54,KHOLTA MOKTAR JR. BASIC SCHOOL
4,55,KHOLTA MOKTAR AIDED PRY SCHOOL(MIDDLE)
4,56,GATPAR MADRASA PRY SCHOOL
4,57,DUDUMARI A.P. SCHOOL
4,58,DOLDOLI 5TH PLAN PRY. SCHOOL
4,59,KUMTIRHAT AIDED PRY. SCHOOL
4,60,MARICHBARI  NO. 2 PRY. SCHOOL
4,61,MARICHBARI JUNIOR HIGH SCHOOL
4,62,MARICHBARI NO.-1 JR. BASIC SCHOOL
4,63,MARICHBARI NO.-3 JR. BASIC SCHOOL
4,64,"KHOCHABARI PRY. SCHOOL, ROOM NO. 1"
4,65,"KHOCHABARI PRY. SCHOOL, ROOM NO. 2"
4,66,"MARICHBARI BABURHAT PRY. SCHOOL, ROOM NO. 1"
4,67,"MARICHBARI BABURHAT PRY. SCHOOL, ROOM NO. 2"
4,68,DHALAGURI PRY. SCHOOL
4,69,BHETLAGURI JUNIOR BASIC SCHOOL
4,70,BOKALIRMATH 5TH PLAN PRY. SCHOOL
4,71,KANAILAL PRY. SCHOOL
4,72,"BOKALIRMATH JHIRGA ORAWN   JR. BASIC  SCHOOL, ROOM NO. 1"
4,73,"BOKALIRMATH JHIRGA ORAWN   JR. BASIC  SCHOOL, ROOM NO. 2"
4,74,"DHANIRAM HIGH SCHOOL, ROOM NO. 1"
4,75,"DHANIRAM HIGH SCHOOL, ROOM NO. 2"
4,76,BALAPARA 5TH PLAN PRY. SCHOOL
4,77,KARJEEPARA GIRLS&#x27; AIDED PRY. SCHOOL
4,78,AMBARI GADADHAR PRY. SCHOOL
4,79,AMBARI PRY. SCHOOL
4,80,"KOKILADEBI JUNIOR HIGH SCHOOL, ROOM NO. 1"
4,81,"KOKILADEBI JUNIOR HIGH SCHOOL, ROOM NO. 2"
4,82,SIDDHESWARI HARIMONDIR 4TH PLAN PRY. SCHOOL
4,83,BANESWAR COLONY 5TH PLAN PRY. SCHOOL
4,84,KALJANI  NO.2 SPL. CADRE PRY. SCHOOL
4,85,BORAGARI AIDED PRY. SCHOOL
4,86,KUTIPARA SPL. CADRE PRY. SCHOOL
4,87,BARAKHATA 5TH PLAN PRY. SCHOOL
4,88,"BANESWAR KHABSA HIGH SCHOOL, ROOM NO.1"
4,89,"BANESWAR KHABSA HIGH SCHOOL, ROOM NO.2"
4,90,"BANESWAR KHABSA HIGH SCHOOL, ROOM NO.3"
4,91,"HATIDOBA  A.P. SCHOOL, ROOM NO. 1"
4,92,"HATIDOBA  A.P. SCHOOL, ROOM NO. 2"
4,93,"ICHHAMARI  NO. 2 AP SCHOOL, ROOM NO. 1"
4,94,"ICHHAMARI  NO. 2 AP SCHOOL, ROOM NO. 2"
4,95,"NATYASANGHA PRIMARY SCHOOL, ROOM NO. 1"
4,96,"KHAGRABARI GIRLS&#x27;  PRY. SCHOOL, ROOM NO.1"
4,97,"NATYASANGHA PRIMARY SCHOOL, ROOM NO. 2"
4,98,NATYASANGHA CLUB
4,99,"KHAGRABARI GIRLS&#x27;  PRY. SCHOOL, ROOM NO.2"
4,100,"KHAGRABARI GIRLS&#x27;  PRY. SCHOOL, ROOM NO.3"
4,101,KHAGRABARI CLUB
4,102,BINPATTY KISHAN PRIMARY SCHOOL
4,103,BALAPARA KHAGRABARI SPL. CADRE PRY. SCHOOL
4,104,"KHARIJA KAKRIBARI PRY. SCHOOL, ROOM NO. 1"
4,105,"KHARIJA KAKRIBARI PRY. SCHOOL, ROOM NO. 2"
4,106,SONARI NIKOTIAR KUTHI PRY. SCHOOL
4,107,"MANINDRA NATH UCCHA VIDYALAYA, ROOM  NO. 1"
4,108,"MANINDRA NATH UCCHA VIDYALAYA, ROOM  NO. 2"
4,109,"MANINDRA NATH UCCHA VIDYALAYA, ROOM  NO. 3"
4,110,BANCHUKAMARI AIDED PRY. SCHOOL (1ST PHASE)
4,111,BANCHUKAMARI SARBANANDA 5TH PLAN PRY. SCHOOL
4,112,"KHAGRABARI HARENDRA CH. VIDYAMANDIR, ROOM NO.1"
4,113,KHAGRABARI R.R. PRY. SCHOOL
4,114,"KHAGRABARI HARENDRA CH. VIDYAMANDIR, ROOM NO.2"
4,115,"KHAGRABARI HARENDRA CH. VIDYAMANDIR, ROOM NO.3"
4,116,DODEYARPAR AP  SCHOOL (1ST PHASE)
4,117,"CHAKCHAKA AIDED  PRY. SCHOOL, ROOM NO.1"
4,118,"CHAKCHAKA AIDED PRY. SCHOOL, ROOM NO.2"
4,119,"CHAKCHAKA AIDED PRY. SCHOOL, ROOM NO.3"
4,120,"BAISHGURI GOVT. PRY. SCHOOL, ROOM NO.1"
4,121,"BAISHGURI GOVT. PRY. SCHOOL, ROOM NO.2"
4,122,"BAISHGURI GOVT. PRY. SCHOOL, ROOM NO.3"
4,123,MARANAOTARA SPL. CADRE PRY. SCHOOL
4,124,GARUBHASA PRY. SCHOOL
4,125,"SONARI NIKOTIAR KUTHI JR. BASIC SCHOOL, ROOM NO.1"
4,126,"SONARI NIKOTIAR KUTHI JR. BASIC SCHOOL, ROOM NO.2"
4,127,"PESTARJHAR HIGH SCHOOL, ROOM NO.1"
4,128,"PESTARJHAR HIGH SCHOOL, ROOM NO.2"
4,129,"PESTARJHAR HIGH SCHOOL, ROOM NO.3"
4,130,TARAIGURI PRIMARY SCHOOL
4,131,BARAGILA R.R. PRIMARY SCHOOL
4,132,BAIKUNTHAPUR AIDED  PRY. SCHOOL
4,133,"CHAKCHAKA HIGH SCHOOL, ROOM NO.1"
4,134,NILKUTHI R.R.  PRY. SCHOOL
4,135,"CHAKCHAKA HIGH SCHOOL, ROOM NO.2"
4,136,"COOCH BEHAR RAMBHOLA HIGH SCHOOL, ROOM NO. 1"
4,137,"COOCH BEHAR RAMBHOLA HIGH SCHOOL, ROOM NO. 2"
4,138,"MAHARANI INDIRADEVI BALIKA VIDYALAYA, ROOM NO. 1"
4,139,"MAHARANI INDIRADEVI BALIKA VIDYALAYA, ROOM NO. 2"
4,140,"MAHARANI INDIRADEVI BALIKA VIDYALAYA, ROOM NO. 3"
4,141,"COOCH BEHAR RAMBHOLA HIGH SCHOOL, ROOM NO. 3"
4,142,"COOCH BEHAR RAMBHOLA HIGH SCHOOL, ROOM NO. 4"
4,143,"ANJUMAN -E-ISLAMIA JR. BASIC SCHOOL, ROOM NO.1"
4,144,"MAHARANI INDIRADEVI BALIKA VIDYALAYA, ROOM NO. 4"
4,145,"COOCH BEHAR RAMBHOLA HIGH SCHOOL, ROOM NO. 5"
4,146,"MAHARANI INDIRADEVI BALIKA VIDYALAYA, ROOM NO. 5"
4,147,"SADAR GOVT. HIGH SCHOOL, ROOM NO. 1"
4,148,"SADAR GOVT. HIGH SCHOOL, ROOM NO. 2"
4,149,"SADAR GOVT. HIGH SCHOOL, ROOM NO. 3"
4,150,"SUNITY ACADEMY, ROOM NO. 1"
4,151,"SUNITY ACADEMY, ROOM NO. 2"
4,152,"SUNITY ACADEMY, ROOM NO. 3"
4,153,"SUNITY ACADEMY, ROOM NO. 4"
4,154,"SUNITY ACADEMY, ROOM NO. 5"
4,155,"SREE SREE KARUNAMAYEE HIGH SCHOOL, ROOM NO. 1"
4,156,"SREE SREE KARUNAMAYEE HIGH SCHOOL, ROOM NO. 2"
4,157,"SREE SREE KARUNAMAYEE HIGH SCHOOL, ROOM NO. 3"
4,158,"NEWTOWN PRY. SCHOOL, ROOM NO. 1"
4,159,"NEWTOWN PRY. SCHOOL, ROOM NO. 2"
4,160,"NEWTOWN GIRLS&#x27; HIGH SCHOOL, ROOM NO. 1"
4,161,"NEWTOWN GIRLS&#x27; HIGH SCHOOL, ROOM NO. 2"
4,162,"NEWTOWN GIRLS&#x27; HIGH SCHOOL, ROOM NO. 3"
4,163,"NEW TOWN GIRL&#x27;S HIGH SCHOOL, ROOM NO.4"
4,164,"NEW TOWN GIRL&#x27;S HIGH SCHOOL, ROOM NO.5"
4,165,"VIVEKANANDA VIDYAPITH, ROOM NO. 1"
4,166,"VIVEKANANDA VIDYAPITH , ROOM NO. 2"
4,167,"RABINDRA NAGAR PRY. SCHOOL, ROOM NO. 1"
4,168,"RABINDRA NAGAR PRY. SCHOOL, ROOM NO. 2"
4,169,"VIVEKANANDA VIDYAPITH , ROOM NO. 3"
4,170,"VIVEKANANDA VIDYAPITH , ROOM NO. 4"
4,171,"COOCH BEHAR MAHATMA GANDHI GIRLS&#x27; HIGH SCHOOL, ROOM NO. 1"
4,172,"COOCH BEHAR MAHATMA GANDHI GIRLS&#x27; HIGH SCHOOL, ROOM NO. 2"
4,173,"COOCH BEHAR MAHATMA GANDHI GIRLS&#x27; HIGH SCHOOL, ROOM NO. 3"
4,174,"COOCH BEHAR MAHATMA GANDHI GIRLS&#x27; HIGH SCHOOL, ROOM NO. 4"
4,175,"COOCH BEHAR COLLEGE, ROOM NO.1"
4,176,"COOCH BEHAR COLLEGE, ROOM NO.2"
4,177,"MUKHYO KRISHI OFFICE, ROOM NO. 1"
4,178,"MUKHYO KRISHI OFFICE, ROOM NO. 2"
4,179,"MUKHYO KRISHI OFFICE, ROOM NO. 3"
4,180,"JUNIOR BASIC TRAINING COLLEGE, ROOM NO. 1"
4,181,"JUNIOR BASIC TRAINING COLLEGE, ROOM NO. 2"
4,182,"NETAJI VIDYAPITH R.R. PRY. SCHOOL, ROOM NO. 1"
4,183,"NETAJI VIDYAPITH R.R. PRY. SCHOOL, ROOM NO. 2"
4,184,"NETAJI VIDYAPITH R.R. PRY. SCHOOL, ROOM NO. 3"
4,185,"NETAJI VIDYAPITH R.R. PRY. SCHOOL, ROOM NO. 4"
4,186,"ANJUMAN -E-ISLAMIA  BASIC SCHOOL, ROOM NO.2"
4,187,"SADARNAGRI HINDI PRY SCHOOL, ROOM NO. 1"
4,188,"ANJUMAN -E-ISLAMIA  BASIC SCHOOL, ROOM NO.3"
4,189,"SADARNAGRI HINDI PRY SCHOOL, ROOM NO. 2"
4,190,"JENKINS SCHOOL (HALL ROOM) , ROOM NO-1"
4,191,"JENKINS SCHOOL (HALL ROOM) , ROOM NO-2"
4,192,"JENKINS SCHOOL , ROOM NO.3"
4,193,"JENKINS SCHOOL , ROOM NO.4"
4,194,"JENKINS SCHOOL , ROOM NO.5"
4,195,HINDI HIGH SCHOOL
4,196,"TOWN HIGH SCHOOL, ROOM NO.1"
4,197,"TOWN HIGH SCHOOL, ROOM NO.2"
4,198,"TOWN HIGH SCHOOL, ROOM NO.3"
4,199,"TOWN HIGH SCHOOL, ROOM NO.4"
4,200,"JUNIOR BASIC TRAINING COLLEGE, ROOM NO. 3"
4,201,"JUNIOR BASIC TRAINING COLLEGE, ROOM NO. 4"
4,202,"NILKUTHI SISTER NIVEDITA GIRLS&#x27; HIGH SCHOOL, ROOM NO.1"
4,203,"NILKUTHI SISTER NIVEDITA GIRLS&#x27; HIGH SCHOOL, ROOM NO.2"
4,204,"NILKUTHI SISTER NIVEDITA GIRLS&#x27; HIGH SCHOOL, ROOM NO.3"
4,205,"TOWN HIGH SCHOOL , ROOM NO.5"
4,206,"NILKUTHI SISTER NIVEDITA GIRLS&#x27; HIGH SCHOOL, ROOM NO.4"
5,1,CHHAT SINGIMARI SPL.CADRE PRY.SCHOOL
5,2,GANDHI SMRITI PRY. SCHOOL
5,3,"PATLAKHAWA HIGH SCHOOL, ROOM NO. 1"
5,4,"PATLAKHAWA HIGH SCHOOL, ROOM NO. 2"
5,5,"PATLAKHAWA HIGH SCHOOL, ROOM NO. 3"
5,6,PUTIMARI BOXIBASH NO. 2 C. S.PRY.SCHOOL
5,7,PUTIMARI BOXIBASH 5TH PLAN PRY. SCHOOL
5,8,"SUKDHANER KUTHI JR. HIGH SCHOOL, ROOM NO. 1"
5,9,"SUKDHANER KUTHI JR. HIGH SCHOOL, ROOM NO. 2"
5,10,"SAKUNIBALA LAXMIHATI PRY.SCHOOL, ROOM NO. 1"
5,11,"SAKUNIBALA LAXMIHATI PRY.SCHOOL, ROOM NO. 2"
5,12,"GARODER DANGA AIDED PRY.SCHOOL, ROOM NO. 1"
5,13,"GARODER DANGA AIDED PRY.SCHOOL, ROOM NO. 2"
5,14,SHAKUNIBALA PRY.SCHOOL
5,15,KHAGRIBARI GOVT. PRY SCHOOL
5,16,"KHAGRIBARI SHOOTING CAMP PRY. SCHOOL, ROOM NO. 1"
5,17,"KHAGRIBARI SHOOTING CAMP PRY. SCHOOL, ROOM NO. 2"
5,18,KHAGRIBARI 5TH PLAN PRY. SCHOOL
5,19,"PUNDIBARI JR.BASIC SCHOOL, ROOM NO.1"
5,20,"PUNDIBARI JR. BASIC SCHOOL, ROOM NO.2"
5,21,PUNDIBARI JR. BASIC SCHOOL
5,22,HOGLABARI PRY.SCHOOL
5,23,"JASHOMADHOB PRY. SCHOOL, ROOM NO. 1"
5,24,"JASHOMADHOB PRY. SCHOOL, ROOM NO. 2"
5,25,"KALARAYER KUTHI BOYS&#x27; AIDED PRY. SCHOOL, ROOM NO. 1"
5,26,"KALARAYER KUTHI BOYS&#x27; AIDED PRY. SCHOOL, ROOM NO. 2"
5,27,G. D. L. BALIKA VIDYALAYA
5,28,"RAMGOPAL LAKHOTIYA HIGH SCHOOL, ROOM NO. 1"
5,29,"RAMGOPAL LAKHOTIYA HIGH SCHOOL, ROOM NO. 2"
5,30,"BAGHBHANDAR GIRLS&#x27; PRY. SCHOOL, ROOM NO. 1"
5,31,"BAGHBHANDAR GIRLS&#x27; PRY. SCHOOL, ROOM NO. 2"
5,32,"SAJERPAR GHORAMARA DEPAMIA O. S. J. MADRASA, ROOM NO. 1"
5,33,"SAJERPAR GHORAMARA DEPAMIA O. S. J. MADRASA, ROOM NO. 2"
5,34,BAHANNA GHAR COLONY PRY. SCHOOL
5,35,BANSDAHA NATIBARI GOVT. PRY. SCHOOL
5,36,"INDRANATH RAJENDRANATH PRY. SCHOOL, ROOM NO. 1"
5,37,"INDRANATH RAJENDRANATH PRY. SCHOOL, ROOM NO. 2"
5,38,GHORAMARA KALARAYERKUTHI PRY. SCHOOL
5,39,PETBHATA CHANDANCHOWRA SPL. CADRE PRY. SCHOOL
5,40,"CHANDANCHOWRA JR. BASIC SCHOOL, ROOM NO. 1"
5,41,"CHANDANCHOWRA JR.BASIC SCHOOL, ROOM NO. 2"
5,42,JAGGA NARAYANERKUTHI JR.BASIC SCHOOL
5,43,"MATIKATA C. S. PRY.SCHOOL, ROOM NO. 1"
5,44,"MATIKATA C. S. PRY.SCHOOL, ROOM NO. 2"
5,45,"LAKHIKANTA HIGH SCHOOL, ROOM NO. 1"
5,46,KAMRANGAGURI 5TH PLAN PRY. SCHOOL
5,47,"KALPANI RAJMOHAN JR. HIGH SCHOOL, ROOM NO. 1"
5,48,CHAPAGURI PRY. SCHOOL
5,49,"KALPANI RAJMOHAN  HIGH SCHOOL, ROOM NO. 2"
5,50,PURBA KALPANI AIDED  PRY. SCHOOL
5,51,SAJERPAR KATHALBARI PRY. SCHOOL
5,52,SAJERPAR KATHALBARI 1ST PHASE PRY. SCHOOL
5,53,TAKLAKIPUR SPL. CADRE PRY. SCHOOL
5,54,ICHHAMARI NUTAN PRY. SCHOOL
5,55,KARIBHAL NEW PRY. SCHOOL
5,56,HARIPUR 5TH PLAN PRY. SCHOOL
5,57,TAKAGACHH SPL. CADRE PRY. SCHOOL
5,58,"TAKAGACHH GOVT. PRY. SCHOOL, ROOM NO. 1"
5,59,"TAKAGACHH GOVT. PRY. SCHOOL, ROOM NO. 2"
5,60,"KAMINIR GHAT A. P. SCHOOL, ROOM NO. 1"
5,61,"KAMINIR GHAT A. P.SCHOOL, ROOM NO. 2"
5,62,"RAJARHAT HIGH SCHOOL, ROOM NO. 1"
5,63,"RAJARHAT HIGH SCHOOL, ROOM NO. 2"
5,64,SISHUTIRTHA PRY. SCHOOL
5,65,RAJARHAT HIGH SCHOOL
5,66,MALATIGURI  5TH PLAN PRY. SCHOOL
5,67,"KARISHAL 5TH PLAN PRY. SCHOOL, ROOM NO. 1"
5,68,"KARISHAL 5TH PLAN PRY. SCHOOL, ROOM NO. 2"
5,69,"KARISHAL 5TH PLAN PRY. SCHOOL, ROOM NO. 3"
5,70,DAMODARPUR 5TH PLAN PRY. SCHOOL
5,71,"TAKAGACHH VIVEKANANDA RR PRY. SCHOOL, ROOM NO. 1"
5,72,"TAKAGACHH VIVEKANANDA RR PRY. SCHOOL, ROOM NO. 2"
5,73,"MOAMARI CENTRALLY SPONSORED PRY. SCHOOL, ROOM NO. 1"
5,74,"MOAMARI CENTRALLY SPONSORED PRY. SCHOOL, ROOM NO. 2"
5,75,"MOAMARI 1ST PHASE PRY. SCHOOL, ROOM NO. 1"
5,76,"MOAMARI 1ST PHASE PRY. SCHOOL, ROOM NO. 2"
5,77,"KALPANI MOAMARI JR. BASIC SCHOOL, ROOM NO. 1"
5,78,"KALPANI MOAMARI JR. BASIC SCHOOL, ROOM NO. 2"
5,79,MAYNAGURI MOQTAB AIDED  PRY. SCHOOL
5,80,DIGALHATI MAYNAGURI GOVT. PRY. SCHOOL
5,81,BARO ATHAROKOTA SPL. CADRE PRY. SCHOOL
5,82,"CHHOTO ATHAROKOTA GOVT. A. P. SCHOOL, ROOM NO. 1"
5,83,"CHHOTO ATHAROKOTA GOVT. A. P. SCHOOL, ROOM NO. 2"
5,84,"CHILKIRHAT KANTESWARI HIGH SCHOOL, ROOM NO. 1"
5,85,KHALISAGURI AIDED PRY. SCHOOL
5,86,HALDIMOHAN PRY. SCHOOL
5,87,"CHILKIRHAT KANTESWARI HIGH SCHOOL, ROOM NO. 2"
5,88,"MORONGAMARI AP SCHOOL, ROOM NO. 1"
5,89,"MORONGAMARI AP SCHOOL, ROOM NO. 2"
5,90,"SILKHURI PRY. SCHOOL, ROOM NO.1"
5,91,"SILKHURI PRY. SCHOOL, ROOM NO.2"
5,92,EKMUKHA A. P. SCHOOL
5,93,EKMUKHA SAFIBAD HIGH MADRASAH (DAKSHIN M. GHAR)
5,94,GHAGERKUTHI PRY. SCHOOL
5,95,DASGRAM CHANDIRPAT NEW  PRY. SCHOOL
5,96,"BHOGDABRI KESRIBARI NEW  PRY. SCHOOL, ROOM NO. 1"
5,97,"BHOGDABRI KESRIBARI NEW  PRY. SCHOOL, ROOM NO. 2"
5,98,MAYNAGURI KANGKANGURI C. S. SCHOOL
5,99,"PASCHIM FALIMARI JR. BASIC SCHOOL, ROOM NO. 1"
5,100,"PASCHIM FALIMARI JR. BASIC SCHOOL, ROOM NO. 2"
5,101,"MADHYA FALIMARI VOTERHAT PRY. SCHOOL, ROOM NO. 1"
5,102,"MADHYA FALIMARI VOTERHAT PRY. SCHOOL, ROOM NO. 2"
5,103,"MAGHPALA A. P. SCHOOL, ROOM NO. 1"
5,104,"MAGHPALA A. P. SCHOOL, ROOM NO. 2"
5,105,PETBHATA MAGHPALA 4TH PLAN PRY. SCHOOL
5,106,"DEWANBASH SPL. CADRE PRY. SCHOOL, ROOM NO.1"
5,107,"DEWANBASH SPL. CADRE PRY. SCHOOL, ROOM NO.2"
5,108,HARIBHANGA JR. BASIC SCHOOL
5,109,KASALDANGA PRY. SCHOOL
5,110,KASALDANGA PANCHANAN PRY. SCHOOL
5,111,"KATAMARI JR. BASIC SCHOOL, ROOM NO. 1"
5,112,"KATAMARI JR. BASIC SCHOOL, ROOM NO. 2"
5,113,"DHARMESWARI JR. HIGH SCHOOL, ROOM NO.1"
5,114,"DHARMESWARI JR. HIGH SCHOOL, ROOM NO.2"
5,115,HASTABUDH KASALDANGA SPL. CADRE PRY. SCHOOL
5,116,"BALAGRAM PRY. SCHOOL, ROOM NO. 1"
5,117,"BALAGRAM PRY. SCHOOL, ROOM NO. 2"
5,118,KATHALBARI NEW PRY. SCHOOL
5,119,KASIABARI 5TH PLAN PRY. SCHOOL
5,120,BAIRATI A. P. SCHOOL
5,121,RAJPUR PRY. SCHOOL
5,122,BAIRATI 5TH PLAN PRY.  SCHOOL
5,123,CHHAT CHHEDERJHAR NEW PRY. SCHOOL
5,124,KACHAMARI C. S. PRY. SCHOOL
5,125,CHANDAMARI A. P. SCHOOL (PURBA MUKHI GHAR)
5,126,"PRANNATH HIGH SCHOOL (PURBA MUKHI GHAR), ROOM NO. 1"
5,127,CHANDAMARI PART 2 PRY. SCHOOL
5,128,"PRANNATH HIGH SCHOOL, ROOM NO. 2"
5,129,"PRANNATH HIGH SCHOOL, ROOM NO. 3"
5,130,BARO NALDHONDRA PRY. SCHOOL
5,131,KHARIJA NALDHONDRA 5TH PLAN PRY. SCHOOL
5,132,KHARIJA NALDHONDRA SPL. CADRE   PRY. SCHOOL
5,133,"CHHEDERJHAR A. P. SCHOOL, ROOM NO. 1"
5,134,"CHHEDERJHAR A. P. SCHOOL, ROOM NO. 2"
5,135,SALBARI SARASWAT PRY. SCHOOL
5,136,"PUTIMARI FULESWARI A. P. SCHOOL, ROOM NO. 1"
5,137,"PUTIMARI FULESWARI A. P. SCHOOL, ROOM NO. 2"
5,138,"PUTIMARI FULESWARI A. P. SCHOOL, ROOM NO. 3"
5,139,"BARO NALDHONDRA H. K. HIGH MADRASA, ROOM NO. 1"
5,140,"BARO NALDHONDRA H. K. HIGH MADRASA, ROOM NO. 2"
5,141,"KHARIJA FULESWARI R. O. S. HIGH MADRASAH, ROOM NO. 1"
5,142,"KHARIJA FULESWARI R. O. S. HIGH MADRASAH, ROOM NO. 2"
5,143,"SALBARI JR. BASIC SCHOOL, ROOM NO. 1"
5,144,"SALBARI JR. BASIC SCHOOL, ROOM NO. 2"
5,145,PAITKAPARA A. P. SCHOOL. (1ST PHASE)
5,146,BARONALANGIBARI PRY. SCHOOL
5,147,"CHHOTO NALANGIBARI GOVT. PRY. SCHOOL, ROOM NO.1"
5,148,JHALJHALI A. P. SCHOOL
5,149,"CHHOTO NALANGIBARI GOVT. PRY. SCHOOL, ROOM NO.2"
5,150,"CHARAKPARA A. P. SCHOOL, ROOM NO. 1"
5,151,"CHARAKPARA A. P. SCHOOL, ROOM NO. 2"
5,152,BAT TALA PRY. SCHOOL
5,153,HARIMANDIR PRY. SCHOOL
5,154,"PATCHHARA ASHRAM PRY. SCHOOL, ROOM NO. 1"
5,155,"PATCHHARA ASHRAM PRY. SCHOOL, ROOM NO. 2"
5,156,"PATCHHARA SPL. CADRE PRY. SCHOOL, ROOM NO. 1"
5,157,"PATCHHARA SPL. CADRE PRY. SCHOOL, ROOM NO. 2"
5,158,KURSHAMARI PRY. SCHOOL
5,159,SHIMULGURI PRY. SCHOOL
5,160,"DAYALERCHHARA C. S. PRY. SCHOOL, ROOM NO. 1"
5,161,"DAYALERCHHARA C. S. PRY. SCHOOL, ROOM NO. 2"
5,162,NAKKATI  AIDED PRY. SCHOOL
5,163,"NAKKATI  PUSHNADANGA HIGH SCHOOL, ROOM NO.1"
5,164,"NAKKATI PUSHNADANGA HIGH SCHOOL, ROOM NO.2"
5,165,"NAKKATI PUSHNADANGA HIGH SCHOOL, ROOM NO.3"
5,166,ATHARONALA G. S. F. PRY. SCHOOL
5,167,"SAHEBERHAT PURNANANDA HIGH SCHOOL, ROOM NO. 1"
5,168,"SAHEBERHAT PURNANANDA HIGH SCHOOL, ROOM NO. 2"
5,169,HARIBHANGA NO. 2 PRY. SCHOOL
5,170,HARIBHANGA JR. BASIC SCHOOL
5,171,JONGRAH R. R. PRY. SCHOOL
5,172,HARIBHANGA 4TH PLAN PRY. SCHOOL
5,173,HARIBHANGA MADHYA GOURANGA BAZAR HIGH SCHOOL
5,174,"SADIMAMUD JR. BASIC SCHOOL, ROOM NO. 1"
5,175,"SADIMAMUD JR. BASIC SCHOOL, ROOM NO. 2"
5,176,BHOGDABRI PRY.  SCHOOL
5,177,"CHHAT DUDHERKUTHI 5TH PLAN PRY. SCHOOL, ROOM NO. 1"
5,178,"CHHAT DUDHERKUTHI 5TH PLAN PRY. SCHOOL, ROOM NO. 2"
5,179,"CHHAT DUDHERKUTHI PRY. SCHOOL, ROOM NO. 1"
5,180,"CHHAT DUDHERKUTHI PRY. SCHOOL, ROOM NO. 2"
5,181,"SUKTABARI JR. MADRASA, ROOM NO. 1"
5,182,"SUKTABARI JR. MADRASA, ROOM NO. 2"
5,183,BHOGDABRI PRY.  SCHOOL
5,184,DUDHERKUTHI DEWANBOSH PRY. SCHOOL
5,185,KARISAL EKRAMIA JR. MADRASA
5,186,KALABARIGHAT PRY. SCHOOL
5,187,"PURBA GHUGHUMARI SPL. CADRE NEW PRY. SCHOOL, ROOM NO. 1"
5,188,"PURBA GHUGHUMARI SPL. CADRE NEW PRY. SCHOOL, ROOM NO. 2"
5,189,"GANGALERKUTHI DEBIGANJ PRY. SCHOOL, ROOM NO. 1"
5,190,"GANGALERKUTHI DEBIGANJ PRY. SCHOOL, ROOM NO. 2"
5,191,HAWARGARI SPL. CADRE PRY. SCHOOL
5,192,HAWARGARI PRY. SCHOOL
5,193,"CHARAKER KUTHI PRY. SCHOOL, ROOM NO.1"
5,194,"CHARAKER KUTHI PRY. SCHOOL, ROOM NO.2"
5,195,"CHARAKER KUTHI PRY. SCHOOL, ROOM NO.3"
5,196,CHANDISAL PRY. SCHOOL
5,197,"PASCHIM GHUGHUMARI HIGH SCHOOL, ROOM NO. 1"
5,198,"PASCHIM GHUGHUMARI HIGH SCHOOL, ROOM NO. 2"
5,199,BHELADANGA CHATURBHUJ PRY. SCHOOL
5,200,PASCHIM GHUGHUMARI PRY. SCHOOL
5,201,GHUGHUMARI A. P. SCHOOL
5,202,GHUGHUMARI G. P. OFFICE
5,203,"BHARALITARI 4th Plan PRY SCHOOL, ROOM NO. 1"
5,204,"BHARALITARI 4th Plan PRY SCHOOL, ROOM NO. 2"
5,205,"SHRI RAMKRISHNA BALIKA UCHHA VIDYALAYA, ROOM NO. 1"
5,206,"RAMKRISHNA UCHHA VIDYALAYA, ROOM NO. 1"
5,207,"RAMKRISHNA UCHHA VIDYALAYA, ROOM NO. 2"
5,208,"SHRI RAMKRISHNA BALIKA UCHHA VIDYALAYA, ROOM NO. 2"
5,209,SEBABHABAN SIKSHYATAN HIGH SCHOOL
5,210,"CHAT GURIAHATI PRY. SCHOOL, ROOM NO. 1"
5,211,"CHAT GURIAHATI PRY. SCHOOL, ROOM NO. 2"
5,212,"PURBA GURIAHATI   R. R. PRY. SCHOOL, ROOM NO. 1"
5,213,"PURBA GURIAHATI   R. R. PRY. SCHOOL, ROOM NO. 2"
5,214,"PURBA GURIAHATI GIRLS HIGH SCHOOL, ROOM NO. 1"
5,215,"PURBA GURIAHATI GIRLS HIGH SCHOOL, ROOM NO. 2"
5,216,"COOCH BEHAR UCCHA MADHYAMIK VIDYALAYA, ROOM NO. 1"
5,217,"COOCH BEHAR UCCHA MADHYAMIK VIDYALAYA, ROOM NO. 2"
5,218,"NEW PATAKURA PRY. SCHOOL, ROOM NO. 1"
5,219,"NEW PATAKURA PRY. SCHOOL, ROOM NO. 2"
5,220,"MADANMOHAN R. R. PRY. SCHOOL, ROOM NO. 1"
5,221,"MADANMOHAN R. R. PRY. SCHOOL, ROOM NO. 2"
5,222,"COOCH BEHAR UCCHA MADHYAMIK VIDYALAYA, ROOM NO. 3"
5,223,"LANKABAR PILKHANA  SPL. CADRE. PRY. SCHOOL, ROOM NO. 1"
5,224,"LANKABAR PILKHANA  SPL. CADRE. PRY. SCHOOL, ROOM NO. 2"
5,225,"LANKABAR PILKHANA  SPL. CADRE. PRY. SCHOOL, ROOM NO. 3"
5,226,"BANI NIKETAN GIRLS HIGH SCHOOL, ROOM NO. 1"
5,227,"BANI NIKETAN GIRLS HIGH SCHOOL, ROOM NO. 2"
5,228,"BAPUJI VIDYAPEETH, ROOM NO. 1"
5,229,"BAPUJI VIDYAPEETH, ROOM NO. 2"
5,230,"GURIAHATI A. P. SCHOOL, ROOM NO. 1"
5,231,"GURIAHATI A. P. SCHOOL, ROOM NO. 2"
6,1,KAJLIKURA JR.HIGH SCHOOL
6,2,BIJLI CHATKA  PRY. SCHOOL
6,3,"ADABARI GOVT.PRY. SCHOOL, ROOM NO - 1"
6,4,"ADABARI GOVT.PRY. SCHOOL, ROOM NO - 2"
6,5,"ADABARI GOVT.PRY. SCHOOL, ROOM NO - 3"
6,6,PETLA ADABARI GOVT AIDED  PRY. SCHOOL
6,7,TAKIMARI 5TH PLAN PRY. SCHOOL
6,8,SILDUAR JUNIOR BASIC SCHOOL
6,9,DAUABARI  PRY. SCHOOL
6,10,CHHAT BAROMASIA SPL.CADRE PRY. SCHOOL
6,11,GARANATA 5TH PLAN PRY. SCHOOL
6,12,BAZITCHATRA  PRY. SCHOOL ROOM NO - 1
6,13,BAZITCHATRA  PRY. SCHOOL ROOM NO - 2
6,14,KONACHATRA GOVT.PRY. SCHOOL
6,15,KONACHATRA JUNIOR BASIC SCHOOL
6,16,SITAI JUNIOR BASIC SCHOOL ROOM NO - 1
6,17,SITAI JUNIOR BASIC SCHOOL ROOM NO - 2
6,18,SITAI JUNIOR BASIC SCHOOL ROOM NO - 3
6,19,"KHAMAR SITAI 5TH PLAN PRY.  SCHOOL, ROOM NO - 1"
6,20,"KHAMAR SITAI 5TH PLAN PRY.  SCHOOL, ROOM NO - 2"
6,21,"BHARALI NEW PRY. SCHOOL, ROOM NO - 1 ."
6,22,"BHARALI NEW PRY. SCHOOL, ROOM NO - 2"
6,23,"BHARALI KALIBARI SHORONARTHI PRY. SCHOOL, ROOM NO - 1"
6,24,"BHARALI KALIBARI SHORONARTHI PRY. SCHOOL, ROOM NO - 2"
6,25,BHOLACHATRA 5TH PLAN PRIMARY SCHOOL
6,26,"SITAI PRY. SCHOOL, ROOM NO.1"
6,27,ANGANWARI CENTRE NO 29 AT SITAI VILLAGE
6,28,"SITAI PRY. SCHOOL, ROOM NO.2"
6,29,"SITAI PRY. SCHOOL, ROOM NO.3"
6,30,"KESHARIBARI GOVT PRY. SCHOOL, ROOM NO.1"
6,31,"KESHARIBARI GOVT PRY. SCHOOL, ROOM NO.2"
6,32,KHARARHAT SHIB BARI PRY. SCHOOL
6,33,MEYARERDIGHI  AIDED PRY.SCHOOL
6,34,DHUMERKHATA GOVT. PRY. SCHOOL. ROOM NO - 1
6,35,DHUMERKHATA GOVT. PRY. SCHOOL. ROOM NO - 2
6,36,DHUMERKHATA  STATE PLAN SCHOOL.
6,37,MILAN SANGHA (CLUB HOUSE)
6,38,KAYETERBARI NEW PRY. SCHOOL(ROOM NO.-1)
6,39,KAYETERBARI NEW PRY. SCHOOL(ROOM NO.-2)
6,40,KAYETERBARI NEW PRY. SCHOOL(ROOM NO.-3)
6,41,SUTIBARI  PRY. SCHOOL(ROOM NO.-1)
6,42,SUTIBARI  PRY. SCHOOL(ROOM NO.-2)
6,43,SUTIBARI  JR. HIGH SCHOOL(ROOM NO.-1)
6,44,SUTIBARI  JR. HIGH SCHOOL(ROOM NO.-2)
6,45,PAGLAHAT NEW PRY. SCHOOL(ROOM NO.-1)
6,46,PAGLAHAT NEW PRY. SCHOOL(ROOM NO.-2)
6,47,PAGLAHAT NEW PRY. SCHOOL(ROOM NO.-3)
6,48,CHAMTA GUNJAREER CHOWRA PRY. SCHOOL(ROOM-1)
6,49,CHAMTA GUNJAREER CHOWRA PRY. SCHOOL(ROOM-2)
6,50,CHAMTA ADARSHA HIGH SCHOOL.
6,51,ATHAROJANI PRY. SCHOOL.(ROOM NO.-1)
6,52,ATHAROJANI PRY. SCHOOL.(ROOM NO.-2)
6,53,NAGAR GIDARI NEW PRY. SCHOOL.(ROOM NO.-1)
6,54,NAGAR GIDARI NEW PRY. SCHOOL.(ROOM NO.-2)
6,55,KAIMARI GOVT. PRY. SCHOOL( ROOM NO.1)
6,56,PURBA CHAMTA PRY.SCHOOL (BABURHAT)
6,57,KAIMARI GOVT. PRY. SCHOOL( ROOM NO.2)
6,58,"BARTHAR GOVT. PRY. SCHOOL, (ROOM NO.1)"
6,59,BARTHAR GOVT. PRY. SCHOOL( ROOM NO.2)
6,60,SINGIMARI  PRY. SCHOOL
6,61,NADIDANGA PRY. SCHOOL
6,62,NUTANBOSH PRY. SCHOOL.(ROOM NO-1)
6,63,NUTANBOSH PRY. SCHOOL.(ROOM NO-2)
6,64,SAGARDIGHI GOVT. PRY. SCHOOL
6,65,DEWKHATA  PRY. SCHOOL
6,66,"BRAHMATTAR CHATRA GOVT. PRY. SCHOOL, ROOM NO.1"
6,67,"BRAHMATTAR CHATRA GOVT. PRY. SCHOOL, ROOM NO.2"
6,68,JATIGARA AIDED PRY.SCHOOL
6,69,MADHAB CHANDRA VIDYAPITH JR. HIGH SCHOOL
6,70,SINGNMARI NEW  PRY. SCHOOL
6,71,GABUA  PRY. SCHOOL
6,72,NAKARJAN AIDED  PRY.SCHOOL
6,73,TAMAGURI JUNIOR BASIC SCHOOL(ROOM NO-1)
6,74,TAMAGURI JUNIOR BASIC SCHOOL(ROOM NO-2)
6,75,TAMAGURI JUNIOR BASIC SCHOOL(ROOM NO-3)
6,76,CHAKIRPARA NEW PRY. SCHOOL(ROOM NO.-1)
6,77,CHAKIRPARA NEW PRY. SCHOOL(ROOM NO.-2)
6,78,CHOULERKUTHI  PRY. SCHOOL
6,79,RANGAPANI AIDED PRY. SCHOOL
6,80,PAHARGANJ PRY. SCHOOL
6,81,KAMTESWARI  CLUB &amp; LIBRARY
6,82,TAKIMARI PRY. SCHOOL
6,83,"GOSANIMARI HIGH SCHOOL, (ROOM NO.1)"
6,84,VITARKAMTA PRY. SCHOOL
6,85,GOSANIMARI JUNIOR BASIC SCHOOL
6,86,"FLOOD REFUGEE CENTRE, GOSANIMARI"
6,87,"GOSANIMARI HIGH SCHOOL, (ROOM NO.2)"
6,88,"GOSANIMARI HIGH SCHOOL, (ROOM NO.3)"
6,89,"BARO FULBARI PRY  SCHOOL,( ROOM NO.1)"
6,90,BARO FULBARI PRY.  SCHOOL (ROOM NO.2)
6,91,"BARO NATABARI JUNIOR BASIC SCHOOL,(ROOM NO.1)"
6,92,BAINANAI PRY. SCHOOL
6,93,BARO  NATIBARI JUNIOR BASIC SCHOOL(ROOM NO.-2)
6,94,CHHOTO NALDHONDRA GOVT. AIDED.  PRY. SCHOOL
6,95,KALIGANJ JUNIOR BASIC SCHOOL
6,96,KAMTAPUR JUNIOR BASIC SCHOOL (ROOM NO.-1)
6,97,KAMTAPUR JUNIOR BASIC SCHOOL (ROOM NO.-2)
6,98,KHALISHA GOSANIMARI BASERTARI AIDED  PRY. SCHOOL.
6,99,KHALISHA GOSANIMARI BASERTARI AIDED  PRY. SCHOOL
6,100,RAJPATH PRY. SCHOOL
6,101,KHALISHA GOSANIMARI JUNIOR BASIC SCHOOL(ROOM NO.-1)
6,102,KHALISHA GOSANIMARI JUNIOR BASIC SCHOOL(ROOM NO.-2)
6,103,"BAROBHITA  PRY. SCHOOL,( ROOM NO-1)"
6,104,"BAROBHITA GOVT.  PRY. SCHOOL,( ROOM NO-2)"
6,105,GATAMARI GOVT. PRY. SCHOOL
6,106,"BHUTKURA NEW PRY.SCHOOL, (ROOM NO.1)"
6,107,"BHUTKURA NEW PRY. SCHOOL ,( ROOM NO.2)"
6,108,BRAMHOTTOR CHAULER KUTHI NEW PRIMARY SCHOOL
6,109,BAISHGURI PRIMARY SCHOOL
6,110,BAJEJAMA PAKHIHAGA NEW PRY. SCHOOL
6,111,PRASANNA KUMARI UDBASTU PRY. SCHOOL
6,112,1 NO PAKHIHAGA PRY SCHOOL
6,113,"MATALHAT HIGH SCHOOL, ROOM NO.1"
6,114,"MATALHAT HIGH SCHOOL, ROOM NO.2"
6,115,"BHALKA PUTIMARI AIDED PRY.SCHOOL, ROOM NO.1"
6,116,"BHALKA PUTIMARI AIDED PRY.SCHOOL, ROOM NO.2"
6,117,BHALKA NEW PRY SCHOOL
6,118,RUIERKUTI B158. AIDED PRY SCHOOL
6,119,UTTARPARA PRY SCHOOL
6,120,VIVEKANANDA CLUB AND PATHAGAR
6,121,"KAMDEBERPAT PRY SCHOOL, ROOM NO  -  1"
6,122,"KAMDEBERPAT PRY SCHOOL, ROOM NO  -  2"
6,123,LALBAHADUR SASTRI VIDYAPITH HIGH SCHOOL ROOM-1
6,124,LALBAHADUR SASTRI VIDYAPITH HIGH SCHOOL ROOM-2
6,125,BANIBITAN GRAMIN PATHAGAR
6,126,KHARIJA BALADANGA PRY. SCHOOL
6,127,PURBA  SAKDAL AIDED  PRY.SCHOOL
6,128,KUTIBARI SAKDAL PRY. SCHOOL
6,129,BRAHMANIR CHOUKI NEW  PRY.SCHOOL(ROOM NO. 1)
6,130,BRAHMANIR CHOUKI NEW  PRY. SCHOOL (ROOM NO. 2)
6,131,BRAMANIR CHOUKI 5TH PLAN PRY SCHOOL
6,132,MAHAKALERDHAM GOVT. PRY. SCHOOL (ROOM No. 1)
6,133,MAHAKALERDHAM GOVT. PRY. SCHOOL (ROOM No. 2)
6,134,SINGIMARI BHETAGURI JR. BASIC  SCHOOL.(ROOM-1)
6,135,SINGIMARI BHETAGURI JR. BASIC  SCHOOL.(ROOM-2)
6,136,DAKSHIN SINGIMARI 5TH PLAN PRY. SCHOOL
6,137,BORDANGA JUNIOR BASIC SCHOOL.(ROOM -1)
6,138,SRIDHAM NAGAR  PRY. SCHOOL
6,139,BORDANGA JUNIOR BASIC SCHOOL.(ROOM -2)
6,140,SRIDHAM NAGAR  JUNIOR BASIC  SCHOOL
6,141,BASGIRER DHAM AIDED PRY. SCHOOL (ROOM-1) .
6,142,BASGIRER DHAM AIDED PRY. SCHOOL (ROOM-2) .
6,143,"KHARKHARIA JUNIOR BASIC SCHOOL, ROOM NO.1"
6,144,KHARKHARIA HARIDHAM  PRY. SCHOOL
6,145,"KHARKHARIA JUNIOR BASIC SCHOOL, ROOM NO.2"
6,146,"JARABARI JUNIOR BASIC  SCHOOL, ROOM NO.1"
6,147,"JARABARI JUNIOR BASIC SCHOOL, ROOM NO.2"
6,148,"KANAIAR PATH JUNIOR BASIC  SCHOOL, ROOM NO.1"
6,149,"KANAIAR PATH JUNIOR BASIC SCHOOL, ROOM NO.2"
6,150,NAZIR BHITA  PRY. SCHOOL. ROOM-1
6,151,NAZIR BHITA  PRY. SCHOOL. ROOM-2
6,152,"KARISHAL  PRY. SCHOO, ROOM-1"
6,153,"KARISHAL  PRY. SCHOO, ROOM-2"
6,154,"BARANACHINA GOVT. PRY. SCHOOL, ROOM NO.1"
6,155,"BARANACHINA GOVT. PRY. SCHOOL, ROOM NO.2"
6,156,"PUTIMARI NO.-2 GRAM PANCHAYAT OFFICE, ROOM NO.1"
6,157,TANTIPARA 5TH PLAN PRY SCHOOL
6,158,"PUTIMARI NO.-2 GRAM PANCHAYAT OFFICE, ROOM NO.2"
6,159,DAKSHIN BARANACHINA NEW PRY. SCHOOL ROOM-1
6,160,DAKSHIN BARANACHINA NEW PRY. SCHOOL ROOM-2
6,161,DAKSHIN BARANACHINA NEW PRY. SCHOOL ROOM-3
6,162,D.R.M.C OFFICE ROOM-1
6,163,KUTHIBARI 5TH PLAN PRY. SCHOOL
6,164,D.R.M.C OFFICE ROOM-2
6,165,D.R.M.C OFFICE ROOM-3
6,166,BORODANGA  GOVT. PRY. SCHOOL
6,167,BOULERKUTHI 5TH PLAN PRY.SCHOOL
6,168,CHHOTONACHINA U.SAHA  PRY. SCHOOL.ROOM-1
6,169,CHHOTONACHINA U.SAHA  PRY. SCHOOL.ROOM-2
6,170,CHHOTONACHINA U.SAHA  PRY. SCHOOL.ROOM-3
6,171,"CHHOTO BOALMARI JUNIOR BASIC SCHOOL, ROOM-1"
6,172,CHHOTO BOALMARI  UDBASTU. PRY. SCHOOL
6,173,"CHHOTO BOALMARI JUNIOR BASIC SCHOOL, ROOM-2"
6,174,"PETLA NABIBAX HIGH SCHOOL, ROOM NO.1"
6,175,"PETLA NABIBAX HIGH SCHOOL, ROOM NO.2"
6,176,"CHOWDHURI PASAR MAMUD JUNIOR BASIC SCHOOL, ROOM NO.1"
6,177,"CHOWDHURI PASAR MAMUD JUNIOR BASIC SCHOOL, ROOM NO.2"
6,178,"CHOWDHURI PASAR MAMUD JUNIOR BASIC SCHOOL, ROOM NO.3"
6,179,RAJAKHORA  PRY. SCHOOL
6,180,"JAMADARERBASH JUNIOR HIGH SCHOOL,ROOM-1"
6,181,"JAMADARERBASH JUNIOR HIGH SCHOOL,ROOM-2"
6,182,"PANAGURI NEW PRY. SCHOOL,ROOM-1"
6,183,"PANAGURI NEW PRY. SCHOOL,ROOM-2"
6,184,"PANAGURI NEW PRY. SCHOOL,ROOM-3"
6,185,"CHHOTO SOULMARI AIDED PRY. SCHOOL,ROOM-1"
6,186,"CHHOTO SOULMARI AIDED PRY. SCHOOL, ROOM-2."
6,187,THAKUR PANCHANAN JR. HIGH SCHOOL
6,188,BAROSOULMARI [RY. SCHOOL
6,189,"PASCHIM BARO ATIABARI  PRY. SCHOOL, ROOM-1"
6,190,"PASCHIM BARO ATIABARI  PRY. SCHOOL, ROOM-2"
6,191,BATRIGACHHGOVT. PRY. SCHOOL
6,192,CHHOTO JHILA BASIC PRY. SCHOOL
6,193,"SINGIMARI MADANKURA GOVT. PRY SCHOOL, ROOM -1"
6,194,"SINGIMARI MADANKURA GOVT. PRY SCHOOL, ROOM -2"
6,195,"KHARIJA BATRIGACHH GOVT. PRY. SCHOOL, ROOM-1"
6,196,KHARIJA BATRIGACHH JUNIOR BASIC  SCHOOL
6,197,"KHARIJA BATRIGACHH GOVT. PRY. SCHOOL, ROOM-2"
6,198,"DANGA JR. BASIC SCHOOL, ROOM-1"
6,199,"DANGA JR. BASIC SCHOOL, ROOM-2"
6,200,"DIGHAL TARI PRY. SCHOOL, ROOM--1"
6,201,"DIGHAL TARI PRY. SCHOOL, ROOM--2"
6,202,"DHANKUMAR PRY. SCHOOL, ROOM-1"
6,203,"DHANKUMAR PRY. SCHOOL, ROOM-2"
6,204,OKRABARI ALABAKASH HIGH SCHOOL
6,205,BALAKANDI 5TH PLAN PRY. SCHOOL
6,206,KAPIRANNECHHA 4TH PLAN PRY. SCHOOL
6,207,"FALIMARI PRY. SCHOOL, ROOM-1"
6,208,"FALIMARI PRY. SCHOOL, ROOM-2"
6,209,GOBRACHHARA JUNIOR BASIC SCHOOL
6,210,SHIBESWAR AIDED PRY. SCHOOL
6,211,MAHESWAR 5TH PLAN PRY. SCHOOL
6,212,MUNSIRHAT SADEKIA JR. HIGH MADRASA
6,213,INDRA NARAYAN GOVT. PRY. SCHOOL
6,214,"RAGHUNANDAN  PRY. SCHOOL, ROOM NO. 1"
6,215,"RAGHUNANDAN  PRY. SCHOOL, ROOM NO. 1"
6,216,KHARIJA FALIMARI PRY. SCHOOL
6,217,PANCHADHWAJI  GOVT. PRY. SCHOOL
6,218,"DARIBASH MADRASA, ROOM-1"
6,219,"DARIBASH MADRASA, ROOM-2"
6,220,"GITALDAHA HIGH SCHOOL, ROOM-1"
6,221,"GITALDAHA HIGH SCHOOL, ROOM-2"
6,222,BHORAM NEW  PRY. SCHOOL
6,223,BHORAM HARIDAS 5TH  PRY. SCHOOL
6,224,KONA MUKTA GOVT. PRY. SCHOOL
6,225,JAGANNATH 5TH PLAN PRY. SCHOOL
6,226,RATINANDAN  PRY. SCHOOL
6,227,NABANI SHAMBHUNATH  PRY. SCHOOL
6,228,DARIBOSH COLONY PRY. SCHOOL
6,229,"DARIBOSH GOVT. PRY. SCHOOL, ROOM-1"
6,230,"DARIBOSH GOVT. PRY. SCHOOL, ROOM-2"
6,231,"KHARIJA GITALDAHA 5TH PLAN PRY. SCHOOL, ROOM-1"
6,232,"KHARIJA GITALDAHA 5TH PLAN PRY. SCHOOL, ROOM-2"
6,233,"GITALDAHA DUK BUNGALOW , ROOM-1"
6,234,"GITALDAHA DUK BUNGALOW , ROOM-2"
6,235,BHARBANDA DEWANBOSH 5TH PLAN PRY. SCHOOL
7,1,NAZIRGANJ R. R. PRY.SCHOOL
7,2,PRANESWAR HIGH SCHOOL
7,3,BALAKURA JR. BASIC. SCHOOL
7,4,BALAKURA 5TH PLAN PRY. SCHOOL
7,5,KHUTAMARA PRY. SCHOOL
7,6,ARJUN BIDYAPITH PRY. SCHOOL(Bhulki)
7,7,"BURIRHAT JR. BASIC SCHOOL, ROOM NO.1"
7,8,"BURIRHAT JR. BASIC SCHOOL, ROOM NO.2"
7,9,HARIBHANGA  AIDED  PRY. SCHOOL
7,10,"SRIKANTA VIDYAPEETH (AIDED), MADHUPUR"
7,11,BANESWARI PRY. SCHOOL
7,12,VIVEKANANDA JR. BASIC SCHOOL
7,13,MARNEA PART-II AIDED PRY. SCHOOL
7,14,PATUARDARA AIDED PRY. SCHOOL
7,15,MARNEA  AIDED  PRY. SCHOOL
7,16,MARNEA  PART- I 5TH PLAN PRY. SCHOOL (AIDED)
7,17,"BANI VIDYAPEETH, ROOM NO. 1"
7,18,"BANI VIDYAPEETH, ROOM NO. 2"
7,19,BASANTIRHAT KUMUDINI HIGH SCHOOL
7,20,CHHOTO SAKDAL JR. BASIC SCHOOL
7,21,BELBARI BAZAR NEW PRY. SCHOOL
7,22,GOPINATH 4TH PLAN PRY. SCHOOL
7,23,BALWADI KENDRA BAJEJAMA SHEORAGURI
7,24,"HARKUMARI HIGH SCHOOL, ROOM NO.1"
7,25,"HARKUMARI HIGH SCHOOL, ROOM NO.2"
7,26,"SHIKARPUR NABA PRY SCHOOL, ROOM NO. 1"
7,27,"SHIKARPUR NABA PRY SCHOOL, ROOM NO. 2"
7,28,GAOCHULKA JR. BASIC  SCHOOL
7,29,"KUMARGANJ GOVT. PRY. SCHOOL, ROOM NO.1"
7,30,"KUMARGANJ GOVT. PRY. SCHOOL, ROOM NO.2"
7,31,SHEORAGURI PRY. SCHOOL
7,32,MANSAB SHEORAGURI R. R. PRY. SCHOOL
7,33,CHHATNOTAFELA H. A. PRY. SCHOOL
7,34,NOTAFELA R. R. PRY. SCHOOL
7,35,CHHAT NOTAFELA 5TH PLAN PRY. SCHOOL
7,36,SALMARA JR. BASIC SCHOOL
7,37,SALMARA HIGH SCHOOL
7,38,"CHHOTO GAROLJHORA NEW PRY. SCHOOL, ROOM NO. 1"
7,39,"CHHOTO GAROLJHORA NEW PRY. SCHOOL, ROOM NO. 2"
7,40,"DIGHALTARI PRY. SCHOOL, ROOM NO.1"
7,41,"DIGHALTARI PRY. SCHOOL, ROOM NO.2"
7,42,KUCHNI AIDED PRY. SCHOOL
7,43,RAKHALMARI AIDED PRY. SCHOOL
7,44,SABUJPALLY  JR. HIGH SCHOOL
7,45,BARASAKDAL JR. BASIC SCHOOL
7,46,UPENDRA ISHORE JR. HIGH SCHOOL (HEDARHAT)
7,47,BAROSAKDAL GIRLS AIDED. PRY. SCHOOL
7,48,BARASAKDAL R. R. AIDED PRY. SCHOOL
7,49,"LANGULIA  5TH PHASE PRY. SCHOOL, ROOM NO. 1"
7,50,"LANGULIA  5TH PHASE PRY. SCHOOL, ROOM NO. 2"
7,51,DAKSHIN BARASAKDAL PRY. SCHOOL
7,52,TRIMOHINI GOVT. PRY. SCHOOL
7,53,JITPUR PART-II GOVT. PRY. SCHOOL
7,54,DURACHAPRI AIDED PRY. SCHOOL
7,55,"SIMULBARI GOVT. PRY. SCHOOL, ROOM NO. 1"
7,56,"SIMULBARI GOVT. PRY. SCHOOL, ROOM NO. 2"
7,57,"KHOCHABARI PART-II  AIDED PRY. SCHOOL, ROOM NO. 1"
7,58,"KHOCHABARI PART-II  AIDED PRY. SCHOOL, ROOM NO. 2"
7,59,"KHOCHABARI HIGH SCHOOL, ROOM NO.1"
7,60,"KHOCHABARI HIGH SCHOOL, ROOM NO.2"
7,61,GARBHADANGA JAGABANDHU DHAM AIDED PRY. SCHOOL
7,62,"GARBHADANGA JAGABANDHU AIDED PRY. SCHOOL, ROOM NO. 1"
7,63,"SAHEBGANJ JR. BASIC SCHOOL, ROOM NO. 1"
7,64,"SAHEBGANJ JR. BASIC SCHOOL, ROOM NO. 2"
7,65,"SAHEBGANJ JR. BASIC SCHOOL, ROOM NO. 3"
7,66,SAHEBGANJ SRI PANCHANAN PRY. SCHOOL
7,67,SAHEBGANJ GOVT. PRY. SCHOOL NEW CENTRE
7,68,KHARUBHAJ GOVT. PRY. SCHOOL
7,69,SAHEBGANJ HIGH SCHOOL
7,70,JAGABANDHU PRY. SCHOOL
7,71,TURUK KATA GOBINDA PRY. SCHOOL
7,72,"BAMANHAT HIGH SCHOOL, ROOM NO.1"
7,73,"BAMANHAT HIGH SCHOOL, ROOM NO.2"
7,74,BAMANHAT GIRLS JR. BASIC SCHOOL
7,75,DAKSHIN  LAWCHAPRA 5TH PLAN PRY. SCHOOL
7,76,"BOUSHMARI NEW PRY. SCHOOL, ROOM NO. 1"
7,77,"BOUSHMARI NEW PRY. SCHOOL, ROOM NO. 2"
7,78,MAHAKALERHAT JR. HIGH SCHOOL
7,79,BATASUR KUTHI NEW PRY. SCHOOL
7,80,PATHARSAN MADHAIKHAL KALIBARI PRY. SCHOOL
7,81,"PATHARSAN DURGANAGAR UPPER PRY. SCHOOL, ROOM NO. 1"
7,82,"PATHARSAN DURGANAGAR UPPER PRY. SCHOOL, ROOM NO. 2"
7,83,KALMATI GOVT. PRY. SCHOOL
7,84,"KALMATI JR. HIGH SCHOOL, ROOM NO.1"
7,85,"KALMATI JR. HIGH SCHOOL, ROOM NO.2"
7,86,BOXITARI AIDED PRY. SCHOOL
7,87,"KALMATI NO. II PRY. SCHOOL, ROOM NO. 1"
7,88,"KALMATI NO. II PRY. SCHOOL, ROOM NO. 2"
7,89,BADALGIR VIVEKANANDA AIDED PRY. SCHOOL
7,90,ATIALDANGA PRY. SCHOOL
7,91,KHATAMARI AIDED PRY. SCHOOL
7,92,KHATAMARI GOVT. PRY. SCHOOL
7,93,HOKDOHA PART. II NEW PRY. SCHOOL
7,94,"JAIGIRBALABARI NEW  PRY. SCHOOL, ROOM NO. 1"
7,95,"JAIGIRBALABARI NEW  PRY. SCHOOL, ROOM NO. 2"
7,96,"CHOWDHURY HAT VIVEKANANDA VIDYAMANDIR, ROOM NO. 1"
7,97,"CHOWDHURY HAT VIVEKANANDA VIDYAMANDIR, ROOM NO. 2"
7,98,"CHOWDHURY HAT VIVEKANANDA VIDYAMANDIR, ROOM NO. 3"
7,99,SADIALER KUTHI AIDED. PRY. SCHOOL
7,100,KHITABER KUTHI AIDED PRY. SCHOOL
7,101,JHIKRI JR. BASIC SCHOOL
7,102,NAGRERBARI NEW PRY. SCHOOL
7,103,"CHANDER KUTHI JR. BASIC SCHOOL, ROOM NO. 1"
7,104,"CHANDER KUTHI JR. BASIC SCHOOL, ROOM NO. 2"
7,105,"CHANDER KUTHI JR. BASIC SCHOOL, ROOM NO. 3"
7,106,NAGARERBARI 5TH PHASE PRY. SCHOOL
7,107,"NAGARERBARI GOVT. PRY. SCHOOL, ROOM NO. 1"
7,108,CHANDERKUTHI JUNIOR MADRASA
7,109,"MEGNARAYANERKUTHI STATE PLAN PRY. SCHOOL, ROOM NO. 1"
7,110,"MEGNARAYANERKUTHI STATE PLAN PRY. SCHOOL, ROOM NO. 2"
7,111,SEOTI PART-I AIDED PRY. SCHOOL
7,112,SHUKARURKUTHI 4TH PHASE PRY. SCHOOL
7,113,"SHUKARURKUTHI HIGH SCHOOL, ROOM NO. 1"
7,114,"SHUKARURKUTHI HIGH SCHOOL, ROOM NO. 2"
7,115,KISAMAT KARALA 5TH PHASE PRY. SCHOOL
7,116,BASKOTAL NEW PRY SCHOOL
7,117,KISAMAT PART-II C. S. PRY. SCHOOL
7,118,"KURSHARHAT HIGH SCHOOL, ROOM NO. 1"
7,119,"KURSHARHAT HIGH SCHOOL, ROOM NO. 2"
7,120,THARAIKHANA 4TH PHASE PRY. SCHOOL
7,121,THARAIKHANA AIDED PRY. SCHOOL
7,122,SEOTI PART-II NEW PRY. SCHOOL
7,123,"KHARIJA DASGRAM PRY. SCHOOL, ROOM NO. 1"
7,124,"KHARIJA DASGRAM PRY. SCHOOL, ROOM NO. 2"
7,125,"WEST DASGRAM GOBRACHHARA PRY. SCHOOL, ROOM NO. 1"
7,126,"WEST DASGRAM GOBRACHHARA PRY. SCHOOL, ROOM NO. 2"
7,127,ABUTARA UDBASTU AIDED PRY. SCHOOL
7,128,KHARIJA BANIADAHA AIDED PRY. SCHOOL
7,129,"ABUTARA JR. HIGH SCHOOL, ROOM NO. 1"
7,130,KHARIJA BANIADAHA 5TH PHASE PRY. SCHOOL (SHIBER TONG)
7,131,TUTIARKUTHI JR. BASIC SCHOOL
7,132,"NAYARHAT HIGH SCHOOL, ROOM NO. 1"
7,133,"NAYARHAT HIGH SCHOOL, ROOM NO. 2"
7,134,"NAYARHAT HIGH SCHOOL, ROOM NO. 3"
7,135,NAYAERHAT JR. BASIC SCHOOL
7,136,PIKNIDHARA AIDED PRY. SCHOOL
7,137,"NANDINA GOVT. PRY. SCHOOL, ROOM NO.1"
7,138,"NANDINA GOVT. PRY. SCHOOL, ROOM NO.2"
7,139,"KALIGANJERHAT NEW PRY. SCHOOL, ROOM NO. 1"
7,140,"KALIGANJERHAT NEW PRY. SCHOOL, ROOM NO. 2"
7,141,KARALA GOVT. PRY. SCHOOL
7,142,NOTKOBARI NEW PRY. SCHOOL
7,143,RANIRHAT NEW PRY. SCHOOL
7,144,TIADAHA JR. BASIC SCHOOL
7,145,KISAMATDASGRAM GOVT. PRY. SCHOOL
7,146,GORKHARPAR 5TH PLAN PRY. SCHOOL
7,147,MOKTARERBARI JR. BASIC SCHOOL
7,148,"MOKTARERBARI JR. HIGH SCHOOL, ROOM NO. 1"
7,149,"MOKTARERBARI JR. HIGH SCHOOL, ROOM NO. 2"
7,150,"MOKTARERBARI JR. HIGH SCHOOL, ROOM NO. 3"
7,151,"HOKDAHO NEW PRY. SCHOOL, ROOM NO. 1"
7,152,"HOKDAHO NEW PRY. SCHOOL, ROOM NO. 2"
7,153,"ABUTARA AIDED PRY. SCHOOL, ROOM NO. 1"
7,154,"ABUTARA AIDED PRY. SCHOOL, ROOM NO. 2"
7,155,BEPARIRBARI AIDED PRY. SCHOOL
7,156,KISAMATDASGRAM NEW PRY. SCHOOL (FAKKARER HAT)
7,157,DASGRAM GOBRACHHARA  TRIBAL NEW PRY. SCHOOL
7,158,BARO ATIABARI NO. 2 AIDED PRY. SCHOOL
7,159,ATIABARI RADHANAGAR VIDYAMANDIR
7,160,"JORPAKRI JR. HIGH SCHOOL, ROOM NO.1"
7,161,"PEULAGURI AIDED PRY. SCHOOL, ROOM NO. 1"
7,162,"JORPAKRI JR. HIGH SCHOOL, ROOM NO. 2"
7,163,"PEULAGURI AIDED PRY. SCHOOL, ROOM NO. 2"
7,164,RAJA RAM MOHAN PRY. SCHOOL
7,165,PEULAGURI PAGLAR PATH AIDED PRY. SCHOOL
7,166,KHARIJA GITALDAHA 5TH PHASE PRY. SCHOOL
7,167,"JHURIPARA NO. 1  NEW  PRY. SCHOOL, ROOM NO. 1"
7,168,"JHURIPARA NO. 1  NEW  PRY. SCHOOL, ROOM NO. 2"
7,169,BARO BOALMARI TOBACCO RESEARCH STATION  (C.T.R.I)
7,170,BARO BOALMARI PRY. SCHOOL
7,171,"JHURIPARA NO. 2 NEW PRY. SCHOOL, ROOM NO. 1"
7,172,"JHURIPARA NO. 2 NEW PRY. SCHOOL, ROOM NO. 2"
7,173,"JHURIPARA NO. 2 NEW PRY. SCHOOL, ROOM NO. 3"
7,174,"DINHATA MISSION JR. BASIC SCHOOL, ROOM NO. 1"
7,175,"DINHATA MISSION JR. BASIC SCHOOL, ROOM NO. 2"
7,176,"DINHATA MISSION JR. BASIC SCHOOL, ROOM NO. 3"
7,177,"KALIRPATH 5TH PHASE NEW PRY. SCHOOL, ROOM NO. 1"
7,178,"KALIRPATH 5TH PHASE NEW PRY. SCHOOL, ROOM NO. 2"
7,179,"BARO ATIABARI AIDED PRY. SCHOOL, ROOM NO.1"
7,180,"BARO ATIABARI AIDED PRY. SCHOOL, ROOM NO.2"
7,181,"AJIMIAH JR. BASIC SCHOOL, ROOM NO. 1"
7,182,"AJIMIAH JR. BASIC SCHOOL, ROOM NO. 2"
7,183,JOGESH CH. SAHA JR. BASIC SCHOOL
7,184,"DINHATA COLLEGE, ROOM NO. 1"
7,185,"DINHATA COLLEGE, ROOM NO. 2"
7,186,"DINHATA COLLEGE, ROOM NO. 3"
7,187,"STATION PARA  HIGH SCHOOL,  ROOM NO. 1"
7,188,"NATAJI COLONI 5TH PHASE PRY. SCHOOL, ROOM NO. 1"
7,189,"NATAJI COLONI 5TH PHASE PRY. SCHOOL, ROOM NO. 2"
7,190,"STATION PARA  HIGH SCHOOL,  ROOM NO. 2"
7,191,"STATION PARA  HIGH SCHOOL,  ROOM NO. 3"
7,192,"STATION PARA  HIGH SCHOOL,  ROOM NO. 4"
7,193,"SATKURA GOVT. PRY. SCHOOL, ROOM NO. 1"
7,194,DAMPARA PRY. SCHOOL
7,195,"SATKURA GOVT. PRY. SCHOOL, ROOM NO. 2"
7,196,BHANGNI PART-II GOVT. PRY. SCHOOL (BAMANTARI)
7,197,"NIGAMANANDA SARASWATA HIGH SCHOOL, ROOM NO. 1"
7,198,"NIGAMANANDA SARASWATA HIGH SCHOOL, ROOM NO. 2"
7,199,SARAT CHANDRA SMRITI VIDYAPEETH
7,200,"NIGAMANANDA SIKSHA NIKETAN GIRL&#x27;S HIGH SCHOOL, ROOM NO. 1"
7,201,"NIGAMANANDA SIKSHA NIKETAN GIRL&#x27;S HIGH SCHOOL, ROOM NO. 2"
7,202,DIPCHAND JANOKI TEWARI JR. BASIC SCHOOL
7,203,BHANGNI BURIRPAT PRY. SCHOOL
7,204,"DINHATA HIGH SCHOOL (HS), ROOM NO. 1"
7,205,"DINHATA HIGH SCHOOL (HS), ROOM NO. 2"
7,206,GOPALNAGAR M. S. S. HIGH SCHOOL
7,207,"RAJENDRA VIDYAPEETH, ROOM NO. 1"
7,208,"RAJENDRA VIDYAPEETH, ROOM NO. 2"
7,209,"DINHATA R. R.  PRY. SCHOOL, ROOM NO. 1"
7,210,"DINHATA R. R.  PRY. SCHOOL, ROOM NO. 2"
7,211,"DINHATA HIGH SCHOOL (HS), ROOM NO. 3"
7,212,"DINHATA HIGH SCHOOL (HS), ROOM NO. 4"
7,213,"DINHATA HIGH SCHOOL (HS), ROOM NO. 5"
7,214,"DINHATA GIRLS HIGH SCHOOL, ROOM NO. 1"
7,215,RAJKUMAR PRY.  SCHOOL
7,216,"DINHATA GIRLS HIGH SCHOOL, ROOM NO. 2"
7,217,"DINHATA SONIDEVI JAIN HIGH SCHOOL (HS), ROOM NO. 1"
7,218,"DINHATA SONIDEVI JAIN HIGH SCHOOL (HS), ROOM NO. 2"
7,219,"DINHATA SONIDEVI JAIN HIGH SCHOOL (HS), ROOM NO. 3"
7,220,"DINHATA SONIDEVI JAIN HIGH SCHOOL (HS), ROOM NO. 4"
7,221,"DINHATA SONIDEVI JAIN HIGH SCHOOL (HS), ROOM NO. 5"
7,222,"JNANADA DEVI GIRLS&#x27; HIGH SCHOOL, ROOM NO. 1"
7,223,"JNANADA DEVI GIRLS&#x27; HIGH SCHOOL, ROOM NO. 2"
8,1,"Kaljani Boys Aided pry. School (Balak), Room No. 1"
8,2,"Kaljani Boys Aided pry. School (Balika), Room No. 2"
8,3,Shoultukuni Barapak Aided Pry. School.
8,4,"Kaljani Sahajahan Uddin High School, Room No.1"
8,5,"Kaljani Sahajahan Uddin High School, Room No.2"
8,6,Kaljani R.R.Pry.School. (Kurarpar)
8,7,Vivekananda 5th Plan Pry. School
8,8,"Dakshin Dawagury Pry. School, Room No. 1"
8,9,"Dakshin Dawagury Pry. School, Room No. 2"
8,10,Amasudas High School
8,11,"Khapaidanga Joykanta High School, Room No. 1"
8,12,"Khapaidanga Joykanta High School, Room No. 2"
8,13,"Konamali Khapaidanga G.P..School, Room No.1"
8,14,Uttar Khapaidanga No. 2 Jr.High School.
8,15,Uttar  Khapaidanga 5th plan pry.School.
8,16,"Konamali Khapaidanga G.P.School, Room No.1"
8,17,Khapaidanga Dudhkhawa G.P. School.
8,18,"Chawdanga Aided Pry. School, Room No. 1"
8,19,"Chawdanga Aided Pry. School, Room No. 2"
8,20,Bhelapeta State Plan Pry.School.
8,21,"Bhelapeta No2, 4th Plan Pry. School."
8,22,Bhelapeta High School.
8,23,Dhopguri Govt. Pry. School.
8,24,Panisala 5th Plan Pry.School.
8,25,Bhuchungmari Govt.Pry School.
8,26,Panisala 4th Plan Pry.School.
8,27,"Debattar Charaljani Govt.Pry.School, Room No. 1"
8,28,"Debattar Charaljani Govt.Pry.School,Room No. 2"
8,29,Chhat Barochowki Aided Pry. School
8,30,Natabari(Baspara Kuthibari)5th Plan Pry. School.
8,31,Ramani Kanta Pry.School
8,32,Natabari Aided Pry. School.
8,33,"Natabari Higher Secondary School, Room No.1"
8,34,"Natabari Higher Secondary School, Room No.2"
8,35,"Charaljani Aided Pry.School, Room No.1"
8,36,"Charaljani Aided Pry.School, Room No.2"
8,37,Uttar Jaigir Chilakhana Samiji Smriti 4th Plan pry. School.
8,38,Jaigir chilakhana 5th Plan Pry. School.
8,39,Gopal Smriti Pry. School.
8,40,Charaljani No.2 Spl.Cadre Pry.School.
8,41,"Jaigir Chilakhana No. 2 Aided Pry. School, Room No.1"
8,42,"Jaigir Chilakhana No. 2 Aided Pry. School, Room No.2"
8,43,"Sidheswar 4th plan Pry.School, Room No. 2"
8,44,"Jaigir Chilakhana  Aided Pry.School, Room No.1"
8,45,"Jaigir Chilakhana  Aided Pry.School, Room No.2"
8,46,"Jaigir Chilakhana  Aided Pry.School, Room No.3"
8,47,"Jaigir Chilakhana U C S No. 3, 4th Plan Pry. School, Room No. 1"
8,48,"Jaigir Chilakhana U C S No. 3, 4th Plan Pry. School, Room No. 2"
8,49,Uttar Ghogarkuthi Pry. School.
8,50,Ghogarkuthi Nimna Buniyadi School.
8,51,GHOGARKUTHI JUNIOR HIGH SCHOOL.
8,52,"Ghogarkuthi (Deocharai More) Pry.School, Room No.1"
8,53,"Ghogarkuthi (Deocharai More) Pry.School, Room No.2"
8,54,Ghogarkuthi Special Cadre Pry. School.
8,55,"Chilakhana Jr. Basic School, Room No.1"
8,56,Paschim Kuthibari Pry School
8,57,"Chilakhana Jr. Basic School, Room No.2"
8,58,"Chilakhana Jr. Basic School, Room No.3"
8,59,Kadamtala Pry. School.
8,60,"Chilakhana Higher Secondary School, Room No.1"
8,61,"Chilakhana Higher Secondary School, Room No.2"
8,62,"Chhatoa Aided Pry.School, Room No. 1"
8,63,"Chhatoa Aided Pry.School, Room No. 2"
8,64,"Ayranichithalia Aided Pry.School, Room No.1"
8,65,"Ayranichithalia Aided Pry.School, Room No.2"
8,66,Ayranichithalia Chakarnath Pry.School.
8,67,"Amlaguri GSF. Pry.School, Room No.1"
8,68,"Amlaguri GSF. Pry.School, Room No.2"
8,69,Uttar Maradanga R.R.Pry.School.
8,70,Maradanga Pry. School
8,71,"Maruganj  Higher Secondary School, Room No. 1"
8,72,"Maruganj Jr.Basic School, Room No. 1"
8,73,"Maruganj Jr.Basic School, Room No. 2"
8,74,"Maruganj  Higher Secondary School, Room No. 2"
8,75,"Bhelakopa No.2 G.P. School, Room No. 1"
8,76,"Bhelakopa No.2 G.P. School, Room No. 2"
8,77,"Bhelakopa No.2 G.P. School, Room No. 3"
8,78,Ghargharia  Special Cadre Pry. Girls&#x27;.School.
8,79,Ghargharia Part 2 Special Cadre Pry. School.
8,80,Purba Falimari Govt.Pry.School.
8,81,"Talliguri High School, Room No. 1"
8,82,"Talliguri High School, Room No. 2"
8,83,"Dalua Dashgir Govt. Aided Pry. School, Room No. 1"
8,84,"Dalua Dashgir Govt. Aided Pry. School, Room No. 2"
8,85,Gaergari Dineswari 4th plan Pry.School
8,86,Jhinaidanga Jr. Basic School.
8,87,Bhojanpur Govt. Pry. School.
8,88,Kalighat Aided Pry.School.
8,89,Sekh Sahabuddin G. P. School.
8,90,"Dhaluabari High School, Room No. 1"
8,91,Panigram Ghugumari 5th Plan Pry. School.
8,92,"Dhaluabari  High School, Room No. 2"
8,93,"Dhaierhat Spl. Cadre Pry. School, Room No. 1"
8,94,"Dhaierhat Spl. Cadre Pry. School, Room No. 2"
8,95,Nababganj Balashi Spl. Cadre Pry. School.
8,96,Adarsa High School.
8,97,Shishabguri Spl. Cadre Pry. School.
8,98,Ghegirghat Purbapara 5th plan Pry. School.
8,99,Gangalerkuthi R.R.Pry. School.
8,100,Paschim Dewanhat 5th plan pry. School.
8,101,"Dewanhat High School, Room No. 1"
8,102,"Dewanhat High School, Room No. 2"
8,103,"Dewanhat High School, Room No. 3"
8,104,.Dewanhat Jr. Basic School.
8,105,Bidhan Chandra Bidyapith(Dakshin Balashi)
8,106,"Nababganj Balashi G.S.F. Pry. School, Room No. 1"
8,107,"Nababganj Balashi G.S.F. Pry. School, Room No. 2"
8,108,"Moyamari Jr. Basic School, Room No. 1"
8,109,"Moyamari Jr. Basic School, Room No. 2"
8,110,Panishala R.R.Pry. School.
8,111,"Panishala High School, Room No. 1"
8,112,"Panishala High School, Room No. 2"
8,113,Kashiyabari (Panishala Char)5th Plan Pry.School.
8,114,Panishala Jr. Basic School.
8,115,"Latkarpar Spl. Cadre Pry. School, Room No. 1"
8,116,"Latkarpar Spl. Cadre Pry. School, Room No. 2"
8,117,"Gosaiganj Aided 1st Phase Pry. School, Room No. 1"
8,118,"Gosaiganj Aided 1st Phase Pry. School, Room No. 2"
8,119,Jiranpur Aided Pry. School.
8,120,Jiranpur G. P. Office
8,121,"Dhumpur High School, Room No. 1"
8,122,"Dhumpur High School, Room No. 2"
8,123,Daharerpar State Plan Pry. School.
8,124,Chatra Chekadera Govt. Pry. School.
8,125,Chekadera No. 2 New Pry. School.
8,126,Chekadera Govt. Pry. School.
8,127,Tapshitala Aided Pry. School
8,128,Shimultala 5th Plan Pry. School
8,129,Tapshitala Spl. Cadre Pry. School
8,130,Nandichhechura New Pry. School.
8,131,"Sarpasingra Aided Pry. School, Room No. 1"
8,132,"Sarpasingra Aided Pry. School, Room No. 2"
8,133,"Krishna Panishala Govt. Pry. School, Room No. 1"
8,134,"Krishna Panishala Govt. Pry. School, Room No. 2"
8,135,"Balarampur H.S.School, Room No. 1"
8,136,Arampur Primary School
8,137,SARERPAR NEW PRY. SCHOOL
8,138,"Balarampur H.S.School, Room No. 2"
8,139,Nigomananda Junior Basic School
8,140,Kamat Seoraguri Govt.Pry.School.
8,141,Seoraguri Farfaribala Adhikary 5th Plan Pry.School.
8,142,Majumdar Pry. School(Sarerpar)
8,143,Shouldhukri 5th Plan Pry. School.
8,144,Anganwari Centre(Balarampur)
8,145,Shouldhukri State Plan Pry. School.
8,146,Chowkushi Balarampur Govt. Pry. School.
8,147,Changmari Govt. Pry. School.
8,148,"KRISHNAPUR HIGH SCHOOL, ROOM NO. 1"
8,149,Krishnapur Ghonapara Pry. School
8,150,"KRISHNAPUR JUNIOR HIGH SCHOOL, ROOM NO. 2"
8,151,KRISHNAPUR BALABARI SIRAJIA SENIOR MADRASA
8,152,"Jhaljhali Jr. Basic School, Room No. 1"
8,153,"Jhaljhali Jr. Basic School, Room No. 2"
8,154,"Santoshpur G.S.F. (old) Pry. School, Room No. 1"
8,155,"Santoshpur G.S.F. (old) Pry. School, Room No. 2"
8,156,DEOCHARAI JR. BASIC SCHOOL.
8,157,"Deocharai H.S.School, Room No. 1"
8,158,"Deocharai H.S.School, Room No. 2"
8,159,Bakshirkuthi Primary School
8,160,Kaliganj Aided Pry. School.
8,161,Uttar-Dewcharai Karjeepara 5th Plan Pry. School.
8,162,Tilaierpar UCS 5th Plan Pry. School
8,163,Balaghat Spl. Cadre Pry. School.
8,164,Nepalerkhata UCS 5th Plan Pry. School.
8,165,"Shikarpur Vivekananda Pry. School, Room No. 1 (4th Plan)"
8,166,"Shikarpur Vivekananda Pry. School, Room No. 2 (4th Plan)"
8,167,"Shikarpur Vivekananda Pry. School, Room No. 3 (4th Plan)"
8,168,"Tufanganj Vivekananda Vidyalaya, Room No.1"
8,169,"Tufanganj Vivekananda Vidyalaya, Room No.2"
8,170,"Tufanganj Vivekananda Vidyalaya, Room No.2"
8,171,"Bapuji Vidyapith Spl.Cadre Pry. School, Room No.1"
8,172,"Bapuji Vidyapith Spl.Cadre Pry. School, Room No.2"
8,173,"Chamta No. 1 Aided.Pry. School, Room No. 1"
8,174,"Chamta No. 1 Aided.Pry. School, Room No. 2"
8,175,"Chamta No. 1 Aided.Pry. School, Room No. 3"
8,176,Chamta Guneswari Dham Pry. School (4th Plan)
8,177,"Chhoto Mahadever Dham Aided Pry. School, Room No.1"
8,178,"Chhoto Mahadever Dham Aided Pry. School, Room No.2"
8,179,"Chhoto Mahadever Dham Aided Pry. School, Room No.3"
8,180,Dwiparpar Govt. Pry. School.
8,181,"Dwiparpar No.2 Pry. School, Room No. 1"
8,182,"Dwiparpar No.2 Pry. School, Room No. 2"
8,183,"Nakkatigachh High School, Room No. 1"
8,184,NAKKATI GACHH HIGH SCHOOL( ROOM NO. 2)
8,185,"DEBAGRAM NO.1 AIDED PRY. SCHOOL, (ROOM NO.1)"
8,186,"DEBAGRAM NO.1 AIDED PRY. SCHOOL, (ROOM NO. 2)"
9,1,UTTAR DHALPAL 4TH PLAN PRY. SCHOOL
9,2,BHURKUSH HIGH SCHOOL
9,3,"SIKDARERKHATA SPL. CADRE PRY. SCHOOL TISTAGURI, ROOM NO.1."
9,4,"SIKDARERKHATA SPL. CADRE PRY. SCHOOL TISTAGURI, ROOM NO.2."
9,5,"DHALPAL HIGHER SECONDARY SCHOOL, ROOM NO. 1"
9,6,"DHALPAL HIGHER SECONDARY SCHOOL, ROOM NO.2"
9,7,"CHIKLIGURI NO.2  4TH PLAN PRY. SCHOOL, ROOM NO. 1"
9,8,"CHIKLIGURI NO.2  4TH PLAN PRY. SCHOOL, ROOM NO. 2"
9,9,"DHALPAL HIGHER SECONDARY SCHOOL, ROOM NO.3"
9,10,DHALPAL SPL. CADRE PRY. SCHOOL
9,11,"CHHATRAMPUR GENDUGURI GOVT. PRY. SCHOOL, ROOM NO.1."
9,12,"CHHATRAMPUR GENDUGURI GOVT. PRY. SCHOOL, ROOM NO.2."
9,13,KHASHBOSH SPL. CADRE PRY. SCHOOL.
9,14,"CHHAT GENDUGURI 1ST PHASE AIDED PRY. SCHOOL, ROOM NO. 1."
9,15,"CHHAT GENDUGURI 1ST PHASE AIDED PRY. SCHOOL, ROOM NO.2."
9,16,"CHHATRAMPUR NO. 1 JR. BASIC SCHOOL, ROOM NO.1."
9,17,BALAPUKURI GOVT. PRY. SCHOOL
9,18,"CHHATRAMPUR NO. 1 JR. BASIC SCHOOL, ROOM NO.2."
9,19,"GURIARPAR JR. BASIC SCHOOL, ROOM NO. 1."
9,20,"GURIARPAR JR. BASIC SCHOOL, ROOM NO.2."
9,21,"VIVEKANANDA VIDYAPITH PRY. SCHOOL. (DUTTA PARA), ROOM NO. 1"
9,22,"VIVEKANANDA VIDYAPITH PRY. SCHOOL. (DUTTA PARA), ROOM NO. 2"
9,23,"ANDARANFULBARI NO.1 R.R. PRY SCHOOL, ROOM NO. 1"
9,24,"ANDARANFULBARI NO.1 R.R. PRY SCHOOL, ROOM NO.2."
9,25,BILSHI  NO. 1 AIDED PRY. SCHOOL.
9,26,"ANANGWADI CENTRE, CHHALAPAK"
9,27,CHILAROY SPL. CADRE PRY. SCHOOL.
9,28,NAYANERSHARI SPL. CADRE PRY SCHOOL.
9,29,SUBHASH PALLI NETAJI PRY. SCHOOL.
9,30,"ANADARANFULBARI JR. HIGH SCHOOL, (ROOM NO.1)"
9,31,"ANADARANFULBARI JR. HIGH SCHOOL, (ROOM NO. 2)"
9,32,"ANDARANFULBARI JAMERDANGA 4TH PLAN PRY SCHOOL, ROOM NO.1."
9,33,CHAMTA  NO. 2 AIDED PRY. SCHOOL.
9,34,"ANDARANFULBARI JAMERDANGA 4TH PLAN PRY SCHOOL, ROOM NO.2"
9,35,"HARIRDHAM HIGH SCHOOL, ROOM NO. 1"
9,36,"HARIRDHAM HIGH SCHOOL, ROOM NO. 2"
9,37,"HARIRDHAM HIGH SCHOOL, ROOM NO. 3"
9,38,"TUFANGANJ NEW TOWN NETAJI VIDYALAYA, ROOM NO. 1"
9,39,"TUFANGANJ NEW TOWN NETAJI VIDYALAYA, ROOM NO. 2"
9,40,TUFANGANJ MADANMOHANPARA 5TH PLAN PRY. SCHOOL.
9,41,"TUFANAGANJ N.N.M. HIGHER SECONDARY SCHOOL, ROOM NO.1."
9,42,"TUFANAGANJ N.N.M. HIGHER SECONDARY SCHOOL, ROOM NO.2."
9,43,"TUFANAGANJ N.N.M. HIGHER SECONDARY SCHOOL, ROOM NO.3"
9,44,"TUFANAGANJ N.N.M. HIGHER SECONDARY SCHOOL, ROOM NO.4"
9,45,"TUFANAGANJ N.N.M. HIGHER SECONDARY SCHOOL, ROOM NO.5"
9,46,"TUFANGANJ TOWN VIDYASAGAR PRY SCHOOL, ROOM NO.1"
9,47,"TUFANGANJ TOWN VIDYASAGAR PRY SCHOOL, ROOM NO.2"
9,48,BANSHRAJA NO.1 TRIBAL PRY. SCHOOL.
9,49,BHANDIJILASH GOVT. PRY. SCHOOL
9,50,BANSHRAJA GOVT. PRY. SCHOOL
9,51,BANSHRAJA NO. 1 AIDED PRY. SCHOOL
9,52,BICHHANDOY 5TH PLAN PRY. SCHOOL.
9,53,"SALBARI HIGH SCHOOL, ROOM NO. 1"
9,54,SALBARI JUNIOR BASIC  SCHOOL.
9,55,SALBARI BALIKA AIDED PRY. SCHOOL.
9,56,"SALBARI HIGH SCHOOL, ROOM NO. 2"
9,57,NAGURURHAT HIGH SCHOOL.
9,58,BANSHRAJA PART-II SPECIAL CADRE PRY. SCHOOL(KADAMGURI)
9,59,NAGURURHAT KARJEE PARA JUNIOR BASIC  SCHOOL.
9,60,DORKO GOVT. PRY. SCHOOL
9,61,CHANGTIMARI 4TH PLAN PRY SCHOOL
9,62,BOCHAMARI HIGH SCHOOL.
9,63,"BARA SALBARI AIDED PRY. SCHOOL, ROOM NO. 1"
9,64,"BARA SALBARI AIDED PRY. SCHOOL, ROOM NO. 2"
9,65,"TALLIGURI JR. HIGH SCHOOL, ROOM NO.1."
9,66,"TALLIGURI JR. HIGH SCHOOL, ROOM NO.2."
9,67,JIRATI SALBARI AIDED PRY. SCHOOL
9,68,BAJRAPUR SPL. CADRE PRY SCHOOL
9,69,"BAKLA RAMKRISHNA HIGH SCHOOL, ROOM NO. 1"
9,70,"BAKLA RAMKRISHNA HIGH SCHOOL, ROOM NO. 2"
9,71,"BAKLA RAMKRISHNA HIGH SCHOOL, ROOM NO. 3"
9,72,"BAKLA RAMKRISHNA JR. BASIC SCHOOL, ROOM NO. 1"
9,73,"BAKLA RAMKRISHNA JR. BASIC SCHOOL, ROOM NO. 2"
9,74,"RASHIKBIL GOVT. PRY. SCHOOL, ROOM NO.1"
9,75,"RASHIKBIL GOVT. PRY. SCHOOL, ROOM NO.2"
9,76,"RASHIKBIL No. 2 JUNIOR BASIC  SCHOOL, ROOM NO.1."
9,77,"RASHIKBIL NO.2 JUNIOR  BASIC SCHOOL, ROOM NO.2."
9,78,TAKUYAMARI GOVT. SCHOOL
9,79,GHOKSA SPL. CADRE PRY. SCHOOL
9,80,GEDARCHAR 5TH PLAN PRY. SCHOOL
9,81,"MAHISHKUCHI HIGH SCHOOL , ROOM NO.1"
9,82,"MAHISHKUCHI HIGH SCHOOL, ROOM NO.2"
9,83,"PALIKA NEHERU VIDYAPITH, ROOM NO.1"
9,84,"PALIKA NEHERU VIDYAPITH, ROOM NO.2"
9,85,PACHIM PHERSA BARI 4TH PLAN PRY. SCHOOL.
9,86,"SALDANGA VIDYASAGAR VIDYAPITH, ROOM NO. 1"
9,87,"SALDANGA VIDYASAGAR VIDYAPITH, ROOM NO. 2"
9,88,FESRABARI NETAJI VIDYAPITH
9,89,"JALDHOYA SPL CADRE PRY SCHOOL, ROOM NO.1."
9,90,"JALDHOYA SPL CADRE PRY SCHOOL, ROOM NO.2."
9,91,"DHORAR KUTHI JR. BASIC SCHOOL, ROOM NO. 1"
9,92,"DHORAR KUTHI JR. BASIC SCHOOL, ROOM NO. 2"
9,93,GARBHANGA STATE PLAN PRY. SCHOOL
9,94,DAKSHIN RAMPUR 4TH PLAN PRY SCHOOL
9,95,"DAKSHIN RAMPUR NO.2, 5TH PLAN PRY. SCHOOL."
9,96,DAKSHIN RAMPUR CENTRAL R.R. PRY. SCHOOL
9,97,"SINGIMARI  HIGHER SECONDARY SCHOOL, ROOM NO. 1"
9,98,"SINGIMARI  HIGHER SECONDARY SCHOOL, ROOM NO. 2"
9,99,"SINGIMARI AIDED PRY. SCHOOL, ROOM NO. 1"
9,100,"SINGIMARI AIDED PRY. SCHOOL, ROOM NO. 2"
9,101,KHAGRIBARI GOVT. PRY. SCHOOL
9,102,NOWTHOA SPL. CADRE PRY SCHOOL
9,103,JORAI HIGH SCHOOL
9,104,"JORAI JUNIOR BASIC  SCHOOL, ROOM NO.1."
9,105,UTTAR RAMPUR 4TH PLAN PRY SCHOOL.
9,106,"JORAI JUNIOR BASIC  SCHOOL, ROOM NO.2."
9,107,"JORAI JUNIOR BASIC  SCHOOL, ROOM NO.3."
9,108,"NAJIRAN DAUTIKHATA JUNIOR BASIC SCHOOL, ROOM NO.1."
9,109,"NAJIRAN DAUTIKHATA JUNIOR BASIC SCHOOL, ROOM NO.2."
9,110,"CHHATBHALKA NO.1 PRY SCHOOL, ROOM NO. 1"
9,111,"CHHATBHALKA NO.1 PRY SCHOOL, ROOM NO. 2"
9,112,FALIMARI NAYAPARA AIDED PRY SCHOOL
9,113,FALIMARI BARNIKATA 5TH PLAN PRY SCHOOL.
9,114,FALIMARI Chikantala pry. school
9,115,FALIMARI GOVT. PRY. SCHOOL.
9,116,FALIMARI AIDED PRY. SCHOOL(PACHANIPARA)
9,117,"DAKSHIN FALIMARI MADHYA CHAR 5TH PLAN PRY. SCHOOL, ROOM NO. 1"
9,118,"DAKSHIN FALIMARI MADHYA CHAR 5TH PLAN PRY. SCHOOL, ROOM NO. 2"
9,119,Chhat Falimari Joyguru Spl. Cadre Pry. School.
9,120,Bara-lowkuthi Spl. Cadre Pry. School
9,121,Chhit Bara-lowkuthi 4th Plan Pry. School
9,122,"Baxirhat Girls&#x27; High School, Room No. 1"
9,123,"Chhotolaowkuthi Bidhan Vidyapith, Room No. 1"
9,124,"Chhotolaowkuthi Bidhan Vidyapith, Room No. 2"
9,125,"Boxirhat Jr. Basic School, ROOM NO.1."
9,126,"Boxirhat Jr. Basic School, ROOM NO.2."
9,127,"Boxirhat Jr. Basic School, ROOM NO.3"
9,128,"Bhanukumari Govt. Pry. School, Room No. 1"
9,129,"Bhanukumari Govt. Pry. School, Room No. 2"
9,130,"Bhanukumari Govt. Pry. School, Room No. 3"
9,131,"Boxirhat High School, ROOM NO.1"
9,132,"Boxirhat High School, ROOM NO. 2"
9,133,"Baxirhat Girls&#x27; High School, Room No. 2"
9,134,Madhya Bhanukumari Pry. School.
9,135,"Nakarkhana State Plan Pry. School, Room No. 1"
9,136,"Nakarkhana State Plan Pry. School, Room No.2"
9,137,Nakarkhana Jr. Basic School.
9,138,Uttar Balakuthi 5th Plan. School
9,139,"Balakuthi Aided Pry. School, ROOM NO.1."
9,140,"Balakuthi Aided Pry. School, ROOM NO.2."
9,141,Silghagri Govt. Pry. School.
9,142,Mantani Govt. Pry. School
9,143,Jhawkuthi C.S. Pry School
9,144,Dhaldabri State Plan Pry School
9,145,Nakarkhana R.R. Pry. School
9,146,"DHALDABRI PRY SCHOOL (HATKHOLA), ROOM NO. 1"
9,147,"DHALDABRI PRY SCHOOL (HATKHOLA), ROOM NO. 2"
9,148,"Harirhat High School, Room No. 1"
9,149,"Harirhat High School, Room No. 2"
9,150,Trisima Spl. Cadre Pry. School
9,151,Bhandijelash Madhyapara 5th Plan pry. School
9,152,"Haripur Dolgobind 1st Phase Aided Pry. School, Room No. 1"
9,153,"Haripur Dolgobind 1st Phase Aided Pry. School, Room No. 2"
9,154,"Langalgram R.R. Pry. School, Room No. 1"
9,155,"Langalgram R.R. Pry. School, Room No. 2"
9,156,"Barokodali Higher Secondary School, Room No.1"
9,157,"Barokodali Higher Secondary School, Room No.2"
9,158,"Bhareya Aided 1st Plan Pry. School, Room No. 1"
9,159,"Bhareya Aided 1st Plan Pry. School, Room No. 2"
9,160,"Barokodali Higher Secondary School, Room No. 3"
9,161,"Taraganj Spl Cadre Pry. School, Room No.1"
9,162,"Taraganj Spl Cadre Pry. School, Room No.2"
9,163,"Mansai No. 1 Aided Pry. School, Room No.1"
9,164,"Mansai No. 1 Aided Pry. School, Room No.2"
9,165,Dharmatia Jr. Basic School.
9,166,Dhanmatia Harirdham Pry. School
9,167,"Mansai No. 1 Aided Pry. School, Room No.3"
9,168,"Begarkhata Aided Pry. School, Room No.1"
9,169,"Begarkhata Aided Pry. School, Room No.2"
9,170,Debagram No. 2 Spl. Cadre. Pry School
9,171,Debagram No. 3 Aided (1st Phase) Pry.  School.
9,172,"Balabhut Vidyasagar Vidyapith High School, Room No. 1"
9,173,"Balabhut Vidyasagar Vidyapith High School, Room No. 2"
9,174,Dakshin Balabhut Pry. School
9,175,Gopalerkuthi Pry. School
9,176,"Balabhut High School, Room No. 1"
9,177,"Balabhut High School, Room No. 2"
9,178,"Char-Balabhut Pry. School, Room No. 1"
9,179,"Char-Balabhut Pry. School, Room No. 2"
9,180,"Jhawkuthi Govt. Pry. School, Room No. 1"
9,181,"Jhawkuthi Govt. Pry. School, Room No. 2"
9,182,"Jhawkuthi Govt. Pry. School, Room No. 3"
10,1,DIRECTORS BANGLOW LINE
10,2,CHUNIYAJHORA CHA BAGAN PRIMARY SCHOOL (UTTORANGSO)
10,3,CHUNIYAJHORA CHA BAGAN PRIMARY SCHOOL (DAKSHINANGSO)
10,4,FASHKHOAWA CHA BAGAN SPECIAL CADARE PRIMARI SCHOOL
10,5,ROHIMABAD CHA BAGAN PRIMARY SCHOOL
10,6,WOAKASH HIGH SCHOOL
10,7,JAYANTI CHA BAGAN PRIMARI SCHOOL
10,8,JAYANTI CHA BAGAN LEBOUR CLUB
10,9,JAYANTI CHA BAGAN FRIENDS CLUB
10,10,LIMNUJHORA T G SPECIAL CADARE PRIMARY SCHOOL
10,11,HORIKOLA PRIMARY BIDLAYA (HATIPOTA BAJAR)
10,12,KAIJALI BASTI SPECIAL CADARE PRIMARY SCHOOL (U)
10,13,KAIJALI BASTI SPECIAL CADARE PRIMARY SCHOOL (D)
10,14,RAIDHAK F.B NEW PRIMARY SCHOOL
10,15,KARTICK T G PRIMARY SCHOOL (PURBANGSHO)
10,16,KARTICK T G PRIMARY SCHOOL (PASHIMANGSHO)
10,17,TURTURI TG PRIMARY SCHOOL
10,18,TURTURI DIVISION PRIMARY SCHOOL
10,19,RAIDHAK CHA BAGAN PRIMARY SCHOOL (PURBANGSHO)
10,20,RAIDHAK CHA BAGAN PRIMARY SCHOOL (PASHIMANGSHO)
10,21,RAIDHAK CHA BAGAN STAFF CLUB
10,22,RAIDHAK TG BENGALI PRIMARY SCHOOL
10,23,RAIDHAK CHA BAGAN LEBOUR CLUB
10,24,RAIDHAK FOREST VILLAGE PRIMARY SCHOOL
10,25,RAIDHAK FOREST VILLAGE PRIMARY SCHOOL
10,26,NEWLANDS CHA BAGAN LEBOUR CLUB (PURBANGSHO)
10,27,NEWLANDS CHA BAGAN LEBOUR CLUB (PASHIMANGSHO)
10,28,NEWLANDS TG BENGALI PRIMARY SCHOOL
10,29,NEWLANDS TG P:RIMARY SCHOOL (PASHIMANGSHO)
10,30,NEWLANDS CHA BAGAN STAFF CLUB
10,31,KUMARGRAM TG N K S CLUB
10,32,KUMARGRAM TG PRIMARY SCHOOL (UTTORANGSHO)
10,33,KUMARGRAM TG PRIMARY SCHOOL (DAKSHINANGSHO)
10,34,KUMARGRAM CHA BAGAN LEBOUR CLUB
10,35,SONKOSH T G PRIMARY SCHOOL (PURBANGSHO)
10,36,SONKOSH T G PRIMARY SCHOOL (PASHIMANGSHO)
10,37,SONKOSH T G PRIMARY SCHOOL (PASHIMANGSHO)
10,38,SONKOSH CHA BAGAN STAFF CLUB
10,39,SONKOSH CHA BAGAN LEBOUR CLUB
10,40,DURGABARI SP PRAMARY SCHOOL (UTTORANGSHO)
10,41,SENTJONS HIGH SCHOOL
10,42,DURGABARI SP PRAMARY SCHOOL (DAKSHINANGSHO)
10,43,UTTAR HALDIBARI B F P SCHOOL (UTTORANGSHO)
10,44,UTTAR HALDIBARI B F P SCHOOL (DAKSHINANGSHO)
10,45,MADHYA HALDIBARI B F P SCHOOL (DAKSHINANGSHO)
10,46,OICHIK PRIMARY SCHOOL (MADHYA HALDIBARI)
10,47,MADHYA HALDIBARI B F P SCHOOL (UTTORANGSHO)
10,48,AMARPUR B F P SCHOOL
10,49,JAYDEBPUR SP PRIMARY SCHOOL
10,50,JAYDEBPUR ADARSHO NEW PRIMARY SCHOOL
10,51,KUMARGRAM BALIKA BIDLAYA (UTTORANGSHO)
10,52,MADAN SINGH HIGH SCHOOL
10,53,KUMARGRAM BALIKA BIDLAYA (DAKSHINANGSHO)
10,54,SERICALTURE OFFICE (KATABARI)
10,55,PAGLAHAT BFP HIGH SCHOOL
10,56,DAKSHIN HALDIBARI B F P SCHOOL
10,57,CHENGMARI JUNIOR BESIK SCHOOL
10,58,SAHEBPARA BFP SCHOOL (PURBANGSHO)
10,59,SAHEBPARA BFP SCHOOL (PASHIMANGSHO)
10,60,HEMAGURI JUNIOR BESIK SCHOOL
10,61,HEMAGURI NEW PRIMARY SCHOOL (GHORAMARA)
10,62,KHUTIMARI FV PRIMARY SCHOOL
10,63,BORO DALDALI HIGH SCHOOL
10,64,GOJER DABRI GMP SCHOOL
10,65,GHAKSHAPARA SP PRIMARY SCHOOL (PURBANGSHO) SHIBBARI
10,66,GHAKSAPARA S P PRY SCHOOL (PASCHIMANGSHO)
10,67,RADHANAGAR NEW PRIMARY SCHOOL
10,68,RADHANAGAR BFP SCHOOL
10,69,BAROBISHA JUNIOR SCHOOL (PURBANGSHO)
10,70,BAROBISHA JUNIOR SCHOOL (PASHIMANGSHO)
10,71,LASHKARPARA NEW ADITIONAL PRIMARY SCHOOL
10,72,BAROBISHA G E L C PRIMARY SCHOOL (PURBAJNGSHO)
10,73,BAROBISHA G E L C PRIMARY SCHOOL (PURBAJNGSHO)
10,74,BAROBISHA HIGH SCHOOL
10,75,BAROBISHA HIGH SCHOOL (DAKSHINANGSHO)
10,76,SASTHI SHANGHA PRIMARY SCHOOL
10,77,DAKSHIN RAMPUR NEW PRIMARY SCHOOL
10,78,BAROBISHA GIRLS HIGH SCHOOL (UTTORANGSHO)
10,79,BAROBISHA GIRLS HIGH SCHOOL (DAKSHINANGSHO)
10,80,PURBA SALBARI S C PRIMARY SCHOOL
10,81,PURBA SALBARI S C PRIMARY SCHOOL (NOTUN GRIHO)
10,82,VOLKA BFP SCHOOL (UTTORANGSHO)
10,83,VOLKA BFP SCHOOL (MODHYANGSHO)
10,84,VOLKA BFP SCHOOL (DAKSHINANGSHO)
10,85,PAKRIGURI S C PRIMARY SCHOOL (UTTORANGSHO)
10,86,PAKRIGURI S C PRIMARY SCHOOL (DAKSHINANGSHO)
10,87,MAJHERDABRI JUNIOR BESIC SCHOOL (PURBANGSHO)
10,88,MAJHERDABRI JUNIOR BESIC SCHOOL (PASHIMANGSHO)
10,89,PALLI KALYAN C S PRIMARY SCHOOL (MAJHERDABRI)
10,90,BISHNUNAGAR PRIMARY SCHOOL
10,91,DHANTALI ADARSHA NEW PRIMARY SCHOOL (DHANTALI TAPU)
10,92,LALCHANDAPUR BFP SCHOOL
10,93,PASCHIM CHENGMARI GMP SCHOOL
10,94,PASCHIM CHENGMARI G E L C PRIMARY SCHOOL
10,95,JETHMOL JUNIOR HIGH SCHOOL
10,96,MARAKHATA JUNIOR BESIC SCHOOL
10,97,SIMLABARI NEW ADITIONAL PRIMARY SCHOOL
10,98,DUBASHRI GMP SCHOOL
10,99,PRITAMSHING MEMORIAL PRIMARY SCHOOL
10,100,JALNESWARI HIGH SCHOOL (UTTORANGSHO)
10,101,JALNESWARI HIGH SCHOOL (MODHYANGSHO)
10,102,JALNESWARI HIGH SCHOOL (DAKSHINANGSHO)
10,103,SILBARI SP PRIMARY SCHOOL
10,104,1 NO NARATHALI BFP SCHOOL
10,105,CHOTO DOLDOLI BFP SCHOOL
10,106,CHOTO DOLDOLI BFP SCHOOL  (PASHIMANGSHO)
10,107,NARATHALI GMP SCHOOL (PASCHIMANGSHO)
10,108,NARATHALI GMP SCHOOL (DAKSHINANGSHO)
10,109,GOCHIMARI BFP SCHOOL
10,110,CHOTO DOLDOLI NEW PRIMARY SCHOOL
10,111,BISWANATH PRIMARI SCHOOL
10,112,TELIPARA BFP SCHOOL
10,113,DAKSHIN TELIPARA NEW PRIMARY SCHOOL
10,114,2 NO NARATHOLI BFP SCHOOL
10,115,PASCHIM NATATHOLI NIMNO BUNIYADI BIDYALOY
10,116,KAMAKHYAGURI MISSION HIGH SCHOOL
10,117,GOJENDRA JUNIOR BESIC SCHOOL
10,118,KAMAKHYAGURI GMP SCHOOL (UTTORANGSHO)
10,119,KAMAKHYAGURI GMP SCHOOL (DAKSHINANGSHO)
10,120,KAMAKHYAGURI SHIBBARI PRIMARY SCHOOL
10,121,KAMAKHYAGURI TOWN CLUB
10,122,KAMAKHYAGURI UCCHO BALIKA BIDYALOY (PURBANGSHO)
10,123,BIBEKANANDA BIDYAPITH
10,124,KAMAKHYAGURI UCCHO BALIKA BIDYALOY (MODHYANGSHO)
10,125,KAMAKHYAGURI UCCHO BALIKA BIDYALOY (PASHIMANGSHO)
10,126,KAMAKHYAGURI UCCHO BALIKA BIDYALOY (UTTORANGSHO)
10,127,KAMAKHYAGURI UCCHO BALIKA BIDYALOY (DAKSHINANGSHO)
10,128,KAMAKHYAGURI 1 NO R R PRIMARY SCHOOL (PURBANGSHO)
10,129,KAMAKHYAGURI 1 NO R R PRIMARY SCHOOL (PASHIMANGSHO)
10,130,KAMAKHYAGURI BFP SCHOOL
10,131,MADHYA KAMAKHYAGURI LALIT SMRITI PRATHOMIK BIDLOY
10,132,DAKSHIN KAMAKHYAGURI NIMNO BUNIADI SCHOOL (PURBANGSHO)
10,133,DAKSHIN KAMAKHYAGURI NIMNO BUNIADI SCHOOL (PASCHIMANGSHO)
10,134,NURPUR SPECIAL CADARE PRIMARY SCHOOL
10,135,TURTURI JUNIOR BESIC SCHOOL (DAKSHINANGSHO)
10,136,TURTURI JUNIOR BESIC SCHOOL (UTTORANGSHO)
10,137,DHOWLAJHORA BOSTI PRIMARY SCHOOL
10,138,RAMPUR SPECIAL CADARE PRIMARY SCHOOL
10,139,SIMLABARI GILD MISSION PRIMARY SCHOOL (PURBANGSHO)
10,140,SIMLABARI GILD MISSION PRIMARY SCHOOL (PASHIMANGSHO)
10,141,LOKNATHPUR HIGH SCHOOL
10,142,LOKNATHPUR HIGH SCHOOL (DAKSHINANGSHO)
10,143,NEW SIMALABARI PRIMARY SCHOOL
10,144,DANGI ITDPP PRA SCHOOL
10,145,PANBARI STATEPLAN PRIMARY SCHOOL
10,146,BANIYADABRI MISSION PRI SCHOOL
10,147,JITHPUR PRIMARY SCHOOL
10,148,BANIYAGAON MISSION PRIMARY SCHOOL
10,149,SENT ELIYUS PRIMARY SCHOOL
10,150,PUKHURIA MISSION PRIMARY SCHOOL
10,151,SIDHU KANU ITDP PRIMARY SCHOOL
10,152,KADAMPUR TD PRIMARY SCHOOL
10,153,SAOTALPUR MISSION HIGH SCHOOL GRIHO (PURBANGSHO)
10,154,SAOTALPUR MISSION HIGH SCHOOL GRIHO (PASCHIMANGSHO)
10,155,SHAKTINAGAR PRIMARY SCHOOL
10,156,GANDHI SATABDI PRIMARY SCHOOL
10,157,SAMUKTALA JUNIOR BESIC SCHOOL (PURBANGSHO)
10,158,SAMUKTALA JUNIOR BESIC SCHOOL (PASCHIMANGSHO)
10,159,GAROKHUTA PRIMARY SCHOOL
10,160,SAMUKTOLA TRIBAL WALFARE CENTER
10,161,UTTAR MAHAKALGURI PRIMARY SCHOOL
10,162,MAHAKALGURI MISSION SCHOOL
10,163,DAKSHIN MAHAKALGURI UDOYON STATE PLAN PRI SCHOOL
10,164,MAHAKALGURI 1 NO BFP SCHOOL
10,165,CHEPANI HIGH SCHOOL
10,166,CHEPANI PRIMARY SCHOOL
10,167,MAHAKALGURI GRAM PANCHYET OFFICE
10,168,MAHANANDA PRIMARY SCHOOL
10,169,CHEPANI 2 NO B F P SCHOOL(PURBANGSHO)
10,170,PASCHIM CHEPANI 3 NO. B F P SCHOOL
10,171,PASCHIM CHEPANI 2 NO. B F P SCHOOL
10,172,BORO CHOWKIRBOS I T D P PRY SCHOOL
10,173,BORO CHOWKIRBOS BESIC SCHOOL
10,174,CHEPANI 1 NO. B F P SCHOOL (PURBANGSHO)
10,175,CHEPANI 1 NO. B F P SCHOOL (PASCHIMANGSHO)
10,176,PASCHIM CHIKLIGURI BOARD SCHOOL
10,177,CHIKLIGURI BOARD SCHOOL
10,178,CHIKLIGURI HIGHSCHOOL
10,179,CHIKLIGURI HIGHSCHOOL (PASCHIMANGSHO)
10,180,MADHYO PAROKATA JUNIOR BASIC SCHOOL
10,181,MADHYO PAROKATA KALYANI PRY SCHOOL
10,182,NETAJI JUNIOR HIGH SCHOOL
10,183,UTTOR PAROKATA R R PRIMARY SCHOOL
10,184,UTTOR PAROKATA 2 NO. NIMNO BUNIYADI SCHOOL
10,185,MADHYO PAROKATA NEW PRY SCHOOL (PURBANGSHO)
10,186,MADHYO PAROKATA NEW PRY SCHOOL (PASCHIMANGSHO)
10,187,BROJER KUTHI B F P SCHOOL
10,188,DAKSHIN PAROKATA PRIMARY SCHOOL
10,189,PAROKATA GRAM PANCHYET OFFICE
10,190,PAROKATA 1 NO B F P SCHOOL
10,191,DHOWLAJHORA CHA BAGAN PRY SCHOOL (PURBANGSHO)
10,192,DHOWLAJHORA CHA BAGAN PRY SCHOOL (PURBANGSHO)
10,193,KOHINUR CHA BAGAN PRIMARY SCHOOL
10,194,KOHINUR CHA BAGAN PRIMARY SCHOOL
10,195,KOHINUR CHA BAGAN PATI OJONER GHOR (PURBANGSHO)
10,196,KOHINUR CHA BAGAN PATI OJONER GHOR (PASCHIMANGSHO)
11,1,JAIGAON 2 NO STATEPLAN PRIMARY SCHOOL (GRIHA NO-1)
11,2,JAIGAON 2 NO STATEPLAN PRIMARY SCHOOL (GRIHA NO-2)
11,3,JAIGAON 2 NO STATEPLAN PRIMARY SCHOOL (GRIHA NO-3)
11,4,NEW ERA HIGH SCHOOL (UTTARANGSO)
11,5,NEW ERA HIGH SCHOOL (UTTARANGSO)
11,6,JAIGAON SAMAJ KALYAN SANGHA (GRIHA NO-1)
11,7,JAIGAON SAMAJ KALYAN SANGHA (GRIHA NO-1)
11,8,JAIGAON ADARSA ENGLISH UCHHA VIDYALAYA
11,9,JAIGAON RAMKRISHNA VIDYALAYA (BANGLA MADHYAM) (GRIHA NO-1)
11,10,JAIGAON RAMKRISHNA VIDYALAYA (BANGLA MADHYAM) (GRIHA NO-1)
11,11,JAIGAON RAMKRISHNA VIDYALAYA (BANGLA MADHYAM) (GRIHA NO-2)
11,12,JAIGAON HANUMAN MANDIR SCHOOL
11,13,JAIGAON HINDI JUNIAR HIGH SCHOOL (GRIHA NO-1)
11,14,JAIGAON HINDI JUNIAR HIGH SCHOOL (GRIHA NO-2)
11,15,JAIGAON B D MEMORIAL HALL PRIMARY SCHOOL (GRIHA NO-1)
11,16,JAIGAON B D MEMORIAL HALL PRIMARY SCHOOL (GRIHA NO-1)
11,17,JAIGAON B D MEMORIAL HALL PRIMARY SCHOOL (GRIHA NO-2)
11,18,JAIGAON BEDBESH PRIMARY SCHOOL  (GRIHA NO-1)
11,19,JAIGAON EDEN ENGLISH SCHOOL (GRIHA NO-1)
11,20,JAIGAON EDEN ENGLISH SCHOOL (GRIHA NO-2)
11,21,GREEN VIEW SCHOOL (DAKHINAGSA)
11,22,JAIGAON BEDBESH PRIMARY SCHOOL  (GRIHA NO-2)
11,23,JAIGAON SUNRISE ENGLISH PRIMARY SCHOOL (GRIHA NO-1)
11,24,JAIGAON SUNRISE ENGLISH PRIMARY SCHOOL (GRIHA NO-2)
11,25,GREEN VIEW SCHOOL (PURBANGSA)
11,26,KHOKLA BUSTY SARASWATI PRIMARY SCHOOL (GRIHA NO-1)
11,27,KHOKLA BUSTY SARASWATI PRIMARY SCHOOL (GRIHA NO-2)
11,28,KHOKLA BUSTY SARASWATI PRIMARY SCHOOL (GRIHA NO-3)
11,29,PROBHATTARA MISSION HINDI JUNIAR HIGH SCHOOL (GRIHA NO-1)
11,30,PROBHATTARA MISSION HINDI JUNIAR HIGH SCHOOL (GRIHA NO-2)
11,31,PROBHATTARA MISSION HINDI JUNIAR HIGH SCHOOL (GRIHA NO-2)
11,32,TORSHA CHA BAGAN PRIMARY SCHOOL (GRIHA NO-1)
11,33,TORSHA CHA BAGAN PRIMARY SCHOOL (GRIHA NO-2)
11,34,TORSHA CHA BAGAN LABOUR CLUB
11,35,TORSHA CHA BAGAN PRIMARY SCHOOL (GRIHA NO-3)
11,36,DALSINGPARA CHA BAGAN PRIMARY SCHOOL (BANGLA MADHYAM)
11,37,DALSINGPARA GANESH VIDHYALAYA (GRIHA NO-1)
11,38,DALSINGPARA GANESH VIDHYALAYA (GRIHA NO-2)
11,39,DALSINGPARA GANESH VIDHYALAYA (GRIHA NO-3)
11,40,DALSINGHPARA SARASWATI PRIMARY SCHOOL
11,41,DALSINGHPARA HINDI PRIMARY SCHOOL (GRIHA NO-1)
11,42,DALSINGHPARA HINDI PRIMARY SCHOOL (GRIHA NO-2)
11,43,DALSINGHPARA GOPAL BAHADUR PRIMARY SCHOOL
11,44,TORSHA DALSINGHPARA CLUB
11,45,DALSINGPARA CHETTRILINE NEPALI PRIMARY SCHOOL (GRIHA NO-1)
11,46,DALSINGPARA CHETTRILINE NEPALI PRIMARY SCHOOL (GRIHA NO-2)
11,47,MAHUYA CHA BAGANER OFFICE GRIHA
11,48,GOYAL BUSTY ANGONBARI CENTRE
11,49,BEECH CHA BAGAN PRIMARY SCHOOL (GRIHA NO-1)
11,50,BEECH CHA BAGAN PRIMARY SCHOOL (GRIHA NO-2)
11,51,BEECH CHA BAGAN STAFF CLUB (GRIHA NO-1)
11,52,BEECH CHA BAGAN MAJDUR CLUB
11,53,BEECH CHA BAGAN STAR CLUB (GRIHA NO-2)
11,54,BEECH CHA BAGAN HALDIBARI O.D. PRIMARY SCHOOL (GRIHA NO-1)
11,55,BEECH CHA BAGAN HALDIBARI O.D. PRIMARY SCHOOL (GRIHA NO-2)
11,56,SATALI CHA BAGAN O.D. WOMENSHED (GRIHA NO-1)
11,57,SATALI CHA BAGAN O.D. WOMENSHED (GRIHA NO-&#x9E8;)
11,58,MALANGI 8 NO PRIMARY SCHOOL
11,59,NEW HASIMARA PRIMARY SCHOOL (BANGLA MADHYAM)
11,60,NEW HASIMARA DHARMASALA
11,61,NEW HASIMARA SISHU BIDYAMANDIR
11,62,HASIMARA GANDHI HINDI PRIMARY SCHOOL (GRIHA NO-1)
11,63,HASIMARA GANDHI HINDI PRIMARY SCHOOL (GRIHA NO-2)
11,64,SATALI CHA BAGAN SENTFRANCIS SCHOOL (GRIHA NO-1)
11,65,SATALI CHA BAGAN SENTFRANCIS SCHOOL (GRIHA NO-2)
11,66,SATALI CHA BAGAN PRIMARY SCHOOL (GRIHA NO-1)
11,67,SATALI CHA BAGAN PRIMARY SCHOOL (GRIHA NO-2)
11,68,SATALI CHA BAGAN MAJDUR CLUB
11,69,SATALI CHA BAGAN STAR CLUB (GRIHA NO-1)
11,70,SATALI CHA BAGAN STAR CLUB (GRIHA NO-2)
11,71,HASIMARA HIGH SCHOOL (GRIHA NO-1)
11,72,HASIMARA HIGH SCHOOL (GRIHA NO-2)
11,73,BHARNOBARI CHA BAGANER PRIMARY SCHOOL  (GRIHA NO-1)
11,74,BHARNOBARI CHA BAGANER PRIMARY SCHOOL  (GRIHA NO-2)
11,75,BHARNOBARI CHA BAGANER PRIMARY SCHOOL  (GRIHA NO-3)
11,76,BHARNOBARI CHA BAGAN MAJDUR CLUB (GRIHA NO-1)
11,77,BHARNOBARI CHA BAGAN MAJDUR CLUB (GRIHA NO-1)
11,78,SUBHASINI CHA BAGAN PRIMARY BIDYALAYA (GRIHA NO-1)
11,79,SUBHASINI CHA BAGAN PRIMARY BIDYALAYA (GRIHA NO-1)
11,80,SUBHASINI CHA BAGAN LABOUR CLUB (GRIHA NO-1)
11,81,SUBHASINI CHA BAGAN LABOUR CLUB (GRIHA NO-2)
11,82,SATALI MANDALPARA BAROJHAR PRIMARY SCHOOL
11,83,SATALI JUNIUR BASIC SCHOOL
11,84,DAKSHIN SATALI PRIMARY SCHOOL (GRIHA NO-1)
11,85,DAKSHIN SATALI PRIMARY SCHOOL (GRIHA NO-2)
11,86,PASCHIM SATALI SALBARI HAT PRIMARY SCHOOL (GRIHA NO-1)
11,87,PASCHIM SATALI SALBARI HAT PRIMARY SCHOOL (GRIHA NO-2)
11,88,PASCHIM SATALI BANIYAPARA PRIMARY VIDYALAYA
11,89,SATALI HIGH SCHOOL (GRIHA NO-1)
11,90,SATALI HIGH SCHOOL (GRIHA NO-2)
11,91,SATALI NAKADALA SWARNA PRIMARY SCHOOL
11,92,MENDABARI JUNIAR HIGH SCHOOL (GRIHA NO-1)
11,93,RAMEN DAS SMITI PRIMARY SCHOOL
11,94,DAKSHIN MENDABARI PRIMARY SCHOOL (GRIHA NO-1)
11,95,DAKSHIN MENDABARI PRIMARY SCHOOL (GRIHA NO-2)
11,96,NIMTI JHORA JUNIAR BASIC SCHOOL (GRIHA NO-1)
11,97,NIMTI JHORA JUNIAR BASIC SCHOOL (GRIHA NO-2)
11,98,NIMTI JHORA HIGH SCHOOL
11,99,HARIDAS SMITI JUNIAR BASIC SCHOOL (GRIHA NO-1)
11,100,HARIDAS SMITI JUNIAR BASIC SCHOOL (GRIHA NO-1)
11,101,DAKSHIN LATABARI PRIMARY VIDYALAYA (GRIHA NO-1)
11,102,DAKSHIN LATABARI PRIMARY SCHOOL (GRIHA NO-2)
11,103,SARAJITPALLI PRIMARY SCHOOL
11,104,ANGONADI CENTRE
11,105,SUBHASH PALLY JUNIAR HIGH SCHOOL (GRIHA NO-1)
11,106,SUBHASH PALLY JUNIAR HIGH SCHOOL (GRIHA NO-1)
11,107,SUBHASH PALLY JUNIAR HIGH SCHOOL (GRIHA NO-2)
11,108,RABINDRANAGAR PRIMARY SCHOOL (GRIHA NO-1)
11,109,RABINDRANAGAR PRIMARY SCHOOL (GRIHA NO-2)
11,110,HAMILTONGANJ B.F.P. SCHOOL  (GRIHA NO-1)
11,111,HAMILTONGANJ B.F.P. SCHOOL  (GRIHA NO-2)
11,112,NETAJI PALLI PRIMARY SCHOOL
11,113,HAMILTONGANJ AGRADUT CLUB
11,114,FORWARD NAGAR PRIMARY SCHOOL
11,115,HAMILTONGANJ NEPALI PRIMARY SCHOOL
11,116,MADHU CHA BAGAN JUNIAR BASIC SCHOOL (GRIHA NO-1)
11,117,MADHU CHA BAGAN JUNIAR BASIC SCHOOL (GRIHA NO-2)
11,118,MADHU CHA BAGANER JUNIAR HIGH SCHOOL
11,119,MECHPARA CHA BAGAN PRIMARY SCHOOL (GRIHA NO-1)
11,120,MECHPARA CHA BAGAN PRIMARY SCHOOL (GRIHA NO-2)
11,121,MECHPARA CHA BAGAN MAJDUR CLUB
11,122,MECHPARA CHA BAGAN 8 NO LINE PRIMARY SCHOOL
11,123,CHUYAPARA CHA BAGAN PRIMARY SCHOOL (GRIHA NO-1)
11,124,CHUYAPARA CHA BAGAN PRIMARY SCHOOL (GRIHA NO-2)
11,125,CHUYAPARA CHA BAGAN PRIMARY SCHOOL (GRIHA NO-3)
11,126,CHUYAPARA CHA BAGAN MAJDUR CLUB
11,127,CHUYAPARA  CHA BAGAN JUNIAR HIGH SCHOOL (GRIHA NO-1)
11,128,CHUYAPARA  CHA BAGAN JUNIAR HIGH SCHOOL (GRIHA NO-2)
11,129,RADHARANI CHA BAGAN PRIMARY SCHOOL
11,130,CENTRAL DOOARS CHA BAGAN PRIMARY SCHOOL (GRIHA NO-1)
11,131,CENTRAL DOOARS CHA BAGAN PRIMARY SCHOOL (GRIHA NO-2)
11,132,CENTRAL DOOARS CHA BAGAN MAJDUR CLUB
11,133,CENTRAL DOOARS CHA BAGAN PANA DIVISION PRIMARY SCHOOL
11,134,CENTRAL DOOARS CHA BAGAN RANGAMATI DIVISION PRIMARY SCHOOL
11,135,CENTRAL DOOARS CHA BAGAN BASANA DIVISION PRIMARY SCHOOL
11,136,BHATPARA CHA BAGAN (K) PRIMARY SCHOOL (GRIHA NO-1)
11,137,BHATPARA CHA BAGAN (K) PRIMARY SCHOOL (GRIHA NO-2)
11,138,BHATPARA CHA BAGAN (K) LABOUR CLUB (GRIHA NO-1)
11,139,BHATPARA CHA BAGAN (K) LABOUR CLUB (GRIHA NO-2)
11,140,BHATPARA CHA BAGAN (KHA) PRIMARY SCHOOL (GRIHA NO-1)
11,141,BHATPARA CHA BAGAN (KHA) PRIMARY SCHOOL (GRIHA NO-2)
11,142,BHATPARA CHA BAGAN (KHA) PRIMARY SCHOOL (GRIHA NO-3)
11,143,BHATPARA CHA BAGAN (KHA) WOMEN SHED
11,144,BUXADOOAR B.F.P SCHOOL
11,145,28 NO BUXADUAR F. V.P SCHOOL
11,146,JAYANTI B.F.P SCHOOL
11,147,CHINCHULA CHA BAGAN PRIMARY SCHOOL (GRIHA NO-1)
11,148,YOUBA SANGHA MAJDUR CLUB (CHINCHULA)
11,149,CHINCHULA CHA BAGAN PRIMARY SCHOOL (GRIHA NO-3)
11,150,CHINCHULA CHA BAGAN PRIMARY SCHOOL (GRIHA NO-4)
11,151,RAIMATANG CHA BAGAN PRIMARY SCHOOL (GRIHA NO-1)
11,152,RAIMATANG CHA BAGAN PRIMARY SCHOOL (GRIHA NO-2)
11,153,RAIMATANG CHA BAGAN PRIMARY SCHOOL (BENGALI MEDIUM)
11,154,RAIMATANG CHA BAGAN 22 NO DHURA PRIMARY SCHOOL
11,155,KALCHINI CHA BAGAN BUXADUAR STAFF CLUB (GRIHA NO-1)
11,156,KALCHINI CHA BAGAN BUXADUAR STAFF CLUB (GRIHA NO-2)
11,157,KALCHINI CHA BAGAN BINAPANI CLUB SCHOOL
11,158,KALCHINI HINDI HIGH SCHOOL (GRIHA NO-1)
11,159,KALCHINI HINDI HIGH SCHOOL (GRIHA NO-2)
11,160,KALCHINI HINDI HIGH SCHOOL (GRIHA NO-3)
11,161,KALCHINI HINDI PRIMARY SCHOOL (GRIHA NO-1)
11,162,KALCHINI HINDI PRIMARY SCHOOL (GRIHA NO-2)
11,163,KALCHINI MAJDUR MOITRI CLUB
11,164,KALCHINI CHA BAGAN (LOTABARI D.) PRIMARY SCHOOL (GRIHA NO- )
11,165,KALCHINI CHA BAGAN (LOTABARI D.) PRIMARY SCHOOL (GRIHA NO- )
11,166,GOODSHEFARD HOME (HAMILTONGANJ)
11,167,DIMA CHA BAGAN SANKAR MADHYAMIK NEPALI SCHOOL (GRIHA NO-1)
11,168,DIMA CHA BAGAN SANKAR MADHYAMIK NEPALI SCHOOL (GRIHA NO-2)
11,169,DIMA CHA BAGAN SANKAR MADHYAMIK NEPALI SCHOOL (GRIHA NO-3)
11,170,DIMA CHA BAGAN BEECHLINE PRIMARY SCHOOL  (GRIHA NO-1)
11,171,DIMA CHA BAGAN BEECHLINE PRIMARY SCHOOL  (GRIHA NO-2)
11,172,GANGUTIYA CHA BAGAN PRIMARY SCHOOL (GRIHA NO-1)
11,173,GANGUTIYA CHA BAGAN PRIMARY SCHOOL (GRIHA NO-2)
11,174,GANGUTIYA CHA BAGAN PRIMARY SCHOOL (GRIHA NO-3)
11,175,HEBRON PRIMARY SCHOOL (GANGUTIYA)
11,176,RAJABHAT CHA BAGAN PRIMARY SCHOOL (GRIHA NO-1)
11,177,RAJABHAT CHA BAGAN PRIMARY SCHOOL (GRIHA NO-2)
11,178,RAJABHAT CHA BAGAN MAJDUR CLUB
11,179,BHATKHAWA CHA BAGAN PRIMARY VIDYALAYA (GRIHA NO-1)
11,180,BHATKHAWA CHA BAGAN MAJDUR CLUB
11,181,BHATKHAWA CHA BAGAN PRIMARY VIDYALAYA (GRIHA NO-2)
11,182,GAROPARA BIDHANCHANDRA JUNIAR HIGH SCHOOL (GRIHA NO-1)
11,183,GAROPARA BIDHANCHANDRA JUNIAR HIGH SCHOOL (GRIHA NO-2)
11,184,ATIYABARI CHA BAGAN ANGONBARI KENDRA (PURBA LINE)
11,185,ATIYABARI CHA BAGAN PRIMARY SCHOOL (GRIHA NO-1)
11,186,ATIYABARI CHA BAGAN PRIMARY SCHOOL (GRIHA NO-2)
11,187,ATIYABARI CHA BAGAN PRIMARY SCHOOL (GRIHA NO-3)
11,188,BLOCK BHANGABARI DIVISION PRIMARY SCHOOL
11,189,RAJABHATKHAWA JUNIAR BASIC SCHOOL (GRIHA NO-1)
11,190,BAMNI BUSTY F.V.P. SCHOOL
11,191,RAJABHATKHAWA JUNIAR BASIC SCHOOL (GRIHA NO-2)
11,192,RAJABHATKHAWA JUNIAR BASIC SCHOOL (GRIHA NO-3)
11,193,DAMANPUR JUNIAR HIGH SCHOOL
11,194,GARAM BUSTY F.V.P SCHOOL
11,195,CHEKO (KALKUT) F.V.P SCHOOL
11,196,GADADHAR F.V.P. SCHOOL
11,197,PORO FOREST VILLAGE PRIMARY SCHOOL
12,1,"1, MATHURA CHA BAGAN PATIOJON GHAR (PURBANGHSHO)"
12,2,"2, MATHURA CHA BAGAN PATIOJON GHAR (PASCHIMANGSHO)"
12,3,"3, MATHURA CHA BAGAN KRICHI HOUSE"
12,4,"4, MATHURA CHA BAGAN BASIC SCHOOL"
12,5,"5,  MATHURA CHA BAGAN AKSHAY DIVISION KRICHI HOUSE"
12,6,"6,  MATHURA CHA BAGAN AKSHAY DIVISION PATIOJON GHAR"
12,7,"7, UTTAR PATKAPARA JUNIOR BASIC SCHOOL"
12,8,"8,  UTTAR PATKAPARA MOUZA PRIMARY SCHOOL"
12,9,"9, MADHYA PATKAPARA CHA BAHAGAN PRIMARY SCHOOL"
12,10,"10, PATKAPARA CHA BAGAN OFFICE GRIHO (UTTARANGSHO)"
12,11,"11, PATKAPARA CHA BAGAN MANAGERER OFFICE GRIHO"
12,12,"12, PATKAPARA CHA BAGAN OFFICE GRIHO (MODHYANGSHO)"
12,13,"13, PATKAPARA CHA BAGAN OFFICE GRIHO SONGLOGNO ASTHAYI GHRIHO"
12,14,"14, SIRU BARI 1 NO. B.F.P SCHOOL"
12,15,"15, DAKSHIN PATKAPARA PRIMARY SCHOOL"
12,16,"16, PASCHIM SALBARI B.F.P SCHOOL"
12,17,"17, BOSTARI PRIMARY SCHOOL"
12,18,"18, TOPSHIKHATA 1 NO. B.F.P SCHOOL"
12,19,"19, GHARGHARIA HAT PRIMARY SCHOOL"
12,20,"20, SUKANTA PRIMARY SCHOOL"
12,21,"21, PAKURITALA JUNIOR BASIC SCHOOL"
12,22,"22, TOSHIKHATA HIGH SCHOOL"
12,23,"23, TOSHIKHATA HIGH SCHOOL SONGLOGNO PRIMARY SCHOOL"
12,24,"24, PARARPAR B.F.P SCHOOL (PASCHIMANGSHO)"
12,25,"25, PARARPAR B.F.P SCHOOL (PURBANGSHO)"
12,26,"26, BIRPARA STATE PLAN PRIMARY SCHOOL"
12,27,"27, NETAJI PRIMARY SCHOOL (PASCHIMANGSHO)"
12,28,"28, NETAJI PRIMARY SCHOOL (PURBANGSHO)"
12,29,"29, BIRPARA JAYANTI SOMOBAYE PRIMARY SCHOOL"
12,30,"30, MATESWAR PRIMARY SCHOOL"
12,31,"31,  BIRPARA JAYANTI SOMOBAYE SPECIAL CADER PRIMARY SCHOOL"
12,32,"32, CHAPATALI STATE PLAN PRIMARY SCHOOL"
12,33,"33, CHAPATALI MADHYAPARA PRIMARY SCHOOL"
12,34,"34, CHAPATALI 2 NO. STATE PLAN PRIMARY SCHOOL"
12,35,"35, FOSHKADANGA SPECIAL CADER PRIMARY SCHOOL"
12,36,"36, SHARNA ADIBASHI JUNIOR HIGH SCHOOL"
12,37,"37, BANCHUKAMARI 2 NO B.F.P SCHOOL"
12,38,"38, BANCHUKAMARI 4 NO B.F.P SCHOOL"
12,39,"39, BANCHUKAMARI 3 NO B.F.P SCHOOL"
12,40,"40, GHAGRA HIGH SCHOOL"
12,41,"41, GHAGRA JUNIOR BASIC SCHOOL (PASCHIMANSHO)"
12,42,"42, BHUBANMOHAN VIDHYAMANDIR"
12,43,"43, GHAGRA JUNIOR BASIC SCHOOL (PURBANGSHO)"
12,44,"44, BAIRIGURI B.F.P SCHOOL"
12,45,"45, UTTAR BAIRIGURI NEW PRIMARY SCHOOL"
12,46,"46, MAJHERDABRI CHA BAGAN OFFICE GHAR (DAMANPUR BLOCK)"
12,47,"47, UTTAR JITPUR B.F.P SCHOOL (PASCHIMANGSHO)"
12,48,"48, UTTAR JITPUR 2 NO PRIMARY SCHOOL"
12,49,"49,  UTTAR JITPUR B.F.P SCHOOL"
12,50,"50, RAILWAY OFFICER&#x27;S CLUB (UTTARANGSHO)"
12,51,"51, RAILWAY OFFICER&#x27;S CLUB (DAKHINANGSHO))"
12,52,"52, JITPUR MAHAMAYA VIDYAMANDIR (UTTARANGSHO)"
12,53,"53, DAKSHIN JITPUR MAHAMAYA VIDYAMANDIR (DAKSHINANGSHO)"
12,54,"54, PRAKTON RAIWAY HINDI PRIMARY SCHOOL (PURBANGSHO)"
12,55,"55, PRAKTON RAIWAY HINDI PRIMARY SCHOOL (PASCHIMANGSHO)"
12,56,"56, JITPUR HIGH SCHOOL"
12,57,"57, JITPUR B.F.P SCHOOL"
12,58,"58,  SAHID BADALNAGAR VIDHYAPITH (DAKSHINANGSHO)"
12,59,"59, PALLY MANGAL CLUB"
12,60,"60, SAHID BADALNAGAR VIDHYAPITH (UTTARANGSHO)"
12,61,"61, SAHID BADALNAGAR VIDHYAPITH (MADHYANSHO)"
12,62,"62, JUNCTION COLONY R.R PRIMARY SCHOOL"
12,63,"63, NETAJI VISHYAPITH (PASCHIMANGSHO)"
12,64,"64, NETAJI VISHYAPITH (PURBANGSHO)"
12,65,"65, BIDHANSMITI PRIMARY SCHOOL (PURBANGSHO)"
12,66,"66, YUBA SANGHA, CLUB"
12,67,"67, BIDHANSMITI PRIMARY SCHOOL (PASCHIMANGSHO)"
12,68,"68, BHOLARDABRI DAKSHIN CHEKHAKHATA PRIMARY SCHOOL (UTTARANGSHO)"
12,69,"69, BHOLARDABRI DAKSHIN CHEKHAKHATA PRIMARY SCHOOL (DAKSHINANGSHO)"
12,70,"70, STAFF ASSOCIATION OFFICE, RAILWAY JUNCTION"
12,71,"71, RAILWAY INSTITUTE (UTTARANGSHO)"
12,72,"72, RAILWAY INSTITUTE (DAKSHINANGSHO)"
12,73,"73, RAILWAY HIGH SCHOOL (MADHYANGSHO)"
12,74,"74, RAILWAY HIGH SCHOOL (DAKSHINANGSHO)"
12,75,"75, RAILWAY HIGH SCHOOL (DAKSHINANGSHO)"
12,76,"76, NETAJI VIDHYAMANDIR (PURBANGSHO)"
12,77,"77, NETAJI VIDHYAMANDIR (PASCHIMANGSHO)"
12,78,"78, HINDI PRIMARY SCHOOL (DAKSHINANGSHO)"
12,79,"79, HINDI PRIMARY SCHOOL (UTTARANGSHO)"
12,80,"80, CHECHAKHATA R.R PRIMARY SCHOOL"
12,81,"81, SHYAMAPRASAD HIGH SCHOOL"
12,82,"82, KENDRIYA VIDHYALAYA (UTTARNGSHO)"
12,83,"83, KENDRIYA VIDHYALAYA (DAKSHINANGSHO)"
12,84,"84, BHOLARDABRI B.F.P SCHOOL (PURBANGSHO)"
12,85,"85,  BHOLARDABRI B.F.P SCHOOL (PASCHIMANGSHO)"
12,86,"86, DAMANPUR JINIOR PART BASIC SCHOOL (PURBANGSHO)"
12,87,"87, DAMANPUR JINIOR PART BASIC SCHOOL (PASCHIMANGSHO)"
12,88,"88, MACWILLIAM JUNIOR BASIC SCHOOL (PURBANGSHO)"
12,89,"89, MACWILLIAM JUNIOR BASIC SCHOOL (PASCHIMANGSHO)"
12,90,"90,  MACWILLIAM SENIOR BASIC SCHOOL"
12,91,"91, NETAJI ROAD COLONY R.R. PRIMARY SCHOOL"
12,92,"92, GOBINDA HIGH SCHOOL (PASCHIMANGSHO)"
12,93,"93, GOBINDA HIGH SCHOOL (MADHYANGSHO)"
12,94,"94, GOBINDA HIGH SCHOOL (PURBANGSHO)"
12,95,"95, GOBINDA HIGH SCHOOL (PASCHIMANGSHO) KAKSHYA NO. 2"
12,96,"96, PURBA SANTI NAGAR PRIMARY SCHOOL"
12,97,"97, SOVAGANJ B.F.P SCHOOL (DAKSHINANGSHO)"
12,98,"98, SOVAGANJ B.F.P SCHOOL (DAKSHINANGSHO)"
12,99,"99, ALIPURDUAR HINDI HIGH SCHOOL"
12,100,"100, DURGA PRIMARY SCHOOL"
12,101,"101, ARABINDA SMRITI PRIMARY SCHOOL"
12,102,"102, SANTINAGAR SPECIAL CADER SCHOOL (UTTARANGSHO)"
12,103,"103, SANTI NAGAR SPECIAL CADER PRIMARY SCHOOL (DAKSHINANGSHO)"
12,104,"104, SANTINAGAR R.R PRIMARY SCHOOL"
12,105,"105, BL&amp;LRA OFFICE"
12,106,"106, BL&amp;LRA OFFICE (PASCHIMANGSHO)"
12,107,"107, DURGABARI SPECIALCADER SISHU PATHSHALA"
12,108,"108, ALIPURDUAR MUNICIPALITY BHAWAN KARJALAYA"
12,109,"109, NEW TOWN SISHU SIKSHYA MANDIR"
12,110,"110, ALIPURDUAR CLUB (SUB REGISTRAR OFFICE)"
12,111,"111, ARABINDA NAGAR 1 NO. PRIMARY SCHOOL"
12,112,"112, PILKHANA R.R. PRIMARY SCHOOL"
12,113,"113,  ARABINDA NAGAR JUNIOR HIGHSCHOOL"
12,114,"114, ARABINDA NAGAR MADHYAMIK GIRLS SCHOOL"
12,115,"115, SURYANAGAR R.R. PRIMARY SCHOOL"
12,116,"116, SURYANAGAR R.R. PRIMARY SCHOOL (ASTHAYI GRIHO)"
12,117,"117, BL&amp;LRO OFFICE"
12,118,"118, MACWILLIAM R.R. PRIMARY SCHOOL"
12,119,"119, LEBUBAGAN PRIMARY SCHOOL"
12,120,"120, BIDHAN PALLY PRIMARY SCHOOL"
12,121,"121, BIDHAN PALLY PRIMARY SCHOOL (PACHIMANGSHO)"
12,122,"122, NEW TOWN BALIKA SIKSHA MANDIR (PURBANGSHO)"
12,123,"123, NEW TOWN BALIKA SIKSHA MANDIR (MADHYANGHSHO)"
12,124,"124, NEW TOWN SIKSHA MANDIR (PASCHIMANGSHO)"
12,125,"125, NEWTOWN GIRLS HIGH SCHOOL (PASCHIMANGSHO)"
12,126,"126, BACCHU MEMORIAL PRIMARY SCHOOL"
12,127,"127, NEWTOWN GIRLS HIGH SCHOOL (PURBANGSHO)"
12,128,"128,  NEWTOWN GIRLS HIGH SCHOOL (DAKSHINANGSHO)"
12,129,"129, NEWTOWN GIRLS HIGH SCHOOL (MADHYANGSHO)"
12,130,"130, DESHBANDHU PRIMARY SCHOOL (UTTARANGSHO)"
12,131,"131, DESHBANDHU PRIMARY SCHOOL (DAKSHINANGSHO)"
12,132,"132, ALIPURDUAR GIRLS HIGH SCHOOL (UTTARANGSHO)"
12,133,"133, ALOKDOOT ENGLISH MEDIUM PRIMARY SCHOOL"
12,134,"134,  ALIPURDUAR GIRLS HIGH SCHOOL (DAKSHINANGSHO)"
12,135,"135, ALIPURDUAR GIRLS HIGH SCHOOL (PASCHIMANGSHO)"
12,136,"136, ALIPURDUAR HIGH SCHOOL (UTTARANGSHO)"
12,137,"137, ALIPURDUAR HIGH SCHOOL (DAKSHINANGSHO)"
12,138,"138, HINDI PRIMARY SCHOOL"
12,139,"139, MACWILLIAM INSTITUTE"
12,140,"140, HINDI PRIMARY SCHOOL (PURBANGSHO)"
12,141,"141, BABUPARA 1 NO. R.R. PRIMARY SCHOOL (PATSHALA)"
12,142,"142, BAKRIBARI PRIMARY SCHOOL"
12,143,"143, PROSANNA KUMAR PRIMARY SCHOOL (PURBANGSHO)"
12,144,"144, PROSANNA KUMAR PRIMARY SCHOOL (PASCHIMANSHO)"
12,145,"145, SRINATHPUR CHA BAGAN PATIOJON GHAR"
12,146,"146, DAKSHIN SHIVKATA PRIMARY SCHOOL (PURBANGSHO)"
12,147,"147, DAKSHIN SHIVKATA PRIMARY SCHOOL (PASCHIMANGSHO)"
12,148,"148, UTTAR PANIALGURI SPECIALCADER PRIMARY SCHOOL (PURBANGSHO)"
12,149,"149, UTTAR PANIALGURI SPECIALCADER PRIMARY SCHOOL (PASCHIMANGSHO)"
12,150,"150, NIRMALA GIRLS HIGH SCHOOL"
12,151,"151, UTTAR SHIBKATA PRIMARY SCHOOL"
12,152,"152, UTTAR SHIBKATA B.F.P SCHOOL"
12,153,"153, PUTIMARI HIGH SCHOOL (UTTARANGSHO)"
12,154,"154, PUTIMARI HIGH SCHOOL (DAKSHINANGSHO)"
12,155,"155, DHALKAR 1 NO. B.F.P SCHOOL (PURBANGSHO)"
12,156,"156, DHALKAR 1 NO. B.F.P SCHOOL (PASCHIMANGSHO)"
12,157,"157, DHALKAR 2 NO. B.F.P SCHOOL (UTTARANGSHO)"
12,158,"158, DHALKAR 2 NO. B.F.P SCHOOL (DAKHINANGSHO)"
12,159,"159, UTTAR MAJHERDABRI B.F.P  SCHOOL (UTTARANGSHO)"
12,160,"160, UTTAR MAJHERDABRI B.F.P  SCHOOL (DAKHINANGSHO)"
12,161,"161, MAJHERDABRI HIGH SCHOOL (UTTARANGSHO)"
12,162,"162, MAJHERDABRI HIGH SCHOOL (DAKHINANGSHO)"
12,163,"163, DAKSHIN MAJHERDABRI B.F.P  SCHOOL (PURBANGSHO)"
12,164,"164, DAKSHIN MAJHERDABRI B.F.P  SCHOOL (PASCHIMANGSHO)"
12,165,"165, KOYAKHATA R.R PRIMARY SCHOOL (UTTARANGSHO)"
12,166,"166, KOYAKHATA R.R PRIMARY SCHOOL (DAKHINANGSHO)"
12,167,"167, BALATARY B.F.P SCHOOL (UTTARANGSHO)"
12,168,"168, BALATARY B.F.P SCHOOL (DAKHINANGSHO)"
12,169,"169, BINDIPARA B.F.P SCHOOL"
12,170,"170, KHATOPARA B.F.P SCHOOL"
12,171,"171, KARJEE PARA  B.F.P SCHOOL  (DAKHINANGSHO)"
12,172,"172, SHINGIPARA B.F.P SCHOOL"
12,173,"173, SAUDPARA B.F.P SCHOOL"
12,174,"174, RAJCHANDRA PRIMARY SCHOOL"
12,175,"175, MAJID KHANA HIGH SCHOOL"
12,176,"176, TALESWARGURI 2 NO. B.F.P SCHOOL"
12,177,"177, TALESWARGURI 1 NO. B.F.P SCHOOL"
12,178,"178, KAMARPARA JUNIOR BASIC SCHOOL (PURBANGSHO)"
12,179,"179, KAMARPARA JUNIOR BASIC SCHOOL (PASCHIMANGSHO)"
12,180,"180, JOSHODANGA JUNIOR BASIC SCHOOL (PURBANGSHO)"
12,181,"181, JOSHODANGA JUNIOR BASIC SCHOOL (PASCHIMANGSHO)"
12,182,"182, JOSHODANGA JUNIOR BASIC SCHOOL"
12,183,"183, TOTPARA SPECIAL CADER PROMARY SCHOOL"
12,184,"184, TOTPARA R.R. PRIMARY SCHOOL"
12,185,"185, DAKSHIN BORAGARI NEW PRIMARY SCHOOL"
12,186,"186,  DAKSHIN BORAGARI B.F.P SCHOOL"
12,187,"187, KUMARIJAAN SPECIAL CADER PRIMARY SCHOOL"
12,188,"188, BHATIBARI STATE PLAN PRIMARY SCHOOL"
12,189,"189, BHATIBARI 1 NO. SPECIAL CADER PRIMARY SCHOOL"
12,190,"190, KUMARIJAAN 1 NO. B.F.P SCHOOL"
12,191,"191, PASCHIM KUMARIJAAN SPECIAL CADER PRIMARY SCHOOL"
12,192,"192, BHATIBARI HIGH SCHOOL (UTTARANGSHO)"
12,193,"193, BHATIBARI HIGH SCHOOL (DAKSHINANGSHO)"
12,194,"194, UTTARBHATIBARI SPECIAL CADER PRIMARY SCHOOL"
12,195,"195, THANUPARA B.F.P SCHOOL (PURBANGSHO)"
12,196,"196, THANUPARA B.F.P SCHOOL (PASCHIMANGSHO)"
12,197,"197, PURBA KHALISHAMARI B.F.P SCHOOL"
12,198,"198, PURBA KHALISHAMARI JUNIOR BASIC SCHOOL"
12,199,"199, UTTAR CHIKLIGURI SPECIALCADER PRIMARY SCHOOL"
12,200,"200, UTTAR CHIKLIGURI NEW PRIMARY SCHOOL"
12,201,"201, PURBA KHALISHAMARI 2 NO. STATEPLAN PRIMARY SCHOOL"
12,202,"202, KUMARIJAAN 2 NO. B.F.P SCHOOL"
12,203,"203, CHAPARERPAR PADMESWARI HIGH SCHOOL (PURBANGSHO)"
12,204,"204, CHAPARERPAR PADMESWARI HIGH SCHOOL (PASCHIMANGSHO)"
12,205,"205, CHANGPARA B.F.P SCHOOL"
12,206,"206, CHAPARERPAR B.F.P SCHOOL"
12,207,"207, PADMERPAR NEW PRIMARY SCHOOL"
12,208,"208, SANTIDEBI JUNIOR HIGHSCHOOL (PURBANGSHO)"
12,209,"209, SANTIDEBI JUNIOR HIGHSCHOOL (PASCHIMANGSHO)"
12,210,"210, DEBENDRA SISHUSIKSHA NIKETAN (PURBANGSHO)"
12,211,"211, DEBENDRA SISHUSIKSHA NIKETAN (PASCHIMANGSHO)"
12,212,"212, CHANDIRJHAR RUPBAR JUNIOR BASIC SCHOOL"
12,213,"213, CHALNIRPAK BOARD SCHOOL"
12,214,"214, DAKSHIN CHALNIRPAK NEW PRIMARY SCHOOL"
12,215,"215, PASCHIM BOROCHOWKI BAPUJI SISHUSIKSHA MANDIR (UTTARANGSHO)"
12,216,"216, PASCHIM BOROCHOWKI BAPUJI SISHUSIKSHA MANDIR (DAKSHINANGSHO)"
12,217,"217, PURBA BOROCHOWKI SPECIALCADER PRIMARY SCHOOL (PURBANGSHO)"
12,218,"218, PURBA BOROCHOWKI SPECIALCADER PRIMARY SCHOOL (PASCHIMANGSHO)"
12,219,"219, SALSALABARI MODEL HIGH SCHOOL (UTTARANGSHO)"
12,220,"220,  SALSALABARI MODEL HIGH SCHOOL (DAKSHINANGSHO)"
12,221,"221, SALSALABARI 1 NO. B.F.P SCHOOL"
12,222,"222, SALSALABARI STATEPLAN PRIMARY SCHOOL"
12,223,"223, SALSALABARI 2 NO. B.F.P SCHOOL"
12,224,"224, BHELUKDABRI B.F.P SCHOOL (PURBANGSHO)"
12,225,"225, BHELUKDABRI B.F.P SCHOOL (PASCHIMANGSHO)"
12,226,"226, PURBA MAJHERDABRI CHA BAGAN OFFICE GRIHO"
12,227,Alipurduar H.S School
13,1,1 NO GHATPAR B.F.P SCHOOL GRIHA (UTTARNGSO)
13,2,1 NO GHATPAR B.F.P SCHOOL GRIHA (DAKHHINAGSA)
13,3,DALGAON SARUGAON JUNIAR BASIC SCHOOL GRIHA  (PURBAGSO)
13,4,DALGAON SARUGAON JUNIAR BASIC SCHOOL GRIHA  (PASCHIMANGSO)
13,5,PASCHIM MALSAGAON PRIMARY VIDYALAYA GRIHA
13,6,GUABARNAGAR DAKSHINPARA PRIMARY SCHOOL (PROMODNAGAR) UTTAR
13,7,GUABARNAGAR DAKSHINPARA PRIMARY SCHOOL (PROMODNAGAR) DAKSHIN
13,8,GUBARNAGAR JUNIAR BASIC SCHOOL GRIHA (PROMODNAGAR)
13,9,SELWAFELA B.F.P. SCHOOL (PURBANGSO)
13,10,SELWAFELA B.F.P. SCHOOL (PASCHIMANGSO)
13,11,BAKRIBARI B.F.P SCHOOL (UTTARANGSO)
13,12,BAKRIBARI B.F.P SCHOOL (DAKHINANGSO)
13,13,BALASUNDAR SPECIAL CADAR PRIMARY SCHOOL
13,14,JAICHADPUR MODAKPARA PRIMARY SCHOOL (PURBANGSO)
13,15,JAICHADPUR MODAKPARA PRIMARY SCHOOL (PASCHIMANGSO)
13,16,BHUTNIRGHAT HIGH SCHOOL (MODHANGSO)
13,17,BHUTNIRGHAT HIGH SCHOOL (UTTRANGSO)
13,18,BHUTNIRGHAT HIGH SCHOOL (DAKHINAGSO)
13,19,BARODOBA JUNIAR BASIC SCHOOL GRIHA (UTTRANGSO)
13,20,BARODOBA JUNIAR BASIC SCHOOL GRIHA (DAKHINAGSO)
13,21,JATESWAR HIGH SCHOOL (UTTARANGSO)
13,22,JATESWAR B.F.P. SCHOOL GRIHA
13,23,JATESWAR 3 NO PRIMARY SCHOOL (UTTRANGSO)
13,24,JATESWAR 3 NO PRIMARY SCHOOL GRIHA (DAKHINAGSO)
13,25,JATESWAR HIGH SCHOOL (PASCHINANGSO)
13,26,MAHAMAYA SPECIAL CADAR PRIMARY SCHOOL GHRIHA (UTTRANGSO)
13,27,MAHAMAYA SPECIAL CADAR PRIMARY SCHOOL GHRIHA (DAKHINANGSO)
13,28,BANIBHABAN PRIMARY SCHOOL GRIHA (PASCHIMANGSO)
13,29,KHIRER KOT HIGH SCHOOL GRIHA (UTTARANGSO)
13,30,KHIRER KOT HIGH SCHOOL GRIHA (DAKHINANGSO)
13,31,KATHALBARI JUNIAR BASIC SCHOOL (PURBANGSO)
13,32,KATHALBARI JUNIAR BASIC SCHOOL (PASCHIMANGSO)
13,33,KHIRER KOT JUNIAR BASIC SCHOOL (PASCHIMANGSO)
13,34,KHIRER KOT JUNIAR BASIC SCHOOL (PURBANGSO)
13,35,KARJIPARA PRIMARY SCHOOL GRIHA
13,36,JONABALITARI PRIMARY SCHOOL GRIHA UTTAR DEOGAON
13,37,SIYALDANGA PRIMARY SCHOOL GRIHA
13,38,DEOGAON 1 NO B.F.P. SCHOOL GRIHA (UTTARANGSO)
13,39,DEOGAON 1 NO B.F.P. SCHOOL GRIHA (DAKHINAGSO)
13,40,DEOGAON 2 NO JUNIAR BASIC SCHOOL GRIHA (DAKHINANGSO)
13,41,DEOGAON 2 NO JUNIAR BASIC SCHOOL GRIHA (UTTARANGSO)
13,42,PASCHIM DEOGAON SPECIAL CADAR PRIMARY SCHOOL GRIHA
13,43,PASCHIM JHAR BELTALI C.S.P. SCHOOL GRIHA
13,44,PASCHIM JHAR BELTALI C.S.P. SCHOOL GRIHA
13,45,SUKCHAD JUNIAR BASIC SCHOOL (PURBANGSO)
13,46,SUKCHAD JUNIAR BASIC SCHOOL (PASCHIMANGSO)
13,47,JUDHISTHIR STATEPLAN PRIMARY SCHOOL GRIHA
13,48,NABANAGAR 2 NO STATEPLAN PRIMARY SCHOOL GRIHA
13,49,HARINATHPUR STATEPLAN PRIMARY SCHOOL (PURBANGSO)
13,50,KABIGURU PATHAGAR HARINATHPUR PASCHIM
13,51,BRLTALI BHANDANI B.F.P. SCHOOL GRIHA (SAKALUHAT)
13,52,BELTALI BHANDANI B.F.P. SCHOOL
13,53,UMACHARANPUR JUNIAR BASIC SCHOOL GRIHA (PASCHINANGSO)
13,54,UMACHARANPUR C.S. PRIMARY SCHOOL GRIHA (UTTARANGSO)
13,55,UMACHARANPUR JUNIAR BASIC SCHOOL GRIHA (PURBANGSO)
13,56,UMACHARANPUR C.S. PRIMARY SCHOOL GRIHA (DAKHINAGSO)
13,57,KHAUCHANDPARA SPECIAL CADAR PRIMARY SCHOOL GRIHA (PASCHIMANGSO)
13,58,KHAUCHANDPARA SPECIAL CADAR PRIMARY SCHOOL GRIHA (PURBANGSO)
13,59,KHAUCHANDPARA NO 2 STATE PLAN PRIMARY SCHOOL GRIHA
13,60,KHAUCHANDPARA NO 2 STATE PLAN PRIMARY SCHOOL GRIHA
13,61,PASCHIM SHALKUMAR C.S PRIMARY SCHOOL
13,62,PASCHIM SHALKUMAR (C.S) PRIMARY SCHOOL GRIHO (PASCHIMANGSHO)
13,63,BIRSHA VIDYABHABAN HIGH SCHOOL GRIHO (UTTARANGSHO)
13,64,BIRSHA VIDYABHABAN HIGH SCHOOL GRIHO (DAKSHINANGSHO))
13,65,HOSPITAL PARA ADDITIONAL PRIMARY SCHOOL
13,66,BADAITARY UGIRIYA HIGH MADRASA
13,67,SHIVNATHPUR B.F.P SCHOOL GRIHO
13,68,SHIVNATHPUR 2 NO. C S PRIMARY SCHOOL GRIHO (PURBANGSHO)
13,69,SHIVNATHPUR 2 NO. C S PRIMARY SCHOOL GRIHO (PASCHIMANGSHO)
13,70,GOPALU MEMORIAL HIGH SCHOOL GRIHO (UTTORANGSHO)
13,71,GOPPU MEMORIAL HIGH SCHOOL GRIHO (DAKSHINANGSHO)
13,72,JOGENDRAPUR JUNIOR BASIC SCHOOL GRIHO (UTTORANGSHO)
13,73,RAMESHCHANDRA ADDITIONAL PRIMARY SCHOOL GRIHO (SHALBARI)
13,74,LACHMAN DABRI B.F.P SCHOOL GRIHO (UTTORANGSHO)
13,75,LACHMAN DABRI B.F.P SCHOOL GRIHO (DAKSHINANGSHO)
13,76,MAYRADANGA STATEPLAN PRIMARY SCHOOL GRIHO
13,77,MAYRADANGA GRAM PANCHAYAT OFFICE GRIHO
13,78,KUNJONAGAR SPACIALCADER PRIMARY SCHOOL (UTTORANGSHO)
13,79,KUNJONAGAR SPACIALCADER PRIMARY SCHOOL (MODHYANGSHO)
13,80,KUNJONAGAR SPACIALCADER PRIMARY SCHOOL (PURBANGSHO)
13,81,TALUKERTARY JAYMOTI PRIMARY SCHOOL GRIHO
13,82,TALUKERTARY PRIMARY SCHOOL GRIHO  (PASCHIMANGSHO)
13,83,TALUKERTARY PRIMARY SCHOOL GRIHO (PURBANGSHO)
13,84,SATPUKURIYA JUNIOR BASIC SCHOOL GRIHO (JOGENDRAPUR)
13,85,JOGENDRAPUR JUNIOR BASIC SCHOOL GRIHO (DAKSHINANGSHO)
13,86,PASCHIM PARONGERPAR JUNIOR BASIC SCHOOL (UTTORANGSHO)
13,87,PASCHIM PARONGERPAR JUNIOR BASIC SCHOOL (DAKSHINANGSHO)
13,88,CHUAKHOLA SPECIALCADER PRIMARY SCHOOL
13,89,CHARTORHSHA STATEPLAN PRIMARY SCHOOL GRIHO (KALIPUR)
13,90,BANGSIDHARPUR PRIMARY SCHOOL GRIHA
13,91,BANGSIDHARPUR TRIBEL SCHOOL GRIHA
13,92,RAICHANGA JUNIAR BASIC SCHOOL
13,93,KALIPUR BADHARPAR PRIMARY SCHOOL
13,94,KALIPUR SPECIAL CADAR PRIMARY SCHOOL
13,95,RAICHANGA VIDHYANIKETAN HIGH SCHOOL GRIHA
13,96,R.F.L PROJECT OFFICE
13,97,DAKSHIN PARONGERPAR BOARD SCHOOL
13,98,KADAMBINI CHA BAGAN JUNIAR BASIC SCHOOCL
13,99,KADAMBINI CHA BAGAN JUNIAR BASIC SCHOOCL (DAKHHINGSO)
13,100,ASHUTOSH POLLI AGONWARI KENDRA
13,101,ERIGETION OFFICE BERAK GRIHA (R T ROAD)
13,102,PASCHIM RAICHANGA NEW PRIMARY GRIHA
13,103,SRI SACHANDRA PRIMARY SCHOOL (UTTRANGSO)
13,104,SRI SACHANDRA PRIMARY SCHOOL (DAKHINAGSO)
13,105,DESHBANDHU PARA SRI SACHANDRA PRIMARY SCHOOL (MADHYANGSO)
13,106,KHUDIRAM BIDHYAMANDIR PRIMARY SCHOOL
13,107,JADABPALLY HIGH SCHOOL (UTTARANGSO)
13,108,JADABPALLY HIGH SCHOOL (UTTARANGSO)
13,109,SARADANANDAPALLY PRIMAY SCHOOL (SOULMARIDANGA)
13,110,JADABPALLY SPECIAL CADAR PRIMARY SCHOOL GRIHA
13,111,SAT RAICHANGA BOARD PRIMARY SCHOOL GRIHA
13,112,FALAKATA GIRLS HIGH SCHOOL GRIHA
13,113,SUBHASHPALLY PRIMARY SCHOOL GRIHA (PURBANGSO)
13,114,VEVEKANANDAPALLY PRIMARY SCHOOL GRIHA
13,115,FALAKATA HIGH SCHOOL
13,116,FALAKATA JUNIAR BASIC SCHOOL GRIHA
13,117,FALAKATA G.S.F. PRIMARY SCHOOL GRIHA (R. SCHOOL)
13,118,SAT RAICHANGA BOARD PRIMARY SCHOOL GRIHA (DAKHINGSO)
13,119,SAT RAICHANGA BOARD PRIMARY SCHOOL GRIHA (UTTARANGSO)
13,120,SUBHASHPALLY PRIMARY SCHOOL GRIHA (DAKHINGSO)
13,121,Sishu Sadan State Plan primary Bidlaya(Dhupguri)
13,122,Sishu Sadan State Plan primary Bidlaya (Purbangsho)
13,123,Sishu Sadan State Plan primary Bidlaya (Notun Bhobon)
13,124,Parongerpar Kholishamari Edi Primary School
13,125,Falakata College
13,126,Falakata College (Paschimangsho)
13,127,Purba Baganbari Primary School Griho
13,128,Baganbari Junior Besic School Griho
13,129,Jaldapara B F P School (Uttorangsho)
13,130,Jaldapara B F P School (Dakshinangsho)
13,131,Notunpara B F P School (Purbangsho)
13,132,Notunpara B F P School (Paschimangsho)
13,133,Pradhanpara Stateplan Primary School
13,134,"Olongbor Nogor Junior Besic School, Munshipara"
13,135,Adorsho Sishutirtho Bridyaloy
13,136,Karjipara B F P School (Uttorangsho)
13,137,Karjipara B F P School (Dakshinangsho)
13,138,Sidhabari Primary School
13,139,"Rupnogor Hat Primary School, Sidhabari"
13,140,Salkumar Hat Highschool (Uttorangsho)
13,141,Salkumar Hat Highschool (Dakshinangsho)
13,142,Salkumar Hat Highschool Songlogno Primary School
13,143,Salkumarhat B F P School (Uttorangsho)
13,144,Salkumarhat B F P School (Dakshinangsho)
13,145,Salkumarhat Purbo B F P School Suripara
13,146,Suripara Primary School
13,147,Sirubari 2 No B F P School
13,148,Patlakhaowa 2 No B F P School (Paschimangsho)
13,149,Patlakhaowa 2 No B F P School (Purbangsho)
13,150,Mejbil Stateplan Primary School
13,151,Hindi Tybel Primary School
13,152,Silbari Patlakhaowa B F P School
13,153,Paschim kathalbari Aditional Pry School (Paschimangsho)
13,154,Paschim kathalbari Aditional Pry School (Purbangsho)
13,155,Paschim Kathalbari C S primary School
13,156,Silbarihat Uccho Bidlaya
13,157,Silbarihat Uccho Bidlaya (Purbangsho)
13,158,Silbarihat Uccho Bidlaya (Uttorangsho)
13,159,Silbarihat R R Primary School
13,160,Purba Kathalbari Primary Bidyaloy
13,161,Silbarihat Special Medar Pry School (Purbangsho)
13,162,Silbarihat Special Medar Pry School (Paschimangsho)
13,163,Sahebpota Robindra Bidyapith( (Uttorangsho)
13,164,Sahebpota Robindra Bidyapith( (Dakshinangsho)
13,165,Simlabari Sahebpota Primary School
13,166,Patlakhaowa 1 No B F P School
13,167,Deodanga Udoyon Songho
13,168,Kodal Bosti Forest Village Primary School
13,169,Mendabari Forest Village Primary School
13,170,Chilapata Forest Renge Primary School
13,171,Kumarpara Forest Village Primary School
13,172,Chokowakhati 1 No B F P School
13,173,Khoyerbari Junior Besic School
13,174,Chokowakhati Gram Pancheyt Office
13,175,Dhirij Memorial Primary School
13,176,Nathuyatari Prathomik Bidyaya
13,177,Uttor Kamgshing Gram Special Cadare Primary School
13,178,Dakshin Kamshing B F P School
13,179,Sorkarpara Primary School
13,180,Sonapur BK High School
13,181,Chakchaka Surjosen Prathomik Bidlaloy
13,182,Uttor Sonapur New Primary School
13,183,Sonapur 2 No B F P School
13,184,Pachkolguri Promodini Highschool
13,185,Sarodamohon Junior Besic School
13,186,Pachkolguri B F P School
14,1,Nepania Kalapani Prymari school
14,2,Bandapani Chabagan Prymari school(North)
14,3,Bandapani Chabagan Prymari school(West)
14,4,Bandapani Chabagan Prymari school(East)
14,5,Bandapani Chabagan Prymari  School
14,6,Jaybir para chabagan Prymari School(North
14,7,Jaybir para chabagan Prymari School
14,8,Dhekla Para chabagan Prymari School
14,9,Nepania Cha Bagan C. S. Praymari School
14,10,Rahimpur Cha Bagan Prymari School
14,11,Sarugaon No.3 prymari School
14,12,Nepania Special cader Prymari School
14,13,Nepania Special cader Prymari School(Madhya)
14,14,Danga Para Prymari School
14,15,Pati ojaner Chala Ghar(Western)
14,16,Dim Dima Cha Bagan Pati Ojaner Chala Ghar
14,17,Dim Dima Cha baganPrymari School(Southern)
14,18,Dim Dima Cha baganPrymari School(North)
14,19,Birpara Cha Bagan Praymari School
14,20,Birpara Cha Bagan Mazdur Club
14,21,Birpara Cha Bagan kacha line Prymari School
14,22,Birpara Cha Bagan jateswar Division Prymari School
14,23,Jateswar Didvission Club(Bir Para Cha Bagan)
14,24,Birpara Labour Welfare Praymari School
14,25,Birpara Special Cader Prymari School(West)
14,26,Birpara Special Cader Prymari School(West)
14,27,Birpara Dharmashala(1st Floor)
14,28,Birpara Dharmashala(2nd Floor)
14,29,Birpara High School(West)
14,30,Birpara High School(Madhya)
14,31,Birpara Hindi Prymary School(East)
14,32,Birpara Hindi Prymary School(West)
14,33,Birpara High School(East)
14,34,Birpara Hindi ShriMahabir High Schookl(North)
14,35,Birpara Hindi ShriMahabir High Schookl(South)
14,36,Deniyel School(West)
14,37,St.Deniyel School(West)
14,38,Birpara College(East)
14,39,Birpara College(Madhya)
14,40,Birpara College(South)
14,41,Birpara Nepali High School(East)
14,42,Nepali Bapist Mission Prymari School
14,43,Nepali Bapist Mission Prymari School(West)
14,44,Birpara Nepali High School(West)
14,45,Joram Bapist Mission School(North)
14,46,Joram Bapist Mission School(South)
14,47,Nangdola Cha Bagan Mazdur Club(Northeast)
14,48,Nangdola Cha Bagan Mazdur Club(Northwest)
14,49,Nangdola Cha Bagan crase House
14,50,Singhania Cha Bagan Prymari school(North)
14,51,Singhania Cha Bagan Prymari school(South)
14,52,Dalmor Garo Basti no.1 Block Angan wadi center
14,53,Dalmor Garo Bast Prymari school
14,54,Dalmore Cha Bagan Praymari School
14,55,Dalmore Cha Bagan Praymari School(South)
14,56,New Mazdur Club
14,57,Lower Divission Club
14,58,Makrapara Cha Bagan Praymari School(North)
14,59,Makrapara Cha Bagan Praymari School(South)
14,60,Tulshipara Cha Bagan Prymari School(East)
14,61,Tulshipara Cha Bagan Prymari School(West)
14,62,Lankapara Bazar Board Prymari School
14,63,lankapara Chaa Bagan Khas Anganwadi Center
14,64,Shanti Sramik club(East)lankapara Chaa Bagan
14,65,Lankapara Bazar Hindi jr.High School
14,66,Lankapara Bazar Hindi jr.High School(South)
14,67,lankapara Chaa Bagan Prymari School(North)
14,68,lankapara Chaa Bagan Prymari School(North)
14,69,lankapara Chaa Bagan Shanti Laboure Club(West)
14,70,Gergenda Purbaline Prymari School
14,71,Gergenda cha Bagan Prymari School(Northeast)
14,72,Gergenda cha Bagan Prymari School(SouthWest)
14,73,Hantapara Cha Bagan Prymari School(East)
14,74,Neheru Nepali Prymari School
14,75,Hantapara Cha Bagan Prymari School(Westt)
14,76,Hantapara Cha Bagan Prymari School(North)
14,77,Hantapara Cha Bagan begunbari D Prymari School(South)
14,78,Dhumchipara Cha Bagan Church line Pry.School
14,79,Dhumchipara Cha Bagan Church line Pry.School(South)
14,80,Dhumchipara Cha Bagan Church line Pry.School(North)
14,81,Dhumchi para New line Prymari School
14,82,Amrit Nepali Jr. High School (Organise)
14,83,Ramjhora Bazar Special cadre Prymari school
14,84,Ramjhora Cha Bagan Prymari school
14,85,Ramjhora Cha Bagan Labour Club
14,86,Ramjhora Bazar Hindi High School
14,87,Gopalpur Cha Bagan Club House(North)
14,88,Gopalpur Cha Bagan Club House(South)
14,89,Gopalpur Cha Bagan Jr.Basic School
14,90,Gopalpur Cha Bagan Jr.Basic School(South)
14,91,Dhumchi Haripur I.T.D.P Prymari School
14,92,Pradhan Nagar Prymari School
14,93,Shishubari High School (North)
14,94,Shishubari High School (South)
14,95,Dakshin Rangalibajna Board Prymari School(Noth)
14,96,Dakshin Rangalibajna Nabinagar Board Prymari School.
14,97,Roypara Prymari School
14,98,Khidirpur rahamania High Madrasa
14,99,Rangalibajna Gram Panchayat Office
14,100,"Debendra Pathagar ,Madhya Rrangalibajna"
14,101,North Rangalibajna Tribal Prymari School
14,102,Dangapara Prymari School
14,103,Khayerbari Jr. High Madrasa(North)
14,104,Khayerbari Jr. High Madrasa(South)
14,105,Khayerbari Jr.Basic School(West)
14,106,Khayerbari Jr.Basic School(East)
14,107,North Khayerbari forest vilage Prymari School
14,108,Jaggeswar Memorial Prymari School
14,109,Rangalibajna  MohanSing High School
14,110,Mujnai Cha Bagan Prymari School(North)
14,111,Mujnai Cha Bagan Prymari School(South)
14,112,Bangabari Mujnai Prymari School
14,113,Khayerbari Special cadre Prymari School
14,114,Madhya Madarihat Jr.Basic School(East)
14,115,Madhya Madarihat Jr.Basic School(East)
14,116,Dakshin Madarihat Special cadre Prymari School
14,117,Dakshin Khayerbari Board Pymari School ( East)
14,118,Dakshin Khayerbari Board Pymari School ( West)
14,119,Madarihat high School(North)
14,120,Madarihat high School(West)
14,121,Madarihat high School(South)
14,122,Madarihat Board Prymari School(East)
14,123,Madarihat Board Prymari School(West)
14,124,Uttar KhyerBari Jr.Basic School(North)
14,125,Uttar KhyerBari Jr.Basic School(South)
14,126,Khayer Bari no.1 Board Prymari School(North)
14,127,Khayer Bari no.1 Board Prymari School(South)
14,128,Radha krishna Jr.Basic School
14,129,Madhya Khayer Bari I.T.D.P. Prymari School
14,130,Uttar Khayer Bari I.T.D.P. Prymari School
14,131,"Purbar Khayer Bari Board Prymari School,Purbar Khayer Bari"
14,132,Shanti.T.D.P. Prymari School
14,133,Ballalguri Special Cader Prymai School
14,134,Uttar BallalgurT.D.P. Prymari School
14,135,Dhana Pati Toto Memorial High School(East)
14,136,Dhana Pati Toto Memorial Jr.High School(West)
14,137,jogiJhora Barbak Additional Prymari School Room
14,138,Ethelbari More Prymari School house(Eastern)
14,139,Ethelbari More Prymari School house(Eastern)
14,140,Narasinghapur Special cadre Prymari School House
14,141,"J.L.Sargi Primari School(Mechuyadhura Balabathan),House"
14,142,"Narasinghapur Prymari School House(New),Narasinghapur"
14,143,Dhanirampur Special Prymari School House(M:B:Sha:)
14,144,Ethelbari Cha Bagan Prymari School House
14,145,Ethelbari Cha Bagan child creser House
14,146,"Uttar Deolamari Prymari School House,Deolamari"
14,147,"Uttar Deolamari Prymari School House,"
14,148,"Sarugram No.3 B.F.P.School House,Deolamari"
14,149,"Sarugram No.3 B.F.P.School House,Deolamari(West)"
14,150,"Dhanirampur No.2 State Plan Pry.School House,West"
14,151,"Dhanirampur No.2 State Plan Pry.School House,East"
14,152,Jamrijhora Prymari School House
14,153,Sarugaon No.1 Jr.Basic School house(East)
14,154,Sarugaon No.1 Jr.Basic School house(West)
14,155,"Khagenhat Nathunising High School House (East) ,Khagenhat"
14,156,"Khagenhat Nathunising High School House (West) ,Khagenhat"
14,157,"Madeshia Para B,F,P,School House,Chengmari"
14,158,Chengmaritari Prymari School House
14,159,Shishabari sarugaon stat Plan pry.School House
14,160,Sarugaoun No.2 B.F.P. School House
14,161,Sarugaoun Cha Bagan Prymari School House North
14,162,Sarugaoun Cha Bagan Prymari School House South
14,163,Alinagar Special cadre Prymari School House
14,164,Bengkandi Board Prymari School House
14,165,"Dalgaoun No.2 Jr.Basic School House, Bengkandi"
14,166,"Dalgaoun No.2 Jr.Basic School House, North"
14,167,"C.A.D.C Survice Center,Dhulagaoun North"
14,168,Dakshin Dhulagaoun Jr.Basic SchoolHouse
14,169,Tasati Cha Bagan pata ojaner Ghar(East)
14,170,Tasati Cha Bagan pata ojaner Ghar(West)
14,171,Tasati Cha Bagan prymai School
14,172,Tasati Cha Bagan prymai School
14,173,Dalgaoun Cha Bagan Pry School House (North) Room no. 1
14,174,Dalgaoun Cha Bagan Pry School House (South)
14,175,Dalgaoun Cha Bagan Pry School House (North) Room no. 2
14,176,Dalgaoun Cha Bagan laboure club House
14,177,Dalmani Divission Prymari School House
14,178,"Bali Mantari,Karaibari No.2 Prymari School House"
14,179,Dalogaoun No. 1 B.F.P.School House
14,180,Dolgaoun Garo Basti Prymari school House ( New)
14,181,Dalgaoun forest Gurde Office (New Building)
14,182,Shantinagar Prymari School(Hedayet Nagar) South
14,183,Hedayet Nagar Special cadre Prymari School
14,184,New Hedayet Nagar Joshodha Prymari School(Haripa)
14,185,Jateswar No. 1 Gram Panchayet Office(Hedayet Nagar)
14,186,Hedayet Nagar Prymari School House
15,1,"Sakoajhora 1 No. B, F, P School"
15,2,Yogijhora Additional Prathamik Vidyalaya
15,3,Sakoajhora 2 No. B. F.P. school
15,4,Sajnapara B.F.P. Prathamik Vidyalaya (Dakshinangsha)
15,5,Sajnapara Special Cadre Primary School (Uttarangsha)
15,6,"Mohrer Bandh B, F, P School"
15,7,"Mohrer Bandh B, F, P School (Dakshinangsha)"
15,8,Uh:  Dangapara Primary School (Budhbarir Hat)
15,9,Guild Mission Primary School
15,10,Gosair Hut Forest Village Primary School
15,11,Mallik Shobha Special Cadre Primary Vidyalaya
15,12,"Mallik Shobha B,F,P School (Dakshinangsha)"
15,13,"Mallik Shobha B,F,P School (Uttarangsha)"
15,14,Purba Mallick Para High School (Uttarangsha)
15,15,"Purba Mallick Para B, F, P School"
15,16,Purba Mallik Para High School
15,17,Rajdhani Bari Additional Primary School
15,18,Gosair Hat Raja Mohon High School (Uttarangsha)
15,19,Gosair Hat Rajamohan High School (Dakshinangsha)
15,20,Dakshin Gosair Hat Special Cadre Prathamik Vidyalaya
15,21,"Garghuta 3 No. B,F,P School"
15,22,Uttar Kathulia Special Cadre Prathamik Vidyalaya
15,23,Purba Daukimari Additional Pry. Vidyalaya
15,24,"Daukimari D,N, High School (Uttarangsha)"
15,25,Daukimari High School
15,26,Harimohan Junior Basic School
15,27,Harimohan Junior High School (Dakshinangsha)
15,28,Madhya Daukimari State Plan Prathamik Vidyalaya
15,29,"Daukimari B, F, P, School (Dakshinangsha)"
15,30,"Dangapara B,F,P, School"
15,31,Bamantari Atirikta Prathamik Vidyalaya
15,32,"Daukimari B,F,P, School (Uttarangsha)"
15,33,"Panditpara B,F,P School"
15,34,Garhialtari Shailbala New Primary School
15,35,Paschim Daukimari New Primary School
15,36,"Chouhaddi B, F, P, School"
15,37,Chouhaddi Special Cadre Prathamik Vidyalaya
15,38,Khattimari C.S. Prathamik Vidyalaya
15,39,"Adhikari Para B,F,P School"
15,40,Jhar Altagram 2 No
15,41,Madhya Khattimari Dhaniram Prathamik Vidyalaya
15,42,Chandrakanta Additional Prathamik Vidyalaya
15,43,Khattimari High School
15,44,"Battala B, F, P, School, Garkhuta"
15,45,Lakshikantpur Cha Bagan Prathamik Vidyalaya
15,46,Gosair Hut Forest Village Prathamik Vidyalaya
15,47,Gadheyar Kuthi State Plan Prathamik Vidyalaya
15,48,Jamadarpara 1st Basic School (Dakshinagsha)
15,49,"Gadheyar Kuthi B,F,P School (Uttarangsha)"
15,50,Kurshamari State Plan Prathamik Vidyalaya
15,51,"Bhandani B, F, P, School"
15,52,Gadheyar Kuthi Junior High School
15,53,"Charcharabari B, F, P School (Uttarangsha)"
15,54,"Charcharabari B, F, School (Dakshinangsha)"
15,55,Jamadar Para 1st Junior Basic School (Uttarangsha)
15,56,Jamadar Para 1 Junior Basic School (Dakshinangsha)
15,57,Dakshin Kathulia Prathamik (Uttarangsha)
15,58,Dakshin Kathuliya Additional Primary School (Dakshinangsha)
15,59,"B,F,P School (Parkumlai)"
15,60,Par Kumlai Devchand Para New Prathamik Vidyalaya
15,61,"Chandamari B,F,P, Prathamik Vidyalaya"
15,62,Dangapara Additional Prathamik Vidyalaya
15,63,Kalirhat Junior High School (Purbangsha)
15,64,Kalirhat Junior High School (Paschimangsha)
15,65,Niranjan Pat New Primary School (Uttarangsha)
15,66,Niranjan Pat Primary School (Dakshinangsha)
15,67,Magurmari Pradhan Para Prathamik Vidyalaya
15,68,Jhar Magurmari State Plan Primary School
15,69,Harimandir Para New Primary Vidyalaya (Uttarangsha)
15,70,Harimandir Para Primary School
15,71,Vivekananda New Prathamik Vidyalaya (Uttarangsha)
15,72,Vivekananda New Primary School (Dakshinangsha)
15,73,"Paikar B,F,P School"
15,74,Paschim Magurmari Ninma Buniadi Vidyalaya (Uttarangsha)
15,75,Paschim Magurmari Junior Basic School (Dakshinangsha)
15,76,"Jordhap B,F,P, School (Purbangsha)"
15,77,"Jordhap B,F,P, School (Paschimangsha)"
15,78,"Pradhan Para S, C, Primary Vidyalaya"
15,79,"Purba Alta, Colony Para Gram Nutan Pra: Vidyalaya"
15,80,Mallikpara Vidyalaya Niketan High School
15,81,Mallikpara Vidyaniketan High School (Dakshinangsha)
15,82,"Mainatali B,F,P School (Paschimangsha)"
15,83,Giribar Prathamik Vidyalaya
15,84,"Mainatali B,F,P School (Purbangsha)"
15,85,"Dakshin Altagram D, S, Vidyalaya (Dakshinangsha)"
15,86,"Dakshin Altagram C,S, Pratha: Vidyalaya (Uttarangsha)"
15,87,Yuvatirtha Pathagar O Byamagar (Dakshinangsha)
15,88,Yuvatirtha Pathagar O Byamagar (Uttarangsha)
15,89,"Dhupaguri Ward- 1 Sta. Pla. Pra School, Dakshinangsha"
15,90,"Dhupaguri Ward- 1 State Pla. Pra School, Dakshinangsha"
15,91,"Sarbabala Pathagar (Shanti Sangha), Post Office Para"
15,92,Dhupguri 1 No Gram Panchayat Office
15,93,Netaji Para New Prathamik Vidyalaya
15,94,"Dhupaguri R, R, Prathamik Vidyalaya"
15,95,Block information para
15,96,S. C. &amp; T. W
15,97,Uttar Boragari Special Cadre Prathamik Vidyalaya
15,98,Bairatiguri Uchcha Madhyamik Vidyalaya (Paschim)
15,99,Suhrid Sangha (Dhupguri Pra. Swastha Kendrer Nikat)
15,100,Sukanta Mahavidyalaya (College)
15,101,Sadasona Memorial Student Hostel
15,102,Dhupguri High School (Paschimangsha)
15,103,"Bairatiguri 1 No. S, C, Prathamik Vidyalaya"
15,104,"Kalibari M, P, Prathamik Vidyalaya"
15,105,Dhupguri Girls School Uttarangsha
15,106,Bairatiguri High School (Purba)
15,107,"Bairati Gudi H, S, School (Madhya)"
15,108,Milani Pathagar
15,109,Dhupguri High School (Purbangsha)
15,110,"Bairatiguri 2 No. C, S, Pry. Vidyalaya (Dakshinangsha)"
15,111,"Bairatiguri 2 No. C, S, Pry. Vidyalaya (Uttarangsha)"
15,112,Ghoshpara Bairatiguri New Primary School
15,113,"Zilla Parishad Dak Bungalow, Dhupguri"
15,114,Dhupguri Girls High School (Dakshinangsha)
15,115,Dakshin Rairatiguri Plan Pry. Vidyalaya (Uttarangsha)
15,116,Dakshin Bairatiguri State Plan Pry. Vidyalaya (Dak
15,117,"Divyajyoti Vidya Niketan, Kadamtala Uchcha Ma. Vi."
15,118,Bargharia 2 No. Board Free Pry. Vidyalaya (Uttarangsha)
15,119,Bargharia 2 No. Board Free Primary School
15,120,Bargharia Battali Swarnamayi Prathamik Vidyalaya
15,121,Bargharia 1 No. Board Free Prathamik Vidyalaya (Purbangsha)
15,122,Bargharia 1 No. Board Free Prathamik Vidyalaya (Paschimangsha)
15,123,"Madhya Borabari No-2 B,F,P, School"
15,124,Madhya Boragari Primary Vidyalaya (Uttarangsha)
15,125,Moner Danga Nonformal Education Center (Dakshinangsha)
15,126,Madhya Boragari State Plan Prathamik Vidyalaya
15,127,Bargharia Gram Panchayat Office
15,128,Madhya Boragari Board School
15,129,Dambari 2 No. Special Cadre Pratha. Vidyalaya (Purbangsha)
15,130,"Dambari 2 No. Special Cadre Pratha. Vidyalaya , Purbangsha"
15,131,Dangdhari Special Cadre Pry. Vidyalaya (Uttarangsha)
15,132,Dangdhari Special Cadre Prathamik Vidyalaya (Dakshinangsha)
15,133,Dakshin Khairbari New Prathamik School
15,134,"Sonardanga S, P, Primary School"
15,135,Patkidah Junior Basic School
15,136,Dh: Dangapara Junior Basic School
15,137,Dam Bari Board School
15,138,"Kazipara Shiksha Niketan C,S, Prathamik School"
15,139,Gadong High School
15,140,Purba Dangapara New Primary School
15,141,"Gadong 1 No. B, F, P, School"
15,142,"Khaligram B,F,P School (Uttarangsha)"
15,143,"Khaligram B, F, P, School (Dakshinangsha)"
15,144,"Bhotpara Special Cadre Pratha. Vidyalaya, Dakshinangsha"
15,145,Bhotpara Special Cadre Pry. Vidyalaya (Uttarangsha)
15,146,Gadong 2 no. Junior Basic School (Kathapara)
15,147,Gadong 2 no. Junior Basic School (Dakshinangsha)
15,148,"Pally Unnayan Sangha O Pathagar, Kathapara"
15,149,Gadong Mohamukti New Primary School
15,150,Jurapani Uchcha Vidyalaya (Uttarangsha)
15,151,Jurapani High School (Dakshinangsha)
15,152,"Ishansmriti, Kumarpara Prathamik Vidyalaya"
15,153,"Pundibari C, S, Primary School"
15,154,Lalbari High School (Purbangsha)
15,155,Shalbari High School (Paschimangsha)
15,156,Kayater Kamatchandra Mohan Prathamik Vidyalaya
15,157,Jhar Shalbari State Plan Prathamik Vidyalaya
15,158,Jhar Shalbari Chhawa Fela Additional Primary School
15,159,"Barhalia State Plan Prathamik Vidyalaya, Paschimangsha"
15,160,Purvasalbari Barhalia St.Pla. Pry. Vidyalaya
15,161,Gokul Special Cadre Primary School
15,162,Bharat Smarani Prathamik Vidyalaya
15,163,Purba Shalbari Nabakanta Notun Prathamik Vidyalaya
15,164,"Jabramali 2nd B, F, P, School"
15,165,Awastali State Plan Primary School (Awastali)
15,166,"Rahmatullah B, F,P, School"
15,167,Saptibari Khagendranath Junior Basic School
15,168,"Saptibari B, F, P, School"
15,169,Bhuneshwari Prathamik Vidyalaya (Organized)
15,170,"Saptibari P, L, H, N, Junior High School"
15,171,"Chekdara C,S, Primary School, Kumarpara"
15,172,Churabhangar Junior Basic School (Uttar Jabramali)
15,173,Churabhandar Junior Basic School (Dakshinangsha)
15,174,"Jabramali 1 No. B,F,P, School"
15,175,"Bolorhat B, F, P, School (Uttarangsha)"
15,176,"Bolorhat B,F,P School (Dakshinangsha)"
15,177,"Dhularam Junior Basic School, Susthirhat"
15,178,Battali Kaluamohan High School
15,179,"Purba Barogharia 2nd B, F, P, School"
15,180,Purba Barogharia Abhaycharan Prathamik Vidyalaya
15,181,"Kashir Danga B, F, P School"
15,182,Paschim Saptibari Joddhartari Additional Pry. School
15,183,Baruapara Junior Basic School
16,1,Redbank T.G. Primary School (Uh:)
16,2,Redbank Junior Basic School (Dakshinangsha)
16,3,Surendranagar T. G Primary School
16,4,Ambari Cha Bagan Pry. Vidyalaya (Purbangsha)
16,5,Ambari Cha Bagan Primary School (Madhyangsha)
16,6,Ambari Tea Garden Pri. School (Paschimangsha)
16,7,Chamurchi Cha Bagan Pri. Vidyalaya (Uttarangsha)
16,8,Chamurchi Cha Bagan Primary School (Dakshinagsha)
16,9,Chamurchi Cha Bagan Primary School (Madhyangsha)
16,10,Bharatiyapathshala Spe. Ca. Pry. Vidyalaya (Purba)
16,11,Bharatiyapathshala Spe. Ca. Pry. Vidyalaya (Paschimangsha)
16,12,Agrasen Smriti Bhavan Chamurchi Bazar (Purbangsha)
16,13,Agrasen Smriti Bhavan Chamurchi Bazaar (Paschimangsha)
16,14,Chunavati Cha Bagan Primary School (Uttarangsha)
16,15,Chunavati Cha Bagan Primary School (Dakshinangsha)
16,16,Chunavati Cha Bagan Guest House
16,17,Palashbari T.G. 2 No. Pry. School (Uttarangsha)
16,18,Palashbari Chabagan 2 No. Pry. School (Dakshinagsha)
16,19,"New Duars T,G, Primary School (Uttarangsha)"
16,20,Neuduers T.G. Primary School (Dakshinagsha)
16,21,"New Duars T,G, Labour Club"
16,22,Diana Cha Bagan Prathamik Vidyalaya (Uttarangsha)
16,23,Diana Cha Bagan Primary School (Dakshinagsha)
16,24,Debpara Chabagan Primary School (Paschimangsha)
16,25,Debpara Chabagan Staff Club Housegara Line
16,26,Devpara Chabagan T.G. Labour Club House
16,27,Kathalguri T.G. Cressy House (Uttarangsha)
16,28,Kathalguri T.G. Cressey House (Dakshinagsha)
16,29,Kathalguri T.G. Pry. School (Uttarangsha)
16,30,Katalguri T. G. Primary School (Dakshinagsha)
16,31,Riabari Chabagan Primary School (Uttarangsha)
16,32,Riabari Chabagan Primary School (Dakshinagsha)
16,33,Palashbari Chabagan Primary School (Uttarangsha)
16,34,Palashbari Chabagan Pry. School (Dakshinagsha)
16,35,Lakshmipara Pry. School Uttar Building (Purbangsha)
16,36,Lakshmipara Pry. School Pa. Building (Paschimangsha)
16,37,Lakshmipara Chabagan Pry. School Pa. Building (Uttarangsha)
16,38,Laxmipara Chabagan Pry. School Pa. Building Er Dakshi
16,39,Gendrapara Chabagan Primary School (Uttarangsha)
16,40,Gendrapara Chabagan Pra School (Dakshinagsha)
16,41,Gendrapara Cha Bagan Gudam Line Club Ghar
16,42,Gendrapara Chabagan Clubghar (Purbangsha)
16,43,Gendrapara Chabagan Clubghar (Madhyangsha)
16,44,Gendrapara Clubghar (Paschimangsha)
16,45,Banarhat T.G. Primary School (Uttarangsha)
16,46,Banarhat T.G. Primary School (Dh: angsha)
16,47,Banarhat T.G. Staff Club
16,48,Banarhat Uchha Balika Vidyalaya (Uttarangsha)
16,49,Banarhat Uchha Balika Vidyalaya (Madhyamangsha)
16,50,Banarhat Uchha Balika Vidyalaya (Dakshinangsha)
16,51,Banarhat Uchha Balika Vidyalaya (Purbangsha)
16,52,Banarhat High School (Uttarangsha)
16,53,Banarhat High School (Dakshinagsha)
16,54,Banarhat Colony Primary School
16,55,Banarhat High School (Madhyansha)
16,56,Banarhat Gram Panchayat Office
16,57,Adarsha Vidyamandir Hindi High School
16,58,Karbala Chabagan Primary School (Uttarangsha)
16,59,Karbala Chabagan Primary School (Madhya Angsha)
16,60,Karbala Chabagan Primary School (Dakshinangsha)
16,61,Karbala Chabagan Club House
16,62,Totapara Chabagan Primary School (Uttarangsha)
16,63,Totapara Chabagan Primary School (Dakshin Angsha)
16,64,Totapara Chabagan Primary School (Madhyangsha)
16,65,Mogalkata T.G. Primary School (Uttarangsha)
16,66,Mogalkata T.G. Primary School (Dakshinangsha)
16,67,Mazdoor Club House
16,68,"Naldangabari Atirikta Pratha: Vidyalaya, Laltonpara"
16,69,Maraghat Cha Bagan Primary School (Uttarangsha)
16,70,Moraghat Cha Bagan Primary School (Dakshinangsha)
16,71,Moraghat Cha Bagan Labor Clubhouse
16,72,Binnaguri Cha Bagan Primary School (Uttarangsha)
16,73,Binnaguri Cha Bagan Primary Vidyalaya (Dakshinangsha)
16,74,Binnaguri Cha Bagan Club House
16,75,Binnaguri Duars Spo Ebang Kal. Aso. Building
16,76,Binnaguri Ba. Teli Pa Hatkho ITDC Pry.
16,77,Haldibari Tea Bagan Primary School (Uttarangsha)
16,78,Haldibari Chabagan Prathamik Vidyalaya (Dakshinangsha)
16,79,Haldibari Chabagan Pry. Vidyalaya (Purba Building)
16,80,Haldibari T.G. club house
16,81,Haldibari T.G. Labor Club House
16,82,Haldibari Cha Ba. D.B.I.T.A. Staff Club
16,83,Telipara Chabagan Primary School (Uttar angsha)
16,84,Telipara Chabagan Primary School (Dakshinangsha)
16,85,Telipara Chabagan Clubghar
16,86,Gayarkata R. R. Primary school
16,87,Goerkata T. G. Primary School (Dakshin)
16,88,Goerkata Cha Bagan Primary School (Uttarangsha)
16,89,Gayarkata Cha Bagan Creasy House
16,90,Khuttimari Forest Village Primary School
16,91,Nalanda Shishuniketan Prathamik Vidyalaya (Uttarangsha)
16,92,Nalanda Shishaniketan Prathamik Vidyalaya (Dakshinangsha)
16,93,Binnaguri Club Dramatic Stage (Durgabari)
16,94,Sakoajora 1 No. Gram Panchayat Karjyalaya
16,95,Goerkata High School (Uttarangsha)
16,96,Goerkata Reading Club
16,97,Goerkata High School (Dakshinangsha)
16,98,Ajayghosh Smriti Primary School
16,99,Goerkata Hindi Pry. School (P.W.D. Office)
16,100,PURBA GAYERKATA ADDITIONAL Pra SCHOOL (Uttarangsha)
16,101,PURBA GAYERKATA ADDITIONAL PRIMARY SCHOOL (Madhyangsha)
16,102,PURBA GAYERKATA ADDITIONAL Pry SCHOOL (Dakshinangsha)
16,103,Nepali Basti Non-Formal School (Asthayee Shed)
16,104,Chowpathi S. C. Primary School (Dakshinangsha)
16,105,Chowpathi C.S.Primary School (Uttarangsha)
16,106,Deuniapara B.F.P. School (Uttarangsha)
16,107,Deunia Para B.F.P. School (Dakshinangsha)
16,108,Chandrakanta High School (Purbangsha)
16,109,Chandrakanta High School (Madhyangsha)
16,110,Chandrakanta High School (Paschimangsha)
16,111,Duramari BFP School (Chandrakanta High School) Sanglag
16,112,Paschim Durmari New Primary School (Uttarangsha)
16,113,Paschim Durmari New Primary School (Dakshinangsha)
16,114,Pramanik Para BFP School
16,115,Rabindra Hindi Primary School
16,116,Uttar Shalbari ST Primary School
16,117,JALAPARA ADDITIONAL PRIMARY SCHOOL
16,118,Shalbari 2 No. Junior Basic School
16,119,Uttar Shalbari Primary School
16,120,Baniapara Chowrasta High School (Uttarangsha)
16,121,Baniapara Chowrasta High School (Dakshinangsha)
16,122,Dakshin Nunkhawa Danga Primary School
16,123,Satishargiri Prathamik Vidyalaya
16,124,Left BFP School (Purbangsha)
16,125,Bamontari BFP School (Paschimangsha)
16,126,Premganj B.S. P School (Uttarangsha)
16,127,Fataktari flood Kendra
16,128,Premganj BSP School (Dakshinangsha)
16,129,Jaldhaka Altadanga Chabagan Pry. School
16,130,ICDS Center
16,131,Khayerkata Chidamchandra Primary School (Uttarangsha)
16,132,Khayerkata Chidamchandra Primary School (Dakshinangsha)
16,133,"Rangati C,S, Primary School"
16,134,"Khairkata B, F, P, School"
16,135,Dhumpara Primary School
16,136,Angrabhasha Board Free Primary School (Purbangsha)
16,137,Angrabhasha Board Free Primary School (Paschimangsha)
16,138,"Dhandasimla C,S, Primary School"
16,139,Kalabari Junior Basic School (Uttarangsha)
16,140,Kalabari Junior Basic School  (Dakshinangsha)
16,141,Kalabari Junior Basic School (Puratan Building)
16,142,"Kalabari B, F, P, School"
16,143,Birsha Bhagat Primary School
16,144,Khairkata Hindi Primary School
16,145,Bapuji Adarsha Primary School
16,146,Tandu 3 No. Primary School
16,147,Bamondanga Chabagan Primary School (Dakshin Paschimangsha)
16,148,Bamondanga Chabagan Primary School (Uttar Paschimangsha)
16,149,Tantu Cha Bagan Primary School
16,150,Madhya Khairbari State Plan Pry. school (Uttarangsha)
16,151,Madhya Khairbari State Plan Pry. School (Dakshingsha)
16,152,Sulka Para Free Pri. School (Uttarangsha)
16,153,Sulkapara Free Primary School (Madhyangha)
16,154,Sulkapara Free Primary School (Dakshinangsha)
16,155,Khuniya Forest beat office
16,156,Ramakrishna Primary School
16,157,P. W.D Office
16,158,Nagarakata Cha Bagan Primary School
16,159,Nagarakata Tea Garden Labor Club
16,160,Nagrakata Chabagan C.S. And Staff Club
16,161,Upper Hilla Cha Bagan Primary School
16,162,Lower Hilla Chabagan Primary School
16,163,Nayasaili Chabagan 2 No. Primary School (Purbangsha)
16,164,Nayasaili Chabagan 2 No. Primary School (Paschimangsha)
16,165,Nayasaili Chabagan 1 No. Primary School
16,166,Saint Marry&#x27;s Boarding High School
16,167,Hope Chabagan Primary School (Purbangsha)
16,168,Hope Chabagan Labor Club
16,169,Hilajhora Primary School
16,170,Jiti Cha Bagan Primary School (Uttarangsha)
16,171,Jiti Tea Garden Staff Recreation Club
16,172,Jiti Tea Garden Labor Club (Marx Line)
16,173,Jiti Chabagan Organized School (Markle Line)
16,174,Kurti Cha Bagan Prathamik Vidyalaya (Upper Line)
16,175,Kurti Cha Bagan Primary School (Factory Line)
16,176,Kurti Tea Garden Labor Club (Factory Line)
16,177,Bhagatpur Tea Garden Staff Club
16,178,"G, Division Primary School (Deepaline)"
16,179,ITDP Primary School (Jahaji Line)
16,180,Bhagatpur Cha Bagan Primary School
16,181,Bhagatpur Tea Garden Workers Club
16,182,Nagarakata Community Hall
16,183,Nagrakata Uchcha Madhyamik Vidyalaya (ROOM NO-1)
16,184,Nagrakata Uchcha Madhyamik Vidyalaya (ROOM NO-2)
16,185,Nagrakata Uchcha Madhyamik Vidyalaya (ROOM NO-3)
16,186,Gathia Cha Bagan Primary School (Uttarangsha)
16,187,Gathia Cha Bagan Primary School (Dakshinagsha)
16,188,Gathia Tea Garden Labor Club
16,189,Gathia Chabagan Hindi School (Upper Line)
16,190,Ghasmari State Plan Primary School
16,191,Chartandu Additional Primary School (Uttarangsha)
16,192,Chartandu Additional Primary School (Dakshingsha)
16,193,Grassmore Cha Bagan Primary School (Purbangsha)
16,194,Grassmore Chabagan Primary School (Paschimangsha)
16,195,Grassmore Chabagan Mazdoor Club
16,196,Grassmore Chabagan Mazdoor Club
16,197,Luksan Tea Garden Primary School (Purbangsha)
16,198,Luksan Tea Garden Primary School (Paschimangsha)
16,199,Luksan R.R. primary school
16,200,Lal Bahadur Shastri Memo: Bangla Hindi School (Room No.1)
16,201,"Lal Bahadur Shastri Memo: Bangla Hindi School, (Room No. 2)"
16,202,Lal Bahadur Shastri Memo: Bangla Hindi High School (Room No. 3)
16,203,Karon Cha Bagan Primary School (Uttarangsha)
16,204,Caron Ch Bagan Primary School (Dakshinagsha)
16,205,Chengmari Chabagan Primary School (Uttarangsha)
16,206,Chengmari Chabagan Primary School (Dakshinagsha)
16,207,"Lalbasti, Jhamelabasti Organized School"
16,208,Chengmari Chabagan Primary School (Uttarangsha)
16,209,Chengmari T.G. Primary School (Dakshinagsha)
16,210,Chengmari Uchchamadhyamik Vidyalaya (Room No-1)
16,211,Chengmari Uchchamadhyamik Vidyalaya (Room No-2)
16,212,Chengmari Uchchamadhyamik Vidyalaya (Room No-3)
16,213,Dharnipur BFP School
17,1,Dongarhat B. F. P School (Bamunpara)
17,2,Burnishchar State Plan Primary School
17,3,"Ulladabari B, F, P, School"
17,4,"Netaji Club O Pathagar, Maynaguri Road"
17,5,Maynaguri Road Junior High School (Dakshinagsha)
17,6,Ulladabri
17,7,Maynaguri Road Junior High School (Dakshinagsha)
17,8,Bhandani Junior Basic School (Dakshinagsha)
17,9,Bhandani Junior Basic School (Uttarangsha)
17,10,"Madhar Bari B, F, P, School (Madhar Bari)"
17,11,"Barnesh High School (Purbangsha), Barnesh Bazar"
17,12,Barnesh High School (Paschimangsha)
17,13,Mathura Mohan High School (Uttarangsha)
17,14,Mathura Mohan High School (Dakshinangsha)
17,15,Dangapara Special Cadre Primary School
17,16,"Chit Putimari B, F, P, School"
17,17,Maynaguri Uchchatara Valika Vidyalaya (Dakshinangsha)
17,18,"Mainama Para Prathamik Vidyalaya, Rout Colony"
17,19,Maynaguri Uchchatara Valika Vidyalaya (Purbangsha)
17,20,Maynaguri Ju. Basic School (Uttarangsha)
17,21,Maynaguri Ju. Basic School (Dakshinangsha)
17,22,Subhashnagar High School (Uttarangsha)
17,23,Subhashnagar High School (Dakshinangsha)
17,24,"Benkandi B, F, P, School"
17,25,Vivekananda Vidyapeeth Primary School
17,26,Petkatir Danga Theltheli Primary School (Paschimangsha)
17,27,Petkatir Danga Theltheli Primary School (Purbangsha)
17,28,"Anandnagar Junior Basic School, Anandanagar"
17,29,"Adarsh Vidyapeeth, Anandanagar"
17,30,"P, W, D, Inspection Bungalow"
17,31,"P, W, D, Construction Subdivision Office (Anandanagar)"
17,32,"Bagjan Adarsha Prathamik Vidyalaya, Khektar Bari"
17,33,BAGJAN JUNIOR BASIC SCHOOL
17,34,Banyatra Shibir
17,35,Dakshin Maumari Special Cadre Primary School
17,36,Maynaguri Uchchamadhyamik Vidyalaya
17,37,"Purba Shalbari C, S, Primary School"
17,38,Ramdev Primary School
17,39,"Shalbari B, F,P School, Shalbari"
17,40,MALLIK PARA Brahmeshwar Prasad Junior Basic Schoo
17,41,Bhuzari Para Moharchand Uchcha Vidyalaya
17,42,Huslu Danga Junior Basic School
17,43,"Adarsha Pathagar (B,F,P,Schooler Sannikate)"
17,44,Churabhandar Velvela Junior High School
17,45,"Bhangar Hat B, F, P, School"
17,46,"Chandrakanta B, F,P, School"
17,47,"Purbadehar B,F,P, School"
17,48,"Churabhandar Jhajangi B,F, School (Uttarangsha)"
17,49,"Chandrakanta B, F, P School (Dakshinagsha)"
17,50,Churabhandar Gram Panchayat Office
17,51,Bagjan Adarsha Prathamik Vidyalaya
17,52,"Rother Hat B,F,P, School"
17,53,Charchurabhandar Special Cadre Primary School
17,54,"Charchurabhandar Natun Colony B, F, P, School"
17,55,Bateshwar Junior Basic School
17,56,"Uttar Madhavbhanga B. Roy B, F, P, School (Dakshinangsha)"
17,57,"Uttar Madhavbhanga B. Roy B, F, P, School (Uttarangsha)"
17,58,Neelmani Basanta Prathamik Vidyalaya
17,59,"Madhab Danga B,F,P, School Basunia Para"
17,60,"Madhabdanga Colony C, F, Primary School"
17,61,"Dakshin Madhavdanga S,P, Primary School, Madhavdang"
17,62,"Bhuskadanga 1 No. B,F,P, School"
17,63,"Laxmikanta Uchchatara Madhyamik School, Jalpesh"
17,64,Lakshminarayan Prathamik Vidyalaya
17,65,Harmati Jatindravidyapeeth Special Cadre Pry. School
17,66,"Barakamat Primary School, Bara Kamat"
17,67,Dakshin Dangapara State Plan Primary School
17,68,"Bhatir Bari B,F,P, School (Dakshinangsha)"
17,69,"Bhatir Bari B,F,P, School (Uttarangsha)"
17,70,"Uttar Bhotpatti Prathamik Vidyalaya, Colonypara"
17,71,"Harmati B,F,P, School"
17,72,Sri Sri Nigamananda Adarsha Vidya Niketan (Paschimangsha)
17,73,Sri Sri Nigamananda Adarsah Vidya Niketan (Purbangsha)
17,74,Purbaharmati Special Cadre Primary School
17,75,Purbaharmati Sarkarpara Primary School
17,76,"Laskar Para R, R, Prathamik Vidyalaya, Khyerkhal"
17,77,Hanuman Box Lohiya High School (Paschimangsha)
17,78,"Bhotpatty B,F,P, School"
17,79,"Hanuman Box Lohiya High School (Kaksha 2), Purbangsha"
17,80,"Khuttimari Prathamik Vidyalaya, Uttar Padmati"
17,81,"Padamati B,F,P, School (Uttarangsha)"
17,82,"Padamati B,F,P, School (Dakshinangsha)"
17,83,"Balasan Battali B,F,P, School"
17,84,"Brahmapur No. 1 Board Prathamik Vidyalaya, Purbansha"
17,85,"Brahmapur B,F,P, School (Paschimangsha)"
17,86,"Paharpur Prathamik Vidyalaya, Paharpur"
17,87,Satyanarayan Junior Basic School (Organized) Paharap
17,88,Padamati Haspatal Para Khagendranath Primary School
17,89,Dakshin Padamati Ramcharan Primary School
17,90,Dangapara Nimna Buniyadi Vidyalaya
17,91,Sepai Bari Prathamik Vidyalaya
17,92,"P, U, R, High School (Uttarangsha)"
17,93,"P, U, R, High School (Paschimangsha)"
17,94,"P, U, R, High School (Dakshinangsha)"
17,95,"Bhangamali B,F,P, School (Helapakari)"
17,96,"Jorpakri A,G, High School"
17,97,"Muriagram, Jhakuapara, B, F, P, School (Dakshin Dhar)"
17,98,"Gurcharan Vidyapeeth, Rajarhat"
17,99,"Jorepakri Junior Basic School, Jorepakri"
17,100,Purba Dharmapur Bagan Bari Prathamik Vidyalaya
17,101,"Durangar Bari B,F,P, School, Purba Dharmapur"
17,102,"Shashadhar Junior High School (Organized), Bakali"
17,103,"Bakali B,F,P, School"
17,104,"Bargharia Additional Primary School, Sealdanga"
17,105,"Gopalganj B,F,P, School, Bhangarhat"
17,106,Gourgram Khuliar Bari Prathamik Vidyalaya
17,107,Sipaipara Special Cadre Prathamik Vidyalaya (Uttarang
17,108,Sipaipara Special Cadre Prathamik Vidyalaya (Dakshin
17,109,Jhakuapara Primary School
17,110,Bodaganj Nimna Buniyadi Vidyalaya
17,111,Barapatiya Nutanabos Gram Panchayat Karyalaya
17,112,Panchiram Nahata High School (Uttarangsha)
17,113,Panchiram Nahata High School (Dakshinangsha)
17,114,"Rangdhamali B,F,P, School (Dwitiya Kaksha)"
17,115,Jamadar Para Special Cadre Primary School
17,116,"Rangdhamali B,F,P, School"
17,117,Moral Para Special Cadre Prathamik Vidyalaya
17,118,Tran Shibir
17,119,Mariyam Basti Special Cadre Primary School
17,120,Dangapara Dhaipara Primary School
17,121,"Patkata B,F,P, School, Ghoshpara"
17,122,"Kaliaganj B,F,P, School"
17,123,"Dariyapara Badinath B,F,P, School"
17,124,Jalpaiguri Govt Engineering College
17,125,"Karji Para B,F,P, School"
17,126,Bhandiguri Cha Bagan Primary School
17,127,"Jaypur Cha Bagan B,F,P, School"
17,128,Jaipur Cha Bagan Recreation Club
17,129,"Raipur Cha Bagan B,F,P, School"
17,130,Karlaveli Cha Bagan Primary School (Uttarangsha)
17,131,Karlaveli Cha Bagan Primary School (Dakshinangsha)
17,132,"Denguajhar Chabagan B, F, P, School Purba Line Proth"
17,133,"Denguejhar Chabagan B, F, P, School Purba Line 2y K"
17,134,Improvised structure
17,135,"Denguajhar Cha Bagan B, F, P, School (Paschim Line"
17,136,"Patkata R, R, Primary School (Dakshinangsha)"
17,137,"Patkata R, R, Primary School (Uttarangsha)"
17,138,Kaliaganj Uttameswar High School (Purbangsha)
17,139,Gomstapara Chandramohan Primary School
17,140,Radhar Bari Primary School
17,141,Polytechnic Institute (Room No. 15)
17,142,Jalpaiguri Polytechnic Institute (Students Common Room
17,143,Jalpaiguri Polytechnic Institute
17,144,Dangapara Primary School
17,145,"T, B, Hospital Para Primary School"
17,146,Paharpur Junior Madrasa School (Pradhan Para)
17,147,"Hakeem Para B,F,P, School (Uttarangsha)"
17,148,"Hakeem Para B,F,P, School (Dakshinangsha)"
17,149,Paharpur Gram Panchayat Karyalaya
17,150,Premganj Prathamik Vidyalaya
17,151,Bajrapara Prathamik Vidyalaya
17,152,"Balapara B, F, P, School"
17,153,"Balapara B, F, P, School"
17,154,Brahmatalpara Special Cadre Primary School
17,155,"Raniganj Jolapara B,F,P, School"
17,156,Raninagar Rabindranath High School (Purbangsha)
17,157,Raninagar Rabindranath High School (Paschimangsha)
17,158,"Jurabanda B, F,P, School"
17,159,Barabari Prathamik Vidyalaya
17,160,Baruapara Prathamik Vidyalaya
17,161,Jhabera Vita Deep Tubewell Centre
17,162,Talma Hut Seed Stores
17,163,"Sardar Para B,F,P, School"
17,164,Mudipara Nagendranath Junior High School
17,165,"Jhuri Kamini B, F, P, School"
17,166,Majhbari Mehrunnessa Prathamik Vidyalaya
17,167,Sariam Kalibari Special Cadre Pry. School puu
17,168,Sariam Kalibari Special Cadre Primary School Pasch
17,169,"Bamanpara B,F,P, School (Dakshinangsha)"
17,170,Baniapara Sabujmela Primary School
17,171,Kumarpara Additional Primary School
17,172,"Bamanpara B,F,P, School (Uttarangsha)"
17,173,Kumarpara Primary School
17,174,Mohantapara Netaji Primary Vidyalaya
17,175,Jalpaiguri Junior Technical School
17,176,"Maskalaibari Bardhita R, R, Prathamik Vidyalaya Purba"
17,177,"Maskalaibari Bardhita R, R, Prathamik Vidyalaya Paschi"
17,178,"Arvindnagar R, R, Prathamik School"
17,179,Bhabeshchandra Valika Vidyalaya
17,180,"Maskalai Bari 1 No. R, R, Prathamik Vidyalaya"
17,181,Jalpaiguri Junior Technical School
17,182,Begum Faizunnicha Valika Vidyalaya
17,183,Arabinda Madhyamik Vidyalaya (Dakshinangsha)
17,184,Arabinda Madhyamik Vidyalaya (Uttarangsha)
17,185,"Bamanpara R, R, Prathamik Vidyalaya"
17,186,"Anand Chandra College, Jalpaiguri"
17,187,Mohitnagar Taraprasad High School (Purbangsha)
17,188,Mohitnagar Taraprasad High School (Paschimangsha)
17,189,Hindi High School
17,190,Hindi High School
17,191,Satish Lahiri Buniyadi Vidyalaya
17,192,Sevagram Rice Mill (Ratamnah)
17,193,Sevagram Rice Mill
17,194,Satish Lahiri Buniyadi Vidyalaya (Paschimangsha)
17,195,Anantabala Primary School
17,196,Naupara Purba Kumarpara Primary School
17,197,Naupara Purba Kumarpara Primary School
17,198,"Paschim Kumarpara C, S, Primary School"
17,199,Holy Child School
18,1,Ellenbari Cha Bagan Primary School
18,2,Elem Bari Cha Bagan Factory Office Building
18,3,Washabari Cha Bagan Primary School (Purba)
18,4,Washabari Chabagan Primary School (Pa: Uttarangsha)
18,5,Washabari Chabagan Primary School
18,6,Kalagaiti Cha Bagan Club Griha
18,7,Kalagaiti Cha Bagan Primary School
18,8,Bagrakot Auditorium Griha (Dakshin)
18,9,Bagrakot Cha Bagan Prathamik Vidyalaya
18,10,Bagarkot Cha Bagan Primary School (Uttarangsha)
18,11,Bagarkot Cha Bagan Primary School (Dakshinangsha)
18,12,Bagarkot Cha Bagan Pry. School (Dakshin Paschimangsha)
18,13,Bagarkot Cha Bagan Labor Club (School Sanglagna)
18,14,Bagarkot Cha Bagan cress ghar
18,15,Lees River Cha Bagan Primary School (Purbangsha)
18,16,Lees River Cha Bagan Primary School (Madhyangsha)
18,17,Lees River Cha Bagan Primary School (Paschimangsha)
18,18,Leesliver Cha Bagan Labor Club House
18,19,Patibari Cha Bagan Primary School
18,20,"Saogaon B,F,P, School"
18,21,Sonali Cha Bagan Primary School
18,22,"Ghajaldoba C, S, Adivashi Primary School"
18,23,"Targhera Prathamik Vidyalaya, Targhera"
18,24,"Paschimpremganj B,F,P, School (Uttarangsha) Gajoldoba"
18,25,"Paschim Premganj B,F,P, School (Dakshinangsha)"
18,26,"Raju Club, Organized School (Uttarangsha)"
18,27,"Raju Club, Organized School (Dakshinangsha)"
18,28,Mechbabasti Beat Office
18,29,Sholaghia Forest Village Primary School
18,30,Odlabari Cha Bagan Primary School (Purbangsha)
18,31,Odlabari Cha Bagan Primary School (Paschimangsha)
18,32,Odalbari Cha Bagan Club Griha
18,33,Bharat Sevashram State Plan Primary School
18,34,Bharat Sevashram State Plan Primary School (Madhyan
18,35,Bharat Sevashram State Plan (Dakshinangsha)
18,36,Odlabari 2 No. State Plan Primary School (Dakshin
18,37,Odlabari Atithibhawan (Hindi Schooler Pashe)
18,38,Irrigation Office (Tista Barrage Division Office)
18,39,Teesta Barragetown Ship Recreation Club House
18,40,Vidhan Vidyapeeth (Uttarangsha Kaksha 1)
18,41,Vidhan Vidyapeeth (Uttarangsha Kaksha 2)
18,42,Vidhan Vidyapeeth (Dakshinangsha)
18,43,Odlabari 2 No. State Plan Primary School
18,44,Odlabari 2 No. State Plan Primary School Hindu
18,45,Odlabari High School
18,46,Manabari Cha Bagan Primary School (Uttarangsha)
18,47,Manabari Cha Bagan Prathamik Vidyalaya (Dakshinangsha)
18,48,Manabari Veneer Mill Primary School
18,49,"Turibari C, S, Primary School"
18,50,Patharjhora Cha Bagan Primary School (Uttarangsha)
18,51,Patharjhora Primary School (Uttarangsha)
18,52,Patharjhora Cha Bagan Shramik Club Griha (Purbangsha)
18,53,Patharkora Cha Bagan Shramik Club Griha (Uttarangsha)
18,54,Min Glass Cha Bagan Primary School (Purbangsha)
18,55,Min Glass Cha Bagan Primary School (Paschimangsha)
18,56,Min Glass Cha Bagan Clubgriha
18,57,Dalimkot Cha Bagan Primary School (Uttar)
18,58,Dalimkot Cha Bagan Primary School (Dakshinangsha)
18,59,Saili Cha Bagan Primary School (Purbangsha)
18,60,Saili Cha Bagan Primary School (Paschimangsha)
18,61,Saili Junior Hindi School (Uttarangsha)
18,62,Saili Junior Hindi School (Dakshinangsha)
18,63,Saili Bazar Dharamashala
18,64,Ranichera Tea Garden Club Griha
18,65,Ranichera Cha Bagan Primary School (Uttarangsha)
18,66,Ranichera Cha Bagan Primary School (Dakshinangsha)
18,67,Damdim Gajendra Vidyamandir High School
18,68,"Damdim Yogendra Memo. B,F,P, School (Da. nangsha)"
18,69,"Damdim Yogendra Memo. B,F,P School (Dakshinangsha)"
18,70,Balabari Cha Bagan Primary School
18,71,Goodhope Cha Bagan Primary School (Purbangsha)
18,72,Goodhope Cha Bagan Primary School (Paschimangsha)
18,73,Kumlai Cha Bagan Primary School (Dakshinangsha)
18,74,Kumlai Cha Bagan Primary School (Paschimangsha)
18,75,Naya Kaman Division Office Griha
18,76,Paschim Damdeen Grain Gola Griha
18,77,Damdim Cha Bagan Primary School (Uttarangsha)
18,78,Khaldhura Night School (Uttarangsha)
18,79,Khaldhura Night School (Dakshinangsha)
18,80,Damdim Cha Bagan Primary School (Madhyangsha)
18,81,Damdim Cha Bagan Primary School (Dakshinangsha)
18,82,Damdim Cha Bagan North Grant Primary School (Pur)
18,83,Damdim Cha Bagan North Grant Primary School (Pa:)
18,84,New Glencoe Cha Bagan Primary School (Uttarangsha)
18,85,New Glencoe Cha Bagan Primary School (Dakshinangsha)
18,86,Rangamati Cha Bagan Springfieldline Pry. School
18,87,Rangamati Cha Bagan Pry. School Purba
18,88,Rangamati Cha Bagan Shramik Club Griha
18,89,Rangamati Cha Bagan Pry. school (Paschim) Kaksha 1
18,90,Rangamati Cha Bagan Pry. School (Paschim) Kaksha 2
18,91,Rangamati Cha Bagan Naya Kaman Division Pry. school
18,92,Nidam Cha Bagan Pry. School (Purbangsha)
18,93,Nidam Cha Bagan Pry. School (Paschimangsha)
18,94,Gurjangjhora Chabagan Pry School (Purbangsha)
18,95,Gurjanjhora Chabagan Pry School (Dakshinangsha)
18,96,Malnadi Chabagan Pry School
18,97,Tunbari Chabagan Primary School
18,98,Raj (Rupali) Cha Bagan Primary School (Uttar)
18,99,Raj (Rupali) Chabagan Primary School (Dakshin)
18,100,Phatkan Jot Prathamik Vidyalaya
18,101,"New Mal Railway Academy, New Mal"
18,102,"B, L, High School (Dakshinangsha)"
18,103,"B, L, High School (Uttar)"
18,104,"Anand Vidyapeeth, Panwar Basti"
18,105,"B, L High School, Prathamik Vidyalaya"
18,106,North East Frontier Railway Primary School
18,107,MAL FORWARD CLUB HOUSE
18,108,Northeast Frontier Railway Recreation Club Griha
18,109,Subashini Madhyamik School (Purbangsha)
18,110,Subhasini Madhyamik School (Paschimangsha)
18,111,Mal Adarsha Vidya Bhavan
18,112,Mal Adarsha Vidyabhavan (Uchcha madhyamik Bibhag)
18,113,Mal Adarsha Vidyabhavan (Purbangsha) Kaksha 1
18,114,Mal Adarsha Vidyabhavan (Purbangsha) Kaksha 2
18,115,Mal Adarsha Vidyabhavan (Uttarangsha)
18,116,"Mal R, R, and R, F. P. School Purbangsha"
18,117,"Mal R, R, &amp; R, F, P, Pry. School Paschimangsha"
18,118,Zilla Parishad Dak Bungalow (Purbangsha)
18,119,Zilla Parishad Dak Bungalow (Paschimangsha)
18,120,Mal Veterinary Hospital Kaksha No. 1
18,121,Mal Veterinary Hospital Kaksha No. 2
18,122,Samsing Cha Bagan 1 No. Prathamik Vidyalaya (Purbangsha)
18,123,Samsing Cha Bagan 1 No. Prathamik Vidyalaya (Paschim)
18,124,Samsing High School (Pratham kaksha)
18,125,Samsung High School (Dwitiya Kaksha)
18,126,Samsing Cha Baganer 2 no. Prathamik Vidyalaya
18,127,Samsing Tea Garden Lower Lineer Shramik Club
18,128,Yongtong Chabagan Prathamik Vidyalaya (Topline)
18,129,Yongtong Chbaganer abyabahrita Haspatal Griha
18,130,Murty Chabaganer Prathamik Vidyalaya (Purbangsha)
18,131,Murty Chabaganer Prathamik Vidyalaya (Paschimangsha)
18,132,Meteli Chabagan Staff Club
18,133,Meteli Chabagan Workers Club
18,134,Meteli Chabagan Prathamik Vidyalaya
18,135,Chiloni Cha Bagan Prathamik Vidyalaya (Purbangsha)
18,136,Chiloni Chabagan Prathamik Vidyalaya (Paschimangsha)
18,137,Chiloni Chabaganer Shramik Club (Purbangsha)
18,138,Chiloni Chabaganer Shramik Club (Paschimangsha)
18,139,Ingu Chabagan Prathamik Vidyalaya
18,140,Juranti Cha Baganer Pry School (Purbangsha)
18,141,Juranti Prathamik Vidyalaya (Paschimangsha)
18,142,Juranti Chabagan Workers&#x27; Club
18,143,Juranti Chabagan Ration Bitaran Ghar
18,144,Nagaishuri Cha Bagan Prathamik Vidyalaya (Purbangsha)
18,145,Nagaishuri Cha Baganer Pra. Vidyalaya (Paschimangsha)
18,146,Nagaisuri Cha baganer 22 no. line sampurna
18,147,Nagaishuri Cha Bagan Workers Club
18,148,Meteli Uchcha Vidyalaya (Uttarangsha)
18,149,Meteli Uchcha Vidyalaya (Dakshinangsha)
18,150,Matiyali Public Library (Kaksha 1)
18,151,Metli Public Library (Kaksha 2)
18,152,Chalsa Chabagan Workers Club
18,153,Chalsa Chabagan Pry Vidyalaya (Uttarangsha)
18,154,Chalsa Chabagan Pry Vidyalaya (Dakshinangsha)
18,155,Indong Chabagan Pry Vidyalaya (Jungle Line)
18,156,Indong Chabagan Pry Vidyalaya (Factoryer Nikot)
18,157,Indong Chabagan Creche House
18,158,Kilkot Cha Baganer Kormee Club
18,159,Kilkot Cha Bagan Prathamik Vidyalaya
18,160,IVILLE Cha Baganer Prathamik Vidyalaya (Uttarangsha)
18,161,Iville Cha Baganer Shramik Club
18,162,IVILLE Cha Bagan Pra Vidyalaya (Dakshinangsha)
18,163,Nakhati  Cha Bagan Pra Vidyalaya (Purbangsha)
18,164,Nakhati Cha Bagan Prathamik Vidyalaya (Paschimangsha)
18,165,Mal Parimal Mitra Smriti Mahavidyalaya
18,166,Soongachi Cha Baganer Factory Compound
18,167,Soongachi Cha Baganer Factory Compound Patighar
18,168,Dangi Divisioner Labour Club
18,169,Satkhaiya Chabagan Walkers Club (Pra. Bi. Sanglagna)
18,170,Satkhaiya Chabagan Pry. Vidyalaya
18,171,Chalsa Shalbani Sanghagriha (Uttarangsha)
18,172,Chalsa Shalbani Sanghagriha (Dakshinangsha)
18,173,Mahabari Basti Nepali Prathamik Vidyalaya
18,174,Chalsa Gayanath Vidyapeeth (Purbangsha)
18,175,Chalsa Gayanath Vidyapeeth (Paschimangsha)
18,176,Mangalabari Basti Prathamik Vidyalaya (Uttarangsha)
18,177,Mangalabari Basti Prathamik Vidyalaya (Dakshinangsha)
18,178,"Uttar Dhupjhora 2 no. C, S, Prathamik Vidyalaya"
18,179,People&#x27;s Club Uttar Dhupjhor
18,180,Dakshin Dhupjhora Prathamik Vidyalaya (Purbangsha)
18,181,Dakshin Dhupjhora Prathamik Vidyalaya (Paschimangsha)
18,182,Batabari Chandramohan High School
18,183,Batabari Prathamik Vidyalaya (High School sanglagna)
18,184,Batabari Cha Bagan Prathamik Vidyalaya
18,185,Batabari Cha Baganer Staff Club
18,186,Anganwarikendra Mithaidhura (ICDS) Centre
18,187,"Anganwari kendra Khudiram Palli (IC, D, S Ke.)"
18,188,Newora Majhiali Prathamik Vidyalaya
18,189,Shalbari  3 no. Prathamik Vidyalaya (Purbangsha)
18,190,"Khariarbandar Nandaswari Prathamik Vidyalaya, Gobrabasti"
18,191,Shalbari  3 no. Prathamik Vidyalaya  (Paschimangsha)
18,192,Newra Majhiali Prathamik Vidyalaya (Dangapara)
18,193,Baradighi Basti Prathamik Vidyalaya (Shishadanga)
18,194,Newra Majhiali Prathamik Vidyalaya (Paschim)
18,195,Tilabari Divisioner Primary School
18,196,Baradighi Cha bagan Prathamik Vidyalaya
18,197,"Baradighi Cha bagan, Staff Club"
18,198,Cha Baganer Central Creche House
18,199,Chawa Feli Prathamik Vidyalaya
18,200,Bichavanga Forest Basti Prathamik Vidyalaya
19,1,Betguri Cha Bagan Primary School (Dakshinangsha)
19,2,Betguri Cha Bagan Primary School (Madhyangsha)
19,3,Betguri Cha Bagan Primary School (Uttarangsha)
19,4,Betguri Cha Bagan Office Building (Kaksha 1)
19,5,Betguri Cha Bagan Office Building (Kaksha 2)
19,6,"Dumdim B, F, P, School (Paschimangsha)"
19,7,Omar Ali Junior High School
19,8,Paschim Haihai Pathar Non Formal School
19,9,Haihai Pathar Non Formal School (Paschimangsha)
19,10,"Teshimla B, F, P, School"
19,11,"Haihai Pather B, F, P, School"
19,12,ICDS Centre
19,13,"Sardarpara B, F, P, School"
19,14,Bara Dighi High School (Uttarangsha)
19,15,Votedanga S.T. Primary school
19,16,Nipuchhapur Cha Bagan Primary School (Uttarangsha)
19,17,Nipuchhapur Cha Bagan Primary School (Dakshinagsha)
19,18,"Senpara Gadadhar Primary (B, F, P,) School"
19,19,"Nepuchapur Basti B, F, P, School"
19,20,"Betguri B, F, P, School"
19,21,"Darogabasti B,F,P, School (Paschimangsha)"
19,22,"Darogabasti B,F,P, School (Purbangsha) Dwitiya Kak"
19,23,"I, C, D, S, Center, Ghumtipara"
19,24,Raja Bhanga Non Formal School
19,25,"Bashbari B, F, P, School"
19,26,"Kumarpara 2 No. B, F, P, School"
19,27,Neora Nadi Cha Bagan Primary School (Purbangsha)
19,28,Neora Nadi Cha Bagan Primary School (Paschimangsha)
19,29,Neora Nadi Cha Bagan Dispensary Office Building
19,30,KANTDIGHI KUMARPARA SPECIAL CADRE PRIMARY SCH
19,31,"Barogharia B, F, P, School (Purbangsha)"
19,32,"Barogharia B, F, P, School (Paschimangsha)"
19,33,"Anandpur S, P, School"
19,34,Anandpur Cha Bagan Primary School (Uttarangsha)
19,35,Anandpur Cha Bagan Primary School (Dakshinangsha)
19,36,Anandpur Cha Bagan Primary School (Madhyakaksha)
19,37,Kailashpur Cha Bagan Primary School
19,38,Dangaline Club Griha
19,39,"Shishu Tirtha Griha, Apal Chand"
19,40,"Gachimari B, F, P, School, Kathambari, (Gachimari"
19,41,"Neolabasti B, F, P, School, Gachimari"
19,42,"Hudurdanga B, F, P, School (Uttarangsha), Hanskhali"
19,43,"Uttar Hanskhali B, F, P, School, Kathambari"
19,44,Katham Bari Recreation Club
19,45,Islamia Akra Mia Madrasa
19,46,"Rajadanga B, F, P, School, Dhalabari"
19,47,"Rajadanga B, F, P, School"
19,48,"Pendamahammad High School Madhyangsha, Rajadanga"
19,49,Pendamahammad High School (Uttar Purbangsha) Rajadanga
19,50,Jhar Majhgram Madrasa
19,51,Kodalkati State Plan Primary School (Uttarangsha
19,52,Kodalkati State Plan Primary School (Dakshinangsha)
19,53,"Sarkar Para B, F, P, School"
19,54,Devijhora High School (Purbangsha) Pratham Kaksha
19,55,Devijhora High School (Purbangsha) Dwitiya Kaksha
19,56,Devijhora High School (Paschimangsha)
19,57,"Devijhora B, F, P, School (Purbangsha)"
19,58,"Devijhora B, F, P, School (Paschimangsha)"
19,59,Rahmattari Club House
19,60,"Dakshin Majhhgram B, F, P, School (Recognised)"
19,61,Golabari Special Cadre Primary School
19,62,"Dolaigaon B, F, P, School"
19,63,"Chengmari W.M,E, Junior High School"
19,64,Karaibari Primary School
19,65,"Chengmari Sahebbari B, F, P, School"
19,66,"G, C, Chabagan Spe. Ka. Pry. School (Uttarangsha) Kaksha 1"
19,67,Yogeshchandra Cha Bagan Spe. Ka. Primary School
19,68,Yogeshchandra Cha Bagan Spe. Ka. Primary School
19,69,Malhati Division Primary School
19,70,"Vaidyadanga B,F,P, School"
19,71,"Khalpara B, F, School Khalpara"
19,72,"Chengmari B, F, P, School (Purbangsha)"
19,73,Baikunthapur Moamari Primary School
19,74,"Dakshin Khalpara Organized School, Dakshin Khalpara"
19,75,"Saripakuri B, F, School (Purbangsha) (Kaksha 1)"
19,76,"Saripakuri B, F, School (Purbangsha) Dwitiya Kaksha"
19,77,"Dakshin Sari Pakuri New Primary School, Daburi Par"
19,78,"Nagarbhanga B, F, P, School (Paschimangsha)"
19,79,"Dhantala B, F, P, School (Dakshinangsha)"
19,80,Dakshin Sangopara Primary School
19,81,"Dhantala B, F, P, School (Dakshinangsha)"
19,82,Dakshin Sari Pakuri State Plan Primary School
19,83,Adabari Spe. Ka. Pry. School Via Krantimore Uo
19,84,Adabari Spe. Ka. Pry. School Via Kranti more Da
19,85,"Uttar Matiyali Majhbari S, T, Primary School"
19,86,Jharmatiali Golabari Spe. Ka. Pry. School
19,87,"Lataguri B, F, P, School (Purbangsha)"
19,88,"Lataguri B, F, P, School (Paschimangsha)"
19,89,Lataguri High School (Purbangsha)
19,90,Lataguri High School (Paschimangsha) Pratham Kaksha
19,91,Lataguri High School (Paschimangsha) Dwitiya Kaksha
19,92,"Uttar Matiali B, F, P, School (Uttarangsha)"
19,93,Uttar Matiali School (Dakshinangsha)
19,94,"Jhar Matiali B,F,P, School Uttar Matiali"
19,95,"Dakshin Jhar Matiali B,F,P, School"
19,96,"Chak Maulani B,F,P, School (Paschimangsha)"
19,97,"Chak Maulani B,F,P, School Dakshinangsha"
19,98,Galindra Nath High School (Uttarangsha)
19,99,Galindra Nath High School (Uttarangsha)
19,100,"Dakshin Matiali B, F, P, School"
19,101,Viddyeshwari Primary School (Dakshin Matiali)
19,102,"Bidurer Danga B, F, P, School"
19,103,"Satsangha Para B,F,P, School Sangapara"
19,104,Basusuba Junior High School (Uttarangsha)
19,105,Basusuba Junior High School (Dakshinangsha)
19,106,Maumari Krishnagar Prathamik Vidyalaya
19,107,Hatipota Special Cadre Primary School
19,108,"Nilamati S, P, Primary School"
19,109,"Paglijhora B,F,P, School"
19,110,"Chengmari B,F,P School, Uttar Kalamati"
19,111,Ma Bhandani Junior Basic School (Chengmari)
19,112,Dakshin Kalamati Special Cadre Primary School
19,113,"Ghegardabri B, F, P School"
19,114,Chengmari Gramin Adarsha Pathagar
19,115,"Ramshai R, R, Prathamik Vidyalaya"
19,116,"Ramshai Gram Panchayat Office, Panbari"
19,117,"Barmanpara B,F,P, School"
19,118,Panbari Junior Basic School
19,119,Purba Dobabari Primary School
19,120,Bhabani Junior High School
19,121,Satvendi Special Cadre Primary School
19,122,"Ramshai Irrigation Restshed, Ramshai"
19,123,Jadavpur Cha Bagan Primary School
19,124,Barhatipara Primary School Barhatipara
19,125,"Kalamati Forest Village Primary School, Kalamati"
19,126,Amguri Rammohan High School (Purbangsha)
19,127,Amguri Rammohan High School (Paschimangsha)
19,128,"Amaguri Chapgarh B,F,P School"
19,129,"Beltali Bhanga B, F, P, School (Beltali Bhanga)"
19,130,Dholagudi Additional Primary School
19,131,Kongar Para Prathamik Vidyalaya
19,132,"Kharibari B,F,P, School"
19,133,Bhadramohan Primary School
19,134,Betgara Nutan Colony Primary School
19,135,Betgara Nutan Colony Prathamik Vidyalaya
19,136,"Bakhsirdanga B,F,P, School"
19,137,Chapgarh Kamala Vidyapeeth
19,138,"Purba Baragila B,F,P, School"
19,139,Baragila Junior Basic School
19,140,Khalpara Prathamik Vidyalaya
19,141,"Dakshin Bara Gila B, F, P, School"
19,142,"Charerbari N,N, Junior High School"
19,143,"Charerbari Betgara B, F, P, School"
19,144,"Chatrar Par B, F, P, School"
19,145,Domohani Junior High School
19,146,"Domohani 1 no. R, R Prathamik Vidyalaya (Domohani)"
19,147,"Domohani 2 no. R, R Prathamik Vidyalaya"
19,148,Uttar Mouamari Primary School
19,149,Kathalbari Shishusiksha Niketan Primary School
19,150,Paulhowell High School
19,151,Sadhana Byamagar O Netaji Pathagar
19,152,Domhani Barmanpara Prathamik Vidyalaya
19,153,"Pranabananda Milan Vidyapeeth, Uttar Morichabari"
19,154,"Banglajhar B,F,P, School (Monkanta Rayer barir nikat)"
19,155,"Paschim Banglajhar C, S, Prathamik Vidyalaya"
19,156,"Rakhalhat B,F,P, School"
19,157,"Kumarpara B,F,P, School (Dakshinangsha)"
19,158,"Kumarpara B,F,P, School (Uttarangsha)"
19,159,Duryomohan Prathamik Vidyalaya (Organized)
19,160,Singimari Chandradeb High School
19,161,Singimari Special Cadre Primary School
19,162,"Boulbari B, F, P, School"
19,163,Domohani 2nd Gram Panchayat Office Ghar
19,164,Neelkanta Paul Junior High School
19,165,"Dakshin Khagrabari S, C, Primary School"
19,166,Dakshin Khagrabari State Plan Pry. School (Dakshinangsha
19,167,"Dakshin Khagrabari S, C, Primary School (Uttarangsha)"
19,168,Shahidgarh High School
19,169,"A, D, O office Ebang agriculture farm"
19,170,"Bhatirdanga S, P, Primary School"
19,171,Uttar Khagrabari Board School  (Dakshinangsha)
19,172,Uttar Khagrabari Board School (Uttarangsha)
19,173,Madhya Khagra Bari Additional Primary School
19,174,Zilla Parishad Dak Bungalow (Purbangsha)
19,175,Zilla Parishad Dak Bungalow (Paschimangsha)
19,176,Hospitalpara Junior Basic School
19,177,Dwarikamari Junior Basic School
19,178,"Kalirhat S, C, Primary School"
19,179,Basilar Bhanga Junior Basic School (Kamarpara)
19,180,Hekumohan Primary School
19,181,Tekatuli Ramkanta High School
19,182,"Nirendrapur S, C, Primary School"
19,183,"Basilar Bhanga B,F,P, School"
19,184,Khagrabari 2 no. Gram Panchayat Office
20,1,Umagati Vidyamandir (Kaksha 1)
20,2,Umapati Vidyamandir (Kaksha 2)
20,3,"Rajbari Para R, R, Primary School"
20,4,Block Information Center Jalpaiguri Sadar Block
20,5,Jalpaiguri Pharmacy Training Institute (Kaksha 1)
20,6,Jalpaiguri Pharmacy Training Institute (Kaksha 2)
20,7,7 Saberia Municipal Free Primary School
20,8,Saberia Municipal Free Pry. School (Kaksha 2)
20,9,Jalpaiguri Pharmacy Training Institute (Kaksha 3)
20,10,"Kharibechi Para R, R, Prathamik Vidyalaya (Paschimangsha)"
20,11,"Kharibechi Para R, R, Primary School (Purbangsha)"
20,12,Shaheed Badal Vidyapeeth (Kaksha 1)
20,13,Shaheed Badal Vidyapeeth (Kaksha 2)
20,14,Jalpaiguri Zilla School (Kaksha 1)
20,15,Jalpaiguri Zilla School (Kaksha 2)
20,16,Sandeepan Primary School
20,17,Agricultural Bipanan Karan (Shantipara)
20,18,Jalpaiguri Junior Basic Training In: (Kaksha 1)
20,19,Jalpaiguri Junior Basic Training In (Kaksha 3)
20,20,Jalpaiguri Jr. Training Institute (Kaksha 4)
20,21,Jalpaiguri Junior Basic Training In: (Kaksha 2)
20,22,"L, I, C, Building"
20,23,Netaji Subhash Primary Vidyalaya
20,24,Sonaullah High School (Kaksha 1)
20,25,Sonulla High School (Kaksha 2)
20,26,Sonulla High School (Kaksha 3)
20,27,Newtown Primary School (Kaksha 1)
20,28,Newtown Primary School (Kaksha 2)
20,29,Co-operative Training Centre
20,30,"Mohantapara R, R, Primary School (Kaksha 3)"
20,31,"Mohantpara R, R, Primary School (Kaksha 1)"
20,32,Sangasree Club O Pathagar
20,33,Kadamtala Valika Vidyalaya (Kaksha 1)
20,34,Kadamtala Valika Vidyalaya (Kaksha 2)
20,35,Kadamtala Valika Vidyalaya (Kaksha 3)
20,36,Kathalguri Tea Company Building (Kaksha 1)
20,37,Sarkari Labor Commissioner Karyalaya (Kathalguri)
20,38,"Bar Library, Nawabbari Court (Kaksha 1)"
20,39,Commerce College
20,40,Bar Library Nawab Bari Court (Kaksha 2)
20,41,Bar Library Nawab Bari Court (Kaksha 3)
20,42,Sadar Girls High School (Kaksha 1)
20,43,Sadar Girls High School (Kaksha 2)
20,44,Fanindra Dev Vidyalaya (Kaksha 1)
20,45,Fanindra Dev Vidyalaya  (Kaksha 2)
20,46,Fanindra Dev Vidyalaya  (Kaksha 3)
20,47,Fanindra Dev Vidyalaya (Kaksha 4)
20,48,Anand Chandra Training College (Kaksha 1)
20,49,Anand Chandra Training College (Kaksha 2)
20,50,Anand Model High School (Kaksha 1)
20,51,Anand Model High School (Kaksha 2)
20,52,Anand Model High School (Kaksha 3)
20,53,Jalpaiguri Zilla Parishad Lobby
20,54,Anand Model High School (Kaksha 4)
20,55,Jalpaiguri High School (Kaksha 1)
20,56,Jalpaiguri High School (Kaksha 2)
20,57,Jalpaiguri High School (Kaksha 3)
20,58,"Surendra Smriti Prathamik Vidyalaya (Kaksha 1), Mahamaya"
20,59,Surendra Smriti Prathamik Vidyalaya (Kaksha 2)
20,60,Meherunnessa High School (Kaksha 1)
20,61,Meherunnessa High School (Kaksha 2)
20,62,"Meherunnessa R, R, Primary School (Ka 1)"
20,63,Meherunnessa High School (Kaksha 3)
20,64,Meherunnessa High School (Kaksha 2)
20,65,Meherunnessa High School (4th Class)
20,66,Adar Para Dakshineshwari Primary School
20,67,Adarpara Municipal Free Primary School (Kaksha 1)
20,68,Adar Para Free: Primary School (Kaksha 2)
20,69,Sonali Girls High School (Kaksha 1)
20,70,Sonali Girls High School (Kaksha 2)
20,71,"Recreation Club, Railcourse Para Govt Housing Est"
20,72,"Zilla Granthagar, Jalpaiguri"
20,73,Sarda Vidyapeeth
20,74,Anandachandra Training College (Kaksha 3)
20,75,"Vivekananda Banimandir R, R Primary School (Uh:)"
20,76,Deshbandhunagar Valika Uchcha Vidyalaya
20,77,Deshbandhunagar Madhyamik Vidyalaya (Kaksha 1)
20,78,Deshbandhunagar Madhyamik Vidyalaya (Kaksha 2)
20,79,"Deshbandhu Nagar 3 No. R, R, Primary School"
20,80,Satish Lahiri Madhyamik Vidyalaya (Paschimangsha)
20,81,Satish Lahiri Madhyamik Vidyalaya (Kaksha 2)
20,82,Satish Lahiri Madhyamik Vidyalaya (Purbangsha)
20,83,Bhubanamayi Prathamik Vidyalaya (Paschimangsha)
20,84,Bhubanamayi Prathamik Vidyalaya (Purbangsha)
20,85,"Sevagram R, R, Primary School"
20,86,Pandapara Ju. Basic School (Kaksha 1)
20,87,Anganwari Kendra (ICDL)
20,88,Jogmaya Junior Girls School
20,89,Karalar Char 2 no. Primary School
20,90,"Chon Para B, F, P, School"
20,91,Pora Para Special Cadre Primary School
20,92,"Brahmattar Para B,F,P School"
20,93,"Fakirpara B,F,P School"
20,94,Netaji Vidyapeeth Toralpara (Uttarangsha)
20,95,"Rakhal Devi R, R, Primary School"
20,96,Dharmadev Junior High School
20,97,Tistachar State Plan Prathamik Vidyalaya
20,98,Jalpaiguri Zilla School (Kaksha 1)
20,99,Jalpaiguri Zilla School (Kaksha No. 15)
20,100,Votegyani Special Cadre Prathamik Vidyalaya
20,101,Krishi Bagan Primary School
20,102,"Baruapara B,F,P School (Tarima Para)"
20,103,"Hatpukuri B,F,P School (Bara Gharia)"
20,104,"Khan Saheb Para C,S, Prathamik Vidyalaya"
20,105,Subachani Primary School
20,106,Gyalbari High School (Uttarangsha)
20,107,"Khodarpara B, F.P. School"
20,108,Dhapganj Junior Basic School
20,109,"Jamuri Bari C, S, P School"
20,110,"Nirasipukuri B,F,P School"
20,111,Vivekananda Junior High School
20,112,Bhujari Para Primary School
20,113,Navanipara State Plan Primary School
20,114,Garalbari Sriram Para Primary School
20,115,"Rakhaldevi R, R, Primary School"
20,116,Netaji Vidyapeeth
20,117,"Sardar Para Harimandir B, F, P School"
20,118,Jhakua Para Primary School
20,119,"Saudagar Para B,F,P School (Dakshinangsha)"
20,120,Kshetra Mohan Madhyamik Vidyalaya
20,121,Rani Kamat Primary School
20,122,Central Mandalghat Board School
20,123,"Pradhan Para B,F,P School"
20,124,"Fandait Para B,F,P School"
20,125,"Sonpukuri Para B,F,P, School"
20,126,"Maulvipara B, F.P. School"
20,127,Dhapganj Colony Primary School
20,128,Kachua Boalmari High School
20,129,Raipara Primary School
20,130,Mandal Ghat High School (Purbangsha)
20,131,Mandal Ghat High School (Paschimangsha)
20,132,Bankim Vidyapeeth Junior High School
20,133,"Abhiyan Sangha, Kachua"
20,134,Kanapara Special Cadre Primary School
20,135,Kanapara Milon Kuthir Primary School
20,136,"Nandanpur Bara Kamat B,F,P School"
20,137,Nandanpur Primary School (Kaksha 1)
20,138,Amarkhana Prathamik Vidyalaya (Kaksha 2)
20,139,Kananagar Para Prathamik Vidyalaya
20,140,"Singimari R, R, Primary School"
20,141,"Lalbazar Para B, F, P School"
20,142,"Singimari B, F.P. School"
20,143,Tofapara Primary School
20,144,"Dharmanagar B, F.P. School"
20,145,"Nagar Berubari B, F, P, Office"
20,146,"Sakati 1 No. C, S, Primary School"
20,147,"Sakati 2nd C, S, Primary School"
20,148,"Berubari Sarkarpara B,F,P School"
20,149,Gidal Para Prathamik Vidyalaya
20,150,Jamadarpara Primary School
20,151,Sardarpara Kharija Berubari Board School
20,152,Rupashree Junior Basic School
20,153,Bodapara Balurdeep State Plan Primary School
20,154,Gomstapara BFP School
20,155,Kharija Berubari High School
20,156,Bairagipara Board School
20,157,Subhash Vidyapeeth
20,158,Pradhanpara Badani Board School
20,159,Berubari Udapari Board School
20,160,Kamar Para Board School
20,161,Bonapara High School (Purbangsha)
20,162,Bonapara High School (Paschimangsha)
20,163,Berubari Majhgram Board School (Uttarangsha)
20,164,"Berubari Majhgram B,F,P School (Paschimangsha)"
20,165,Notun Bandar Harimandir Junior Basic School
20,166,Ghoramara Board School (Kaksha 1)
20,167,Ghoramara Board School (Kaksha 2)
20,168,Notun Bandar Board School
20,169,"Gourchandi B,F,P, School (Uttarangsha)"
20,170,"Gaurchandi B,F,P, School (Dakshinangsha)"
20,171,Manik Ganj High School
20,172,Manik Ganj Primary School
20,173,"Brahmanpara B,F,P School, Petbhata"
20,174,Satkura Primary School
20,175,Satkura Community Hall
20,176,Satkura Special Cadre Primary School
20,177,"Binnaguri B, F, P School, Jhapratala"
20,178,"Burir Jot, B, F, P School"
20,179,"Foudarpara B, F, P School"
20,180,"Moringapara B,F,P School"
20,181,Daikhata Okrabari BFP School
20,182,Dhardharapara Primary School
21,1,"Chumukdangi N,F, School"
21,2,Salugara Junior High School (Kaksha 1)
21,3,Salugara Junior High School (Kaksha 2)
21,4,Salugara Junior High School (Kaksha 3)
21,5,Salugara Junior High School (Kaksha 4)
21,6,Betgara Sporting Club (Kaksha 1)
21,7,Betgara Sporting Club (Kaksha 2)
21,8,Ushabati Special Cadre Primary School (Kaksha 1)
21,9,Ushabati Special Cadre Primary School (Kaksha 2)
21,10,"Ektiyashal B, F, P School (Kaksha 1)"
21,11,"Ektiyashal B, F, P School (Kaksha 1)"
21,12,"Ektiyashal B, F, P School (Kaksha 3)"
21,13,"Ektiyashal B, F, P School (Kaksha 4)"
21,14,"Prakashnagar N, F, School (Kaksha 1)"
21,15,"Prakashnagar N, F, School (Kaksha 2)"
21,16,"Prakashnagar N, F, School (Kaksha 2)"
21,17,Ramiqbal Hindi Primary School (Kaksha 1)
21,18,"Samarnagar N, F, School"
21,19,Ramiqbal Hindi Pry School (Kaksha 2)
21,20,Ramiqbal Hindi Pry School (Kaksha 3)
21,21,"Lakshimaya C, S, Primary School (Kaksha 1)"
21,22,"Dasarathapalli N, F, School (Kaksha 1)"
21,23,"Dasarathapalli N, F, School (Kaksha 2)"
21,24,Mahila Samiti Bhawan (Vidyachakra Colony)
21,25,Agnisia Club
21,26,Pareshnagar Primary School (Kaksha 1)
21,27,Pareshnagar Primary School (Kaksha 2)
21,28,Dasarathapalli Nonformal Pry School (Kaksha 3)
21,29,Pareshnagar Pry School (Kaksha 3)
21,30,"Lakshimaya C, S, Pry. School (Kaksha 2)"
21,31,"Lakshimaya C, S, Pry. School (Kaksha 3)"
21,32,"Lakshimaya C,S, Pry.School (Kaksha 4)"
21,33,Kholachan Phapri Primary School
21,34,Pateshwari Prathamik Vidyalaya (Kaksha 1)
21,35,Pateshwari Prathamik Vidyalaya (Kaksha 2)
21,36,Baikunthapur Prathamik Vidyalaya (Kaksha 1)
21,37,Baikunthapur Prathamik Vidyalaya (Kaksha 2)
21,38,SHIUMANGAL HINDI HIGH SCHOOL (Kaksha 1)
21,39,SHIUMANGAL HINDI HIGH SCHOOL (Kaksha 2)
21,40,SHIUMANGAL HINDI HIGH SCHOOL (Kaksha 3)
21,41,SHIUMANGAL HINDI HIGH SCHOOL (Kaksha 4)
21,42,"Ektiyashal Mahipal B,F,P School (Kaksha 1)"
21,43,"Ektiyashal Mahipal B,F,P School (Kaksha 2)"
21,44,TILESWARI JUNIOR HIGH SCHOOL
21,45,"Ektiyashal Mahipal B,F,P School (Kaksha 3)"
21,46,"Ektiyashal Mahipal B,F,P School (Kaksha 4)"
21,47,Ashrafi Urdu Pry School (Kaksha 1)
21,48,Ashrafi Urdu Pry School (Kaksha 2)
21,49,Gitalpara Saratchandra Community Hall (Kaksha 1)
21,50,Saratchandra Community Hall (Kaksha 2)
21,51,Dabgram-2 Gram Panchayat Karyalaya (Kaksha 1)
21,52,Dabgram-2 Gram Panchayat Karyalaya (Kaksha 2)
21,53,Buddha Bharati High School (Kaksha 1)
21,54,Buddha Bharati High School (Kaksha 2)
21,55,Buddha Bharati High School (Kaksha 3)
21,56,HYDERPARA BUDDHABHARATI HIGH SCHOOL (Kaksha 4)
21,57,Hyderpara Sporting Club (Kaksha 1)
21,58,Hyderpara Sporting Club (Kaksha 2)
21,59,HYDERPARA JUNIOR BASIC SCHOOL (Kaksha 1)
21,60,HYDERPARA JUNIOR BASIC SCHOOL (Kaksha 2)
21,61,HYDERPARA JUNIOR BASICS SCHOOL (Kaksha 3)
21,62,HYDERPARA JUNIOR BASIC SCHOOL (Kaksha 4)
21,63,HYDERPARA JUNIOR BASIC SCHOOL (5m Kaksha)
21,64,Friends Union Club (Kaksha 1)
21,65,Friends Union Club (Kaksha 2)
21,66,Sukantanagar Primary School (Kaksha 1)
21,67,Sukantanagar Primary School (Kaksha 2)
21,68,Sukantanagar Primary School (Kaksha 3)
21,69,Pranakrishna Academy Janakalyan Ashram (Kaksha 1)
21,70,Pranakrishna Academy Janakalyan Ashram (Kaksha 2)
21,71,Pranakrishna Academy Janakalyan Ashram (Kaksha 3)
21,72,Pranakrishna Academy Janakalyan Ashram (Kaksha 4)
21,73,Saradapally Pry. School (Kaksha 1)
21,74,Saradapally Pry. School (Kaksha 2)
21,75,Amtala Community Hall (Kaksha 1)
21,76,Amtala Community Hall (Kaksha 2)
21,77,Ghogomali Junior Basic School (Kaksha 1)
21,78,Jayakanta State Plan Primary School (Kaksha 1)
21,79,Jayakanta State Plan Primary School (Kaksha 2)
21,80,Ghogomali Junior Basic School (Kaksha 2)
21,81,Ghogomali Junior Basic School (Kaksha 3)
21,82,Shishu Shiksha Niketan (Nursery)
21,83,Ramakrishna Shishu Tirtha (Kaksha 2)
21,84,Ramakrishna Shishu Tirtha (Kaksha 2)
21,85,Ghogomali High School (Kaksha 1)
21,86,Ghogomali High School (Kaksha 2)
21,87,Ghogomali High School (3rd Class)
21,88,Ghogomali High School (Kaksha 4)
21,89,Jayakanta State Plan Pry Vidyalaya (Kaksha 3)
21,90,Pragatipara Pry School (Kaksha 1)
21,91,Pragatipara Pry School (Kaksha 2)
21,92,Shishumangal Niketan
21,93,Shantinagar Prathamik Vidyalaya (Kaksha 1)
21,94,Hatia Danga Organized Pry Vidyalaya (Kaksha 1)
21,95,Hatia Danga Organized Pry Vidyalaya (Kaksha 2)
21,96,Hatia Danga Organa. Pry Vidya. (Kaksha 4) Astha
21,97,Shantinagar Pry. Vidya (Kaksha 2)
21,98,Shantinagar Pry. Vidya (Kaksha 3)
21,99,Shantinagar Pry. Vidya (Kaksha 4)
21,100,Shantinagar Pry. Vidya (Kaksha 4)
21,101,Shantinagar Pry. Vidya (Asthayeegriha)
21,102,Shantinagar Pry. Vidya (Asthayeegriha)
21,103,"Jabra Vita B,F,P School (Kaksha 1)"
21,104,"Jabra Vita B,F,P School (Kaksha 1)"
21,105,"Jabra Vita B,F,P School (Asthayee Kaksha)"
21,106,Shaheed Colony Pry Vidyalaya (Kaksha 1)
21,107,Shaheed Colony Pry Vidyalaya (Kaksha 2)
21,108,Agrani Sangha (Kaksha 1)
21,109,Shaheed Colony Pry Vidyalaya (Kaksha 3)
21,110,Agrani Sangha (Kaksha 2)
21,111,Bhaktinagar Spe. Cadre Pry Vidyalaya (Kaksha 1)
21,112,Bhaktinagar Spe. Cadre Pry Vidyalaya (Kaksha 2)
21,113,"B, Ba, Di Sangha (Bhaktinagar)"
21,114,Bhaktinagar Spe. Cadre Pry Vidyalaya  (Kaksha 3)
21,115,Bhaktinagar Spe. Cadre Pry Vidyalaya  (Kaksha 4)
21,116,Bhaktinagar Spe. Cadre Pry Vidyalaya  (5m Kaksha)
21,117,Bhaktinagar Saheed Colony Pry School (Asthayee Griha)
21,118,"Dagram Nawapara B,F,P School"
21,119,"Hindi Adarsha Vidyalaya, South Colony"
21,120,"Chaturagach B,F,P School (Kaksha 1)"
21,121,"Chaturagach B,F,P School (Kaksha 2)"
21,122,"Chaturagach B,F, P School (Kaksha 2)"
21,123,Ambikanagar Organize School (Kaksha 1)
21,124,Ambikanagar Organize School (Kaksha 2)
21,125,Ambikanagar Organize School (Kaksha 2)
21,126,Shaktigarh Valika Vidyalaya (Kaksha 1)
21,127,Shaktigarh Valika Vidyalaya (Kaksha 2)
21,128,Shaktigarh Valika Vidyalaya (Kaksha 3)
21,129,Shaktigarh Valika Vidyalaya (4th Class)
21,130,Shaktigarh Vidyapeeth (Kaksha 1)
21,131,Shaktigarh Vidyapeeth (Kaksha 2)
21,132,Shaktigarh Vidyapeeth (Kaksha 3)
21,133,Shaktigarh Vidyapeeth (Kaksha 4)
21,134,"Balaka Club, Sukanta Pally"
21,135,SITALAPARA PRAGTIPARA NONFORMAL SCHOOL (Kaksha 1)
21,136,SITALAPARA PRAGTIPARA NONFORMAL SCHOOL (Kaksha 2)
21,137,Puratan Siliguri RR Pry School (Kaksha 1)
21,138,Puratan Siliguri RR Pry School (Kaksha 2)
21,139,Sarada Shishutirtha (Kaksha 1)
21,140,Sarada Shishutirtha (Kaksha 2)
21,141,Valmiki Vidyapeeth Pry School (Kaksha 1)
21,142,Valmiki Vidyapeeth Pry School (Kaksha 2)
21,143,Valmiki Vidyapeeth High School (Kaksha 1)
21,144,Valmiki Vidyapeeth High School (Kaksha 2)
21,145,Valmiki Vidyapeeth High School (Kaksha 3)
21,146,Valmiki Vidyapeeth High School (Kaksha 4)
21,147,Sunrise Club O Pathagar (Nabagram)
21,148,Saint Joseph High School (Kaksha 1)
21,149,Saint Joseph High School (Kaksha 2)
21,150,Nabagram Primary School (Kaksha 1)
21,151,Nabagram Primary School (Kaksha 2)
21,152,Nabagram Primary School (Kaksha 3)
21,153,Sukanta Pally Nonformal Pry School (Kaksha 1)
21,154,Sukanta Pally Nonformal Pry School (Kaksha 2)
21,155,"Kamrangaguri B, F, P School (Kaksha 1)"
21,156,"Kamrangaguri B, F, P School (Kaksha 2)"
21,157,Srinagar Netaji Subhash Vidyachakra (Kaksha 1)
21,158,Srinagar Netaji Subhash Vidyachakra (Kaksha 2)
21,159,Teesta Shishu Vidyapeeth (Kaksha 1) Teesta Ba. Compou
21,160,"Kamrangaguri B, F, P School (Kaksha 3)"
21,161,"Teesta Shishutirtha Vidyapeeth (2nd Class), Teesta Compound"
21,162,Porajhar B. F.P. school
21,163,New Jalpaiguri Railway High School (Purbangsha)
21,164,New Jalpaiguri Railway High School (Madhyangsha)
21,165,New Jalpaiguri Railway High School (Kaksha 1)
21,166,New Jalpaiguri Railway High School (Kaksha 1)
21,167,New Jalpaiguri Railway High School (Kaksha 3)
21,168,New Jalpaiguri Railway In: (Purbangsha)
21,169,New Jalpaiguri Railway In: (Paschimangsha)
21,170,Indira Gandhi Shishu Niketan
21,171,Dangapara Putimari State Pry. School (Kaksha 1)
21,172,Dangapara Putimari State Pry. School (Kaksha 2)
21,173,Purbadhantala Prathamik School (Kaksha 1)
21,174,Purbadhantala Prathamik School (Kaksha 2)
21,175,Fulbari 2 No. Gram Panchayat Office (Kaksha 1)
21,176,Fulbari 2 No. Gram Panchayat Office (Kaksha 2)
21,177,"Khadi Gramodyog Office, Chunabhat"
21,178,Mahananda Barrage Primary School
21,179,Amaidighi Junior Basic School (Kaksha 1)
21,180,Amaidighi Junior Basic School (Kaksha 2)
21,181,Fulbari High School (Uttarangsha)
21,182,Fulbari High School (Dakshinangsha)
21,183,"Balabari B.F.P. School, Balabari"
21,184,Balabari Siddiquia Primary Maqtab
21,185,Sannyasikata High School
21,186,Bhudugach B.F.P. school
21,187,Paschim Jamadargachh State Plan Pry School (Kaksha 1)
21,188,Paschim Jamadargachh State Plan Pry School (Kaksha 2)
21,189,Purba Jamadargachh B.F.P. school
21,190,Kutabgachh Additional Primary School
21,191,Santosh Para B.F.P. school
21,192,Zirangachh B.F. P. school
21,193,Hudugachh B.F.P. school
21,194,Kalikanta Board Primary School
21,195,Golabari State Plan Primary School
21,196,Sakirajot Primary School
21,197,Ambari Falakata B.F.P. school
21,198,Ganeshgachh B.F.P. school
21,199,Patharghata Colony Prathamik Vidyalaya
21,200,Bandhunagar Junior High School
21,201,Badlagach Anantadev Primary School
21,202,Dharagachh 1 No. B.F.P. school
21,203,Dharagachh 2 No. B.F.P. school
21,204,Farabari Nepali Basti Pry School
21,205,Farabari Special Ca. Pry School (Kaksha 1)
21,206,Farabari Special Ca. Pry School (Kaksha 2)
21,207,Farabari Special Ca. Pry School (Kaksha 3)
21,208,Jaldumur Buribasha B.F.P.School (Kaksha 1)
21,209,Jaldumur Buribasha BFP School (Kaksha 2)
21,210,Jaldumur Buribasha B.F.P.School (Kaksha 3)
21,211,Binnaguri Nauapara B.F. P. school
21,212,Balaramhat Spe. Ca. Pry School (Kaksha 1)
21,213,Balaramhat Spe. Ca. Pry School (Kaksha 2)
21,214,Bhandarigach New Additional Primary School
21,215,Bhandarigach Junior Basic School (Kaksha 1)
21,216,Bhandarigach Junior Basic School (Kaksha 2)
21,217,Sahu Dangi P.K. Roy High School (Kaksha 2)
21,218,Baniapara B.F. P. school
21,219,Binnaguri Gram Panchayat Office
21,220,Haricharanvita Special Cadre Pry. School
21,221,Khararia Pry School (Kaksha 1)
21,222,Khararia Pry School (Kaksha 2)
21,223,Vote para B.F.P. school
21,224,Chinta Mohan High School (Kaksha 1)
21,225,Chinta Mohan High School (Kaksha 2)
21,226,Hemantakumar New Additional Pry. School (Kaksha 1)
21,227,Hemantakumar New Additional Pry. School (Kaksha 2)
21,228,Kunder Dighi b. F.P. School (Purba)
21,229,"Shikarpur Nanitanpara, Primary School"
21,230,Lalitabari Junior Basic School
21,231,Mantadari B.F.P. School (Kaksha 1)
21,232,Mantadari B.F.P. School (Kaksha 2)
21,233,Moringajhora B.F.P. school
21,234,Dudhia Nonformal School
21,235,Takimari B.F. P. school
21,236,Saraswatipur Cha Bagan Pry. School (Kaksha 1)
21,237,Saraswatipur Cha Bagan Pry. School (Kaksha 2)
21,238,Milanpally Community Hall
21,239,Milanpally Nonformal Pry. School
21,240,Shikarpur Cha Garden Pry. Vidyalaya (Purbangsha)
21,241,Shikarpur Cha Garden Pry. Vidyalaya (Paschimangsha)
21,242,Kunder Dighi B.F.P. School (Paschimangsha)
21,243,Pradhanpara Prathamik Vidyalaya
21,244,Fulatipara Prathamik Vidyalaya
21,245,Malivita Nimna Buniyadi Vidyalaya
21,246,Amer Bari Panashguri B.F.P. school
21,247,Dhhopguri Primary School
21,248,North Bengal Farm Primary School (Kaksha 1)
21,249,North Bengal Farm Primary School (Kaksha 2)
21,250,Kebalpara Nimna Buniyadi Vidyalaya (Kaksha 1)
21,251,Kebalpara Junior High School
21,252,Kebalpara Nimna Buniyadi Vidyalaya (Kaksha 2)
21,253,Patilabhasha B.F.P. school
21,254,Sarkar Para Primary School
21,255,Belakoba R.R. school
21,256,Belakoba High School (Kaksha 1)
21,257,Belakoba Uchcha Vidyalaya (Kaksha 2)
21,258,Belakoba Uchcha Vidyalaya (3rd Class)
21,259,Shikarpur Rammohan Jr. Basic School (Purbangsha)
21,260,Shikarpur Rammohan Jr. Basic School (Paschimangsha)
21,261,Belakoba Junior Basic School (Kaksha 1)
21,262,Belakoba Junior Basic School (Kaksha 2)
21,263,Bansbari B.F.P. School (Kaksha 1)
21,264,Bansbari B.F.P. School (Kaksha 2)
21,265,Baniapara B.F. P. School (Kaksha 1)
21,266,Baniapara B.F. P. School (Kaksha 2)
21,267,Chowdhuryvita Special Cadre Pry. School
21,268,Poicherry Junior Basic School (Kaksha 1)
21,269,Poicherry Junior Basic School (Kaksha 2)
21,270,Gachhbari Bharat Chandra Primary School
21,271,Nengtagachh Special Cadre Pry. School
21,272,Jhanjupara Pry School (Kaksha 1)
21,273,Jhanjupara Pry School  (Kaksha 2)
21,274,Sarada Moni High School (Kaksha 1)
21,275,Sarada Moni High School (Kaksha 2)
21,276,"BLLRO Office, Phatapukur"
21,277,Rajganj M.N. High School (Kaksha 1)
21,278,Rajganj M.N. High School (2nd Class)
21,279,Rajganj Bandar BFP School (Kaksha 1)
21,280,Rajganj Bandar BFP School (Kaksha 2)
21,281,Baldapukur Netaji Subhash Primary School
21,282,Vivekananda Primary School
21,283,Pradhanpara Gomiruddin High School (Kaksha 1)
21,284,Pradhanpara Gomiruddin High School (Kaksha 2)
21,285,Chawaidangi State Plan Primary School
21,286,Saudavita Prathamik Vidyalaya
21,287,Mahanpara Pry School
21,288,Sukhani BFP School
21,289,Bholapara High Madrasa (Uttarangsha)
21,290,Bholapara High Madrasa (Dakshinangsha)
21,291,Saheb Para B.F.P. school
21,292,Tasar Mohammad Para B.F.P. school
21,293,Kukurjan B.F.P. school
21,294,Khalpara New Primary School
21,295,Kukurjan High School
21,296,Talma 1 No. R.R. School
21,297,Nawapara BFP School
21,298,Kanchansiri Board School
21,299,"Sarkarpara B.F.P. School, Sarkarpara"
21,300,Bharuvita Primary School
21,301,Talmahat B.F.P. school
21,302,Yashodhar High School Sariyam (Kaksha 1)
21,303,Yashodhar High School Sariyam (Kaksha 2)
21,304,Talma 3 No. R.R. school
21,305,Sahebbari Junior Basic School
21,306,Bhushapara B.F.P. school
21,307,Charakdangi B.F. School
21,308,Thutapakuri Junior High School
21,309,Bahadur Gram Panchayat Karyalaya
21,310,Charuimari B.F.P. school
21,311,Pradhanpara B. F.P. School (Bahadur)
21,312,Boltala Hare Krishna Kongar Colony Pry. School
21,313,Gedipara Primary School
21,314,Gedurkura Board School
21,315,Banijerhat B.F.P. school
21,316,Banijerhat High School (Purbangsha)
21,317,Banijerhat High School (Paschimangsha)
21,318,"Jahuri Board School, Dangapara"
21,319,Jahuri Naya Colony Primary School
21,320,Arazi Bolipara B.F.P. School (Kaksha 1)
21,321,Arazi Bolipara B.F.P. School (Kaksha 2)
22,1,Sanskrit Pathshala
22,2,Pithamchin Primary School
22,3,Lingsekha Tribal Primary School
22,4,Dagyong Primary School
22,5,Maria Primary School
22,6,Kagey Junior High School
22,7,Bich Gaon Primary School
22,8,"Kagey, Junior Basic School"
22,9,Duka Primary School
22,10,Upper Ladam Primary School
22,11,"Kirtichitra Primary School, Pedong"
22,12,"Pedong Junior Basic School,"
22,13,Saint Xavier&#x27;s Nursery School (Upper Floor)
22,14,Saint Xavier&#x27;s Nursery School (Ground Floor)
22,15,Upper Dalep Primary School
22,16,Dalep Nimna Bunyadi Pathsala
22,17,Singtam Tribal Primary School
22,18,Samdong Primary School
22,19,Namchelekha Primary School
22,20,"Sericulture Office, Sakyong"
22,21,Pratap Primary School
22,22,Najong Free Primary School
22,23,Ranmati Primary School
22,24,Chaturbuddhi Junior Basic School
22,25,Sangchen Dorje Primary School (Ground Floor)
22,26,Mul Santook Primary School
22,27,St. Anthony&#x27;s School
22,28,Fulmati Primary School (Mirik Santook)
22,29,Lava Primary School
22,30,Algarah High School (East)
22,31,Algarah High School (West)
22,32,Gairi Goan Junior Basic School
22,33,Sardeshwari Primary School
22,34,Pagang Gumba High School
22,35,Pagang Gumba Junior Basic School
22,36,Bidyang Primary School
22,37,Upper Dalapchand Primary School
22,38,Lower Dalapchand Primary School
22,39,Sangsey Khas Primary School (Bimbong)
22,40,Bhangey Primary School
22,41,Saint Dominic School
22,42,Khadka Goan Rural Library
22,43,Chhumai Primary School
22,44,Sampo Junior High School
22,45,Loley Junior Basic School
22,46,Mul Pala Primary School
22,47,Gitdabling Junior Basic School
22,48,Chyangdong Primary School
22,49,Pochak Primary School
22,50,Dabling Primary School
22,51,Pakang Junior Basic School
22,52,Nokdara Primary School
22,53,Git Kolbung Primary School
22,54,Kasyong Kunain Bagan Primary School (East)
22,55,Kasyong Kunain Bagan Primary School (West)
22,56,Barmaik Kunain Bagan Primary School (East)
22,57,Barmaik Kunain Bagan Primary School (West)
22,58,Lower Welfare Center Hall
22,59,Munsong Cinchona Primary School
22,60,Saraswati Primary School (Munsong)
22,61,Sangser Kunain Bagan Primary School
22,62,Rangpo Kunain Bagan Primary School
22,63,Dewan Memorial Primary School
22,64,Basanta Maya Junior Basic School
22,65,Sangsey Border Primary School
22,66,Champamaya Junior Basic School
22,67,Community Hall Mandal Goan
22,68,Goandhoj Memorial School (East)
22,69,Goandhoj Memorial School (West)
22,70,"Club Ghar, Chisopani"
22,71,Jambuk Junior Basic School
22,72,Seedfarm School
22,73,Mani Memorial School (East)
22,74,Mani Memorial School (West)
22,75,Nainakumari School (East)
22,76,Nainkumari School (West)
22,77,Pudung Junior Basic School
22,78,Nirmaya Primary School
22,79,Gangotri High School
22,80,Balyuwa Primary School
22,81,Pashupati Primary School
22,82,Ramakrishna School
22,83,Kaffer Goan Primary School
22,84,Purani kaffer Primary School
22,85,Krishna Diwas Pathshala
22,86,Primatam Junior Basic School
22,87,Jyoti Junior High School
22,88,"R. B Yonjon Memorial Village Library, Sinji"
22,89,Lower Samalbong Primary School
22,90,Shankar High School (West)
22,91,Shankar High School (East)
22,92,Lole Goan Primary School
22,93,Kabigoan Primary School
22,94,Samthar Junior High School
22,95,Tamyong Primary School
22,96,Lower Dong Primary School
22,97,Yangri Free Primary School
22,98,Panbu Primary School
22,99,Makum Primary School
22,100,"Dong Primary School Old RC, Mission School"
22,101,Navgoan Primary School
22,102,Mine Primary School
22,103,Lungrep Primary School
22,104,Barbot Primary School
22,105,Chunabhatti Primary School
22,106,Mongpong Forest Busty Primary School
22,107,Nimbong Primary School
22,108,Gesok Primary School
22,109,Dalapchand Primary School
22,110,Pemling Primary School
22,111,Reyon Primary School
22,112,Saraswati Rudra Junior Basic School
22,113,Bong Primary School
22,114,Kamsi Forest Busty Primary School
22,115,Ganesh Junior Basic School
22,116,Rambi Primary School
22,117,Rambi Junior High School
22,118,Teesta High School (North)
22,119,Melli Bazar Primary School
22,120,Teesta High School (South)
22,121,Baluwa Khani Primary School
22,122,Himul Kendra Upper Tanek
22,123,Tanek Busty Primary School
22,124,Tashiding Junior Basic School
22,125,Nasay Primary School
22,126,Ringkingpong Primary School
22,127,"Saraswati Primary School, 8 Mile"
22,128,7-Mile Junior Basic School
22,129,Pardi Primary School (North)
22,130,Pardi Primary School (South)
22,131,Dr. Graham&#x27;s Homes Office
22,132,Kalimpong Arts and Crafts Carpentry- 1 Malli Road
22,133,Kalimpong Arts and Crafts (Carpentry Section)
22,134,Municipality Junior Basic School (Room No.- 1) Bagdhara Road
22,135,Municipality Junior Basic School (Room No. 2) Bagdhara Road
22,136,Municipality Junior Basic School (Room No.3) Bagdhara Road
22,137,Kalimpong Arts and Crafts Showroom-2 Malli Road
22,138,Kalimpong Arts and Crafts (Showroom) Malli Road
22,139,Girls High School (Hall) K. D. Pradhan Road
22,140,Girls High School Class IV (West)
22,141,"Girls High School, Primary Class Room"
22,142,Deshbandhu Chest Clinic (East)
22,143,Deshbandhu Chest Clinic (West)
22,144,"Girls High School,Kalimpong(Ground Floor)"
22,145,W.B.S.E.B. 10 Mile Kalimpong Supply
22,146,"P. B. State Electricity Board, 10 Mile, O.&amp; M. Room-2"
22,147,"Central Tibetan School, North East Part (Room -1)"
22,148,"Central Tibetan School, (North East Part) Ground Floor Room"
22,149,"Central Tibetan School (Dining Hall, Ground Floor)"
22,150,Central Tibetan School (First Floor) (Classroom-6)
22,151,Pranami Balika Bidhya Mandir 11-1/4 Mile Ward No.9
22,152,Pranami Balika Bidhya Mandir 11-1/4 Mile
22,153,Jubilee High School (First Floor-Room-6)
22,154,Jubilee High School (Ground Floor) (West Side)
22,155,"Jubilee High School, Ground Floor (North Side)"
22,156,Government High School (Geography Class-1)
22,157,"Government High School (Hall) Ward No.12, 13"
22,158,Government High School (Geography Class-2)
22,159,Government High School (Bangla Section)
22,160,Saint. Augustine School Ground Floor (Room No. 1)
22,161,Saint Philomena Girls High School
22,162,"Saint. Augustine School (Upper Floor, Room No. 2)"
22,163,"Development Primary School (East), Mangal dara"
22,164,"Development Primary School , Mangal dara (East)"
22,165,East Main Road Primary School (Eastern)
22,166,Purba Mul Path (East Main Road) Primary School (West)
22,167,East Main Road Primary School (Middle Room)
22,168,Samabyeong Tea Estate High School
22,169,Kolbunga Primary School
22,170,Upper Fagu Tea Estate Primary School
22,171,Upper Fagu Goddam Goan Primary School
22,172,Kuwapani Primary School
22,173,Phaparkheti Primary School
22,174,Sherpa Goan Primary School
22,175,Pankhasari Primary School (Ambiok Basti)
22,176,Badhey Primary School
22,177,Dalim Primary School
22,178,Neem Primary School (Neem East)
22,179,Suntaley Primary School
22,180,Pasiting Primary School
22,181,Ambiok Tea Estate Primary School
22,182,Gorubthan Junior High School
22,183,Gorubthan Junior Basic School Tamang Goan
22,184,Ahaley Primary School
22,185,Juddhabir Junior Basic School
22,186,Mal 4 Forest Basti Primary School
22,187,Community Hall (Sombarey Hat)
22,188,Krishna Chandra Junior High School
22,189,Block Seed Farm Gorubathan Sermali
22,190,Lower Fagu Tea Estate Primary School (East)
22,191,Lower Fagu Tea Estate Primary School (West)
22,192,Mission Hill Tea Estate Primary School
22,193,Sakham Forest Basti Primary School
22,194,Mangjing Primary School
22,195,Lungsel Primary School
22,196,Pubung Primary School
22,197,Upper Kumai Khasmahal Primary School
22,198,Bhalukhop Primary School
22,199,Samsing Khasamhal Junior Basic School (East)
22,200,Samsing Khasamhal Junior Basic School (West)
22,201,Lower Kumai Tea Estate Factory Primary School
22,202,Kupis Forest Basti Primary School
22,203,Upper Kumai Tea Estate Primary School (East)
22,204,Upper Kumai Tea Estate Primary School (West)
22,205,Rongo High School
22,206,Inspection Bungalow (Rongo)
22,207,Dhap Goan Primary School
22,208,Gairibas Junior Basic School
22,209,52 Community Hall
22,210,Dalgoan Primary School
22,211,Jaldhaka High School
22,212,"Community Hall, Parentar"
22,213,Bindu Primary School
22,214,Parentar Primary School (South)
22,215,Parentar Primary School (North)
22,216,Tungsung Primary School
22,217,Godak Primary School
22,218,Todey Junior Basic School
22,219,Tangta Primary School
23,1,Sirikhola Primary School
23,2,Daragaon Primary School
23,3,Rimbic Junior High School
23,4,Rimbic Junior Basic School
23,5,Rajabhir Primary School
23,6,Girmi Primary School (Room No. 1)
23,7,Girmi Basic School (Room No. 2)
23,8,Namla Primary School
23,9,Bhanu Junior High School Lingsebong (Room No. 1)
23,10,Lingsebong Bhanu Junior High School
23,11,Gairi Gaon Primary School
23,12,Bara Hatta Primary School
23,13,Bara Hatta Primary School (Room No. 2)
23,14,Lodhoma Primary School
23,15,Kankeybung Primary School
23,16,Kankeybung Primary School (Room No. 2)
23,17,Ganjamoti Primary School
23,18,Bhanu Primary School
23,19,Jhepi Primary School
23,20,Lamagaon Primary School (Room No. 1)
23,21,Lamagaon Primary School (Room No. 2)
23,22,Kainjalay Junior basic school (Room No -1)
23,23,Kainjalay Junior basic school (Room No -2)
23,24,Singbung Dera Primary School (Room No. 1)
23,25,Singbung Dera Primary School (Room No. 2)
23,26,Mazuwa Primary School
23,27,Langurdang Primary School (Room No. 1)
23,28,Langurdang Primary School (Room No. 2)
23,29,Lower Relling Primary School
23,30,Relling High School
23,31,Relling Junior Basic School
23,32,Vidyasagar High School
23,33,Vidyasagar Primary School
23,34,Middle Samalbung Primary School
23,35,Sirisey Co-Operative warehouse
23,36,Kolbung Junior Basic School (Room No. 1)
23,37,Kolbung Junior Basic School (Room No. 2)
23,38,Tumbayok Primary School (Room No. 1)
23,39,Tumbayok Primary School (Room No. 2)
23,40,Raja Rammohan Roy Junior High School (Room No. 1)
23,41,Raja Rammohan Roy Junior High School (Room No. 2)
23,42,Kizom Junior Basic School (Room No. 1)
23,43,Kizom Junior Basic School (Room No. 2)
23,44,Nezi Primary School
23,45,Takbia Primary School (Room No. 1)
23,46,Takbia Primary School (Room No. 2)
23,47,Goke Junior High School
23,48,Singla Bazar Primary School (Room No. 1)
23,49,Singla Bazar Primary School (Room No. 2)
23,50,Lower Chungthung Primary School (Room No. 1)
23,51,Lower Chungthung Primary School (Room No. 2)
23,52,Chungthung Tea Estate Primary School (Room No. 1)
23,53,Chungthung Tea Estate Primary School (Room No. 2)
23,54,Chungthung 86 Divison Primary school (ROOM NO. 1)
23,55,Chungthung 86 Divison Primary school (ROOM NO. 2)
23,56,Lizahill Tea Estate Primary School
23,57,Rishihat Primary School
23,58,Rishihat Tea Estate High School
23,59,Orangevalley Tea Estate Primary School
23,60,Barbotia Junior Basic School
23,61,Lower Bloomfield Tea Estate Primary School
23,62,Bloomfield Tea EstateUpper Crest House
23,63,Bloomfield Primary School (Room No. 3)
23,64,Arya Tea Estate Primary School
23,65,Lower Rajbari Primary School
23,66,Deepak Basic School
23,67,Steinthal Tea EstatePrimary School
23,68,Happy Valley Tea Estate Ration Godown
23,69,I.C. D. S. Centre
23,70,I.C. D. S. Centre (Community Hall)
23,71,Singtom Tea Estate Primary School
23,72,Singtom Tea Estate Community Hall
23,73,Jagriti Samaj (Motadhura)
23,74,Soom Tea Estate Primary School (2nd Division)
23,75,Soom Tea Estate Primary School (First Division) 1
23,76,Soom Tea Estate Primary School (First Division) 1
23,77,Subhash Primary School (Pattabung)
23,78,Vah-Tukver Primary School (Room No. 1)
23,79,Vah-Tukver Primary School (Room No. 2)
23,80,Betten High School (Division 1)
23,81,Jyoti Primary School (Division 4)
23,82,Tukver Tea EstateOffice (Division 2)
23,83,Tukver Tea EstateOffice (Lepcha Division)
23,84,Barnesbeg Tea EstatePrimary School
23,85,Singla Primary School (West)
23,86,Singla Tea Estate Primary School (East)
23,87,Badamtam Primary School
23,88,Badamtam Junior High School (Room No. 1)
23,89,Badamtam Junior High School (Room No. 2)
23,90,Lama Primary School (Badamtam)
23,91,Phoobtshering Tea Estate Primary School (Room No. 1)
23,92,Phoobtshering Tea Estate Primary School (Room No. 2)
23,93,Ging Tea EstateFactory Office
23,94,Ging Tea Estate Primary School (Room No. 1)
23,95,Ging Tea Estate Primary School (Room No. 2)
23,96,Kafeybari Primary School
23,97,Bannockburn Tea Estate Primary School
23,98,Rangneet Tea Estate Primary School (Room No. 1)
23,99,Mineral Spring Primary School (Room No. 1)
23,100,Mineral Spring Primary School (Room No. 1)
23,101,Alubari Primary School
23,102,Udaya Library (Tungsung)
23,103,Agamsingh Primary School (Muldanda)
23,104,Harsingh Hatta Junior High School (Room No. 1)
23,105,Harsingh Hatta Junior High School (Room No. 2)
23,106,Harsingh Hatta Seva Samiti Primary School
23,107,Pandam Tea Estate Primary School
23,108,Siksha Sangh High School
23,109,Ging Gramin Library
23,110,Cantonment Primary School Lebong
23,111,Y. M. B. A. School
23,112,Y.M.B.A School Main Building
23,113,Y.M.B.A School Bhawan (Main Building) (Room No. 3)
23,114,St. Joseph&#x27;s College (Room No. 1)
23,115,St. Joseph&#x27;s College (Room No. 2)
23,116,St. Joseph&#x27;s College (Room No. 3)
23,117,St. Joseph&#x27;s College (Room No. 4)
23,118,Darjeeling Government College (Room No. 1)
23,119,Darjeeling Government College (Room No. 2)
23,120,Singmari Boys Primary School (Room No. 1)
23,121,Singmari Boys Primary School (Room No. 2)
23,122,St. Teresa&#x27;s Girls&#x27; High School (Room No. 2)
23,123,St. Teresa&#x27;s Girls&#x27; High School (Room No. 1)
23,124,St. Teresa&#x27;s Girls&#x27; High School (Room No. 3)
23,125,Swami Vivekananda Primary School (Room No. 1)
23,126,Swami Vivekananda Primary School (Room No. 2)
23,127,Swami Vivekananda Primary School (Room No. 3)
23,128,Junior Madrasa Anjuman-e-Islamia
23,129,Anjuman-e-Islamia Guest House
23,130,District Information Office (Room No. 1)
23,131,Station Club Robertson Road
23,132,Toongsoong Primary School Upper Floor (Room No. 1)
23,133,Toongsoong Primary School Upper Floor (Room No. 2)
23,134,Toongsoong Primary School Upper Floor (Room No. 3)
23,135,Jawahar Busty Primary School (Room No. 1)
23,136,Jawahar Busty Primary School (Room No. 2)
23,137,Junior BT College (Room No. 1)
23,138,Junior BT College (Room No. 2)
23,139,Ramakrishna Senior BT College (Room No. 1)
23,140,Ramakrishna Senior BT College (Room No. 2)
23,141,Memorial Hall (Room No. 1)
23,142,Memorial Hall (Room No. 2)
23,143,Nonformal School Centre National Open School (Room No. 1)
23,144,Nonformal School Centre National Open School (Room No. 2)
23,145,Municipal Boys&#x27; High School
23,146,Municipal Girls High School
23,147,A. R. C. S. Office
23,148,Botanical Garden Office (Room No. 1)
23,149,Botanical Garden Office (Room No. 2)
23,150,Bhanubhakta Primary School (Room No. 1)
23,151,Bhanubhakta Primary School (Room No. 2)
23,152,Hindi Himachal High School (Room No. 1)
23,153,Hindi Himachal High School (Room No. 2)
23,154,Hindi Himachal High School (Room No. 2)
23,155,Anjuman-e-Islamia Girls&#x27; Primary School (Room No. 1)
23,156,Anjuman-e-Islamia Girls&#x27; Primary School (Room No. 2)
23,157,Harimohan Hall (North Part)
23,158,Harimohan Hall (Room No. 1)
23,159,Harimohan Hall (Room No. 2)
23,160,Arya Samaj Vedic School
23,161,Arya Samaj Vedic School Ward no. 2
23,162,Milan Sangh Primary School (Room No. 1)
23,163,Milan Sangh Primary School (Room No. 2)
23,164,Amar Pathshala Amar Gram (Room No. 1)
23,165,Amar Pathshala Amar Gram
23,166,Uday Seva Sangh Bhavan
23,167,Bloomfield Primary School (Room No. 1)
23,168,Bloomfield Junior High School (Room No. 1)
23,169,Bloomfield Junior High School (Room No. 2)
23,170,Gorkha Primary School (Room No. 1)
23,171,Gorkha Primary School (Room No. 2)
23,172,Cantonment Primary School Jalpahar
23,173,Ghoom Boys&#x27; High School (Room No. 1)
23,174,Ghoom Boys&#x27; High School (Room No. 2)
23,175,Ghoom Boys&#x27; Primary School (Room No. 1)
23,176,Ghoom Boys&#x27; Primary School (Room No. 2)
23,177,Jorbunglow Congress Primary School (Room No. 1)
23,178,Jorbunglow Congress Primary School (Room No. 2)
23,179,Ghoom Kanya High School (Room No. 1)
23,180,Ghoom Girls High School (Room No. 2)
23,181,Ghoom Girls High School (Room No. 3)
23,182,Sukhia Pokhari High School (North Part)
23,183,Sukhia Pokhari High School (South Part)
23,184,Yuwak Sangh Ground Floor
23,185,Yuwak Sangh Upper Floor
23,186,Sukhia Pokhari Girls&#x27; Primary School (North Part)
23,187,Sukhia Pokhari Girls&#x27; Primary School (South Part)
23,188,R. C. Mission Junior Basic School
23,189,Simana Junior Basic School
23,190,Rangbhang Tarasing Dara Junior Basic School
23,191,Rangbhang Tiffin Dara Junior Basic School
23,192,Chamung Tea EstatePrimary School (North Part)
23,193,Chamung Tea EstatePrimary School
23,194,Pokhriabong Busty Primary School
23,195,Pokhriabong High School
23,196,Pokhriabong High School (Room No. 2)
23,197,Selimbong Tea EstatePrimary School (Room No. 1) North
23,198,Selimbong Tea EstatePrimary School (Room No. 2) North
23,199,Seeyok Tea EstatePrimary School (Room No. 1) North
23,200,Seeyok Tea EstatePrimary School (Room No. 2) North
23,201,Turzum Tea EstatePrimary School (Room No. 1) North Part
23,202,Turzum Tea EstatePrimary School (Room No. 2) South Part
23,203,Sumripani Tea Estate Primary School North (Room No. 1)
23,204,Sumripani Tea Estate Primary School (Room No. 2)
23,205,Sangma Tea EstatePrimary School North (Room No. 1)
23,206,Sangma Tea EstatePrimary School South (Room No. 2)
23,207,Gopaldhara Ropeway Shed
23,208,Gopaldhara Primary School
23,209,Daragaon Saligram Primary School
23,210,Indira Ojha Memorial Junior High School (Room No. 1)
23,211,Indira Ojha Memorial Junior High School (Room No. 2)
23,212,Magarjung Primary School
23,213,Avongrove Elementary School
23,214,Avongrove Primary School (Sevagram)
23,215,Dhajia Tea EstateOffice
23,216,Nagari Farm Tea Estate Primary School (ROOM NO. 1) North
23,217,Nagari Farm Tea Estate Primary School (ROOM NO. 2) South
23,218,Mane Danda Primary School North Part (Room No. 1)
23,219,Mane Danda Primary School South Part (Room No. 2)
23,220,Dhajia Basty Primary School North Part (Room No. 1)
23,221,Dhajia Busty Primary School South Part (Room No. 2)
24,1,"Bhanu Primary School, North Wing (Room No. 1)"
24,2,"Bhanu Primary school, North Wing (Room No. 2)"
24,3,Tamsang Chiyakaman Primary School (North) Room No 1
24,4,Tamsang Chiyakaman Primary School  (South) Room No 2
24,5,Mim Chiyakaman Primary School North wing (Room No 1)
24,6,Mim Chiyakaman Primary School South wing (Room No 2)
24,7,Pembong Division Primary school
24,8,Tamsang Basti Kaman Primary School
24,9,Mareybong Chiyakaman Primary School ( North wing) (Room No 1)
24,10,Mareybong Chiyakaman Primary School ( South wing) (Room No 2)
24,11,Salu Primary School
24,12,Parmaguri (Ramji) Junior Basic School
24,13,Paramaguri Primary School
24,14,Chettri Gaon Primary School
24,15,Jorbunglow Khasmahal Forest Range Office
24,16,Ragerung Chiyakaman Primary School
24,17,Minju Primary School
24,18,Pubong Chiyakaman Primary School
24,19,Plungdung Busty Junior Basic School ( Room No 1)
24,20,Plungdung Busty Junior Basic School ( Room No 2)
24,21,Nabin Primary School
24,22,Pusimbing Chiyakaman Primary School
24,23,Saraswati Primary School
24,24,Rangbull Junior Basic School North Wing (Room No 1)
24,25,Rangbull Junior Basic School South Wing (Room No 2)
24,26,Rangbull Junior High School
24,27,"Naya Yuva Sangha Rural Library , Bangla Dara"
24,28,Dhanriya Chiyakaman Primary School
24,29,Upper College Primary School ( Old )Craze House
24,30,Lower College Valley Primary School
24,31,Toongsoong Chiya Primary School (Room No 1)
24,32,Toongsoong Chiya Primary School (Room No 2)
24,33,Balsun Dhotriya Primary School
24,34,Chandraman Dhura Primary School
24,35,"Ceder Primary School, North Wing ( Room No 1)"
24,36,"Ceder Primary School, South Wing ( Room No 2)"
24,37,Rungmook Chiyakaman Office (Room No 1)
24,38,Rungmook Chiyakaman Office (Room No 2)
24,39,Oaks Chiyakaman Factory (Mathilo Tala)
24,40,Sonada Junior High School ( hall )
24,41,HolyCross School North Wing ( Room No 1)
24,42,Holy Cross School South Wing (Room No 2)
24,43,Himalayan Bani Vidya Mandir North Wing (Room No 1)
24,44,Himalayan Bani Vidya Mandir Junior Basic School
24,45,Central School (Tibetan Haruko Nimti)
24,46,Scott Mission Junior Basic School
24,47,Gorabari Rajahatta Primary School
24,48,Shantirani High School North Block
24,49,Shantirani High School South Wing ( Room No 2)
24,50,Mundakothi Chiyakaman Primary School North Wing (Room No 1)
24,51,Munda Khothi Chiyakaman Primary School ( Room No 2)
24,52,Mundakhoti Junior High School
24,53,Bansghari Division Primary School
24,54,Sunar basti community Hall
24,55,Radhubir Primary School
24,56,Margaret&#x27;s Hope Chiyakaman Junior Basic School
24,57,Arubote Primary School
24,58,Balasan Nehru Chiyakaman Primary School ( North) Room No 1
24,59,Balasan Nehru Chiyakaman Primary School (South) Room No 2
24,60,Labdah Junior Basic School
24,61,Gram Sevak Primary School
24,62,Labdah Division Primary School
24,63,Sarojini Primary School (Simley)
24,64,Mongpu Division Primary School
24,65,Mongpu Division Primary School Room No 2
24,66,Saraswati High School Mathilo Tala (Room 2)
24,67,Saraswati High School Tallo Tala (Room No 1)
24,68,Saraswati High School Tallo Tala (Room No 3)
24,69,Rongchong Primary School
24,70,Sarswati High School Mangpu (Office Lower Floor)
24,71,Ranchi Primary School Lalung Basti
24,72,Rambi Division Primary School Beech Kaman (Room2)
24,73,Rambi Division Primary School Beach Kaman (Room No 1)
24,74,Janakalyani Primary School( Room No No 1)
24,75,Janakalyan Primary School (Room No 2)
24,76,Uday Lower Secondary School Jinglam Chiyakaman (Room No 1)
24,77,Uday Lower Secondary School Jinglam T.E. (Room No 2)
24,78,Gielle Chiyakaman Crech House
24,79,Gielle Chiyakaman Primary School (Unit 2)
24,80,Teesta Valley Staff Club
24,81,D.P. Side Primary School
24,82,Teesta Valley Unit One Primary School (Room 2)
24,83,Teesta Valley Unit One Primary School (Room 2)
24,84,Teesta Valley Chiyakaman Prathamik School
24,85,Rangli Rangliot Chiyakaman Primary School (Room No 1)
24,86,Rangli Ranglit Chiyakaman Primary School (Room No 2)
24,87,Rabi De Junior Basic School (Room No 1)
24,88,Rabi De Junior Basic School (Room No 2)
24,89,Pubung Khasmahal Junior Basic School
24,90,Griffith High Secondary School (Room No 1)
24,91,Griffith High Secondary School (Room No 2)
24,92,Kolbong Primary School
24,93,Chegra Tribal Madhyamik School
24,94,Mangwa soreng Primary School
24,95,Takling Junior Basic School (Room 1)
24,96,Takling Junior Basic School (Room 2)
24,97,Bara Mangwa Primary School
24,98,Saraswati junior High School (Room No 2)
24,99,Saraswati Lower Secondary School (Room No 1A)
24,100,Saraswati Lower Secondary School (Room No 1B)
24,101,Peshok Chiyakaman Lower Division Primary School
24,102,Lopchu Primary School
24,103,Lopchu Chiyakaman Primary School
24,104,Singritam Junior Basic School
24,105,Lama Hatta High School (Room No 1)
24,106,Lama Hatta High School (Room No 2)
24,107,Takdah Chiyakaman Primary School Lake Division
24,108,Takdah Chiyakaman Primary School Lower Division
24,109,Takdah Chiyakaman Primary School Lower Division
24,110,Dabaipani Buniyadi Pathshala
24,111,Singritam Primary School
24,112,Padam Smarak Primary School Surbung
24,113,Glenburn Chiyakaman Primary School (Room 2)
24,114,Glenburn Chiyakaman Primary School (Room 1)
24,115,Upper Manedara Primary School
24,116,3 Mile Primary School
24,117,6 Mile Congress Primary School
24,118,Dilaram Chiyakaman Primary School Beltar
24,119,St Xavier&#x27;s High Secondary School Lower Floor
24,120,St Xavier&#x27;s High Secondary School Mathilo Floor
24,121,Baghgora Fars Gaon Primary School
24,122,ITI Tung
24,123,Maharani Chiyakaman Office Maharani Chiyakaman
24,124,Sepoydhura Junior Basic School
24,125,St. Mary&#x27;s Primary School
24,126,"Life Stock Office, St. Mary&#x27;s"
24,127,Kharey Busty Social Welfare Centre
24,128,Singell Chiyakaman Primary School
24,129,Singell Chiyakaman Welfare Club
24,130,St. Joseph&#x27;s Girls Primary School
24,131,Himali Boarding School
24,132,Sadhan Chandra Primary School
24,133,E.E. Construction Board Office
24,134,A.E.PHE Office
24,135,E.E.P.H.E Office (Room No 1)
24,136,E.E.P.H.E Office (Room No 2)
24,137,Monteviot Chiyakaman Office
24,138,Kumar P.N.Roy Junior Basic School Municipality
24,139,G.D.N.S. Hall
24,140,S.D. Agriculture Office
24,141,Gorkha Public Library
24,142,Pushparani R. M. H. S School
24,143,Municipal Girls&#x27; Primary School
24,144,Municipal Office
24,145,Municipal Boys Primary School (Room No 1)
24,146,Municipal Boys Primary School (Room No 2)
24,147,D.F.O Recreation Club
24,148,D.F.O Office
24,149,Ram Krishna Girls&#x27; High School (Room No 1)
24,150,Ram Krishna Girls&#x27; High School (Room No 2)
24,151,Ram Krishna Girls&#x27; High School
24,152,"Snow View Scout Room No, Ground Floor"
24,153,"Snow View Scout Room No, 1st Floor"
24,154,Snow View Holiday Home
24,155,"Traijag Training Centre, BDO Office"
24,156,Tea Board Office
24,157,Spring Side Chiyakaman Fakhdri Office (Room No 1)
24,158,Paanch Gharey Primary School
24,159,Ambotia Primary School
24,160,Ambotia Chiyakaman Primary School (Room No 1)
24,161,Ambotia Chiyakaman Primary School (Room No 2)
24,162,Makaibari Chiyakaman Factory Office
24,163,Makaibari Chiyakaman Office
24,164,"Ishwarimaya Primary School, Pankhabari"
24,165,Longview Kothidara Primary School
24,166,Longview Chiyakaman Primary School Ramitey
24,167,Longview Chiyakaman Primary School Ramitey (Room No 2)
24,168,Bandakheti Primary School
24,169,Dhudia Primary School (Room No 1)
24,170,Dhudia Primary School (Room No 2)
24,171,Marionbari Chiyakaman Factory Office
24,172,"Community Hall, Garidhura"
24,173,Rohini Kothidhura Primary School
24,174,"Nabin Tamang Memorial Primary School, Ratnadyang"
24,175,Lepchatar Primary School
24,176,Simulbarie Chiyakaman Primary School (Room 1)
24,177,Simulbarie Chiyakaman Primary School (Room No 2)
24,178,Simulbarie Chiyakaman Factory Office
24,179,"Bhagat Hindi Primary School, Painakumari"
24,180,Bhanu Primary School
24,181,St. John&#x27;s Primary School
24,182,Upper Mamring Junior Basic School
24,183,Upper Turuk Tribal Primary School
24,184,St. Ignatius Primary School
24,185,Nehru Primary School
24,186,Mahlidram Chiyakaman Primary School
24,187,Sittong Tribal Primary School (Room No 1)
24,188,Sittong Tribal School (Room No 2)
24,189,Sittong Khas Primary School (Room No 1)
24,190,Sittong Khas Primary School (Room No 2)
24,191,Sittong Cinchona Plantation Primary School (Room No 1)
24,192,Sittong Cinchona Plantation Primary School (Room No 2)
24,193,Lower Rolak Primary School
24,194,Lanku Primary School
24,195,Latpanchar Cinchona Plantation Primary School (Room No 1)
24,196,Latpanchar Cinchona Plantation Primary School (Room No 2)
24,197,Gourishankar Chiyakaman Office (Room No 1)
24,198,Gourishankar Chiyakaman Office (Room No 2)
24,199,Giddha Pahar Rural Library
24,200,Tibetan Central School
24,201,Giddha Pahar Junior Basic School
24,202,Gandhi Memorial Junior Basic School (Room No 1)
24,203,Gandhi Memorial Junior Basic School (Room No 2)
24,204,Jangpana Chiyakaman Primary School
24,205,Malutar Chiyakaman Primary School
24,206,Simring Chiyakaman Primary School
24,207,Sivitar Chiyakaman Primary School
24,208,"Netaji Lower High School, Ground Floor"
24,209,"Netaji Lower High School, First Floor"
24,210,Jogmaya Chiyakaman Factory Office
24,211,"Selimhill Chiyakaman, Factory Office"
24,212,"Mahatma Gandhi Hall, Tindharia"
24,213,"R.C. Junior Basic School, Tindharia"
24,214,Tindharia High School (Room No 1)
24,215,Tindharia High Schoool (Room No 2)
24,216,Tindharia Chiyakaman Primary School
24,217,B.M Primary School (Room No 1)
24,218,B.M Primary School (Room No 2)
24,219,"Mithai Dara, Renuka Girls&#x27; High School"
24,220,"Sepoydhura Chiyakaman, Primary School"
24,221,Chunbhatti Primary School
24,222,Norbung Chiyakaman Primary School
24,223,Sukna Primary School
25,1,Dhajaytar Primary School
25,2,Okaity T.E. Primary School Building No. 1
25,3,Okaity T.E. Primary School Building No. 2
25,4,Thorbu High School
25,5,Nigale Primary School
25,6,"Thorbu Primary School Unit-2, Room No. 1"
25,7,Thorbu Unit-2 Primary School Room No. 2
25,8,Baghkhor Primary School
25,9,Thorbu T.E  Office (Room No.1)
25,10,Thorbu T.E. Office (Room No.2)
25,11,Thorbu Store Room No. 1
25,12,Thorbu Primary School Unit-1
25,13,Mirik High School (Building No. 1)
25,14,Mirik High School (Building No. 2)
25,15,Manedara Primary School
25,16,School Dara Tribal Primary School
25,17,Lakshmi Memorial Primary School
25,18,Pemba Memorial Tribal Primary School
25,19,Marma Primary School
25,20,Marma Prem Sundar Junior High School
25,21,Bhanu Primary School
25,22,Soureni Bazaar Junior Basic School
25,23,Soureni Mechi Primary School (Room No.-1)
25,24,Soureni Mechi Primary School (Room No.-2)
25,25,Janta Bhaban
25,26,Lower Soureni Lower Bu. School
25,27,Manju Chai Bagan Primary School
25,28,Tingling T.E. Office
25,29,Phugari Primary School
25,30,Palangbari Primary School
25,31,Milikthung Primary School (Building No.-1)
25,32,Milikthung Primary School (Building No.-2)
25,33,Singbuli Primary School
25,34,Lower Singbuli Primary School
25,35,Ghaiyabari T.E. Office
25,36,Putung T.E. Office
25,37,Khoprail Primary School
25,38,Tarabari Primary School
25,39,"Rangia Junior Basic School , Room No-1"
25,40,"Rangia Junior Basic School, Room No-2"
25,41,North Bengal University Primary School Room No.-1
25,42,North Bengal University Primary School Room No.-2
25,43,Narasingha Vidyapith (Tin Shed) Room No.-1
25,44,Narasingha Vidyapith (Tin Shed) Room No.-2
25,45,Narasingha Vidyapith Pakka Building Room No.-1
25,46,Narasingha Vidyapith Pakka Building Room No.-2
25,47,Narasingha Vidyapith Pakka Building Room No.-3
25,48,Sabuj Shishu Mahal
25,49,Sabuj Shishu Mahal
25,50,Leninpur Primary School Room No.-1
25,51,Leninpur Primary School Room No.-2
25,52,Shrilal Sing Primary School Room No.-1
25,53,Shrilal Sing Primary School Room No.-2
25,54,B. Ed. Collage R-1
25,55,B. Ed. Collage R-2
25,56,Bara Mohansing Primary School
25,57,Northbengal Medical College Primary School Room No.-1
25,58,Northbengal Medical College Primary School Room No.-2
25,59,Dumriguri Junior Basic School Room No.-1
25,60,Dumriguri Junior Basic School Room No.-2
25,61,Matigara C. A. D. C. Office Room No 1
25,62,Matigara C. A. D. C. Office Room No 1
25,63,Sericulture Office Reeling Unit R-1
25,64,Sericulture Office Reeling Unit R-2
25,65,Matigara C. A. D. C. Office Room No 2
25,66,Matigara GSFP School (Wooden Room)
25,67,Matigara GSFP School (Pakka West)
25,68,Matigara GSFP School (Pakka East)
25,69,Matigara T. I. P. A. Hall
25,70,Matigara Hindi Primary School
25,71,Thiknikita Primary School Room No.-1
25,72,Thiknikita Primary School Room No.-2
25,73,Kawakhali Primary School Room No.-1
25,74,Kawakhali Primary School Room No.-2
25,75,Kawakhali Primary School Room No.-3
25,76,Northbengal Primary School Room No.-3
25,77,Patiram Jote Primary School Room No.-1
25,78,Patiram Jote Primary School Room No.-2
25,79,A. D. Sharma Junior Basic School Room No.-1
25,80,A. D. Sharma Junior Basic School Room No.-2
25,81,Kholaibhaktari Primary School
25,82,Kholaibhaktari Primary School (Temporary Room)
25,83,Putinbari Tea Garden Hospital
25,84,Fulbari Patan Tea Garden Club
25,85,New Chamta Tea Garden Primary School Room No.-1
25,86,New Chamta Tea Garden Primary School Room No.-2
25,87,Mohargaon Tea Garden Factory (West)
25,88,Mohargaon Tea Garden Factory (East)
25,89,Gulma Tea Garden Primary School Room No.-1
25,90,Gulma Tea Garden Primary School Room No.-2
25,91,Gulma Tea Garden Primary School Room No.-3
25,92,Ila Paul Chaudhuri (Tribal) Hindi High School
25,93,Sukna Tea Garden Primary School
25,94,Dagapur Tea Garden Primary School
25,95,Nischintapur Tea Garden Primary School
25,96,Chandmani Tea Garden Junior Basic School
25,97,Matigara Tea Garden Office
25,98,Khopalasi Junior Basic School Hostel Room No.-1
25,99,Khopalasi Junior Basic School Room No.-2
25,100,Khopalasi Junior Primary School Room No.-3
25,101,Mansara Jote Primary School
25,102,Khopalasi Junior Basic School Room-4
25,103,Patharghata Junior Basic School R-1
25,104,Patharghata Junior Basic School R-2
25,105,Bhubanjote Primary School R-1
25,106,Bhubanjote Primary School R-2
25,107,Dimajote Adibasi Shambhu Primary School
25,108,Himul Office R-1
25,109,Himul Office R-2
25,110,Himul Office R-3
25,111,Harasundar High School Room No.-1
25,112,Harasundar High School Room-2
25,113,Nepali Junior High School R-1
25,114,Nepali Kalyan Junior High School R-2
25,115,Block Seed Farm Conference Hall (Salbari)
25,116,Block Seed Farm Office Room
25,117,Pragati Vidyamandir
25,118,Karaibari Primary School (R-1)
25,119,Karaibari Primary School (R-2)
25,120,Santo Singh Primary School R-1
25,121,Santo Singh Primary School Room 2
25,122,Mahila Samiti Bhawan
25,123,Sriguru Junior Basic School Room 1
25,124,Sriguru Junior Basic School Room 2
25,125,Sriguru Junior Basic School Room 2
25,126,Sriguru High School Room 1
25,127,Sriguru High School Room 1
25,128,Sriguru High School Room 5
25,129,Samar Nagar Primary School
25,130,Schedule Tribe womens Hostel Office
25,131,"Himul catel feed Center Mallaguri, Room 1"
25,132,"Himul catel feed Center Mallaguri, Room 1"
25,133,Baghajatin Primary School Room 1
25,134,Baghajatin Primary School Room 1
25,135,Baghajatin Primary School Room 3
25,136,Baghajatin Primary School Room 3
25,137,Baghajatin Primary School Room 5
25,138,Samarbhanga Forest Gramin Prathamick Vidyalaya
25,139,Kalijhora Bazar S B Primary School
25,140,Bharati Hindi School Room 1
25,141,Bharati Hindi School Room 2
25,142,Bharati Hindi School Room 3
25,143,Bharati Hindi School Room 4
25,144,Bharati Hindi School Room 5
25,145,Mallaguri Primary School Room 1
25,146,Mallaguri Primary School Room 2
25,147,Bani Mandir Railway Haighschool Room 1
25,148,Bani Mandir Railway Haighschool Room 2
25,149,Bani Mandir Railway Haighschool Room 3
25,150,Bani Mandir Railway Haighschool Room 4
25,151,Bani Mandir Railway Haighschool Room 5
25,152,Railway Institute Siliguri Junction room 1
25,153,Railway Institute Siliguri Junction room 2
25,154,Railway Institute Siliguri Junction room 3
25,155,Railway Institute Siliguri Junction room 4
25,156,Bidyasagar Primary School Room 1
25,157,Deshbandhu Vidyapith Room 1
25,158,Deshbandhu Vidyapith Room 2
25,159,Margaret Sister Nivedita High School Room 1
25,160,Margaret Sister Nivedita High School Room 2
25,161,Dalbir Memorial Primary school Room 1
25,162,Dalbir Memorial Primary school Room 2
25,163,Dalbir Memorial Primary school Room 3
25,164,Kabi Nabin Sen Bidyapith Room 1
25,165,Kabi Nabin Sen Bidyapith Room 1
25,166,Kabi Nabin Sen Bidyapith Room 2
25,167,Kabi Nabin Sen Bidyapith Room 2
25,168,Sent Aanish High school Room 1
25,169,Sent Aanish High school Room 1
25,170,Sent Aanish High school Room 2
25,171,Deshbandhu High school Room 1
25,172,Deshbandhu High school Room 2
25,173,Margaret Sister Nivedita High School Room 3
25,174,Margaret Sister Nivedita High School Room 8
25,175,Dalbir Memorial Primary school Room 4
25,176,Bidyasagar Primary School Room 2
25,177,Margaret Sister Nivedita High School Room 5
25,178,Bidyasagar Primary School
25,179,Samsiya Junior Madrasa Room 1
25,180,Samsiya Junior Madrasa Room 2
25,181,Samsiya Junior Madrasa Room 3
25,182,Samsiya Junior Madrasa Room 4
25,183,Samsiya Junior Madrasa Room 5
25,184,Govt Saw Mill Welfare Kendra
25,185,Bani Mandir Primary School Room 1
25,186,Bani Mandir Primary School Room 2
25,187,Bani Mandir Primary School Room 3
25,188,Bani Mandir Primary School Room 4
25,189,Govt Saw Mill Oksan Hall East Part
25,190,Govt Saw Mill Ongsan Hall Middle Part
25,191,Govt Saw Mill Ongsan Hall West Part
25,192,Bani Mandir Primary School Room 5
25,193,Vivekananda Hindi Primary school 1
25,194,Vivekananda Hindi Primary school 2
25,195,Siliguri Town Primary School Room 1
25,196,Siliguri Town Primary School Room 2
25,197,Hindi Balika Vidyapith Room 1
25,198,Hindi Balika Vidyapith Room 2
25,199,Hindi Balika Vidyapith Room 3
25,200,Hindi Girls High school Room 1
25,201,Hindi Girls High school Room 2
25,202,Hindi Girls High school Room 3
25,203,Hindi Girls High school Room 4
25,204,Hindi Balika Vidyapith Room 4
25,205,Siliguri Traders Association Room 1
25,206,Municipal Hindi Primary School Room 1
25,207,Hindi Boys High School Room 1
25,208,Hindi Boys High School Room 2
25,209,Hindi Boys High School Room 2
25,210,Siliguri Tea Traders Association room 2
25,211,Siliguri Traders Association room 3
25,212,Vibekananda Hindi Primary School Room 3
25,213,Vibekananda Hindi Primary School Room 3
25,214,Naba Yubakbindo Club Front Side Room 1
25,215,Naba Yubakbindo Club Back Side
25,216,Hindi Boys High School Room 4
25,217,Hindi Boys High School Room 5
25,218,Civil Defence Dipo Room 1
25,219,Siliguri Tea Traders Association room 1
25,220,Civil Defence Dipo Room 2
25,221,Hindi Boys High School Room 2
25,222,Hindi Boys High School Room 2
25,223,Hindi Girls High School Room 5
25,224,Hindi Balika Vidyapith Room 5
25,225,Dalmiya Dharmasala Room 1
25,226,Dalmiya Dharmasala Room 2
25,227,Dalmiya Dharmasala Room 3
25,228,Dalmiya Dharmasala Room 4
25,229,Dalmiya Dharmasala
25,230,Gandhi Maydan Primary School Room 1
25,231,Gandhi Maydan Primary School Room 2
25,232,Agarwal Girls Selai School
25,233,Karsiyang Rice Mil Room 1
25,234,Erogation Banglo Meeting Hall
25,235,Karsiyang Rice Mil Room 2
25,236,Dinabandhu Primary School Govt Saw Mil Gate
25,237,Tulshi Primary School Room 1
25,238,Tulshi Primary School Room 2
25,239,Sarada Mani Girls High School Room 1
25,240,Sarada Mani Girls High School Room 2
25,241,Nilnalini High School Room 1
25,242,Nilnalini High School Room 2
25,243,Nilnalini High School Room 3
25,244,Nilnalini High School Room 4
25,245,Nilnalini High School Room 5
25,246,Angela School Room 1
25,247,Angela School Ashram Para Room 2
25,248,Angela School Ashram Para Room 3
25,249,LiLight House Academy
25,250,Mahananda High School Room 1
25,251,Saradamoni Girls High School 3
25,252,Saradamoni Girls High School 3
25,253,Nilnalini Primary School
25,254,Nilnalini Primary School
25,255,Mitra Sammlni Hall West Side
25,256,Rajendra Prasad Girls High School Room 1
25,257,Rajendra Prasad Girls High School Room 2
25,258,Rajendra Prasad Girls High School Room 3
25,259,Rajendra Prasad Girls High School Room 4
25,260,Mahanandapara Primary School Room 1
25,261,Mahanandapara Primary School Room 2
25,262,Rajendra Prasad Girls High School Room 5
25,263,Swastika Yubak Sangha Room 1
25,264,Swastika Yubak Sangha Room 2
25,265,Swastika Yubak Sangha Room 3
25,266,Jyotsnamayee Girls High School 1
25,267,Jyotsnamayee Girls High School 2
25,268,Jyotsnamayee Girls High School 3
25,269,Jyotsnamayee Girls High School 4
25,270,Babupara Boys Club
25,271,Sougata Smriti Grnatagar
25,272,East Milan Pally Free Primary School Room 1
25,273,Tarai Tarapada Adarsha Vidyalaya Room 1
25,274,Tarai Tarapada Adarsha Vidyalaya Room 2
25,275,Tarai Tarapada Adarsha Vidyalaya Room 3
25,276,Shyamaprasad Primary School
25,277,Tarai Tarapada Adarsha Vidyalaya Room 4
25,278,Tarai Tarapada Adarsha Vidyalaya Room 5
25,279,Arya Samiti Eastern Side
25,280,Arya Samiti western Side
25,281,Arya Samiti Midil Side
25,282,1No Sishu Bidyalay Room 1
25,283,Siliguri Boys High School Estern Side
25,284,Saigal Institut
25,285,Test Ware House room 1
25,286,Aurobindo Bidyamandir Room 1
25,287,Test Ware House room 2
25,288,Aurobindo Bidyamandir Rail Way Colony Room 2
25,289,2No Sishu Bidyalay Room 1
25,290,Stest Ware House room Gest Room
25,291,Aurobindo Vidya Mandir Tikiapara Railway Colony Room 3
25,292,Gandhi Memorial Hindi Bidyalay Room 1
25,293,Gandhi Memorial Hindi Bidyalay Room 2
25,294,Gandhi Memorial Hindi Bidyalay Room 3
25,295,C.P.W.D. Office Room
25,296,2No Sishu Bidyalay Room 2
25,297,Maining Office State Branch
25,298,Jagadish Chandra High School Room 1
25,299,Jagadish Chandra High School Room 2
25,300,Jagadish Chandra High School Room 3
25,301,Jagadish Chandra High School Room 4
25,302,District Fishery Office
25,303,Siliguri Mahakuma Parishad Office Building Room 1
25,304,Siliguri Girls High School Room 1
25,305,Kanchenjunga Stadium Eastern Part No 1
25,306,Kanchenjunga Stadium Eastern Part No 2
25,307,Kanchenjunga Stadium Eastern Part No 3
25,308,Kanchenjunga Stadium Eastern Part No 4
25,309,Siliguri Girls High School Room 2
25,310,Siliguri Girls High School Room 3
25,311,Siliguri Girls High School Room 4
25,312,Krishna Maya High School Room 1
25,313,Kanchenjunga Stadium Uttar Part No 1
25,314,Kanchenjunga Stadium Uttar Part No 2
25,315,Krishna Maya High School Room 2
25,316,Krishna Maya High School Room 3
25,317,Bibekananda High School Room 1
25,318,Bibekananda High School Room 2
25,319,Bibekananda High School Room 3
25,320,Acharya Prafulla Chandra Vidyamandir Room 1
25,321,Acharya Prafulla Chandra Vidyamandir Room 2
25,322,Bibekananda High School Room 4
25,323,Netaji Girls High School Room 1
25,324,Netaji Girls High School Room 2
25,325,Baghajatin Primary School Room 1
25,326,Rabindra Mancha
25,327,Netaji Girls High School Room 3
25,328,Netaji Boys High School Room 1
25,329,Netaji Boys High School Room 4
25,330,Netaji Boys High School Room 3
25,331,Netaji Boys High School Room 4
25,332,Netaji Boys High School Room 5
25,333,Netaji Balika Bidyalay Primary Room 1
25,334,Netaji Balika Bidyalay Primary Room 2
25,335,Baradakanta Vidyapith Room 1
25,336,Baradakanta Vidyapith Room 2
25,337,Rabindra nagar junior girls high School
25,338,Rabindra nagar junior girls high School
25,339,Swami chaitanda free-praymari school Room 1
25,340,Rabindra nagar besic school Room 1
25,341,Rabindra nagar besic school Room 2
25,342,Rabindra nagar besic school Room 2
25,343,Rabindra nagar besic school Room 4
25,344,Borodakanto Vidyapith Room 3
25,345,Borodakanto Vidyapith Room 4
25,346,Borodakanto Vidyapith Room 4
25,347,Rothkhola Babuji Vidyapith Room 1
25,348,Rothkhola Babuji Vidyapith Room 2
25,349,Siliguri Girls College Room 1
25,350,Siliguri Girls College Room 1
25,351,Siliguri Girls College Teacher Commonroom
25,352,Siliguri Maikel School Room 1
25,353,Maikel School Room 2
25,354,North bengal in hearing handypod Room 1
25,355,North bengal inof hearing handy Room 3
25,356,North bengal inof hearing handy Room 3
25,357,Jagadish chandra praymari school Room 1
25,358,Jagadish chandra praymari school Room 2
25,359,Ramkrishna pathsala
26,1,Lohagar prathamik pathsala Ghor-1
26,2,Lohagar prathamik pathsala Ghor-2
26,3,Chenga Prathamik Pathsala Purano
26,4,Chenga Prathamik Pathsala Naya
26,5,Panighata Uccha Vidyalaya ghor-1
26,6,Panighata Uccha Vidyalaya Ghor-2
26,7,Panighta Prathamik Pathsala Ghor-1
26,8,Panighta Prathamik Pathsala Ghor-2
26,9,Manjha TE
26,10,Ord Tarai Tea Estate Office Ghor no-1
26,11,"Ord Tarai Dakhin- Antorgoto Bazar Line, Bich"
26,12,Trihana Tea Estate Primary School
26,13,Belgachi Tea Estate Office
26,14,Belgachi Tea Estate Primary School
26,15,Nepania Primary School Ghor-1
26,16,Nepania Primary School Ghor-2
26,17,Nepania Primary School Ghor-3
26,18,Trihana Tea Estate Jabra Division Office
26,19,Ashapur Tea Estate Primary School
26,20,Boro Maniram Primary School
26,21,Ketgabur Primary School
26,22,Rakamjote primary School
26,23,Deshbandhu Primary Schhol Ghor no-1
26,24,Deshbandhu Primary Schhol Ghor no-2
26,25,Deshbandhu Primary Schhol Ghor no-3
26,26,Choto Moniram Primary School
26,27,Bengaijote Primary School
26,28,Dhakna Library
26,29,Saraswati Primary School
26,30,Budhkaranjote Primary School Ghor-1
26,31,Budhkaranjote Primary School Ghor-2
26,32,Totaram Primary School
26,33,Totaram Primary School
26,34,Kumarsing jote Primary School
26,35,Sarasibala Primary School Ghor-1
26,36,Sarasibala Primary School ghor-2
26,37,Kotiajote Primary School
26,38,Naxalbari Hindi Primary School Ghor-1
26,39,Naxalbari Hindi Primary School Ghor-2
26,40,Nandaprasad High School Ghor-1
26,41,Nandaprasad High School Ghor-2
26,42,Sakalram(S.T.) Primary School Ghor -1
26,43,Sakalram(S.T.) Primary School Ghor -2
26,44,Khalpara Primary School
26,45,Shantinagar Primary School
26,46,Nandaprasad Uccha Balika Vidyalaya Ghor-1
26,47,Nandaprasad Uccha Balika Vidyalaya Ghor-2
26,48,Bidhubhusan Primary School Ghor-1
26,49,Bidhubhusan Primary School Ghor-2
26,50,Azmabad Tea Estate Office
26,51,Naxalbari Tea Estate Office
26,52,Satvaya Division Office
26,53,Bijaynagar Tea Estate Primary School Ghor-1
26,54,Bijaynagar Tea Estate Primary School Ghor-2
26,55,Jamidarguri Primary School
26,56,Hatighisa Primary School
26,57,Nandalal Primary School
26,58,Hatighisa G.P. Office Ghor-1
26,59,Hatighisa G.P. Office Ghor-2
26,60,Mangal Sing Primary School
26,61,Raghuram Primary School
26,62,Atal Tea Estate Primary School
26,63,Meriview Tea Estate
26,64,Meriview Tea Estate Primary School
26,65,Kiranchandra Tea Estate Primary School
26,66,Sannyasi Than Tea Estate Office
26,67,Bengdubi Primary School Ghor-1
26,68,Bengdubi Primary School Ghor-2
26,69,Kamalpur Tea Estate Office
26,70,Baunivita Primary School
26,71,Batlabari Primary School
26,72,Bagdogra Hindi Primary School (Hatkhola)Ghor-1
26,73,Bagdogra Hindi Primary School (Hatkhola)Ghor-2
26,74,Gandhi Smiriti Junior High School (Nepali)
26,75,Kedar Nath Primary school Ghor-1
26,76,Bagdogra Balika Vidyalaya Ghor-1
26,77,Bagdogra Balika Vidyalaya Ghor-2
26,78,Gandhi Smiriti Primary School Ghor-1
26,79,Gandhi Smiriti Primary School Ghor-2
26,80,Kedar Nath Primary school Ghor-2
26,81,Kedar Nath Primary school Ghor-2
26,82,Chittoranjan Primary School Ghor-1
26,83,Chittoranjan Primary School Ghor-2
26,84,Chittoranjan Primary School Ghor-3
26,85,Chittoranjan High School Pichoner Building Ghor-1
26,86,Chittoranjan High School Pichoner Building Ghor-2
26,87,Chittoranjan High School Samner Building Ghor-1
26,88,R.D. Primary School Ghor-1
26,89,R.D. Primary School Ghor-2
26,90,Chittoranjan High School Samner Building Ghor-2
26,91,Chittoranjan High School Samner Building Ghor-3
26,92,Kalipada Ghosh Tarai Mahavidyalaya Ghor-1
26,93,Rupsingh Purba
26,94,Kalipada Ghosh Tarai Mahavidyalaya Ghor-3
26,95,Bhanubhakta Nepali Primary School
26,96,Panthabari Junior Basic School
26,97,BHUJIAPANI PRIMARY SCHOOL
26,98,BHUJIAPANI PRIMARY SCHOOL
26,99,PUTIMARI PRIMARY SCHOOL
26,100,CHANDAL JOTE PRIMARY SCHOOL
26,101,NEMARU JOTE PRIMARY SCHOOL
26,102,GOSSAINPUR G.S.F.P GHAR-1
26,103,GOSSAINPUR G.S.F.P GHAR-2
26,104,RANIDANGA JUNIOR BASIC SCHOOL GHAR-1
26,105,RANIDANGA UTTAR
26,106,RANIDANGA KULDANGA
26,107,SIAVITA PRIMARY SCHOOL
26,108,HATBHARA
26,109,RANGAPANI
26,110,Bhatan Jote Primary School
26,111,R.K High School
26,112,R.K High School R-2
26,113,R.K High School R-3
26,114,Khuliajote Primary School
26,115,Darabaksh Jote School R-1
26,116,Darabaksh
26,117,Nardeb Jote Primary School
26,118,Laldas Sibdayal Jote Primary School
26,119,Laldas Sibdayal Jote Primary School
26,120,Velku jote primary
26,121,Velkujote Primary R-2
26,122,Md box Primary School
26,123,Kina Jote primary school
26,124,Jhamaklal jote primary School
26,125,Lichupakhri Rangapani Primary School
26,126,Rabbhita Primary School
26,127,Rupandighi Primary Schol
26,128,Guyabari Primary School
26,129,Kadmi jote adarsha primary School
26,130,Kadmi jote Primary School
26,131,Lembutary Junior Basic School
26,132,Mahipal Jote Prathamik Vidyalay
26,133,Jyotinagar Primary School
26,134,Helagachh Primary School
26,135,Nikagrgachh Primary School
26,136,Phansidewa Junior Basic School R-1
26,137,Phansidewa Junior Basic School
26,138,Phansidewa
26,139,Sudamgachh Primary School
26,140,Ranjanprobha Primary School
26,141,Balaigachh
26,142,Haptiya gachh primary School
26,143,Khudigachh Primary School
26,144,Bajarugachh
26,145,Chathat
26,146,Chathat Bazar
26,147,Kuchiamore Primary School
26,148,Murikhawa Primary School
26,149,Murikhawa Madrasa
26,150,Jorepakhri Primary School
26,151,Milangarh Junior high Madrasa
26,152,Bhimagachh Primary School
26,153,Teligachh Junior Basic School
26,154,Petki Primary Schhol
26,155,Kashigachh Prathamik Vidyalay
26,156,Chikanmati Prathamik Vidyalaya
26,157,Kharubhangi Primary School
26,158,Saptiguri Junior Basic School
26,159,Furbanali High School
26,160,Jhignibari Primary School
26,161,Budharugaon Primary School
26,162,Muraligachh Junior High School
26,163,Muraligachh Basic School R-1
26,164,Muraligachh Basic School R-2
26,165,Santoshini Bidyachakra R-1
26,166,Khudiram Sangha Gramin pathagar
26,167,Santoshini Vidyachakra R-2
26,168,Bidhannagar Junior Basic School R-1
26,169,Bidhannagar Junior Basic School R-2
26,170,Bidhannagar Junior Basic School R-3
26,171,Maligachh Primary School
26,172,Lahugachh Junior Basic School R-1
26,173,Lahugachh Junior Basic School R-2
26,174,Malagachh Primary School
26,175,Mejmangachh Primary School
26,176,Bukdhala Primary School
26,177,Kumartuli Primary School
26,178,Baghmara Primary School
26,179,Madati High School
26,180,Bijlimoni Primary School
26,181,Saidabad Cha Bagan Club
26,182,Saidabad Cha Bagan Primary School
26,183,Sahabad Jayantika Bagan Pry: School R-1
26,184,Sahabad Jayantika Cha Bagan School R-2
26,185,Sahabad Jayantika Club
26,186,Bijlimoni Cha Bagan Primary School
26,187,Matidhar Cha Bagan Primary School R-1
26,188,Matidhar Cha Bagan Primary School R-2
26,189,Dubanuchi Primary School
26,190,Ambari High School R-2
26,191,Mailani Ambari High School R-1
26,192,Haodibhita Adibasi Primary School
26,193,St. Peters Primary School
26,194,Kuchia Primary School
26,195,Lakkhan Singh Jr Basic School
26,196,Dhambhita Primary School R-1
26,197,Dhambhita Primary School R-2
26,198,Pathar Hirhiriya Primary School R-1
26,199,Pathar Hirhiriya Primary School R-2
26,200,Sarat Jamiti Jr Basic School R-1
26,201,Sarat Jamiti Jr Basic School R-2
26,202,Kamala Cha Bagan Office
26,203,Gayaganga Cha Bagan Godown
26,204,Gayaganga Cha Bagan Office R-1
26,205,Gayaganga Cha Bagan Office R-2
26,206,Pahar Guriya Cha Bagan Primary School R-1
26,207,Pahar Ghoomia Cha Bagan Primary School R-2
26,208,Pahar Ghoomia Cress House Cha Bagan
26,209,Hetmuri Primary School
26,210,Tarbandha High School
26,211,Saraswati Hindi High Primary School
26,212,Danagachh Primary School
26,213,Visti Jote Primary School
26,214,Hela Kadam Junior Basic School
26,215,Nunu Jote Primary School
26,216,Bhariyadangi Primary School
26,217,Chowpukuria Junior Basic School
26,218,Chowpukuria Junior Basic School (R-2)
26,219,"Halal, Chowpukuria Primary School"
26,220,Bhojnarayan Jr Basic School
26,221,Bhojnarayan Jr Basic School (R-2)
26,222,Hansqua Cha Bagan Primary School
26,223,Hansqua Cha Bagan Club
26,224,Toonah Resham Godown
26,225,Gangaram Cha Bagan Office R-1
26,226,Gangaram Cha Bagan Office R-2
26,227,Mooni Cha Bagan Office
26,228,Taipoo Cha Bagan Primary School R-1
26,229,Taipoo Cha Bagan Primary School R-2
26,230,Bagdogra Cha Bagan Office
26,231,Ramdhanjote Primary School
26,232,Ramdhanjote Primary School
26,233,Ramdhanjote Primary School
26,234,Dulaljote Nepali Primary School
26,235,Dulaljote Nepali Primary School
26,236,Dilsaram Primary school
26,237,AndharuJote Primary School
26,238,PSA Library
26,239,Rabindra Hindi Primary School
26,240,Shyamdhan Jote Primary School
26,241,Madhuyabari Primary School
26,242,Paschim Ramdhan Primary School
26,243,Balaijhora Primari School
26,244,Toparsing Primary School
26,245,Gandhi Smriti Primary School
26,246,"I. C. D. S. Kendra, Adhikari"
26,247,Vidyasagar Primary School
26,248,"B, A, P Office Adhikari"
26,249,Maynaguri Primary School
26,250,Kungarpur Primary School
26,251,Chunilal Primary School
26,252,Satishchandra T.G. Office
26,253,Haladhar Manjay Primary School
26,254,Jorpakuri Primary School
26,255,Dangarbhita Primary School
26,256,Saraswati Memorial Instution
26,257,Kshetrasing Primary School
26,258,Najirjote Primary School
26,259,Rangalichina Primary School
26,260,Budhanjote Primary School
26,261,Hatidoba Primary School
26,262,Dhuliyajote Primary School
26,263,Deburamjote Primary School
26,264,Deburamjote Primary School
26,265,Chekarmari Primary School
26,266,Baghajote Primary School
26,267,Gayenjote Primary School
26,268,Gayenjote Primary School
26,269,Thanajhora Primary School
26,270,Thanajhora Primary School
26,271,Fulabari Cha Bagan Primary School
26,272,Adhikari Krishna Kanta High School
26,273,Adhikari Krishna Kanta High School
26,274,Bidhan Smriti Primary School
26,275,Belbari Primary School
26,276,Gajijote Primary School
26,277,Belbari Junior Basic School (Paschim)
26,278,Belbari Junior Basic School (Paschim)
26,279,Howdabhita Primary School
26,280,Kharibari High School
26,281,Kharibari High School
26,282,Kharibari High School
26,283,Pretajote Primary School
26,284,Pretajote Primary School
26,285,Jagirjote Primary School
26,286,Sachindra Chandra T. E. Primary School
26,287,Khuniyapukuri Primary School
26,288,Khuniyapukuri Primary School
26,289,Ramjanam Primary School
26,290,Ramjanam Primary School
26,291,Koyakandar Primary School
26,292,Singiyajote Primary School
26,293,Gayen jote Primary School
26,294,Gourangajote Primary School
26,295,Gourangajote Primary School
26,296,Gourangajote Primary School
26,297,Tarijote Primary School
26,298,Tarijote Primary School
27,1,"Binnabari,Free,Primary School  (Room-1)"
27,2,"Binnabari,Free,Primary School  (Room-2)"
27,3,Chitalghata Free.Primary.School  (Room-1)
27,4,Chitalghata Free.Primary.School  (Room-2)
27,5,Kajigachh F.P.School
27,6,"Premchandgachh Free,Primary,School (Room-1)"
27,7,"Premchandgachh Free,Primary,School (Room-2)"
27,8,Fatehabad F.P.S.
27,9,Haptiyagachh Gram Panchayat Office
27,10,Haptiyagachh Jr. Besic. School
27,11,Churaman F.P.S.
27,12,Barabilla Jr. High School
27,13,"Vaishapitha,Free,Primary.School"
27,14,"Kalugachh,Free Primary School"
27,15,Natigachh F.P.S
27,16,Duragapur  F.P.S
27,17,Jiyakhuri Free Primary School
27,18,"Adraguri, Free, Primary. School  (Room-1)"
27,19,Sonapur M.G.High School  (Room-1)
27,20,Dhamigachh F.P.S
27,21,Sonapur M.G.High School  (Room-2)
27,22,Sonapurhat Free Primary School (Room-1)
27,23,Sonapurhat Free Primary School (Room-2)
27,24,Tepagachh Madrasha
27,25,Bhotamari F.P.School
27,26,Sufalgachh Free Primari School
27,27,Sariyagachh  Free Primary School (Room-2)
27,28,"Bhitarbari S.S.K, Bhitarbar"
27,29,Bilatibari F.P.School
27,30,"Lalugachh,Free,Primary.School"
27,31,Goyabari Dhamargachh Free Primary School
27,32,"Lakhidangi,Free.Primary.School (Room-1)"
27,33,"Lakhidangi,Free.Primary.School (Room-2)"
27,34,Doulatgachh Free Primary School
27,35,"Gharugachh ,Free,Primary.School"
27,36,"Dhamorgachh ,Free,Primary.School"
27,37,"Narayanpur ,Free,Primary,School (Room-1)"
27,38,"Narayanpur ,Free,Primary,School (Room-2)"
27,39,Boknabandha Free Primary School
27,40,Tunikhari Baorigachh Free Primary School  (Room-1)
27,41,Majhiali H.S
27,42,Tunikhari Baorigachh Free Primary School  (Room-2)
27,43,"Dhiyagar Free,Primary school"
27,44,Subhandigachh F.P.S
27,45,Chadragachh F.P. School
27,46,Ghidob F. P. School
27,47,Congress Colony F.P. School
27,48,Debijhora FPS (Room-1)
27,49,Debjhora  FPS (Room-2)
27,50,Goldighi (Muniyagachh) F. P. School
27,51,Nandakishore Gachi F. P. School
27,52,Suigachh F.P.School
27,53,Badigachh F.P.School
27,54,Goabari FP. School (Room-1)
27,55,Ambikanagar F.P. School
27,56,Goabari FP. School (Room-2)
27,57,Chetanagachh F.P. School
27,58,Jaipura F.P.S
27,59,Nichandibari F.P. S
27,60,Dhandegachh F.P. School
27,61,Nimtala F.P. School
27,62,Khatakhuya (Room-1)
27,63,Khatakhuya (Room-2)
27,64,Pitramgachh F.P. School
27,65,Dangapara. F.P.S
27,66,Nandigachh F.P.S
27,67,Nandigachh jr. High School
27,68,Daspara F.P. School ( Morning)
27,69,Shekhbasti F.P. School
27,70,Dasapara Uchha Bidyalaya (Room-1)
27,71,Madangachh Jr. High Madrasa
27,72,Bharkulagachh  Madrasha
27,73,Dasapara High School (Room-2)
27,74,Asharubasti  High Madrasa
27,75,Batasugachh Free Primary School
27,76,Lalbazar G.P Godown (Room-1)
27,77,Lalbazar G.P Godown (Room-2)
27,78,Koatgachh High School (Room-1)
27,79,Koatgachh High School (Room-2)
27,80,Damodarkhuri Madrasha
27,81,Dalua Saraswati F.P School (Room-1)
27,82,Dalua Saraswati F.P School (Room-2)
27,83,Mirchagachh  Free Primary School
27,84,Mandalbasti F PS (Room-1)
27,85,Mandalbasti F PS (Room-2)
27,86,Kathaldangi F. P. School (Room-1)
27,87,Kathaldangi F. P. School (Room-2)
27,88,Andharugachh Free Primary School (Room-1)
27,89,Andharugachh Free Primary School (Room-2)
27,90,Gangaramgachh F.P. School  (Room-1)
27,91,Gangaramgachh F.P. School  (Room-2)
27,92,Malingaon F.P.School
27,93,Katganow F.P. School
27,94,Goyabari Mukdumigachh FPS
27,95,Dighalgaon F. P .School (Room-1)
27,96,Dighalgaon F. P .School (Room-2)
27,97,Lakshipur F.P.School
27,98,Lakshipur High School  (Room-1)
27,99,Lakshipur High School  (Room-2)
27,100,Lakshipur High School  (Room-3)
27,101,Mohangachh  F. P . School  (Room-1)
27,102,Mohangachh  F. P . School  (Room-2)
27,103,Kalikapur  Free Primary School
27,104,"SHITALAGAON  F , P , S"
27,105,Chandagachh  Free Primary School
27,106,Kaliganj  F.P. School
27,107,Balarampur  F . P . School
27,108,UDRAIL  F . P . School
27,109,Baksabari F. P . School (Room-1)
27,110,Baksabari F. P . School (Room-2)
27,111,Dighabana F. P . School
27,112,Munsigachh F . P . School  (Room-1)
27,113,Munsigachh F . P . School  (Room-2)
27,114,Khunia Free Primary School
27,115,Jagirbasti F. P . School
27,116,Bharatgachh Madrasha
27,117,Amtola F . P . School
27,118,Chopra Jharbari Free Primary School (Room-1)
27,119,Chopra Jharbari Free Primary School (Room-2)
27,120,Nengtagachh F . P . School
27,121,Bherbherigachh  F . P . School
27,122,Gunjariagachh F . P . School (Room-1)
27,123,Gunjariagachh F . P . School  (Room-2)
27,124,Gunjariagachh F . P . School  (Room-3)
27,125,R.C Fishary co-oparative Office
27,126,Shitpara CHUYATIGACHH  F . P . School
27,127,Kamargachh F. P . School  (Room-1)
27,128,Kamargachh F. P . School  (Room-2)
27,129,Chopra High School (Room-1)
27,130,Chopra High School  (Room-2)
27,131,Daluya F . P . School
27,132,Daluya Madrasha
27,133,Adalgach F.P.School
27,134,Rajabhim F.P.School
27,135,Madaripur Jr. Basic School
27,136,Panchgachhiya  F.P. School
27,137,Kaltahar F.P School
27,138,Shibnagar Coloni F. P. School (Room-1)
27,139,Shibnagar Coloni F. P. School (Room-2)
27,140,Nirapad Nagar Colony F.P.School
27,141,Ramganj Uchcha Vidyalaya
27,142,Bahartala Free Primary School
27,143,Eluabari F.P.S
27,144,Ramganj F.P.School
27,145,Ramganj B.T.College (Room-1)
27,146,Ramganj B.T.College (Room-2)
27,147,Kirttigachh F.P.School
27,148,Rameshpur colony F.P.School
27,149,Rameshpur colony F.P.School
27,150,Sapnikala F. P. School
27,151,Ekramiyababuramgachh Madrasa
27,152,Murshidgaji Madrasa
27,153,Bagladangi F.P.S
27,154,Abraham Nagar F . P . School
27,155,Bhatkunda Madrasa
27,156,Mukdumi F . P . School (Room-1)
27,157,Mukdumi F . P . School (Room-2)
27,158,Uriatole F.P.School
27,159,Gobindapur F . P . School (Room-1)
27,160,Gobindapur F . P . School (Room-2)
27,161,KADAKHOYA F . P . School
27,162,Goyabari F. P . School
27,163,Goyabari F. P . School
27,164,Panchdimti F.P.S
27,165,Panchdimti F.P.S
27,166,Bhadrakali F.P. School  (Room-1)
27,167,Bhadrakali F.P. School  (Room-2)
27,168,SUJALI  F . P . School  (Room-1)
27,169,SUJALI  F . P . School  (Room-2)
27,170,DHULIGAON  F . P . School
27,171,Kamlagaon  F . P . School  (Room-1)
27,172,Kamlagaon  F . P . School  (Room-2)
27,173,Gomadighi  F . P . School  (Room-1)
27,174,Gomadighi  F . P . School  (Room-2)
27,175,Gomadighi  Jr. High school
27,176,Benipur  F . P . School (Room-1)
27,177,Benipur  F . P . School (Room-2)
27,178,Kuchila  F . P . School  (Room-1)
27,179,Kuchila  F . P . School  (Room-2)
27,180,Radhargachh  F . P . School
27,181,Nandoi F.P. School
28,1,Chorbhita F P Schoolchool
28,2,Bhatpukur F P School
28,3,Malitola F P School
28,4,Burijagir F P School
28,5,Gatiatola F P School
28,6,"Kadamgachhi F, P,School"
28,7,Gernabari F P School
28,8,Dimti F P School
28,9,Dimti Madarsha Garib Naowaj
28,10,Moragati F P School
28,11,Khanti F P School (Room-2)
28,12,"Dighan Basty F, P, School"
28,13,"Molani F, P, School"
28,14,Bhujagaon F P Schoolchool
28,15,Sanigaon F P Schoolchool
28,16,Bundiramgachh F P School
28,17,Bhujagaon Jr. High Madrasa
28,18,Birnaguri F.P. School (Room-1)
28,19,Birnaguri F.P. School (Room-2)
28,20,Panchi Free Primary School (Room-1)
28,21,Panchi Free Primary School (Room-2)
28,22,Barogachhia F P School
28,23,Koniavita F P School
28,24,Nilaji Jr. Basic School  (Room-1)
28,25,Nilaji Jr. Basic School  (Room-2)
28,26,Jogtagaon jr. High School  (Room-1)
28,27,Jogtagaon Jr. High School (Room-2)
28,28,Jogtagaon Jr. High School (Room-3)
28,29,Jogtagaon Jr. Basic School (Room-4)
28,30,Durgabasti F. P. School
28,31,Jagtagaon Ghandhi Asram
28,32,Barogachh F P School
28,33,Dangapara F P School
28,34,Chhogharia Madrasa
28,35,Matikunda F . P . School
28,36,Matikunda Jr. High School
28,37,Ambari F . P . School
28,38,Panikhoyagachh F P School
28,39,Hanskunda F . P . School  (Room-2)
28,40,Shrikrishnapur Highschool  (Room-1)
28,41,Shrikrishnapur Highschool  (Room-2)
28,42,Islampur College
28,43,Bolancha F. P . School
28,44,Chhosiya Busti F.P. School
28,45,Kantalbari F P School
28,46,Sonakhoda F P S
28,47,Subhas Juner High School (Room-1)
28,48,Subhas Juner High School (Room-2)
28,49,Choprajhar Subhasnagar F P School
28,50,Ramkrishnapally F.PS.
28,51,Islampur Girls&#x27; High school (Room-1)
28,52,Islampur Girls&#x27; High school (Room-2)
28,53,Hindi F . P . School  (Room-1)
28,54,Hindi F . P . School  (Room-2)
28,55,Hindi F . P . School  (Room-3)
28,56,Islampur Middle School
28,57,Islampur F P School
28,58,Islampur Bazar F P School  (Room-1)
28,59,Islampur Bazar F P School (Room-2)
28,60,Islampur F.P. School (3/3Ka)
28,61,Islampur F P School (Room- 3/3ka)
28,62,Islampur F P School (2nd Phase) (Room-1)
28,63,Islampur F P School (2nd Phase) (Room-2)
28,64,State Farm Colony High School
28,65,Puratan Pally F P School  (Room-1)
28,66,Puratan Pally Free Pra. Vidyalay  (Room-2)
28,67,Station Road F P School (Room-1)
28,68,Station Road F P School (Room-2)
28,69,Islampur Puratan Pally F P School  (Room-3)
28,70,Sukanta Smriti Vidhyapith  (Room-1)
28,71,Sukanta Smriti Vidhyapith  (Room-2)
28,72,Kalibari F P School  (Room-1)
28,73,Kalibari F P School (Room-2)
28,74,Shantinagar F . P . School  (Room-1)
28,75,Shantinagar F . P . School  (Room-2)
28,76,Khudiram Pally F . P . School
28,77,Ghoramara Madrasa
28,78,Milanpally Madhyamik Vidyalay
28,79,Panditpota - 1 no. Gram Panchayat Office
28,80,Kutumposa F . P . School
28,81,Khabargaon F . P . School (Room-1)
28,82,Khabargaon F . P . School (Room-2)
28,83,Paschim Khabargaon F P School
28,84,Khetradangi F P School
28,85,Rahatpur Jr. Basic School
28,86,Dalalbasti Nurul Akin Madrasa
28,87,Ponditpota F.P. School
28,88,Narayanpur F P School
28,89,Agurashia F P School
28,90,Agurashia Madrasa
28,91,Rosia Madrasa (Room-1)
28,92,Rasia Madrasa (Room-2)
28,93,Chatish Junior Basic School
28,94,Nahalpur F P School
28,95,Shialtore F.P. School
28,96,Dakshin Aliganj F . P . School
28,97,Aliganj F . P . School
28,98,Gunjaria F P School
28,99,Gunjaria Madrasa (Purba Part) (Room-1)
28,100,Gunjaria Madrasa (Paschim Part) (Room-2)
28,101,Rasia Jr. Basic School
28,102,Jharbasti  F . P . School
28,103,Mirbasti Dhantala  F . P . School
28,104,Dhantala Jr. High School
28,105,Kasba Dhantala Madrasa
28,106,Dhantala Madrasa
28,107,Gaisal - 1 G P Office
28,108,Gaisal Colony Jr. Besic School (Room-1)
28,109,Gaisal Colony Jr. Besic School (Room-2)
28,110,Ambari F P School
28,111,Kachna Madrasa
28,112,Madhya kachna  F . P . School
28,113,Dhantala  F . P . School
28,114,Ruhia Madrasa
28,115,Ruhia  F . P . School
28,116,Malkadanga Madrasa
28,117,Maruagaon Madrasa
28,118,Maruagaon F P School
28,119,Rampur F . P . School
28,120,Ojhapukur F.P. School
28,121,Sabudanga F P School (Room-1)
28,122,Sabudanga F P School (Room-2)
28,123,Kalanagin Jr. Basic School (Room-1)
28,124,Kalanagin Jr. Basic School (Room-2)
28,125,Kundargaon F. P . School  (Room-1)
28,126,Shyamnagar  F P School
28,127,Kundargaon F.P. School (Room No -3)
28,128,Kunargaon Madrasa
28,129,Darivir Madrasa
28,130,"Amaljhari F , P , Vidyalay"
28,131,Bijukhore F P S
28,132,Gernabari Nurul Akin Madrasa
28,133,Darivit Junior High School
28,134,"Sukhanivita F , P , School"
28,135,"Dulalivita F , P ,  Vidyalay"
28,136,Gernabari F P School
28,137,Chowdhurybasti Madrasa
28,138,Bijuvita F P School  (Room-1)
28,139,Bijuvita F P School  (Room-2)
28,140,Bherosthan Madrasa
28,141,"Bherosthan F , P , School"
28,142,"Lalpokhor F , P , School (Room-2)"
28,143,Fateul Alam Madrasa
28,144,"Barobilla F , P , School (Room-1)"
28,145,"Lalpokhor F , P , School (Room-1)"
28,146,"Barobilla F , P , School (Room-1)"
28,147,"Monivita F , P , School"
28,148,Haribhanga Madrasa
28,149,Monivita High School
28,150,"Kulavita F , P , School"
28,151,Goabari Madrasa (Room-1)
28,152,Goabari Madrasa (Room-2)
28,153,Nangla Madrasa (Room-1)
28,154,Nangla Madrasa (Room-2)
28,155,Forabari (Non Farmal) Central
28,156,"Gochi Nagar F , P , School"
28,157,Gochinagar Madrasa (Room-1)
28,158,Gochinagar Madrasa (Room-2)
28,159,Jaigaon Madrasa R -  1
28,160,"Koniavita F , P , School"
28,161,Dhepa Madrasa
28,162,"Poravita F , P , School"
28,163,Jaigaon Gram Panchayat Office
28,164,"Dakaita F , P , School"
28,165,"Bohar F , P , School"
28,166,"Biprit F , P , School"
28,167,Khagor Gram Panchayat Office
28,168,"Baniatol F , P , School (Room-1)"
28,169,"Baniatol F , P , School (Room-2)"
28,170,Nilbari Madrasa
28,171,"Kamalpur F , P , School"
28,172,Khagor Nayabasti Madrasa
28,173,"Chhotopatna F , P , School (Room-1)"
28,174,"Chhotopatna F , P , School (Room-2)"
28,175,Tegharia Madrasa
28,176,Chainpur Madrasa
28,177,Kaluvita Madrasa
28,178,"Gosaivita  F , P , School (Room-1)"
28,179,"Gosaivita  F , P , School (Room-2)"
28,180,"Pokharia  F , P , School"
28,181,Mithapokhar Madrasa
28,182,Masnavita madrasa (Room-1)
28,183,Masnavita madrasa (Room-2)
28,184,"Shantipur Colony  F , P , School (Room-1)"
28,185,"Shantipur Colony  F , P , School (Room-2)"
28,186,Pokharia  Gram Panchayat Office
28,187,"Laskar Gaon  F , P , School"
28,188,"Kodali Gaon  F , P , School"
28,189,"Dohapara  F , P , School"
28,190,Monjhok Madrasa
28,191,"Monjhok  F , P , School (Room-1)"
28,192,"Monjhok  F , P , School (Room-2)"
28,193,Ikarchala Jr. Basic School (Room-1)
28,194,Ikarchala Jr. Basic School (Room-2)
28,195,"Deona  F , P , School (Room-1)"
28,196,"Deona  F , P , School (Room-2)"
28,197,"Deona  F , P , School (Room-3)"
28,198,"Teliapokhar F , P , School (Room-1)"
28,199,"Teliapokhar F , P , School (Room-2)"
28,200,Darul Ulam Yousufia Madrasa
28,201,Madrasa Talim - Ul -Koran nayabasti
28,202,"Haskunda F , P , School  (Room-1)"
28,203,"Haskunda F , P , School  (Room-2)"
28,204,"Pantapara F , P , School"
28,205,"Satvita F , P , School"
28,206,"Ibrahimpur F , P , Vidyalay (Room-1)"
28,207,"Ibrahimpur F , P , School (Room-2)"
28,208,"Adhikari F , P , School"
28,209,Panjipara E. B. High School
28,210,Panjipara G P Office R  - 1
28,211,Panjipara G P Office R  - 2
28,212,Panjipara G P Office R  - 3
28,213,"Shantinagar F , P , School  (Room-1)"
28,214,"Shantinagar F , P , School  (Room-2)"
28,215,"Niyamatpur F , P , School"
28,216,"Bhotor F , P , School  (Room-1)"
28,217,"Bhotor F , P , School  (Room-2)"
28,218,"Ghordhappa F , P , School  (Room-1)"
28,219,"Ghordhappa F , P , School  (Room-2)"
29,1,DAKSHIN DUARY MADRASA
29,2,RAYPUR BAGHABARI MADRASA
29,3,GENDABARI PRIMARY SCHOOL
29,4,RAYPUR BAGHABARI FREE PRIMARY SCHOOL
29,5,BOSTA FREE PRIMARY SCHOOL
29,6,DHARAMPUR 2NO GRAM PANCHAYAT OFFICE
29,7,MAJLISHPUR LIBRERY
29,8,MAJLISHPUR MADRASA
29,9,MAJLISHPUR FREE PRIMARY SCHOOL
29,10,MALDUAR FREE PRIMARY SCHOOL( ROOM - 1)
29,11,MALDUAR FREE PRIMARY SCHOOL( ROOM - 2)
29,12,CHURAKUTI  FREE PRIMARY SCHOOL
29,13,PURBA CHURAKUTI MADRASA
29,14,DIGHLI MADRASA
29,15,DHARAMPUR HIGH SCHOOL (ROOM - 1)
29,16,DHARAMPUR HIGH SCHOOL
29,17,DHARAMPUR HIGH SCHOOL (ROOM - 3)
29,18,DHARAMPUR CO-OPARATIVE MA SO OFFICE
29,19,JINNOTPUR FREE PRIMARY SCHOOL
29,20,GORGOCH BOGOLDANGI FP SCHOOL ( ROOM - 1)
29,21,GORGOCH BOGOLDANGI FP SCHOOL
29,22,SINGNATH MADRASA (ROOM - 1)
29,23,SINGNATH MADRASA (ROOM - 2)
29,24,GERNABARI FP SCHOOL(ROOM - 1)
29,25,GERNABARI FP SCHOOL(ROOM - 2)
29,26,SINGNATH FREE PRIMARY SCHOOL
29,27,DHULABARI MADRASA
29,28,KASHIBARI MADRASA
29,29,GODITOL NINMO BUNIADI VIDDYALAY
29,30,GOALPOKHER ICDS CENTRE
29,31,CHAYGHARIA BASTI ICDS CENTRE
29,32,DEBITOL FREE PRIMARY SCHOOL (ROOM - 1)
29,33,DEBITOL FREE PRIMARY SCHOOL (ROOM - 2)
29,34,BHULKABARI JR HIGH SCHOOL
29,35,ATKHORIA MADRASA
29,36,DEBIGANG FREE PRIMARY SCHOOL
29,37,THARUTOLA MADRASA
29,38,BALDIYAPOKHER MADRASA
29,39,BALDIYAPOKHER MADRASA
29,40,AMBARI FREE PRIMARY SCHOOL
29,41,VIJAYNAGAR TEA OFFICE
29,42,GOALIN FP SCHOOL
29,43,BETBARI MADRASA (AHARI GRIHA)
29,44,JHARBARI FP SCHOOL (ROOM - 1)
29,45,JHARBARI FP SCHOOL (ROOM - 2)
29,46,RAJPUKUR MADRASA
29,47,BURHABARI FP SCHOOL
29,48,TALBARI PRIMARY SCHOOL
29,49,HARIYANI MADRASA
29,50,HARIYANI SISHU SIKHA KENDRA
29,51,UTTAR LODHAN MADRASA
29,52,LODHAN HIGH SCHOOL
29,53,LODHAN MADRASA
29,54,CHOPRABAKHARI MADRASA
29,55,CHOPRABAKHARI FREE PRIMARY SCHOOL(ROOM - 1)
29,56,CHOPRABAKHARI FREE PRIMARY SCHOOL(ROOM - 2)
29,57,BHABRANGI MADRASA
29,58,UTTAR KHOJASUR (ROOM - 1) ASTHAYI GRIHA
29,59,UTTAR KHOJASUR (ROOM - 2) ASTHAYI GRIHA
29,60,PARTAPUR FREE PRIMARY SCHOOL
29,61,LALKURI FP SCHOOL (ROOM - 1)
29,62,JAGIRBASTI SHISU SIKHA KENDRA
29,63,LALKURI FREE PRIMARY SCHOOL
29,64,BAGGAON FP SCHOOL
29,65,BOCHAGARI FP SCHOOL
29,66,ANGAR BHASA MADRASA
29,67,GOTI FP SCHOOL
29,68,GOTI GP OFFICE (ROOM - 1)
29,69,GOTI GP OFFICE (ROOM - 2)
29,70,SINDHO FP SCHOOL
29,71,INTIA KASHIBARI FP SCHOOL
29,72,KELABARI MADRASA
29,73,BETBARI FP SCGOOL
29,74,BHELAGACHI FP SCHOOL
29,75,HALDAGAON MADRASA ( ASTHYI GRIHA)
29,76,MALITOLA FP SCHOOL
29,77,SRIPUR FP SCHOOL (ROOM - 1)
29,78,SRIPUR FP SCHOOL (ROOM - 2)
29,79,SRIPUR FP SCHOOL (ROOM - 3) ASTHAYI GRIHA
29,80,MALITOLA MADRASA ASTHAYI GRIHA
29,81,DANGIPARA JR HIGH SCHOOL (ROOM-1)
29,82,DANGIPARA JR HIGH SCHOOL (ROOM- 2)
29,83,NARGOON MADRASA
29,84,Nargoon F.P.S.
29,85,KICHAKTOLA HIGH SCHOOL
29,86,BONOBARI FP SCHOOL
29,87,SAHAPUR FP SCHOOL
29,88,PANCHRA FP SCHOOL (ASTHAYI GRIHA)
29,89,SAHAPUR MADRASA
29,90,NETAJI RURAL LIBRARY
29,91,MADHYA DUBKUL FP SCHOOL
29,92,DUBKUL FP SCHOOL
29,93,KOKILA MADRASA
29,94,KAHATA FULBARI FP SCHOOL
29,95,BHENDABARI JUNIOR HIGH  SCHOOL
29,96,LOHAGACHI FP  SCHOOL
29,97,MILIK FULBARI SISHU SIKKHA KENDRA
29,98,MALKUNDA MADRASA
29,99,DANGI KOIMARI FREE PRIMARY  SCHOOL
29,100,BIRBARI MADRASA
29,101,UKUSH BHASA FREE PRIMARY SCHOOL
29,102,UTTAR FULBARI FREE PRIMARY SCHOOL
29,103,SOLPARA FREE PRIMARY SCHOOL (ROOM - 1)
29,104,SOLPARA FREE PRIMARY SCHOOL (ROOM - 2)
29,105,TILAN FP SCHOOL (ROOM - 1)
29,106,TILAN FP SCHOOL (ROOM - 2)
29,107,KUALIGACHH FREE VIDYALAYA
29,108,GEDRIGAON MADRASA
29,109,GOAGAON FP SCHOOL (ROOM - 1)
29,110,GOAGAON FP SCHOOL (ROOM - 2)
29,111,BASANTAPUR FP SCHOOL
29,112,DEHAR FP SCHOOL (ROOM - 1)
29,113,BHAGWANPUR FREE PRIMARY SCHOOL
29,114,NAJIRPUR MADRASA (ROOM - 1) ASTHAYI GRIHA
29,115,NAJIRPUR MADRASA (ROOM - 2) ASTHAYI GRIHA
29,116,DEHAR FP SCHOOL (ROOM - 2) ASTHAYIGRIHA
29,117,BANGAON FP SCHOOL
29,118,GOAGAON NAYAHAT MADRASA
29,119,MARIA FP SCHOOL (ROOM - 1)
29,120,BALICHAR MADRASA ASTHAYI GRIHA
29,121,CHOPUA FP SCHOOL (ROOM - 3)
29,122,MARIA FP SCHOOL (ROOM - 2) ASTHAYIGRIHA
29,123,CHOPUA FP SCHOOL (ROOM - 1) ASTHAYIGRIHA
29,124,CHOPUA FP SCHOOL (ROOM - 2) ASTHAYIGRIHA
29,125,MAJGAON MADRASA
29,126,MAJGAON FP SCHOOL
29,127,AMALIA FP SCHOOL (ROOM - 1)
29,128,AMALIA FP SCHOOL (ROOM - 2)
29,129,AMALIA MADRASA
29,130,GODASIMOL FP SCHOOL (ROOM - 1)
29,131,GODASIMOL FP SCHOOL (ROOM - 2)
29,132,SAHAPUR-II GP OFFICE
29,133,KONA MADRASA (ROOM - 2)
29,134,KONA MADRASA (ROOM - 3)
29,135,SAHAPUR-I GP OFFICE
29,136,DANGI MADRASA
29,137,KATHALBARI FP SCHOOL
29,138,SATMARI FP SCHOOL
29,139,RAHAMANIA MADRASA (ROOM - 1)
29,140,RAHAMANIA MADRASA (ROOM - 2)
29,141,SAHAPUR MADRASA (ROOM - 1)
29,142,SAHAPUR MADRASA (ROOM - 2)
29,143,SAHAPUR MADRASA (ROOM - 3)
29,144,MADRASA SAHAPUR F P SCHOOL(ROOM - 1)
29,145,MADRASA SAHAPUR F P SCHOOL(ROOM - 2)
29,146,PAGLA FP SCHOOL (ROOM - 1)
29,147,PAGLA FP SCHOOL (ROOM - 2)
29,148,MAKHANPOKHER MADRASA (ROOM - 1)
29,149,MAKHANPOKHER MADRASA (ROOM - 2)
29,150,BAKKA DUMURIA FP SCHOOL (ROOM - 1)
29,151,BAKKA DUMURIA FP SCHOOL (ROOM - 2)
29,152,BAKKA DUMURIA FP SCHOOL (ROOM - 1) JR BASIC
29,153,BAKKA DUMURIA FP SCHOOL (ROOM - 2) JR BASIC
29,154,GOALAGAON FP SCHOOL
29,155,MOHANPUR FP SCHOOL
29,156,SAKUNTALA JR HIGH SCHOOL (ROOM - 1)
29,157,SAKUNTALA JR HIGH SCHOOL (ROOM - 2)
29,158,UDGAON FREE PRIMARY SCHOOL
29,159,DALA FREE PRIMARY SCHOOL
29,160,TORIYAL MIDDLE SCHOOL
29,161,SAUR MADRASA
29,162,DHANOLIA FP SCHOOL
29,163,SAMASPUR MADRASA
29,164,GOBINDAPUR FP SCHOOL
29,165,ARANI FP SCHOOL
29,166,GONDAL JR HIGH SCHOOL
29,167,LOTIPUR FP SCHOOL
29,168,CHITORA CLUB
29,169,URPI FP SCHOOL
29,170,KORIYAT FP SCHOOL
29,171,MAJRA SEED GODOWN (CADC)
29,172,BALIGORA FP SCHOOL
29,173,GOCHORA MADRASA
29,174,BELENCHA FREE PRIMARY SCHOOL
29,175,SIKARPUR FREE PRIMARY SCHOOL (ROOMNO 1)
29,176,SIKARPUR FREE PRIMARY SCHOOL (ROOMNO 2)
29,177,CHAKULIA HIGH SCHOOL (ROOM - 1)
29,178,CHAKULIA HIGH SCHOOL (ROOM - 2)
29,179,PUYAR FREE PRIMARY SCHOOL (ROOM -1)
29,180,PUYAR FREE PRIMARY SCHOOL (ROOM -2)
29,181,HARIPUR GRIRLS PRIMARY SCHOOL
29,182,KHIKIRTOLA FP SCHOOL (ROOM - 1)
29,183,KHIKIRTOLA FP SCHOOL (ROOM - 2)
29,184,KHIKIRTOLA FP SCHOOL (ROOM - 3)
29,185,KHIKIRTOLA FP SCHOOL (ROOM - 4)
29,186,GHARDHAPPA FP SCHOOL (ROOM - 1)
29,187,GHARDHAPPA FP SCHOOL (ROOM - 2)
29,188,GHARDHAPPA FP SCHOOL
29,189,GHARDHAPPA FP SCHOOL (ROOM - 4)
29,190,GOHHRAH MADRASA
29,191,BALDIYABHASA MADRASA
29,192,GOHHRAH MADRASA (ROOM - 2)
29,193,MALINGAON FREE PRIMARY SCHOOL
29,194,MALINGAON MADRASA
29,195,BANBARI FREE PRIMARY SCHOOL (ROOM - 1)
29,196,BANBARI FREE PRIMARY SCHOOL (ROOM - 2)
29,197,LADHI FREE PRIMARY SCHOOL (ROOM -1)
29,198,LADHI FREE PRIMARY SCHOOL
29,199,LAHIL KAMARSAL FREE PRIMARY SCHOOL
29,200,LAHIL FREE PRIMARY SCHOOL
29,201,DIGHLI KAMARSAL FREE PRIMARY SCHOOL
29,202,DIGHLI KAMARSAL FREE PRIMARY SCHOOL(ROOM - 2)
29,203,RAMPUR FP SCHOOL (ROOM - 1)
29,204,BELAN JR HIGH SCHOOL
29,205,BARODIA FP SCHOOL
29,206,BIJULIA FP SCHOOL
29,207,BIJULIA FP SCHOOL (ROOM - 2)
29,208,VARNA FP SCHOOL
29,209,KENEJIA FP SCHOOL
29,210,DOHOGA FP SCHOOL
29,211,DOHOGA MADRASA
29,212,HATOWARA FP SCHOOL (ROOM - 1)
29,213,HATOWARA FP SCHOOL (ROOM - 2)
29,214,LAHIL MADRASA
29,215,SUHIA MADRASA
29,216,SUHIA MADRASA
29,217,KANKI GP OFFICE
29,218,KANKI GP OFFICE (ROOM - 2)
29,219,DEOGAON FP SCHOOL
29,220,DEOGAON FP SCHOOL (ROOM - 2)
29,221,NAYANAGAR CO OP SOCIETY
29,222,SAINT IGNISIAN HIGH SCHOOL
29,223,HATIPAO FP SCHOOL
29,224,SAINT IGNISIASH HIGH SCHOOL (ROOM - 2)
29,225,SAHAPUR FP SCHOOL
29,226,KANKI SRIJAIN VIDYA MANDIR (ROOM -1)
29,227,KANKI SRIJAIN VIDYA MANDIR (ROOM -2)
29,228,KANKI SRIJAIN VIDYA MANDIR (ROOM -3)
29,229,MANORA MADRASA (ROOM - 1)
29,230,MANORA MADRASA (ROOM - 2)
29,231,MAHISHKHOR MADRASA
29,232,MANORA HIGH SCHOOL
29,233,NIJAMPUR MADRASA (ROOM - 1)
29,234,SAGARPUR FREE PRIMARY SCHOOL
29,235,NIJAMPUR MADRASA (ROOM - 2)
29,236,NIJAMPUR MADRASA (ROOM - 3)
29,237,RAMKRISNAPUR FP SCHOOL (ROOM - 1)
29,238,RAMKRISNAPUR FP SCHOOL (ROOM - 2)
29,239,RAMKRISNAPUR FP SCHOOL (ROOM - 3)
29,240,CHATHOL FP SCHOOL (ROOM - 1)
29,241,CHATHOL FP SCHOOL (ROOM - 2)
29,242,NARAYANPUR FULBARI FP SCHOOL
29,243,BARAGAON FP SCHOOL
29,244,BARAGAON FP SCHOOL (ROOM - 2)
29,245,BAGDOB FP SCHOOL
29,246,SUKHOR CHUKAI FREE PRIMARY SCHOOL
29,247,JAMIRA MADRASA
29,248,KOTHITOLA FREE PRIMARY SCHOOL (ROOM-2)
29,249,KOTHITOLA FREE PRIMARY SCHOOL (ROOM- 3)
29,250,JHANGARTOLI FREE PRIMARY SCHOOL (ROOM - 1)
29,251,JHANGARTOLI FREE PRIMARY SCHOOL (ROOM - 2)
29,252,SIBRAMPUR FREE PRIMARY SCHOOL (ROOM-1)
29,253,SIBRAMPUR FREE PRIMARY SCHOOL (ROOM-2)
29,254,GALIA FREE PRIMARY SCHOOL
29,255,BHAGALPUR FREE PRIMARY SCHOOL
29,256,KHOKSA FREE PRIMARY SCHOOL (ROOM -1)
29,257,KHOKSA FREE PRIMARY SCHOOL (ROOM -2)
29,258,TUTIKATA FREE PRIMARY SCHOOL
30,1,Kabutorkhopi Jr. Highschool
30,2,2 No. Patharbari FPS
30,3,3 No. Kalaram Madrasah
30,4,Bhebra FPS
30,5,Goaldob G.K. Urdu Jr. Highschool
30,6,Bajisaor FPS (Room No.2)
30,7,Bidyanandapur Gram Panchayat Office
30,8,Koily FPS
30,9,Bhabaniganj FPS
30,10,Konatola FPS (Room No.1)
30,11,Konatola FPS (Room No.2)
30,12,Kahalgaon FPS
30,13,Kahalgaon FPS (Room No.2)
30,14,Gohas Madrasah (Room No.1)
30,15,Gohas Madrasah (Room No.2)
30,16,16 No. Nabipur FPS
30,17,17 No. Teghara FPS (Room No.1)
30,18,18 No. Teghara FPS (Room No.2)
30,19,Boldariya FPS
30,20,Lalganj Jr. High school (Room No.1)
30,21,Lalganj Jr. High school (Room No.2)
30,22,Amlabari FPS
30,23,Lalganj FPS
30,24,Amlabari Madrasah (Room No.1)
30,25,Amlabari Madrasah
30,26,Hasan FPS (Room No.1)
30,27,Hasan FPS (Room No.2)
30,28,Hasan FPS (Room No.3)
30,29,Goalgaon Niyamatpur FPS (Room No.1)
30,30,Goalgaon Niyamatpur FPS (Room No.2)
30,31,Shasharkol FPS
30,32,Niyamatpur FPS (Room No.1)
30,33,Niyamatpur FPS (Room No.2)
30,34,Padamdohar FPS (Room No.1)
30,35,Padamdohar FPS (Room No.2)
30,36,Dehuti FPS (Room No.1)
30,37,Dehuti FPS (Room No.2)
30,38,Soidpur Bavantuli Jr. High School
30,39,Konal FPS
30,40,Asuragarh FPS (Room No.1)
30,41,Asuragarh FPS (Room No.2)
30,42,Soiyadpur Asthayee Ghar
30,43,Saiyadpur FPS
30,44,Surjapur High School (Room No.1)
30,45,Surjapur High School (Room No.2)
30,46,Kamolpur FPS (Room No.1)
30,47,Kamolpur FPS (Room No.2)
30,48,Surjapur Gram Panchayat Office (Room No.1)
30,49,Surjapur Gram Panchayat Office (Room No.2)
30,50,Shimulia Daiton FPS (Room No.1)
30,51,Shimulia Daiton FPS (Room No.2)
30,52,Shimulia Daiton FPS (Room No.3)
30,53,Shimulia Daiton FPS (Room No.4)
30,54,Lahasara FPS (Room No.1)
30,55,Lahasara FPS (Room No.2)
30,56,Nichitpur FPS
30,57,Malkot FPS
30,58,Hatbari FPS
30,59,Goalgaon Madrasah
30,60,Dalkhola Middle School
30,61,Dalkhola Girls High School
30,62,Sarsar FPS
30,63,Dalkhola P.W.D. Office (Room No.1)
30,64,Dalkhola P.W.D. Office (Room No.2)
30,65,Zilla Parishad Dak Bunglow
30,66,Subhaspally FPS
30,67,Dalkhola P.H.E. Rest House
30,68,Sub Registry Office
30,69,Dalkhola Bapu Club
30,70,Dalkhola High School (Room No.1)
30,71,Dalkhola High School (Room No.2)
30,72,Dalkhola High School (Room No.3)
30,73,Mithapur FPS (Room No.1)
30,74,Mithapur FPS (Room No.2)
30,75,Haripur FPS
30,76,Bhusamani FPS
30,77,Hemenpur Asthayee Ghar
30,78,Dalkhola-2 Gram Panchayat Office
30,79,Bhagabanpur FPS
30,80,Mohammadpur Madrasah
30,81,Chengatuli Shikarpur FPS (Room No.1)
30,82,Chengatuli Shikarpur FPS (Room No.2)
30,83,Bavonia FPS (Room No.1)
30,84,Bavonia FPS (Room No.2)
30,85,Jayrampur FPS
30,86,Abdulpur FPS
30,87,Chandgola FPS (Room No.1)
30,88,Chandgola FPS (Room No.2))
30,89,Jiagachhi Madrasah
30,90,Jiyagachhi Madrasah (Hatkhola)
30,91,Chiraanch FPS
30,92,Bhagsur Nabanirmito Asthayee Ghar
30,93,Bagila FPS (Room No.1)
30,94,Bagila FPS (Room No.2)
30,95,Rahatpur PFS
30,96,Palsa FPS
30,97,Palsa Junior High School
30,98,Raniganj Gram Panchayat Office
30,99,Raniganj R.I. Office
30,100,Patnor FPS (Room No.1)
30,101,Patnor FPS (Room No.2)
30,102,Maheshluti FPS (Room No.1)
30,103,Maheshluti FPS (Room No.2)
30,104,Goabari FPS
30,105,Kalibari FPS
30,106,Damdama High School
30,107,Sripur FPS
30,108,Baliamoni FPS (Room No.1)
30,109,Baliamoni FPS (Room No.2)
30,110,Khudargachhi FPS
30,111,Choprabari FPS
30,112,Bazargaon-2 Gram Panchayat Office
30,113,Begua High School
30,114,Paniha FPS
30,115,Baliamora ICDS centre
30,116,Bazargaon Gram Panchayat Office (Room No.1)
30,117,Bazargaon Gram Panchayat Office (Room No.2)
30,118,Bazargaon FPS
30,119,Paschim Prasadpur Asthayee Ghar
30,120,Jadopur ICDS Centre
30,121,Belua FPS
30,122,Nengura Bajitpur FPS
30,123,Andhariya FPS (Room No.1)
30,124,Andhariya FPS (Room No.2)
30,125,Hardanga Madrasah
30,126,Kalugaon Madrasah
30,127,Barmon Madrasah
30,128,Kachna FPS
30,129,Dighalgaon FPS (Room No.1)
30,130,Dighalgaon FPS (Room No.2)
30,131,Gopla FPS
30,132,Malipara FPS
30,133,Pouti Tilan FPS
30,134,Betna Kashiful Uloom Madrasah (Room No.1)
30,135,Betna Kashiful Uloom Madrasah (Room No.2)
30,136,Maheshpur Madrasah
30,137,Bhabanipur Madrasah
30,138,Chatipara FPS
30,139,Rudel VTC
30,140,Burihan Madrasah (Room No.1)
30,141,Burihan Madrasah (Room No.2)
30,142,Soidpur FPS
30,143,Najirpur FPS
30,144,Kaderganj FPS
30,145,Borra FPS
30,146,Khurka Jr. Basic School (Room No.1)
30,147,Khurka Jr. Basic School (Room No.2)
30,148,Maheshpur FPS
30,149,Bardohi FPS
30,150,Dhawta FPS
30,151,Koilara Madrasah
30,152,Koilara FPS
30,153,Gayeshpur Madrasah (Room No.1)
30,154,Gayeshpur Madrasah (Room No.2)
30,155,Hariya FPS
30,156,Bhopla FPS
30,157,Rasakhowa High School (Room No.1)
30,158,Rasakhowa High School (Room No.2)
30,159,Rasakhowa FPS
30,160,Khonta FPS
30,161,Kantirpa FPS
30,162,Barhas FPS
30,163,Chandragaon FPS
30,164,Paschim Fatepur ICDS Centre
30,165,Magnavita FPS (Room No.2)
30,166,Fatepur Singardaha FPS
30,167,Telengadangi FPS
30,168,Kochra Madrasah
30,169,Dakshin Kochra FPS
30,170,Kochra FPS
30,171,Chengatuli Gopalpur FPS (Room No.1)
30,172,Chengatuli Gopalpur FPS (Room No.2)
30,173,Gopalpur Samabay Samity Daptor
30,174,Satveti FPS
30,175,Bhulki FPS (Room No.1)
30,176,Bhulki FPS (Room No.2)
30,177,Madargachhi High School
30,178,Chounagra FPS
30,179,Bikour FPS (Room No.1)
30,180,Bikour FPS (Room No.2)
30,181,Monipara Kachna FPS
30,182,Sohar ICVM Office
30,183,Choto Sohar ICDS Centre
30,184,Pichhla Kamlahar FPS
30,185,Karandighi Rural Library
30,186,Pandepur FPS
30,187,Basudevpur FPS
30,188,Panasbari FPS
30,189,Mohanpur FPS
30,190,Karandighi Gram Panchayat Office No.1
30,191,Karandighi High School (Room No.1)
30,192,Karandighi High School (Room No.2)
30,193,Sericulture Rilling Unit Karan dighi
30,194,Dhanpara FPS
30,195,Panchpir FPS
30,196,Jharbari FPS
30,197,Panchloha FPS (Room No.1)
30,198,Panchloha FPS (Room No.2)
30,199,Tunivita FPS
30,200,Rabanpur Balichar Co-operative Office
30,201,Pargaon FPS
30,202,Bhakshala FPS
30,203,Bamondighi FPS
30,204,Puthimari FPS
30,205,Alihanagar Co-Op. Godown
30,206,Duarin FPS
30,207,Duarin High School (Room No.1)
30,208,Kamat Satveti FPS
30,209,Shalihan Madrasah
30,210,Duarin Jr. High School (Room No.2)
30,211,Satveti Chanditala FPS
30,212,Lahutara Kamat FPS
30,213,Lahutara FPS
30,214,Keshabpur FPS
30,215,Durlavpur Madrasah (Room No.1)
30,216,Durlavpur Madrasah (Room No.2)
30,217,Sabdhan Jr. Basic School
30,218,Sabdhaan High School (Room No.1)
30,219,Sabdhan High School (Room No.2)
30,220,Purba Mohanpur FPS
30,221,Bosra FPS (Room No.1)
30,222,Mehendabari FPS
30,223,Harintore FPS
30,224,Kamartore FPS (Room No.1)
30,225,Kamartore FPS (Room No.2)
30,226,Kamartore FPS (Room No.3)
30,227,Bujhra FPS (Room No.1)
30,228,Bujhra FPS (Room No.2)
30,229,Rabanpur FPS
30,230,Lahutara-2 GP Office
30,231,Alampur Health SubCentre
30,232,Kandalbari DT Centre (Room No.2)
30,233,Chapaichandi FPS (Room No.1)
30,234,Mirzapur FPS
30,235,Sadipur FPS
30,236,Altapur Jr. High School
30,237,Gobindapur FPS
30,238,Kurigaon FPS
30,239,Lodipur FPS
30,240,Khowaspur FPS
30,241,Raghabpur FPS
30,242,Raghabpur Madrasah
30,243,Raghabpur Natun Nirmit Asthayee ghar
30,244,Purba Raghabpur FPS
30,245,Bhikhonpur FPS
30,246,Temorpur FPS (Room No.1)
30,247,Temorpur FPS (Room No.2)
30,248,Tithpokhor High School (Room No.1)
30,249,Tithpokhor High School (Room No.2)
30,250,Tungidighi FPS
30,251,Jujharpur Jharbari FPS (Room No.1)
30,252,Jujharpur Jharbari FPS (Room No.2)
30,253,Kuitore FPS
30,254,Machhol FPS (Room No.1)
30,255,Machhol FPS (Room No.2)
30,256,Beldohi FPS
30,257,Altapur-2 Gram Panchayat Office
30,258,Nakol FPS
30,259,Ibrahimpur Motiganj FPS
30,260,Baliya FPS
30,261,Bilaspur FPS (Room No.1)
30,262,Bilaspur FPS (Room No.2)
31,1,Mallikpur F.P. School
31,2,Basatpur F.P. School
31,3,Tajpur F.P. School
31,4,Jhinukpur F.P. School
31,5,Bhatun F.P. School
31,6,Bhatol Hat Jr.B. School(North)
31,7,Bhatol Hat Jr.B. School(South)
31,8,Momin Tola F.P. School
31,9,Kuliyara F.P. School
31,10,Khari Gopalpur F.P. School
31,11,Malibari F.P. School(North)
31,12,Malibari F.P. School(South)
31,13,Kochnabari F.P. School
31,14,Maslandpur F.P. School
31,15,Bhatganj F.P. School
31,16,Runia F.P. School(East)
31,17,Runia F.P. School(North)
31,18,Makdampur F.P. School
31,19,Sariabad F.P. School
31,20,Sariabad F.P. School
31,21,Khari Sariabad F.P. School
31,22,Khari Sariabad F.P. School(Temporary Construction)
31,23,Paramjan Jr. Basic School
31,24,Paschim Gobindapur F.P. School
31,25,Dhusmal F.P. School
31,26,Jaunia F.P. School
31,27,Halalpur F.P. School
31,28,Jagadishpur F.P. School
31,29,Domapir Furkunia Madrasah
31,30,Jagadishpur Primary School(Approved)
31,31,Moulachandi Primary School
31,32,Songaon F.P. School
31,33,Bhagilata Junior High School
31,34,Pratappur F.P. School
31,35,Bardhara F.P. School
31,36,Mahua Jr. Basic School
31,37,Kantore Jr. Basic School(North)
31,38,Kantore Jr. Basic School(South)
31,39,Balaigaon F.P. School
31,40,Bhagatgaon F.P. School
31,41,Basian Rural Library
31,42,Basian F.P. School
31,43,Fakirtola F.P. School
31,44,Gedarpara F.P. School
31,45,Lakshmania F.P. School
31,46,Lakshmania Moraltuli F.P. School(North)
31,47,Lakshmania Moraltuli F.P. School(South)
31,48,Rampur Indira Uchcha Vidyapith (North)
31,49,Rampur Indira Uchcha Vidyapith(South)
31,50,Uttar Goalpara F.P. School
31,51,Maharajahat High School
31,52,Najirpur F.P. School
31,53,Adiar F.P. School(North)
31,54,Adiar F.P. School(South)
31,55,Lohagara F.P. School
31,56,Arthagram F.P. School
31,57,Gayash F.P. School
31,58,Bhattadighi F.P. School
31,59,Sahapur Ekamba F.P. School
31,60,Lahanda Junior Basic School(East)
31,61,Lahanda Junior Basic School(West)
31,62,Gomardha F.P. School
31,63,Sitalpur F.P. School
31,64,Paikpara F.P. School
31,65,Chopra Ghagra F.P. School(North)
31,66,Chopra Ghagra F.P. School(South)
31,67,Dwipnagar F.P. School
31,68,Dwipnagar Adibasi F.P. School
31,69,Mahigram F.P. School
31,70,Sakutola F.P. School
31,71,Dhoya Bisuya F.P. School(North)
31,72,Dhoya Bisuya F.P. School(South)
31,73,Sialtore F.P. School
31,74,Kashimpur F.P. School
31,75,"Sitgram, F.P. School(East)"
31,76,"Sitgram, F.P. School(West)"
31,77,Deoyagaon F.P. School
31,78,Burakamat F.P. School
31,79,Baroi F.P. School
31,80,Lohujgram F.P. School(North)
31,81,Lohujgram F.P. School(South)
31,82,Makra F.P. School
31,83,Jhitkia F.P. School
31,84,Pakamba F.P. School
31,85,Teghara F.P. School
31,86,Kumarjol F.P. School
31,87,Hatmoni Sankarpur F.P. School
31,88,Maharajpur F.P. School
31,89,Chapduar Jr. Basic School
31,90,Subhasganj High School
31,91,Soharoi F.P. School
31,92,Dakshin Soharoi F.P. School
31,93,Baroduari Jr. Basic School
31,94,Narayanpur F.P. School
31,95,Bahin High School
31,96,Bhulkai F.P. School
31,97,Kumrol F.P. School
31,98,Goyaldaha Jugiamer F.P. School
31,99,Bisahar F.P. School
31,100,Bhitiyar F.P. School(North)
31,101,Bhitiyar F.P. School(South)
31,102,Dubduyar F.P. School
31,103,Anantapur F.P. School
31,104,Parar Pukur F.P. School
31,105,Hatia High School
31,106,Nuripur F.P. School
31,107,Rudrakhanda Shyampurhat F.P. School
31,108,Elengia F.P. School
31,109,Gouri F.P. School
31,110,Naram F.P. School
31,111,Amritakhanda Jr. Basic School
31,112,Birahimkhanda F.P. School
31,113,Dakshin Bishnupur F.P. School
31,114,Bhatghora Basudebpur F.P. School
31,115,Bhatghora Katihar F.P. School
31,116,Subhasganj GSFP School
31,117,Subhasganj Dakshin Para F.P. School(North)
31,118,Subhasganj Dakshin Para F.P. School(South)
31,119,Kotgram F.P. School
31,120,Kotgram Palpara F.P. School
31,121,Tenohari F.P. School(North)
31,122,Tenohari F.P. School(South)
31,123,Maraikura F.P. School
31,124,Purba Tenahari F.P. School
31,125,Maharaja Jagadishnath F.P. School No-2 South
31,126,Maharaja Jagadishnath F.P. School No-2 North
31,127,Maharaja Jagadishnath High School(East)
31,128,Maharaja Jagadishnath High School(West)
31,129,Kailash Chandra Radharani Vidyapith
31,130,Maraikura Indramohan Vidyabhavan
31,131,Kailash Chandra Radharani Vidyapith(North)
31,132,Kailash Chandra Radharani Vidyapith(South)
31,133,Gayalal Ramhari High School(North)
31,134,Gayalal Ramhari High School(East)
31,135,Gayalal Ramhari High School(South East)
31,136,Gayalal High School
31,137,Gayalal Girls High School (North West)
31,138,Raiganj Sishu Sadan(North)
31,139,Raiganj Sishu Sadan(South)
31,140,Debinagar F.P. School
31,141,Shib Bari F.P. School(North)
31,142,Shib Bari F.P. School(South) Telipara
31,143,Gopal Bandhab Pathshala(North)
31,144,Binadebi  GSFP School Shyamapally
31,145,Raiganj Coronation High School(East)
31,146,Raiganj Girils High School(North)
31,147,Raiganj Coronation High School(North)
31,148,Raiganj Coronation High School(South)
31,149,Raiganj Coronation High School Ukilpara
31,150,Kanchanpally GSFP School(South)
31,151,Kanchanpally GSFP School(Temporary Construction)
31,152,Kanchanpally GSFP School(West)
31,153,Raiganj Municipality Office
31,154,Raiganj Municipality Office
31,155,Raiganj Girls High School(South)
31,156,Raiganj Girls High School(West)
31,157,Sri Sri Ramkrishna Vidyabhavan(West)
31,158,Ashalata F.P. School
31,159,Shilpinagar Taposili F.P. School(North)
31,160,Shilpinagar Taposili F.P. School(South)
31,161,Sri Sri Ramkrishna Vidyabhavan(East)
31,162,Sri Sri Ramkrishna Vidyabhavan(Middle East)
31,163,Raiganj Polytechnic College(West)
31,164,Raiganj College(Birnagar)
31,165,Raiganj College(Middle North) Birnagar
31,166,Raiganj College(Middle East)
31,167,Raiganj Polytechnic College(North)
31,168,Raiganj Polytechnic College(South)
31,169,Raiganj College(South)
31,170,Raiganj Block Office
31,171,Raiganj College Student Commonroom
31,172,Raiganj Ploytechnic College(North East)
31,173,Raiganj Ploytechnic College(North West)
31,174,Collegepara GSFP School Collegepara
31,175,"S.D.O. Office, Minor Irrigation Corporation"
31,176,Mohonbati GSFP School
31,177,Mohonbati GSFP School(Middle North-West)
31,178,Mohonbati GSFP School(Middle North-East)
31,179,Mohonbati GSFP School(South)
31,180,Dwaraka Nath F P School(East)
31,181,Dwaraka Nath F P School(East)
31,182,Parbati Debi Balika Vidyalaya(East) Tulsipara
31,183,Haribasar F P School
31,184,Parbati Debi Balika Vidyalaya(Middle)
31,185,Parbati Debi Balika Vidyalaya(West)
31,186,Dwarika Prasad Uccha Vidyachakra(North)
31,187,Dwarika Prasad Uccha Vidyachakra(South)
31,188,Parbati Debi Balika Vidyalaya(North)
31,189,Surendra Nath College
31,190,Dwarika Prasad Uccha Vidyachakra(East)
31,191,Dwarika Prasad Uccha Vidyachakra(West)
31,192,Upendra Nath GSFP School
31,193,Upendra Nath GSFP School
31,194,Deshbandhu Girls Junior High School(North)
31,195,Deshbandhu Girls Junior High School(South)
31,196,Ratankrishna Nag Aided F P School
31,197,Ratankrishna Nag Aided F P School
31,198,Mohonbati High School(East)
31,199,Mohonbati High School(Middle)
31,200,Mohonbati High School(North)
31,201,Saralasundari F P School(East)
31,202,Saralasundari F P School(West)
31,203,Noyapara F P School
31,204,Atiyakundi F P School
31,205,Bhagdumur F P School
31,206,Sijgram F P School
31,207,Malancha Jr. B. School
31,208,kachimuha F P School
31,209,kachimuha F P School(South)
31,210,Harigram Dakshin Bamangram F P School
31,211,Siyagram F P School
31,212,Goluisara F P School
31,213,Kuriyal F P School
31,214,kanaipur F P School
31,215,Barua F P School(South)
31,216,Barua F P School(North)
31,217,Kasibati Vivekananda Vidyapith
31,218,Raipur F P School
31,219,Sonadangi F P School
31,220,Bamangram F P School(East)
31,221,Bamangram F P School(West)
31,222,Dakshin Goalpara F P School(North)
31,223,Dakshin Goalpara F P School(South)
31,224,Purba Goalpara F P School
31,225,Taherpur F P School
31,226,Paschim Mahadebpur F P School
31,227,Deokhanda F P School
31,228,Rupahar F P School
31,229,Rupahar F P School
31,230,Piplan F P School
31,231,Jaynagar F P School(South)
31,232,Mahishbathan F P School
31,233,Bhupalchandra Vidyapith
31,234,Bajitpur F P School
31,235,Manoharpur F P School
31,236,Rishipur F P School
31,237,Basmanpara F P School
31,238,Birghai F P School(West)
31,239,Birghai F P School(South)
31,240,Pardha F P School
31,241,Cheramati F P School
31,242,Poaltor F P School
32,1,Bahor F.P. School
32,2,Mannogar F.P. School
32,3,Bindol High School
32,4,Pariharpur F.P. School
32,5,Kailadangi F.P. School
32,6,Baje Bindol F.P. School
32,7,Telipukur F.P. School
32,8,Antara F.P. School
32,9,Borbar F.P. School
32,10,Balia  F.P. School
32,11,Moujgaon F.P. School (Uttar)
32,12,Moujgaon F.P. School (Dakshin)
32,13,Krishnapur F.P. School
32,14,Khoksha High School
32,15,Subarnapur F.P. School
32,16,Mukundapur Junior Basic school
32,17,Shibapur F.P. School
32,18,Dodra F.P. School
32,19,Debinagar F.P. School
32,20,Bagrol F.P. School
32,21,Serpur F.P. School (Uttar)
32,22,Serpur F.P. School (Dakshin)
32,23,Konkra F.P. School (Uttar)
32,24,Konkra F.P. School (Dakshin)
32,25,Bamuha F.P. School (Uttar)
32,26,Bamuha F.P. School (Dakshin)
32,27,Gobindapur Junior Basic School
32,28,Khalsi F.P. School
32,29,Dhurail F.P. School
32,30,Dangapara F. P. School
32,31,Khadimpur F. P. School
32,32,Chatparua Ghanikendra (Uttar)
32,33,Chatparua Ghanikendra (Dakshin)
32,34,Chatparua F. P. School
32,35,Dakshin Sushihar F.P.School
32,36,Bijgram F. P. School
32,37,Piroj Pur F.P. School
32,38,Karnajora Kalibari F.P. School
32,39,Barodanga F.P. School
32,40,Karnajora High School
32,41,Mehendigram F.P. School
32,42,Udayapur Girls High School (Uttar-Purba)
32,43,Udayapur Girls High School (Dakshin)
32,44,Bogram F.P. School (Uttar)
32,45,Bogram F.P. School (Dakshin)
32,46,Abdulghata G.S.F.P. School
32,47,Chandor Chanditala F.P. School
32,48,Chhatrapur F.P. School (Uttar)
32,49,Chhatrapur F.P. School (Dakshin)
32,50,Kamalabari F.P. School
32,51,Kasaba Mahasho Makadumiya Junior High School
32,52,Kasaba Mahasho Makadumiya Junior High Madrasa (Dakshin)
32,53,Bahin Pahad Pur F.P. School (Purba)
32,54,Bahin Pahad Pur F.P. School (Paschim)
32,55,Mahishagaon F.P. School
32,56,Bharatapur High School
32,57,"Bamra F.P. School, Bamra"
32,58,"Shimuldanga F.P. School, Shimuldanga"
32,59,"Sontara F.P. School, Sontara"
32,60,Chanagar Gram Panchayat Office
32,61,"Chainagar F.P. School, Chainagar"
32,62,Aasamanahat F.P. School
32,63,Tilan F.P. School
32,64,Manik Pada F.P. School
32,65,Madhy Bishnupur F.P. School
32,66,Bishnupur Gram Panchayat Office
32,67,Bamair F.P. School
32,68,Bahala Junior Basic School
32,69,Kastarai F.P. School
32,70,Shitalpur F.P. School
32,71,Kachan Madrasa
32,72,Titihi F.P. School
32,73,Bhogram Senior Madrasa
32,74,Rahugram F.P. School
32,75,Turiban F.P. School
32,76,Sunair F.P. School
32,77,Baharail F.P. School
32,78,Kalua F.P. School
32,79,Dakshin Malon F.P. School
32,80,Malon F.P. School
32,81,Dariman Pur Bhanumati S.C. High School
32,82,Dariman Pur Bhanumati S.C. High School
32,83,Naoda F.P. School
32,84,Naoda Gram Panchayat Office
32,85,Surang Pur F.P. School
32,86,Ghagara F.P. School
32,87,Rampur F.P.school
32,88,Anantakota F.P. School
32,89,Bidishail F.P. School
32,90,Krishnabati F.P. School
32,91,Patoir F.P. School
32,92,Ratibati F.P.School
32,93,Dehuchi Junior Basic School
32,94,Mahajanbari F.P. School
32,95,Araji Kashimpur Junior Madrasa
32,96,Samaspur Sardarpara Madrasa
32,97,Samaspur Uchch Bidyalay
32,98,Ramnathpara F.P. School
32,99,Kantor F.P. School
32,100,Choto Kantor Madrasa
32,101,Hemtabad Sericulture Composite Unit (Godown)
32,102,Hemtabad Adarsha Vidyalaya (Uttar)
32,103,Hemtabad Adarsha Vidyalaya (Dakshin)
32,104,Kashimapur F.P. School
32,105,Sonabandh F.P.School
32,106,Hemtabad Gram Panchayat Office
32,107,Ranahatta F.P. School
32,108,Kakar Sing F.P. School
32,109,Kakad Sing F.P. School
32,110,Harinarayanapur F.P. School
32,111,Minapara Bhatura F.P. School
32,112,Dudhanda Alok Tirtha High School
32,113,Mahipur F.P. School
32,114,Dhoyarai F.P. School
32,115,Bangalabadi Junior Basic School (Purba)
32,116,Bangalbadi Junior Basic School (Passchim)
32,117,Balaigaon F.P. School
32,118,Agapur F.P.School
32,119,Islampur F.P. School
32,120,Islampur Madrasa
32,121,Dodhikotbari F.P. School
32,122,Dodhikotbari Madrasa
32,123,Aatakora F.P. School
32,124,Gutin Junior Basic School  (Purba)
32,125,Gutin Junior Basic School  (Paschim)
32,126,Bangalbari High School  (Purba)
32,127,Bangalbari High School  (Paschim)
32,128,Narpur F.P. School
32,129,Shasan R.N. Junior High School (Dakshin)
32,130,Balufara F.P. School
32,131,Shasan Sasthya Upa-Kendra
32,132,Shasan R.N. Junior High School (Utttar)
32,133,Mitrabati F.P. School
32,134,Uttar Gouripur F.P. School
32,135,Sadipur F.P. School
32,136,lakhipur F.P. School
32,137,Jarang-Batasan F.P. School
32,138,Purgram Junior Basic School
32,139,Mudafat F.P. School
32,140,Bhelai S.C. Junior High School
32,141,Anantapur F.P. School
32,142,Dasiya Junior Basic School
32,143,Mahinagar F.P. School (Purba)
32,144,Mahinagar F.P. School (Paschim)
32,145,Pachakandar F.P. School
32,146,Madhya Gouripur F.P. School
32,147,Dhandar Pail F P School
32,148,Mirzapur F. P. School
32,149,Kaliyaganj Ginni Debi Hindi High School
32,150,Ginni Debi Hindi High School
32,151,Chidail Pir Pukur F.P. School
32,152,Kaliyaganj College (Sergram)
32,153,Chidail Junior Basic School
32,154,Kaliyaganj Live Stock Office
32,155,Kaliyaganj Assistant Engineer (PWD) Office
32,156,Monimela Mohila Samiti G.S.F.P. School
32,157,Monimela Mohila Samiti G.S.F.P. School
32,158,Hospital Para F.P. School
32,159,"Mahendraganj G.S. F.P. School,  No. 1"
32,160,"Mahendraganj G.S. F.P. School,  No. 1"
32,161,Kaliyaganj Sarala Sundari G.S.F.P. School (Uttar)
32,162,Kaliyaganj Sarala Sundari G.S.F.P. School (Madhya)
32,163,Kaliyaganj Sarala Sundari G.S.F.P. School (Dakshin)
32,164,Kaliyaganj Sarala Sundari G.S.F.P. School (Dakshin)
32,165,Kaliyagnaj Milanamayee Girls High School (Uttar-Purba)
32,166,Kaliyagnaj Milanamayee Girls High School (Purba-Dakshin)
32,167,Kaliyagnaj Milanamayee Girls High School (Paschim-Uttar)
32,168,Kaliyagnaj Milanamayee Girls High School (Paschim-Dakshin)
32,169,Kaliyaganj Parbati Sundari High School (Uttar-Purba)
32,170,Kaliyaganj Parbati Sundari High School (Uttar-Paschim)
32,171,Kaliyaganj Parbati Sundari High School (Dakshin)
32,172,Kaliyaganj Parbati Sundari High School (Dakshin-Paschim)
32,173,Purba Aakhanagar F.P. School (Purba)
32,174,Purba Aakhanagar F.P. School (Paschim)
32,175,Rasidapur F.P. School (Uttar)
32,176,Rasidapur F.P. School (Dakshin)
32,177,Mahendraganj G.S. F.P. School No. 2
32,178,Mahendraganj G.S. F.P. School No. 2 (Dakshin)
32,179,Sheth Kaloni G.S.F.P. School (Uttar-Purba)
32,180,Sheth Kaloni G.S.F.P. School (Uttar-Paschim)
32,181,Amritalal F.P. School
32,182,Kaliyaganj Co-Operative Store (Main)
32,183,Kaliyaganj Municipality Office
32,184,Monmohan Girls High School
32,185,Tilgaon Junior Basic School
32,186,Paschim Durgapur Junior Basic School
32,187,BiswanathpurJunior Basic School
32,188,Baghan Junior Basic School
32,189,Baghan Kalitala Vidyapith
32,190,CADC Office
32,191,Ratan Junior Basic School
32,192,Tungail Bilapada Junior Basic School (Paschim)
32,193,Tungail Bilapada Junior Basic School (Uttar)
32,194,Purba Bhandar F.P.School
32,195,Pashchim Bhandar F.P. School
32,196,Serabhandar Junior Basic School
32,197,Tapasighata F.P. School
32,198,Mahadebpur F.P. School
32,199,Sahapur F.P. School
32,200,Dhabail F.P. School
32,201,Shibapur Junior Basic School
32,202,Madhabpur F.P.School (East)
32,203,Kashidanga F.P. School (East)
32,204,Bheur Junior Basic School
32,205,Boral F. P. School
32,206,Mustafanagar Junior Basic School (Paschim)
32,207,Mustafanagar Junior Basic School (Purba)
32,208,Chand Gaon F.P. School
32,209,"Hata Para F.P. School, 1"
32,210,"Boni Gaon F.P. School, 1"
32,211,Paschim Kunor F.P. School
32,212,Rautagaon F.P. School
32,213,Kunor F.P. School
32,214,Kunor High School
32,215,Natuyadangi Junior Basic School
32,216,Bhuainhara Junior Basic School
32,217,Chaipara F.P. School
33,1,Monoharpur Junior Basic School
33,2,Sursha F. P. School
33,3,Balas F. P. School
33,4,Ramkrishnapur  F. P. School
33,5,Lakshmipur Junior Basic School
33,6,Hajaratpur F. P. School
33,7,Shimultala F. P. School
33,8,Dhonkoil F. P. School
33,9,Dhonkoil Hatkhola Kacharibari
33,10,"Shanti colony Asthayee Kendra (Uttar), Pirtala"
33,11,"Shanti colony Asthayee Kendra (Uttar), Pirtala"
33,12,Lakshmipur Mohimchandra Uccha Bidyabhaban
33,13,Hariharpur F. P. School
33,14,Mujia F. P. School
33,15,Nosirhat Junior Basic School
33,16,"Deogaon F. P. School , (Uttar Angsho)"
33,17,Deogaon F. P. School  (Dakshin Angsho)
33,18,"Dalimgaon Junior Basic School, Lohatora"
33,19,Dalimgaon High School
33,20,Dalimgaon F. P. School (Paschim)
33,21,Uttar Shankarpur J.B School
33,22,"Chakshibananda F. P. School, Chakshibananda"
33,23,Bhabok Gouripur F.P. School
33,24,Bakduar F.P. School
33,25,Udhgaon F.P. School
33,26,Mirjagar F.P. School
33,27,Radhikapur Junior School
33,28,Balahar Free Primary School
33,29,Narayanpur Chakdilal F.P. School
33,30,Sukondighi F. P. School
33,31,Maljum F.P. School (Dakshin)
33,32,Faridpur F.P. School
33,33,Baikunthapur F.P. School
33,34,Bagcha F.P School
33,35,Harekrishnapur F.P. School
33,36,Paligaon F.P. School (Uttar)
33,37,Paligaon F.P. School (Dakshin)
33,38,Puriya F.P. School (Purba)
33,39,Puriya F.P. School (Paschim)
33,40,"Puriya Maheshpur Uccha Bidyalay, (Uttar)"
33,41,"Puriya Maheshpur Uccha Bidyalay, (Dakshin)"
33,42,Pakuria F. P. School
33,43,Atghora F. P. School
33,44,Bochadanga J. B. School
33,45,Purba Shankarpur F. P. School
33,46,Singtor Junior Basic School (Purba)
33,47,Balarampur F. P. School
33,48,Aanaun F. P. School
33,49,Tarangapur N. K. High School
33,50,Tarangapur Purba F. P. School
33,51,Tarangapur Govt. Junior Basic Training Institute
33,52,Dhamja Junior Basic School
33,53,Baidan F. P. School
33,54,Fatepur C. D. High School
33,55,Fatepur J. B. School
33,56,Chandoil F. P. School
33,57,Jingaon F. P. School
33,58,Kaludanga F. P. School
33,59,Pahargaon F. P. School
33,60,Malgaon Junior Basic School
33,61,"Malgaon T. M. O Uccha Madrasha School, (Purba)"
33,62,"Malgaon T. M. O Uccha Madrasha School, (Paschim)"
33,63,Raynagar Junior Basic School
33,64,Dakshin Raghunathpur F. P. School
33,65,Raghunathpur F. P. School
33,66,Palihar F. P. School
33,67,Palihar F. P. School (Haspukur)
33,68,"Randhunipara F. P. School, Randhunipara"
33,69,Palaibari F. P. School (Purba)
33,70,Palaibari F. P. School (Paschim)
33,71,Beurjhari F. P. School
33,72,Balabandh F. P. School
33,73,Khotsa Junior Basic School
33,74,Hamidpur F. P. School
33,75,Dakshin Gobindapur Junior Basic School
33,76,Kushgram F. P. School
33,77,Jhapoil F. P. School
33,78,Majhiar F. P. School
33,79,Kahil F. P. School
33,80,Baruna F. P. School
33,81,Kuriya F. P. School
33,82,Madhupur F. P. School
33,83,Aatia Junior Basic School
33,84,Kachna F. P. School (Uttar)
33,85,Kachna F. P. School (Dakshin)
33,86,Purba Goalgaon Junior Basic School
33,87,Chandipur F. P. School
33,88,Dilalpur F. P. School (Basantitala)
33,89,Kharipara F. P. School (Uttar)
33,90,Kharipara F. P. School (Dakshin)
33,91,Krishnapur F. P. School
33,92,Minapara F. P. School
33,93,Parameshwarpur F. P. School (Purbangsho)
33,94,Pameshwarpur F. P. School (Purbangsho)
33,95,Kunia F. P. School
33,96,Bagdol F. P. School
33,97,Nij Uttarpara F. P. School
33,98,Balapukur F. P. School
33,99,Rajapur F. P. School
33,100,Goalgaon F. P. School
33,101,Samshia F. P. School
33,102,Ghotsa F. P. School
33,103,Saraihat Bajedinor F. P. School
33,104,Ukhlia F. P. School (Uttar)
33,105,Ukhlia F. P. School (Dakshin Angsho)
33,106,Khantapara F. P. School
33,107,Nakarna F. P. School
33,108,Kesharpur F. P. School
33,109,Makail F. P. School
33,110,Mandahar F. P. School
33,111,Uttar Karanji F. P. School
33,112,"Karanji Oldscheme Senior Madrasha, Karanji"
33,113,Raghunathpur Choragachi F. P. School
33,114,Uttar Nahit F. P. School
33,115,Nahit Junior High School
33,116,Boro Krishnapur F. P. School
33,117,Dhakdhol High School
33,118,Dhakdhol F. P. School
33,119,"Betahar F. P. School, Betahar"
33,120,Balashpur F. P. School
33,121,"Udaypur F. P. School, (Uttarangso)"
33,122,"Udaypur F. P. School, (Dakshinagso)"
33,123,Chousha F. P. School
33,124,Moulai F. P. School
33,125,Kandaho F. P. School
33,126,Maheshkuri F. P. School
33,127,Salekkuri F. P. School
33,128,Chandpur F. P. School
33,129,Bhelakuri F. P. School
33,130,Satimari F. P. School
33,131,"Satimari F. P. School, Satimari"
33,132,Angariban Puthari F. P. School
33,133,Basoil Jhagrapara F. P. School
33,134,Sargoda Kapuria F. P. School
33,135,"Mahipal Dighi Highschool, Mahipal Dighi"
33,136,Gobrabil F. P. School
33,137,Pachhaata F. P. School
33,138,Kakoir F. P. School
33,139,Dikul Junior Basic School
33,140,Ramchandrapur F. P. School
33,141,KANTABARI JUNIOR HIGH SCHOOL
33,142,Madhabpur Borogachi F. P. School
33,143,Choto Damodarpur F. P. School
33,144,"Berol F. P. School, (Purba)"
33,145,Mithapukur F. P. School
33,146,Lohaganj F. P. School
33,147,Mohabullapur F. P. School
33,148,Nimkuri Dangapara F. P. School (Uttarangso)
33,149,Nimkuri Dangapara F. P. School (Uttarangso)
33,150,Jadabpur F. P. School
33,151,"Berol F. P. School, (Paschim pasey)"
33,152,Kusumandi High School
33,153,Kusumandi Gram Panchayet Office
33,154,Mangalpur Junior High School
33,155,Rampur F. P. School
33,156,Basilahar F. P. School
33,157,Singtor F. P. School
33,158,"P.H. E. Office, Kasba (Paschim Angso)"
33,159,Samsia Junior Basic School
33,160,Lakshmipur F. P. School
33,161,Mirapara F. P. School
33,162,Bhajna F. P. School
33,163,BASAIL F.P. SCHOOL
33,164,Chapahat F. P. School
33,165,Rasulpur F. P. School
33,166,DEULBARI F.P. SCHOOL
33,167,Puinala Maha Gram F. P. School
33,168,Bargheria Junior Basic School
33,169,Kalikamora F. P. School
33,170,Belpukur F. P. School
33,171,Chakdhapara F. P. School
33,172,Aminpur Junior Basic School
33,173,Abuhar F. P. School
33,174,Noorpur High Madrasha
33,175,Shiyala F. P. School
33,176,Tejihar F. P. School
33,177,Boroil F. P. School
33,178,Ismail F. P. School
33,179,Manikor F. P. School
33,180,Deoul F. P. School
33,181,Ruyanagar F. P. School (Uttar Angsho)
33,182,Ruyanagar F. P. School (Dakshin)
33,183,Langalbhanga F. P. School
33,184,"Gopalpur F. P. School, Gopalpur"
33,185,Mahishbathan F. P. School
33,186,"Khagail F. P. School, Khagail"
33,187,Dohorol F. P. School
33,188,"Dohorol F. P. School, Dohorol"
33,189,Mollapara Pally Pathagar
33,190,Balarampur Baluchar F. P. School
33,191,Nabhor F. P. School
33,192,"Nayapara F. P. School, Nayapara"
33,193,Sarala F. P. School
33,194,Sarala B. N. High School
33,195,Berail F. P. School
33,196,BEROIL G.P. OFFICE
33,197,Kachra F. P. School
33,198,Dehaband F. P. School
33,199,Dehaband F. P. School
33,200,Pora Danga F. P. School
33,201,Kharikadighi F. P. School
33,202,Adakhanda F. P. School
33,203,Ekdala Boirhatta F. P. School
33,204,Bindolbati F. P. School
33,205,Kuar Bari F. P. School
33,206,Pupra F. P. School
34,1,"Godahar F,P,School (Purba)"
34,2,"Godahar F,P,School (Paschim)"
34,3,Bariol Junior Basic School
34,4,"Bajitapur F,P,School (Uttar)"
34,5,"Pajol F,P,School"
34,6,"Surun F,P,School (Purba)"
34,7,"Surun F,P,School (Paschim)"
34,8,"Damadoliya F,P,School (Purba)"
34,9,"Damadoliya F,P,School (Paschim)"
34,10,"Khasra F,P,School"
34,11,"Kharsot F,P, School"
34,12,"Indran F,P, School"
34,13,Balijol Pra: Vidyalay
34,14,Balijol Ju: High School
34,15,Kotar Ju: Basic School
34,16,Surun-2 Gram Panchayat Office
34,17,"Keotal F,P,School"
34,18,"Ujani F,P, School"
34,19,Paloibari F.P. School (Dakshin)
34,20,Paloibari F.P. School (Uttar)
34,21,Belul F.P. School
34,22,Abhinagar P. School
34,23,Hasuya Ju: Basic School (Paschim)
34,24,Hasuya Ju: Basic School (Purba)
34,25,Bahuti F.P. School
34,26,Bogun F.P. School
34,27,Chandol F.P. School
34,28,Chandigram F.P. School
34,29,Durgapur Junior Basic School (Uttar)
34,30,Durgapur Junior Basic School (Dakshin)
34,31,Kamalai F.P. School
34,32,Aataghariya F.P. School
34,33,Bekidanga F.P. School (Paschim)
34,34,Bekidanga F.P. School (Purba)
34,35,Kukrakunda F.P. School
34,36,Sadapur F.P. School
34,37,Sonapur Junior Basic School
34,38,Dakshinal F.P. School
34,39,Betor F.P. School
34,40,Laskarpur F.P. School
34,41,Pabartipur Laskarapur F.P.School
34,42,Mahanandapur F.P. School
34,43,Aasharafapur F.P. School
34,44,Bhaganail F.P. School
34,45,Bhaganail F.P. School (Paschim)
34,46,Nandanagram F.P. School
34,47,Dularbhapur F.P. School (Purba)
34,48,Dularbhapur F.P. School (Paschim)
34,49,Uttar Maheshapur F.P. School
34,50,Bhatinagram F.P. School
34,51,"M.N.I. Bhatingram High Madrasha, Bhatingram"
34,52,Chabhot F.P. School
34,53,Sahabhita F.P. School
34,54,Osamanpur Junior Basic School
34,55,Shibaramapur F.P. School
34,56,Ghughudanga F.P. School (Purba)
34,57,Ghughudanga F.P. School (Paschim)
34,58,Narihat Junior Basic School
34,59,Sandhiya F.P. School
34,60,Fatepur F.P. School
34,61,Gunirajapur F.P. School
34,62,Bhelagachhi F.P. School
34,63,Patirajapur Junior Basic School
34,64,Dhamdhol F.P. School
34,65,Tilana F.P. School
34,66,Itahar High School (Uttar)
34,67,Itahar High School (Purba)
34,68,Itahar Uttarapada F.P. School
34,69,Itahar F.P. School
34,70,Bhadrashila Junior Basic School (Uttar)
34,71,Bhadrashila Junior Basic School (Dakshin)
34,72,Itahar Thana Co-operative Market Society Ltd. Jute Godown
34,73,Shripur F.P. School
34,74,Banbol High School
34,75,Ramdanga F.P. School (Uttar)
34,76,Ramdanga F.P. School (Dakshin)
34,77,Banakud F.P. School
34,78,Chaluniya F.P. School
34,79,Nirbhayapur F.P. School
34,80,Dighana F.P. School
34,81,Gheda F.P. School
34,82,Sohair F.P. School
34,83,Chakala F.P.School
34,84,Khamaruya F.P.School
34,85,Paikpada F.P.School
34,86,Porasa F.P.School
34,87,Hatagachhi F.P.School
34,88,Daulatapur F.P.School
34,89,Dharampur F.P.School
34,90,Beluya F.P.School
34,91,Kumedapur F.P.School
34,92,Lalganj F.P.School
34,93,Madhabapur F.P.School
34,94,Dolideulchak F.P.School
34,95,Gopinathapur F.P.School
34,96,Shrimantapur F.P.School
34,97,Mahanandapada F.P.School
34,98,Pukhuriya F.P.School
34,99,Pader Gram F.P.School (Purba)
34,100,Pader Gram F.P.School (Paschim)
34,101,Paraharipur High School
34,102,Paschim Durlabhpur F.P.School
34,103,Mukundapur F.P.School
34,104,Gulandar-2 Gram Panchayat Office
34,105,Shyamapur F.P.School
34,106,Gulandar Hai School (Purba)
34,107,Gulandar Hai School (Paschim)
34,108,Chudaman High School
34,109,Basudebapur F.P.School
34,110,Chandanapur F.P.School
34,111,Manainagar F.P.School
34,112,Kamaradanga F.P.School
34,113,Kaliman Laxmipur F.P.School
34,114,Jamalapur F.P.School
34,115,Radhanagar Junior High Madrasha
34,116,Radhanagar F.P.School
34,117,Kapashiya High School (Purba)
34,118,Kapashiya High School (Paschim)
34,119,Madhya Kapashiya F.P.School (Unauthorized)
34,120,Namuniya F.P.School (Uttar)
34,121,Namuniya F.P.School (Dakshin)
34,122,Namuniya F.P.School (Madhya)
34,123,Chhilimapur F.P.School (Purba)
34,124,Chhilimapur F.P.School (Paschim)
34,125,Saiyadpur F.P.School (Purba)
34,126,Saiyadpur F.P.School (Paschim)
34,127,Noyapara F.P.School
34,128,Bimalpara F.P.School
34,129,Bhabanipur Bejpukur  F.P.School (Purba)
34,130,Bhabanipur Bejpukur  F.P.School (Paschim)
34,131,Kurmanpur F.P.School
34,132,Shyamganj Prathomik Vidyalay
34,133,Bartokigram F.P.School
34,134,Palbhabanipur F.P. School
34,135,Asol Bonogram Pra: Vidyalay (Purba)
34,136,Asol Bonogram Pra: Vidyalay (Paschim)
34,137,Balihara F.P.School
34,138,Nagpara F.P.School
34,139,Mobarokpur F.P.School
34,140,Jatigram Junior Basic School
34,141,Kharua Pra: Vidyalaya
34,142,Lohuchar High School
34,143,Gokorno F.P.School
34,144,Mushan F.P.School (Uttar)
34,145,Mushan F.P.School (Dakshin)
34,146,Jamuna F.P.School
34,147,Borogram Rural Library
34,148,Khanjapur Prathomik Vidyalay (Paschim)
34,149,Muskipur F.P. School
34,150,Gokorno R. I. Office
34,151,Kolaibari Fasiyabad F.P.School (Uttar)
34,152,Kolaibari Fasiyabad F.P.School (Dakshin)
34,153,Boldu F.P. School
34,154,Chandipur Junior High School
34,155,Bogduma P. School
34,156,Birnagar F.P. School
34,157,Barot F.P. School
34,158,Kachuya High Madrasha
34,159,Shishoi F.P. School
34,160,Basaratapur F.P. School
34,161,Banggar Junior Basic School (Purba)
34,162,Banggar Junior Basic School (Paschim)
34,163,Tragil Seed Godown
34,164,Kaliganj F.P. School
34,165,Ghritola F.P. School
34,166,Tharaish F.P. School
34,167,Marnai Hai School (Uttar)
34,168,Marnai Hai School (Paschim)
34,169,Bagaduma Bishtupur F.P. School
34,170,Koyarpur F.P.School
34,171,Gopalanagar F.P.School
34,172,Khesara F.P.School (Purba)
34,173,Khesara F.P.School (Paschim)
34,174,Sonadangi F.P.School (Uttar)
34,175,Sonadangi F.P.School (Dakshin)
34,176,Jayahat Ju: Basic School
34,177,Jayahat Ju: High School
34,178,Golahat Chakala F.P.School
34,179,Bahadol F.P.School
34,180,Sarishatuli F.P. School
34,181,Baidora Tragil Seed Godown
34,182,Baidora F.P.School
34,183,Jotnorompur F.P.School
34,184,Dakshin Shyampur F.P.School
34,185,Kosba F.P.School
34,186,Nahanipur F.P.School
34,187,Bagbari Pra: Vidyalay
34,188,Nougya Pra: Vidyalay
34,189,Flood Rescue Soupar
34,190,Chhayaghara Ju: High School
34,191,Kochpara F.P.School
34,192,Shirshi Pra: Vidyalay
34,193,Badakundana F.P.School
34,194,Nahit F.P.School (Uttar)
34,195,Nahit F.P.School (Dakshin)
34,196,Bora Pra: Vidyalay
34,197,Khirkuri Ju: Basic High School
34,198,Beldangi F. P. School
34,199,"Dangram, Iswarchandra High School (Uttar)"
34,200,"Dangram, Iswarchandra High School (Dakshin)"
35,1,"1, Cheuti Maheshpur F.P. School"
35,2,"2, Jagadalla F.P. School"
35,3,"3, Chhotomahendra F.P. School (Purba)"
35,4,"4, Beluhar F.P. School"
35,5,"5, Chhotomahendra F.P. School (Paschim)"
35,6,"6, Jhinaikuri F.P. School, Bairhatta"
35,7,"7, Malsarapur F.P. School"
35,8,"8, Kasba F.P. School"
35,9,"9, Kasba Bairhatta Junior High School"
35,10,"10, Malian Dighi F.P. School"
35,11,"11, Ranidighi High Madrasha, Chakla"
35,12,"12, Ashadighi F.P. School (Uttar)"
35,13,"13, Ashadighi F.P. School (Dakshin)"
35,14,"14, Chengra pichhla F.P. School"
35,15,"15, Nilgambhir Prathamik Vidyalaya"
35,16,"16, Bhitor Masum Prathamik Vidyalaya"
35,17,"17, Bhaior Prathamik Vidyalaya (Uttar)"
35,18,"18, Bhaior Prathamik Vidyalaya (Dakshin)"
35,19,"19, Paschim Chandipur Prathamik Vidyalaya (Uttar)"
35,20,"20, Kalna Prathamik Vidyalaya"
35,21,"21, Dighibanshihari Prathamik Vidyalaya (Uttar)"
35,22,"22, Dighibanshihari Prathamik Vidyalaya (Dakshin)"
35,23,"23, Naopara Prathamik Vidyalaya (Paschimangsha)"
35,24,"24, Naopara Prathamik Vidyalaya (Purbangsha)"
35,25,"25, Sardarpur Prathamik Vidyalaya"
35,26,"26, Chandmukh Prathamik Vidyalaya"
35,27,"27, Dashul Prathamik Vidyalaya"
35,28,"28, Mahugram Prathamik Vidyalaya"
35,29,"29, Raghabnagar F.P. School"
35,30,"30, Mokrampur Prathamik Vidyalaya (Purba)"
35,31,"31, Mokrampur Prathamik Vidyalaya (Paschim)"
35,32,"32, Damapukur Prathamik Vidyalaya"
35,33,"33, Sihole High School"
35,34,"34, Sihole High School (Uttar)"
35,35,"35, Belpukur High Madrasha"
35,36,"36, Dhutra Prathamik Vidyalaya, Dhutra"
35,37,"37, Kamarpukur Junior Basic School (Uttarangsha)"
35,38,"38, Kamarpukur Junior Basic School (Dakshinangsha)"
35,39,"39, Baraban Junior Basic School, (Uttar Daulatpur)"
35,40,"40, Chhhoto Karoi Prathamik Vidyalaya"
35,41,"41, Daudpur Prathamik Vidyalaya"
35,42,"42, Karoi Coloni Prathamik Vidyalaya"
35,43,"43, Majhapara F.P. School, Majhapara (purba), Majhapara"
35,44,"44, Dhitoil Junior Basic School (Purba)"
35,45,"45, Titol Junior Basic School (Paschim)"
35,46,"46, Pachrai Prathamik Vidyalaya"
35,47,"47, Haripur High Madrasha (Uttarangsha)"
35,48,"48, Haripur High Madrasha (Dakshinangsha)"
35,49,"49, Shibpur Prathamik Vidyalaya (Uttarangsha)"
35,50,"50, Shibpur Prathamik Vidyalaya (Dakshinangsha)"
35,51,"51, Hatpukuria Prathamik Vidyalaya"
35,52,"52, Koil Prathamik Vidyalaya, (Purbangsha)"
35,53,"53, Aligara Prathamik Vidyalaya"
35,54,"54, Narayanpur High School"
35,55,"55, Barail Buniadpur Prathamik Vidyalaya"
35,56,"56, Khushipur Prathamik Vidyalaya"
35,57,"57, Sarai-Buniadpur Prathamik Vidyalaya (Dakshin)"
35,58,"58, Sarai-Buniadpur Prathamik Vidyalaya (Paschim)"
35,59,"59, Sarai-Buniadpur F.P. School (Uttar)"
35,60,"60, Thingur Prathamik Vidyalaya"
35,61,"61, Kanur Prathamik Vidyalaya"
35,62,"62, Sayestabad Prathamik Vidyalaya"
35,63,"63, Karkha Prathamik Vidyalaya"
35,64,"64, Amoi Prathamik Vidyalaya"
35,65,"65, Gouripara Prathamik Vidyalaya"
35,66,"66, Saraihat Prathamik Vidyalaya"
35,67,"67, Chaksadullya Prathamik Vidyalaya"
35,68,"68, Khidirpur Prathamik Vidyalaya"
35,69,"69, Ghasipur F.P. School (Uttar)"
35,70,"70, Ghasipur Prathamik Vidyalaya (Dakshin)"
35,71,"71, Sarai Nalpukur Prathamik Vidyalaya"
35,72,"72, Dilkanthi Prathamik Vidyalaya"
35,73,"73, Mahabari Gram Panchayat Office, (Krishnapur)"
35,74,"74, Dhumsadighi F.P. School"
35,75,"75, Rupahata Prathamik Vidyalaya"
35,76,"76, Samaspur Prathamik Vidyalaya"
35,77,"77, Srirampur Prathamik Vidyalaya"
35,78,"78, Balipukur Prathamik Vidyalaya"
35,79,"79, Sudarshan Nagar G.S. Prathamik Vidyalaya (Uttar)"
35,80,"80, Sudarshan Nagar G.S. Prathamik Vidyalaya (Dakshin)"
35,81,"81, Kushkari K.B.B.S High School (Uttar)"
35,82,"82, Kushkari K.B.B.S High School (Dakshin)"
35,83,"83, Kalyani F.P. School"
35,84,"84, Dumnipara Prathamik Vidyalaya"
35,85,"85, Bagichapur F.P. School (Uttar)"
35,86,"86, Bagichapur F.P. School (Dakshin), Bagichapur"
35,87,"87, Golgan F.P. School, Chatraku"
35,88,"88, Nendra F.P. School, Nendra"
35,89,"89, Dolgao F.P. School, Dolgao"
35,90,"90, Harirampur F.P. School (Uttar), Harirampur"
35,91,"91, Malpukuriya F.P. School, Malpukuriya"
35,92,"92, Monohara F.P. School, Monohara"
35,93,"93, Bagichapur Gram Panchayat Office"
35,94,"94, Government Employees Recreation Club, Harirampur"
35,95,"95, Bibekananda Vidyabhaban (Purba), Harirampur"
35,96,"96, Chandmal Daga Girls School"
35,97,"97, Gurkhoir Purba F.P. School (P)"
35,98,"98, Gurkhoir Purba F.P. School (Paschim), Gurkhoir"
35,99,"99, Kakihar F.P. School, Kakihar"
35,100,"100, Harirampur A.S.D.M High School"
35,101,"101, kalsi F.P. School, Kalsi"
35,102,"102, Sundail F.P. School"
35,103,"103, Ukhli F.P. School"
35,104,"104, Kokil F.P. School (Purba)"
35,105,"105, Karanjabari F.P. School , Karanjabari"
35,106,"106, Benail F.P. School (Dakshin), Benail"
35,107,"107, Monoharpara F.P. School, Bara Kasba"
35,108,"108, Mehendipara Junior Basic School"
35,109,"109, Sonahan F.P. School, Sonahan"
35,110,"110, Bahadurpur F.P. School, Bahadurpur"
35,111,"111, Keshrail F.P. School"
35,112,"112, Gandhanai F.P School"
35,113,"113, Pundari F.P. School"
35,114,"114, Birahar F.P. School"
35,115,"115, Brahmangram F.P. School"
35,116,"116, Mayahar Abaitanik Prathamik Vidyalaya, Debrajpur"
35,117,"117, Pannapur F.P. School, Hasimabad"
35,118,"118, Daulatpur High School (Uttar)"
35,119,"119, Daulatpur High School (Dakshin)"
35,120,"120, Padmahar Prathamik Vidyalaya"
35,121,"121, Kesharghata Prathamik Vidyalaya"
35,122,"122, Sisha Prathamik Vidyalaya (Dakshin)"
35,123,"123, Amilas Prathamik Vidyalaya"
35,124,"124, Ganguria Prathamik Vidyalaya"
35,125,"125, Jabrahar Ganguria Prathamik Vidyalaya"
35,126,"126, Deuria Prathamik Vidyalaya (Paschim)"
35,127,"127, Deuria F.P. School, (Paschim)"
35,128,"128, Dilkanthi Islampur Prathamik Vidyalaya (Purba)"
35,129,"129, Dilkanthi Islampur Prathamik Vidyalaya (Paschim)"
35,130,"130, Mirhati Prathamik Vidyalaya"
35,131,"131, Deogao Adibashi Prathamik Vidyalaya"
35,132,"132, Bagduar Santal Prathamik Vidyalaya"
35,133,"133, Bagduar Prathamik Vidyalaya (Uttar)"
35,134,"134, Bagduar Prathamik Vidyalaya (Dakshin)"
35,135,"135, Singfarka F.P. School"
35,136,"136, Anantapur F.P. School"
35,137,"137, Mallikpur F.P. School"
35,138,"138, Kanthalhat Hossenpur F.P. School"
35,139,"139, Bashpara F.P. School"
35,140,"140, Tarultala F.P. School"
35,141,"141, Joydebpur Junior Basic School, Joydebpur"
35,142,"142, Sukdevpur High School (Purbangsha)"
35,143,"143, Uttar-Sukdevpur F.P. School, Sukdevpur"
35,144,"144, Sukdevpur High School (Paschim), Sukdevpur)"
35,145,"145, Sukdevpur F.P. School, Sukdevpur"
35,146,"146, Jafarpur F.P. School, Jafarpur"
35,147,"147, Bhoral F.P. School"
35,148,"148, Pathanpara F.P. School"
35,149,"149, Katatair F.P. School, Katatair"
35,150,"150, Debipur F.P. School"
35,151,"151, Dakshin Debipur F.P. School"
35,152,"152, Pargao F.P. School, Pargao"
35,153,"153, Akcha F.P. School"
35,154,"154, Nildanga Joypur F.p. School (Uttar), Nildanga"
35,155,"155, Bijlighat F.P. School"
35,156,"156, Nildanga Joypur F.P. School (Dakshin)"
35,157,"157, Joypur F.P. School"
35,158,"158, Sairapur Joypur F.P. School"
35,159,"159, Kadihat Belbari High School"
35,160,"160, Belbari Junior Basic School (Dakshin)"
35,161,"161, M.K.U.S, Belbari1"
35,162,"162, Belbari Guriyapara Junior Basic School"
35,163,"163, Belbari Basic School, Guriyapara"
35,164,"164, Durgapur Bisnupur F.P. School (Purbangsha)"
35,165,"165, Durgapur Bishnupur F.P. School, (P), Belbari"
35,166,"166, Jalalpur F.P. School"
35,167,"167, Jalalpur F.p. School"
35,168,"168, Mahipur F.P. School"
35,169,"169, Malipara F.P. School"
35,170,"170, 169, Dubnarayanpur F.P. School (Uttarangsha)"
35,171,"171, Dubanarayanpur F.P. School (Dakshin), (Patan Uttar Purba)"
35,172,"172, Narayanpur Junior Basic School"
35,173,"173, Narayanpur Santal F.P. School"
35,174,"174, Narayanpur Lakshitala F.P. School (Purbangsha)"
35,175,"175, Narayanpur Santal F.P. School"
35,176,"176, Charullya F.P. School"
35,177,"177, Narayanpur Laxmitala F.P. school (Paschimangsha)"
35,178,"178, Thengapara High School (Purbangsha)"
35,179,"179, Maharajpur Thengapara F.P. School (Purba)"
35,180,"180, Maharajpur Thengapara F.P. school (Paschim)"
35,181,"181, Thengapara High School (Uttarangsha)"
35,182,"182, Boaldaha F.P. School"
35,183,"183, Kadighat Madhya F.P. School (Purbangsher Uttarangsha)"
35,184,"184, Kadighat Madhya F.P. School"
35,185,"185, Gambhira Tala F.P. School"
35,186,"186, Fatenagar F.P. School"
35,187,"187, Tilna Burinagar Junior Basic School"
35,188,"188, Dakshin Korial F.P. School (Purba)"
35,189,"189, Dakshin Korial F.P. School, (Paschim)"
35,190,"190, Susandar F.P. School"
35,191,"191, Bikoir Kapalipara F.P. School"
35,192,"192, Radhanagar F.p. School"
35,193,"193, Hapania F.P. School, Hapania"
35,194,"194, Ratanpur Junior Basic School"
35,195,"195, Ranipur F.P. School"
35,196,"196, Patul Jalalpur F.P. School, Patul, Jalalpur"
35,197,"197, Bajitpur Junior High School"
35,198,"198, Bishrail High School"
35,199,"199, Hiranyabati F.P. School"
35,200,"200, Paschim Jadabbati F.P. School"
35,201,"201, Sairapur K.M. Vidyapith"
35,202,"202, Saint Joseph High School"
35,203,"203, Social Welfare Building (Near Mission More)"
35,204,"204, Anila Nandi Smriti F.P. School"
35,205,"205, Gangarampur G.S.F.P. School, No.-2"
35,206,"206, Vodongpara Paschim F.P. School"
35,207,"207, Vodongpara Purba F.P. school"
35,208,"208, Dakshin Rajibpur F.P. School"
35,209,"209, Dakshin Rajibpur F.P. School"
35,210,"210, Damdama Gram Panchayet Office, Damdama"
35,211,"211, Gangarampur Boy&#x27;s F.P. School, Rajibpur"
35,212,"212, Gangarampur High School (Uttarangsha), Rajibpur"
35,213,"213, Gangarampur High School, Rajibpur"
35,214,"214, Fakirpara F.P. School, Rajibpur"
35,215,"215, Dhaldighi Junior Basic School, Rajibpur"
35,216,"216, Gangarampur Girls&#x27; High School, Rajibpur"
35,217,"217, Gangarampur Girls&#x27; High School, Rajibpur"
35,218,"218, Gangarampur High School (Paschimangsha), Rajibpur"
35,219,"219, Kadihat F.P. School, (Dakshinangsha), Kadihat"
35,220,"220, Kadihat F.P. School (uttarangsha), Kadihat"
35,221,"221, hawakalitala F.P. School, Kadihat"
35,222,"222, Milani Club, Rajibpur"
35,223,"223, P.W.D. para F.P. School , Rajibpur"
35,224,"224, Aswinpara F.P. School, Aswinpara"
35,225,"225, Aswinpara F.P. School (Paschimangsha)"
35,226,"226, Gachiar Junior Basic School"
35,227,"227, Gangarampur Block Seed Farm Office"
35,228,"228, Indranarayanpur F.P. School, (Purbangsha)"
35,229,"229, Bazarpally Hindi F.P. School"
35,230,"230, Indranarayanpur F.P. School (Paschim)"
35,231,"231, Bazarpally Hindi F.P. School"
35,232,"232, Indranarayanpur High School"
35,233,"233, Gangarampur College"
35,234,"234, Puranpara F.P. School, (Purba)"
35,235,"235, Puranpara F.P. School, (Paschim)"
35,236,"236, Kamarpukur F.P. School"
35,237,"237, Kamarpukur F.P. School (Paschim)"
35,238,"238, Amgao F.P. School"
35,239,"239, Puratan Gangarampur Junior High School"
35,240,"240, Nayabazar High School, (Uttar Angsha of Purba Sight)"
35,241,"241, Nayabazar High School, (Purba Uttar)"
35,242,"242, Nayabazar F.P. School"
35,243,"243, Nayabazar High School (Paschim)"
35,244,"244, Gopalpur F.P. School"
35,245,"245, Naroi Junior Basic School"
36,1,"1, Baptail F.P. School, Baptail Paschimangsha"
36,2,"2, Baptail F.P. School, (Purbangsha)"
36,3,"3, Magurpur Flood Shelter"
36,4,"4, Jormoil F.P. School"
36,5,"5, Rampara Chenchra F.P. School"
36,6,"6, Khosalpur F.P. School"
36,7,"7, Batoir F.P. School"
36,8,"8, Dakshin Muktarampru F.P. School"
36,9,"9, Chandrail Biplabi Sangha"
36,10,"10, Gannahar Barunitala F.P. School, Ganahar"
36,11,"11, Sutail F. P. School, Sutail"
36,12,"12, Purba Mandapara F.P. School"
36,13,"13, Magurpur F. P. School"
36,14,"14, Mandapara Ganahar F.P. School"
36,15,"15, Naogaon Madhyapara F.P. School, (Purbangsha)"
36,16,"16, Naogaon Madhyapara F.P. School, (Dakshinangsha)"
36,17,"17, Naogaon F.P. School, Mandapara"
36,18,"18, Laxmipur F.P. School, (Uttarangsha)"
36,19,"19, Laxmipur Anganwari Center"
36,20,"20, Laxmipur F.P. School, (Dakshin)"
36,21,"21, Uttar Bazrapukur Junior Basic School, (Paschim)"
36,22,"22, Uttar Bazrapukur Junior Basic School, (Uttar Paschim)"
36,23,"23, Uttar Bazrapukur Junior Basic School, (Uttar Paschim)"
36,24,"24, Paschim Bazrapukur F.P. School"
36,25,"25, 2 No. Ajmatpur Anchal Junior High School, Manaholi"
36,26,"26, Gopinathpur F. P. School"
36,27,"27, Saharpara Anganwari Kendra Tulshiramerpara"
36,28,"28, Dakshin Bazrapukur F.P.School (Dakshin)"
36,29,"29, Deogaon F.P. School"
36,30,"30, Basuriya F.P. School"
36,31,"31, Basuriya F.P. School (Paschimangsha)"
36,32,"32, Ajmatpur F.P. School"
36,33,"33, Daudpur F.P. School"
36,34,"34, Budhaich F.P. School"
36,35,"35, Antashimul F. P. School"
36,36,"36, Saralbati S.K.U.S."
36,37,"37, Dakline F. P. School"
36,38,"38, Kadma F. P. School (Dakshinangsha)"
36,39,"39, Kadma F. P. School (Uttarangsha)"
36,40,"40, Suryaday Club"
36,41,"41, Khirotta F. P. School"
36,42,"42, Baghoit F. P. School"
36,43,"43, Salas F. P. School"
36,44,"44, Tapan Dighi Fishseed Farm, Salas"
36,45,"45, Dhelpir F. P. School"
36,46,"46, Barampur F. P. School"
36,47,"47, Karai Chechra Junior Basic School"
36,48,"48, Chechra High School"
36,49,"49, Chakbaliram Junior Basic School"
36,50,"50, Rajeswarpur F. P. School"
36,51,"51, Hazratpur Malancha F. P. School"
36,52,"52, Hazratpur Madrasa"
36,53,"53, Malancha Madrasa, Malancha"
36,54,"54, Saranjabari Junior Basic School"
36,55,"55, Uttar Mahadevpur F. P. School"
36,56,"56, Parbatipur F. P. School"
36,57,"57, Bandighi F. P. School"
36,58,"58, Rampur F. P. School"
36,59,"59, Rampur High School"
36,60,"60, Minapara F. P. School"
36,61,"61, Harshura F. P. School"
36,62,"62, Rampur High School (PURBA)"
36,63,"63, Mahadevbati F. P. School"
36,64,"64, Shirahal F. P. School"
36,65,"65, Malahar F. P. School"
36,66,"66, Mahanaj F. P. School"
36,67,"67, Nishchinta F. P. School"
36,68,"68, Shantirhati F. P. School"
36,69,"69, Bhaginagar F. P. School"
36,70,"70, Sakair F. P. School"
36,71,"71, Daralhat F. P. School (Purbanangsha)"
36,72,"72, Daralhat F. P. School (Paschimangsha)"
36,73,"73, Daralhat High School"
36,74,"74, Majhikhanda F. P. School (Purbanangsha)"
36,75,"75, Dweepkhanda F. P. School"
36,76,"76, Nodhan Junior Madrasa"
36,77,"77, Sarifabad F. P. School"
36,78,"78, Jidhra F. P. School"
36,79,"79, Kishtapur F. P. School"
36,80,"80, Kasba Vivekananda F. P. School"
36,81,"81, Tapan Girls High School"
36,82,"82, Tapan High School"
36,83,"83, Rajapur F. P. School"
36,84,"84, Kajibhag F. P. School"
36,85,"85, Shihur F. P. School"
36,86,"86, Muraripur F. P. School"
36,87,"87, Bajitpur F. P. School"
36,88,"88, Jamlabad F. P. School"
36,89,"89, Rangamati F. P. School"
36,90,"90, Dhainagar Junior High School (Purbanangsha)"
36,91,"91, Mamudpur F. P. School"
36,92,"92, Madnahar F. P. School"
36,93,"93, Jamalpur F. P. School"
36,94,"94, Bhawanipur F. P. School, Teleghata, Bhawanipur"
36,95,"95, Fatepur F. P. School"
36,96,"96, Halidana High School"
36,97,"97, Kardaha High School (Uttarangsha)"
36,98,"98, Kardaha High School (Dakshin)"
36,99,"99, Uttar Kardaha F. P. School"
36,100,"100, Chakbhagirath F. P. School"
36,101,"101, Chakmadhusudan F. P. School"
36,102,"102, Nazirpur Community Hall"
36,103,"103, Shukdevpur Pur F. P. School"
36,104,"104, Chaksukdevpur F. P. School"
36,105,"105, Sahapur F. P. School"
36,106,"106, Vikahar F. P. School"
36,107,"107, Katnidanga Jyoti Ashram"
36,108,"108, Ramchandrapur High School (Purbanangsha)"
36,109,"109, Noapara F. P. School, Ramchandrapur"
36,110,"110, Ramchandrapur High School, (Paschimangsha)"
36,111,"111, Tarait F. P. School"
36,112,"112, Ganjakuri F. P. School, Chandipur"
36,113,"113, Gangarampur F. P. School"
36,114,"114, Bhaior Jalalia High School (Purbanangsha)"
36,115,"115, Makdampur F. P. School, Bhaior"
36,116,"116, Ghatul F. P. School"
36,117,"117, Konchkhair F. P. School (Purbanangsha)"
36,118,"118, Konchkhair F. P. School (Paschimangsha)"
36,119,"119, Gurail F. P. School, Paschim"
36,120,"120, Gurail F. P. School, (Paschimangsha)"
36,121,"121, Bhadrail Madrasa, Bhadrail"
36,122,"122, Soair F. P. School"
36,123,"123, Dubahar F. P. School"
36,124,"124, Gopalnagar F. P. School"
36,125,"125, Katrail F. P. School"
36,126,"126, Ghatika F. P. School"
36,127,"127, Shalgaon F. P. School"
36,128,"128, Bakharpur Junior High School"
36,129,"129, Beruli F. P. School, Beruli"
36,130,"130, Laxminarayanpur F. P. School (Purbanangsha)"
36,131,"131, Laxminarayanpur F. P. School (Paschimangsha)"
36,132,"132, Kamdevbati F. P. School"
36,133,"133, Erenda F. P. School"
36,134,"134, Kanthalpukur F. P. School (Atilate)"
36,135,"135, Kakna F. P. School"
36,136,"136, Jasurpara F. P. School"
36,137,"137, Bishnupur F. P. School"
36,138,"138, Khalsi F. P. School"
36,139,"139, Parila F. P. School"
36,140,"140, Nimgachi F. P. School"
36,141,"141, Tilon High School"
36,142,"142, Arjunpur F. P. School"
36,143,"143, Patkola F. P. School"
36,144,"144, Patkola F. P. School (Purbanangsha)"
36,145,"145, Mahukuri F. P. School"
36,146,"146, Shibpur F. P. School"
36,147,"147, Balapur Junior High School (Purba)"
36,148,"148, Balapur F. P. School"
36,149,"149, Malancha F. P. School"
36,150,"150, Sandhyapukur F. P. School"
36,151,"151, Bharila F. P. School (Purbangsha)"
36,152,"152, Tarajpur F. P. School"
36,153,"153, Chakshib F. P. School"
36,154,"154, Dakshin Jajiar F. P. School (Dakshin) Jajiar"
36,155,"155, Jadubati F. P. School"
36,156,"156, Chamtakuri F. P. School"
36,157,"157, Sankoir F. P. School"
36,158,"158, Hasnagar F. P. School"
36,159,"159, Sathihara F. P. School"
36,160,"160, Basudebpur F. P. School, Basudebpur"
36,161,"161, Chakbalaram F. P. School"
36,162,"162, Walipara F. P. School"
36,163,"163, Gofanagar F. P. School"
36,164,"164, Nedair F. P. School"
36,165,"165, Banial Nimna Buniadi Bidyalaya"
36,166,"166, Manipur F. P. School"
36,167,"167, Bhawanipur F. P. School"
36,168,"168, Govindapur F. P. School"
36,169,"169, Baul Parameshwar High School"
36,170,"170, Mallikpur F. P. School"
36,171,"171, BARA F.P. SCHOOL"
36,172,"172, West Maheshpur F. P. School"
36,173,"173, Sharangaon F. P. School (Purbanangsha)"
36,174,"174, Sharangaon F. P. School (Paschimangsha)"
36,175,"175, Badalpur F. P. School (Uttarangsha)"
36,176,"176, Badalpur F. P. School (Dakshinangsha)"
36,177,"177, Hariharpur F. P. School"
36,178,"178, Bolla R.K. High School"
36,179,"179, Bolla F. P. School"
36,180,"180, Banhat F. P. School"
36,181,"181, Bahicha G.S. F. P. School"
36,182,"182, Bahicha L.K. Junior High School (Uttarangsha)"
36,183,"183, Par-Patiram F. P. School"
36,184,"184, Bahicha L.K. Junior High School (Dakshin)"
36,185,"185, Jalghar Junior Basic School"
36,186,"186, Jalghar Adivasi F. P. School"
36,187,"187, Kashiadanga High School"
36,188,"188, Dharail F. P. School"
36,189,"189, Trikul F. P. School"
36,190,"190, Gopinagar F. P. School"
36,191,"191, Radhanagar F. P. School"
36,192,"192, Bhatshala F. P. School"
36,193,"193, Chakharina F. P. School"
36,194,"194, Chakkashi S.S. High School"
36,195,"195, Gangasagar Junior Basic School"
36,196,"196, Saidpur F. P. School (Paschimangsha)"
36,197,"197, Saidpur F. P. School (Purbanangsha)"
36,198,"198, Khaspur H.K. High School"
36,199,"199, Durlavpur F. P. School"
36,200,"200, Khaspur Baruna Girls&#x27; School"
36,201,"201, Parbatipur F. P. School"
36,202,"202, Fulghara F. P. School"
36,203,"203, Boaldar F. P. School"
36,204,"204, Kalikapur F. P. School"
36,205,"205, Kashipur F. P. School"
36,206,"206, Dogachi F. P. School"
36,207,"207, Rajua S.S. High School"
36,208,"208, Ashair F. P. School"
36,209,"209, Kanjialsi F. P. School"
36,210,"210, Brambhapur F. P. School"
36,211,"211, Osail F. P. School"
37,1,"1, HOSSAINPUR KHOJAPUR F.P. SCHOOL"
37,2,"2, KASBA F.P. SCHOOL"
37,3,"3, SULTANPUR F.P. SCHOOL"
37,4,"4, NANDER F.P. SCHOOL"
37,5,"5, JAHANGIRPUR F.P. SCHOOL, JAHANGIRPUR"
37,6,"6, RAMDEBPUR F.P. SCHOOL"
37,7,"7, MAHURKISMAT F.P. SCHOOL"
37,8,"8, KASIMPUR F.P. SCHOOL, KASIMPUR"
37,9,"9, SRINATHBATI F.P. SCHOOL(UTTAR) SRINATHBATI"
37,10,"10, SRINATHBATI F.P. SCHOOL(Dakshin) SRINATHBATI"
37,11,"11, KESHABPUR F.P. SCHOOL, (PURBA)"
37,12,"12, KESHABPUR F.P. SCHOOL, (PASCHIM)"
37,13,"13, MINAPARA ADIBASI F.P. SCHOOL, MINAPARA"
37,14,"14, MADHABPUR CHOURAPARA F.P. SCHOOL"
37,15,"15, HAMJAPUR F.P. SCHOOL"
37,16,"16, LALCHANDRAPUR F.P. SCHOOL"
37,17,"17, TAKIPUR F.P. SCHOOL, TAKIPUR"
37,18,"18, KESHABPUR F.P. SCHOOL"
37,19,"19, JORKURIYA F.P. SCHOOL"
37,20,"20, CHAK SHIBPUR F.P. SCHOOL"
37,21,"21, Sarbamangala High School (Uttarangsha)"
37,22,"22, Baikunthapur F.P. School"
37,23,"23, SARBAMANGALA HIGHSCHOOL (DAKSHIN)"
37,24,"24, RATINATHPUR MADRASHA"
37,25,"25, ANTAL F.P. SCHOOL"
37,26,"26, HARIHARPUR F.P. SCHOOL"
37,27,"27, BHADRA F.P. SCHOOL BHADRA"
37,28,"28, CHALUN JUNIOR BASIC SCHOOL"
37,29,"29, KATKIHARI MADRASA"
37,30,"30, CHALUN HIGHSCHOOL (UTTAR) SAHARA"
37,31,"31, Chaloon High School (Dakshin) Sahara"
37,32,"32, MATHURAPUR F.P. SCHOOL"
37,33,"33, KURUMSUR F.P. SCHOOL(PURBA)"
37,34,"34, KURUMSUR F.P. SCHOOL(PACHIMANSHA)"
37,35,"35, MIRJAPUR F.P. SCHOOL MIRJAPUR"
37,36,"36, PARBATIPUR F.P. SCHOOL"
37,37,"37,37, BANIHARI HIGHSCHOOL (DAKSHIN)"
37,38,"38, BANIHARI HIGHSCHOOL (UTTAR)"
37,39,"39, SHANKARPUR F.P. SCHOOL SHANKARPUR"
37,40,"40, JACHI F.P. SCHOOL"
37,41,"41, CHAKSHREE F.P. SCHOOL"
37,42,"42, ATAS F.P. SCHOOL"
37,43,"43, Atas Mostafapur Sa: Kri: U: Li: Offfice Ghar"
37,44,"44, MOSTAFAPUR F.P. SCHOOL"
37,45,"45, PULINDA F.P. SCHOOL"
37,46,"46, FULBARI JUNIOR HIGHSCHOOL (PASCHIM-UTTAR)"
37,47,"47, FULBARI JUNIOR HIGHSCHOOL (PASCHIM-DAKSHIN)"
37,48,"48, PARTIPARA F.P. SCHOOL"
37,49,"49, NARSUNDARPARA F.P. SCHOOL"
37,50,"50, AUSHA F.P. SCHOOL AUSHA"
37,51,"51, MOHONPUR F.P. SCHOOL DEUDHARA"
37,52,"52, PANCHAGRAM F.P. SCHOOL (NATUN)"
37,53,"53, Uday F.P. School, Uday"
37,54,"54, JAGADISHPUR F.P. SCHOOL, JAGADISHPUR"
37,55,"55, CHALUNDA F.P. SCHOOL CHALUNDA"
37,56,"56, SHIBPUR F.P. SCHOOL"
37,57,"57, ACHLAHAR F.P. SCHOOL"
37,58,"58, DOMUTHA FARIDPUR F.P. SCHOOL"
37,59,"59, PURBASHANKARPUR MADRASHA"
37,60,"60, NOROIL F.P. SCHOOL"
37,61,"61, RAIPUR F.P. SCHOOL"
37,62,"62, RAMPUR F.P. SCHOOL, RAMPUR"
37,63,"63, ASHOKGRAM GRAM PANCHAYAT OFFICE"
37,64,"64, ASHOKGRAM F.P. SCHOOL"
37,65,"65, UDHURA PRANNATHPUR F.P. SCHOOL"
37,66,"66, MEHEMBA HIGHSCHOOL (UTTAR)"
37,67,"67, NILHARI F.P. SCHOOL"
37,68,"68, BARAM GOKULPUR S.K.U.S.L. OFFICE"
37,69,"69, BARAM GOKULPUR F.P. SCHOOL, GOKULPUR"
37,70,"70, SRIRAMPUR F.P. SCHOOL"
37,71,"71, AMULIYA F.P. SCHOOL, AMULIYA"
37,72,"72, HARISHCHANDRAPUR PRATHAMIK VIDALAYA"
37,73,"73, KULHARI F.P. SCHOOL"
37,74,"74, DAKSHIN KULAHARI F.P. SCHOOL"
37,75,"75, CHANDGANJ F.P. SCHOOL"
37,76,"76, TARA F.P. SCHOOL"
37,77,"77, SAFANAGAR HIGHSCHOOL"
37,78,"78, ELENDARI JUNIOR HIGHSCHOOL"
37,79,"79, ELENDARI F.P. SCHOOL"
37,80,"80, SAFANAGAR F.P. SCHOOL"
37,81,"81, SAFANAGAR G.P. OFFICE"
37,82,"82, KUMARGANJ HIGHSCHOOL"
37,83,"83, SONARPARA F.P. SCHOOL"
37,84,"84, SAHAJADPUR F.P. SCHOOL"
37,85,"85, SAMJIA F.P. SCHOOL"
37,86,"86, FAKIRGANJ JUNIOR BASIC SCHOOL"
37,87,"87, NABAGRAM F.P. SCHOOL"
37,88,"88, BASANTI HRIDAITULLA JUNIOR HIGH MADRASHA , PURBABASANTI"
37,89,"BASANTI HRIDAITULLA JUNIOR HIGH MADRASHA , PASCHIMBASANTI"
37,90,"90, PALASHI S.K.U.S.L"
37,91,"91, BARAIT F.P. SCHOOL"
37,92,"92, RASULPUR F.P. SCHOOL (UTTAR RASULPUR)"
37,93,"93, DAUDPUR-1 F.P. SCHOOL (KRISHNAPUR)"
37,94,"94, DAUDPUR NO.2 F.P. SCHOOL"
37,95,"95, KANURA F.P. SCHOOL (KANURA)"
37,96,"96, SUNDARPUR JOYDEBPUR GIRLS JUNIOUR HIGH MADRASHA"
37,97,"97, ANGINA S.K.U.S"
37,98,"98, KATLA F.P. SCHOOL"
37,99,"99, SUBARNA SAHID S.K.U.S.L"
37,100,"100, PALASHI F.P. SCHOOL"
37,101,"101, ENATULLAPUR SANTAL F.P. SCHOOL"
37,102,"102, UTHRAIL F.P. SCHOOL, BADKANAI"
37,103,"103, ARAB BADKANAI HIGH MADRASHA, BADKANAI"
37,104,"104, MANJURICHAK RAIKHAN JUNIOR HIGH SCHOOL,(Purbansha)"
37,105,"105, MANJURICHAK RAIKHAN JUNIOUR HIGH SCHOOL (Parchimansha)"
37,106,"106, CHAKMOHAN F.P. SCHOOL"
37,107,"107, MENAPUR F.P. SCHOOL"
37,108,"108, DORAHA F.P. SCHOOL"
37,109,"109, JAKHIRPUR G.P. OFFICE (TULAT)"
37,110,"110, KALNA BHOLANATHPUR F.P. SCHOOL"
37,111,"111, BALTA F.P. SCHOOL, BALTA"
37,112,"112, KALNA RAJDHARA F.P. SCHOOL"
37,113,"113, KALNA RAJDHARA F.P. SCHOOL (PURBA)"
37,114,"114, JAKHIRPUR F.P. SCHOOL"
37,115,"115, JAKHIRPUR JUNIOR HIGH SCHOOL, JAKHIRPUR"
37,116,"116, DANGARHAT HIGH SCHOOL (PURBA)"
37,117,"117, DANGARHAT HIGH SCHOOL (PACHIMANSHA)"
37,118,"118, KHANPUR, MAMUDPUR F.P. SCHOOL, AGACHA"
37,119,"119, MADHYARAMKRISHNAPUR F.P. SCHOOL"
37,120,"120, KESHABPUR F.P. SCHOOL"
37,121,BALUPARA KALONI NIBEDITA BALIKA VIDALAYA
37,122,"122, GOPALGANJ F.P. SCHOOL"
37,123,"123, CHAKRAMRAI NAKKATI F.P. SCHOOL"
37,124,"124, RAMKRISHNAPUR G.P. OFFICE"
37,125,"125, RAMKRISHNAPUR BRAHAMAPUR F.P. SCHOOL"
37,126,"126, TILNA F.P. SCHOOL"
37,127,"127, KESHURAIL F.P. SCHOOL"
37,128,"128, GOPALGANJ R.N. HIGH SCHOOL"
37,129,"129, DHADALPARA JUNIOR BASIC SCHOOL"
37,130,"130, CHANDPUR F.P. SCHOOL"
37,131,"131, BISWANATHPUR F.P. SCHOOL"
37,132,"132, BARAHAR RURAL LIBRARY"
37,133,"133, CHURAIL KRISHNAPUR F.P. SCHOOL"
37,134,"134, UDAIPUR F.P. SCHOOL"
37,135,"135, NIMPARA F.P. SCHOOL"
37,136,"136, MAYMAN SINGH KALONI F.P. SCHOOL"
37,137,"137, SITAHAR F.P. SCHOOL"
37,138,"138, PAIK MULGRAM F.P. SCHOOL"
37,139,"139, JHARA F.P. SCHOOL"
37,140,"140, DISHNAGAR F.P. SCHOOL"
37,141,"141, NARAYANPUR F.P. SCHOOL"
37,142,"142, KURAHA JUNIOR BASIC SCHOOL"
37,143,"143, RAMKRISHNAPUR JUNIOUR BASIC SCHOOL"
37,144,"144, MAHADEBPUR S.K.U.S"
37,145,"145, KHARAIL CHANDPUR F.P. SCHOOL"
37,146,"146, CHATMA F.P. SCHOOL"
37,147,"147, BIPRABHAG NEJAMIYA MADRASHA"
37,148,"148, DEOR PANAULLA HIGHSCHOOL (PURBASANSHA)"
37,149,"149, DEOR PANAULLA HIGHSCHOOL (PASCHIMANSHA)"
37,150,"150, JARLAI F.P. SCHOOL"
37,151,"151, SHAMNAGAR SINOUR MADRASHA"
37,152,"152, NETRADANGA F.P. SCHOOL"
37,153,"153, PARIYAL DHARMAPUR F.P. SCHOOL"
37,154,"154, MAHADEBPUR F.P. SCHOOL (RASULPUR)"
37,155,"155, CHOUSHA F.P. SCHOOL"
37,156,"156, AMRITAPUR F.P. SCHOOL"
37,157,"157, MOHONA F.P. SCHOOL"
37,158,"158, BHAGABATIPUR F.P. SCHOOL"
37,159,"159, GRAMTALA F.P. SCHOOL"
37,160,"160, KHAMAR BODRA F.P. SCHOOL"
37,161,"161, MAHAMADPUR F.P. SCHOOL"
37,162,"162, KHAMAR MATIJAPUR F.P. SCHOOL"
37,163,"163, GOBINDAPUR PRATHAMIK VIDALAYA"
37,164,"164, UDAIL F.P. SCHOOL"
37,165,"165, BELTARA F.P. SCHOOL"
37,166,"166, CHAKBEHATAIR F.P. SCHOOL"
37,167,"167, CHAKBARAM F.P. SCHOOL"
37,168,"168, RADHANAGAR F.P. SCHOOL"
37,169,"169, PIROJPUR PRATHAMIK VIDALAYA"
37,170,"170, MUGLISHPUR F.P. SCHOOL"
37,171,"171, KATAKOL F.P. SCHOOL"
37,172,"172, RADHAKRISHNAPUR JUNIOUR HIGHSCHOOL"
37,173,"173, AJHAIR PRATHAMIK VIDLAYA"
37,174,"174, MADHABPUR JUNIOUR HIGH SCHOOL"
37,175,"175, BANSHIPUR PRATHAMIK VIDALAYA"
37,176,"176, BATUN 2 NO. F.P. SCHOOL"
37,177,"177, BATUN PRATHAMIK VIDALAYA"
37,178,"178, BATUN GRAM PANCHAYAT OFFICE"
37,179,"179, CHANDMOUA F.P. SCHOOL"
37,180,"180, KESHABPUR ADIBASI PRATHAMIK VIDALAYA"
37,181,"181, SAIDPUR PRATHAMIK VIDALAYA"
37,182,"182, BHAKLA F.P. SCHOOL"
37,183,"183, PAIKPARA F.P. SCHOOL"
37,184,"184, PATIRAM GIRLS HIGHSCHOOL, PATIRAM"
37,185,"185, PATIRAM F.P. SCHOOL"
37,186,"186, PATIRAM HIGHSCHOOL (UTTAR)"
37,187,"187, PATIRAM HIGHSCHOOL (DAKSHIN)"
37,188,"188, NICHABANDAR F.P. SCHOOL"
37,189,"189, BARSHAPARA F.P. SCHOOL"
37,190,"190, LAXIPUR F.P. SCHOOL (UTTAR)"
37,191,"191, LAXIPUR F.P. SCHOOL (UTTAR)"
37,192,"192, MATHURAPUR F.P. SCHOOL"
37,193,"193, ATAIR F.P. SCHOOL, PAGLIGANJ"
37,194,"194, JHAPUSHI F.P. SCHOOL"
37,195,"195, RAIPUR SAHAPARA F.P.SCHOOL"
37,196,"196, BIDAIPUR F.P. SCHOOL"
37,197,"197, NAJIRPUR JUNIOUR HIGH SCHOOL"
37,198,"198, MAHALA A.P. SCHOOL, MAHALA"
37,199,"199, JANTIGRAM F.P. SCHOOL"
37,200,"200, BAIDUL F.P. SCHOOL"
37,201,"201, UTTAR KHAPUR HIGH SCHOOL (PURBA)"
37,202,"202, KHAPUR F.P. SCHOOL"
37,203,"203, KAIGRAM F.P. SCHOOL"
37,204,"204, RAMPUR KISMAT F.P. SCHOOL"
37,205,"205, KHORNA F.P. SCHOOL"
37,206,"206, DASUL HIGH SCHOOL"
37,207,"207, BELGHARIA F.P. SCHOOL"
37,208,"208, SATHIAR F.P. SCHOOL"
37,209,"209, DANGA BIJOYSHREE JUNIOUR BASIC SCHOOL (UTTAR)"
37,210,"210, DANGA BIJOYSHREE JUNIOUR, BASIC SCHOOL (DAKSHIN)"
37,211,"211, BADALPUR F.P. SCHOOL"
37,212,"212, DAKSHIN ATAIR F.P. SCHOOL"
37,213,"213, PARANPUR F.P. SCHOOL"
37,214,"214, MAHINAGAR G.S.F.P SCHOOL"
37,215,"215, MAHINAGAR AGRICULTURE TRAINING CENTER (OFFICE GHAR)"
37,216,"216, RAGHUNATHPUR B.M. HIGH SCHOOL (UTTAR)"
37,217,"217, RAGHUNATHPUR B.M. HIGH SCHOOL"
37,218,"218, DANGA F.P. SCHOOL, DANGA"
37,219,"219, HOSSAINPUR F.P. SCHOOL"
37,220,"220, PRANBANDANA VIDYAPITH"
37,221,"221, SIROHI F.P. SCHOOL, SHIROHI"
37,222,"222, SIROHI S.K U. S"
37,223,"223, ISTARA PRATHAMIK VIDALAYA, RISTARA"
37,224,"224, MALANCHA Z.M.R.N HIGH SCHOOL (PACHIM)"
37,225,"225, MALANCHA J.M.R.N HIGH SCHOOL (PURBA)"
38,1,"1, Manimela F.P. School (Uttar Purba)"
38,2,"2, Manimela F.P. School"
38,3,"3, vidyasagar Vidyapith"
38,4,"4, Mahamaya Vidyaniketan"
38,5,"5, office of the Assistant Engineer P.H"
38,6,"6, Balurghat Adidasi Hostel"
38,7,"7, Khadimpur Moktarpara, G.S.F.P. School"
38,8,"8, Baghajatin F. P. School"
38,9,"9, Office of the Exe Engineer C.P.W(D)"
38,10,"10, Khadimpur High School ( Purba )"
38,11,"11, khadimpur High School ( Pashchim )"
38,12,"12, bagura colony F.p. School"
38,13,"13, Netaji Vidyapith"
38,14,"14, Kabitirtha Juniar High School"
38,15,"15, kabitirtha Juniar High School ( Dakshin)"
38,16,"16, office of the F.C.I office of india"
38,17,"17, babsayi samitir office , balurghat"
38,18,"18, prachyavarati  vidyapith"
38,19,"19, anandabagan shikhyaniketan"
38,20,"20, exise barak"
38,21,"21, office of the S.A.O office , Biswaspara"
38,22,"22, exise barak ( uttar)"
38,23,"23,NANDA SMRITI F.P. SCHOOL"
38,24,"24, OFFICE OF THE A.E.W.B.S.E.B"
38,25,"25, BIPLABI SUVASH BIDYANIKETAN"
38,26,"26, SHANTI COLONY F.P. SCHOOL SHANTI COLONY"
38,27,"27, NAMABANGI HIGH SCHOOL , NAMABANGI"
38,28,"28, NAMABANGI HIGH SCHOOL , NAMABANGI"
38,29,"29, NAMABANGI HIGH SCHOOL , NAMABANGI"
38,30,"30, OFFICE OF THE SUPERINTENDENT OF POST OFFICE"
38,31,"31, NARAYANPUR G.S.F.P SCHOOL , NAMABANGI"
38,32,"32, JOGOMAYA KISHALAY VIDYANIKETAN ( SOUTH)"
38,33,"33, JOGOMAYA KISHALAY VIDYANIKETAN ( MADHYA)"
38,34,"34, JOGOMAYA KISHALAY VIDYANIKETAN ( UTTAR)"
38,35,"35, OFFICE OF THE B.L. AND R.O (UTTAR PURBA)"
38,36,"36, OFFICE OF THE B.L. AND R.O (MIDDLE)"
38,37,"37, OFFICE OF THE B.L. AND R.O (UTTAR)"
38,38,"38, ASHUTOSH BALIKA BIDYAPITH (PASHIM)"
38,39,"39, ASHUTOSH BALIKA BIDYAPITH (DAKSHIN)"
38,40,"40, BALURGHAT COLLEGE ( MIDDLE)"
38,41,"41, BALURGHAT COLLEGE ( UTTAR)"
38,42,"42, BALURGHAT COLLEGE ( PURBA)"
38,43,"43, OFFICE OF THE A.C.M.O.H CHAKBHABANI"
38,44,"44, OFFICE OF THE A.C.M.O.H OFFICE CHAKBHABANI"
38,45,"45, OFFICE OF THE DISTRICT REGISTER, SHIBTALI"
38,46,"46, OFFICE OF THE EXE ENGINEER (P.H.E.) (NEAR TRITARTHA)"
38,47,"47, OFFICE OF THE DEPUTI OF SMALL SEVINGS"
38,48,"48, MANISH SMRITI F.P. SCHOOL"
38,49,"49, NALANDA VIDYAPITH"
38,50,"50, OFFICE OF THE C.D.P.O BALURGHAT ( GRAMIN)"
38,51,"51, BALURGHAT GIRL&#x27;S COLLEGE"
38,52,"52, BALURGHAT GIRL&#x27;S COLLEGE"
38,53,"53, OFFICE OF THE ASSISTANT ENGINEER R.W.S"
38,54,"54, CHAKVRIGU 1 NO G.S.F.P SCHOOL CHAKVRIGU"
38,55,"55, NADIPAR GIRL&#x27;S HIGH SCHOOL"
38,56,"56, NADIPAR N.C HIGH SCHOOL (UTTAR)"
38,57,"57, CHAKVRIGU  G.S.F.P SCHOOL NO-2"
38,58,"58, NADIPAR N.C HIGH SCHOOL (PASHCHIM)"
38,59,"59, AKHIRAPARA VIVEKANANDA F.P. SCHOOL, DAKRA"
38,60,"60, AKHIRA PARA HEALTH CENTRE, DAKRA"
38,61,"61, BELAIN F.P.SCHOOL (PASHCHIM)"
38,62,"62, BELAIN F.P.SCHOOL (PURBA)"
38,63,"63, DHAUL F.P SCHOOL CHANDRADOULLA"
38,64,"64, MAYAMARI F.P SCHOOL ( MAYAMARI)"
38,65,"65, GOBINDAPUR F.P SCHOOL"
38,66,"66, KUYARAN MISHAN F.P SCHOOL , KUYARAN"
38,67,"67, MAMNA F.P. SCHHOL, MAMNA"
38,68,"68, DANGI F.P SCHOOL"
38,69,"69, KALAIBARI F.P SCHOOL(UTTAR PURBA)"
38,70,"70, VUSHILA F.P SCHOOL"
38,71,"71, BHATPARA F.P SCHOOL"
38,72,"72, SHIBRAMPUR JUNIAR BASIC SCHOOL (PASHCHIM)"
38,73,"73, SHIBRAMPUR JUNIAR BASIC SCHOOL (PURBA)"
38,74,74 SUKAHAR F.P. SCHOOL
38,75,"75, CHAKRAM F.P. SCHOOL (UTTAR PASHCHIM)"
38,76,"76, SATRAI JUNIAR BASIC SCHOOL (UTTAR PURBA)"
38,77,"77, NAKSHA F.P. SCHOOL"
38,78,"78, J.L.P BIDYACHAKRA (PURABA)"
38,79,"79, J.L.P BIDYACHAKRA (PASHCHIM)"
38,80,"80, KHARAIL F.P. SCHOOL"
38,81,"81, KHIDIRPUR G.S.F.P SCHOOL KHIDIRPUR"
38,82,"82, KHIDIRPUR F.P. SCHOOL NO-2"
38,83,"83, KHIDIRPUR F.P. SCHOOL west"
38,84,"84, KHIDIRPUR F.P. SCHOOL NO-3 HALDARPARA"
38,85,"85, BARAKOIL HIGH SCHOOL"
38,86,"86, KUMARGRAM F.P SCHOOL , KUMARGRAM"
38,87,"87, BARAKOIL F.P SCHOOL"
38,88,"88, GOPALBATI GRAM PANCHAYET OFFICE GRIHA"
38,89,"89, DANG BIRAL F.P. SCHOOL"
38,90,"90, 89 GUNJARPUR JUNIAR BASIC SCHOOL"
38,91,"91, INDRA F.P SCHOOL"
38,92,"92, SHEWAI, F. P SCHOOL"
38,93,"93, SHEWAI, F. P SCHOOL (DAKSHIN)"
38,94,"94, HARIGRAM F.P SCHOOL"
38,95,"95, HARIGRAM  F.P Vidyalaya"
38,96,"96, KUCHILA F. P SCHOOL"
38,97,"97, MANOIL F.P SCHOOL"
38,98,"98, MANIPUR F.P SCHOOL"
38,99,"99, MARGRAM F.P. SCHOOL ( MARGRAM)"
38,100,"100, NUNAIL F. P. SCHOOL"
38,101,"101, AMRITAKHANDA JUNIAR BASIC SCHOOL(PURBA)"
38,102,"102, AMRITAKHANDA JUNIAR BASIC SCHOOL(PASHCHIM)"
38,103,"103, DUMHAIR JUNIAR BASIC SCHOOL"
38,104,"104, DOULLA F.P SCHOOL"
38,105,"105, KURMAIL JUNIAR BASIC SCHOOL"
38,106,"106, AMRITAKHANDA GRAM PANCHAYET OFFICE ( KAMARPARA)"
38,107,"107, KAMARPARA F.P SCHOOL"
38,108,"108, SHANIHARA F.P SCHOOL, SHANIHARA"
38,109,"109, SHATAKHANDA F.P SCHOOL"
38,110,"110, KHANPUR F.P SCHOOL"
38,111,"111, AJODHYA JUNIAR HIGH SCHOOL"
38,112,"112, JHINAIPOTA F.P SCHOOL"
38,113,"113, SHALGAO F.P SCHOOL"
38,114,"114, HASAIL F.P. SCHOOL"
38,115,"115, CHAKMADHAB PRATHAMIK VIDYALAY"
38,116,"116, PANDITPUR PRATHAMIK VIDYALAY"
38,117,"117, BADAMAIL F.P HIGH SCHOOL"
38,118,"118, HARIPUR F.P. SCHOOL"
38,119,"119, CHINGISHPUR HIGH SCHOOL"
38,120,"120, CHINGISHPUR HIGH SCHOOL ( CHINGISHPUR PASHCHIM)"
38,121,"121, SIALA F.P. SCHOOL"
38,122,"122, DURGAPUR F.P. SCHOOL"
38,123,"123, DAHAGHAT DURGAPUR JUNIAR BASIC SCHOOL"
38,124,"124, SANAPARA F.P SCHOOL"
38,125,"125, PIRIJPUR F. P SCHOOL"
38,126,"126, PURBA CHAKVIKAN F.P SCHOOL"
38,127,"127, BANGALIPUR F.P SCHOOL DAKSHIN NAGAR"
38,128,"128, CHINGISHPUR G.P OFFICE AMRAIL"
38,129,"129, PURBA HARIHARPUR F.P SCHOOL"
38,130,"130, SOBRA SHYAMPUR S.K.U.S"
38,131,"131, BHABANIPUR F,P SCHOOL"
38,132,"132, MAHADIPUR F.P SCHOOL"
38,133,"133, GHUGHUDANGA F.P SCHOOL"
38,134,"134, NOYAPARA ADIBASI SCHOOL"
38,135,"135, SOBRA JUNIAR BASIC SCHOOL"
38,136,"136, SOBRA JUNIAR HIGH SCHOOL"
38,137,"137, CHAKANDARU F.P SCHOOL"
38,138,"138, NAOYAPARA JUNIAR BASIC SCHOOL"
38,139,"139, NAOYAPARA JUNIAR HIGH SCHOOL"
38,140,"140, KUNJADINGU F.P SCHOOL"
38,141,"141, FERUSHA F.P SCHOOL , FERUSHA"
38,142,"142, BINSHIRA F.P SCHOOL , BINSHIRA"
38,143,"143, TEOR RAJRANI ASHRAM BALIKA BIDYALAY"
38,144,"144, TEOR KRISHNASHTAMI HIGH SCHOOL (UTTAR)"
38,145,"145, TEOR KRISHNASHTAMI HIGH SCHOOL (DAKSHIN)"
38,146,"146, PURBA MUSTAFAPUR F.P. SCHOOL, PURBAMUSTAFAPUR"
38,147,"147, MATAISH JUNIAR BASIC SCHOOL, MATAISH"
38,148,"148, MAKRAMPUR F.P SCHOOL, FAIJULLAPUR"
38,149,"149, SALASH NARAYANPUR F.P. SCHOOL"
38,150,"150, MANIKO ADIMASI JUNIAR HAGH SCHOOL"
38,151,"151, RAMJIBANPUR F.P SCHOOL"
38,152,"152, GARNA F.P SCHOOL"
38,153,"153, SIDAI F.P. SCHOOL"
38,154,"154, JAMALPUR F.P. SCHOOL"
38,155,"155, PURBA MATHURAPUR F.P SCHOOL"
38,156,"156, DAKSHIN JAMALPUR F.P SCHOOL"
38,157,"157, LAKMA BANGALIPUR JUNIAR BASIC SCHOOL"
38,158,"158, DABRA F.P. SCHOOL, DABRA"
38,159,"159, ISHWARPARA F.P SCHOOL"
38,160,"160, MURARIPUR SONAULLA HIGH SCHOOL, MURARIPUR"
38,161,"161, MURARIPUR F.P SCHOOL, MURALIPUR"
38,162,"162, TRIMMOHINI P.C UCCHA MADHYAMIK VIDYALAY (UTTAR)"
38,163,"163, TRIMMOHINI P.C UCCHA MADHYAMIK VIDYALAY (PURBA)"
38,164,"164, CHAKDAPAT F.P SCHOOL, KISMATDAPAT"
38,165,"165, SRIRAMPUR F.P SCHOOL"
38,166,"166, LALPUR F.P SCHOOL"
38,167,"167, MULAHAT F.P SCHOOL"
38,168,"168, MAHISHNOTA F.P SCHOOL"
38,169,"169, PURBA KALIKAPUR F.P SCHOOL"
38,170,"170, DHALPARA F.P SCHOOL"
38,171,"171, LASKARPUR F.P SCHOOL"
38,172,"172, BALPARA F.P SCHOOL"
38,173,"173, BANORA F.P SCHOOL"
38,174,"174, AGRA JUNIAR BASIC SCHOOL"
38,175,"175, BOIGRAM ADIBASI F.P SCHOOL"
38,176,"176, KHARUN F.P SCHOOL"
38,177,"177, PANJUL JUNIAR HIGH SCHOOL"
38,178,"178, NAFAR G.S.F.P SCHOOL"
38,179,"179, RAMKRISHNAPUR F.P SCHOOL"
38,180,"180, BOIKUNTHAPUR JUNIAR BASIC SCHOLL"
38,181,"181, DUMARAN F.P SCHOOL"
38,182,"182, GOSAIPUR F.P SCHOOL"
38,183,"183, BURA HILI F.P SCHOOL , APTAIR"
38,184,"184, APTAIR F.P SCHOOL -2 NO"
38,185,"185, APTAIR F.P SCHOOL -2 NO (PASHCHIM)"
38,186,"186, HILI GIRL&#x27;S HIGH SCHOOL (PASHCHIM)"
38,187,"187, HILI GIRL&#x27;S HIGH SCHOOL"
38,188,"188, DHARANDA F.P SCHOOL"
38,189,"189, APTAIR HINDI F.P SCHOOL (HILI ANGSHA)"
38,190,"190, BAKSHIGANJ F.P SCHOOL"
38,191,"191, KALIGANJ F.P SCHOOL"
38,192,"192, RAYNAGAR F.P SCHOOL,DAKSHINANSH"
38,193,"193, RAYNAGAR F.P SCHOOL, UTTARANSH"
38,194,"194, UJAL F.P SCHOOL"
38,195,"195, HILI RAMANATH HIGH SCHOOL UTTAR"
38,196,"196, HILI RAMANATH HIGH SCHOOL DAKSHIN"
39,1,MADNABATI JUNIAR BESIC SCHOOL
39,2,HARISHANKARPUR PRIMARY SCHOOL
39,3,MADHOBBATI PRIMARY SCHOOL
39,4,NALAGOLA HIGHER SECENDARY SCHOOL (EAST)
39,5,AAN HARPARA PRIMARY SCHOOL
39,6,NALAGOLA PRIMARY SCHOOL
39,7,NALAGOLA HIGHER SECENDARY SCHOOL (WEST BENGAL)
39,8,NABAB NAGAR PRIMARY SCHOOL
39,9,BARSHIPARA PRIMARY SCHOOL
39,10,FARIDPUR JUNIAR BESIC SCHOOL ( NORTH PART)
39,11,NALAGOLA H.L.JUNIAR GIRLS HIGH SCHOOL
39,12,FARIDPUR JUNIAR BESIC SCHOOL ( SOUTH PART)
39,13,GARAPARA PRIMARY SCHOOL
39,14,ISHAHAKPUR PRIMARY SCHOOL
39,15,CHANDRAIL PRIMARY SCHOOL
39,16,SUJAIL PRIMARY SCHOOL
39,17,GOBINDAPUR PRIMARY SCHOOL
39,18,SAYESTABAD PRIMARY SCHOOL
39,19,GUNAIDANGA PRIMARY SCHOOL
39,20,SHAPMARI PRIMARY SCHOOL
39,21,SHAPMARI MOYNAFALA PRIMARY SCHOOL
39,22,PALASHBARI PRIMARY SCHOOL
39,23,AMRATALI PRIMARY SCHOOL
39,24,"NABABNAGAR K,K,J,K, VIDYAPITH (NORTH PART)"
39,25,"NABABNAGAR K,K,J,K, VIDYAPITH (SOUTH PART)"
39,26,MAHESHPUR HIGH SCHOOL
39,27,DHAMIR JUNIAR BESIC SCHOOL ( EAST PART)
39,28,DHAMIR JUNIAR BESIC SCHOOL ( WEST PART)
39,29,PARHABINAGAR PARIMARY SCHOOL
39,30,SISHKURI PRIMARY SCHOOL (SOUTH PART)
39,31,SISHKURI PRIMARY SCHOOL (NORTH PART)
39,32,DHARMADANGA JUNIAR BESIK SCHOOL
39,33,DAKAT PUKUR PRIMARY SCHHOL
39,34,GOYALJOI JUNIAR BESIC SCHOOL
39,35,SHADULIPARA PRIMARY SCHOOL
39,36,CHANDPUR PRIMARY SCHOOL
39,37,RAMPUR PRIMARY SCHOOL
39,38,BOISHUKBARI PRIMARY SCHOOL
39,39,"KHUTADAHA R,C,HIGH SCHOOL (WEST PART)"
39,40,"KHUTADAHA R,C,HIGH SCHOOL (EAST PART)"
39,41,VULKIMARI PRIMARY SCHOOL
39,42,CHOTOPATHARI PRIMARY SCHOOL
39,43,HANSPUKUR PRIMARY SCHOOL
39,44,KENDANGA PRIMARY SCHOOL
39,45,PAIKPARA BASTUHARA PRIMARY SCHOOL
39,46,MOHANPUR BINTARA PRIMARY SCHOOL
39,47,BERUL PRIMARY SCHOOL
39,48,KATUADANGA PRIMARY SCHOOL
39,49,UDHIL PRIMARY SCHOOL
39,50,MANULI PRIMARY SCHOOL
39,51,BAMONGOLA HIGH SCHOOL ( EAST PART)
39,52,BAMONGOLA HIGH SCHOOL ( NORTH PART)
39,53,BAMONGOLA HIGH SCHOOL ( SOUTH PART)
39,54,RAKHALPUKUR BASTUHARA PRIMARY SCHOOL
39,55,RAMKRISHNAPUR PRIMARY SCHOOL
39,56,PAUL BASTUHARA PRIMARY SCHOOL
39,57,KAMARDANGA PRIMARY SCHOOL
39,58,JITPUR PRIMARY SCHOOL
39,59,JAGDALA JUNIAR BESIC SCHOOL
39,60,MACHUAKANDAR PRIMARY SCHOOL
39,61,MADHOBPUR PRIMARY SCHOOL
39,62,BIJLIDANGA PRIMARY SCHOOL
39,63,DOBA HANSPUKUR PRIMARY SCHOOL
39,64,ADATALA NANDINADAH PRIMARY SCHOOL
39,65,SHONGHAT HIGH SCHOOL
39,66,CHATIYA JUNIAR HIGH SCHOOL (WEST PART)
39,67,CHATIYA JUNIAR HIGH SCHOOL (EAST PART)
39,68,OLANDAR JUNIAR BESIK SCHOOL
39,69,KASHIMPUR PRIMARY SCHOOL
39,70,"A,N,M, HIGH SCHOOL ( EAST PART)"
39,71,PAKUAHAT DIGREE COLLAGE
39,72,GURANGOR PRIMARY SCHOOL
39,73,"A,N,M, HIGH SCHOOL ( SOUTH PART)"
39,74,KHIRIPARA PRIMARY SCHOOL
39,75,"A,N,M, HIGH SCHOOL ( WEST PART)"
39,76,PAKUAHAT JADUNATH JUNIAR GRILS VIDYALAYA
39,77,PAKUA MANEGDE PRIMARY SCHOOL
39,78,WATER SUPPLY PROJECT OFFICE MIRZAPUR
39,79,ALAMPUR PRIMARY SCHOOL
39,80,MALIPARA PRIMARY SCHOOL
39,81,DIGHALBAR PRIMARY SCHOOL
39,82,BUJURKHOIL PRIMARY SCHOOL
39,83,SHIMLA PRIMARY SCHOOL
39,84,DABOR PRIMARY SCHOOL
39,85,DOBADANGA PRIMARY SCHOOL
39,86,SAHARABARI PRIMARY SCHOOL
39,87,ASHRAMPUR PRIMARY SCHOOL (EAST PART)
39,88,ASHRAMPUR PRIMARY SCHOOL (WEST PART)
39,89,ADADANGA PRIAMRY SCHOOL
39,90,JAMALPUR PRATHOMIK VIDYALAYA (NORTH PART)
39,91,JAMALPUR PRATHOMIK VIDYALAYA (SOUTH PART)
39,92,KHOCAKANDAR PRIMARY SCHOOL (NORTH PART)
39,93,KHOCAKANDAR PRIMARY SCHOOL (SOUTH PART)
39,94,HARINKOL PRIMARY SCHOOL
39,95,HARINKOL PRIMARY SCHOOL (ADJACENT TEMPORARY HOUSE)
39,96,RAJENDRA NARAYAN NIMNA BUNIADI BIDYALAY NAKIL ( EAST)
39,97,RAJENDRA NARAYAN NIMNA BUNIADI BIDYALAY NAKIL ( WEST)
39,98,SHISHU DANGA PRIMARY SCHOOL
39,99,ROHINTOLA PRIMARY SCHOOL
39,100,ROHINTOLA PRIMARY SCHOOL (ADJACENT TEMPORARY HOUSE)
39,101,RADHAKANTAPUR PRIMARY SCHOOL
39,102,BINODPUR PRIMARY SCHOOL
39,103,TAPOSHAHAR PRIMARY SCHOOL
39,104,RAHUTARA SENT SOMAN HIGH SCHOOL
39,105,HAZIPUR PRIMARY SCHOOL
39,106,KENDPUKUR HIGH SCHOOL  (NORTH PART)
39,107,KENDPUKUR HIGH SCHOOL  (SOUTH PART)
39,108,KENDPUKUR PRIAMRY SCHOOL (NORTH PART)
39,109,KENDPUKUR PRIAMRY SCHOOL (SOUTH PART)
39,110,KIOL PRIMARY SCHOOL
39,111,KHIRIBARI PRIMARY SCHOOL (NORTH PART)
39,112,KHIRIBARI PRIMARY SCHOOL (SOUTH PART)
39,113,KENDUDANGA JUNIAR HIGH SCHOOL
39,114,NARSHINHABATI PRAIMARY SCHOOL
39,115,JAHANABAD PRIMARY SCHOOL
39,116,PORAPUR PRIMARY SCHOOL
39,117,CHAKLI DURGATALA PRIMARY SCHOOL
39,118,PARBOTIDANGA PRIMARY SCHOOL ( NORTH PART)
39,119,PARBOTIDANGA PRIMARY SCHOOL ( SOUTH PART)
39,120,CHANDRAMOHAN VIDYAMANDIR DALLA (NORTH PART )
39,121,CHANDRAMOHAN VIDYAMANDIR DALLA (EAST PART )
39,122,CHANDRAMOHAN VIDYAMANDIR DALLA (SOUTH PART )
39,123,ARAGACHI PRIMARY SCHOOL
39,124,BAHADURPUR PRIMARY SCHOOL
39,125,BOIDAPUR GRAM PANCHAYET OFFICE
39,126,PANNAPUR PRIMARY SCHOOL
39,127,DALLA JUNIOUR BESIC SCHOOL ( WEST PART )
39,128,DALLA JUNIOUR BESIC SCHOOL (EAST PART )
39,129,BIJOIL PRIMARY SCHOOL (EAST PART)
39,130,BIJOIL PRIMARY SCHOOL (WEST PART)
39,131,BOIDPUR RIFIUJI PRIMARY SCHOOL ( NORTH PART)
39,132,BOIDPUR RIFIUJI PRIMARY SCHOOL ( SOUTH PART)
39,133,JAGJIBINPUR JUNIOUR HIGH SCHOOL (NORTH PART)
39,134,JAGJIBINPUR JUNIOUR HIGH SCHOOL (WEST PART)
39,135,JAGJIBINPUR JUNIOUR HIGH SCHOOL ( SOUTH PART)
39,136,HARISHCHANDRAPUR JUNIOUR BESIC SCHOOL
39,137,HARISHCHANDRAPUR JUNIOUR BESIC SCHOOL (TEMPORARY HOME)
39,138,MANIKORA HIGH SCHOOL ( NORTH PART)
39,139,MANIKORA HIGH SCHOOL ( SOUTH PART)
39,140,AGRA PRIMARY SCHOOL
39,141,AGRA DUBAPARA PRIMARY SCHOOL
39,142,BHAIRABPUR PRIMARY SCHOOL ( NORTH PART)
39,143,BHAIRABPUR PRIMARY SCHOOL ( WEST PART)
39,144,DHANANJAY JUNIOUR BESIC SCHOOL ( EAST PART)
39,145,DHANANJAY JUNIOUR BESIC SCHOOL ( WEST PART)
39,146,JODEVPUR PRIMARY SCHOOL
39,147,LONSHA PRIMARY SCHOOL
39,148,JOYPUR PRIMARY SCHOOL
39,149,GOPALPUR PRIMARY SCHOOL
39,150,KANTURKA JUNIOUR BESIK SCHOOL ( NORTH PART)
39,151,KANTURKA JUNIOUR BESIK SCHOOL ( SOUTH PART)
39,152,MURGEEKANDAR PRIMARY SCHOOL
39,153,GOBINDAPUR PRIMARY SCHOOL
39,154,AHROIL PRIMARY SCHOOL ( EAST PART)
39,155,AHROIL PRIMARY SCHOOL ( WEST PART)
39,156,BODROIL PRIMARY SCHOOL
39,157,LAKSHMIPUR PRIMARY SCHOOL
39,158,KATLAPUKUR PRIMARY SCHOOL
39,159,BEGUNBARI PRIMARY SCHOOL
39,160,OLTARA PRIMARY SCHOOL
39,161,NAGHARIYA PRIMARY VIDYALAY
39,162,ULATOR PRIMARY VIDYALAY
39,163,KALITALA PRIMARI VIDYALAY
39,164,RANAHAT PRIMARY VIDYALAY
39,165,AMARPUR PRIMARY VIDYALAY
39,166,AMARPUR PRIMARY VIDYALAY ( WEST PART)
39,167,SEKENDRA PRIMARY VIDYALAY
39,168,TAJPUR PRIMARY VIDYALAY
39,169,KALPECHI PRIMARY VIDYALAY
39,170,HABIBPUR PRIMARY VIDYALAY
39,171,GANDHINAGAR PRIMARY VIDYALAY (EAST PART)
39,172,GANDHINAGAR PRIMARY VIDYALAY (WEST PART)
39,173,SHRIRAMPUR HIGH SCHOOL ( EAST PART)
39,174,SHRIRAMPUR HIGH SCHOOL ( WEST PART)
39,175,BANPUR JUNIOUR BESIC SCHOOL ( EAST PART)
39,176,BANPUR JUNIOUR BESIC SCHOOL ( WEST PART)
39,177,KALAIBARI PRIMARY VIDYALAY (NORTH PART)
39,178,KALAIBARI PRIMARY VIDYALAY (SOUTH PART)
39,179,SHIRSHI PRIMARY VIDYALAY ( EAST PART)
39,180,SHIRSHI PRIMARY VIDYALAY ( WEST PART)
39,181,JOTKOBIR PRIMARY VIDYALAY (EAST PART)
39,182,JOTKOBIR PRIMARY VIDYALAY (WEST PART)
39,183,SINGHABAD TILASON HIGH SCHOOL ( SOUTH PART)
39,184,SINGHABAD TILASON HIGH SCHOOL ( NORTH PART)
39,185,DHUMPUR PRIMARY SCHOOL (NORTH PART)
39,186,DHUMPUR PRIMARY SCHOOL (SOUTH PART)
39,187,JOTMONI PRIMARY VIDYALAYL
39,188,PAURULIA BUJRUK PRIMARY VIDYALAY
39,189,HORGRAM PRIMARY VIDYALAY
39,190,SONTOIL PRAIMARY VIDYALAY
39,191,BHURIMARI JAMALPUR PRIMARY VIDYALAY
39,192,BHURIMARI JAMALPUR PRIMARY VIDYALAY
40,1,KADAMTALI C S PRIMARY SCHOOL ( NORTH PART)
40,2,KADAMTALI C S PRIMARY SCHOOL ( SOUTH PART )
40,3,ALAL HIGH SCHOOL
40,4,PAHARIBHITA PRIMARY SCHOOL
40,5,KISMOT SULTANPUR PRIMARY SCHOOL
40,6,MURIAKUNDU MANAGED PRIMARY SCHOOL (WEST PART )
40,7,MURIAKUNDU MANAGED PRIMARY SCHOOL (EAST PART )
40,8,MOHAKALBONA SUROMONI S P SCHOOL
40,9,SRIKRISHNAPUR PRIMARY SCHOOL
40,10,RAJARAMCHAK HIGH MADRASHA ( NORTH PART)
40,11,RAJARAMCHAK HIGH MADRASHA  ( SOUTH PART )
40,12,RAJARAMCHAK PRIMARY SCHOOL
40,13,MOYNA JUNIOR BESIC SCHOOL ( EAST PART )
40,14,MOYNA HIGH SCHOOL
40,15,MOYNA JUNIOR BESIC SCHOOL ( WEST PART )
40,16,CHAMPADIGHI C S PRIMARY SCHOOL (EAST PART )
40,17,CHAMPADIGHI C S PRIMARY SCHOOL ( WEST PART )
40,18,DURGAPUR PRIMARY SCHOOL
40,19,KALINAGAR JUNIOR BESIC SCHOOL
40,20,AHORA S P PRIMARY SCHOOL
40,21,KANCHAN NAGAR PRIMARY SCHOOL
40,22,KARKOCH M S HIGH SCHOOL
40,23,UPDEL PRIMARY SCHOOL
40,24,AMSOL HIGH SCHOOL ( NORTH PART )
40,25,AMSOL HIGH SCHOOL ( SOUTH PART )
40,26,AMSOL JUNIOR BESIC SCHOOL
40,27,BACHAHAR MANAGED PRIMARY SCHOOL ( WEST PART )
40,28,BACHAHAR MANAGED PRIMARY SCHOOL ( EAST PART )
40,29,KOIL PRATHOMIK VIDLAYA
40,30,GOBINDOPUR PRATHOMIK VIDLAYA
40,31,MAHIL PRATHOMIK VIDLAYA
40,32,MODNAHAR PRATHOMIK VIDLAYA
40,33,DOYAS PRATHOMIK VIDLAYA ( NORTH PART )
40,34,DOYAS PRATHOMIK VIDLAYA ( SOUTH PART )
40,35,DEOTOLA PANCHAYET OFFICE
40,36,MAHANAGAR PRIMARY SCHOOL
40,37,DEOTOLA MANAGED PRIMARY SCHOOL  ( WEST PART )
40,38,DEOTOLA MANAGED PRIMARY SCHOOL ( SOUTH PART )
40,39,NURDIPUR PRATHOMIK VIDLAYA
40,40,DHAOEL JUNIOR BESIC SCHOOL
40,41,BHORDIGHI PRIMARY SCHOOL
40,42,THALIPUKUR PRIMARY SCHOOL
40,43,BABUPUR HIGH SCHOOL    ( WEST PART )
40,44,BABUPUR HIGH SCHOOL   ( EAST PART )
40,45,JAMALPUR PRIMARY SCHOOL ( WEST PART )
40,46,JAMALPUR PRIMARY SCHOOL ( EAST PART )
40,47,NAYAPARA JOSHOIL PRIMARY SCHOOL
40,48,RAJNAGAR MANAGED PRIMARY SCHOOL
40,49,BABUPUR  G P OFFICE  (EAST PART )
40,50,BABUPUR G P OFFICE  ( WEST PART )
40,51,JAMDANGA PRIMARY SCHOOL
40,52,CHAKNAGAR  MANAGED PRIMARY SCHOOL
40,53,CHAKNAGAR JUNIOR HIGH SCHOOL
40,54,KATIKANDOR PRIMARY SCHOOL ( EAST PART )
40,55,CHAKNAGAR G P OFFICE
40,56,KATIKANDOR PRATHOMIK VIDLAYA ( WEST  PART )
40,57,DUBATHOKMAN BOIRDANGI K R HIGH SCHOOL ( WEST )
40,58,DUBATHOKMAN BOIRDANGI K R HIGH SCHOOL ( WEST )
40,59,PIRALUTOLA PRIMARY SCHOOL
40,60,KRISHNANAGAR PIRALUTOLA S P PRIMARY SCHOOL ( NORTH )
40,61,KRISHNANAGAR PIRALUTOLA S P PRIMARY SCHOOL ( EAST  )
40,62,KRISHNANAGAR PIRALUTOLA S P PRIMARY SCHOOL ( SOUTH   )
40,63,GARADHUL JUNIOR HIGH SCHOOL
40,64,EMAMNAGAR G C S PRIMARY SCHOOL
40,65,POLADANGA G C F  PRIMARY VIDLAY
40,66,NOAPARA  BIDHANNAGAR PRIMARY SCHOOL
40,67,MAHISHAL PRIMARY SCHOOL
40,68,BARDANGA RAGHUNATH  HIGH SCHOOL ( NORTH )
40,69,BARDANGA RAGHUNATH  HIGH SCHOOL ( SOUTH )
40,70,SALAIDANGA JUNIOR BESIC SCHOOL
40,71,BASHKHUPI PRIMARY SCHOOL
40,72,AATGHORA MANAGED PRIMARY SCHOOL ( NORTH )
40,73,AATGHORA MANAGED PRIMARY SCHOOL ( SOUTH )
40,74,RANIDHIGHI MANAGED PRIMARY SCHOOL  ( EAST )
40,75,RANIDHIGHI MANAGED PRIMARY SCHOOL  ( WEST )
40,76,PURBA ANANTAPUR PRIMARY SCHOOL
40,77,AHIL MANAGED PRIMARY SCHOOL
40,78,DOHIL HIGH SCHOOL
40,79,Atila primary school
40,80,NORSING DANGA PRIMARY SCHOOL
40,81,HATNAGAR DANGA PRIMARY SCHOOL
40,82,SONADANGA DARIKNATH JUNIOR BESIC SCHOOL
40,83,BAGDOL PRIMARY SCHOOL
40,84,DANGAPARA MANAGED PRIMARY  SCHOOL (  EAST PART )
40,85,DANGAPARA MANAGED PRIMARY  SCHOOL (  WEST  PART )
40,86,LAKKHIPUR HIGH SCHOOL
40,87,RANIPUR CLUB ( YOUTH )
40,88,DOIBOKBATI PRIMARY SCHOOL
40,89,BADNAGRA HIGH SCHOOL
40,90,KHORDOHIL FAIJUL GOBRA MADRASHA
40,91,KHORDOHIL PRIMARY SCHOOL
40,92,TULSI DANGA PRIMARY SCHOOL ( EAST PART )
40,93,TULSI DANGA PRIMARY SCHOOL ( WEST  PART )
40,94,GAJOLE H N M HIGH SCHOOL ( SOUTH )
40,95,GAJOLE H N M HIGH SCHOOL ( NORTH  )
40,96,DOLILPUR PRIMARY SCHOOL
40,97,GAJOLE BOYES JUNIOR BESIC SCHOOL ( WEST PART )
40,98,GAJOLE BOYES JUNIOR BESIC SCHOOL ( EAST  PART )
40,99,HARIDAS PRIMARY SCHOOL
40,100,SHYAM SUKHI BALIKA SIKKHA NIKETON
40,101,SHYAM SUKHI BALIKA SIKKHA NIKETON   ( EAST PART )
40,102,SHYAM SUKHI BALIKA SIKKHA NIKETON   ( WEST  PART )
40,103,KODUBARI PRIMARY SCHOOL
40,104,RANGABHITA PRIMARY SCHOOL ( EAST PART )
40,105,RANGABHITA PRIMARY SCHOOL ( WEST  PART )
40,106,KOTALHATI PRIMARY SCHOOL ( WEST PART )
40,107,UTTOR RAHIMPUR PRIMARY SCHOOL
40,108,DURGAPUR PRIMARY VIDYALAYA
40,109,JAMDANGA PRATHOMIK VIDYALAYA
40,110,BANIAL JUNIOR BESIC SCHOOL
40,111,MOSALDIGHI SIBBROTI VIDYAPITH ( EAST PART )
40,112,MOSALDIGHI SIBBROTI VIDYAPITH ( WEST  PART )
40,113,ROSIKPUR PRIMARY SCHOOL
40,114,MATAIL PRIMARY SCHOOL
40,115,PANCHPARA PRIMARY SCHOOL
40,116,FOTEPUR MANAGED PRIMARY SCHOOL  ( EAST PART )
40,117,FOTEPUR MANAGED PRIMARY SCHOOL  ( WEST PART )
40,118,KHAKSHOL PRIMARY SCHOOL
40,119,MALACHA PRIMARY SCHOOL  ( EAST PART )
40,120,MALACHA PRIMARY SCHOOL  ( WEST PART )
40,121,HATIMARI HIGH SCHOO L
40,122,TIYAKATHI HIGH SCHOOL ( EAST PART )
40,123,TIYAKATHI HIGH SCHOOL ( WEST  PART )
40,124,RAJDIGHI CLUB
40,125,EKLAKHI PRIMARY SCHOOL ( EAST PART )
40,126,EKLAKHI PRIMARY SCHOOL ( WEST  PART )
40,127,AKALPUR PRIMARY SCHOOL
40,128,RAMKRISHNA PALLY PRIMARY SCHOOL
40,129,RAJ DIGHI S P PRIMARY SCHOOL
40,130,DEOANI PRIMARY SCHOOL
40,131,BOIRGACHI JUNIOR BESIC SCHOOL ( EAST PART )
40,132,BOIRGACHI JUNIOR BESIC SCHOOL ( WEST  PART )
40,133,RAM NAGAR HIGH MADRASHA ( EAST PART )
40,134,RAM NAGAR HIGH MADRASHA ( WEST  PART )
40,135,RAM NAGAR HIGH MADRASHA ( NORTH  PART )
40,136,KOYLABAD MANAGED PRIMARY SCHOOL
40,137,RAM KRISHNA SIKKHA NIKETON
40,138,CHITKUL PRATHOMIK VIDYALAYA
40,139,ALINAGAR MANAGED PRIMARY SCHOOL
40,140,ALINAGAR PRIMARY SCHOOL
40,141,ALINAGAR JUNIOR HIGH SCHOOL
40,142,GAIKURI PRIMARY SCHOOL
40,143,KALIDIGHI PRIMARY SCHOOL
40,144,FULBARI  C S PRIMARY SCHOOL
40,145,MUDAPUR PRIMARY SCHOOL
40,146,CHADANDIGHI PRIMARY SCHOOL
40,147,VATTARIPARA PRIMARY SCHOOL
40,148,PANDUA JUNIOR HIGH SCHOOL ( SOUTH PART )
40,149,PANDUA MANAGED PRIMARY SCHOOL
40,150,PANDUA MANAGED PRIMARY SCHOOL ( WEST  PART )
40,151,PANDUA MANAGED PRIMARY SCHOOL ( NORTH  PART )
40,152,NASIR SHA JHIKRA PRIMARY SCHOOL
40,153,ADINA DAK BANGLO ( NORTH PART )
40,154,ADINA   PRIMARY SCHOOL ( SOUTH PART )
40,155,JOHONPUR MANAGED PRIMARY SCHOOL ( EAST PART )
40,156,JOHONPUR MANAGED PRIMARY SCHOOL ( WEST  PART )
40,157,PURBO BINODPUR PRATHOMIK VIDYALAYA
40,158,SUKHAN DIGHI PRATHOMIK VIDYALAYA
40,159,BHOBANI KOTHA C S PRIMARY SCHOOL ( EAST PART )
40,160,BHOBANI KOTHA C S PRIMARY SCHOOL ( WEST  PART )
40,161,MOJLISHBAG PRIMARY SCHOOL
40,162,NOYAPARA PRIMARY SCHOOL
40,163,POSCHIM KOSBA PRIMARY SCHOOL
40,164,PARIL JUNIOR BESIC SCHOOL  ( EAST PART )
40,165,PARIL JUNIOR BESIC SCHOOL  ( WEST  PART )
40,166,GHON SOHOR PRIMARY SCHOOL
40,167,MAJHRA GRAM PONCHAYET OFFICE
40,168,BOLARAMPUR PRIMARY SCHOOL  ( EAST PART )
40,169,BOLARAMPUR PRIMARY SCHOOL  ( WEST PART )
40,170,HATINDA C S PRIMARY SCHOOL ( EAST PART )
40,171,HATINDA C S PRIMARY SCHOOL ( WEST  PART )
40,172,AMLIDANGA   MANAGED PRIMARY SCHOOL  ( EAST PART )
40,173,AMLIDANGA   MANAGED PRIMARY SCHOOL ( WEST PART )
40,174,SISHA DANGA  MANAGED PRIMARY SCHOOL
40,175,KORONJA PRIMARY SCHOOL
40,176,MALIPARA JUNIOR BESIC SCHOOL   ( EAST PART )
40,177,MALIPARA JUNIOR BESIC SCHOOL ( WEST PART )
40,178,BOROBARI P P PRIMARY SCHOOL ( NORTH PART )
40,179,BOROBARI P P PRIMARY SCHOOL ( SOUTH PART )
40,180,BILAIKANDOR   PRATHOMIK VIDYALAYA
40,181,RANIGANJ HIGH SCHOOL ( NORTH PART )
40,182,DARAPUR PRIMARY SCHOOL
40,183,RANIGANJ HIGH SCHOOL ( EAST PART )
40,184,RANIGANJ HIGH SCHOOL ( WEST PART )
40,185,ALTOR  JUNIOR BESIC SCHOOL  ( EAST PART )
40,186,ALTOR  JUNIOR BESIC SCHOOL  ( WEST PART )
40,187,SALUKA PRIMARY SCHOOL
40,188,KRISHNAPUR  PRIMARY SCHOOL
40,189,NIMTOLA PRIMARY SCHOOL
40,190,GODANG  MANAGED PRIMARY SCHOOL ( WEST PART )
40,191,KALITOLA PRIMARY SCHOOL     ( EAST PART )
40,192,KALITOLA PRIMARY SCHOOL     ( WEST PART )
40,193,ARAJI JALSHA S P PRIMARY SCHOOL
40,194,POLLY UNNOYON CLUB ( ARAJI JALSHA )
40,195,KENBONA PRIMARY SCHOOL
40,196,BURIDOHO  PRIMARY SCHOOL
41,1,SWARUPGANJ PRATHOMIK VIDYALAY
41,2,MAYAPUR PRATHOMIK VIDYALAY
41,3,BISHTUPUR PRATHOMIK VIDYALAY(EAST PATR)
41,4,BISHTUPUR PRATHOMIK VIDYALAY(WEST PART)
41,5,NAYATULI MAHANANDPUR HIGHA MADRASHA(EAST PART)
41,6,NAYATULI MAHANANDPUR HIGHA MADRASHA(WEST PART)
41,7,DAKSHINPAKA MALLIK PARA UCTHVIDYALAY
41,8,MAHANANDAPUR PRAKTAN GRAM PANCHAYET OFFICE
41,9,MAHANDAPUR PRATHOMIK VIDYALAY
41,10,DHANJONA PRATHAMIK VIDYALAY
41,11,DHANAJONA JUNIOUR HIGH SCHOOL
41,12,JOGHANATHPUR PRATHOMIK VIDYALAY
41,13,RATTOT  PRATHOMIK VIDYALAY
41,14,DAUVATTA PRATHOMIK VIDYALAY
41,15,RAMDEBPUR PRATHOMIK VIDYALAY (EAST)
41,16,RAMDEBPUR PRATHOMIK VIDYALAY (WEST)
41,17,VEBA PRIMARY SCHOOL
41,18,VEBA JOTHCHANDI BULET CLUB O LIBRARY
41,19,DAKSHIN KALIGANG PRATHOMIK VIDYALAY
41,20,CHANDIPUR PRATHOMIK VIDYALAY
41,21,SERBABAR PRATHOMIK VIDYALAY(EAST)
41,22,SERBABAR PRATHOMIK VIDYALAY(WEST)
41,23,VAGABANPUR GRAM PANCHAIT OFFICE
41,24,ARBARA JUNIOUR HIGH SCHOOL ORGANIGE (EAST)
41,25,ARBARA JUNIOUR HIGH SCHOOL ORGANIGE (WEST)
41,26,ARBARA PRATHOMIK VIDYALAY
41,27,PURBA NICHITPUR PRATHOMIK VIDYALAY
41,28,VAGABANPUR PRATHOMIK VIDYALAY
41,29,JASUYA JHAIR KHA PRATHOMIK VIDYALAY(EAST)
41,30,JASUYA JHAIR KHA PRATHOMIK VIDYALAY(WEST)
41,31,SERPUR MOKDUMPUR PRATHOMIK VIDYALAY
41,32,SERPUR MOKDUMPUR PRATHOMIK VIDYALAY (NATUN BHABAN)
41,33,HAJHATPUR PRATHOMIK VIDYALAY
41,34,HAJHATPUR PRATHOMIK VIDYALAY (OSTHAYE CHALA SANGLAGNO)
41,35,A. N. G. H. H. RURAL LIBRARY O CLUB
41,36,ISMAILPUR PRATHOMIK VIDYALAY
41,37,HARIPUR ASHWANIPUR PRATHOMIK VIDYALAY(NORTH)
41,38,ASHWANIPUR  HARIPUR PRATHOMIK VIDYALAY(NORTH)
41,39,BOGJONA PRATHOMIK VIDYALAY
41,40,BOGJONA PRATHOMIK VIDYALAY (OSTHAYE CHAL SANGLAGNO)
41,41,NODISHIK PRATHOMIK VIDYALAY(EAST)
41,42,NODISHIK PRATHOMIK VIDYALAY(WEST)
41,43,BALI DANGA PRATHOMIK VIDYALAY
41,44,MAHABAT PUR PRATHOMIK VIDYALAY
41,45,ALIHONDA NINMO BUNIADI VIDYALAY
41,46,SURATOUR PRATHOMIK VIDYALAY
41,47,DABIGANG PRATHOMIK VIDYALAY(NORTH PART)
41,48,DABIGANG PRATHOMIK VIDYALAY (SOUTH PART )
41,49,KANUYA PRATHOMIK VIDYALAY
41,50,KANUYA K.B. K R YOUTH O LAIBARY
41,51,RAJ NAGAR PRATHOMIK VIDYALAY
41,52,THAHAGHATI HIGH MADRASA(NORTH PART)
41,53,THAHAGHATI HIGH MADRASA(SOUTH PART)
41,54,DULIABARI PRATHOMIK VIDYALAY(EAST PART)
41,55,DULIABARI PRATHOMIK VIDYALAY(WEST  PART)
41,56,CHANDIGACHI PRATHOMIK VIDYALAY
41,57,B.M CLUB AND RURAL LIBRARY
41,58,NURGANG NINMOBUNYDI VIDYALAY
41,59,KOLI GRAM 1 NO PRATHOMIK VIDYALAY (NORTH PART)
41,60,KOLI GRAM 1 NO PRATHOMIK VIDYALAY (SOUTH PART)
41,61,KOLI GRAM UCTHO VIDYALAY
41,62,PRANSAGAR PRATHOMIK VIDYALAY
41,63,KOLIGRAM JUNIOR GRILS HIGH VIDYALAY
41,64,VAGABATIPUR PRATHOMIK VIDYALAY
41,65,MULAIBARI PRATHOMIK VIDYALAY
41,66,SAHABAJPUR PRATHOMIK VIDYALAY (NORTH PART)
41,67,SAHABAJPUR PRATHOMIK VIDYALAY (EAST PART)
41,68,NOIKANDA HIGH MADRASHA(SOUTH PART )
41,69,NOIKANDA PRATHOMIK VIDYALAY
41,70,NOIKANDA HIGH MADRASHA(NORTH PART)
41,71,KHARBA H.N AGREE HIGHER SECONDARY SCHOOL(EAST)
41,72,KHARBA H.N AGREEL HIGHER SECONDARY SCHOOL(WEST)
41,73,BACILHAT PRATHOMIK VIDYALAY
41,74,SHAKTIHAR ASHAPUR PRATHOMIK VIDYALAY(EAST PART)
41,75,SHAKTIHAR ASHAPUR PRATHOMIK VIDYALAY(WEST PART)
41,76,NICHLAMARI PRATHOMIK VIDYALAY
41,77,TARAPUR PRATHOMIK VIDYALAY(NORTH)
41,78,TARAPUR PRATHOMIK VIDYALAY(SOUTH PART)
41,79,GOPALPUR MADRASHA(NORTH PART)
41,80,GOPALPUR MADRASHA(WEST PART)
41,81,KOBAIYA PRATHOMIK VIDYALAY
41,82,DIYAGANG PRATHOMIK VIDYALAY
41,83,SHREEPATIPUR PRATHOMIK VIDYALAY(NORTH)
41,84,SHREEPATIPUR PRATHOMIK VIDYALAY(SOUTH)
41,85,JAMGACHI DAUDPUR PRATHOMIK VIDYALAY
41,86,GOURIYA PRATHOMIK VIDYALAY
41,87,EMAMPUR PRATHOMIK VIDYALAY
41,88,D.I.B JUNIOR HIGH SCHOOL
41,89,JODUPUR GALIMPUR PRATHOMIK VIDYALAY
41,90,MALCHA PRATHOMIK VIDYALAY (NORTH)
41,91,MALCHA PRATHOMIK VIDYALAY (SOUTH)
41,92,NARASINGHAPUR PRATHOMIK VIDYALAY
41,93,SANTOSHPUR KATLAMARI HIGH MADRASHA (NORTH PART)
41,94,SANTOSHPUR PRATHOMIK VIDYALAY
41,95,SANTOSHPUR KATLAMARI HIGH MADRASHA (SOUTH PART)
41,96,BAKIPUR PRIMARI VIDYALAY
41,97,KUSHMAY PRATHOMIK VIDYALAY KUSHMAY
41,98,"DAKSHIN BOSONTAPUR JUNIOR MADRASHA ,MOTIHARPUT"
41,99,SAKARKOLA PRIMARY SCHOOL
41,100,DILALPUR JUNIOR BASIC SCHOOL (EAST PART)
41,101,DILALPUR JUNIOR BASIC SCHOOL (WEST PART)
41,102,MOHISHAMARI PRATHOMIK VIDYALAY
41,103,DHUMSADANGI PRATHOMIK VIDYALAY
41,104,BIROSTHALI PRATHOMIK VIDYALAY (EAST PART )
41,105,BIROSTHALI PRATHOMIK VIDYALAY (WEST PART )
41,106,DAKHINSAHAR NIMNOBUNIYADI VIDYALAY (NORTH PART)
41,107,DAKHINSAHAR JUNIOUR BASIC SCHOOL (WEST PART)
41,108,PAHARPUR JUNIOUR BASIC SCHOOL (NORTH PART)
41,109,PAHARPUR JUNIOUR BASIC SCHOOL (SOUTH PART)
41,110,CHANCHAL HARIPARA JELEPARA PRATHOMIK VIDYALAY
41,111,CHANCHOL RAJHINDU HOSTAL(SOUTH PART )
41,112,CHANCHAL SHIDHASHWRI INSTARTION(EAST PART)
41,113,CHANCHAL SHIDHASHWRI INSTARTION(WEST PART)
41,114,CHANCHAL RANI DAKHAINI GRILS VIDYALAY(EAST PART )
41,115,CHANCHAL GRAM PANCHAYAT OFFICE
41,116,RANI DAKHAINI GRILS UCTHO VIDYALAY(WEST PART)
41,117,SUJAGANG PRATHOMIK VIDYALAY
41,118,SIHIPUR PRATHOMIK VIDYALAY
41,119,SIHIPUR HARIPARA PRATHOMIK VIDYALAY
41,120,CHANCHOL RAJHINDU HOSTAL (NORTH PART )
41,121,RANIKAMAT PRATHOMIK VIDYALAY
41,122,RASHULPUR PRATHOMIK VIDYALAY(EAST PART)
41,123,RASHULPUR PRATHOMIK VIDYALAY(WEST PART)
41,124,RAMPUR GOURIPUR JUNIOUR BASIC SCHOOL
41,125,RAMPUR GOURIPUR JUNIOR HIGH SCHOOL (PROSTABITA)
41,126,GORAKHPUR PRIMARY SCHOOL (WEST PART)
41,127,GORAKHPUR PRIMARY SCHOOL (SOUTH PART)
41,128,HOBINAGAR PRIMARY SCHOOL ( EAST PART )
41,129,HOBINAGAR PRIMARY SCHOOL ( NORTH PART )
41,130,NEHALPUR PRIMARY SCHOOL
41,131,MOHAMMAD PRIMARY SCHOOL
41,132,VIDYANANDAPUR PRIMARY SCHOOL (EAST PART)
41,133,VIDYANANDAPUR PRIMARY SCHOOL (WEST PART)
41,134,SONARAI BOIALIYA PRIMARY SCHOOL
41,135,SONARAI  PRIMARY SCHOOL
41,136,SADARPUR HIGH SCHOOL (WEST PART)
41,137,SADARPUR HIGH SCHOOL (SOUTH PART)
41,138,SUTI 2NO PRIMARY SCHOOL(EAST PART)
41,139,SUTI 2NO PRIMARY SCHOOL  (WEST PART)
41,140,KAPSIYA PRATHOMIK VIDYALAY (NORTH PART )
41,141,KAPSIYA PRATHOMIK VIDYALAY (SOUTH PART )
41,142,DUMRO PRIMARY SCHOOL
41,143,ALHADIPUR JUNIOUR BASIC SCHOOL
41,144,GOURHOND PRIMARY SCHOOL (NORTH)
41,145,GOURHOND PRIMARY SCHOOL (SOUTH PART)
41,146,ENAYETNAGAR PRIMARY SCHOOL
41,147,SUKRABARI A.K. HIGH MADRASHA
41,148,ANUPNAGAR JUNIOUR BASIC SCHOOL
41,149,MAHADIPUR PRIMARY SCHOOL
41,150,MALATIPUR PRIMARY SCHOOL(WEST PART)
41,151,MALATIPUR PRIMARY SCHOOL(NORTH PART)
41,152,MALATIPUR  R.K. GRILSHIGH SCHOOL (NORTH PART)
41,153,MALATIPUR  R.K. GRILS HIGH SCHOOL (SOUTH PART)
41,154,PARANINAGAR PRIMARY SCHOOL
41,155,LALGANG JUNIOUR BASIC SCHOOL
41,156,UJITPUR PRIMARY SCHOOL (WEST PART)
41,157,RAMPUR JANIPUR PRIMARY SCHOOL (EAST PART)
41,158,RAMPUR JANIPUR  PRIMARY SCHOOL(WEST PART)
41,159,JODUPUR HIGH SCHOOL(EAST PART )
41,160,JODUPUR HIGH SCHOOL (WEST PART )
41,161,KANAIPUR PRIMARY SCHOOL (EAST PART)
41,162,KANAIPUR PRIMARY SCHOOL (WEST PART)
41,163,BALARAMPUR PRIMARY SCHOOL(EAST PART)
41,164,BALARAMPUR PRIMARY SCHOOL(WEST PART)
41,165,CHANDRAPARA PRIMARY SCHOOL
41,166,UJITPUR PRIMARY SCHOOL (EAST PART)
41,167,JALALPUR PRIMARY SCHOOL
41,168,PASHIM JALALPUR PRIMARY SCHOOL(NORTH PART )
41,169,PASHIM JALALPUR PRIMARY SCHOOL (SOUTH PART )
41,170,BOTRISHKOLA PRIMARY SCHOOL
41,171,SHIMULTALA PRIMARY SCHOOL
41,172,SHIMULTALA PRIMARY SCHOOL (SOUTH PART)
41,173,GOBINDA PARA HIGH SCHOOL(EAST PART)
41,174,GOBINDA PARA HIGH SCHOOL (WEST PART)
41,175,BANGAPAL PRIMARY SCHOOL
41,176,JITARPUR JUNIOUR BASIC SCHOOL
41,177,JITARPUR JUNIOUR HIGH SCHOOL
41,178,DAMAIPUR  PRIMARY SCHOOL
41,179,NAYAPARA PRIMARY SCHOOL
41,180,DAMAIPUR  PRIMARY SCHOOL(SOUTH PART)
41,181,CHANDUYA DAMAIPUR JUNIOUR HIGH MADRASHA (PROPOSED)EAST
41,182,CHANDUYA DAMAIPUR JUNIOUR HIGH MADRASHA (PROPOSED)WEST
41,183,JALALPUR HIGH MADRASHA
41,184,JALALPUR HIGH MADRASHA (WEST PART)
41,185,DAHUKA  PRIMARY SCHOOL
41,186,JALALPUR HIGH SCHOOL (EAST PART)
41,187,JALALPUR HIGH SCHOOL (WEST PART)
41,188,HAJRATPUR  PRIMARY SCHOOL (EAST PART)
41,189,HAJRATPUR  PRIMARY SCHOOL(WEST PART)
41,190,BAHARABAD PRIMARY SCHOOL
41,191,KAJIPARA PRIMARY SCHOOL
41,192,GOYALPARA HIGH SCHOOL (EAST PART)
41,193,GOYALPARA HIGH SCHOOL (WEST PART)
41,194,HOSSAINPARA PRIMARY SCHOOL
41,195,MOKDUMPUR PRIMARY SCHOOL (EAST PART)
41,196,MOKDUMPUR PRIMARY SCHOOL (WEST PART)
41,197,KHANPUR PRIMARY SCHOOL
41,198,KHANPURGHAT PRIMARY SCHOOL
41,199,GANGADABI JUNIOUR BASIC SCHOOL
41,200,GANGADABI HIGH SCHOOL
41,201,CHANDUYA PRIMARY SCHOOL
41,202,SANCHIYA JUNIOUR BASIC SCHOOL
42,1,TALGRAM PRIMARY SCHOOL (NORTH)
42,2,TALGRAM PRIMARY SCHOOL (SOUTH)
42,3,HARIHARPUR JUNIOUR BESIC SCHOOL
42,4,BETAHAL PRIMARI SCHOOL
42,5,BHUNA ADIBASHI JUNIOUR HIGH SCHOOL (NORTH)
42,6,BHUNA ADIBASHI JUNIOUR HIGH SCHOOL (SOUTH)
42,7,SADLICHAK PRIMARY SCHOOL (NORTH)
42,8,SADLICHAK PRIMARY SCHOOL (SOUTH)
42,9,SADLICHAK HIGH SCHOOL
42,10,BASUDEBPUR PRIMARY SCHOOL
42,11,TIMIRPURA PRIMARY SCHOOL
42,12,KUMEDPUR PRIMARY SCHOOL
42,13,KONKONIA PRIMARY SCHOOL
42,14,KONKONIA PRIMARY SCHOOL (WEST)
42,15,MALSHABAD PRIMARY SCHOOL
42,16,DATIYON PRIMARY SCHOOL
42,17,NANARAHI PRIMARY SCHOOL
42,18,NANARAHI PRIMARY SCHOOL (WEST)
42,19,DAHARA PRIMARY SCHOOL
42,20,CHAKSATAN PRIMARY SCHOOL
42,21,SWARANPUR PRIMARY SCHOOL (NORTH)
42,22,SWARANPUR PRIMARY SCHOOL (SOUTH)
42,23,MANOHORPUR PRIMARY SCHOOL (EAST)
42,24,BOIJNATHPUR PRIMARY SCHOOL
42,25,CHATRAK PRIMARY SCHOOL
42,26,KHUNIA PAHAR PRIMARY SCHOOL
42,27,SULTAN NAGAR HASINA HIGH SCHOOL
42,28,DAKSHIN MUKUNDAPUR PRIMARY SCHOOL (SOUTH)
42,29,DAKSHIN MUKUNDAPUR PRIMARY SCHOOL (NORTH)
42,30,BARADUARI JUNIOUR BESIC SCHOOL
42,31,KHONTA PRAIMARY SCHOOL
42,32,RAGHOBPUR PRIMARY SCHOOL
42,33,DHONIPARA JUNIOUR HIGH MADRASHA
42,34,ARJUNA JUNIOUR BESIC  SCHOOL
42,35,TOTIYA PRAIMARY SCHOOL
42,36,MITNA PRIMARY SCHOOL
42,37,MITNA HIGH SCHOOL
42,38,MITNA SENIOR MADRASHA
42,39,MITNA HIGH MADRASHA (NORTH)
42,40,MITNA HIGH MADRASHA (SOUTH)
42,41,MALIOR PRIMARY SCHOOL (WEST)
42,42,MALIOR PRIMARY SCHOOL (EAST)
42,43,NIMGACHHI JALALPUR PRIMARY SCHOOL
42,44,SONAKOL PRIMARY SCHOOL
42,45,BAGHUYA PRIMARY SCHOOL
42,46,SHIMULTALA PRIMARY SCHOOL
42,47,KHARAGRAM PRIMARY SCHOOL
42,48,UTTAR TALSHUR PRIMARY SCHOOL
42,49,KATLAMARI PRIMARY SCHOOL
42,50,PURATUN TALSHUR PRIMARY SCHOOL
42,51,VAJANNA GRAMER PRIMARY SCHOOL
42,52,CHANDPUR PRIMARY SCHOOL
42,53,BOSTA ESTATE PLAN PRIMARY SCHOOL
42,54,NOYAPARA KHOPAKATI PRIMARY SCHOOL
42,55,NOYAPARA KHOPAKATI PRIMARY SCHOOL
42,56,ISLAMPUR SAGAR JUNIOUR HIGH MADRASA
42,57,ISLAMPUR SAGAR JUNIOUR HIGH MADRASA (EAST)
42,58,UTTOR BHAKURIA PRIMARY SCHOOL
42,59,DAKSHIN BHAKURIA PRIMARY SCHOOL (EAST)
42,60,DAKSHIN BHAKURIA PRIMARY SCHOOL (WEST)
42,61,MIHAHAT PRIMARY SCHOOL
42,62,TELJANNA PRIMARY SCHOOL
42,63,JANAKEE NAGAR PRIMARY SCHOOL
42,64,KHIDIRPUR PRIMARY SCHOOL (EAST)
42,65,KHIDIRPUR PRIMARY SCHOOL (WEST)
42,66,DAULATNAGAR JUNIOUR BESIC SCHOOL (SOUTH)
42,67,DAULATNAGAR JUNIOUR BESIC SCHOOL (NORTH)
42,68,DOULATNAGAR HIGH SCHOOL (EAST)
42,69,DOULATNAGAR HIGH SCHOOL (WEST)
42,70,TALBVANGRUA HIGH MADRASA
42,71,TALBVANGRUA HIGH MADRASA (WEST)
42,72,TALBVANGRUA PRIMARY SCHOOL
42,73,TALBVANGRUA PRIMARY SCHOOL (WEST)
42,74,TALBANGRUA SINIOR  MADRASA (EAST)
42,75,TALBANGRUA SINIOR  MADRASA (WEST)
42,76,HARDAMNAGAR JUNIOUR BESIC SCHOOL
42,77,HARDAMNAGAR JUNIOUR HIGH SCHOOL
42,78,BHAOIRABPUR PRIMARY SCHOOL
42,79,JAGANNATHPUR JUNIOUR HIGH MADRASA (WEST)
42,80,JAGANNATHPUR JUNIOUR HIGH MADRASA (EAST)
42,81,JAGANNATHPUR JUNIOUR HIGH MADRASA (EAST)
42,82,JAGANNATHPUR PRIMARY SCHOOL (WEST)
42,83,TENTHA GHAT PRIMARY SCHOOL
42,84,BORNAHI PRIMARY SCHOOL
42,85,HATICHHAPA PRIMARY SCHOOL
42,86,FATEPUR JUNIOUR BASIC SCHOOL
42,87,PEMAI PRIMARY SCHOOL
42,88,VALUKA PRIMARY SCHOOL
42,89,VALUKA R.M.M.M.VIDYAPITH CHATRABAS
42,90,VALUKA R.M.M.M.VIDYAPITH CHATRABAS (EAST)
42,91,VALUKA R.M.M.M.VIDYAPITH CHATRABAS (WEST)
42,92,PARVALUKA PRIMARY SCHOOL
42,93,KUSHIDHA HIGH SCHOOL (NORTH)
42,94,KUSHIDHA HIGH SCHOOL (SOUTH)
42,95,DOULA PRIMARY SCHOOL
42,96,BALUIVAROT PRIMARY SCHOOL
42,97,UTTOR RAMPUR PRIMARY SCHOOL (ANGANWARI KENDRA)
42,98,UTTOR RAM PUR PRIMARY SCHOOL
42,99,MUKUNDAPUR PRIMARY SCHOOL
42,100,KAPAICHANDI PRIMARY SCHOOL
42,101,LAXMIPUR PRIMARY SCHOOL
42,102,VAGABANPUR PRIMARY SCHOOL
42,103,BIJHOT PRIMARY SCHOOL
42,104,OYARI HOSSAINPUR PRIMARY SCHOOL
42,105,OYARI PRIMARY SCHOOL
42,106,VATOL JUNIOUR BASIC SCHOOL
42,107,VATOL JUNIOUR HIGH SCHOOL
42,108,NASHARPUR PRIMARY SCHOOL
42,109,BISHANPUR HIGH SCHOOL (WEST)
42,110,GIDHINPOKHOR PRIMARY SCHOOL
42,111,RANITOLA PRIMARY SCHOOL
42,112,DANGGI MAHENDRAPUR PRIMARY SCHOOL
42,113,PEMA PRIMARY SCHOOL
42,114,BARGHORIA PRIMARY SCHOOL
42,115,SHIMULIYA JUNIOUR BASIC SCHOOL
42,116,NANDIBATI PRIMARY SCHOOL
42,117,BORUI HIGH SCHOOL (EAST)
42,118,BORUI HIGH SCHOOL (WEST)
42,119,CHAYANPUR PRIMARY SCHOOL
42,120,PANCHLA PRIMARY SCHOOL
42,121,VIDYANANDAPUR PRIMARY SCHOOL
42,122,NIYAR PRIMAARY SCHOOL
42,123,KALITOLA MOBARAKPUR PRIMARY SCHOOL ( PURATUN)
42,124,KALITOLA MOBARAKPUR PRIMARY SCHOOL (NOTUN)
42,125,"VAKTIPUR K,M,HIGH MADRASA"
42,126,SHALDAHA PRIMARY SCHOOL
42,127,MURAGACHHI PRIMARY SCHOOL
42,128,KATOL MOLLABARI PRIMARY SCHOOL
42,129,KATOL PRIMARY SCHOOL
42,130,RAMSHIMUL MANAGED PRIMARY SCHOOL
42,131,RASHIDABAD PRIMARY SCHOOL
42,132,RANIPURA PRIMARY SCHOOL
42,133,KHOSHALPUR MADRASA (PROPOSED)
42,134,CHANDIPUR HIGH SCHOOL
42,135,MANKIBARI PRIMARY SCHOOL
42,136,KOSTORIYA JUNIOUR BASIC SCHOOL
42,137,GOURIPUR STATEPLAN PRIMARY SCHOOL
42,138,MAKHNA KUILPARA PRIMARY SCHOOL
42,139,RARIYAL MANAGED PRIMARY SCHOOL (WEST)
42,140,RARIYAL MANAGED PRIMARY SCHOOL (EAST
42,141,SALALPUR PRIMARY SCHOOL
42,142,TULSHIHATA HIGH SCHOOL ( ANGAONWARI KENDRA)
42,143,TULSHIHATA HIGH SCHOOL (EAST)
42,144,TULSHIHATA HIGH SCHOOL (WEST)
42,145,JOTBAHARAMPUR PRIMARY SCHOOL
42,146,ANGARMUNI PRIMARY SCHOOL
42,147,KAHATTA PRIMARY SCHOOL
42,148,KISMAT BAROL PRIMARY SCHOOL
42,149,BAROL PRIMARY SCHOOL
42,150,SHAKTOLPARO PRIMARY SCHOOL
42,151,PARO PRIMARY SCHOOL
42,152,KONAR PRIMARY SCHOOL
42,153,JHIKODANGA PRIMARY SCHOOL
42,154,KANUA BHABANIPUR JUNIOUR HIGH SCHOOL 154
42,155,KUNUA BHABANIPUR K.B.K.R.HIGH MADRASA
42,156,LAKKHONPUR PRIMARY SCHOOL
42,157,MISKINPUR PRIMARY SCHOOL
42,158,KOLHA JUNIOUR BASIC SCHOOL
42,159,KHOKRA PRIMARY SCHOOL
42,160,VINGOLE BINODINI JUNIOUR BESIC SCHOOL
42,161,VINGOLE HIGH SCHOOL
42,162,BOIRAT PRIMARY SCHOOL
42,163,BOIRAT PRIMARY SCHOOL ATTACHED ( ASTAHI GRIHO)
42,164,BAGMARA PRIMARY SCHOOL
42,165,BAGMARA PRIMARY SCHOOL ( propossed Expansion Part)
42,166,MAHENDRAPUR JUNIOUR HIGH SCHOOL
42,167,MAHENDRAPUR ANGONWARI KENDRA
42,168,MAHENDRAPUR PRIMARY SCHOOL
42,169,GANG NADIA PRIMARY SCHOOL
42,170,ALINAGOR PRIMARY SCHOOL
42,171,BANGRUA VABANIPUR PRIMARY SCHOOL
42,172,KHIJIRIYA BANGRUYA PRIMARY SCHOOL
42,173,BANGRUYA KHIJHIRIYA MADRASA
42,174,TILDANGI PRIMARY SCHOOL -174
42,175,RAMPUR PRIMARY SCHOOL (EAST PART) -175
42,176,RAMPUR PRIMARY SCHOOL (WEAT PART)
42,177,GANPATRAY MODI JUNIOUR BASIC SCHOOL
42,178,PIPLA HIGH SCHOOL -178
42,179,NARAYAN PRIMARY SCHOOL
42,180,VATTA PRIMARY SCHOOL
42,181,GORGORI PRIMARY SCHOOL
42,182,BARADUARI JUNIOUR BASIC SCHOOL
42,183,RADHANAGAR PRIMARY SCHOOL
42,184,HARISHCHANDRAPUR GIRLS PRIMARY SCHOOL
42,185,HARISHCHANDRAPUR HIGH SCHOOL ( EAST PART)
42,186,HARISHCHANDRAPUR HIGH SCHOOL ( WEST PART)
42,187,HARISHCHANDRAPUR HIGH SCHOOL SANGLOGNO PRIMARY SCHOOL
42,188,VOJMOHAN JUNIOUR BASIC SCHOOL (EAST PART)
42,189,VOJMOHAN JUNIOUR BASIC SCHOOL (WEST PART)
42,190,BITOL PRIMARY SCHOOL
42,191,GANGOR PRIMARY SCHOOL
42,192,GOLA PRIVATE GRIHO ( ASTAHI GRIHO)
42,193,MUNGOLE PRIMARY SCHOOL
42,194,RANGAIPUR PRIMARY SCHOOL
42,195,RANGAIPUR PRIMARY SCHOOL SANGLOGNO ( ASTAHI GRIHO)
42,196,PRIVATE GRIHO ( PURATUN RANGAIPUR)
42,197,DHUMSADANGI KHEJUR BARI PRATHOMIK SCHOOL
43,1,CHITHOLIA JUNIOR HIGH MADRASHA
43,2,ILAM PRIMARY SCHOOL
43,3,BEJPURA KALIKAPUR JUNIOR BESIC SCHOOL
43,4,BEJPURA JUNIOR HIGH SCHOOL
43,5,DUBOL PRIMARY SCHOOL
43,6,DOULATPUR JUNIOR BASIC SCHOOL
43,7,DOULATPUR JUNIOR HIGH SCHOOL
43,8,DAHUA PRIMARY SCHOOL
43,9,BAROL PRIMARY SCHOOL(NORTH)
43,10,BAROL PRIMARY SCHOOL(SOUTH PART)
43,11,OYAHEDPUR STATE PLANE PRIMARY SCHOOL
43,12,MATILAL PRIMARY SCHOOL
43,13,KANANPARA PRIMARY SCHOOL
43,14,SATBHITI PRATHAMIK VIDYALAY
43,15,MATIYARI MANAGED PRIMARY SCHOOL(EAST)
43,16,MATIYARI MANAGED PRIMARY SCHOOL(WEST)
43,17,KAMLABARI PRIMARY SCHOOL
43,18,TALGACHII SENIOR MADRASAH
43,19,TALGACHII SENIOR MADRASAH (NORTH)
43,20,TALGACHII SENIOR MADRASAH (SOUTH)
43,21,KARIYALI PRIMARY SCHOOL (NORTH)
43,22,KARIYALI PRIMARY SCHOOL (SOUTH)
43,23,MASHALDAHA PHULBATI MODI JUNIOR BESIC SCHOOL (EAST)
43,24,MASHALDAHA PHULBATI MODI JUNIOR BESIC SCHOOL (WEST)
43,25,MOHANPUR MANAGED PRIMARY SCHOOL(EAST)
43,26,MOHANPUR MANAGED PRIMARY SCHOOL(WEST)
43,27,SONAPUR PRIMARY SCHOOL (EAST)
43,28,SONAPUR PRIMARY SCHOOL (WEST)
43,29,HALDIBARI RANGHAT PRIMARY SCHOOL (EAST PART)
43,30,HALDIBARI RANGHAT PRIMARY SCHOOL(WEST PART)
43,31,ALANGI PRIMARY SCHOOL (EAST PART)
43,32,ALANGI PRIMARY SCHOOL (NORTH PART)
43,33,DHANGARA HIGH MADRASAH (WEST PART)
43,34,KHEMPUR PRIMARY SCHOOL
43,35,DHANGARA HIGH MADRASAH (EAST PART)
43,36,DHANGARA JUNIOR BASIC SCHOOL
43,37,DHANGARA JUNIOR HIGH SCHOOL
43,38,SHOLAMARI PRIMARY SCHOOL
43,39,BISANPUR PRIMARY SCHOOL
43,40,BALUAGHAT PRIMARY SCHOOL (EAST PART)
43,41,BALUAGHAT PRIMARY SCHOOL (WEST PART)
43,42,DAKSHIN PARANPUR PRIMARY SCHOOL (NORTH PART)
43,43,DAKSHIN PARANPUR PRIMARY SCHOOL (SOUTH PART)
43,44,CHORALMANI HIGH SCHOOL
43,45,CHORALMANI JUNIOR BASIC SCHOOL
43,46,MALAHAR PRIMARY SCHOOL (SOUTH PART)
43,47,MALAHAR PRIMARY SCHOOL (NORTH PART)
43,48,MEGHDUMRA PRIMARY SCHOOL (EAST PART)
43,49,MEGHDUMRA PRIMARY SCHOOL (WEST PART)
43,50,KALIGANJ PRIMARY SCHOOL
43,51,DARRA PRIMARY SCHOOL
43,52,KASHIMPUR MOKDARA PRIMARY SCHOOL (NORTH PART)
43,53,KASHIMPUR MOKDARA PRIMARY SCHOOL (SOUTH PART)
43,54,CHANDIMAHESHPUR PRIMARY SCHOOL (EAST PART)
43,55,CHANDIMAHESHPUR PRIMARY SCHOOL (WEST PART)
43,56,SAMSI COLLEGE
43,57,KAJALDIGHI PRIMARY SCHOOL
43,58,KANDARAN JUNIOR BASIC SCHOOL
43,59,RATANPUR PRIMARY SCHOOL
43,60,SAMSI SITA DEBI GIRLS JUNIOR HIGH SCHOOL
43,61,SAMSI AGRIHIGH SCHOOL SANGLAGNA PRIMARY SCHOOL(DURGATA)
43,62,SANSI AGRI HIGH SCHOOL
43,63,BHAGABANPUR HIGH MADRASAH (NORTH PART)
43,64,BHAGABANPUR HIGH MADRASAH (SOUTH PART)
43,65,BHAGANABPUR PRIMARY SCHOOL (NORTH PART)
43,66,BHAGANABPUR PRIMARY SCHOOL (SOUTH PART)
43,67,MAHESHPUR PRIMARY SCHOOL
43,68,AMARSINGHI PRIMARY SCHOOL
43,69,BANDHAKURI PRIMARY SCHOOL
43,70,BAIDYANATHPUR PRIMARY SCHOOL (NORTH PART)
43,71,BAIDYANATHPUR PRIMARY SCHOOL (SOUTH PART)
43,72,MATIGANJ PRIMARY SCHOOL
43,73,PARAKARAM PRIMARY SCHOOL (NORTH PART)
43,74,PARAKARAM PRIMARY SCHOOL (UTTOR PURBANGSHO)
43,75,PARAKARAM PRIMARY SCHOOL
43,76,PARAKARAM PRIMARY SCHOOL (SOUTH &amp; WEST PART)
43,77,BHADO BATTOLA MANAGED PRIMARY SCHOOL (EAST PART)
43,78,BHADO BATTOLA MANAGED PRIMARY SCHOOL (WEST PART)
43,79,BATTOLA ADARSHA HIGH MADRASAH (EAST PART)
43,80,BATTOLA ADARSHA HIGH MADRASAH (WEST PART)
43,81,BALDIYAPUKUR PRIMARY SCHOOL
43,82,CHANDIPUR PRIMARY SCHOOL
43,83,BIHARI PRIMARY SCHOOL
43,84,BHADO B S B JUNIOR HIGH SCHOOL (EAST PART)
43,85,BHADO B S B JUNIOR HIGH SCHOOL (WEST PART)
43,86,TARANAGAR PRIMARY SCHOOL (NORTH PART)
43,87,TARANAGAR PRIMARY SCHOOL (SOUTH PART)
43,88,MIRKAMARI PRIMARY SCHOOL (NORTH PART)
43,89,MIRKAMARI PRIMARY SCHOOL (SOUTH PART)
43,90,THANUTOLA PRIMARY SCHOOL(EAST PART)
43,91,THANUTOLA PRIMARY SCHOOL(WEST PART)
43,92,BALUPUR PRIMARY SCHOOL (NORTH PART)
43,93,BALUPUR PRIMARY SCHOOL (SOUTH PART)
43,94,HARIN KOL PRIMARY SCHOOL
43,95,BAHIR KAP PRIMARY SCHOOL (EAST PART)
43,96,BAHIR KAP PRIMARY SCHOOL (WEST PART)
43,97,DURGAPUR PRIMARY SCHOOL (EAST PART)
43,98,DURGAPUR PRIMARY SCHOOL (WEST PART)
43,99,DEBIPUR PRIMARY SCHOOL (EAST PART)
43,100,DEBIPUR PRIMARY SCHOOL (WEST PART)
43,101,RADHANAGAR JUNIOR HIGH SCHOOL
43,102,TERROSIYA PRIMARY SCHOOL
43,103,DEBIPUR ICHCHHAMOYEE JUNIOR BASIC SCHOOL (NORTH PART)
43,104,DEBIPUR ICHCHHAMOYEE JUNIOR BASIC SCHOOL (SOUTH PART)
43,105,BAJITPUR C S PRIMARY SCHOOL (EAST PART)
43,106,BAJITPUR C S PRIMARY SCHOOL (WEST PART)
43,107,MAKAIYA NEETAJI CLUB
43,108,BANIKANTATOLA PRIMARY SCHOOL (EAST PART)
43,109,BANIKANTATOLA PRIMARY SCHOOL SANGLAGNO CHALAGHOR
43,110,BANIKANTATOLA PRIMARY SCHOOL (WEST PART)
43,111,CHHOBILALTOLA PRIMARY SCHOOL
43,112,SAMBALPUR PRIMARY SCHOOL
43,113,BAJITPUR BADANTOLA PRIMARY SCHOOL
43,114,BALARAMPUR PRIMARY SCHOOL
43,115,SAHANAGAR PRIMARY SCHOOL
43,116,RAMNAGAR KOTUALY PRIMARY SCHOOL
43,117,SHYAM GOPTOLA PRIMARY SCHOOL
43,118,MULI RAM TOLA PRIMARY SCHOOL
43,119,KATAHA DIYARA HIGH SCHOOL (NORTH PART)
43,120,KATAHA DIYARA HIGH SCHOOL (SOUTH PART)
43,121,JITU TOLA PRIMARY SCHOOL
43,122,CHOITU TOLA PRIMARY SCHOOL
43,123,JANJALI TOLA PRIMARY SCHOOL
43,124,NAYA BILAIMARI PRIMARY SCHOOL
43,125,PASCHIM RATANPUR BINDAPARA PRIMARY SCHOOL
43,126,GANGARAMTOLA PRIMARY SCHOOL
43,127,DARKTOLA PRIMARY SCHOOL
43,128,MANIKNAGAR PRIMARY SCHOOL
43,129,RAMAYANPUR PRIMARY SCHOOL
43,130,RUHIMARI PRIMARY SCHOOL
43,131,BILAIMARI PRIMARY SCHOOL (NORTH PART)
43,132,BILAIMARI PRIMARY SCHOOL (SOUTH PART)
43,133,DEOYANOYALA PRIMARY SCHOOL
43,134,JIYARUDDINTOLA JUNIOR HIGH SCHOOL
43,135,JIYARUDDINTOLA PRATHAMIK VIDYALAY
43,136,KAMALPUR PARIMARY SCHOOL
43,137,KAMALESWARI PATHAGAR
43,138,KALITOLA I C D S CENTER
43,139,NARATTOMPUR KAHALA HIGH SCHOOL (NORTH PART)
43,140,UJIRTOLA I C D S CENTER (NORTH PART)
43,141,UJIRTOLA I C D S CENTER (SOUTH PART)
43,142,NARATTOMPUR DIYARA PRIMARY SCHOOL
43,143,HARAGOBINDAPUR PRIMARY SCHOOL
43,144,KALUTOLA PRIMARY SCHOOL
43,145,RAGHUNATHPUR PARIMARY SCHOOL
43,146,ASHUTOLA PRIMARY SCHOOL
43,147,ASHUTOSH TOLA I C D S CENTER
43,148,SURYAPUR PRIMARY SCHOOL
43,149,KANCHANNAGAR KARBONA PRIMARY SCHOOL (NORTH PART)
43,150,KANCHANNAGAR KARBONA PRIMARY SCHOOL SOUTH PART)
43,151,KARBONA KANCHAN NAGAR JUNIOR HIGH MADRASAH
43,152,FARIDPUR C S PRIMARY SCHOOL (NORTH PART)
43,153,FARIDPUR C S PRIMARY SCHOOL (SOUTH PART)
43,154,BHALUARA PRIMARY SCHOOL
43,155,JANNAGAR PRIMARY SCHOOL (EAST PART)
43,156,JANNAGAR PRIMARY SCHOOL PASCHIM PARA)
43,157,RATUYA HIGH SCHOOL (EAST PART)
43,158,RATUYA HIGH SCHOOL (NORTH PART)
43,159,RATUYA HIGH SCHOOL (WEST PART)
43,160,PURBA RUKUNDIPUR PRIMARY SCHOOL
43,161,RATUYA JUNIOR HIGH MADRASAH (NORTH PART)
43,162,RATUYA C S PRIMARY SCHOOL
43,163,RATUYA JUNIOR HIGH MADRASAH (SOUTH PART)
43,164,RATUYA AHAMMADDULLAH JUNIOR BASIC SCHOOL (NORTH PART)
43,165,RATUYA AHAMMADDULLAH JUNIOR BASIC SCHOOL (SOUTH PART)
43,166,AILPARA PRIMARY SCHOOL
43,167,BAHARAL SAHAPUR PRIMARY SCHOOL (EAST PART)
43,168,BAHARAL SAHAPUR PRIMARY SCHOOL (WEST PART)
43,169,BAHADURPUR PRIMARY SCHOOL (EAST PART)
43,170,BAHADURPUR PRIMARY SCHOOL (WEST PART)
43,171,BAHADURPUR GRAMPANCHAYET OFFICE
43,172,BAHARAL MANAGED PRIMARY SCHOOL
43,173,BAHARAL P L SINGHA HIGH SCHOOL (EAST)
43,174,BAHARAL P L SINGHA HIGH SCHOOL (WEST)
43,175,GHURGHURA MONI PRIMARY SCHOOL
43,176,DURGAPUR PRIMARY SCHOOL (WEST)
43,177,DURGAPUR PRIMARY SCHOOL (EAST)
43,178,BAKHARA PRIMARY SCHOOL
43,179,MALDA PATTI PRIMARY SCHOOL
43,180,RADHANAGAR PRIMARY SCHOOL(EAST)
43,181,RADHANAGAR PRIMARY SCHOOL(WEST)
43,182,ATGAMA BAMARAMPUR PRIMARY SCHOOL
44,1,MATIYARI PRIMARY SCHOOL
44,2,SIKTAHAR PRIMARY SCHOOL
44,3,GORAKKHA PRIMARY SCHOOL
44,4,CHANDMUNI ANCHAL JUNIOR  HIGH MADRASHA
44,5,GOURIPUR PRIMARY SCHOOL
44,6,MALOPARA  PRIMARY SCHOOL ( EAST PART )
44,7,MALPOARA  PRIMARY SCHOOL ( WEST  PART )
44,8,ROSUNGANJ PRIMARY SCHOOL ( NORTH PART )
44,9,ROSUNGANJ PRIMARY SCHOOL ( SOUTH PART )
44,10,KUMARIYA PRIMARY SCHOOL
44,11,CHANDMUNI  -1 GRAM PANCHAYET OFFICE
44,12,SHANTOPUR PRIMARY SCHOOL
44,13,HARIKOL JUNIOR BESIC SCHOOL
44,14,BATNA HIGH MADRASHA ( EAST PART )
44,15,BATNA HIGH MADRASHA ( WEST  PART )
44,16,BATNA HIGH MADRASHA ( NORTH  PART )
44,17,KHOCH KHAMAR BALUPUR PRIMARY SCHOOL
44,18,KHOCH KHAMAR BALUPUR PRIMARY SCHOOL ( SOUTH PART )
44,19,JHAGRA PATHAR PRIMARY SCHOOL  ( NORTH )
44,20,JHAGRA PATHAR PRIMARY SCHOOL  ( SOUTH )
44,21,ANDHARU PRIMARY SCHOOL ( EAST )
44,22,ANDHARU PRIMARY SCHOOL ( WEST  PART )
44,23,BOMPAL PRIMARY SCHOOL   ( EAST PART )
44,24,BOMPAL PRIMARY SCHOOL   ( WEST PART )
44,25,SALABOTPUR  PRIMARY SCHOOL
44,26,BALLAVPUR FREE  PRIMARY SCHOOL
44,27,G S A JUNIOR HIGH MADRASHA
44,28,SRIPUR  PRIMARY SCHOOL
44,29,LOSKORPUR JUNIOR  HIGH SCHOOL
44,30,LOSKORPUR MANAGED   PRIMARY SCHOOL
44,31,ASKAPARA FREE PRIMARY SCHOOL (SOUTH )
44,32,ASKAPARA FREE PRIMARY SCHOOL ( NORTH  PART )
44,33,GOBINDOPUR FREE  PRIMARY SCHOOL
44,34,HARIRAMPUR  JUNIOR  HIGH MADRASHA
44,35,KRISHNAPUR KUCHILA  MANAGED   PRIMARY SCHOOL
44,36,MAGURA JUNIOR  BESIC SCHOOL
44,37,SRIPUR ANCHAL HIGH SCHOOL
44,38,KATLAMARI FREE PRIMARY SCHOOL
44,39,KHERIYA  FREE PRIMARY SCHOOL
44,40,CHATOR FREE PRIMARY SCHOOL   ( EAST  PART )
44,41,CHATOR FREE PRIMARY SCHOOL   ( WEST  PART )
44,42,RANINAGAR MANAGED   PRIMARY SCHOOL    ( EAST  PART )
44,43,RANINAGAR MANAGED   PRIMARY SCHOOL    ( WEST  PART )
44,44,RANINAGAR JUNIOR HIGH MADRASHA
44,45,DAKSHIN  RANINAGAR  PRIMARY SCHOOL
44,46,KUMARGANJ JUNIOR  BESIC SCHOOL  ( SOUTH PART )
44,47,KUMARGANJ JUNIOR  BESIC SCHOOL  ( NORTH PART )
44,48,SRIPUR 2 NO GRAM PANCHAYET OFFICE
44,49,POLASBONA FREE  PRIMARY SCHOOL
44,50,UTTAR MAHARAJPUR FREE PRIMARY SCHOOL
44,51,MOHANANDA BRIDGE PRIMARY SCHOOL
44,52,MAHARAJPUR KEFATULLAH HIGH SCHOOL  ( EAST  PART )
44,53,MAHARAJPUR KEFATULLAH HIGH SCHOOL  ( WEST  PART )
44,54,MAHARAJPUR JUNIOR  BESIC SCHOOL ( NORTH PART )
44,55,MAHARAJPUR JUNIOR  BESIC SCHOOL ( SOUTH PART )
44,56,RAJAPUR FREE PRIMARY SCHOOL
44,57,MAHARAJPUR GRAM PANCHAYET OFFICE
44,58,CHIKNI FREE  PRIMARY SCHOOL
44,59,ALLAHABAD FREE  PRIMARY SCHOOL
44,60,SULTANGANJ HIGH SCHOOL
44,61,SULTANGANJ HASPATALER NIKOT ASTHAI CHALA
44,62,GOKULPUR FREE  PRIMARY SCHOOL
44,63,GOLASHIBGANJ  FREE  PRIMARY SCHOOL
44,64,BANGABATI ISLAMPUR PRIMARY SCHOOL
44,65,KAMDOL  FREE  PRIMARY SCHOOL   ( NORTH PART )
44,66,KAMDOL  FREE  PRIMARY SCHOOL   ( SOUTH PART )
44,67,SOMBOLPUR  FREE  PRIMARY SCHOOL
44,68,SOMBOLPUR   HIGH SCHOOL
44,69,SHIBNAGAR NEW C S PRIMARY SCHOOL  (  EAST  PART )
44,70,SHIBNAGAR NEW C S PRIMARY SCHOOL  (  WEST  PART )
44,71,MAHARAJNAGAR HIGH MADRASHA
44,72,HARIPUR     MANAGED   PRIMARY SCHOOL
44,73,HARIPUR K. O SENIOR MADRASHA
44,74,RAMCHANDRAPUR  FREE  PRIMARY SCHOOL
44,75,KODOMTOLI   FREE  PRIMARY SCHOOL  (  EAST  PART )
44,76,KODOMTOLI   FREE  PRIMARY SCHOOL  (  WEST  PART )
44,77,BALUGHAT   FREE  PRIMARY SCHOOL
44,78,PORANPUR HIGH SCHOOL (  EAST  PART )
44,79,PORANPUR HIGH SCHOOL
44,80,PORANPUR  MANAGED   PRIMARY SCHOOL
44,81,ARAIDANGA ( JONE-1 ) P H E OFFICE
44,82,NEPURPARA SPECIAL CADER PRIMARY SCHOOL ( NORTH )
44,83,NEPURPARA SPECIAL CADER PRIMARY SCHOOL ( SOUTH )
44,84,CHANDPUR FREE  PRIMARY SCHOOL  ( WEST )
44,85,CHANDPUR FREE  PRIMARY SCHOOL  ( EAST )
44,86,MIRJADPUR NIRODH BORONI JUNIOR HIGH SCHOOL (  EAST  PART )
44,87,MIRJADPUR NIRODH BORONI JUNIOR HIGH SCHOOL (  WEST  PART )
44,88,MIRJADPUR   MANAGED   PRIMARY SCHOOL
44,89,NIJGA ARAIDANGA  FREE  PRIMARY SCHOOL   ( NORTH PART )
44,90,NIJGA ARAIDANGA  FREE  PRIMARY SCHOOL   ( SOUTH PART )
44,91,RATUA 2 NO BHUMI O BHUMI SONSKAR ADHIKARIKER
44,92,ARAIDANGA  GIRLS JUNIOR HIGH SCHOOL (  EAST  PART )
44,93,ARAIDANGA  GIRLS JUNIOR HIGH SCHOOL (  WEST  PART )
44,94,"ARAIDANGA D,B,M ACADEMY  ( NORTH PART )"
44,95,"ARAIDANGA D,B,M ACADEMY  ( SOUTH PART )"
44,96,PIRPUR  FREE  PRIMARY SCHOOL
44,97,GOBORJONA  MANAGED   PRIMARY SCHOOL
44,98,GOSAIPUR  MANAGED   PRIMARY SCHOOL
44,99,SIMLA MANAGED   PRIMARY SCHOOL
44,100,NESTA  FREE  PRIMARY SCHOOL
44,101,EKBORNA GODADHAR VIDYAPITH
44,102,HARIPUR HIGH SCHOOL
44,103,KOIRITOLA  FREE  PRIMARY SCHOOL
44,104,"CHANDPARA FREE  PRIMARY SCHOOL ( NORTH PART ) S,C,VIDYALAYA"
44,105,"CHANDPARA FREE  PRIMARY SCHOOL ( SOUTH PART ) S,C,VIDYALAYA"
44,106,GHASINAGAR FREE  PRIMARY SCHOOL
44,107,PUKHURIA HIGH SCHOOL  ( NORTH PART )
44,108,PUKHURIA HIGH SCHOOL  ( SOUTH PART )
44,109,KAGACHIRA  FREE  PRIMARY SCHOOL ( SOUTH PART )
44,110,KAGACHIRA  FREE  PRIMARY SCHOOL ( NORTH PART )
44,111,MURCHA SUKHDABALA HIGH SCHOOL
44,112,KOKLAMARI FREE  PRIMARY SCHOOL ( NORTH PART )
44,113,KOKLAMARI FREE  PRIMARY SCHOOL ( SOUTH PART )
44,114,CHOWDUAR FREE  PRIMARY SCHOOL ( NORTH PART )
44,115,CHOWDUAR FREE  PRIMARY SCHOOL ( SOUTH PART )
44,116,AILPARA FREE  PRIMARY SCHOOL
44,117,PATIKOLA  FREE  PRIMARY SCHOOL
44,118,PIRGAI FREE  PRIMARY SCHOOL ( SOUTH PART )
44,119,PIRGAI FREE  PRIMARY SCHOOL ( NORTH PART )
44,120,KUTUBGANJ MANAGED   PRIMARY SCHOOL ( NORTH PART )
44,121,KUTUBGANJ MANAGED   PRIMARY SCHOOL ( SOUTH PART )
44,122,MODHAKUTUBGANJ FREE  PRIMARY SCHOOL
44,123,KUTUBGANJ GOHORHAJITOLA  FREE  PRIMARY SCHOOL
44,124,PIRGANJ GRAM PANCHAYET OFFICE
44,125,MOHANANDA HIGH SCHOOL
44,126,"SATMARA NEW C,S  PRIMARY SCHOOL"
44,127,SATMARA JUNIOR BESIC SCHOOL
44,128,BORKOL FREE  PRIMARY SCHOOL
44,129,LOSKORPUR MANAGED   PRIMARY SCHOOL
44,130,JITMONPUR PRIMARY SCHOOL
44,131,LOKKHIKOL PRIMARY SCHOOL
44,132,HORIPUR PRIMARY SCHOOL
44,133,NAJIRPUR HIGH SCHOOL ( NORTH PART )
44,134,NAJIRPUR HIGH SCHOOL ( SOUTH PART )
44,135,BEGAMGANJ SPECIAL CADER PRIMARY SCHOOL
44,136,KHOYERTOLA NURPUR HIGH SCHOOL
44,137,KHOYERTOLA MANAGED   PRIMARY SCHOOL
44,138,KHOYERTOLA MAHARAPARA  PRIMARY SCHOOL
44,139,NURPUR PATHANTOLA JUNIOR BESIC SCHOOL
44,140,NURPUR HIGH SCHOOL
44,141,NURPUR MANAGED   PRIMARY SCHOOL  (  EAST  PART )
44,142,NURPUR MANAGED   PRIMARY SCHOOL  (  WEST  PART )
44,143,NOTUNTOLA PRIMARY SCHOOL  ( SOUTH PART )
44,144,NOTUNTOLA PRIMARY SCHOOL  ( NORTH PART )
44,145,BOROMPUR PRIMARY SCHOOL  ( NORTH PART )
44,146,BOROMPUR PRIMARY SCHOOL  ( SOUTH PART )
44,147,SHYAMLALPARA MANAGED   PRIMARY SCHOOL
44,148,S.T.B JUNIOR HIGH SCHOOL
44,149,BRAHMANGRAM MANAGED  PRIMARY SCHOOL (  EAST  PART )
44,150,BRAHMANGRAM MANAGED  PRIMARY SCHOOL (  WEST  PART )
44,151,NURULLAHGANJ PRIMARY SCHOOL (  EAST  PART )
44,152,NURULLAHGANJ PRIMARY SCHOOL (  WEST  PART )
44,153,LALBATHANI HIGH SCHOOL ( NORTH PART )
44,154,LALBATHANI HIGH SCHOOL ( SOUTH PART )
44,155,MODHUPUR PRIMARY SCHOOL
44,156,POCHISA SHYAMPUR PRATHOMIK VIDYALAYA
44,157,SHYAMPUR PRATHOMIK VIDYALAYA ( NORTH PART )
44,158,SHYAMPUR PRIMARY SCHOOL  ( SOUTH PART )
44,159,CHOUKI JUNIOR BESIC SCHOOL
44,160,SALABOTGANJ PRIMARY SCHOOL  (  EAST  PART )
44,161,SALABOTGANJ PRIMARY SCHOOL  (  WEST  PART )
44,162,KHANPUR MANAGED  PRIMARY SCHOOL
44,163,BISONPUR SRIRAMPARA PRIMARY SCHOOL
44,164,SOYEDPUR PRIMARY SCHOOL ( NORTH PART )
44,165,SOYEDPUR PRIMARY SCHOOL ( SOUTH PART )
44,166,PIRPUR JUNIOR BESIC SCHOOL
44,167,SAHEB NAGAR HIGH SCHOOL
44,168,"KALIGANJ F,P,PRIMARY SCHOOL ( NORTH PART )"
44,169,"KALIGANJ F,P,PRIMARY SCHOOL ( SOUTH PART )"
44,170,KALINDRI UCCHO MADHYAMIK SCHOOL ( SOUTH PART )
44,171,KALINDRI UCCHO MADHYAMIK SCHOOL ( NORTH PART )
45,1,NEW NAGHORIYA MYANAGDE PRIMARY SCHOOL ( EAST)
45,2,NEW NAGHORIYA MYANAGDE PRIMARY SCHOOL ( WEST)
45,3,NAGHORIA HIGH ATTACH PRIMARY SCHOOL
45,4,FULBARIA B.S. JUNIOUR BESIC SCHOOL
45,5,BRAMHONPARA PRIMARY SCHOOL
45,6,NAGHORIA HIGH SCHOOL ( EAST)
45,7,NAGHORIA HIGH SCHOOL ( WEST)
45,8,BALUPUR SPEACAL KYADAR PRAIMARY SCHOOL ( EAST)
45,9,BALUPUR SPEACAL KYADAR PRAIMARY SCHOOL ( WEST)
45,10,LOKKHIGHAT PRIMARY SCHOOL ( EAST PART)
45,11,LOKKHIGHAT PRIMARY SCHOOL ( WEST PART)
45,12,LOKKHIPUR JUNIOUR BESIC SCGOOL ( EAST)
45,13,LOKKHIPUR JUNIOUR BESIC SCGOOL (WEST)
45,14,NAGRAI PRIMARY SCHOOL
45,15,NAGRAI PRIMARY SCHOOL ( WEST)
45,16,SOILPUR PRIMARY SCHOOL ( NORTH)
45,17,SOILPUR PRIMARY SCHOOL (WEST)
45,18,NARHATTA GOPESWAR JUNIOUR HIGH SCHOOL ( NORTH)
45,19,NARHATTA GOPESWAR JUNIOUR HIGH SCHOOL (SOUTH)
45,20,SATGHORIYA PRIMARY SCHOOL ( WEST)
45,21,SATGHORIYA PRIMARY SCHOOL ( EAST)
45,22,SATGHORIYA PRIMARY SCHOOL ( TEMPURARY)
45,23,BUDHIYA HIGH MADRASA ( EAST PART)
45,24,BUDHIYA HIGH MADRASA ( WEST PART)
45,25,JOTGOPAL PRIMARY SCHOOL
45,26,DURGAPUR PRIMARY SCHOOL
45,27,BABUPUR PRIMARY SCHOOL
45,28,ANADIPUR PRIMARY SCHOOL
45,29,GOBINDAPUR PRIMARY SCHOOL
45,30,KOTWALI C.S.C. PRIMARY SCHOOL ( EAST)
45,31,KOTWALI C.S.C. PRIMARY SCHOOL ( WEST)
45,32,KOTWALI CONVERTED SPACIAL CADER PRIMARY SCHOOL
45,33,KALYANPUR MYANAGDE PRIMARY SCHOOL ( NORTH PART)
45,34,KALYANPUR MYANAGDE PRIMARY SCHOOL ( SOUTH PART)
45,35,JOTE -ARAPUR P.N.HIGH SCHOOL ( HIGHER SECENDARY)
45,36,MILIK ARAPUR PRIMARY SCHOOL
45,37,KOTWALI GRAM PONCHAYET OFFICE
45,38,NIMAI SORAI PRIMARY SCHOOL ( EAST)
45,39,NIMAI SORAI PRIMARY SCHOOL ( WEST)
45,40,JOTE NIMAI SORAI PRIMARY SCHOOL ( EAST)
45,41,JOTE NIMAI SORAI PRIMARY SCHOOL ( WEST)
45,42,BABLABONA PRIMARY SCHOOL
45,43,GHORAPIR MUNICIPALITY TAK STAND
45,44,SUBHASHPALLY PRIMARY SCHOOL
45,45,RAILWAY HIGH SCHOOL (WEST)
45,46,RAILWAY HIGH SCHOOL (NORTH)
45,47,RAILWAY SISHU NIKETAN PRIMARY SCHOOL
45,48,RAILWAY HIGH SCHOOL ( EAST)
45,49,JHALJHALIA  HINDI PRIMARY SCHOOL ( NORTH)
45,50,JHALJHALIA  HINDI PRIMARY SCHOOL ( NORTH)
45,51,JHALJHALIA HINDI PRIMARY SCHOOL ( SOUTH)
45,52,BIBHUTI BHUSHAN HIGH SCHOOL
45,53,BIBHUTI BHUSHAN HIGH SCHOOL (NORTH)
45,54,MANOSKAMONA JUNIOUR HIGH SCHOOL ( NORTH)
45,55,MANOSKAMONA JUNIOUR HIGH SCHOOL ( NORTH)
45,56,BIBHUTI BHUSHAN HIGH SCHOOL ( MIDDLE PART)
45,57,BIBHUTI BHUSHAN HIGH SCHOOL (SOUTH PART)
45,58,GOYESHPUR CONVARTED JUNIOUR BESIC SCHOOL ( NORTH)
45,59,GOYESHPUR CONVARTED JUNIOUR BESIC SCHOOL ( WEST)
45,60,GOYESHPUR CONVARTED JUNIOUR BESIC SCHOOL ( SOUTH)
45,61,SAHA NAGAR BAROKOL MYANAGED PRIMARY SCHOOL ( SOUTH PART)
45,62,SAHA NAGAR BAROKOL MYANAGED PRIMARY SCHOOL ( NORTH PART)
45,63,BALORAMPUR MYANNAGED PRIMARY SCHOOL ( NORTH PART)
45,64,BALORAMPUR MYANNAGED PRIMARY SCHOOL ( SOUTH PART)
45,65,BALORAMPUR HIGH SCHOOL ( EAST PART)
45,66,BELAHAR PRIMARY SCHOOL
45,67,MAHESHKURI PRIMARY SCHOOL
45,68,SAHARA C.S. PRIMARY SCHOOL
45,69,DANGAPARA PRIMARY SCHOOL
45,70,ADINA STATION FREE PRIMARY VIDYALAY
45,71,GOYALPARA PRIMARY SCHOOL
45,72,MOHISHBATHANI PRIMARY SCHOOL ( SOUTH PART)
45,73,MOHISHBATHANI NATUNTOLA PRIMARY SCHOOL
45,74,MOHISHBATHANI MANNAGDE PRIMARY SCHOOL ( NORTH PART)
45,75,KADAMTOLI PRIMARY SCHOOL ( EAST PART)
45,76,RAHUT GAOUN PRIMARY SCHOOL
45,77,BALIYA NABABGANJ MUNICIPAL PRIMARY SCHOOL ( SOUTH)
45,78,BALIYA NABABGANJ MUNICIPAL PRIMARY SCHOOL ( NORTH)
45,79,BALIYA NABABGANJ KALIGHAT PRIMARY SCHOOL
45,80,ALLHADMONI GIRLS HIGH SCHOOL ( NORTH PART)
45,81,ALLHADMONI GIRLS HIGH SCHOOL ( SOUTH PART)
45,82,NEW PRIMARY SCHOOL (DAHORGHAT) ( SOUTH PART)
45,83,NEW PRIMARY SCHOOL (DAHORGHAT) ( NORTH PART)
45,84,OLD MALDAH KALACHAND HIGH SCHOOL ( NORTH PART)
45,85,OLD MALDAH KALACHAND HIGH SCHOOL ( SOUTH PART)
45,86,KISHALOY PRIMARY SCHOOL
45,87,RAM CHANDRAPUR PRIMARY SCHOOL
45,88,GUNSHAKROL PRIMARY SCHOOL ( SOUTH PART)
45,89,GUNSHAKROL PRIMARY SCHOOL ( NORTH PART)
45,90,MAHAJIBONGOR PRIMARY SCHOOL
45,91,SOIDPUR MANNAGDE PRIMARY SCHOOL ( SOUTH PART)
45,92,SOIDPUR MANNAGDE PRIMARY SCHOOL ( NORTH PART)
45,93,CIRAKUTI JUNIOUR BESIC SCHOOL ( SOUTH PART)
45,94,DHOLSONA C.S. PRIMARY SCHOOL
45,95,RANGAMATIYA EDED MISION PRIMARY SCHOOL ( SOUTH PART)
45,96,RANGAMATIYA EDED MISION PRIMARY SCHOOL ( NORTH PART)
45,97,VABUK  MYANNAGED PRIMARY SCHOOL
45,98,MODILPUR PRIMARY SCHOOL
45,99,SUKANDIGHI PRIMARY SCHOOL
45,100,BASUDEBPUR SUKANDIGHI PRIMARY SCHOOL
45,101,JHARPUKURIYA PRIMARY SCHOOL ( NEW)
45,102,KOCHPARA MYANNAGED PRIMARY SCHOOL
45,103,TILBHOG SARDARPUR PRIMARY SCHOOL
45,104,POPRA ISWARPAL G.R HIGH SCHOOL ( EAST)
45,105,POPRA ISWARPAL G.R HIGH SCHOOL ( NORTH)
45,106,BORGABTOLI PRIMARY SCHOOL
45,107,MEHERPUR C.S. PRIMARY SCHOOL ( WEST PART)
45,108,MEHERPUR C.S. PRIMARY SCHOOL ( EAST PART)
45,109,MEHERPUR JUNIOUR HIGH SCHOOL
45,110,VATKALNA P.P PRIMARY SCHOOL
45,111,ISWARGANJ PRIMARY SCHOOL
45,112,RANIRGOR PRIMARY SCHOOL
45,113,HOLNA MAHAMMADPUR PRIMARY SCHOOL
45,114,JATRADANGA JUNIOUR BESIC SCHOOL
45,115,JATRADANGA MANNAGED PRIMARY SCHOOL
45,116,JATRADANGA K.B. HIGH MADRASA
45,117,MOLPUR PRIMARY SCHOOL
45,118,JALANGA PRIMARY SCHOOL
45,119,NARAYANPUR SPECAL CADER PRIMARY SCHOOL ( EAST PART)
45,120,NARAYANPUR SPECAL CADER PRIMARY SCHOOL ( WEST PART)
45,121,KALUYARI JUNIOUR BESIC SCHOOL
45,122,KAMANCH PRIMARY SCHOOL
45,123,BOLATOLI PRIMARY SCHOOL ( NORTH)
45,124,BOLATOLI PRIMARY SCHOOL ( SOUTH PART)
45,125,BACHAMARI MYANNEGED PRIMARY SCHOOL ( WEST PART)
45,126,BACHAMARI MYANNEGED PRIMARY SCHOOL ( EAST PART)
45,127,BACHAMARI MYANNEGED PRIMARY SCHOOL ( MIDDLE PART)
45,128,MANGALBARI SPECIAL CADER PRIMARY SCHOOL ( NORTH)
45,129,MANGALBARI SPECIAL CADER PRIMARY SCHOOL ( SOUTH
45,130,BACHAMARI G.K. HIGH SCHOOL ( NORTH PART)
45,131,BACHAMARI G.K. HIGH SCHOOL ( WEST PART)
45,132,BACHAMARI G.K. HIGH SCHOOL (MIDDLE PART)
45,133,MONGALBARI OSMANIYA HIGH MADRASA ( NORTH)
45,134,MONGALBARI OSMANIYA HIGH MADRASA ( SOUTH)
45,135,MONGALBARI OSMANIYA HIGH MADRASA ( WEST PART)
45,136,MAHANANDA COLONY PRIMARY SCHOOL ( NORT PART)
45,137,MAHANANDA COLONY PRIMARY SCHOOL (MIDDLE PART)
45,138,MAHANANDA COLONY PRIMARY SCHOOL (SOUTH PART)
45,139,MONGALBARI SAMUNDAI COLONY PRIMARY SCHOOL
45,140,OLD MONGALBARI GRAM PONCHAYET OFFICE
45,141,MONGALBARI ( GHOSH PARA ) KHOIHATTA PRIMARY SCHOOL ( SOUTH)
45,142,MONGALBARI ( GHOSH PARA ) KHOIHATTA PRIMARY SCHOOL ( NORTH)
45,143,NALDUBI PRIMARY SCHOOL
45,144,GOUR COLLAGE
45,145,MORGRAM MANNAGED PRIMARY SCHOOL
45,146,GONESH PARA PRIMARY SCHOOL ( EAST PART)
45,147,GONESH PARA PRIMARY SCHOOL ( WEST PART)
45,148,MADHAIPUR PRIMARY SCHOOL
45,149,MALDA COURT PRIMARY SCHOOL ( NORTH PART)
45,150,MALDA COURT PRIMARY SCHOOL ( SOUTH PART)
45,151,MALDA COURT PRIMARY SCHOOL ( MIDDLE PART)
45,152,SAHAPUR JUNIOUR BESIC SCHOOL ( EAST PART)
45,153,SAHAPUR JUNIOUR BESIC SCHOOL ( WEST PART)
45,154,CHATIYAN MORE NEW G.S.F.PRIMARY SCHOOL ( NORTH)
45,155,CHATIYAN MORE NEW G.S.F.PRIMARY SCHOOL ( SOUTH)
45,156,SAHAPUR HIGH SCHOOL ( MIDDLE PART)
45,157,SAHAPUR HIGH SCHOOL ( EAST PART)
45,158,SAHAPUR HIGH SCHOOL ( MIDDLE PART)
45,159,NITYANANDAPUR PRIMARY SCHOOL ( EAST PART)
45,160,NITYANANDAPUR PRIMARY SCHOOL ( WEST PART)
45,161,SAHAPUR SHISHU NIKETAN (EAST PART)
45,162,SAHAPUR SHISHU NIKETAN (WEST PART)
45,163,BALA SAHAPUR GOPESWARI PRIMARY SCHOOL ( NORTH)
45,164,SAHAPUR SHISHU NIKETAN (MIDDLE PART)
45,165,BALA SAHAPUR GOPESWARI PRIMARY SCHOOL
45,166,KIRANMOYEE PRIMARY SCHOOL
45,167,SAKORMA MYANNAGED PRIMARY SCHOOL
45,168,UPOSAKORMA PRIMARY SCHOOL
45,169,SARBAIL CHHOTOPUR PRIMARY SCHOOL
45,170,ADAMPUR PRIMARY SCHOOL
45,171,MAHADEBPUR S.P.PRIMARY SCHOOL ( SOUTH PART)
45,172,MAHADEBPUR S.P.PRIMARY SCHOOL ( WEST PART)
45,173,NEMUYA PRIMARY SCHOOL
45,174,RAMPARA R.R. PRIMARY SCHOOL
45,175,BIDHAN NAGAR PRIMARY SCHOOL
45,176,SENDIYA PRIMARY SCHOOL
45,177,CHANDRA MOHAN HIGH SCHOOL ( WEST PART)
45,178,CHANDRA MOHAN HIGH SCHOOL ( EAST PART)
45,179,LOKKHIPUR JUNIOUR BESIC SCHOOL
45,180,MUCHIYA S.P PRIMARY SCHOOL
45,181,MUCHIYA P.I.C. CENTER ( GOLAPATTI)
45,182,SOLADANGA MOHANPUR ENGLISH PRIMARY SCHOOL ( NORTH)
45,183,SOLADANGA MOHANPUR ENGLISH PRIMARY SCHOOL ( SOUTH)
45,184,SOLADANGA DAHARLANGI PRIMARY SCHOOL ( EAST)
45,185,SOLADANGA DAHARLANGI PRIMARY SCHOOL ( WEST)
45,186,BULBULCHANDI GIRIJA SUNDORI ( H. S) VIDYAMANDIR ( SOUTH)
45,187,BULBULCHANDI GIRIJA SUNDORI ( H. S) VIDYAMANDIR
45,188,BULBULCHANDI GIRIJA SUNDORI ( H. S) VIDYAMANDIR ( NORTH)
45,189,BULBULCHANDI GIRIJA SUNDORI ( H. S) VIDYAMANDIR ( WEST)
45,190,GIRZA SUNDORI JUNIOUR BESIC SCHOOL ( NORTH PART)
45,191,GIRZA SUNDORI JUNIOUR BESIC SCHOOL ( SOUTH PART)
45,192,RAJENDRA NARAYAN HIGH GIRLS SCHOOL ( WEST)
45,193,HAPANIYA PRIMARY SCHOOL
45,194,ONAIL PRIMARY SCHOOL
45,195,MOHANPUR PRIMARY SCHOOL
45,196,RAJENDRA NARAYAN HIGH GIRLS SCHOOL
45,197,KENDUA PRIMARY SCHOOL ( SOUTH PART)
45,198,KENDUA PRIMARY SCHOOL ( WEST PART)
45,199,KENDUA PRIMARY SCHOOL ( LEFT PART)
45,200,DUBAPARA PRIMARY SCHOOL
45,201,MIDDLE KENDUA PRIMARY SCHOOL ( NORTH PART)
45,202,MIDDLE KENDUA PRIMARY SCHOOL ( SOUTH PART)
45,203,CHATIYANGACHHI PRIMARY SCHOOL ( NORTH PART)
45,204,CHATIYANGACHHI PRIMARY SCHOOL ( SOUTH PART)
45,205,DOMDOMA PRIMARY SCHOOL
45,206,BOKSHI NAGAR PRIMARY SCHOOL ( NORTH PART)
45,207,BOKSHI NAGAR PRIMARY SCHOOL ( SOUTH PART)
45,208,AIHO HIGH SCHOOL ( HIGHER SECENDARY) NO-1
45,209,AIHO HIGH SCHOOL ( HIGHER SECENDARY) ATTACHED PRIMARY SCHOOL ( EAST)
45,210,AIHO HIGH SCHOOL ( HIGHER SECENDARY) NO-2
45,211,AIHO HIGH SCHOOL ( HIGHER SECENDARY) NO-3
45,212,AIHO HIGH SCHOOL ( HIGHER SECENDARY) ATTACHED PRIMARY SCHOOL ( SOUTH)
45,213,JADOBNAGAR PRIMARY SCHOOL ( EAST PART)
45,214,JADOBNAGAR PRIMARY SCHOOL ( WEST PART)
45,215,RISHIPUR PRAIMARY SCHOOL  NO-2 ( NORTH PART)
45,216,RISHIPUR PRAIMARY SCHOOL  NO-2 ( SOUTH PART)
45,217,DHUMBALU PRIMARY SCHOOL
45,218,RISHIPUR HIGH SCHOOL NO -1
45,219,RISHIPUR HIGH SCHOOL NO -2
45,220,RISHIPUR HIGH SCHOOL NO -3
45,221,BAHARGOLA JUNIOUR BESIC SCHOOL ( EAST PART)
45,222,BAHARGOLA JUNIOUR BESIC SCHOOL ( WEST)
46,1,CHANDIPUR JUNIOR BASIC SCHOOL (EAST)
46,2,CHANDIPUR JUNIOR BASIC SCHOOL (WEST)
46,3,SHOVANAGAR HIGH SCHOOL
46,4,SHOVANAGAR JUNIOR BASIC TRAINING INSTITUTE
46,5,NATHINAGAR PRATHAMIK VIDYALAY
46,6,MADIRA SPECIAL CADER PRIMARY SCHOOL
46,7,MADIYA SARADA VIDYAPITH
46,8,UTTAR BHABANIPUR PRIMARY SCHOOL (NORTH  PART)
46,9,UTTAR BHABANIPUR PRIMARY SCHOOL (SOUTH  PART)
46,10,BHABANIPUR PRIMARY SCHOOL
46,11,PIRPUR NEW C S PRIMARY SCHOOL
46,12,NASIRCHAK PRIMARY SCHOOL
46,13,MOHANPUR MANAGED PRIMARY SCHOOL
46,14,KAUYAKHANDA PRIMARY SCHOOL
46,15,KHASKHOL MANAGED PRIMARY SCHOOL (EAST PART)
46,16,KHASKHOL MANAGED PRIMARY SCHOOL (NORTH PART)
46,17,KHASKHOL MANAGED PRIMARY SCHOOL (WEST PART)
46,18,MILKI GRAM PANCHAYAT OFFICE
46,19,MILKI GRAM PANCHAYAT OFFICE (WEST)
46,20,MILKI MANAGED PRIMARY SCHOOL
46,21,MILKI HIGH SCHOOL (EAST PART)
46,22,MILKI HIGH SCHOOL (WEST PART)
46,23,MILKI HIGH ATTACHED BRANCH PRIMARY SCHOOL
46,24,MILKI HIGH SCHOOL (MIDDLE  PART)
46,25,MILKI HIGH ATTACHED PRIMARY SCHOOL (HATKHOLA)
46,26,ATGAMA S C PRATHAMIK VIDYALAY (NORTH PART)
46,27,ATGAMA S C PRATHAMIK VIDYALAY (WEST PART)
46,28,VARTITARI P P PRIMARY SCHOOL
46,29,BHAGABANPUR PRIMARY SCHOOL
46,30,SATTARI JUNIOR BASIC SCHOOL (EAST PART)
46,31,SATTARI JUNIOR BASIC SCHOOL (WEST PART)
46,32,SATTARI HIGH SCHOOL (EAST PART)
46,33,SATTARI HIGH SCHOOL (WEST PART)
46,34,SATTARI SARBOJONIN PRIMARY SCHOOL
46,35,GOSAIPUR MANAGED PRIMARY SCHOOL
46,36,MOBARAKPUR MANAGED PRIMARY SCHOOL
46,37,RAYPUR PRIMARY SCHOOL
46,38,LALPUR JUNIOR BASIC SCHOOL
46,39,BINODPUR JUNIOR BASIC SCHOOL
46,40,NIYAMOTPUR PRIMARY SCHOOL
46,41,BANIYAGRAM PRIMARY SCHOOL  (EAST PART)
46,42,BANIYAGRAM PRIMARY SCHOOL  (WEST PART)
46,43,BANIYAGRAM PRIMARY SCHOOL  (MIDDLE PART)
46,44,AMRITI PRIMARY SCHOOL
46,45,AMRITI GRAM PANCHAYAT OFFICE
46,46,RAYGRAM HIGH SCHOOL (EAST)
46,47,RAYGRAM HIGH SCHOOL (WEST)
46,48,MOHONPARA NIVEDITA UCHCHA BALIKA VIDYALAY
46,49,CHHOTOMOHONPARA PRIMARY SCHOOL(EAST PART)
46,50,CHHOTOMOHONPARA PRIMARY SCHOOL(WEST PART)
46,51,GOKULNAGAR PRIMARY VIDYALAY (EAST)
46,52,GOKULNAGAR PRIMARY SCHOOL (WEST PART)
46,53,HARISHPUR S C PRIMARY SCHOOL
46,54,MAHAJAMAPUR S CADRE PRIMARY SCHOOL
46,55,KAJIGRAM HIGH SCHOOL
46,56,MADAPUR PRIMARY SCHOOL
46,57,KAJIGRAM PRATHAMIK VIDYALAY
46,58,SRIRAMPUR PRIMARY SCHOOL
46,59,JOTPRITHBI C S PRIMARY SCHOOL
46,60,RAMESWARPUR PRATHAMIK VIDYALAY
46,61,CHANDIPUR B R S HIGH SCHOOL (EAST PART)
46,62,CHANDIPUR B R S HIGH SCHOOL (WEST PART)
46,63,SAGARDIGHI PRIMARY SCHOOL
46,64,RAJNAGAR PRIMARY SCHOOL
46,65,DAMODORPUR PRIMARY SCHOOL
46,66,DAMODORPUR SANTA DEBYA JUNIOR HIGH SCHOOL
46,67,LAXMIPUR C S PRIMARY SCHOOL
46,68,AMRITI COLONY PRIMARY SCHOOL
46,69,UTTAR RAMCHANDRAPUR PRIMARY SCHOOL
46,70,SONATOLA PRIMARY SCHOOL (NORTH PART)
46,71,SONATOLA PRIMARY SCHOOL (SOUTH PART)
46,72,JADUPUR ANCHAL HIGH SCHOOL (SOUTH PART)
46,73,JADUPUR ANCHAL HIGH SCHOOL (NORTH PART)
46,74,JADUPUR-I GRAM PANCHAYET OFFICE (EAST)
46,75,JADUPUR-I GRAM PANCHAYET OFFICE (WEST)
46,76,GABGACHHI PRIMARY SCHOOL
46,77,BYASPUR PRIMARY SCHOOL (EAST)
46,78,BYSAPUR PRIMARY SCHOOL (WEST)
46,79,MAHARAJPUR KANCHANTAR JUNIOR BASIC SCHOOL
46,80,GOPALPUR PRIMARY SCHOOL
46,81,JADUPUR-2 NO. GRAM PANCHAYET OFFICE
46,82,RAYPUR C S PRIMARY SCHOOL
46,83,AMJAMTOLA PRIMARY SCHOOL
46,84,GOBINDAPUR PRIMARY SCHOOL
46,85,MOSLEMPUR PRIMARY SCHOOL
46,86,KUMARPUR PRIMARY SCHOOL
46,87,KRISHNAPUR PRIMARY SCHOOL
46,88,KAMLABARI PRIMARY SCHOOL (NORTH PART)
46,89,KAMLABARI PRIMARY SCHOOL (SOUTH PART)
46,90,HAREKRISHNA KONGAR COLONY PRIMARY SCHOOL
46,91,KHASIMARI PRATHAMIK VIDYALAY
46,92,PIYASBARI JELA PORISOD DAKBANGLO
46,93,A K GOPALON COLONY PRATHAMIK VIDYALAY
46,94,RAMKELI RUP SANATAN PRATHAMIK VIDYALAY (EAST)
46,95,RAMKELI RUP SANATAN PRATHAMIK VIDYALAY (WEST)
46,96,PIYASBARI MANAGED PTATHMIK VIDYALAY (EAST)
46,97,PIYASBARI MANAGED PTATHMIK VIDYALAY (WEST)
46,98,MAHADIPUR HIGH SCHOOL (EAST)
46,99,MAHADIPUR HIGH SCHOOL (WEST)
46,100,MAHADIPUR GRAM PANCHAYAT OFFICE (NORTH)
46,101,MAHADIPUR GRAM PANCHAYAT OFFICE (SOUTH)
46,102,MAHADIPUR  SPECIAL CADRE PRIMARY SCHOOL
46,103,UMORPUR JUNIOR BASIC SCHOOL
46,104,SARBAMANGALAPOLLY PRIMARY SCHOOL (NORTH)
46,105,SARBAMANGALAPOLLY PRIMARY SCHOOL (SOUTH)
46,106,PRANTOPOLLI PRIMARY SCHOOL
46,107,NIBEDITA GIRLS HIGH SCHOOL (NORTH PART)
46,108,NIBEDITA GIRLS HIGH SCHOOL (SOUTH PART)
46,109,JUGALMOHINI PRIMARY SCHOOL (EAST)
46,110,JUGALMOHINI PRIMARY SCHOOL (WEST)
46,111,BIBHUTI BHUSHAN PRIMARY SCHOOL
46,112,UMESHCHANDRA BASTUHARA VIDYALAY (NORTH PART)
46,113,UMESHCHANDRA BASTUHARA VIDYALAY (SOUTH PART)
46,114,UMESHCHANDRA BASTUHARA VIDYALAY (WEST)
46,115,UMESHCHANDRA BASTUHARA VIDYALAY (MIDDLE PART)
46,116,KUTUBPUR 1 NO PRIMARY SCHOOL
46,117,CHINTAMONI CHAMATKAR GIRLS HIGH SCHOOL (NORTH PART)
46,118,CHINTAMONI CHAMATKAR GIRLS HIGH SCHOOL (SOUTH PART)
46,119,CHINTAMONI CHAMATKAR GIRLS HIGH SCHOOL (MIDDLE  PART)
46,120,CHINTAMONI CHAMATKAR GIRLS HIGH SCHOOL (WEST  PART)
46,121,LOLITMOHON SHYAMMOHINI HIGH SCHOOL (NORTH PART)
46,122,LOLITMOHON SHYAMMOHINI HIGH SCHOOL (SOUTH PART)
46,123,LOLITMOHON SHYAMMOHINI HIGH SCHOOL (MIDDLE PART-1)
46,124,AKRURMONI CORONATION INSTITUTE (SOUTH PART)
46,125,LOLITMOHON SHYAMMOHINI HIGH SCHOOL (MIDDLE PART-2)
46,126,AKRURMONI CORONATION INSTITUTE (EAST PART)
46,127,AKRURMONI CORONATION INSTITUTE (MIDDLE PART-3)
46,128,KUTUBPUR MUNICIPAL PRIMARY SCHOOL) (&#x9AA;&#x9BE;&#x995;&#x9C1;&#x9DC;&#x9A4;&#x9B2;&#x9BE;)
46,129,AKRURMONI CORONATION INSTITUTE (MIDDLE PART-1)
46,130,KISHOLOY PRATHAMIK VIDYALAY
46,131,AKRURMONI CORONATION INSTITUTE (MIDDLE PART-5)
46,132,MIRCHAK GIRLS PRIMARY SCHOOL (NORTH PART)
46,133,MIRCHAK GIRLS PRIMARY SCHOOL (SOUTH PART)
46,134,ENGLISHBAZAR MUNICIPALITY PRIMARY SCHOOL
46,135,DR. M S HAJARI PRIMARY SCHOOL (NORTH)
46,136,BAISH HAJARI KACHARI (WAQ-OF-STATE)
46,137,DR. M S HAJARI PRIMARY VIDYALAY (SOUTH) PART
46,138,RAMKRISHNA VIDYABHABON (NORTH PART)
46,139,RAMKRISHNA VIDYABHABON (SOUTH PART)
46,140,RAMKRISHNA VIDYABHABON (MIDDLE PART)
46,141,JALALIYA GIRLS HIGH SCHOOL (SOUTH PART)
46,142,JALALIYA GIRLS HIGH SCHOOL (NORTH PART)
46,143,BIPIN BIHARI DAS SMRITI PRIMARY SCHOOL
46,144,DHIRENDRANATH SAHA VIDYABHABAN (WEST PART)
46,145,DHIRENDRANATH SAHA VIDYABHABAN (SOUTH PART)
46,146,DHIRENDRANATH SAHA VIDYABHABAN (MIDDLE PART-1)
46,147,DHIRENDRANATH SAHA VIDYABHABAN (NORTH PART)
46,148,DHIRENDRANATH SAHA VIDYABHABAN (MIDDLE PART-2)
46,149,GOBARDHAN PRIMARY SCHOOL
46,150,I. T. I. (EAST PART)
46,151,I. T. I. (NORTH PART)
46,152,I. T. I. (WEST PART)
46,153,I. T. I. (SOUTH PART)
46,154,MALANCHAPOLLY JUNIOR HIGH SCHOOL (NORTH PART)
46,155,MALANCHAPOLLY JUNIOR HIGH SCHOOL (SOUTH PART)
46,156,KRISHNAPOLLY PRIMARY SCHOOL (EAST PART)
46,157,KRISHNAPOLLY PRIMARY SCHOOL (WEST PART)
46,158,KALYAN SANGHA SADHARAN GRAMIN GRANTHAGAR
46,159,THAKUR ANUKULCHANDRA GIRLS HIGH SCHOOL (EAST PART)
46,160,THAKUR ANUKULCHANDRA GIRLS HIGH SCHOOL (NORTH PART)
46,161,THAKUR ANUKULCHANDRA PRIMARY SCHOOL (EAST)
46,162,THAKUR ANUKULCHANDRA PRIMARY SCHOOL (WEST)
46,163,B. T. COLLEGE HOSTEL (EAST)
46,164,B. T. COLLEGE HOSTEL (WEST)
46,165,HOUSING ESTATE PRIMARY SCHOOL
46,166,MALDA COLLEGE (NORTH)
46,167,MALDA COLLEGE (SOUTH PART)
46,168,MALDA COLLEGE (WEST PART)
46,169,1 NO. GOVT. COLONY PRIMARY SCHOOL
46,170,MALDA ZILLA SCHOOL (EAST PART)
46,171,MALDA ZILLA SCHOOL (WEST PART)
46,172,JAHARMOL SETIYA HINDI VIDYALAY (NORTH)
46,173,JAHARMOL SETIYA HINDI VIDYALAY (SOUTH PART)
46,174,JAHARMOL SETIYA HINDI VIDYALAY (EAST PART)
46,175,JAHARMOL SETIYA HINDI VIDYALAY (MIDDLE)
46,176,JAHARMOL SETIYA HINDI VIDYALAY (WEST PART)
46,177,VIVEKANANDA HIGH SCHOOL(NORTH PART)
46,178,VIVEKANANDA HIGH SCHOOL(NORTH PART-2)
46,179,VIVEKANANDA HIGH SCHOOL(NORTH PART-3)
46,180,DAKSHIN BALUCHAR PRATHAMIK VIDYALAY
46,181,VIVEKANANDA PRIMARY SCHOOL
46,182,PARKGHAT PRATHAMIK VIDYALAY
46,183,VIVEKANANDA HIGH SCHOOL(WEST PART)
46,184,VIVEKANANDA HIGH SCHOOL(SOUTH)
46,185,BARLOW GIRLS HIGH SCHOOL(SCIENCE DEPT.) EAST -1
46,186,BARLOW GIRLS HIGH SCHOOL(SCIENCE DEPT.) EAST PART -2
46,187,BARLOW GIRLS HIGH SCHOOL(MUL BARI) EAST PART -2
46,188,GOUR ROAD MUNICIPAL PRATHAMIK VIDYALAY
46,189,MOKDUMPUR DURGADEUL VIDYAPITH
46,190,BARLOW GIRLS HIGH SCHOOL(MAIN BUILDING) WEST PART -1
46,191,BARLOW GIRLS HIGH SCHOOL(MAIN BUILDING) WEST PART -2
46,192,MALDA WOMEN&#x27;S COLLEGE (EAST)
46,193,MALDA WOMEN&#x27;S COLLEGE (WEST PART)
46,194,MALDA WOMEN&#x27;S COLLEGE (MIDDLE PART)
46,195,MALDA GIRLS HIGH SCHOOL
46,196,MALDA TOWN HIGH SCHOOL (EAST PART)
46,197,MALDA TOWN HIGH SCHOOL (MIDDLE PART)
46,198,MALDA TOWN HIGH SCHOOL (WEST PART)
46,199,MALDA TOWN HIGH SCHOOL (NORTH PART)
46,200,MALDA TOWN HIGH SCHOOL (SOUTH PART)
46,201,RAMKINKOR BALIKA VIDYASHROM (EAST PART)
46,202,RAMKINKOR BALIKA VIDYASHROM (MIDDLE PART)
46,203,RAMKINGKOR BALIKA VIDYASHROM (WEST PART)
46,204,KALITOLA PRATHAMIK VIDYALAY
46,205,NARENDRAPOLLY PRATHAMIK VIDYALAY
46,206,MAHANANDA PRIMARY SCHOOL
46,207,MAHESHPUR MANAGED PRATHAMIK VIDYALAY
46,208,MADHABNAGAR BADALMONI HIGH SCHOOL (EAST)
46,209,MADHABNAGAR BADALMONI HIGH SCHOOL (MIDDLE PART)
46,210,MADHABNAGAR BADALMONI HIGH SCHOOL (WEST PART)
46,211,MADHABNAGAR BADALMONI HIGH SCHOOL (NORTH PART)
47,1,VATTAKARTIKTOLA PRIMARY SCHOOL
47,2,KHARI UMESHTOLA PRIMARY SCHOOL(NORTH PART)
47,3,KHARI UMESHTOLA PRIMARY SCHOOL(SOUTH PART)
47,4,MANNU TOLA PRIMARY SCHOOL(NORTH-4)
47,5,MANNU TOLA PRIMARY SCHOOL(SOUTH-5)
47,6,BAGEDAN TOLA PRIMARY SCHOOL(NORTH-6)
47,7,AAMTALA NANDITOLA HIGH SCHOOL (NORTH PART-7)
47,8,AAMTALA NANDITOLA HIGH SCHOOL (SOUTH PART-8)
47,9,AAMTALA  NANDITOLA HIGH SCHOOL (EAST PART-9)
47,10,GOBORDHANTOLA JUNIOR BESIC SCHOOL-10
47,11,DOMONTOLA KADHMABINI GRAMIN LIBRARY-11
47,12,GOURANGATOLA PRIMARY VIDLAY-12
47,13,GIRIDHARI TOLA PRIMARI SCHOOL-13
47,14,BAGDUKRA MANEGAD PRIMARY SCHOOL-14
47,15,BALUTOLA PRIMARY SCHOOL-15
47,16,BHUBANTOLA PRIMARY SCHOOL-16
47,17,BORO KARTIK TOLA S.P.SCHOOL
47,18,MADAN TOLA PRIMARY SCHOOL
47,19,BHIMTOLA JUNIOR BASIC SCHOOL(NORTH)
47,20,BHIMTOLA JUNIOR BASIC SCHOOL (SOUTH)
47,21,RAGHUNATH TOLA CENTRAL ISPONSED PRIMARY SCHOOL
47,22,GIRITOLA PRIMARY SCHOOL
47,23,UTTAR CHANDIPUR MANEGAD PRIMARY SCHOOL(NORTH)
47,24,UTTAR CHANDIPUR YOUTH CLUB AND LIBRARY
47,25,UTTAR CHANDIPUR MANAGED PRIMARY SCHOOL(SOUTH)
47,26,UTTAR CHANDIPUR SENIOR MADRASHA
47,27,ATSAIRA JOGI TOLA PRIMARY SCHOOL
47,28,OIHADULLA YOLA PRIMARY SCHOOL (SOUTH)
47,29,OIHADULLA YOLA PRIMARY SCHOOL (WEST)
47,30,JULABDHI TOLA PRIMARY SCHOOL
47,31,ASHOK NAGAR PRIMARY SCHOOL
47,32,ALDIA PRIMARY SCHOOL
47,33,SAHEBRAMTOLA PRIMARY VIDYALAY (NORTH)
47,34,SAHEBRAMTOLA STATE PLAN  PRIMARY VIDYALAY (SOUTH)
47,35,SANKARTOLA FRIGED PROGRAM PRIMARY SCHOOL
47,36,PULINTOLA PRIMARY SCHOOL
47,37,BALLI TOLA MANAGED PRIMARY SCHOOL
47,38,BHUTNI CHANDIPUR HIGH SCHOOL
47,39,CHIR SOBUJ PATHAGAR
47,40,SUKDEBTOLA PRIMARY SCHOOL(NORTH)
47,41,SUKDEBTOLA PRIMARY SCHOOL(SOUTH)
47,42,TETRUTOLA CONVERTED JUNIOUR BESIC SCHOOL
47,43,DAKHIN CHANDIPUR S.K.U.S.-CO OPERATTIVE LTD
47,44,CHANDIPUR MANAGED PRIMARY SCHOOL
47,45,JITUTOLA PRIMARY SCHOOL
47,46,PASHIM NARAYANPUR JUNIOUR HIGH SCHOOL
47,47,BHUTNI KHASMAHAL PRIMARY SCHOOL
47,48,KARTIK TOLA S.C. PRIMARY VIDYALAY
47,49,MAHENDRATOLA PRIMARY VIDYALAY
47,50,KOMMUTOLA PRIMARY SCHOOL
47,51,MATHURA SHILPI PARISHAD GRAMIN LIBRARY
47,52,PURANI GRAM FEJED PROGRAM PRIMARY SCHOOL (WEST)
47,53,NIMNAGAR PRIMARY SCHOOL
47,54,PURANIGRAM P.P. PRIMARY SCHOOL
47,55,KAKRIBANDH MANAGED PRIMARY SCHOOL
47,56,SHANKAR TOLA MANAGED PRIMARY SCHOOL
47,57,MOTHURAPUR MANAGED PRIMARY SCHOOL(NORTH PART)
47,58,MOTHURAPUR MANAGED PRIMARY SCHOOL(SOUTH)
47,59,MOTHURAPUR B.S.S. HIGHER SECONDARY SCHOOL
47,60,BOCHAHI PRIMARY SCHOOL
47,61,UTSOBTOLA JUNIOUR BASIC SCHOOL
47,62,DHARMU TOLA PRIMARY SCHOOL
47,63,DAKSHIN KAMALPUR PRIMARY SCHOOL(NORTH)
47,64,DAKSHIN KAMALPUR PRIMARY SCHOOL(SOUTH)
47,65,KAMALPUR MANAGED PRIMARY SCHOOL (NORTH)
47,66,KAMALPUR MANAGED PRIMARY SCHOOL (SOUTH PART )
47,67,MANIKCHAK SHIKHANIKATAN
47,68,UGREETOLA PRIMARY SCHOOL
47,69,MANIKCHAK MANAGED PRIMARY SCHOOL
47,70,SHYAM SUNDARI PRIMARY SCHOOL
47,71,KORIYA SULTANPUR PRIMARY SCHOOL
47,72,MANIKCHAK GRAMIN PATHAGAR
47,73,NARAYANPUR PRIMARY SCHOOL
47,74,MANIKCHAK HIGH SCHOOL(NORTH PART )
47,75,MANIKCHAK HIGH SCHOOL (EAST PART)
47,76,MANIKCHAK NOBADDI BISWAS HIGH MADRASHA
47,77,TORA BALITOLA MANAGED PRIMARY SCHOOL (U -1)
47,78,TORA BALITOLA MANAGED PRIMARY SCHOOL (U NO-2)
47,79,JOTPATTA PRIMARY SCHOOL
47,80,RAMNAGAR SHIRANTOLA PRIMARY SCHOOL
47,81,RADHUTOLA JUNIOUR BASIC SCHOOL
47,82,HADDA TOLA PRIMARY SCHOOL
47,83,KURBANI TOLA PRIMARY SCHOOL
47,84,KURBANI TOLA PRIMARY SCHOOL
47,85,SHEKHPURA JUNIOUR BASIC SCHOOL(NORTH PART)
47,86,SHEKHPURA PRIMARY SCHOOL
47,87,SHEKHPURA JUNIOUR BASIC SCHOOL(SOUTH PART)
47,88,BANGALIGRAM PRIMARY SCHOOL
47,89,MOHONA LAKSHIMIPUR PRIMARY SCHOOL (SOUTH PART )
47,90,MOHONA LAKSHIMIPUR PRIMARY SCHOOL (NORTH PART )
47,91,MOHONA LAKSHIMIPUR PRIMARY SCHOOL (MIDDLE PART )
47,92,EANAYATPUR JUNIOUR HIGH SCHOOL(NORTH PART)
47,93,EANAYATPUR JUNIOUR HIGH SCHOOL(SOUTH PART )
47,94,NOUDA PRIMARY SCHOOL
47,95,EANAYATPUR JUNIOUR HIGH SCHOOL ATTACHED PRIMARY SCHOOL
47,96,EANAYATPUR  JUNIOUR HIGH SCHOOL ATTACHED PRIMARY SCHOOL
47,97,EANAYATPUR E.A.HIGH SCHOOL (NORTH PART)
47,98,EANAYATPUR E.A.HIGH SCHOOL (SOUTH  PART)
47,99,EANAYATPUR E.A.HIGH SCHOOL ATTACHED PRIMARY SCHOOL(NORTH)
47,100,EANAYATPUR E.A.HIGH SCHOOL ATTACHED PRIMARY SCHOOL(SOUTH)
47,101,DHARAMPUR MANAGED PRIMARY SCHOOL
47,102,DHARAMPUR MANAGED PRIMARY VIDYALAY
47,103,UTTAR ELAHITOLA  PRIMARY SCHOOL
47,104,BALU TOAL PRIMARY SCHOOL
47,105,BALU TOAL PRIMARY SCHOOL
47,106,BALU TOAL PRIMARY SCHOOL
47,107,GOPALPUR JUNIOUR HIGH SCHOOL
47,108,GOPALPUR ABDAR MATHE TEMPORARY SHED
47,109,ISHWARTOLA PRIMARY SCHOOL (NORTH PART)
47,110,ISHWARTOLA PRIMARY SCHOOL (SOUTH PART)
47,111,HUKUMATTOLA MANAGED PRIMARY SCHOOL (NORTH)
47,112,HUKUMATTOLA MANAGED PRIMARY SCHOOL (SOUTH)
47,113,DOULATTOLA PRIMARY SCHOOL
47,114,NEW KAMALTIPUR PRIMARY SCHOOL
47,115,DORIDIARA PRIMARY SCHOOL
47,116,MAHADEBPUR GOLOK TOLA PRIMARY SCHOOL
47,117,REJJAKPUR PRIMARY SCHOOL
47,118,KAMALUDDIN PRIMARY SCHOOL
47,119,PANCHKORI TOLA HIGH SCHOOL
47,120,K.B.JHUBONA GRAMPANCHYET OFFICE ROOM
47,121,OLITOLA PRIMARY SCHOOL
47,122,UMED HAJITOLA PRIMARY SCHOOL
47,123,NASRAT TOLA PRIMARY SCHOOL
47,124,MAHADEBPUR JANUTOLA PRIMARY SCHOOL
47,125,JAGIR TOLA PRIMARY SCHOOL
47,126,HAJARITOLA PRIMARY SCHOOL
47,127,UTTAR PANCHANANDA PUR -1 GRAMPANCHYET OFFICE
47,128,NAYABAZAR JUNIOUR HIGH SCHOOL (NORTH PART)
47,129,NAYABAZAR  HIGH SCHOOL (MIDDEL)
47,130,NAYABAZAR  HIGH SCHOOL (SOUTH)
47,131,PIYARPUR FREE  PRIMARY SCHOOL
47,132,SARASWATI FREE  PRIMARY SCHOOL
47,133,FULCHANDTOLA  PRIMARY SCHOOL
47,134,SULTANTOLA FREE  PRIMARY SCHOOL
47,135,LOSKORITOLA  PRIMARY SCHOOL
47,136,DHELPHORA  FREE  PRIMARY SCHOOL
47,137,JITNAGAR PRIMARY SCHOOL
47,138,PANCHANANDAPUR SUKIYA HIGH SCHOOL ( NORTH )
47,139,PANCHANANDAPUR SUKIYA HIGH SCHOOL ( SOUTH PART )
47,140,JUGOLTOLA FREE  PRIMARY SCHOOL
47,141,MEGHUTOLA PRIMARY SCHOOL
47,142,DOYALIRAMTOLA PRATHOMIK VIDYALAYA
47,143,UTTAR PANCHANANDAPUR -2 GRAM PANCHAYET OFFICE
47,144,DAMODAR TOLA FREE PRIMARY SCHOOL
47,145,TRIMOHINI NOTUN AJGUBI PRIMARY SCHOOL
47,146,GOBINDAGANJ FREE  PRIMARY SCHOOL
47,147,MOHADEBPUR PRIMARY SCHOOL
47,148,BANGITOLA HIGH SCHOOL
47,149,JOTKOSTURI CHAIPARA FREE  PRIMARY SCHOOL
47,150,JOTKOSTURI HORIJON PRIMARY SCHOOL
47,151,CHOWDHURY FREE  PRIMARY SCHOOL
47,152,AKANDOBARIYA FREE  PRIMARY SCHOOL
47,153,BANGITOLA GRAM PANCHAYET OFFICE
47,154,"D,S,K,B,HIGH MADRASHA"
47,155,SADIPUR FREE  PRIMARY SCHOOL ( WEST PART )
47,156,SADIPUR FREE  PRIMARY SCHOOL ( EAST  PART )
47,157,DULALGANJ PRIMARY SCHOOL
47,158,DULALGANJ PRAMANIK TOLA FREE  PRIMARY SCHOOL
47,159,BHOGOBOTIPUR PRIMARY SCHOOL
47,160,"K,B JOYNAL CLUB"
47,161,KOMOLPUR FREE  PRIMARY SCHOOL ( EAST)
47,162,KOMOLPUR FREE  PRIMARY SCHOOL ( WEST PART )
47,163,IDEAL JUNIOR HIGH MADRASHA  ( WEST )
47,164,IDEAL JUNIOR HIGH MADRASHA  ( ( EAST  PART  )
47,165,BALUYACHARA JUNIOR HIGH SCHOOL ( EAST)
47,166,BALUYACHARA JUNIOR HIGH SCHOOL ( WEST)
47,167,DURLOVPUR HIGH SCHOOL
47,168,SHIBNARAYANPUR PRIMARY SCHOOL
47,169,HARIYAGOR  JUNIOR BESIC SCHOOL
47,170,RATHBARI HIGH SCHOOL
47,171,BIRAHIMPUR  GAJIYA PRIMARY SCHOOL
47,172,BIRAHIMPUR  JUNIOR HIGH SCHOOL
47,173,SHYAMDASPUR  BESIC SCHOOL
47,174,BHORTINODA PRIMARY SCHOOL
47,175,DHOROMPUR FREE  PRIMARY SCHOOL
47,176,MASUMCHOK AZAD CLUB O LIBRARY
47,177,ANOWARA PRIMARY SCHOOL
47,178,MOTHABARI HIGH SCHOOL ( WEST)
47,179,MEHERAPUR  JUNIOR HIGH SCHOOL  ( EAST  PART )
47,180,GANGAPRASAD GRAM PANCHAYET OFFICE
47,181,MEHERAPUR  JUNIOR HIGH SCHOOL  ( WEST  PART )
47,182,CHOBILAL PARA FREE  PRIMARY SCHOOL
47,183,JOTDOMON FREE  PRIMARY SCHOOL
47,184,KISTOPUR FREE  PRIMARY SCHOOL (EAST)
47,185,KISTOPUR FREE  PRIMARY SCHOOL ( WEST)
47,186,GANGAPRASAD JUNIOR BESIC SCHOOL (EAST)
47,187,GANGAPRASAD JUNIOR BESIC SCHOOL ( WEST)
47,188,DEBIPUR PRIMARY SCHOOL (EAST)
47,189,DEBIPUR PRIMARY SCHOOL ( WEST)
47,190,GOPALPRASAD PRIMARY SCHOOL
48,1,CHANDPUR FREE PRIMARY SCHOOL
48,2,UTTAR LOKKHIPUR HIGH SCHOOL ( NORTH PART )
48,3,UTTAR LOKKHIPUR HIGH SCHOOL ( SOUTH )
48,4,UTTAR LOKKHIPUR GRAM PANCHAYET OFFICE
48,5,KAHALA PRIMARY SCHOOL
48,6,BHOKOTTOLA FREE PRIMARY SCHOOL
48,7,CHAMATOLA PRIMARY SCHOOL
48,8,LOHARAM TOLA  PRIMARY SCHOOL
48,9,BAGICHAPUR TATIPARA PRATHOMIK SCHOOL
48,10,ALAM TOLA FREE PRIMARY SCHOOL ( EAST PART )
48,11,ALAM TOLA FREE PRIMARY SCHOOL ( WEST PART )
48,12,DEBIPUR PRIMARY SCHOOL
48,13,HOSENABAD DIWARA  PRIMARY SCHOOL
48,14,ACHINTOLA JUNIOR HIGH MADRASHA
48,15,MAHABBATPUR PRATHOMIK SCHOOL
48,16,CHOTO MOHODIPUR PRIMARY SCHOOL
48,17,CHOTO MOHODIPUR PRIMARY SCHOOL
48,18,KHANPARA ELOCHONIA PRIMARY SCHOOL
48,19,SRIPUR PRIMARY SCHOOL
48,20,CHOK PRATAPPUR  PRIMARY SCHOOL  ( EAST PART )
48,21,CHOK PRATAPPUR  PRIMARY SCHOOL  ( WEST PART )
48,22,HOSENABAD  FREE PRIMARY SCHOOL
48,23,NEW POTOL DANGA PRIMARY SCHOOL
48,24,HOSENABAD KRISI SOMOBAI SOMITI OFFICE
48,25,MOTHABARI KHADI SOMOTIR OFFICE GHOR
48,26,MOTHABARI GRAM PANCHAYET OFFICE
48,27,MOTHABARI HIGH SCHOOL  ( EAST PART )
48,28,CHOWDHURY PARA PRATHOMIK SCHOOL SONGLOGNO ASTHAI GHOR
48,29,MOTHABARI BOARD  PRIMARY SCHOOL ( EAST PART )
48,30,MOTHABARI BOARD  PRIMARY SCHOOL ( WEST PART )
48,31,AMLITOLA FREE PRIMARY SCHOOL
48,32,SATANGA PARA PRIMARY SCHOOL
48,33,KUTTU MANDAL TOLA PRIMARY SCHOOL
48,34,JOTKABIL FREE PRIMARY SCHOOL
48,35,GURU TOLA FREE PRIMARY SCHOOL ( EAST PART )
48,36,GURU TOLA FREE PRIMARY SCHOOL ( WEST PART )
48,37,MATHAVANGA  FREE PRIMARY SCHOOL
48,38,HAMIDPUR GRAM PANCHAYET OFFICE
48,39,ISLAMPUR PRIMARY SCHOOL
48,40,BHRAHMOTTOR FREE PRIMARY SCHOOL
48,41,RAJNAGAR GRAM PANCHAYET OFFICE
48,42,NOBOKANTA TOLA PRIMARY SCHOOL
48,43,NOYAGRAM FREE PRIMARY SCHOOL ( NORTH PART )
48,44,NOYAGRAM FREE PRIMARY SCHOOL ( SOUTH PART )
48,45,NOBINAGAR PRIMARY SCHOOL ( EAST PART )
48,46,NOBINAGAR PRIMARY SCHOOL ( WEST PART )
48,47,"NOBINAGAR J,H,C,R JUNIOR HIGH MADRASHA ( NORTH PART )"
48,48,"NOBINAGAR J,H,C,R JUNIOR HIGH MADRASHA ( SOUTH PART )"
48,49,JOTPOROM PRIMARY SCHOOL ( EAST PART )
48,50,JOTPOROM TEMPORARY STRUCTURE
48,51,JOTPOROM PRIMARY SCHOOL ( WEST PART )
48,52,PURBA ALINAGAR PRIMARY SCHOOL   ( EAST PART )
48,53,PURBA ALINAGAR PRIMARY SCHOOL   ( WEST PART )
48,54,ALINAGAR GRAM UDDOG KHADI SOMOTI
48,55,POSCHIM ALINAGAR JUNIOR HIGH SCHOOL ( NORTH PART )
48,56,ALINAGAR HAJINAGAR PRIMARY SCHOOL
48,57,POSCHIM ALINAGAR JUNIOR HIGH SCHOOL ( EAST PART )
48,58,RUSTOMNAGAR  PRIMARY SCHOOL ( NORTH PART )
48,59,RUSTOMNAGAR  PRIMARY SCHOOL ( EAST PART )
48,60,RAIPUR PRIMARY SCHOOL
48,61,DULLU GRAM PRIMARY SCHOOL  ( SOUTH PART )
48,62,DULLU GRAM PRIMARY SCHOOL  ( NORTH PART )
48,63,KRISHNAPUR PRIMARY SCHOOL  ( NORTH PART )
48,64,"G,G, OSMANIA PRIMARY SCHOOL"
48,65,KRISHNAPUR PRIMARY SCHOOL  ( SOUTH PART )
48,66,POSCHIM BAHADURPUR PRIMARY SCHOOL  ( NORTH PART )
48,67,POSCHIM BAHADURPUR PRIMARY SCHOOL  ( SOUTH PART )
48,68,PIPULTOLA PRIMARY SCHOOL  ( NORTH PART )
48,69,PIPULTOLA PRIMARY SCHOOL  ( SOUTH PART )
48,70,MOHAMMADIA JUNIOR HIGH MADRASHA ( NORTH PART )
48,71,MOHAMMADIA JUNIOR HIGH MADRASHA ( SOUTH PART )
48,72,SILAMPUR  TEMPOYARI STRUCTURE
48,73,DOKSHIN SILAMPUR PRIMARY SCHOOL
48,74,GANDHI SMAROK NIDHI ASROM ( BANGLO )
48,75,KHALTIPUR MOMINPARA PRIMARY SCHOOL
48,76,KALIKAPUR PRIMARY SCHOOL  ( EAST PART )
48,77,KALIKAPUR PRIMARY SCHOOL  ( WEST PART )
48,78,KHALTIPUR  PRIMARY SCHOOL ( NORTH PART )
48,79,KHALTIPUR  PRIMARY SCHOOL ( SOUTH PART )
48,80,SILAMPUR  PRIMARY SCHOOL
48,81,"LALSA KHADI GRAM SILK SOMITI ( K,V,I.C)"
48,82,KHIKIRBONA PRIMARY SCHOOL ( EAST PART )
48,83,KHIKIRBONA PRIMARY SCHOOL ( WEST PART )
48,84,JAGADISHPUR PRIMARY SCHOOL ( NORTH PART )
48,85,JAGADISHPUR PRIMARY SCHOOL ( SOUTH PART )
48,86,ANUPNAGAR PRIMARY SCHOOL ( EAST PART )
48,87,ANUPNAGAR PRIMARY SCHOOL ( WEST PART )
48,88,NOWDA JADUPUR JUNIOR BESIC SCHOOL ( NORTH PART )
48,89,NOWDA JADUPUR JUNIOR BESIC SCHOOL ( SOUTH PART )
48,90,HAJI IBRAHIM SRITI  PRIMARY SCHOOL ( WEST PART )
48,91,HAJI IBRAHIM SRITI  PRIMARY SCHOOL ( MIDDLE PART )
48,92,HAJI IBRAHIM SRITI  PRIMARY SCHOOL ( EAST PART )
48,93,KOLIMUDDINIYA PRIMARY SCHOOL ( EAST PART )
48,94,KOLIMUDDINIYA PRIMARY SCHOOL ( WEST PART )
48,95,KASHIMNAGAR  PRIMARY SCHOOL ( EAST PART )
48,96,KASHIMNAGAR  PRIMARY SCHOOL ( WEST PART )
48,97,DARIYAPUR  PRIMARY SCHOOL ( NORTH PART )
48,98,DARIYAPUR  PRIMARY SCHOOL ( MIDDLE PART )
48,99,DARIYAPUR  PRIMARY SCHOOL ( SOUTH PART )
48,100,DARIYAPUR BAISI HIGH MADRASHA ( NORTH PART )
48,101,DARIYAPUR BAISI HIGH MADRASHA ( MIDDLE PART )
48,102,DARIYAPUR BAISI HIGH MADRASHA ( SOUTH PART )
48,103,ALIPUR SOMAJ UNNOYON CLUB O LIBRARY
48,104,CHOWDHURY KHADI GRAMIN SILPO
48,105,MARUYABADI FREE PRIMARY SCHOOL  ( PROSTABITO) ( NORTH PART )
48,106,MARUYABADI FREE PRIMARY SCHOOL  ( PROSTABITO) ( SOUTH PART )
48,107,HIMMODNAGAR  PRIMARY SCHOOL
48,108,MOJAHAR ULUM HIGH MADRASHA
48,109,KORARI CHANDPUR PRIMARY SCHOOL ( EAST PART )
48,110,KORARI CHANDPUR PRIMARY SCHOOL ( WEST PART )
48,111,ALIPUR -2 GRAM PANCHAYET OFFICE
48,112,SERSAHI JUNIOR BESIC SCHOOL
48,113,ALIPUR MOJAHAR UL  ULUM PRIMARY SCHOOL ( WEST PART )
48,114,HO-CHI-MIN PRIMARY SCHOOL
48,115,ALIPUR MOJAHAR UL  ULUM PRIMARY SCHOOL ( EAST PART )
48,116,SERSAHI MANAGED PRIMARY SCHOOL ( NORTH PART )
48,117,SERSAHI MANAGED PRIMARY SCHOOL ( SOUTH PART )
48,118,SERSAHI FARAJE HAKKANIYA MADRASHA  ( NORTH PART )
48,119,SERSAHI FARAJE HAKKANIYA MADRASHA  ( SOUTH PART )
48,120,RANNUCHOK PRIMARY SCHOOL ( NORTH PART )
48,121,RANNUCHOK PRIMARY SCHOOL ( SOUTH PART )
48,122,BALUYACHARA PRIMARY SCHOOL ( NORTH PART )
48,123,BALUYACHARA PRIMARY SCHOOL ( SOUTH PART )
48,124,JALALPUR  JUNIOR HIGH SCHOOL  ( NORTH PART )
48,125,JALALPUR  JUNIOR HIGH SCHOOL  ( SOUTH PART )
48,126,SELIMPUR PRIMARY SCHOOL  ( EAST PART )
48,127,SELIMPUR PRIMARY SCHOOL  ( WEST PART )
48,128,DHARARA MODONPUR PRIMARY SCHOOL  ( EAST PART )
48,129,DHARARA MODONPUR PRIMARY SCHOOL  ( WEST PART )
48,130,CHIRAMPUR PRIMARY SCHOOL
48,131,FOTEKHANI HIGH MADRASHA ( NORTH PART )
48,132,FOTEKHANI HIGH MADRASHA ( SOUTH PART )
48,133,FOTEKHANI HIGH MADRASHA ( MIDDLE PART )
48,134,SOBDANAGAR PRIMARY SCHOOL
48,135,FOTEKHANI PRIMARY SCHOOL
48,136,JAMIRGHATA GONDHORBO GRAM PRIMARY SCHOOL
48,137,BORONAGAR PRIMARY SCHOOL
48,138,JALALPUR PRIMARY SCHOOL   ( WEST PART )
48,139,KHORIYADOBA  PRIMARY SCHOOL
48,140,JALALPUR PRIMARY SCHOOL   ( EAST PART )
48,141,POSCHIM BAKHARPUR SIFU PRIMARY SCHOOL  ( EAST PART )
48,142,POSCHIM BAKHARPUR SIFU PRIMARY SCHOOL  ( WEST PART )
48,143,BAKHARPUR PRIMARY SCHOOL ( SOUTH PART )
48,144,BAKHARPUR SUFIYA KANJUR ULUM MADRASHA
48,145,BAKHARPUR PRIMARY SCHOOL ( ( NORTH PART )
48,146,BAKHARPUR PRIMARY SCHOOL   ( MIDDLE PART )
48,147,GOYESBARI LIBRARY O CLUB
48,148,GOYESBARI PRIMARY SCHOOL
48,149,DOKSHIN GOYESBARI PRIMARY SCHOOL ( NORTH PART )
48,150,DOKSHIN GOYESBARI PRIMARY SCHOOL ( MIDDLE PART )
48,151,GOYESBARI PRIMARY SCHOOL ( SOUTH PART )
48,152,GOYESBARI HAJI ALTABIYA MADRASHA ( NORTH PART )
48,153,GOYESBARI HAJI ALTABIYA MADRASHA ( SOUTH PART )
48,154,CHASPARA  PRIMARY SCHOOL ( SOUTH PART )
48,155,CHASPARA  PRIMARY SCHOOL ( NORTH PART )
48,156,NOIMOUJA HIGH SCHOOL
48,157,NOIMOUJA HIGH MADRASHA ( EAST PART )
48,158,NOIMOUJA HIGH MADRASHA ( WEST PART )
48,159,NOIMOUJA HIGH MADRASHA ( MIDDLE PART )
48,160,BRAHMOTTOR PRIMARY SCHOOL  ( SOUTH PART )
48,161,BRAHMOTTOR PRIMARY SCHOOL  ( WEST PART )
48,162,KUMUDINI PRIMARY SCHOOL ( NORTH PART )
48,163,BALUPUR PRIMARY SCHOOL
48,164,KUMUDINI PRIMARY SCHOOL ( SOUTH PART )
48,165,SUJAPUR HIGH SCHOOL ( NORTH PART )
48,166,SUJAPUR HIGH SCHOOL ( SOUTH PART )
48,167,SUJAPUR HIGH SCHOOL ( MIDDLE PART )
48,168,CHAMAGRAM PRIMARY SCHOOL
48,169,KALIACHAK LARGE SIZED CO-OPERATIVE MACKTING SOCIATY
48,170,NAJIRPUR PRIMARY SCHOOL ( EAST PART )
48,171,NAJIRPUR PRIMARY SCHOOL ( WEST PART )
48,172,MOSIMPUR JAME AJAHAR ULUM SENIOR MADRASHA
48,173,MOSIMPUR PRIMARY SCHOOL  ( EAST PART )
48,174,MOSIMPUR PRIMARY SCHOOL  ( WEST PART )
48,175,BALIHARPUR PRIMARY SCHOOL
48,176,GOUR RESHOM SOMITI GRIHO
48,177,PAHARPUR PRIMARY SCHOOL
48,178,PURBA BAMONGRAM  PRIMARY SCHOOL ( EAST PART )
48,179,PURBA BAMONGRAM  PRIMARY SCHOOL ( WEST PART )
48,180,PURBA BAMONGRAM  PRIMARY SCHOOL ( MIDDLE PART )
48,181,MOSIMPUR ATHLETIC CLUB O LIBRARY
48,182,POSCHIM BAMONGRAM PRIMARY SCHOOL ( SOUTH PART )
48,183,POSCHIM BAMONGRAM PRIMARY SCHOOL ( NORTH PART )
48,184,HARUGRAM PRIMARY SCHOOL
49,1,VIMAGRAM PRIMARY SCHOOL ( NORTH PART)
49,2,VIMAGRAM PRIMARY SCHOOL ( INSIDE PART
49,3,ABDUL JOLILTOLA PRIMARY SCHOOL
49,4,BIRNAGAR NASIRTOLA PRIMARY SCHOOL
49,5,VIMAGRAM PRIMARY SCHOOL (SOUTH PART)
49,6,BIRNAGAR HIGH SCHOOL ( SOUTH PART)
49,7,MOLLATOLA PRIMARY SCHOOL ( SOUTH PART)
49,8,BIRNAGAR HIGH SCHOOL ( NORTH PART)
49,9,BIRNAGAR HIGH SCHOOL ( INSIDE PART)
49,10,MOLLATOLA PRIMARY SCHOOL ( NORTH PART)
49,11,GULJARTOLA PRIMARY SCHOOL
49,12,GURU PROSAD TOLA PRIMARY SCHOOL ( NORTH PART)
49,13,GURU PROSAD TOLA PRIMARY SCHOOL ( SOUTH PART)
49,14,KANJITOLA PRIMARY SCHOOL (EAST PART)
49,15,KANJITOLA PRIMARY SCHOOL  (WEST PART)
49,16,BROMOTTOR PRIMARY SCHOOL
49,17,KAMDITOLA C.S.PRIMARY SCHOOL
49,18,RAJNAGAR HIGH SCHOOL ( WEST PART)
49,19,RAJNAGAR HIGH SCHOOL ( INSIDE PART)
49,20,DINUTOLA BEGUNTOLA PRIMARY SCHOOL
49,21,RAJNAGAR HIGH SCHOOL (EAST PART)
49,22,RAJNAGAR PRIMARY SCHOOL (NORTH PART)
49,23,RAJNAGAR PRIMARY SCHOOL (SOUTH PART)
49,24,PANCHUTOLA PRIMARY SCHOOL (EAST PART)
49,25,PANCHUTOLA PRIMARY SCHOOL (WEST PART)
49,26,BAISNAB NAGAR PRIMARY SCHOOL ( EAST PART)
49,27,BAISNAB NAGAR PRIMARY SCHOOL ( WEST PART)
49,28,NADAR ALI BABRIR SAMNE OYESTHAYI KATHAMO ( EAST PART)
49,29,NADAR ALI BABRIR SAMNE OYESTHAYI KATHAMO ( WEST PART)
49,30,DOGACHHI C.S. PRIMARY SCHOOL
49,31,NITYANANDAPUR PRIMARY SCHOOL
49,32,RAM SHANKARTOLA PRIMARY SCHOOL ( EAST PART)
49,33,TENTRU TOLA PRIMARY SCHOOL
49,34,KYAMDITOLA HIGH MADRASA ( NORTH PART)
49,35,KYAMDITOLA HIGH MADRASA ( south part)
49,36,VABANIPUR PRIMARY SCHOOL ( NORTH PART)
49,37,VABANIPUR PRIMARY SCHOOL ( SOUTH PART)
49,38,SULTANGANJ PRIMARY SCHOOL ( NORTH PART)
49,39,SULTANGANJ PRIMARY SCHOOL ( INSIDE PART)
49,40,KALIACHAK 1 NO GRAM PONCHAYET OFFICE
49,41,SULTANGANJ PRIMARY SCHOOL (SOUTH PART)
49,42,KALIACHAK BABURGHAT PRIMARY SCHOOL ( NORTH PART)
49,43,KALIACHAK BABURGHAT PRIMARY SCHOOL ( SOUTH PART)
49,44,KALIACHAK HIGH SCHOOL ( EAST PART)
49,45,KALIACHAK HIGH SCHOOL ( WEST PART)
49,46,KALIACHAK HIGH SCHOOL ( NORTH PART)
49,47,KALIACHAK HIGH SCHOOL ( SOUTH PART)
49,48,BALIADANGA PRIMARY SCHOOL ( EAST PART)
49,49,BALIADANGA PRIMARY SCHOOL ( WEST PART)
49,50,ALIPUR PRIMARY SCHOOL ( EAST PART)
49,51,ALIPUR PRIMARY SCHOOL ( WEST PART)
49,52,GHORIYALI CHAK PRIMARY SCHOOL ( NORTH PART)
49,53,GHORIYALI CHAK PRIMARY SCHOOL ( SOUTH PART)
49,54,CHAINPARA CHORKATOLA PRIMARY SCHOOL ( EAST PART)
49,55,CHAINPARA CHORKATOLA PRIMARY SCHOOL ( wEST PART)
49,56,UTTOR KHASCHANDPUR PRIMARY SCHOOL ( SOUTH PART)
49,57,UTTOR KHASCHANDPUR PRIMARY SCHOOL ( NORTH PART)
49,58,UTTOR KHASCHANDPUR PRIMARY SCHOOL ( INSIDE PART)
49,59,MADRASA GAUSIYA MANJARE ISLAM
49,60,SOUTH KHGASCHANDPUR PRIMARY SCHOOL
49,61,DARIAPUR PRIMARY SCHOOL ( EAST PART)
49,62,DARIAPUR SHAKTI SHANGHA LIBRARY ( GRAMIN)
49,63,DARIAPUR PRIMARY SCHOOL ( WEST PART)
49,64,MIRZACHAK PRIMARY SCHOOL ( EAST PART)
49,65,MIRZACHAK PRIMARY SCHOOL ( WEST PART)
49,66,RAYPUR PRIMARY SCHOOL
49,67,SATANGAPARA PRIMARY SCHOOL ( EAST PART)
49,68,SATANGAPARA PRIMARY SCHOOL ( WEST PART)
49,69,BOISNAB NAGAR HIGH SCHOOL ( NORTH PART)
49,70,BOISNAB NAGAR HIGH ATTACHED PRIMARY SCHOOL
49,71,BOISNAB NAGAR HIGH SCHOOL ( SOUTH PART)
49,72,BOISNAB NAGAR HIGH SCHOOL ( INSIDE PART)
49,73,CHOKSEHERDI STATEPLAN PRIMARY SCHOOL ( EAST PART)
49,74,CHOKSEHERDI STATEPLAN PRIMARY SCHOOL ( NEW HOUSE) EAST
49,75,CHOKSEHERDI STATEPLAN PRIMARY SCHOOL ( WEST PART)
49,76,CHOKSEHERDI STATEPLAN PRIMARY SCHOOL NEW HOUSE ( WEST)
49,77,LAXMIPUR PRIMARY SCHOOL
49,78,JARLAHITOLA PRIMARY SCHOOL
49,79,SHIMULTOLA PRIMARY SCHOOL ( NORTH PART)
49,80,SHIMULTOLA PRIMARY SCHOOL ( INSIDE PART)
49,81,SHIMULTOLA PRIMARY SCHOOL ( SOUTH PART)
49,82,CHAMAGRAM PRIMARY SCHOOL ( EAST PART)
49,83,CHAMAGRAM PRIMARY SCHOOL ( WEST PART)
49,84,KHEJURIA NEW PRIMARY SCHOOL ( NORTH PART)
49,85,KHEJURIA NEW PRIMARY SCHOOL ( SOUTH PART)
49,86,N.T.P.C HIGHER SENDARY SCHOOL ( BENGALI MEDIUM) HIGH
49,87,N.T.P.C HIGHER SENDARY SCHOOL ( BENGALI MEDIUM)
49,88,KHEJURIA GHAT BYAREGE COLONY PRIMARY SCHOOL
49,89,LAKKHIPUR HIGH SCHOOL ( NORTH PART)
49,90,LAKKHIPUR HIGH SCHOOL ( SOUTH PART)
49,91,LOKKHIPUR PALGACHHI PRIAMRY SCHOOL ( WEST PART)
49,92,LOKKHIPUR PALGACHHI PRIAMRY SCHOOL ( EAST PART)
49,93,CHOKBAHADURPUR RIFIUJI PRIMARY SCHOOL ( SOUTH PART)
49,94,CHOKBAHADURPUR RIFIUJI PRIMARY SCHOOL  TEMPURARY SHED
49,95,CHOKBAHADURPUR RIFIUJI PRIMARY SCHOOL ( NORTH PART)
49,96,CHOKBAHADURPUR RIFIUJI PRIMARY SCHOOL  TEMPURARY SHED
49,97,CHAR SUJAPUR MONDAI PRIMARY SCHOOL ( NORTH PART)
49,98,CHAR SUJAPUR MONDAI PRIMARY SCHOOL (SOUTHTH PART)
49,99,CHAR SUJAPUR JUNIOUR HIGH SCHOOL ( NORTH PART)
49,100,CHAR SUJAPUR JUNIOUR HIGH SCHOOL ( SOUTHTH PART)
49,101,MONDAI PRIMARY SCHOOL ( EAST PART)
49,102,MONDAI PRIMARY SCHOOL ( WEST PART)
49,103,KRISHNAPUR 2 NO PRIMARY SCHOOL ( EAST PART)
49,104,KRISHNAPUR 2 NO PRIMARY SCHOOL (WEST PART)
49,105,KRISHNAPUR 1 NO PRIMARY SCHOOL  ( NORTH PART)
49,106,KRISHNAPUR 1 NO PRIMARY SCHOOL  (SOUTH PART)
49,107,TARA CHANDTOLA PRIMARY SCHOOL ( NORTH PART)
49,108,TARA CHANDTOLA PRIMARY SCHOOL ( SOUTH PART)
49,109,SOBRATI TOLA PRIMARY SCHOOL ( NORTH PART)
49,110,SOBRATI TOLA PRIMARY SCHOOL ( SOUTH PART)
49,111,KALINAGAR PRIMARY SCHOOL ( EAST PART)
49,112,KALINAGAR PRIMARY SCHOOL ( WEST PART)
49,113,CHULKANIPARA PRIMARY SCHOOL
49,114,TINSATO BIGHI PRIMARY SCHOOL
49,115,SAHABANCHAK PRIMARY SCHOOL
49,116,CHANDRA NARAYANPUR PRIMARY SCHOOL ( EAST PART)
49,117,CHANDRA NARAYANPUR PRIMARY SCHOOL ( WEST PART)
49,118,TINSATO BIGHI PRIMARY SCHOOL ( INSIDE PART)
49,119,VAGJAN PRIMARY SCHOOL ( EAST PART)
49,120,VAGJAN PRIMARY SCHOOL ( WEST PART)
49,121,JHANJHONIYA PRIMARY SCHOOL
49,122,MALTIPUR PRIMARY SCHOOL
49,123,MOJEMPUR HIGH SCHOOL ( NORTH PART)
49,124,MOJEMPUR HIGH SCHOOL ( SOUTH PART)
49,125,MOJEMPUR HIGH SCHOOL ( EAST PART)
49,126,MOJEMPUR HIGH SCHOOL ( WEST PART)
49,127,MOJEMPUR GRAM PONCHAYET OFFICE
49,128,EIDGAHA PRIMARY SCHOOL
49,129,HARUCHAK PRIMARY SCHOOL ( EAST PART)
49,130,HARUCHAK PRIMARY SCHOOL ( WEST PART)
49,131,NARAYANPUR PRIMARY SCHOOL ( EAST PART)
49,132,NARAYANPUR PRIMARY SCHOOL ( WEST PART)
49,133,MOJEMPUR JUNIOUR BESIC SCHOOL ( EAST PART)
49,134,MOJEMPUR JUNIOUR BESIC SCHOOL ( WEST PART)
49,135,SOIDPUR PRIMARY SCHOOL ( NORTH PART)
49,136,SOIDPUR PRIMARY SCHOOL ( SOUTH PART)
49,137,BIBIGRAM PRIMARY SCHOOL ( NORTH PART)
49,138,BIBIGRAM PRIMARY SCHOOL ( SOUTH PART)
49,139,SHRIRAMPUR PRIMARY SCHOOL ( EAST PART)
49,140,SHRIRAMPUR PRIMARY SCHOOL (WEST PART)
49,141,JALUABADHAL PRIMARY SCHOOL ( NORTH PART)
49,142,JALUABADHAL PRIMARY SCHOOL ( SOUTH PART)
49,143,JALUYABADHAL GRAM PONCHAYET OFFICE
49,144,KADAMTOLA MANNEGED PRIMARY SCHOOL
49,145,UTTOR KADOMTOLA PRIMARY SCHOOL
49,146,SOUTH KADOMTOLA PRIMARY SCHOOL
49,147,SHAHILAPUR PRIMARY SCHOOL ( NORTH PART)
49,148,SHAHILAPUR PRIMARY SCHOOL ( SOuTH PART)
49,149,NOUDA BINPARA PRIMARY SCHOOL
49,150,MILIK SULTANPUR PRATHOMIK SCHOOL
49,151,SUKHANGOR PRIMARY SCHOOL ( NORTH PART)
49,152,SUKHONGOR PRIMARY SCHOOL ( SOUTH PART)
49,153,GOYESWARI PIYARI BHABON BIDYANIKETAN ( EAST PART)
49,154,GOYESWARI PIYARI BHABON BIDYANIKETAN ( WEST PART)
49,155,RAMNAGAR JUNIOUR BESIC PRIMARY SCHOOL ( EAST PART)
49,156,RAMNAGAR JUNIOUR BESIC PRIMARY SCHOOL ( WEST PART)
49,157,RAMNAGAR 2 NO PRIMARY SCHOOL ( NORTH PART)
49,158,RAMNAGAR 2 NO PRIMARY SCHOOL ( MIDDLE PART)
49,159,RAMNAGAR 2 NO PRIMARY SCHOOL ( SOUTH PART)
49,160,AKANDA BARIYA HIGH SCHOOL ( NORTH PART)
49,161,AKANDA BARIYA HIGH SCHOOL (SOUTH PART)
49,162,DOMAICHAK PRIMARY SCHOOL ( NORTH)
49,163,DOMAICHAK PRIMARY SCHOOL ( SOUTH PART)
49,164,SAHABAJPUR UMACHARAN JUNIOUR HIGH SCHOOL
49,165,SAHABAJPUR JUNIOR BASIC SCHOOL (EAST PART)
49,166,SAHABAJPUR JUNIOR BASIC SCHOOL (WEST PART)
49,167,BAMUNTOLA PRIMARY SCHOOL ( EAST PART)
49,168,BAMUNTOLA PRIMARY SCHOOL ( WEST PART)
49,169,B.C.S PRIMARY SCHOOL ( EAST PART)
49,170,B.C.S PRIMARY SCHOOL ( WEST PART)
49,171,B.C.S PRIMARY SCHOOL ( TEMPURARY SHEED)
49,172,BABURBONA HIGH MADRASA ( EAST PART)
49,173,BABURBONA HIGH MADRASA ( WEST PART
49,174,GOPALGANJ HIGH SCHOOL (EAST PART)
49,175,GOPALGANJ HIGH SCHOOL (WEST PART)
49,176,SHARDAHO PRIMARY SCHOOL  ( EAST PART)
49,177,SHARDAHO PRIMARY SCHOOL  ( WEST PART)
49,178,NALDAHARI PRIMARY SCHOOL ( SOUTH PART)
49,179,NALDAHARI PRIMARY SCHOOL ( NORTH PART)
49,180,GOPAL NAGAR PRIMARY SCHOOL
49,181,SOMSHANI JUNIOUR BESIC SCHOOL ( EAST PART)
49,182,SOMSHANI JUNIOUR BESIC SCHOOL ( WEST PART)
49,183,LALSHINGTOLA PRIMARY SCHOOL ( EAST PART)
49,184,LALSHINGTOLA PRIMARY SCHOOL ( WEST PART)
49,185,CHARI ANANTAPUR C.S. PRIMARY SCHOOL ( EAST PART)
49,186,CHARI ANANTAPUR GRAM PONCHAYET OFFICE
49,187,CHARI ANANTAPUR C.S. PRIMARY SCHOOL ( WEST PART)
49,188,MAHABOTPUR PRIMAARY SCHOOL ( EAST PART)
49,189,MAHABOTPUR PRIMAARY SCHOOL ( WEST PART)
49,190,DUISOT BIGHI PRIMARY SCHOOL
49,191,MANIKTOLA PRIMARY SCHOOL
49,192,CHARI ANANTAPUR MANNEGDE PRIMARY SCHOOL ( NORTH PART)
49,193,CHARI ANANTAPUR MANNEGDE PRIMARY SCHOOL ( SOUTH PART)
49,194,CHARI ANANTAPUR MANNEGDE PRIMARY SCHOOL ( MIDDLE PART)
49,195,CHARI ANANTAPUR KAMAT ROCKET CLUB
49,196,NANDALALPUR ANGUTOLA PRIMARY SCHOOL
49,197,NANDALALPUR PRIMARY SCHOOL
49,198,BHAGOBANPUR B.N.C. CLUB
49,199,NANDALALPUR CHOKSEHERDI PRIMARY SCHOOL
49,200,K.B.S. HIGH SCHOOL ( EAST PART)
49,201,K.B.S. HIGH SCHOOL ( WEST PART)
49,202,BHAGOBANPUR PRIMARY SCHOOL ( EAST PART)
49,203,BHAGOBANPUR PRIMARY SCHOOL ( WEST PART)
49,204,ELAHITOLA PRIMARY SCHOOL
49,205,BHOGOBANPUR GRAM PONCHAYET OFFICE
49,206,GHERA BHAGOBANPUR PRIMARY SCHOOL
49,207,JOINPUR PRIMARY SCHOOL ( EAST PART)
49,208,JOINPUR PRIMARY SCHOOL ( WEST PART)
49,209,JOINPUR JUNIOUR HIGH SCHOOL ( WEST PART)
49,210,JOINPUR JUNIOUR HIGH SCHOOL ( EAST PART)
49,211,CHAINPARA PRIMARY SCHOOL ( NORTH PART)
49,212,CHAINPARA PRIMARY SCHOOL ( SOUTH PART)
49,213,SHUKPARA PRIMARY SCHOOL
49,214,SHUKPARA PRIMARY SCHOOL  ( TEMPURARY SHEED)
49,215,JOTE CHAINPARA PRIMARY SCHOOL
49,216,BAKHRABAD C.S. PRIMARY SCHOOL
49,217,KUMBHIRA HIGH SCHOOL ( NORTH PART)
49,218,KUMBHIRA HIGH SCHOOL ( SOUTH PART)
49,219,MOHANPUR PRIMARY SCHOOL ( NORTHPART)
49,220,MOHANPUR PRIMARY SCHOOL ( SOUTH PART)
49,221,HADINAGOR PRIMARY SCHOOL
49,222,SUKHDEBPUR JUNIOUR HIGH SCHOOL ( NORTH PART)
49,223,SUKHDEBPUR JUNIOUR HIGH SCHOOL ( SOUTH PART)
49,224,SABDOLPUR RIFIUJI RELIFE PRIMARY SCHOOL
49,225,NEW SOBDOLPUR PRIMARY SCHOOL
49,226,UTTOR SOBDOLPUR PRIMARY SCHOOL ( NORTH PART)
49,227,UTTOR SOBDOLPUR PRIMARY SCHOOL ( SOUTH PART)
49,228,CHAK DEONAPUR C.S.PRIMARY SCHOOL ( EAST PART)
49,229,CHAK DEONAPUR C.S.PRIMARY SCHOOL ( WEST PART)
49,230,DEONAPUR PRIMARY SCHOOL ( EAST PART)
49,231,DEONAPUR PRIMARY SCHOOL ( WEST PART)
49,232,CHAGHORIYA PRIMARY SCHOOL
49,233,DEONAPUR JUNIOUR HIGH SCHOOL
50,1,Nimtala Gayanath Primary School
50,2,Shikarpur Primary School
50,3,Farakka Junior Basic School Room-1
50,4,Farakka Junior Basic School Room-2
50,5,Khejuria Primary School Room-1
50,6,Khejuria Primary School Room-2
50,7,Dharmadanga High School Room-1
50,8,Dharmadanga High School Room-2
50,9,Dharmadanga Primary School
50,10,Bewa Primary School
50,11,Ghoraipara Ratibala Primary School Room-1
50,12,Ghoraipara Ratibala Primary School Room-2
50,13,Farakka Barrage Project High School Room-1
50,14,Farakka Barrage Project High School Room-2
50,15,Farakka Barrage Project High School Room-3
50,16,Farakka Barrage Project High School Room-4
50,17,Farakka Barrage Recreation Center Room-1
50,18,Farakka Barrage Recreation Center Room-2
50,19,Farakka Barrage Recreation Center Room-3
50,20,Labour Welfare Office
50,21,R I Office
50,22,N P C C Bengali Medium School
50,23,N P C C Hindi School
50,24,Nishindra Colony Primary School
50,25,Nishindra High School Room-1
50,26,Nishindra High School Room-2
50,27,Tiladanga High School Room-1
50,28,Tiladanga High School Room-2
50,29,Tiladanga High School Room-3
50,30,Tildanga Primary School
50,31,Dohitpur Primary School
50,32,Chandipur Primary School
50,33,Jogesswarpur Dulal Smriti Primary School Room-1
50,34,Jogesswarpur Dulal Smriti Primary School Room-2
50,35,N T P C Primary School
50,36,NTPC Field Hostel (Nivedita Bhavan) Room-1
50,37,NTPC Field Hostel (Nivedita Bhavan) Room-2
50,38,Chandore Primary School
50,39,Jharna Primary School
50,40,Bagdabra Primary School Room-1
50,41,Bagdabra Primary School Room-2
50,42,Ranipur Primary School Room-1
50,43,Ranipur Primary School Room-2
50,44,Talkola Primary School
50,45,Jore Pukuria Primary School Room-1
50,46,Jore Pukuria Primary School Room-2
50,47,Kendua Primary School
50,48,Andhua Primary School Room-1
50,49,Andhua Primary School Room-2
50,50,Bindugram Girls&#x27; Primary School Room-1
50,51,Bindugram Girls&#x27; Primary School Room-2
50,52,Bindugram 2 No. Primary School Room-1
50,53,Bindugram 2 No. Primary School Room-2
50,54,Beniagram Junior Basic School
50,55,Beniagram Girls Primary School Room - 1
50,56,Beniagram Girls Primary School Room - 2
50,57,Beniagram Gram Panchayat Office
50,58,Hossainpur Primary School
50,59,Khairakandi Primary School
50,60,Achhua Primary School Room-1
50,61,Achhua Primary School Room-2
50,62,Alinagar Primary School Room-1
50,63,Alinagar Primary School Room-2
50,64,Nayansukh L N S M Higher Secondary School
50,65,Gholakandi Primary School
50,66,Swarnamoyee Junior Basic School
50,67,Nayansukh Fishermen Co-Operative Society
50,68,Gohilabari Primary School
50,69,Bhairabdanga Primary School
50,70,Amtala Primary School
50,71,Amtala High School
50,72,Panchulagram Primary School
50,73,Alaipur Primary School
50,74,Khosalpur Primary School
50,75,Ballalpur Primary School Room-1
50,76,Ballalpur Primary School Room-2
50,77,Imamnagar Primary School
50,78,Imamnagar Junior High School
50,79,Dakshin Imamnagar Primary School Room-1
50,80,Dakshin Imamnagar Primary School Room-2
50,81,Shankarpur Primary School Room-1
50,82,Shankarpur Primary School Room-2
50,83,Nayansukh Primary School Room-1
50,84,Nayansukh Primary School Room-2
50,85,Brahmangram Primary School Room-1
50,86,Brahmangram Primary School Room-2
50,87,Kulidiar Primary School Room-1
50,88,Kulidiar Primary School Room-2
50,89,Brahmangram Swarnamoyee Balika Vidyalaya Room-1
50,90,Brahmangram Swarnamoyee Balika Vidyalaya Room-2
50,91,Brahmangram Swarnamoyee Balika Vidyalaya Room-3
50,92,Kuligram Primary School Room-1
50,93,Kuligram Primary School Room-2
50,94,Nayansukh Gram Panchayat Office Room-1
50,95,Nayansukh Gram Panchayat Office Room-2
50,96,Dwipchandrapur Hazarpur Junior Basic School Room-1
50,97,Dwipchandrapur Hazarpur Junior Basic School Room-2
50,98,Farakka Block Weavers&#x27; Society
50,99,Arjunpur Friends Union Library
50,100,Arjunpur High School Room-1
50,101,Arjunpur High School Room-2
50,102,Arjunpur Primary School
50,103,Joyrampur Primary School Room-1
50,104,Joyrampur Primary School Room-2
50,105,Shibnagar Ataruddin Primary School Room No-1
50,106,Shibnagar Ataruddin Primary School Room No-2
50,107,Shibnagar Ataruddin Primary School Room No-2
50,108,Arjunpur Gram Panchayat Office
50,109,Tofapur Primary School Room-1
50,110,Tofapur Primary School Room-2
50,111,Khodabondapur Primary School Room-1
50,112,Khodabondapur Primary School Room-2
50,113,Pardeonapur Primary School Room-1
50,114,Pardeonapur Primary School Room-2
50,115,Sabuj Sangha Ghar
50,116,Pardeonapur High Madrasha Room-1
50,117,Pardeonapur High Madrasha Room-2
50,118,Deonapur Pragatishil Sangha
50,119,Diarkhabra Primary School
50,120,Natun Momrejpur Primary School
50,121,Muskinagar Primary School Room-1
50,122,Muskinagar Primary School Room-2
50,123,Shibtala Primary School Room-1
50,124,Shibtala Primary School
50,125,Maheshpur Gram Panchayat Office Room-1
50,126,Maheshpur Gram Panchayat Office Room-2
50,127,Maheshpur Primary School Room-1
50,128,Maheshpur Primary School Room-2
50,129,Balidapukur Primary School Room-1
50,130,Balidapukur Primary School Room-2
50,131,Momrejpur Deshpran Primary School
50,132,Mahadebnagar Weavers&#x27; Society
50,133,Gopalnagar Primary School Room-1
50,134,Gopalnagar Primary School Room-2
50,135,Ankura Basic School
50,136,Uttar Mahadebnagar Primary School
50,137,Mahadebnagar Primary School
50,138,Mahadebnagar Gram Panchayat Office
50,139,Dhuliyan High Madrasha Room-1
50,140,Dhuliyan High Madrasha Room-2
50,141,Dakshin Mahadebnagar Primary School Room-1
50,142,Dakshin Mahadebnagar Primary School Room-2
50,143,Lakkhinagar Primary School Room-1
50,144,Lakkhinagar Primary School Room-2
50,145,Kanchantala J D J Institution
50,146,Manmatha Sarkar Memorial G S P School
50,147,Bibhutibhusan Primary School
50,148,Nababuddin Primary School Room-1
50,149,Nababuddin Primary School Room-2 (Temporary)
50,150,Dhuliyan Municipality Office
50,151,Gandhi Ashram Primary School
50,152,Dhuliyan Girls&#x27; School Room-1
50,153,Dhuliyan Girls&#x27; School Room-3
50,154,Dhuliyan Girls&#x27; School Room-2
50,155,K K M K Smriti Vidyapith
50,156,Dhuliyan Bazar Boys&#x27; Primary School Room-1
50,157,Dhuliyan Bazar Boys&#x27; Primary School Room-2
50,158,Samsherganj Amanat Memorial Primary School Room-1
50,159,Samsherganj Amanat Memorial Primary School Room-2
50,160,Gopal Smriti Vidya Niketan Room-1
50,161,Gopal Smriti Vidya Niketan Room-2
50,162,Acharya Sibananda Primary School Room-1
50,163,Acharya Sibananda Primary School Room-2
50,164,Banichand Agarwal Junior Girls&#x27; School Room-1
50,165,Kamalakanta Girls&#x27; Primary School
50,166,Banichand Agarwal Junior Girls&#x27; School Room-2
50,167,Kanchantala Primary School
50,168,Samsherganj Primary School
50,169,Lakkha Co-Operative Society
50,170,Krishnapur Junior Basic School
50,171,Ganeshpur Primary School Room-1
50,172,Ganeshpur Primary School Room-2
50,173,Uttar Krishnagar Primary School
50,174,Krishnagar Compulsory Primary School Room-1
50,175,Krishnagar Compulsory Primary School Room-2
50,176,Natun Malancha Primary School Room-1
50,177,Natun Malancha Primary School Room-2
50,178,Tarapur Colony Primary School
50,179,Malancha Primary School
50,180,Bohoragachi Junior High School
50,181,Bohoragachi Primary School
50,182,Fulandar Primary School
50,183,Gajinagar Boys&#x27; Primary School Room-1
50,184,Gajinagar Boys&#x27; Primary School Room-2
50,185,Dakshin Gajinagar Primary School Room-1
50,186,Dakshin Gajinagar Primary School Room-2
51,1,Ratanpur Primary School Room no. 1
51,2,Ratanpur Primary School Room no. 2
51,3,Sagarmal Primary School
51,4,Samserganj thana agriculture marketing Room No. 1
51,5,Samserganj thana agriculture marketing Room No. 2
51,6,Kanchantala Gram Panchayet Office
51,7,Kanchantala Kamat Primary School Room no. 1
51,8,Kanchantala Kamat Primary School Room no. 2
51,9,Tarbagan Primary School
51,10,Shriteschandrapur Primary School Room no.1
51,11,Shriteschandrapur Primary School Room no.2
51,12,Dakhin Hijoltala Primary School Room No. 1
51,13,Dakhin Hijoltala Primary School Room No. 2
51,14,"Dighri Primary School,  Room-1"
51,15,"Dighri Primary School,  Room-2"
51,16,Dighri jr. High School Room 1
51,17,Dighri jr. High School Room 2
51,18,Sulitala Primary school Room No. 1
51,19,Sulitala Primary school Room No. 2
51,20,Sulitala Tinmathar mor  (Temporary Structure)
51,21,Rayganj Primary school Room No. 1
51,22,Rayganj Primary school Room No. 2
51,23,Ghanasampur Primary School Room No. 1
51,24,Ghanasampur Primary School Room No. 2
51,25,"Iswarchandrapur Primary School,  Room-1"
51,26,"Iswarchandrapur Primary School,  Room-&#x9E8;"
51,27,Debidaspur Primary school Room 1
51,28,Debidaspur Primary school Room 2
51,29,"Jafrabad Primary School,  Room-1"
51,30,"Jafrabad Primary School,  Room-2"
51,31,"Babupur Primary School,  Room-1"
51,32,"Babupur Primary School,  Room-2"
51,33,Tinpakuria Primary School
51,34,Tinpakuria Gram Panchayat Office
51,35,"House Nagar Primary School,  Room-1"
51,36,"House Nagar Primary School,  Room-2"
51,37,House Nagar High Madrasha Room 1
51,38,House Nagar High Madrasha Room 2
51,39,"Dakshin Chaksapur Primary School,  Room-1"
51,40,"Dakshin Chaksapur Primary School,  Room-2"
51,41,"Chandnidaha Primary School,  Room-1"
51,42,"Chandnidaha Primary School,  Room-2"
51,43,Protapganj Gram Panchayet Office
51,44,"Joykrishnapur .Primary School,"
51,45,"Joykrishnapur 2no. .Primary School,"
51,46,"Kohetpur Primary School,  Room-1"
51,47,"Kohetpur Primary School,  Room-2"
51,48,"Uttar Mahammadpur Primary School,  Room-1"
51,49,"Uttar Mahammadpur Primary School,  Room-2 (Temporary Room)"
51,50,"Sahebnagar 2 No. Primary School,  Room-1"
51,51,"Sahebnagar 2 No. Primary School,  Room-2"
51,52,Sikdarpur Primary School
51,53,Parlalpur Primary school Room 1
51,54,Parlalpur Primary school Room 2
51,55,Sovapur Primary School Room 1
51,56,Sovapur Primary School Room 2
51,57,Paranantopur ( Temporary Room) dag no.4531
51,58,Uttar anttardipa Primary School
51,59,Dakshin Anttardipa Primary School Room 1
51,60,Dakshin Anttardipa Primary School Room 2 (Temporary room)
51,61,Sahebnagar 1 no. primary School
51,62,Bhasaipaikar High School
51,63,Sekhpura Primary School
51,64,Bhasaipaikar Primary School
51,65,Sahebnagar 3 No. Primary School
51,66,Mahabbatpur Primary School Room No. 1
51,67,Mahabbatpur Primary School Room No. 1
51,68,Elizabad Primary School
51,69,"Islampur Primary School,  Room-1&#xD;&#xA;"
51,70,"Islampur Primary School,  Room-&#x9E8;&#xD;&#xA;"
51,71,Adwaitnagar Primary School (Room No. 1)
51,72,Adwaitnagar Primary School (Room No. 2)
51,73,Sankorghat Primary School
51,74,Sankorghat 2 No. Primary School
51,75,Napara Primary School
51,76,Dogachhi Primary School (Room No. 1)
51,77,Dogachhi Primary School (Room No. 2)
51,78,D.B.S. High Madrasa (Room No. 1)
51,79,D.B.S. High Madrasa (Room No. 2)
51,80,Puthimari Primary School
51,81,Hanshupur Primary School
51,82,Laskarpur Primary School
51,83,Mohisastoli Primary School (Room No. 1)
51,84,Mohisastoli Primary School (Room No. 2)
51,85,Laskarpur Dakshin Primary School
51,86,Bhabanibati Primary School (Room No. 1)
51,87,Bhabanibati Primary School (Room No. 2)
51,88,Bolbolpara Jadavnagar Primary School (Room No. 1)
51,89,Bolbolpara Jadavnagar Primary School (Room No. 2)
51,90,Natun Lohorpur Primary School
51,91,Alamsahi Primary School
51,92,Naoda Basudevpur Primary School
51,93,Namo Chachanda Primary School (Room 1)
51,94,Namo Chachanda Primary School (Room 2)
51,95,Jaladipur Junior Basic School
51,96,Upper Chachanda Primary School
51,97,C.B.J. High School (Room 1)
51,98,C.B.J. High School (Room 2)
51,99,Chachanda Primary Madrasa (Room 1)
51,100,Chachanda Primary Madrasa (Room 2)
51,101,Dhusripara Colony GSFP School (Room 1)
51,102,Dhusripara Colony GNFP School (Room 2)
51,103,Hiranandapur Primary School (Room 1)
51,104,Hiranandapur Primary School (Room 2)
51,105,Kamalpur Primary School
51,106,Alilaskarpur Primary School (Room 1)
51,107,Alilaskarpur Primary School (Room 2)
51,108,Natun Jaladipur Primary School
51,109,Alilaskarpur Girls&#x27; High School (Room 1)
51,110,Alilaskarpur Junior High School (Room 2)
51,111,Hashimpur Primary School (Room 1)
51,112,Hashimpur Primary School (Room 2)
51,113,Durgapur Primary School (Room 1)
51,114,Durgapur Primary School (Room 2)
51,115,Nimtala G.D. Institution Room 1
51,116,Nimtita G.D. Institution Room 2
51,117,Nimtita Girls&#x27; Primary School
51,118,Sherpur Primary School
51,119,Nimtita Boys&#x27; Primary School Room 1
51,120,Nimtita Boys&#x27; Primary School Room 2
51,121,Chaksapur Primary School (Room 1)
51,122,Notun Chaksapur Primary School
51,123,Khejurtala Primary School Room 1
51,124,Khejurtala Primary School Room 2
51,125,Raghunandanpur Primary School
51,126,Saheb Nagar High School (Room 1)
51,127,Bogdadnagar Gram Panchayat Office
51,128,Saheb Nagar High School (Room 2)
51,129,Boaldadnagar Primary School (Room 1)
51,130,Boaldadnagar Primary School (Room 2)
51,131,Protapganj Primary School
51,132,Ullapara Primary School Room 1
51,133,Ullapara Primary School Room 2
51,134,Bauripuni Primary School Room 1
51,135,Bauripuni Primary School Room 2
51,136,Umrapur Primary School (Room 1)
51,137,Umrapur Primary School (Room 2)
51,138,Umrapur Rural Welfare Library
51,139,Sahajadpur Primary School (Room 1)
51,140,Sahajadpur Primary School (Room 2)
51,141,Umrapur Sahajadpur Primary School (Room 1)
51,142,Umrapur Sahajadpur Primary School (Room 2)
51,143,Bohagolpur Uttarpara Primary School (Room 1)
51,144,Bohagolpur Uttarpara Primary School (Room 2)
51,145,Bohagolpur Dakshinpara Primary School (Room 1)
51,146,Bohagolpur Dakshinpara Primary School (Room 2)
51,147,Amuha Kadamtala High School (Room 1)
51,148,Amuha Kadamtala High School (Room 2)
51,149,Kadamtala Primary School
51,150,Baliaghati Primary School (Room 1)
51,151,Baliaghati Primary School (Room 2)
51,152,Baliaghati Dakshinpara Primary School
51,153,Nijampur Primary School
51,154,Sankarpur Primary School (Room 1)
51,155,Sankarpur Primary School (Room 2)
51,156,Sankapur Madrasah
51,157,Kashimnagar Junior High School (Room 1)
51,158,Kashimnagar Junior High School (Room 2)
51,159,Gazipur Primary School (Room 1)
51,160,Gazipur Primary School (Room 2)
51,161,Madhupur Primary School
51,162,Dihigram Dafahat Primary School (Room 1)
51,163,Dihigram Dafahat Primary School (Room 2)
51,164,Dihigram Primary School (Room 1)
51,165,Dihigram Primary School (Room 2)
51,166,Indranagar Primary School (Room 1)
51,167,Indranagar Primary School (Room 2)
51,168,Lakkhinayaranpur Primary School (Room 1)
51,169,Lakkhinayaranpur Primary School (Room 2)
51,170,Mahendrapur Junior Basic School (Room 1)
51,171,Mahendrapur Junior Basic School (Room 2)
51,172,Aurangabad High Madrasa
51,173,Chandra Primary School
51,174,Haripur Primary School (Room 1)
51,175,Haripur Primary School (Room 2)
51,176,Jagtai Poshchimpara Primary School (Room 1)
51,177,Jagtai Poshchimpara Primary School (Room 2)
51,178,Jagtai Primary School (Room 1)
51,179,Jagtai Primary School (Room 2)
51,180,Jagtai-I Gram Panchayat Office
51,181,Jagtai Uttarpara Primary School
51,182,Aurangabad G.P Office
51,183,Rainyapur Pry.School (1 no. Room)
51,184,Rainyapur Pry.School (1 no. Room)
51,185,Tantipara Pry.School (1 no. Room)
51,186,Tatipara Pry.School (2 no. Room)
51,187,Aurangabad-II Gram Panchayet Office
51,188,Aurangabad-I No R.I. Office
51,189,Ichilipara Adarsha School
51,190,Pradip Pathshala
51,191,Karbala Kazinjorul Islam Primary School
51,192,Khanabari Primary School 1 no. Room
51,193,Khanabari Primary School 2 no. Room
51,194,Deshbandhu Primary School 1 no. Room
51,195,Deshbandhu Primary School 2 no. Room
51,196,Aurangabad High Balika Vidyalaya
51,197,Imambazar Primary School
51,198,Daharpar Primary School 1 No Room
51,199,Daharpar Primary School 2 No Room
51,200,Daharpar Tarun Samiti
51,201,Sekhapara Primary School
52,1,Faridpur Primary Viddalay
52,2,Chapahans Primary School
52,3,English Sahapara Primary School - Room No. 1
52,4,English Sahapara Primary School - Room No. 2
52,5,Moheshail Primary School
52,6,Moheshail 1 No. Gram Panchayat Office - Room No. 1
52,7,Moheshail 1 No. Gram Panchayat Office - Room No. 2
52,8,Muraripukur Junior High School
52,9,Bhavki Primary School
52,10,Srirampur Primary School
52,11,Azadnagar Primary School - Room No. 1
52,12,Azadnagar Primary School - Room No. 2
52,13,Sarbeshwarpur Koyadanga Siddhimuni Junior Basic School
52,14,Sarbeshwarpur Primary School - Room No. 1
52,15,Sarbeshwarpur Primary School - Room No. 2
52,16,Bajitpur Primary School - Room No. 1
52,17,Bajitpur Primary School - Room No. 2
52,18,Raghunathpur Primary School - Room No. 1
52,19,Raghunathpur Primary School - Room No. 2
52,20,Gopalganj Primary School - Room No. 1
52,21,Gopalganj Primary School - Room No. 2
52,22,Bajitpur Gram Panchayat Office
52,23,Chandrapara Primary School
52,24,Merupur Primary School
52,25,Sultanpur Primary School
52,26,Malopara Primary School - Room No. 1
52,27,Malopara Primary School - Room No. 2
52,28,Chabaghaty K. D. Viddalay - Room No. 1
52,29,Chabaghaty K. D. Viddalay - Room No. 2
52,30,Parulia Primary School - Room No. 1
52,31,Parulia Primary School - Room No. 2
52,32,Bamuha Primary School - Room No. 1
52,33,Bamuha Primary School - Room No. 2
52,34,Lokaipur Primary School
52,35,Sarala Kishorpur Primary School
52,36,Basantapur Primary School
52,37,Khapur Primary School - Room No. 1
52,38,Khapur Primary School - Room No. 2
52,39,Debnagar Colony Primary School
52,40,Kumarpur Primary School - Room No. 1
52,41,Kumarpur Primary School - Room No. 2
52,42,Dharampur Primary School
52,43,Dharampur Islampur Primary School - Room No. 1
52,44,Dharampur Islampur Primary School - Room No. 2
52,45,Lakshmipur Gram Panchayat Office
52,46,Lakshmipur Primary School
52,47,Shyampur Primary School - Room No. 1
52,48,Shyampur Primary School - Room No. 2
52,49,Chhoto Kanramari Primary School (Room No. 1)
52,50,"Hasanpur Primary School, Room No. 1"
52,51,Hasanpur Primary School - Room No. 1
52,52,Hasanpur Primary School (Room No. 2)
52,53,Amarpur Primary School
52,54,Shovargat Primary School
52,55,Paraipur Primary School
52,56,Nadai Primary School
52,57,Sidhori Primary School - Room No. 1
52,58,Sidhori Primary School - Room No. 2
52,59,Kadua Primary School - Room No. 1
52,60,Kadua Primary School - Room No. 2
52,61,Kadua Primary School (Tempurary Structure)
52,62,Bottola Primary School
52,63,Baishnabdanga Primary School - Room No. 1
52,64,Baishnabdanga Primary School (Room No. 2)
52,65,Bahutali High School - Room No. 1
52,66,Bahutali Primary School
52,67,Bahutali High School - Room No. 2
52,68,Gopalanagar Primary School
52,69,Lalupur Primary School
52,70,Kusumgachhi Primary School - Room No. 1
52,71,Kusumgachhi Primary School - Room No. 2
52,72,Nayagram High School - Room No. 1
52,73,Nayagram High School - Room No. 2
52,74,Harua Junior High School - Room No. 1
52,75,Harua Primary School - Room No. 1
52,76,Harua Primary School - Room No. 2
52,77,Harua Junior High School - Room No. 2
52,78,Dangapara Primary School
52,79,Panchgachhi Primary School
52,80,Dahina Primary School
52,81,Hilora Primary School - Room No. 1
52,82,Hilora Primary School - Room No. 2
52,83,Banshbati High School - Room No. 1
52,84,Banshbati High School - Room No. 2
52,85,Banshbati Junior Basic School
52,86,Nazirpur Primary School
52,87,Dain Primary School - Room No. 1
52,88,Dain Primary School - Room No. 2
52,89,Aluani Primary School
52,90,Ajgarpara Primary School
52,91,Gosainpur Primary School
52,92,Rasunpur Primary School (Ramdoba)
52,93,Ahiron Hemangini Bidyayatan - Room No. 2
52,94,Ahiron Hemangini Bidyayatan - Room No. 1
52,95,Ahiron Padhuyapara Primary School
52,96,Ahiron Chainpara Primary School
52,97,Ahiron Musalmanpara Primary School - Room No. 1
52,98,Ahiron Musalmanpara Primary School - Room No. 2
52,99,Ahiron Tiorpara Primary School
52,100,Jehelinagar Primary School
52,101,Alampur Primary School
52,102,Bangabari High School - Room No. 1
52,103,Bangabari High School - Room No. 2
52,104,Bangabari High School - Room No. 2
52,105,Ghorapakhia 2 No. Primary School (Gangin)
52,106,Gotha A. R. Junior High School - Room No. 1
52,107,Gotha A. R. Junior High School - Room No. 2
52,108,Gotha Primary School
52,109,Chandamari Primary School
52,110,Pachgachhia Primary School
52,111,Madna Primary School (Room 1)
52,112,Madna Primary School (Room 2)
52,113,Sadikpur Junior High School
52,114,Sadikpur Primary School
52,115,Uttar Sujonipara Primary School
52,116,Ghora Pakhia Primary School (Room 1)
52,117,Dakshin Sujonipara Primary School
52,118,Fatullapur Goshtobala  Primary School
52,119,Fatullapur Bidhan Smriti  Primary School (Room 2)
52,120,Fatullapur Bidhan Smriti  Primary School (Room 1)
52,121,Nurpur Diyar  Primary School
52,122,Nurpur Diyar Dakshinpara Primary School
52,123,Ramakantapur Ashram
52,124,Chak Saidpur Government Primary School
52,125,Ramakantapur Primary School (Room 1)
52,126,Ramakantapur Primary School (Room 2)
52,127,Fatepur Primary School (Room 2)
52,128,Ramakantapur Kharibona Primary School
52,129,Fatepur Primary School (Room 1)
52,130,Nayabahadurpur Primary School (Room 1)
52,131,Bahadurpur Primary School (Room 2)
52,132,Nayabahadurpur Primary School (Room 2)
52,133,Bahadurpur Primary School (Room No. 1)
52,134,Bagdanga Bahadurpur Primary School Room No. 1
52,135,Bagdanga Bahadurpur Primary School Room No. 1
52,136,Kanupur Nabajagaran Primary School Room No. 1
52,137,Kanupur Nabajagaran Primary School Room No. 2
52,138,Mirergram Primary School
52,139,Kanupur Junior High School
52,140,Kanupur Primary School
52,141,Khidirpur Primary School
52,142,Nayagram Deuli Primary School
52,143,Gadaipur Primary School
52,144,Sonatikuri Primary School
52,145,Sonatikuri Colony Primary School
52,146,Ghorshala Primary School Room No. 1
52,147,Ghorshala Primary School Room No. 2
52,148,Bagha Primary School
52,149,Tokkhokh Primary School
52,150,Mongoljon Noshipur Primary School Room No. 1
52,151,"Mongoljon Noshipur Primary School, Room 2"
52,152,Srikantabati High School
52,153,Bahadi Nagar Primary School
52,154,Nishta Primary School
52,155,Simla Primary School
52,156,Ramjanpur Primary School
52,157,Chuadanga Primary School
52,158,Talai Primary School
52,159,Khuripara Primary School
52,160,"Banipur Primary School, Room 1"
52,161,"Banipur Primary School, Room 2"
52,162,"Miyapur Primary School, Room 1"
52,163,"Miyapur Primary School, Room 2"
52,164,"Saidpur U.N. Junior High School, Room 1"
52,165,"Saidpur U.N. Junior High School, Room 1 (Repeated)"
52,166,"Saidpur U.N. Junior High School, Room 2"
52,167,"Umarpur Shishu Shiksha Niketan, Room 1"
52,168,"Umarpur Shishu Shiksha Niketan, Room 2"
52,169,Sankhalipara Primary School
52,170,"Jorur No. 2 Primary School, Room 1"
52,171,"Jorur No. 2 Primary School, Room 2"
52,172,"Jorur Junior Basic School, Room 1"
52,173,"Jorur Junior Basic School, Room 2"
52,174,Boidara Uttarpara Primary School
52,175,Nait Boidra Primary School
52,176,Amiyabala Girls School
52,177,"Barala R.D. Sen High School, Room No. 1"
52,178,"Barala R.D. Sen High School, Room No. 2"
52,179,Barala No. 1 Primary School
52,180,Mondalpur Primary School
52,181,Mondalpur Vivekananda Exercise Temple &amp; Library
52,182,Senda Junior Basic School
52,183,Jamuar Junior High School
52,184,Siddikali Primary School
52,185,Ghoshpukur Primary School
52,186,Romna Primary School
52,187,Prasadpur S.C.R Junior Basic School
52,188,Kulori Primary School
52,189,Baindha Primary School
53,1,Mirzapur Primary School Room No. 1
53,2,Mirzapur Primary School Room No. 2
53,3,Mirzapur J.N. Junior Girls School
53,4,Bijoypur Primary School
53,5,Beidapur Primary School
53,6,Nowda Primary School Room No. 1
53,7,Khojarpara Primary School
53,8,Nowda Primary School Room No. 2
53,9,Gankar Junior Basic School Room No. 1
53,10,Gankar Junior Basic School Room No. 2
53,11,Dhalo Junior Basic School Room No. 1
53,12,Dhalo Junior Basic School Room No. 2
53,13,Santoshpur Primary School
53,14,Pashai Primary School
53,15,Mirzapur D P School Room No. 1
53,16,Mirzapur D P School Room No. 2
53,17,Seikhdighi High School Room No. 1
53,18,Seikhdighi High School Room No. 2
53,19,Baburigram Primary School
53,20,Biprakali Primary School
53,21,Anuppur Primary School Room No. 1
53,22,Anuppur Primary School Room No. 2
53,23,Fulsahari Junior Basic School Room No. 1
53,24,Fulsahari Junior Basic School Room No. 2
53,25,Bannyeswar B C High School
53,26,Beluriya Junior Basic School
53,27,Tantibirol Primary School Room No. 1
53,28,Tantibirol Primary School Room No. 2
53,29,Khairati Primary School
53,30,Jindighi Junior Basic School
53,31,Jaglai Primary School
53,32,Ser Primary School
53,33,Athua Primary School
53,34,Belaipara Primary School Room No. 1
53,35,Belaipara Primary School Room No. 2
53,36,Gangadda Primary School Room No. 1
53,37,Gangadda Primary School Room No. 2
53,38,Gangadda Primary School Room No. 3
53,39,Pauli Junior High School
53,40,Shitalpara Primary School (Temporary Structure)
53,41,Gokulta Primary School (Temporary Structure)
53,42,Ekrakhi Primary School Room No. 1
53,43,Ekrakhi Primary School Room No. 2
53,44,Kaiyor Primary School
53,45,Bhola Primary School
53,46,Sawrail Primary School
53,47,Bhurkunda Primary School Room No. 1
53,48,Bhurkunda Primary School Room No. 2
53,49,Moregram High School Room No. 1
53,50,Moregram High School Room No. 2
53,51,Moregram High School Room No. 3
53,52,Bahalnagar Primary School Room No. 1
53,53,Bahalnagar Primary School Room No. 2
53,54,Belkhariya Primary School
53,55,Fulbari Primary School
53,56,Maliadanga Primary School
53,57,Bokhara Hazi Jubed Ali Vidyapith Room No. 1
53,58,Bokhara Hazi Jubed Ali Vidyapith Room No. 2
53,59,Bokhara Hazi Jubed Ali Vidyapith Room No. 3
53,60,Jalbandha Junior Basic School
53,61,Dhalsa Junior High School
53,62,Dangrail Primary School
53,63,Brahmanigram Junior Basic School Room No. 1
53,64,Brahmanigram Junior Basic School (Room No. 2) S.W.S.B.
53,65,Megha Sihara High School
53,66,Megha Primary School
53,67,Ratanpur Primary School
53,68,Telangal Primary School (Temporary Structure)
53,69,Jogpur Junior High School
53,70,Dohail Primary School
53,71,Dangapara Primary School
53,72,Rasbeluria Primary School
53,73,Debagram J.C.M Junior Basic School
53,74,Belsanda Primary School
53,75,Jugore Primary School Room No. 1
53,76,Jugore Primary School Room No. 2
53,77,Kundar Primary School
53,78,Harhari Primary School
53,79,Harhari High School
53,80,Bargarah Dakshinpara Primary School
53,81,Chhamugram Junior High School
53,82,Fulban Bayar Primary School Room No. 1
53,83,Fulban Bayar Primary School Room No. 2
53,84,Haldi Junior Basic School
53,85,Sagardighi S.N. High School Room No. 1
53,86,Sagardighi S.N. High School Room No. 2
53,87,Purba Popara Primary School
53,88,Popara Primary School Room No. 1
53,89,Popara Primary School Room No. 2
53,90,Sagardighi S.N. High School Room No. 3
53,91,Sagardighi Girls High School Room No. 1
53,92,Sagardighi Girls High School Room No. 2
53,93,Kherur Primary School
53,94,Bhumihar Primary School
53,95,Chandpara Primary School
53,96,Harirampur Primary School
53,97,Kantanagar Primary School
53,98,Tiktikipara Primary School
53,99,Kismatgadi Primary School Room No. 1
53,100,Kismatgadi Primary School Room No. 2
53,101,Ujjwalnagar Primary School
53,102,Dogachi Primary School
53,103,Sahebnagar Primary School
53,104,Dihipara Primary School
53,105,Manigram G P Office
53,106,Manigram Junior High School
53,107,Balarambati Primary School
53,108,Karaiya Junior High School Room No. 1
53,109,Karaiya Junior High School Room No. 2
53,110,Kharikapukur Primary School Room No. 1
53,111,Kharikapukur Primary School Room No. 2
53,112,Bangshia Primary School
53,113,Bishnupur Primary School
53,114,Balia High School Room No. 1
53,115,Balia High School Room No. 2
53,116,Balia High School Room No. 3
53,117,Nowpara Primary School
53,118,Pilki Primary School
53,119,Chamunda Primary School
53,120,Bindubasini Primary School (Ramnagar)
53,121,Uladanga Primary School Room No. 1
53,122,Uladanga Primary School Room No. 2
53,123,Pakalpara Primary School Room No. 1
53,124,Pakalpara Primary School Room No. 2
53,125,Kashiyadanga Primary School
53,126,Char Kabilpur Primary School
53,127,Char Kabilpur Senior Madrasah Room No. 1
53,128,Char Kabilpur Senior Madrasah Room No. 2
53,129,Kabilpur Gram Panchayat Office
53,130,Kabilpur Junior High School
53,131,Kabilpur Primary School
53,132,Mathurapur Sekhpara Primary School Room No. 1
53,133,Mathurapur Sekhpara Primary School Room No. 2
53,134,Mathurapur Primary Vidyalaya Room No. 1
53,135,Mathurapur Primary School Room No. 2
53,136,Ranjitpur Primary School
53,137,Bhupendranagar Primary School
53,138,Kanchiya Primary School (Temporary Structure)
53,139,Dihibaraj Primary School
53,140,Gouripur Hemajuddin High School
53,141,Balagachi Primary School Room No. 1
53,142,Balagachi Primary School Room No. 2
53,143,Hukarhat Primary School
53,144,Amlabari Primary School
53,145,Patkeldanga Junior Basic School Room No. 1
53,146,Patkeldanga Junior Basic School Room No. 2
53,147,Chandigram Junior Basic School
53,148,Bahilapara Primary School
53,149,Balanagar Primary School Room No. 1
53,150,Balanagar Primary School Room No. 2
53,151,Islampur Primary School
53,152,Maheshpur Primary School
53,153,Chandanbati Primary School
53,154,Jagdal Primary Vidyalaya
53,155,Paruliya Primary Vidyalaya
53,156,Samsabad Junior High School
53,157,Aheripara Primary Vidyalaya
53,158,Kumorthi Primary Vidyalaya
53,159,Sahapur Santal High School
53,160,Alankar Primary Vidyalaya
53,161,Chargachi Primary Vidyalaya (Temporary Structure)
53,162,Diara Hazi Nesarttullah Mallick High School
53,163,Komadda Primary Vidyalaya
53,164,Binodbati Primary School
53,165,Krishnapur Primary Vidyalaya
53,166,Garer Pahar Primary School
53,167,Hosenpur Primary School
53,168,Ghugridnaga Junior Basic School
53,169,Khatua Primary School
53,170,Harindanga Adibasi Primary School
53,171,Gossaingram Primary School
53,172,Gobardhandanga Primary School Room No. 1
53,173,Gobardhandanga Primary School Room No. 2
53,174,Gobardhandanga Dasturhat High School Room No. 1
53,175,Gobardhandanga Dasturhat High School Room No. 2
53,176,Biswanathpur Primary School
53,177,Dasturhat Primary School Room No. 1
53,178,Dasturhat Primary School Room No. 2
53,179,Dasturhat Hossain Ali Primary School Room No. 1
53,180,Dasturhat Hossain Ali Primary School Room No. 2 (Temporary Structure)
53,181,Dasturhat Islamia Madrasah Room No. 1
53,182,Dasturhat Islamia Madrasah Room No. 2
54,1,"1, Labanchoya Primary School"
54,2,"2, Chandpur Primary School Room-1"
54,3,"3, Chandpur Primary School Room-2"
54,4,"4, Momintola Senior Madrasha  Room-1"
54,5,"5, Momintola Senior Madrasha  Room-2"
54,6,"6, Sonarpara Primary School"
54,7,"7, Patlatola Primary School"
54,8,"8,Bhairabtola Primary School"
54,9,"9,  Bhairabtola Subsidiary Health Centre"
54,10,"10, Bhairabtola Paschimpara Sohorunnesha Primary School"
54,11,"11, Sekendra Somobay Samity"
54,12,"12, Sekendra Gram Panchayet Bhaban"
54,13,"13, Lalkhan Diar Primary School Room-1"
54,14,"14, Lalkhan Diar Primary School Room-2"
54,15,"15, Dostamara Primary School Room-1"
54,16,"16, Dostamara Primary School Room-2"
54,17,"17, Giria Kismot Primary School Room-1"
54,18,"18, Giria Kismot Primary School Room-2"
54,19,"19, Shreedharpur Primary School Room-1"
54,20,"20,  Shreedharpur Primary School Room-2"
54,21,"21, Imamnagar Primary school Room-1"
54,22,"22,  Imamnagar Primary school Room-2"
54,23,"23, Khejurtola Primary School"
54,24,"24, Sekendra High School Room-1"
54,25,"25,  Sekendra High School Room-2"
54,26,"26,  Sekendra Primary School"
54,27,"27, Rameshwarpur Primary School"
54,28,"28, Nabakantapur Primary School Room-1"
54,29,"29, Nabakantapur Primary School Room-2"
54,30,"30, Nayamukundapur Primary School Room-1"
54,31,"31, Nayamukundapur Primary School Room-2"
54,32,"32, Mukundapur Primary School"
54,33,"33, Pananagar Primary School"
54,34,"34, Giria High School"
54,35,"35, Pukurkona Primary School"
54,36,"36, Mithipur Junior Basic school"
54,37,"37, Mithipur Sadharan Pathagar"
54,38,"38, Mithipur Gram Panchayet Bhaban"
54,39,"39, Giria Primary School"
54,40,"40, Mithipur Agril Godown"
54,41,"41, Raichak Primary School"
54,42,"42, Pirojpur Tempo:Kathamo Dag-2681, Khatian no-1993"
54,43,"43, Pirojpur Primary School"
54,44,"44, Jot Biswanathpur (Osthayee Kathamo)"
54,45,"45, Borshimul High School"
54,46,"46, Rajput Bahura Primary School"
54,47,"47, Nayachak Khodaram pur Primary School Room-1"
54,48,"48, Nayachak Khodaram pur Primary School Room-2"
54,49,"49, Brahmantuli Community Bhaban"
54,50,"50, Saidpur Primary School"
54,51,"51, Jalalpur Primary Vidyalay Room-1"
54,52,"52,  Jalalpur Primary School Room-2"
54,53,"53, Gosai Bahura Junior Basic Room-1"
54,54,"54, Gosai Bahura Junior Basic Room-2"
54,55,"55, Jotkamal High School Room-1"
54,56,"56, Jotkamal High School Room-2"
54,57,"57, Jotkamal Primary School Room-1"
54,58,"58,Jotkamal Primary School Room-2"
54,59,"59, nawab jaigir Primary School"
54,60,"60, Flood Shelter Room-1"
54,61,"61, Flood Shelter  Room-2"
54,62,"62, Piyarapur Somobay Samity"
54,63,"63, Piyarapur Primary School Room-1"
54,64,64Piyarapur Primary School Room-2
54,65,"65, Kalitola Primary School Room-1"
54,66,"66, Kalitola Primary School Room-2"
54,67,"67, Kalitola High School Room-1"
54,68,"68, Kalitola High School Room-2"
54,69,"69,Sahajadpur 2no  Primary School Room-1"
54,70,"70, Sahajadpur 2no  Primary School Room-2"
54,71,"71, Sommotinagar gram Panchayet Bhaban"
54,72,"72, Sommatinagar Primary school Room-1"
54,73,"73, Sommatinagar Primary school Room-2"
54,74,"74, Ranajitpur  Rajjakiya Madrasha Room-1"
54,75,"75, Ranajitpur  Rajjakiya Madrasha Room-2"
54,76,"76, Fadilpur Primary School Room-1"
54,77,"77, Fadilpur Primary School Room-2"
54,78,"78, Teghari 1 no Gram Panchayet Bhaban"
54,79,"79, Teghari Primary School"
54,80,"80, Khamra Bhabki Junior high School Room-1"
54,81,"81,  Khamra Bhabki Junior high School Room-2"
54,82,"82, Chorpirojpur 2 no Primary School Room-1"
54,83,"83, Chorpirojpur 2 no Primary School Room-2"
54,84,"84, Rampur Primary School"
54,85,"85, Mitali Sangha Rural Library"
54,86,"86, Block Seed Firm Room-1"
54,87,"87, Block Seed Firm Room-2"
54,88,"88, Charnarukhaki Shibpur Primary School"
54,89,"89, Khamra Primary School Room-1"
54,90,"90,  Khamra Primary School Room-2"
54,91,"91, Narukhaki Primary School Room-1"
54,92,"92,  Narukhaki Primary School Room-2"
54,93,"93, Gobindapur Purbo Primary School Room-1"
54,94,"94, Gobindapur Purbo Primary School Room-2"
54,95,"95, Dargapara Primary School"
54,96,"96, Gobindapur Primary School"
54,97,"97, Gobindapur High School Room-1"
54,98,"98, Gobindapur High School Room-2"
54,99,"99, Bhabanipur Kuthi Primary School Room-1"
54,100,"100, Bhabanipur Kuthi Primary School Room-2"
54,101,"101, Kolabag Natunpara Primary School Room-1"
54,102,"102,  Kolabag Natunpara Primary School Room-2"
54,103,"103, Hatpara Primary School Room-1"
54,104,"104, Hatpara Primary School Room-2"
54,105,"105, Bahara Primary school Room-1"
54,106,"106, Bahara Primary school Room-2"
54,107,"107, Durgapur Primary School Room-1"
54,108,"108, Durgapur Primary School Room-2"
54,109,"109, Ichhakhali Primary School"
54,110,"110, Paschimpara Bambooshade (Shirpara)"
54,111,"111, Babupur Junior Basic School"
54,112,"112, Bhatupara Primary Room-1"
54,113,"113, Bhatupara Primary Room-2"
54,114,"114, Gangaprasad Primary School Room-1"
54,115,"115,  Gangaprasad Primary School Room-2"
54,116,"116, Kulgachhi Primary School"
54,117,"117, Ilaspur Primary School"
54,118,"118, Raghunathpur Primary School"
54,119,"119, Frejarnagar junior Basic School"
54,120,"120, Birendranagar Primary School"
54,121,"121, Joyrampur 1 no Primary School Room-1"
54,122,"122, Joyrampur 1 no Primary School Room-2"
54,123,"123, Joyrampur 2 no Primary School Room-1"
54,124,"124, Joyrampur 2 no Primary School Room-2"
54,125,"125, Jangipur High Madrasha Room-1"
54,126,"126, Raghunathpur Primary School"
54,127,"127,  Jangipur High Madrasha Room-2"
54,128,"128, Goforpur 2 no Primary School"
54,129,"129,  Jangipur High Madrasha Room-4"
54,130,"130,  Jangipur High Madrasha Room-5"
54,131,"131,  Jangipur High Madrasha Room-6"
54,132,"132, Babubazar Primary School"
54,133,"133, Chhotkaliai Junior Basic School Room-1"
54,134,"134,  Chhotkaliai Junior Basic School Room-2"
54,135,"135,  Chhotkaliai Primary School"
54,136,"136, Jangipur High School Room-1"
54,137,"137, Jangipur High School Room-2"
54,138,"138, JangipurCollege Room-1"
54,139,"139, JangipurCollege Room-2"
54,140,"140, Mahammadpur Primary School Room-1"
54,141,"141, Jangipur Town Club Primary School Room-1"
54,142,"142, Jangipur Town Club Primary School Room-2"
54,143,"143, Jangipur Girls High school"
54,144,"144, Victoria Primary School"
54,145,"145, Mahammadpur Primary School Room-2"
54,146,"146, Mallapara Primary School Room-1"
54,147,"147, Mallapara Primary School Room-2"
54,148,"148, Dhanpatnagar Primary School Room-1"
54,149,"149, Dhanpatnagar Primary School Room-2"
54,150,"150, Radhanagar Primary School Room-1"
54,151,"151, Kadikola Primary school"
54,152,"152, Sishu Tirtha Bharati Primary School Room-1"
54,153,"153, Sishu Tirtha Bharati Primary School Room-2"
54,154,"154, Balighata Junior Basic School Room-1"
54,155,"155, Balighata Junior Basic School Room-2"
54,156,"156, Bhagirathi Primary School Room-1"
54,157,"157, Bhagirathi Primary School Room-2"
54,158,"158, Makenzipark Primary School Room-1"
54,159,"159, Makenzipark Primary School Room-2"
54,160,"160, Raghunathganj Rabindra Bhaban"
54,161,"161, S.D.O.(P.W.D) Office"
54,162,"162, Raghunathganj Girls High School Room-1"
54,163,"163, Raghunathganj Girls High School Room-2"
54,164,"164, Raghunathganj High School Room-1(Puratan Bari)"
54,165,"165, Raghunathganj High School Room-2(Puratan Bari)"
54,166,"166, Raghunathganj High School Room-1(Natun Bari)"
54,167,"167, Raghunathganj High School Room-2(Natun Building)"
54,168,"168, Raghunathganj High School Room-3(Natun Bari)"
54,169,"169, Bazarpara Primary School"
54,170,"170, Shivaji Sangha"
54,171,"171, Ailer Upor Primary School Room-1"
54,172,"172, Ailer Upor Primary School Room-2"
54,173,"173, Ganga Anti Errosion Office"
54,174,"174, Ramakantapur Primary School Room-1"
54,175,"175,  Ramakantapur Primary School Room-2"
54,176,"176, Jagadanandabati Primary School"
54,177,"177, Ramakantapur Subsidiary health centre Jagadanandabat"
54,178,"178, Sujapur Junior Basic School Room-1"
54,179,"179, Sujapur Junior Basic School Room-2"
54,180,"180, Charka Primary School Room-1"
54,181,"181,Charka Primary School Room-2"
54,182,"182, Borshimul Primary School"
54,183,"183, Piyara pur Primary School"
54,184,"184, Dafarpur Primary School Room-1"
54,185,"185, Dafarpur Primary School Room-2"
54,186,"186, Rowjapara Primary School Room-1"
54,187,"187, Rowjapara Primary School Room-2"
54,188,"188, Dafarpur Purbo Primary School Room-1"
54,189,"189, Dafarpur Purbo Primary School Room-3"
54,190,"190, Dafarpur Purbo Primary School Room-2"
54,191,"191, Raninagar junior High School Room-1"
54,192,"192, Raninagar junior High School Room-2"
54,193,"193, Diar Raninagar Primary School"
54,194,"194, Dwipchor Primary School"
54,195,"195, Raninagar Paschimpara Primary School Room-1"
54,196,"196,  Raninagar Paschimpara Primary School Room-2"
54,197,"197,  Raninagar Primary School Room-1"
54,198,"198,  Raninagar Primary School Room-2"
54,199,"199, Rajanagar Primary School"
54,200,"200, Maldoba P.K high School Room-1"
54,201,"201, Maldoba P.K high School Room-2"
54,202,"202, Jethiya Primary School Room-1"
54,203,"203,  Jethiya Primary School Room-2"
54,204,"204, Baikunthapur Primary School Room-1"
54,205,"205, Baikunthapur Primary School Room-2"
54,206,"206, Nutanganj Junior Basic School"
